20230101T000000.100000,6,0,1916.87,-1903.32,108.5,0,0,0,5837.85,5796.08,-330.947,5920.08,328.608,11675.3,3.40389e+06
20230101T000000.100000,6,1,2350.98,-2144.39,252.406,0,0,0,7447.81,7983.84,-945.714,8918.52,862.612,16201.2,377436
20230101T000000.100000,6,2,2373.87,-3051.44,278.157,0,0,0,14968.7,11499.1,-1053.68,9133.18,1354.43,23914.7,387045
20230101T000000.100000,6,3,3169.57,-2653.31,-159.915,0,0,0,11325.7,13404.2,809.084,16117.1,-677.301,27338.1,450838
20230101T000000.100000,6,4,8093.49,-8295.93,-124.172,0,0,0,110159,107385,1607.5,104853,-1647.71,214923,3.63318e+08
20230101T000000.100000,6,5,4331.49,-6119.99,193.823,0,0,0,59968.3,42355.4,-1342.31,30101.6,1896.56,89945.9,787063
20230101T000000.100000,6,6,6214.33,-5015.42,-159.597,0,0,0,40310.6,49816.8,1585.86,61830,-1279.91,102036,1.29383e+06
20230101T000000.100000,6,7,3964.68,-3016.95,421.049,0,0,0,14783,18970.7,-2666.65,25277.3,2029.2,39713.6,202300
20230101T000000.100000,6,8,3948.78,-3155.06,-326.114,0,0,0,16069.9,19819.8,2057.19,25039.7,-1643.69,40875.9,123667
20230101T000000.100000,6,9,6441.5,-6561.13,-39.7122,0,0,0,68910.1,67588.4,409.097,66422.6,-416.694,135266,3.38082e+06
20230101T000000.100000,6,10,5410.44,-1684.37,-104.176,0,0,0,4613.51,14558,900.7,46843.8,-280.404,51376,111057
20230101T000000.100000,6,11,5642.74,-2560.56,1099.35,0,0,0,12145.3,22366.7,-9915.29,51285.5,4499.36,61437.1,627973
20230101T000000.100000,6,12,2699.99,100.526,-93.3597,0,0,0,93.9302,-431.375,401.105,11664,14.9339,11680.2,3.13619e+06
20230101T000000.100000,6,13,4286.44,897.655,-395.211,0,0,0,1589.48,-6093.52,2704.87,29410.8,566.447,30687.4,276658
20230101T000000.100000,6,14,1489.58,155.644,-43.1467,0,0,0,104.963,-364.034,101.001,3550.88,10.5534,3588.97,6.16033e+07
20230101T000000.100000,6,15,11555.1,831.373,-488.409,0,0,0,1549.15,-15338.6,9027.08,213634,649.486,214738,3.56626e+08
20230101T000000.100000,6,16,10303.6,1338.6,-468.666,0,0,0,3275.38,-22014.8,7723.45,169869,1003.4,172729,7.65316e+06
20230101T000000.100000,6,17,4619.31,594.527,-960.944,0,0,0,2079.31,-4199.25,7089.67,34165.9,912.474,34708.9,251938
20230101T000000.100000,6,18,6162.66,825.971,207.979,0,0,0,1222.35,-8126.76,-2048.6,60767.9,-274.571,61857.1,189902
20230101T000000.100000,6,19,5464.55,1189.88,-330.932,0,0,0,2493.48,-10353.8,2889.74,47788.9,629.227,50043.6,285447
20230101T000000.100000,6,20,6283.06,261.701,269.773,0,0,0,289.594,-2623.35,-2709.27,63163.2,-112.846,63272.6,587726
20230101T000000.100000,6,21,6620.98,1077.88,-1204.65,0,0,0,4181.28,-11040.5,12750.6,70201.3,2075.77,72000.7,1.0195e+06
20230101T000000.100000,6,22,6975.87,-221.696,-574.178,0,0,0,669.101,2455.67,6403.41,77861.1,-203.503,77939.6,232382
20230101T000000.100000,6,23,187.681,225.213,-63.2429,0,0,0,108.84,-34.4059,10.5454,96.2255,12.6543,140.358,3.14419e+26
20230101T000000.100000,3,0,1916.87,-1903.32,108.5,0,0,0,2500,0,0,2500,0,2500,0
20230101T000000.100000,3,1,2350.98,-2144.39,252.406,0,0,0,2500,0,0,2500,0,2500,0
20230101T000000.100000,3,2,2373.87,-3051.44,278.157,0,0,0,2500,0,0,2500,0,2500,0
20230101T000000.100000,3,3,3169.57,-2653.31,-159.915,0,0,0,2500,0,0,2500,0,2500,0
20230101T000000.100000,3,4,8093.49,-8295.93,-124.172,0,0,0,2500,0,0,2500,0,2500,0
20230101T000000.100000,3,5,4331.49,-6119.99,193.823,0,0,0,2500,0,0,2500,0,2500,0
20230101T000000.100000,3,6,6214.33,-5015.42,-159.597,0,0,0,2500,0,0,2500,0,2500,0
20230101T000000.100000,3,7,3964.68,-3016.95,421.049,0,0,0,2500,0,0,2500,0,2500,0
20230101T000000.100000,3,8,3948.78,-3155.06,-326.114,0,0,0,2500,0,0,2500,0,2500,0
20230101T000000.100000,3,9,6441.5,-6561.13,-39.7122,0,0,0,2500,0,0,2500,0,2500,0
20230101T000000.100000,3,10,5410.44,-1684.37,-104.176,0,0,0,2500,0,0,2500,0,2500,0
20230101T000000.100000,3,11,5642.74,-2560.56,1099.35,0,0,0,2500,0,0,2500,0,2500,0
20230101T000000.100000,3,12,2699.99,100.526,-93.3597,0,0,0,2500,0,0,2500,0,2500,0
20230101T000000.100000,3,13,4286.44,897.656,-395.211,0,0,0,2500,0,0,2500,0,2500,0
20230101T000000.100000,3,14,1489.58,155.644,-43.1467,0,0,0,2500,0,0,2500,0,2500,0
20230101T000000.100000,3,15,11555.1,831.373,-488.409,0,0,0,2500,0,0,2500,0,2500,0
20230101T000000.100000,3,16,10303.6,1338.6,-468.666,0,0,0,2500,0,0,2500,0,2500,0
20230101T000000.100000,3,17,4619.31,594.527,-960.944,0,0,0,2500,0,0,2500,0,2500,0
20230101T000000.100000,3,18,6162.67,825.971,207.979,0,0,0,2500,0,0,2500,0,2500,0
20230101T000000.100000,3,19,5464.55,1189.88,-330.932,0,0,0,2500,0,0,2500,0,2500,0
20230101T000000.100000,3,20,6283.06,261.701,269.773,0,0,0,2500,0,0,2500,0,2500,0
20230101T000000.100000,3,21,6620.98,1077.88,-1204.65,0,0,0,2500,0,0,2500,0,2500,0
20230101T000000.100000,3,22,6975.87,-221.696,-574.178,0,0,0,2500,0,0,2500,0,2500,0
20230101T000000.100000,3,23,187.681,225.213,-63.2429,0,0,0,2500,0,0,2500,0,2500,0
20230101T000000.200000,6,24,1579.08,-1186.51,333.786,0,0,0,2406.18,2882.26,-834.916,4076.39,627.347,6243.86,216967
20230101T000000.200000,6,25,1951.71,-1833.14,-330.003,0,0,0,5502.74,5606.02,1024.85,6205.91,-962.59,11472.3,8.14206e+06
20230101T000000.200000,6,26,2442.71,-2575.35,75.5081,0,0,0,10646.5,10028.8,-294.174,9585.39,310.149,20158.8,100367
20230101T000000.200000,6,27,6647.81,-8849.72,-924.977,0,0,0,125825,93442.1,9835.32,71625.1,-13093,196018,188363
20230101T000000.200000,6,28,2840.24,-3323.86,-384.405,0,0,0,17803.4,14956.8,1743.26,13080.5,-2040.09,30584.5,205155
20230101T000000.200000,6,29,6698.29,-6940.76,-2237.41,0,0,0,80970.4,70353.4,23969.1,75966,-24836.8,148869,92969.5
20230101T000000.200000,6,30,8047.81,-6275.64,1551.91,0,0,0,65449.2,78909.3,-19975.7,105108,15576.9,166643,1.13449e+06
20230101T000000.200000,6,31,4537.68,-6548.26,614.029,0,0,0,68824,47230.1,-4455.24,33395.4,6429.29,101553,1.38342e+06
20230101T000000.200000,6,32,5079.2,-6411.15,2194.98,0,0,0,68760.2,48320.4,-17828.1,46050,22503.2,107046,49649.1
20230101T000000.200000,6,33,6092.81,-6062.97,788.734,0,0,0,59347.4,58575.5,-7684.85,59922.6,7647.21,118212,30681.7
20230101T000000.200000,6,34,5628.6,-6625.94,-220.502,0,0,0,70304.4,59601.7,1984.74,50772.2,-2336.42,120935,60576.3
20230101T000000.200000,6,35,4868.38,-5698.93,-434.433,0,0,0,52118.9,44210.7,3381.57,38133.2,-3958.48,89886.5,89767
20230101T000000.200000,6,36,3562.4,-4735.48,1179.64,0,0,0,36706.6,25892.3,-6716.37,21766.2,8928.05,56187.2,40411.1
20230101T000000.200000,6,37,4618.94,-3155.65,-36.1873,0,0,0,15978,23290.4,267.093,34156.4,-182.477,50068.3,161680
20230101T000000.200000,6,38,5812.88,-6982.03,1423.38,0,0,0,79350.6,63312.4,-13232,56014.7,15893.4,132063,2.78482e+06
20230101T000000.200000,6,39,3733.23,-3141.73,-1160.21,0,0,0,17089,17675.2,6919.09,23217.2,-5822.82,38095.3,543251
20230101T000000.200000,6,40,4797.27,-4360.29,641.453,0,0,0,30814.6,33108.7,-4918.91,37148.5,4470.85,67242,37871.9
20230101T000000.200000,6,41,4246.47,-2815.51,-288.791,0,0,0,12820.3,19038.7,1959.14,28912.3,-1298.95,41535.6,357918
20230101T000000.200000,6,42,1847.05,-1218.74,549.248,0,0,0,2754.79,3352.11,-1610.69,5623.21,1062.78,7838.76,181843
20230101T000000.200000,6,43,1378.22,-587.398,-77.6442,0,0,0,614.238,1268.8,168.174,3050.47,-71.6759,3591.41,2.39783e+07
20230101T000000.200000,6,44,3231.82,-929.75,51.1219,0,0,0,1446.05,4789.55,-263.412,16716.7,75.78,18094.6,235795
20230101T000000.200000,6,45,4464.25,-1021.31,444.159,0,0,0,2029.12,7212.63,-3166.54,31906.1,724.428,33556.8,185726
20230101T000000.200000,6,46,3359.78,-1907.23,-476.504,0,0,0,6142.5,10069.6,2554.76,18164.9,-1450.25,23882,573909
20230101T000000.200000,6,47,7038.32,-3090.01,59.9502,0,0,0,15335.6,34772,-674.661,79272,296.194,94537.9,38093.2
20230101T000000.200000,6,48,4881.21,-2287.57,10.0458,0,0,0,8425.34,17841.1,-78.3489,38133.4,36.718,46494.6,66075.6
20230101T000000.200000,6,49,4843.31,-2799.42,-57.9758,0,0,0,12590.8,21663.5,448.698,37549.7,-259.346,50071.1,157125
20230101T000000.200000,6,50,5669.29,-2601.48,-813.016,0,0,0,11753.9,23173,7367.3,51620.3,-3380.65,62254.8,389007
20230101T000000.200000,6,51,6607.39,-1410.87,692.243,0,0,0,3978.75,14745.9,-7311.92,69888.3,1561.31,73037.6,931111
20230101T000000.200000,6,52,11491.8,1310.26,-832.957,0,0,0,3905.55,-23959.4,15310.9,211313,1745.7,214045,3.24887e+08
20230101T000000.200000,6,53,9159.61,767.726,-43.4375,0,0,0,1009.59,-11245.7,636.291,134238,53.3317,135181,2.57812e+06
20230101T000000.200000,6,54,7876.45,6624.82,-1540.71,0,0,0,72482.2,-81586.2,19409.3,100861,16325,169484,6.73024e+07
20230101T000000.200000,6,55,225.361,187.659,-62.729,0,0,0,96.2036,-34.4755,12.559,108.898,10.4579,140.406,2.73807e+25
20230101T000000.200000,4,8,3994.28,-3158.06,-326.231,4.50562,-0.29609,-0.0115656,970.578,1124.61,116.27,1479.54,-92.8998,2369.07,0
20230101T000000.200000,4,15,11555.4,837.028,-492.448,0.0362057,0.559949,-0.399918,79.2439,-173.858,102.139,2483.15,7.34874,2491.39,0
20230101T000000.200000,4,23,226.546,192.948,-62.7567,3.84803,-3.19456,0.0481386,103.888,-31.8262,9.73019,92.219,11.676,132.873,0
20230101T000000.200000,3,24,1579.08,-1186.51,333.786,0,0,0,2500,0,0,2500,0,2500,0
20230101T000000.200000,3,25,1951.71,-1833.14,-330.003,0,0,0,2500,0,0,2500,0,2500,0
20230101T000000.200000,3,26,2442.71,-2575.35,75.5081,0,0,0,2500,0,0,2500,0,2500,0
20230101T000000.200000,3,27,6647.81,-8849.72,-924.977,0,0,0,2500,0,0,2500,0,2500,0
20230101T000000.200000,3,28,2840.24,-3323.86,-384.405,0,0,0,2500,0,0,2500,0,2500,0
20230101T000000.200000,3,29,6698.29,-6940.76,-2237.41,0,0,0,2500,0,0,2500,0,2500,0
20230101T000000.200000,3,30,8047.81,-6275.65,1551.91,0,0,0,2500,0,0,2500,0,2500,0
20230101T000000.200000,3,31,4537.68,-6548.26,614.029,0,0,0,2500,0,0,2500,0,2500,0
20230101T000000.200000,3,32,5079.2,-6411.15,2194.98,0,0,0,2500,0,0,2500,0,2500,0
20230101T000000.200000,3,33,6092.81,-6062.97,788.734,0,0,0,2500,0,0,2500,0,2500,0
20230101T000000.200000,3,34,5628.6,-6625.94,-220.502,0,0,0,2500,0,0,2500,0,2500,0
20230101T000000.200000,3,35,4868.38,-5698.93,-434.433,0,0,0,2500,0,0,2500,0,2500,0
20230101T000000.200000,3,36,3562.4,-4735.48,1179.64,0,0,0,2500,0,0,2500,0,2500,0
20230101T000000.200000,3,37,4618.94,-3155.65,-36.1873,0,0,0,2500,0,0,2500,0,2500,0
20230101T000000.200000,3,38,5812.88,-6982.03,1423.38,0,0,0,2500,0,0,2500,0,2500,0
20230101T000000.200000,3,39,3733.23,-3141.73,-1160.21,0,0,0,2500,0,0,2500,0,2500,0
20230101T000000.200000,3,40,4797.27,-4360.29,641.453,0,0,0,2500,0,0,2500,0,2500,0
20230101T000000.200000,3,41,1847.05,-1218.74,549.248,0,0,0,2500,0,0,2500,0,2500,0
20230101T000000.200000,3,42,1378.22,-587.398,-77.6442,0,0,0,2500,0,0,2500,0,2500,0
20230101T000000.200000,3,43,3231.82,-929.75,51.1219,0,0,0,2500,0,0,2500,0,2500,0
20230101T000000.200000,3,44,4464.25,-1021.31,444.159,0,0,0,2500,0,0,2500,0,2500,0
20230101T000000.200000,3,45,3359.78,-1907.23,-476.504,0,0,0,2500,0,0,2500,0,2500,0
20230101T000000.200000,3,46,7038.32,-3090.01,59.9502,0,0,0,2500,0,0,2500,0,2500,0
20230101T000000.200000,3,47,4881.21,-2287.57,10.0458,0,0,0,2500,0,0,2500,0,2500,0
20230101T000000.200000,3,48,4843.31,-2799.42,-57.9758,0,0,0,2500,0,0,2500,0,2500,0
20230101T000000.200000,3,49,5669.29,-2601.48,-813.016,0,0,0,2500,0,0,2500,0,2500,0
20230101T000000.200000,3,50,6607.39,-1410.87,692.243,0,0,0,2500,0,0,2500,0,2500,0
20230101T000000.200000,3,51,9159.61,767.726,-43.4375,0,0,0,2500,0,0,2500,0,2500,0
20230101T000000.200000,3,52,7876.45,6624.82,-1540.71,0,0,0,2500,0,0,2500,0,2500,0
20230101T000000.300000,6,56,1948.25,-1863.03,77.1883,0,0,0,5591.79,5770.74,-239.288,6108.2,228.821,11626.6,7.46325e+06
20230101T000000.300000,6,57,2058.13,-2609.46,-807.224,0,0,0,11317.9,8056.64,2649.1,7457.43,-3358.75,17675.9,217136
20230101T000000.300000,6,58,1053.97,-1064.83,14.9774,0,0,0,1846.03,1763.5,-24.8071,1809.86,25.0628,3591.54,1.85063e+07
20230101T000000.300000,6,59,2672.87,-2778.23,552.504,0,0,0,12614.6,11606,-2356.6,11717,2449.5,23781.8,2.13331e+06
20230101T000000.300000,6,60,8241.82,-8148.25,-210.278,0,0,0,106299,107383,2772.09,108751,-2740.62,214914,2.51212e+08
20230101T000000.300000,6,61,7649.54,-7568.78,-1482.38,0,0,0,93466.7,90847.1,18137.1,95395.2,-17945.6,185284,310366
20230101T000000.300000,6,62,2960.59,-3549.98,297.917,0,0,0,20248.2,16714.9,-1408.59,14145.5,1689,34188.2,335218
20230101T000000.300000,6,63,7244.31,-7448.21,-455.095,0,0,0,88953.4,86133.9,5273.01,84171.2,-5421.43,172729,3.62918e+06
20230101T000000.300000,6,64,4930.64,-5487.26,-1395.17,0,0,0,49594.9,41710,10998.7,40655.2,-12240.4,87076.1,81263.1
20230101T000000.300000,6,65,4707.06,-6446.76,-277.172,0,0,0,66562.1,48463.4,2086.15,35572.1,-2857.18,101947,381104
20230101T000000.300000,6,66,7761.45,-5820.97,638.652,0,0,0,54672.3,71942.8,-7927.63,96641.9,5945.6,150598,114006
20230101T000000.300000,6,67,4929.43,-3925.97,18.7424,0,0,0,24700.6,30933,-147.674,38903.9,117.613,63540,846351
20230101T000000.300000,6,68,3744.83,-3934.2,-1267.89,0,0,0,26016.2,22257.9,7587.07,23819.2,-7970.76,47206,431922
20230101T000000.300000,6,69,1893.5,-465.52,-337.721,0,0,0,577.416,1353.62,1012.71,5750.47,-248.976,6085.12,1.50456e+06
20230101T000000.300000,6,70,4190.19,-1179.43,-621.861,0,0,0,2857.13,7729.56,4160.52,28142.4,-1171.08,30319.4,96191.5
20230101T000000.300000,6,71,10853.6,-4010.67,-681.277,0,0,0,26446.2,69386,11827.3,188577,-4370.49,214217,2.44705e+08
20230101T000000.300000,6,72,6756.5,-3417.69,-138.413,0,0,0,18764.3,36908.5,1495.25,73059.8,-756.354,91729.5,65372.5
20230101T000000.300000,6,73,5559.29,-1799.44,-199.731,0,0,0,5296.4,15968.3,1774.51,49461.2,-574.374,54629.9,49519
20230101T000000.300000,6,74,7536.46,-2775,-1345.18,0,0,0,14925.3,32502.9,16210.8,91230.3,-5968.97,103200,97117.1
20230101T000000.300000,6,75,4881.51,-1425.57,-191.889,0,0,0,3364.77,11101.2,1496.42,38136.3,-437.006,41378.3,655978
20230101T000000.300000,6,76,8729.95,-4437.39,1464.51,0,0,0,34281.5,60569.6,-20447.9,122657,10393.5,153445,93578.5
20230101T000000.300000,6,77,6496.62,-1919.14,461.006,0,0,0,6264.32,19839,-4787.81,67562.1,1414.35,73423,414763
20230101T000000.300000,6,78,253.775,146.622,-63.5087,0,0,0,85.066,-30.2597,14.3177,119.957,8.27222,140.31,5.24134e+25
20230101T000000.300000,6,79,8134.01,4122.46,-1229.81,0,0,0,29166.8,-52650.2,15997.7,106367,8107.89,133052,2.89946e+07
20230101T000000.300000,4,0,1918.9,-1892.3,102.578,0.391976,2.11887,-1.13888,1088.81,1030.31,-58.7512,1103.43,58.3359,2123.75,0
20230101T000000.300000,4,4,8095.96,-8294.87,-125.212,0.474722,0.202365,-0.199892,1346.79,1252.7,18.7503,1284.89,-19.2193,2568.64,0
20230101T000000.300000,4,31,4540.69,-6544.23,592.327,0.298141,0.399161,-2.14876,1689.32,1117.55,-104.808,851.018,151.247,2449.91,0
20230101T000000.300000,4,46,6932.17,-3055.34,53.8689,-10.5104,3.43344,-0.602109,449.873,882.199,-17.1158,2072.01,7.5143,2459.17,0
20230101T000000.300000,4,50,6602.74,-1427.62,684.422,-0.460141,-1.65875,-0.774329,189.761,480.625,-235.903,2338,50.3723,2416.76,0
20230101T000000.300000,3,53,2058.13,-2609.46,-807.224,0,0,0,2500,0,0,2500,0,2500,0
20230101T000000.300000,3,54,1053.97,-1064.83,14.9774,0,0,0,2500,0,0,2500,0,2500,0
20230101T000000.300000,3,55,2672.87,-2778.23,552.504,0,0,0,2500,0,0,2500,0,2500,0
20230101T000000.300000,3,56,7649.54,-7568.78,-1482.38,0,0,0,2500,0,0,2500,0,2500,0
20230101T000000.300000,3,57,2960.59,-3549.98,297.917,0,0,0,2500,0,0,2500,0,2500,0
20230101T000000.300000,3,58,7244.31,-7448.21,-455.095,0,0,0,2500,0,0,2500,0,2500,0
20230101T000000.300000,3,59,4930.64,-5487.26,-1395.17,0,0,0,2500,0,0,2500,0,2500,0
20230101T000000.300000,3,60,7761.45,-5820.97,638.652,0,0,0,2500,0,0,2500,0,2500,0
20230101T000000.300000,3,61,4929.43,-3925.97,18.7424,0,0,0,2500,0,0,2500,0,2500,0
20230101T000000.300000,3,62,3744.83,-3934.2,-1267.89,0,0,0,2500,0,0,2500,0,2500,0
20230101T000000.300000,3,63,1893.5,-465.52,-337.721,0,0,0,2500,0,0,2500,0,2500,0
20230101T000000.300000,3,64,4190.19,-1179.43,-621.861,0,0,0,2500,0,0,2500,0,2500,0
20230101T000000.300000,3,65,10853.6,-4010.67,-681.277,0,0,0,2500,0,0,2500,0,2500,0
20230101T000000.300000,3,66,5559.29,-1799.44,-199.732,0,0,0,2500,0,0,2500,0,2500,0
20230101T000000.300000,3,67,7536.46,-2775,-1345.18,0,0,0,2500,0,0,2500,0,2500,0
20230101T000000.300000,3,68,4881.51,-1425.57,-191.889,0,0,0,2500,0,0,2500,0,2500,0
20230101T000000.300000,3,69,8729.95,-4437.39,1464.51,0,0,0,2500,0,0,2500,0,2500,0
20230101T000000.300000,3,70,253.775,146.622,-63.5087,0,0,0,2500,0,0,2500,0,2500,0
20230101T000000.300000,3,71,8134.01,4122.46,-1229.81,0,0,0,2500,0,0,2500,0,2500,0
20230101T000000.400000,6,80,1826.63,-2618.91,721.402,0,0,0,11266.4,7234.77,-2100.5,5939.64,3011.58,16315.5,197637
20230101T000000.400000,6,81,3197.12,-3337.54,178.53,0,0,0,17877.7,17015.5,-911.544,16414.5,951.579,34177.4,67424.4
20230101T000000.400000,6,82,7440.73,-6567.39,222.891,0,0,0,69089.6,78114.7,-2652.47,88645.9,2341.14,157592,210840
20230101T000000.400000,6,83,7060.73,-7628.56,-31.6007,0,0,0,93142.3,86148.5,356.866,79801.6,-385.566,172878,5.75107e+06
20230101T000000.400000,6,84,7018.21,-4510.94,-861.775,0,0,0,33443.4,50084.7,9671.49,79174.4,-6216.32,111367,140167
20230101T000000.400000,6,85,7035.75,-4914.19,-109.551,0,0,0,38694.7,55280.9,1232.56,79230.1,-860.895,117842,87644.2
20230101T000000.400000,6,86,5102.75,-5424.15,-206.393,0,0,0,47136.2,44219,1683.86,41731,-1789.92,88735.1,885258
20230101T000000.400000,6,87,5999.6,-6260.19,405.82,0,0,0,62860.8,59930.3,-3893.55,57762.9,4062.66,120296,101505
20230101T000000.400000,6,88,4469.76,-4906.34,-1513.83,0,0,0,40206.1,33232.6,10817,34003,-11873.5,70484.7,57593.8
20230101T000000.400000,6,89,5743.65,-3811.33,-626.136,0,0,0,23721.5,34707.3,5749.28,52994.4,-3815.07,76025.7,57181.8
20230101T000000.400000,6,90,3981.45,-4219.29,-848.477,0,0,0,29055.9,26272,5398.78,26005.5,-5721.29,53848.3,49543.7
20230101T000000.400000,6,91,5108.51,-3674.9,349.328,0,0,0,21778.5,29914.4,-2852.39,41843.3,2051.92,63362.9,97264
20230101T000000.400000,6,92,2851.31,-3754.92,1150.83,0,0,0,23356.2,16080.6,-5241.26,14390.3,6902.28,35570.6,50090.1
20230101T000000.400000,6,93,4112.85,-3001.12,-16.2363,0,0,0,14452.8,19718.4,106.679,27087.3,-77.8432,41475.6,311377
20230101T000000.400000,6,94,1468.35,-275.531,-113.917,0,0,0,202.99,632.022,262.862,3452.54,-49.3252,3571.5,7.87915e+07
20230101T000000.400000,6,95,3679.78,-1203.11,-537.748,0,0,0,2790.69,6928.3,3157.78,21716,-1032.44,23982.4,611765
20230101T000000.400000,6,96,9033.79,-1662.94,-542.644,0,0,0,4941.98,23941,7839.7,130592,-1443.13,135000,1.89812e+06
20230101T000000.400000,6,97,4933.06,-1126.19,-464.208,0,0,0,2417.3,8800.3,3658.27,38956.4,-835.16,40966,303855
20230101T000000.400000,6,98,275.853,99.5075,-62.7155,0,0,0,75.5655,-22.3755,15.3684,129.523,5.54379,140.394,6.07496e+25
20230101T000000.400000,6,99,2196.29,1487.47,-522.025,0,0,0,3881.28,-4996.03,1824.39,7874.38,1235.6,11260.4,6.3565e+07
20230101T000000.400000,6,100,9576.35,6370.32,-1339.23,0,0,0,66962.7,-96254.7,20513.7,147630,13646,211661,5.79106e+08
20230101T000000.400000,4,8,3996.25,-3145.13,-307.748,-13.4562,18.0089,6.77925,968.734,1151.62,119.034,1508.47,-94.44,2413.44,0
20230101T000000.400000,4,33,6123.91,-6100.1,784.883,5.98062,-7.14115,-0.74055,1307.57,1230.41,-160.095,1319.66,159.311,2523.78,0
20230101T000000.400000,4,35,4839.67,-5649.78,-424.824,-5.52109,9.45218,1.84781,1490.68,1213.02,92.4779,1106.95,-108.255,2518.89,0
20230101T000000.400000,4,57,2973.45,-3531.24,289.331,1.27266,1.85509,-0.850108,1416.29,1121.2,-94.1193,1006.94,112.856,2342.54,0
20230101T000000.400000,4,58,7238.15,-7447.19,-448.777,-0.610409,0.101233,0.625557,1311.44,1210.31,73.9538,1244.24,-76.0353,2484.04,0
20230101T000000.400000,4,61,4937.41,-3917.24,31.3847,0.789687,0.863546,1.25172,980.752,1153.03,-5.50454,1510.18,4.384,2428.47,0
20230101T000000.400000,4,68,4878.54,-1406.52,-207.308,-0.29436,1.88654,-1.52658,247.558,622.682,83.8235,2197.94,-24.4793,2376.68,0
20230101T000000.400000,4,70,278.622,103.93,-62.7584,2.46007,-4.22692,0.0742881,81.8966,-27.9917,13.2109,114.172,7.63276,132.829,0
20230101T000000.400000,3,72,1826.63,-2618.91,721.402,0,0,0,2500,0,0,2500,0,2500,0
20230101T000000.400000,3,73,7440.73,-6567.39,222.891,0,0,0,2500,0,0,2500,0,2500,0
20230101T000000.400000,3,74,7018.21,-4510.94,-861.775,0,0,0,2500,0,0,2500,0,2500,0
20230101T000000.400000,3,75,7035.75,-4914.19,-109.551,0,0,0,2500,0,0,2500,0,2500,0
20230101T000000.400000,3,76,4469.76,-4906.34,-1513.83,0,0,0,2500,0,0,2500,0,2500,0
20230101T000000.400000,3,77,5743.65,-3811.33,-626.136,0,0,0,2500,0,0,2500,0,2500,0
20230101T000000.400000,3,78,3981.45,-4219.29,-848.477,0,0,0,2500,0,0,2500,0,2500,0
20230101T000000.400000,3,79,2851.31,-3754.92,1150.83,0,0,0,2500,0,0,2500,0,2500,0
20230101T000000.400000,3,80,1468.35,-275.531,-113.917,0,0,0,2500,0,0,2500,0,2500,0
20230101T000000.400000,3,81,3679.78,-1203.11,-537.748,0,0,0,2500,0,0,2500,0,2500,0
20230101T000000.400000,3,82,9033.79,-1662.94,-542.644,0,0,0,2500,0,0,2500,0,2500,0
20230101T000000.400000,3,83,2196.29,1487.47,-522.025,0,0,0,2500,0,0,2500,0,2500,0
20230101T000000.400000,3,84,9576.35,6370.32,-1339.23,0,0,0,2500,0,0,2500,0,2500,0
20230101T000000.500000,6,101,1374.88,-1405.13,-462.087,0,0,0,3355.81,2889.94,1006.53,3230.01,-1028.68,6186.88,70993.4
20230101T000000.500000,6,102,1823.51,-2569.06,513.732,0,0,0,10722.5,7266.82,-1492.99,5642.59,2103.41,15882.1,91697.4
20230101T000000.500000,6,103,2981.22,-3224.81,-220.145,0,0,0,16704.2,15311.7,1047.91,14296.5,-1133.53,30859.4,30646.4
20230101T000000.500000,6,104,3772.55,-2592.3,-374.486,0,0,0,10947.6,15512.9,2256.15,22863.8,-1550.3,33523.9,34002.8
20230101T000000.500000,6,105,4988.77,-5814.44,627.87,0,0,0,54386.7,46067.9,-5008.29,40220.4,5837.19,93913.3,40085.6
20230101T000000.500000,6,106,5796.83,-5462.73,716.274,0,0,0,48214.6,50225,-6639.23,54181.1,6256.58,101512,676582
20230101T000000.500000,6,107,4971.42,-6646.35,-1793.13,0,0,0,72546,50370,14255.1,42882.1,-19057.9,110225,220370
20230101T000000.500000,6,108,5558.26,-6652.35,-693.655,0,0,0,71148.6,58750.6,6165.56,49921.5,-7379.19,120237,497681
20230101T000000.500000,6,109,5620.87,-4039.87,-579.447,0,0,0,26509,36047.5,5206.88,50755.4,-3742.32,76664.1,139958
20230101T000000.500000,6,110,3173.83,-4607.3,293.612,0,0,0,34028.5,23302.2,-1489.1,16254,2161.65,50080.9,27271.5
20230101T000000.500000,6,111,11129,-3182.67,-697.666,0,0,0,16985.9,56449,12419.2,198230,-3551.65,214373,4.17315e+08
20230101T000000.500000,6,112,2676.22,338.974,-178.092,0,0,0,296.507,-1437.2,758.407,11461.3,96.0612,11643.6,1.34835e+07
20230101T000000.500000,6,113,1468.09,202.122,-220.885,0,0,0,203.422,-455.767,509.602,3451.08,70.1603,3515.22,3.37997e+08
20230101T000000.500000,6,114,10212.2,1280.64,-1539.94,0,0,0,6421.23,-20448.9,25152.6,166922,3154.22,169488,2.79424e+07
20230101T000000.500000,6,115,288.835,50.618,-62.7774,0,0,0,69.5891,-11.9154,16.1074,135.492,2.82281,140.385,7.10668e+24
20230101T000000.500000,6,116,2609.92,649.143,-275.149,0,0,0,847.94,-2667.53,1142.7,10909.4,284.214,11573.6,1.24024e+07
20230101T000000.500000,6,117,289.116,47.8162,-63.6644,0,0,0,69.4588,-11.2364,16.3506,135.54,2.7042,140.283,6.58921e+24
20230101T000000.500000,6,118,8290.67,3647.19,-1527.27,0,0,0,24462.3,-46981.7,20249.7,110591,8908.15,131261,3.80828e+06
20230101T000000.500000,6,119,6135.83,1023.24,-907.385,0,0,0,3017.91,-9821.54,8899.08,60274.7,1484.05,61913.9,1.78333e+06
20230101T000000.500000,6,120,3135.17,2319.73,60.8395,0,0,0,8655.03,-11603,-304.385,15751.6,-225.216,24336.7,5.3131e+06
20230101T000000.500000,6,121,4074.24,3059.1,-164.72,0,0,0,15041.6,-19890.1,1072.12,26597.8,804.992,41532.1,500194
20230101T000000.500000,4,28,2856.86,-3321.8,-371.756,4.57469,0.566238,3.48155,1480.43,1195.6,138.361,1102.9,-161.92,2484.91,0
20230101T000000.500000,4,34,5627.1,-6626.59,-230.93,-0.412839,-0.178326,-2.86992,1574.85,1283.26,42.7058,1154.31,-50.2729,2663.32,0
20230101T000000.500000,4,65,10861.9,-4002.6,-681.766,1.6058,1.55197,-0.0940934,371.203,812.074,137.95,2268.74,-50.9759,2560.27,0
20230101T000000.500000,4,71,8123.59,4106.47,-1233.35,-2.00272,-3.07441,-0.681098,606.24,-985.216,294.014,2050.84,149.011,2506.59,0
20230101T000000.500000,4,72,1788.41,-2557.96,679.079,-3.78357,6.03516,-4.19039,1525.38,947.942,-262.971,827.441,377.032,2097.02,0
20230101T000000.500000,4,77,5759.2,-3831.57,-626.762,1.5393,-2.00423,-0.0620153,803.984,1088.16,178.815,1721.76,-118.656,2424.98,0
20230101T000000.500000,3,85,1374.88,-1405.13,-462.087,0,0,0,2500,0,0,2500,0,2500,0
20230101T000000.500000,3,86,3772.55,-2592.3,-374.486,0,0,0,2500,0,0,2500,0,2500,0
20230101T000000.500000,3,87,4988.77,-5814.44,627.87,0,0,0,2500,0,0,2500,0,2500,0
20230101T000000.500000,3,88,5796.83,-5462.73,716.274,0,0,0,2500,0,0,2500,0,2500,0
20230101T000000.500000,3,89,4971.42,-6646.35,-1793.13,0,0,0,2500,0,0,2500,0,2500,0
20230101T000000.500000,3,90,3173.83,-4607.3,293.612,0,0,0,2500,0,0,2500,0,2500,0
20230101T000000.500000,3,91,2676.22,338.974,-178.092,0,0,0,2500,0,0,2500,0,2500,0
20230101T000000.500000,3,92,1468.09,202.122,-220.885,0,0,0,2500,0,0,2500,0,2500,0
20230101T000000.500000,3,93,10212.2,1280.64,-1539.94,0,0,0,2500,0,0,2500,0,2500,0
20230101T000000.500000,3,94,288.835,50.618,-62.7774,0,0,0,2500,0,0,2500,0,2500,0
20230101T000000.500000,3,95,2609.92,649.143,-275.149,0,0,0,2500,0,0,2500,0,2500,0
20230101T000000.500000,3,96,289.116,47.8162,-63.6644,0,0,0,2500,0,0,2500,0,2500,0
20230101T000000.500000,3,97,6135.83,1023.24,-907.385,0,0,0,2500,0,0,2500,0,2500,0
20230101T000000.500000,3,98,3135.17,2319.73,60.8395,0,0,0,2500,0,0,2500,0,2500,0
20230101T000000.500000,3,99,4074.24,3059.1,-164.72,0,0,0,2500,0,0,2500,0,2500,0
20230101T000000.600000,6,122,2214.25,-1532.12,-241.805,0,0,0,3862.02,5354.52,851.98,7895.51,-589.515,11601,3.2854e+06
20230101T000000.600000,6,123,1238.68,-838.935,-82.4193,0,0,0,1177.29,1628.01,160.435,2478.41,-108.66,3581.22,5.73504e+07
20230101T000000.600000,6,124,9239.32,-6999.65,-322.91,0,0,0,78538.7,103364,4772.13,136668,-3615.33,214976,3.59401e+08
20230101T000000.600000,6,125,8678.85,-5731.41,21.8678,0,0,0,52603.7,79557.6,-303.547,120536,200.459,173075,1.18802e+07
20230101T000000.600000,6,126,5324.96,-4195.12,-408.507,0,0,0,28362.6,35581.4,3477.44,45495.1,-2739.6,73527.1,347132
20230101T000000.600000,6,127,4530.63,-3194.64,808.915,0,0,0,17070.2,22635.4,-5856.36,33211.1,4129.43,49173.1,208407
20230101T000000.600000,6,128,5073.44,-3840.74,-241.1,0,0,0,23701.8,31101.7,1955.2,41240.8,-1480.14,64785.7,191264
20230101T000000.600000,6,129,293.24,0.589193,-62.7444,0,0,0,67.4974,-0.140821,16.3442,137.584,0.0328396,140.386,6.62798e+25
20230101T000000.600000,6,130,1880.39,1936.37,-152.939,0,0,0,6048.35,-5775.21,457.616,5709.47,471.24,11656.8,2.99924e+06
20230101T000000.600000,6,131,2834.26,2653.6,-450.359,0,0,0,11473.1,-11840.2,2036.95,13034,1907.11,24120.3,917602
20230101T000000.600000,6,132,5799.78,4694.23,-670.892,0,0,0,35730.8,-43177.6,6221.21,54130.1,5035.33,89077.8,151722
20230101T000000.600000,6,133,4686.91,6410.86,-856.217,0,0,0,66189.2,-47486.4,6416.8,35953.1,8777.04,100907,640914
20230101T000000.600000,6,134,4342.88,3264.35,-653.608,0,0,0,17526.7,-22324.1,4535.6,30446.5,3409.21,47227.5,179337
20230101T000000.600000,6,135,3688.14,5065.37,-508.343,0,0,0,41218,-29663.8,2996.71,22075.6,4115.74,62816.9,134694
20230101T000000.600000,6,136,7620.21,5059.91,-940.491,0,0,0,41990.5,-61010.8,11461.4,93360.7,7610.48,133873,2.41386e+06
20230101T000000.600000,6,137,3667.69,3532.58,-555.244,0,0,0,20255.3,-20452.2,3253.37,21790.9,3133.53,41490.5,479636
20230101T000000.600000,4,96,296.643,3.45609,-62.7943,0.745272,-4.3921,0.0861465,67.4592,-10.3944,15.0868,128.589,2.49517,132.805,0
20230101T000000.600000,3,100,2214.25,-1532.12,-241.805,0,0,0,2500,0,0,2500,0,2500,0
20230101T000000.600000,3,101,1238.68,-838.935,-82.4193,0,0,0,2500,0,0,2500,0,2500,0
20230101T000000.600000,3,102,9239.32,-6999.65,-322.91,0,0,0,2500,0,0,2500,0,2500,0
20230101T000000.600000,3,103,8678.85,-5731.41,21.8678,0,0,0,2500,0,0,2500,0,2500,0
20230101T000000.600000,3,104,5324.96,-4195.12,-408.507,0,0,0,2500,0,0,2500,0,2500,0
20230101T000000.600000,3,105,4530.63,-3194.64,808.915,0,0,0,2500,0,0,2500,0,2500,0
20230101T000000.600000,3,106,5073.44,-3840.74,-241.1,0,0,0,2500,0,0,2500,0,2500,0
20230101T000000.600000,3,107,1880.39,1936.37,-152.939,0,0,0,2500,0,0,2500,0,2500,0
20230101T000000.600000,3,108,2834.26,2653.6,-450.359,0,0,0,2500,0,0,2500,0,2500,0
20230101T000000.600000,3,109,5799.78,4694.23,-670.892,0,0,0,2500,0,0,2500,0,2500,0
20230101T000000.600000,3,110,4686.91,6410.86,-856.217,0,0,0,2500,0,0,2500,0,2500,0
20230101T000000.600000,3,111,4342.88,3264.35,-653.608,0,0,0,2500,0,0,2500,0,2500,0
20230101T000000.600000,3,112,3688.14,5065.37,-508.343,0,0,0,2500,0,0,2500,0,2500,0
20230101T000000.600000,3,113,7620.21,5059.91,-940.491,0,0,0,2500,0,0,2500,0,2500,0
20230101T000000.600000,3,114,3667.69,3532.58,-555.244,0,0,0,2500,0,0,2500,0,2500,0
20230101T000000.700000,6,138,3258.07,-2139.97,-149.407,0,0,0,7396.73,11109.7,776.797,17014,-510.216,24311.2,1.25649e+07
20230101T000000.700000,6,139,9103.91,-7173.78,-356.091,0,0,0,82505.6,104365,5185.36,132712,-4086.01,214951,3.63432e+08
20230101T000000.700000,6,140,7676.76,-5052.71,127.297,0,0,0,40910.6,62020.3,-1562.82,94319.5,1028.62,135140,4.34199e+06
20230101T000000.700000,6,141,2612.39,-531.296,-449.347,0,0,0,821.629,2145.48,1867.91,10934.6,-379.887,11372.7,2.12545e+07
20230101T000000.700000,6,142,1433.05,-400.331,-176.213,0,0,0,361.055,888.678,396.836,3293.96,-110.859,3543.1,2.78777e+08
20230101T000000.700000,6,143,9991.6,-2293.51,-1791.12,0,0,0,13351.3,35532.5,28623.2,159991,-6570.28,168150,2.32357e+07
20230101T000000.700000,6,144,288.576,-52.5149,-62.4069,0,0,0,69.7097,12.3644,15.9979,135.404,-2.91129,140.426,8.84437e+24
20230101T000000.700000,6,145,11468.7,-919.54,-1568.23,0,0,0,5325.16,16555,28768.5,210476,-2306.6,211805,3.33246e+08
20230101T000000.700000,6,146,10260.8,-1110.41,-1335.75,0,0,0,4856.77,17917.8,21921.2,168487,-2372.3,170427,2.17467e+07
20230101T000000.700000,6,147,288.476,-52.309,-63.0327,0,0,0,69.7577,12.2886,16.1526,135.299,-2.92894,140.355,9.10841e+24
20230101T000000.700000,6,148,2489.74,1978.97,-157.637,0,0,0,6329.63,-7832.96,625.484,9958.24,497.167,16184.4,280668
20230101T000000.700000,6,149,2516.06,3528.34,-713.079,0,0,0,20213.9,-13790,2864.69,10709.5,4017.23,30049.3,258656
20230101T000000.700000,6,150,3220.7,3175.58,-202.726,0,0,0,16200.6,-16299.3,1042.63,16660.5,1028.03,32731.6,47527.5
20230101T000000.700000,6,151,7196.5,8126.89,-404.421,0,0,0,105817,-93414.6,4655.09,83045.8,5256.92,188537,65521.8
20230101T000000.700000,6,152,4512.1,5801.04,-420.903,0,0,0,53974.2,-41711.5,3036.4,32790.8,3903.79,86417.9,28702.2
20230101T000000.700000,6,153,5989.73,5002.62,1270.22,0,0,0,41599.4,-46642.2,-12165.5,58489.5,-10160.6,97446.6,259291
20230101T000000.700000,6,154,6044.14,5232.52,-60.0416,0,0,0,43846.7,-50567.2,580.276,58480.5,502.356,102257,825294
20230101T000000.700000,6,155,4186.69,5335.07,-308.608,0,0,0,45623.2,-35633,2065.48,28179.2,2632.03,73586.3,420988
20230101T000000.700000,6,156,4760.01,3924.78,1278.09,0,0,0,26238.6,-28578.2,-9724.16,37334.9,-8017.87,60901.2,1.12258e+06
20230101T000000.700000,6,157,3095.58,4036.16,-549.804,0,0,0,26267.4,-19726.7,2718.97,15676.5,3545.12,41397.8,1.78328e+06
20230101T000000.700000,6,158,3873.8,4332.48,164.35,0,0,0,30080.2,-26799.8,-1017.45,24069.7,-1137.92,54042.8,34825.2
20230101T000000.700000,6,159,7843.22,5997.64,487.087,0,0,0,57834.5,-75051.3,-6110.03,98589.3,-4672.29,155981,96709.5
20230101T000000.700000,4,80,1455.96,-330.392,-140.841,-3.40815,-15.0994,-7.41046,121.279,267.271,110.792,1495.45,-20.7898,1540.89,0
20230101T000000.700000,4,94,305.746,-46.1895,-63.0194,3.25209,-18.6169,-0.0465268,67.6359,-11.046,14.8961,128.73,2.61052,133.103,0
20230101T000000.700000,4,102,9237.99,-7001.85,-323.303,-0.131269,-0.218656,-0.0388933,950.92,1170.31,53.9894,1609.07,-40.902,2493.82,0
20230101T000000.700000,3,115,3258.07,-2139.97,-149.407,0,0,0,2500,0,0,2500,0,2500,0
20230101T000000.700000,3,116,7676.76,-5052.71,127.297,0,0,0,2500,0,0,2500,0,2500,0
20230101T000000.700000,3,117,2612.39,-531.296,-449.347,0,0,0,2500,0,0,2500,0,2500,0
20230101T000000.700000,3,118,9991.6,-2293.51,-1791.12,0,0,0,2500,0,0,2500,0,2500,0
20230101T000000.700000,3,119,288.576,-52.5149,-62.4069,0,0,0,2500,0,0,2500,0,2500,0
20230101T000000.700000,3,120,11468.7,-919.54,-1568.23,0,0,0,2500,0,0,2500,0,2500,0
20230101T000000.700000,3,121,10260.8,-1110.41,-1335.75,0,0,0,2500,0,0,2500,0,2500,0
20230101T000000.700000,3,122,2489.74,1978.97,-157.637,0,0,0,2500,0,0,2500,0,2500,0
20230101T000000.700000,3,123,2516.06,3528.34,-713.079,0,0,0,2500,0,0,2500,0,2500,0
20230101T000000.700000,3,124,3220.7,3175.58,-202.726,0,0,0,2500,0,0,2500,0,2500,0
20230101T000000.700000,3,125,7196.5,8126.89,-404.421,0,0,0,2500,0,0,2500,0,2500,0
20230101T000000.700000,3,126,4512.1,5801.04,-420.903,0,0,0,2500,0,0,2500,0,2500,0
20230101T000000.700000,3,127,5989.73,5002.62,1270.22,0,0,0,2500,0,0,2500,0,2500,0
20230101T000000.700000,3,128,6044.14,5232.52,-60.0416,0,0,0,2500,0,0,2500,0,2500,0
20230101T000000.700000,3,129,4186.69,5335.07,-308.608,0,0,0,2500,0,0,2500,0,2500,0
20230101T000000.700000,3,130,4760.01,3924.78,1278.09,0,0,0,2500,0,0,2500,0,2500,0
20230101T000000.700000,3,131,3095.58,4036.15,-549.804,0,0,0,2500,0,0,2500,0,2500,0
20230101T000000.700000,3,132,3873.8,4332.48,164.35,0,0,0,2500,0,0,2500,0,2500,0
20230101T000000.700000,3,133,7843.22,5997.64,487.087,0,0,0,2500,0,0,2500,0,2500,0
20230101T000000.800000,6,160,2246.22,-1470.63,-317.078,0,0,0,3617.17,5182.71,1133.33,8139.98,-742.003,11534.1,2.85855e+07
20230101T000000.800000,6,161,3307.73,-2042.09,-407.698,0,0,0,6910.63,10660.3,2152.04,17596.6,-1328.6,24178.6,8.66832e+06
20230101T000000.800000,6,162,275.64,-100.206,-62.5395,0,0,0,75.6639,22.5271,15.3134,129.44,-5.56705,140.413,3.40789e+25
20230101T000000.800000,6,163,9041.89,-1603.87,-583.894,0,0,0,4706.48,23098.4,8443.23,130828,-1497.67,134925,9.63354e+06
20230101T000000.800000,6,164,1403.85,508.112,-126.331,0,0,0,491.847,-1112.8,278.705,3163.6,100.875,3566.82,3.92173e+07
20230101T000000.800000,6,165,10834.6,4100.19,-442.638,0,0,0,27228.5,-70953.1,7671,187868,2902.98,214720,2.47344e+08
20230101T000000.800000,6,166,9463.32,4297.23,52.6656,0,0,0,29602.7,-65040,-797.132,143299,-361.973,172833,1.88432e+07
20230101T000000.800000,6,167,6152.42,983.803,-835.813,0,0,0,2699.76,-9500.36,8219.31,60593.1,1314.31,62113.3,143868
20230101T000000.800000,6,168,6116.1,1046,-1195.21,0,0,0,4031.24,-9845.87,11684.3,59917.4,1998.3,61603.5,155636
20230101T000000.800000,6,169,9371.31,2384.27,-626.961,0,0,0,9746.16,-35584.5,9396.71,140556,2390.74,149610,437917
20230101T000000.800000,6,170,1609.8,1312.15,179.997,0,0,0,2824.1,-3323.18,-459.345,4192.36,-374.415,6901.58,167885
20230101T000000.800000,6,171,3156.66,2948.87,159.297,0,0,0,13969.1,-14841.6,-802.83,15991.9,-749.982,29856.6,177358
20230101T000000.800000,6,172,3135.21,3081.43,371.234,0,0,0,15336.8,-15315.5,-1858.41,15866.9,-1826.53,30920.1,471725
20230101T000000.800000,6,173,7392.91,6964.9,-1763.86,0,0,0,80285.8,-79869.8,20856.2,89818.1,19648.7,165066,163951
20230101T000000.800000,6,174,4995.02,6526.21,1674.76,0,0,0,69826.9,-49962.1,-13377.1,42789,-17477.8,108069,151838
20230101T000000.800000,6,175,5411.95,5203.66,18.9689,0,0,0,43358.6,-45026.9,-164.137,46893.7,-157.82,90187.7,50165.5
20230101T000000.800000,6,176,3191.51,4797.67,-641.265,0,0,0,37049.5,-24166.3,3270.67,16797.1,4916.67,53126.2,41442.4
20230101T000000.800000,6,177,4155.47,5392.01,31.088,0,0,0,46542.4,-35818.4,-206.518,27669.8,-267.971,74146.7,35814.5
20230101T000000.800000,6,178,3689.57,3476.57,-461.495,0,0,0,19552.6,-20321.5,2720.15,21970.8,2563.11,41119.7,365777
20230101T000000.800000,6,179,5421.33,7124.55,288.289,0,0,0,81286.9,-61704.3,-2499.4,47150,-3284.64,128240,66109.1
20230101T000000.800000,6,180,6148.31,7667.73,406.761,0,0,0,94199.2,-75269.5,-3999.77,60682.9,-4988.23,154554,56165
20230101T000000.800000,4,97,6136.54,1021.58,-904.431,0.196331,-0.456152,0.813217,183.152,-404.732,359.238,2542.62,59.9081,2559.29,0
20230101T000000.800000,4,100,2220.42,-1521.04,-255.516,1.18692,2.1315,-2.63669,741.071,956.87,151.247,1461.87,-104.653,2110.56,0
20230101T000000.800000,4,114,3648.02,3509.07,-546.565,-3.78284,-4.52173,1.66913,1224.39,-1177.26,185.173,1312.78,178.352,2420.34,0
20230101T000000.800000,4,115,3269.27,-2135.01,-173.94,1.10904,0.490698,-2.42898,735.293,1019.47,71.187,1617.81,-46.7571,2284.48,0
20230101T000000.800000,4,119,280.152,-98.67,-62.5324,-0.834051,-4.56982,-0.0124294,67.6914,11.4367,14.7612,128.456,-2.68625,132.936,0
20230101T000000.800000,4,129,4196.78,5351.13,-298.207,0.998949,1.58941,1.02982,1536.49,-1152.91,66.6952,972.081,84.9893,2436.48,0
20230101T000000.800000,3,134,9041.89,-1603.87,-583.894,0,0,0,2500,0,0,2500,0,2500,0
20230101T000000.800000,3,135,1403.85,508.112,-126.331,0,0,0,2500,0,0,2500,0,2500,0
20230101T000000.800000,3,136,10834.6,4100.19,-442.638,0,0,0,2500,0,0,2500,0,2500,0
20230101T000000.800000,3,137,9463.32,4297.23,52.6656,0,0,0,2500,0,0,2500,0,2500,0
20230101T000000.800000,3,138,6116.1,1046,-1195.21,0,0,0,2500,0,0,2500,0,2500,0
20230101T000000.800000,3,139,9371.31,2384.27,-626.961,0,0,0,2500,0,0,2500,0,2500,0
20230101T000000.800000,3,140,1609.8,1312.15,179.997,0,0,0,2500,0,0,2500,0,2500,0
20230101T000000.800000,3,141,3156.66,2948.87,159.297,0,0,0,2500,0,0,2500,0,2500,0
20230101T000000.800000,3,142,3135.21,3081.43,371.234,0,0,0,2500,0,0,2500,0,2500,0
20230101T000000.800000,3,143,7392.91,6964.9,-1763.86,0,0,0,2500,0,0,2500,0,2500,0
20230101T000000.800000,3,144,4995.02,6526.22,1674.76,0,0,0,2500,0,0,2500,0,2500,0
20230101T000000.800000,3,145,5411.95,5203.66,18.9689,0,0,0,2500,0,0,2500,0,2500,0
20230101T000000.800000,3,146,3191.51,4797.67,-641.265,0,0,0,2500,0,0,2500,0,2500,0
20230101T000000.800000,3,147,5421.33,7124.55,288.288,0,0,0,2500,0,0,2500,0,2500,0
20230101T000000.800000,3,148,6148.31,7667.73,406.761,0,0,0,2500,0,0,2500,0,2500,0
20230101T000000.900000,6,181,2078.27,-1714.56,-223.2,0,0,0,4788.82,5631,738.131,6968.78,-608.954,11614.8,7.8861e+06
20230101T000000.900000,6,182,6687.33,-4895.44,-918.481,0,0,0,39264.5,51706.4,9821.84,72045.7,-7190.05,109898,612360
20230101T000000.900000,6,183,7347.36,-5529.65,-329.212,0,0,0,49074.8,64891.3,3868.32,86459.8,-2911.31,135297,3.00112e+06
20230101T000000.900000,6,184,1336.02,-666.862,-123.601,0,0,0,781.983,1390.34,259.507,2873.48,-129.53,3567.89,1.02873e+08
20230101T000000.900000,6,185,2429.6,-1167.75,-205.324,0,0,0,2288.31,4488.29,793.8,9469.36,-381.527,11627,7.28442e+06
20230101T000000.900000,6,186,3465.86,-1799,-169.915,0,0,0,5264.93,9931.1,939.774,19242.9,-487.801,24397.8,1.34004e+06
20230101T000000.900000,6,187,253.71,-147.182,-62.4738,0,0,0,85.1393,30.4627,14.0809,119.978,-8.16859,140.428,1.19819e+24
20230101T000000.900000,6,188,7823.49,-4684.11,-1233.36,0,0,0,36943.3,57533.4,15431.4,98590.1,-9239.14,133038,3.11473e+06
20230101T000000.900000,6,189,5652.46,-2568.19,-986.305,0,0,0,11894.9,22616.9,8911.05,51397.5,-4048.73,61675,674342
20230101T000000.900000,6,190,5465.62,-3399.18,-1441.35,0,0,0,20927.9,28207.8,12593,48740.9,-7831.87,66286.9,694538
20230101T000000.900000,6,191,4425.07,-2440.39,-531.205,0,0,0,9923.52,17060.5,3755.16,31450,-2070.94,40859.4,683921
20230101T000000.900000,6,192,11550.4,-615.315,-746.546,0,0,0,1558.54,11320.7,13792.6,213463,-734.759,214066,4.16204e+08
20230101T000000.900000,6,193,6606.73,-794.58,-1272.79,0,0,0,3626.08,8084.71,13442.7,69876,-1616.73,70850.6,111241
20230101T000000.900000,6,194,9130.77,-620.424,-885.021,0,0,0,1926.46,8974.87,12923.4,133400,-878.126,134010,2.83825e+06
20230101T000000.900000,6,195,3174.65,1130.45,471.878,0,0,0,2416.56,-5609.64,-2388.6,16172.6,-850.548,18171.4,391089
20230101T000000.900000,6,196,10280.6,4141.55,-599.865,0,0,0,27994.2,-67902.7,9863.99,169196,3973.7,196550,191617
20230101T000000.900000,6,197,10671.1,2179.14,295.406,0,0,0,7793.27,-37166.2,-5041.99,182204,-1029.62,189793,42160.3
20230101T000000.900000,6,198,5156.86,2112.74,-492.626,0,0,0,7528.73,-17273.7,4059.44,42614,1663.14,49691.4,140971
20230101T000000.900000,6,199,9215.7,2909.36,711.135,0,0,0,14336.7,-42648.4,-10481.3,135966,-3308.91,149430,27286.3
20230101T000000.900000,6,200,6685.53,2675.56,-657.343,0,0,0,12104.5,-28359.7,7026.12,71618.3,2811.87,82968.4,29005.2
20230101T000000.900000,6,201,1126.01,1617.97,-248.996,0,0,0,4241.46,-2838.92,444.049,2137.9,638.059,6218.18,43166.6
20230101T000000.900000,6,202,2075.59,2769.66,343.289,0,0,0,12364.2,-9076.96,-1136.27,7054.22,-1516.24,19167.1,180807
20230101T000000.900000,6,203,3656.16,2444.63,57.2745,0,0,0,9609.83,-14268.8,-334.355,21409.4,-223.561,30950,569676
20230101T000000.900000,6,204,6876.68,8505.04,-1257.3,0,0,0,116762,-92310.9,13829.2,77229.6,17103.8,191400,21520.1
20230101T000000.900000,6,205,7752.78,6863.97,-906.421,0,0,0,76155.1,-84459.8,11239.5,96774.4,9950.96,171552,1.32885e+07
20230101T000000.900000,6,206,5891.85,4503.7,1119.03,0,0,0,33757.5,-41459.4,-10541.5,56304.3,-8057.89,87997.1,322952
20230101T000000.900000,6,207,5319.9,5947.76,-483.314,0,0,0,56795.8,-50409,4111.32,45525.3,4596.53,101884,1.54721e+06
20230101T000000.900000,6,208,4196.37,4195.12,949.677,0,0,0,28911.3,-27414.1,-6369.25,28927.7,-6367.35,56335.2,483572
20230101T000000.900000,6,209,6520.2,7410.28,656.524,0,0,0,88188.4,-76932.8,-6846.27,68445.4,-7780.86,155881,128889
20230101T000000.900000,6,210,5448.24,3394.99,1952.56,0,0,0,22877.6,-26830.5,-17005.7,49215.8,-10596.8,65940.3,58882.3
20230101T000000.900000,6,211,3192.91,4036.06,-580.498,0,0,0,26295.6,-20325.8,2961.14,16682,3743.09,42376,51127.8
20230101T000000.900000,4,100,2198.94,-1553.02,-250.556,-4.99058,-7.47557,-1.11951,636.491,848.42,139.754,1286.44,-95.4525,1859.16,0
20230101T000000.900000,4,101,1285.85,-767.54,-100.2,12.983,19.6501,-4.89389,532.569,687.364,67.6209,1081.92,-45.7984,1544.98,0
20230101T000000.900000,4,110,4708.12,6405.04,-847.262,5.83718,-1.60277,2.46491,1761.29,-1220.17,163.014,984.367,222.974,2624.37,0
20230101T000000.900000,4,115,3288.2,-2106.27,-173.804,4.82751,6.34034,-2.3487,673.427,966.364,74.4111,1517.13,-48.1185,2145.67,0
20230101T000000.900000,4,116,7679.28,-5067.47,118.828,0.484522,-2.83743,-1.6287,814.965,1142.58,-28.7859,1798.9,18.9464,2550.45,0
20230101T000000.900000,4,120,11450.1,-914.296,-1555.73,-3.58536,1.00846,2.40399,123.896,196.001,334.349,2552.76,-26.8074,2523.32,0
20230101T000000.900000,4,131,3136.12,4081.6,-557.768,7.79755,8.74026,-1.53171,1573.64,-1137.89,155.112,962.727,202.242,2420.47,0
20230101T000000.900000,4,134,9037.95,-1584.71,-588.986,-0.390475,1.8964,-0.504148,145.556,413.842,150.672,2405.21,-26.7266,2469.07,0
20230101T000000.900000,4,143,7457.38,7019.13,-1765.51,6.38283,5.36942,-0.163342,1240.09,-1174.68,297.625,1380.29,280.393,2417.04,0
20230101T000000.900000,4,148,6187.68,7705.28,412.95,3.8975,3.71728,0.612839,1538.21,-1180.03,-62.6005,1012.76,-78.0709,2480.34,0
20230101T000000.900000,3,149,6687.33,-4895.44,-918.481,0,0,0,2500,0,0,2500,0,2500,0
20230101T000000.900000,3,150,2429.6,-1167.75,-205.324,0,0,0,2500,0,0,2500,0,2500,0
20230101T000000.900000,3,151,253.71,-147.182,-62.4738,0,0,0,2500,0,0,2500,0,2500,0
20230101T000000.900000,3,152,7823.49,-4684.11,-1233.36,0,0,0,2500,0,0,2500,0,2500,0
20230101T000000.900000,3,153,5652.46,-2568.19,-986.305,0,0,0,2500,0,0,2500,0,2500,0
20230101T000000.900000,3,154,5465.62,-3399.18,-1441.35,0,0,0,2500,0,0,2500,0,2500,0
20230101T000000.900000,3,155,4425.06,-2440.39,-531.205,0,0,0,2500,0,0,2500,0,2500,0
20230101T000000.900000,3,156,6606.73,-794.58,-1272.79,0,0,0,2500,0,0,2500,0,2500,0
20230101T000000.900000,3,157,3174.65,1130.45,471.878,0,0,0,2500,0,0,2500,0,2500,0
20230101T000000.900000,3,158,10280.6,4141.55,-599.865,0,0,0,2500,0,0,2500,0,2500,0
20230101T000000.900000,3,159,10671.1,2179.14,295.406,0,0,0,2500,0,0,2500,0,2500,0
20230101T000000.900000,3,160,5156.86,2112.74,-492.626,0,0,0,2500,0,0,2500,0,2500,0
20230101T000000.900000,3,161,9215.7,2909.36,711.135,0,0,0,2500,0,0,2500,0,2500,0
20230101T000000.900000,3,162,6685.53,2675.56,-657.343,0,0,0,2500,0,0,2500,0,2500,0
20230101T000000.900000,3,163,1126.01,1617.97,-248.996,0,0,0,2500,0,0,2500,0,2500,0
20230101T000000.900000,3,164,2075.59,2769.66,343.289,0,0,0,2500,0,0,2500,0,2500,0
20230101T000000.900000,3,165,3656.16,2444.63,57.2745,0,0,0,2500,0,0,2500,0,2500,0
20230101T000000.900000,3,166,6876.68,8505.04,-1257.3,0,0,0,2500,0,0,2500,0,2500,0
20230101T000000.900000,3,167,5891.85,4503.71,1119.03,0,0,0,2500,0,0,2500,0,2500,0
20230101T000000.900000,3,168,4196.37,4195.12,949.677,0,0,0,2500,0,0,2500,0,2500,0
20230101T000000.900000,3,169,5448.24,3394.99,1952.56,0,0,0,2500,0,0,2500,0,2500,0
20230101T000001,6,212,1098.97,-1012.81,-106.866,0,0,0,1685.57,1740.04,184.559,1970,-170.091,3573.95,4.74274e+07
20230101T000001,6,213,225.07,-188.038,-62.6426,0,0,0,96.3178,34.5097,12.5256,108.792,-10.4647,140.416,3.61186e+23
20230101T000001,6,214,6653.24,-4767.75,-1311.44,0,0,0,38229.7,49421.2,13952.4,71779.8,-9998.38,107197,375464
20230101T000001,6,215,4442.59,-4066.09,-911.115,0,0,0,27209.7,28209.7,6469.35,32212.5,-5921.09,58032.9,215482
20230101T000001,6,216,5053.55,-3591.56,-684.934,0,0,0,21179.6,28655.9,5532.47,41134.6,-3931.92,61501.1,189247
20230101T000001,6,217,7066.48,-5845.22,-679.193,0,0,0,55142.6,65694.5,7675.57,80221.9,-6349.05,134563,3.75268e+06
20230101T000001,6,218,3758.15,-2303.09,-225.967,0,0,0,8592.59,13783.8,1355.96,22637.6,-830.967,31084.9,178584
20230101T000001,6,219,10714.8,-4381.02,-662.039,0,0,0,31364.8,74838.8,11346.4,183801,-4639.27,214401,2.88705e+08
20230101T000001,6,220,8260.21,-4003.51,-563.658,0,0,0,26108.2,52687.2,7445.97,109279,-3608.86,134815,3.46475e+06
20230101T000001,6,221,4414.39,-2881.51,-958.769,0,0,0,14359.7,19650.6,6762.37,31636.8,-4414.16,44465.9,260966
20230101T000001,6,222,4048.5,-2533.5,-766.164,0,0,0,10989.6,15960.6,4954.42,26506.4,-3100.42,36496,179362
20230101T000001,6,223,3090.43,-344.512,-80.8337,0,0,0,263.399,1695.31,398.045,15282.1,-44.3728,15471.2,75915.5
20230101T000001,6,224,4383.92,169.879,-98.333,0,0,0,125.494,-1188.5,688.301,30750.1,26.672,30796.2,194557
20230101T000001,6,225,3768.24,-748.478,-711.618,0,0,0,1735.37,4346.06,4279.23,22752.5,-849.976,23617.8,820728
20230101T000001,6,226,7362.33,-961.737,514.653,0,0,0,1959.21,11266.4,-6058.09,86734.5,791.365,88206.5,35598.8
20230101T000001,6,227,7849.54,223.111,-459.265,0,0,0,480.582,-2790.71,5764.3,98584.9,163.841,98664.4,58109.5
20230101T000001,6,228,7905.58,900.375,-794.578,0,0,0,2356.87,-11268.1,10044.3,100011,1143.95,101295,1.95424e+06
20230101T000001,6,229,5848.46,-853.062,-131.643,0,0,0,1254.13,7969.46,1230.44,54729.1,-179.473,55891.6,61995.2
20230101T000001,6,230,5997.39,370.091,-303.555,0,0,0,429.617,-3538.35,2909.64,57550.8,179.55,57769.3,1.38758e+06
20230101T000001,6,231,9769.28,-994.188,-578.077,0,0,0,2173.78,15479.7,9032.1,152708,-919.168,154284,100905
20230101T000001,6,232,2041.03,824.554,159.54,0,0,0,1177.57,-2656.44,-516.722,6679.92,-208.75,7753.43,171601
20230101T000001,6,233,2018.49,1046.63,40.0182,0,0,0,1805.13,-3352.97,-128.242,6532.95,-66.4962,8271.56,429970
20230101T000001,6,234,3217.33,1126.86,129.66,0,0,0,2112.57,-5772.42,-665.161,16571.9,-232.97,18593.7,103239
20230101T000001,6,235,9114.57,6201.11,186.835,0,0,0,61608,-90377.1,-2723.78,132959,-1853.13,194447,43859.8
20230101T000001,6,236,3845.85,1622.92,-290.775,0,0,0,4383.11,-9915.16,1785.15,23695,753.324,27879.4,291255
20230101T000001,6,237,9566.67,4078.18,155.957,0,0,0,26697.6,-62386.3,-2386.3,146450,-1017.26,173044,1.75715e+07
20230101T000001,6,238,6889.72,4840.56,-1114.09,0,0,0,38861.3,-52396.4,12274.5,76626.4,8623.74,113440,338005
20230101T000001,6,239,5036.92,2452.77,-0.547814,0,0,0,9677.46,-19741.9,4.40925,40605.2,2.14712,50218.7,34924.9
20230101T000001,6,240,4823.91,2970.82,-158.076,0,0,0,14196.6,-22883.1,1218.55,37260.7,750.448,51353.4,19162.6
20230101T000001,6,241,6386.75,2990.74,673.519,0,0,0,14958.6,-30258.7,-6877.07,65406.9,-3220.35,79576.8,64349.6
20230101T000001,6,242,8478.02,4644.49,-659.782,0,0,0,35098.8,-62681.4,8946.02,115178,4900.88,149517,355231
20230101T000001,6,243,1635.76,2128.13,-266.81,0,0,0,7312.12,-5484.13,694.462,4392.59,903.494,11528.1,7.90625e+06
20230101T000001,6,244,2072.39,1835.88,-3.06515,0,0,0,5428.6,-6055.67,10.1104,6899.8,8.95661,12264.4,24290.2
20230101T000001,6,245,8406.59,7084.96,834.718,0,0,0,81003.7,-94715.8,-11223.7,113563,-9459.2,193388,44669.8
20230101T000001,6,246,6158.68,9115.46,1531.48,0,0,0,134142,-88052.8,-15086.2,63306.6,-22329,193635,45879.2
20230101T000001,6,247,2311.71,2873.77,-12.6068,0,0,0,13238.9,-10598,46.4922,8589.45,57.796,21764.1,223419
20230101T000001,6,248,910.702,565.412,-79.3036,0,0,0,564.71,-790.842,111.555,1347.51,69.2589,1838.86,150510
20230101T000001,6,249,3042.91,3052.08,438.592,0,0,0,15089.3,-14674,-2130.8,15001,-2137.23,29719.8,32537.1
20230101T000001,6,250,3293.67,3315.17,91.6953,0,0,0,17623,-17431.8,-482.338,17396.2,-485.486,34941.8,38146.4
20230101T000001,6,251,5289.4,6419.25,-1307.41,0,0,0,67062.2,-52953.6,11058.5,46430.6,13420.6,110697,55932.5
20230101T000001,6,252,6814.32,4866.86,-1415.84,0,0,0,40063.2,-51516.6,15428.3,75400.4,11019,112196,334641
20230101T000001,6,253,5622.12,6625.24,-368.747,0,0,0,70347.9,-59457.8,3315.27,50736.8,3906.8,120803,428671
20230101T000001,6,254,5872.46,6501.6,116.334,0,0,0,67671.9,-61046.1,-1092.5,55224.5,-1209.54,122811,26227.8
20230101T000001,6,255,4647.74,4907.03,735.898,0,0,0,38965.9,-36026.4,-5467.69,35052.5,-5772.72,73089.5,213040
20230101T000001,6,256,5573.98,4467.69,294.198,0,0,0,32059.6,-39745.7,-2621.71,49790,-2101.37,81647.3,27287.1
20230101T000001,6,257,3921.02,4225.1,623.507,0,0,0,28879.5,-26165,-3907,24967.2,-4209.99,53162.1,25831.7
20230101T000001,6,258,4444.89,4268.03,57.3816,0,0,0,29181.8,-30318.9,-407.658,31644.5,-391.438,60757.1,145321
20230101T000001,6,259,4127.06,6192.26,-932.317,0,0,0,61797.7,-40218.5,6151.99,28258.8,9230.47,88603.8,155151
20230101T000001,6,260,5212.16,5514.22,876.217,0,0,0,49260,-45340.8,-7302.16,44148.7,-7725.34,92118,25903.7
20230101T000001,6,261,4317.58,6300.23,-1002.99,0,0,0,64043.2,-42742.9,6924.1,30964.4,10103.7,93336.1,18737.6
20230101T000001,6,262,6641.74,6314.77,-2077.23,0,0,0,67460,-63627.8,22064.3,73887.1,20978,134386,45265
20230101T000001,6,263,6015.55,7505.74,-1100.75,0,0,0,90920.7,-71264.9,10590.1,59117.8,13213.5,148038,338434
20230101T000001,6,264,5331.08,7327.79,-2228.64,0,0,0,88685.8,-58694.8,19001,50708.6,26117.7,131391,54602.7
20230101T000001,6,265,4927.96,4566.41,264.824,0,0,0,33458.2,-35917.2,-2086.22,38937,-1933.16,72219.2,609981
20230101T000001,6,266,3640.24,3473.36,-819.784,0,0,0,19898.3,-19662,4767.39,21744.3,4548.84,40506.6,850459
20230101T000001,4,114,3650.89,3509.81,-563.663,8.22237,6.38656,-6.13098,1271.47,-1243.26,194.328,1367.27,187.012,2537.8,0
20230101T000001,4,132,3866.63,4316.71,186.056,-1.97254,-4.34006,5.97427,1470.32,-1256.94,-47.6832,1188.42,-53.3291,2592.27,0
20230101T000001,4,137,9471.36,4296.95,54.2314,1.54672,-0.0553309,0.301108,489.723,-940.766,-11.5298,2134.27,-5.23559,2561.4,0
20230101T000001,4,142,3077.24,3029.32,370.515,-11.1476,-10.0226,-0.138276,1218.61,-1159.48,-139.768,1258.73,-137.37,2383.1,0
20230101T000001,4,149,6649.43,-4865.36,-922.152,-3.75236,2.97821,-0.363521,920.867,1132.78,212.593,1639.04,-155.628,2439.76,0
20230101T000001,4,151,229.915,-188.147,-62.6336,-2.35598,-4.05596,-0.0158173,81.9632,28.177,12.9924,114.188,-7.53714,132.938,0
20230101T000001,4,152,7828.44,-4669.62,-1220.5,0.490095,1.43468,1.27272,731.785,1045.48,275.379,1852.01,-164.876,2435.39,0
20230101T000001,4,157,3188.62,1133.16,432.179,1.38241,0.267836,-3.93065,341.722,-667.735,-279.417,1979.16,-99.4966,2180.61,0
20230101T000001,4,160,5159.21,2132.44,-469.735,0.232901,1.95014,2.26636,414.35,-814.699,190.036,2069.12,77.857,2385.65,0
20230101T000001,3,170,1098.97,-1012.81,-106.866,0,0,0,2500,0,0,2500,0,2500,0
20230101T000001,3,171,4442.59,-4066.09,-911.115,0,0,0,2500,0,0,2500,0,2500,0
20230101T000001,3,172,5053.55,-3591.56,-684.934,0,0,0,2500,0,0,2500,0,2500,0
20230101T000001,3,173,7066.48,-5845.22,-679.193,0,0,0,2500,0,0,2500,0,2500,0
20230101T000001,3,174,3758.15,-2303.09,-225.967,0,0,0,2500,0,0,2500,0,2500,0
20230101T000001,3,175,10714.8,-4381.02,-662.039,0,0,0,2500,0,0,2500,0,2500,0
20230101T000001,3,176,4414.39,-2881.51,-958.769,0,0,0,2500,0,0,2500,0,2500,0
20230101T000001,3,177,4048.5,-2533.5,-766.164,0,0,0,2500,0,0,2500,0,2500,0
20230101T000001,3,178,3090.43,-344.512,-80.8337,0,0,0,2500,0,0,2500,0,2500,0
20230101T000001,3,179,4383.92,169.879,-98.333,0,0,0,2500,0,0,2500,0,2500,0
20230101T000001,3,180,3768.24,-748.478,-711.618,0,0,0,2500,0,0,2500,0,2500,0
20230101T000001,3,181,7362.33,-961.737,514.653,0,0,0,2500,0,0,2500,0,2500,0
20230101T000001,3,182,7849.54,223.111,-459.265,0,0,0,2500,0,0,2500,0,2500,0
20230101T000001,3,183,7905.58,900.375,-794.578,0,0,0,2500,0,0,2500,0,2500,0
20230101T000001,3,184,5848.46,-853.062,-131.643,0,0,0,2500,0,0,2500,0,2500,0
20230101T000001,3,185,5997.39,370.091,-303.555,0,0,0,2500,0,0,2500,0,2500,0
20230101T000001,3,186,9769.28,-994.188,-578.077,0,0,0,2500,0,0,2500,0,2500,0
20230101T000001,3,187,2041.03,824.554,159.54,0,0,0,2500,0,0,2500,0,2500,0
20230101T000001,3,188,2018.49,1046.63,40.0182,0,0,0,2500,0,0,2500,0,2500,0
20230101T000001,3,189,9114.57,6201.11,186.835,0,0,0,2500,0,0,2500,0,2500,0
20230101T000001,3,190,3845.85,1622.92,-290.775,0,0,0,2500,0,0,2500,0,2500,0
20230101T000001,3,191,6889.72,4840.56,-1114.09,0,0,0,2500,0,0,2500,0,2500,0
20230101T000001,3,192,4823.91,2970.82,-158.076,0,0,0,2500,0,0,2500,0,2500,0
20230101T000001,3,193,6386.75,2990.74,673.519,0,0,0,2500,0,0,2500,0,2500,0
20230101T000001,3,194,8478.02,4644.49,-659.782,0,0,0,2500,0,0,2500,0,2500,0
20230101T000001,3,195,1635.76,2128.13,-266.81,0,0,0,2500,0,0,2500,0,2500,0
20230101T000001,3,196,2072.39,1835.88,-3.06515,0,0,0,2500,0,0,2500,0,2500,0
20230101T000001,3,197,8406.59,7084.96,834.718,0,0,0,2500,0,0,2500,0,2500,0
20230101T000001,3,198,6158.68,9115.46,1531.48,0,0,0,2500,0,0,2500,0,2500,0
20230101T000001,3,199,2311.71,2873.77,-12.6068,0,0,0,2500,0,0,2500,0,2500,0
20230101T000001,3,200,910.702,565.412,-79.3036,0,0,0,2500,0,0,2500,0,2500,0
20230101T000001,3,201,3293.67,3315.17,91.6954,0,0,0,2500,0,0,2500,0,2500,0
20230101T000001,3,202,5289.41,6419.25,-1307.41,0,0,0,2500,0,0,2500,0,2500,0
20230101T000001,3,203,6814.32,4866.86,-1415.84,0,0,0,2500,0,0,2500,0,2500,0
20230101T000001,3,204,5622.12,6625.24,-368.747,0,0,0,2500,0,0,2500,0,2500,0
20230101T000001,3,205,5872.46,6501.6,116.334,0,0,0,2500,0,0,2500,0,2500,0
20230101T000001,3,206,4647.74,4907.03,735.898,0,0,0,2500,0,0,2500,0,2500,0
20230101T000001,3,207,5573.98,4467.69,294.198,0,0,0,2500,0,0,2500,0,2500,0
20230101T000001,3,208,4444.89,4268.03,57.3816,0,0,0,2500,0,0,2500,0,2500,0
20230101T000001,3,209,4127.06,6192.26,-932.317,0,0,0,2500,0,0,2500,0,2500,0
20230101T000001,3,210,5212.16,5514.22,876.217,0,0,0,2500,0,0,2500,0,2500,0
20230101T000001,3,211,4317.58,6300.23,-1002.99,0,0,0,2500,0,0,2500,0,2500,0
20230101T000001,3,212,6641.74,6314.77,-2077.23,0,0,0,2500,0,0,2500,0,2500,0
20230101T000001,3,213,6015.55,7505.74,-1100.75,0,0,0,2500,0,0,2500,0,2500,0
20230101T000001,3,214,5331.08,7327.79,-2228.64,0,0,0,2500,0,0,2500,0,2500,0
20230101T000001,3,215,4927.96,4566.41,264.824,0,0,0,2500,0,0,2500,0,2500,0
20230101T000001.100000,6,267,2149.51,-2397.13,675.24,0,0,0,9546.47,7851.18,-2313.71,7830.97,2580.25,16589.3,579103
20230101T000001.100000,6,268,2304.48,-2847.87,-80.2367,0,0,0,13006,10464.3,294.965,8541.9,-364.517,21473.6,462971
20230101T000001.100000,6,269,4440.77,-5736.51,-1202.56,0,0,0,53542.4,39609.1,8538.16,33038.5,-11029.4,84206.5,681203
20230101T000001.100000,6,270,5274.7,-5999.23,-15.1718,0,0,0,57613.3,50598.7,127.962,44552.2,-145.539,102101,1.08752e+06
20230101T000001.100000,6,271,3788.59,-4612.77,-1035.83,0,0,0,34760.8,27089,6272.12,24027.8,-7636.57,57011.6,171765
20230101T000001.100000,6,272,3761.56,-4780.03,-318.922,0,0,0,36644.6,28658.5,1917.36,22778.9,-2436.5,59197.1,170989
20230101T000001.100000,6,273,3772.67,-3982.98,158.667,0,0,0,25431.9,23990.3,-956.483,22827.7,1009.8,48155.4,177266
20230101T000001.100000,6,274,4038.24,-3063.71,-353.756,0,0,0,15185.6,19668.1,2282.15,26188.3,-1731.41,41110.3,314212
20230101T000001.100000,6,275,3104.08,-630.407,-395.564,0,0,0,936.818,3069.81,1956.87,15428.9,-397.42,16053.4,834845
20230101T000001.100000,6,276,9908.27,-3070.92,655.075,0,0,0,15773.5,48471.8,-10381.2,157144,3217.5,172167,1.71802e+07
20230101T000001.100000,6,277,8823.11,-2462.35,-814.812,0,0,0,10745.5,34469.5,11497.2,124637,-3208.65,134257,4.16545e+06
20230101T000001.100000,6,278,4984.89,-1795.88,337.087,0,0,0,5377.65,14245.3,-2684.73,39786.8,967.215,44919.2,285417
20230101T000001.100000,6,279,5629.69,-2511.81,1231.29,0,0,0,12169,21699.6,-11079.7,51122.5,4943.43,60806.7,240864
20230101T000001.100000,6,280,4355.65,-1626.24,-732.287,0,0,0,5039.29,11031.7,5094.12,30467.3,-1901.96,34587.7,466309
20230101T000001.100000,6,281,4482.95,-1392.17,-652.097,0,0,0,3778.82,9775.19,4668.98,32220.3,-1449.94,35257.2,475498
20230101T000001.100000,6,282,4775.84,-793.907,-657.32,0,0,0,1742.33,5944.52,5014.39,36514.1,-833.562,37503.5,365548
20230101T000001.100000,6,283,2690.09,249.234,-100.392,0,0,0,178.744,-1065.38,429.737,11579.2,39.8146,11678,8.25438e+06
20230101T000001.100000,6,284,1494.15,96.2432,-56.5616,0,0,0,83.5627,-225.654,132.809,3572.24,8.55468,3586.87,1.17436e+08
20230101T000001.100000,6,285,3791.88,754.497,-276.199,0,0,0,1089.49,-4541.99,1671.24,23012.4,332.539,23916.5,1.30064e+06
20230101T000001.100000,6,286,3867.46,564.021,-45.535,0,0,0,574.898,-3480.51,281.03,23933,40.9847,24440.6,1.25209e+06
20230101T000001.100000,6,287,11565.3,552.251,-140.402,0,0,0,583.283,-10214.6,2597.29,214010,124.022,214498,9.97794e+07
20230101T000001.100000,6,288,6726.59,499.153,-635.626,0,0,0,1104.63,-5319.77,6834.99,72399.2,507.197,72794.5,594475
20230101T000001.100000,6,289,5436.44,1037.74,-625.237,0,0,0,2387.51,-8899.78,5431.5,47312.1,1036.8,49011.8,677010
20230101T000001.100000,6,290,193.109,229.256,-9.74796,0,0,0,110.691,-39.2582,1.67244,97.1528,1.98549,143.827,5.79535e+26
20230101T000001.100000,4,134,9035.86,-1601.84,-593.566,2.75642,-3.63529,-1.99053,133.596,438.046,161.991,2547.46,-28.4512,2614.46,0
20230101T000001.100000,3,216,2149.51,-2397.13,675.24,0,0,0,2500,0,0,2500,0,2500,0
20230101T000001.100000,3,217,2304.48,-2847.87,-80.2367,0,0,0,2500,0,0,2500,0,2500,0
20230101T000001.100000,3,218,4440.77,-5736.51,-1202.56,0,0,0,2500,0,0,2500,0,2500,0
20230101T000001.100000,3,219,5274.7,-5999.23,-15.1718,0,0,0,2500,0,0,2500,0,2500,0
20230101T000001.100000,3,220,3788.59,-4612.77,-1035.83,0,0,0,2500,0,0,2500,0,2500,0
20230101T000001.100000,3,221,3761.56,-4780.03,-318.922,0,0,0,2500,0,0,2500,0,2500,0
20230101T000001.100000,3,222,3772.67,-3982.98,158.667,0,0,0,2500,0,0,2500,0,2500,0
20230101T000001.100000,3,223,4038.24,-3063.71,-353.756,0,0,0,2500,0,0,2500,0,2500,0
20230101T000001.100000,3,224,3104.08,-630.407,-395.564,0,0,0,2500,0,0,2500,0,2500,0
20230101T000001.100000,3,225,9908.27,-3070.92,655.075,0,0,0,2500,0,0,2500,0,2500,0
20230101T000001.100000,3,226,4984.89,-1795.88,337.087,0,0,0,2500,0,0,2500,0,2500,0
20230101T000001.100000,3,227,5629.69,-2511.81,1231.29,0,0,0,2500,0,0,2500,0,2500,0
20230101T000001.100000,3,228,4355.65,-1626.24,-732.287,0,0,0,2500,0,0,2500,0,2500,0
20230101T000001.100000,3,229,4482.95,-1392.17,-652.097,0,0,0,2500,0,0,2500,0,2500,0
20230101T000001.100000,3,230,4775.84,-793.907,-657.32,0,0,0,2500,0,0,2500,0,2500,0
20230101T000001.100000,3,231,2690.09,249.234,-100.392,0,0,0,2500,0,0,2500,0,2500,0
20230101T000001.100000,3,232,1494.15,96.2432,-56.5616,0,0,0,2500,0,0,2500,0,2500,0
20230101T000001.100000,3,233,3791.88,754.497,-276.199,0,0,0,2500,0,0,2500,0,2500,0
20230101T000001.100000,3,234,3867.46,564.021,-45.535,0,0,0,2500,0,0,2500,0,2500,0
20230101T000001.100000,3,235,11565.3,552.251,-140.402,0,0,0,2500,0,0,2500,0,2500,0
20230101T000001.100000,3,236,6726.59,499.153,-635.626,0,0,0,2500,0,0,2500,0,2500,0
20230101T000001.100000,3,237,5436.44,1037.74,-625.237,0,0,0,2500,0,0,2500,0,2500,0
20230101T000001.100000,3,238,193.109,229.256,-9.74796,0,0,0,2500,0,0,2500,0,2500,0
20230101T000001.200000,6,291,1882.11,-2656.97,86.5353,0,0,0,11320.6,7965.34,-259.608,5718.33,366.488,16963,184663
20230101T000001.200000,6,292,1967.4,-1854.21,-2.60021,0,0,0,5534.86,5804.81,8.14026,6223.17,-7.67194,11694,1.95167e+06
20230101T000001.200000,6,293,8294.11,-8082.43,516.362,0,0,0,104773,107013,-6850.38,110306,6675.55,214589,3.1382e+08
20230101T000001.200000,6,294,3079.39,-3089.55,148.964,0,0,0,15322,15172.6,-732.41,15222.1,734.825,30444.8,119036
20230101T000001.200000,6,295,2673.79,-2493.11,737.802,0,0,0,10443.8,10200.6,-3147.28,11872.3,2934.61,21386.1,215587
20230101T000001.200000,6,296,2733.25,-2782.53,-170.978,0,0,0,12442.3,12113.2,745.759,12009.3,-759.205,24341.1,3.84937e+06
20230101T000001.200000,6,297,6651.83,-7399.38,139.697,0,0,0,87644,78703.7,-1486.19,70847.5,1653.21,158396,152468
20230101T000001.200000,6,298,5705.99,-8573.55,940.537,0,0,0,118063,77590.9,-8583.51,53118.3,12897.2,169703,406039
20230101T000001.200000,6,299,6814.99,-7837.83,449.087,0,0,0,98457,85272.2,-4895.03,74530.7,5629.7,172601,9.77344e+06
20230101T000001.200000,6,300,5383.41,-5899.7,-231.096,0,0,0,55758.2,50742.4,1989.29,46451.3,-2180.07,102060,755226
20230101T000001.200000,6,301,4280.5,-5966.83,1979.58,0,0,0,59115.6,37867.7,-13548.3,33495.2,18885.8,86285.6,143620
20230101T000001.200000,6,302,3828.35,-4199.72,971.618,0,0,0,28934,24941.9,-5944.35,24309,6520.98,51672.1,80518.2
20230101T000001.200000,6,303,4285.27,-5241.84,-392.156,0,0,0,44087.2,35788.5,2686.45,29567.3,-3286.14,73344.9,552736
20230101T000001.200000,6,304,4793.6,-5036.25,-131.643,0,0,0,40625.8,38581,1008.83,36813.8,-1059.9,77347.9,70618.2
20230101T000001.200000,6,305,4638.27,-4986.96,1890.75,0,0,0,42472.2,34127.3,-14020.5,37520.5,15074.5,74217.9,108057
20230101T000001.200000,6,306,5231.93,-3493.69,182.502,0,0,0,19610.4,29191.8,-1526.2,43833.1,1019.14,63326.3,589898
20230101T000001.200000,6,307,5663.4,-7242.01,-119.205,0,0,0,83947.7,65581,1079.66,51372.4,-1380.6,135233,2.38008e+06
20230101T000001.200000,6,308,4900.03,-4052.35,342.503,0,0,0,26423.8,31647.1,-2682.59,38518.7,2218.52,64691.1,149726
20230101T000001.200000,6,309,3376.7,-3548.35,444.341,0,0,0,20325.6,18981.3,-2396.68,18442.4,2518.51,38389.2,81459.4
20230101T000001.200000,6,310,1391.19,-551.37,-74.3062,0,0,0,549.226,1202.4,162.451,3106.51,-64.3843,3583.22,2.38237e+07
20230101T000001.200000,6,311,3150.01,-1214.39,-278.832,0,0,0,2523.22,6057.45,1400.42,15900.5,-539.887,18236.1,112763
20230101T000001.200000,6,312,10668,-2894.66,-905.634,0,0,0,14688,49060.5,15453,182183,-4193.03,195496,385158
20230101T000001.200000,6,313,10829.1,-4129.65,224.428,0,0,0,27412.6,71504.2,-3887.39,187648,1482.45,214916,3.17757e+08
20230101T000001.200000,6,314,7054.47,-2418.79,-866.92,0,0,0,10493.3,26912.9,9778.11,79758.1,-3352.65,88986.6,102144
20230101T000001.200000,6,315,8285.62,-2286.43,1324.29,0,0,0,11029.9,29575.6,-17546.8,110045,4842.06,118208,142244
20230101T000001.200000,6,316,8958.34,-2060.68,-63.4191,0,0,0,6861.16,29521.1,908.577,128407,-209,135197,2.26821e+06
20230101T000001.200000,6,317,4391.38,-2559.69,-385.281,0,0,0,10708,17853.9,2702.9,30931.1,-1575.49,41338.3,98868.1
20230101T000001.200000,6,318,5459.81,-1211.48,334.552,0,0,0,2579.77,10531.8,-2918.82,47706.6,647.662,50043.7,613815
20230101T000001.200000,6,319,228.796,193.613,-10.1865,0,0,0,97.3251,-39.2719,2.07051,110.501,1.75211,143.807,2.59693e+26
20230101T000001.200000,4,134,9033.06,-1611.12,-582.867,-4.2901,-5.71504,2.21906,129.537,460.593,170.882,2657.31,-30.1789,2728.31,0
20230101T000001.200000,4,155,4436.14,-2455.06,-523.775,3.04691,-4.03948,2.04499,664.62,1042.32,227.046,1979.79,-125.214,2529.12,0
20230101T000001.200000,4,175,10714.1,-4377.15,-651.306,-0.144558,0.745185,2.06407,428.462,875.151,132.254,2211.02,-54.0754,2560.78,0
20230101T000001.200000,4,219,5278.47,-5998.14,-20.3855,0.373795,0.108272,-0.516216,1416.95,1190.94,3.01183,1109.54,-3.42554,2464.05,0
20230101T000001.200000,4,238,229.636,198.455,-10.1628,3.6165,-3.0496,-0.041078,105.502,-36.2253,1.54315,93.0095,1.832,136.074,0
20230101T000001.200000,3,239,1882.11,-2656.97,86.5353,0,0,0,2500,0,0,2500,0,2500,0
20230101T000001.200000,3,240,1967.4,-1854.21,-2.60021,0,0,0,2500,0,0,2500,0,2500,0
20230101T000001.200000,3,241,8294.11,-8082.43,516.362,0,0,0,2500,0,0,2500,0,2500,0
20230101T000001.200000,3,242,3079.39,-3089.55,148.964,0,0,0,2500,0,0,2500,0,2500,0
20230101T000001.200000,3,243,2673.79,-2493.11,737.802,0,0,0,2500,0,0,2500,0,2500,0
20230101T000001.200000,3,244,2733.25,-2782.53,-170.978,0,0,0,2500,0,0,2500,0,2500,0
20230101T000001.200000,3,245,6651.83,-7399.38,139.697,0,0,0,2500,0,0,2500,0,2500,0
20230101T000001.200000,3,246,5705.99,-8573.55,940.537,0,0,0,2500,0,0,2500,0,2500,0
20230101T000001.200000,3,247,6814.99,-7837.83,449.087,0,0,0,2500,0,0,2500,0,2500,0
20230101T000001.200000,3,248,4280.5,-5966.83,1979.58,0,0,0,2500,0,0,2500,0,2500,0
20230101T000001.200000,3,249,3828.35,-4199.72,971.618,0,0,0,2500,0,0,2500,0,2500,0
20230101T000001.200000,3,250,4285.27,-5241.84,-392.156,0,0,0,2500,0,0,2500,0,2500,0
20230101T000001.200000,3,251,4793.6,-5036.25,-131.643,0,0,0,2500,0,0,2500,0,2500,0
20230101T000001.200000,3,252,4638.27,-4986.96,1890.75,0,0,0,2500,0,0,2500,0,2500,0
20230101T000001.200000,3,253,5231.93,-3493.69,182.502,0,0,0,2500,0,0,2500,0,2500,0
20230101T000001.200000,3,254,5663.4,-7242.01,-119.205,0,0,0,2500,0,0,2500,0,2500,0
20230101T000001.200000,3,255,4900.03,-4052.35,342.503,0,0,0,2500,0,0,2500,0,2500,0
20230101T000001.200000,3,256,3376.7,-3548.35,444.341,0,0,0,2500,0,0,2500,0,2500,0
20230101T000001.200000,3,257,1391.19,-551.37,-74.3062,0,0,0,2500,0,0,2500,0,2500,0
20230101T000001.200000,3,258,3150.01,-1214.39,-278.832,0,0,0,2500,0,0,2500,0,2500,0
20230101T000001.200000,3,259,10668,-2894.66,-905.634,0,0,0,2500,0,0,2500,0,2500,0
20230101T000001.200000,3,260,7054.47,-2418.79,-866.92,0,0,0,2500,0,0,2500,0,2500,0
20230101T000001.200000,3,261,8285.62,-2286.43,1324.29,0,0,0,2500,0,0,2500,0,2500,0
20230101T000001.200000,3,262,5459.81,-1211.48,334.552,0,0,0,2500,0,0,2500,0,2500,0
20230101T000001.300000,6,320,1947.46,-1871.01,-124.514,0,0,0,5647.17,5785.63,385.853,6110.72,-370.705,11669.4,3.89968e+06
20230101T000001.300000,6,321,1050.17,-1068.64,10.1454,0,0,0,1858.7,1763.52,-16.7432,1797.2,17.0377,3591.74,4.823e+07
20230101T000001.300000,6,322,3150.27,-2301.15,-240.727,0,0,0,8574.52,11524.3,1210.19,15933.2,-883.997,24351.4,915413
20230101T000001.300000,6,323,8332.11,-8062.99,124.328,0,0,0,104065,107446,-1656.97,111121,1603.45,215097,2.73214e+08
20230101T000001.300000,6,324,4810.33,-4769,-132.688,0,0,0,36435.8,36658.7,1020.35,37068.6,-1011.58,73412.2,186043
20230101T000001.300000,6,325,7113.49,-5816.3,-330.213,0,0,0,54269.8,66081.9,3756.57,81058.3,-3071.53,135090,2.51846e+06
20230101T000001.300000,6,326,7251.13,-5709.94,1137.79,0,0,0,53483,65208.3,-13194.3,84943.2,10389.9,136293,786761
20230101T000001.300000,6,327,3895.88,-4903.81,-628.006,0,0,0,38744.5,30229.3,3910.67,24710.4,-4922.42,62761.1,1.07241e+06
20230101T000001.300000,6,328,3095.92,-4040.6,-7.88522,0,0,0,26146,19984.1,38.9989,15375.9,-50.8989,41457.9,1.10749e+06
20230101T000001.300000,6,329,3561.58,-3741.88,367.364,0,0,0,22535.5,21183.6,-2090.31,20442.5,2196.13,42698.7,272545
20230101T000001.300000,6,330,1411.85,-501.118,-21.9832,0,0,0,459.305,1111.59,48.7744,3196.57,-17.3118,3591.13,4.65086e+07
20230101T000001.300000,6,331,2513.1,-996.164,-27.4004,0,0,0,1644.09,3983.2,109.573,10113.9,-43.4335,11692.8,3.56926e+06
20230101T000001.300000,6,332,9893.56,-3208.89,-26.4524,0,0,0,16534,50776.6,418.579,156618,-135.762,173087,1.61209e+07
20230101T000001.300000,6,333,7526.08,-2659.36,-289.285,0,0,0,11491.3,31961.1,3481.31,90649.1,-1230.13,101943,1.60584e+06
20230101T000001.300000,6,334,6874.65,-2491.22,-492.673,0,0,0,10329.5,27257.2,5415.09,75669.8,-1962.31,85547.5,280413
20230101T000001.300000,6,335,8307.37,-3893.08,-602.602,0,0,0,24778.3,51498.2,8005.87,110536,-3751.79,134670,2.64763e+06
20230101T000001.300000,6,336,5067.78,-2161.19,-357.411,0,0,0,7700.04,17427.1,2894.25,41133.1,-1234.27,48565.3,220284
20230101T000001.300000,6,337,5414.25,-1420.96,231.071,0,0,0,3370.32,12272.9,-1999.17,46912.2,524.679,50133.3,541954
20230101T000001.300000,6,338,259.884,149.28,-10.4465,0,0,0,83.8505,-34.3891,2.4118,123.965,1.38537,143.796,3.76435e+26
20230101T000001.300000,4,115,3275.65,-2124.97,-181.721,-2.56024,-3.98971,-5.7798,796.486,1147.57,95.6247,1851.98,-60.8896,2583.47,0
20230101T000001.300000,4,152,7838.07,-4652.71,-1207.19,-0.132179,9.5463,6.40789,807.129,1183.54,309.863,2083.91,-184.983,2743.76,0
20230101T000001.300000,4,170,1079.93,-1038.78,-56.4788,-5.23932,-7.14848,13.8681,747.969,735.536,77.7888,868.199,-71.6905,1541.92,0
20230101T000001.300000,4,173,7066.6,-5843.97,-672.222,0.0319628,0.343295,1.9186,1130.64,1274.07,148.059,1617.03,-122.471,2656.97,0
20230101T000001.300000,4,225,9914.84,-3075.07,645.423,1.26456,-0.798608,-1.85604,290.521,703.8,-150.141,2343.19,46.5339,2551.55,0
20230101T000001.300000,4,240,1964.23,-1857.55,-24.2573,-0.314198,-0.330234,-2.14427,1009.91,1005.33,1.4098,1129.12,-1.3287,2076.61,0
20230101T000001.300000,4,241,8296.59,-8084.19,511.939,0.245608,-0.174389,-0.437939,1250.06,1213.79,-77.5472,1312.82,75.5681,2490.86,0
20230101T000001.300000,4,250,4299.52,-5222.12,-383.17,1.41121,1.95323,0.889745,1491.32,1161.64,86.9151,1020.02,-106.317,2433.28,0
20230101T000001.300000,4,257,1400.45,-530.904,-52.722,0.917204,2.02636,2.13705,258.042,484.773,65.4007,1289.06,-25.9203,1479.21,0
20230101T000001.300000,4,262,5457.66,-1221.55,329.589,-0.212569,-0.996445,-0.491428,180.242,493.37,-136.269,2294.24,30.2368,2395.78,0
20230101T000001.300000,3,263,7251.13,-5709.94,1137.79,0,0,0,2500,0,0,2500,0,2500,0
20230101T000001.300000,3,264,3895.88,-4903.81,-628.006,0,0,0,2500,0,0,2500,0,2500,0
20230101T000001.300000,3,265,3095.92,-4040.6,-7.88522,0,0,0,2500,0,0,2500,0,2500,0
20230101T000001.300000,3,266,3561.58,-3741.88,367.364,0,0,0,2500,0,0,2500,0,2500,0
20230101T000001.300000,3,267,2513.1,-996.164,-27.4004,0,0,0,2500,0,0,2500,0,2500,0
20230101T000001.300000,3,268,7526.08,-2659.36,-289.285,0,0,0,2500,0,0,2500,0,2500,0
20230101T000001.300000,3,269,6874.65,-2491.22,-492.673,0,0,0,2500,0,0,2500,0,2500,0
20230101T000001.300000,3,270,5067.78,-2161.19,-357.411,0,0,0,2500,0,0,2500,0,2500,0
20230101T000001.300000,3,271,259.884,149.28,-10.4465,0,0,0,2500,0,0,2500,0,2500,0
20230101T000001.400000,6,339,1927.95,-1883.94,265.028,0,0,0,5768.7,5723.57,-813.08,6033.03,794.522,11626.6,3.61553e+06
20230101T000001.400000,6,340,1093.55,-1019.34,100.207,0,0,0,1705.17,1743.72,-172.206,1950.44,160.52,3576.12,3.60264e+07
20230101T000001.400000,6,341,2037.47,-2430.88,581.162,0,0,0,9703.25,7628.02,-1887.27,6995.81,2251.68,16098.8,403282
20230101T000001.400000,6,342,3545.19,-2590.32,239.631,0,0,0,10837.1,14618.9,-1356.45,20163.6,991.098,30845.1,258484
20230101T000001.400000,6,343,8104.05,-8285.09,-36.685,0,0,0,109861,107395,475.534,105115,-486.157,214909,2.79456e+08
20230101T000001.400000,6,344,2764.72,-2727.8,226.794,0,0,0,11979.4,11993.5,-1000.58,12302,987.22,24135.5,1.97539e+06
20230101T000001.400000,6,345,8038.07,-6558.65,699.859,0,0,0,69334.1,83935.1,-8997.5,103716,7341.5,172203,8.17898e+06
20230101T000001.400000,6,346,5865.12,-4574.86,554.55,0,0,0,33832.4,42661.8,-5200.26,55249.5,4056.26,88526.6,112083
20230101T000001.400000,6,347,5563,-5707.61,398.57,0,0,0,52277.8,50643.3,-3545.36,49678.2,3637.52,101638,212135
20230101T000001.400000,6,348,5252.91,-4264.95,342.537,0,0,0,29255.3,35722.4,-2876.4,44248.9,2335.41,73252.8,166312
20230101T000001.400000,6,349,3599.84,-4739.8,1368.88,0,0,0,37064.2,25826.7,-7875.96,22674.1,10370,56682.6,234512
20230101T000001.400000,6,350,4019.79,-3133.55,-82.6036,0,0,0,15757.2,20117.6,530.461,25882.2,-413.51,41564.5,90635.2
20230101T000001.400000,6,351,3794.22,-4098.49,439.22,0,0,0,27048,24695.3,-2663,23234.3,2876.55,49910.4,176162
20230101T000001.400000,6,352,7413.33,-5405.62,-579.708,0,0,0,47145.9,63831.6,6872.86,88140.8,-5011.52,134685,1.29656e+06
20230101T000001.400000,6,353,5081.38,-3673.43,639.712,0,0,0,22062.1,29524.8,-5195.76,41559.2,3756.11,62903.9,257766
20230101T000001.400000,6,354,5005.28,-3641.24,1495.89,0,0,0,23594.6,27428.7,-11967.9,41344.5,8706.42,61301.9,126188
20230101T000001.400000,6,355,281.501,102.854,-10.3919,0,0,0,73.4732,-25.6647,2.59866,134.338,0.949489,143.792,5.01461e+26
20230101T000001.400000,4,170,1086.22,-1034.78,-6.74336,-5.34812,-2.61943,33.6019,554.764,543.846,44.3666,614.692,-33.6325,1122.97,0
20230101T000001.400000,4,173,7073.45,-5834.6,-670.091,0.879875,4.83846,2.73655,1161.74,1341.76,154.988,1674.35,-128.191,2769.83,0
20230101T000001.400000,4,216,2098.18,-2362.63,651.009,-14.1263,9.49597,-6.66917,1368.24,1084.25,-307.377,1131.33,342.787,2257.92,0
20230101T000001.400000,4,219,5281.57,-5985.99,-9.74114,-11.8589,18.3704,2.52507,1482.27,1263.62,4.02201,1157.8,-4.55852,2594.01,0
20230101T000001.400000,4,222,3846.51,-4065.81,176.439,20.3231,-22.799,4.89138,1389.98,1255.36,-50.0113,1253.71,52.7992,2577.07,0
20230101T000001.400000,4,223,4049.33,-3077.3,-338.092,3.05004,-3.74059,4.31146,980.961,1194.64,137.984,1649.26,-104.685,2544.28,0
20230101T000001.400000,4,240,1961.73,-1864.81,19.8229,5.20118,-7.55822,7.25717,873.308,885.367,7.17938,974.694,-7.18056,1809.47,0
20230101T000001.400000,4,241,8292.18,-8084.49,505.314,-6.86611,5.86626,-2.10009,1258.51,1248.39,-79.3424,1323.18,77.3147,2534.85,0
20230101T000001.400000,4,244,2729.31,-2770.11,-132.016,-0.75701,2.38798,7.49268,1228.35,1140.93,70.1204,1187.58,-71.3847,2345.13,0
20230101T000001.400000,4,253,5233.55,-3505.86,200.769,0.312469,-2.34193,3.51287,814.814,1123.61,-58.6967,1747.16,39.1955,2495.5,0
20230101T000001.400000,4,271,284.045,107.211,-10.3948,2.39217,-4.16534,0.00512373,80.7351,-31.7328,2.22536,117.751,1.27828,136.046,0
20230101T000001.400000,3,272,3545.19,-2590.32,239.631,0,0,0,2500,0,0,2500,0,2500,0
20230101T000001.400000,3,273,8038.07,-6558.65,699.859,0,0,0,2500,0,0,2500,0,2500,0
20230101T000001.400000,3,274,5865.12,-4574.86,554.55,0,0,0,2500,0,0,2500,0,2500,0
20230101T000001.400000,3,275,5252.91,-4264.95,342.537,0,0,0,2500,0,0,2500,0,2500,0
20230101T000001.400000,3,276,3599.84,-4739.8,1368.88,0,0,0,2500,0,0,2500,0,2500,0
20230101T000001.400000,3,277,5005.28,-3641.24,1495.89,0,0,0,2500,0,0,2500,0,2500,0
20230101T000001.500000,6,356,1894.38,-1916.74,-214.87,0,0,0,5946.18,5740.95,647.71,5811.45,-655.355,11620.6,6.57382e+06
20230101T000001.500000,6,357,1050.11,-1066.75,-65.1012,0,0,0,1855.51,1757.01,107.433,1800.26,-109.135,3585.24,6.30673e+07
20230101T000001.500000,6,358,7860.73,-8502.26,-38.4934,0,0,0,115692,106901,483.993,98901.6,-523.493,214527,7.73835e+07
20230101T000001.500000,6,359,2786.43,-2700.17,471.499,0,0,0,11881.4,11828.9,-2096.58,12625.6,2031.67,24089.1,616928
20230101T000001.500000,6,360,6618.34,-7385.68,-139.255,0,0,0,87319.5,78162.2,1474.01,70136.6,-1644.91,157361,633322
20230101T000001.500000,6,361,7107.05,-7601.67,69.0151,0,0,0,92490.1,86405,-784.5,80854.5,839.099,173273,4.45506e+06
20230101T000001.500000,6,362,4938.99,-6276.15,-52.7099,0,0,0,63050.2,49563.3,416.273,39072.1,-528.972,102054,1.3798e+06
20230101T000001.500000,6,363,6638.77,-5012.71,239.816,0,0,0,40303,53170.2,-2545.86,70573.8,1922.3,110721,295327
20230101T000001.500000,6,364,5458.98,-4999.93,-1252.16,0,0,0,41396.9,42390.7,10929.1,48853.6,-10010,87681.4,308722
20230101T000001.500000,6,365,3522.05,-4859.26,-311.736,0,0,0,37855.4,27279.1,1754.77,19991.5,-2421.01,57627.8,358731
20230101T000001.500000,6,366,5910.68,-7042.21,-7.28613,0,0,0,79374.8,66567.3,68.873,55935.5,-82.0579,135246,3.89726e+06
20230101T000001.500000,6,367,4929.57,-3908.59,-161.777,0,0,0,24508.3,30776.7,1274.7,38921.9,-1010.69,63324.4,982575
20230101T000001.500000,6,368,295.037,52.5371,-10.9096,0,0,0,66.5517,-13.7362,2.8592,141.245,0.509137,143.776,6.40327e+26
20230101T000001.500000,4,170,1076.3,-1043.06,-19.5227,-11.5124,-6.10313,24.7512,458.427,443.991,16.2389,501.297,-10.3843,910.959,0
20230101T000001.500000,4,219,5273.84,-5994.45,-10.4984,-7.83116,7.54008,2.14569,1530.6,1316.42,2.99594,1197.33,-3.51452,2690.88,0
20230101T000001.500000,4,240,1952.58,-1872.5,-13.1209,-3.6459,-4.51787,-3.84232,797.027,803.308,-0.960502,882.576,1.74278,1639.54,0
20230101T000001.500000,4,241,8281.95,-8084.8,498.314,-26.5934,22.2519,-5.04689,1302.14,1294.52,-81.4542,1368.43,79.3839,2625.38,0
20230101T000001.500000,4,245,6630.4,-7375.95,134.526,-5.89775,6.45062,-1.42325,1509.76,1300.55,-24.5539,1232.2,27.3134,2678.41,0
20230101T000001.500000,4,247,6826.42,-7842.1,443.645,3.14482,-1.17394,-1.49776,1556.7,1294.93,-74.1984,1193.36,85.3345,2677.84,0
20230101T000001.500000,4,254,5668.17,-7237.91,-116.991,1.31103,1.12924,0.609472,1681.41,1265.65,20.833,1052.74,-26.6399,2670.75,0
20230101T000001.500000,4,255,4848.12,-4002.55,318.198,-14.2876,13.7072,-6.68964,1103.55,1249.85,-105.65,1581.22,87.373,2607.78,0
20230101T000001.500000,3,278,2786.43,-2700.17,471.499,0,0,0,2500,0,0,2500,0,2500,0
20230101T000001.500000,3,279,6638.77,-5012.71,239.816,0,0,0,2500,0,0,2500,0,2500,0
20230101T000001.500000,3,280,5458.98,-4999.93,-1252.16,0,0,0,2500,0,0,2500,0,2500,0
20230101T000001.500000,3,281,3522.05,-4859.26,-311.736,0,0,0,2500,0,0,2500,0,2500,0
20230101T000001.500000,3,282,295.037,52.5371,-10.9096,0,0,0,2500,0,0,2500,0,2500,0
20230101T000001.600000,6,369,2131.83,-1662.53,6.59506,0,0,0,4462.27,5639.72,-22.3722,7295.76,17.4472,11694,9.8462e+06
20230101T000001.600000,6,370,1238.78,-842.781,-9.10906,0,0,0,1180.29,1640.6,17.7329,2475.6,-12.0642,3591.76,1.66682e+08
20230101T000001.600000,6,371,9386.87,-6779.79,46.7058,0,0,0,73589.3,101794,-701.264,141004,506.498,214526,1.43145e+08
20230101T000001.600000,6,372,9830.29,-6178.67,-160.551,0,0,0,61157,97133.6,2524.48,154645,-1586.72,215697,1.3679e+08
20230101T000001.600000,6,373,8737.26,-5652.12,118.944,0,0,0,51175.3,78975,-1662.17,122169,1075.26,173258,1.33482e+07
20230101T000001.600000,6,374,4258.27,-3529.67,891.738,0,0,0,20724.9,23392.7,-6067.88,29556.1,5029.65,48947.9,869948
20230101T000001.600000,6,375,7316.8,-5554.73,348.434,0,0,0,49531.8,64904.2,-4077.14,85751.2,3095.26,135025,6.74539e+06
20230101T000001.600000,6,376,299.69,1.29839,-10.5491,0,0,0,64.1003,-0.344883,2.80835,143.703,0.012167,143.784,2.85873e+26
20230101T000001.600000,6,377,4175.75,2839,-567.457,0,0,0,13291.5,-18699,3785.42,28081.9,2573.62,40795.8,459672
20230101T000001.600000,4,173,7080.44,-5827.9,-645.547,3.57618,7.69274,13.5011,1330.12,1536.46,176.556,1923.57,-145.757,3176.04,0
20230101T000001.600000,4,240,1976.72,-1845.77,-10.7005,5.24889,9.43341,-2.59798,754.339,753.174,1.44833,823.507,-1.62649,1538.54,0
20230101T000001.600000,4,282,303.595,4.55622,-10.5685,0.847331,-4.75059,0.0337654,64.7726,-12.6753,2.63819,133.697,0.469781,136.027,0
20230101T000001.600000,3,283,1238.78,-842.781,-9.10906,0,0,0,2500,0,0,2500,0,2500,0
20230101T000001.600000,3,284,9386.87,-6779.79,46.7058,0,0,0,2500,0,0,2500,0,2500,0
20230101T000001.600000,3,285,9830.29,-6178.67,-160.551,0,0,0,2500,0,0,2500,0,2500,0
20230101T000001.600000,3,286,8737.26,-5652.12,118.944,0,0,0,2500,0,0,2500,0,2500,0
20230101T000001.600000,3,287,4258.27,-3529.67,891.738,0,0,0,2500,0,0,2500,0,2500,0
20230101T000001.600000,3,288,4175.75,2839,-567.457,0,0,0,2500,0,0,2500,0,2500,0
20230101T000001.700000,6,378,295.19,-51.9184,-9.70332,0,0,0,66.4736,13.5883,2.54441,141.342,-0.447513,143.799,3.793e+26
20230101T000001.700000,6,379,295.108,-52.3515,-9.91553,0,0,0,66.5171,13.6969,2.59935,141.297,-0.461119,143.797,3.74507e+26
20230101T000001.700000,6,380,1724.3,2081.35,59.5414,0,0,0,6959.58,-5707.98,-163.368,4798.42,-197.197,11688.4,3.86032e+06
20230101T000001.700000,6,381,2530,1687.56,727.198,0,0,0,5184.04,-6412.7,-2931.66,10520.6,-1955.47,14801.5,261783
20230101T000001.700000,6,382,1856.12,2595.91,-72.6505,0,0,0,10806.5,-7675.04,214.91,5560.2,300.566,16294.3,447488
20230101T000001.700000,6,383,1007.04,1109.25,18.8163,0,0,0,1997.88,-1755.18,-29.778,1658,-32.8003,3591.34,3.75053e+07
20230101T000001.700000,6,384,2824.51,2699.52,110.315,0,0,0,11703.4,-12158.1,-497.23,12804.4,-475.226,24424.5,152799
20230101T000001.700000,6,385,3165.32,2611.97,-41.4533,0,0,0,10955.6,-13195.6,209.442,16057.8,172.828,26946.7,193537
20230101T000001.700000,6,386,7851.97,8523.8,223.186,0,0,0,116314,-107014,-2803.09,98723.1,-3042.92,214894,2.97571e+08
20230101T000001.700000,6,387,2448.51,3621.57,-473.869,0,0,0,21117.8,-13991.9,1852.6,9882.3,2740.16,30578.3,190049
20230101T000001.700000,6,388,6062.34,8426.35,557.35,0,0,0,113797,-81467.5,-5404.15,59172.7,-7511.49,172409,1.55702e+07
20230101T000001.700000,6,389,5989.95,6036.39,1897.08,0,0,0,61187.9,-54942.8,-18171.9,60339.3,-18312.7,115711,239061
20230101T000001.700000,6,390,5778.21,5496.38,435.744,0,0,0,48529.4,-50631.2,-4025.98,53594.9,-3829.62,101757,767439
20230101T000001.700000,6,391,4594.01,4974.08,-232.004,0,0,0,39655.4,-36486.8,1703.84,33848.9,1844.8,73354.3,92533
20230101T000001.700000,6,392,3177.87,4063.96,-845.741,0,0,0,26883.1,-20078,4293.96,16907.1,5491.24,42585.1,115023
20230101T000001.700000,6,393,3797.72,4114.19,-193.365,0,0,0,27139.4,-24937.6,1173.46,23143.1,1271.24,50158.9,148451
20230101T000001.700000,6,394,6424.48,6518.53,881.286,0,0,0,68629.5,-66352.1,-9054.6,66700.9,-9187.15,134025,2.21536e+06
20230101T000001.700000,3,289,295.19,-51.9184,-9.70332,0,0,0,2500,0,0,2500,0,2500,0
20230101T000001.700000,3,290,295.108,-52.3515,-9.91553,0,0,0,2500,0,0,2500,0,2500,0
20230101T000001.700000,3,291,1724.3,2081.35,59.5414,0,0,0,2500,0,0,2500,0,2500,0
20230101T000001.700000,3,292,2530,1687.56,727.198,0,0,0,2500,0,0,2500,0,2500,0
20230101T000001.700000,3,293,1856.12,2595.91,-72.6505,0,0,0,2500,0,0,2500,0,2500,0
20230101T000001.700000,3,294,1007.04,1109.25,18.8163,0,0,0,2500,0,0,2500,0,2500,0
20230101T000001.700000,3,295,2824.51,2699.52,110.315,0,0,0,2500,0,0,2500,0,2500,0
20230101T000001.700000,3,296,3165.32,2611.97,-41.4533,0,0,0,2500,0,0,2500,0,2500,0
20230101T000001.700000,3,297,7851.97,8523.8,223.186,0,0,0,2500,0,0,2500,0,2500,0
20230101T000001.700000,3,298,2448.51,3621.57,-473.869,0,0,0,2500,0,0,2500,0,2500,0
20230101T000001.700000,3,299,6062.34,8426.35,557.35,0,0,0,2500,0,0,2500,0,2500,0
20230101T000001.700000,3,300,5989.95,6036.39,1897.08,0,0,0,2500,0,0,2500,0,2500,0
20230101T000001.700000,3,301,5778.2,5496.38,435.744,0,0,0,2500,0,0,2500,0,2500,0
20230101T000001.700000,3,302,4594.01,4974.08,-232.004,0,0,0,2500,0,0,2500,0,2500,0
20230101T000001.700000,3,303,3177.87,4063.96,-845.741,0,0,0,2500,0,0,2500,0,2500,0
20230101T000001.700000,3,304,3797.72,4114.19,-193.365,0,0,0,2500,0,0,2500,0,2500,0
20230101T000001.700000,3,305,6424.48,6518.53,881.286,0,0,0,2500,0,0,2500,0,2500,0
20230101T000001.800000,6,395,281.716,-102.327,-9.70815,0,0,0,73.3677,25.5596,2.42953,134.452,-0.882471,143.803,1.16426e+25
20230101T000001.800000,6,396,7659.03,-2161.12,-592.806,0,0,0,8052.45,26319.7,7259.95,93903.3,-2048.51,101330,6.39978e+06
20230101T000001.800000,6,397,2683.72,-301.621,-124.206,0,0,0,233.004,1285.32,530.416,11524.9,-59.613,11669.5,1.65077e+07
20230101T000001.800000,6,398,1461.98,-299.372,-133.903,0,0,0,231.865,682.164,307.641,3423.52,-62.9962,3563.72,3.04203e+08
20230101T000001.800000,6,399,3062.46,1221.84,-776.885,0,0,0,3273.99,-5633.67,3793.41,15146.7,1513.47,17397.8,204873
20230101T000001.800000,6,400,10790.2,4224.73,-244.18,0,0,0,28695.5,-72883,4214.35,186307,1650.06,214843,2.60869e+08
20230101T000001.800000,6,401,9743.52,3616.9,-9.48637,0,0,0,20987.5,-56365.3,147.834,151906,54.8777,172829,6.40231e+06
20230101T000001.800000,6,402,6487.72,2331.89,-1230.19,0,0,0,10899.7,-23415.4,12759.4,67629,4586.14,76047.2,107650
20230101T000001.800000,6,403,5750.14,1618.72,-199.249,0,0,0,4310.52,-14859.4,1831.08,52911.9,515.469,57095,54480
20230101T000001.800000,6,404,5786.29,2463.98,196.228,0,0,0,9820.19,-22766.4,-1814.85,53589.2,-772.82,63283.9,446473
20230101T000001.800000,6,405,8588.73,3268.66,268.762,0,0,0,17251.5,-44858.2,-3691.57,118049,-1404.92,135121,1.54735e+06
20230101T000001.800000,6,406,1785.27,2136.86,48.1627,0,0,0,7333.71,-6070.49,-136.864,5139.36,-163.818,12405.4,117809
20230101T000001.800000,6,407,2287.43,2405.35,141.064,0,0,0,9302.61,-8755.52,-514.407,8422,-540.926,17629,45440.4
20230101T000001.800000,6,408,2464,2992.29,-422.997,0,0,0,14467.3,-11625.3,1663.24,9922.37,2019.84,24040.9,2.31221e+06
20230101T000001.800000,6,409,7857.39,7770.52,-940.88,0,0,0,97357.8,-96949.8,11824.7,99513.6,11694,195392,253721
20230101T000001.800000,6,410,4599.41,5646.97,-1793.95,0,0,0,53098.8,-39005.5,13192.4,36979.2,16197.1,84872.2,654664
20230101T000001.800000,6,411,6679.85,5586.17,-301.233,0,0,0,50051.5,-59600.7,3217.81,71478.7,2690.97,121321,36142.8
20230101T000001.800000,6,412,4754.23,4893.71,-826.249,0,0,0,38878.5,-36647.9,6279.76,36758.7,6464,74482.8,72400.5
20230101T000001.800000,6,413,4107.72,3667.33,397.708,0,0,0,21695.2,-23945.7,-2610.44,27137.9,-2330.58,48516.7,55717.3
20230101T000001.800000,6,414,3987.44,3928.99,223.565,0,0,0,24772.2,-24994.7,-1424.51,25510.4,-1403.63,50138.8,82783.3
20230101T000001.800000,6,415,3584.58,3592.59,397.487,0,0,0,20808.6,-20446.5,-2276.2,20717.3,-2281.29,41209.9,355525
20230101T000001.800000,6,416,5763.16,7838.61,-712.894,0,0,0,98617.7,-71861.8,6570.87,53711.5,8937.2,151453,101686
20230101T000001.800000,4,290,286.556,-100.612,-9.71933,-0.846762,-4.77828,0.0194257,64.7406,12.6389,2.39842,133.744,-0.425475,136.047,0
20230101T000001.800000,4,291,1776.51,2141.26,59.0199,5.16993,5.9317,-0.0516372,1257.13,-988.955,-28.2936,882.696,-34.1525,2075.64,0
20230101T000001.800000,4,302,4662.36,5039.7,-254.681,6.76728,6.49707,-2.24533,1347.32,-1184.14,55.2336,1158.87,59.8032,2438.28,0
20230101T000001.800000,4,304,3807.53,4106.08,-173.413,0.970968,-0.803304,1.9755,1327.99,-1165.65,54.7883,1141.2,59.3539,2401.33,0
20230101T000001.800000,3,306,7659.03,-2161.12,-592.806,0,0,0,2500,0,0,2500,0,2500,0
20230101T000001.800000,3,307,2683.72,-301.621,-124.206,0,0,0,2500,0,0,2500,0,2500,0
20230101T000001.800000,3,308,1461.98,-299.372,-133.903,0,0,0,2500,0,0,2500,0,2500,0
20230101T000001.800000,3,309,3062.46,1221.84,-776.885,0,0,0,2500,0,0,2500,0,2500,0
20230101T000001.800000,3,310,10790.2,4224.73,-244.18,0,0,0,2500,0,0,2500,0,2500,0
20230101T000001.800000,3,311,9743.52,3616.9,-9.48637,0,0,0,2500,0,0,2500,0,2500,0
20230101T000001.800000,3,312,6487.72,2331.89,-1230.19,0,0,0,2500,0,0,2500,0,2500,0
20230101T000001.800000,3,313,5750.14,1618.72,-199.249,0,0,0,2500,0,0,2500,0,2500,0
20230101T000001.800000,3,314,5786.29,2463.98,196.228,0,0,0,2500,0,0,2500,0,2500,0
20230101T000001.800000,3,315,8588.73,3268.66,268.762,0,0,0,2500,0,0,2500,0,2500,0
20230101T000001.800000,3,316,2287.43,2405.35,141.064,0,0,0,2500,0,0,2500,0,2500,0
20230101T000001.800000,3,317,2464,2992.29,-422.997,0,0,0,2500,0,0,2500,0,2500,0
20230101T000001.800000,3,318,7857.39,7770.52,-940.88,0,0,0,2500,0,0,2500,0,2500,0
20230101T000001.800000,3,319,4599.41,5646.97,-1793.95,0,0,0,2500,0,0,2500,0,2500,0
20230101T000001.800000,3,320,6679.85,5586.17,-301.233,0,0,0,2500,0,0,2500,0,2500,0
20230101T000001.800000,3,321,4107.72,3667.33,397.708,0,0,0,2500,0,0,2500,0,2500,0
20230101T000001.800000,3,322,3584.58,3592.59,397.487,0,0,0,2500,0,0,2500,0,2500,0
20230101T000001.800000,3,323,5763.16,7838.61,-712.894,0,0,0,2500,0,0,2500,0,2500,0
20230101T000001.900000,6,417,9573.24,-6565.61,-286.809,0,0,0,69104.6,100475,4391.81,146698,-3012.03,215607,2.55737e+08
20230101T000001.900000,6,418,8724.38,-5639.07,-621.555,0,0,0,51359.6,78405,8673.08,121985,-5605.92,172663,1.74204e+07
20230101T000001.900000,6,419,1337.95,-672.461,-51.3204,0,0,0,777.925,1412.21,107.905,2877.9,-54.2338,3587.76,2.54793e+08
20230101T000001.900000,6,420,2460.26,-1114.74,-115.01,0,0,0,2058.79,4356.11,450.25,9699.12,-204.007,11673,1.27419e+07
20230101T000001.900000,6,421,9099.64,-4990.76,-767.595,0,0,0,40626,72238.3,11171.6,132718,-6127.15,172338,1.86904e+07
20230101T000001.900000,6,422,10313.5,-5318.82,-422.133,0,0,0,45539.5,87627,6963.81,170263,-3591.34,215453,2.79085e+08
20230101T000001.900000,6,423,7247.95,-3305.65,-471.619,0,0,0,17831.1,38176.3,5465.79,84124.7,-2492.84,101536,2.40515e+06
20230101T000001.900000,6,424,259.695,-149.629,-10.1262,0,0,0,83.9394,34.4487,2.33613,123.88,-1.34601,143.801,5.10351e+24
20230101T000001.900000,6,425,7437.95,-929.512,-424.951,0,0,0,1729.69,11018.5,5053.63,88522.4,-631.546,89899.5,259263
20230101T000001.900000,6,426,9161.88,-788.224,-11.0816,0,0,0,1057.8,11549.1,162.369,134304,-13.9691,135298,4.41738e+06
20230101T000001.900000,6,427,2044.56,781.519,-105.323,0,0,0,1048.43,-2529.37,341.672,6698.78,130.602,7665.76,328388
20230101T000001.900000,6,428,2849.87,1644.37,392.591,0,0,0,4558.66,-7363.92,-1783.61,13072.2,-1029.14,17322.1,242891
20230101T000001.900000,6,429,3645.93,1371.7,-37.4783,0,0,0,3068.51,-7979.95,218.053,21276.7,82.0374,24279,1.86231e+06
20230101T000001.900000,6,430,6275.64,3562.33,1182.13,0,0,0,22042.5,-34782.8,-11861,63573.9,-6732.81,83319.9,68826.1
20230101T000001.900000,6,431,7024.44,2565.51,-552.721,0,0,0,11018.4,-28656,6207.67,79013.4,2267.2,89479.6,249035
20230101T000001.900000,6,432,7223.88,3836.7,-449.226,0,0,0,23854,-44185.1,5189.15,83580.1,2756.03,107048,30189
20230101T000001.900000,6,433,5578.09,1355.93,687.306,0,0,0,3714.88,-11913.6,-6126.83,49829.9,-1489.31,52726.8,34999.3
20230101T000001.900000,6,434,5387.86,2294.11,522.931,0,0,0,8844.86,-19596,-4502.75,46523.4,-1917.24,54867.7,45052.5
20230101T000001.900000,6,435,5816.02,3848.09,286.599,0,0,0,23828.3,-35719,-2664.79,54181.3,-1763.12,77814.4,334465
20230101T000001.900000,6,436,6038.31,1811.71,-184.881,0,0,0,5360.5,-17470.8,1784.39,58347.8,535.381,63589.7,1.2425e+06
20230101T000001.900000,6,437,4840.06,1555.76,-334.44,0,0,0,4092.59,-11977.3,2585.95,37504.7,831.212,41354.8,1.39401e+06
20230101T000001.900000,6,438,4560.57,2226.16,947.843,0,0,0,9140.09,-15653.1,-6905.95,33566.6,-3371.02,41209.6,44368.5
20230101T000001.900000,6,439,2815.31,3292,-756.487,0,0,0,17752.6,-14345.9,3400.54,13246.3,3976.32,30023.1,59150.4
20230101T000001.900000,6,440,6182.01,9182.86,-806.63,0,0,0,135264,-90317.8,7975.96,61907.7,11847.6,196068,299407
20230101T000001.900000,6,441,5761.58,6510.39,-452.156,0,0,0,67988,-59822.2,4166.01,53332.5,4707.46,120930,194658
20230101T000001.900000,6,442,4787.77,5770.67,88.8657,0,0,0,53312.3,-44168.2,-680.265,36721.8,-819.92,89957.4,267883
20230101T000001.900000,6,443,5257.22,7730.66,-1917.98,0,0,0,97501.7,-62261.3,16126.1,48287.9,23713.2,139845,52041.1
20230101T000001.900000,6,444,6391.4,7091.34,-752.176,0,0,0,80893.6,-72035.9,7688.58,65894.5,8530.58,145820,48824.5
20230101T000001.900000,6,445,4211.63,5342.97,1186,0,0,0,46562.1,-34879.8,-7985.3,29806.9,-10130.3,74058.1,960942
20230101T000001.900000,6,446,4090.4,5874.51,-328.513,0,0,0,55293.1,-38335.6,2148.32,26929.5,3085.36,81986.2,62939.7
20230101T000001.900000,6,447,4258.51,4581.03,-1432.87,0,0,0,35128.2,-29544.9,9753.5,30810.6,10492.2,62596.3,35717.7
20230101T000001.900000,6,448,6034.62,6354.51,1408.72,0,0,0,66142.9,-59738.7,-13594.9,59969,-14315.5,122876,57448.6
20230101T000001.900000,4,283,1286.56,-772.354,-27.3223,13.1509,19.3838,-5.01285,533.039,691.503,7.47412,1079,-5.08489,1549.43,0
20230101T000001.900000,4,284,9414.75,-6795.57,42.6607,7.6746,-4.34187,-1.11334,963.603,1247.51,-8.59404,1789.79,6.20716,2690.78,0
20230101T000001.900000,4,285,9836.81,-6168.22,-163.815,1.79298,2.87549,-0.898254,807.229,1184.02,30.7665,1946.81,-19.3378,2690.51,0
20230101T000001.900000,4,286,8737.41,-5652.14,107.474,0.0394655,-0.00542535,-3.15683,835.802,1194.82,-25.144,1909.88,16.2656,2682.47,0
20230101T000001.900000,4,289,278.035,-149.434,-10.104,-3.29896,-18.7531,-0.0770557,64.7501,12.5672,2.35306,133.992,-0.413859,136.261,0
20230101T000001.900000,3,324,2460.26,-1114.74,-115.01,0,0,0,2500,0,0,2500,0,2500,0
20230101T000001.900000,3,325,9099.64,-4990.76,-767.595,0,0,0,2500,0,0,2500,0,2500,0
20230101T000001.900000,3,326,7247.95,-3305.65,-471.619,0,0,0,2500,0,0,2500,0,2500,0
20230101T000001.900000,3,327,7437.95,-929.512,-424.951,0,0,0,2500,0,0,2500,0,2500,0
20230101T000001.900000,3,328,9161.88,-788.224,-11.0816,0,0,0,2500,0,0,2500,0,2500,0
20230101T000001.900000,3,329,2044.56,781.519,-105.323,0,0,0,2500,0,0,2500,0,2500,0
20230101T000001.900000,3,330,2849.87,1644.37,392.591,0,0,0,2500,0,0,2500,0,2500,0
20230101T000001.900000,3,331,3645.93,1371.7,-37.4783,0,0,0,2500,0,0,2500,0,2500,0
20230101T000001.900000,3,332,6275.64,3562.33,1182.13,0,0,0,2500,0,0,2500,0,2500,0
20230101T000001.900000,3,333,7024.44,2565.51,-552.721,0,0,0,2500,0,0,2500,0,2500,0
20230101T000001.900000,3,334,7223.88,3836.7,-449.226,0,0,0,2500,0,0,2500,0,2500,0
20230101T000001.900000,3,335,5578.09,1355.93,687.306,0,0,0,2500,0,0,2500,0,2500,0
20230101T000001.900000,3,336,5387.86,2294.11,522.931,0,0,0,2500,0,0,2500,0,2500,0
20230101T000001.900000,3,337,5816.02,3848.09,286.599,0,0,0,2500,0,0,2500,0,2500,0
20230101T000001.900000,3,338,6038.31,1811.71,-184.881,0,0,0,2500,0,0,2500,0,2500,0
20230101T000001.900000,3,339,4840.06,1555.76,-334.44,0,0,0,2500,0,0,2500,0,2500,0
20230101T000001.900000,3,340,4560.57,2226.16,947.843,0,0,0,2500,0,0,2500,0,2500,0
20230101T000001.900000,3,341,2815.31,3292,-756.487,0,0,0,2500,0,0,2500,0,2500,0
20230101T000001.900000,3,342,6182.01,9182.86,-806.63,0,0,0,2500,0,0,2500,0,2500,0
20230101T000001.900000,3,343,5761.58,6510.39,-452.156,0,0,0,2500,0,0,2500,0,2500,0
20230101T000001.900000,3,344,4787.77,5770.67,88.8657,0,0,0,2500,0,0,2500,0,2500,0
20230101T000001.900000,3,345,5257.22,7730.66,-1917.98,0,0,0,2500,0,0,2500,0,2500,0
20230101T000001.900000,3,346,6391.4,7091.34,-752.176,0,0,0,2500,0,0,2500,0,2500,0
20230101T000001.900000,3,347,4211.63,5342.97,1186,0,0,0,2500,0,0,2500,0,2500,0
20230101T000001.900000,3,348,4090.4,5874.51,-328.513,0,0,0,2500,0,0,2500,0,2500,0
20230101T000001.900000,3,349,4258.51,4581.03,-1432.87,0,0,0,2500,0,0,2500,0,2500,0
20230101T000001.900000,3,350,6034.62,6354.51,1408.72,0,0,0,2500,0,0,2500,0,2500,0
20230101T000002,6,449,1138.86,-972.995,-34.7347,0,0,0,1552.84,1740.43,62.1651,2103.02,-53.1111,3590,3.35116e+08
20230101T000002,6,450,8476.03,-7931.32,-295.814,0,0,0,100758,107460,4010.54,115044,-3752.8,215598,3.28943e+08
20230101T000002,6,451,7667.33,-7035.23,133.771,0,0,0,79241.5,86260.2,-1640.46,94103.1,1505.22,173252,1.96624e+07
20230101T000002,6,452,229.506,-192.777,-10.1035,0,0,0,97.0387,39.2255,2.06004,110.79,-1.73036,143.81,6.88e+24
20230101T000002,6,453,6381.31,-4788.44,-179.659,0,0,0,36760.7,48834.9,1833.18,65195.4,-1375.59,101840,3.20657e+06
20230101T000002,6,454,6722.92,-6224,658.674,0,0,0,62389.1,66571.7,-7081.78,72666,6556.23,134298,7.58188e+06
20230101T000002,6,455,4562.63,-4342.57,-219.67,0,0,0,30246.7,31631.2,1602.03,33375.2,-1524.76,63480.9,2.13512e+06
20230101T000002,6,456,2336.58,-1345.34,-198.016,0,0,0,2990.84,4974.95,736.238,8766.85,-423.907,11631.6,1.25141e+07
20230101T000002,6,457,4816.58,-2860.18,-81.0916,0,0,0,13144.1,22009.3,624.139,37138.6,-370.625,50208.2,1.38566e+06
20230101T000002,6,458,3176.7,-287.461,-123.165,0,0,0,219.674,1453.17,623.557,16147,-56.426,16278.6,527391
20230101T000002,6,459,8576.78,-1433.86,-763.762,0,0,0,4259.29,19514.6,10475.5,117725,-1751.29,120988,132625
20230101T000002,6,460,7290.25,-536.547,-523.579,0,0,0,960.195,6221.73,6102.68,85039.1,-449.144,85497.3,66948.8
20230101T000002,6,461,9846.21,-715.195,-515.362,0,0,0,1304.62,11231.8,8115.65,155119,-589.493,155935,144485
20230101T000002,6,462,8831.13,-1536.75,-1026.6,0,0,0,5476.56,21418.5,14498.5,124834,-2522.96,128562,208511
20230101T000002,6,463,3214.09,1689.13,78.9446,0,0,0,4623,-8655.99,-404.745,16544.6,-212.709,21093.7,45754.6
20230101T000002,6,464,9357.75,3195.83,1249.28,0,0,0,18634,-47066.2,-18697.2,140376,-6385.39,156450,74158.5
20230101T000002,6,465,3571.38,1536.57,302.916,0,0,0,3955.23,-8703.88,-1726.37,20440.4,-742.763,24185.6,291886
20230101T000002,6,466,6688.55,3391.04,-1534.32,0,0,0,21444,-34745.9,16408.6,72361.6,8319.02,89980,105863
20230101T000002,6,467,7558.27,2801.77,106.926,0,0,0,12632.2,-33855.6,-1292.29,91413.9,-479.038,103964,33878.8
20230101T000002,6,468,4143.87,2614.23,156.726,0,0,0,11008.5,-17286.2,-1037.39,27504.1,-654.455,38409.4,75754.7
20230101T000002,6,469,2680.2,2449.96,63.1029,0,0,0,9642.03,-10471.2,-269.785,11525.6,-246.609,21097.3,46867.8
20230101T000002,6,470,2874.27,3035.14,778.793,0,0,0,15227.4,-13442.7,-3573.61,13762.5,-3773.63,27959.7,515842
20230101T000002,6,471,3554.64,2524.35,572.435,0,0,0,10586.1,-14079.9,-3248.94,20413.6,-2307.26,30413.6,74096.8
20230101T000002,6,472,8317.94,7008.65,2166.96,0,0,0,83023.6,-89543.5,-28830.1,113846,-24292,189297,172090
20230101T000002,6,473,2669.44,2539.89,-300.47,0,0,0,10430.8,-10744.2,1279.58,11500.3,1217.48,21723.5,57344.9
20230101T000002,6,474,5404.61,6528.88,-535.273,0,0,0,68414.3,-56201.2,4626.15,47045.6,5588.47,114938,194345
20230101T000002,6,475,5396.95,4095.8,-302.451,0,0,0,26974.3,-35266.5,2609.43,46680.2,1980.32,73444.4,170050
20230101T000002,6,476,4439.63,4162.79,-1290.25,0,0,0,29176.1,-28210.4,9155.73,32811.4,8584.8,59265.4,49051.4
20230101T000002,6,477,3066.83,4715.48,1105.57,0,0,0,36176.9,-22216.5,-5418.33,16466.3,-8331.11,50628.3,120197
20230101T000002,6,478,3265.11,3913.64,-40.3974,0,0,0,24533.9,-20412.8,210.718,17096.8,252.572,41564.1,719747
20230101T000002,6,479,4094.1,5112.39,-626.17,0,0,0,42088.4,-33152,4097.98,27239.6,5117.23,68637.8,55265.3
20230101T000002,6,480,5191.86,7467.46,-677.391,0,0,0,89480.7,-61658,5624.36,43666.4,8089.54,132350,44033.5
20230101T000002,4,324,2440.46,-1156.92,-129.762,-1.96033,-4.17605,-1.46061,408.404,755.558,77.9784,1733.6,-35.3318,2072.97,0
20230101T000002,4,331,3643.94,1389.16,-5.4558,-0.197676,1.72915,3.17055,338.453,-733.147,20.0317,2011.31,7.53645,2286.95,0
20230101T000002,3,351,1138.86,-972.995,-34.7347,0,0,0,2500,0,0,2500,0,2500,0
20230101T000002,3,352,8476.03,-7931.32,-295.814,0,0,0,2500,0,0,2500,0,2500,0
20230101T000002,3,353,7667.33,-7035.23,133.771,0,0,0,2500,0,0,2500,0,2500,0
20230101T000002,3,354,229.506,-192.777,-10.1035,0,0,0,2500,0,0,2500,0,2500,0
20230101T000002,3,355,6381.31,-4788.44,-179.659,0,0,0,2500,0,0,2500,0,2500,0
20230101T000002,3,356,6722.92,-6224,658.674,0,0,0,2500,0,0,2500,0,2500,0
20230101T000002,3,357,4562.63,-4342.57,-219.67,0,0,0,2500,0,0,2500,0,2500,0
20230101T000002,3,358,4816.58,-2860.18,-81.0916,0,0,0,2500,0,0,2500,0,2500,0
20230101T000002,3,359,3176.7,-287.461,-123.165,0,0,0,2500,0,0,2500,0,2500,0
20230101T000002,3,360,8576.78,-1433.86,-763.762,0,0,0,2500,0,0,2500,0,2500,0
20230101T000002,3,361,7290.25,-536.547,-523.579,0,0,0,2500,0,0,2500,0,2500,0
20230101T000002,3,362,9846.21,-715.195,-515.362,0,0,0,2500,0,0,2500,0,2500,0
20230101T000002,3,363,8831.13,-1536.75,-1026.6,0,0,0,2500,0,0,2500,0,2500,0
20230101T000002,3,364,3214.09,1689.13,78.9446,0,0,0,2500,0,0,2500,0,2500,0
20230101T000002,3,365,9357.75,3195.83,1249.28,0,0,0,2500,0,0,2500,0,2500,0
20230101T000002,3,366,6688.55,3391.04,-1534.32,0,0,0,2500,0,0,2500,0,2500,0
20230101T000002,3,367,7558.27,2801.77,106.926,0,0,0,2500,0,0,2500,0,2500,0
20230101T000002,3,368,4143.87,2614.23,156.726,0,0,0,2500,0,0,2500,0,2500,0
20230101T000002,3,369,2680.2,2449.96,63.1029,0,0,0,2500,0,0,2500,0,2500,0
20230101T000002,3,370,2874.27,3035.14,778.793,0,0,0,2500,0,0,2500,0,2500,0
20230101T000002,3,371,3554.64,2524.35,572.435,0,0,0,2500,0,0,2500,0,2500,0
20230101T000002,3,372,8317.94,7008.65,2166.96,0,0,0,2500,0,0,2500,0,2500,0
20230101T000002,3,373,2669.44,2539.89,-300.47,0,0,0,2500,0,0,2500,0,2500,0
20230101T000002,3,374,5404.61,6528.88,-535.273,0,0,0,2500,0,0,2500,0,2500,0
20230101T000002,3,375,5396.95,4095.8,-302.451,0,0,0,2500,0,0,2500,0,2500,0
20230101T000002,3,376,4439.63,4162.79,-1290.25,0,0,0,2500,0,0,2500,0,2500,0
20230101T000002,3,377,3066.83,4715.48,1105.57,0,0,0,2500,0,0,2500,0,2500,0
20230101T000002,3,378,3265.11,3913.64,-40.3974,0,0,0,2500,0,0,2500,0,2500,0
20230101T000002,3,379,4094.1,5112.39,-626.17,0,0,0,2500,0,0,2500,0,2500,0
20230101T000002,3,380,5191.86,7467.46,-677.391,0,0,0,2500,0,0,2500,0,2500,0
20230101T000002.100000,6,481,1677.33,-2126.2,-23.2595,0,0,0,7258.07,5674.62,62.082,4541.49,-78.6957,11734.7,2.49626e+06
20230101T000002.100000,6,482,1107.57,-1013.58,-6.28947,0,0,0,1678.62,1764.28,10.9479,1991.94,-10.0188,3606.5,3.44151e+07
20230101T000002.100000,6,483,5969.1,-8841.88,-574.912,0,0,0,125272,84170.1,5488.81,57415.4,-8130.43,182095,236206
20230101T000002.100000,6,484,4386.4,-5920.8,990.904,0,0,0,56668.3,40772.1,-6949.38,31839.7,9380.32,86875.3,229699
20230101T000002.100000,6,485,5357.83,-5196.56,-810.587,0,0,0,43781.1,43990.7,6943.85,46470.4,-6734.84,89137.7,59083.3
20230101T000002.100000,6,486,3993.89,-5820.85,-353.431,0,0,0,54296,37073.5,2256.69,25701.1,-3288.99,79733.6,58371.1
20230101T000002.100000,6,487,4911.04,-6386.53,-287.619,0,0,0,65333.4,50088.4,2258.62,38712.6,-2937.21,103850,78332.8
20230101T000002.100000,6,488,5656.09,-5884.28,799.021,0,0,0,55920.7,52709.3,-7226.64,51750.1,7518.19,106587,314169
20230101T000002.100000,6,489,4266.51,-3897.33,-557.897,0,0,0,24608.7,26325.2,3803.92,29380.4,-3474.76,53428.2,260223
20230101T000002.100000,6,490,4288.91,-4877.02,-213.023,0,0,0,38116.1,33399.6,1460.43,29508.5,-1660.7,67488.1,40478.7
20230101T000002.100000,6,491,1383.54,-582.6,-20.4728,0,0,0,597.997,1266.55,44.5156,3072.43,-18.7452,3605.78,3.29921e+07
20230101T000002.100000,6,492,3068.18,-787.73,393.649,0,0,0,1284.56,3792.14,-1924.87,15081.2,494.195,16055.8,162880
20230101T000002.100000,6,493,3328.12,-1475.02,-237.22,0,0,0,3609.62,7797.51,1259.4,17747.5,-558.164,21203.6,119679
20230101T000002.100000,6,494,3525.02,-1658.87,-204.657,0,0,0,4510.1,9305.7,1151.24,19905,-541.772,24284.4,2.01298e+06
20230101T000002.100000,6,495,10972,-3734.99,-145.008,0,0,0,22407.7,65538.6,2544.88,192625,-866.308,214935,2.05546e+08
20230101T000002.100000,6,496,3812.3,-1945.43,409.149,0,0,0,6318.32,11732.4,-2490.28,23322.2,1270.79,29309.9,90403.7
20230101T000002.100000,6,497,5313.83,-2275.57,-547.303,0,0,0,8743.74,19150.8,4647.72,45263.1,-1990.32,53464.7,247496
20230101T000002.100000,6,498,5541.78,-1829.35,-562.524,0,0,0,5868.16,16051,4982.01,49194,-1644.57,54493.1,38919.3
20230101T000002.100000,6,499,8605.94,-3225.41,-206.61,0,0,0,16761.2,44368.7,2843.57,118516,-1065.74,135145,1.90567e+06
20230101T000002.100000,6,500,11593.1,162.544,-45.4602,0,0,0,109.565,-3014.08,842.989,215040,11.8193,215082,1.98635e+08
20230101T000002.100000,6,501,4374.58,-357.698,-118.589,0,0,0,290.597,2496.62,828.319,30619.7,-67.7295,30823.8,774944
20230101T000002.100000,6,502,10381.2,537.045,-125.834,0,0,0,550.555,-8915.7,2089.33,172432,108.086,172894,1.15024e+07
20230101T000002.100000,6,503,7971.76,-356.39,-449.211,0,0,0,589.113,4528.43,5726.01,101679,-255.99,101882,2.55585e+06
20230101T000002.100000,6,504,6732.26,656.91,381.239,0,0,0,984.001,-7047.34,-4102.99,72520.2,-400.355,73208,140638
20230101T000002.100000,6,505,6789.24,41.3185,1259.83,0,0,0,2603.98,-433.003,-13673.8,73750.1,-83.217,73754.8,105651
20230101T000002.100000,6,506,8634.06,1169.26,46.8419,0,0,0,2253.78,-16143.8,-646.756,119277,-87.5865,121463,86264.7
20230101T000002.100000,6,507,5521.21,890.258,-332.213,0,0,0,1502.37,-7826.71,2931.01,48780.1,472.606,50042.3,147374
20230101T000002.100000,6,508,5069.92,435.508,-18.1741,0,0,0,367.522,-3527.28,147.198,41127,12.6444,41430,681784
20230101T000002.100000,6,509,6298.17,236.493,30.0176,0,0,0,154.835,-2380.7,-302.185,63467.1,-11.3469,63556.5,123004
20230101T000002.100000,6,510,192.071,226.55,41.5693,0,0,0,109.526,-37.296,-7.0936,97.155,-8.36701,142.376,5.67139e+25
20230101T000002.100000,4,283,1325.47,-710.086,-25.4667,25.4782,52.5526,-3.54031,361.47,510.09,17.6212,871.256,-5.57767,1206.68,0
20230101T000002.100000,4,351,1127.64,-991.143,-23.0584,-1.11152,-1.79686,1.15606,661.996,700.895,25.0268,883.559,-21.3819,1481.94,0
20230101T000002.100000,3,381,1677.33,-2126.2,-23.2595,0,0,0,2500,0,0,2500,0,2500,0
20230101T000002.100000,3,382,5969.1,-8841.88,-574.912,0,0,0,2500,0,0,2500,0,2500,0
20230101T000002.100000,3,383,4386.4,-5920.8,990.904,0,0,0,2500,0,0,2500,0,2500,0
20230101T000002.100000,3,384,5357.83,-5196.56,-810.587,0,0,0,2500,0,0,2500,0,2500,0
20230101T000002.100000,3,385,3993.89,-5820.85,-353.431,0,0,0,2500,0,0,2500,0,2500,0
20230101T000002.100000,3,386,4911.04,-6386.53,-287.619,0,0,0,2500,0,0,2500,0,2500,0
20230101T000002.100000,3,387,5656.09,-5884.28,799.021,0,0,0,2500,0,0,2500,0,2500,0
20230101T000002.100000,3,388,4266.51,-3897.33,-557.897,0,0,0,2500,0,0,2500,0,2500,0
20230101T000002.100000,3,389,4288.91,-4877.02,-213.023,0,0,0,2500,0,0,2500,0,2500,0
20230101T000002.100000,3,390,3068.18,-787.73,393.649,0,0,0,2500,0,0,2500,0,2500,0
20230101T000002.100000,3,391,3328.12,-1475.02,-237.22,0,0,0,2500,0,0,2500,0,2500,0
20230101T000002.100000,3,392,3525.02,-1658.87,-204.657,0,0,0,2500,0,0,2500,0,2500,0
20230101T000002.100000,3,393,10972,-3734.99,-145.008,0,0,0,2500,0,0,2500,0,2500,0
20230101T000002.100000,3,394,3812.3,-1945.43,409.149,0,0,0,2500,0,0,2500,0,2500,0
20230101T000002.100000,3,395,5313.84,-2275.57,-547.303,0,0,0,2500,0,0,2500,0,2500,0
20230101T000002.100000,3,396,5541.78,-1829.35,-562.524,0,0,0,2500,0,0,2500,0,2500,0
20230101T000002.100000,3,397,8605.94,-3225.41,-206.61,0,0,0,2500,0,0,2500,0,2500,0
20230101T000002.100000,3,398,11593.1,162.544,-45.4602,0,0,0,2500,0,0,2500,0,2500,0
20230101T000002.100000,3,399,4374.58,-357.698,-118.589,0,0,0,2500,0,0,2500,0,2500,0
20230101T000002.100000,3,400,10381.2,537.045,-125.834,0,0,0,2500,0,0,2500,0,2500,0
20230101T000002.100000,3,401,7971.76,-356.39,-449.211,0,0,0,2500,0,0,2500,0,2500,0
20230101T000002.100000,3,402,6732.26,656.91,381.239,0,0,0,2500,0,0,2500,0,2500,0
20230101T000002.100000,3,403,6789.24,41.3185,1259.83,0,0,0,2500,0,0,2500,0,2500,0
20230101T000002.100000,3,404,8634.06,1169.26,46.8419,0,0,0,2500,0,0,2500,0,2500,0
20230101T000002.100000,3,405,5521.21,890.258,-332.213,0,0,0,2500,0,0,2500,0,2500,0
20230101T000002.100000,3,406,5069.92,435.508,-18.1741,0,0,0,2500,0,0,2500,0,2500,0
20230101T000002.100000,3,407,6298.17,236.493,30.0176,0,0,0,2500,0,0,2500,0,2500,0
20230101T000002.100000,3,408,192.071,226.55,41.5693,0,0,0,2500,0,0,2500,0,2500,0
20230101T000002.200000,6,511,1881.98,-2000.56,348.068,0,0,0,6524.18,5895.85,-1042.62,5803.2,1108.32,12071.6,173500
20230101T000002.200000,6,512,1078.06,-1035.84,98.8511,0,0,0,1757.99,1747.06,-167.469,1897.63,160.911,3576.54,2.25563e+07
20230101T000002.200000,6,513,2793.45,-2733.28,-57.396,0,0,0,11988.7,12181.8,255.86,12519.2,-250.35,24438.7,402742
20230101T000002.200000,6,514,8659.46,-7692.29,-433.251,0,0,0,94877.6,106397,6000.97,120139,-5330.72,214652,3.14924e+08
20230101T000002.200000,6,515,7608.82,-7080.4,197.358,0,0,0,80279.1,86134.6,-2401.77,92689.1,2234.97,172842,1.71121e+07
20230101T000002.200000,6,516,5163.8,-5167.25,763.787,0,0,0,43218.8,42193.9,-6305.79,43162.5,6310,85385.3,116121
20230101T000002.200000,6,517,5860.68,-5397.87,584.831,0,0,0,46949.7,50311.9,-5480.58,55236.5,5047.78,101576,386816
20230101T000002.200000,6,518,5549.26,-5965.27,-1237.17,0,0,0,58100.2,51712.1,10978.1,50617.2,-11801.1,106207,133210
20230101T000002.200000,6,519,5125.95,-4424.58,-219.103,0,0,0,31403.7,36218.6,1795.41,42100.6,-1549.75,73363.6,82262.8
20230101T000002.200000,6,520,4591.56,-4239.63,-753.45,0,0,0,29283.5,30662.3,5529.63,34178.9,-5105.8,62492,778669
20230101T000002.200000,6,521,3854.93,-4017.27,622.62,0,0,0,26149.2,24436.7,-3835.36,24132.6,3996.88,49599.2,218031
20230101T000002.200000,6,522,4155.85,-2764.68,288.918,0,0,0,12366.3,18292.3,-1918.05,27694.2,1275.98,39863.4,71789.3
20230101T000002.200000,6,523,3088.85,-4055.32,107.352,0,0,0,26343.3,20002.3,-529.735,15317.8,695.484,41578.7,1.01024e+06
20230101T000002.200000,6,524,7021.59,-5922.65,-365.689,0,0,0,56286.8,66401.3,4106.41,78999.8,-3463.72,135009,939728
20230101T000002.200000,6,525,1391.75,-551.73,59.7174,0,0,0,547.201,1204.75,-130.609,3108.59,51.7774,3586.29,2.24734e+07
20230101T000002.200000,6,526,1752.9,-932.49,74.3798,0,0,0,1447.97,2585.13,-206.495,4932.31,109.849,6307.61,475967
20230101T000002.200000,6,527,3002.87,-1296.23,-134.958,0,0,0,2766.77,6194.02,646,14442.2,-278.855,17116.1,110779
20230101T000002.200000,6,528,4345.5,-742.49,-576.997,0,0,0,1460.78,5063.51,4003.63,30230.3,-684.077,31096.5,80543.8
20230101T000002.200000,6,529,6560.95,-3459.08,127.001,0,0,0,19214.6,36274.7,-1332.23,68893.1,702.381,88018,235748
20230101T000002.200000,6,530,7196.3,-1444.95,-1499.59,0,0,0,6858.28,15931,17254.1,83000.6,-3464.48,86201.9,162310
20230101T000002.200000,6,531,5899.79,-2166.13,-326.478,0,0,0,7713.94,20371.8,3078.73,55719.9,-1130.37,63199.7,757454
20230101T000002.200000,6,532,4413.42,-2349.37,12.2128,0,0,0,8881.32,16563.4,-86.1021,31179.4,45.8342,39996.5,76670.3
20230101T000002.200000,6,533,8429.12,-3657.38,-329.77,0,0,0,21602.5,49238.7,4445.37,113718,-1928.84,135082,970405
20230101T000002.200000,6,534,5218.24,-1793.04,464.679,0,0,0,5509.82,14844.7,-3874.63,43611.3,1331.36,48712.5,96689.1
20230101T000002.200000,6,535,9010.54,-2458.42,1173.24,0,0,0,11778.6,34867.5,-16906.8,130061,4612.82,139575,163422
20230101T000002.200000,6,536,9448.02,-2868.06,276.556,0,0,0,13331.8,43304.2,-4178.93,142840,1268.56,155985,529279
20230101T000002.200000,6,537,6147.48,-2738.59,780.317,0,0,0,12865.4,26551,-7668.48,60638.2,3416.17,72467,86614.3
20230101T000002.200000,6,538,2649.8,531.232,71.4303,0,0,0,520.865,-2238.36,-301.185,11237.1,-60.3814,11685.9,1.29497e+07
20230101T000002.200000,6,539,228.775,189.032,43.2131,0,0,0,96.1921,-36.9525,-8.78279,110.38,-7.25705,142.242,2.53621e+26
20230101T000002.200000,4,283,1346.21,-666.808,-2.39662,24.4424,83.7187,11.025,256.134,391.139,15.492,735.038,-6.09443,983.027,0
20230101T000002.200000,4,351,1113.85,-1005.24,13.3517,-9.0048,-1.64528,10.6356,484.314,514.204,15.0745,629.223,-12.0159,1076.95,0
20230101T000002.200000,4,352,8463.37,-7914.56,-296.934,-2.43576,3.22247,-0.215377,1233.48,1249.71,46.6106,1399.62,-43.6152,2567.41,0
20230101T000002.200000,4,353,7658.46,-7028.56,134.572,-1.70556,1.28352,0.154107,1204.99,1244.73,-23.6679,1419.44,21.7167,2561.15,0
20230101T000002.200000,4,356,6735.01,-6224.25,639.911,2.32575,-0.0474415,-3.60836,1217.69,1234.01,-130.606,1408.19,120.914,2538.07,0
20230101T000002.200000,4,357,4559.12,-4334.05,-240.474,-0.67479,1.63725,-4.00068,1221.49,1214.66,61.4469,1341.63,-58.4831,2494.86,0
20230101T000002.200000,4,397,8604.23,-3233.91,-208.9,-0.168494,-0.842229,-0.226696,361.09,793.652,50.8395,2181.24,-19.0541,2477.49,0
20230101T000002.200000,4,408,229.904,194.177,43.125,3.74583,-3.20527,0.154036,104.468,-34.4491,-6.54521,93.0406,-7.72017,134.735,0
20230101T000002.200000,3,409,1881.98,-2000.56,348.068,0,0,0,2500,0,0,2500,0,2500,0
20230101T000002.200000,3,410,2793.44,-2733.28,-57.396,0,0,0,2500,0,0,2500,0,2500,0
20230101T000002.200000,3,411,5163.8,-5167.25,763.787,0,0,0,2500,0,0,2500,0,2500,0
20230101T000002.200000,3,412,5860.68,-5397.87,584.831,0,0,0,2500,0,0,2500,0,2500,0
20230101T000002.200000,3,413,5549.26,-5965.27,-1237.17,0,0,0,2500,0,0,2500,0,2500,0
20230101T000002.200000,3,414,5125.95,-4424.58,-219.103,0,0,0,2500,0,0,2500,0,2500,0
20230101T000002.200000,3,415,3854.93,-4017.27,622.62,0,0,0,2500,0,0,2500,0,2500,0
20230101T000002.200000,3,416,4155.85,-2764.68,288.918,0,0,0,2500,0,0,2500,0,2500,0
20230101T000002.200000,3,417,3088.85,-4055.32,107.352,0,0,0,2500,0,0,2500,0,2500,0
20230101T000002.200000,3,418,1752.9,-932.49,74.3798,0,0,0,2500,0,0,2500,0,2500,0
20230101T000002.200000,3,419,3002.87,-1296.23,-134.958,0,0,0,2500,0,0,2500,0,2500,0
20230101T000002.200000,3,420,4345.5,-742.49,-576.997,0,0,0,2500,0,0,2500,0,2500,0
20230101T000002.200000,3,421,6560.95,-3459.08,127.001,0,0,0,2500,0,0,2500,0,2500,0
20230101T000002.200000,3,422,7196.3,-1444.95,-1499.59,0,0,0,2500,0,0,2500,0,2500,0
20230101T000002.200000,3,423,5899.79,-2166.13,-326.478,0,0,0,2500,0,0,2500,0,2500,0
20230101T000002.200000,3,424,4413.42,-2349.37,12.2128,0,0,0,2500,0,0,2500,0,2500,0
20230101T000002.200000,3,425,5218.24,-1793.04,464.679,0,0,0,2500,0,0,2500,0,2500,0
20230101T000002.200000,3,426,9010.54,-2458.42,1173.24,0,0,0,2500,0,0,2500,0,2500,0
20230101T000002.200000,3,427,9448.02,-2868.06,276.556,0,0,0,2500,0,0,2500,0,2500,0
20230101T000002.200000,3,428,6147.48,-2738.59,780.317,0,0,0,2500,0,0,2500,0,2500,0
20230101T000002.200000,3,429,2649.8,531.232,71.4303,0,0,0,2500,0,0,2500,0,2500,0
20230101T000002.300000,6,540,1933.97,-1893.61,79.8648,0,0,0,5775.05,5822.41,-245.781,6020.65,240.652,11721.6,6.58656e+06
20230101T000002.300000,6,541,2668.66,-2813.58,-539.051,0,0,0,12915.9,11750.1,2295.67,11672.6,-2420.33,24062,926497
20230101T000002.300000,6,542,7739.49,-6929.11,-16.1982,0,0,0,76855.9,85772.5,200.512,95868.3,-179.517,172660,1.42568e+07
20230101T000002.300000,6,543,5307.67,-5960.94,-242.297,0,0,0,56922.3,50543.6,2056.36,45162.3,-2309.46,101927,828653
20230101T000002.300000,6,544,4131.12,-4789.3,1081.74,0,0,0,37525.2,30699.6,-7143.13,28415.1,8281.19,64007.6,136281
20230101T000002.300000,6,545,4517.48,-5072.31,-454.678,0,0,0,41339.8,36466.5,3283.56,32872.1,-3686.84,73817.7,81355.2
20230101T000002.300000,6,546,5422.85,-5175.01,-235.699,0,0,0,42929.2,44825,2043.6,47124.5,-1950.2,89900.9,342076
20230101T000002.300000,6,547,3332.45,-3835.8,-17.0393,0,0,0,23569.1,20420.3,90.7115,17805.1,-104.413,41309.8,136314
20230101T000002.300000,6,548,4803.7,-3123.64,-175.77,0,0,0,15691,23956.2,1349.31,36954.5,-877.396,52532.2,97905.5
20230101T000002.300000,6,549,3185.73,-1234.55,497.645,0,0,0,2837.56,6138.07,-2528.07,16298.2,979.687,18678.1,188709
20230101T000002.300000,6,550,1398.74,-534.129,56.3029,0,0,0,516.672,1172.38,-123.76,3139.14,47.2594,3586.92,4.13256e+07
20230101T000002.300000,6,551,3897.68,-1990.55,195.899,0,0,0,6439.04,12362.9,-1219.13,24332.9,622.614,30646.8,157009
20230101T000002.300000,6,552,9734.89,-3627.23,-357.705,0,0,0,21286.7,56409.1,5569.49,151662,-2075.19,172680,1.47267e+07
20230101T000002.300000,6,553,10857.2,-4053.72,221.94,0,0,0,26417.5,70372.2,-3854.27,188622,1439.06,214897,3.58568e+08
20230101T000002.300000,6,554,6899.18,-4147.94,987.347,0,0,0,28720.6,45071.2,-10892.4,76588.7,6548.75,103687,151775
20230101T000002.300000,6,555,6798.93,-1609.3,-475.741,0,0,0,4546.97,17410.9,5171.03,73983.4,-1223.97,78104.8,87228.4
20230101T000002.300000,6,556,5502.26,-3059.37,-20.6987,0,0,0,15025,26906,182.039,48455,-101.218,63415.3,604625
20230101T000002.300000,6,557,8790.93,-2688.49,184.03,0,0,0,11672.8,37781.9,-2587.25,123659,791.245,135214,1.19385e+06
20230101T000002.300000,6,558,257.197,148.031,43.247,0,0,0,84.3837,-32.5289,-9.88126,122.179,-5.6872,142.232,2.06625e+26
20230101T000002.300000,4,283,1361.42,-630.917,12.0292,26.2912,108.05,20.8298,198.877,324.103,5.83908,666.021,-5.902,855.717,0
20230101T000002.300000,4,353,7656.48,-7024.09,132.215,-10.3347,9.94192,-0.643855,1229.14,1298.38,-24.7908,1452.51,22.7505,2643.58,0
20230101T000002.300000,4,358,4919.98,-2935.22,-87.6024,28.4568,-20.6547,-1.79197,720.441,1107.04,31.3871,1927.34,-18.6383,2584.22,0
20230101T000002.300000,4,384,5354.52,-5190.96,-793.665,-0.637379,1.07739,3.25419,1271.55,1216.99,189.898,1345.95,-184.182,2498.42,0
20230101T000002.300000,4,386,4876.87,-6318.86,-283.909,-6.57188,13.0135,0.71329,1618.35,1194,53.7739,983.762,-69.9299,2533.43,0
20230101T000002.300000,4,393,10970.9,-3738.9,-140.625,-0.207999,-0.75182,0.842824,323.101,764.504,29.6814,2308.68,-10.1039,2568.54,0
20230101T000002.300000,4,394,3884.21,-1982.25,399.221,13.8283,-7.08049,-1.90919,559.687,933.07,-196.387,1912,100.217,2368.84,0
20230101T000002.300000,4,397,8608.34,-3224.14,-201.652,1.23371,0.845617,1.16978,343.141,811.763,52.2581,2200.67,-19.6288,2504.24,0
20230101T000002.300000,4,409,1859.83,-1948.53,295.337,-2.1931,5.15172,-5.22091,1152.19,994.969,-173.607,1030.52,184.546,2061.8,0
20230101T000002.300000,4,417,3093.48,-4030.4,99.8695,0.458255,2.46768,-0.740844,1529.75,1116.86,-29.5661,914.131,38.817,2379.47,0
20230101T000002.300000,3,430,2668.66,-2813.58,-539.051,0,0,0,2500,0,0,2500,0,2500,0
20230101T000002.300000,3,431,4131.12,-4789.3,1081.74,0,0,0,2500,0,0,2500,0,2500,0
20230101T000002.300000,3,432,4517.48,-5072.31,-454.678,0,0,0,2500,0,0,2500,0,2500,0
20230101T000002.300000,3,433,3185.73,-1234.55,497.645,0,0,0,2500,0,0,2500,0,2500,0
20230101T000002.300000,3,434,9734.89,-3627.23,-357.705,0,0,0,2500,0,0,2500,0,2500,0
20230101T000002.300000,3,435,6899.18,-4147.94,987.347,0,0,0,2500,0,0,2500,0,2500,0
20230101T000002.300000,3,436,6798.93,-1609.3,-475.741,0,0,0,2500,0,0,2500,0,2500,0
20230101T000002.300000,3,437,5502.26,-3059.37,-20.6987,0,0,0,2500,0,0,2500,0,2500,0
20230101T000002.300000,3,438,257.197,148.031,43.247,0,0,0,2500,0,0,2500,0,2500,0
20230101T000002.400000,6,559,8127.36,-8237.96,644.814,0,0,0,108942,106760,-8382.52,106056,8496.59,214269,2.58591e+08
20230101T000002.400000,6,560,2389.34,-3853.72,912.453,0,0,0,24148.8,14108.4,-3481.73,10140.9,5615.62,32898.6,282563
20230101T000002.400000,6,561,6050.96,-7516.13,2497.04,0,0,0,94334.4,67865.3,-24165.4,64672.1,30016.8,148974,552264
20230101T000002.400000,6,562,7192.33,-7503.97,-109.625,0,0,0,90135.3,86312.1,1261.07,82810.8,-1315.71,172863,8.06338e+06
20230101T000002.400000,6,563,2572.14,-2930.33,273.311,0,0,0,13818.6,11968.7,-1121.85,10688.9,1278.07,24324.7,314310
20230101T000002.400000,6,564,4928.81,-4770.99,422.27,0,0,0,36600,37450.1,-3327.24,39037.9,3220.7,75289.1,95216.4
20230101T000002.400000,6,565,4287.79,-5451.12,697.598,0,0,0,47865.4,36988.1,-4781.91,29936.4,6079.3,76960.4,98054.5
20230101T000002.400000,6,566,5033.87,-5560.67,118.752,0,0,0,49512.7,44743.6,-955.77,40591.3,1055.79,90017.5,627610
20230101T000002.400000,6,567,5897.15,-5384.99,135.184,0,0,0,46447.9,50763.4,-1274.72,55684.6,1164.01,102039,543953
20230101T000002.400000,6,568,6943.77,-4359.49,-390.346,0,0,0,30628.9,48295.6,4334.19,77232.6,-2721.12,107554,124762
20230101T000002.400000,6,569,3261.45,-4336.78,1256.21,0,0,0,31026.3,21388.6,-6546.87,18670.9,8705.42,47114.8,448153
20230101T000002.400000,6,570,4611.27,-4252.47,414.03,0,0,0,29116.3,31206.4,-3051.63,34177.4,2814.19,62955.9,112827
20230101T000002.400000,6,571,3382.98,-3765.3,580.466,0,0,0,22952.9,20081.2,-3137.08,18644.5,3491.61,40996,1.40463e+06
20230101T000002.400000,6,572,1454.94,-342.253,104.661,0,0,0,264.375,778.628,-239.299,3391.21,56.2916,3574.69,1.50802e+08
20230101T000002.400000,6,573,2580.92,-694.593,406.38,0,0,0,1076.65,2786.3,-1668.95,10679.9,449.157,11431.3,1.76031e+07
20230101T000002.400000,6,574,8840.03,-2520.23,195.034,0,0,0,10277.9,35613.3,-2757.27,125043,786.076,135196,7.83852e+06
20230101T000002.400000,6,575,279.222,100.888,42.2623,0,0,0,74.2984,-24.1111,-10.4828,132.318,-3.78762,142.3,2.56849e+26
20230101T000002.400000,4,352,8458.8,-7918.52,-284.577,-4.14645,1.90557,4.09404,1345.45,1387.4,51.9799,1531.2,-48.6144,2827.06,0
20230101T000002.400000,4,353,7650.28,-7032.87,128.289,-4.93587,-0.0674271,-1.86267,1285.46,1362.13,-25.8089,1520.22,23.6836,2769.59,0
20230101T000002.400000,4,357,4558.13,-4327.44,-213.087,-12.4194,14.7339,6.44776,1294.85,1309.47,71.1491,1426.74,-67.5672,2668.19,0
20230101T000002.400000,4,397,8613.44,-3210.83,-193.979,2.09126,4.74947,3.29883,349.857,835.347,52.9254,2264.25,-19.8904,2576.36,0
20230101T000002.400000,4,410,2773.83,-2753.99,-25.5836,-3.77156,-3.98304,6.11779,1181.58,1143.24,24.0075,1231.37,-23.4904,2349.54,0
20230101T000002.400000,4,412,5860.35,-5396.4,573.534,-0.0647,0.282104,-2.17246,1204.48,1225.55,-132.8,1406.34,122.313,2522.2,0
20230101T000002.400000,4,438,281.919,105.335,42.3156,2.44773,-4.22725,-0.0922203,81.2457,-30.0488,-9.11742,116.16,-5.24756,134.603,0
20230101T000002.400000,3,439,2389.34,-3853.72,912.453,0,0,0,2500,0,0,2500,0,2500,0
20230101T000002.400000,3,440,6050.96,-7516.13,2497.04,0,0,0,2500,0,0,2500,0,2500,0
20230101T000002.400000,3,441,4928.81,-4770.99,422.27,0,0,0,2500,0,0,2500,0,2500,0
20230101T000002.400000,3,442,4287.79,-5451.12,697.598,0,0,0,2500,0,0,2500,0,2500,0
20230101T000002.400000,3,443,5033.87,-5560.67,118.752,0,0,0,2500,0,0,2500,0,2500,0
20230101T000002.400000,3,444,6943.77,-4359.49,-390.346,0,0,0,2500,0,0,2500,0,2500,0
20230101T000002.400000,3,445,3261.45,-4336.78,1256.21,0,0,0,2500,0,0,2500,0,2500,0
20230101T000002.400000,3,446,3382.98,-3765.3,580.466,0,0,0,2500,0,0,2500,0,2500,0
20230101T000002.400000,3,447,1454.94,-342.253,104.661,0,0,0,2500,0,0,2500,0,2500,0
20230101T000002.400000,3,448,2580.92,-694.593,406.38,0,0,0,2500,0,0,2500,0,2500,0
20230101T000002.500000,6,576,2103.12,-3010.62,649.762,0,0,0,14744,9784.42,-2180.15,7572.63,3120.9,21581,116045
20230101T000002.500000,6,577,8263.96,-8126.75,-40.0556,0,0,0,105704,107421,529.47,109301,-520.679,214939,2.28361e+08
20230101T000002.500000,6,578,2594.24,-2897.38,390.591,0,0,0,13568.5,11873.6,-1617.01,10938.8,1805.96,24200.5,331596
20230101T000002.500000,6,579,2717.97,-3010.08,-628.822,0,0,0,14809.2,12744.3,2728.1,12202.8,-3021.3,26318.3,99043.7
20230101T000002.500000,6,580,7191.54,-7496.28,-351.677,0,0,0,90036.1,86124.8,4045.06,82885.4,-4216.47,172660,7.18665e+06
20230101T000002.500000,6,581,5204.64,-5381.8,266.935,0,0,0,46428.1,44727.7,-2221.3,43433.3,2296.91,89683.5,64997.3
20230101T000002.500000,6,582,6537.49,-5406.08,1915.31,0,0,0,50283.1,53635.1,-20023.5,70790.4,16558.1,115146,139224
20230101T000002.500000,6,583,4088.89,-4514.54,772.801,0,0,0,33068.8,29028.4,-5050.47,27310,5576.23,59361.2,45409.5
20230101T000002.500000,6,584,4627.03,-4932.39,619.127,0,0,0,39242.4,36178,-4579.57,34615,4881.8,73181.1,212068
20230101T000002.500000,6,585,5747.7,-4128.38,583.327,0,0,0,27670.7,37677.8,-5360.21,53064.6,3850.05,80127.7,99695.8
20230101T000002.500000,6,586,4294.53,-4588.07,159.05,0,0,0,33729.4,31473.7,-1091.76,29564.5,1166.39,63189.5,66783.3
20230101T000002.500000,6,587,4637.45,-4712.79,-807.571,0,0,0,36080.9,34415.3,5986.72,34971.8,-6083.97,69947.1,86512.7
20230101T000002.500000,6,588,3818,-3311.42,689.998,0,0,0,18015.4,19820.6,-4208.58,23677.4,3650.18,40869.3,1.2536e+06
20230101T000002.500000,6,589,4082.4,-3719.66,-827.189,0,0,0,22769.7,23720,5396.13,27190.5,-4916.66,48804.3,474857
20230101T000002.500000,6,590,8891.5,-1960.27,1329.53,0,0,0,8905.2,27279.8,-18905.5,126628,4168.03,132644,6.05331e+06
20230101T000002.500000,6,591,292.352,50.8524,43.261,0,0,0,67.8717,-12.7008,-11.2349,138.68,-1.95422,142.221,6.82417e+25
20230101T000002.500000,6,592,2206,1554.39,161.916,0,0,0,3936.43,-5436.58,-568.372,7821.37,-400.485,11652.3,8.36676e+06
20230101T000002.500000,6,593,1238.31,842.554,40.2397,0,0,0,1181.32,-1638.4,-78.3065,2474.53,-53.28,3589.36,1.36809e+08
20230101T000002.500000,6,594,6638.32,4383.44,727.759,0,0,0,31377.5,-46139,-7724.91,70784.3,-5100.94,101251,4.33184e+06
20230101T000002.500000,4,352,8455.96,-7921.54,-280.748,-4.45182,-0.0154571,5.4496,1424.56,1480.96,54.1718,1621.4,-50.6432,3005.38,0
20230101T000002.500000,4,353,7643.09,-7041.82,119.944,-5.30871,-5.85804,-5.13681,1363.1,1445.7,-26.8034,1609.14,24.5848,2936.67,0
20230101T000002.500000,4,357,4545.96,-4337.93,-196.275,-17.4077,10.2815,13.1235,1329.56,1357.24,70.0623,1469.18,-66.6736,2754.16,0
20230101T000002.500000,4,410,2758.93,-2769.43,13.0722,-8.67258,-7.50454,16.9514,1123.27,1100.03,16.7179,1151.83,-13.7277,2237.08,0
20230101T000002.500000,4,441,4864.1,-4723.29,424.002,-6.4069,4.72327,0.171492,1218.66,1185.2,-104.913,1295.81,101.554,2434.38,0
20230101T000002.500000,4,443,5032.21,-5548.79,122.649,-0.164556,1.17665,0.385818,1378.26,1190.64,-25.4271,1140.86,28.0881,2455.52,0
20230101T000002.500000,3,449,2103.12,-3010.62,649.762,0,0,0,2500,0,0,2500,0,2500,0
20230101T000002.500000,3,450,2717.97,-3010.08,-628.822,0,0,0,2500,0,0,2500,0,2500,0
20230101T000002.500000,3,451,6537.49,-5406.08,1915.31,0,0,0,2500,0,0,2500,0,2500,0
20230101T000002.500000,3,452,4088.89,-4514.54,772.801,0,0,0,2500,0,0,2500,0,2500,0
20230101T000002.500000,3,453,5747.7,-4128.38,583.327,0,0,0,2500,0,0,2500,0,2500,0
20230101T000002.500000,3,454,4637.45,-4712.79,-807.571,0,0,0,2500,0,0,2500,0,2500,0
20230101T000002.500000,3,455,3818,-3311.42,689.998,0,0,0,2500,0,0,2500,0,2500,0
20230101T000002.500000,3,456,4082.4,-3719.66,-827.189,0,0,0,2500,0,0,2500,0,2500,0
20230101T000002.500000,3,457,8891.5,-1960.27,1329.53,0,0,0,2500,0,0,2500,0,2500,0
20230101T000002.500000,3,458,292.352,50.8524,43.261,0,0,0,2500,0,0,2500,0,2500,0
20230101T000002.500000,3,459,2206,1554.39,161.916,0,0,0,2500,0,0,2500,0,2500,0
20230101T000002.500000,3,460,1238.31,842.554,40.2397,0,0,0,2500,0,0,2500,0,2500,0
20230101T000002.500000,3,461,6638.32,4383.44,727.759,0,0,0,2500,0,0,2500,0,2500,0
20230101T000002.600000,6,595,2101.07,-1697.17,117.934,0,0,0,4660.73,5663.28,-394.29,7097.19,318.493,11671.9,5.89374e+06
20230101T000002.600000,6,596,1180.66,-917.646,94.3185,0,0,0,1395.93,1695.71,-174.999,2259.71,136.014,3577.92,8.75793e+07
20230101T000002.600000,6,597,2902.06,-2616.37,-100.464,0,0,0,10996.8,12108.7,465.262,13511.1,-419.459,24427.8,532054
20230101T000002.600000,6,598,8331.69,-6146.03,990.39,0,0,0,61495.2,81150.9,-13197.7,111643,9735.54,171506,9.66441e+06
20230101T000002.600000,6,599,5369.4,-4058,1022.19,0,0,0,27451.6,34028.1,-8774.12,46759.2,6631.17,72477.9,296733
20230101T000002.600000,6,600,5863.17,-5419.16,237.971,0,0,0,47071.1,50760.5,-2231.02,55074,2062.07,101991,1.21628e+06
20230101T000002.600000,6,601,5896,-4616.89,211.974,0,0,0,34189.3,43487.9,-1998.25,55672.1,1564.74,89725.6,598683
20230101T000002.600000,6,602,4306.77,-2680.48,-406.539,0,0,0,11732.4,18323.6,2797.06,29768.8,-1740.85,41173.6,1.84653e+06
20230101T000002.600000,6,603,7456.95,-5375.27,196.315,0,0,0,46312.4,64073.5,-2341.15,89012.8,1687.6,135200,4.07752e+06
20230101T000002.600000,6,604,4192.14,-4681.91,156.294,0,0,0,35118.2,31352.3,-1047.27,28175.7,1169.62,63190.9,232974
20230101T000002.600000,6,605,296.984,0.0528127,41.5662,0,0,0,65.5348,-0.0134411,-10.9658,141.119,-0.00195004,142.349,9.1945e+25
20230101T000002.600000,6,606,2050.17,1758.54,114.391,0,0,0,4996.83,-5726.59,-373.182,6761.1,-320.098,11673.2,5.45661e+06
20230101T000002.600000,6,607,2840.25,2666.68,314.982,0,0,0,11496.1,-12007.5,-1427.66,13011.4,-1340.41,24285.6,491097
20230101T000002.600000,6,608,3921.49,2555.72,299.466,0,0,0,10596.2,-15940.8,-1875.55,24666.8,-1222.34,35056,253883
20230101T000002.600000,6,609,8027.52,8362.93,236.195,0,0,0,111975,-107337,-3032.8,103185,-3159.51,215007,3.34649e+08
20230101T000002.600000,6,610,6169.44,4009.39,729.159,0,0,0,26363,-39159.5,-7192.33,61170.5,-4674.15,86620.1,366609
20230101T000002.600000,6,611,6345.45,4231.36,818.807,0,0,0,29433.4,-42435.5,-8307.47,64773.3,-5539.7,93071.4,203471
20230101T000002.600000,6,612,6307.99,4941.26,1853.21,0,0,0,42508.7,-47174,-18693,65777.9,-14642.8,102734,192262
20230101T000002.600000,4,351,1134.38,-978.919,42.2044,9.08546,18.3704,28.9478,547.76,543.934,-6.85297,657.962,7.56462,1149.16,0
20230101T000002.600000,4,357,4529.73,-4354.21,-178.88,-22.532,0.901313,20.4225,1384.74,1416.47,68.5556,1524,-64.412,2867.94,0
20230101T000002.600000,4,410,2771.14,-2756.69,4.48708,-3.86527,-2.49024,13.1477,1102.67,1069.91,5.86705,1107.59,0.835783,2171.64,0
20230101T000002.600000,4,412,5860.81,-5397.33,564.086,0.801742,-0.706255,-5.24618,1295.95,1342.04,-143.334,1517.43,132,2739.86,0
20230101T000002.600000,4,458,300.868,3.25389,41.6582,0.843226,-4.71273,-0.158687,65.9927,-11.7325,-10.3664,131.402,-1.80316,134.592,0
20230101T000002.600000,4,459,2180.07,1592.07,153.481,-2.56731,3.73071,-0.835186,735.051,-944.353,-98.4359,1409.88,-69.3597,2069.39,0
20230101T000002.600000,3,462,2101.07,-1697.17,117.934,0,0,0,2500,0,0,2500,0,2500,0
20230101T000002.600000,3,463,8331.69,-6146.03,990.39,0,0,0,2500,0,0,2500,0,2500,0
20230101T000002.600000,3,464,5369.4,-4058,1022.19,0,0,0,2500,0,0,2500,0,2500,0
20230101T000002.600000,3,465,5896,-4616.89,211.974,0,0,0,2500,0,0,2500,0,2500,0
20230101T000002.600000,3,466,4306.77,-2680.47,-406.539,0,0,0,2500,0,0,2500,0,2500,0
20230101T000002.600000,3,467,7456.95,-5375.27,196.315,0,0,0,2500,0,0,2500,0,2500,0
20230101T000002.600000,3,468,2840.25,2666.68,314.982,0,0,0,2500,0,0,2500,0,2500,0
20230101T000002.600000,3,469,3921.49,2555.72,299.466,0,0,0,2500,0,0,2500,0,2500,0
20230101T000002.600000,3,470,8027.52,8362.93,236.195,0,0,0,2500,0,0,2500,0,2500,0
20230101T000002.600000,3,471,6169.44,4009.39,729.159,0,0,0,2500,0,0,2500,0,2500,0
20230101T000002.600000,3,472,6345.45,4231.36,818.807,0,0,0,2500,0,0,2500,0,2500,0
20230101T000002.600000,3,473,6307.99,4941.26,1853.21,0,0,0,2500,0,0,2500,0,2500,0
20230101T000002.700000,6,613,292.546,-51.1131,41.6079,0,0,0,67.7766,12.8133,-10.8127,138.875,1.88918,142.345,1.03785e+26
20230101T000002.700000,6,614,1638.77,2146.7,121.988,0,0,0,7405.59,-5586.44,-318.107,4352.33,-416.702,11670.4,1.38722e+06
20230101T000002.700000,6,615,1001.6,1111.67,77.0388,0,0,0,2010.14,-1745.04,-121.259,1645.58,-134.585,3582.57,2.32767e+07
20230101T000002.700000,6,616,2860.91,2628.93,425.847,0,0,0,11249.6,-11857.8,-1944.19,13257.5,-1786.54,24154.5,115024
20230101T000002.700000,6,617,2267.3,3339.4,742.387,0,0,0,18140.3,-11675.7,-2686.75,8871,-3957.18,26069.7,80846.5
20230101T000002.700000,6,618,1981.42,2577.79,-195.727,0,0,0,10678.5,-8111.86,618.167,6360.24,804.226,16913.9,175064
20230101T000002.700000,6,619,3519.07,2546.07,571.156,0,0,0,10755.9,-14057.9,-3209.2,20015.1,-2321.88,30187.2,90140.7
20230101T000002.700000,6,620,7997,8387.41,-211.387,0,0,0,112622,-107251,2703.93,102394,2835.93,214881,2.06805e+08
20230101T000002.700000,6,621,7095.29,7558.48,-749.033,0,0,0,91859.2,-85327.7,8500.22,81060.1,9055.12,171958,1.01143e+07
20230101T000002.700000,6,622,6188.62,5582.94,1405.45,0,0,0,51647.5,-53678.3,-13908.7,62724.4,-12547.4,111151,75178.5
20230101T000002.700000,6,623,6001.64,5971.12,1682.29,0,0,0,59353.3,-55043.6,-16145.7,59914.7,-16063.6,114681,91219.5
20230101T000002.700000,6,624,5133.69,6111.2,-345.738,0,0,0,59860.5,-50071.2,2838.08,42317.2,3378.49,101923,528853
20230101T000002.700000,6,625,4376.35,4117.18,-104.15,0,0,0,27165.1,-28788.6,728.465,30682,685.326,57765.8,54104.2
20230101T000002.700000,6,626,4169,5298.79,814.546,0,0,0,45353.5,-34798.5,-5428.63,28503.5,-6899.78,72733.2,68818.4
20230101T000002.700000,6,627,4059.96,4623.12,665.754,0,0,0,34533.4,-29648.5,-4320.18,26809.3,-4919.43,60571.1,78170
20230101T000002.700000,6,628,3570.5,5114.06,785.265,0,0,0,42189.7,-28722.9,-4481.53,21103.2,-6418.92,62244.3,98406.3
20230101T000002.700000,6,629,4106.5,3611.19,1140.35,0,0,0,22073,-22664.8,-7482.94,27915.4,-6580.38,47849.1,102185
20230101T000002.700000,6,630,6557.32,6427.19,408.62,0,0,0,66262.8,-67266.7,-4285.09,68959.7,-4200.05,134892,2.66248e+06
20230101T000002.700000,6,631,3971.53,2837.76,-212.441,0,0,0,12974.7,-17968,1347.68,25282.8,962.955,38121.5,60182.4
20230101T000002.700000,6,632,3381.91,3791.89,55.7984,0,0,0,23036.1,-20483.9,-301.461,18338.2,-338.006,41305.2,67205.6
20230101T000002.700000,4,468,2842.33,2663.24,325.375,0.205935,-0.341024,1.02903,1112.44,-1102.97,-130.362,1251.63,-122.395,2274.14,0
20230101T000002.700000,4,470,8024.64,8360.58,230.925,-0.285106,-0.232326,-0.521834,1329.31,-1215.11,-34.3188,1229.81,-35.7527,2494.69,0
20230101T000002.700000,3,474,292.546,-51.1131,41.6079,0,0,0,2500,0,0,2500,0,2500,0
20230101T000002.700000,3,475,1638.77,2146.7,121.988,0,0,0,2500,0,0,2500,0,2500,0
20230101T000002.700000,3,476,1001.6,1111.67,77.0388,0,0,0,2500,0,0,2500,0,2500,0
20230101T000002.700000,3,477,2267.3,3339.4,742.387,0,0,0,2500,0,0,2500,0,2500,0
20230101T000002.700000,3,478,1981.42,2577.79,-195.727,0,0,0,2500,0,0,2500,0,2500,0
20230101T000002.700000,3,479,3519.07,2546.07,571.156,0,0,0,2500,0,0,2500,0,2500,0
20230101T000002.700000,3,480,7095.29,7558.48,-749.033,0,0,0,2500,0,0,2500,0,2500,0
20230101T000002.700000,3,481,6188.62,5582.94,1405.45,0,0,0,2500,0,0,2500,0,2500,0
20230101T000002.700000,3,482,6001.64,5971.12,1682.29,0,0,0,2500,0,0,2500,0,2500,0
20230101T000002.700000,3,483,5133.69,6111.2,-345.738,0,0,0,2500,0,0,2500,0,2500,0
20230101T000002.700000,3,484,4376.35,4117.18,-104.15,0,0,0,2500,0,0,2500,0,2500,0
20230101T000002.700000,3,485,4169,5298.79,814.546,0,0,0,2500,0,0,2500,0,2500,0
20230101T000002.700000,3,486,4059.96,4623.12,665.754,0,0,0,2500,0,0,2500,0,2500,0
20230101T000002.700000,3,487,3570.5,5114.06,785.265,0,0,0,2500,0,0,2500,0,2500,0
20230101T000002.700000,3,488,4106.5,3611.19,1140.35,0,0,0,2500,0,0,2500,0,2500,0
20230101T000002.700000,3,489,6557.32,6427.19,408.62,0,0,0,2500,0,0,2500,0,2500,0
20230101T000002.700000,3,490,3971.53,2837.76,-212.441,0,0,0,2500,0,0,2500,0,2500,0
20230101T000002.700000,3,491,3381.91,3791.89,55.7984,0,0,0,2500,0,0,2500,0,2500,0
20230101T000002.800000,6,633,279.35,-100.811,41.5982,0,0,0,74.2461,24.1326,-10.3228,132.41,3.72525,142.35,3.72719e+25
20230101T000002.800000,6,634,2657.3,-481.845,123.794,0,0,0,457.051,2033.14,-523.451,11300.8,94.9166,11669.6,4.39517e+07
20230101T000002.800000,6,635,1409.27,508.693,11.3696,0,0,0,470.832,-1126.51,-25.1796,3185.06,-9.0889,3591.69,4.401e+07
20230101T000002.800000,6,636,10892.7,3971.34,-3.84945,0,0,0,25291,-69193.2,67.0695,189849,24.4527,215076,2.45758e+08
20230101T000002.800000,6,637,3731.05,1107.38,84.9257,0,0,0,2031.48,-6590.14,-505.642,22279.3,-150.076,24235.3,3.2366e+06
20230101T000002.800000,6,638,9954.19,2883.97,-711.074,0,0,0,14112.8,-45698.9,11320.9,158605,3279.93,171845,2.20983e+07
20230101T000002.800000,6,639,6645.77,3480.59,294.784,0,0,0,19542.5,-36926.5,-3132.29,70709.7,-1640.47,90049.3,197562
20230101T000002.800000,6,640,8675.9,3028.16,-290.277,0,0,0,14848.8,-41973.4,4027.55,120455,1405.74,135106,2.81234e+06
20230101T000002.800000,6,641,6073.9,1637.31,210.988,0,0,0,4415.24,-15877.8,-2048.36,59036.9,-552.165,63317,514390
20230101T000002.800000,6,642,2437.26,2061.18,22.4938,0,0,0,6835.31,-8005.86,-87.3728,9531.42,-73.8906,16301.9,87313
20230101T000002.800000,6,643,2649.97,1841.65,855.803,0,0,0,6257.19,-7231.34,-3615.55,11636.9,-2512.69,16666.7,120699
20230101T000002.800000,6,644,2616.64,2176.82,-18.4805,0,0,0,7619.79,-9081.77,77.1038,10981.3,64.1437,18536.5,65606.4
20230101T000002.800000,6,645,7697.67,8663.64,-200.013,0,0,0,120150,-106640,2462.69,94878.1,2771.72,214900,2.24274e+08
20230101T000002.800000,6,646,1047.52,1071.3,-24.3983,0,0,0,1868.04,-1763.08,40.1638,1788.87,41.0758,3591.99,4.60149e+07
20230101T000002.800000,6,647,3547.17,2963.11,173.888,0,0,0,14114.2,-16761.8,-985.053,20178,-822.86,34180,82677.5
20230101T000002.800000,6,648,7369.75,7975.33,-283.323,0,0,0,101858,-93946,3339.7,87004.9,3614.13,188671,192944
20230101T000002.800000,6,649,7796.59,5872.19,2017.94,0,0,0,59368.5,-70092.4,-25162.7,99639.4,-18951.9,152434,108105
20230101T000002.800000,6,650,5699.43,4080.4,1232.18,0,0,0,28286.5,-36030.3,-11227.5,52817.8,-8038.1,78614.9,49497.4
20230101T000002.800000,6,651,4440.43,6117.12,-1720.17,0,0,0,61525.5,-41180.5,12213.1,34688.2,16824.8,91421.6,218874
20230101T000002.800000,6,652,4367.95,6681.47,-292.102,0,0,0,71487.2,-46603.1,2040.14,30666.8,3120.71,101954,973499
20230101T000002.800000,6,653,4081.03,3838.1,28.9653,0,0,0,23604.3,-25028.8,-188.892,26678.3,-177.648,50217.3,49140.2
20230101T000002.800000,6,654,5432.63,7065.25,-895.489,0,0,0,80368.6,-60762,7779.9,48067.7,10117.9,127091,201004
20230101T000002.800000,6,655,6068.22,6840.56,-951.29,0,0,0,75534.8,-65665.8,9231.84,59763,10406.8,133787,2.61774e+06
20230101T000002.800000,6,656,3901.2,2989.6,182.314,0,0,0,14374.1,-18604.3,-1136.11,24394.3,-870.634,38651.5,78542
20230101T000002.800000,6,657,3068.75,4101.19,94.2333,0,0,0,26939.7,-20099.3,-461.98,15117.7,-617.408,41979.2,328459
20230101T000002.800000,4,470,8020.99,8364.39,225.783,-0.708003,0.798883,-1.4979,1340.16,-1249.75,-34.8351,1237.71,-36.2912,2538.73,0
20230101T000002.800000,4,474,284.159,-99.1452,41.5987,-0.830378,-4.75566,-0.00090441,65.9048,11.8353,-9.97693,131.577,1.74315,134.707,0
20230101T000002.800000,4,476,1021.94,1096.52,35.2196,2.01386,-1.49951,-4.14052,847.125,-703.626,-48.8173,700.129,-54.1821,1478.95,0
20230101T000002.800000,4,483,5115.46,6125.41,-344.406,-1.80457,1.40652,0.131917,1472.25,-1180.54,66.7918,1058.63,79.5097,2459.57,0
20230101T000002.800000,4,490,3992.31,2865.08,-189.435,2.05816,2.7053,2.27789,844.612,-1088.6,81.5053,1590.31,58.2376,2364.06,0
20230101T000002.800000,4,491,3390.29,3839.07,58.4163,0.829284,4.67105,0.259193,1353.09,-1150.88,-16.9355,1089.14,-18.9886,2379.28,0
20230101T000002.800000,3,492,2657.3,-481.845,123.794,0,0,0,2500,0,0,2500,0,2500,0
20230101T000002.800000,3,493,1409.27,508.693,11.3696,0,0,0,2500,0,0,2500,0,2500,0
20230101T000002.800000,3,494,10892.7,3971.34,-3.84945,0,0,0,2500,0,0,2500,0,2500,0
20230101T000002.800000,3,495,3731.05,1107.38,84.9257,0,0,0,2500,0,0,2500,0,2500,0
20230101T000002.800000,3,496,9954.19,2883.97,-711.074,0,0,0,2500,0,0,2500,0,2500,0
20230101T000002.800000,3,497,6645.77,3480.59,294.784,0,0,0,2500,0,0,2500,0,2500,0
20230101T000002.800000,3,498,8675.9,3028.16,-290.277,0,0,0,2500,0,0,2500,0,2500,0
20230101T000002.800000,3,499,6073.9,1637.31,210.988,0,0,0,2500,0,0,2500,0,2500,0
20230101T000002.800000,3,500,2437.26,2061.18,22.4938,0,0,0,2500,0,0,2500,0,2500,0
20230101T000002.800000,3,501,2649.97,1841.65,855.803,0,0,0,2500,0,0,2500,0,2500,0
20230101T000002.800000,3,502,2616.64,2176.82,-18.4805,0,0,0,2500,0,0,2500,0,2500,0
20230101T000002.800000,3,503,3547.17,2963.11,173.888,0,0,0,2500,0,0,2500,0,2500,0
20230101T000002.800000,3,504,7369.75,7975.33,-283.323,0,0,0,2500,0,0,2500,0,2500,0
20230101T000002.800000,3,505,7796.59,5872.19,2017.94,0,0,0,2500,0,0,2500,0,2500,0
20230101T000002.800000,3,506,5699.43,4080.4,1232.18,0,0,0,2500,0,0,2500,0,2500,0
20230101T000002.800000,3,507,4440.43,6117.12,-1720.17,0,0,0,2500,0,0,2500,0,2500,0
20230101T000002.800000,3,508,4081.03,3838.1,28.9653,0,0,0,2500,0,0,2500,0,2500,0
20230101T000002.800000,3,509,5432.63,7065.25,-895.489,0,0,0,2500,0,0,2500,0,2500,0
20230101T000002.800000,3,510,6068.22,6840.56,-951.29,0,0,0,2500,0,0,2500,0,2500,0
20230101T000002.900000,6,658,1965.34,-1851.28,137.739,0,0,0,5533.47,5774.42,-430.756,6224.4,405.755,11663.8,3.76951e+06
20230101T000002.900000,6,659,1141.13,-967.579,80.9531,0,0,0,1541.16,1729.96,-145.171,2114.55,123.093,3581.6,5.65251e+07
20230101T000002.900000,6,660,8740.6,-7615.19,277.94,0,0,0,92892.4,106405,-3885.82,122318,3385.49,215023,3.72006e+08
20230101T000002.900000,6,661,4770.53,-3940.42,-121.818,0,0,0,24895.2,30033.6,928.849,36448.3,-767.223,61255.8,187482
20230101T000002.900000,6,662,3690.82,-3452.63,604.117,0,0,0,19418.1,20066.1,-3561.99,22097.4,3332.12,40869.4,1.05039e+06
20230101T000002.900000,6,663,4524.83,-4376.48,41.3812,0,0,0,30680.3,31651.2,-299.286,32790.8,289.474,63404.3,747815
20230101T000002.900000,6,664,1358.63,-627.344,74.1997,0,0,0,689.58,1336.07,-158.422,2966.16,73.1509,3583.25,5.79903e+07
20230101T000002.900000,6,665,2505.56,-1013.83,55.6697,0,0,0,1703.8,4040.37,-221.952,10054.2,89.8091,11689.1,3.80938e+06
20230101T000002.900000,6,666,3992.47,-1840.17,97.311,0,0,0,5483.24,11724.9,-620.332,25517.6,285.918,30921.7,479898
20230101T000002.900000,6,667,10589,-4722.75,178.878,0,0,0,35783.1,79971.8,-3029.71,179422,1351.27,215090,3.70712e+08
20230101T000002.900000,6,668,257.06,-148.514,42.3915,0,0,0,84.4708,32.6695,-9.68064,122.144,5.59287,142.297,4.01677e+23
20230101T000002.900000,6,669,7870.61,-4746.86,69.649,0,0,0,36104.9,59745.3,-876.673,99133.4,528.732,135167,4.38088e+06
20230101T000002.900000,6,670,6302.34,-2839.81,591.122,0,0,0,13420.8,28402.8,-5955.77,63656.3,2683.65,76455,278163
20230101T000002.900000,6,671,6491.92,-3131.46,756.138,0,0,0,16483.1,32144,-7848.08,67616.7,3785.62,83122.5,328216
20230101T000002.900000,6,672,5183.61,-2124.22,67.2134,0,0,0,7280.71,17592.9,-556.742,43001.9,228.151,50211.4,223896
20230101T000002.900000,6,673,4005.33,116.535,-623.288,0,0,0,705.219,-726.934,3984.64,25668.8,115.933,25691.5,261580
20230101T000002.900000,6,674,10388.9,88.8996,280.242,0,0,0,202.241,-1476.09,-4656.53,172688,-39.8466,172700,1.73448e+07
20230101T000002.900000,6,675,7988.35,247.762,99.2459,0,0,0,177.89,-3164.26,-1267.7,102102,-39.3183,102200,1.9332e+06
20230101T000002.900000,6,676,6014.65,-107.788,718.66,0,0,0,907.759,1021.35,-6908.44,57881.8,123.805,57901,82106.8
20230101T000002.900000,6,677,7610.56,-702.729,232.025,0,0,0,938.934,8543.32,-2823.41,92674.3,260.702,93463.2,620122
20230101T000002.900000,6,678,6323.83,-1199.09,405.159,0,0,0,2615.58,12072.8,-4095.51,63996.7,776.57,66286.1,125971
20230101T000002.900000,6,679,9066.17,2677.83,407.658,0,0,0,11776.5,-38754.6,-5910.79,131539,-1745.84,142986,55373.8
20230101T000002.900000,6,680,1174.31,1697.42,471.41,0,0,0,4744.73,-2994.44,-877.824,2488.01,-1268.86,6819.52,57199.5
20230101T000002.900000,6,681,1597.41,1474.79,-327.371,0,0,0,3606.36,-3652.68,829.788,4190.43,766.094,7564.15,26131.3
20230101T000002.900000,6,682,1798.13,2614.52,-393.199,0,0,0,11036.8,-7377.09,1126.81,5383.99,1638.41,16111.4,3.55711e+06
20230101T000002.900000,6,683,2672.96,2815.29,-428.406,0,0,0,12850.5,-11862.1,1827.38,11619.3,1924.68,24113.7,1.10714e+06
20230101T000002.900000,6,684,2554.3,3518.33,-617.495,0,0,0,20038,-14059.1,2518.39,10879.7,3468.87,30246.2,477495
20230101T000002.900000,6,685,3250.28,3248,-437.415,0,0,0,17064.2,-16706.3,2270.48,17087.6,2268.89,33782.8,131912
20230101T000002.900000,6,686,4543.63,5813.94,-1294.99,0,0,0,55123.9,-40934.2,9407.62,34735.6,12037.8,87116.1,66623.2
20230101T000002.900000,6,687,4601.34,4032.53,253.134,0,0,0,26112.2,-29605.5,-1861.62,33948,-1631.49,59893.8,27145.6
20230101T000002.900000,6,688,4098.9,5412.12,-257.15,0,0,0,46927.5,-35412.3,1684.99,26989.4,2224.84,73747.2,1.85722e+06
20230101T000002.900000,6,689,5615.41,3663.77,533.451,0,0,0,21841.1,-32680.2,-4788.63,50607.4,-3124.34,71930,76702
20230101T000002.900000,4,351,1138.82,-971.633,61.1833,10.4693,19.7908,37.2996,552.087,579.845,-28.0556,712.021,20.3848,1221.4,0
20230101T000002.900000,4,352,8464.24,-7919.57,-267.566,5.67539,-3.74546,10.8385,2033.05,2112.58,74.5997,2309.11,-69.8052,4285.78,0
20230101T000002.900000,4,357,4529.03,-4362.8,-159.615,-9.68949,-12.9572,26.9924,1776.69,1802.59,76.2453,1925.37,-70.3579,3651.38,0
20230101T000002.900000,4,462,2076.51,-1727.31,121.677,-6.76008,-8.29728,1.03032,912.624,1047.34,-72.8055,1363.21,58.8097,2205.93,0
20230101T000002.900000,4,467,7463.35,-5361.56,193.753,1.76114,3.77536,-0.705224,955.301,1236.86,-45.1729,1779.58,32.5625,2670,0
20230101T000002.900000,4,478,1926.78,2544.29,-219.497,-10.5077,-6.44239,-4.57121,1442.75,-1054.87,80.1342,881.204,104.253,2246.74,0
20230101T000002.900000,4,484,4463.82,4186.94,-90.8958,16.822,13.4149,2.54883,1201.68,-1210.16,30.613,1349.52,28.8001,2487.32,0
20230101T000002.900000,3,511,4770.53,-3940.42,-121.818,0,0,0,2500,0,0,2500,0,2500,0
20230101T000002.900000,3,512,3690.82,-3452.63,604.117,0,0,0,2500,0,0,2500,0,2500,0
20230101T000002.900000,3,513,1358.63,-627.344,74.1997,0,0,0,2500,0,0,2500,0,2500,0
20230101T000002.900000,3,514,2505.56,-1013.83,55.6697,0,0,0,2500,0,0,2500,0,2500,0
20230101T000002.900000,3,515,3992.47,-1840.17,97.311,0,0,0,2500,0,0,2500,0,2500,0
20230101T000002.900000,3,516,10589,-4722.75,178.878,0,0,0,2500,0,0,2500,0,2500,0
20230101T000002.900000,3,517,257.06,-148.514,42.3915,0,0,0,2500,0,0,2500,0,2500,0
20230101T000002.900000,3,518,6302.34,-2839.81,591.122,0,0,0,2500,0,0,2500,0,2500,0
20230101T000002.900000,3,519,6491.92,-3131.46,756.138,0,0,0,2500,0,0,2500,0,2500,0
20230101T000002.900000,3,520,5183.61,-2124.22,67.2134,0,0,0,2500,0,0,2500,0,2500,0
20230101T000002.900000,3,521,4005.33,116.535,-623.288,0,0,0,2500,0,0,2500,0,2500,0
20230101T000002.900000,3,522,10388.9,88.8996,280.242,0,0,0,2500,0,0,2500,0,2500,0
20230101T000002.900000,3,523,7988.35,247.762,99.2459,0,0,0,2500,0,0,2500,0,2500,0
20230101T000002.900000,3,524,6014.65,-107.788,718.66,0,0,0,2500,0,0,2500,0,2500,0
20230101T000002.900000,3,525,7610.56,-702.729,232.025,0,0,0,2500,0,0,2500,0,2500,0
20230101T000002.900000,3,526,6323.83,-1199.09,405.159,0,0,0,2500,0,0,2500,0,2500,0
20230101T000002.900000,3,527,9066.17,2677.83,407.658,0,0,0,2500,0,0,2500,0,2500,0
20230101T000002.900000,3,528,1174.31,1697.42,471.41,0,0,0,2500,0,0,2500,0,2500,0
20230101T000002.900000,3,529,1597.41,1474.79,-327.371,0,0,0,2500,0,0,2500,0,2500,0
20230101T000002.900000,3,530,2672.96,2815.29,-428.406,0,0,0,2500,0,0,2500,0,2500,0
20230101T000002.900000,3,531,2554.3,3518.33,-617.495,0,0,0,2500,0,0,2500,0,2500,0
20230101T000002.900000,3,532,3250.28,3248,-437.415,0,0,0,2500,0,0,2500,0,2500,0
20230101T000002.900000,3,533,4543.63,5813.94,-1294.99,0,0,0,2500,0,0,2500,0,2500,0
20230101T000002.900000,3,534,4098.9,5412.12,-257.15,0,0,0,2500,0,0,2500,0,2500,0
20230101T000002.900000,3,535,5615.41,3663.77,533.451,0,0,0,2500,0,0,2500,0,2500,0
20230101T000003,6,690,7519.68,-7132.03,942.833,0,0,0,82167.5,85067.1,-11339.5,91176.6,10754.9,171859,4.79068e+07
20230101T000003,6,691,228.023,-190.074,42.6167,0,0,0,96.5184,37.0753,-8.63315,110.091,7.19635,142.288,1.83394e+25
20230101T000003,6,692,2371.24,-1277.73,231.118,0,0,0,2727.62,4785.46,-872.059,9029.96,469.905,11609,2.32606e+07
20230101T000003,6,693,9759.25,-6174.15,847.323,0,0,0,61858,95860.3,-13226.8,152735,8367.9,213381,4.61996e+08
20230101T000003,6,694,1490.51,-151.209,21.2049,0,0,0,100.63,354.109,-49.6687,3555.25,5.03879,3591.19,2.9474e+07
20230101T000003,6,695,4356.46,-633.427,-314.674,0,0,0,859.475,4383.57,2188.88,30370.6,-318.262,31008.3,256425
20230101T000003,6,696,9175.98,406.433,420.446,0,0,0,610.328,-5951.75,-6169.88,134718,-273.284,134982,2.55971e+06
20230101T000003,6,697,1287.7,623.695,-82.4156,0,0,0,682.863,-1255.73,166.496,2667.27,80.6419,3275.69,212529
20230101T000003,6,698,1815.28,943.748,157.902,0,0,0,1506.55,-2698.71,-454.263,5294.43,-236.167,6697.84,162365
20230101T000003,6,699,10428.1,3555.17,424.222,0,0,0,20538,-59210.3,-7075.79,174029,-2412.3,194215,119959
20230101T000003,6,700,3725.07,1151.29,187.162,0,0,0,2230.18,-6827.97,-1112.58,22212.3,-343.857,24322.7,1.91297e+06
20230101T000003,6,701,3622.68,1766.44,-262.278,0,0,0,5132.89,-10170.3,1516.51,21031.5,739.46,25990.9,54370.7
20230101T000003,6,702,8180.07,1906.46,-1202.98,0,0,0,8070.99,-24426.2,15736,107184,3667.45,112878,71058.7
20230101T000003,6,703,5274.54,3177.97,-885.226,0,0,0,17125,-26237.8,7462.94,44863.9,4496.5,60673.8,28612.7
20230101T000003,6,704,8021.46,3006.2,-51.5176,0,0,0,14519.4,-38560.1,660.834,102959,247.66,117410,37512.5
20230101T000003,6,705,7119.81,3581.99,605.739,0,0,0,21048.3,-40543.6,-6896.07,81238.1,-3469.42,101636,2.06506e+06
20230101T000003,6,706,4384.51,2412.28,1016.28,0,0,0,10626.2,-16198.7,-7118.5,31156.5,-3916.47,40071.3,1.25681e+06
20230101T000003,6,707,6131.41,2163.33,612.887,0,0,0,8078.88,-21014.3,-6006.94,60224.2,-2119.41,67639.2,41813.4
20230101T000003,6,708,6406.94,2244.93,38.1374,0,0,0,8122.63,-22992.3,-390.611,65685.4,-136.867,73741.7,895326
20230101T000003,6,709,2049.92,2328.38,752.141,0,0,0,9095.77,-7157.86,-2457.24,7267.42,-2791.03,15401.1,68457.2
20230101T000003,6,710,2302.42,2407.09,-314.939,0,0,0,9376.64,-8756.46,1156.05,8597.86,1208.6,17752.9,313699
20230101T000003,6,711,2595.26,2325.61,52.6884,0,0,0,8691.51,-9622.91,-218.064,10807.1,-195.407,19430.2,70606.4
20230101T000003,6,712,6145.93,9075.14,35.0206,0,0,0,131794,-89209.7,-344.261,60481.2,-508.338,192209,75750.7
20230101T000003,6,713,6439,8853.6,1777.03,0,0,0,127188,-88780.4,-18301.7,69682.6,-25164.8,191757,198116
20230101T000003,6,714,8046.3,6347.87,-1254.47,0,0,0,66063.6,-80468,16144.2,104579,12736.4,168062,143468
20230101T000003,6,715,6417.34,8582.33,-1921.26,0,0,0,119991,-85259,19720.3,69719.3,26373.3,183744,296347
20230101T000003,6,716,4378.51,5781.14,-866.769,0,0,0,53935.8,-39891.5,6067.69,31478.1,8011.45,84149.6,214473
20230101T000003,6,717,5542.03,5255.8,-58.7804,0,0,0,44234.1,-46569.8,520.863,49175.5,493.962,93340.1,104622
20230101T000003,6,718,3861.86,4643.14,-791.898,0,0,0,34929.9,-28165.6,4887.85,24492.6,5876.68,58357.4,45868.5
20230101T000003,6,719,3126.25,4460.01,-1282.03,0,0,0,32713.1,-21044.4,6404.53,17441.5,9136.93,47467.6,215798
20230101T000003,6,720,3578.4,4384.79,87.9098,0,0,0,30792.7,-25067.4,-502.693,20533.7,-615.975,51250.1,314727
20230101T000003,6,721,3428.17,4574.82,426.826,0,0,0,33614.1,-24922.8,-2338.32,19031.2,-3120.44,52290.4,24378.1
20230101T000003,6,722,5716.16,6714.35,1266.17,0,0,0,73236.3,-60111.5,-11574.4,53802.8,-13595.5,124413,68203
20230101T000003,4,493,1327.41,549.136,-30.0855,-15.7425,7.77749,-7.97216,229.194,-461.678,-10.319,1341.57,-3.72478,1508.17,0
20230101T000003,4,495,3739.53,1114.32,95.0067,1.62956,1.33321,1.93865,248.506,-623.162,-47.7928,2163.14,-14.185,2347.11,0
20230101T000003,4,502,2667.93,2239.5,-10.3091,9.8633,12.0552,1.57144,969.571,-1090.31,9.25643,1373.13,7.70055,2280.12,0
20230101T000003,4,514,2485.2,-1062.44,86.8685,-2.0158,-4.81244,3.089,346.512,699.992,-38.4397,1793.22,15.554,2075.76,0
20230101T000003,4,517,232.991,-190.132,42.6046,-2.38315,-4.12068,0.0210988,81.3255,30.1773,-8.9323,116.124,5.16053,134.662,0
20230101T000003,3,536,7519.68,-7132.03,942.833,0,0,0,2500,0,0,2500,0,2500,0
20230101T000003,3,537,9759.25,-6174.15,847.323,0,0,0,2500,0,0,2500,0,2500,0
20230101T000003,3,538,1490.51,-151.209,21.2049,0,0,0,2500,0,0,2500,0,2500,0
20230101T000003,3,539,4356.46,-633.427,-314.674,0,0,0,2500,0,0,2500,0,2500,0
20230101T000003,3,540,9175.98,406.433,420.446,0,0,0,2500,0,0,2500,0,2500,0
20230101T000003,3,541,1815.28,943.748,157.902,0,0,0,2500,0,0,2500,0,2500,0
20230101T000003,3,542,10428.1,3555.17,424.222,0,0,0,2500,0,0,2500,0,2500,0
20230101T000003,3,543,3622.68,1766.44,-262.278,0,0,0,2500,0,0,2500,0,2500,0
20230101T000003,3,544,8180.07,1906.46,-1202.98,0,0,0,2500,0,0,2500,0,2500,0
20230101T000003,3,545,5274.54,3177.97,-885.226,0,0,0,2500,0,0,2500,0,2500,0
20230101T000003,3,546,8021.46,3006.2,-51.5176,0,0,0,2500,0,0,2500,0,2500,0
20230101T000003,3,547,7119.81,3581.99,605.739,0,0,0,2500,0,0,2500,0,2500,0
20230101T000003,3,548,4384.51,2412.28,1016.28,0,0,0,2500,0,0,2500,0,2500,0
20230101T000003,3,549,6131.41,2163.33,612.887,0,0,0,2500,0,0,2500,0,2500,0
20230101T000003,3,550,6406.94,2244.93,38.1374,0,0,0,2500,0,0,2500,0,2500,0
20230101T000003,3,551,2049.92,2328.38,752.141,0,0,0,2500,0,0,2500,0,2500,0
20230101T000003,3,552,2302.42,2407.09,-314.938,0,0,0,2500,0,0,2500,0,2500,0
20230101T000003,3,553,6145.93,9075.14,35.0206,0,0,0,2500,0,0,2500,0,2500,0
20230101T000003,3,554,6439,8853.6,1777.03,0,0,0,2500,0,0,2500,0,2500,0
20230101T000003,3,555,8046.3,6347.87,-1254.47,0,0,0,2500,0,0,2500,0,2500,0
20230101T000003,3,556,6417.34,8582.33,-1921.26,0,0,0,2500,0,0,2500,0,2500,0
20230101T000003,3,557,4378.51,5781.14,-866.769,0,0,0,2500,0,0,2500,0,2500,0
20230101T000003,3,558,5542.03,5255.8,-58.7804,0,0,0,2500,0,0,2500,0,2500,0
20230101T000003,3,559,3861.86,4643.14,-791.898,0,0,0,2500,0,0,2500,0,2500,0
20230101T000003,3,560,3126.25,4460.01,-1282.03,0,0,0,2500,0,0,2500,0,2500,0
20230101T000003,3,561,3578.4,4384.79,87.9098,0,0,0,2500,0,0,2500,0,2500,0
20230101T000003,3,562,3428.17,4574.82,426.826,0,0,0,2500,0,0,2500,0,2500,0
20230101T000003,3,563,5716.16,6714.35,1266.17,0,0,0,2500,0,0,2500,0,2500,0
20230101T000003.100000,6,723,1828.61,-1704.42,99.8045,0,0,0,4690.78,4946.92,-290.139,5387.21,270.434,9998.26,9.34358e+07
20230101T000003.100000,6,724,6072.5,-5940.97,318.56,0,0,0,56587.7,57609.3,-3093.42,59111.1,3026.41,115473,1.56201e+06
20230101T000003.100000,6,725,5276.7,-4532.29,-654.694,0,0,0,33297.8,37894.5,5522.87,44867.8,-4743.73,77416.9,2.19823e+06
20230101T000003.100000,6,726,4620.31,-4545.32,310.112,0,0,0,33166.6,33492.4,-2290.32,34262.6,2253.15,67211.6,3.90224e+06
20230101T000003.100000,6,727,10198.9,-4055.58,-561.521,0,0,0,26807,65984.8,9160,166506,-3642.46,192745,3.39965e+08
20230101T000003.100000,6,728,7472.73,-1678.54,-825.34,0,0,0,5605.74,19822.6,9861.42,89402.2,-2215.08,93855.5,577232
20230101T000003.100000,6,729,4355.04,877.587,-567.224,0,0,0,1787.47,-6003.2,3944.57,30368.7,794.873,31579.5,3.28669e+06
20230101T000003.100000,6,730,8390.72,1113.04,-793.02,0,0,0,3033.32,-14803.2,10640.5,112665,1411.47,114629,1.49226e+06
20230101T000003.100000,6,731,8867.52,1243.21,-845.636,0,0,0,3657.23,-17472.7,11992,125836,1681.25,128286,3.89365e+07
20230101T000003.100000,6,732,312.898,375.394,-105.266,0,0,0,257.814,-149.135,44.2647,203.198,53.1059,384.959,5.29453e+24
20230101T000003.100000,4,544,8200.66,1892.94,-1196.43,2.03854,-1.33893,0.648222,232.359,-521.451,329.188,2348.22,76.7211,2422.43,0
20230101T000003.100000,3,564,1828.61,-1704.42,99.8045,0,0,0,2500,0,0,2500,0,2500,0
20230101T000003.100000,3,565,6072.5,-5940.97,318.56,0,0,0,2500,0,0,2500,0,2500,0
20230101T000003.100000,3,566,5276.7,-4532.29,-654.694,0,0,0,2500,0,0,2500,0,2500,0
20230101T000003.100000,3,567,4620.31,-4545.32,310.112,0,0,0,2500,0,0,2500,0,2500,0
20230101T000003.100000,3,568,10198.9,-4055.58,-561.521,0,0,0,2500,0,0,2500,0,2500,0
20230101T000003.100000,3,569,7472.73,-1678.54,-825.34,0,0,0,2500,0,0,2500,0,2500,0
20230101T000003.100000,3,570,4355.04,877.587,-567.224,0,0,0,2500,0,0,2500,0,2500,0
20230101T000003.100000,3,571,8867.52,1243.21,-845.636,0,0,0,2500,0,0,2500,0,2500,0
20230101T000003.100000,3,572,312.898,375.394,-105.266,0,0,0,2500,0,0,2500,0,2500,0
20230101T000003.200000,6,733,1960.67,-2251.78,90.644,0,0,0,8146.09,7025.84,-283.082,6194.63,325.113,14263.7,1.41715e+06
20230101T000003.200000,6,734,1906.28,-2638.38,-120.078,0,0,0,11167.5,8005.87,364.862,5871.38,-504.985,16952,203933
20230101T000003.200000,6,735,4575.29,-5280.75,288.626,0,0,0,44702.7,38560,-2111.15,33605.9,2436.66,78111.5,3.61392e+06
20230101T000003.200000,6,736,5384.71,-7679.13,1436.25,0,0,0,95458.9,64578.9,-12368.6,48646.6,17638.8,140744,952420
20230101T000003.200000,6,737,3940.09,-4750.95,-900.56,0,0,0,36668.7,29282.3,5671.43,25644.9,-6838.58,60954.6,73496.2
20230101T000003.200000,6,738,4082.63,-3303.57,300.121,0,0,0,17587.4,21478,-1957.62,26750.8,1584.06,44130.5,97162.6
20230101T000003.200000,6,739,3426.37,-4284.73,325.096,0,0,0,29465.1,23376.1,-1779.88,18926,2225.77,48158.5,303344
20230101T000003.200000,6,740,4333.72,-3661.47,-343.771,0,0,0,21597.7,25263.8,2380.74,30155.2,-2011.44,51500.3,67528.1
20230101T000003.200000,6,741,3275.85,-3776.93,40.0719,0,0,0,22852.9,19763.3,-209.695,17207.9,241.771,39994.2,293936
20230101T000003.200000,6,742,4330.23,-4613.45,-464.674,0,0,0,34245.9,31759.6,3216.24,30219,-3426.59,64056.1,300937
20230101T000003.200000,6,743,2327.96,-912.69,-86.1606,0,0,0,1398.51,3373.77,318.875,8681.12,-125.017,10003.9,2.42289e+07
20230101T000003.200000,6,744,3876.33,-991.965,414.379,0,0,0,1891.67,6071.1,-2563.68,24062.3,656.053,25616.5,70401.4
20230101T000003.200000,6,745,4120.25,-1784.25,-323.221,0,0,0,5288.04,11678.3,2126.6,27198.7,-920.91,32256.3,3.08465e+06
20230101T000003.200000,6,746,7238.98,-2163.62,140.002,0,0,0,7577.54,25033.7,-1620.41,83852.3,484.318,91334.6,79082.3
20230101T000003.200000,6,747,5618.2,-2152.14,-557.816,0,0,0,7900.2,19158.3,5008.78,50574.5,-1918.69,57913.9,35655.1
20230101T000003.200000,6,748,6417.04,-4384.97,1580.76,0,0,0,33532.1,43130.6,-16219.8,67177.6,11083.5,96652.7,68095.6
20230101T000003.200000,6,749,6910.8,-3893.02,938.368,0,0,0,25366.3,42416.7,-10369.3,76769.1,5841.27,100664,372688
20230101T000003.200000,6,750,7771.57,-3440.75,-389.791,0,0,0,19198.7,42670.4,4844.18,96685.9,-2144.69,115578,407752
20230101T000003.200000,6,751,8392.2,-5065.62,-996.229,0,0,0,42267.1,67288.2,13371.4,113128,-8071.1,153744,98755.4
20230101T000003.200000,6,752,5058.04,-2329.47,-112.206,0,0,0,8751.66,18820.1,906.895,40948.7,-417.668,49616.3,56170.9
20230101T000003.200000,6,753,9237.53,-3675.9,986.928,0,0,0,23019.7,53772.8,-14581,136753,5802.23,158151,371398
20230101T000003.200000,6,754,10852.8,1710.23,-585.258,0,0,0,5276.86,-29603.1,10159.3,188467,1600.95,193132,2.69984e+08
20230101T000003.200000,6,755,6304.17,1324.61,-853.383,0,0,0,3983.52,-13113.7,8599.64,63640.1,1806.92,66396.6,2.73766e+06
20230101T000003.200000,6,756,375.659,312.841,-104.443,0,0,0,203.038,-149.354,52.7279,258.004,43.9106,385.177,4.61972e+23
20230101T000003.200000,6,757,6464.46,6130.54,-1202.05,0,0,0,61383.9,-62223.3,12426.8,67987.3,11784.9,126998,1.5318e+08
20230101T000003.200000,4,520,5149.6,-2123.59,57.5633,-9.36012,0.175942,-2.656,425.5,884.843,-27.9979,2222.12,11.4734,2584.38,0
20230101T000003.200000,4,572,372.181,326.168,-104.556,5.86966,-4.8739,0.0703004,226.564,-126.368,37.2687,180.286,44.7126,332.65,0
20230101T000003.200000,3,573,1960.67,-2251.78,90.644,0,0,0,2500,0,0,2500,0,2500,0
20230101T000003.200000,3,574,1906.28,-2638.38,-120.078,0,0,0,2500,0,0,2500,0,2500,0
20230101T000003.200000,3,575,4575.29,-5280.75,288.626,0,0,0,2500,0,0,2500,0,2500,0
20230101T000003.200000,3,576,5384.71,-7679.13,1436.25,0,0,0,2500,0,0,2500,0,2500,0
20230101T000003.200000,3,577,3940.09,-4750.95,-900.56,0,0,0,2500,0,0,2500,0,2500,0
20230101T000003.200000,3,578,4082.63,-3303.57,300.121,0,0,0,2500,0,0,2500,0,2500,0
20230101T000003.200000,3,579,3426.37,-4284.73,325.096,0,0,0,2500,0,0,2500,0,2500,0
20230101T000003.200000,3,580,4333.73,-3661.47,-343.771,0,0,0,2500,0,0,2500,0,2500,0
20230101T000003.200000,3,581,3275.85,-3776.93,40.0719,0,0,0,2500,0,0,2500,0,2500,0
20230101T000003.200000,3,582,4330.23,-4613.45,-464.674,0,0,0,2500,0,0,2500,0,2500,0
20230101T000003.200000,3,583,2327.96,-912.69,-86.1606,0,0,0,2500,0,0,2500,0,2500,0
20230101T000003.200000,3,584,3876.33,-991.965,414.379,0,0,0,2500,0,0,2500,0,2500,0
20230101T000003.200000,3,585,4120.25,-1784.25,-323.221,0,0,0,2500,0,0,2500,0,2500,0
20230101T000003.200000,3,586,7238.98,-2163.62,140.002,0,0,0,2500,0,0,2500,0,2500,0
20230101T000003.200000,3,587,5618.2,-2152.14,-557.816,0,0,0,2500,0,0,2500,0,2500,0
20230101T000003.200000,3,588,6417.04,-4384.97,1580.76,0,0,0,2500,0,0,2500,0,2500,0
20230101T000003.200000,3,589,6910.8,-3893.02,938.368,0,0,0,2500,0,0,2500,0,2500,0
20230101T000003.200000,3,590,7771.57,-3440.75,-389.791,0,0,0,2500,0,0,2500,0,2500,0
20230101T000003.200000,3,591,8392.2,-5065.62,-996.229,0,0,0,2500,0,0,2500,0,2500,0
20230101T000003.200000,3,592,9237.53,-3675.9,986.928,0,0,0,2500,0,0,2500,0,2500,0
20230101T000003.200000,3,593,10852.8,1710.23,-585.258,0,0,0,2500,0,0,2500,0,2500,0
20230101T000003.200000,3,594,6304.17,1324.61,-853.383,0,0,0,2500,0,0,2500,0,2500,0
20230101T000003.200000,3,595,6464.46,6130.54,-1202.05,0,0,0,2500,0,0,2500,0,2500,0
20230101T000003.300000,6,758,1755.28,-2389.41,-435.258,0,0,0,9263.08,6536.01,1216.95,5167.15,-1656.61,14065.8,866421
20230101T000003.300000,6,759,1891.38,-1637.89,0.0448915,0,0,0,4328.87,4924.94,-0.134983,5751.16,0.116892,10016,4.37189e+07
20230101T000003.300000,6,760,7637,-7898.52,-364.757,0,0,0,99952.3,96375.2,4455.56,93461,-4608.14,193137,2.96642e+08
20230101T000003.300000,6,761,5536.13,-5152.99,-943.641,0,0,0,43282.5,44902.2,8352.83,49728.5,-7774.76,91524.2,170733
20230101T000003.300000,6,762,4289.75,-5461.99,-703.117,0,0,0,48059.2,37073.9,4821.95,29971.5,-6139.62,77177,1.71887e+06
20230101T000003.300000,6,763,5728.53,-6910.43,-580.805,0,0,0,76652.3,63042.1,5320.83,52863.4,-6418.61,128913,1.26114e+07
20230101T000003.300000,6,764,3086.12,-3901.58,-563.883,0,0,0,24575.8,18986.9,2779.9,15590.5,-3514.44,39595.2,2.02496e+06
20230101T000003.300000,6,765,2308.38,-964.767,-18.3095,0,0,0,1544.18,3540.32,67.1924,8535.38,-28.0825,10015,4.77397e+07
20230101T000003.300000,6,766,9326.21,-4078.59,-2165.04,0,0,0,32963,58084.6,32294.6,140379,-14123.3,165784,1.03853e+06
20230101T000003.300000,6,767,4226.92,-1552.96,74.607,0,0,0,3922.94,10479.2,-503.578,28595.7,185.014,32445.7,5.2185e+06
20230101T000003.300000,6,768,5864.4,-1993.31,582.67,0,0,0,6901.05,18518.4,-5461.56,55088.7,1856.38,61383.6,136804
20230101T000003.300000,6,769,7774.92,-3440.11,316.373,0,0,0,19122.3,42711.6,-3933.47,96755.7,1740.41,115654,1.74605e+06
20230101T000003.300000,6,770,6031.49,-2400.15,-25.4601,0,0,0,9273.3,23140,245.466,58215,-97.68,67423.3,2.11946e+06
20230101T000003.300000,6,771,423.053,244.411,-105.731,0,0,0,154.827,-131.209,60.1115,306.133,34.7283,384.8,8.82105e+23
20230101T000003.300000,4,564,1842.24,-1691.34,79.2625,2.62222,2.51512,-3.95039,994.393,996.417,-58.3664,1134.67,54.4024,2060.91,0
20230101T000003.300000,4,583,2324.29,-923.289,-72.5033,-0.363206,-1.04935,1.35221,324.718,663.126,62.6165,1756.14,-24.5492,2014.29,0
20230101T000003.300000,4,585,4131.42,-1768.99,-294.688,1.10649,1.51055,2.8251,432.246,826.874,149.848,1983.62,-64.891,2330.81,0
20230101T000003.300000,4,590,7772,-3440.89,-374.724,0.0425578,-0.0143396,1.49172,461.39,889.733,100.799,2077.1,-44.6275,2466.07,0
20230101T000003.300000,3,596,1755.28,-2389.41,-435.258,0,0,0,2500,0,0,2500,0,2500,0
20230101T000003.300000,3,597,7637,-7898.52,-364.757,0,0,0,2500,0,0,2500,0,2500,0
20230101T000003.300000,3,598,5536.13,-5152.99,-943.641,0,0,0,2500,0,0,2500,0,2500,0
20230101T000003.300000,3,599,4289.75,-5461.99,-703.117,0,0,0,2500,0,0,2500,0,2500,0
20230101T000003.300000,3,600,5728.53,-6910.43,-580.805,0,0,0,2500,0,0,2500,0,2500,0
20230101T000003.300000,3,601,3086.12,-3901.58,-563.883,0,0,0,2500,0,0,2500,0,2500,0
20230101T000003.300000,3,602,9326.2,-4078.59,-2165.04,0,0,0,2500,0,0,2500,0,2500,0
20230101T000003.300000,3,603,5864.4,-1993.31,582.67,0,0,0,2500,0,0,2500,0,2500,0
20230101T000003.300000,3,604,6031.49,-2400.15,-25.4601,0,0,0,2500,0,0,2500,0,2500,0
20230101T000003.300000,3,605,423.053,244.411,-105.731,0,0,0,2500,0,0,2500,0,2500,0
20230101T000003.400000,6,772,1859.74,-2349.54,-27.6023,0,0,0,8857.69,6959.52,81.7669,5573.89,-103.302,14366.4,437726
20230101T000003.400000,6,773,1719.59,-1816.59,-18.5125,0,0,0,5310.51,4965.84,50.6086,4765.21,-53.4635,10011.2,2.92782e+07
20230101T000003.400000,6,774,2735.57,-2806.52,-416.191,0,0,0,12768.4,12113.7,1816.94,12147.9,-1864.07,24576.6,191665
20230101T000003.400000,6,775,3567.99,-2719.37,-303.49,0,0,0,11965.5,15422.5,1729.13,20446.5,-1317.87,32201.1,4.43531e+06
20230101T000003.400000,6,776,5849.7,-4535.56,-345.842,0,0,0,33073.5,42327.1,3234.56,54846.3,-2507.91,87664.7,154420
20230101T000003.400000,6,777,5507.03,-5120.92,-1743.67,0,0,0,44599.5,42665.5,15353.5,50807.7,-14277.1,90485.2,161571
20230101T000003.400000,6,778,7019.26,-4698.41,-1019.76,0,0,0,36512.7,51968.8,11446.4,79366.5,-7661.73,114153,1.18954e+06
20230101T000003.400000,6,779,5557.02,-4002.12,579.995,0,0,0,26023.4,35298.4,-5152.5,49614.2,3710.79,75036.4,196596
20230101T000003.400000,6,780,7849.79,-5341,-53.6437,0,0,0,45689,67049.3,673.448,98612.4,-458.215,144233,2.2052e+06
20230101T000003.400000,6,781,5091.9,-4778.37,-297.298,0,0,0,36641.6,38827.1,2420.11,41580,-2271.1,78016.4,4.58761e+06
20230101T000003.400000,6,782,3994.01,-4100.38,-534.1,0,0,0,27154.1,25943.3,3408.98,25790.1,-3499.78,52424.9,166062
20230101T000003.400000,6,783,4199.58,-4632.83,-103.341,0,0,0,34377.5,31089.2,693.671,28262.9,-765.233,62559.3,155220
20230101T000003.400000,6,784,4950.19,-4192.39,-192.306,0,0,0,28193.5,33144.3,1521.68,39258.5,-1288.73,67328.9,984829
20230101T000003.400000,6,785,10633.7,-2782.78,-479.634,0,0,0,12794.4,47240,8157.73,180948,-2134.84,193310,2.33536e+08
20230101T000003.400000,6,786,8688.7,-2121.28,-907.992,0,0,0,8504.4,29171.3,12616.6,120867,-3080.24,127990,1.66911e+07
20230101T000003.400000,6,787,4872.79,-882.527,-689.214,0,0,0,2042.84,6736.31,5364.84,38016.7,-971.643,39238,3.64973e+06
20230101T000003.400000,6,788,459.85,165.885,-104.413,0,0,0,113.623,-96.9462,64.5255,347.395,23.2768,385.16,1.02038e+24
20230101T000003.400000,4,564,1821.39,-1714.24,61.5874,-4.30749,-3.76656,-9.12584,840.863,867.824,-43.8664,978.965,42.2843,1778.91,0
20230101T000003.400000,4,566,5272.62,-4542.49,-642.893,-1.12447,-2.80924,3.2481,1166.52,1259.03,181.925,1550.93,-156.26,2610.56,0
20230101T000003.400000,4,567,4634.93,-4533.31,290.648,4.02492,3.30593,-5.35716,1322.73,1275.06,-87.0007,1364.46,85.5887,2613.22,0
20230101T000003.400000,4,573,1950.85,-2273.34,72.7277,-1.88937,-4.14536,-3.44544,1278.61,1057.21,-42.5634,984.962,48.8829,2197.48,0
20230101T000003.400000,4,580,4364.72,-3722.29,-356.452,5.96064,-11.6963,-2.43867,1072.47,1185,111.279,1473.86,-94.017,2466.65,0
20230101T000003.400000,4,582,4267.5,-4552.88,-444.26,-12.0634,11.6487,3.92568,1363.71,1209.1,121.808,1210.41,-129.775,2486.04,0
20230101T000003.400000,4,605,460.98,179.24,-104.593,3.75515,-6.45259,0.112586,139.302,-111.186,50.6114,267.519,29.2398,332.518,0
20230101T000003.400000,3,606,2735.57,-2806.52,-416.191,0,0,0,2500,0,0,2500,0,2500,0
20230101T000003.400000,3,607,3567.99,-2719.37,-303.49,0,0,0,2500,0,0,2500,0,2500,0
20230101T000003.400000,3,608,5849.7,-4535.56,-345.842,0,0,0,2500,0,0,2500,0,2500,0
20230101T000003.400000,3,609,5507.03,-5120.92,-1743.67,0,0,0,2500,0,0,2500,0,2500,0
20230101T000003.400000,3,610,7019.26,-4698.41,-1019.76,0,0,0,2500,0,0,2500,0,2500,0
20230101T000003.400000,3,611,5557.02,-4002.12,579.995,0,0,0,2500,0,0,2500,0,2500,0
20230101T000003.400000,3,612,7849.79,-5341,-53.6437,0,0,0,2500,0,0,2500,0,2500,0
20230101T000003.400000,3,613,10633.7,-2782.78,-479.634,0,0,0,2500,0,0,2500,0,2500,0
20230101T000003.400000,3,614,8688.69,-2121.28,-907.992,0,0,0,2500,0,0,2500,0,2500,0
20230101T000003.400000,3,615,4872.79,-882.527,-689.214,0,0,0,2500,0,0,2500,0,2500,0
20230101T000003.500000,6,789,1839.73,-2532.65,284.199,0,0,0,10329.5,7363.38,-833.17,5541.49,1146.98,15678.8,180325
20230101T000003.500000,6,790,1972.54,-2236.27,-176.226,0,0,0,8051.12,7001.54,553.687,6289.29,-627.716,14227.2,982129
20230101T000003.500000,6,791,2579.12,-2958.35,36.0798,0,0,0,14031.5,12175.2,-148.5,10680.5,170.336,24646,130782
20230101T000003.500000,6,792,3209.52,-3135.21,364.117,0,0,0,15868.3,15962.2,-1866.13,16616.3,1822.93,32209.3,3.30658e+06
20230101T000003.500000,6,793,6185.72,-7655.93,-1082.03,0,0,0,94546.1,74825.3,10704.7,62392.7,-13248.9,155003,139696
20230101T000003.500000,6,794,8057.64,-6419.08,694.281,0,0,0,66438.1,82349.3,-8947.47,104205,7127.96,169808,99194.8
20230101T000003.500000,6,795,4829,-5646.21,-1701.04,0,0,0,52989,41308,13133.9,40019.8,-15356.5,88321.5,54475.2
20230101T000003.500000,6,796,4831.7,-4108.7,-339.465,0,0,0,27154.3,31640.7,2621.71,37456.7,-2229.4,64363,61887
20230101T000003.500000,6,797,4602.21,-4556.25,534.489,0,0,0,33478,33289.8,-3932,34146.3,3892.73,67104,275541
20230101T000003.500000,6,798,5492.87,-7729.48,-350.226,0,0,0,95679.1,67808.4,3076.63,48447.5,-4329.38,143867,619320
20230101T000003.500000,6,799,5095.16,-4735.45,-718.915,0,0,0,36356.9,38160.7,5855.99,41949.7,-5442.57,77417,3.21964e+06
20230101T000003.500000,6,800,4283.67,-3584.8,-61.8575,0,0,0,20602.5,24535.3,423.42,29388.6,-354.34,49921,50781.5
20230101T000003.500000,6,801,3607.3,-3337.57,195.839,0,0,0,17890.5,19201,-1128.45,20878,1044.07,38643.3,105138
20230101T000003.500000,6,802,3978.65,-3159.91,-64.562,0,0,0,16019.4,20081.1,410.355,25354.8,-325.911,41303.5,79962.7
20230101T000003.500000,6,803,3010.95,-4110.8,723.91,0,0,0,27352.5,19374.2,-3482.18,15091.8,4754.17,41544.4,1.24424e+06
20230101T000003.500000,6,804,2471.26,268.254,-333.438,0,0,0,353.091,-1034.85,1310.04,9774.23,142.204,9887.69,3.11334e+08
20230101T000003.500000,6,805,481.483,84.4231,-104.527,0,0,0,87.7397,-51.6526,67.6344,373.269,11.859,385.124,1.19527e+23
20230101T000003.500000,6,806,8907.3,781.221,-931.368,0,0,0,2416.64,-11007.4,13267,126955,1163.59,127921,4.41357e+07
20230101T000003.500000,6,807,481.974,79.6127,-106.033,0,0,0,87.1491,-48.6737,68.679,373.779,11.3444,384.698,1.10829e+23
20230101T000003.500000,6,808,7994.24,7521.83,-566.921,0,0,0,90831.2,-95921.5,7248.96,102524,6820.6,192777,5.63577e+08
20230101T000003.500000,6,809,3874.29,2939.6,-1188.54,0,0,0,15298.8,-17104.8,7355.85,24864.1,5581.22,37845.9,1.07753e+07
20230101T000003.500000,4,566,5267.96,-4551.06,-645.287,1.33667,-9.15722,1.80194,1185.07,1307.29,186.716,1579.35,-160.501,2682.9,0
20230101T000003.500000,4,567,4637.63,-4536.86,299.585,13.1506,-6.23529,-1.50261,1333.47,1316.6,-86.2699,1385.86,85.1643,2671.35,0
20230101T000003.500000,4,573,1952.61,-2265.89,38.5032,-10.8137,9.04288,-13.7376,1155.47,963.974,-34.8832,870.624,38.6629,1986.88,0
20230101T000003.500000,3,616,1839.72,-2532.65,284.199,0,0,0,2500,0,0,2500,0,2500,0
20230101T000003.500000,3,617,2579.12,-2958.35,36.0798,0,0,0,2500,0,0,2500,0,2500,0
20230101T000003.500000,3,618,3209.52,-3135.21,364.117,0,0,0,2500,0,0,2500,0,2500,0
20230101T000003.500000,3,619,6185.72,-7655.93,-1082.03,0,0,0,2500,0,0,2500,0,2500,0
20230101T000003.500000,3,620,8057.64,-6419.08,694.281,0,0,0,2500,0,0,2500,0,2500,0
20230101T000003.500000,3,621,4829,-5646.21,-1701.04,0,0,0,2500,0,0,2500,0,2500,0
20230101T000003.500000,3,622,4831.7,-4108.7,-339.465,0,0,0,2500,0,0,2500,0,2500,0
20230101T000003.500000,3,623,5492.87,-7729.48,-350.226,0,0,0,2500,0,0,2500,0,2500,0
20230101T000003.500000,3,624,4283.67,-3584.8,-61.8575,0,0,0,2500,0,0,2500,0,2500,0
20230101T000003.500000,3,625,3607.3,-3337.57,195.839,0,0,0,2500,0,0,2500,0,2500,0
20230101T000003.500000,3,626,3978.65,-3159.91,-64.562,0,0,0,2500,0,0,2500,0,2500,0
20230101T000003.500000,3,627,3010.95,-4110.8,723.91,0,0,0,2500,0,0,2500,0,2500,0
20230101T000003.500000,3,628,2471.26,268.254,-333.438,0,0,0,2500,0,0,2500,0,2500,0
20230101T000003.500000,3,629,481.483,84.4231,-104.527,0,0,0,2500,0,0,2500,0,2500,0
20230101T000003.500000,3,630,8907.3,781.221,-931.368,0,0,0,2500,0,0,2500,0,2500,0
20230101T000003.500000,3,631,481.974,79.6127,-106.033,0,0,0,2500,0,0,2500,0,2500,0
20230101T000003.500000,3,632,7994.24,7521.83,-566.921,0,0,0,2500,0,0,2500,0,2500,0
20230101T000003.500000,3,633,3874.29,2939.6,-1188.54,0,0,0,2500,0,0,2500,0,2500,0
20230101T000003.600000,6,810,8843.56,-6544.38,-79.5475,0,0,0,68574.1,92565.5,1125.2,125160,-832.667,193660,2.34878e+08
20230101T000003.600000,6,811,7173.87,-5386.68,-580.436,0,0,0,46811.6,61539.9,6659.06,82560.5,-5000.12,128770,1.1767e+07
20230101T000003.600000,6,812,488.842,0.974609,-104.457,0,0,0,78.6647,-0.605456,68.6225,382.347,0.136813,385.143,1.11602e+24
20230101T000003.600000,6,813,2001.9,1495.61,-214.084,0,0,0,3666.79,-4724.87,681.357,6461.17,509.039,9991.57,5.07082e+07
20230101T000003.600000,6,814,5346.05,3680.04,-320.207,0,0,0,21822.9,-31371.4,2736.35,45801.6,1883.61,67396.8,1.93698e+06
20230101T000003.600000,6,815,5154.56,4739.66,-1737.23,0,0,0,38592.1,-36653.4,14316.5,44751,13164.1,78457.8,847250
20230101T000003.600000,6,816,3963.59,3047.59,-10.791,0,0,0,14900.8,-19296,68.3243,25160,52.5342,39996.6,850824
20230101T000003.600000,4,631,493.447,11.9589,-104.673,1.13597,-6.69841,0.134639,81.9527,-41.2478,57.8252,324.853,9.5516,332.434,0
20230101T000003.600000,3,634,8843.56,-6544.38,-79.5475,0,0,0,2500,0,0,2500,0,2500,0
20230101T000003.600000,3,635,7173.87,-5386.68,-580.436,0,0,0,2500,0,0,2500,0,2500,0
20230101T000003.600000,3,636,2001.9,1495.61,-214.084,0,0,0,2500,0,0,2500,0,2500,0
20230101T000003.600000,3,637,5346.05,3680.04,-320.207,0,0,0,2500,0,0,2500,0,2500,0
20230101T000003.600000,3,638,5154.56,4739.66,-1737.23,0,0,0,2500,0,0,2500,0,2500,0
20230101T000003.600000,3,639,3963.59,3047.59,-10.791,0,0,0,2500,0,0,2500,0,2500,0
20230101T000003.700000,6,817,5451.05,-3439.45,-825.648,0,0,0,19752.8,29477.1,7194.21,47870.8,-4539.33,66471,3.38853e+06
20230101T000003.700000,6,818,10581.6,-2593.88,-1583.09,0,0,0,14606.8,42974.2,26793.9,179384,-6567.98,189920,4.8167e+08
20230101T000003.700000,6,819,481.069,-87.497,-103.901,0,0,0,88.2429,53.5255,67.1716,372.797,-12.2172,385.298,1.48822e+23
20230101T000003.700000,6,820,8763.51,-1746.63,-983.812,0,0,0,6431.4,24181.6,13787.8,122940,-2748,127760,7.44989e+07
20230101T000003.700000,6,821,10881.9,-793.533,-1469.38,0,0,0,4506.31,13561.1,25575.2,189485,-1864.99,190475,5.03931e+08
20230101T000003.700000,6,822,480.881,-87.2524,-104.976,0,0,0,88.4785,53.2891,67.8404,372.506,-12.3092,384.997,1.5326e+23
20230101T000003.700000,6,823,8850.57,-1168.91,-1057.68,0,0,0,4007.42,16312.3,14970.3,125364,-1977.16,127519,7.76799e+07
20230101T000003.700000,6,824,4890.44,887.02,-542.891,0,0,0,1776.67,-6846.77,4241.17,38283.4,769.256,39526,5.65304e+06
20230101T000003.700000,6,825,2137,2049.36,340.221,0,0,0,6849.19,-6883.1,-1158.05,7425.82,-1110.55,14027.5,156124
20230101T000003.700000,6,826,1590.48,1930.8,-55.8449,0,0,0,5992.67,-4879.59,141.204,4088.46,171.419,10012.2,2.08031e+07
20230101T000003.700000,6,827,2707.31,2680.69,86.7277,0,0,0,11536.1,-11573.9,-374.643,11764.8,-370.959,23225,92742.4
20230101T000003.700000,6,828,2707.84,2825.7,-464.948,0,0,0,12971.1,-12038.1,2009.22,11945,2096.67,24508,90644.6
20230101T000003.700000,6,829,2592.68,3635.09,-444.274,0,0,0,21270.1,-14900.1,1839.31,11006.5,2578.83,31898,3.6397e+06
20230101T000003.700000,6,830,4715.22,6033.32,-674.859,0,0,0,58542,-45133.2,5087.93,36065.1,6510.22,93815.4,99135.6
20230101T000003.700000,6,831,6064.79,5760.14,-621.004,0,0,0,53444.5,-55554.6,6022.59,59173.6,5720.05,111938,61127.9
20230101T000003.700000,6,832,3538.42,4713.37,-564.961,0,0,0,35752.3,-26409,3194.86,20399.8,4255.73,55578.6,297534
20230101T000003.700000,6,833,4694.14,5063.23,679.907,0,0,0,41389.2,-37627.6,-5102.29,35687.8,-5503.46,76274.6,87269.9
20230101T000003.700000,6,834,5677.92,4065.35,343.104,0,0,0,26610.1,-36813,-3114.44,51667.5,-2229.92,78025.5,2.90134e+06
20230101T000003.700000,6,835,4477.92,2970.12,431.1,0,0,0,14365.2,-21113.7,-3084.44,32193.2,-2045.85,46197.9,106292
20230101T000003.700000,6,836,7003.79,6458.61,-51.7605,0,0,0,66778.8,-72341.6,579.776,78516.4,534.646,145227,69065.9
20230101T000003.700000,6,837,3085.63,3827.03,-151.868,0,0,0,23473.6,-18844.8,748.532,15294.9,928.387,38667.7,53242.1
20230101T000003.700000,4,613,10640.3,-2782.06,-495.292,1.83381,0.196694,-4.30957,235.422,641.597,110.587,2519.22,-28.9401,2682.2,0
20230101T000003.700000,4,614,8690.43,-2113.5,-909.557,0.477572,2.14056,-0.430882,234.198,594.241,254.415,2523.11,-62.1134,2642.17,0
20230101T000003.700000,3,640,5451.05,-3439.45,-825.647,0,0,0,2500,0,0,2500,0,2500,0
20230101T000003.700000,3,641,481.069,-87.497,-103.901,0,0,0,2500,0,0,2500,0,2500,0
20230101T000003.700000,3,642,10881.9,-793.533,-1469.38,0,0,0,2500,0,0,2500,0,2500,0
20230101T000003.700000,3,643,480.881,-87.2524,-104.976,0,0,0,2500,0,0,2500,0,2500,0
20230101T000003.700000,3,644,8850.57,-1168.91,-1057.68,0,0,0,2500,0,0,2500,0,2500,0
20230101T000003.700000,3,645,4890.44,887.02,-542.891,0,0,0,2500,0,0,2500,0,2500,0
20230101T000003.700000,3,646,2137,2049.36,340.221,0,0,0,2500,0,0,2500,0,2500,0
20230101T000003.700000,3,647,1590.48,1930.8,-55.8449,0,0,0,2500,0,0,2500,0,2500,0
20230101T000003.700000,3,648,2707.31,2680.69,86.7277,0,0,0,2500,0,0,2500,0,2500,0
20230101T000003.700000,3,649,2707.84,2825.7,-464.948,0,0,0,2500,0,0,2500,0,2500,0
20230101T000003.700000,3,650,2592.68,3635.09,-444.274,0,0,0,2500,0,0,2500,0,2500,0
20230101T000003.700000,3,651,4715.22,6033.32,-674.859,0,0,0,2500,0,0,2500,0,2500,0
20230101T000003.700000,3,652,6064.79,5760.14,-621.004,0,0,0,2500,0,0,2500,0,2500,0
20230101T000003.700000,3,653,3538.42,4713.37,-564.961,0,0,0,2500,0,0,2500,0,2500,0
20230101T000003.700000,3,654,4694.14,5063.23,679.907,0,0,0,2500,0,0,2500,0,2500,0
20230101T000003.700000,3,655,5677.92,4065.35,343.104,0,0,0,2500,0,0,2500,0,2500,0
20230101T000003.700000,3,656,4477.92,2970.12,431.1,0,0,0,2500,0,0,2500,0,2500,0
20230101T000003.700000,3,657,7003.79,6458.61,-51.7605,0,0,0,2500,0,0,2500,0,2500,0
20230101T000003.700000,3,658,3085.63,3827.03,-151.868,0,0,0,2500,0,0,2500,0,2500,0
20230101T000003.800000,6,838,459.489,-167.069,-104.116,0,0,0,114.053,97.5951,64.2911,346.982,-23.3761,385.244,5.73962e+23
20230101T000003.800000,6,839,8741.99,-1745.5,-1161.26,0,0,0,7010.28,23988.3,16234.7,122361,-3241.57,127152,9.01304e+07
20230101T000003.800000,6,840,2376.02,770.832,-153.37,0,0,0,1042.43,-2900.66,579.334,9042.43,187.948,9983.71,7.36563e+07
20230101T000003.800000,6,841,10308.2,3737.61,-777.028,0,0,0,23261.7,-61315.2,12811.4,170136,4645.23,192368,4.14564e+08
20230101T000003.800000,6,842,6347.11,1391.93,-45.9179,0,0,0,3164.22,-14121.5,465.872,64460.5,102.166,67557.3,1.27421e+06
20230101T000003.800000,6,843,6773.49,1393.36,-874.552,0,0,0,4340.84,-14846.8,9470.24,73460.6,1948.11,76515.7,884107
20230101T000003.800000,6,844,2513.86,2021.54,-556.43,0,0,0,6877.16,-7858.69,2229.7,10330.1,1793.03,16651.6,436074
20230101T000003.800000,6,845,2272.25,3119.6,53.4962,0,0,0,15594.8,-11309,-193.969,8305.81,-266.302,23832.1,156456
20230101T000003.800000,6,846,3375.8,2970.08,-32.5475,0,0,0,14151.3,-16009.7,175.451,18262.3,154.364,32347.9,3.41608e+06
20230101T000003.800000,6,847,5011.63,5923,387.115,0,0,0,56257.8,-47344.6,-3102.07,40363.3,-3666.18,96317.6,139365
20230101T000003.800000,6,848,6223.42,5742.98,747.766,0,0,0,53288.3,-56708,-7441.73,62410.2,-6867.23,114741,194014
20230101T000003.800000,6,849,4963.42,5165.41,-707.169,0,0,0,43104.9,-40589.5,5611.62,39865.8,5840,82107.8,84057.6
20230101T000003.800000,6,850,4292.33,3809.54,-626.516,0,0,0,23606.9,-25819.7,4297.58,29783.2,3814.2,52699.5,674182
20230101T000003.800000,6,851,3866.37,4844.2,294.1,0,0,0,37624.7,-29868.5,-1817.47,24041.6,-2277.12,61464.2,116743
20230101T000003.800000,6,852,3485.53,3554.37,-464.266,0,0,0,20413.8,-19618,2585,19646.4,2636.05,39652.5,141656
20230101T000003.800000,6,853,5939.35,7489.08,2030.23,0,0,0,92308.1,-67927.9,-19285.1,60527.6,-24317.1,146182,293176
20230101T000003.800000,6,854,3860.83,5434.65,-194.108,0,0,0,47298.4,-33513,1197.99,23932.2,1686.34,71106.4,851016
20230101T000003.800000,4,614,8691.85,-2105.33,-915.018,0.9346,4.89991,-2.30618,217.199,623.818,268.015,2626.39,-65.2724,2751.53,0
20230101T000003.800000,4,641,468.206,-158.021,-104.086,-1.27357,-6.98262,-0.0183584,82.8806,45.3471,56.5561,323.957,-10.2864,332.939,0
20230101T000003.800000,3,659,2376.02,770.832,-153.37,0,0,0,2500,0,0,2500,0,2500,0
20230101T000003.800000,3,660,10308.2,3737.61,-777.028,0,0,0,2500,0,0,2500,0,2500,0
20230101T000003.800000,3,661,6347.11,1391.93,-45.9179,0,0,0,2500,0,0,2500,0,2500,0
20230101T000003.800000,3,662,6773.49,1393.36,-874.552,0,0,0,2500,0,0,2500,0,2500,0
20230101T000003.800000,3,663,2513.86,2021.54,-556.43,0,0,0,2500,0,0,2500,0,2500,0
20230101T000003.800000,3,664,2272.25,3119.6,53.4962,0,0,0,2500,0,0,2500,0,2500,0
20230101T000003.800000,3,665,3375.8,2970.08,-32.5475,0,0,0,2500,0,0,2500,0,2500,0
20230101T000003.800000,3,666,5011.63,5923,387.115,0,0,0,2500,0,0,2500,0,2500,0
20230101T000003.800000,3,667,6223.42,5742.97,747.765,0,0,0,2500,0,0,2500,0,2500,0
20230101T000003.800000,3,668,4963.42,5165.41,-707.169,0,0,0,2500,0,0,2500,0,2500,0
20230101T000003.800000,3,669,4292.33,3809.54,-626.516,0,0,0,2500,0,0,2500,0,2500,0
20230101T000003.800000,3,670,3866.37,4844.2,294.1,0,0,0,2500,0,0,2500,0,2500,0
20230101T000003.800000,3,671,3485.53,3554.37,-464.266,0,0,0,2500,0,0,2500,0,2500,0
20230101T000003.800000,3,672,5939.35,7489.08,2030.23,0,0,0,2500,0,0,2500,0,2500,0
20230101T000003.800000,3,673,3860.83,5434.65,-194.108,0,0,0,2500,0,0,2500,0,2500,0
20230101T000003.900000,6,855,2048.45,-1414.97,-303.301,0,0,0,3345.78,4539.28,987.751,6781.73,-682.293,9918.19,1.11419e+08
20230101T000003.900000,6,856,9020.97,-6263.2,-684.676,0,0,0,63313.3,90019,9879.05,130469,-6858.95,192969,3.11608e+08
20230101T000003.900000,6,857,7094.82,-5399.64,-1151.15,0,0,0,48032.2,60243,13061,81339,-9940.32,127189,2.63437e+07
20230101T000003.900000,6,858,4125.96,-2719.91,-759.299,0,0,0,12523.3,17503,5004.52,27536,-3299.07,39075.8,6.37866e+06
20230101T000003.900000,6,859,3795.62,-3407.32,-797.763,0,0,0,19174.2,20155.4,4837.54,23533.1,-4342.65,41628.1,3.9705e+06
20230101T000003.900000,6,860,5466.11,-3441.61,-708.808,0,0,0,19572.4,29708.6,6193.2,48051.5,-3899.41,66757.6,4.12728e+06
20230101T000003.900000,6,861,2207.3,-1143.24,-333.32,0,0,0,2280.93,3939.29,1169.69,7846.38,-605.826,9887.81,1.20279e+08
20230101T000003.900000,6,862,422.911,-245.37,-104.063,0,0,0,155.1,131.934,59.1438,305.95,-34.3149,385.27,2.01375e+22
20230101T000003.900000,6,863,7992.83,-3983.46,-1031.7,0,0,0,26803.5,50237.5,13187.4,102568,-6572.34,127606,2.51959e+07
20230101T000003.900000,6,864,5565.31,-3248.32,-837.382,0,0,0,17766.3,28408.8,7449.4,49857.3,-4348.01,66439.8,4.38502e+06
20230101T000003.900000,6,865,4244.34,-2571.13,-610.59,0,0,0,11059.6,17168.1,4139.85,29000.2,-2507.83,39401.2,5.9545e+06
20230101T000003.900000,6,866,2480.29,1502.53,-365.598,0,0,0,3814.71,-5840.06,1444.07,9917.27,874.802,13456.1,523897
20230101T000003.900000,6,867,2705.65,1102.47,-632.346,0,0,0,2545.82,-4527.71,2725.2,11812.7,1110.44,13660.5,330754
20230101T000003.900000,6,868,1904.91,616.785,-60.1883,0,0,0,671.799,-1859.43,181.616,5812.49,58.8051,6414.6,130354
20230101T000003.900000,6,869,3627.9,1531.48,-336.715,0,0,0,3960.58,-8801.94,1949.51,21095.8,822.963,24811.9,644940
20230101T000003.900000,6,870,3309.2,917.237,144.631,0,0,0,1436.53,-4831.46,-763.186,17528.2,-211.538,18867.5,404395
20230101T000003.900000,6,871,3272.18,1416.87,78.4254,0,0,0,3274.21,-7391.12,-409.304,17143.1,-177.231,20343.6,45248.9
20230101T000003.900000,6,872,9113.89,4172.97,-12.5338,0,0,0,27915,-60826.9,182.698,132912,83.6517,160763,201153
20230101T000003.900000,6,873,6754.61,3327.38,249.08,0,0,0,17845.7,-35895.6,-2690,73031.4,-1325.12,90714,426979
20230101T000003.900000,6,874,10107.9,2569.46,455.085,0,0,0,10934.7,-41460.7,-7357.25,163496,-1870.23,174036,50127.6
20230101T000003.900000,6,875,9888.47,3655.6,476.725,0,0,0,21757.6,-57698.3,-7539.82,156502,-2787.35,177833,44444.2
20230101T000003.900000,6,876,9658.71,4690.49,-2031.63,0,0,0,40594.9,-69867.2,31386.2,150537,15241.9,184468,74599.7
20230101T000003.900000,6,877,5223.79,2942.01,29.763,0,0,0,13898.4,-24561.6,-248.484,43676.5,-139.945,57509.4,2.54903e+06
20230101T000003.900000,6,878,7400.5,2892.27,372.768,0,0,0,13632.6,-34149.7,-4411.07,87665.6,-1723.94,101012,1.78777e+06
20230101T000003.900000,6,879,7499.38,3929.9,66.0183,0,0,0,24766.3,-47125.8,-791.713,90000.4,-414.881,114696,2.72989e+06
20230101T000003.900000,6,880,6994.35,4895.45,-621.738,0,0,0,38802.6,-54464.3,6954.04,78497.7,4867.24,116618,311244
20230101T000003.900000,6,881,8777.45,3434.92,273.643,0,0,0,19037.2,-48177.3,-3841.28,123294,-1503.23,142148,56428.2
20230101T000003.900000,6,882,4865.96,2257.23,894.034,0,0,0,9255.8,-17061.8,-6951.12,38121.6,-3224.5,46038,221995
20230101T000003.900000,6,883,4959.97,2475.79,-451.919,0,0,0,10119.7,-19491.7,3581.77,39440,1787.85,49169.7,133508
20230101T000003.900000,6,884,10230.2,4504.61,-2550.51,0,0,0,41235.3,-69871.9,41735,169152,18376.9,199921,127901
20230101T000003.900000,6,885,3153.01,2408.66,-609.277,0,0,0,9697.16,-11834.6,3066.06,16148.3,2342.24,25190.5,236814
20230101T000003.900000,6,886,8107.85,8152.62,-721.675,0,0,0,106790,-105312,9359.15,105631,9410.83,211524,448389
20230101T000003.900000,6,887,2764.72,3509.3,315.934,0,0,0,19789.8,-15415,-1394.76,12367.7,-1770.39,31934.5,1.00659e+07
20230101T000003.900000,6,888,7276.51,9519.81,318.582,0,0,0,145086,-110724,-3708.03,84859.1,-4851.19,229719,164740
20230101T000003.900000,6,889,6593.34,7427.16,241.943,0,0,0,88329.7,-78273.4,-2551.3,69643.6,-2873.95,157816,14858.7
20230101T000003.900000,6,890,5783.15,8549.56,1894.09,0,0,0,118773,-76416.8,-17519.7,57492.3,-25900.4,170466,1.36011e+06
20230101T000003.900000,6,891,4771.52,5040.28,-357.784,0,0,0,40774,-38345.6,2729.22,36569.6,2882.94,77075.1,3.86611e+06
20230101T000003.900000,6,892,4369.16,5998.79,-368.518,0,0,0,57674.3,-41801.7,2574.32,30726.9,3534.5,88120.2,2.69357e+06
20230101T000003.900000,6,893,4491.88,3937.79,-196.427,0,0,0,24881,-28238.7,1410.14,32337.8,1236.2,57093.2,2.4088e+06
20230101T000003.900000,6,894,5924.79,7276.21,1403.39,0,0,0,85990.6,-67402.5,-13297.8,58097.6,-16330.9,140876,271043
20230101T000003.900000,6,895,3880.42,3061.66,244.994,0,0,0,15096.5,-18931.1,-1518.6,24153.6,-1198.18,39090.4,2.38098e+06
20230101T000003.900000,4,634,8847.35,-6541.44,-87.9583,1.04205,0.807159,-2.3149,991.35,1254.95,15.254,1758.51,-11.2882,2687.05,0
20230101T000003.900000,4,635,7172.54,-5387.19,-592.247,-0.367495,-0.139138,-3.25078,1009.04,1246.07,134.281,1732.89,-100.828,2657.9,0
20230101T000003.900000,4,639,3921.75,3020.45,5.7988,-11.5169,-7.46973,4.56602,987.182,-1202.56,4.25805,1626.55,3.27399,2551.18,0
20230101T000003.900000,4,640,5451.64,-3439.55,-821.322,0.114048,-0.0189117,0.83174,785.359,1083.23,260.197,1818.64,-164.176,2464.24,0
20230101T000003.900000,3,674,2048.45,-1414.97,-303.301,0,0,0,2500,0,0,2500,0,2500,0
20230101T000003.900000,3,675,4125.96,-2719.91,-759.299,0,0,0,2500,0,0,2500,0,2500,0
20230101T000003.900000,3,676,3795.62,-3407.32,-797.763,0,0,0,2500,0,0,2500,0,2500,0
20230101T000003.900000,3,677,2207.3,-1143.24,-333.32,0,0,0,2500,0,0,2500,0,2500,0
20230101T000003.900000,3,678,422.911,-245.37,-104.063,0,0,0,2500,0,0,2500,0,2500,0
20230101T000003.900000,3,679,7992.83,-3983.46,-1031.7,0,0,0,2500,0,0,2500,0,2500,0
20230101T000003.900000,3,680,5565.31,-3248.32,-837.382,0,0,0,2500,0,0,2500,0,2500,0
20230101T000003.900000,3,681,4244.34,-2571.13,-610.59,0,0,0,2500,0,0,2500,0,2500,0
20230101T000003.900000,3,682,2480.29,1502.53,-365.598,0,0,0,2500,0,0,2500,0,2500,0
20230101T000003.900000,3,683,2705.65,1102.47,-632.346,0,0,0,2500,0,0,2500,0,2500,0
20230101T000003.900000,3,684,1904.91,616.785,-60.1883,0,0,0,2500,0,0,2500,0,2500,0
20230101T000003.900000,3,685,3627.9,1531.48,-336.715,0,0,0,2500,0,0,2500,0,2500,0
20230101T000003.900000,3,686,3309.2,917.237,144.631,0,0,0,2500,0,0,2500,0,2500,0
20230101T000003.900000,3,687,3272.18,1416.87,78.4254,0,0,0,2500,0,0,2500,0,2500,0
20230101T000003.900000,3,688,9113.89,4172.97,-12.5338,0,0,0,2500,0,0,2500,0,2500,0
20230101T000003.900000,3,689,6754.61,3327.38,249.08,0,0,0,2500,0,0,2500,0,2500,0
20230101T000003.900000,3,690,10107.9,2569.46,455.085,0,0,0,2500,0,0,2500,0,2500,0
20230101T000003.900000,3,691,9888.47,3655.6,476.725,0,0,0,2500,0,0,2500,0,2500,0
20230101T000003.900000,3,692,9658.71,4690.49,-2031.63,0,0,0,2500,0,0,2500,0,2500,0
20230101T000003.900000,3,693,5223.79,2942.01,29.763,0,0,0,2500,0,0,2500,0,2500,0
20230101T000003.900000,3,694,7400.5,2892.27,372.768,0,0,0,2500,0,0,2500,0,2500,0
20230101T000003.900000,3,695,7499.38,3929.9,66.0183,0,0,0,2500,0,0,2500,0,2500,0
20230101T000003.900000,3,696,6994.35,4895.45,-621.738,0,0,0,2500,0,0,2500,0,2500,0
20230101T000003.900000,3,697,8777.45,3434.92,273.643,0,0,0,2500,0,0,2500,0,2500,0
20230101T000003.900000,3,698,4865.96,2257.23,894.034,0,0,0,2500,0,0,2500,0,2500,0
20230101T000003.900000,3,699,4959.97,2475.79,-451.919,0,0,0,2500,0,0,2500,0,2500,0
20230101T000003.900000,3,700,10230.2,4504.61,-2550.51,0,0,0,2500,0,0,2500,0,2500,0
20230101T000003.900000,3,701,3153.01,2408.66,-609.277,0,0,0,2500,0,0,2500,0,2500,0
20230101T000003.900000,3,702,8107.85,8152.62,-721.675,0,0,0,2500,0,0,2500,0,2500,0
20230101T000003.900000,3,703,2764.72,3509.3,315.934,0,0,0,2500,0,0,2500,0,2500,0
20230101T000003.900000,3,704,7276.51,9519.81,318.582,0,0,0,2500,0,0,2500,0,2500,0
20230101T000003.900000,3,705,6593.34,7427.16,241.943,0,0,0,2500,0,0,2500,0,2500,0
20230101T000003.900000,3,706,5783.15,8549.56,1894.09,0,0,0,2500,0,0,2500,0,2500,0
20230101T000003.900000,3,707,4771.52,5040.28,-357.784,0,0,0,2500,0,0,2500,0,2500,0
20230101T000003.900000,3,708,4369.16,5998.79,-368.518,0,0,0,2500,0,0,2500,0,2500,0
20230101T000003.900000,3,709,4491.88,3937.79,-196.427,0,0,0,2500,0,0,2500,0,2500,0
20230101T000003.900000,3,710,5924.79,7276.21,1403.39,0,0,0,2500,0,0,2500,0,2500,0
20230101T000004,6,896,1826.98,-1700.97,-243.143,0,0,0,4713.92,4893.43,706.227,5413.92,-657.519,9970.45,6.53001e+07
20230101T000004,6,897,375.153,-313.476,-104.358,0,0,0,203.532,149.47,52.6139,257.514,-43.9639,385.2,6.08057e+21
20230101T000004,6,898,3160.66,-1620.54,-675.163,0,0,0,4828.27,7873.97,3403.89,16148.3,-1745.25,20187.7,2.82145e+06
20230101T000004,6,899,9948.35,-4664.26,-327.152,0,0,0,35001.3,74152.3,5205.67,158394,-2440.66,193160,4.2376e+08
20230101T000004,6,900,7830.94,1364.76,-497.856,0,0,0,3426.88,-17022,6233.96,98131.5,1086.44,101098,531180
20230101T000004,6,901,6505.3,932.318,319.734,0,0,0,1613.59,-9672.08,-3324.87,67714.8,-476.51,69101.1,215121
20230101T000004,6,902,1429.74,441.338,-234.644,0,0,0,449.105,-967.169,527.409,3283.77,162.802,3583.85,319877
20230101T000004,6,903,3070.5,1667.26,134.784,0,0,0,4519.41,-8151.93,-660.004,15106,-358.377,19532.5,4.2581e+06
20230101T000004,6,904,2865.56,913.651,-28.9054,0,0,0,1394.92,-4170.09,131.942,13144.3,42.0683,14473.9,2.52094e+06
20230101T000004,6,905,1811.91,686.031,152.121,0,0,0,841.038,-1955.51,-436.337,5265.42,-165.208,6006.21,838727
20230101T000004,6,906,3651.2,1573.8,393.102,0,0,0,4224.91,-9081.11,-2290.72,21378.7,-987.381,25293.6,1.49476e+06
20230101T000004,6,907,9038.49,3930.2,1604.57,0,0,0,28231.2,-55307.7,-23195.3,131376,-10086,155427,3.70379e+06
20230101T000004,6,908,9471.09,4153.59,-1225.85,0,0,0,29673.1,-62034.9,18569.4,143921,8143.68,171127,443985
20230101T000004,6,909,10464.4,5715.78,-1533.93,0,0,0,55220.3,-94088.8,25675.4,176084,14024.3,227477,1.55809e+06
20230101T000004,6,910,6550.89,3475.99,393.531,0,0,0,19575.1,-36304.3,-4121.78,68731.2,-2187.07,87994.9,20557.7
20230101T000004,6,911,7901.68,3257.14,-243.981,0,0,0,17110.4,-41122.9,3082.89,99921.5,1270.79,116873,21624.4
20230101T000004,6,912,5785.03,1476.52,435.129,0,0,0,3832.38,-13578.9,-4023.08,53568.9,-1026.82,57035.1,922716
20230101T000004,6,913,6141.52,2978.22,-1140.44,0,0,0,15926.8,-28423.8,11197.1,60757.2,5429.84,74542.6,1.32786e+06
20230101T000004,6,914,8247.02,3565.67,52.2928,0,0,0,20400,-47025,-689.674,108832,-298.187,129164,2.88303e+07
20230101T000004,6,915,6780.05,1765.55,-993.112,0,0,0,6524.03,-18752.7,10764.8,73654.8,2803.17,78539.3,200794
20230101T000004,6,916,4510.69,1965.46,-661.415,0,0,0,6821.94,-13905.6,4765.76,32675.9,2076.6,38736.1,5.35042e+06
20230101T000004,6,917,8309.38,4081.4,-2012.78,0,0,0,31923.9,-51673,26748,111745,13138.1,137129,1.45194e+06
20230101T000004,6,918,10221.9,4999.24,-1501.9,0,0,0,42951.1,-80313.7,24556.2,167889,12009.7,207169,1.30726e+06
20230101T000004,6,919,10633.5,3853.18,-2282.33,0,0,0,31176.6,-62867,38818.8,181888,14066.5,204671,205588
20230101T000004,6,920,9436.48,4616.2,-706.214,0,0,0,34790.2,-69357,10658.8,142642,5214.17,176571,75866.2
20230101T000004,6,921,2361.83,2541.95,315.15,0,0,0,10441.5,-9494.97,-1187.01,9044.56,-1277.53,19264.2,4.43208e+06
20230101T000004,6,922,1308.58,1524.26,-85.8014,0,0,0,3749.48,-3153.99,177.868,2783.38,207.183,6457.31,409609
20230101T000004,6,923,3016.79,3277.88,441.942,0,0,0,17363.6,-15634.6,-2128.94,14765.1,-2313.19,31753.5,1.10232e+07
20230101T000004,6,924,2531.01,2994.43,179.987,0,0,0,14394.8,-12069.3,-726.987,10317.1,-860.095,24596.3,37644.1
20230101T000004,6,925,9032.48,6684.17,-2290.9,0,0,0,76950.5,-92554.8,33098,133530,24493,202025,1.1959e+06
20230101T000004,6,926,5930.9,8630.91,-88.9048,0,0,0,119213,-81866.8,843.349,56333,1227.28,175469,4.73543e+06
20230101T000004,6,927,5259.33,5338.16,306.47,0,0,0,45699,-44813.1,-2577.08,44365.5,-2615.71,89850.4,1.08219e+06
20230101T000004,6,928,5649.48,6328.74,233.45,0,0,0,64151.8,-57131.4,-2109.02,51150.6,-2362.6,115151,3.91511e+06
20230101T000004,6,929,4963.86,4934.91,-522.937,0,0,0,39217.3,-38943.3,4149.88,39673,4125.68,78389.5,4.64342e+06
20230101T000004,6,930,3036.25,4484.56,378.109,0,0,0,32269.9,-21650.3,-1834.36,14950.7,-2709.36,46928.5,199716
20230101T000004,6,931,3443.18,4327.96,127.613,0,0,0,30004.8,-23799.2,-702.112,19023.9,-882.531,48938.7,1.33649e+06
20230101T000004,6,932,4004.21,5084.02,595.643,0,0,0,41597.2,-32265.2,-3812.51,26043.4,-4840.62,67010,3.56959e+06
20230101T000004,6,933,3409.47,3608.86,-469.378,0,0,0,21034.3,-19479.2,2556.41,18818.9,2705.91,39437.9,5.51512e+06
20230101T000004,6,934,7315.63,5925.34,1565.89,0,0,0,58582.1,-67406.9,-18320.7,87208.3,-14838.9,141807,22015.5
20230101T000004,4,661,6428.63,1391.68,-33.0716,15.6756,-0.0487179,2.47046,174.595,-510.763,16.8494,2391.63,3.6951,2503.53,0
20230101T000004,4,662,6871.04,1425.46,-890.867,18.7585,6.17308,-3.1374,199.066,-476.316,299.123,2416.57,61.5322,2477.24,0
20230101T000004,4,664,2331.74,3154.71,66.5286,11.4398,6.75234,2.50623,1553.46,-1085.69,-18.6182,853.695,-25.5612,2343.86,0
20230101T000004,4,667,6201.41,5747.38,735.235,-4.23186,0.846624,-2.40964,1213.38,-1226.41,-159.713,1410.66,-147.383,2523.64,0
20230101T000004,4,671,3472.62,3549.35,-463.478,-2.48292,-0.964945,0.151408,1284.54,-1178.29,153.991,1238.44,157.032,2420.79,0
20230101T000004,4,678,386.572,-307.91,-104.318,-3.59792,-6.192,-0.0252435,139.523,111.777,49.7967,267.325,-28.8917,332.914,0
20230101T000004,4,684,1842.71,625.662,2.83322,-6.15795,0.878907,6.23977,229.848,-512.219,49.9975,1645.96,16.1886,1810.69,0
20230101T000004,4,687,3195.46,1421.76,83.4424,-7.59666,0.48334,0.496734,408.107,-795.908,-44.0567,1901.57,-19.0768,2245.27,0
20230101T000004,4,689,6657.87,3286.57,249.681,-9.57842,-4.04055,0.0594454,532.057,-948.058,-70.9716,1989.6,-34.9613,2454.08,0
20230101T000004,4,695,7579.06,3952.77,60.0244,7.88862,2.26445,-0.593457,581.366,-990.022,-16.6314,1951.81,-8.71534,2470.47,0
20230101T000004,4,700,10298,4524.22,-2562.95,6.70836,1.9413,-1.23117,558.054,-852.226,482.852,2118.25,212.612,2374.67,0
20230101T000004,4,703,2782.84,3491.73,325.012,1.79328,-1.73928,0.898848,1472.08,-1101.64,-99.2152,941.657,-125.935,2329.5,0
20230101T000004,4,707,4822.54,5084.46,-366.325,5.05071,4.37417,-0.84563,1321.85,-1186.3,84.2171,1191.78,88.9606,2438.79,0
20230101T000004,3,711,1826.98,-1700.97,-243.143,0,0,0,2500,0,0,2500,0,2500,0
20230101T000004,3,712,3160.66,-1620.54,-675.163,0,0,0,2500,0,0,2500,0,2500,0
20230101T000004,3,713,9948.35,-4664.26,-327.152,0,0,0,2500,0,0,2500,0,2500,0
20230101T000004,3,714,7830.94,1364.76,-497.856,0,0,0,2500,0,0,2500,0,2500,0
20230101T000004,3,715,1429.74,441.338,-234.644,0,0,0,2500,0,0,2500,0,2500,0
20230101T000004,3,716,2865.56,913.651,-28.9054,0,0,0,2500,0,0,2500,0,2500,0
20230101T000004,3,717,3651.2,1573.8,393.102,0,0,0,2500,0,0,2500,0,2500,0
20230101T000004,3,718,9038.49,3930.2,1604.57,0,0,0,2500,0,0,2500,0,2500,0
20230101T000004,3,719,9471.09,4153.59,-1225.85,0,0,0,2500,0,0,2500,0,2500,0
20230101T000004,3,720,10464.4,5715.78,-1533.93,0,0,0,2500,0,0,2500,0,2500,0
20230101T000004,3,721,5785.03,1476.52,435.129,0,0,0,2500,0,0,2500,0,2500,0
20230101T000004,3,722,6141.52,2978.22,-1140.44,0,0,0,2500,0,0,2500,0,2500,0
20230101T000004,3,723,8247.02,3565.67,52.2928,0,0,0,2500,0,0,2500,0,2500,0
20230101T000004,3,724,4510.69,1965.46,-661.415,0,0,0,2500,0,0,2500,0,2500,0
20230101T000004,3,725,8309.38,4081.4,-2012.78,0,0,0,2500,0,0,2500,0,2500,0
20230101T000004,3,726,10221.9,4999.24,-1501.9,0,0,0,2500,0,0,2500,0,2500,0
20230101T000004,3,727,9436.48,4616.2,-706.214,0,0,0,2500,0,0,2500,0,2500,0
20230101T000004,3,728,2361.83,2541.95,315.15,0,0,0,2500,0,0,2500,0,2500,0
20230101T000004,3,729,1308.58,1524.26,-85.8014,0,0,0,2500,0,0,2500,0,2500,0
20230101T000004,3,730,9032.48,6684.17,-2290.9,0,0,0,2500,0,0,2500,0,2500,0
20230101T000004,3,731,5930.9,8630.91,-88.9048,0,0,0,2500,0,0,2500,0,2500,0
20230101T000004,3,732,5259.33,5338.16,306.47,0,0,0,2500,0,0,2500,0,2500,0
20230101T000004,3,733,3036.25,4484.56,378.109,0,0,0,2500,0,0,2500,0,2500,0
20230101T000004,3,734,3443.18,4327.96,127.613,0,0,0,2500,0,0,2500,0,2500,0
20230101T000004,3,735,4004.21,5084.02,595.643,0,0,0,2500,0,0,2500,0,2500,0
20230101T000004,3,736,7315.63,5925.34,1565.89,0,0,0,2500,0,0,2500,0,2500,0
20230101T000004.100000,6,935,1766.93,-1771.91,-53.1572,0,0,0,5057.61,4975.09,149.32,5029.6,-149.741,10018.7,1.25279e+08
20230101T000004.100000,6,936,6541.15,-5391.37,-646.811,0,0,0,46943.5,56065.4,6765.67,68755.1,-5576.43,114966,1.4516e+06
20230101T000004.100000,6,937,4869.25,-4958.77,-626.85,0,0,0,39682.8,38286.7,4879.65,38287.8,-4969.35,77278.9,4.88828e+06
20230101T000004.100000,6,938,10413.1,-3554.81,-14.0366,0,0,0,20276.3,59207.1,233.787,173500,-79.8096,193712,2.16392e+08
20230101T000004.100000,6,939,4422.23,-968.502,-64.8874,0,0,0,1568.28,6837.92,458.219,31293,-100.354,32790.6,2.1529e+06
20230101T000004.100000,6,940,6185.83,-1903.54,-494.306,0,0,0,6212.8,18712.2,4887.66,61262.6,-1504.06,67021.2,5.47965e+06
20230101T000004.100000,6,941,2493.89,250.863,-88.6965,0,0,0,176.432,-993.378,351.668,9951.93,35.3746,10051.9,1.18111e+08
20230101T000004.100000,6,942,4933.37,805.909,-101.67,0,0,0,1117.6,-6348.55,801.24,38943.1,130.89,39980.3,7.31164e+06
20230101T000004.100000,6,943,8964.91,601.006,-294.77,0,0,0,779.98,-8607.2,4226.04,128592,283.313,129169,2.39913e+07
20230101T000004.100000,6,944,321.914,382.12,-16.2138,0,0,0,260.339,-165.106,7.01443,203.446,8.32632,399.499,9.76258e+24
20230101T000004.100000,4,613,10632,-2795.14,-487.701,-11.782,-3.58682,0.512715,290.073,867.982,154.463,3382.78,-40.3783,3602.71,0
20230101T000004.100000,4,711,1813.28,-1713.8,-204.678,-1.35634,-1.26953,3.80838,978.786,964.505,138.143,1116.76,-128.615,2000.19,0
20230101T000004.100000,3,737,6541.15,-5391.37,-646.811,0,0,0,2500,0,0,2500,0,2500,0
20230101T000004.100000,3,738,4869.25,-4958.77,-626.85,0,0,0,2500,0,0,2500,0,2500,0
20230101T000004.100000,3,739,4422.23,-968.502,-64.8874,0,0,0,2500,0,0,2500,0,2500,0
20230101T000004.100000,3,740,6185.83,-1903.54,-494.306,0,0,0,2500,0,0,2500,0,2500,0
20230101T000004.100000,3,741,2493.89,250.863,-88.6965,0,0,0,2500,0,0,2500,0,2500,0
20230101T000004.100000,3,742,4933.37,805.909,-101.67,0,0,0,2500,0,0,2500,0,2500,0
20230101T000004.100000,3,743,8964.91,601.006,-294.77,0,0,0,2500,0,0,2500,0,2500,0
20230101T000004.100000,3,744,321.914,382.12,-16.2138,0,0,0,2500,0,0,2500,0,2500,0
20230101T000004.200000,6,945,1773.49,-1764.77,80.5537,0,0,0,5020.39,4970.52,-227.119,5069.41,226.002,10015.6,5.26317e+07
20230101T000004.200000,6,946,2710.62,-3564.16,243.378,0,0,0,20383.3,15381.3,-1053.43,11856.4,1385.14,32081.3,4.84635e+06
20230101T000004.200000,6,947,7741.4,-7803.65,65.7793,0,0,0,97470.4,96622.5,-814.489,95922.7,821.038,193322,2.85747e+08
20230101T000004.200000,6,948,4579.89,-5192.05,-448.107,0,0,0,43300.2,37855.4,3280.92,33777.1,-3719.45,76692.6,326970
20230101T000004.200000,6,949,5368.55,-4447.32,818.586,0,0,0,32319.1,37643.3,-7025.68,46576.1,5820.09,77760.8,391720
20230101T000004.200000,6,950,3960.95,-5873.61,-21.2182,0,0,0,55219,37194.1,134.364,25147,-199.245,80301.3,373910
20230101T000004.200000,6,951,3172.86,-3864.06,2.92789,0,0,0,23915.3,19584.8,-14.8399,16145.5,18.0727,39996.8,768620
20230101T000004.200000,6,952,6277.47,-6439.83,7.21812,0,0,0,66385.6,64649.4,-72.4627,63083.5,74.3368,129405,1.24043e+07
20230101T000004.200000,6,953,4108.92,-5093.91,495.193,0,0,0,41696.3,33265.9,-3252.5,27289.4,4032.19,68530.1,296847
20230101T000004.200000,6,954,9883.8,-3259.14,-1300.12,0,0,0,19491.3,50717.3,20552.8,156575,-6777.19,173299,888477
20230101T000004.200000,6,955,6196.6,-3207.36,764.901,0,0,0,17247.6,31391.6,-7577.49,61647.6,3922.11,77896.7,372805
20230101T000004.200000,6,956,8719.04,-2803.85,697.486,0,0,0,13341.6,38869.6,-9725.63,121714,3127.55,134213,361833
20230101T000004.200000,6,957,6074,-2183.5,-715.374,0,0,0,8409.4,20939.4,6945.7,59130.6,-2496.86,66658.7,2.09479e+06
20230101T000004.200000,6,958,381.355,322.766,-16.9458,0,0,0,204.198,-165.191,8.68472,259.563,7.35046,399.449,4.36128e+24
20230101T000004.200000,4,711,1808.7,-1724.82,-155.597,-3.41541,-2.60024,14.4582,832.815,832.97,108.946,936.635,-99.3465,1707.55,0
20230101T000004.200000,4,738,4833.9,-4939.55,-617.81,-3.49969,1.90296,0.895035,1284.9,1181.53,149.4,1241.86,-152.146,2426.5,0
20230101T000004.200000,4,740,6184.94,-1914.72,-502.519,-0.0885412,-1.10634,-0.813195,280.073,662.612,172.102,2229.42,-52.9603,2420.08,0
20230101T000004.200000,4,744,377.429,335.311,-16.8457,5.49658,-4.63458,-0.0625667,227.75,-139.032,5.90581,179.841,7.01035,344.892,0
20230101T000004.200000,3,745,2710.62,-3564.16,243.378,0,0,0,2500,0,0,2500,0,2500,0
20230101T000004.200000,3,746,7741.4,-7803.65,65.7793,0,0,0,2500,0,0,2500,0,2500,0
20230101T000004.200000,3,747,5368.55,-4447.32,818.586,0,0,0,2500,0,0,2500,0,2500,0
20230101T000004.200000,3,748,3960.95,-5873.61,-21.2182,0,0,0,2500,0,0,2500,0,2500,0
20230101T000004.200000,3,749,3172.86,-3864.06,2.92789,0,0,0,2500,0,0,2500,0,2500,0
20230101T000004.200000,3,750,6277.47,-6439.83,7.21812,0,0,0,2500,0,0,2500,0,2500,0
20230101T000004.200000,3,751,4108.92,-5093.91,495.193,0,0,0,2500,0,0,2500,0,2500,0
20230101T000004.200000,3,752,9883.8,-3259.14,-1300.12,0,0,0,2500,0,0,2500,0,2500,0
20230101T000004.200000,3,753,6196.6,-3207.36,764.901,0,0,0,2500,0,0,2500,0,2500,0
20230101T000004.200000,3,754,8719.04,-2803.85,697.486,0,0,0,2500,0,0,2500,0,2500,0
20230101T000004.300000,6,959,8057.46,-7492.42,34.6115,0,0,0,89853.4,96558.9,-446.062,103907,414.781,193694,2.02451e+08
20230101T000004.300000,6,960,6632.43,-6064.34,228.749,0,0,0,58922.4,64280.6,-2426.26,70449.8,2218.45,129225,1.36405e+07
20230101T000004.300000,6,961,4435.41,-4743.39,-229.875,0,0,0,36068.8,33588.1,1629.8,31555.8,-1742.96,67476.2,1.83455e+06
20230101T000004.300000,6,962,2363.22,-839.833,11.6291,0,0,0,1185.52,3155.28,-43.6917,8942.92,15.527,10064.2,5.42022e+07
20230101T000004.300000,6,963,10265.6,-3943.28,-384.483,0,0,0,25141,64667.6,6313.03,168650,-2425,193491,2.08722e+08
20230101T000004.300000,6,964,4216.37,-1503.51,141.308,0,0,0,3701.95,10112.6,-951.387,28455.2,339.255,32061.4,3.3343e+06
20230101T000004.300000,6,965,8348.29,-3332.67,-130.242,0,0,0,17849.4,44484.1,1738.82,111523,-694.143,129281,1.41139e+07
20230101T000004.300000,6,966,4630.32,-1872.84,-224.889,0,0,0,5736.47,13824.6,1663.43,34324.2,-672.811,39916,4.15622e+06
20230101T000004.300000,6,967,433.217,248.815,-17.3679,0,0,0,147.484,-144.65,10.1115,316.258,5.80745,399.414,6.31958e+24
20230101T000004.300000,4,713,9962.92,-4658.99,-328.27,4.01127,1.44927,-0.307849,537.398,1007.88,70.6936,2214.55,-33.1445,2684.8,0
20230101T000004.300000,4,746,7752.63,-7806.86,65.4379,1.11154,-0.317042,-0.0337961,1287.21,1214.93,-10.241,1267.75,10.3234,2492.36,0
20230101T000004.300000,4,750,6282.26,-6430.58,11.4575,0.474496,0.916541,0.419738,1300.36,1206.73,-1.35257,1238.73,1.38756,2476.67,0
20230101T000004.300000,3,755,4435.41,-4743.39,-229.875,0,0,0,2500,0,0,2500,0,2500,0
20230101T000004.300000,3,756,2363.22,-839.833,11.6291,0,0,0,2500,0,0,2500,0,2500,0
20230101T000004.300000,3,757,4216.37,-1503.51,141.308,0,0,0,2500,0,0,2500,0,2500,0
20230101T000004.300000,3,758,8348.29,-3332.67,-130.242,0,0,0,2500,0,0,2500,0,2500,0
20230101T000004.300000,3,759,4630.32,-1872.84,-224.889,0,0,0,2500,0,0,2500,0,2500,0
20230101T000004.300000,3,760,433.216,248.815,-17.3679,0,0,0,2500,0,0,2500,0,2500,0
20230101T000004.400000,6,968,1835.47,-1701.71,20.5037,0,0,0,4668.08,4965.26,-59.8299,5420.22,55.4698,10023.6,6.83962e+07
20230101T000004.400000,6,969,3249.61,-3128.69,49.3584,0,0,0,15697.1,16233.3,-256.129,16928.6,246.598,32557.9,860901
20230101T000004.400000,6,970,8249.28,-7249.2,471.266,0,0,0,84318.1,95473.3,-6218.11,109064,5464.28,192963,3.06771e+08
20230101T000004.400000,6,971,5339.67,-6553.15,903.359,0,0,0,69256.2,55316.2,-7713.55,46442,9466.51,114330,716664
20230101T000004.400000,6,972,4249.42,-4145.43,822.687,0,0,0,28082.4,27612.4,-5587.28,29450.8,5450.55,56388.7,502259
20230101T000004.400000,6,973,3801.83,-3229.63,337.016,0,0,0,16831.4,19524.5,-2046.76,23229.1,1738.72,39815.3,623460
20230101T000004.400000,6,974,4605.46,-4583.56,-78.0668,0,0,0,33651.5,33738.2,574.709,33973.2,-571.976,67550.9,1.34066e+06
20230101T000004.400000,6,975,5737.28,-3876.19,869.339,0,0,0,24913.3,34992,-7973.68,53065,5387.13,76707.1,2.27556e+06
20230101T000004.400000,6,976,6788.99,-5872.32,570.83,0,0,0,55509.3,63497.9,-6197.51,73995.1,5360.7,128919,1.39245e+07
20230101T000004.400000,6,977,469.242,171.452,-17.2866,0,0,0,103.85,-107.964,10.901,359.886,3.98303,399.411,8.40152e+24
20230101T000004.400000,4,711,1813.11,-1721.92,-124.502,-3.53416,1.12585,27.1556,808.769,794.098,79.1275,887.388,-71.2258,1632.78,0
20230101T000004.400000,4,746,7755.26,-7795.68,70.7198,-9.99365,13.5377,0.890538,1294.44,1247.97,-10.484,1275.99,10.5629,2533.14,0
20230101T000004.400000,4,747,5351.88,-4404.91,815.711,-3.20487,8.15516,-0.552845,1080.72,1188.89,-218.93,1531,181.362,2483.6,0
20230101T000004.400000,4,750,6294.65,-6422.11,22.3585,7.76502,-2.48045,2.53343,1299.07,1231.74,-1.87947,1239.38,1.89508,2501.36,0
20230101T000004.400000,4,755,4441.69,-4737.78,-224.407,0.621659,0.555062,0.541336,1329.04,1181.6,57.2658,1170.27,-61.2421,2431.06,0
20230101T000004.400000,4,760,469.959,184.839,-17.2977,3.63784,-6.33428,0.00694897,132.72,-121.81,8.51344,274.844,4.88965,344.823,0
20230101T000004.400000,3,761,3249.61,-3128.69,49.3584,0,0,0,2500,0,0,2500,0,2500,0
20230101T000004.400000,3,762,5339.67,-6553.15,903.359,0,0,0,2500,0,0,2500,0,2500,0
20230101T000004.400000,3,763,4249.42,-4145.43,822.687,0,0,0,2500,0,0,2500,0,2500,0
20230101T000004.400000,3,764,3801.83,-3229.63,337.016,0,0,0,2500,0,0,2500,0,2500,0
20230101T000004.500000,6,978,1739.31,-1806.3,-48.4282,0,0,0,5252.96,4992.91,133.913,4875.45,-139.072,10060.7,5.00292e+07
20230101T000004.500000,6,979,7701.47,-7867.12,-33.633,0,0,0,99058.7,96908.5,414.301,94933.8,-423.212,193927,6.65806e+07
20230101T000004.500000,6,980,2990.92,-3374.31,-139.692,0,0,0,18259.5,16100.4,667.18,14366.2,-752.704,32530.6,2.31276e+06
20230101T000004.500000,6,981,4950.07,-6906.4,265.107,0,0,0,76377.2,54616,-2098.52,39321.7,2927.88,115523,2.55863e+06
20230101T000004.500000,6,982,4711.4,-5156.22,173.026,0,0,0,42589.4,38813.1,-1303.24,35576.7,1426.28,78054.3,2.75088e+06
20230101T000004.500000,6,983,4105.52,-5015.84,-6.8831,0,0,0,40279.6,32916.8,45.1709,27006.9,-55.1867,67222.4,1.3951e+06
20230101T000004.500000,6,984,6430.66,-6279.18,360.037,0,0,0,63223.9,64471.2,-3702.6,66297.8,3615.39,129250,2.79896e+07
20230101T000004.500000,6,985,491.809,87.5985,-18.1496,0,0,0,74.7387,-57.8056,11.9956,388.984,2.1366,399.364,1.07682e+25
20230101T000004.500000,4,711,1803.55,-1736.45,-110.159,-4.71586,-10.2844,33.1182,750.864,745.838,59.0663,823.803,-54.0696,1526.01,0
20230101T000004.500000,4,746,7759.27,-7800.69,69.5715,12.1901,-9.17605,0.721715,1335.67,1292.36,-11.3637,1319.99,11.4004,2620.17,0
20230101T000004.500000,4,750,6298.93,-6420.26,29.3605,11.2015,-4.40625,4.4289,1330.73,1267.58,-3.50221,1275.75,3.37683,2571.24,0
20230101T000004.500000,4,755,4423.81,-4741.94,-216.46,-20.129,18.1654,2.98018,1306.47,1186.05,56.6814,1150.78,-60.5847,2414.58,0
20230101T000004.500000,4,761,3231.9,-3147.3,35.7526,-1.75329,-1.8423,-1.34711,1159.76,1139.47,-17.9765,1246.2,17.3076,2343.02,0
20230101T000004.500000,4,762,5331.83,-6561.41,889.762,-0.776178,-0.818033,-1.34626,1520.45,1165.88,-160.759,1039.6,197.292,2443.85,0
20230101T000004.500000,3,765,4711.4,-5156.22,173.026,0,0,0,2500,0,0,2500,0,2500,0
20230101T000004.500000,3,766,491.809,87.5985,-18.1496,0,0,0,2500,0,0,2500,0,2500,0
20230101T000004.600000,6,986,7245.6,-5318.49,180.482,0,0,0,45333.6,61601.7,-2091.28,84038.7,1535.07,129256,3.00884e+07
20230101T000004.600000,6,987,499.565,2.1618,-17.5459,0,0,0,64.42,-1.4492,11.7795,399.305,0.0509743,399.39,4.80757e+24
20230101T000004.600000,6,988,1943.41,1581.37,-112.732,0,0,0,4051.85,-4875.98,348.306,6076.47,283.421,10044.2,8.61543e+07
20230101T000004.600000,6,989,8563.92,6873.6,-702.608,0,0,0,76113.3,-93767.3,9624.14,117680,7724.55,192940,2.78719e+08
20230101T000004.600000,6,990,3497.64,2778.35,-324.926,0,0,0,12493.4,-15435,1814.73,19663.5,1441.53,31924.7,7.36392e+06
20230101T000004.600000,6,991,4968.23,4178.37,-288.655,0,0,0,28049.6,-33117.4,2292.39,39575,1927.94,67427.5,3.26997e+06
20230101T000004.600000,4,766,504.831,14.5863,-17.6285,1.28929,-7.22895,0.0515949,71.4611,-48.679,10.0999,336.092,1.79894,344.783,0
20230101T000004.600000,3,767,7245.6,-5318.49,180.482,0,0,0,2500,0,0,2500,0,2500,0
20230101T000004.600000,3,768,1943.41,1581.37,-112.732,0,0,0,2500,0,0,2500,0,2500,0
20230101T000004.600000,3,769,8563.92,6873.6,-702.608,0,0,0,2500,0,0,2500,0,2500,0
20230101T000004.600000,3,770,3497.64,2778.35,-324.926,0,0,0,2500,0,0,2500,0,2500,0
20230101T000004.600000,3,771,4968.23,4178.37,-288.655,0,0,0,2500,0,0,2500,0,2500,0
20230101T000004.700000,6,992,492.069,-86.5273,-16.1348,0,0,0,74.3989,57.1477,10.6696,389.34,-1.87619,399.456,6.38106e+24
20230101T000004.700000,6,993,491.922,-87.2884,-16.4903,0,0,0,74.5915,57.6299,10.9014,389.144,-1.93439,399.44,6.3006e+24
20230101T000004.700000,6,994,1760.19,1771.82,147.896,0,0,0,5072.04,-4940.61,-413.858,5006.94,-416.593,9980.43,8.72695e+07
20230101T000004.700000,6,995,2334.91,1873.76,130.272,0,0,0,5672.94,-6955.66,-484.509,8758.53,-388.818,14340.6,4.43353e+06
20230101T000004.700000,6,996,3058.46,3312.83,-148.543,0,0,0,17605.4,-16162,725.471,15020.3,785.807,32526.5,1.30855e+06
20230101T000004.700000,6,997,7627.64,7893.9,552.256,0,0,0,99968.4,-96063.2,-6737.63,93374.8,-6972.82,192791,3.72644e+08
20230101T000004.700000,6,998,4755.96,6528.09,128.798,0,0,0,68216.9,-49632.6,-979.488,36249.7,-1344.46,104376,466393
20230101T000004.700000,6,999,6007.61,5978.62,660.763,0,0,0,57573.1,-57086.4,-6347.86,58125.4,-6317.22,114937,1.12476e+06
20230101T000004.700000,6,1000,5272.19,5301.41,573.468,0,0,0,45261.2,-44425.1,-4834.04,44770,-4860.84,89441.8,1.99101e+06
20230101T000004.700000,6,1001,3546.41,4709.59,-5.9083,0,0,0,35511.5,-26692.6,33.4866,20164.1,44.4698,55611.5,434754
20230101T000004.700000,6,1002,4020.59,5709.73,218.425,0,0,0,52208.1,-36664.3,-1403.96,25958,-1993.8,78025.8,1.82468e+06
20230101T000004.700000,6,1003,3729.89,3236.57,534.704,0,0,0,17057.6,-19057.5,-3185.84,22483,-2764.48,39020.6,585606
20230101T000004.700000,6,1004,3233.23,3795.03,552.329,0,0,0,23275.5,-19360.2,-2852.75,17045.5,-3348.43,39770.4,624591
20230101T000004.700000,6,1005,6583.38,6130.33,-56.6008,0,0,0,60166.4,-64538.8,595.904,69377.5,554.895,129475,1.51062e+07
20230101T000004.700000,6,1006,3585.61,5397.24,-164.921,0,0,0,46641.3,-30914.3,945.249,20645.1,1422.84,67179,595331
20230101T000004.700000,3,772,492.069,-86.5273,-16.1348,0,0,0,2500,0,0,2500,0,2500,0
20230101T000004.700000,3,773,491.922,-87.2884,-16.4903,0,0,0,2500,0,0,2500,0,2500,0
20230101T000004.700000,3,774,1760.19,1771.82,147.896,0,0,0,2500,0,0,2500,0,2500,0
20230101T000004.700000,3,775,2334.91,1873.76,130.272,0,0,0,2500,0,0,2500,0,2500,0
20230101T000004.700000,3,776,3058.46,3312.83,-148.543,0,0,0,2500,0,0,2500,0,2500,0
20230101T000004.700000,3,777,7627.64,7893.9,552.256,0,0,0,2500,0,0,2500,0,2500,0
20230101T000004.700000,3,778,4755.96,6528.09,128.798,0,0,0,2500,0,0,2500,0,2500,0
20230101T000004.700000,3,779,6007.61,5978.62,660.763,0,0,0,2500,0,0,2500,0,2500,0
20230101T000004.700000,3,780,5272.19,5301.41,573.468,0,0,0,2500,0,0,2500,0,2500,0
20230101T000004.700000,3,781,3546.41,4709.59,-5.9083,0,0,0,2500,0,0,2500,0,2500,0
20230101T000004.700000,3,782,4020.59,5709.73,218.425,0,0,0,2500,0,0,2500,0,2500,0
20230101T000004.700000,3,783,3729.89,3236.57,534.704,0,0,0,2500,0,0,2500,0,2500,0
20230101T000004.700000,3,784,3233.23,3795.03,552.329,0,0,0,2500,0,0,2500,0,2500,0
20230101T000004.700000,3,785,6583.38,6130.33,-56.6008,0,0,0,2500,0,0,2500,0,2500,0
20230101T000004.700000,3,786,3585.61,5397.24,-164.921,0,0,0,2500,0,0,2500,0,2500,0
20230101T000004.800000,6,1007,469.594,-170.59,-16.1368,0,0,0,103.41,107.522,10.1836,360.332,-3.69939,399.459,1.95444e+23
20230101T000004.800000,6,1008,8446.27,-3046.41,-444.427,0,0,0,15185.1,41048.1,6003.03,114187,-2165.18,128992,8.74035e+07
20230101T000004.800000,6,1009,10767,-2159.85,-782.5,0,0,0,8466.95,37007,13475.8,185525,-2703.24,192949,4.6338e+08
20230101T000004.800000,6,1010,2325.24,926.436,41.5897,0,0,0,1430.86,-3423.74,-153.742,8659.91,-61.2548,10024,4.9891e+07
20230101T000004.800000,6,1011,7414.97,2199.79,149.776,0,0,0,7834.32,-26071,-1775.75,87978.9,-526.809,95713.4,429223
20230101T000004.800000,6,1012,4892.65,901.875,-496.562,0,0,0,1744.25,-6978.47,3880.99,38315.9,715.392,39602.9,1.05378e+06
20230101T000004.800000,6,1013,6505.09,2500.17,-356.078,0,0,0,10233.7,-25932.8,3703.07,67740.3,1423.24,77707.4,1.4803e+06
20230101T000004.800000,6,1014,6143.14,2083.26,279.401,0,0,0,7113.26,-20419,-2743.64,60400.6,-930.421,67325.2,3.41659e+06
20230101T000004.800000,6,1015,2236.78,1952.02,-262.384,0,0,0,6195.18,-6899.95,934.804,8080.16,815.796,14102.2,294749
20230101T000004.800000,6,1016,2555.15,2954.52,890.435,0,0,0,14535.6,-11421,-3631.24,11206.7,-4198.81,24415.9,235013
20230101T000004.800000,6,1017,7580.29,7248.46,30.0124,0,0,0,84098.4,-87880,-363.872,91968.5,-347.943,176001,294090
20230101T000004.800000,6,1018,3404.08,2883.5,596.66,0,0,0,13671.6,-15393.1,-3243.3,18804.6,-2747.32,31844.9,5.1283e+06
20230101T000004.800000,6,1019,5864.66,5063.55,1977.11,0,0,0,44640.9,-44390.2,-18540.5,57727.6,-16007.9,96058,103695
20230101T000004.800000,6,1020,6473.58,5499.19,478.505,0,0,0,48635.6,-56746.9,-4953.49,67231.9,-4207.9,115438,1.01078e+06
20230101T000004.800000,6,1021,4268.86,4699.68,1356.04,0,0,0,36696.9,-30604.9,-9253.24,30802.8,-10187.1,64499.1,3.12395e+06
20230101T000004.800000,6,1022,4180.41,3828.91,852.73,0,0,0,24123.6,-24999.6,-5696.67,28520.6,-5217.68,51419.6,232711
20230101T000004.800000,6,1023,8109.42,5280.62,1232.27,0,0,0,46366.2,-67376.5,-15982.1,105962,-10407.1,149837,221599
20230101T000004.800000,4,773,478.908,-160.7,-16.1851,-1.28854,-7.26846,0.0302164,71.3369,48.5296,9.17862,336.218,-1.62869,344.846,0
20230101T000004.800000,4,779,6022.22,5972.91,657.334,1.44702,-0.565048,-0.33952,1268.06,-1196.86,-132.296,1279.64,-131.658,2456.49,0
20230101T000004.800000,3,787,8446.27,-3046.41,-444.427,0,0,0,2500,0,0,2500,0,2500,0
20230101T000004.800000,3,788,10767,-2159.85,-782.5,0,0,0,2500,0,0,2500,0,2500,0
20230101T000004.800000,3,789,2325.24,926.436,41.5897,0,0,0,2500,0,0,2500,0,2500,0
20230101T000004.800000,3,790,7414.97,2199.79,149.776,0,0,0,2500,0,0,2500,0,2500,0
20230101T000004.800000,3,791,4892.65,901.875,-496.562,0,0,0,2500,0,0,2500,0,2500,0
20230101T000004.800000,3,792,6505.09,2500.17,-356.078,0,0,0,2500,0,0,2500,0,2500,0
20230101T000004.800000,3,793,6143.14,2083.26,279.401,0,0,0,2500,0,0,2500,0,2500,0
20230101T000004.800000,3,794,2236.78,1952.02,-262.384,0,0,0,2500,0,0,2500,0,2500,0
20230101T000004.800000,3,795,2555.15,2954.52,890.435,0,0,0,2500,0,0,2500,0,2500,0
20230101T000004.800000,3,796,7580.29,7248.46,30.0124,0,0,0,2500,0,0,2500,0,2500,0
20230101T000004.800000,3,797,3404.08,2883.5,596.66,0,0,0,2500,0,0,2500,0,2500,0
20230101T000004.800000,3,798,5864.66,5063.55,1977.11,0,0,0,2500,0,0,2500,0,2500,0
20230101T000004.800000,3,799,4268.86,4699.68,1356.04,0,0,0,2500,0,0,2500,0,2500,0
20230101T000004.800000,3,800,4180.41,3828.91,852.73,0,0,0,2500,0,0,2500,0,2500,0
20230101T000004.800000,3,801,8109.42,5280.62,1232.27,0,0,0,2500,0,0,2500,0,2500,0
20230101T000004.900000,6,1024,5505.61,-3448.54,-146.009,0,0,0,19098.3,30333.9,1284.97,48526.4,-804.865,67526.6,1.45906e+07
20230101T000004.900000,6,1025,7233.96,-5333.91,-192.119,0,0,0,45600.6,61677.7,2222.54,83771.6,-1638.78,129249,3.74695e+07
20230101T000004.900000,6,1026,2243.56,-1113.46,-130.154,0,0,0,2056.62,3960.75,464.242,8071.65,-230.399,10037.5,2.98399e+08
20230101T000004.900000,6,1027,9848.14,-4905.03,-400.158,0,0,0,38751.4,77160.9,6303.22,155241,-3139.42,193672,4.46557e+08
20230101T000004.900000,6,1028,432.891,-249.419,-16.8423,0,0,0,147.871,144.904,9.7981,315.877,-5.64538,399.439,8.55454e+22
20230101T000004.900000,6,1029,7844.67,-4388.47,-141.92,0,0,0,30887.1,55040.8,1780.42,98485.1,-996.003,129276,3.49761e+07
20230101T000004.900000,6,1030,3539.95,1532.12,-138.806,0,0,0,3835.6,-8643.25,784.077,20064.9,339.354,23805.9,63125
20230101T000004.900000,6,1031,8994.86,4164.8,-773.768,0,0,0,28594.1,-59549.4,11131.4,129632,5154.06,157205,164720
20230101T000004.900000,6,1032,9116.32,4098.23,298.596,0,0,0,27044.7,-59700,-4353.62,133006,-1957.16,159844,66128
20230101T000004.900000,6,1033,7872.7,3225.84,45.4032,0,0,0,16707.3,-40610.1,-571.597,99176.6,-234.212,115817,444504
20230101T000004.900000,6,1034,7598.03,2451.6,912.476,0,0,0,10880.3,-29396,-11086,92499.7,-3577.03,101985,1.68497e+06
20230101T000004.900000,6,1035,7801.05,2158.37,10.7663,0,0,0,7513.3,-26923.6,-134.299,97374.8,-37.1574,104824,93517.6
20230101T000004.900000,6,1036,5148.3,2727.54,-386.09,0,0,0,12139.1,-22342.5,3176.6,42474.2,1682.95,54311.4,232065
20230101T000004.900000,6,1037,4481.95,2201.11,74.0156,0,0,0,7810.44,-15755.6,-529.923,32154.7,-260.249,39892.4,458148
20230101T000004.900000,6,1038,4319.36,2392.89,-1127.33,0,0,0,10763.9,-15649.5,7778.8,30342.8,4309.39,39015.6,79908.4
20230101T000004.900000,6,1039,4989,1025.18,-796.172,0,0,0,2714.68,-7971.13,6345.79,39867.8,1303.99,41507.3,583489
20230101T000004.900000,6,1040,8944.45,2927.91,805.403,0,0,0,14711.1,-41576.1,-11521,128112,-3771.35,141722,43932.8
20230101T000004.900000,6,1041,4955.9,2589.99,-181.663,0,0,0,10824.5,-20489.2,1438.64,39322.6,751.845,50030.4,181384
20230101T000004.900000,6,1042,5065.4,2518.78,-58.9165,0,0,0,10206.6,-20386.1,476.9,41067,237.139,51204,430114
20230101T000004.900000,6,1043,6381.78,2851.06,-217.217,0,0,0,13121.9,-29059.8,2216.16,65186.6,990.066,78169.1,2.1434e+06
20230101T000004.900000,6,1044,6465.48,2922.99,271.051,0,0,0,13820.8,-30169.5,-2801.73,66914.8,-1266.64,80554.2,44651.9
20230101T000004.900000,6,1045,8763.53,5639.71,-183.774,0,0,0,50973.6,-79024.3,2575.87,122914,1657.68,173769,69492.4
20230101T000004.900000,6,1046,1856.73,2263.82,556.833,0,0,0,8424.19,-6451.75,-1646.77,5849.42,-2007.83,13718,227310
20230101T000004.900000,6,1047,2155.63,2189.26,186.595,0,0,0,7727.39,-7491.03,-640.85,7495.42,-650.849,15103.6,134062
20230101T000004.900000,6,1048,1486.26,1335.73,139.95,0,0,0,2907.25,-3129.14,-329.484,3576.79,-296.115,6389.32,321273
20230101T000004.900000,6,1049,1943.34,2467.66,-117.286,0,0,0,9775.87,-7631.05,363.205,6095.54,461.199,15785.6,194967
20230101T000004.900000,6,1050,2248.26,3287.18,34.6192,0,0,0,17309.9,-11794,-124.219,8132.39,-181.62,25376.3,458180
20230101T000004.900000,6,1051,2834.62,3478.29,283.482,0,0,0,19434.4,-15681.2,-1283.16,12971.7,-1574.53,32214,2.71924e+06
20230101T000004.900000,6,1052,7109.1,7701.54,155.661,0,0,0,94949.3,-87550.5,-1769.93,80918.4,-1917.43,175765,591604
20230101T000004.900000,6,1053,6484.63,5015.73,-1565.53,0,0,0,42744.3,-50112.6,16233.7,68771.6,12556.4,107535,410185
20230101T000004.900000,6,1054,5666.16,6296.25,-821.739,0,0,0,63940.3,-56512.2,7445.65,52000.6,8273.63,114798,475170
20230101T000004.900000,6,1055,5182.75,5541.18,-177.161,0,0,0,49180.8,-45892.8,1468.07,43038.4,1569.6,92105.1,69370.5
20230101T000004.900000,6,1056,4518.49,4537.14,413.96,0,0,0,33105.3,-32632.7,-2989.85,32836.5,-3002.19,65604.1,50662
20230101T000004.900000,6,1057,3908.8,4536.74,-377.166,0,0,0,33055.4,-28229.1,2356.2,24613.1,2734.72,57377.4,450392
20230101T000004.900000,6,1058,4090.72,3393.47,677.857,0,0,0,18897.8,-21818.6,-4430.5,27099.8,-3675.33,45200.5,64355.1
20230101T000004.900000,6,1059,3388.29,5137.48,-153.006,0,0,0,42260.6,-27805,828.612,18439.5,1256.38,60598.8,66303.7
20230101T000004.900000,6,1060,7667.5,6093.42,-1217.79,0,0,0,60900.5,-73567.5,14933.8,95007.7,11868,153473,167491
20230101T000004.900000,4,767,7245.49,-5318.9,172.793,-0.0307088,-0.113651,-2.11625,975.759,1242.7,-42.171,1756.56,30.9548,2667.71,0
20230101T000004.900000,4,776,3033.97,3316.66,-116.038,-4.70977,0.736896,6.25089,1329.65,-1167.55,52.3554,1142.9,56.7097,2405.2,0
20230101T000004.900000,4,781,3621.71,4780.81,-22.3097,14.4812,13.6957,-3.15413,1607.68,-1163.57,1.45973,938.658,1.93851,2483.87,0
20230101T000004.900000,4,792,6514.71,2516.37,-352.451,0.952652,1.60409,0.359139,374.545,-795.964,113.372,2139.61,43.5735,2439.53,0
20230101T000004.900000,4,796,7569.71,7251.14,31.7742,-1.04766,0.265302,0.174441,1221.58,-1212.21,-5.01918,1330.14,-4.79946,2489.27,0
20230101T000004.900000,3,802,5505.61,-3448.54,-146.009,0,0,0,2500,0,0,2500,0,2500,0
20230101T000004.900000,3,803,2243.56,-1113.46,-130.154,0,0,0,2500,0,0,2500,0,2500,0
20230101T000004.900000,3,804,9848.14,-4905.03,-400.158,0,0,0,2500,0,0,2500,0,2500,0
20230101T000004.900000,3,805,432.891,-249.419,-16.8423,0,0,0,2500,0,0,2500,0,2500,0
20230101T000004.900000,3,806,7844.67,-4388.47,-141.92,0,0,0,2500,0,0,2500,0,2500,0
20230101T000004.900000,3,807,3539.95,1532.12,-138.806,0,0,0,2500,0,0,2500,0,2500,0
20230101T000004.900000,3,808,8994.86,4164.8,-773.768,0,0,0,2500,0,0,2500,0,2500,0
20230101T000004.900000,3,809,9116.32,4098.23,298.596,0,0,0,2500,0,0,2500,0,2500,0
20230101T000004.900000,3,810,7872.7,3225.84,45.4032,0,0,0,2500,0,0,2500,0,2500,0
20230101T000004.900000,3,811,7598.03,2451.6,912.476,0,0,0,2500,0,0,2500,0,2500,0
20230101T000004.900000,3,812,7801.05,2158.37,10.7663,0,0,0,2500,0,0,2500,0,2500,0
20230101T000004.900000,3,813,5148.3,2727.54,-386.09,0,0,0,2500,0,0,2500,0,2500,0
20230101T000004.900000,3,814,4481.95,2201.11,74.0156,0,0,0,2500,0,0,2500,0,2500,0
20230101T000004.900000,3,815,4319.36,2392.89,-1127.33,0,0,0,2500,0,0,2500,0,2500,0
20230101T000004.900000,3,816,4989,1025.18,-796.172,0,0,0,2500,0,0,2500,0,2500,0
20230101T000004.900000,3,817,8944.45,2927.91,805.403,0,0,0,2500,0,0,2500,0,2500,0
20230101T000004.900000,3,818,4955.9,2589.99,-181.663,0,0,0,2500,0,0,2500,0,2500,0
20230101T000004.900000,3,819,5065.4,2518.78,-58.9165,0,0,0,2500,0,0,2500,0,2500,0
20230101T000004.900000,3,820,6465.48,2922.99,271.051,0,0,0,2500,0,0,2500,0,2500,0
20230101T000004.900000,3,821,8763.53,5639.71,-183.774,0,0,0,2500,0,0,2500,0,2500,0
20230101T000004.900000,3,822,1856.73,2263.82,556.833,0,0,0,2500,0,0,2500,0,2500,0
20230101T000004.900000,3,823,2155.63,2189.26,186.595,0,0,0,2500,0,0,2500,0,2500,0
20230101T000004.900000,3,824,1486.26,1335.73,139.95,0,0,0,2500,0,0,2500,0,2500,0
20230101T000004.900000,3,825,1943.34,2467.66,-117.286,0,0,0,2500,0,0,2500,0,2500,0
20230101T000004.900000,3,826,2248.26,3287.18,34.6192,0,0,0,2500,0,0,2500,0,2500,0
20230101T000004.900000,3,827,6484.63,5015.73,-1565.53,0,0,0,2500,0,0,2500,0,2500,0
20230101T000004.900000,3,828,5666.16,6296.25,-821.739,0,0,0,2500,0,0,2500,0,2500,0
20230101T000004.900000,3,829,5182.75,5541.18,-177.161,0,0,0,2500,0,0,2500,0,2500,0
20230101T000004.900000,3,830,4518.49,4537.14,413.96,0,0,0,2500,0,0,2500,0,2500,0
20230101T000004.900000,3,831,4090.72,3393.47,677.857,0,0,0,2500,0,0,2500,0,2500,0
20230101T000004.900000,3,832,3388.29,5137.48,-153.006,0,0,0,2500,0,0,2500,0,2500,0
20230101T000004.900000,3,833,7667.5,6093.42,-1217.79,0,0,0,2500,0,0,2500,0,2500,0
20230101T000005,6,1061,382.529,-321.379,-16.8021,0,0,0,202.995,164.991,8.63757,260.765,-7.25678,399.453,1.15924e+23
20230101T000005,6,1062,8356.94,-7166.28,-106.791,0,0,0,82216.2,95780.3,1427.44,111776,-1224.06,193910,4.8386e+08
20230101T000005,6,1063,6956.86,-5692.16,-138.076,0,0,0,51897.7,63313,1536.16,77474.6,-1256.89,129278,5.12077e+07
20230101T000005,6,1064,2486.93,-198.112,-189.956,0,0,0,183.397,778.7,751.024,9896.5,-59.8276,9958.9,4.88368e+07
20230101T000005,6,1065,3737.65,-519.591,-532.079,0,0,0,937.908,3036.95,3173.2,22361.8,-441.123,22785.3,1.6672e+06
20230101T000005,6,1066,7553.91,52.2179,-1423.19,0,0,0,3306.76,-608.291,17189.4,91298.7,118.825,91305.1,529378
20230101T000005,6,1067,6446.61,-570.008,-501.416,0,0,0,982.128,5838.52,5166.99,66497.7,-456.864,67014.4,2.55361e+06
20230101T000005,6,1068,1712.85,909.647,-501.42,0,0,0,1684.5,-2301.45,1360.47,4795.84,722.51,6022.08,1.14118e+06
20230101T000005,6,1069,6455.54,3343.37,1808.67,0,0,0,22059.6,-32371.1,-18668.2,67798.1,-9668.4,84567.1,78196.8
20230101T000005,6,1070,8087.12,2190.1,-1484.04,0,0,0,11015.3,-27433.9,19192,104887,5197.46,112319,555935
20230101T000005,6,1071,2592.33,1610.1,-753.047,0,0,0,4846.18,-6244.56,3110.79,11021.6,1932.12,14903.8,219404
20230101T000005,6,1072,6617.22,2180.22,692.151,0,0,0,8354.03,-22836.6,-7322.2,70141.4,-2412.5,77666.1,1.07942e+06
20230101T000005,6,1073,8115.64,4873.11,625.82,0,0,0,38502.9,-62972.8,-8122.68,105565,-4877.33,143378,524524
20230101T000005,6,1074,4593.13,1874.47,622.505,0,0,0,6207.31,-13536.5,-4567.47,33852.5,-1864,39377.7,272930
20230101T000005,6,1075,3478.62,1732.67,-872.743,0,0,0,5828.68,-9133,4845.26,19615.6,2413.38,24167.7,564921
20230101T000005,6,1076,1446.98,1323.02,-410.61,0,0,0,2980.92,-2898.13,941.153,3500.74,860.527,6153.27,1.06708e+06
20230101T000005,6,1077,2806.13,3483.56,-424.526,0,0,0,19554.7,-15468.6,1902.26,12812.3,2361.49,32015.8,2.47158e+06
20230101T000005,6,1078,7217.81,7499.72,-1288.12,0,0,0,91300.2,-85252.6,14870.4,84765.8,15451.2,173349,559903
20230101T000005,6,1079,5320.25,5944.83,213.405,0,0,0,56606.4,-50536.8,-1815.45,45364.1,-2028.57,101834,939981
20230101T000005,6,1080,3552.25,3459.03,643.921,0,0,0,19516.6,-19296.7,-3653.93,20543.1,-3558.04,39334.4,249531
20230101T000005,6,1081,3038.48,4288.29,222.943,0,0,0,29471.1,-20780.2,-1082.29,14867.3,-1527.46,44195.1,198236
20230101T000005,6,1082,3284.63,4301.43,1170.43,0,0,0,30433.5,-21519,-6143.05,18685.2,-8044.72,46868.6,131318
20230101T000005,4,767,7239.59,-5327.17,165.905,-2.08625,-2.96532,-4.42961,998.169,1307.64,-43.2291,1819.62,31.7308,2778.47,0
20230101T000005,4,776,3017.01,3328.67,-138.119,-12.2574,0.968612,-0.013371,1288.35,-1146.94,45.4824,1092.11,47.7816,2338.67,0
20230101T000005,4,783,3741.1,3270.8,544.919,3.0867,9.42141,2.81161,1146.2,-1215.63,-200.989,1492.27,-174.406,2520.23,0
20230101T000005,4,805,394.989,-315.218,-16.8076,-3.75266,-6.51478,0.00343729,133.045,122.023,8.24961,274.521,-4.75318,344.844,0
20230101T000005,3,834,8356.94,-7166.28,-106.791,0,0,0,2500,0,0,2500,0,2500,0
20230101T000005,3,835,2486.93,-198.112,-189.956,0,0,0,2500,0,0,2500,0,2500,0
20230101T000005,3,836,3737.65,-519.591,-532.079,0,0,0,2500,0,0,2500,0,2500,0
20230101T000005,3,837,7553.91,52.2179,-1423.19,0,0,0,2500,0,0,2500,0,2500,0
20230101T000005,3,838,6446.61,-570.008,-501.416,0,0,0,2500,0,0,2500,0,2500,0
20230101T000005,3,839,1712.85,909.647,-501.42,0,0,0,2500,0,0,2500,0,2500,0
20230101T000005,3,840,6455.54,3343.37,1808.67,0,0,0,2500,0,0,2500,0,2500,0
20230101T000005,3,841,8087.12,2190.1,-1484.04,0,0,0,2500,0,0,2500,0,2500,0
20230101T000005,3,842,2592.33,1610.1,-753.047,0,0,0,2500,0,0,2500,0,2500,0
20230101T000005,3,843,6617.22,2180.22,692.151,0,0,0,2500,0,0,2500,0,2500,0
20230101T000005,3,844,8115.64,4873.11,625.82,0,0,0,2500,0,0,2500,0,2500,0
20230101T000005,3,845,4593.13,1874.47,622.505,0,0,0,2500,0,0,2500,0,2500,0
20230101T000005,3,846,3478.62,1732.67,-872.743,0,0,0,2500,0,0,2500,0,2500,0
20230101T000005,3,847,1446.98,1323.02,-410.61,0,0,0,2500,0,0,2500,0,2500,0
20230101T000005,3,848,7217.81,7499.72,-1288.12,0,0,0,2500,0,0,2500,0,2500,0
20230101T000005,3,849,5320.25,5944.83,213.405,0,0,0,2500,0,0,2500,0,2500,0
20230101T000005,3,850,3038.48,4288.29,222.943,0,0,0,2500,0,0,2500,0,2500,0
20230101T000005,3,851,3284.63,4301.43,1170.43,0,0,0,2500,0,0,2500,0,2500,0
20230101T000005.100000,6,1083,1727.44,-1805.25,-133.972,0,0,0,5258.54,4943.33,367.921,4822.8,-384.494,9988.98,4.39435e+07
20230101T000005.100000,6,1084,2301.31,-2974.63,-792.445,0,0,0,14556.7,10437,2909.96,9140.52,-3761.36,22633.9,240754
20230101T000005.100000,6,1085,5508.11,-6313.05,-1441.49,0,0,0,65231.3,53959.1,12696.8,50465.8,-14552.2,112312,362024
20230101T000005.100000,6,1086,5268.46,-6279.36,-925.756,0,0,0,63681.1,52225.7,7799.11,45252.4,-9295.58,107500,491703
20230101T000005.100000,6,1087,4037.18,-4092.77,30.4019,0,0,0,26833.5,26404.4,-196.143,26111.2,198.844,52879.3,160402
20230101T000005.100000,6,1088,6931.22,-5715.51,381.881,0,0,0,52444.2,63238.8,-4232.94,76987.2,3490.5,129134,1.07739e+07
20230101T000005.100000,6,1089,8139.06,-3819.54,111.728,0,0,0,23411,49707.6,-1454.25,106006,682.459,129333,1.07993e+07
20230101T000005.100000,6,1090,4652.99,-1825.18,-128.169,0,0,0,5408.25,13557.4,952.663,34652.5,-373.691,39970.5,575899
20230101T000005.100000,6,1091,9179.11,-3712.94,72.129,0,0,0,22119.6,54505.3,-1058.9,134820,428.322,156867,332138
20230101T000005.100000,6,1092,8086.27,-1706.19,-1109.3,0,0,0,6602.9,21664.4,14343.9,104707,-3026.55,109279,222334
20230101T000005.100000,6,1093,8243.23,-2066.66,223.407,0,0,0,6969.05,27223.6,-2944.92,108730,738.32,115555,330016
20230101T000005.100000,6,1094,2950.87,411.672,72.5838,0,0,0,342.168,-1933.76,-341.154,13933.6,-47.5939,14203.5,1.89991e+06
20230101T000005.100000,6,1095,2501.96,45.0914,71.4267,0,0,0,75.3405,-179.208,-284.106,10015.7,-5.12028,10019,4.2682e+07
20230101T000005.100000,6,1096,4517.7,53.3165,86.095,0,0,0,80.3742,-384.493,-621.103,32655.4,-7.33006,32660,2.23812e+06
20230101T000005.100000,6,1097,10942.4,1041.45,147.87,0,0,0,1833.49,-18224.3,-2588.04,191580,-246.319,193314,3.75353e+08
20230101T000005.100000,6,1098,6917.48,964.318,361.916,0,0,0,1756.05,-10635.7,-4002.4,76567.8,-557.947,78050.6,7.05492e+06
20230101T000005.100000,6,1099,4996.28,-4.41139,187.41,0,0,0,120.137,35.1588,-1495.77,39940.5,1.32067,39940.7,553007
20230101T000005.100000,6,1100,5439.66,876.106,351.269,0,0,0,1482.66,-7584.16,-3053.25,47350.5,-491.752,48572.3,378712
20230101T000005.100000,6,1101,6448.69,546.083,584.51,0,0,0,1082.91,-5583.14,-6025.2,66541.2,-510.222,67014.6,1.51486e+06
20230101T000005.100000,6,1102,320.172,377.644,69.1473,0,0,0,257.636,-158.719,-29.7527,204.99,-35.0934,393.424,9.5493e+23
20230101T000005.100000,4,767,7233.52,-5337.16,170.342,-1.39239,-9.13343,-2.38205,1050.83,1380.61,-44.0293,1914.12,32.2724,2928.01,0
20230101T000005.100000,4,806,7852.23,-4378.23,-136.945,1.45358,1.97005,0.956694,655.556,1059.09,34.2502,1956.27,-19.1602,2548.13,0
20230101T000005.100000,3,852,1727.44,-1805.25,-133.972,0,0,0,2500,0,0,2500,0,2500,0
20230101T000005.100000,3,853,2301.31,-2974.63,-792.445,0,0,0,2500,0,0,2500,0,2500,0
20230101T000005.100000,3,854,5508.11,-6313.05,-1441.49,0,0,0,2500,0,0,2500,0,2500,0
20230101T000005.100000,3,855,5268.46,-6279.36,-925.757,0,0,0,2500,0,0,2500,0,2500,0
20230101T000005.100000,3,856,4037.18,-4092.77,30.4019,0,0,0,2500,0,0,2500,0,2500,0
20230101T000005.100000,3,857,4652.99,-1825.18,-128.169,0,0,0,2500,0,0,2500,0,2500,0
20230101T000005.100000,3,858,9179.11,-3712.94,72.129,0,0,0,2500,0,0,2500,0,2500,0
20230101T000005.100000,3,859,8086.27,-1706.19,-1109.3,0,0,0,2500,0,0,2500,0,2500,0
20230101T000005.100000,3,860,8243.23,-2066.66,223.407,0,0,0,2500,0,0,2500,0,2500,0
20230101T000005.100000,3,861,2950.87,411.672,72.5838,0,0,0,2500,0,0,2500,0,2500,0
20230101T000005.100000,3,862,2501.96,45.0914,71.4267,0,0,0,2500,0,0,2500,0,2500,0
20230101T000005.100000,3,863,4517.7,53.3165,86.095,0,0,0,2500,0,0,2500,0,2500,0
20230101T000005.100000,3,864,10942.4,1041.45,147.87,0,0,0,2500,0,0,2500,0,2500,0
20230101T000005.100000,3,865,6917.48,964.318,361.916,0,0,0,2500,0,0,2500,0,2500,0
20230101T000005.100000,3,866,4996.28,-4.41139,187.41,0,0,0,2500,0,0,2500,0,2500,0
20230101T000005.100000,3,867,5439.66,876.106,351.269,0,0,0,2500,0,0,2500,0,2500,0
20230101T000005.100000,3,868,6448.69,546.083,584.51,0,0,0,2500,0,0,2500,0,2500,0
20230101T000005.100000,3,869,320.172,377.644,69.1473,0,0,0,2500,0,0,2500,0,2500,0
20230101T000005.200000,6,1103,1825.57,-1712.01,22.4086,0,0,0,4724.02,4968.28,-65.0356,5362.65,60.9898,10021.9,6.08128e+07
20230101T000005.200000,6,1104,2639.51,-3028.81,202.358,0,0,0,14733.7,12727.2,-852.488,11220.7,978.222,25825.2,475076
20230101T000005.200000,6,1105,7971.61,-6565.33,1735.03,0,0,0,71872.6,81343.9,-22121.5,103646,18219,170642,1.21973e+06
20230101T000005.200000,6,1106,2934.75,-3426.07,19.7666,0,0,0,18808.1,16055.5,-92.6333,13817.6,108.142,32561.1,950682
20230101T000005.200000,6,1107,5492.8,-6497.43,87.6784,0,0,0,67578.4,57065,-770.134,48317.9,910.991,115820,3.00437e+06
20230101T000005.200000,6,1108,5490.88,-5824.41,62.927,0,0,0,54311.1,51134.7,-552.494,48276.8,586.054,102518,1.03911e+06
20230101T000005.200000,6,1109,5960.78,-5359.97,-1335.36,0,0,0,47578.8,49669.9,12727.9,58152.9,-11445,102818,368013
20230101T000005.200000,6,1110,5676.14,-4038.59,440.392,0,0,0,26344.6,36501.1,-3996.28,51675.4,2843.36,77646.3,1.30532e+06
20230101T000005.200000,6,1111,4687.96,-4490.85,106.039,0,0,0,32311.1,33643.7,-794.619,35202.4,761.208,67431.6,2.24602e+06
20230101T000005.200000,6,1112,7076.69,-5534.89,435.581,0,0,0,49243.9,62491.5,-4929.51,80266.6,3855.52,129143,8.16589e+06
20230101T000005.200000,6,1113,4071.79,-1208.73,-165.843,0,0,0,2436.8,7845.25,1078.05,26535.9,-320.024,28864.9,448732
20230101T000005.200000,6,1114,10007.4,-4538.78,211.973,0,0,0,33073.6,72622.9,-3392.94,160259,1538.85,193197,2.90999e+08
20230101T000005.200000,6,1115,6099.36,-3359.33,487.576,0,0,0,18396.9,32596,-4754.33,59626.8,2618.53,77579.9,1.34051e+06
20230101T000005.200000,6,1116,7967.36,-4128.55,607.567,0,0,0,27787.7,52362.6,-7741.3,101705,4011.41,128838,8.2661e+06
20230101T000005.200000,6,1117,4126.65,-2685.54,869.839,0,0,0,12433.4,17149.8,-5734.04,27625.4,3731.59,38788.1,359754
20230101T000005.200000,6,1118,381.317,315.164,71.8663,0,0,0,201.073,-157.448,-36.8279,261.437,-30.4387,392.892,4.26807e+24
20230101T000005.200000,4,767,7231.03,-5344.01,176.552,1.8502,-14.9593,0.611198,1118.59,1469.96,-46.5123,2030.52,34.227,3112.78,0
20230101T000005.200000,4,804,9834.5,-4892.05,-391.009,-3.75387,3.57363,2.51804,586.996,1046.04,85.3386,2166.2,-42.5043,2683.77,0
20230101T000005.200000,4,806,7856.65,-4373.98,-121.779,6.03964,1.18792,5.06884,650.878,1098.03,34.7944,2004.53,-19.467,2617.06,0
20230101T000005.200000,4,852,1748.75,-1788.06,-102.557,2.11,1.70203,3.11039,1084.64,972.802,72.2372,998.892,-75.491,2011.08,0
20230101T000005.200000,4,869,377.768,328.37,71.4954,5.70262,-4.87866,0.232485,225.871,-133.991,-25.0503,181.428,-29.547,339.777,0
20230101T000005.200000,3,870,2639.51,-3028.81,202.358,0,0,0,2500,0,0,2500,0,2500,0
20230101T000005.200000,3,871,7971.61,-6565.33,1735.03,0,0,0,2500,0,0,2500,0,2500,0
20230101T000005.200000,3,872,2934.75,-3426.07,19.7666,0,0,0,2500,0,0,2500,0,2500,0
20230101T000005.200000,3,873,5492.8,-6497.43,87.6784,0,0,0,2500,0,0,2500,0,2500,0
20230101T000005.200000,3,874,5490.88,-5824.41,62.927,0,0,0,2500,0,0,2500,0,2500,0
20230101T000005.200000,3,875,5960.78,-5359.97,-1335.36,0,0,0,2500,0,0,2500,0,2500,0
20230101T000005.200000,3,876,5676.14,-4038.59,440.392,0,0,0,2500,0,0,2500,0,2500,0
20230101T000005.200000,3,877,4687.96,-4490.85,106.039,0,0,0,2500,0,0,2500,0,2500,0
20230101T000005.200000,3,878,4071.79,-1208.73,-165.843,0,0,0,2500,0,0,2500,0,2500,0
20230101T000005.200000,3,879,6099.36,-3359.33,487.576,0,0,0,2500,0,0,2500,0,2500,0
20230101T000005.200000,3,880,4126.65,-2685.54,869.839,0,0,0,2500,0,0,2500,0,2500,0
20230101T000005.300000,6,1119,1843.15,-1692.42,-27.6191,0,0,0,4618.24,4958.52,80.9295,5465.33,-74.3113,10018.4,5.26719e+07
20230101T000005.300000,6,1120,3237.93,-3129.24,353.385,0,0,0,15803.6,16080,-1827.19,16902,1765.85,32442.5,3.64053e+06
20230101T000005.300000,6,1121,6917.8,-4910.76,548.042,0,0,0,38946.8,54097.7,-6062.64,76751.9,4303.7,115155,670584
20230101T000005.300000,6,1122,7337.14,-6058.05,-485.732,0,0,0,58982.3,70901.3,5699.7,86312.7,-4706.06,144854,573794
20230101T000005.300000,6,1123,4953.72,-4177.91,399.837,0,0,0,28114.6,32956.4,-3166.08,39395.7,2670.24,67191,2.13103e+06
20230101T000005.300000,6,1124,10392.1,-3580.74,-21.7757,0,0,0,20572.6,59518.3,361.952,172800,-124.716,193307,2.62367e+08
20230101T000005.300000,6,1125,8328.84,-3395.97,23.1289,0,0,0,18507.7,45232.5,-308.067,111001,125.61,129444,1.2716e+07
20230101T000005.300000,6,1126,7536.23,-3918.78,346.824,0,0,0,24772.7,47147.6,-4179.68,90926.2,2173.4,115443,694041
20230101T000005.300000,6,1127,6377.93,-2802.98,376.653,0,0,0,12814.4,28496.4,-3840.47,65131.9,1687.81,77655.7,3.6382e+06
20230101T000005.300000,6,1128,428.737,246.776,71.9322,0,0,0,150.734,-138.606,-41.4455,311.762,-23.8555,392.868,3.47032e+24
20230101T000005.300000,4,852,1765.54,-1772.04,-89.5715,4.45897,6.40906,5.94081,906.35,839.291,52.0267,854.435,-57.4584,1717.05,0
20230101T000005.300000,4,872,2961.42,-3410.22,43.7934,2.64065,1.56967,2.3789,1378.01,1126.88,-6.50152,1027.74,7.58998,2343.25,0
20230101T000005.300000,4,877,4697.99,-4479.93,116.647,0.993063,1.08183,1.05021,1197.57,1184.31,-27.9647,1299.34,26.7889,2433.25,0
20230101T000005.300000,4,879,6106.08,-3340.64,483.867,0.665334,1.85061,-0.367182,625.966,1002.09,-145.467,1893.49,80.1188,2434.16,0
20230101T000005.300000,3,881,6917.8,-4910.76,548.042,0,0,0,2500,0,0,2500,0,2500,0
20230101T000005.300000,3,882,7337.14,-6058.05,-485.732,0,0,0,2500,0,0,2500,0,2500,0
20230101T000005.300000,3,883,10392.1,-3580.74,-21.7757,0,0,0,2500,0,0,2500,0,2500,0
20230101T000005.300000,3,884,8328.84,-3395.97,23.1289,0,0,0,2500,0,0,2500,0,2500,0
20230101T000005.300000,3,885,7536.23,-3918.78,346.824,0,0,0,2500,0,0,2500,0,2500,0
20230101T000005.300000,3,886,428.737,246.776,71.9322,0,0,0,2500,0,0,2500,0,2500,0
20230101T000005.400000,6,1129,1709.91,-1825.56,98.7302,0,0,0,5369.42,4954.82,-268.388,4720.43,286.54,10010.5,6.07047e+07
20230101T000005.400000,6,1130,2057.09,-2137.55,423.065,0,0,0,7478.48,6861.01,-1386.25,6951.83,1440.47,14082.5,3.12549e+06
20230101T000005.400000,6,1131,7816.91,-7727.1,108.8,0,0,0,95574.9,96601.8,-1360.31,97807.5,1344.69,193300,3.31758e+08
20230101T000005.400000,6,1132,3061.36,-3275.9,497.639,0,0,0,17384.6,15816.7,-2432.73,15240.3,2603.22,32166.3,1.18382e+06
20230101T000005.400000,6,1133,4477.89,-5888.41,1074.63,0,0,0,56177.3,41267.7,-7693.82,33292.8,10117.3,87561,695062
20230101T000005.400000,6,1134,5882.28,-6089.28,768.95,0,0,0,59814.2,56805.7,-7233.09,55884.2,7487.62,114689,659898
20230101T000005.400000,6,1135,5302.68,-4515.71,456.662,0,0,0,32857,38116.4,-3871.27,45156.5,3296.73,77616.4,3.19636e+06
20230101T000005.400000,6,1136,3723.07,-3297.4,513.706,0,0,0,17668.6,19401.3,-3055.2,22391.5,2705.89,39575.2,1.86894e+06
20230101T000005.400000,6,1137,4336.94,-4726.51,1037.5,0,0,0,36559.7,31908.8,-7192.53,31063.4,7838.61,65840,1.04182e+06
20230101T000005.400000,6,1138,8668.05,-2332.58,491.598,0,0,0,9125.53,32237.2,-6814.54,120247,1833.8,128922,2.12788e+07
20230101T000005.400000,6,1139,465.45,168.217,70.2902,0,0,0,107.754,-102.694,-43.9672,354.791,-15.89,393.171,4.3156e+24
20230101T000005.400000,4,852,1758.38,-1780.76,-60.1206,1.97385,3.128,15.7526,797.536,749.603,38.8663,777.151,-44.534,1536.64,0
20230101T000005.400000,4,872,2967.52,-3400.38,74.9059,-2.12401,10.4243,8.49978,1302.92,1093.01,-11.7928,981.16,11.8378,2247.3,0
20230101T000005.400000,4,873,5497.59,-6483.91,102.598,0.921207,2.59965,2.86925,1509.18,1222.8,-16.5009,1096.46,19.519,2542.66,0
20230101T000005.400000,4,876,5664.49,-4054.4,440.9,-2.23972,-3.04172,0.0976223,893.483,1154.25,-125.884,1694.51,89.5664,2506.32,0
20230101T000005.400000,4,886,466.4,181.743,70.5149,3.729,-6.43895,-0.140328,135.639,-117.04,-34.8954,271.612,-20.0854,339.311,0
20230101T000005.400000,3,887,2057.09,-2137.55,423.065,0,0,0,2500,0,0,2500,0,2500,0
20230101T000005.400000,3,888,7816.91,-7727.1,108.8,0,0,0,2500,0,0,2500,0,2500,0
20230101T000005.400000,3,889,4477.89,-5888.41,1074.63,0,0,0,2500,0,0,2500,0,2500,0
20230101T000005.400000,3,890,3723.07,-3297.4,513.706,0,0,0,2500,0,0,2500,0,2500,0
20230101T000005.400000,3,891,4336.94,-4726.51,1037.5,0,0,0,2500,0,0,2500,0,2500,0
20230101T000005.400000,3,892,8668.05,-2332.58,491.598,0,0,0,2500,0,0,2500,0,2500,0
20230101T000005.500000,6,1140,1770.47,-1767.95,29.0416,0,0,0,5033.74,4975.5,-81.7421,5047.94,81.6255,10016.4,4.86436e+07
20230101T000005.500000,6,1141,3591.16,-2666.72,224.715,0,0,0,11471.4,15253.3,-1288.6,20685.6,956.889,32012.6,424264
20230101T000005.500000,6,1142,7685.71,-7857.87,-11.5645,0,0,0,98825.2,96597.2,142.163,94545,-145.348,193306,2.53487e+08
20230101T000005.500000,6,1143,5666.38,-6334.02,-210.089,0,0,0,64251.5,57358.7,1903.66,51447.4,-2127.95,115564,211617
20230101T000005.500000,6,1144,6421.51,-7123.1,-201.474,0,0,0,81239.6,73121.7,2069.13,66048.5,-2295.19,147159,296721
20230101T000005.500000,6,1145,4501.36,-5316.94,-404.193,0,0,0,45367.5,38133.2,2908.68,32609,-3435.69,77651.6,848968
20230101T000005.500000,6,1146,4387.34,-4003.13,414.308,0,0,0,25824.7,27932.5,-2905.05,30951.7,2650.65,56438.3,978394
20230101T000005.500000,6,1147,3227.65,-3817.18,97.1683,0,0,0,23346.3,19673.8,-500.997,16714.5,592.504,39981.7,280905
20230101T000005.500000,6,1148,3411.78,-4151.85,76.3703,0,0,0,27610.1,22628.3,-416.317,18668.2,506.622,46204.9,224564
20230101T000005.500000,6,1149,4668.51,-4487.23,478.315,0,0,0,32439.7,33303.2,-3569.44,35078.4,3430.83,67088.7,1.73816e+06
20230101T000005.500000,6,1150,487.349,84.8273,71.9276,0,0,0,80.3793,-54.158,-47.108,382.101,-8.19955,392.853,1.14666e+24
20230101T000005.500000,6,1151,9237.41,5963.23,561.67,0,0,0,57297.5,-87876.6,-8298.66,136695,-5357.22,193424,2.3491e+08
20230101T000005.500000,6,1152,7256.85,5281.96,506.707,0,0,0,44948.8,-61102.8,-5880.44,84423.2,-4280.13,128898,2.75744e+07
20230101T000005.500000,4,852,1760.21,-1778.57,-46.1807,1.00594,5.73461,21.5389,738.781,696.174,26.799,725.854,-30.0183,1426.97,0
20230101T000005.500000,4,873,5501.59,-6480.4,95.8309,1.95,3.56402,0.913218,1532.99,1266.46,-18.9502,1110.09,22.1968,2605.17,0
20230101T000005.500000,4,877,4697.53,-4480.42,130.447,1.28916,0.420864,4.88872,1231.5,1240.93,-31.6194,1346.62,30.0428,2530.68,0
20230101T000005.500000,4,888,7815,-7728.57,107.245,-0.189046,-0.145657,-0.153976,1263.51,1214.81,-17.1049,1291.59,16.9084,2492.21,0
20230101T000005.500000,3,893,3591.16,-2666.72,224.715,0,0,0,2500,0,0,2500,0,2500,0
20230101T000005.500000,3,894,6421.51,-7123.1,-201.474,0,0,0,2500,0,0,2500,0,2500,0
20230101T000005.500000,3,895,4501.36,-5316.94,-404.193,0,0,0,2500,0,0,2500,0,2500,0
20230101T000005.500000,3,896,4387.34,-4003.13,414.308,0,0,0,2500,0,0,2500,0,2500,0
20230101T000005.500000,3,897,3227.65,-3817.18,97.1683,0,0,0,2500,0,0,2500,0,2500,0
20230101T000005.500000,3,898,3411.78,-4151.85,76.3703,0,0,0,2500,0,0,2500,0,2500,0
20230101T000005.500000,3,899,487.349,84.8273,71.9276,0,0,0,2500,0,0,2500,0,2500,0
20230101T000005.500000,3,900,9237.41,5963.23,561.67,0,0,0,2500,0,0,2500,0,2500,0
20230101T000005.500000,3,901,7256.84,5281.96,506.707,0,0,0,2500,0,0,2500,0,2500,0
20230101T000005.600000,6,1153,2095.81,-1370.63,138.708,0,0,0,3072.05,4552.79,-462.171,7056.19,302.253,10033.9,6.91875e+07
20230101T000005.600000,6,1154,8605.52,-6848.7,302.174,0,0,0,75176.1,94196.2,-4159.21,118569,3310.1,193535,3.09032e+08
20230101T000005.600000,6,1155,5587.61,-4140.16,473.511,0,0,0,27698.2,36811.7,-4229.79,50103.9,3134.08,77380,1.56277e+06
20230101T000005.600000,6,1156,6932.06,-5718.02,261.582,0,0,0,52416.5,63335.2,-2899.84,76955.7,2391.98,129199,1.46788e+07
20230101T000005.600000,6,1157,3883.68,-3139.81,237.883,0,0,0,15866.8,19435,-1475.81,24193.8,1193.14,39906.4,2.7511e+06
20230101T000005.600000,6,1158,495.078,0.114685,69.1034,0,0,0,70.4174,-0.0745323,-45.976,392.163,-0.0106503,393.386,1.5459e+24
20230101T000005.600000,6,1159,3512.57,2784.22,-154.461,0,0,0,12465.7,-15598,866.365,19780.5,686.719,32144.2,8.40455e+06
20230101T000005.600000,6,1160,8284.9,6422.03,346.091,0,0,0,66147.6,-85005.7,-4586.06,109919,-3554.88,175811,5.42327e+06
20230101T000005.600000,6,1161,4181.24,2741.24,28.4658,0,0,0,12068.7,-18308.9,-190.131,27992,-124.651,39995.5,2.82838e+06
20230101T000005.600000,6,1162,5029.71,4108.52,-218.116,0,0,0,27091.8,-32994.8,1753.63,40532.8,1432.45,67484.6,3.25606e+06
20230101T000005.600000,4,767,7217.19,-5359.54,179.454,-11.3834,-15.6116,1.86763,1613.56,2109.86,-68.6604,2905.31,50.7925,4464.52,0
20230101T000005.600000,4,876,5656.32,-4053.99,441.637,-19.7566,7.85541,-0.800575,954.044,1255.6,-136.678,1813.38,97.6965,2701.14,0
20230101T000005.600000,4,888,7830.23,-7721.92,109.816,14.5364,-10.4934,0.510561,1271.16,1247.81,-17.4193,1299.36,17.2218,2532.92,0
20230101T000005.600000,4,890,3733.51,-3288.23,496.91,2.00735,1.76327,-3.23003,1121.55,1167.45,-182.002,1405.74,161.193,2416.19,0
20230101T000005.600000,4,899,500.336,12.2744,69.4904,1.28586,-7.18347,-0.241305,76.2317,-45.7313,-39.6632,331.007,-6.90373,339.3,0
20230101T000005.600000,3,902,2095.81,-1370.63,138.708,0,0,0,2500,0,0,2500,0,2500,0
20230101T000005.600000,3,903,3512.57,2784.22,-154.461,0,0,0,2500,0,0,2500,0,2500,0
20230101T000005.600000,3,904,8284.9,6422.03,346.091,0,0,0,2500,0,0,2500,0,2500,0
20230101T000005.600000,3,905,4181.24,2741.24,28.4658,0,0,0,2500,0,0,2500,0,2500,0
20230101T000005.600000,3,906,5029.71,4108.52,-218.116,0,0,0,2500,0,0,2500,0,2500,0
20230101T000005.700000,6,1163,487.681,-85.2075,69.1756,0,0,0,79.961,54.5454,-45.3365,382.619,7.92118,393.374,1.74583e+24
20230101T000005.700000,6,1164,1731.1,1806.6,61.3622,0,0,0,5255.57,-4968.87,-168.873,4831.2,-176.238,10016.8,4.21571e+07
20230101T000005.700000,6,1165,2581.04,3708.57,31.9093,0,0,0,22027,-15284.4,-131.517,10703.1,-188.97,32664.5,1.42838e+06
20230101T000005.700000,6,1166,7791.56,7752.88,128.357,0,0,0,96216.8,-96606,-1599.63,97178.4,-1591.69,193305,2.33211e+08
20230101T000005.700000,6,1167,6618.98,5096.92,1820.86,0,0,0,44934.2,-51384.3,-19273.1,72094.8,-14841.1,111666,388573
20230101T000005.700000,6,1168,4271.51,4298.7,1255.03,0,0,0,30848.6,-28088.4,-8568.41,30492.3,-8622.94,58762,210120
20230101T000005.700000,6,1169,4687.08,5169.44,-41.9089,0,0,0,42787.1,-38734.1,314.031,35186.7,346.348,77907,1.18859e+06
20230101T000005.700000,6,1170,3833.69,3184.95,396.099,0,0,0,16416.4,-19381.5,-2425.74,23644,-2015.26,39746.2,771279
20230101T000005.700000,6,1171,4287.42,4874.55,100.893,0,0,0,38053,-33399,-691.455,29456.4,-786.145,67429.1,1.49651e+06
20230101T000005.700000,6,1172,3661.28,3979.57,1334.49,0,0,0,26673,-21862.7,-7807.43,23023.8,-8486.16,46790.7,354051
20230101T000005.700000,6,1173,6618.14,6076.38,390.397,0,0,0,59242.7,-64189.5,-4131.87,70220.3,-3793.64,129155,7.93695e+06
20230101T000005.700000,4,901,7247.58,5300.15,504.586,-1.78226,3.49662,-0.407837,928.6,-1179.13,-113.123,1690.35,-82.3375,2540.85,0
20230101T000005.700000,3,907,487.681,-85.2075,69.1756,0,0,0,2500,0,0,2500,0,2500,0
20230101T000005.700000,3,908,1731.1,1806.6,61.3622,0,0,0,2500,0,0,2500,0,2500,0
20230101T000005.700000,3,909,2581.05,3708.57,31.9093,0,0,0,2500,0,0,2500,0,2500,0
20230101T000005.700000,3,910,7791.56,7752.88,128.357,0,0,0,2500,0,0,2500,0,2500,0
20230101T000005.700000,3,911,6618.98,5096.92,1820.86,0,0,0,2500,0,0,2500,0,2500,0
20230101T000005.700000,3,912,4271.51,4298.7,1255.03,0,0,0,2500,0,0,2500,0,2500,0
20230101T000005.700000,3,913,4687.08,5169.44,-41.9089,0,0,0,2500,0,0,2500,0,2500,0
20230101T000005.700000,3,914,3833.69,3184.95,396.099,0,0,0,2500,0,0,2500,0,2500,0
20230101T000005.700000,3,915,4287.42,4874.55,100.893,0,0,0,2500,0,0,2500,0,2500,0
20230101T000005.700000,3,916,3661.28,3979.57,1334.49,0,0,0,2500,0,0,2500,0,2500,0
20230101T000005.800000,6,1174,465.691,-168.016,69.1632,0,0,0,107.484,102.707,-43.2845,355.1,15.6166,393.381,6.25602e+23
20230101T000005.800000,6,1175,2359.6,822.329,133.505,0,0,0,1164.3,-3075.9,-500.808,8918.34,-174.533,9990.49,9.39418e+07
20230101T000005.800000,6,1176,10240.9,4002.96,-207.734,0,0,0,25753.3,-65545.4,3402.7,167820,1330.04,193441,2.21807e+08
20230101T000005.800000,6,1177,6028.7,1529.75,-136.247,0,0,0,3832.24,-14733.6,1312.87,58158,333.134,61896.6,619743
20230101T000005.800000,6,1178,6241.42,1594.08,791.154,0,0,0,5065.09,-15663.7,-7893.17,62393.7,-2015.95,66395.2,4.77144e+06
20230101T000005.800000,6,1179,8573.88,2700.72,-300.293,0,0,0,11859.7,-36989.4,4117.44,117637,1296.97,129289,1.35784e+07
20230101T000005.800000,6,1180,2111.92,2102.57,37.487,0,0,0,7106.52,-7071.61,-126.101,7169.31,-125.542,14209.6,850918
20230101T000005.800000,6,1181,3080.1,3263.31,243.923,0,0,0,17113.7,-16002.7,-1199.71,15263.3,-1271.07,32218.1,3.68917e+06
20230101T000005.800000,6,1182,7339.47,8177.64,-279.6,0,0,0,107082,-95937.4,3282.3,86293.3,3657.14,193187,2.32899e+08
20230101T000005.800000,6,1183,5893.47,6136.77,131.991,0,0,0,60300.1,-57821.2,-1243.93,55620.6,-1295.29,115829,856024
20230101T000005.800000,6,1184,3207.37,3811.64,-426.763,0,0,0,23392.9,-19385.7,2186.56,16667.4,2598.5,39705.8,268149
20230101T000005.800000,6,1185,4001.72,5693.56,-539.192,0,0,0,52041.4,-36205.7,3449.48,25976,4907.84,77488.9,1.35495e+06
20230101T000005.800000,6,1186,3630.27,4555.84,242.464,0,0,0,33270.4,-26385.3,-1406.68,21182.8,-1765.33,54295.4,191584
20230101T000005.800000,6,1187,5181.59,4197.8,742.589,0,0,0,28765.2,-34339.5,-6150.99,43332.8,-4983.15,71153.3,241179
20230101T000005.800000,4,907,474.905,-158.354,69.1649,-1.26496,-7.24222,-0.00105974,75.878,46.0482,-38.1717,331.387,6.66935,339.74,0
20230101T000005.800000,4,910,7785.58,7758.21,123.091,-0.592117,0.528295,-0.521381,1271.55,-1214.83,-20.1128,1283.64,-20.0129,2492.12,0
20230101T000005.800000,3,917,2359.6,822.329,133.505,0,0,0,2500,0,0,2500,0,2500,0
20230101T000005.800000,3,918,10240.9,4002.96,-207.734,0,0,0,2500,0,0,2500,0,2500,0
20230101T000005.800000,3,919,6028.7,1529.75,-136.247,0,0,0,2500,0,0,2500,0,2500,0
20230101T000005.800000,3,920,6241.42,1594.08,791.154,0,0,0,2500,0,0,2500,0,2500,0
20230101T000005.800000,3,921,8573.88,2700.72,-300.293,0,0,0,2500,0,0,2500,0,2500,0
20230101T000005.800000,3,922,2111.92,2102.57,37.487,0,0,0,2500,0,0,2500,0,2500,0
20230101T000005.800000,3,923,3080.1,3263.31,243.923,0,0,0,2500,0,0,2500,0,2500,0
20230101T000005.800000,3,924,5893.47,6136.77,131.991,0,0,0,2500,0,0,2500,0,2500,0
20230101T000005.800000,3,925,3207.37,3811.64,-426.763,0,0,0,2500,0,0,2500,0,2500,0
20230101T000005.800000,3,926,4001.72,5693.56,-539.192,0,0,0,2500,0,0,2500,0,2500,0
20230101T000005.800000,3,927,3630.27,4555.84,242.464,0,0,0,2500,0,0,2500,0,2500,0
20230101T000005.800000,3,928,5181.59,4197.8,742.589,0,0,0,2500,0,0,2500,0,2500,0
20230101T000005.900000,6,1188,2036.8,-1448.33,209.943,0,0,0,3445.29,4656.6,-679.828,6682.69,483.413,9994.36,7.4681e+07
20230101T000005.900000,6,1189,2215.9,-1167.53,130.065,0,0,0,2252.16,4101.94,-458.204,7876.11,241.422,10037.5,7.70721e+07
20230101T000005.900000,6,1190,428.513,-247.559,70.565,0,0,0,151.059,139.112,-40.6365,311.488,23.4764,393.13,6.74344e+21
20230101T000005.900000,6,1191,5576.71,-3312.12,205.554,0,0,0,17649.4,29495.4,-1832.36,49793.9,1088.27,67311.8,1.22388e+07
20230101T000005.900000,6,1192,4497,-144.218,-176.196,0,0,0,146.736,1034.04,1265.26,32356.9,-40.5769,32390.2,7.38633e+06
20230101T000005.900000,6,1193,10991.9,1.6659,31.207,0,0,0,65.5621,-29.2884,-548.66,193316,-0.0831529,193316,3.04367e+08
20230101T000005.900000,6,1194,1245.27,646.674,196.628,0,0,0,767.257,-1237.48,-383.963,2507.59,-199.393,3151.45,307446
20230101T000005.900000,6,1195,2256.94,1228.43,135.829,0,0,0,2486.47,-4396.8,-487.53,8171.41,-265.357,10564.7,76684.8
20230101T000005.900000,6,1196,3386.65,577.129,-467.757,0,0,0,934.182,-3058.87,2526.17,18362.7,430.493,18885.1,1.03377e+06
20230101T000005.900000,6,1197,1796.67,850.823,-69.3949,0,0,0,1216.75,-2418.14,197.471,5177.98,93.5133,6323.18,784873
20230101T000005.900000,6,1198,1949.14,626.729,137.552,0,0,0,713.641,-1927.14,-424.897,6087.43,-136.622,6707.37,77555.3
20230101T000005.900000,6,1199,3598.82,1712.56,22.8233,0,0,0,4745.47,-9835.98,-131.088,20734.4,-62.3808,25415,4.7353e+06
20230101T000005.900000,6,1200,10103.5,5513.46,-523.121,0,0,0,49023.8,-88917.3,8454,163444,4613.34,211966,327657
20230101T000005.900000,6,1201,7079.44,2113.75,-1126.67,0,0,0,9070.9,-23368.7,12752.8,80360.9,3807.68,87339.7,2.86719e+06
20230101T000005.900000,6,1202,9582.17,4315.94,111.088,0,0,0,29873.4,-66138.4,-1702.52,146923,-766.84,176712,946111
20230101T000005.900000,6,1203,8294.7,1813.13,-656.935,0,0,0,5979.64,-23905.7,8713.72,110118,1904.72,115344,2.87853e+06
20230101T000005.900000,6,1204,5518.07,2331.66,501.705,0,0,0,9094.26,-20418.8,-4424.61,48789.2,-1869.62,57417.6,1.21573e+06
20230101T000005.900000,6,1205,4951.61,2074.24,-926.975,0,0,0,8106.45,-15921.2,7334.13,39444,3072.29,46115.3,814262
20230101T000005.900000,6,1206,10601.6,5558.17,-623.303,0,0,0,49966.8,-93998.9,10569.9,179978,5541.53,229260,168222
20230101T000005.900000,6,1207,11679.7,2880.98,-367.1,0,0,0,13543.6,-53773.2,6858.28,218280,1691.7,231544,167453
20230101T000005.900000,6,1208,2152.17,1986.61,-473.272,0,0,0,6541.79,-6631.15,1622.29,7604.52,1497.5,13727.2,2.30053e+06
20230101T000005.900000,6,1209,1886.2,2336.8,-506.489,0,0,0,8923.51,-6821.28,1521.95,5978.63,1885.54,14431.2,42687.5
20230101T000005.900000,6,1210,2263.07,2669.68,-649.251,0,0,0,11711.4,-9303.5,2343.46,8622.82,2764.52,19600,154973
20230101T000005.900000,6,1211,1378.41,1338.96,-16.3511,0,0,0,2901.66,-2920.83,35.6711,3071.31,34.6503,5908.55,65921.4
20230101T000005.900000,6,1212,1356.72,1373.24,435.514,0,0,0,3197.24,-2798.78,-935.733,3129.48,-947.13,5965.45,716819
20230101T000005.900000,6,1213,3443.35,2679.3,-755.535,0,0,0,12093.4,-14288.5,4154.03,19338.6,3232.28,30458.4,312948
20230101T000005.900000,6,1214,3134.72,3277.27,476.794,0,0,0,17388.8,-16224,-2386.79,15945.4,-2495.33,32907.9,275498
20230101T000005.900000,6,1215,8890.54,7845.33,-1384.17,0,0,0,100238,-110047,19684.2,127837,17370,224947,153495
20230101T000005.900000,6,1216,6385.06,7649.84,-864.693,0,0,0,94149.5,-77531.7,8830.25,65972.9,10579.4,158863,1.67339e+06
20230101T000005.900000,6,1217,4939.75,6273.01,-748.331,0,0,0,63328.3,-49113,5910.83,39634,7506.19,102003,3.77006e+06
20230101T000005.900000,6,1218,4096.14,6089.54,-1832.87,0,0,0,61025.1,-37392.6,12003.9,30587.5,17845.6,86181.1,236227
20230101T000005.900000,6,1219,6625.21,5195.13,-105.558,0,0,0,43233.7,-55030.4,1118.31,70260.6,876.921,113413,38889.1
20230101T000005.900000,6,1220,6374.81,5490.35,-1612.93,0,0,0,50655.6,-53911.2,16442.4,66820,14161.2,113254,60366.4
20230101T000005.900000,6,1221,5075,4818.7,33.2488,0,0,0,37186.4,-39095,-269.76,41240.1,-256.136,78360.7,7.15043e+06
20230101T000005.900000,6,1222,3225.77,4914.08,-772.786,0,0,0,38943.7,-24895.5,3983.99,17360.7,6069.14,55287.1,630318
20230101T000005.900000,6,1223,3759.21,3146.22,6.65437,0,0,0,15875.6,-18892.1,-39.9577,22637,-33.442,38448.6,40630.4
20230101T000005.900000,6,1224,3595.16,3459.19,-147.38,0,0,0,19196.9,-19848.9,846.405,20727.8,814.393,39826,2.24231e+06
20230101T000005.900000,6,1225,3675.75,4148.44,154.982,0,0,0,27580.4,-24347,-910.291,21675.2,-1027.35,49153.2,93698
20230101T000005.900000,6,1226,3617.71,4212.76,856.869,0,0,0,28921,-23773.4,-4953.56,21652.6,-5768.34,49337.8,49290.6
20230101T000005.900000,6,1227,6774.98,6439.75,1310.05,0,0,0,67828.3,-68404.2,-14194.5,74773.8,-13492.2,139795,1.10807e+06
20230101T000005.900000,6,1228,5903.05,6757.42,-537.888,0,0,0,73288.3,-63562.1,5077.77,56052.4,5812.69,128814,2.72065e+07
20230101T000005.900000,4,902,2083.7,-1387.6,153.9,-3.33242,-4.67193,4.18126,690.239,950.081,-96.2134,1521.65,62.9222,2138.03,0
20230101T000005.900000,4,913,4712.85,5172.77,-39.6035,4.95534,0.639345,0.443341,1409.07,-1220.88,9.89774,1169.51,10.9163,2515.95,0
20230101T000005.900000,4,914,3761.3,3126.26,364.83,-13.9208,-11.2872,-6.01323,1042.32,-1161.47,-144.504,1475.44,-120.051,2426.37,0
20230101T000005.900000,4,916,3689.45,4024.57,1322,5.41792,8.65546,-2.40161,1425.99,-1127.29,-379.269,1237.83,-412.24,2332.35,0
20230101T000005.900000,4,923,3125.25,3308,263.83,4.47105,4.42433,1.97092,1270.89,-1134.28,-84.8033,1139.74,-89.8477,2335.28,0
20230101T000005.900000,4,925,3226.92,3786.23,-409.51,1.93572,-2.51583,1.70821,1422.75,-1130.5,126.631,1030.54,150.488,2358.21,0
20230101T000005.900000,3,929,2215.9,-1167.53,130.065,0,0,0,2500,0,0,2500,0,2500,0
20230101T000005.900000,3,930,428.513,-247.559,70.565,0,0,0,2500,0,0,2500,0,2500,0
20230101T000005.900000,3,931,5576.71,-3312.12,205.554,0,0,0,2500,0,0,2500,0,2500,0
20230101T000005.900000,3,932,4497,-144.218,-176.196,0,0,0,2500,0,0,2500,0,2500,0
20230101T000005.900000,3,933,10991.9,1.6659,31.207,0,0,0,2500,0,0,2500,0,2500,0
20230101T000005.900000,3,934,1245.27,646.674,196.628,0,0,0,2500,0,0,2500,0,2500,0
20230101T000005.900000,3,935,2256.94,1228.43,135.829,0,0,0,2500,0,0,2500,0,2500,0
20230101T000005.900000,3,936,3386.65,577.129,-467.757,0,0,0,2500,0,0,2500,0,2500,0
20230101T000005.900000,3,937,1796.67,850.823,-69.3949,0,0,0,2500,0,0,2500,0,2500,0
20230101T000005.900000,3,938,1949.14,626.729,137.552,0,0,0,2500,0,0,2500,0,2500,0
20230101T000005.900000,3,939,3598.82,1712.56,22.8233,0,0,0,2500,0,0,2500,0,2500,0
20230101T000005.900000,3,940,10103.5,5513.46,-523.121,0,0,0,2500,0,0,2500,0,2500,0
20230101T000005.900000,3,941,7079.44,2113.75,-1126.67,0,0,0,2500,0,0,2500,0,2500,0
20230101T000005.900000,3,942,9582.17,4315.94,111.088,0,0,0,2500,0,0,2500,0,2500,0
20230101T000005.900000,3,943,8294.7,1813.13,-656.935,0,0,0,2500,0,0,2500,0,2500,0
20230101T000005.900000,3,944,5518.07,2331.66,501.705,0,0,0,2500,0,0,2500,0,2500,0
20230101T000005.900000,3,945,4951.61,2074.24,-926.975,0,0,0,2500,0,0,2500,0,2500,0
20230101T000005.900000,3,946,10601.6,5558.17,-623.303,0,0,0,2500,0,0,2500,0,2500,0
20230101T000005.900000,3,947,11679.7,2880.98,-367.1,0,0,0,2500,0,0,2500,0,2500,0
20230101T000005.900000,3,948,2152.17,1986.61,-473.272,0,0,0,2500,0,0,2500,0,2500,0
20230101T000005.900000,3,949,1886.2,2336.8,-506.489,0,0,0,2500,0,0,2500,0,2500,0
20230101T000005.900000,3,950,2263.07,2669.68,-649.251,0,0,0,2500,0,0,2500,0,2500,0
20230101T000005.900000,3,951,1378.41,1338.96,-16.3511,0,0,0,2500,0,0,2500,0,2500,0
20230101T000005.900000,3,952,1356.72,1373.24,435.514,0,0,0,2500,0,0,2500,0,2500,0
20230101T000005.900000,3,953,3443.35,2679.3,-755.535,0,0,0,2500,0,0,2500,0,2500,0
20230101T000005.900000,3,954,8890.54,7845.33,-1384.17,0,0,0,2500,0,0,2500,0,2500,0
20230101T000005.900000,3,955,6385.06,7649.84,-864.693,0,0,0,2500,0,0,2500,0,2500,0
20230101T000005.900000,3,956,4939.75,6273.01,-748.331,0,0,0,2500,0,0,2500,0,2500,0
20230101T000005.900000,3,957,4096.14,6089.54,-1832.87,0,0,0,2500,0,0,2500,0,2500,0
20230101T000005.900000,3,958,6625.21,5195.13,-105.558,0,0,0,2500,0,0,2500,0,2500,0
20230101T000005.900000,3,959,6374.81,5490.35,-1612.93,0,0,0,2500,0,0,2500,0,2500,0
20230101T000005.900000,3,960,3225.77,4914.08,-772.786,0,0,0,2500,0,0,2500,0,2500,0
20230101T000005.900000,3,961,3675.75,4148.44,154.982,0,0,0,2500,0,0,2500,0,2500,0
20230101T000005.900000,3,962,6774.98,6439.75,1310.05,0,0,0,2500,0,0,2500,0,2500,0
20230101T000005.900000,3,963,5903.05,6757.42,-537.888,0,0,0,2500,0,0,2500,0,2500,0
20230101T000006,6,1229,380.097,-316.848,70.9087,0,0,0,202.376,157.892,-36.2208,260.168,30.1936,393.074,3.07601e+23
20230101T000006,6,1230,7067.46,-5472.62,958.699,0,0,0,48878.2,61141.5,-10835.5,80493.3,8390.4,127838,1.57326e+08
20230101T000006,6,1231,9318.42,-5816.01,739.153,0,0,0,54796.5,86292.4,-11016.7,139196,6876,193055,7.00565e+08
20230101T000006,6,1232,2496.2,-177.257,24.5177,0,0,0,114.902,703.359,-97.2964,9969.92,6.90909,10019.9,6.63713e+07
20230101T000006,6,1233,7338.88,-1348.77,448.713,0,0,0,3284.01,15769,-5265.1,86187.2,967.645,89085.5,695163
20230101T000006,6,1234,6919.96,-801.786,-415.85,0,0,0,1364.53,8838.4,4600.49,76621.9,-533.038,77646.2,3.02041e+06
20230101T000006,6,1235,4903.26,-841.562,497.791,0,0,0,1579.84,6525.57,-3899.03,38480.3,669.203,39600.9,1.87818e+06
20230101T000006,6,1236,2697.33,1266.18,224.329,0,0,0,2683.27,-5409.03,-963.803,11666.9,-452.429,14206.4,622132
20230101T000006,6,1237,3177.44,997.403,405.564,0,0,0,1888.68,-4977.49,-2054.53,16183.1,-644.918,17746.5,112867
20230101T000006,6,1238,4280.39,1409.91,51.3416,0,0,0,3242.07,-9635.65,-350.927,29321.5,-115.591,32495.4,3.7647e+06
20230101T000006,6,1239,6481.15,3434.72,-706.739,0,0,0,19549.1,-35260.6,7323.38,67397.6,3881.06,86084.8,292155
20230101T000006,6,1240,5573.66,1897.92,-928.365,0,0,0,7054.99,-16485.5,8269.7,49854.8,2815.96,55469.9,50512.6
20230101T000006,6,1241,7452.45,2547.71,-1011.4,0,0,0,11907.1,-29858.5,12052.2,89040.2,4120.19,99248.7,383648
20230101T000006,6,1242,7865.02,3243.02,-3.04344,0,0,0,16882.2,-40787.6,38.2776,98983,15.7832,115801,458969
20230101T000006,6,1243,4358.8,2638.62,-152.17,0,0,0,11213.6,-18357.2,1059.61,30425.8,641.441,41538.4,68490.1
20230101T000006,6,1244,9559.1,2325.96,-390.909,0,0,0,8947.33,-35503.8,5976.31,146220,1454.18,154859,547752
20230101T000006,6,1245,2651.73,3008.38,183.801,0,0,0,14532.1,-12705.3,-777.889,11317,-882.513,25731.3,348061
20230101T000006,6,1246,6763.85,8010.66,-285.323,0,0,0,102754,-86597,3086.69,73312.9,3655.67,175873,112071
20230101T000006,6,1247,4847.96,5817.62,51.225,0,0,0,54179.5,-45092.2,-397.062,37644.6,-476.48,91756,55890.9
20230101T000006,6,1248,4613.86,5901.48,1491.93,0,0,0,57098.3,-41807.8,-11006.1,36308.9,-14077.7,89786.7,70914.2
20230101T000006,6,1249,4642.88,3823.41,-368.385,0,0,0,23556.9,-28264.7,2733.57,34603.6,2251.1,57879.8,61783.7
20230101T000006,6,1250,5057.2,6114.17,992.167,0,0,0,60478.4,-48668.4,-8023.11,41893,-9699.97,100734,70490.8
20230101T000006,6,1251,5807.51,6216.68,48.6305,0,0,0,61867,-57731.7,-451.626,53999.6,-483.445,115799,418429
20230101T000006,6,1252,3818.19,3361.43,-326.964,0,0,0,18211,-20418.9,1994.38,23428.2,1755.8,41404.7,71838.1
20230101T000006,6,1253,4099.46,5031.08,-410.026,0,0,0,40631.6,-32836.6,2686.87,27088.9,3297.48,67388,2.26629e+06
20230101T000006,4,767,7206.09,-5371.45,218.542,-15.1416,-17.9424,20.5752,2294.54,3023.59,-100.586,4116.18,75.0293,6361.54,0
20230101T000006,4,915,4287.05,4888.51,81.2227,-0.102803,3.84335,-5.41383,1504.28,-1267.55,-26.2358,1178.02,-29.8286,2618.56,0
20230101T000006,4,924,5890.29,6137.18,130.132,-0.611962,0.0781863,-0.35758,1353.12,-1238.92,-26.6471,1252.86,-27.7472,2542.34,0
20230101T000006,4,930,391.832,-310.981,70.8618,-3.63186,-6.27936,0.0293855,135.907,117.453,-34.2143,271.358,19.7662,339.532,0
20230101T000006,3,964,9318.42,-5816.01,739.153,0,0,0,2500,0,0,2500,0,2500,0
20230101T000006,3,965,2496.2,-177.257,24.5177,0,0,0,2500,0,0,2500,0,2500,0
20230101T000006,3,966,7338.88,-1348.77,448.713,0,0,0,2500,0,0,2500,0,2500,0
20230101T000006,3,967,6919.96,-801.786,-415.85,0,0,0,2500,0,0,2500,0,2500,0
20230101T000006,3,968,4903.26,-841.562,497.791,0,0,0,2500,0,0,2500,0,2500,0
20230101T000006,3,969,2697.33,1266.18,224.329,0,0,0,2500,0,0,2500,0,2500,0
20230101T000006,3,970,3177.44,997.403,405.564,0,0,0,2500,0,0,2500,0,2500,0
20230101T000006,3,971,4280.39,1409.91,51.3416,0,0,0,2500,0,0,2500,0,2500,0
20230101T000006,3,972,6481.15,3434.72,-706.739,0,0,0,2500,0,0,2500,0,2500,0
20230101T000006,3,973,5573.66,1897.92,-928.365,0,0,0,2500,0,0,2500,0,2500,0
20230101T000006,3,974,7452.45,2547.71,-1011.4,0,0,0,2500,0,0,2500,0,2500,0
20230101T000006,3,975,7865.02,3243.02,-3.04344,0,0,0,2500,0,0,2500,0,2500,0
20230101T000006,3,976,4358.8,2638.62,-152.17,0,0,0,2500,0,0,2500,0,2500,0
20230101T000006,3,977,9559.1,2325.96,-390.909,0,0,0,2500,0,0,2500,0,2500,0
20230101T000006,3,978,2651.73,3008.38,183.801,0,0,0,2500,0,0,2500,0,2500,0
20230101T000006,3,979,6763.85,8010.66,-285.323,0,0,0,2500,0,0,2500,0,2500,0
20230101T000006,3,980,4847.96,5817.62,51.225,0,0,0,2500,0,0,2500,0,2500,0
20230101T000006,3,981,4613.86,5901.48,1491.93,0,0,0,2500,0,0,2500,0,2500,0
20230101T000006,3,982,4642.88,3823.41,-368.385,0,0,0,2500,0,0,2500,0,2500,0
20230101T000006,3,983,5057.2,6114.17,992.167,0,0,0,2500,0,0,2500,0,2500,0
20230101T000006,3,984,3818.19,3361.43,-326.964,0,0,0,2500,0,0,2500,0,2500,0
20230101T000006.100000,6,1254,3143.46,-2345.95,142.01,0,0,0,8867.38,11753,-712.391,15844.6,531.655,24615.9,9.86505e+06
20230101T000006.100000,6,1255,5818.58,-4844.51,157.978,0,0,0,37612.3,45050,-1469.71,54211.8,1223.67,91720.2,5.1347e+06
20230101T000006.100000,6,1256,5003.21,-3812.01,-244.801,0,0,0,23351.3,30438.6,1957.69,40110.1,-1491.59,63301.8,2.54146e+07
20230101T000006.100000,6,1257,3582.13,-1575.1,-304.034,0,0,0,4146.77,8949.62,1738.02,20564.9,-764.228,24500.5,1.03076e+07
20230101T000006.100000,6,1258,5011.17,-2826,-1211.37,0,0,0,14605.8,21627.7,9701.37,40760.2,-5470.99,52959.6,3.42436e+06
20230101T000006.100000,6,1259,6724.74,-2976.56,-588.419,0,0,0,14692.3,31798,6326.49,72456.6,-2800.29,86531.7,2.64364e+06
20230101T000006.100000,6,1260,5558.9,-2914.83,-469.24,0,0,0,13920.2,25754.1,4169.32,49531.9,-2186.2,63036.5,2.64223e+07
20230101T000006.100000,6,1261,3460.88,274.787,-376.981,0,0,0,409.629,-1498.68,2080.65,19166.2,165.199,19285.9,2.03572e+08
20230101T000006.100000,6,1262,10355.6,568.26,-463.494,0,0,0,923.042,-9393.14,7676.72,171581,421.26,172097,2.37411e+08
20230101T000006.100000,6,1263,438.1,525.578,-147.331,0,0,0,481.286,-321.246,94.8403,363.671,113.778,751.898,3.54615e+23
20230101T000006.100000,4,936,3418.24,544.74,-459.939,6.07569,-6.2286,1.50355,164.6,-361.403,293.591,2223.76,50.0317,2249.84,0
20230101T000006.100000,3,985,3143.46,-2345.95,142.01,0,0,0,2500,0,0,2500,0,2500,0
20230101T000006.100000,3,986,5818.58,-4844.51,157.978,0,0,0,2500,0,0,2500,0,2500,0
20230101T000006.100000,3,987,5003.22,-3812.01,-244.801,0,0,0,2500,0,0,2500,0,2500,0
20230101T000006.100000,3,988,3582.13,-1575.1,-304.034,0,0,0,2500,0,0,2500,0,2500,0
20230101T000006.100000,3,989,5011.17,-2826,-1211.37,0,0,0,2500,0,0,2500,0,2500,0
20230101T000006.100000,3,990,6724.74,-2976.56,-588.419,0,0,0,2500,0,0,2500,0,2500,0
20230101T000006.100000,3,991,5558.9,-2914.83,-469.24,0,0,0,2500,0,0,2500,0,2500,0
20230101T000006.100000,3,992,10355.6,568.26,-463.494,0,0,0,2500,0,0,2500,0,2500,0
20230101T000006.100000,3,993,438.1,525.578,-147.331,0,0,0,2500,0,0,2500,0,2500,0
20230101T000006.200000,6,1264,6949.92,-9039.5,-1200.01,0,0,0,131619,99374.2,13339.9,78770.1,-17350.7,208023,4.44083e+06
20230101T000006.200000,6,1265,8173.71,-7738.37,-347.128,0,0,0,95947.1,101074,4538.28,107017,-4296.57,202707,8.7489e+06
20230101T000006.200000,6,1266,6280.06,-7726.24,268.53,0,0,0,95583,77546.2,-2697.13,63210.7,3318.22,158614,3.52226e+06
20230101T000006.200000,6,1267,5614.2,-6216.55,1191.81,0,0,0,62881.9,54679.9,-10699.7,51717.1,11847.7,112265,1.18762e+06
20230101T000006.200000,6,1268,5666.78,-7608.73,-874.265,0,0,0,93087.5,68370.9,7923.33,52207.2,-10638.6,144009,392313
20230101T000006.200000,6,1269,3650.94,-4855.13,0.853241,0,0,0,37738.8,28330.5,-4.97881,21367.9,6.62097,59042.7,244805
20230101T000006.200000,6,1270,5272.47,-7126.01,-449.47,0,0,0,81385,59929.6,3789.78,44728.4,-5122.08,125726,219776
20230101T000006.200000,6,1271,3481.39,-3823.44,768.866,0,0,0,23847,20795.4,-4276.49,19943.5,4696.66,42783.4,355300
20230101T000006.200000,6,1272,6983.06,-6172.2,-279.965,0,0,0,61060,68867.4,3126.58,78104,-2763.53,138975,2.37583e+06
20230101T000006.200000,6,1273,3407.54,-3359.31,131.788,0,0,0,18102.4,18269.3,-717.262,18623.4,707.108,36634.1,6.46913e+06
20230101T000006.200000,6,1274,3628.81,-5062.56,-899.248,0,0,0,41467.6,28751.4,5215.85,21965.4,-7276.63,62077.7,5.67064e+06
20230101T000006.200000,6,1275,4632.64,-4591.32,3.27613,0,0,0,33760.6,33999.9,-24.2606,34369.9,24.0442,68066.5,1.47479e+06
20230101T000006.200000,6,1276,3759.82,-5569.34,-415.544,0,0,0,49734.5,33345.8,2497.59,22851.6,-3699.62,72246.3,2.04119e+06
20230101T000006.200000,6,1277,3342.64,-1014.41,-124.303,0,0,0,1727.6,5400.64,662.623,17884.6,-201.09,19523.7,3.65531e+07
20230101T000006.200000,6,1278,2680.89,-1384.42,-520.212,0,0,0,3457.5,5736.51,2221.89,11603.7,-1147.39,14567.9,642326
20230101T000006.200000,6,1279,1563.58,-831.997,-119.294,0,0,0,1174.95,2045.57,294.654,3930.75,-156.788,5019.5,7.74342e+06
20230101T000006.200000,6,1280,3588.47,-1501.82,628.038,0,0,0,4198.83,8375.8,-3596.63,20706.8,1505.23,24213.8,5.70406e+06
20230101T000006.200000,6,1281,3572.53,-2132.57,267.398,0,0,0,7407.9,12111.5,-1524.94,20467.6,910.291,27697.6,315512
20230101T000006.200000,6,1282,4197.91,-1073.59,451.374,0,0,0,2209.56,7117.5,-3025.33,28219.8,773.713,30040.7,3.1055e+06
20230101T000006.200000,6,1283,5488.33,-2004.13,-506.944,0,0,0,6845.31,17446,4446.46,48250.7,-1623.68,54621.8,3.69949e+06
20230101T000006.200000,6,1284,7466.03,-2816.78,-830.269,0,0,0,13715.7,33263.1,9911.94,89331.9,-3739.57,101882,5.32307e+06
20230101T000006.200000,6,1285,8116.38,-1414.4,-150.331,0,0,0,3298.02,18350.7,1951.09,105404,-340.005,108602,2.2371e+06
20230101T000006.200000,6,1286,6812.49,-3342.65,-95.2382,0,0,0,17940.6,36403.8,1037.37,74271.4,-509.003,92133.4,7.23596e+06
20230101T000006.200000,6,1287,7553.85,-3890.03,-1658.97,0,0,0,27740.9,45198.1,20039.9,92233.1,-10320,115511,629762
20230101T000006.200000,6,1288,8579.76,-2465.56,1740.29,0,0,0,14259.5,32543.6,-23878.5,118154,6861.95,127508,1.69477e+06
20230101T000006.200000,6,1289,6028.09,-3268.64,-994.234,0,0,0,18365.1,30836.8,9581.33,58514.1,-5195.34,75236.2,443582
20230101T000006.200000,6,1290,6988.13,-1490.26,296.217,0,0,0,3748.77,16620.9,-3309.42,78143.3,705.75,81687.9,1.46667e+06
20230101T000006.200000,6,1291,4807.74,-1066.5,763.954,0,0,0,2769.44,7993.28,-5867.16,37029.7,1301.51,38804.3,168341
20230101T000006.200000,6,1292,6156.08,-1340.54,30.5114,0,0,0,2937.78,13190.3,-300.226,60638.6,65.3765,63510.9,5.41719e+06
20230101T000006.200000,6,1293,5234.37,-1475.82,27.0862,0,0,0,3545.26,12343,-226.54,43842.5,63.8727,47322.6,1.98564e+06
20230101T000006.200000,6,1294,10193.3,1856.51,-655.296,0,0,0,6241.31,-30146,10683.4,166269,1945.78,171760,3.32412e+08
20230101T000006.200000,6,1295,525.974,437.99,-146.205,0,0,0,363.277,-321.678,112.993,481.706,94.0918,752.367,3.09567e+22
20230101T000006.200000,4,968,4883.54,-853.205,512.66,-3.79129,-2.23902,2.85934,153.396,392.425,-232.27,2372.46,39.8652,2417.72,0
20230101T000006.200000,4,993,511.801,464.375,-146.472,7.29718,-6.05972,0.0850852,376.176,-241.748,70.5853,287.667,84.6796,574.389,0
20230101T000006.200000,3,994,6949.92,-9039.5,-1200.01,0,0,0,2500,0,0,2500,0,2500,0
20230101T000006.200000,3,995,8173.71,-7738.37,-347.128,0,0,0,2500,0,0,2500,0,2500,0
20230101T000006.200000,3,996,6280.06,-7726.24,268.53,0,0,0,2500,0,0,2500,0,2500,0
20230101T000006.200000,3,997,5614.2,-6216.55,1191.81,0,0,0,2500,0,0,2500,0,2500,0
20230101T000006.200000,3,998,5666.78,-7608.73,-874.265,0,0,0,2500,0,0,2500,0,2500,0
20230101T000006.200000,3,999,3650.94,-4855.13,0.853241,0,0,0,2500,0,0,2500,0,2500,0
20230101T000006.200000,3,1000,5272.47,-7126.01,-449.47,0,0,0,2500,0,0,2500,0,2500,0
20230101T000006.200000,3,1001,3481.39,-3823.44,768.866,0,0,0,2500,0,0,2500,0,2500,0
20230101T000006.200000,3,1002,6983.06,-6172.2,-279.965,0,0,0,2500,0,0,2500,0,2500,0
20230101T000006.200000,3,1003,3407.54,-3359.31,131.788,0,0,0,2500,0,0,2500,0,2500,0
20230101T000006.200000,3,1004,3628.81,-5062.56,-899.248,0,0,0,2500,0,0,2500,0,2500,0
20230101T000006.200000,3,1005,4632.64,-4591.32,3.27613,0,0,0,2500,0,0,2500,0,2500,0
20230101T000006.200000,3,1006,3759.82,-5569.34,-415.544,0,0,0,2500,0,0,2500,0,2500,0
20230101T000006.200000,3,1007,3342.64,-1014.41,-124.303,0,0,0,2500,0,0,2500,0,2500,0
20230101T000006.200000,3,1008,2680.89,-1384.42,-520.212,0,0,0,2500,0,0,2500,0,2500,0
20230101T000006.200000,3,1009,1563.58,-831.997,-119.294,0,0,0,2500,0,0,2500,0,2500,0
20230101T000006.200000,3,1010,3588.47,-1501.82,628.038,0,0,0,2500,0,0,2500,0,2500,0
20230101T000006.200000,3,1011,3572.53,-2132.57,267.398,0,0,0,2500,0,0,2500,0,2500,0
20230101T000006.200000,3,1012,4197.91,-1073.59,451.374,0,0,0,2500,0,0,2500,0,2500,0
20230101T000006.200000,3,1013,5488.33,-2004.13,-506.944,0,0,0,2500,0,0,2500,0,2500,0
20230101T000006.200000,3,1014,7466.03,-2816.78,-830.269,0,0,0,2500,0,0,2500,0,2500,0
20230101T000006.200000,3,1015,8116.38,-1414.4,-150.331,0,0,0,2500,0,0,2500,0,2500,0
20230101T000006.200000,3,1016,6812.49,-3342.65,-95.2382,0,0,0,2500,0,0,2500,0,2500,0
20230101T000006.200000,3,1017,7553.85,-3890.03,-1658.97,0,0,0,2500,0,0,2500,0,2500,0
20230101T000006.200000,3,1018,8579.76,-2465.56,1740.29,0,0,0,2500,0,0,2500,0,2500,0
20230101T000006.200000,3,1019,6028.09,-3268.64,-994.234,0,0,0,2500,0,0,2500,0,2500,0
20230101T000006.200000,3,1020,6988.13,-1490.26,296.217,0,0,0,2500,0,0,2500,0,2500,0
20230101T000006.200000,3,1021,6156.08,-1340.54,30.5114,0,0,0,2500,0,0,2500,0,2500,0
20230101T000006.200000,3,1022,5234.37,-1475.82,27.0862,0,0,0,2500,0,0,2500,0,2500,0
20230101T000006.200000,3,1023,10193.3,1856.51,-655.296,0,0,0,2500,0,0,2500,0,2500,0
20230101T000006.300000,6,1296,3153.7,-2936.71,-581.47,0,0,0,14122.2,14517.3,2927.85,16193.8,-2726.4,29713.3,1.52012e+06
20230101T000006.300000,6,1297,2474.96,-3834.19,-341.501,0,0,0,23595.3,15069.1,1349.74,9977.32,-2091.01,33322.7,1.31183e+06
20230101T000006.300000,6,1298,6287.85,-5543.79,-1019.94,0,0,0,50145.8,54916.7,10255.4,64014.7,-9041.82,112434,2.90186e+06
20230101T000006.300000,6,1299,4489.2,-5331.84,-340.298,0,0,0,45588.9,38174.3,2442.26,32390.4,-2900.68,77730.4,2.16943e+06
20230101T000006.300000,6,1300,4925.1,-5769.36,-741.832,0,0,0,53654.8,44997.4,5841.73,39356.6,-6843.12,92068.1,628233
20230101T000006.300000,6,1301,3827.59,-3809.86,-650.313,0,0,0,23595.6,22962.3,3977.23,23808.9,-3958.8,46665.7,1.22206e+06
20230101T000006.300000,6,1302,6082.51,-6966.92,1115.87,0,0,0,78549.8,66783.9,-10854.7,60361.5,12433,136857,1.70797e+06
20230101T000006.300000,6,1303,3266.8,-1238.1,-67.4588,0,0,0,2514.94,6447.79,351.443,17084.1,-133.196,19527.8,9.62016e+07
20230101T000006.300000,6,1304,3577.58,-1635.2,-245.377,0,0,0,4410.61,9299.54,1400.95,20506.2,-640.329,24756.9,1.21652e+06
20230101T000006.300000,6,1305,9976.6,-2864.88,-429.229,0,0,0,13463.4,45635.6,6849.06,159279,-1966.77,172384,2.90611e+08
20230101T000006.300000,6,1306,5888.99,-2224.49,71.7041,0,0,0,7980.6,20936.2,-674.942,55497.3,254.951,63405.7,9.5778e+06
20230101T000006.300000,6,1307,4875.17,-2637.84,-1059.6,0,0,0,12570.5,19798.1,8254.79,38448.4,-4466.47,49163,2.7221e+06
20230101T000006.300000,6,1308,4186.24,-2188.73,-875.684,0,0,0,8676.97,14130.9,5855.15,28316,-3061.3,35706.3,1.40362e+06
20230101T000006.300000,6,1309,7189.34,-2802.1,-1253.54,0,0,0,14799.6,31360.6,14410,83038.4,-5616.39,95263.1,891285
20230101T000006.300000,6,1310,7367.01,-4595.38,-1761.18,0,0,0,37405,51910.6,20748.8,88243.9,-12942.7,120627,895958
20230101T000006.300000,6,1311,8020.99,-4252.59,-677.901,0,0,0,29558.9,54245.4,8695.71,103113,-4610.32,131874,1.98812e+06
20230101T000006.300000,6,1312,592.278,342.274,-147.982,0,0,0,259.541,-282.689,128.783,585.347,74.4227,751.573,5.90953e+22
20230101T000006.300000,4,988,3594.85,-1586.63,-299.575,2.44781,-2.21603,0.85758,444.692,838.031,161.857,1982.06,-71.1706,2338.17,0
20230101T000006.300000,4,1007,3333.9,-1040.03,-117.764,-0.865256,-2.5366,0.647462,248.221,603.193,73.9248,2052.78,-22.4344,2233.41,0
20230101T000006.300000,3,1024,3153.7,-2936.71,-581.47,0,0,0,2500,0,0,2500,0,2500,0
20230101T000006.300000,3,1025,2474.96,-3834.19,-341.501,0,0,0,2500,0,0,2500,0,2500,0
20230101T000006.300000,3,1026,6287.85,-5543.79,-1019.94,0,0,0,2500,0,0,2500,0,2500,0
20230101T000006.300000,3,1027,4489.2,-5331.84,-340.298,0,0,0,2500,0,0,2500,0,2500,0
20230101T000006.300000,3,1028,4925.1,-5769.36,-741.832,0,0,0,2500,0,0,2500,0,2500,0
20230101T000006.300000,3,1029,3827.59,-3809.86,-650.313,0,0,0,2500,0,0,2500,0,2500,0
20230101T000006.300000,3,1030,6082.51,-6966.92,1115.87,0,0,0,2500,0,0,2500,0,2500,0
20230101T000006.300000,3,1031,9976.6,-2864.88,-429.229,0,0,0,2500,0,0,2500,0,2500,0
20230101T000006.300000,3,1032,5888.99,-2224.49,71.7041,0,0,0,2500,0,0,2500,0,2500,0
20230101T000006.300000,3,1033,4875.17,-2637.84,-1059.6,0,0,0,2500,0,0,2500,0,2500,0
20230101T000006.300000,3,1034,4186.24,-2188.73,-875.684,0,0,0,2500,0,0,2500,0,2500,0
20230101T000006.300000,3,1035,7189.34,-2802.1,-1253.54,0,0,0,2500,0,0,2500,0,2500,0
20230101T000006.300000,3,1036,7367.01,-4595.38,-1761.18,0,0,0,2500,0,0,2500,0,2500,0
20230101T000006.300000,3,1037,8020.99,-4252.59,-677.901,0,0,0,2500,0,0,2500,0,2500,0
20230101T000006.300000,3,1038,592.278,342.274,-147.982,0,0,0,2500,0,0,2500,0,2500,0
20230101T000006.400000,6,1313,2319.9,-2608.71,-79.002,0,0,0,10921.2,9646.4,292.281,8652.42,-328.668,19499.7,3.87122e+07
20230101T000006.400000,6,1314,2825.53,-3266.44,-214.567,0,0,0,17130.3,14699,967.949,12852.4,-1118.99,29845.3,1.94701e+06
20230101T000006.400000,6,1315,4786.3,-6441.21,-1873.87,0,0,0,68402.9,46608.6,14341.8,40312.7,-19300.6,103040,941115
20230101T000006.400000,6,1316,6886.59,-5252.18,-582.601,0,0,0,44520.3,57578.8,6416,76103.2,-4893.28,120017,487633
20230101T000006.400000,6,1317,6348.3,-7354.85,673.657,0,0,0,86887.2,74314.6,-6839.65,64934.2,7924.09,151032,612858
20230101T000006.400000,6,1318,4518.59,-3688.22,-904.763,0,0,0,22588.3,25992.7,6533.7,33217,-5333.01,54434.5,2.41427e+06
20230101T000006.400000,6,1319,4985.4,-3284.15,-1287.85,0,0,0,19150.3,24949.3,10261.7,40588.3,-6759.93,57026.7,388160
20230101T000006.400000,6,1320,3423.46,-3336.3,53.4566,0,0,0,17844.6,18240.4,-292.298,18785.6,284.856,36561.6,2.26065e+06
20230101T000006.400000,6,1321,4363.93,-2829.6,-330.732,0,0,0,12978.7,19648.1,2305.86,30540.9,-1495.14,43281.1,506142
20230101T000006.400000,6,1322,5861.28,-6683.01,230.352,0,0,0,71525,62599.8,-2159.16,55051.5,2461.87,126428,782472
20230101T000006.400000,6,1323,3291.83,-4281.84,578.074,0,0,0,29556.8,22263.2,-3040.54,17713.6,3954.99,46673.2,1.71505e+06
20230101T000006.400000,6,1324,4114.76,-4661.81,970.85,0,0,0,35459.7,29912.3,-6385.25,27972.8,7234.15,61863.4,9.40986e+06
20230101T000006.400000,6,1325,3558.29,-4390.32,-12.0455,0,0,0,30865.4,24963.8,68.4921,20297,-84.5076,51098.2,896383
20230101T000006.400000,6,1326,10110.7,-2180.09,-899.048,0,0,0,8900.97,34988.1,14538.6,163623,-3134.85,171167,5.66927e+08
20230101T000006.400000,6,1327,7464.43,-1288.1,-300.236,0,0,0,2856.83,15349,3583.25,89154.5,-618.343,91803.3,4.73232e+07
20230101T000006.400000,6,1328,643.846,232.254,-146.142,0,0,0,170.706,-208.812,138.255,674.243,49.8727,752.358,6.82445e+22
20230101T000006.400000,4,1000,5294.3,-7130.47,-436.557,4.19943,-0.856828,2.48319,1670.51,1185.06,74.7512,945.65,-101.03,2541.08,0
20230101T000006.400000,4,1003,3404.58,-3353.82,126.438,-0.569094,1.05482,-1.0288,1229.13,1181.6,-46.3574,1262.82,45.7012,2426.03,0
20230101T000006.400000,4,1031,9972.95,-2853.34,-435.752,-0.361098,1.14197,-0.645827,251.064,642.515,96.2671,2304.04,-27.644,2484.47,0
20230101T000006.400000,4,1038,639.477,261.198,-146.578,4.67315,-8.02732,0.138934,209.317,-212.758,95.8482,454.527,55.3901,574.153,0
20230101T000006.400000,3,1039,2319.9,-2608.71,-79.002,0,0,0,2500,0,0,2500,0,2500,0
20230101T000006.400000,3,1040,2825.53,-3266.44,-214.567,0,0,0,2500,0,0,2500,0,2500,0
20230101T000006.400000,3,1041,4786.3,-6441.21,-1873.87,0,0,0,2500,0,0,2500,0,2500,0
20230101T000006.400000,3,1042,6886.59,-5252.18,-582.601,0,0,0,2500,0,0,2500,0,2500,0
20230101T000006.400000,3,1043,6348.3,-7354.85,673.657,0,0,0,2500,0,0,2500,0,2500,0
20230101T000006.400000,3,1044,4518.59,-3688.22,-904.763,0,0,0,2500,0,0,2500,0,2500,0
20230101T000006.400000,3,1045,4985.4,-3284.15,-1287.85,0,0,0,2500,0,0,2500,0,2500,0
20230101T000006.400000,3,1046,4363.93,-2829.6,-330.732,0,0,0,2500,0,0,2500,0,2500,0
20230101T000006.400000,3,1047,3291.83,-4281.84,578.074,0,0,0,2500,0,0,2500,0,2500,0
20230101T000006.400000,3,1048,4114.76,-4661.81,970.85,0,0,0,2500,0,0,2500,0,2500,0
20230101T000006.400000,3,1049,3558.29,-4390.32,-12.0455,0,0,0,2500,0,0,2500,0,2500,0
20230101T000006.400000,3,1050,7464.43,-1288.1,-300.236,0,0,0,2500,0,0,2500,0,2500,0
20230101T000006.500000,6,1329,1755.03,-1307.34,-211.265,0,0,0,2821.31,3606.46,588.333,4976.31,-438.255,7663.38,2.32685e+06
20230101T000006.500000,6,1330,1903.81,-1849.71,-296.277,0,0,0,5579.07,5532.62,897.429,5898.09,-871.928,11274.3,811315
20230101T000006.500000,6,1331,2007.78,-2025.94,189.207,0,0,0,6627.07,6447.73,-604.84,6510.9,610.313,13017.3,2.35183e+06
20230101T000006.500000,6,1332,2507.73,-2425.24,-233.887,0,0,0,9489,9655.37,935.372,10135,-904.603,19473.1,7.82127e+07
20230101T000006.500000,6,1333,7331.29,-9015.64,1305.62,0,0,0,131162,104388,-15310.5,87676.3,18828,216048,2.44495e+06
20230101T000006.500000,6,1334,3106.78,-2730.58,-209.461,0,0,0,12005.4,13506.8,1038.77,15501.7,-912.989,27373.2,4.6856e+06
20230101T000006.500000,6,1335,3662.57,-2716.55,-15.9361,0,0,0,11848.9,15888.5,93.2079,21486,-69.1327,33270.5,306567
20230101T000006.500000,6,1336,8611.39,-6537.49,630.817,0,0,0,68826.5,89737.8,-8688.58,118906,6596.1,187032,406049
20230101T000006.500000,6,1337,5006.82,-6177.03,1164.95,0,0,0,61934.8,48390.8,-9326.52,41457.4,11506.3,101160,865874
20230101T000006.500000,6,1338,5929.78,-5481.85,1518.71,0,0,0,50104.3,50139.5,-14400.5,57988.7,13312.7,104343,809969
20230101T000006.500000,6,1339,5638.96,-6559.06,378.652,0,0,0,68958.8,59033.1,-3414.5,51045.2,3971.65,119711,1.61014e+06
20230101T000006.500000,6,1340,6285.37,-4489.99,-1141.27,0,0,0,33677.3,44138.7,11469.8,63934.8,-8193.47,95466.8,1.28223e+06
20230101T000006.500000,6,1341,6551.34,-6942.06,344.731,0,0,0,77227.3,72640.9,-3611.94,68806.5,3827.36,145780,793799
20230101T000006.500000,6,1342,5848.29,-7744.81,990.682,0,0,0,96564.5,71684.6,-9266.18,55764.5,12271.1,150696,247466
20230101T000006.500000,6,1343,5220.19,-4553.19,134.547,0,0,0,33223.3,37983.6,-1122.84,43640.8,979.371,76771.1,350785
20230101T000006.500000,6,1344,3941.45,-4069.92,1508.31,0,0,0,28293.3,23817.3,-9500.84,26765.3,9810.5,51363,133730
20230101T000006.500000,6,1345,6984.32,-5652.83,-1414.01,0,0,0,53097.8,61574.9,15793.8,79340,-12782.8,129178,5.46434e+06
20230101T000006.500000,6,1346,3367.02,-4506.46,-541.831,0,0,0,32684.1,24021.7,2915.32,18481.1,-3901.89,50632.6,1.79662e+06
20230101T000006.500000,6,1347,2750.12,-3817.5,845.678,0,0,0,23729.4,16225.7,-3714.64,12895.2,5156.36,35420.4,2.21196e+06
20230101T000006.500000,6,1348,3216.52,-3766.77,548.499,0,0,0,22931.3,19116.5,-2818.26,16868.5,3300.39,39256,202327
20230101T000006.500000,6,1349,7301.89,-1401.96,-1521.16,0,0,0,6774.66,15682.2,17759.4,85442,-3409.78,88455.6,2.37253e+07
20230101T000006.500000,6,1350,10152.6,1217.11,-1751.06,0,0,0,7267.87,-19183.8,28433.9,164992,3408.7,167294,7.31316e+08
20230101T000006.500000,6,1351,674.114,118.283,-146.321,0,0,0,114.992,-111.328,144.931,729.939,25.4302,752.27,7.99885e+21
20230101T000006.500000,6,1352,674.833,111.292,-148.476,0,0,0,113.657,-104.69,147.223,731.191,24.2797,751.337,7.4172e+21
20230101T000006.500000,6,1353,5299.69,3390.85,-372.986,0,0,0,18599.8,-28622.8,3159.55,45022,2021.55,63335.6,1.44941e+07
20230101T000006.500000,4,1039,2345.08,-2591.69,-96.8306,2.49238,1.68466,-1.7652,1276.37,1078.56,32.6652,1022.69,-36.7317,2234.54,0
20230101T000006.500000,4,1043,6350.53,-7373.39,679.924,0.219902,-1.83566,0.620468,1454.78,1191.81,-109.171,1102.71,126.48,2472.09,0
20230101T000006.500000,4,1049,3550.22,-4397.03,-37.0305,-0.798882,-0.663939,-2.47378,1476.94,1146.44,3.14541,991.597,-3.8809,2406.09,0
20230101T000006.500000,3,1051,1755.03,-1307.34,-211.265,0,0,0,2500,0,0,2500,0,2500,0
20230101T000006.500000,3,1052,1903.81,-1849.71,-296.277,0,0,0,2500,0,0,2500,0,2500,0
20230101T000006.500000,3,1053,2007.78,-2025.94,189.207,0,0,0,2500,0,0,2500,0,2500,0
20230101T000006.500000,3,1054,7331.29,-9015.64,1305.62,0,0,0,2500,0,0,2500,0,2500,0
20230101T000006.500000,3,1055,3106.78,-2730.58,-209.461,0,0,0,2500,0,0,2500,0,2500,0
20230101T000006.500000,3,1056,3662.57,-2716.55,-15.9361,0,0,0,2500,0,0,2500,0,2500,0
20230101T000006.500000,3,1057,8611.39,-6537.5,630.817,0,0,0,2500,0,0,2500,0,2500,0
20230101T000006.500000,3,1058,5006.82,-6177.03,1164.95,0,0,0,2500,0,0,2500,0,2500,0
20230101T000006.500000,3,1059,5929.78,-5481.85,1518.71,0,0,0,2500,0,0,2500,0,2500,0
20230101T000006.500000,3,1060,5638.96,-6559.06,378.652,0,0,0,2500,0,0,2500,0,2500,0
20230101T000006.500000,3,1061,6285.37,-4489.99,-1141.27,0,0,0,2500,0,0,2500,0,2500,0
20230101T000006.500000,3,1062,6551.34,-6942.06,344.731,0,0,0,2500,0,0,2500,0,2500,0
20230101T000006.500000,3,1063,5220.19,-4553.19,134.547,0,0,0,2500,0,0,2500,0,2500,0
20230101T000006.500000,3,1064,3941.45,-4069.92,1508.31,0,0,0,2500,0,0,2500,0,2500,0
20230101T000006.500000,3,1065,6984.32,-5652.83,-1414.01,0,0,0,2500,0,0,2500,0,2500,0
20230101T000006.500000,3,1066,2750.12,-3817.5,845.678,0,0,0,2500,0,0,2500,0,2500,0
20230101T000006.500000,3,1067,3216.52,-3766.77,548.499,0,0,0,2500,0,0,2500,0,2500,0
20230101T000006.500000,3,1068,7301.89,-1401.96,-1521.16,0,0,0,2500,0,0,2500,0,2500,0
20230101T000006.500000,3,1069,10152.6,1217.11,-1751.06,0,0,0,2500,0,0,2500,0,2500,0
20230101T000006.500000,3,1070,674.114,118.283,-146.321,0,0,0,2500,0,0,2500,0,2500,0
20230101T000006.500000,3,1071,674.833,111.292,-148.476,0,0,0,2500,0,0,2500,0,2500,0
20230101T000006.500000,3,1072,5299.69,3390.85,-372.986,0,0,0,2500,0,0,2500,0,2500,0
20230101T000006.600000,6,1354,8134.33,-6395.69,-820.806,0,0,0,66153.1,82684.8,10678.8,106304,-8396.27,171316,2.59665e+08
20230101T000006.600000,6,1355,684.437,1.36802,-146.205,0,0,0,95.4112,-1.30742,147.035,749.527,0.293885,752.323,7.47893e+22
20230101T000006.600000,6,1356,2593.04,2326.54,-256.466,0,0,0,8754.06,-9568.56,1060.56,10833.5,951.559,19419,1.14483e+08
20230101T000006.600000,6,1357,5986.99,4439.27,-1341.26,0,0,0,33428.6,-41117.8,12839.2,58393.5,9520.12,88883.8,6.94256e+06
20230101T000006.600000,6,1358,4600,4285.52,-316.843,0,0,0,29505.2,-31429.5,2329.61,33960.3,2170.34,63241.3,2.33688e+07
20230101T000006.600000,4,1071,689.065,27.3139,-146.744,1.40912,-8.31469,0.171493,99.5213,-78.7986,109.573,564.331,18.0706,573.981,0
20230101T000006.600000,3,1073,8134.33,-6395.69,-820.806,0,0,0,2500,0,0,2500,0,2500,0
20230101T000006.600000,3,1074,2593.04,2326.54,-256.466,0,0,0,2500,0,0,2500,0,2500,0
20230101T000006.600000,3,1075,5986.99,4439.27,-1341.26,0,0,0,2500,0,0,2500,0,2500,0
20230101T000006.600000,3,1076,4600,4285.52,-316.843,0,0,0,2500,0,0,2500,0,2500,0
20230101T000006.700000,6,1359,673.557,-122.445,-145.468,0,0,0,116.039,115.224,143.968,728.928,-26.1717,752.639,9.96331e+21
20230101T000006.700000,6,1360,10225.4,-874.735,-1516.18,0,0,0,4937.8,13993.6,24796.5,167322,-2121.22,168521,7.98294e+08
20230101T000006.700000,6,1361,673.251,-122.292,-147.005,0,0,0,116.624,114.896,145.423,728.286,-26.4153,751.98,1.02602e+22
20230101T000006.700000,6,1362,1258.52,1813.69,-180.005,0,0,0,5300.68,-3598.05,359.509,2612.11,518.098,7797.79,3.22052e+06
20230101T000006.700000,6,1363,7396.85,9034.12,636.858,0,0,0,130870,-106569,-7534.98,87968,-9202.82,218126,3.18748e+06
20230101T000006.700000,6,1364,7555.8,9126.51,-979.56,0,0,0,133919,-109548,11838.8,92292.9,14299.9,224614,4.306e+06
20230101T000006.700000,6,1365,7849.31,7431.34,-2333.87,0,0,0,92987.7,-88947.9,29301.3,102727,27741,186941,911252
20230101T000006.700000,6,1366,2314.85,2611.39,220.667,0,0,0,10973.3,-9601.62,-814.622,8652.95,-918.977,19484.8,3.78087e+07
20230101T000006.700000,6,1367,5140.44,6587.59,1274.03,0,0,0,70440.6,-52891,-10472.6,43931.6,-13420.9,111714,189245
20230101T000006.700000,6,1368,5469.04,5989.67,-1259.76,0,0,0,58584.6,-51116.9,11017,49275.5,12065.7,105260,114248
20230101T000006.700000,6,1369,5212.2,5488.64,-552.594,0,0,0,48462.2,-45496.9,4605.16,43757.5,4849.41,91667.8,1.68672e+07
20230101T000006.700000,6,1370,3299.09,4316.47,-59.2098,0,0,0,29836.7,-22751.1,312.118,17458.4,408.37,47225.5,1.278e+06
20230101T000006.700000,6,1371,4872.24,3596.18,678.129,0,0,0,21209.2,-27652.5,-5280.71,38263.7,-3897.67,58674.7,4.58644e+06
20230101T000006.700000,6,1372,5641.67,7734.52,-1750.98,0,0,0,97441.7,-67452,15798.8,54167.9,21659.6,146644,1.98633e+06
20230101T000006.700000,6,1373,6079.51,6472.17,50.8387,0,0,0,67054.3,-62922.2,-494.268,59172.9,-526.191,126159,4.33517e+06
20230101T000006.700000,6,1374,2913.72,3715.88,-1005.55,0,0,0,22731.7,-16508,4679.8,14623.4,5968.16,35678.8,1.03759e+06
20230101T000006.700000,6,1375,3475.04,3875.51,-487.21,0,0,0,24228.9,-21327.8,2704.95,19567.1,3016.68,43353.3,2.20994e+06
20230101T000006.700000,6,1376,5063.17,4379.93,648.992,0,0,0,31115.7,-35117.3,-5252.88,41332.6,-4544.04,71711.6,210385
20230101T000006.700000,3,1077,673.557,-122.445,-145.468,0,0,0,2500,0,0,2500,0,2500,0
20230101T000006.700000,3,1078,10225.4,-874.735,-1516.18,0,0,0,2500,0,0,2500,0,2500,0
20230101T000006.700000,3,1079,673.251,-122.292,-147.005,0,0,0,2500,0,0,2500,0,2500,0
20230101T000006.700000,3,1080,1258.52,1813.69,-180.005,0,0,0,2500,0,0,2500,0,2500,0
20230101T000006.700000,3,1081,7396.85,9034.12,636.858,0,0,0,2500,0,0,2500,0,2500,0
20230101T000006.700000,3,1082,7555.8,9126.51,-979.56,0,0,0,2500,0,0,2500,0,2500,0
20230101T000006.700000,3,1083,7849.31,7431.34,-2333.87,0,0,0,2500,0,0,2500,0,2500,0
20230101T000006.700000,3,1084,2314.85,2611.39,220.667,0,0,0,2500,0,0,2500,0,2500,0
20230101T000006.700000,3,1085,5140.44,6587.59,1274.03,0,0,0,2500,0,0,2500,0,2500,0
20230101T000006.700000,3,1086,5469.04,5989.67,-1259.76,0,0,0,2500,0,0,2500,0,2500,0
20230101T000006.700000,3,1087,5212.2,5488.64,-552.594,0,0,0,2500,0,0,2500,0,2500,0
20230101T000006.700000,3,1088,3299.09,4316.47,-59.2098,0,0,0,2500,0,0,2500,0,2500,0
20230101T000006.700000,3,1089,4872.24,3596.18,678.129,0,0,0,2500,0,0,2500,0,2500,0
20230101T000006.700000,3,1090,5641.67,7734.52,-1750.98,0,0,0,2500,0,0,2500,0,2500,0
20230101T000006.700000,3,1091,6079.51,6472.17,50.8387,0,0,0,2500,0,0,2500,0,2500,0
20230101T000006.700000,3,1092,2913.72,3715.88,-1005.55,0,0,0,2500,0,0,2500,0,2500,0
20230101T000006.700000,3,1093,3475.04,3875.51,-487.21,0,0,0,2500,0,0,2500,0,2500,0
20230101T000006.700000,3,1094,5063.17,4379.93,648.992,0,0,0,2500,0,0,2500,0,2500,0
20230101T000006.800000,6,1377,643.336,-233.921,-145.729,0,0,0,171.638,210.209,137.755,673.328,-50.0887,752.536,3.84229e+22
20230101T000006.800000,6,1378,3316.97,1075.35,-187.456,0,0,0,1958.81,-5671.81,991.594,17615.1,321.47,19454,1.42498e+08
20230101T000006.800000,6,1379,9965.59,2806.51,-775.429,0,0,0,13552.7,-44482,12359.6,158976,3480.71,171504,2.87651e+08
20230101T000006.800000,6,1380,5933.49,2033.36,-507.977,0,0,0,7041.66,-19157.7,4817.65,56380.1,1650.97,62945.7,1.95321e+07
20230101T000006.800000,6,1381,2522.2,3258.01,35.0457,0,0,0,17008.1,-13115.8,-141.094,10219.6,-182.257,27161.8,962143
20230101T000006.800000,6,1382,3454.33,2975.96,-74.59,0,0,0,14212,-16411.9,411.461,19122.9,354.48,33262,548904
20230101T000006.800000,6,1383,4992.06,6839.85,121.941,0,0,0,74884.2,-54590.1,-973.433,39930.3,-1333.75,114727,497493
20230101T000006.800000,6,1384,6489.26,5742.58,330.77,0,0,0,52897.5,-59505.5,-3432.5,67481.7,-3037.54,120140,3.11478e+06
20230101T000006.800000,6,1385,3650.79,3735.8,349.893,0,0,0,22456.7,-21692,-2040.83,21458,-2088.36,43655.4,1.97968e+06
20230101T000006.800000,6,1386,3799.78,4168.8,-345.408,0,0,0,27921.8,-25218,2097.33,23240.4,2301.01,50907.7,247399
20230101T000006.800000,6,1387,5637.91,7060.29,974.895,0,0,0,80373.1,-62916.1,-8789.93,51824.8,-11007.5,130615,1.03967e+06
20230101T000006.800000,6,1388,2674.03,3950.49,-303.479,0,0,0,25036.5,-16804,1296.15,11585.5,1914.87,36411.2,2.24837e+06
20230101T000006.800000,6,1389,2923.56,4051.57,-445.704,0,0,0,26395,-18771.1,2081.55,13926.3,2884.69,39940.4,673585
20230101T000006.800000,4,1077,657.572,-210.162,-145.668,-1.58268,-8.68492,-0.0197424,101.318,86.6859,107.151,562.411,-19.4787,574.949,0
20230101T000006.800000,3,1095,3316.97,1075.35,-187.456,0,0,0,2500,0,0,2500,0,2500,0
20230101T000006.800000,3,1096,9965.59,2806.51,-775.429,0,0,0,2500,0,0,2500,0,2500,0
20230101T000006.800000,3,1097,5933.49,2033.36,-507.977,0,0,0,2500,0,0,2500,0,2500,0
20230101T000006.800000,3,1098,2522.2,3258.01,35.0457,0,0,0,2500,0,0,2500,0,2500,0
20230101T000006.800000,3,1099,3454.33,2975.96,-74.59,0,0,0,2500,0,0,2500,0,2500,0
20230101T000006.800000,3,1100,4992.06,6839.85,121.941,0,0,0,2500,0,0,2500,0,2500,0
20230101T000006.800000,3,1101,6489.26,5742.58,330.77,0,0,0,2500,0,0,2500,0,2500,0
20230101T000006.800000,3,1102,3650.79,3735.8,349.893,0,0,0,2500,0,0,2500,0,2500,0
20230101T000006.800000,3,1103,3799.78,4168.8,-345.408,0,0,0,2500,0,0,2500,0,2500,0
20230101T000006.800000,3,1104,5637.91,7060.29,974.895,0,0,0,2500,0,0,2500,0,2500,0
20230101T000006.800000,3,1105,2674.03,3950.49,-303.479,0,0,0,2500,0,0,2500,0,2500,0
20230101T000006.800000,3,1106,2923.56,4051.57,-445.704,0,0,0,2500,0,0,2500,0,2500,0
20230101T000006.900000,6,1390,3154.59,-1433.94,-442.572,0,0,0,3601.8,7095.79,2226.49,15986.8,-1012.07,19213.2,4.53666e+08
20230101T000006.900000,6,1391,592.013,-343.679,-145.774,0,0,0,260.206,284.195,126.805,584.77,-73.6134,752.529,1.34674e+21
20230101T000006.900000,6,1392,5793.44,-2338.62,-831.047,0,0,0,9754.89,21272.5,7695.64,53866,-3106.47,62454.1,2.03662e+07
20230101T000006.900000,6,1393,10359.8,-446.979,-689.905,0,0,0,1143.4,7373.41,11431.4,171721,-493.214,172039,3.98766e+08
20230101T000006.900000,6,1394,7474.61,-1247.47,-737.857,0,0,0,3399.05,14767.2,8818.22,89417.1,-1471.71,91882.2,1.54051e+07
20230101T000006.900000,6,1395,6191.17,-1033.54,-501.647,0,0,0,2162.72,10162.4,4964.23,61341.5,-828.719,63038.4,1.87208e+07
20230101T000006.900000,6,1396,2770.48,653.706,193.911,0,0,0,801.065,-2870.05,-855.34,12287.5,-201.821,12965,4.02927e+06
20230101T000006.900000,6,1397,10484,4030.21,-796.548,0,0,0,26928.1,-67243.2,13357.4,176002,5134.79,201852,2.67836e+06
20230101T000006.900000,6,1398,3724.01,1758.79,377.223,0,0,0,5187.39,-10367.2,-2242.4,22242.4,-1059.05,27139.1,2.13593e+06
20230101T000006.900000,6,1399,4142.53,1359.7,-208.269,0,0,0,3078.36,-8972.69,1377.52,27469.9,452.143,30415.1,973814
20230101T000006.900000,6,1400,6745.61,3487.13,-158.766,0,0,0,19538.5,-37594,1712.37,72827.2,885.206,92261.4,1.55687e+07
20230101T000006.900000,6,1401,7576.33,1807.34,545.394,0,0,0,5736.91,-21787,-6607,91870.4,-1576.1,97068,1.34664e+06
20230101T000006.900000,6,1402,5408.49,2670.55,-846.298,0,0,0,12382.7,-22630,7315.61,47039.7,3612.23,58214.9,25834.6
20230101T000006.900000,6,1403,8020.55,2602.46,-476.226,0,0,0,11222.5,-33271.8,6107.92,102967,1981.86,113763,564374
20230101T000006.900000,6,1404,6512.86,2388.69,195.279,0,0,0,9239.5,-24851.2,-2033.23,67882.7,-745.718,76997.2,794390
20230101T000006.900000,6,1405,6354.4,3298.39,-42.8871,0,0,0,17459.8,-33507.5,435.695,64619.7,226.157,82012.5,1.81721e+06
20230101T000006.900000,6,1406,4843.99,1272.33,-6.50409,0,0,0,2650.04,-9845.28,50.3288,37546.9,13.2194,40132.9,610435
20230101T000006.900000,6,1407,5258.45,1095.3,870.52,0,0,0,3141.34,-8960.85,-7314.25,44295.1,-1523.51,46163.2,6.70687e+06
20230101T000006.900000,6,1408,7308.38,3276.63,-508.349,0,0,0,17575.4,-38136.9,5940.64,85539.8,2663.42,102638,1.63951e+06
20230101T000006.900000,6,1409,1612.84,1786.35,131.799,0,0,0,5146.79,-4564.2,-337.774,4212.49,-374.11,9267.88,151462
20230101T000006.900000,6,1410,1772.84,1957.1,-17.2205,0,0,0,6157.42,-5519.32,48.5665,5064.16,53.6141,11157.1,3.4368e+06
20230101T000006.900000,6,1411,2147.43,2127.7,528.466,0,0,0,7500.17,-7056.07,-1808.04,7630.45,-1791.42,14623.6,943066
20230101T000006.900000,6,1412,921.752,1240.42,-236.913,0,0,0,2516.02,-1756.45,343.682,1457.55,462.499,3822.7,1.84895e+06
20230101T000006.900000,6,1413,1399,1409.13,-103.432,0,0,0,3217.21,-3113.71,229.18,3172.27,230.84,6308.71,3.44804e+06
20230101T000006.900000,6,1414,6503.24,9704.02,275.161,0,0,0,150726,-100886,-2862.26,67795.1,-4271.02,218336,3.99494e+06
20230101T000006.900000,6,1415,6618.64,9791.68,-1362.5,0,0,0,154355,-102285,14424.6,72172.3,21339.9,223494,2.29982e+06
20230101T000006.900000,6,1416,8210.64,7364.61,-346.963,0,0,0,86922.1,-96621.5,4556.56,107978,4087.05,194643,1.3395e+06
20230101T000006.900000,6,1417,8124.3,6811.65,-2173.76,0,0,0,78713.4,-84791.4,28246.8,108753,23683,179847,2.21137e+06
20230101T000006.900000,6,1418,3011.47,3372.5,703.159,0,0,0,18576.7,-15825.8,-3381.59,14985.2,-3787,32709.9,3.62449e+06
20230101T000006.900000,6,1419,7525.03,6230.45,-1861.51,0,0,0,65435.7,-72261.1,22403.6,92881.8,18549.4,152714,1.0283e+06
20230101T000006.900000,6,1420,4302.56,5985.07,-55.4933,0,0,0,57337.1,-41169.1,381.74,29664.7,531.019,86932.8,951048
20230101T000006.900000,6,1421,5325.99,5379.45,-576.194,0,0,0,46596.1,-45544.1,4906.68,45686.3,4955.93,91687.9,1.68579e+07
20230101T000006.900000,6,1422,5776.97,5845.78,482.367,0,0,0,54892.4,-53815.4,-4455.96,53618,-4509.04,108075,211029
20230101T000006.900000,6,1423,3392.09,3382.44,-62.5694,0,0,0,18340.7,-18322.5,338.993,18445,338.029,36715.5,1.06416e+07
20230101T000006.900000,6,1424,6208.37,6734,-1699.31,0,0,0,74706,-64558.1,16872.1,64201,18300.6,134227,1.60779e+06
20230101T000006.900000,6,1425,4833.42,4590.48,979.951,0,0,0,34556.8,-34701.9,-7571.75,38137.5,-7191.17,71096.6,3.06389e+06
20230101T000006.900000,6,1426,5745.72,7596.98,204.966,0,0,0,92390.4,-69777.1,-1883.45,52904.8,-2490.29,145164,155835
20230101T000006.900000,4,1078,10245.3,-869.824,-1506.52,3.81278,0.944474,1.85762,133.597,207.609,359.971,2542.74,-30.7938,2507.95,0
20230101T000006.900000,4,1081,7381.57,9036.23,632.164,-2.93697,0.406939,-0.902665,1566.25,-1225.16,-86.3707,1073.02,-105.489,2562.03,0
20230101T000006.900000,4,1082,7550.57,9140.83,-984.574,-1.00695,2.75464,-0.964277,1557.32,-1223.49,131.33,1092.41,158.631,2553.42,0
20230101T000006.900000,4,1087,5217.05,5487.43,-553.419,0.932905,-0.232315,-0.158773,1365.24,-1224.74,123.325,1238.59,129.866,2515.58,0
20230101T000006.900000,4,1094,5063.62,4394.71,661.521,0.0878392,2.84284,2.40932,1122.68,-1199.27,-177.761,1471.6,-153.773,2487.06,0
20230101T000006.900000,3,1107,3154.59,-1433.94,-442.572,0,0,0,2500,0,0,2500,0,2500,0
20230101T000006.900000,3,1108,592.013,-343.679,-145.774,0,0,0,2500,0,0,2500,0,2500,0
20230101T000006.900000,3,1109,5793.44,-2338.62,-831.047,0,0,0,2500,0,0,2500,0,2500,0
20230101T000006.900000,3,1110,7474.61,-1247.47,-737.857,0,0,0,2500,0,0,2500,0,2500,0
20230101T000006.900000,3,1111,6191.17,-1033.54,-501.647,0,0,0,2500,0,0,2500,0,2500,0
20230101T000006.900000,3,1112,2770.48,653.706,193.911,0,0,0,2500,0,0,2500,0,2500,0
20230101T000006.900000,3,1113,10484,4030.21,-796.548,0,0,0,2500,0,0,2500,0,2500,0
20230101T000006.900000,3,1114,3724.01,1758.79,377.223,0,0,0,2500,0,0,2500,0,2500,0
20230101T000006.900000,3,1115,4142.53,1359.7,-208.269,0,0,0,2500,0,0,2500,0,2500,0
20230101T000006.900000,3,1116,6745.61,3487.13,-158.766,0,0,0,2500,0,0,2500,0,2500,0
20230101T000006.900000,3,1117,7576.33,1807.34,545.394,0,0,0,2500,0,0,2500,0,2500,0
20230101T000006.900000,3,1118,5408.49,2670.55,-846.298,0,0,0,2500,0,0,2500,0,2500,0
20230101T000006.900000,3,1119,8020.55,2602.46,-476.226,0,0,0,2500,0,0,2500,0,2500,0
20230101T000006.900000,3,1120,6512.86,2388.69,195.279,0,0,0,2500,0,0,2500,0,2500,0
20230101T000006.900000,3,1121,6354.4,3298.39,-42.8871,0,0,0,2500,0,0,2500,0,2500,0
20230101T000006.900000,3,1122,4843.99,1272.33,-6.50409,0,0,0,2500,0,0,2500,0,2500,0
20230101T000006.900000,3,1123,5258.45,1095.3,870.52,0,0,0,2500,0,0,2500,0,2500,0
20230101T000006.900000,3,1124,7308.38,3276.63,-508.349,0,0,0,2500,0,0,2500,0,2500,0
20230101T000006.900000,3,1125,1612.84,1786.35,131.799,0,0,0,2500,0,0,2500,0,2500,0
20230101T000006.900000,3,1126,1772.84,1957.1,-17.2205,0,0,0,2500,0,0,2500,0,2500,0
20230101T000006.900000,3,1127,2147.43,2127.7,528.466,0,0,0,2500,0,0,2500,0,2500,0
20230101T000006.900000,3,1128,921.752,1240.42,-236.913,0,0,0,2500,0,0,2500,0,2500,0
20230101T000006.900000,3,1129,1399,1409.13,-103.432,0,0,0,2500,0,0,2500,0,2500,0
20230101T000006.900000,3,1130,8210.64,7364.61,-346.963,0,0,0,2500,0,0,2500,0,2500,0
20230101T000006.900000,3,1131,8124.3,6811.65,-2173.76,0,0,0,2500,0,0,2500,0,2500,0
20230101T000006.900000,3,1132,3011.47,3372.5,703.159,0,0,0,2500,0,0,2500,0,2500,0
20230101T000006.900000,3,1133,7525.03,6230.45,-1861.51,0,0,0,2500,0,0,2500,0,2500,0
20230101T000006.900000,3,1134,4302.56,5985.07,-55.4933,0,0,0,2500,0,0,2500,0,2500,0
20230101T000006.900000,3,1135,5776.97,5845.78,482.367,0,0,0,2500,0,0,2500,0,2500,0
20230101T000006.900000,3,1136,3392.09,3382.44,-62.5694,0,0,0,2500,0,0,2500,0,2500,0
20230101T000006.900000,3,1137,6208.37,6734,-1699.31,0,0,0,2500,0,0,2500,0,2500,0
20230101T000006.900000,3,1138,5745.72,7596.98,204.966,0,0,0,2500,0,0,2500,0,2500,0
20230101T000007,6,1427,7661.39,-6955.28,-839.582,0,0,0,78054.6,84666.5,10288,94453.4,-9339.77,171317,4.54174e+08
20230101T000007,6,1428,5190.4,-5470.2,-778.399,0,0,0,48366.2,44912.3,6459.82,43647.8,-6808.05,90981.9,4.25574e+07
20230101T000007,6,1429,525.265,-438.84,-146.203,0,0,0,364.317,321.868,112.839,480.665,-94.2729,752.367,4.06226e+20
20230101T000007,6,1430,3005.36,-1692.58,-546.117,0,0,0,4993.42,7908.17,2617.43,14581.4,-1474.1,19036.8,1.25893e+08
20230101T000007,6,1431,5528.14,-2944.65,-536.116,0,0,0,14281.2,25828.3,4737.16,49012.3,-2523.32,62770.5,4.81816e+06
20230101T000007,6,1432,10951.1,-725.465,-1212.55,0,0,0,3247.2,12552.1,21239.1,191894,-1407,192726,1.63792e+06
20230101T000007,6,1433,8140.78,1024.77,761.474,0,0,0,2655.97,-13225,-9912.54,106051,-1247.8,107716,4.78708e+06
20230101T000007,6,1434,4750.26,-437.425,-476.654,0,0,0,729.442,3285.64,3616.46,36107.5,-333.02,36410.7,9.83555e+06
20230101T000007,6,1435,8532.71,-932.146,1235.4,0,0,0,3865.34,12455.6,-16857.1,116521,1841.54,117883,761708
20230101T000007,6,1436,7059.19,-373.753,-1218.89,0,0,0,2655.95,4092.65,13756.3,79738.3,-728.336,79956.9,1.3527e+06
20230101T000007,6,1437,6004.03,-921.655,-456.07,0,0,0,1746.43,8794.37,4376.49,57686.5,-671.817,59036.9,2.04342e+06
20230101T000007,6,1438,9519.75,-72.6086,537.311,0,0,0,534.126,1101.94,-8180.51,145001,62.394,145010,8.26367e+06
20230101T000007,6,1439,9234.87,-1065.98,463.234,0,0,0,2219.92,15704.3,-6841.49,136458,789.712,138271,1.39956e+06
20230101T000007,6,1440,1897.73,1099.34,-230.318,0,0,0,2044.63,-3273.73,693.576,5799.42,401.784,7696.57,1.14839e+06
20230101T000007,6,1441,2275.88,1289.9,-388.033,0,0,0,2891.9,-4566.86,1404.91,8361.23,796.261,10951,1.19249e+06
20230101T000007,6,1442,1692.69,518.774,-149.04,0,0,0,521.185,-1377.24,398.531,4592.82,122.142,5015.36,6.28927e+06
20230101T000007,6,1443,3834.26,862.26,-217.22,0,0,0,1322.18,-5259.99,1329.16,23529.2,298.906,24712.3,4.9303e+06
20230101T000007,6,1444,10054.1,5010.23,640.279,0,0,0,40740.4,-80310.4,-10296.7,161881,-5131.09,201901,945251
20230101T000007,6,1445,8904.26,4277.72,-1230.54,0,0,0,31297.9,-59973.6,17524.3,127324,8418.87,156137,4.87449e+06
20230101T000007,6,1446,6727.51,2939.84,-725.452,0,0,0,14588.5,-31312.2,7803.03,72560.2,3409.82,86243.8,265107
20230101T000007,6,1447,6518.21,4296.74,-177.664,0,0,0,29618.9,-44758.6,1851.66,68013.9,1220.6,97518.4,1.77039e+06
20230101T000007,6,1448,4172.56,2515.59,-1156.04,0,0,0,11737.8,-15822,7705.52,28442.5,4645.57,37984.9,406334
20230101T000007,6,1449,9374.74,2670.21,70.9486,0,0,0,11474.7,-40033.1,-1063.75,140623,-302.989,152025,403910
20230101T000007,6,1450,7569.22,4625.24,480.342,0,0,0,34543.8,-55822.4,-5814.35,91786.6,-3552.91,125898,1.94116e+06
20230101T000007,6,1451,7858.56,4580.38,-169.148,0,0,0,33649.8,-57544.6,2125.78,98839,1239.02,132379,543506
20230101T000007,6,1452,8594.01,3340.13,1346.14,0,0,0,20423.7,-44928,-18501.5,118560,-7190.76,136023,1.49038e+06
20230101T000007,6,1453,6089.12,2394.89,-1564.26,0,0,0,12619.8,-21978.3,15226.5,59856.4,5988.67,68504.1,2.82645e+06
20230101T000007,6,1454,10564.3,4326.59,1141.38,0,0,0,31790.3,-72378.8,-19286.7,178876,-7898.83,208520,442692
20230101T000007,6,1455,10598.9,4881.25,610.379,0,0,0,38667,-82527,-10348,179855,-4765.66,217863,3.49033e+06
20230101T000007,6,1456,10043.5,3438.61,-2144.06,0,0,0,25557,-52984.2,34442.5,162173,11792.1,180316,224889
20230101T000007,6,1457,7899.12,1997.11,1220.1,0,0,0,8679.11,-24659.8,-15411.3,99980.7,-3896.4,106217,4.49781e+06
20230101T000007,6,1458,4762.69,2582.62,480.51,0,0,0,11006.4,-19498.9,-3656.69,36391.6,-1982.87,46965.6,733792
20230101T000007,6,1459,5203.47,2030.71,873.145,0,0,0,7710.85,-16472.5,-7260.32,43491.3,-2833.42,49921.4,2.15947e+06
20230101T000007,6,1460,2421.86,1467.71,-372.309,0,0,0,3654.89,-5561.15,1435.62,9461.15,870.018,12832.4,379365
20230101T000007,6,1461,1662.19,1415.65,-310.126,0,0,0,3332.04,-3657.99,817.999,4511.67,696.669,7628.35,1.14147e+06
20230101T000007,6,1462,1579.34,1137,403.479,0,0,0,2280.41,-2720.54,-1009.25,4100.78,-726.576,6061.99,3.12559e+06
20230101T000007,6,1463,3319.6,3150.6,70.4025,0,0,0,15919.9,-16698.1,-373.219,17665.7,-354.219,33513.7,3.88256e+06
20230101T000007,6,1464,7760.59,8974.94,-968.396,0,0,0,129548,-110668,12021.1,97257.8,13902.1,225243,2.23111e+06
20230101T000007,6,1465,9526.37,7765.51,1157.03,0,0,0,97809.9,-117283,-17631.1,146083,-14372.1,241688,813864
20230101T000007,6,1466,6266.06,5673.85,82.4653,0,0,0,51549.2,-56847,-826.31,62855.4,-748.214,114330,5.19407e+06
20230101T000007,6,1467,3765.25,4355.73,1123.88,0,0,0,31246.5,-25210.3,-6762.84,23875.3,-7823.42,53041.5,2.58754e+06
20230101T000007,6,1468,3769.1,4205.34,232.14,0,0,0,28362.7,-25286,-1398.18,22813.1,-1560.01,51025.8,2.31819e+06
20230101T000007,6,1469,3318,4004.37,-507.976,0,0,0,25849.8,-21024.4,2692.8,17897,3249.83,43271.2,807989
20230101T000007,4,1082,7555.52,9142.48,-984.872,7.36574,11.5582,-1.92437,1603.65,-1280.27,137.716,1113.63,166.601,2644.7,0
20230101T000007,4,1093,3464.11,3881.32,-488.177,-3.00842,1.59879,-0.266333,1458.75,-1232.45,155.02,1189.36,172.885,2543.43,0
20230101T000007,4,1099,3456.75,2999.05,-64.3745,0.465654,4.44069,1.96453,1063.55,-1161.28,29.1071,1411.04,25.0762,2410.92,0
20230101T000007,4,1103,3799.72,4172.15,-317.529,-0.010222,0.64399,5.36141,1383.57,-1195.95,99.11,1161.56,108.735,2465.1,0
20230101T000007,4,1107,3137.8,-1464.45,-454.329,-1.66276,-3.02115,-1.16403,462.794,804.064,248.652,1866.2,-113.026,2200.98,0
20230101T000007,4,1108,546.908,-421.257,-146.102,-4.46586,-7.68097,-0.03246,209.783,213.816,94.376,453.971,-54.7878,574.865,0
20230101T000007,4,1109,5770.61,-2357.09,-817.768,-2.26069,-1.82931,1.31483,429.089,806.442,286.778,2101.35,-115.763,2387.38,0
20230101T000007,3,1139,7661.39,-6955.28,-839.582,0,0,0,2500,0,0,2500,0,2500,0
20230101T000007,3,1140,5190.4,-5470.2,-778.399,0,0,0,2500,0,0,2500,0,2500,0
20230101T000007,3,1141,10951.1,-725.465,-1212.55,0,0,0,2500,0,0,2500,0,2500,0
20230101T000007,3,1142,8140.78,1024.77,761.474,0,0,0,2500,0,0,2500,0,2500,0
20230101T000007,3,1143,4750.26,-437.425,-476.654,0,0,0,2500,0,0,2500,0,2500,0
20230101T000007,3,1144,8532.71,-932.146,1235.4,0,0,0,2500,0,0,2500,0,2500,0
20230101T000007,3,1145,7059.19,-373.753,-1218.89,0,0,0,2500,0,0,2500,0,2500,0
20230101T000007,3,1146,6004.03,-921.655,-456.07,0,0,0,2500,0,0,2500,0,2500,0
20230101T000007,3,1147,9519.75,-72.6086,537.311,0,0,0,2500,0,0,2500,0,2500,0
20230101T000007,3,1148,9234.87,-1065.98,463.234,0,0,0,2500,0,0,2500,0,2500,0
20230101T000007,3,1149,1897.73,1099.34,-230.318,0,0,0,2500,0,0,2500,0,2500,0
20230101T000007,3,1150,2275.88,1289.9,-388.033,0,0,0,2500,0,0,2500,0,2500,0
20230101T000007,3,1151,1692.69,518.774,-149.04,0,0,0,2500,0,0,2500,0,2500,0
20230101T000007,3,1152,3834.26,862.26,-217.22,0,0,0,2500,0,0,2500,0,2500,0
20230101T000007,3,1153,10054.1,5010.23,640.279,0,0,0,2500,0,0,2500,0,2500,0
20230101T000007,3,1154,8904.26,4277.72,-1230.54,0,0,0,2500,0,0,2500,0,2500,0
20230101T000007,3,1155,6727.51,2939.84,-725.452,0,0,0,2500,0,0,2500,0,2500,0
20230101T000007,3,1156,6518.21,4296.74,-177.664,0,0,0,2500,0,0,2500,0,2500,0
20230101T000007,3,1157,4172.56,2515.59,-1156.04,0,0,0,2500,0,0,2500,0,2500,0
20230101T000007,3,1158,9374.74,2670.21,70.9486,0,0,0,2500,0,0,2500,0,2500,0
20230101T000007,3,1159,7569.22,4625.24,480.342,0,0,0,2500,0,0,2500,0,2500,0
20230101T000007,3,1160,7858.56,4580.38,-169.148,0,0,0,2500,0,0,2500,0,2500,0
20230101T000007,3,1161,8594.01,3340.13,1346.14,0,0,0,2500,0,0,2500,0,2500,0
20230101T000007,3,1162,6089.12,2394.89,-1564.26,0,0,0,2500,0,0,2500,0,2500,0
20230101T000007,3,1163,10564.3,4326.59,1141.38,0,0,0,2500,0,0,2500,0,2500,0
20230101T000007,3,1164,10598.9,4881.25,610.379,0,0,0,2500,0,0,2500,0,2500,0
20230101T000007,3,1165,10043.5,3438.61,-2144.06,0,0,0,2500,0,0,2500,0,2500,0
20230101T000007,3,1166,7899.12,1997.11,1220.1,0,0,0,2500,0,0,2500,0,2500,0
20230101T000007,3,1167,4762.69,2582.62,480.51,0,0,0,2500,0,0,2500,0,2500,0
20230101T000007,3,1168,5203.47,2030.71,873.145,0,0,0,2500,0,0,2500,0,2500,0
20230101T000007,3,1169,2421.86,1467.71,-372.309,0,0,0,2500,0,0,2500,0,2500,0
20230101T000007,3,1170,1662.19,1415.65,-310.126,0,0,0,2500,0,0,2500,0,2500,0
20230101T000007,3,1171,1579.34,1137,403.479,0,0,0,2500,0,0,2500,0,2500,0
20230101T000007,3,1172,9526.37,7765.51,1157.03,0,0,0,2500,0,0,2500,0,2500,0
20230101T000007,3,1173,6266.06,5673.85,82.4653,0,0,0,2500,0,0,2500,0,2500,0
20230101T000007,3,1174,3765.25,4355.73,1123.88,0,0,0,2500,0,0,2500,0,2500,0
20230101T000007.100000,6,1470,4121.74,-4718.94,-511.456,0,0,0,35838.1,30881.5,3369.52,27455.4,-3857.74,62811.8,9.10066e+06
20230101T000007.100000,6,1471,6399.29,-6450.36,161.759,0,0,0,66623.9,65991.4,-1655.43,65574.7,1668.64,132093,7.82138e+06
20230101T000007.100000,6,1472,4329.11,-3943.36,411.451,0,0,0,25063,27147.4,-2846.64,30137.7,2592.98,54866.4,2.28179e+07
20230101T000007.100000,6,1473,3326.38,-1062.41,76.8632,0,0,0,1872.56,5633.07,-407.74,17710.4,130.228,19509.6,2.26277e+08
20230101T000007.100000,6,1474,9923.55,-2988.4,-599.602,0,0,0,14874.7,47272.3,9516.75,157616,-2865.89,171852,3.76608e+08
20230101T000007.100000,6,1475,7278.35,-2065.33,-457.434,0,0,0,7193.82,23946.9,5323.27,84788.7,-1510.55,91584.2,3.88684e+07
20230101T000007.100000,6,1476,450.715,534.987,-22.6811,0,0,0,484.82,-353.895,15.0207,362.904,17.8293,783.036,6.53935e+23
20230101T000007.100000,4,1110,7438.66,-1264.96,-727.034,-6.91461,-3.36412,2.0813,151.826,396.645,234.672,2462.25,-39.1653,2505.94,0
20230101T000007.100000,3,1175,4121.74,-4718.94,-511.456,0,0,0,2500,0,0,2500,0,2500,0
20230101T000007.100000,3,1176,6399.29,-6450.36,161.759,0,0,0,2500,0,0,2500,0,2500,0
20230101T000007.100000,3,1177,4329.11,-3943.36,411.451,0,0,0,2500,0,0,2500,0,2500,0
20230101T000007.100000,3,1178,3326.38,-1062.41,76.8632,0,0,0,2500,0,0,2500,0,2500,0
20230101T000007.100000,3,1179,9923.55,-2988.4,-599.602,0,0,0,2500,0,0,2500,0,2500,0
20230101T000007.100000,3,1180,450.715,534.987,-22.6811,0,0,0,2500,0,0,2500,0,2500,0
20230101T000007.200000,6,1477,2569.51,-2363.31,127.755,0,0,0,8985.11,9671.21,-523.506,10605.1,481.494,19500.2,6.92923e+07
20230101T000007.200000,6,1478,3038.84,-3416.57,-188.53,0,0,0,18730.1,16551.9,914.911,14842.7,-1028.63,33452.2,1.89372e+06
20230101T000007.200000,6,1479,6772.71,-7877.76,-90.1708,0,0,0,99327.2,85327.9,976.759,73435.6,-1136.13,172686,3.66545e+08
20230101T000007.200000,6,1480,5481.99,-8037.62,439.19,0,0,0,103484,70326.1,-3850.59,48337.8,5645.69,151449,3.59254e+06
20230101T000007.200000,6,1481,5419.56,-7184.8,1333.51,0,0,0,83648.6,60903.5,-11557.7,48847.9,15322.2,129590,2.20181e+07
20230101T000007.200000,6,1482,4774.63,-4690.69,664.015,0,0,0,35595.4,35449.7,-5068.2,36853,4979.1,71680.1,1.12022e+06
20230101T000007.200000,6,1483,7395.27,-1779.61,258.244,0,0,0,5228.51,21018.3,-3053.55,87513.4,734.811,92571.4,6.67988e+06
20230101T000007.200000,6,1484,5249.53,-2571.75,-320.871,0,0,0,10766.6,21510.5,2691.93,44136.3,-1318.78,54674.6,6.1284e+06
20230101T000007.200000,6,1485,5855.59,-1675.77,-60.3794,0,0,0,4557.65,15681.7,565.081,54866,-161.716,59353.8,620399
20230101T000007.200000,6,1486,4274.8,-2540.6,-657.633,0,0,0,10885.3,17045.4,4490.85,29435.4,-2669,39566.9,1.51537e+06
20230101T000007.200000,6,1487,5661.46,-2661.5,-761.174,0,0,0,12144.6,23727.5,6888.02,51462.6,-3238.12,62618,3.77554e+07
20230101T000007.200000,6,1488,533.927,451.902,-23.7026,0,0,0,364.514,-354.086,18.5953,483.182,15.7386,782.944,2.91746e+23
20230101T000007.200000,4,1109,5775.51,-2374.43,-816.344,27.481,-18.0124,-2.40755,433.615,848.196,296.586,2170.87,-120.566,2477.82,0
20230101T000007.200000,4,1180,519.42,477.059,-23.4606,6.80245,-5.73545,-0.0771787,375.693,-263.453,11.1793,284.934,13.2695,597.563,0
20230101T000007.200000,3,1181,2569.51,-2363.31,127.755,0,0,0,2500,0,0,2500,0,2500,0
20230101T000007.200000,3,1182,3038.84,-3416.57,-188.53,0,0,0,2500,0,0,2500,0,2500,0
20230101T000007.200000,3,1183,6772.71,-7877.76,-90.1708,0,0,0,2500,0,0,2500,0,2500,0
20230101T000007.200000,3,1184,5481.99,-8037.62,439.19,0,0,0,2500,0,0,2500,0,2500,0
20230101T000007.200000,3,1185,5419.56,-7184.8,1333.51,0,0,0,2500,0,0,2500,0,2500,0
20230101T000007.200000,3,1186,4774.63,-4690.69,664.015,0,0,0,2500,0,0,2500,0,2500,0
20230101T000007.200000,3,1187,7395.27,-1779.61,258.244,0,0,0,2500,0,0,2500,0,2500,0
20230101T000007.200000,3,1188,5249.53,-2571.75,-320.871,0,0,0,2500,0,0,2500,0,2500,0
20230101T000007.200000,3,1189,5855.59,-1675.77,-60.3794,0,0,0,2500,0,0,2500,0,2500,0
20230101T000007.200000,3,1190,4274.8,-2540.6,-657.633,0,0,0,2500,0,0,2500,0,2500,0
20230101T000007.300000,6,1489,3261.98,-1248.94,-21.1425,0,0,0,2552.21,6496.83,109.984,17033.1,-42.1106,19520.6,2.04102e+08
20230101T000007.300000,6,1490,9859.64,-3212.44,-301.878,0,0,0,16701.3,50615.9,4760.48,155560,-1551.05,172052,1.17013e+08
20230101T000007.300000,6,1491,7361.44,-1692.65,-542.406,0,0,0,5091.67,19819.8,6384.17,86732.1,-1467.94,91289.8,6.26711e+06
20230101T000007.300000,6,1492,8333.53,-3665.02,15.3284,0,0,0,21545.8,48844.4,-204.285,111127,89.8431,132608,1.3637e+07
20230101T000007.300000,6,1493,5826.39,-2382.18,-118.278,0,0,0,9153.66,22177,1101.51,54327.2,-450.362,63394.6,3.0177e+07
20230101T000007.300000,6,1494,606.515,348.413,-24.2967,0,0,0,243,-310.091,21.6527,604.671,12.4384,782.881,4.23043e+23
20230101T000007.300000,4,1109,5779.17,-2375.8,-788.051,19.895,-14.6341,8.90806,438.588,874.901,302.741,2213.7,-123.852,2535.14,0
20230101T000007.300000,4,1110,7431.33,-1277.62,-720.799,-20.5983,-5.61052,5.2592,145.198,438.887,254.171,2663.35,-42.923,2714.46,0
20230101T000007.300000,4,1178,3319.75,-1084.65,65.3496,-1.27485,-4.27752,-2.21416,270.033,646.513,-46.7767,2087.76,14.94,2293.3,0
20230101T000007.300000,4,1179,9916.35,-2989.85,-594.796,-1.38483,-0.279936,0.924239,277.87,687.621,137.974,2354.18,-41.5496,2553.04,0
20230101T000007.300000,3,1191,8333.53,-3665.02,15.3284,0,0,0,2500,0,0,2500,0,2500,0
20230101T000007.300000,3,1192,606.515,348.413,-24.2967,0,0,0,2500,0,0,2500,0,2500,0
20230101T000007.400000,6,1495,2555.59,-2357.33,331.762,0,0,0,9020.64,9519.61,-1352.11,10559.7,1247.21,19341.4,7.6947e+07
20230101T000007.400000,6,1496,7907.01,-6725.22,189.732,0,0,0,72436.2,85022.2,-2399.45,100084,2040.82,172399,2.1351e+08
20230101T000007.400000,6,1497,5275.74,-5182,1632.05,0,0,0,45165.1,41581.1,-13766.9,46656.1,13522.2,87501.4,4.08998e+06
20230101T000007.400000,6,1498,4805.39,-4064.9,11.7288,0,0,0,26474.8,31221.8,-90.0875,36973.6,76.2054,63384.2,1.51601e+07
20230101T000007.400000,6,1499,656.984,240.05,-24.1849,0,0,0,149.419,-231.427,23.3465,698.244,8.5304,782.88,5.61473e+23
20230101T000007.400000,4,1181,2567.86,-2362.6,151.746,-0.3168,0.136076,4.61375,1086.78,1110.45,-60.038,1272.79,55.2198,2291.5,0
20230101T000007.400000,4,1192,652.023,269.192,-24.2113,4.50572,-7.8437,0.00845083,195.679,-230.856,16.1154,464.935,9.25749,597.455,0
20230101T000007.400000,3,1193,7907.01,-6725.22,189.732,0,0,0,2500,0,0,2500,0,2500,0
20230101T000007.400000,3,1194,5275.74,-5182,1632.05,0,0,0,2500,0,0,2500,0,2500,0
20230101T000007.400000,3,1195,4805.39,-4064.9,11.7288,0,0,0,2500,0,0,2500,0,2500,0
20230101T000007.500000,6,1500,2385.52,-2549.21,100.356,0,0,0,10434.9,9689.93,-381.785,9147.78,407.983,19502.7,2.18485e+08
20230101T000007.500000,6,1501,6965.96,-7689.3,-308.304,0,0,0,94697.9,85593.9,3434.94,77758.1,-3791.62,172240,3.03435e+08
20230101T000007.500000,6,1502,5211.6,-5494.01,-71.9287,0,0,0,48328.9,45776,599.364,43495.3,-631.842,91751.9,7.05558e+06
20230101T000007.500000,6,1503,6144.13,-6684.44,669.502,0,0,0,71848.4,65323.2,-6578.44,60823.9,7156.94,131892,1.38685e+07
20230101T000007.500000,6,1504,4051.12,-4799.42,427.398,0,0,0,37003.2,30933.4,-2767.51,26466.4,3278.71,63113.9,4.11367e+07
20230101T000007.500000,6,1505,688.576,122.673,-25.391,0,0,0,87.0274,-123.937,25.6894,760.618,4.57671,782.782,7.21272e+23
20230101T000007.500000,4,1181,2548.61,-2383.88,146.526,-5.71488,-6.07336,2.99084,1004.1,1047.25,-62.9699,1179.09,57.9768,2138.31,0
20230101T000007.500000,4,1183,6769.99,-7868.16,-93.4858,-0.74909,2.64069,-0.912383,1569.2,1295.15,14.8246,1176.2,-17.2434,2682.47,0
20230101T000007.500000,3,1196,5211.6,-5494.01,-71.9287,0,0,0,2500,0,0,2500,0,2500,0
20230101T000007.500000,3,1197,6144.13,-6684.44,669.502,0,0,0,2500,0,0,2500,0,2500,0
20230101T000007.500000,3,1198,4051.12,-4799.42,427.398,0,0,0,2500,0,0,2500,0,2500,0
20230101T000007.500000,3,1199,688.576,122.673,-25.391,0,0,0,2500,0,0,2500,0,2500,0
20230101T000007.600000,6,1506,699.441,3.0228,-24.5436,0,0,0,64.8985,-3.10242,25.2239,782.749,0.109011,782.841,3.22023e+23
20230101T000007.600000,6,1507,2744.02,2141.17,-296.912,0,0,0,7462.53,-9301.42,1299.3,12124.8,1013.85,19383.2,3.38717e+08
20230101T000007.600000,6,1508,8172.29,6346.79,-745.308,0,0,0,65044.9,-82527.1,9741.77,107216,7565.68,171309,1.324e+08
20230101T000007.600000,6,1509,4879.88,3923.35,-650.171,0,0,0,25077.6,-30271.6,5071.29,38391.6,4077.24,62730.2,6.56919e+07
20230101T000007.600000,4,1199,704.703,32.2759,-24.7443,1.59675,-8.95026,0.0640245,79.5616,-92.2714,19.1198,581.05,3.4063,597.385,0
20230101T000007.600000,3,1200,2744.02,2141.17,-296.912,0,0,0,2500,0,0,2500,0,2500,0
20230101T000007.600000,3,1201,8172.29,6346.79,-745.308,0,0,0,2500,0,0,2500,0,2500,0
20230101T000007.600000,3,1202,4879.88,3923.35,-650.171,0,0,0,2500,0,0,2500,0,2500,0
20230101T000007.700000,6,1510,688.949,-121.128,-22.5627,0,0,0,86.2817,122.479,22.8403,761.383,-4.01567,782.984,4.27469e+23
20230101T000007.700000,6,1511,688.733,-122.256,-23.0662,0,0,0,86.7173,123.575,23.3426,760.945,-4.14351,782.95,4.22076e+23
20230101T000007.700000,6,1512,2410.72,2503,348.512,0,0,0,10148,-9525.69,-1339.86,9432.22,-1391.14,19323.2,1.12465e+08
20230101T000007.700000,6,1513,6967.08,7678.57,-513.465,0,0,0,94556,-85353.9,5721.64,77930.8,6305.94,172001,2.06029e+08
20230101T000007.700000,6,1514,5360.21,5345.9,-199.205,0,0,0,45789.7,-45784.4,1707.25,46034.4,1702.7,91696.7,2.15307e+06
20230101T000007.700000,6,1515,6644.81,6123.13,1110.95,0,0,0,61090.3,-64083.7,-11805.6,71581.4,-10878.7,130635,4.551e+06
20230101T000007.700000,6,1516,4274.76,4616.16,217.786,0,0,0,34158.8,-31503.1,-1488.07,29313,-1606.91,63332.1,1.87379e+07
20230101T000007.700000,3,1203,688.949,-121.128,-22.5627,0,0,0,2500,0,0,2500,0,2500,0
20230101T000007.700000,3,1204,688.733,-122.256,-23.0662,0,0,0,2500,0,0,2500,0,2500,0
20230101T000007.700000,3,1205,2410.72,2503,348.512,0,0,0,2500,0,0,2500,0,2500,0
20230101T000007.700000,3,1206,6967.08,7678.57,-513.465,0,0,0,2500,0,0,2500,0,2500,0
20230101T000007.700000,3,1207,5360.21,5345.9,-199.205,0,0,0,2500,0,0,2500,0,2500,0
20230101T000007.700000,3,1208,6644.81,6123.13,1110.95,0,0,0,2500,0,0,2500,0,2500,0
20230101T000007.700000,3,1209,4274.76,4616.16,217.786,0,0,0,2500,0,0,2500,0,2500,0
20230101T000007.800000,6,1517,657.478,-238.853,-22.5827,0,0,0,148.482,230.485,21.8162,699.192,-7.92556,782.991,1.30613e+22
20230101T000007.800000,6,1518,3381.21,861.718,-169.699,0,0,0,1291.31,-4635.53,915.048,18298.8,233.205,19480.3,4.59843e+07
20230101T000007.800000,6,1519,9582.01,3991.49,-187.643,0,0,0,25593.7,-61151.7,2875.73,146922,1197.92,172395,1.61547e+08
20230101T000007.800000,6,1520,6964.75,3019.07,128.991,0,0,0,14660,-33610.3,-1436.42,77626.6,-622.659,92196,3.47772e+07
20230101T000007.800000,6,1521,5980.74,1960.64,-109.226,0,0,0,6225.6,-18737.2,1044.15,57238.9,342.3,63381.4,9.07081e+06
20230101T000007.800000,6,1522,7711.07,8674.59,-1282.36,0,0,0,121587,-105687,15816.7,96642.1,17793.1,215535,6.0636e+06
20230101T000007.800000,6,1523,7382.73,7298.25,-331.1,0,0,0,85344.3,-86090.1,3909.62,87325.9,3864.89,172431,1.66051e+08
20230101T000007.800000,6,1524,6596.62,5235.37,493.967,0,0,0,44133.2,-55036,-5210.69,69800.1,-4135.44,113479,455967
20230101T000007.800000,6,1525,5746.28,6501.71,-240.595,0,0,0,67704.3,-59699.4,2210.87,52919.5,2501.52,120467,304466
20230101T000007.800000,6,1526,4606.16,6715.93,-1095.81,0,0,0,72800.8,-48570,8071.15,35296.1,11768,106114,1.80516e+06
20230101T000007.800000,6,1527,3170.25,4172.99,-190.168,0,0,0,27906.7,-21108.4,963.205,16157.9,1267.86,43942.9,259031
20230101T000007.800000,6,1528,7061.62,5325.02,920.893,0,0,0,46274.7,-59482.5,-10399.5,80301.1,-7842.07,125156,557147
20230101T000007.800000,6,1529,5661.4,7119.77,25.2079,0,0,0,81131,-64460.9,-228.228,51322.1,-287.02,132388,2.5949e+06
20230101T000007.800000,6,1530,3300.45,3438.6,365.562,0,0,0,19051.4,-18019.7,-1927.05,17573.1,-2007.72,36347.5,2.67446e+06
20230101T000007.800000,6,1531,5566.24,7449.36,-29.7353,0,0,0,88812.2,-66312.6,264.7,49614.9,354.251,138362,524684
20230101T000007.800000,6,1532,4365.52,3952.67,-43.2652,0,0,0,25034.6,-27575.5,301.852,30522.7,273.306,55490.3,1.15815e+06
20230101T000007.800000,6,1533,4012.21,4841.08,304.986,0,0,0,37584.4,-30973.1,-1955.89,25882.6,-2359.96,63254.5,8.74501e+06
20230101T000007.800000,6,1534,4096.31,4962.92,1013.41,0,0,0,40100.1,-31690.1,-6635.74,27862.1,-8039.59,66258.1,735251
20230101T000007.800000,6,1535,4069.8,5270.83,-989.807,0,0,0,45059.5,-33533.3,6439.61,27522.5,8340,70953.1,2.33046e+06
20230101T000007.800000,4,1204,672.625,-213.096,-22.6972,-1.59492,-8.99413,0.0365287,79.3299,91.9964,17.3732,581.265,-3.08388,597.509,0
20230101T000007.800000,4,1206,6976.81,7677.17,-511.097,0.963408,-0.138291,0.234402,1395.7,-1204.36,80.5382,1161.12,88.7629,2482.62,0
20230101T000007.800000,4,1209,4264.8,4624.91,221.119,-0.986441,0.867055,0.329991,1337.32,-1177.99,-55.5791,1156.12,-60.0178,2425.47,0
20230101T000007.800000,3,1210,3381.21,861.718,-169.699,0,0,0,2500,0,0,2500,0,2500,0
20230101T000007.800000,3,1211,9582.01,3991.49,-187.643,0,0,0,2500,0,0,2500,0,2500,0
20230101T000007.800000,3,1212,6964.75,3019.07,128.991,0,0,0,2500,0,0,2500,0,2500,0
20230101T000007.800000,3,1213,5980.74,1960.64,-109.226,0,0,0,2500,0,0,2500,0,2500,0
20230101T000007.800000,3,1214,7711.07,8674.59,-1282.36,0,0,0,2500,0,0,2500,0,2500,0
20230101T000007.800000,3,1215,6596.62,5235.37,493.967,0,0,0,2500,0,0,2500,0,2500,0
20230101T000007.800000,3,1216,5746.28,6501.71,-240.595,0,0,0,2500,0,0,2500,0,2500,0
20230101T000007.800000,3,1217,4606.16,6715.93,-1095.81,0,0,0,2500,0,0,2500,0,2500,0
20230101T000007.800000,3,1218,3170.25,4172.99,-190.168,0,0,0,2500,0,0,2500,0,2500,0
20230101T000007.800000,3,1219,7061.62,5325.02,920.893,0,0,0,2500,0,0,2500,0,2500,0
20230101T000007.800000,3,1220,5661.4,7119.77,25.2079,0,0,0,2500,0,0,2500,0,2500,0
20230101T000007.800000,3,1221,3300.45,3438.6,365.562,0,0,0,2500,0,0,2500,0,2500,0
20230101T000007.800000,3,1222,5566.25,7449.36,-29.7353,0,0,0,2500,0,0,2500,0,2500,0
20230101T000007.800000,3,1223,4365.52,3952.67,-43.2652,0,0,0,2500,0,0,2500,0,2500,0
20230101T000007.800000,3,1224,4096.31,4962.92,1013.41,0,0,0,2500,0,0,2500,0,2500,0
20230101T000007.800000,3,1225,4069.8,5270.83,-989.807,0,0,0,2500,0,0,2500,0,2500,0
20230101T000007.900000,6,1536,9322.64,-4527.14,-465.749,0,0,0,33124.5,67366.3,6944.63,139137,-3372.36,171851,5.32229e+08
20230101T000007.900000,6,1537,606.03,-349.311,-23.5539,0,0,0,243.88,310.666,20.974,603.799,-12.0892,782.936,5.71662e+21
20230101T000007.900000,6,1538,3432.5,-642.658,-70.699,0,0,0,730.349,3516.46,387.006,18853.8,-72.4581,19512.2,2.82747e+08
20230101T000007.900000,6,1539,10336.5,-857.709,-441.649,0,0,0,1550.46,14154.2,7301.47,170952,-605.865,172127,5.27516e+08
20230101T000007.900000,6,1540,9343.93,5806.81,421.06,0,0,0,54201.1,-86657.6,-6292.88,139791,-3910.73,193645,692391
20230101T000007.900000,6,1541,1786.57,860.717,214.853,0,0,0,1296.62,-2406.76,-607.986,5132.78,-292.909,6293.03,8.5786e+06
20230101T000007.900000,6,1542,11160.5,3229.34,-1236.26,0,0,0,19000.6,-56996,22069.2,199485,6385.8,215978,7.22495e+06
20230101T000007.900000,6,1543,3631.27,1777.67,-836.67,0,0,0,6009.19,-9861.79,4849.67,21326.2,2374.13,26156.6,544376
20230101T000007.900000,6,1544,11039.3,4204.88,-1477.58,0,0,0,31395.3,-73087.4,26090.9,195436,9938.06,223276,2.57407e+06
20230101T000007.900000,6,1545,4266.74,993.701,9.0714,0,0,0,1640.74,-6769.61,-61.7993,29131.3,-14.3928,30708,150657
20230101T000007.900000,6,1546,6295.13,3778.84,-719.999,0,0,0,23503.8,-37667.3,7246.65,63642.4,4350.02,86254,1.95795e+06
20230101T000007.900000,6,1547,6891.76,3165.21,215.9,0,0,0,16144.1,-34849.7,-2379.04,76018.4,-1092.63,92024,9.12351e+06
20230101T000007.900000,6,1548,7355.03,2920.29,-1401.47,0,0,0,16413.2,-33267,16482.3,86990.7,6544.27,100201,534956
20230101T000007.900000,6,1549,7468.73,3366.26,-956.592,0,0,0,19400.1,-39654.6,11424.5,89508.9,5149.19,107383,597865
20230101T000007.900000,6,1550,7055.39,4650.01,-178.983,0,0,0,34676.5,-52439.2,2019.34,79680.4,1330.89,114242,1.15783e+06
20230101T000007.900000,6,1551,7947.03,3446.46,184.631,0,0,0,19104.7,-43779.4,-2346.38,101067,-1017.58,120053,247861
20230101T000007.900000,6,1552,6222.96,1919.27,-342.706,0,0,0,6123.64,-19038.8,3409.03,61982.2,1051.4,67854.3,924510
20230101T000007.900000,6,1553,5719.9,3546.32,196.621,0,0,0,20213.1,-32399,-1797.85,52382.6,-1114.66,72469.9,793102
20230101T000007.900000,6,1554,4126,2436.8,-13.8419,0,0,0,9548.49,-16058.6,91.2194,27254.8,53.8739,36739,1.93579e+06
20230101T000007.900000,6,1555,4334.47,2467.26,-350.667,0,0,0,9936.53,-16998.9,2428.04,30123.9,1382.09,39800.3,222450
20230101T000007.900000,6,1556,7941.53,3915.36,785.612,0,0,0,25373.6,-49333.5,-9977.28,101114,-4919.04,125437,6.57413e+06
20230101T000007.900000,6,1557,2567.75,530.845,-1.26281,0,0,0,512.254,-2168.23,5.15795,10551.9,1.06633,11000.2,547458
20230101T000007.900000,6,1558,2551.05,1290.72,45.8497,0,0,0,2719.17,-5241.19,-186.229,10426.3,-94.2237,13078.2,2.21472e+06
20230101T000007.900000,6,1559,9259.32,5525.55,896.188,0,0,0,49845.2,-81267.1,-13272.4,137530,-7920.39,186027,2.19878e+06
20230101T000007.900000,6,1560,5029.15,2556.58,464.777,0,0,0,10782.9,-20406.6,-3735.23,40551.8,-1898.81,50926,1.92581e+06
20230101T000007.900000,6,1561,2088.51,2261.01,19.0836,0,0,0,8209.19,-7523.24,-63.5008,7013.85,-68.7456,15158.5,564439
20230101T000007.900000,6,1562,2591.59,2958.05,-91.449,0,0,0,14033.7,-12227.3,378.217,10789.9,431.698,24746.3,1.09379e+06
20230101T000007.900000,6,1563,7494.57,8159.71,2064.27,0,0,0,109678,-94418.2,-24745.5,93601.4,-26941.7,196401,766595
20230101T000007.900000,6,1564,2888.65,3536.53,123.045,0,0,0,20046.6,-16302.1,-567.606,13403.8,-694.911,33362.2,2.69909e+06
20230101T000007.900000,6,1565,4817.89,5931.94,-1563.94,0,0,0,57880.5,-43781.9,12047.9,39534.4,14833.8,93442.5,2.62129e+06
20230101T000007.900000,6,1566,4398.44,3821.52,-725.178,0,0,0,23881.8,-26446.2,5097.52,31343.1,4428.91,54321.4,441998
20230101T000007.900000,6,1567,4200.88,4399.84,20.4881,0,0,0,31004.6,-29540.9,-137.56,28269.7,-144.075,59209.7,676740
20230101T000007.900000,6,1568,4674.53,5138.84,-282.003,0,0,0,42338.9,-38339.5,2107.42,35066.5,2316.75,77214.4,1.27904e+06
20230101T000007.900000,6,1569,4226.14,5776.92,-69.4332,0,0,0,53421.4,-39028.3,469.128,28623.1,641.274,81972.8,1.42829e+06
20230101T000007.900000,6,1570,5051.74,7801.83,-2093.05,0,0,0,99478.3,-59834.9,16910.2,45813.8,26115.9,138225,257183
20230101T000007.900000,6,1571,6598.35,5802.07,1287.88,0,0,0,55394.4,-59907.4,-13589.7,70845.6,-11949.7,123525,6.9856e+06
20230101T000007.900000,6,1572,5621.94,6859.31,-2055.24,0,0,0,78020.3,-58357,18478.2,54649.1,22545.2,125853,1.30662e+06
20230101T000007.900000,6,1573,5517.09,7208.17,2060.94,0,0,0,85665.4,-60319.6,-18184.2,53025,-23757.9,131837,2.11181e+06
20230101T000007.900000,6,1574,3776.47,3215.51,-629.904,0,0,0,16947.7,-19084.8,3800.01,23112,3235.55,39362.9,211795
20230101T000007.900000,6,1575,3736.1,3641.02,-156.821,0,0,0,21264.2,-21713.5,936.061,22383.8,912.24,43544.8,3.59407e+06
20230101T000007.900000,6,1576,4285.26,4600.34,-424.589,0,0,0,34024.5,-31366.2,2908.23,29570.1,3122.05,63242.8,4.53346e+06
20230101T000007.900000,4,1209,4268.5,4627.64,196.841,6.43226,8.591,-4.09558,1316.7,-1179.31,-56.0591,1129.36,-60.7509,2403.54,0
20230101T000007.900000,4,1212,6958.41,3021.07,131.226,-0.627496,0.197675,0.22135,441.888,-873.809,-37.334,2078.91,-16.1835,2457.02,0
20230101T000007.900000,4,1215,6619.28,5232.73,480.289,2.24372,-0.261264,-1.35426,997.92,-1168.34,-110.244,1542.79,-87.4942,2461.97,0
20230101T000007.900000,4,1219,7043.97,5328.18,926.935,-1.7472,0.312743,0.598201,953.511,-1147.37,-198.467,1609.85,-149.66,2449.71,0
20230101T000007.900000,4,1223,4356.15,3937.11,-72.9913,-0.927914,-1.54124,-2.94318,1122.35,-1170.5,12.8121,1355.3,11.6004,2414.98,0
20230101T000007.900000,3,1226,9322.64,-4527.14,-465.749,0,0,0,2500,0,0,2500,0,2500,0
20230101T000007.900000,3,1227,606.03,-349.311,-23.5539,0,0,0,2500,0,0,2500,0,2500,0
20230101T000007.900000,3,1228,3432.5,-642.658,-70.699,0,0,0,2500,0,0,2500,0,2500,0
20230101T000007.900000,3,1229,10336.5,-857.709,-441.649,0,0,0,2500,0,0,2500,0,2500,0
20230101T000007.900000,3,1230,9343.93,5806.81,421.06,0,0,0,2500,0,0,2500,0,2500,0
20230101T000007.900000,3,1231,1786.57,860.717,214.853,0,0,0,2500,0,0,2500,0,2500,0
20230101T000007.900000,3,1232,11160.5,3229.34,-1236.26,0,0,0,2500,0,0,2500,0,2500,0
20230101T000007.900000,3,1233,3631.27,1777.67,-836.67,0,0,0,2500,0,0,2500,0,2500,0
20230101T000007.900000,3,1234,11039.3,4204.88,-1477.58,0,0,0,2500,0,0,2500,0,2500,0
20230101T000007.900000,3,1235,4266.74,993.701,9.0714,0,0,0,2500,0,0,2500,0,2500,0
20230101T000007.900000,3,1236,6295.13,3778.84,-719.999,0,0,0,2500,0,0,2500,0,2500,0
20230101T000007.900000,3,1237,7355.03,2920.29,-1401.47,0,0,0,2500,0,0,2500,0,2500,0
20230101T000007.900000,3,1238,7468.73,3366.26,-956.592,0,0,0,2500,0,0,2500,0,2500,0
20230101T000007.900000,3,1239,7947.03,3446.46,184.631,0,0,0,2500,0,0,2500,0,2500,0
20230101T000007.900000,3,1240,6222.96,1919.27,-342.706,0,0,0,2500,0,0,2500,0,2500,0
20230101T000007.900000,3,1241,5719.9,3546.32,196.621,0,0,0,2500,0,0,2500,0,2500,0
20230101T000007.900000,3,1242,4126,2436.8,-13.8419,0,0,0,2500,0,0,2500,0,2500,0
20230101T000007.900000,3,1243,4334.47,2467.26,-350.667,0,0,0,2500,0,0,2500,0,2500,0
20230101T000007.900000,3,1244,7941.53,3915.36,785.612,0,0,0,2500,0,0,2500,0,2500,0
20230101T000007.900000,3,1245,2567.75,530.845,-1.26281,0,0,0,2500,0,0,2500,0,2500,0
20230101T000007.900000,3,1246,2551.05,1290.72,45.8497,0,0,0,2500,0,0,2500,0,2500,0
20230101T000007.900000,3,1247,9259.32,5525.55,896.188,0,0,0,2500,0,0,2500,0,2500,0
20230101T000007.900000,3,1248,5029.15,2556.58,464.777,0,0,0,2500,0,0,2500,0,2500,0
20230101T000007.900000,3,1249,2088.51,2261.01,19.0836,0,0,0,2500,0,0,2500,0,2500,0
20230101T000007.900000,3,1250,2591.59,2958.05,-91.449,0,0,0,2500,0,0,2500,0,2500,0
20230101T000007.900000,3,1251,7494.57,8159.72,2064.27,0,0,0,2500,0,0,2500,0,2500,0
20230101T000007.900000,3,1252,2888.65,3536.53,123.045,0,0,0,2500,0,0,2500,0,2500,0
20230101T000007.900000,3,1253,4817.89,5931.94,-1563.94,0,0,0,2500,0,0,2500,0,2500,0
20230101T000007.900000,3,1254,4200.88,4399.84,20.4881,0,0,0,2500,0,0,2500,0,2500,0
20230101T000007.900000,3,1255,4674.53,5138.84,-282.003,0,0,0,2500,0,0,2500,0,2500,0
20230101T000007.900000,3,1256,4226.14,5776.92,-69.4332,0,0,0,2500,0,0,2500,0,2500,0
20230101T000007.900000,3,1257,5051.74,7801.83,-2093.05,0,0,0,2500,0,0,2500,0,2500,0
20230101T000007.900000,3,1258,5621.95,6859.31,-2055.24,0,0,0,2500,0,0,2500,0,2500,0
20230101T000007.900000,3,1259,5517.09,7208.17,2060.94,0,0,0,2500,0,0,2500,0,2500,0
20230101T000007.900000,3,1260,3776.47,3215.51,-629.904,0,0,0,2500,0,0,2500,0,2500,0
20230101T000007.900000,3,1261,3736.1,3641.02,-156.821,0,0,0,2500,0,0,2500,0,2500,0
20230101T000008,6,1577,535.568,-449.967,-23.5212,0,0,0,361.946,353.659,18.5097,485.751,-15.5512,782.956,7.75806e+21
20230101T000008,6,1578,10388.1,36.9507,-269.712,0,0,0,182.53,-613.517,4481.23,172662,15.9398,172664,2.47565e+08
20230101T000008,6,1579,2112.05,664.258,-61.3306,0,0,0,769.653,-2224.69,205.564,7143.51,64.6515,7843.24,2.81644e+06
20230101T000008,6,1580,2449.71,1010.28,158.914,0,0,0,1722.11,-3923.12,-619.333,9616.84,-255.419,11235,1.05843e+06
20230101T000008,6,1581,1866.31,700.251,198.167,0,0,0,895.193,-2049.5,-585.846,5588.54,-219.813,6358.15,5.11572e+06
20230101T000008,6,1582,3756.11,1119.6,-324.87,0,0,0,2219.07,-6664.91,1947.35,22592.3,580.455,24579.4,1.02183e+06
20230101T000008,6,1583,8846.23,4556.54,439.268,0,0,0,33513.7,-64341.4,-6214.88,125287,-3201.17,158429,2.46574e+06
20230101T000008,6,1584,9480.6,4252.7,41.441,0,0,0,28992.3,-64484.1,-628.384,143822,-281.873,172748,2.54756e+08
20230101T000008,6,1585,7512.48,3630.69,1351.48,0,0,0,23510.7,-42471.5,-16235.6,90865,-7846.48,111393,2.45296e+06
20230101T000008,6,1586,8151.2,2765.77,-1121.76,0,0,0,14101.1,-35439.2,14622.1,106522,4961.41,118548,327289
20230101T000008,6,1587,6728.75,1754.11,82.5872,0,0,0,4993.19,-18866.5,-888.398,72446.4,-231.596,77364.7,145576
20230101T000008,6,1588,6897.21,4506.7,110.765,0,0,0,32555.1,-49695.5,-1221.63,76139.3,-798.223,108611,4.82845e+06
20230101T000008,6,1589,7133.13,2450.36,850.728,0,0,0,10699.1,-27590.8,-9702.63,81539.5,-3333.03,91018.2,2.27124e+07
20230101T000008,6,1590,6100.48,1120.69,-1098.61,0,0,0,3937.6,-10584.6,10712.4,59610.5,1967.93,61556.9,2.3784e+07
20230101T000008,6,1591,6437.76,1896.84,444.783,0,0,0,6106.69,-19435.2,-4577.4,66342,-1348.7,72068.7,109099
20230101T000008,6,1592,4473.25,1719.51,216.831,0,0,0,4851.94,-12260.3,-1549.2,32033.9,-595.511,36746.9,3.72135e+06
20230101T000008,6,1593,4410.29,2319.33,292.178,0,0,0,8763.79,-16283.7,-2058.43,31164.4,-1082.51,39728.1,595101
20230101T000008,6,1594,8800.54,2359.66,-97.604,0,0,0,8982.74,-33206.3,1373.69,123925,368.323,132828,2.19509e+06
20230101T000008,6,1595,7913.36,4853.35,-673.97,0,0,0,38262.4,-61097.9,8529.45,100410,5231.21,137883,988050
20230101T000008,6,1596,9984.86,4076.68,987.942,0,0,0,27983.8,-64559.5,-15777.8,159748,-6441.85,186107,1.11359e+06
20230101T000008,6,1597,1931.27,2083.98,24.6602,0,0,0,6978.79,-6407.19,-75.8234,6002.65,-81.819,12916.5,5.05893e+06
20230101T000008,6,1598,2087.39,3066.54,164.477,0,0,0,15079.8,-10191.8,-547.729,7044.74,-804.656,22017.5,1.21046e+06
20230101T000008,6,1599,2376.54,2558.49,126.128,0,0,0,10514.8,-9684.01,-478.027,9084.71,-514.624,19510.2,5.1205e+07
20230101T000008,6,1600,6931.15,9655.26,279.224,0,0,0,149223,-106986,-3095.68,76989.9,-4312.35,226024,8.53482e+06
20230101T000008,6,1601,2746.37,3358.92,536.223,0,0,0,18261.4,-14503.4,-2351.34,12381.6,-2875.78,30120.8,1.04473e+06
20230101T000008,6,1602,2797.8,3582.67,-529.071,0,0,0,20730.4,-15789.8,2363.85,12841.7,3026.99,33062,388143
20230101T000008,6,1603,8065.13,6038.46,-1448.29,0,0,0,60531.5,-76281.3,18681.8,105302,13987.3,162416,3.63639e+06
20230101T000008,6,1604,6760.26,4708.83,8.71248,0,0,0,35520.1,-50902.5,-94.1822,73142.7,-65.6022,108599,4.67048e+06
20230101T000008,6,1605,4713.75,6219.24,-274.623,0,0,0,61953.6,-46816.7,2069.85,35668.4,2730.92,97437.5,1.3121e+06
20230101T000008,6,1606,3686.07,4546.81,160.785,0,0,0,33119.4,-26764.3,-947.155,21803,-1168.33,54817.1,969063
20230101T000008,6,1607,3741.78,4717.71,-875.526,0,0,0,36108.7,-27616.6,5235.98,23192.9,6601.62,58013.7,1.45745e+06
20230101T000008,6,1608,3683.05,3728.46,-185.076,0,0,0,22300.8,-21912,1089.04,21763.8,1102.47,43946,288380
20230101T000008,6,1609,3695.97,3944.05,513.546,0,0,0,25115.8,-23081.1,-3032.76,22114.7,-3236.32,46745.7,1.57215e+06
20230101T000008,6,1610,3703.9,4238.18,511.735,0,0,0,28948.4,-24877.4,-3028.87,22223.7,-3465.78,50690.2,4.09826e+06
20230101T000008,6,1611,6780.52,5739.08,397.289,0,0,0,52883.5,-62106.3,-4307.95,73692.8,-3646.27,126260,175573
20230101T000008,6,1612,6264.92,6725.8,1561.78,0,0,0,74220.2,-65441.1,-15647.8,64921.6,-16799,135179,929243
20230101T000008,6,1613,6318.45,7112.03,671.606,0,0,0,81276,-71509.2,-6786.62,64315.3,-7639.01,144806,985222
20230101T000008,4,1205,2408.15,2511.52,321.49,-0.707741,2.34535,-7.43713,1280.18,-1150.43,-160.388,1193.74,-166.527,2367.96,0
20230101T000008,4,1211,9588.57,3998.73,-184.4,1.26096,1.39153,0.623655,432.659,-886.737,41.6864,2191.99,17.3649,2560.57,0
20230101T000008,4,1219,7043.99,5340.85,917.374,12.5797,13.5417,0.593474,948.245,-1170.76,-203.25,1613.5,-153.611,2472.43,0
20230101T000008,4,1227,559.141,-430.677,-23.529,-4.64247,-8.05606,0.00246544,196.332,231.279,15.6102,464.278,-8.99758,597.496,0
20230101T000008,4,1229,10347.7,-845.642,-439.591,1.104,1.19475,0.203786,83.3692,199.574,102.767,2471.93,-8.52743,2484.17,0
20230101T000008,4,1231,1816.65,818.469,210.769,2.97756,-4.18297,-0.40437,406.539,-672.251,-168.394,1478.05,-81.1271,1787.67,0
20230101T000008,4,1259,5540.14,7211.16,2055.27,2.28237,0.296018,-0.560696,1629.14,-1108.46,-317.241,1029.33,-414.481,2361.33,0
20230101T000008,4,1261,3749.65,3661.82,-159.05,1.34153,2.05902,-0.22066,1195.64,-1160.66,49.9929,1255.49,48.7207,2384.63,0
20230101T000008,3,1262,2112.05,664.258,-61.3306,0,0,0,2500,0,0,2500,0,2500,0
20230101T000008,3,1263,2449.71,1010.28,158.914,0,0,0,2500,0,0,2500,0,2500,0
20230101T000008,3,1264,3756.11,1119.6,-324.87,0,0,0,2500,0,0,2500,0,2500,0
20230101T000008,3,1265,8846.23,4556.54,439.268,0,0,0,2500,0,0,2500,0,2500,0
20230101T000008,3,1266,7512.48,3630.69,1351.48,0,0,0,2500,0,0,2500,0,2500,0
20230101T000008,3,1267,8151.2,2765.77,-1121.76,0,0,0,2500,0,0,2500,0,2500,0
20230101T000008,3,1268,6728.75,1754.11,82.5872,0,0,0,2500,0,0,2500,0,2500,0
20230101T000008,3,1269,6897.2,4506.7,110.765,0,0,0,2500,0,0,2500,0,2500,0
20230101T000008,3,1270,7133.13,2450.36,850.728,0,0,0,2500,0,0,2500,0,2500,0
20230101T000008,3,1271,6100.48,1120.69,-1098.61,0,0,0,2500,0,0,2500,0,2500,0
20230101T000008,3,1272,6437.76,1896.84,444.783,0,0,0,2500,0,0,2500,0,2500,0
20230101T000008,3,1273,4473.25,1719.51,216.831,0,0,0,2500,0,0,2500,0,2500,0
20230101T000008,3,1274,4410.29,2319.33,292.178,0,0,0,2500,0,0,2500,0,2500,0
20230101T000008,3,1275,8800.54,2359.66,-97.604,0,0,0,2500,0,0,2500,0,2500,0
20230101T000008,3,1276,7913.36,4853.35,-673.97,0,0,0,2500,0,0,2500,0,2500,0
20230101T000008,3,1277,9984.86,4076.68,987.942,0,0,0,2500,0,0,2500,0,2500,0
20230101T000008,3,1278,1931.27,2083.98,24.6602,0,0,0,2500,0,0,2500,0,2500,0
20230101T000008,3,1279,2087.39,3066.54,164.477,0,0,0,2500,0,0,2500,0,2500,0
20230101T000008,3,1280,6931.15,9655.26,279.224,0,0,0,2500,0,0,2500,0,2500,0
20230101T000008,3,1281,2746.37,3358.92,536.223,0,0,0,2500,0,0,2500,0,2500,0
20230101T000008,3,1282,2797.8,3582.67,-529.071,0,0,0,2500,0,0,2500,0,2500,0
20230101T000008,3,1283,8065.13,6038.46,-1448.29,0,0,0,2500,0,0,2500,0,2500,0
20230101T000008,3,1284,6760.26,4708.83,8.71248,0,0,0,2500,0,0,2500,0,2500,0
20230101T000008,3,1285,4713.75,6219.24,-274.623,0,0,0,2500,0,0,2500,0,2500,0
20230101T000008,3,1286,3686.07,4546.81,160.785,0,0,0,2500,0,0,2500,0,2500,0
20230101T000008,3,1287,3741.78,4717.71,-875.526,0,0,0,2500,0,0,2500,0,2500,0
20230101T000008,3,1288,3695.97,3944.05,513.546,0,0,0,2500,0,0,2500,0,2500,0
20230101T000008,3,1289,3703.9,4238.18,511.735,0,0,0,2500,0,0,2500,0,2500,0
20230101T000008,3,1290,6318.45,7112.03,671.606,0,0,0,2500,0,0,2500,0,2500,0
20230101T000008.100000,6,1614,1795.47,-2210.14,119.775,0,0,0,7850.1,6306.68,-342.388,5210.23,421.465,12973.6,3.51623e+06
20230101T000008.100000,6,1615,2458.81,-3048.78,-253.386,0,0,0,14937.7,11912.9,994.26,9774.08,-1232.82,24545.6,960713
20230101T000008.100000,6,1616,2941.29,-3221.54,-143.589,0,0,0,16649.3,15112.5,674.319,13894.8,-738.567,30447.3,795548
20230101T000008.100000,6,1617,6721.43,-7870.53,-907.073,0,0,0,99694.3,83960.4,9751.31,73082.1,-11418.4,171397,3.71339e+08
20230101T000008.100000,6,1618,4657.14,-5143.29,-570.58,0,0,0,42588.8,38034,4248.13,35023.5,-4691.58,77028.3,1.98502e+06
20230101T000008.100000,6,1619,7459.59,-5881.23,731.517,0,0,0,55909.4,69747.3,-8727.07,89385.5,6880.52,144375,1.76674e+06
20230101T000008.100000,6,1620,5841.07,-7799.75,-227.332,0,0,0,97390.4,72823.8,2123.68,54682.9,-2835.82,151927,4.15228e+06
20230101T000008.100000,6,1621,3870.49,-4099.05,581.314,0,0,0,27168.2,25083,-3595.47,24288.5,3807.78,50853.3,665911
20230101T000008.100000,6,1622,3781.79,-4356.24,1134.36,0,0,0,31274.2,25309.3,-6855.9,24092.2,7897.3,53248.3,1.25658e+06
20230101T000008.100000,6,1623,4050.86,-4810.41,429.275,0,0,0,37172.9,31001.5,-2779.49,26465,3300.66,63279.6,1.8986e+07
20230101T000008.100000,6,1624,4715.98,-3742.94,-964.493,0,0,0,23366.8,27487.4,7269.81,36184.1,-5769.84,58001.6,2.64436e+06
20230101T000008.100000,6,1625,6847.03,-5998.9,0.15652,0,0,0,57615.1,65687.7,-1.71389,75038.8,1.50159,132590,8.14297e+06
20230101T000008.100000,6,1626,3719.49,-3022.81,-225.066,0,0,0,14707,17918.4,1337.08,22193.1,-1086.64,36755.3,5.64907e+06
20230101T000008.100000,6,1627,6571.74,-6589.95,406.075,0,0,0,69647.3,69128.1,-4267.83,69264.8,4279.65,138584,1.11857e+06
20230101T000008.100000,6,1628,3252.48,-1786.78,129.03,0,0,0,5177.71,9260.15,-669.52,16946.8,367.807,22034.1,3.51544e+06
20230101T000008.100000,6,1629,3920.03,-2373.63,-69.5837,0,0,0,9067.11,14855.8,435.601,24605.9,-263.763,33601.3,6.73859e+06
20230101T000008.100000,6,1630,10878.2,-2807.82,243.112,0,0,0,12762.8,48831.9,-4230.05,189345,1091.84,201950,5.84011e+06
20230101T000008.100000,6,1631,4818.98,-2931.66,-345.464,0,0,0,13937.3,22491,2660.31,37224.9,-1618.42,50907.7,627971
20230101T000008.100000,6,1632,7714.13,-5236.64,1959.39,0,0,0,48122.8,61750.9,-24173.3,97169.6,16409.7,139091,1.72334e+06
20230101T000008.100000,6,1633,5622.77,-3673.4,-592.047,0,0,0,22027.8,32761.6,5321.63,50771.7,-3476.66,72175.6,479209
20230101T000008.100000,6,1634,4501.71,-2046.28,738.438,0,0,0,7474.54,14386.5,-5310.27,32584.8,2413.81,39125.7,1.06997e+06
20230101T000008.100000,6,1635,3477.64,342.299,-22.9524,0,0,0,251.688,-1898.31,127.294,19351,12.5294,19537.9,8.30219e+07
20230101T000008.100000,6,1636,7593.05,-36.3778,297.017,0,0,0,207.165,440.967,-3605.92,92247.1,17.2757,92249.4,2.27578e+07
20230101T000008.100000,6,1637,448.27,528.737,96.7542,0,0,0,479.817,-340.873,-63.7287,366.751,-75.1685,770.036,6.39356e+22
20230101T000008.100000,3,1291,1795.47,-2210.14,119.775,0,0,0,2500,0,0,2500,0,2500,0
20230101T000008.100000,3,1292,2458.81,-3048.78,-253.386,0,0,0,2500,0,0,2500,0,2500,0
20230101T000008.100000,3,1293,2941.29,-3221.54,-143.589,0,0,0,2500,0,0,2500,0,2500,0
20230101T000008.100000,3,1294,6721.43,-7870.53,-907.073,0,0,0,2500,0,0,2500,0,2500,0
20230101T000008.100000,3,1295,4657.14,-5143.29,-570.58,0,0,0,2500,0,0,2500,0,2500,0
20230101T000008.100000,3,1296,7459.59,-5881.23,731.517,0,0,0,2500,0,0,2500,0,2500,0
20230101T000008.100000,3,1297,5841.07,-7799.75,-227.332,0,0,0,2500,0,0,2500,0,2500,0
20230101T000008.100000,3,1298,3870.49,-4099.05,581.313,0,0,0,2500,0,0,2500,0,2500,0
20230101T000008.100000,3,1299,3781.79,-4356.24,1134.36,0,0,0,2500,0,0,2500,0,2500,0
20230101T000008.100000,3,1300,4050.86,-4810.41,429.275,0,0,0,2500,0,0,2500,0,2500,0
20230101T000008.100000,3,1301,4715.98,-3742.94,-964.493,0,0,0,2500,0,0,2500,0,2500,0
20230101T000008.100000,3,1302,6847.03,-5998.9,0.15652,0,0,0,2500,0,0,2500,0,2500,0
20230101T000008.100000,3,1303,3719.49,-3022.81,-225.066,0,0,0,2500,0,0,2500,0,2500,0
20230101T000008.100000,3,1304,6571.74,-6589.95,406.075,0,0,0,2500,0,0,2500,0,2500,0
20230101T000008.100000,3,1305,3252.48,-1786.78,129.03,0,0,0,2500,0,0,2500,0,2500,0
20230101T000008.100000,3,1306,3920.03,-2373.63,-69.5837,0,0,0,2500,0,0,2500,0,2500,0
20230101T000008.100000,3,1307,10878.2,-2807.82,243.112,0,0,0,2500,0,0,2500,0,2500,0
20230101T000008.100000,3,1308,4818.98,-2931.66,-345.464,0,0,0,2500,0,0,2500,0,2500,0
20230101T000008.100000,3,1309,7714.13,-5236.64,1959.39,0,0,0,2500,0,0,2500,0,2500,0
20230101T000008.100000,3,1310,5622.77,-3673.4,-592.047,0,0,0,2500,0,0,2500,0,2500,0
20230101T000008.100000,3,1311,4501.71,-2046.28,738.438,0,0,0,2500,0,0,2500,0,2500,0
20230101T000008.100000,3,1312,3477.64,342.299,-22.9524,0,0,0,2500,0,0,2500,0,2500,0
20230101T000008.100000,3,1313,7593.05,-36.3778,297.017,0,0,0,2500,0,0,2500,0,2500,0
20230101T000008.100000,3,1314,448.27,528.737,96.7542,0,0,0,2500,0,0,2500,0,2500,0
20230101T000008.200000,6,1638,7262.96,-7428.99,-117.6,0,0,0,88345.9,86287.3,1366.09,84445.1,-1397.32,172705,3.83783e+08
20230101T000008.200000,6,1639,5764.12,-4946.19,133.65,0,0,0,39197,45570.9,-1231.74,53199.4,1056.96,92303.8,2.70513e+07
20230101T000008.200000,6,1640,5798.24,-6408.62,614.272,0,0,0,66013.1,59122,-5695.68,54158.4,6295.26,119504,1.83446e+06
20230101T000008.200000,6,1641,3941.6,-4607.31,371.756,0,0,0,34084,28915.5,-2341.96,25022.4,2737.5,58821.8,1.65583e+06
20230101T000008.200000,6,1642,7130.07,-5562.49,1049.37,0,0,0,50640.6,62572.4,-11965.6,82031.1,9334.89,130848,2.31707e+06
20230101T000008.200000,6,1643,3401.85,-3358.8,267.492,0,0,0,18140.8,18192.7,-1453.41,18604.2,1435.02,36566.9,3.33402e+06
20230101T000008.200000,6,1644,4095.48,-3577.67,125.287,0,0,0,20530.1,23399.5,-819.866,26875.3,716.206,47316.3,956529
20230101T000008.200000,6,1645,4754.33,-4650.62,-1004.32,0,0,0,35461.9,34538.9,7633.04,36985.6,-7466.53,70772.5,950587
20230101T000008.200000,6,1646,3320.42,-1089.07,58.9849,0,0,0,1960.51,5765.28,-312.341,17647.1,102.445,19538.1,8.67713e+07
20230101T000008.200000,6,1647,6840.23,-3305.83,232.616,0,0,0,17607.6,36121.2,-2544.07,74890.4,1229.53,92347.6,2.49411e+07
20230101T000008.200000,6,1648,6560.8,-2304.25,-78.1528,0,0,0,8560.98,24165.3,819.713,68878.6,-287.895,77365.8,942230
20230101T000008.200000,6,1649,8065.6,-3703.45,-107.567,0,0,0,22013,47761.6,1387.45,104100,-637.068,126031,1.95615e+06
20230101T000008.200000,6,1650,6148.14,-3595.94,391.292,0,0,0,20919.3,35238.7,-3846.12,60558,2249.53,81168.7,1.06883e+06
20230101T000008.200000,6,1651,5435.54,-3161.1,416.433,0,0,0,16243.1,27343.4,-3618.01,47358.4,2104.1,63260.5,2.11276e+07
20230101T000008.200000,6,1652,533.869,441.283,100.546,0,0,0,358.417,-338.217,-78.8726,488.033,-65.1942,768.916,2.85758e+23
20230101T000008.200000,4,1294,6730.03,-7865.03,-895.761,0.851548,0.544356,1.12008,1473.04,1188.88,137.033,1096.21,-160.46,2470.12,0
20230101T000008.200000,4,1314,519.678,467.654,99.649,7.07019,-6.04785,0.286611,373.279,-254.873,-47.4304,288.74,-55.9444,587.889,0
20230101T000008.200000,3,1315,5764.12,-4946.19,133.65,0,0,0,2500,0,0,2500,0,2500,0
20230101T000008.200000,3,1316,5798.24,-6408.62,614.272,0,0,0,2500,0,0,2500,0,2500,0
20230101T000008.200000,3,1317,3941.6,-4607.31,371.756,0,0,0,2500,0,0,2500,0,2500,0
20230101T000008.200000,3,1318,7130.07,-5562.49,1049.37,0,0,0,2500,0,0,2500,0,2500,0
20230101T000008.200000,3,1319,3401.85,-3358.8,267.492,0,0,0,2500,0,0,2500,0,2500,0
20230101T000008.200000,3,1320,4095.48,-3577.67,125.287,0,0,0,2500,0,0,2500,0,2500,0
20230101T000008.200000,3,1321,4754.33,-4650.62,-1004.32,0,0,0,2500,0,0,2500,0,2500,0
20230101T000008.200000,3,1322,3320.42,-1089.07,58.9849,0,0,0,2500,0,0,2500,0,2500,0
20230101T000008.200000,3,1323,6840.23,-3305.83,232.616,0,0,0,2500,0,0,2500,0,2500,0
20230101T000008.200000,3,1324,6560.8,-2304.25,-78.1528,0,0,0,2500,0,0,2500,0,2500,0
20230101T000008.200000,3,1325,8065.6,-3703.45,-107.567,0,0,0,2500,0,0,2500,0,2500,0
20230101T000008.200000,3,1326,6148.14,-3595.94,391.292,0,0,0,2500,0,0,2500,0,2500,0
20230101T000008.200000,3,1327,5435.54,-3161.1,416.433,0,0,0,2500,0,0,2500,0,2500,0
20230101T000008.300000,6,1653,6492.2,-6339.13,-500.939,0,0,0,64533.4,65615.2,5201,67665,-5078.36,131733,1.67136e+06
20230101T000008.300000,6,1654,4243.35,-4942.56,49.6796,0,0,0,39115,33523.2,-336.974,28848.7,392.5,67895.8,1.33641e+06
20230101T000008.300000,6,1655,3810.85,-2856.65,398.874,0,0,0,13260.4,17265.4,-2427.82,23350.6,1819.92,36293.4,1.05781e+07
20230101T000008.300000,6,1656,3317.36,-1083.25,135.608,0,0,0,1961.82,5722.1,-717.415,17616.8,234.265,19485.4,1.27999e+08
20230101T000008.300000,6,1657,9603.29,-3910.49,513.879,0,0,0,24884.3,59915.9,-7892.95,147626,3214.04,172024,2.29857e+08
20230101T000008.300000,6,1658,6613.86,-3702.22,-83.8411,0,0,0,21987.6,39145.5,886.603,70007,-496.291,91919.3,2.77747e+07
20230101T000008.300000,6,1659,5954.65,-1986.51,455.004,0,0,0,6669.31,18807.8,-4330.64,56772.1,1444.73,63046.8,1.22272e+07
20230101T000008.300000,6,1660,600.232,345.596,100.642,0,0,0,250.341,-297.79,-88.7607,596.086,-51.1058,768.868,2.32349e+23
20230101T000008.300000,4,1302,6829.32,-5995.95,-9.5024,-3.40618,0.567148,-1.85749,1142.71,1232.97,-0.03217,1469.75,0.0281852,2550,0
20230101T000008.300000,4,1322,3318.05,-1087.74,67.723,-0.235161,0.131748,0.865162,274.098,643.495,-34.8534,2024.97,11.4316,2235.48,0
20230101T000008.300000,4,1323,6816.97,-3308.09,223.579,-2.30231,-0.224039,-0.894721,517.792,937.59,-65.9756,2004.67,31.8855,2455.62,0
20230101T000008.300000,3,1328,4243.35,-4942.56,49.6796,0,0,0,2500,0,0,2500,0,2500,0
20230101T000008.300000,3,1329,3810.85,-2856.65,398.874,0,0,0,2500,0,0,2500,0,2500,0
20230101T000008.300000,3,1330,9603.29,-3910.49,513.879,0,0,0,2500,0,0,2500,0,2500,0
20230101T000008.300000,3,1331,5954.65,-1986.51,455.004,0,0,0,2500,0,0,2500,0,2500,0
20230101T000008.300000,3,1332,600.232,345.596,100.642,0,0,0,2500,0,0,2500,0,2500,0
20230101T000008.400000,6,1661,2426.61,-2507.71,137.371,0,0,0,10107.2,9689.32,-531.603,9470.05,549.37,19483.3,9.94071e+07
20230101T000008.400000,6,1662,7104.01,-7550.97,530.245,0,0,0,91468.7,85571.1,-6024.75,81019.7,6403.81,171975,2.46844e+08
20230101T000008.400000,6,1663,5566.07,-5134.58,323.436,0,0,0,42307.2,45611.8,-2878.42,49676.1,2655.28,91752.2,1.38342e+07
20230101T000008.400000,6,1664,3337.86,-3387.58,391.155,0,0,0,18513.1,17937.5,-2085.32,17982.5,2116.39,36187.7,3.36953e+06
20230101T000008.400000,6,1665,4385.38,-4513.8,79.6279,0,0,0,32635,31634.5,-558.153,30808.6,574.499,63369.5,1.66134e+07
20230101T000008.400000,6,1666,5593.94,-7161.71,43.8081,0,0,0,82089.4,64066.9,-391.906,50109.2,501.742,132132,3.5762e+06
20230101T000008.400000,6,1667,651.679,235.54,98.3419,0,0,0,157.94,-220.593,-94.1665,688.534,-34.0351,769.528,2.88767e+23
20230101T000008.400000,4,1300,4059.55,-4792.08,414.286,2.39112,5.04571,-4.12524,1559.4,1250.56,-111.62,1127.46,132.549,2601.17,0
20230101T000008.400000,4,1315,5746.59,-4940.99,138.577,-3.37114,0.998813,0.947589,1108.8,1218.48,-32.9244,1483.2,28.2524,2528.03,0
20230101T000008.400000,4,1319,3387.16,-3350.44,274.885,-2.82519,1.60927,1.42166,1233.61,1178.68,-93.8894,1263.64,92.7013,2420.52,0
20230101T000008.400000,4,1332,646.985,264.896,98.8869,4.62897,-7.99009,-0.173731,201.747,-222.749,-66.0614,460.366,-38.0362,587.025,0
20230101T000008.400000,3,1333,2426.61,-2507.71,137.371,0,0,0,2500,0,0,2500,0,2500,0
20230101T000008.400000,3,1334,7104.01,-7550.97,530.245,0,0,0,2500,0,0,2500,0,2500,0
20230101T000008.400000,3,1335,5593.94,-7161.71,43.8081,0,0,0,2500,0,0,2500,0,2500,0
20230101T000008.500000,6,1668,2418.58,-2515.96,146.782,0,0,0,10175.3,9686.94,-566.147,9410.4,588.94,19487.4,4.17579e+07
20230101T000008.500000,6,1669,7276.58,-7408.97,-222.203,0,0,0,87898.8,86187.7,2586.05,84790.5,-2633.1,172546,3.33434e+08
20230101T000008.500000,6,1670,5479.74,-6654.91,-867.198,0,0,0,71372.3,57726,7599.18,48799,-9228.87,118905,632420
20230101T000008.500000,6,1671,4989.41,-5411.53,-97.1271,0,0,0,46891.7,43161.1,774.799,39873.4,-840.349,86686.1,702165
20230101T000008.500000,6,1672,5169.72,-5522.01,-483.426,0,0,0,48992.5,45457.2,3995.9,42994.9,-4268.2,91550,1.08352e+07
20230101T000008.500000,6,1673,3439.45,-3368.82,244.783,0,0,0,18239.8,18459.2,-1344.75,19005.9,1317.14,37086.2,709107
20230101T000008.500000,6,1674,5631.89,-7065.14,1059.65,0,0,0,80588.5,62757.7,-9543.91,51886.2,11972.7,130616,4.5255e+06
20230101T000008.500000,6,1675,4406.6,-4493.05,193.49,0,0,0,32360.8,31616.6,-1362.84,31132.1,1389.58,63369.1,5.54892e+06
20230101T000008.500000,6,1676,682.339,118.82,100.628,0,0,0,99.1464,-116.39,-100.889,747.259,-17.5685,768.85,7.67529e+22
20230101T000008.500000,6,1677,8687.13,5652.09,459.557,0,0,0,51396.1,-78377,-6385.19,120865,-4154.39,171860,3.35657e+08
20230101T000008.500000,4,1300,4075.94,-4780.6,404.616,10.1514,6.32469,-7.12122,1574.02,1288.96,-112.656,1138.3,133.795,2652.84,0
20230101T000008.500000,4,1333,2426.14,-2509.12,138.475,-0.0462985,-0.14,0.109266,1186.19,1084.18,-59.4016,1114.89,61.3869,2232.34,0
20230101T000008.500000,4,1334,7110.77,-7553.46,519.699,0.669339,-0.245961,-1.04419,1352.34,1207.61,-84.8042,1204.88,90.1398,2482.23,0
20230101T000008.500000,4,1335,5600.93,-7167.91,62.925,0.691722,-0.614547,1.89277,1562.49,1171.65,-7.16697,977.638,9.17559,2477.6,0
20230101T000008.500000,3,1336,5479.74,-6654.91,-867.198,0,0,0,2500,0,0,2500,0,2500,0
20230101T000008.500000,3,1337,4989.41,-5411.53,-97.1271,0,0,0,2500,0,0,2500,0,2500,0
20230101T000008.500000,3,1338,5169.72,-5522.01,-483.426,0,0,0,2500,0,0,2500,0,2500,0
20230101T000008.500000,3,1339,3439.45,-3368.82,244.783,0,0,0,2500,0,0,2500,0,2500,0
20230101T000008.500000,3,1340,682.339,118.82,100.628,0,0,0,2500,0,0,2500,0,2500,0
20230101T000008.500000,3,1341,8687.13,5652.09,459.557,0,0,0,2500,0,0,2500,0,2500,0
20230101T000008.600000,6,1678,2784.58,-2098.94,229.097,0,0,0,7143.05,9280.46,-1017.36,12459.7,766.857,19455.4,2.48004e+08
20230101T000008.600000,6,1679,8624,-5738.55,564.875,0,0,0,53087.6,78918,-7791.48,119174,5184.58,171687,1.22624e+08
20230101T000008.600000,6,1680,5099.02,-3686.8,362.256,0,0,0,21927.8,29948.5,-2952.46,41694,2134.75,63348.2,1.26333e+07
20230101T000008.600000,6,1681,693.169,0.171778,96.6719,0,0,0,77.7317,-0.171251,-98.4606,768.774,-0.0244,769.995,1.03522e+23
20230101T000008.600000,6,1682,5775.26,4860.09,932.917,0,0,0,38644.9,-44192.2,-8614.58,53969.3,-7249.48,91159.6,4.11676e+06
20230101T000008.600000,4,1340,698.458,28.8079,97.6103,1.59595,-8.91214,-0.298831,88.6521,-87.0606,-75.0885,573.447,-13.0757,587.015,0
20230101T000008.600000,3,1342,2784.58,-2098.94,229.097,0,0,0,2500,0,0,2500,0,2500,0
20230101T000008.600000,3,1343,8624,-5738.55,564.875,0,0,0,2500,0,0,2500,0,2500,0
20230101T000008.600000,3,1344,5099.02,-3686.8,362.256,0,0,0,2500,0,0,2500,0,2500,0
20230101T000008.600000,3,1345,5775.26,4860.09,932.917,0,0,0,2500,0,0,2500,0,2500,0
20230101T000008.700000,6,1683,682.803,-119.346,96.7894,0,0,0,98.2492,117.194,-97.106,748.257,16.973,769.965,1.1691e+23
20230101T000008.700000,6,1684,2369.53,2511.9,526.162,0,0,0,10333.5,-9270.92,-1988.27,9250.94,-2107.74,19080.4,5.18195e+07
20230101T000008.700000,6,1685,7254.18,7435.42,-165.351,0,0,0,88509.4,-86246.8,1918.46,84252.2,1966.4,172654,2.82765e+08
20230101T000008.700000,6,1686,4893.86,5798.65,-305.448,0,0,0,53887.6,-45299.4,2390.05,38444.3,2831.93,92118.9,1.90141e+07
20230101T000008.700000,6,1687,6210.17,6590.73,875.772,0,0,0,70107.2,-64843.1,-8697.7,62389.6,-9230.69,131207,7.18266e+06
20230101T000008.700000,6,1688,4475.1,4298.21,1063.8,0,0,0,30533.6,-29840.2,-7609.3,32941.2,-7308.52,61603.7,1.18831e+07
20230101T000008.700000,6,1689,4606.53,4911.87,-33.8614,0,0,0,38633.1,-36169.8,249.353,33987.2,265.882,72554.5,2.45206e+06
20230101T000008.700000,3,1346,682.803,-119.346,96.7893,0,0,0,2500,0,0,2500,0,2500,0
20230101T000008.700000,3,1347,2369.53,2511.9,526.162,0,0,0,2500,0,0,2500,0,2500,0
20230101T000008.700000,3,1348,7254.18,7435.42,-165.351,0,0,0,2500,0,0,2500,0,2500,0
20230101T000008.700000,3,1349,4893.86,5798.65,-305.448,0,0,0,2500,0,0,2500,0,2500,0
20230101T000008.700000,3,1350,6210.17,6590.73,875.772,0,0,0,2500,0,0,2500,0,2500,0
20230101T000008.700000,3,1351,4475.1,4298.21,1063.8,0,0,0,2500,0,0,2500,0,2500,0
20230101T000008.700000,3,1352,4606.53,4911.87,-33.8614,0,0,0,2500,0,0,2500,0,2500,0
20230101T000008.800000,6,1690,652.027,-235.227,96.7728,0,0,0,157.336,220.576,-92.7133,689.178,33.4475,769.977,4.18242e+22
20230101T000008.800000,6,1691,3419.75,705.133,113.185,0,0,0,876.527,-3841.51,-617.273,18715,-127.278,19507.1,1.83849e+08
20230101T000008.800000,6,1692,6079.73,1624.77,167.084,0,0,0,4325.16,-15777.9,-1623.68,59148.2,-433.916,63364.8,3.16431e+07
20230101T000008.800000,6,1693,6280.18,7311.82,2472.62,0,0,0,89718.7,-68606.5,-24835.5,68768.8,-28915.2,148649,1.45785e+06
20230101T000008.800000,6,1694,7072.07,7603.86,-291.863,0,0,0,92602.8,-85940.2,3301.3,80130,3549.54,172533,3.8946e+08
20230101T000008.800000,6,1695,4548.76,6043.54,499.532,0,0,0,58606.4,-43762.6,-3633.07,33401.5,-4826.94,91545.3,1.1725e+07
20230101T000008.800000,6,1696,6133.57,5523.04,231.074,0,0,0,48888.8,-54127.2,-2266.36,60259.9,-2040.77,108999,297152
20230101T000008.800000,6,1697,5026.69,5915.72,581.62,0,0,0,56246.8,-47279.9,-4674.71,40779.4,-5501.49,96421.6,647898
20230101T000008.800000,6,1698,3889.69,4194.89,1283.55,0,0,0,29402.1,-24762.3,-7978.86,25657.6,-8604.92,52365.9,759378
20230101T000008.800000,6,1699,4108.89,3850.9,200.686,0,0,0,23795.4,-25252.6,-1317.69,27072.8,-1234.96,50739.9,486071
20230101T000008.800000,6,1700,3429.74,3176.92,956.09,0,0,0,16968.8,-16673.8,-5237.4,19524.7,-4851.34,34972,1.322e+06
20230101T000008.800000,6,1701,7386.07,6040.88,183.781,0,0,0,58458.3,-71331.6,-2170.92,87333.8,-1775.54,145674,764816
20230101T000008.800000,6,1702,6647.79,6770.68,2120.48,0,0,0,76908.5,-68389,-22544.8,74403,-22961.6,144059,1.47363e+06
20230101T000008.800000,6,1703,3966.11,4853.59,-534.596,0,0,0,37900.3,-30544.7,3389,25480.4,4147.35,62860.3,3.24172e+07
20230101T000008.800000,6,1704,6579.4,6231.35,682.647,0,0,0,62554.1,-65193.6,-7182.77,69644.2,-6802.8,131389,798415
20230101T000008.800000,6,1705,6327.33,6786.39,-621.967,0,0,0,74005.6,-68363,6293.71,64421.3,6750.33,137744,605928
20230101T000008.800000,4,1346,666.962,-210.001,96.7768,-1.56839,-8.97582,-0.00124386,87.9792,87.6285,-72.2729,574.005,12.6324,587.845,0
20230101T000008.800000,4,1348,7251.01,7437.3,-167.161,-0.31363,0.185522,-0.179233,1305.74,-1212.42,26.9621,1245.9,27.6358,2488,0
20230101T000008.800000,4,1349,4877.41,5796.66,-283.465,-1.62913,-0.197041,2.17657,1462.88,-1178.67,62.09,1061.05,73.5693,2453.87,0
20230101T000008.800000,4,1350,6210.65,6577.05,871.212,0.0476102,-1.35362,-0.451431,1352.13,-1194.15,-158.707,1210,-168.432,2455.38,0
20230101T000008.800000,3,1353,3419.75,705.133,113.185,0,0,0,2500,0,0,2500,0,2500,0
20230101T000008.800000,3,1354,6079.73,1624.77,167.084,0,0,0,2500,0,0,2500,0,2500,0
20230101T000008.800000,3,1355,6280.18,7311.82,2472.62,0,0,0,2500,0,0,2500,0,2500,0
20230101T000008.800000,3,1356,6133.57,5523.04,231.074,0,0,0,2500,0,0,2500,0,2500,0
20230101T000008.800000,3,1357,5026.69,5915.72,581.62,0,0,0,2500,0,0,2500,0,2500,0
20230101T000008.800000,3,1358,3889.69,4194.89,1283.55,0,0,0,2500,0,0,2500,0,2500,0
20230101T000008.800000,3,1359,4108.89,3850.9,200.686,0,0,0,2500,0,0,2500,0,2500,0
20230101T000008.800000,3,1360,3429.74,3176.92,956.09,0,0,0,2500,0,0,2500,0,2500,0
20230101T000008.800000,3,1361,7386.07,6040.88,183.781,0,0,0,2500,0,0,2500,0,2500,0
20230101T000008.800000,3,1362,6647.79,6770.68,2120.48,0,0,0,2500,0,0,2500,0,2500,0
20230101T000008.800000,3,1363,3966.11,4853.59,-534.596,0,0,0,2500,0,0,2500,0,2500,0
20230101T000008.800000,3,1364,6327.33,6786.39,-621.967,0,0,0,2500,0,0,2500,0,2500,0
20230101T000008.900000,6,1706,2845,-1987.69,388.577,0,0,0,6526.3,8904.88,-1763,13050.4,1231.74,19272.7,2.00985e+08
20230101T000008.900000,6,1707,9643.05,-3785.43,669.635,0,0,0,23604.1,58139.3,-10327.9,148886,4054.27,171709,3.33734e+08
20230101T000008.900000,6,1708,599.873,-346.735,98.8438,0,0,0,251.093,298.847,-87.1229,595.378,50.3583,769.393,4.50374e+20
20230101T000008.900000,6,1709,7556.41,-614.599,-43.9177,0,0,0,671.013,7425.23,530.606,91359.3,-43.1567,91963.2,2.05896e+07
20230101T000008.900000,6,1710,4715.07,-759.064,196.377,0,0,0,1044.31,5706.75,-1478.9,35574.2,238.083,36493,1.38982e+07
20230101T000008.900000,6,1711,8727.03,-1674.23,1937.33,0,0,0,10335.8,22255.2,-27038.4,122073,5187.15,126346,9.27146e+06
20230101T000008.900000,6,1712,6246.67,-596.869,475.34,0,0,0,991.309,5925.25,-4746.07,62437.2,453.486,63003.8,1.01675e+07
20230101T000008.900000,6,1713,2303.21,741.77,182.851,0,0,0,986.482,-2699.35,-669.253,8498.67,-215.539,9368.38,490159
20230101T000008.900000,6,1714,1861.19,595.022,-368.746,0,0,0,819.934,-1690.89,1086.98,5568.33,347.508,6111.11,9.78951e+06
20230101T000008.900000,6,1715,4145.06,1297.86,-205.507,0,0,0,2814.81,-8570.08,1360.06,27502.2,425.849,30185.7,83542.1
20230101T000008.900000,6,1716,4183.95,1803.24,436.669,0,0,0,5513.46,-11937.5,-2917.62,28066.5,-1257.47,33212,3.68014e+06
20230101T000008.900000,6,1717,3649.7,1941.7,145.308,0,0,0,6108.45,-11298.1,-846.543,21334,-450.375,27344.8,1.86513e+06
20230101T000008.900000,6,1718,10818.6,4155.65,-1492.02,0,0,0,30789.8,-70720.2,25819,187734,9917.6,214900,3.17153e+06
20230101T000008.900000,6,1719,8047.21,3055.64,-1056.66,0,0,0,16555.6,-38729.2,13597.9,103845,5163.3,118552,740057
20230101T000008.900000,6,1720,6717.17,3023.97,404.457,0,0,0,14901.7,-32378.1,-4343.69,72247.4,-1955.47,86823.7,218591
20230101T000008.900000,6,1721,5563.99,1866.25,112.6,0,0,0,5648.37,-16588.7,-1001.25,49541.3,-335.835,55105.5,132483
20230101T000008.900000,6,1722,7832.04,5024.09,458.755,0,0,0,40670.1,-62776.1,-5746.13,98262,-3686.02,138532,1.24955e+06
20230101T000008.900000,6,1723,6357.78,2023.06,925.818,0,0,0,7850.77,-20165,-9409.53,64806,-2994.13,71223.7,326015
20230101T000008.900000,6,1724,8630.16,4046.7,200.987,0,0,0,26306.7,-55828.5,-2774.06,119191,-1300.76,145369,347779
20230101T000008.900000,6,1725,10054.6,3240.62,2386.85,0,0,0,25115.2,-49453.6,-38384.9,162614,-12371.6,178556,219010
20230101T000008.900000,6,1726,7154.11,3633.95,84.2932,0,0,0,21188.8,-41565.8,-964.268,81905.5,-489.803,103019,1.55687e+06
20230101T000008.900000,6,1727,7919.07,2269.06,-145.561,0,0,0,8328.24,-28724.2,1843.24,100346,528.145,108576,731042
20230101T000008.900000,6,1728,5463.53,1427.52,400.839,0,0,0,3560.77,-12400.5,-3499.62,47780.7,-914.39,51021.1,254282
20230101T000008.900000,6,1729,1736.04,1987.6,-141.398,0,0,0,6362.35,-5473.41,390.507,4876.47,447.094,11143.2,4.80463e+06
20230101T000008.900000,6,1730,2247.46,1710.07,-385.124,0,0,0,4869.04,-6004.68,1378.06,8191.8,1048.55,12761.9,1.96707e+06
20230101T000008.900000,6,1731,1779.06,2471.03,-377.768,0,0,0,9869.04,-6895.61,1070.75,5255.97,1487.22,14834.6,1.22107e+06
20230101T000008.900000,6,1732,2311.14,2327.1,82.6181,0,0,0,8701.79,-8567.75,-304.372,8583.88,-306.473,17210.8,758735
20230101T000008.900000,6,1733,2570.66,3509.28,356.089,0,0,0,19797.1,-14306.8,-1461.54,10746.7,-1995.19,30277.7,83103.4
20230101T000008.900000,6,1734,6862.05,9673.49,1032.58,0,0,0,150315,-105373,-11333.8,76517.6,-15977.4,225063,398725
20230101T000008.900000,6,1735,7465.1,8095.47,-894.443,0,0,0,105476,-96024,10679.9,89890.5,11581.7,194023,942177
20230101T000008.900000,6,1736,8767.88,6981.65,-1043.07,0,0,0,79093.7,-97063.6,14628.1,123701,11648,200991,3.0156e+06
20230101T000008.900000,6,1737,7921.22,5956.2,-1004.14,0,0,0,57833.1,-74683.2,12721.2,100999,9565.47,157156,333921
20230101T000008.900000,6,1738,4041.77,5648.32,102.247,0,0,0,51072.9,-36488.5,-660.668,26190.8,-923.275,77183,950158
20230101T000008.900000,6,1739,5360.14,4693.61,-613.334,0,0,0,35624.6,-39923.7,5255.98,46258.6,4602.4,81218.3,2.57769e+06
20230101T000008.900000,6,1740,3599.48,4835.25,754.526,0,0,0,37754.7,-27380.5,-4340.73,21356.7,-5830.99,58138.4,459917
20230101T000008.900000,6,1741,3944.28,3719.65,-423.074,0,0,0,22322.6,-23299.5,2666.34,25056.5,2514.5,47029.4,1.23603e+06
20230101T000008.900000,6,1742,5578.51,5197.91,1685.69,0,0,0,45695.5,-44096.5,-15036,51932.8,-14010.1,93023.8,2.8651e+06
20230101T000008.900000,6,1743,7559.65,5396.26,748.187,0,0,0,47226.8,-64816.5,-9045.49,91761.1,-6456.88,138029,1.22517e+06
20230101T000008.900000,6,1744,2760.61,4122.45,-738.592,0,0,0,27481,-17776.3,3257.16,12839.4,4863.95,39386.3,48472.4
20230101T000008.900000,6,1745,4104.48,3219.22,-193.311,0,0,0,16658,-21081.1,1267.64,27002,994.235,43536.3,123564
20230101T000008.900000,6,1746,6523.09,6657.27,1948.48,0,0,0,73916.2,-66414.2,-20327.2,71211.5,-20745.3,138995,353508
20230101T000008.900000,6,1747,7543.96,5963.71,-1593.01,0,0,0,59442.5,-69978.4,19220.1,92643.6,15194.1,147965,515510
20230101T000008.900000,4,1342,2791.08,-2084.48,248.538,1.788,3.98007,5.35062,912.267,1114.03,-121.662,1550.49,91.7053,2381.47,0
20230101T000008.900000,3,1365,9643.05,-3785.43,669.635,0,0,0,2500,0,0,2500,0,2500,0
20230101T000008.900000,3,1366,599.873,-346.735,98.8438,0,0,0,2500,0,0,2500,0,2500,0
20230101T000008.900000,3,1367,7556.41,-614.599,-43.9177,0,0,0,2500,0,0,2500,0,2500,0
20230101T000008.900000,3,1368,4715.07,-759.064,196.377,0,0,0,2500,0,0,2500,0,2500,0
20230101T000008.900000,3,1369,8727.03,-1674.23,1937.33,0,0,0,2500,0,0,2500,0,2500,0
20230101T000008.900000,3,1370,6246.67,-596.869,475.34,0,0,0,2500,0,0,2500,0,2500,0
20230101T000008.900000,3,1371,2303.21,741.77,182.851,0,0,0,2500,0,0,2500,0,2500,0
20230101T000008.900000,3,1372,1861.19,595.022,-368.746,0,0,0,2500,0,0,2500,0,2500,0
20230101T000008.900000,3,1373,4145.06,1297.86,-205.507,0,0,0,2500,0,0,2500,0,2500,0
20230101T000008.900000,3,1374,4183.95,1803.24,436.669,0,0,0,2500,0,0,2500,0,2500,0
20230101T000008.900000,3,1375,3649.7,1941.7,145.308,0,0,0,2500,0,0,2500,0,2500,0
20230101T000008.900000,3,1376,10818.6,4155.65,-1492.02,0,0,0,2500,0,0,2500,0,2500,0
20230101T000008.900000,3,1377,8047.21,3055.64,-1056.66,0,0,0,2500,0,0,2500,0,2500,0
20230101T000008.900000,3,1378,6717.17,3023.97,404.457,0,0,0,2500,0,0,2500,0,2500,0
20230101T000008.900000,3,1379,5563.99,1866.25,112.6,0,0,0,2500,0,0,2500,0,2500,0
20230101T000008.900000,3,1380,7832.04,5024.09,458.755,0,0,0,2500,0,0,2500,0,2500,0
20230101T000008.900000,3,1381,6357.78,2023.06,925.818,0,0,0,2500,0,0,2500,0,2500,0
20230101T000008.900000,3,1382,8630.16,4046.7,200.987,0,0,0,2500,0,0,2500,0,2500,0
20230101T000008.900000,3,1383,10054.6,3240.62,2386.85,0,0,0,2500,0,0,2500,0,2500,0
20230101T000008.900000,3,1384,7154.11,3633.95,84.2932,0,0,0,2500,0,0,2500,0,2500,0
20230101T000008.900000,3,1385,7919.07,2269.06,-145.561,0,0,0,2500,0,0,2500,0,2500,0
20230101T000008.900000,3,1386,5463.53,1427.52,400.839,0,0,0,2500,0,0,2500,0,2500,0
20230101T000008.900000,3,1387,1736.04,1987.6,-141.398,0,0,0,2500,0,0,2500,0,2500,0
20230101T000008.900000,3,1388,2247.46,1710.07,-385.124,0,0,0,2500,0,0,2500,0,2500,0
20230101T000008.900000,3,1389,1779.06,2471.03,-377.768,0,0,0,2500,0,0,2500,0,2500,0
20230101T000008.900000,3,1390,2311.14,2327.1,82.6181,0,0,0,2500,0,0,2500,0,2500,0
20230101T000008.900000,3,1391,2570.66,3509.28,356.089,0,0,0,2500,0,0,2500,0,2500,0
20230101T000008.900000,3,1392,6862.05,9673.49,1032.58,0,0,0,2500,0,0,2500,0,2500,0
20230101T000008.900000,3,1393,7465.1,8095.47,-894.443,0,0,0,2500,0,0,2500,0,2500,0
20230101T000008.900000,3,1394,8767.88,6981.65,-1043.07,0,0,0,2500,0,0,2500,0,2500,0
20230101T000008.900000,3,1395,7921.22,5956.2,-1004.14,0,0,0,2500,0,0,2500,0,2500,0
20230101T000008.900000,3,1396,4041.77,5648.32,102.247,0,0,0,2500,0,0,2500,0,2500,0
20230101T000008.900000,3,1397,5360.14,4693.61,-613.334,0,0,0,2500,0,0,2500,0,2500,0
20230101T000008.900000,3,1398,3599.48,4835.25,754.526,0,0,0,2500,0,0,2500,0,2500,0
20230101T000008.900000,3,1399,3944.28,3719.65,-423.074,0,0,0,2500,0,0,2500,0,2500,0
20230101T000008.900000,3,1400,5578.51,5197.91,1685.69,0,0,0,2500,0,0,2500,0,2500,0
20230101T000008.900000,3,1401,7559.65,5396.26,748.187,0,0,0,2500,0,0,2500,0,2500,0
20230101T000008.900000,3,1402,2760.61,4122.45,-738.592,0,0,0,2500,0,0,2500,0,2500,0
20230101T000008.900000,3,1403,4104.48,3219.22,-193.311,0,0,0,2500,0,0,2500,0,2500,0
20230101T000008.900000,3,1404,6523.09,6657.27,1948.48,0,0,0,2500,0,0,2500,0,2500,0
20230101T000008.900000,3,1405,7543.96,5963.71,-1593.01,0,0,0,2500,0,0,2500,0,2500,0
20230101T000009,6,1748,532.186,-443.604,99.2416,0,0,0,361.156,339.133,-77.6036,485.325,64.6865,769.296,2.05527e+22
20230101T000009,6,1749,3452.38,-506.554,177.627,0,0,0,522.463,2781.69,-977.961,19072.7,143.492,19481,1.5079e+08
20230101T000009,6,1750,6202.43,-1081.97,70.0534,0,0,0,1942.77,10725.2,-694.501,61554.3,121.151,63425.3,2.405e+07
20230101T000009,6,1751,11074,3234.23,-1805.5,0,0,0,21599.8,-55885.1,31981.1,196628,9340.29,212952,2.95742e+06
20230101T000009,6,1752,4461.09,925.405,-508.622,0,0,0,1827.64,-6510.41,3623.5,31861.8,751.657,33213.1,932536
20230101T000009,6,1753,4031.51,988.745,-25.7915,0,0,0,1625.56,-6362.76,165.98,26008.6,40.7072,27569.1,2.02125e+06
20230101T000009,6,1754,6985.75,2459.4,-1678.28,0,0,0,13741.6,-26058.5,18745.4,78584.7,6599.49,87762,3.18226e+07
20230101T000009,6,1755,7161.71,3589.49,-499.225,0,0,0,20984.8,-40945.7,5716.93,82157,2865.36,102679,1.52035e+06
20230101T000009,6,1756,5490.69,1801.89,-989.804,0,0,0,6666.15,-15347,8685.42,48394.8,2850.31,53433.1,120715
20230101T000009,6,1757,7983.05,1951.25,-323.442,0,0,0,6310.05,-24869.7,4128.84,101980,1009.19,108059,133251
20230101T000009,6,1758,6835.83,1905.43,930.668,0,0,0,7153.38,-20465.6,-10171.1,74870.3,-2835.1,80576,2.12622e+06
20230101T000009,6,1759,4186.44,2329.8,-34.6004,0,0,0,8735.07,-15577.7,231.36,28057.6,128.754,36726.8,5.88591e+06
20230101T000009,6,1760,8402.04,2837.24,552.724,0,0,0,13375.9,-37974.2,-7426.65,113007,-2507.87,125831,1.429e+06
20230101T000009,6,1761,5173.17,1561.95,555.819,0,0,0,4414.54,-12774.1,-4594.32,42865.3,-1387.18,46722.9,1.65055e+06
20230101T000009,6,1762,2250.48,2096.27,-124.189,0,0,0,7078.35,-7503.99,445.289,8144.59,414.776,15134.5,849415
20230101T000009,6,1763,3078.56,2275.55,865.664,0,0,0,9099.75,-10606.4,-4252.92,15609.2,-3143.59,23452.1,355044
20230101T000009,6,1764,6814.28,7841.05,128.851,0,0,0,98410.4,-85445,-1404.32,74346.7,-1615.92,172667,3.8636e+08
20230101T000009,6,1765,4054,5987.1,-1465.6,0,0,0,58452.4,-37210.6,9499.5,28694.4,14029.2,83651,673043
20230101T000009,6,1766,5132.82,6723.34,38.593,0,0,0,72349.8,-55183.5,-316.768,42195.3,-414.926,114479,1.14302e+06
20230101T000009,6,1767,5900.64,6354.37,173.822,0,0,0,64656.8,-59935.8,-1640.18,55768.5,-1766.3,120313,1.49116e+06
20230101T000009,6,1768,4696.23,4930.41,-1361.45,0,0,0,40334.3,-35535.1,10221.4,36874.5,10731.1,74184,3.109e+06
20230101T000009,6,1769,3661.19,3076.06,-269.531,0,0,0,15245,-17930.6,1576.14,21521.4,1324.24,36586.6,5.58008e+06
20230101T000009,6,1770,3469.27,3863.57,-530.682,0,0,0,24112.9,-21190.5,2941.4,19541.8,3275.71,43141.4,5.09492e+06
20230101T000009,6,1771,3345.67,4545.82,-401.348,0,0,0,33176,-24180.7,2145.76,18118.1,2915.48,50973.1,660785
20230101T000009,6,1772,7102.34,5662.49,-564.062,0,0,0,51652.3,-64067.9,6406.77,80931.8,5107.93,132012,8.95004e+06
20230101T000009,6,1773,6342.17,7250.87,1380.69,0,0,0,85469.5,-72035.5,-14004.6,66120.7,-16011.2,148479,3.06906e+06
20230101T000009,6,1774,3676.79,5397.12,46.1784,0,0,0,46627.6,-31719.1,-271.407,21676.1,-398.395,68236.3,268804
20230101T000009,4,1348,7244.83,7444.13,-162.671,-1.00575,3.10295,1.05496,1379.06,-1299.22,29.1218,1313.6,29.8674,2645.31,0
20230101T000009,4,1362,6648.76,6785.49,2109.94,0.186429,2.84923,-2.02588,1389.22,-1186.22,-371.844,1345.76,-378.718,2437.45,0
20230101T000009,4,1366,554.442,-425.264,99.1477,-4.49814,-7.77513,0.0300879,202.288,223.499,-64.8425,459.768,37.4799,587.416,0
20230101T000009,4,1370,6249.33,-615.935,460.084,0.263843,-1.88771,-1.51052,97.1928,222.68,-177.38,2406.43,16.9487,2414.74,0
20230101T000009,4,1376,10815,4142.37,-1494.64,-0.354465,-1.31512,-0.259286,409.857,-801.206,287.717,2187.92,110.518,2456.47,0
20230101T000009,4,1384,7156.32,3633.91,70.3496,0.219097,-0.0033524,-1.38056,555.309,-969.826,-22.4962,1971.97,-11.427,2464.33,0
20230101T000009,4,1385,7907.35,2258.04,-149.365,-1.16067,-1.09096,-0.376646,245.596,-636.677,40.8433,2285.19,11.7028,2466.88,0
20230101T000009,3,1406,3452.38,-506.554,177.627,0,0,0,2500,0,0,2500,0,2500,0
20230101T000009,3,1407,4461.09,925.405,-508.622,0,0,0,2500,0,0,2500,0,2500,0
20230101T000009,3,1408,4031.51,988.745,-25.7915,0,0,0,2500,0,0,2500,0,2500,0
20230101T000009,3,1409,6985.75,2459.4,-1678.28,0,0,0,2500,0,0,2500,0,2500,0
20230101T000009,3,1410,5490.69,1801.89,-989.804,0,0,0,2500,0,0,2500,0,2500,0
20230101T000009,3,1411,6835.83,1905.43,930.668,0,0,0,2500,0,0,2500,0,2500,0
20230101T000009,3,1412,4186.44,2329.8,-34.6004,0,0,0,2500,0,0,2500,0,2500,0
20230101T000009,3,1413,8402.04,2837.24,552.724,0,0,0,2500,0,0,2500,0,2500,0
20230101T000009,3,1414,5173.17,1561.95,555.819,0,0,0,2500,0,0,2500,0,2500,0
20230101T000009,3,1415,2250.48,2096.27,-124.189,0,0,0,2500,0,0,2500,0,2500,0
20230101T000009,3,1416,3078.56,2275.55,865.664,0,0,0,2500,0,0,2500,0,2500,0
20230101T000009,3,1417,4054,5987.1,-1465.6,0,0,0,2500,0,0,2500,0,2500,0
20230101T000009,3,1418,5132.82,6723.34,38.593,0,0,0,2500,0,0,2500,0,2500,0
20230101T000009,3,1419,5900.64,6354.37,173.822,0,0,0,2500,0,0,2500,0,2500,0
20230101T000009,3,1420,4696.23,4930.41,-1361.45,0,0,0,2500,0,0,2500,0,2500,0
20230101T000009,3,1421,3661.19,3076.06,-269.531,0,0,0,2500,0,0,2500,0,2500,0
20230101T000009,3,1422,3469.27,3863.57,-530.682,0,0,0,2500,0,0,2500,0,2500,0
20230101T000009,3,1423,3345.67,4545.82,-401.348,0,0,0,2500,0,0,2500,0,2500,0
20230101T000009,3,1424,7102.34,5662.49,-564.062,0,0,0,2500,0,0,2500,0,2500,0
20230101T000009,3,1425,3676.79,5397.12,46.1784,0,0,0,2500,0,0,2500,0,2500,0
20230101T000009.100000,6,1775,7025.72,-6818.52,341.244,0,0,0,74516.5,76523,-3834.38,79098.7,3721.3,153365,6.56441e+08
20230101T000009.100000,6,1776,8950.47,-3989.9,-140.221,0,0,0,25550.5,57102.9,2007.23,128193,-894.775,153648,6.90942e+08
20230101T000009.100000,6,1777,4434.49,371.127,-740.737,0,0,0,1154.02,-2555.07,5245.33,31470,438.987,31685.6,4.50453e+07
20230101T000009.100000,6,1778,7913.92,1252.23,-1147.54,0,0,0,4625.59,-15521.1,14521.6,100261,2297.76,102718,2.07868e+07
20230101T000009.100000,6,1779,563.275,675.832,-189.42,0,0,0,779.402,-550.771,162.281,577.615,194.709,1241.28,4.41925e+22
20230101T000009.100000,3,1426,7025.72,-6818.52,341.244,0,0,0,2500,0,0,2500,0,2500,0
20230101T000009.100000,3,1427,8950.47,-3989.9,-140.221,0,0,0,2500,0,0,2500,0,2500,0
20230101T000009.100000,3,1428,4434.49,371.127,-740.737,0,0,0,2500,0,0,2500,0,2500,0
20230101T000009.100000,3,1429,7913.92,1252.23,-1147.54,0,0,0,2500,0,0,2500,0,2500,0
20230101T000009.100000,3,1430,563.275,675.832,-189.42,0,0,0,2500,0,0,2500,0,2500,0
20230101T000009.200000,6,1780,2061.69,-1556.87,176.006,0,0,0,3950.28,5081.17,-577.126,6842.01,435.813,10679.3,8.93732e+06
20230101T000009.200000,6,1781,2875.41,-2905.01,53.9966,0,0,0,13536.5,13330.6,-247.825,13263.4,250.376,26731.3,880452
20230101T000009.200000,6,1782,6586.07,-7250.3,28.465,0,0,0,84136.4,76369,-299.831,69437.9,330.07,153509,2.46287e+08
20230101T000009.200000,6,1783,4794.23,-4299.63,348.415,0,0,0,29722,32853.2,-2670.04,36890.4,2394.59,66354.5,308838
20230101T000009.200000,6,1784,4164.83,-1700.2,267.181,0,0,0,4777.64,11267.4,-1776.91,27778.8,725.384,32378.6,3.28053e+07
20230101T000009.200000,6,1785,9797.5,-2884.8,316.587,0,0,0,13521.7,45161.4,-4960.92,153603,1460.71,166901,2.92838e+06
20230101T000009.200000,6,1786,5227.92,-2502.74,-140.603,0,0,0,10099.7,20897.4,1174.7,43747.7,-562.358,53751.8,220122
20230101T000009.200000,6,1787,5691.33,-2436.66,-58.2053,0,0,0,9558.38,22163.5,529.472,51836.8,-226.686,61325.8,1.24587e+07
20230101T000009.200000,6,1788,8213.64,-3480.58,-809.22,0,0,0,20325.2,45342,10629.3,108111,-4504.24,127326,253384
20230101T000009.200000,6,1789,7291.09,-2945.83,-187.972,0,0,0,13988.2,34323.4,2191.41,85072.9,-885.399,98940.7,4.17641e+06
20230101T000009.200000,6,1790,7299.03,-3485.38,-451.871,0,0,0,19754.6,40552,5273.94,85313.9,-2518.38,104678,3.29656e+07
20230101T000009.200000,6,1791,5938.15,-3490.93,-1469.46,0,0,0,22111.5,31631.3,13950.1,57321.7,-8201.01,75919.9,1.19427e+06
20230101T000009.200000,6,1792,4737.2,-2428.83,-144.35,0,0,0,9515.81,18369.9,1092.56,35926,-560.172,45344.5,337728
20230101T000009.200000,6,1793,4681.85,-1806.73,1137.63,0,0,0,7078.14,12818.2,-8509.1,35347.9,3283.66,40297.6,4.36143e+06
20230101T000009.200000,6,1794,676.329,563.115,-188.053,0,0,0,576.922,-551.443,193.447,780.098,161.065,1242.03,3.85496e+21
20230101T000009.200000,4,1426,7017.99,-6824.92,336.142,-0.76614,-0.633429,-0.505201,1238.54,1208.83,-60.4992,1310.92,58.715,2481.21,0
20230101T000009.200000,4,1430,645.771,607.312,-188.516,8.1679,-6.78416,0.0894556,530.316,-360.657,104.592,398.181,125.492,821.188,0
20230101T000009.200000,3,1431,2061.69,-1556.87,176.006,0,0,0,2500,0,0,2500,0,2500,0
20230101T000009.200000,3,1432,2875.41,-2905.01,53.9966,0,0,0,2500,0,0,2500,0,2500,0
20230101T000009.200000,3,1433,4794.23,-4299.63,348.416,0,0,0,2500,0,0,2500,0,2500,0
20230101T000009.200000,3,1434,4164.83,-1700.2,267.181,0,0,0,2500,0,0,2500,0,2500,0
20230101T000009.200000,3,1435,9797.5,-2884.8,316.587,0,0,0,2500,0,0,2500,0,2500,0
20230101T000009.200000,3,1436,5227.92,-2502.74,-140.603,0,0,0,2500,0,0,2500,0,2500,0
20230101T000009.200000,3,1437,5691.33,-2436.66,-58.2053,0,0,0,2500,0,0,2500,0,2500,0
20230101T000009.200000,3,1438,8213.64,-3480.58,-809.22,0,0,0,2500,0,0,2500,0,2500,0
20230101T000009.200000,3,1439,7291.09,-2945.83,-187.972,0,0,0,2500,0,0,2500,0,2500,0
20230101T000009.200000,3,1440,7299.03,-3485.38,-451.871,0,0,0,2500,0,0,2500,0,2500,0
20230101T000009.200000,3,1441,5938.15,-3490.93,-1469.46,0,0,0,2500,0,0,2500,0,2500,0
20230101T000009.200000,3,1442,4737.2,-2428.83,-144.35,0,0,0,2500,0,0,2500,0,2500,0
20230101T000009.200000,3,1443,4681.85,-1806.73,1137.63,0,0,0,2500,0,0,2500,0,2500,0
20230101T000009.300000,6,1795,7100.58,-6747.38,-263.975,0,0,0,72935.6,76568.8,2997.75,80752.4,-2848.63,153513,4.11652e+08
20230101T000009.300000,6,1796,4298.19,-1364.34,-278.15,0,0,0,3148.64,9328.6,1909.12,29576.3,-605.995,32537.6,3.17988e+07
20230101T000009.300000,6,1797,5396.33,-2941.26,-480.996,0,0,0,14176.1,25213,4148.62,46692,-2261.2,60434.7,6.70556e+06
20230101T000009.300000,6,1798,7691.31,-2495.21,-498.921,0,0,0,10379.8,30570.7,6136.03,94693.9,-1990.65,104612,1.46507e+07
20230101T000009.300000,6,1799,6118.53,-1960.08,-314.427,0,0,0,6348.44,19124,3075.15,59918.8,-985.13,66045.4,3.05476e+07
20230101T000009.300000,6,1800,761.516,440.176,-190.295,0,0,0,399.264,-484.73,220.408,957.673,127.402,1240.72,7.36107e+21
20230101T000009.300000,4,1426,7020.9,-6825.39,326.303,3.82096,-4.60001,-2.20811,1242.62,1237.58,-61.3705,1313.72,59.6023,2513.43,0
20230101T000009.300000,4,1437,5658.2,-2447.65,-74.7799,-3.28082,-1.08745,-1.64105,428.595,854.795,20.4188,2059.18,-8.74203,2424.95,0
20230101T000009.300000,3,1444,4298.19,-1364.34,-278.15,0,0,0,2500,0,0,2500,0,2500,0
20230101T000009.300000,3,1445,7691.31,-2495.21,-498.921,0,0,0,2500,0,0,2500,0,2500,0
20230101T000009.300000,3,1446,6118.53,-1960.08,-314.427,0,0,0,2500,0,0,2500,0,2500,0
20230101T000009.300000,3,1447,761.516,440.176,-190.295,0,0,0,2500,0,0,2500,0,2500,0
20230101T000009.400000,6,1801,3261.32,-3121.36,190.505,0,0,0,15652.3,16226.7,-992.126,17076.2,949.549,32606.6,1.46512e+07
20230101T000009.400000,6,1802,5813.39,-5649.6,-84.855,0,0,0,51107.7,52511.6,788.791,54109.4,-766.568,105142,1.51468e+07
20230101T000009.400000,6,1803,6463.55,-7355.37,-206.568,0,0,0,86620,76001.3,2135.36,66918.5,-2430,153406,3.31944e+08
20230101T000009.400000,6,1804,3651.19,-4929.52,-981.322,0,0,0,39448.2,28031,5726.84,22365.1,-7731.89,60211.7,7.86019e+06
20230101T000009.400000,6,1805,3658.31,-3914.51,49.9453,0,0,0,24549.2,22878.9,-291.937,21449.4,312.383,45930.6,776696
20230101T000009.400000,6,1806,4164.52,-4759.76,-870.767,0,0,0,36801.8,31083.1,5796.43,28471.9,-6624.92,63998.9,710692
20230101T000009.400000,6,1807,6243.35,-6647.48,93.9708,0,0,0,70739,66365.1,-938.257,62408.5,998.99,133069,822733
20230101T000009.400000,6,1808,827.889,298.566,-187.938,0,0,0,246.8,-357.918,236.651,1110.19,85.3447,1242.06,8.49475e+21
20230101T000009.400000,4,1426,7010.92,-6833.9,317.096,-4.7043,-1.3832,-4.9908,1280.07,1277.44,-61.9882,1352.38,60.222,2591.37,0
20230101T000009.400000,4,1447,814.375,349.389,-188.737,5.23357,-8.98883,0.154187,281.42,-317.466,142.058,647.14,82.113,820.839,0
20230101T000009.400000,3,1448,3261.32,-3121.36,190.505,0,0,0,2500,0,0,2500,0,2500,0
20230101T000009.400000,3,1449,5813.39,-5649.6,-84.855,0,0,0,2500,0,0,2500,0,2500,0
20230101T000009.400000,3,1450,3651.19,-4929.52,-981.322,0,0,0,2500,0,0,2500,0,2500,0
20230101T000009.400000,3,1451,3658.31,-3914.51,49.9453,0,0,0,2500,0,0,2500,0,2500,0
20230101T000009.400000,3,1452,4164.52,-4759.76,-870.767,0,0,0,2500,0,0,2500,0,2500,0
20230101T000009.400000,3,1453,6243.35,-6647.48,93.9708,0,0,0,2500,0,0,2500,0,2500,0
20230101T000009.500000,6,1809,1840.09,-1814.46,-164.87,0,0,0,5321.97,5288.41,482.507,5470.37,-475.785,10685.4,4.66217e+06
20230101T000009.500000,6,1810,7623.59,-8800.6,1388.28,0,0,0,125270,105790,-16929,94788.4,19542.7,216912,3.30948e+06
20230101T000009.500000,6,1811,3134.79,-3219.11,418.857,0,0,0,16747.8,15974,-2096.72,15899.7,2153.12,32303.9,5.78262e+07
20230101T000009.500000,6,1812,4490.13,-6227.55,-110.638,0,0,0,62080.4,44700.4,794.307,32313,-1101.66,94309.8,1.52531e+06
20230101T000009.500000,6,1813,5497.4,-5872.12,900.869,0,0,0,55806.8,50970.8,-7919.07,49079.9,8458.85,103526,1.25576e+07
20230101T000009.500000,6,1814,4869.2,-5245.68,-1138.67,0,0,0,45016.4,39802.1,8864.33,39082.5,-9549.7,81963.6,142200
20230101T000009.500000,6,1815,3994.6,-4711.87,151.929,0,0,0,35565,30065.5,-970.017,25589.6,1144.2,61053.7,1.2244e+07
20230101T000009.500000,6,1816,4799.67,-4216.55,265.295,0,0,0,28546.5,32293.4,-2035.34,36935.9,1788.06,65306,2.2188e+06
20230101T000009.500000,6,1817,4816.99,-4431.6,-813.896,0,0,0,32030.7,33595.7,6267.08,37640.2,-5765.67,68548.9,241100
20230101T000009.500000,6,1818,866.755,152.177,-188.235,0,0,0,151.419,-190.96,248.153,1205.55,43.5683,1241.87,9.9596e+20
20230101T000009.500000,6,1819,9642.38,1221.95,-1224.78,0,0,0,4813.28,-18544.8,18887.8,148800,2393.6,151151,3.95358e+09
20230101T000009.500000,6,1820,867.708,142.913,-191.081,0,0,0,149.056,-179.244,252.182,1207.82,41.5349,1240.23,9.23617e+20
20230101T000009.500000,6,1821,9249.38,2923.16,-1364.64,0,0,0,16437.8,-42385.6,20187,137158,6379.85,150555,4.08325e+09
20230101T000009.500000,4,1433,4756.15,-4261.99,342.334,-10.4791,10.3608,-1.67384,1205.6,1266.25,-102.621,1481.89,92.034,2610.35,0
20230101T000009.500000,4,1448,3249,-3125.37,206.723,-1.21984,-0.397507,1.60573,1155.09,1137.43,-69.4294,1254.9,66.4499,2339.77,0
20230101T000009.500000,3,1454,1840.09,-1814.46,-164.87,0,0,0,2500,0,0,2500,0,2500,0
20230101T000009.500000,3,1455,7623.59,-8800.6,1388.28,0,0,0,2500,0,0,2500,0,2500,0
20230101T000009.500000,3,1456,4490.13,-6227.55,-110.638,0,0,0,2500,0,0,2500,0,2500,0
20230101T000009.500000,3,1457,5497.4,-5872.12,900.869,0,0,0,2500,0,0,2500,0,2500,0
20230101T000009.500000,3,1458,4869.2,-5245.68,-1138.67,0,0,0,2500,0,0,2500,0,2500,0
20230101T000009.500000,3,1459,3994.6,-4711.87,151.929,0,0,0,2500,0,0,2500,0,2500,0
20230101T000009.500000,3,1460,4816.99,-4431.6,-813.896,0,0,0,2500,0,0,2500,0,2500,0
20230101T000009.500000,3,1461,866.755,152.177,-188.235,0,0,0,2500,0,0,2500,0,2500,0
20230101T000009.500000,3,1462,9642.38,1221.95,-1224.78,0,0,0,2500,0,0,2500,0,2500,0
20230101T000009.500000,3,1463,867.708,142.913,-191.081,0,0,0,2500,0,0,2500,0,2500,0
20230101T000009.500000,3,1464,9249.38,2923.16,-1364.64,0,0,0,2500,0,0,2500,0,2500,0
20230101T000009.600000,6,1822,8104.68,-5487.76,-415.338,0,0,0,48417.8,71004.6,5383.64,105204,-3645.32,153282,6.54342e+08
20230101T000009.600000,6,1823,880.056,1.74393,-188.026,0,0,0,117.776,-2.22223,251.68,1239.2,0.498732,1242,9.31687e+21
20230101T000009.600000,6,1824,3812.73,2388.03,-333.87,0,0,0,9298.14,-14459,2032.73,23327.3,1273.16,32383.8,2.31913e+07
20230101T000009.600000,6,1825,6365.31,4793.16,-1462.63,0,0,0,38982.8,-47141.3,14887.1,66088.4,11210.2,101589,6.49806e+07
20230101T000009.600000,4,1463,883.608,49.0796,-189.063,1.57422,-9.2905,0.199846,117.549,-117.41,162.537,811.075,26.7703,820.53,0
20230101T000009.600000,3,1465,8104.68,-5487.76,-415.338,0,0,0,2500,0,0,2500,0,2500,0
20230101T000009.600000,3,1466,3812.73,2388.03,-333.87,0,0,0,2500,0,0,2500,0,2500,0
20230101T000009.600000,3,1467,6365.31,4793.16,-1462.63,0,0,0,2500,0,0,2500,0,2500,0
20230101T000009.700000,6,1826,866.069,-157.379,-187.111,0,0,0,153.131,197.456,246.475,1203.87,-44.7884,1242.52,1.24062e+21
20230101T000009.700000,6,1827,9455.76,-2150.81,-1387.59,0,0,0,10390.3,31860.3,20984.3,143213,-4773.11,150461,4.95995e+09
20230101T000009.700000,6,1828,865.62,-157.455,-189.12,0,0,0,154.275,197.227,248.993,1202.67,-45.2916,1241.37,1.27751e+21
20230101T000009.700000,6,1829,1848.19,2375.79,-132.006,0,0,0,9065.6,-6980.99,388.635,5522.46,499.578,14496.4,2.15009e+06
20230101T000009.700000,6,1830,1543.89,2084.94,-243.709,0,0,0,7011.28,-5074.5,598.472,3916.13,808.201,10769.5,5.2737e+06
20230101T000009.700000,6,1831,3090.31,3240.89,507.481,0,0,0,17031.8,-15787.2,-2504.29,15528.9,-2626.33,32086.2,5.23273e+07
20230101T000009.700000,6,1832,3408.72,5126.73,-480.994,0,0,0,42186.3,-27760.9,2620.57,18891.8,3941.34,60644.7,6.86244e+06
20230101T000009.700000,6,1833,3791.33,3786.09,-21.1024,0,0,0,22967.6,-22934.6,127.831,23031,127.655,45933.9,253121
20230101T000009.700000,6,1834,5810.86,5592.09,669.89,0,0,0,50440.1,-51601.2,-6224.41,54401.5,-5990.07,104060,1.28687e+07
20230101T000009.700000,6,1835,5466.44,4747.52,69.8844,0,0,0,36103.2,-41487.7,-610.763,47841.9,-530.439,83873.4,1.51114e+06
20230101T000009.700000,3,1468,866.069,-157.379,-187.111,0,0,0,2500,0,0,2500,0,2500,0
20230101T000009.700000,3,1469,9455.76,-2150.81,-1387.59,0,0,0,2500,0,0,2500,0,2500,0
20230101T000009.700000,3,1470,865.62,-157.455,-189.12,0,0,0,2500,0,0,2500,0,2500,0
20230101T000009.700000,3,1471,1848.19,2375.79,-132.006,0,0,0,2500,0,0,2500,0,2500,0
20230101T000009.700000,3,1472,1543.89,2084.94,-243.709,0,0,0,2500,0,0,2500,0,2500,0
20230101T000009.700000,3,1473,3090.31,3240.89,507.481,0,0,0,2500,0,0,2500,0,2500,0
20230101T000009.700000,3,1474,3408.72,5126.73,-480.994,0,0,0,2500,0,0,2500,0,2500,0
20230101T000009.700000,3,1475,3791.33,3786.09,-21.1024,0,0,0,2500,0,0,2500,0,2500,0
20230101T000009.700000,3,1476,5810.86,5592.09,669.89,0,0,0,2500,0,0,2500,0,2500,0
20230101T000009.700000,3,1477,5466.44,4747.52,69.8844,0,0,0,2500,0,0,2500,0,2500,0
20230101T000009.800000,6,1836,827.209,-300.76,-187.434,0,0,0,248.454,360.355,235.822,1108.55,-85.7414,1242.35,4.78547e+21
20230101T000009.800000,6,1837,9129.37,3547.48,-196.925,0,0,0,20244.9,-51775.5,2875.28,133369,1117.27,153488,3.65394e+08
20230101T000009.800000,6,1838,2858.28,3498.73,95.5624,0,0,0,19617.2,-15962.1,-436.175,13118.8,-533.907,32657.5,1.11651e+07
20230101T000009.800000,6,1839,6089.58,6179.26,-1226.36,0,0,0,62309.6,-58972.2,11942.6,60585.4,12118.4,120427,1.22276e+06
20230101T000009.800000,6,1840,5903.09,5219.63,-203.698,0,0,0,43664.4,-49234.4,1922.68,55811.6,1700.07,99345.7,686143
20230101T000009.800000,6,1841,4770.51,6548.52,72.2015,0,0,0,68638.1,-49949.3,-550.765,36459.7,-756.04,105026,8.9058e+06
20230101T000009.800000,6,1842,4294.36,5343.79,-112.504,0,0,0,45722.8,-36675.9,772.356,29557.6,961.1,75196.1,1.00231e+06
20230101T000009.800000,6,1843,4577.92,4125.13,-744.585,0,0,0,27751.1,-29742.7,5448.18,33957.5,4909.32,60759.4,1.34489e+07
20230101T000009.800000,6,1844,6866.16,6977.34,-322.17,0,0,0,78006.5,-76537,3537.84,75547.4,3595.13,153324,3.779e+08
20230101T000009.800000,4,1470,848.028,-255.526,-188.006,-1.74179,-9.71001,0.110301,120.971,129.145,160.482,807.46,-29.1915,821.263,0
20230101T000009.800000,4,1473,3082.59,3269.08,479.204,-0.764254,2.79022,-2.79968,1269.53,-1123.46,-176.088,1162.59,-184.668,2314.04,0
20230101T000009.800000,3,1478,9129.37,3547.48,-196.925,0,0,0,2500,0,0,2500,0,2500,0
20230101T000009.800000,3,1479,6089.58,6179.26,-1226.36,0,0,0,2500,0,0,2500,0,2500,0
20230101T000009.800000,3,1480,5903.09,5219.63,-203.698,0,0,0,2500,0,0,2500,0,2500,0
20230101T000009.800000,3,1481,4770.51,6548.52,72.2015,0,0,0,2500,0,0,2500,0,2500,0
20230101T000009.800000,3,1482,4294.36,5343.79,-112.504,0,0,0,2500,0,0,2500,0,2500,0
20230101T000009.800000,3,1483,4577.92,4125.13,-744.585,0,0,0,2500,0,0,2500,0,2500,0
20230101T000009.800000,3,1484,6866.16,6977.34,-322.17,0,0,0,2500,0,0,2500,0,2500,0
20230101T000009.900000,6,1845,761.074,-442.079,-187.634,0,0,0,400.587,487.273,217.201,956.428,-126.164,1242.25,1.67313e+20
20230101T000009.900000,6,1846,8749.14,-4233.96,-1232.14,0,0,0,30701.5,58292.5,17241.1,122949,-8343.47,151159,1.21716e+09
20230101T000009.900000,6,1847,2618.51,870.853,-375.115,0,0,0,1472.71,-3562.3,1563.48,10999.2,519.976,12185.1,311465
20230101T000009.900000,6,1848,3134.4,686.409,-337.991,0,0,0,988.669,-3390.95,1688.52,15730.4,369.774,16473.7,4.90842e+06
20230101T000009.900000,6,1849,10501.2,5104.76,-140.766,0,0,0,41771.1,-85732.1,2364.45,176459,1149.39,218134,700122
20230101T000009.900000,6,1850,3094.59,1369.76,-494.03,0,0,0,3380.93,-6614.44,2437.74,15396.6,1079.02,18325.7,231753
20230101T000009.900000,6,1851,3363.24,1889.31,-54.2995,0,0,0,5763.4,-10137.4,291.41,18114.7,163.7,23809.4,1.18769e+06
20230101T000009.900000,6,1852,10536.2,3998.48,61.9808,0,0,0,25641.8,-67383,-1044.54,177629,-396.401,203200,3.70368e+06
20230101T000009.900000,6,1853,11454.9,3879.85,-864.54,0,0,0,25215.1,-70726.4,15840.8,210073,5365.39,234028,6.05679e+06
20230101T000009.900000,6,1854,3739.86,2505.04,-127.536,0,0,0,10102.4,-14948,761.641,22406.4,510.163,32418.9,5.60321e+07
20230101T000009.900000,6,1855,6888.53,4253.26,-222.42,0,0,0,29048,-46814,2449.94,75962.5,1512.7,104867,2.0732e+07
20230101T000009.900000,6,1856,7921.24,2473.65,349.611,0,0,0,10026.7,-31277.2,-4428.4,100417,-1382.9,110184,325438
20230101T000009.900000,6,1857,7417.48,4196.64,-219.156,0,0,0,28285.5,-49745.2,2599.51,88064.5,1470.74,116209,463899
20230101T000009.900000,6,1858,5400.05,1618.8,-1249.23,0,0,0,6539.84,-13283,10780.5,46867.7,3231.73,50852.6,641237
20230101T000009.900000,6,1859,5788.1,3621.13,238.934,0,0,0,21091.7,-33465.4,-2210.87,53647.1,-1383.15,74583.6,379202
20230101T000009.900000,6,1860,8566.29,1609.07,-2024.35,0,0,0,10534.6,-20853.4,27732.1,117636,5209.13,121556,1.04959e+06
20230101T000009.900000,6,1861,8830.3,2389.52,274.325,0,0,0,9307.47,-33713.8,-3873.95,124771,-1048.31,133894,778693
20230101T000009.900000,6,1862,8597.08,3585.73,882.81,0,0,0,21688.2,-48857.4,-12137.8,118450,-5062.52,138828,451344
20230101T000009.900000,6,1863,10068.9,2510.16,-1064.87,0,0,0,11849.3,-39998.7,17149,162322,4275.23,172295,1.26183e+06
20230101T000009.900000,6,1864,1462.33,1895.5,-9.45862,0,0,0,5772.61,-4403.94,21.9762,3461.68,28.4859,9170.14,520524
20230101T000009.900000,6,1865,3041.99,2367.96,163.041,0,0,0,9037.82,-11473.7,-791.418,14846.1,-616.058,23777.6,1.10564e+06
20230101T000009.900000,6,1866,3712.91,2545.68,-102.003,0,0,0,10423.6,-15085.4,604.768,22082.9,414.647,32425.9,5.41977e+07
20230101T000009.900000,6,1867,5644.11,8494.88,764.696,0,0,0,115767,-76253.1,-6903.01,51662.8,-10389.6,166431,123108
20230101T000009.900000,6,1868,6866.18,5335.24,-915.958,0,0,0,46420.1,-57931.3,10057.3,75960.3,7814.88,120975,1.29744e+06
20230101T000009.900000,6,1869,5272.35,5589.55,1758.37,0,0,0,52346.6,-44652.4,-14823.6,47126.2,-15715.5,94468.2,223617
20230101T000009.900000,6,1870,4209.17,2880.29,-667.675,0,0,0,13802.3,-19036,4489.77,28594.9,3072.3,41622.1,3.50904e+06
20230101T000009.900000,6,1871,5032.62,4288.68,-315.797,0,0,0,29557.9,-34423,2540.54,40617.7,2164.99,69952.3,2.24192e+06
20230101T000009.900000,4,1466,3801.36,2393.53,-317.389,-3.12957,1.51298,4.53609,762.76,-1096.54,153.374,1826.7,96.0631,2501.13,0
20230101T000009.900000,3,1485,761.074,-442.079,-187.634,0,0,0,2500,0,0,2500,0,2500,0
20230101T000009.900000,3,1486,8749.14,-4233.96,-1232.14,0,0,0,2500,0,0,2500,0,2500,0
20230101T000009.900000,3,1487,2618.51,870.853,-375.115,0,0,0,2500,0,0,2500,0,2500,0
20230101T000009.900000,3,1488,3134.4,686.409,-337.991,0,0,0,2500,0,0,2500,0,2500,0
20230101T000009.900000,3,1489,10501.2,5104.76,-140.766,0,0,0,2500,0,0,2500,0,2500,0
20230101T000009.900000,3,1490,3094.59,1369.76,-494.03,0,0,0,2500,0,0,2500,0,2500,0
20230101T000009.900000,3,1491,3363.24,1889.31,-54.2995,0,0,0,2500,0,0,2500,0,2500,0
20230101T000009.900000,3,1492,10536.2,3998.48,61.9808,0,0,0,2500,0,0,2500,0,2500,0
20230101T000009.900000,3,1493,11454.9,3879.85,-864.54,0,0,0,2500,0,0,2500,0,2500,0
20230101T000009.900000,3,1494,6888.53,4253.26,-222.42,0,0,0,2500,0,0,2500,0,2500,0
20230101T000009.900000,3,1495,7921.24,2473.65,349.611,0,0,0,2500,0,0,2500,0,2500,0
20230101T000009.900000,3,1496,7417.48,4196.64,-219.156,0,0,0,2500,0,0,2500,0,2500,0
20230101T000009.900000,3,1497,5400.05,1618.8,-1249.23,0,0,0,2500,0,0,2500,0,2500,0
20230101T000009.900000,3,1498,5788.1,3621.13,238.934,0,0,0,2500,0,0,2500,0,2500,0
20230101T000009.900000,3,1499,8566.29,1609.07,-2024.35,0,0,0,2500,0,0,2500,0,2500,0
20230101T000009.900000,3,1500,8830.3,2389.52,274.325,0,0,0,2500,0,0,2500,0,2500,0
20230101T000009.900000,3,1501,8597.08,3585.73,882.81,0,0,0,2500,0,0,2500,0,2500,0
20230101T000009.900000,3,1502,10068.9,2510.16,-1064.87,0,0,0,2500,0,0,2500,0,2500,0
20230101T000009.900000,3,1503,1462.33,1895.5,-9.45862,0,0,0,2500,0,0,2500,0,2500,0
20230101T000009.900000,3,1504,3041.99,2367.96,163.041,0,0,0,2500,0,0,2500,0,2500,0
20230101T000009.900000,3,1505,3712.91,2545.68,-102.003,0,0,0,2500,0,0,2500,0,2500,0
20230101T000009.900000,3,1506,5644.11,8494.88,764.696,0,0,0,2500,0,0,2500,0,2500,0
20230101T000009.900000,3,1507,6866.18,5335.24,-915.958,0,0,0,2500,0,0,2500,0,2500,0
20230101T000009.900000,3,1508,5272.35,5589.55,1758.37,0,0,0,2500,0,0,2500,0,2500,0
20230101T000009.900000,3,1509,4209.17,2880.29,-667.675,0,0,0,2500,0,0,2500,0,2500,0
20230101T000009.900000,3,1510,5032.62,4288.68,-315.797,0,0,0,2500,0,0,2500,0,2500,0
20230101T000010,6,1872,6226.7,-5050.59,-1111.22,0,0,0,42043.1,49320.3,11064,62843.7,-8974.24,102850,3.80125e+07
20230101T000010,6,1873,675.367,-564.201,-188.268,0,0,0,578.761,551.654,193.392,778.258,-161.559,1241.91,5.03604e+19
20230101T000010,6,1874,7315.86,-6461.17,-841.912,0,0,0,67467.6,75036.2,9850.8,86159.8,-8699.95,152430,5.30546e+08
20230101T000010,6,1875,3942.53,-2156.84,-394.442,0,0,0,7683.61,13473.9,2483.27,24941.6,-1358.52,32313.3,3.57238e+07
20230101T000010,6,1876,7292.37,-1454.41,684.728,0,0,0,4166.98,16813.7,-7983.54,85117,1592.25,88470.9,3.33332e+06
20230101T000010,6,1877,2862.69,684.042,-557.107,0,0,0,1276.88,-3006.9,2540.35,13142.2,607.017,13862.9,1.73277e+06
20230101T000010,6,1878,3359.18,787.921,-273.577,0,0,0,1167.1,-4194.07,1465.48,18064.1,343.74,19048.3,164273
20230101T000010,6,1879,1864.29,587.252,-154.287,0,0,0,644.296,-1722.55,455.428,5570.08,143.46,6113.08,6.44423e+06
20230101T000010,6,1880,11013.8,2416.21,-486.735,0,0,0,9763.54,-42485.9,8574.56,194105,1881.1,203426,146384
20230101T000010,6,1881,11185.5,3375.88,263.692,0,0,0,18395.1,-60369,-4717.86,200200,-1423.89,218420,1.55541e+06
20230101T000010,6,1882,7483.69,3943.45,-1105.28,0,0,0,26460.4,-46386.4,13227.3,90047.4,6969.98,114491,787720
20230101T000010,6,1883,8429.99,2017.29,-1097.82,0,0,0,8394.59,-26758.4,14799.7,113811,3541.54,120216,287089
20230101T000010,6,1884,6166.14,3332.3,-503.054,0,0,0,18129.4,-32679.9,4959.02,60939.9,2679.95,78601.1,133279
20230101T000010,6,1885,6757.73,2189.13,-1403.59,0,0,0,10576.1,-22727.5,15164.6,73372.4,4912.48,80737.2,413232
20230101T000010,6,1886,5193.29,1016.2,-723.211,0,0,0,2518.78,-8274.35,6000.93,43185.6,1174.24,44805.8,5.76835e+06
20230101T000010,6,1887,8738.06,2695.58,357.785,0,0,0,11871.2,-37611,-4999.76,122189,-1542.36,133792,2.34123e+06
20230101T000010,6,1888,9614.39,4358.75,-2522.76,0,0,0,38895,-63198.6,38794.5,149645,17587.8,178300,923561
20230101T000010,6,1889,5657.18,1064.04,-175.013,0,0,0,1920.58,-9610.64,1582.22,51209.8,297.594,53017.5,809795
20230101T000010,6,1890,5153.96,3021.71,-55.6735,0,0,0,14660.5,-24888,458.588,42518.9,268.865,57110.5,3.03619e+06
20230101T000010,6,1891,5973.93,1519.29,-613.518,0,0,0,4318.39,-14362.8,5858.07,57140.9,1489.83,60794.3,6.18053e+06
20230101T000010,6,1892,1594.17,2299.39,-127.159,0,0,0,8488.62,-5822.96,322.688,4126.81,465.436,12525.8,1.61739e+06
20230101T000010,6,1893,1470.45,2078.07,-464.602,0,0,0,7045.31,-4697.06,1086.55,3730.95,1535.54,10371,3.61363e+06
20230101T000010,6,1894,7590.07,7641.18,-2539.09,0,0,0,98573.2,-87607.5,30824.9,97397.4,31032.5,185598,2.17544e+06
20230101T000010,6,1895,8282.59,8476.8,1220.43,0,0,0,116165,-111113,-16168.8,111014,-16547.9,224733,1.62723e+06
20230101T000010,6,1896,2205.9,3156.05,135.911,0,0,0,15967.7,-11095.2,-478.397,7848.4,-684.458,23722.7,458761
20230101T000010,6,1897,2936.96,2785.92,408.29,0,0,0,12591.9,-12926.6,-1913.98,13957.5,-1815.54,26220,7.05476e+06
20230101T000010,6,1898,6098.8,8458.94,637.419,0,0,0,114730,-82204.4,-6217.71,59982.3,-8623.87,173999,543735
20230101T000010,6,1899,7950.27,7053.26,-559.177,0,0,0,79913.2,-89440.5,7110.47,101379,6308.21,180729,199148
20230101T000010,6,1900,5528.65,5275.12,-683.388,0,0,0,44947.3,-46257.9,6041.03,49291.9,5764,93429,1.13479e+06
20230101T000010,6,1901,7762.26,5223.65,175.501,0,0,0,43736.3,-64823.2,-2178.65,96439.5,-1466.13,140063,4.58669e+06
20230101T000010,6,1902,3461.77,4341.32,-13.815,0,0,0,30180.3,-24014.5,76.4196,19213.5,95.836,49329.5,799966
20230101T000010,6,1903,3805.12,5122.09,-632.129,0,0,0,42227.2,-30847.8,3844.77,23619.1,5175.47,65144.2,4.24834e+06
20230101T000010,6,1904,3423.24,3650,1234.86,0,0,0,22486,-18744.2,-6753.38,20079.8,-7200.74,40069.4,661366
20230101T000010,4,1472,1521.86,2074.18,-287.249,-6.06566,-2.96171,-11.9834,1433.24,-1001.3,117.258,822.504,158.35,2160.05,0
20230101T000010,4,1485,710.675,-528.682,-188.054,-4.98994,-8.57453,-0.0414901,282.215,318.982,139.99,646.083,-81.3151,821.823,0
20230101T000010,4,1496,7424.66,4194.47,-238.178,0.711453,-0.214116,-1.88332,647.739,-1031.73,53.8797,1887.57,30.4839,2469.75,0
20230101T000010,4,1500,8828.12,2395.06,275.851,-0.215337,0.54871,0.151082,229.275,-608.587,-69.8692,2313.58,-18.9069,2476.14,0
20230101T000010,3,1511,6226.7,-5050.59,-1111.22,0,0,0,2500,0,0,2500,0,2500,0
20230101T000010,3,1512,7315.87,-6461.17,-841.912,0,0,0,2500,0,0,2500,0,2500,0
20230101T000010,3,1513,3942.53,-2156.84,-394.442,0,0,0,2500,0,0,2500,0,2500,0
20230101T000010,3,1514,7292.37,-1454.41,684.728,0,0,0,2500,0,0,2500,0,2500,0
20230101T000010,3,1515,2862.69,684.042,-557.107,0,0,0,2500,0,0,2500,0,2500,0
20230101T000010,3,1516,3359.18,787.921,-273.577,0,0,0,2500,0,0,2500,0,2500,0
20230101T000010,3,1517,1864.29,587.252,-154.287,0,0,0,2500,0,0,2500,0,2500,0
20230101T000010,3,1518,11013.8,2416.21,-486.735,0,0,0,2500,0,0,2500,0,2500,0
20230101T000010,3,1519,11185.5,3375.88,263.692,0,0,0,2500,0,0,2500,0,2500,0
20230101T000010,3,1520,8429.99,2017.29,-1097.82,0,0,0,2500,0,0,2500,0,2500,0
20230101T000010,3,1521,6166.14,3332.3,-503.054,0,0,0,2500,0,0,2500,0,2500,0
20230101T000010,3,1522,6757.73,2189.13,-1403.59,0,0,0,2500,0,0,2500,0,2500,0
20230101T000010,3,1523,5193.29,1016.2,-723.211,0,0,0,2500,0,0,2500,0,2500,0
20230101T000010,3,1524,9614.39,4358.75,-2522.76,0,0,0,2500,0,0,2500,0,2500,0
20230101T000010,3,1525,5657.18,1064.04,-175.013,0,0,0,2500,0,0,2500,0,2500,0
20230101T000010,3,1526,5153.96,3021.71,-55.6735,0,0,0,2500,0,0,2500,0,2500,0
20230101T000010,3,1527,5973.93,1519.29,-613.518,0,0,0,2500,0,0,2500,0,2500,0
20230101T000010,3,1528,1594.17,2299.39,-127.159,0,0,0,2500,0,0,2500,0,2500,0
20230101T000010,3,1529,7590.07,7641.18,-2539.09,0,0,0,2500,0,0,2500,0,2500,0
20230101T000010,3,1530,8282.59,8476.8,1220.43,0,0,0,2500,0,0,2500,0,2500,0
20230101T000010,3,1531,2205.9,3156.05,135.911,0,0,0,2500,0,0,2500,0,2500,0
20230101T000010,3,1532,2936.96,2785.92,408.29,0,0,0,2500,0,0,2500,0,2500,0
20230101T000010,3,1533,6098.8,8458.94,637.419,0,0,0,2500,0,0,2500,0,2500,0
20230101T000010,3,1534,7950.27,7053.26,-559.177,0,0,0,2500,0,0,2500,0,2500,0
20230101T000010,3,1535,5528.65,5275.12,-683.388,0,0,0,2500,0,0,2500,0,2500,0
20230101T000010,3,1536,7762.26,5223.65,175.501,0,0,0,2500,0,0,2500,0,2500,0
20230101T000010,3,1537,3461.77,4341.32,-13.815,0,0,0,2500,0,0,2500,0,2500,0
20230101T000010,3,1538,3805.12,5122.09,-632.129,0,0,0,2500,0,0,2500,0,2500,0
20230101T000010,3,1539,3423.24,3650,1234.86,0,0,0,2500,0,0,2500,0,2500,0
20230101T000010.100000,6,1905,4332.92,-1254.22,-61.9539,0,0,0,2581.61,8676.36,428.662,30044.1,-124.082,32555.6,6.5489e+07
20230101T000010.100000,6,1906,9721.8,1195.6,-227.235,0,0,0,2431.54,-18579.7,3533.14,151224,434.511,153509,1.16247e+09
20230101T000010.100000,6,1907,579.505,687.916,-29.1615,0,0,0,784.268,-605.669,25.7033,575.512,30.5118,1294.55,8.15013e+22
20230101T000010.100000,3,1540,4332.92,-1254.22,-61.9539,0,0,0,2500,0,0,2500,0,2500,0
20230101T000010.100000,3,1541,9721.81,1195.6,-227.235,0,0,0,2500,0,0,2500,0,2500,0
20230101T000010.100000,3,1542,579.505,687.916,-29.1615,0,0,0,2500,0,0,2500,0,2500,0
20230101T000010.200000,6,1908,3011.06,-3369.13,46.2438,0,0,0,18191.5,16197.9,-222.352,14543.9,248.793,32668,3.49538e+07
20230101T000010.200000,6,1909,5411.27,-6018.17,364.604,0,0,0,58073,51967.9,-3154.82,47003.8,3508.65,104800,1.3857e+07
20230101T000010.200000,6,1910,6818.4,-7038.1,-32.9195,0,0,0,79287.6,76748.9,358.984,74418.9,-370.551,153641,4.29386e+08
20230101T000010.200000,6,1911,686.532,581.06,-30.4665,0,0,0,578.321,-606.01,31.8131,781.422,26.9257,1294.4,3.63195e+22
20230101T000010.200000,4,1512,7310.13,-6473.1,-828.686,-1.10281,-2.29408,2.54351,1165.65,1228.27,160.068,1471.63,-141.367,2538.29,0
20230101T000010.200000,4,1542,656.038,623.394,-30.0238,7.57755,-6.38837,-0.0853831,526.805,-390.5,16.5661,392.211,19.6652,855.525,0
20230101T000010.200000,3,1543,3011.06,-3369.13,46.2438,0,0,0,2500,0,0,2500,0,2500,0
20230101T000010.200000,3,1544,5411.27,-6018.17,364.604,0,0,0,2500,0,0,2500,0,2500,0
20230101T000010.300000,6,1912,6106.39,-5312.67,50.7575,0,0,0,45197.8,51872.2,-495.609,59690.2,431.189,104820,2.21097e+07
20230101T000010.300000,6,1913,7110.28,-6738.86,57.8402,0,0,0,72696.2,76629.7,-657.741,80922.6,623.383,153549,6.13448e+08
20230101T000010.300000,6,1914,4286.44,-1383.53,-251.816,0,0,0,3212.32,9440.36,1723.63,29413.2,-556.336,32460.5,4.39137e+07
20230101T000010.300000,6,1915,7446.34,-3172.4,-54.6985,0,0,0,16160.8,37771.6,651.287,88727.3,-277.471,104819,2.28175e+07
20230101T000010.300000,6,1916,9075.65,-3687.55,156.141,0,0,0,21845.2,53511.1,-2266.38,131802,920.861,153545,6.00719e+08
20230101T000010.300000,6,1917,779.834,448.056,-31.2314,0,0,0,370.439,-530.769,37.0438,989.278,21.2836,1294.31,5.26879e+22
20230101T000010.300000,4,1512,7306.03,-6477.33,-813.203,-5.3607,-0.614684,7.11994,1187.43,1279.04,165.002,1501.96,-145.845,2615.19,0
20230101T000010.300000,4,1540,4329.91,-1263.92,-76.0013,-0.578664,-1.86631,-2.70143,244.184,626.261,30.9355,2226.43,-8.95467,2407.3,0
20230101T000010.300000,3,1545,6106.39,-5312.67,50.7575,0,0,0,2500,0,0,2500,0,2500,0
20230101T000010.300000,3,1546,7446.34,-3172.4,-54.6985,0,0,0,2500,0,0,2500,0,2500,0
20230101T000010.300000,3,1547,9075.65,-3687.55,156.141,0,0,0,2500,0,0,2500,0,2500,0
20230101T000010.300000,3,1548,779.834,448.056,-31.2314,0,0,0,2500,0,0,2500,0,2500,0
20230101T000010.400000,6,1918,5538.36,-5867.87,640.135,0,0,0,55429.8,51638.3,-5669.01,49457.8,6006.29,104169,7.5242e+06
20230101T000010.400000,6,1919,7337.33,-6474.69,456.411,0,0,0,67297.8,75814,-5355.9,86312.2,4726.21,153213,5.30567e+08
20230101T000010.400000,6,1920,844.78,308.605,-31.0916,0,0,0,210.141,-396.024,39.9492,1149.55,14.5938,1294.3,6.98904e+22
20230101T000010.400000,4,1544,5409.83,-6009.49,370.961,-0.27518,1.66804,1.22255,1433.03,1227.85,-74.3915,1171.5,82.7349,2532.17,0
20230101T000010.400000,4,1548,830.559,359.762,-31.1389,5.02231,-8.74205,0.00915509,260.004,-342.232,23.8755,659.023,13.7178,855.379,0
20230101T000010.400000,3,1549,7337.33,-6474.69,456.411,0,0,0,2500,0,0,2500,0,2500,0
20230101T000010.500000,6,1921,5698.12,-5748.6,4.3143,0,0,0,52906,52378,-39.3095,51982.1,39.6577,104824,2.07805e+07
20230101T000010.500000,6,1922,6539.61,-7294.65,12.6489,0,0,0,85167.7,76294.8,-132.295,68462.1,147.569,153566,6.55429e+08
20230101T000010.500000,6,1923,885.38,157.77,-32.635,0,0,0,103.427,-212.165,43.9477,1256.26,7.83123,1294.15,8.99122e+22
20230101T000010.500000,4,1544,5417.23,-6003.17,362.012,1.74224,3.41984,-1.29611,1452.27,1268.49,-77.7466,1183.89,86.3728,2588.6,0
20230101T000010.500000,3,1550,6539.61,-7294.65,12.6489,0,0,0,2500,0,0,2500,0,2500,0
20230101T000010.500000,3,1551,885.38,157.77,-32.635,0,0,0,2500,0,0,2500,0,2500,0
20230101T000010.600000,6,1924,899.355,3.87396,-31.5517,0,0,0,65.5369,-5.29231,43.1594,1294.14,0.185909,1294.25,4.01126e+22
20230101T000010.600000,6,1925,7420.6,6369.03,-600.994,0,0,0,65272.7,-75302.1,7132.61,88376.7,6121.85,153008,7.45775e+08
20230101T000010.600000,4,1551,903.349,57.0684,-31.9191,1.77905,-9.97047,0.0708876,87.8402,-136.807,28.3254,831.201,5.04743,855.279,0
20230101T000010.600000,3,1552,7420.6,6369.03,-600.994,0,0,0,2500,0,0,2500,0,2500,0
20230101T000010.700000,6,1926,885.867,-155.741,-28.9977,0,0,0,102.13,209.613,39.0709,1257.57,-6.86892,1294.49,5.32875e+22
20230101T000010.700000,6,1927,885.574,-157.269,-29.6458,0,0,0,102.913,211.588,39.931,1256.78,-7.09132,1294.43,5.26123e+22
20230101T000010.700000,6,1928,3239.65,3151.75,-20.8624,0,0,0,15926.9,-16304.6,107.927,16824,104.999,32686.2,5.3339e+07
20230101T000010.700000,6,1929,5581.45,5861.1,99.7095,0,0,0,55001.9,-52301.6,-889.895,49886.1,-934.481,104808,6.87613e+06
20230101T000010.700000,6,1930,6867.22,6974.96,398.095,0,0,0,77996.4,-76479.1,-4372.27,75615.2,-4440.86,153294,3.89867e+08
20230101T000010.700000,3,1553,885.867,-155.741,-28.9977,0,0,0,2500,0,0,2500,0,2500,0
20230101T000010.700000,3,1554,885.574,-157.269,-29.6458,0,0,0,2500,0,0,2500,0,2500,0
20230101T000010.700000,3,1555,3239.65,3151.75,-20.8624,0,0,0,2500,0,0,2500,0,2500,0
20230101T000010.700000,3,1556,5581.46,5861.1,99.7095,0,0,0,2500,0,0,2500,0,2500,0
20230101T000010.700000,3,1557,6867.22,6974.96,398.095,0,0,0,2500,0,0,2500,0,2500,0
20230101T000010.800000,6,1931,845.407,-307.085,-29.0529,0,0,0,208.556,394.43,37.3574,1151.15,-13.5697,1294.49,1.62414e+21
20230101T000010.800000,6,1932,7341.28,3426.9,-82.1701,0,0,0,18851.2,-40223.9,964.586,86244.4,450.268,105021,2.56757e+07
20230101T000010.800000,6,1933,9278.17,3148.93,-142.66,0,0,0,15951.8,-46716.8,2116.91,137745,718.462,153600,4.16281e+08
20230101T000010.800000,6,1934,2949.04,3416.35,-14.5144,0,0,0,18701.8,-16088.1,68.3513,13951.8,79.1822,32589.3,2.79956e+07
20230101T000010.800000,6,1935,6138.07,5267.39,395.439,0,0,0,44573.5,-51575.4,-3881.2,60414.6,-3330.66,104674,2.65339e+07
20230101T000010.800000,6,1936,4201.31,5683.86,-1447.25,0,0,0,52895.8,-36576.2,9721.05,30448.5,13151.4,79934.2,761976
20230101T000010.800000,6,1937,4364.24,4677.45,-604.973,0,0,0,35307.8,-32337.9,4220.3,30821.5,4523.19,65480.8,2.11123e+06
20230101T000010.800000,4,1554,867.637,-258.358,-29.254,-1.77593,-10.0089,0.0387936,87.507,136.424,25.7365,831.481,-4.57054,855.461,0
20230101T000010.800000,4,1555,3215.28,3167.39,-20.3784,-2.41326,1.54892,0.0479158,1171.83,-1140.3,7.54801,1234.57,7.34321,2343.89,0
20230101T000010.800000,4,1556,5597.87,5850.55,106.711,1.62541,-1.04383,0.69318,1322.88,-1199.97,-20.4142,1205.5,-21.4369,2465.24,0
20230101T000010.800000,3,1558,7341.28,3426.9,-82.1701,0,0,0,2500,0,0,2500,0,2500,0
20230101T000010.800000,3,1559,9278.17,3148.93,-142.66,0,0,0,2500,0,0,2500,0,2500,0
20230101T000010.800000,3,1560,4201.31,5683.86,-1447.25,0,0,0,2500,0,0,2500,0,2500,0
20230101T000010.800000,3,1561,4364.24,4677.45,-604.973,0,0,0,2500,0,0,2500,0,2500,0
20230101T000010.900000,6,1938,7996.32,-5653.64,-269.585,0,0,0,51262.1,72248.4,3447.67,102366,-2437.61,153448,3.20632e+09
20230101T000010.900000,6,1939,779.182,-449.255,-30.2675,0,0,0,372.006,531.785,35.8704,987.714,-20.6819,1294.4,7.10386e+20
20230101T000010.900000,6,1940,3031.83,1574.62,370.205,0,0,0,4189.6,-7522.79,-1789.76,14767.2,-929.532,18675,540572
20230101T000010.900000,6,1941,10290.8,3386.65,-2296.41,0,0,0,26019.4,-53238.6,37798.9,170272,12439.4,187795,960352
20230101T000010.900000,6,1942,3731.63,1106.72,-22.7041,0,0,0,2019.31,-6590.12,135.2,22285.3,40.0972,24239.8,291644
20230101T000010.900000,6,1943,9685.35,3843.46,217.435,0,0,0,23756.1,-59512.6,-3368.25,150109,-1336.63,173725,5.79955e+06
20230101T000010.900000,6,1944,4077.25,1915.44,100.796,0,0,0,5935.95,-12464.7,-656.256,26612.8,-308.301,32468.6,5.05962e+07
20230101T000010.900000,6,1945,5161.8,2972.16,-664.281,0,0,0,14711.7,-24214.1,5480.1,42822.1,3155.44,56765.4,4.16392e+06
20230101T000010.900000,6,1946,7543.38,1421.68,-1791.29,0,0,0,8250.34,-16213.4,21605.9,91222.4,4072,94281.4,607028
20230101T000010.900000,6,1947,7000.93,4050.37,348.612,0,0,0,26442.3,-45258.1,-3902.59,78485.6,-2257.83,104670,2.04824e+07
20230101T000010.900000,6,1948,5761.82,3153.04,-761.404,0,0,0,16669.1,-28650.4,7012.9,53346.1,3837.67,69025.3,119829
20230101T000010.900000,6,1949,8692.3,2139.7,625.121,0,0,0,7974.91,-29598.4,-8689.66,120929,-2139.05,128215,181209
20230101T000010.900000,6,1950,4602.26,2728.38,95.4836,0,0,0,11968.6,-20056.3,-702.123,33909.7,-416.243,45799.8,3.49811e+06
20230101T000010.900000,6,1951,8539.1,3266.56,264.084,0,0,0,17225.7,-44571,-3606.34,116688,-1379.57,133739,1.377e+06
20230101T000010.900000,6,1952,4788.06,1861.49,-79.0847,0,0,0,5608.52,-14235.7,604.942,36690.6,235.188,42225.2,1.04618e+06
20230101T000010.900000,6,1953,4323.56,5789.1,433.906,0,0,0,53752.5,-39872.2,-2999.34,30143.4,-4016.01,83531.1,566502
20230101T000010.900000,6,1954,5653.17,6616.17,-785.623,0,0,0,70481.4,-59324.6,7102.29,51740.8,8312.15,121172,1.56738e+06
20230101T000010.900000,6,1955,4393.65,4686.15,120.67,0,0,0,35176.9,-32899.3,-847.466,30933.1,-903.885,66022.7,537802
20230101T000010.900000,4,1558,7328.6,3439.4,-71.9845,-1.25584,1.23779,1.00848,492.608,-921.045,22.0848,2035.77,10.3092,2465.48,0
20230101T000010.900000,4,1561,4365.74,4678.21,-578.256,0.148324,0.07542,2.64522,1338.57,-1171.1,151.519,1176.1,162.394,2411.04,0
20230101T000010.900000,3,1562,7996.32,-5653.64,-269.585,0,0,0,2500,0,0,2500,0,2500,0
20230101T000010.900000,3,1563,779.182,-449.255,-30.2675,0,0,0,2500,0,0,2500,0,2500,0
20230101T000010.900000,3,1564,3031.83,1574.62,370.205,0,0,0,2500,0,0,2500,0,2500,0
20230101T000010.900000,3,1565,10290.8,3386.65,-2296.41,0,0,0,2500,0,0,2500,0,2500,0
20230101T000010.900000,3,1566,3731.63,1106.72,-22.7041,0,0,0,2500,0,0,2500,0,2500,0
20230101T000010.900000,3,1567,9685.35,3843.46,217.435,0,0,0,2500,0,0,2500,0,2500,0
20230101T000010.900000,3,1568,4077.25,1915.44,100.796,0,0,0,2500,0,0,2500,0,2500,0
20230101T000010.900000,3,1569,5161.8,2972.16,-664.281,0,0,0,2500,0,0,2500,0,2500,0
20230101T000010.900000,3,1570,7543.38,1421.68,-1791.29,0,0,0,2500,0,0,2500,0,2500,0
20230101T000010.900000,3,1571,5761.82,3153.04,-761.404,0,0,0,2500,0,0,2500,0,2500,0
20230101T000010.900000,3,1572,8692.3,2139.7,625.121,0,0,0,2500,0,0,2500,0,2500,0
20230101T000010.900000,3,1573,4602.26,2728.38,95.4836,0,0,0,2500,0,0,2500,0,2500,0
20230101T000010.900000,3,1574,8539.1,3266.56,264.084,0,0,0,2500,0,0,2500,0,2500,0
20230101T000010.900000,3,1575,4788.06,1861.49,-79.0847,0,0,0,2500,0,0,2500,0,2500,0
20230101T000010.900000,3,1576,4323.56,5789.1,433.906,0,0,0,2500,0,0,2500,0,2500,0
20230101T000010.900000,3,1577,5653.17,6616.17,-785.623,0,0,0,2500,0,0,2500,0,2500,0
20230101T000011,6,1956,688.655,-578.557,-30.2361,0,0,0,573.899,605.276,31.6701,785.849,-26.6069,1294.43,9.64998e+20
20230101T000011,6,1957,7453.39,-6363.65,-269.358,0,0,0,64897.8,75800.3,3210.87,88960.8,-2741.41,153679,1.3205e+09
20230101T000011,6,1958,4501.23,-350.722,-147.544,0,0,0,294.976,2518.24,1060.52,32418.4,-82.6327,32614.6,4.93132e+07
20230101T000011,6,1959,8055.14,-690.34,-390.403,0,0,0,1067.98,8871.08,5028.53,103819,-430.954,104579,5.2369e+07
20230101T000011,6,1960,2731.21,472.751,-269.637,0,0,0,532.088,-2035.69,1172.22,11940.4,202.902,12293.4,3.93722e+06
20230101T000011,6,1961,4360.79,1060.75,-355.844,0,0,0,2051.62,-7339.97,2477.92,30441.3,602.744,32227.1,4.92232e+07
20230101T000011,6,1962,8782.63,6049.26,-252.223,0,0,0,58662,-84928,3543.04,123469,2440.36,181965,1.0971e+06
20230101T000011,6,1963,6101.33,1917.31,-521.083,0,0,0,6334.97,-18574.5,5081.94,59606.6,1596.97,65444,360071
20230101T000011,6,1964,5731.76,3278.05,-10.6153,0,0,0,17241.3,-30034.7,97.2617,52580.7,55.6249,69757.8,1.30221e+06
20230101T000011,6,1965,5725.91,2318.33,128.197,0,0,0,8676.98,-21207.9,-1173.24,52470.4,-475.027,61057.1,8.51326e+06
20230101T000011,6,1966,6722.72,2632.26,522.661,0,0,0,11520.2,-28143.5,-5617.63,72378.6,-2199.57,83398.4,971362
20230101T000011,6,1967,1836.69,1822.1,108.909,0,0,0,5353.86,-5313.2,-318.143,5438.61,-315.616,10709.7,6.94052e+06
20230101T000011,6,1968,5296.21,6622.08,-961.7,0,0,0,70765.1,-55362.5,8144.92,45820.9,10183.9,115044,372462
20230101T000011,6,1969,4696.33,5834.54,-161.167,0,0,0,54508.5,-43790,1210.17,35352.9,1503.47,89755.9,288580
20230101T000011,6,1970,4855.29,7413.08,1513.28,0,0,0,89044.7,-55880.4,-11750.1,40325.8,-17940.1,125646,761804
20230101T000011,6,1971,3150,4552.13,323.481,0,0,0,33229.8,-22834.5,-1628.23,16032.3,-2352.98,49031.2,1.35791e+06
20230101T000011,4,1562,7993.82,-5669.6,-269.776,-0.247502,-1.57944,-0.0188484,870.76,1140.7,54.3931,1677.62,-38.4576,2482.32,0
20230101T000011,4,1563,727.001,-539.777,-30.2468,-5.16641,-8.96261,0.00204185,261.01,342.878,23.1193,658,-13.3299,855.436,0
20230101T000011,4,1571,5754.58,3154.05,-734.333,-0.717046,0.0992986,2.68032,633.617,-986.26,238.28,1896.18,130.394,2405.54,0
20230101T000011,3,1578,4501.23,-350.722,-147.544,0,0,0,2500,0,0,2500,0,2500,0
20230101T000011,3,1579,8055.14,-690.34,-390.403,0,0,0,2500,0,0,2500,0,2500,0
20230101T000011,3,1580,2731.21,472.751,-269.637,0,0,0,2500,0,0,2500,0,2500,0
20230101T000011,3,1581,4360.79,1060.75,-355.844,0,0,0,2500,0,0,2500,0,2500,0
20230101T000011,3,1582,8782.63,6049.26,-252.223,0,0,0,2500,0,0,2500,0,2500,0
20230101T000011,3,1583,6101.33,1917.31,-521.083,0,0,0,2500,0,0,2500,0,2500,0
20230101T000011,3,1584,5725.91,2318.33,128.197,0,0,0,2500,0,0,2500,0,2500,0
20230101T000011,3,1585,6722.72,2632.26,522.661,0,0,0,2500,0,0,2500,0,2500,0
20230101T000011,3,1586,1836.69,1822.1,108.909,0,0,0,2500,0,0,2500,0,2500,0
20230101T000011,3,1587,5296.21,6622.08,-961.7,0,0,0,2500,0,0,2500,0,2500,0
20230101T000011,3,1588,4696.33,5834.54,-161.167,0,0,0,2500,0,0,2500,0,2500,0
20230101T000011,3,1589,4855.29,7413.08,1513.28,0,0,0,2500,0,0,2500,0,2500,0
20230101T000011,3,1590,3150,4552.13,323.481,0,0,0,2500,0,0,2500,0,2500,0
20230101T000011.100000,6,1972,2779.58,-3562.44,-24.5149,0,0,0,20330.2,15811.9,108.812,12402.1,-139.459,32667.3,3.32269e+07
20230101T000011.100000,6,1973,5564.15,-5884.75,222.593,0,0,0,55476,52318.3,-1980.46,49611.2,2094.57,104944,1.14299e+07
20230101T000011.100000,6,1974,5564.94,-2769.68,253.428,0,0,0,12407.4,24594.5,-2254.16,49582.8,1121.9,61823.6,1.4845e+06
20230101T000011.100000,6,1975,9785.51,469.531,187.659,0,0,0,472.781,-7345.61,-2936.92,153210,-140.92,153563,5.70546e+08
20230101T000011.100000,6,1976,576.31,679.92,124.423,0,0,0,776.268,-583.77,-109.064,582.358,-128.671,1272.3,7.96448e+21
20230101T000011.100000,3,1591,2779.58,-3562.44,-24.5149,0,0,0,2500,0,0,2500,0,2500,0
20230101T000011.100000,3,1592,5564.15,-5884.75,222.593,0,0,0,2500,0,0,2500,0,2500,0
20230101T000011.100000,3,1593,5564.94,-2769.68,253.428,0,0,0,2500,0,0,2500,0,2500,0
20230101T000011.100000,3,1594,9785.51,469.531,187.659,0,0,0,2500,0,0,2500,0,2500,0
20230101T000011.100000,3,1595,576.31,679.92,124.423,0,0,0,2500,0,0,2500,0,2500,0
20230101T000011.200000,6,1977,3521.84,-2821.78,194.212,0,0,0,12815.5,15839.9,-1092.23,19893.9,875.119,32585.3,5.93848e+07
20230101T000011.200000,6,1978,5691.73,-5678.18,863.338,0,0,0,52216.2,51082,-7857.41,52459.7,7838.7,103421,1.06057e+07
20230101T000011.200000,6,1979,6828.61,-7008.07,596.877,0,0,0,78889.5,76251.8,-6518.63,74933,6689.94,153189,3.1246e+08
20230101T000011.200000,6,1980,4082.4,-4629.67,307.171,0,0,0,34388.1,30133.7,-2004.29,26786.5,2272.98,60959.9,2.50589e+07
20230101T000011.200000,6,1981,4043.16,-2010.77,134.31,0,0,0,6543.49,12970.8,-867.158,26173.9,431.259,32624.6,5.82176e+07
20230101T000011.200000,6,1982,9190.9,-3369.42,507.204,0,0,0,18583.9,49395.1,-7455.55,135212,2733.24,153321,3.1191e+08
20230101T000011.200000,6,1983,686.46,567.409,129.245,0,0,0,568.242,-579.301,-134.944,790.254,-111.541,1270.41,3.55884e+22
20230101T000011.200000,4,1592,5557.28,-5869.4,237.284,-0.680063,1.51961,1.45452,1332.15,1198.84,-45.3475,1197.76,47.9603,2463.9,0
20230101T000011.200000,4,1595,656.043,611.739,127.611,7.89443,-6.75064,0.315595,524.437,-378.75,-70.2928,398.628,-82.9302,841.183,0
20230101T000011.200000,3,1596,3521.84,-2821.78,194.212,0,0,0,2500,0,0,2500,0,2500,0
20230101T000011.200000,3,1597,6828.61,-7008.07,596.877,0,0,0,2500,0,0,2500,0,2500,0
20230101T000011.200000,3,1598,4082.4,-4629.67,307.171,0,0,0,2500,0,0,2500,0,2500,0
20230101T000011.200000,3,1599,4043.16,-2010.77,134.31,0,0,0,2500,0,0,2500,0,2500,0
20230101T000011.200000,3,1600,9190.9,-3369.42,507.204,0,0,0,2500,0,0,2500,0,2500,0
20230101T000011.300000,6,1984,5952.89,-5484.79,-361.749,0,0,0,48280.5,52104.4,3443.42,56824.5,-3172.65,104832,2.87569e+07
20230101T000011.300000,6,1985,9101.81,-3609.06,313.967,0,0,0,21032,52482.4,-4570.36,132579,1812.24,153389,4.14042e+08
20230101T000011.300000,6,1986,771.755,444.442,129.369,0,0,0,383.223,-510.115,-151.856,975.249,-87.4519,1270.34,2.89424e+22
20230101T000011.300000,4,1592,5573.6,-5867.28,224.01,19.8897,-16.4804,-0.46097,1326.47,1218.2,-47.9995,1191.9,50.6484,2477.22,0
20230101T000011.300000,4,1600,9184.21,-3371.38,503.787,-0.661944,-0.194083,-0.338294,355.043,780.517,-117.498,2197.95,43.0752,2477.71,0
20230101T000011.300000,3,1601,771.755,444.442,129.369,0,0,0,2500,0,0,2500,0,2500,0
20230101T000011.400000,6,1987,2808.72,-3511.56,448.305,0,0,0,19879.9,15593,-2010.71,12857,2513.87,32352.6,7.2923e+07
20230101T000011.400000,6,1988,5567.75,-5771.86,1095.82,0,0,0,54259.5,50426.6,-9756.06,50627.4,10113.7,102904,1.14142e+07
20230101T000011.400000,6,1989,9603.09,-1941.82,362.771,0,0,0,6296.76,29782.7,-5571.64,147562,1126.63,153584,4.63399e+08
20230101T000011.400000,6,1990,837.96,302.816,126.435,0,0,0,224.83,-377.769,-161.143,1133.68,-58.2329,1271.46,3.59626e+22
20230101T000011.400000,4,1591,2783.23,-3560.29,11.9402,1.00432,0.59149,10.0336,1587.1,1189.48,8.18544,990.694,-10.4908,2515.13,0
20230101T000011.400000,4,1592,5574.6,-5865.91,245.159,13.8742,-9.56725,5.26675,1353.54,1248.38,-48.5008,1221.39,51.2089,2535.7,0
20230101T000011.400000,4,1601,823.972,354.322,127.43,5.16996,-8.9228,-0.19199,269.529,-331.15,-97.8747,653.853,-56.3646,839.929,0
20230101T000011.400000,3,1602,9603.09,-1941.82,362.771,0,0,0,2500,0,0,2500,0,2500,0
20230101T000011.500000,6,1991,2815.36,-3526.7,-222.529,0,0,0,19955.9,15816.6,1000.44,12769.4,-1253.21,32582.4,1.91301e+07
20230101T000011.500000,6,1992,4973.63,-6389.44,252.134,0,0,0,65382.4,50765.7,-2005.21,39682.4,2576.02,104899,2.36881e+07
20230101T000011.500000,6,1993,6947.88,-6889.82,516.018,0,0,0,76198.4,76346.5,-5733.98,77479.7,5686.07,153188,2.84823e+08
20230101T000011.500000,6,1994,877.352,152.861,129.388,0,0,0,124.214,-199.453,-172.659,1234.23,-30.0824,1270.3,9.56222e+21
20230101T000011.500000,4,1591,2785.71,-3557.64,-5.01769,1.10734,2.43963,3.73211,1551.51,1182.89,0.565589,961.237,-1.22808,2472.87,0
20230101T000011.500000,4,1592,5562.7,-5881.96,246.027,13.2298,-19.2526,5.55866,1403.93,1298.33,-52.6628,1270.56,55.4305,2635,0
20230101T000011.500000,4,1597,6827.64,-7002.86,595.199,-0.267621,1.43232,-0.461695,1408.58,1302.14,-110.91,1341.02,113.825,2667.85,0
20230101T000011.500000,3,1603,877.352,152.861,129.388,0,0,0,2500,0,0,2500,0,2500,0
20230101T000011.600000,6,1995,7781.68,-5939.02,379.335,0,0,0,56621,73803.1,-4721.01,96995.6,3603.1,153323,8.63211e+08
20230101T000011.600000,6,1996,891.295,0.234561,124.29,0,0,0,87.496,-0.311475,-168.492,1271.05,-0.0443417,1272.27,1.28926e+22
20230101T000011.600000,6,1997,3339.5,3036.34,224.443,0,0,0,14830.1,-16151.9,-1196.9,17909,-1088.24,32594.8,9.94626e+07
20230101T000011.600000,6,1998,6253.06,5146.92,193.331,0,0,0,42459,-51433.6,-1933.08,62611.2,-1591.12,104946,5.80115e+07
20230101T000011.600000,4,1603,895.357,52.3767,126.02,1.78264,-9.949,-0.33344,101.389,-129.48,-111.283,821.983,-19.3889,839.912,0
20230101T000011.600000,3,1604,7781.68,-5939.02,379.335,0,0,0,2500,0,0,2500,0,2500,0
20230101T000011.600000,3,1605,3339.5,3036.34,224.443,0,0,0,2500,0,0,2500,0,2500,0
20230101T000011.600000,3,1606,6253.06,5146.92,193.331,0,0,0,2500,0,0,2500,0,2500,0
20230101T000011.700000,6,1999,877.945,-153.543,124.472,0,0,0,122.687,200.823,-166.212,1235.86,29.0685,1272.2,1.4569e+22
20230101T000011.700000,6,2000,3239.52,3147.84,95.6081,0,0,0,15894.7,-16276.7,-494.588,16829.4,-480.591,32645.5,2.14337e+07
20230101T000011.700000,6,2001,5665.81,5720.18,898.174,0,0,0,53023.3,-51178.2,-8137.25,52045.7,-8215.34,103716,1.92494e+07
20230101T000011.700000,6,2002,3703.07,4929.01,300.957,0,0,0,38947.5,-29103.7,-1781.27,22073.8,-2370.98,60812.7,2.17272e+06
20230101T000011.700000,6,2003,6998.89,6855.31,205.148,0,0,0,75259.6,-76701.7,-2296.34,78439.4,-2249.23,153568,3.59773e+08
20230101T000011.700000,4,1605,3331.85,3043.93,215.157,-0.758076,0.750709,-0.919373,1097.81,-1132.57,-83.7339,1313.7,-76.1326,2338.25,0
20230101T000011.700000,3,1607,877.945,-153.543,124.472,0,0,0,2500,0,0,2500,0,2500,0
20230101T000011.700000,3,1608,5665.81,5720.18,898.174,0,0,0,2500,0,0,2500,0,2500,0
20230101T000011.700000,3,1609,3703.07,4929.01,300.957,0,0,0,2500,0,0,2500,0,2500,0
20230101T000011.700000,3,1610,6998.89,6855.31,205.148,0,0,0,2500,0,0,2500,0,2500,0
20230101T000011.800000,6,2004,838.413,-302.395,124.435,0,0,0,223.781,377.708,-158.68,1134.78,57.2319,1272.23,5.20336e+21
20230101T000011.800000,6,2005,3078.46,3301.89,184.483,0,0,0,17499,-16204.5,-906.894,15226.3,-972.717,32607.1,1.71015e+07
20230101T000011.800000,6,2006,5187.35,6991.58,354.455,0,0,0,78305.6,-57901.7,-2940.34,43224.6,-3963.03,121265,1.02017e+06
20230101T000011.800000,6,2007,6112.45,5302.38,-403.437,0,0,0,45169.4,-51696.4,3943.18,59918.6,3420.59,104764,8.48198e+06
20230101T000011.800000,6,2008,3381.81,5071.39,970.952,0,0,0,41633.9,-26715.7,-5248.21,19386,-7870.25,59450.6,2.41527e+06
20230101T000011.800000,6,2009,4445.95,4820.99,962.941,0,0,0,37897.7,-33523.6,-6843.67,32462,-7420.96,68814.8,847308
20230101T000011.800000,6,2010,6644.01,7195.54,208.55,0,0,0,82902.8,-76425.1,-2216.05,70700.8,-2400.01,153470,2.99816e+08
20230101T000011.800000,4,1605,3315.06,3062.52,212.963,-4.10234,4.43669,-1.33961,1043.66,-1098.19,-79.1984,1246.71,-71.9963,2243.63,0
20230101T000011.800000,4,1606,6250.63,5151.48,178.928,-0.468143,0.876758,-2.76975,1062.76,-1213.57,-45.5853,1538.25,-37.5214,2535.77,0
20230101T000011.800000,4,1607,860.281,-254.583,124.448,-1.74885,-10.004,-0.00243757,100.394,130.298,-107.128,822.639,18.7354,841.136,0
20230101T000011.800000,4,1610,6991.2,6858.92,205.142,-0.761257,0.3568,-0.000607613,1248.73,-1210.08,-36.2124,1298.9,-35.4695,2483.11,0
20230101T000011.800000,3,1611,5187.35,6991.58,354.455,0,0,0,2500,0,0,2500,0,2500,0
20230101T000011.800000,3,1612,3381.81,5071.39,970.952,0,0,0,2500,0,0,2500,0,2500,0
20230101T000011.800000,3,1613,4445.95,4820.99,962.941,0,0,0,2500,0,0,2500,0,2500,0
20230101T000011.900000,6,2011,771.222,-445.992,127.202,0,0,0,384.657,511.934,-149.209,973.86,86.2865,1271.19,5.58969e+19
20230101T000011.900000,6,2012,8986.33,-3894.33,225.443,0,0,0,24387.6,55940.1,-3240.09,129230,1404.13,153472,8.31488e+08
20230101T000011.900000,6,2013,6128.56,-674.424,-698.208,0,0,0,1560.85,6521.52,6839.3,60104.8,-752.639,60823.3,4.49916e+06
20230101T000011.900000,6,2014,2633.5,956.052,-102.694,0,0,0,1533.84,-4002.5,430.508,11105.9,156.29,12559,5.97045e+06
20230101T000011.900000,6,2015,2914.61,722.315,-122.433,0,0,0,917.575,-3347.91,568.425,13597,140.87,14426.9,1.77854e+06
20230101T000011.900000,6,2016,10714.1,3093.02,-1631.37,0,0,0,19295.3,-51870.7,27957,183999,8070.82,198974,3.26729e+06
20230101T000011.900000,6,2017,11111.4,4608.86,-1583.41,0,0,0,37462.8,-80495.2,28142.5,198138,11673.1,231527,1.42657e+06
20230101T000011.900000,6,2018,11405.7,4365.18,1563.96,0,0,0,33956.1,-78333.1,-28533.3,208652,-10920.2,238632,3.32487e+06
20230101T000011.900000,6,2019,3600.26,2230.49,-639.513,0,0,0,8478.24,-12527.6,3675.83,20937.8,2277.31,28700.5,271524
20230101T000011.900000,6,2020,6849.88,3239.51,1142.04,0,0,0,18547.6,-34673.7,-12508.1,75466.3,-5915.42,91865.9,437678
20230101T000011.900000,6,2021,7718.45,3801.68,1563.89,0,0,0,26323.5,-45373.2,-19303.1,96095.2,-9507.65,118446,2.56763e+06
20230101T000011.900000,6,2022,7895.14,1971.67,-1680.65,0,0,0,10531.8,-23829.8,21218,100002,5298.82,105956,5.3035e+06
20230101T000011.900000,6,2023,4955.34,2946.17,51.6064,0,0,0,13938.3,-23328.9,-408.671,39306.4,-242.974,53176.5,139273
20230101T000011.900000,6,2024,9913.05,4181.22,1249.78,0,0,0,30147.5,-65400.4,-19815.9,157617,-8358.14,185203,2.5433e+06
20230101T000011.900000,6,2025,6256.7,1282.39,468.51,0,0,0,3029.38,-12756,-4685.55,62650.8,-960.363,65265.6,1.77762e+06
20230101T000011.900000,6,2026,3304.04,1957.17,170.137,0,0,0,6210.42,-10298.2,-896.99,17495.3,-531.339,23595.7,1.01662e+06
20230101T000011.900000,6,2027,3517.19,2810.42,-96.4186,0,0,0,12685.6,-15777.2,541.525,19823.7,432.707,32430.5,5.72449e+07
20230101T000011.900000,6,2028,1836.83,2515.19,-835.509,0,0,0,10531.2,-6831.57,2446.06,6165.69,3349.41,15524.5,174121
20230101T000011.900000,6,2029,6544.91,8007.73,-1435.75,0,0,0,103944,-82208.9,15029.4,70552.3,18388.6,171136,3.986e+06
20230101T000011.900000,6,2030,7330.42,7510.46,1773.52,0,0,0,92736.7,-85541,-20793.7,88585.3,-21304.4,176229,771461
20230101T000011.900000,6,2031,6031.91,4199.03,1273.37,0,0,0,30000.3,-39279.4,-12280.6,59081.4,-8548.95,86427.1,925839
20230101T000011.900000,6,2032,6606.99,5557.89,1327.22,0,0,0,51111.3,-57334.3,-14022.9,71037.6,-11796.3,119269,2.46062e+06
20230101T000011.900000,6,2033,4022.05,5485.67,-637.5,0,0,0,48397.7,-34961.5,4098.98,26347.2,5590.6,74031.8,743825
20230101T000011.900000,6,2034,7228.13,5588.32,-373.058,0,0,0,50146.3,-64490.3,4312.35,83700.5,3334.03,133560,212064
20230101T000011.900000,6,2035,3884.32,3329.36,416.286,0,0,0,17931.9,-20523.3,-2583.26,24285.1,-2214.18,41876.6,1.24994e+06
20230101T000011.900000,6,2036,4109.29,3109.37,1408.61,0,0,0,17525.8,-18887.5,-9248.42,28195.6,-6997.99,42491.6,1.53858e+06
20230101T000011.900000,4,1605,3325.04,3040.85,191.788,-23.2304,-22.3329,-9.00906,1029.88,-1076.86,-76.084,1212.05,-69.4365,2199.05,0
20230101T000011.900000,3,1614,771.222,-445.992,127.202,0,0,0,2500,0,0,2500,0,2500,0
20230101T000011.900000,3,1615,8986.33,-3894.33,225.443,0,0,0,2500,0,0,2500,0,2500,0
20230101T000011.900000,3,1616,6128.56,-674.424,-698.208,0,0,0,2500,0,0,2500,0,2500,0
20230101T000011.900000,3,1617,2633.5,956.052,-102.694,0,0,0,2500,0,0,2500,0,2500,0
20230101T000011.900000,3,1618,2914.61,722.315,-122.433,0,0,0,2500,0,0,2500,0,2500,0
20230101T000011.900000,3,1619,10714.1,3093.02,-1631.37,0,0,0,2500,0,0,2500,0,2500,0
20230101T000011.900000,3,1620,11111.4,4608.86,-1583.41,0,0,0,2500,0,0,2500,0,2500,0
20230101T000011.900000,3,1621,11405.7,4365.18,1563.96,0,0,0,2500,0,0,2500,0,2500,0
20230101T000011.900000,3,1622,3600.26,2230.49,-639.513,0,0,0,2500,0,0,2500,0,2500,0
20230101T000011.900000,3,1623,6849.88,3239.51,1142.04,0,0,0,2500,0,0,2500,0,2500,0
20230101T000011.900000,3,1624,7718.45,3801.68,1563.89,0,0,0,2500,0,0,2500,0,2500,0
20230101T000011.900000,3,1625,7895.14,1971.67,-1680.65,0,0,0,2500,0,0,2500,0,2500,0
20230101T000011.900000,3,1626,4955.34,2946.17,51.6064,0,0,0,2500,0,0,2500,0,2500,0
20230101T000011.900000,3,1627,9913.05,4181.22,1249.78,0,0,0,2500,0,0,2500,0,2500,0
20230101T000011.900000,3,1628,6256.7,1282.39,468.51,0,0,0,2500,0,0,2500,0,2500,0
20230101T000011.900000,3,1629,3304.04,1957.17,170.137,0,0,0,2500,0,0,2500,0,2500,0
20230101T000011.900000,3,1630,1836.83,2515.19,-835.509,0,0,0,2500,0,0,2500,0,2500,0
20230101T000011.900000,3,1631,6544.91,8007.73,-1435.75,0,0,0,2500,0,0,2500,0,2500,0
20230101T000011.900000,3,1632,7330.42,7510.46,1773.52,0,0,0,2500,0,0,2500,0,2500,0
20230101T000011.900000,3,1633,6031.91,4199.03,1273.37,0,0,0,2500,0,0,2500,0,2500,0
20230101T000011.900000,3,1634,6606.99,5557.89,1327.22,0,0,0,2500,0,0,2500,0,2500,0
20230101T000011.900000,3,1635,4022.05,5485.67,-637.5,0,0,0,2500,0,0,2500,0,2500,0
20230101T000011.900000,3,1636,7228.13,5588.32,-373.058,0,0,0,2500,0,0,2500,0,2500,0
20230101T000011.900000,3,1637,3884.32,3329.36,416.286,0,0,0,2500,0,0,2500,0,2500,0
20230101T000011.900000,3,1638,4109.29,3109.37,1408.61,0,0,0,2500,0,0,2500,0,2500,0
20230101T000012,6,2037,684.287,-570.387,127.643,0,0,0,572.931,580.829,-132.849,785.595,110.736,1271.03,2.55498e+21
20230101T000012,6,2038,8179.69,-5324.12,931.701,0,0,0,46374.1,69015.4,-12188.6,107484,7933.48,152406,1.67561e+09
20230101T000012,6,2039,4456.63,-618.025,327.956,0,0,0,842.43,4374.83,-2333.93,31783,323.659,32390,2.0351e+07
20230101T000012,6,2040,7972,-817.607,1137.46,0,0,0,3180.21,10212.3,-14499.7,101707,1487.08,102755,1.28451e+07
20230101T000012,6,2041,2421.51,962.369,10.4577,0,0,0,1537.27,-3706.59,-40.2788,9390.7,-16.0078,10863.8,3.08436e+06
20230101T000012,6,2042,3211.93,1044.22,422.774,0,0,0,2060.27,-5263.74,-2165.18,16539.8,-703.914,18252.1,1.32635e+06
20230101T000012,6,2043,10722.2,2586.92,891.844,0,0,0,11970.2,-44075.5,-15295.1,184020,-3690.2,194654,8.30568e+06
20230101T000012,6,2044,3739.75,682.67,566.305,0,0,0,1302.83,-3983.11,-3379.36,22395.7,-616.883,23124.2,1.29809e+06
20230101T000012,6,2045,10241.3,2513.11,1182.52,0,0,0,12275,-40647.5,-19369.9,167945,-4753.18,177921,5.17949e+06
20230101T000012,6,2046,8331.23,1678.76,1993.21,0,0,0,10676,-21135.1,-26555.5,111305,-5350.97,115567,720200
20230101T000012,6,2047,5289.24,3204.42,-287.392,0,0,0,16572.7,-27031.5,2429.6,44814.4,1471.94,61191.2,1.36663e+07
20230101T000012,6,2048,5936.45,3685.7,-810.407,0,0,0,22539,-34508.8,7691.29,56696.3,4775.21,78122.2,4.06694e+06
20230101T000012,6,2049,6999.24,1892.88,-475.849,0,0,0,6129.75,-21090.5,5324.89,78412,1440.07,84116,4.36939e+06
20230101T000012,6,2050,6034.96,2471.41,-1186.2,0,0,0,11753.7,-23052.5,11443.4,58605.3,4686.27,68047.8,213532
20230101T000012,6,2051,8074.7,3695.26,881.039,0,0,0,22927.2,-47247,-11376.9,104547,-5206.45,126170,2.54476e+06
20230101T000012,6,2052,4542.04,1233.56,-27.4946,0,0,0,2495.38,-8948.08,199.45,33012.7,54.1679,35442.9,633977
20230101T000012,6,2053,6702.56,9193.27,1661.74,0,0,0,136781,-96456.4,-17815.2,74804.6,-24435.5,207106,3.89265e+06
20230101T000012,6,2054,2792.96,3539.92,13.8292,0,0,0,20074.3,-15787.7,-61.6775,12520.7,-78.1727,32530.7,2.18336e+07
20230101T000012,6,2055,4994.17,5969.51,1188.34,0,0,0,57972.1,-46557.6,-9489.54,41272.7,-11342.8,96924.3,1.45048e+06
20230101T000012,6,2056,4667.46,4051.76,-292.406,0,0,0,26381.3,-30159,2181.39,34942.6,1893.63,61123.3,1.27967e+07
20230101T000012,6,2057,5358.8,4451.26,-986.047,0,0,0,32659.6,-37370,8447.62,46607.6,7016.97,77650,4.13863e+06
20230101T000012,6,2058,3560.98,5308.7,-37.8039,0,0,0,45112.2,-30216,215.18,20334.7,320.789,65380.6,738044
20230101T000012,4,1614,720.578,-533.496,127.494,-5.01431,-8.66381,0.0288818,270.417,332.25,-96.1683,652.815,55.6134,840.474,0
20230101T000012,3,1639,8179.69,-5324.12,931.701,0,0,0,2500,0,0,2500,0,2500,0
20230101T000012,3,1640,4456.63,-618.025,327.956,0,0,0,2500,0,0,2500,0,2500,0
20230101T000012,3,1641,7972,-817.607,1137.46,0,0,0,2500,0,0,2500,0,2500,0
20230101T000012,3,1642,2421.51,962.369,10.4577,0,0,0,2500,0,0,2500,0,2500,0
20230101T000012,3,1643,3211.93,1044.22,422.774,0,0,0,2500,0,0,2500,0,2500,0
20230101T000012,3,1644,10722.2,2586.92,891.844,0,0,0,2500,0,0,2500,0,2500,0
20230101T000012,3,1645,3739.75,682.67,566.305,0,0,0,2500,0,0,2500,0,2500,0
20230101T000012,3,1646,10241.3,2513.11,1182.52,0,0,0,2500,0,0,2500,0,2500,0
20230101T000012,3,1647,8331.23,1678.76,1993.21,0,0,0,2500,0,0,2500,0,2500,0
20230101T000012,3,1648,5289.24,3204.42,-287.392,0,0,0,2500,0,0,2500,0,2500,0
20230101T000012,3,1649,5936.45,3685.7,-810.407,0,0,0,2500,0,0,2500,0,2500,0
20230101T000012,3,1650,6999.24,1892.88,-475.849,0,0,0,2500,0,0,2500,0,2500,0
20230101T000012,3,1651,6034.96,2471.41,-1186.2,0,0,0,2500,0,0,2500,0,2500,0
20230101T000012,3,1652,8074.7,3695.26,881.039,0,0,0,2500,0,0,2500,0,2500,0
20230101T000012,3,1653,4542.04,1233.56,-27.4946,0,0,0,2500,0,0,2500,0,2500,0
20230101T000012,3,1654,6702.56,9193.27,1661.74,0,0,0,2500,0,0,2500,0,2500,0
20230101T000012,3,1655,2792.96,3539.92,13.8292,0,0,0,2500,0,0,2500,0,2500,0
20230101T000012,3,1656,4994.17,5969.51,1188.34,0,0,0,2500,0,0,2500,0,2500,0
20230101T000012,3,1657,4667.46,4051.76,-292.406,0,0,0,2500,0,0,2500,0,2500,0
20230101T000012,3,1658,5358.8,4451.26,-986.047,0,0,0,2500,0,0,2500,0,2500,0
20230101T000012,3,1659,3560.98,5308.7,-37.8039,0,0,0,2500,0,0,2500,0,2500,0
20230101T000012.100000,6,2059,6889.46,-6096.02,257.531,0,0,0,59553.6,67112.8,-2837.46,76018.1,2510.68,135402,4.38971e+08
20230101T000012.100000,6,2060,8487.28,-3533.9,-396.86,0,0,0,20250.8,47877.1,5386.67,115301,-2242.88,135236,4.76933e+08
20230101T000012.100000,6,2061,5404.4,934.503,-632.502,0,0,0,2080.11,-7962.61,5462.09,46752.5,944.478,48130.2,3.21478e+07
20230101T000012.100000,6,2062,688.365,826.01,-231.54,0,0,0,1151.89,-837.487,246.582,844.871,295.889,1852.66,6.93849e+21
20230101T000012.100000,3,1660,6889.46,-6096.02,257.531,0,0,0,2500,0,0,2500,0,2500,0
20230101T000012.100000,3,1661,8487.28,-3533.9,-396.86,0,0,0,2500,0,0,2500,0,2500,0
20230101T000012.100000,3,1662,5404.4,934.503,-632.502,0,0,0,2500,0,0,2500,0,2500,0
20230101T000012.100000,3,1663,688.365,826.01,-231.54,0,0,0,2500,0,0,2500,0,2500,0
20230101T000012.200000,6,2063,5442.92,-4891.23,937.419,0,0,0,39091.4,41865.8,-8157.68,48056.8,7330.83,85680.3,428802
20230101T000012.200000,6,2064,6302.24,-7343.64,-2054.8,0,0,0,89177.6,70681.3,20711.3,67474.8,-24133.7,149838,7.64014e+06
20230101T000012.200000,6,2065,3900.51,-3895.06,6.89181,0,0,0,24306.4,24276.3,-42.9539,24374.4,42.8939,48616.8,6.94712e+07
20230101T000012.200000,6,2066,8526.06,-5108.33,1423.71,0,0,0,44184.7,68228.8,-19414.1,117183,11631.8,158063,2.84521e+06
20230101T000012.200000,6,2067,4210.67,-1952.9,5.18149,0,0,0,6154.79,13132.4,-34.8433,28378.9,16.1602,34469.7,671302
20230101T000012.200000,6,2068,3968.24,-943.488,1.13349,0,0,0,1484.85,5975.97,-7.17941,25198.5,1.70698,26619.3,3.11193e+06
20230101T000012.200000,6,2069,7503.88,-2663.73,-1359.4,0,0,0,14033.8,31029.6,16311.2,90431,-5790.17,101448,399799
20230101T000012.200000,6,2070,8783.11,-2633.68,-724.682,0,0,0,11927.3,36762.4,10179.1,123503,-3052.29,134527,1.46645e+08
20230101T000012.200000,6,2071,4605.91,-1291.8,-176.45,0,0,0,2775.45,9490.32,1298.07,33951.3,-364.065,36613.1,1.15003e+07
20230101T000012.200000,6,2072,8195.36,-2195.99,168.458,0,0,0,7817.83,28767.7,-2207.69,107470,591.561,115178,7.9634e+06
20230101T000012.200000,6,2073,826.568,688.22,-229.928,0,0,0,843.935,-838.488,294.027,1152.83,244.814,1853.77,6.04561e+20
20230101T000012.200000,4,1661,8490.04,-3516.21,-402.697,0.273211,1.75165,-0.577928,423.265,855.843,96.1152,2122.37,-40.0201,2474.31,0
20230101T000012.200000,4,1663,775.12,753.955,-230.627,8.58959,-7.13413,0.0903996,674.423,-471.862,136.132,501.439,163.353,1049.89,0
20230101T000012.200000,3,1664,5442.92,-4891.23,937.419,0,0,0,2500,0,0,2500,0,2500,0
20230101T000012.200000,3,1665,6302.24,-7343.64,-2054.8,0,0,0,2500,0,0,2500,0,2500,0
20230101T000012.200000,3,1666,3900.51,-3895.06,6.89181,0,0,0,2500,0,0,2500,0,2500,0
20230101T000012.200000,3,1667,8526.06,-5108.33,1423.71,0,0,0,2500,0,0,2500,0,2500,0
20230101T000012.200000,3,1668,4210.67,-1952.9,5.18149,0,0,0,2500,0,0,2500,0,2500,0
20230101T000012.200000,3,1669,3968.24,-943.488,1.13349,0,0,0,2500,0,0,2500,0,2500,0
20230101T000012.200000,3,1670,7503.88,-2663.73,-1359.4,0,0,0,2500,0,0,2500,0,2500,0
20230101T000012.200000,3,1671,4605.91,-1291.8,-176.45,0,0,0,2500,0,0,2500,0,2500,0
20230101T000012.200000,3,1672,8195.36,-2195.99,168.458,0,0,0,2500,0,0,2500,0,2500,0
20230101T000012.300000,6,2074,3611.59,-4113.78,-645.721,0,0,0,27395,23409.6,3726.41,21282.1,-4244.57,47947.7,1.23693e+08
20230101T000012.300000,6,2075,3427.11,-3342.04,-113.61,0,0,0,17914.1,18283.3,621.877,18833.4,-606.44,36662.9,6.92974e+07
20230101T000012.300000,6,2076,6749.85,-6260.59,-151.114,0,0,0,62766,67562.8,1631.23,72943.3,-1512.99,135609,2.04555e+08
20230101T000012.300000,6,2077,8564.52,-3359.6,-332.723,0,0,0,18267.9,45955.4,4557.23,117394,-1787.66,135421,2.12874e+08
20230101T000012.300000,6,2078,5346.71,-1265.85,-1007.32,0,0,0,4159.79,10451.2,8606.33,45829.2,-2037.58,48305.7,2.6278e+06
20230101T000012.300000,6,2079,930.622,538.063,-232.694,0,0,0,573.967,-737.142,335.024,1422.71,193.702,1851.78,1.15489e+21
20230101T000012.300000,4,1660,6890.34,-6102.22,249.969,0.16934,-1.19297,-1.45422,1156.34,1234.05,-52.1344,1459.09,46.1302,2549.1,0
20230101T000012.300000,4,1661,8495.58,-3514.6,-401.732,12.4329,-2.58651,-0.897894,403.83,872.238,99.1358,2143.28,-41.092,2500.94,0
20230101T000012.300000,3,1673,3611.59,-4113.78,-645.721,0,0,0,2500,0,0,2500,0,2500,0
20230101T000012.300000,3,1674,3427.11,-3342.04,-113.61,0,0,0,2500,0,0,2500,0,2500,0
20230101T000012.300000,3,1675,5346.71,-1265.85,-1007.32,0,0,0,2500,0,0,2500,0,2500,0
20230101T000012.300000,3,1676,930.622,538.063,-232.694,0,0,0,2500,0,0,2500,0,2500,0
20230101T000012.400000,6,2080,5937.52,-6036.25,417.234,0,0,0,58466.4,57173.4,-3961.53,56580.6,4027.4,114705,4.92479e+06
20230101T000012.400000,6,2081,4600.62,-6439.89,95.8316,0,0,0,66382.1,47366.7,-704.964,33917.2,986.802,100221,1.03728e+06
20230101T000012.400000,6,2082,3332.47,-3422.02,-176.602,0,0,0,18791.7,18189.2,939.987,17827,-965.245,36505,1.34638e+07
20230101T000012.400000,6,2083,3426.4,-4318.25,88.0109,0,0,0,29865.1,23636.5,-481.862,18831.2,607.284,48620,1.23636e+07
20230101T000012.400000,6,2084,9003.59,-1695.37,-927.212,0,0,0,5988.49,24161.4,13350.9,129753,-2513.96,134303,5.01177e+08
20230101T000012.400000,6,2085,1011.86,364.739,-229.795,0,0,0,341.797,-544.026,359.731,1654.94,129.67,1853.83,1.33241e+21
20230101T000012.400000,4,1666,3878.31,-3918.5,11.0103,-4.26991,-4.50859,0.792027,1263.56,1202.77,-2.12815,1266.92,2.12518,2468.01,0
20230101T000012.400000,4,1674,3415.61,-3341.95,-117.493,-1.13839,0.0086186,-0.384449,1184.13,1148.93,39.0585,1241.89,-38.0889,2361.1,0
20230101T000012.400000,4,1676,986.293,442.475,-231.053,5.51196,-9.46419,0.162474,348.851,-415.42,184.96,827.166,106.939,1049.41,0
20230101T000012.400000,3,1677,5937.52,-6036.25,417.234,0,0,0,2500,0,0,2500,0,2500,0
20230101T000012.400000,3,1678,4600.62,-6439.89,95.8316,0,0,0,2500,0,0,2500,0,2500,0
20230101T000012.400000,3,1679,9003.59,-1695.37,-927.212,0,0,0,2500,0,0,2500,0,2500,0
20230101T000012.500000,6,2086,5595.8,-6157.22,185.32,0,0,0,60712,55068.1,-1658.26,50165.9,1824.63,110759,2.52693e+06
20230101T000012.500000,6,2087,4310.96,-4673.39,352.398,0,0,0,35065.6,32104.1,-2428.28,29876.8,2632.43,64680.1,209653
20230101T000012.500000,6,2088,3496.3,-3271.81,-151.551,0,0,0,17181.3,18252.6,846.311,19605.6,-791.97,36686.3,1.42705e+07
20230101T000012.500000,6,2089,6998.33,-5968.29,-163.37,0,0,0,57054.5,66776.2,1828.45,78407.5,-1559.33,135355,1.09448e+08
20230101T000012.500000,6,2090,3754.31,-4025.42,-24.1207,0,0,0,25956.6,24147.9,144.699,22586.4,-155.148,48478.1,4.39418e+07
20230101T000012.500000,6,2091,1059.27,186.147,-230.189,0,0,0,197.044,-290.605,377.232,1799.67,66.2914,1853.54,1.56121e+20
20230101T000012.500000,6,2092,1060.51,174.258,-233.774,0,0,0,193.229,-271.916,383.554,1803.38,63.0241,1850.95,1.44791e+20
20230101T000012.500000,4,1660,6888.37,-6095.89,241.106,-12.6903,11.8524,-4.89028,1252.4,1360.19,-56.1494,1584.24,49.6989,2786.61,0
20230101T000012.500000,4,1666,3869.03,-3920.55,9.19407,-16.059,4.34284,0.245189,1253.31,1209.25,-2.77472,1239.68,3.0393,2457.11,0
20230101T000012.500000,4,1674,3424.42,-3341.74,-119.923,12.673,-11.6906,-1.25893,1134.22,1121.45,38.8685,1186.16,-38.0466,2280.85,0
20230101T000012.500000,3,1680,5595.8,-6157.22,185.32,0,0,0,2500,0,0,2500,0,2500,0
20230101T000012.500000,3,1681,4310.96,-4673.39,352.398,0,0,0,2500,0,0,2500,0,2500,0
20230101T000012.500000,3,1682,1059.27,186.147,-230.189,0,0,0,2500,0,0,2500,0,2500,0
20230101T000012.500000,3,1683,1060.51,174.258,-233.774,0,0,0,2500,0,0,2500,0,2500,0
20230101T000012.600000,6,2093,7575.75,-5024.66,-1426.29,0,0,0,42699.4,59376.9,17280.2,92840.8,-11461.2,132224,6.71993e+08
20230101T000012.600000,6,2094,1075.56,2.16733,-229.891,0,0,0,145.771,-3.43603,382.537,1850.93,0.770839,1853.73,1.46203e+21
20230101T000012.600000,6,2095,4504.04,3181.52,-269.071,0,0,0,16315.2,-22842.9,1936.51,32518.1,1367.89,48653.7,1.98469e+07
20230101T000012.600000,4,1683,1077.16,75.844,-231.577,1.6488,-9.74402,0.217563,134.281,-153.272,211.755,1041.88,34.7947,1048.97,0
20230101T000012.600000,3,1684,7575.75,-5024.66,-1426.29,0,0,0,2500,0,0,2500,0,2500,0
20230101T000012.600000,3,1685,4504.04,3181.52,-269.071,0,0,0,2500,0,0,2500,0,2500,0
20230101T000012.700000,6,2096,1058.46,-192.246,-228.882,0,0,0,199.549,300.072,374.804,1797.18,-68.0748,1854.45,1.9451e+20
20230101T000012.700000,6,2097,1057.84,-192.723,-231.341,0,0,0,201.51,300.306,378.607,1795.16,-68.9766,1852.7,2.00278e+20
20230101T000012.700000,6,2098,5138.55,5938.05,-1630.48,0,0,0,58264.3,-46685.7,13397,44714.9,15481.4,98667,2.97513e+06
20230101T000012.700000,6,2099,5469.22,4629.78,-1416.28,0,0,0,36201.3,-38901.1,12384.2,49225.3,10483.4,82158.1,1.74782e+06
20230101T000012.700000,6,2100,3800.43,4885.28,-300.525,0,0,0,38264.2,-29604.9,1825.5,23239,2346.6,61294.9,1.57101e+06
20230101T000012.700000,6,2101,3293.93,4412.34,61.5621,0,0,0,31175,-23220.7,-324.022,17405,-434.039,48509.9,8.74181e+07
20230101T000012.700000,6,2102,6831.64,6162.1,-281.022,0,0,0,60859.2,-67260.9,3070.3,74759.6,2769.39,135429,9.63635e+07
20230101T000012.700000,6,2103,3605.17,3123.99,-487.884,0,0,0,15868.6,-17800.2,2809.35,20986.1,2434.39,36411.2,8.00478e+06
20230101T000012.700000,6,2104,2848.16,4018.49,-501.502,0,0,0,25993,-18092.8,2281.65,13289.3,3219.19,38817.1,780275
20230101T000012.700000,6,2105,4175.12,5042.33,-980.844,0,0,0,41331.7,-32896.9,6546.25,28841,7905.96,68572.2,1.32216e+06
20230101T000012.700000,3,1686,1058.46,-192.246,-228.882,0,0,0,2500,0,0,2500,0,2500,0
20230101T000012.700000,3,1687,1057.84,-192.723,-231.341,0,0,0,2500,0,0,2500,0,2500,0
20230101T000012.700000,3,1688,5138.56,5938.05,-1630.48,0,0,0,2500,0,0,2500,0,2500,0
20230101T000012.700000,3,1689,5469.22,4629.78,-1416.28,0,0,0,2500,0,0,2500,0,2500,0
20230101T000012.700000,3,1690,3800.43,4885.28,-300.525,0,0,0,2500,0,0,2500,0,2500,0
20230101T000012.700000,3,1691,3293.93,4412.34,61.5621,0,0,0,2500,0,0,2500,0,2500,0
20230101T000012.700000,3,1692,6831.64,6162.1,-281.022,0,0,0,2500,0,0,2500,0,2500,0
20230101T000012.700000,3,1693,3605.17,3123.99,-487.884,0,0,0,2500,0,0,2500,0,2500,0
20230101T000012.700000,3,1694,2848.16,4018.49,-501.502,0,0,0,2500,0,0,2500,0,2500,0
20230101T000012.700000,3,1695,4175.12,5042.33,-980.844,0,0,0,2500,0,0,2500,0,2500,0
20230101T000012.800000,6,2106,1011.02,-367.46,-229.153,0,0,0,344.335,547.786,358.428,1652.4,-130.272,1854.28,7.50363e+20
20230101T000012.800000,6,2107,8646.28,3073.68,-698.44,0,0,0,15865.5,-42255.1,9657.69,119708,3433.23,134729,3.57262e+08
20230101T000012.800000,6,2108,5406.34,935.054,-538.044,0,0,0,1910.2,-7999.92,4648.03,46780.9,803.901,48165.1,1.42598e+08
20230101T000012.800000,6,2109,5074.46,6091.19,228.913,0,0,0,59424.8,-49382.5,-1857.39,41287.4,-2229.54,100564,714822
20230101T000012.800000,6,2110,5813.04,6392.24,-22.7158,0,0,0,65406.6,-59421.1,211.163,54101.7,232.203,119443,2.6624e+06
20230101T000012.800000,6,2111,3198.05,3546.57,195.332,0,0,0,20181.1,-18085.3,-997.743,16433,-1106.48,36489.3,1.07914e+07
20230101T000012.800000,6,2112,6796.74,7145.91,-682.119,0,0,0,82086.2,-77306.7,7414.86,74337.5,7795.78,155616,2.21963e+06
20230101T000012.800000,4,1687,1039.38,-295.588,-230.103,-1.82816,-10.1847,0.122567,138.955,169.198,209.024,1036.85,-38.0811,1049.94,0
20230101T000012.800000,3,1696,8646.28,3073.68,-698.44,0,0,0,2500,0,0,2500,0,2500,0
20230101T000012.800000,3,1697,5406.34,935.054,-538.044,0,0,0,2500,0,0,2500,0,2500,0
20230101T000012.800000,3,1698,5074.46,6091.19,228.913,0,0,0,2500,0,0,2500,0,2500,0
20230101T000012.800000,3,1699,5813.04,6392.24,-22.7158,0,0,0,2500,0,0,2500,0,2500,0
20230101T000012.800000,3,1700,3198.05,3546.57,195.332,0,0,0,2500,0,0,2500,0,2500,0
20230101T000012.800000,3,1701,6796.74,7145.91,-682.119,0,0,0,2500,0,0,2500,0,2500,0
20230101T000012.900000,6,2113,4566.31,-2962.65,-820.245,0,0,0,14845.3,21125.3,5984.89,33699.4,-3883.03,47407.1,1.2526e+08
20230101T000012.900000,6,2114,929.977,-540.507,-229.579,0,0,0,576.228,741.024,330.31,1420.52,-191.978,1854,2.61681e+19
20230101T000012.900000,6,2115,8431.48,-3552.87,-1050.98,0,0,0,21751.1,47274.6,14171.4,114020,-5971.56,133941,5.74162e+08
20230101T000012.900000,6,2116,3629.21,1485.36,297.287,0,0,0,3705.68,-8553.2,-1721.8,21103.3,-704.697,24604.3,1.0765e+06
20230101T000012.900000,6,2117,5833.16,2053.15,-526.594,0,0,0,7195.98,-19003.3,4909.63,54497.2,1728.09,61186.4,1.6021e+06
20230101T000012.900000,6,2118,6094.74,3189.32,-702.664,0,0,0,16944.7,-30750.4,6846.36,59616.9,3582.64,75709,347269
20230101T000012.900000,6,2119,4643.91,1138.19,-142.161,0,0,0,2163.59,-8434.8,1054.45,34511,258.438,36578.3,9.82249e+06
20230101T000012.900000,6,2120,8282.14,5389.66,-374.742,0,0,0,46680.2,-71288.7,4963.83,109836,3230.25,156228,2.98096e+06
20230101T000012.900000,6,2121,1717.21,2014.5,355.943,0,0,0,6604.87,-5403.8,-972.486,4871.93,-1140.84,11212.4,868382
20230101T000012.900000,6,2122,2108.39,2612.85,-315.003,0,0,0,11010.8,-8705.64,1058.9,7247.05,1312.26,18036.2,2.4709e+06
20230101T000012.900000,6,2123,8196.6,7776.98,-649.014,0,0,0,97158.6,-101623,8508.87,107844,8073.27,204265,2.14775e+06
20230101T000012.900000,6,2124,6690,8409.83,-475.306,0,0,0,113325,-89811.6,5085.92,71870.4,6393.37,184770,805635
20230101T000012.900000,6,2125,7289.31,6796.94,-1334.81,0,0,0,75476,-77818.8,15561.6,86369.7,14510.4,158933,736771
20230101T000012.900000,6,2126,6528.93,4237.27,142.013,0,0,0,28794.9,-44219.8,-1482.53,68231.6,-962.16,96930.3,33873
20230101T000012.900000,6,2127,6003.77,3682.31,-535.864,0,0,0,22075.1,-35139.2,5143.4,57815.4,3154.61,79367.8,2.46784e+06
20230101T000012.900000,6,2128,5276.75,6433.45,-400.711,0,0,0,66351.9,-54159.1,3381.18,44742.4,4122.35,110774,211775
20230101T000012.900000,6,2129,4824.81,4111.91,-498.664,0,0,0,27319.7,-31514.8,3845.72,37440.2,3277.49,64298.9,2.01356e+06
20230101T000012.900000,6,2130,3349.35,4996.7,-649.724,0,0,0,40176.2,-26435.4,3478.04,18458.7,5188.68,57896.9,799713
20230101T000012.900000,3,1702,4566.31,-2962.65,-820.245,0,0,0,2500,0,0,2500,0,2500,0
20230101T000012.900000,3,1703,929.977,-540.507,-229.579,0,0,0,2500,0,0,2500,0,2500,0
20230101T000012.900000,3,1704,8431.48,-3552.87,-1050.98,0,0,0,2500,0,0,2500,0,2500,0
20230101T000012.900000,3,1705,3629.21,1485.36,297.287,0,0,0,2500,0,0,2500,0,2500,0
20230101T000012.900000,3,1706,5833.16,2053.15,-526.594,0,0,0,2500,0,0,2500,0,2500,0
20230101T000012.900000,3,1707,6094.74,3189.32,-702.664,0,0,0,2500,0,0,2500,0,2500,0
20230101T000012.900000,3,1708,4643.91,1138.19,-142.161,0,0,0,2500,0,0,2500,0,2500,0
20230101T000012.900000,3,1709,8282.14,5389.66,-374.742,0,0,0,2500,0,0,2500,0,2500,0
20230101T000012.900000,3,1710,1717.21,2014.5,355.943,0,0,0,2500,0,0,2500,0,2500,0
20230101T000012.900000,3,1711,2108.39,2612.85,-315.003,0,0,0,2500,0,0,2500,0,2500,0
20230101T000012.900000,3,1712,8196.6,7776.98,-649.014,0,0,0,2500,0,0,2500,0,2500,0
20230101T000012.900000,3,1713,6690,8409.83,-475.306,0,0,0,2500,0,0,2500,0,2500,0
20230101T000012.900000,3,1714,7289.31,6796.94,-1334.81,0,0,0,2500,0,0,2500,0,2500,0
20230101T000012.900000,3,1715,6528.93,4237.27,142.013,0,0,0,2500,0,0,2500,0,2500,0
20230101T000012.900000,3,1716,6003.77,3682.31,-535.864,0,0,0,2500,0,0,2500,0,2500,0
20230101T000012.900000,3,1717,5276.75,6433.45,-400.711,0,0,0,2500,0,0,2500,0,2500,0
20230101T000012.900000,3,1718,4824.81,4111.91,-498.664,0,0,0,2500,0,0,2500,0,2500,0
20230101T000012.900000,3,1719,3349.35,4996.7,-649.724,0,0,0,2500,0,0,2500,0,2500,0
20230101T000013,6,2131,825.44,-689.387,-230.502,0,0,0,846.532,838.546,294.358,1150.23,-245.841,1853.38,7.86604e+18
20230101T000013,6,2132,3734.03,-2866.16,-876.264,0,0,0,13955.8,16500.5,5226.06,22787.2,-4011.41,35454.7,9.15895e+07
20230101T000013,6,2133,7023.43,-5854.98,-1101.53,0,0,0,56031.9,64809.4,12372.6,79747.6,-10314.3,133776,2.90728e+08
20230101T000013,6,2134,4101.54,-3590.91,-817.035,0,0,0,21271.5,23004.9,5354.71,27406.8,-4688.07,47549.1,2.40245e+08
20230101T000013,6,2135,6179.69,-469.578,-83.2674,0,0,0,427.456,4637.28,822.45,61102.2,-62.4957,61454.6,4.18063e+06
20230101T000013,6,2136,2773.77,1609.73,340.475,0,0,0,4332.06,-7036.03,-1505.23,12372.7,-873.544,16456.7,2.66258e+06
20230101T000013,6,2137,4417.69,1348.11,-256.967,0,0,0,3062.85,-9481.54,1812.93,31240,553.236,34133.6,1.5411e+06
20230101T000013,6,2138,10006.1,4987.3,1749.88,0,0,0,43771.5,-77864.8,-28006.5,161184,-13959.1,199995,2.97463e+06
20230101T000013,6,2139,3764.56,1544.19,-272.615,0,0,0,3971.55,-9236.97,1638.09,22701.3,671.93,26490.5,8.08111e+06
20230101T000013,6,2140,9370.66,4945.51,-560.164,0,0,0,39575.4,-73914.7,8395.58,140618,4430.89,179628,3.8919e+06
20230101T000013,6,2141,6987.07,3395.97,352.426,0,0,0,18664.5,-37861.3,-3937.27,78160.8,-1913.66,96562.9,5.07867e+06
20230101T000013,6,2142,5964.65,2402.39,494.255,0,0,0,9625.44,-22769.6,-4712.36,56986.7,-1898.01,66158.1,7064.55
20230101T000013,6,2143,6654.81,1705.02,-821.73,0,0,0,5724.38,-17879.6,8742.22,70928.8,2239.83,75510.6,818364
20230101T000013,6,2144,6353.01,1332.17,-443.647,0,0,0,3202.15,-13465.2,4505.33,64593.1,944.727,67416.9,97230.3
20230101T000013,6,2145,9054.86,3068.74,-1854.97,0,0,0,20061.1,-42766.9,26863,131758,9104.02,146255,99864.5
20230101T000013,6,2146,5318.5,1891.98,-408.22,0,0,0,6020.56,-15995.7,3469.45,45295.5,1234.21,50986.1,940003
20230101T000013,6,2147,9433.82,3888.33,-60.29,0,0,0,24250.3,-58666.3,909.674,142405,374.94,166586,376244
20230101T000013,6,2148,1835.86,1708.3,-40.2341,0,0,0,4704.93,-4984.7,117.431,5423.49,109.272,10061.9,262060
20230101T000013,6,2149,1637.08,2071.02,-400.787,0,0,0,6985.49,-5269.21,1043.9,4484.72,1320.61,11152.1,5.13847e+06
20230101T000013,6,2150,2629.7,1836.3,342.748,0,0,0,5564.08,-7608.35,-1436.58,11146.9,-1003.15,16460.5,2.54836e+06
20230101T000013,6,2151,2156.78,2590.74,-76.0939,0,0,0,10769,-8904.24,261.665,7486,314.313,18181.8,1.08242e+06
20230101T000013,6,2152,2897.23,2425.18,-22.0821,0,0,0,9448.47,-11210.2,102.076,13457,85.4446,22840.7,160621
20230101T000013,6,2153,7271.99,8823.43,742.129,0,0,0,124947,-102198,-8632.17,85173.6,-10473.8,209176,556607
20230101T000013,6,2154,6050.85,7994.28,555.081,0,0,0,102456,-77127.5,-5371.81,58934.4,-7097.15,160834,1.15163e+06
20230101T000013,6,2155,8527.24,8116.36,-2462.99,0,0,0,110525,-105858,33594.8,120985,31976,221745,3.70491e+06
20230101T000013,6,2156,125.991,190.029,-0.834208,0,0,0,77.3205,-8.83144,0.0387713,69.8556,0.0584779,83.1767,1.93753e+06
20230101T000013,6,2157,7922.73,9182.1,1148.3,0,0,0,135825,-115321,-14552.3,101677,-16865.5,235329,295211
20230101T000013,6,2158,5006.04,4929.74,-751.121,0,0,0,39374.1,-39002.6,6011.41,40572.3,5919.79,78981.1,4.96666e+06
20230101T000013,6,2159,6014.42,7854.32,237.737,0,0,0,98761.7,-75508.2,-2286.82,57974.5,-2986.4,156582,4.81899e+06
20230101T000013,4,1703,877.079,-631.321,-230.102,-5.23744,-8.99151,-0.0517826,350.011,417.366,182.358,825.542,-105.987,1050.64,0
20230101T000013,4,1711,2114.82,2610.78,-285.933,0.636619,-0.205229,2.87823,1373.48,-1042.76,125.854,922.656,155.967,2198.48,0
20230101T000013,3,1720,3734.03,-2866.16,-876.264,0,0,0,2500,0,0,2500,0,2500,0
20230101T000013,3,1721,7023.43,-5854.98,-1101.53,0,0,0,2500,0,0,2500,0,2500,0
20230101T000013,3,1722,4101.54,-3590.91,-817.035,0,0,0,2500,0,0,2500,0,2500,0
20230101T000013,3,1723,6179.69,-469.578,-83.2674,0,0,0,2500,0,0,2500,0,2500,0
20230101T000013,3,1724,2773.77,1609.73,340.475,0,0,0,2500,0,0,2500,0,2500,0
20230101T000013,3,1725,4417.69,1348.11,-256.967,0,0,0,2500,0,0,2500,0,2500,0
20230101T000013,3,1726,10006.1,4987.3,1749.88,0,0,0,2500,0,0,2500,0,2500,0
20230101T000013,3,1727,3764.56,1544.19,-272.615,0,0,0,2500,0,0,2500,0,2500,0
20230101T000013,3,1728,9370.66,4945.51,-560.164,0,0,0,2500,0,0,2500,0,2500,0
20230101T000013,3,1729,6987.07,3395.97,352.426,0,0,0,2500,0,0,2500,0,2500,0
20230101T000013,3,1730,5964.65,2402.39,494.255,0,0,0,2500,0,0,2500,0,2500,0
20230101T000013,3,1731,6654.81,1705.02,-821.73,0,0,0,2500,0,0,2500,0,2500,0
20230101T000013,3,1732,6353.01,1332.17,-443.647,0,0,0,2500,0,0,2500,0,2500,0
20230101T000013,3,1733,9054.86,3068.74,-1854.97,0,0,0,2500,0,0,2500,0,2500,0
20230101T000013,3,1734,5318.5,1891.98,-408.22,0,0,0,2500,0,0,2500,0,2500,0
20230101T000013,3,1735,9433.81,3888.33,-60.29,0,0,0,2500,0,0,2500,0,2500,0
20230101T000013,3,1736,1835.86,1708.3,-40.2341,0,0,0,2500,0,0,2500,0,2500,0
20230101T000013,3,1737,1637.08,2071.02,-400.787,0,0,0,2500,0,0,2500,0,2500,0
20230101T000013,3,1738,2629.7,1836.3,342.748,0,0,0,2500,0,0,2500,0,2500,0
20230101T000013,3,1739,2897.23,2425.18,-22.0821,0,0,0,2500,0,0,2500,0,2500,0
20230101T000013,3,1740,7271.99,8823.43,742.129,0,0,0,2500,0,0,2500,0,2500,0
20230101T000013,3,1741,6050.85,7994.28,555.081,0,0,0,2500,0,0,2500,0,2500,0
20230101T000013,3,1742,8527.24,8116.36,-2462.99,0,0,0,2500,0,0,2500,0,2500,0
20230101T000013,3,1743,125.991,190.029,-0.834208,0,0,0,2500,0,0,2500,0,2500,0
20230101T000013,3,1744,7922.73,9182.1,1148.3,0,0,0,2500,0,0,2500,0,2500,0
20230101T000013,3,1745,5006.04,4929.74,-751.121,0,0,0,2500,0,0,2500,0,2500,0
20230101T000013,3,1746,6014.42,7854.32,237.737,0,0,0,2500,0,0,2500,0,2500,0
20230101T000013.100000,6,2160,6155.94,-6849.48,-16.8523,0,0,0,75093.5,67432,165.909,60668.7,-184.6,135698,2.494e+08
20230101T000013.100000,6,2161,5272.97,-1597.71,-140.72,0,0,0,4171.88,13452.9,1185.66,44494.8,-359.254,48571.1,2.00145e+08
20230101T000013.100000,6,2162,708.179,840.81,-35.6309,0,0,0,1158.51,-920.208,39.038,841.016,46.3492,1933.63,1.28006e+22
20230101T000013.100000,3,1747,6155.94,-6849.48,-16.8523,0,0,0,2500,0,0,2500,0,2500,0
20230101T000013.100000,3,1748,5272.97,-1597.71,-140.72,0,0,0,2500,0,0,2500,0,2500,0
20230101T000013.100000,3,1749,708.179,840.81,-35.6309,0,0,0,2500,0,0,2500,0,2500,0
20230101T000013.200000,6,2163,4050.77,-3737.07,78.3848,0,0,0,22385,24184.1,-507.362,26288,468.07,48599.2,6.04073e+07
20230101T000013.200000,6,2164,3285.64,-3459.38,403.722,0,0,0,19301.5,18024.1,-2118.67,17443.2,2230.71,36420.8,1.3948e+07
20230101T000013.200000,6,2165,8947,-2148.18,-41.8751,0,0,0,7446.68,30736.5,599.167,128082,-143.861,135462,2.21114e+08
20230101T000013.200000,6,2166,839.074,710.136,-37.2689,0,0,0,845.411,-920.751,48.3798,1154.08,40.9454,1933.41,5.69672e+21
20230101T000013.200000,4,1749,788.366,773.22,-36.558,7.93934,-6.69206,-0.091793,666.946,-508.255,21.5519,491.584,25.5882,1094.59,0
20230101T000013.200000,3,1750,4050.78,-3737.07,78.3848,0,0,0,2500,0,0,2500,0,2500,0
20230101T000013.200000,3,1751,3285.64,-3459.38,403.722,0,0,0,2500,0,0,2500,0,2500,0
20230101T000013.200000,3,1752,8947,-2148.18,-41.8751,0,0,0,2500,0,0,2500,0,2500,0
20230101T000013.300000,6,2167,3747.51,-4043.33,-11.6664,0,0,0,26187.3,24211.9,69.8596,22504.7,-75.3743,48627.8,1.60576e+08
20230101T000013.300000,6,2168,8657.43,-3137.29,84.5382,0,0,0,15814.8,43433.2,-1170.46,119930,424.152,135670,3.79652e+08
20230101T000013.300000,6,2169,953.07,547.643,-38.1665,0,0,0,529.67,-806.488,56.276,1469.79,32.3368,1933.29,8.26629e+21
20230101T000013.300000,4,1750,4037.16,-3753.47,73.9534,-1.34828,-1.624,-0.43875,1137.59,1164.91,-24.4342,1325.59,22.542,2399.84,0
20230101T000013.300000,4,1752,8949.59,-2168.2,-39.5958,0.255836,-1.98196,0.225672,194.173,548.54,10.6928,2347.09,-2.56736,2478.75,0
20230101T000013.300000,3,1753,953.07,547.643,-38.1664,0,0,0,2500,0,0,2500,0,2500,0
20230101T000013.400000,6,2170,6105.45,-6802.86,1119.69,0,0,0,74969.3,65426.8,-10932.8,60788.5,12181.6,133690,1.55137e+08
20230101T000013.400000,6,2171,4240.06,-3498.3,404.704,0,0,0,19774.8,23573,-2741.94,28896.9,2262.26,48346.4,1.08839e+08
20230101T000013.400000,6,2172,1032.5,377.101,-37.9798,0,0,0,285.965,-601.626,60.6677,1713.47,22.1579,1933.28,1.09651e+22
20230101T000013.400000,4,1750,4047.15,-3741.4,89.9408,-0.582473,1.92426,2.69811,1107.28,1154.18,-23.4168,1282.88,21.5491,2352.71,0
20230101T000013.400000,4,1753,1006.22,455.142,-38.0607,5.26212,-9.15854,0.0104712,319.639,-445.48,31.069,838.936,17.8525,1094.42,0
20230101T000013.400000,3,1754,6105.45,-6802.86,1119.69,0,0,0,2500,0,0,2500,0,2500,0
20230101T000013.500000,6,2173,6235.38,-6776.72,83.208,0,0,0,73512.8,67571.3,-829.742,62248.6,901.779,135686,3.47672e+08
20230101T000013.500000,6,2174,3586.73,-4184.28,120.633,0,0,0,28050.1,23969.5,-691.373,20633.7,806.557,48596.6,2.49556e+08
20230101T000013.500000,6,2175,1082.09,192.837,-39.8711,0,0,0,123.912,-322.387,66.7479,1875.51,11.895,1933.04,1.41193e+22
20230101T000013.500000,4,1750,4026.21,-3764,91.703,-6.1635,-5.07253,3.13713,1104.45,1153.98,-25.9532,1282.11,23.6169,2350.55,0
20230101T000013.500000,4,1754,6108.62,-6803.24,1100.86,0.313368,-0.0377965,-1.86469,1416.38,1183.1,-194.783,1159.95,217.033,2443.15,0
20230101T000013.500000,3,1755,1082.09,192.837,-39.8711,0,0,0,2500,0,0,2500,0,2500,0
20230101T000013.600000,6,2176,1099.17,4.71256,-38.5572,0,0,0,66.3343,-8.00362,65.5674,1933.09,0.281112,1933.2,6.29482e+21
20230101T000013.600000,6,2177,4577.22,3056.85,-306.645,0,0,0,15099.1,-22288,2242.77,33587.5,1497.81,48472.6,3.22396e+08
20230101T000013.600000,6,2178,7402.7,5455.6,-498.025,0,0,0,47920.3,-64397.9,5895.98,87842.1,4345.19,135302,3.76152e+08
20230101T000013.600000,4,1755,1100.91,87.3807,-39.1274,1.86343,-10.4412,0.0736402,95.5124,-178.087,36.8506,1063.1,6.56708,1094.29,0
20230101T000013.600000,3,1756,4577.22,3056.85,-306.645,0,0,0,2500,0,0,2500,0,2500,0
20230101T000013.600000,3,1757,7402.7,5455.6,-498.025,0,0,0,2500,0,0,2500,0,2500,0
20230101T000013.700000,6,2179,1082.69,-190.319,-35.4481,0,0,0,121.922,318.445,59.3762,1877.51,-10.4374,1933.56,8.36628e+21
20230101T000013.700000,6,2180,1082.32,-192.273,-36.2398,0,0,0,123.162,321.589,60.6814,1876.27,-10.7801,1933.47,8.26009e+21
20230101T000013.700000,6,2181,3725.61,4054.7,253.018,0,0,0,26381.1,-24087.1,-1506.25,22298.5,-1639.3,48513.4,7.74728e+07
20230101T000013.700000,6,2182,6409.62,6600.71,490.565,0,0,0,69928.9,-67468.5,-5028.56,65964.1,-5178.48,135444,2.57079e+08
20230101T000013.700000,6,2183,3333.89,3413.58,293.004,0,0,0,18742.2,-18108.3,-1560.22,17886.7,-1597.51,36428,6.94342e+07
20230101T000013.700000,3,1758,1082.69,-190.319,-35.4481,0,0,0,2500,0,0,2500,0,2500,0
20230101T000013.700000,3,1759,1082.32,-192.273,-36.2398,0,0,0,2500,0,0,2500,0,2500,0
20230101T000013.700000,3,1760,3725.61,4054.7,253.018,0,0,0,2500,0,0,2500,0,2500,0
20230101T000013.700000,3,1761,6409.62,6600.71,490.565,0,0,0,2500,0,0,2500,0,2500,0
20230101T000013.700000,3,1762,3333.89,3413.58,293.004,0,0,0,2500,0,0,2500,0,2500,0
20230101T000013.800000,6,2184,1033.26,-375.244,-35.5283,0,0,0,283.561,599.199,56.7939,1715.89,-20.6255,1933.56,2.54299e+20
20230101T000013.800000,6,2185,5327.83,1338.42,-449.444,0,0,0,3230,-11318,3826.25,45440.1,961.204,48283.8,6.573e+07
20230101T000013.800000,6,2186,4571.48,1426.4,20.3467,0,0,0,3314.32,-10414.8,-148.563,33443.2,-46.355,36692.8,1.13283e+08
20230101T000013.800000,6,2187,6797.79,5063.99,89.8937,0,0,0,41079.9,-55041.5,-977.181,73963.3,-727.949,114966,2.82379e+06
20230101T000013.800000,6,2188,6044.92,6940.73,-151.825,0,0,0,77121.6,-67080,1467.74,58523.1,1685.25,135544,2.2632e+08
20230101T000013.800000,6,2189,4230.88,4730.34,522.203,0,0,0,36023.9,-31773.2,-3531.52,28918.3,-3948.42,64442.8,813089
20230101T000013.800000,6,2190,3830.89,5380.55,861.702,0,0,0,46741.3,-32388.6,-5276.98,24311.3,-7411.6,69802.6,813944
20230101T000013.800000,4,1759,1063.54,-298.037,-35.8371,-1.85852,-10.4717,0.0398683,95.0954,177.629,33.5014,1063.42,-5.95152,1094.53,0
20230101T000013.800000,4,1761,6397.79,6601.62,478.413,-1.17157,0.090315,-1.20317,1309.41,-1204.24,-89.5039,1238.65,-92.1724,2472.07,0
20230101T000013.800000,3,1763,5327.83,1338.42,-449.444,0,0,0,2500,0,0,2500,0,2500,0
20230101T000013.800000,3,1764,4571.48,1426.4,20.3467,0,0,0,2500,0,0,2500,0,2500,0
20230101T000013.800000,3,1765,6797.79,5063.99,89.8937,0,0,0,2500,0,0,2500,0,2500,0
20230101T000013.800000,3,1766,4230.88,4730.34,522.203,0,0,0,2500,0,0,2500,0,2500,0
20230101T000013.800000,3,1767,3830.89,5380.55,861.702,0,0,0,2500,0,0,2500,0,2500,0
20230101T000013.900000,6,2191,952.165,-549.291,-37.0267,0,0,0,532.363,808.205,54.5436,1467.1,-31.4655,1933.41,1.11199e+20
20230101T000013.900000,6,2192,4042.76,1977.24,-1098.06,0,0,0,7860.7,-12004.4,7089.45,26534.2,3467.32,32409,2.56295e+06
20230101T000013.900000,6,2193,10854.9,2351.42,1128.94,0,0,0,10855,-40403.9,-19600.8,188619,-4246,197372,3.52416e+06
20230101T000013.900000,6,2194,9093.05,5080.63,-812.016,0,0,0,42152.9,-73441.1,11809.6,132560,6598.46,173594,1.40194e+06
20230101T000013.900000,6,2195,9258.8,5199.13,1667.16,0,0,0,46678,-75095.1,-24688.9,138242,-13863.7,180412,710795
20230101T000013.900000,6,2196,6769.7,3002.04,-959.366,0,0,0,15702.8,-31947.6,10383.9,73578.4,4604.78,87746.8,1.25567e+06
20230101T000013.900000,6,2197,7199.28,2546.97,-155.83,0,0,0,10470.7,-29305.8,1793.75,82938.9,634.596,93306.8,148175
20230101T000013.900000,6,2198,5873.51,3429.69,-1192.37,0,0,0,20563.1,-31213.3,11196,55791.2,6537.64,74019.3,256331
20230101T000013.900000,6,2199,6460.14,3235.98,286.377,0,0,0,16910.5,-33369.7,-2957.79,66812.7,-1481.6,83528.2,173975
20230101T000013.900000,6,2200,8222.7,4123.76,13.3599,0,0,0,27260,-54227.8,-175.684,108193,-88.1072,135389,1.34777e+08
20230101T000013.900000,6,2201,5868.44,2454.53,-293.113,0,0,0,9810.87,-22975.1,2749.47,55131.6,1149.99,64741.3,186021
20230101T000013.900000,6,2202,9458.58,2792.56,780.767,0,0,0,13433.1,-41979.7,-11811.1,143227,-3487.12,155621,4.20476e+06
20230101T000013.900000,6,2203,5162.94,1920.5,99.8592,0,0,0,5971.53,-15838.6,-823.821,42659.3,-306.443,48550.9,3.17915e+07
20230101T000013.900000,6,2204,5993.06,2305.46,-600.752,0,0,0,9062.48,-21892,5755.02,57549.5,2213.88,65971.6,154107
20230101T000013.900000,6,2205,2859.74,2702.73,224.203,0,0,0,11763.7,-12294.6,-1023.22,13153.1,-967.036,24772.8,761014
20230101T000013.900000,6,2206,4566.92,6480.52,-226.574,0,0,0,67243.8,-47284.8,1654.54,33468.4,2347.81,100566,263528
20230101T000013.900000,6,2207,5207.83,5768,38.9549,0,0,0,53261.5,-48029,-324.378,43431,-359.268,96626.1,4.29907e+06
20230101T000013.900000,6,2208,5178.22,6710.27,-524.521,0,0,0,72232.5,-55351.9,4343.33,43218.3,5628.36,114947,1.0715e+06
20230101T000013.900000,6,2209,3566.63,4158.78,573.101,0,0,0,27922.2,-23441.6,-3266.16,20692.7,-3808.41,48026.8,3.43876e+07
20230101T000013.900000,6,2210,3721.44,4189.01,794.448,0,0,0,28549.6,-24410.1,-4724.48,22758.1,-5318.07,50236.4,2.75359e+06
20230101T000013.900000,6,2211,6595.1,6397.75,-441.65,0,0,0,65683.5,-67322.2,4658.16,69774.8,4518.77,135083,1.3478e+08
20230101T000013.900000,6,2212,3224.11,3522.4,-338.874,0,0,0,19964.5,-18047.3,1745.05,16766.4,1906.5,36483.8,8.76687e+06
20230101T000013.900000,6,2213,5187.25,3949.98,-146.323,0,0,0,25025.9,-32735.9,1213.28,43088.2,923.885,68015.9,1.4632e+06
20230101T000013.900000,6,2214,4100.37,5141.9,502.733,0,0,0,42484.5,-33505.8,-3295.2,27187,-4132.2,69203.8,377686
20230101T000013.900000,6,2215,3854.96,5489.96,-883.082,0,0,0,48656.2,-33245.3,5442.03,24654.9,7750.15,72001.6,1.29553e+06
20230101T000013.900000,4,1760,3715.65,4058.03,269.155,-1.91599,0.639652,3.10323,1368.98,-1195.82,-74.6288,1166.3,-81.2208,2462.94,0
20230101T000013.900000,4,1761,6399.53,6595.85,461.238,-7.80678,-8.23728,-5.04788,1312.33,-1230.23,-90.1218,1237.12,-92.8437,2498.95,0
20230101T000013.900000,4,1767,3805.49,5323.23,841.361,-2.51425,-5.67477,-2.01402,1651.47,-1103.08,-176.767,887.558,-248.273,2398.51,0
20230101T000013.900000,3,1768,952.165,-549.291,-37.0267,0,0,0,2500,0,0,2500,0,2500,0
20230101T000013.900000,3,1769,4042.76,1977.24,-1098.06,0,0,0,2500,0,0,2500,0,2500,0
20230101T000013.900000,3,1770,10854.9,2351.42,1128.94,0,0,0,2500,0,0,2500,0,2500,0
20230101T000013.900000,3,1771,9093.05,5080.63,-812.016,0,0,0,2500,0,0,2500,0,2500,0
20230101T000013.900000,3,1772,9258.8,5199.13,1667.16,0,0,0,2500,0,0,2500,0,2500,0
20230101T000013.900000,3,1773,6769.7,3002.04,-959.366,0,0,0,2500,0,0,2500,0,2500,0
20230101T000013.900000,3,1774,7199.28,2546.97,-155.83,0,0,0,2500,0,0,2500,0,2500,0
20230101T000013.900000,3,1775,5873.51,3429.69,-1192.37,0,0,0,2500,0,0,2500,0,2500,0
20230101T000013.900000,3,1776,6460.14,3235.98,286.377,0,0,0,2500,0,0,2500,0,2500,0
20230101T000013.900000,3,1777,8222.7,4123.76,13.3599,0,0,0,2500,0,0,2500,0,2500,0
20230101T000013.900000,3,1778,5868.44,2454.53,-293.113,0,0,0,2500,0,0,2500,0,2500,0
20230101T000013.900000,3,1779,9458.58,2792.56,780.767,0,0,0,2500,0,0,2500,0,2500,0
20230101T000013.900000,3,1780,5162.94,1920.5,99.8592,0,0,0,2500,0,0,2500,0,2500,0
20230101T000013.900000,3,1781,5993.06,2305.46,-600.752,0,0,0,2500,0,0,2500,0,2500,0
20230101T000013.900000,3,1782,2859.74,2702.73,224.203,0,0,0,2500,0,0,2500,0,2500,0
20230101T000013.900000,3,1783,4566.92,6480.52,-226.574,0,0,0,2500,0,0,2500,0,2500,0
20230101T000013.900000,3,1784,5207.83,5768,38.9549,0,0,0,2500,0,0,2500,0,2500,0
20230101T000013.900000,3,1785,5178.22,6710.27,-524.521,0,0,0,2500,0,0,2500,0,2500,0
20230101T000013.900000,3,1786,3721.44,4189.01,794.448,0,0,0,2500,0,0,2500,0,2500,0
20230101T000013.900000,3,1787,3224.11,3522.4,-338.874,0,0,0,2500,0,0,2500,0,2500,0
20230101T000013.900000,3,1788,5187.25,3949.98,-146.323,0,0,0,2500,0,0,2500,0,2500,0
20230101T000013.900000,3,1789,3854.96,5489.96,-883.082,0,0,0,2500,0,0,2500,0,2500,0
20230101T000014,6,2216,841.667,-707.076,-36.9679,0,0,0,838.689,919.635,48.1374,1160.8,-40.4397,1933.45,1.51143e+20
20230101T000014,6,2217,9199.28,-105.342,-221.738,0,0,0,160.368,1548.88,3262.19,135403,-37.3559,135420,2.87457e+08
20230101T000014,6,2218,5640.71,1768.24,-72.8464,0,0,0,5068.69,-15937.9,656.695,50914.6,205.86,55910.8,661010
20230101T000014,6,2219,8121.55,2423.21,102.236,0,0,0,9469.25,-31466.3,-1327.77,105542,-396.165,114930,1.82003e+06
20230101T000014,6,2220,3926.61,2731,-204.59,0,0,0,12021.5,-17096.4,1283.11,24711.9,892.415,36602.7,1.8437e+07
20230101T000014,6,2221,3769.59,4883.69,732.353,0,0,0,38504.6,-29009.6,-4412.5,23313,-5716.6,60897.2,3.73129e+06
20230101T000014,6,2222,3253.67,4443.72,-133.632,0,0,0,31627,-23089.3,694.754,16998.4,948.867,48532.9,6.84384e+07
20230101T000014,6,2223,3914.55,2755.75,61.9762,0,0,0,12197.5,-17227,-387.497,24541.2,-272.788,36668.6,2.00415e+07
20230101T000014,4,1768,897.588,-643.915,-36.9935,-5.40369,-9.36876,0.00328425,321.12,446.415,30.1126,837.425,-17.3715,1094.49,0
20230101T000014,3,1790,9199.28,-105.342,-221.738,0,0,0,2500,0,0,2500,0,2500,0
20230101T000014,3,1791,5640.71,1768.24,-72.8464,0,0,0,2500,0,0,2500,0,2500,0
20230101T000014,3,1792,8121.55,2423.21,102.236,0,0,0,2500,0,0,2500,0,2500,0
20230101T000014,3,1793,3926.61,2731,-204.59,0,0,0,2500,0,0,2500,0,2500,0
20230101T000014,3,1794,3769.59,4883.69,732.353,0,0,0,2500,0,0,2500,0,2500,0
20230101T000014,3,1795,3253.67,4443.72,-133.632,0,0,0,2500,0,0,2500,0,2500,0
20230101T000014,3,1796,3914.55,2755.75,61.9761,0,0,0,2500,0,0,2500,0,2500,0
20230101T000014.100000,6,2224,3552.34,-4154.41,-669.763,0,0,0,27944.4,23227,3801.74,20641.7,-4446.08,47806.2,7.42429e+07
20230101T000014.100000,6,2225,8711.04,-2970.95,227.238,0,0,0,14253.8,41363.4,-3165.67,121427,1079.67,135534,2.01086e+08
20230101T000014.100000,6,2226,4764.83,318.554,231.474,0,0,0,311.275,-2418.61,-1761.6,36326.4,-117.773,36488.2,6.27975e+07
20230101T000014.100000,6,2227,704.298,831.007,152.121,0,0,0,1146.64,-887.217,-165.753,851.738,-195.573,1899.8,1.24929e+21
20230101T000014.100000,3,1797,3552.34,-4154.41,-669.763,0,0,0,2500,0,0,2500,0,2500,0
20230101T000014.100000,3,1798,8711.04,-2970.95,227.238,0,0,0,2500,0,0,2500,0,2500,0
20230101T000014.100000,3,1799,4764.83,318.554,231.474,0,0,0,2500,0,0,2500,0,2500,0
20230101T000014.100000,3,1800,704.298,831.007,152.121,0,0,0,2500,0,0,2500,0,2500,0
20230101T000014.200000,6,2228,3842.4,-3941.29,150.264,0,0,0,24902.9,24180.4,-922.581,23673.7,946.327,48476.5,1.01635e+08
20230101T000014.200000,6,2229,3419.11,-3359.65,131.874,0,0,0,18106.3,18333.4,-720.173,18749.6,707.648,36764.2,4.28411e+07
20230101T000014.200000,6,2230,8647.06,-3144.91,332.439,0,0,0,16037.4,43433.5,-4597.23,119663,1672,135459,2.75367e+08
20230101T000014.200000,6,2231,839.001,693.437,157.953,0,0,0,830.326,-880.489,-205.026,1167.92,-169.454,1896.96,5.58438e+21
20230101T000014.200000,4,1798,8710.51,-2974.36,229.176,-0.0522161,-0.336836,0.191956,315.523,737.806,-56.4327,2227.19,19.2467,2477.38,0
20230101T000014.200000,4,1800,787.975,759.471,155.423,8.28485,-7.08274,0.326977,665.047,-493.991,-91.508,500.852,-107.971,1075.91,0
20230101T000014.200000,3,1801,3842.4,-3941.29,150.264,0,0,0,2500,0,0,2500,0,2500,0
20230101T000014.200000,3,1802,3419.11,-3359.65,131.874,0,0,0,2500,0,0,2500,0,2500,0
20230101T000014.300000,6,2232,3337.36,-3419.5,130.106,0,0,0,18753.2,18213.9,-693.52,17867.4,710.588,36529.6,4.02796e+07
20230101T000014.300000,6,2233,7167.6,-5771.23,-148.339,0,0,0,53351.5,66136.9,1700.37,82238.2,-1369.11,135491,2.31354e+08
20230101T000014.300000,6,2234,5290.98,-1525.72,260.997,0,0,0,3884.09,12870.1,-2206.58,44804.4,636.295,48515.8,1.10739e+08
20230101T000014.300000,6,2235,943.166,543.271,158.13,0,0,0,549.333,-775.42,-230.739,1448.88,-132.907,1896.85,4.54128e+21
20230101T000014.300000,4,1802,3403.91,-3353.75,131.375,-1.50494,0.583881,-0.0493809,1193.28,1149.11,-45.1073,1233.6,44.3229,2361.1,0
20230101T000014.300000,3,1803,7167.6,-5771.23,-148.339,0,0,0,2500,0,0,2500,0,2500,0
20230101T000014.300000,3,1804,5290.98,-1525.72,260.997,0,0,0,2500,0,0,2500,0,2500,0
20230101T000014.300000,3,1805,943.166,543.271,158.13,0,0,0,2500,0,0,2500,0,2500,0
20230101T000014.400000,6,2236,6468.83,-6539.33,330.333,0,0,0,68538.4,67563.6,-3417.38,67073.8,3454.62,135374,3.18009e+08
20230101T000014.400000,6,2237,3245.12,-3486.95,399.705,0,0,0,19602.2,17945.8,-2071.72,17020.4,2226.1,36303.9,9.66175e+07
20230101T000014.400000,6,2238,3742.32,-4029.72,381.681,0,0,0,26119.2,23980.8,-2282.38,22567.2,2457.67,48390,7.67933e+07
20230101T000014.400000,6,2239,1024.15,370.062,154.518,0,0,0,308.394,-574.135,-244.827,1689.86,-88.4648,1898.58,5.64397e+21
20230101T000014.400000,4,1801,3841.56,-3950.17,162.191,-0.160629,-1.70765,2.29353,1296.48,1201.31,-45.8025,1235.42,46.9814,2465.95,0
20230101T000014.400000,4,1802,3394.33,-3362.55,148.145,-3.48306,-1.07416,3.27989,1142.7,1121.62,-43.9787,1178.46,43.2821,2280.91,0
20230101T000014.400000,4,1805,997.988,448.678,156.086,5.42791,-9.36567,-0.202441,332.642,-432.053,-127.387,833.858,-73.3757,1074.3,0
20230101T000014.400000,3,1806,6468.83,-6539.33,330.333,0,0,0,2500,0,0,2500,0,2500,0
20230101T000014.500000,6,2240,4730.38,-7021.73,-194.743,0,0,0,78926.4,53087,1473.11,35888.1,-2186.67,114690,2.3566e+06
20230101T000014.500000,6,2241,3434.85,-4295.92,247.79,0,0,0,29591.1,23530.2,-1360,18976,1700.93,48405.1,4.8049e+07
20230101T000014.500000,6,2242,3031.18,-3714.75,-68.3531,0,0,0,22107.6,17981.1,330.928,14743.7,-405.557,36779.9,3.68999e+07
20230101T000014.500000,6,2243,7004.72,-5968.19,276.298,0,0,0,57098.7,66797,-3095.16,78584.1,2637.15,135497,1.70033e+08
20230101T000014.500000,6,2244,1072.26,186.893,158.175,0,0,0,155.565,-303.262,-262.395,1842.61,-45.7349,1896.79,1.50029e+21
20230101T000014.500000,4,1801,3819.46,-3966.19,166.405,-13.4227,1.12033,3.13173,1280.4,1208.27,-48.1229,1215.4,49.5862,2454.7,0
20230101T000014.500000,4,1803,7167.08,-5776.99,-140.398,-0.0990372,-1.10841,1.52721,1041.67,1215.33,31.2379,1572.49,-25.1523,2550.41,0
20230101T000014.500000,3,1807,4730.38,-7021.73,-194.743,0,0,0,2500,0,0,2500,0,2500,0
20230101T000014.500000,3,1808,3031.18,-3714.75,-68.3531,0,0,0,2500,0,0,2500,0,2500,0
20230101T000014.500000,3,1809,1072.26,186.893,158.175,0,0,0,2500,0,0,2500,0,2500,0
20230101T000014.600000,6,2245,4537.04,-3112.07,341.864,0,0,0,15666.5,22474.4,-2478.41,33015.8,1700.01,48431.8,2.3112e+08
20230101T000014.600000,6,2246,7563.71,-5242.91,344.86,0,0,0,44152.6,63330.3,-4171.51,91618.1,2891.55,135517,3.32571e+08
20230101T000014.600000,6,2247,1089.31,0.258751,151.967,0,0,0,99.7288,-0.427286,-256.105,1898.55,-0.0608343,1899.77,2.02264e+21
20230101T000014.600000,6,2248,3879.1,2755.84,532.569,0,0,0,12495,-16860.2,-3299.66,24249.3,-2344.18,36228.1,5.25487e+07
20230101T000014.600000,4,1803,7176.61,-5768.29,-130.849,6.01818,-1.46759,4.05682,1055.2,1262.7,31.4057,1605.05,-25.2769,2621.79,0
20230101T000014.600000,4,1809,1091.16,81.4331,154.662,1.87115,-10.4415,-0.347812,113.24,-168.976,-144.865,1053.25,-25.2496,1074.28,0
20230101T000014.600000,3,1810,4537.04,-3112.07,341.864,0,0,0,2500,0,0,2500,0,2500,0
20230101T000014.600000,3,1811,3879.1,2755.84,532.569,0,0,0,2500,0,0,2500,0,2500,0
20230101T000014.700000,6,2249,1072.98,-187.744,152.171,0,0,0,153.256,305.365,-252.604,1845.02,44.1993,1899.68,2.28654e+21
20230101T000014.700000,6,2250,6890.8,6101.21,389.991,0,0,0,59731.8,-67115.1,-4297.74,76108.1,-3805.28,135533,2.48533e+08
20230101T000014.700000,6,2251,3333.32,3431.93,192.366,0,0,0,18904.8,-18242,-1024.16,17841,-1054.46,36622.8,6.29793e+07
20230101T000014.700000,6,2252,3629.16,4110.41,559.6,0,0,0,27280,-23587.7,-3245.13,21390.4,-3675.46,48106.7,3.58421e+07
20230101T000014.700000,3,1812,1072.98,-187.744,152.171,0,0,0,2500,0,0,2500,0,2500,0
20230101T000014.700000,3,1813,6890.8,6101.21,389.991,0,0,0,2500,0,0,2500,0,2500,0
20230101T000014.700000,3,1814,3333.32,3431.93,192.366,0,0,0,2500,0,0,2500,0,2500,0
20230101T000014.700000,3,1815,3629.16,4110.41,559.6,0,0,0,2500,0,0,2500,0,2500,0
20230101T000014.800000,6,2253,1024.72,-369.46,152.104,0,0,0,306.713,573.909,-241.137,1691.57,86.9409,1899.71,8.15874e+20
20230101T000014.800000,6,2254,4672.01,993.677,332.681,0,0,0,1810.18,-7378.95,-2482.52,34934.7,-528.001,36504.4,4.87877e+07
20230101T000014.800000,6,2255,5403.04,1079.85,141.16,0,0,0,1957.89,-9316.78,-1218.7,46712.3,-243.57,48574.4,1.08865e+08
20230101T000014.800000,6,2256,6752.4,6251.75,256.594,0,0,0,62626.1,-67458.5,-2770.89,73030,-2565.44,135487,2.13824e+08
20230101T000014.800000,4,1812,1054.47,-293.593,152.133,-1.83302,-10.4801,-0.00373841,111.947,170.028,-139.459,1053.93,24.4018,1075.87,0
20230101T000014.800000,4,1813,6883.85,6100.05,387.302,-0.688741,-0.115188,-0.266275,1126.73,-1197.16,-76.5253,1418.84,-67.7566,2474.57,0
20230101T000014.800000,3,1816,4672.01,993.677,332.681,0,0,0,2500,0,0,2500,0,2500,0
20230101T000014.800000,3,1817,5403.05,1079.85,141.16,0,0,0,2500,0,0,2500,0,2500,0
20230101T000014.900000,6,2257,942.213,-545.541,155.981,0,0,0,552.305,778.35,-227.372,1445.94,131.648,1897.89,8.72785e+18
20230101T000014.900000,6,2258,8409.3,-3737.17,352.158,0,0,0,22565.3,50185.8,-4736.02,113189,2104.73,135493,3.46416e+08
20230101T000014.900000,6,2259,8317.11,-1608.51,483.325,0,0,0,4561.45,21323.4,-6428.22,110695,1243.2,114819,6.50281e+06
20230101T000014.900000,6,2260,11595.3,3628.08,-623.145,0,0,0,21684.8,-67114.7,11557.8,215183,3616.33,236183,807768
20230101T000014.900000,6,2261,3810.99,949.075,204.86,0,0,0,1564.52,-5756.35,-1245.92,23245.5,-310.28,24679.2,916298
20230101T000014.900000,6,2262,9396.89,5215.76,628.735,0,0,0,44059,-78123.7,-9449.79,141447,-5245.12,184809,1.22159e+06
20230101T000014.900000,6,2263,7569.51,1579.09,-822.977,0,0,0,5088.74,-18895.4,9960.65,91723.8,2077.91,95666.3,3.72861e+06
20230101T000014.900000,6,2264,5168.66,2980.8,1004.16,0,0,0,15473.6,-23925.6,-8295.22,43162.2,-4783.9,56962,473638
20230101T000014.900000,6,2265,6748.3,1498.46,197.451,0,0,0,3713.02,-16152.6,-2130.15,72869.2,-473.002,76455.9,3.40099e+06
20230101T000014.900000,6,2266,4949.3,2384.84,-323.53,0,0,0,9287.62,-18794.8,2558.62,39236.5,1232.88,48293.1,9.50709e+07
20230101T000014.900000,6,2267,4567.36,962.989,1061.03,0,0,0,3266.62,-6661.41,-7740.25,33456.5,-1631.97,34864.2,6.44298e+06
20230101T000014.900000,6,2268,5416.64,3330.91,174.348,0,0,0,17833.6,-28817.5,-1509.52,46974.9,-928.263,64696,3.20699e+06
20230101T000014.900000,6,2269,9304.07,3698.76,-944.859,0,0,0,23177.6,-54549.5,14060.1,138709,5589.49,160395,562825
20230101T000014.900000,6,2270,2450.74,2310.01,-284.971,0,0,0,8640.32,-8961.42,1113.51,9700.82,1049.57,18148.1,618420
20230101T000014.900000,6,2271,8005.54,7994.26,-239.941,0,0,0,102331,-102319,3072.41,102620,3068.08,204795,3.35973e+06
20230101T000014.900000,6,2272,7861.8,6377.77,2614.52,0,0,0,71713.9,-74844.9,-32875.7,103258,-26669.9,163978,112176
20230101T000014.900000,6,2273,7334.89,9529.74,-161.852,0,0,0,145345,-111788,1898.94,86147.5,2467.16,231387,5.27473e+06
20230101T000014.900000,6,2274,4352.2,4401.55,526.557,0,0,0,31248.5,-30396.7,-3662.88,30563,-3704.42,61304.8,481859
20230101T000014.900000,6,2275,7082.15,6907.01,54.1311,0,0,0,76366.1,-78232,-613.133,80284.4,-597.97,156582,1.26773e+07
20230101T000014.900000,6,2276,5059.19,3856.3,38.1444,0,0,0,23835.7,-31183.7,-308.463,40977.1,-235.122,64746.4,3.06019e+06
20230101T000014.900000,3,1818,942.213,-545.541,155.981,0,0,0,2500,0,0,2500,0,2500,0
20230101T000014.900000,3,1819,8409.3,-3737.17,352.158,0,0,0,2500,0,0,2500,0,2500,0
20230101T000014.900000,3,1820,8317.11,-1608.51,483.325,0,0,0,2500,0,0,2500,0,2500,0
20230101T000014.900000,3,1821,11595.3,3628.08,-623.145,0,0,0,2500,0,0,2500,0,2500,0
20230101T000014.900000,3,1822,3810.99,949.075,204.86,0,0,0,2500,0,0,2500,0,2500,0
20230101T000014.900000,3,1823,9396.89,5215.76,628.735,0,0,0,2500,0,0,2500,0,2500,0
20230101T000014.900000,3,1824,7569.51,1579.09,-822.977,0,0,0,2500,0,0,2500,0,2500,0
20230101T000014.900000,3,1825,5168.66,2980.8,1004.16,0,0,0,2500,0,0,2500,0,2500,0
20230101T000014.900000,3,1826,6748.3,1498.46,197.451,0,0,0,2500,0,0,2500,0,2500,0
20230101T000014.900000,3,1827,4949.3,2384.84,-323.53,0,0,0,2500,0,0,2500,0,2500,0
20230101T000014.900000,3,1828,4567.36,962.989,1061.03,0,0,0,2500,0,0,2500,0,2500,0
20230101T000014.900000,3,1829,5416.64,3330.91,174.348,0,0,0,2500,0,0,2500,0,2500,0
20230101T000014.900000,3,1830,9304.07,3698.76,-944.859,0,0,0,2500,0,0,2500,0,2500,0
20230101T000014.900000,3,1831,2450.74,2310.01,-284.971,0,0,0,2500,0,0,2500,0,2500,0
20230101T000014.900000,3,1832,8005.54,7994.26,-239.941,0,0,0,2500,0,0,2500,0,2500,0
20230101T000014.900000,3,1833,7861.8,6377.77,2614.52,0,0,0,2500,0,0,2500,0,2500,0
20230101T000014.900000,3,1834,7334.89,9529.74,-161.852,0,0,0,2500,0,0,2500,0,2500,0
20230101T000014.900000,3,1835,4352.2,4401.55,526.557,0,0,0,2500,0,0,2500,0,2500,0
20230101T000014.900000,3,1836,7082.15,6907.01,54.1311,0,0,0,2500,0,0,2500,0,2500,0
20230101T000014.900000,3,1837,5059.2,3856.3,38.1444,0,0,0,2500,0,0,2500,0,2500,0
20230101T000015,6,2277,836.328,-697.085,156.064,0,0,0,837.482,882.777,-201.928,1160.79,168.309,1897.88,4.00171e+20
20230101T000015,6,2278,4708.53,-865.784,76.8233,0,0,0,1270.36,6509.45,-577.75,35474.8,106.234,36671.7,3.27872e+07
20230101T000015,6,2279,10355,2985.66,1709.4,0,0,0,18636.8,-48205.5,-28311.9,171927,-8163.15,185828,1.33975e+06
20230101T000015,6,2280,7606.6,2210,237.192,0,0,0,7956.5,-26855.6,-2884.92,92588.5,-838.176,100391,1.60901e+06
20230101T000015,6,2281,6069.8,1633.44,911.799,0,0,0,5567.83,-15513.9,-8846.32,59042.1,-2380.63,63218.3,505930
20230101T000015,6,2282,6841.02,1772.37,1186.75,0,0,0,7196.05,-18837.5,-12979.6,75024.9,-3362.74,79907.1,321494
20230101T000015,6,2283,4907.02,2378.67,791.869,0,0,0,9916.05,-18257.1,-6208.96,38729,-3009.78,47580.4,3.3819e+07
20230101T000015,6,2284,8655.25,3076.85,-525.745,0,0,0,15596.5,-42449.7,7277.28,119918,2587,135009,1.96079e+08
20230101T000015,6,2285,2929.66,3067.59,62.4659,0,0,0,15089.7,-14344.1,-292.156,13769.4,-305.91,28788.9,2.6342e+06
20230101T000015,6,2286,5570.66,6180.03,551.682,0,0,0,61355.3,-54809.1,-4914.34,49955.4,-5451.92,110760,488765
20230101T000015,6,2287,2669.7,3956.62,-461.679,0,0,0,25174.3,-16713.3,1968.64,11681.6,2917.62,36452,3.1532e+07
20230101T000015,6,2288,3794.99,3952.53,522.714,0,0,0,25236.1,-23749.6,-3169.72,23303.5,-3301.31,48039.6,3.56871e+07
20230101T000015,4,1815,3633.71,4097.02,556.944,1.25452,-3.68492,-0.73114,1487.96,-1235.62,-168.317,1179.44,-190.637,2554.39,0
20230101T000015,4,1818,889.251,-637.014,156.028,-5.24379,-9.05683,0.00474331,334.239,433.576,-125.528,832.035,72.6805,1074.88,0
20230101T000015,3,1838,4708.53,-865.784,76.8233,0,0,0,2500,0,0,2500,0,2500,0
20230101T000015,3,1839,10355,2985.66,1709.4,0,0,0,2500,0,0,2500,0,2500,0
20230101T000015,3,1840,7606.6,2210,237.192,0,0,0,2500,0,0,2500,0,2500,0
20230101T000015,3,1841,6069.8,1633.44,911.799,0,0,0,2500,0,0,2500,0,2500,0
20230101T000015,3,1842,6841.02,1772.37,1186.75,0,0,0,2500,0,0,2500,0,2500,0
20230101T000015,3,1843,4907.02,2378.67,791.869,0,0,0,2500,0,0,2500,0,2500,0
20230101T000015,3,1844,8655.25,3076.85,-525.745,0,0,0,2500,0,0,2500,0,2500,0
20230101T000015,3,1845,2929.66,3067.59,62.4659,0,0,0,2500,0,0,2500,0,2500,0
20230101T000015,3,1846,5570.66,6180.03,551.682,0,0,0,2500,0,0,2500,0,2500,0
20230101T000015,3,1847,2669.7,3956.62,-461.679,0,0,0,2500,0,0,2500,0,2500,0
20230101T000015.100000,6,2289,6052.52,-6084.88,380.164,0,0,0,59388.1,58778.6,-3679.53,58761.1,3699.2,117854,4.04615e+08
20230101T000015.100000,6,2290,8523.64,643.237,-770.651,0,0,0,1669.99,-8696.29,10504.3,116250,792.707,116907,4.42875e+08
20230101T000015.100000,6,2291,813.557,976.453,-273.796,0,0,0,1599.74,-1181.97,347.964,1165.9,417.636,2587.37,1.03343e+21
20230101T000015.100000,3,1848,6052.52,-6084.88,380.164,0,0,0,2500,0,0,2500,0,2500,0
20230101T000015.100000,3,1849,8523.64,643.237,-770.651,0,0,0,2500,0,0,2500,0,2500,0
20230101T000015.100000,3,1850,813.557,976.453,-273.796,0,0,0,2500,0,0,2500,0,2500,0
20230101T000015.200000,6,2292,5426.51,-5450.62,216.035,0,0,0,47603.9,47255.3,-1874.44,47184.9,1882.76,94650.2,1.3262e+06
20230101T000015.200000,6,2293,3271.17,-895.654,-167.487,0,0,0,1384.66,4660.05,873.566,17128.5,-239.184,18404.6,1.33404e+07
20230101T000015.200000,6,2294,4285.85,-1182.53,109.837,0,0,0,2314.77,8087.68,-751.668,29395.5,207.396,31627.1,1.23727e+07
20230101T000015.200000,6,2295,9800.19,-3611.47,-1724.73,0,0,0,25113.6,55064.5,27034.7,154246,-9962.54,174540,474455
20230101T000015.200000,6,2296,9615.51,-4632.19,240.178,0,0,0,34458.3,71204.3,-3693.79,147962,1779.45,182264,2.98942e+06
20230101T000015.200000,6,2297,8121.2,-2778.98,60.2976,0,0,0,12418.8,36088.4,-783.076,105534,267.959,117883,1.36193e+08
20230101T000015.200000,6,2298,8852.8,-3737.8,2.11783,0,0,0,22408.1,52921.1,-29.985,125405,12.6601,147749,3.07972e+06
20230101T000015.200000,6,2299,5985.01,-2512.78,-235.518,0,0,0,10232.3,24008,2253.19,57335.5,-945.991,67415.2,2.64954e+07
20230101T000015.200000,6,2300,4804.98,-2571.84,-640.316,0,0,0,11142,19473.1,4916.2,37100.7,-2631.37,47524.5,3.54508e+06
20230101T000015.200000,6,2301,977.162,813.342,-271.87,0,0,0,1164.45,-1183.39,414.998,1601.2,345.424,2588.99,8.99281e+19
20230101T000015.200000,3,1851,5426.51,-5450.62,216.035,0,0,0,2500,0,0,2500,0,2500,0
20230101T000015.200000,3,1852,3271.17,-895.654,-167.487,0,0,0,2500,0,0,2500,0,2500,0
20230101T000015.200000,3,1853,4285.85,-1182.53,109.837,0,0,0,2500,0,0,2500,0,2500,0
20230101T000015.200000,3,1854,9800.19,-3611.47,-1724.73,0,0,0,2500,0,0,2500,0,2500,0
20230101T000015.200000,3,1855,9615.51,-4632.19,240.178,0,0,0,2500,0,0,2500,0,2500,0
20230101T000015.200000,3,1856,8121.2,-2778.98,60.2976,0,0,0,2500,0,0,2500,0,2500,0
20230101T000015.200000,3,1857,8852.8,-3737.8,2.11783,0,0,0,2500,0,0,2500,0,2500,0
20230101T000015.200000,3,1858,5985.01,-2512.78,-235.518,0,0,0,2500,0,0,2500,0,2500,0
20230101T000015.200000,3,1859,4804.98,-2571.84,-640.316,0,0,0,2500,0,0,2500,0,2500,0
20230101T000015.200000,3,1860,977.162,813.342,-271.87,0,0,0,2500,0,0,2500,0,2500,0
20230101T000015.300000,6,2302,8293.87,-2149.12,-640.058,0,0,0,8063.83,28344.6,8489.09,110106,-2199.71,117451,2.113e+08
20230101T000015.300000,6,2303,1100,636.016,-275.227,0,0,0,783.873,-1040.37,472.934,1981.67,273.449,2586.08,1.71834e+20
20230101T000015.300000,4,1856,8133.06,-2768.55,45.6662,1.17423,1.03264,-1.44865,315.1,738.082,-16.0147,2219.49,5.48005,2471.93,0
20230101T000015.300000,3,1861,1100,636.016,-275.227,0,0,0,2500,0,0,2500,0,2500,0
20230101T000015.400000,6,2304,6021.13,-6122.17,-136.813,0,0,0,60015.8,58932.9,1317.32,58054.1,-1339.43,117976,3.99412e+08
20230101T000015.400000,6,2305,4575.4,-4666.87,-385.8,0,0,0,34995.4,34013.5,2821.67,33648.8,-2878.08,68342.5,573224
20230101T000015.400000,6,2306,1196.05,431.078,-271.808,0,0,0,456.108,-767.715,507.843,2309.48,183.036,2588.97,1.98212e+20
20230101T000015.400000,4,1848,6050.12,-6084.03,368.386,-0.661089,0.23662,-3.24178,1372.44,1297.88,-81.091,1358.6,81.5246,2658.44,0
20230101T000015.400000,3,1862,4575.4,-4666.87,-385.8,0,0,0,2500,0,0,2500,0,2500,0
20230101T000015.400000,3,1863,1196.05,431.078,-271.808,0,0,0,2500,0,0,2500,0,2500,0
20230101T000015.500000,6,2307,2467.03,-2299.3,395.735,0,0,0,8626.73,8919.45,-1556.65,9883.8,1450.81,18197.7,1.39384e+07
20230101T000015.500000,6,2308,3186.34,-3063.05,-296.583,0,0,0,15117.9,15513.7,1508.94,16342.7,-1450.56,31256.4,349534
20230101T000015.500000,6,2309,7125.8,-7837.7,-1327.8,0,0,0,99592.4,87924.4,15133.3,82822,-16645.2,179532,2.42796e+06
20230101T000015.500000,6,2310,5307.13,-5076.15,1524.19,0,0,0,43200.9,41216.4,-12933.3,46870.2,12370.4,86295.4,1.06959e+06
20230101T000015.500000,6,2311,3602.67,-4109.13,-415.701,0,0,0,27163.8,23517.6,2393.02,20959.1,-2729.44,47783.1,1.69385e+06
20230101T000015.500000,6,2312,4910.67,-4244.51,-673.143,0,0,0,29276.5,32959.4,5283.96,38920.5,-4567.16,67409.4,2.79143e+07
20230101T000015.500000,6,2313,1252.01,220.202,-272.408,0,0,0,252.104,-410.418,532.777,2513.44,93.7043,2588.44,2.31889e+19
20230101T000015.500000,6,2314,8406.57,1139.76,-1404.78,0,0,0,5240.1,-14901.6,18884.8,113131,2560.39,115153,5.56171e+08
20230101T000015.500000,6,2315,1253.54,205.52,-276.804,0,0,0,246.464,-382.876,542.038,2518.99,88.8678,2584.67,2.15071e+19
20230101T000015.500000,6,2316,8165.16,2380.86,-1266.69,0,0,0,11493.3,-30397.4,16539.4,106878,4822.68,115743,5.34391e+08
20230101T000015.500000,6,2317,7139.77,4769.27,-450.821,0,0,0,36662.5,-54302.7,5147.22,81682.2,3438.27,117956,5.65433e+08
20230101T000015.500000,4,1862,4574.14,-4638.13,-394.872,-0.124619,2.84516,-0.898162,1276.24,1181.96,97.7224,1229.45,-99.676,2427.1,0
20230101T000015.500000,3,1864,2467.03,-2299.3,395.735,0,0,0,2500,0,0,2500,0,2500,0
20230101T000015.500000,3,1865,3186.34,-3063.05,-296.583,0,0,0,2500,0,0,2500,0,2500,0
20230101T000015.500000,3,1866,7125.8,-7837.7,-1327.8,0,0,0,2500,0,0,2500,0,2500,0
20230101T000015.500000,3,1867,5307.13,-5076.15,1524.19,0,0,0,2500,0,0,2500,0,2500,0
20230101T000015.500000,3,1868,3602.67,-4109.13,-415.701,0,0,0,2500,0,0,2500,0,2500,0
20230101T000015.500000,3,1869,1252.01,220.202,-272.408,0,0,0,2500,0,0,2500,0,2500,0
20230101T000015.500000,3,1870,8406.57,1139.76,-1404.78,0,0,0,2500,0,0,2500,0,2500,0
20230101T000015.500000,3,1871,1253.54,205.52,-276.804,0,0,0,2500,0,0,2500,0,2500,0
20230101T000015.500000,3,1872,8165.16,2380.86,-1266.69,0,0,0,2500,0,0,2500,0,2500,0
20230101T000015.500000,3,1873,7139.77,4769.27,-450.821,0,0,0,2500,0,0,2500,0,2500,0
20230101T000015.600000,6,2318,1271.34,2.35394,-271.895,0,0,0,179.492,-4.45594,539.984,2586.09,0.999805,2588.9,2.17446e+20
20230101T000015.600000,6,2319,6608.68,5377.06,-1088.27,0,0,0,47438.5,-55897.9,11501,70659.2,9357.61,116141,5.6665e+08
20230101T000015.600000,4,1871,1270.38,106.03,-274.435,1.66739,-9.85046,0.234547,149.088,-184.846,255.254,1246.23,41.8492,1249.44,0
20230101T000015.600000,4,1873,7122.54,4778.12,-463.749,-1.7068,0.875735,-1.28,810.466,-1109.94,104.924,1730.66,70.0879,2465.6,0
20230101T000015.700000,6,2320,1251.09,-227.171,-270.95,0,0,0,255.55,423.33,529.537,2510.07,-96.1526,2589.72,2.8917e+19
20230101T000015.700000,6,2321,8206.83,-2223.43,-1283.4,0,0,0,10423.3,28514.7,16843.1,107948,-4563.19,115675,6.13953e+08
20230101T000015.700000,6,2322,1250.31,-227.968,-273.849,0,0,0,258.472,424.083,534.869,2507.07,-97.5222,2587.23,2.97772e+19
20230101T000015.700000,6,2323,8482.38,-676.775,-1238.56,0,0,0,3234.06,8985.49,16800.5,115137,-1340.44,115855,6.0338e+08
20230101T000015.700000,6,2324,2904.92,3345.85,-227.498,0,0,0,17974.6,-15478.5,1055.23,13585.3,1215.4,31413.4,1.29108e+07
20230101T000015.700000,6,2325,5026.71,4087.59,363.806,0,0,0,26899.4,-32740.5,-2923.22,40538.1,-2377.09,67162.1,1.73842e+07
20230101T000015.700000,6,2326,6054.15,7404.22,-991.302,0,0,0,88371.3,-70920.5,9598.23,59624.7,11738.6,146361,9.07048e+06
20230101T000015.700000,3,1874,1251.09,-227.171,-270.95,0,0,0,2500,0,0,2500,0,2500,0
20230101T000015.700000,3,1875,8206.83,-2223.43,-1283.4,0,0,0,2500,0,0,2500,0,2500,0
20230101T000015.700000,3,1876,1250.31,-227.968,-273.849,0,0,0,2500,0,0,2500,0,2500,0
20230101T000015.700000,3,1877,8482.38,-676.775,-1238.56,0,0,0,2500,0,0,2500,0,2500,0
20230101T000015.700000,3,1878,2904.92,3345.85,-227.498,0,0,0,2500,0,0,2500,0,2500,0
20230101T000015.700000,3,1879,5026.71,4087.59,363.806,0,0,0,2500,0,0,2500,0,2500,0
20230101T000015.700000,3,1880,6054.15,7404.22,-991.302,0,0,0,2500,0,0,2500,0,2500,0
20230101T000015.800000,6,2327,1195.05,-434.313,-271.066,0,0,0,459.727,773.048,506.034,2305.89,-183.907,2589.62,1.11658e+20
20230101T000015.800000,6,2328,8210.48,2457.09,-603.829,0,0,0,10253.5,-32100.5,7928.06,107912,2372.57,117519,5.42572e+08
20230101T000015.800000,6,2329,4349.76,5982.62,-444.711,0,0,0,57398.3,-41455.9,3092.76,30521.4,4253.76,87539.7,547262
20230101T000015.800000,4,1872,8159.94,2380.78,-1250.77,-1.43697,-0.023107,4.3818,318.272,-683.495,363.83,2463.02,106.088,2607.21,0
20230101T000015.800000,4,1876,1231.65,-331.973,-272.506,-1.84806,-10.2975,0.132971,154.894,204.624,251.877,1239.87,-45.9244,1250.64,0
20230101T000015.800000,3,1881,4349.76,5982.62,-444.711,0,0,0,2500,0,0,2500,0,2500,0
20230101T000015.900000,6,2330,6901.07,-5046.56,-917.903,0,0,0,41668.1,55050.3,10129.7,76691.4,-7407.6,116949,9.73805e+08
20230101T000015.900000,6,2331,1098.89,-639.229,-272.219,0,0,0,788.093,1045.78,467.296,1977.54,-271.828,2588.68,3.88275e+18
20230101T000015.900000,6,2332,3336.06,590.541,-317.56,0,0,0,775.946,-3113.55,1689.18,17813.7,299.015,18365.4,7.03932e+06
20230101T000015.900000,6,2333,3303.78,927.868,-564.112,0,0,0,1907.19,-4755.99,2972.06,17505.7,834.704,18843.1,5.88405e+06
20230101T000015.900000,6,2334,10629.7,4817.52,-1290.45,0,0,0,39396.4,-80908.3,21941,181249,9943.97,217918,2.77669e+07
20230101T000015.900000,6,2335,3944.48,1988.23,-22.1505,0,0,0,6376.53,-12522,139.509,24907.5,70.3198,31219.2,5.40073e+06
20230101T000015.900000,6,2336,10458.7,1885.83,-182.902,0,0,0,5804,-31536.7,3059.57,175017,551.68,180704,1.38532e+07
20230101T000015.900000,6,2337,6709.32,3363.6,229.057,0,0,0,18220.3,-36048.7,-2457.16,72053.8,-1231.85,90126.2,7.90246e+06
20230101T000015.900000,6,2338,9088.07,3231.04,-3.34819,0,0,0,16760.3,-46962.1,48.6648,132156,17.3016,148852,8.74039e+06
20230101T000015.900000,6,2339,5326.53,909.776,-826,0,0,0,2445.77,-7561.97,7030.12,45427.8,1200.75,46720.8,6.21027e+06
20230101T000015.900000,6,2340,4869.67,4311.46,384.812,0,0,0,29910.4,-33443.4,-2995.43,38074.1,-2652.06,67684.1,3.45371e+07
20230101T000015.900000,4,1879,5040.16,4111.59,365.968,2.58757,4.61486,0.41567,1038.56,-1190.92,-106.008,1534.67,-86.2031,2495.72,0
20230101T000015.900000,3,1882,6901.07,-5046.56,-917.903,0,0,0,2500,0,0,2500,0,2500,0
20230101T000015.900000,3,1883,1098.89,-639.229,-272.219,0,0,0,2500,0,0,2500,0,2500,0
20230101T000015.900000,3,1884,3336.06,590.542,-317.56,0,0,0,2500,0,0,2500,0,2500,0
20230101T000015.900000,3,1885,3303.78,927.868,-564.112,0,0,0,2500,0,0,2500,0,2500,0
20230101T000015.900000,3,1886,10629.7,4817.52,-1290.45,0,0,0,2500,0,0,2500,0,2500,0
20230101T000015.900000,3,1887,3944.48,1988.23,-22.1505,0,0,0,2500,0,0,2500,0,2500,0
20230101T000015.900000,3,1888,10458.7,1885.83,-182.902,0,0,0,2500,0,0,2500,0,2500,0
20230101T000015.900000,3,1889,6709.32,3363.6,229.057,0,0,0,2500,0,0,2500,0,2500,0
20230101T000015.900000,3,1890,9088.07,3231.04,-3.34819,0,0,0,2500,0,0,2500,0,2500,0
20230101T000015.900000,3,1891,5326.53,909.776,-826,0,0,0,2500,0,0,2500,0,2500,0
20230101T000016,6,2341,975.664,-814.643,-273.329,0,0,0,1168.3,1182.81,416.586,1597.3,-347.834,2587.73,1.16379e+18
20230101T000016,6,2342,6220.8,-5837.2,-956.257,0,0,0,55328.3,57337.7,9512.73,62632,-8926.14,116435,4.48545e+08
20230101T000016,6,2343,6459.79,-966.456,1.02397,0,0,0,1557.06,9979.6,-10.5735,66767.6,1.58191,68260.6,2.62163e+07
20230101T000016,6,2344,9351.58,-1076.47,-1924.28,0,0,0,7761.78,15426.7,28779.6,140001,-3312.86,141780,1.30651e+07
20230101T000016,6,2345,3259.78,807.366,-454.565,0,0,0,1413.66,-4119.12,2362.59,17024.6,585.155,18045.9,7.13729e+07
20230101T000016,6,2346,11109.7,3037.63,-1194.73,0,0,0,16947.3,-53398.5,21230.7,197646,5804.88,212247,93306.4
20230101T000016,6,2347,4219.63,1161.33,-448.515,0,0,0,2515.99,-7742.08,3021.85,28515.6,831.678,30647,3.29577e+06
20230101T000016,6,2348,9888.92,3788.51,-537.939,0,0,0,23423.9,-59766.9,8508.4,156533,3259.62,179430,3.44535e+06
20230101T000016,6,2349,6782.38,3358.45,-3.4868,0,0,0,18098.1,-36419.8,37.8116,73613.7,18.7233,91647.8,1.49079e+07
20230101T000016,6,2350,1467.72,1819.19,271.14,0,0,0,5366.41,-4183.75,-632.13,3556.21,-783.507,8742.69,2.41121e+07
20230101T000016,6,2351,8590.8,7794.51,1627.05,0,0,0,99564.7,-104999,-22357.8,120024,-20285.4,215291,1.13429e+07
20230101T000016,6,2352,173.566,193.027,-28.6479,0,0,0,88.4698,-21.5146,3.28997,83.8886,3.65884,108.585,5.6599e+06
20230101T000016,6,2353,3245.81,4355.91,441.236,0,0,0,30492.3,-22441.9,-2288.39,17097.7,-3071.04,47215.3,1.13954e+07
20230101T000016,6,2354,4219.67,4844.87,999.899,0,0,0,38273.4,-31886.8,-6744.4,29434.2,-7743.67,66046.9,2.50964e+07
20230101T000016,4,1884,3316.43,615.173,-332.989,-1.94425,2.43876,-1.52772,146.204,-367.063,197.601,2154.82,34.9789,2203.33,0
20230101T000016,4,1889,6761.89,3388.82,224.501,5.20421,2.49726,-0.451075,544.993,-958.143,-65.25,1975.84,-32.7119,2454.02,0
20230101T000016,3,1892,975.665,-814.643,-273.329,0,0,0,2500,0,0,2500,0,2500,0
20230101T000016,3,1893,6220.8,-5837.2,-956.257,0,0,0,2500,0,0,2500,0,2500,0
20230101T000016,3,1894,6459.79,-966.456,1.02397,0,0,0,2500,0,0,2500,0,2500,0
20230101T000016,3,1895,9351.58,-1076.47,-1924.28,0,0,0,2500,0,0,2500,0,2500,0
20230101T000016,3,1896,11109.7,3037.63,-1194.73,0,0,0,2500,0,0,2500,0,2500,0
20230101T000016,3,1897,4219.63,1161.33,-448.515,0,0,0,2500,0,0,2500,0,2500,0
20230101T000016,3,1898,9888.92,3788.51,-537.939,0,0,0,2500,0,0,2500,0,2500,0
20230101T000016,3,1899,1467.72,1819.19,271.14,0,0,0,2500,0,0,2500,0,2500,0
20230101T000016,3,1900,8590.8,7794.51,1627.05,0,0,0,2500,0,0,2500,0,2500,0
20230101T000016,3,1901,173.566,193.027,-28.6479,0,0,0,2500,0,0,2500,0,2500,0
20230101T000016,3,1902,3245.81,4355.91,441.236,0,0,0,2500,0,0,2500,0,2500,0
20230101T000016,3,1903,4219.67,4844.87,999.899,0,0,0,2500,0,0,2500,0,2500,0
20230101T000016.100000,6,2355,6178.63,-5966.79,-61.59,0,0,0,57000.4,58951.5,608.537,61114.5,-587.673,118045,7.97581e+08
20230101T000016.100000,6,2356,7999.23,-3120.91,-267.326,0,0,0,15738.9,39883.5,3419.59,102404,-1334.16,117965,7.62709e+08
20230101T000016.100000,6,2357,837.057,993.909,-42.1207,0,0,0,1608.28,-1298.23,55.077,1160.13,65.3976,2701.7,1.90614e+21
20230101T000016.100000,4,1893,6224.5,-5844.24,-938.18,0.366484,-0.696967,1.78981,1206.25,1187.14,194.531,1357.47,-182.536,2442.15,0
20230101T000016.100000,3,1904,7999.23,-3120.91,-267.326,0,0,0,2500,0,0,2500,0,2500,0
20230101T000016.100000,3,1905,837.057,993.909,-42.1207,0,0,0,2500,0,0,2500,0,2500,0
20230101T000016.200000,6,2358,5848.12,-6296.33,22.8308,0,0,0,63460,58882.3,-213.512,54755.5,229.876,118151,2.62086e+08
20230101T000016.200000,6,2359,6011.96,-2912.88,-911.838,0,0,0,14704,27472.7,8763.37,58094.7,-4245.98,71406.8,1.70017e+06
20230101T000016.200000,6,2360,991.911,839.314,-43.9798,0,0,0,1166.17,-1298.99,68.1468,1602.19,57.663,2701.41,8.47925e+20
20230101T000016.200000,3,1906,5848.12,-6296.33,22.8308,0,0,0,2500,0,0,2500,0,2500,0
20230101T000016.200000,3,1907,6011.96,-2912.88,-911.838,0,0,0,2500,0,0,2500,0,2500,0
20230101T000016.200000,3,1908,991.911,839.314,-43.9798,0,0,0,2500,0,0,2500,0,2500,0
20230101T000016.300000,6,2361,8077.54,-2905.59,2.25426,0,0,0,13564.6,37531.7,-29.1184,104402,10.4742,117903,5.06659e+08
20230101T000016.300000,6,2362,1126.5,647.465,-45.1102,0,0,0,721.234,-1137.97,79.3829,2047.1,45.6257,2701.23,1.23055e+21
20230101T000016.300000,4,1904,7995.37,-3114.1,-261.325,-0.742842,1.30987,1.15403,392.372,839.434,71.9045,2216.42,-28.0536,2541.58,0
20230101T000016.300000,3,1909,1126.5,647.465,-45.1102,0,0,0,2500,0,0,2500,0,2500,0
20230101T000016.400000,6,2363,6367.54,-5742.27,523.608,0,0,0,53034.9,58252.7,-5331.67,65098.3,4808.11,117631,4.76429e+08
20230101T000016.400000,6,2364,1220.49,445.682,-44.9078,0,0,0,377.062,-848.685,85.6199,2391.25,31.2655,2701.24,1.63258e+21
20230101T000016.400000,4,1906,5858.11,-6283.03,33.6166,1.92158,2.55729,2.0742,1394.71,1237.39,-4.48686,1211.79,4.83074,2544,0
20230101T000016.400000,3,1910,1220.49,445.682,-44.9078,0,0,0,2500,0,0,2500,0,2500,0
20230101T000016.500000,6,2365,5452.76,-6638.27,35.0588,0,0,0,70533.2,57882.7,-305.702,47611.6,372.166,118079,2.51364e+08
20230101T000016.500000,6,2366,1279.08,227.959,-47.1411,0,0,0,148.539,-454.869,94.1923,2619.74,16.7871,2700.89,2.10256e+21
20230101T000016.500000,4,1906,5849.74,-6291.04,33.8605,-0.0487369,-0.167343,2.08586,1414.31,1281.98,-6.05558,1230.7,6.34561,2607.84,0
20230101T000016.500000,3,1911,1279.08,227.959,-47.1411,0,0,0,2500,0,0,2500,0,2500,0
20230101T000016.600000,6,2367,7211.66,-4663.12,203.013,0,0,0,34883,53746.8,-2341.23,83251.1,1513.86,118004,9.00315e+08
20230101T000016.600000,6,2368,1299.28,5.5397,-45.5546,0,0,0,67.2897,-11.2295,92.4599,2701,0.394219,2701.13,9.3684e+20
20230101T000016.600000,3,1912,7211.66,-4663.12,203.013,0,0,0,2500,0,0,2500,0,2500,0
20230101T000016.600000,3,1913,1299.28,5.5397,-45.5546,0,0,0,2500,0,0,2500,0,2500,0
20230101T000016.700000,6,2369,1279.8,-224.921,-41.8617,0,0,0,145.681,449.189,83.6905,2622.61,-14.7084,2701.62,1.24587e+21
20230101T000016.700000,6,2370,1279.33,-227.373,-42.8315,0,0,0,147.536,453.897,85.5983,2620.75,-15.2132,2701.49,1.23006e+21
20230101T000016.700000,6,2371,5677.53,6443.47,212.779,0,0,0,66488.9,-58465.1,-1931.84,51651.7,-2192.46,118004,1.97786e+08
20230101T000016.700000,3,1914,1279.8,-224.921,-41.8617,0,0,0,2500,0,0,2500,0,2500,0
20230101T000016.700000,3,1915,1279.33,-227.373,-42.8315,0,0,0,2500,0,0,2500,0,2500,0
20230101T000016.700000,3,1916,5677.53,6443.47,212.779,0,0,0,2500,0,0,2500,0,2500,0
20230101T000016.800000,6,2372,1221.41,-443.442,-42.0551,0,0,0,373.613,845.182,80.2414,2394.72,-29.1323,2701.63,3.77878e+19
20230101T000016.800000,6,2373,7969.68,3182.91,-397.052,0,0,0,16482.1,-40477.9,5060.25,101669,2020.95,117835,2.67221e+08
20230101T000016.800000,6,2374,7425.36,7663.04,317.155,0,0,0,94064.4,-90929,-3766.67,88333.6,-3887.23,182173,8.45892e+06
20230101T000016.800000,6,2375,4488.04,6097.88,152.994,0,0,0,59530.3,-43739.7,-1097.87,32293.9,-1491.66,91722.7,460215
20230101T000016.800000,6,2376,3511.23,4218.22,-11.5021,0,0,0,28495.7,-23666.3,64.5325,19764,77.5262,48195.5,1.25506e+06
20230101T000016.800000,6,2377,4302.92,3551.82,-410.951,0,0,0,20383.2,-24289.2,2825.64,29759.5,2332.41,49809.2,3.58271e+06
20230101T000016.800000,3,1917,1221.41,-443.442,-42.0551,0,0,0,2500,0,0,2500,0,2500,0
20230101T000016.800000,3,1918,7969.68,3182.91,-397.052,0,0,0,2500,0,0,2500,0,2500,0
20230101T000016.800000,3,1919,7425.36,7663.04,317.155,0,0,0,2500,0,0,2500,0,2500,0
20230101T000016.800000,3,1920,4488.04,6097.88,152.994,0,0,0,2500,0,0,2500,0,2500,0
20230101T000016.800000,3,1921,3511.23,4218.22,-11.5021,0,0,0,2500,0,0,2500,0,2500,0
20230101T000016.800000,3,1922,4302.92,3551.82,-410.951,0,0,0,2500,0,0,2500,0,2500,0
20230101T000016.900000,6,2378,7182.29,-4698.16,-71.2365,0,0,0,35366.8,53956.6,818.181,82558,-535.197,117853,3.59827e+08
20230101T000016.900000,6,2379,1125.32,-649.613,-43.7743,0,0,0,725.443,1140.63,76.951,2042.9,-44.4214,2701.43,1.65021e+19
20230101T000016.900000,6,2380,3178.41,1119.25,-265.672,0,0,0,2161.42,-5636.61,1346.33,16183.2,474.101,18168.4,5.76355e+06
20230101T000016.900000,6,2381,11008.9,3959.1,263.644,0,0,0,25234.3,-69680.9,-4642.54,193934,-1669.58,218993,5.45634e+06
20230101T000016.900000,6,2382,3937.06,2091.75,-52.7702,0,0,0,7054.08,-13148.2,331.746,24815.8,176.256,31801.5,2.67502e+07
20230101T000016.900000,6,2383,10195,3354.43,42.4683,0,0,0,18063.8,-54697.5,-692.502,166307,-227.851,184304,2.03133e+06
20230101T000016.900000,6,2384,5839.05,2797.1,433.556,0,0,0,12814.5,-25989.8,-4046.64,54619.3,-1938.47,67069.6,2.02985e+07
20230101T000016.900000,6,2385,8315.09,4694.4,-1071.91,0,0,0,36701.9,-61641,14254.6,111085,8047.66,145886,1.39449e+06
20230101T000016.900000,6,2386,3230.03,4261.71,179.246,0,0,0,29101.6,-21969.2,-925.059,16766.2,-1220.53,45752.5,1.00729e+06
20230101T000016.900000,4,1912,7204.97,-4660.02,196.65,-1.83919,0.853369,-1.75124,830.403,1185.29,-51.6034,1897.08,33.3672,2662.08,0
20230101T000016.900000,3,1923,1125.32,-649.613,-43.7743,0,0,0,2500,0,0,2500,0,2500,0
20230101T000016.900000,3,1924,3178.41,1119.25,-265.672,0,0,0,2500,0,0,2500,0,2500,0
20230101T000016.900000,3,1925,11008.9,3959.1,263.644,0,0,0,2500,0,0,2500,0,2500,0
20230101T000016.900000,3,1926,3937.06,2091.75,-52.7702,0,0,0,2500,0,0,2500,0,2500,0
20230101T000016.900000,3,1927,10195,3354.43,42.4683,0,0,0,2500,0,0,2500,0,2500,0
20230101T000016.900000,3,1928,5839.05,2797.1,433.556,0,0,0,2500,0,0,2500,0,2500,0
20230101T000016.900000,3,1929,8315.09,4694.41,-1071.91,0,0,0,2500,0,0,2500,0,2500,0
20230101T000016.900000,3,1930,3230.03,4261.71,179.246,0,0,0,2500,0,0,2500,0,2500,0
20230101T000017,6,2387,994.963,-835.719,-43.6757,0,0,0,1156.75,1297.43,67.8838,1611.63,-57.0189,2701.48,2.24335e+19
20230101T000017,6,2388,8575.94,-312.763,-431.587,0,0,0,517.898,4278.39,5918.81,117675,-215.858,117831,2.0116e+08
20230101T000017,6,2389,2985.74,1647.45,95.5312,0,0,0,4402.75,-7836.93,-454.801,14281.8,-250.946,18606,8.8199e+06
20230101T000017,6,2390,4077.79,1276.83,-476.467,0,0,0,2996.84,-8209.03,3101.97,26643.5,971.282,29214.7,661848
20230101T000017,6,2391,6160.93,4279.27,-464.564,0,0,0,29575.3,-41991.1,4576.19,60864.3,3178.54,90030.8,1.23222e+06
20230101T000017,6,2392,7373.16,1749.55,-232.319,0,0,0,5039.74,-20605.7,2738.78,86989.7,649.872,91879.2,5.49546e+06
20230101T000017,6,2393,7708.23,3769.48,-464.562,0,0,0,23064.5,-46328.1,5726.41,95145.8,2800.33,117801,2.12219e+08
20230101T000017,6,2394,6489.94,9726.84,450.447,0,0,0,151498,-100823,-4676.04,67659.9,-7008.24,218769,2.14139e+07
20230101T000017,6,2395,8562.4,6389.69,415.619,0,0,0,65543.6,-87374.6,-5691.93,117425,-4247.6,182629,3.778e+06
20230101T000017,6,2396,3090.64,3077.01,821.818,0,0,0,15722.5,-14644.7,-4055.66,15852,-4037.77,30434.3,3.63707e+06
20230101T000017,6,2397,3722.92,5348.61,-252.55,0,0,0,45826.3,-31782.1,1502.94,22288,2159.23,67948.5,1.94787e+07
20230101T000017,4,1918,7966.43,3196.55,-398.601,-0.624364,2.62245,-0.298032,408.379,-852.867,106.396,2203.25,42.4921,2538.69,0
20230101T000017,3,1931,994.964,-835.719,-43.6757,0,0,0,2500,0,0,2500,0,2500,0
20230101T000017,3,1932,8575.94,-312.763,-431.587,0,0,0,2500,0,0,2500,0,2500,0
20230101T000017,3,1933,2985.74,1647.45,95.5312,0,0,0,2500,0,0,2500,0,2500,0
20230101T000017,3,1934,4077.79,1276.83,-476.467,0,0,0,2500,0,0,2500,0,2500,0
20230101T000017,3,1935,6160.92,4279.27,-464.564,0,0,0,2500,0,0,2500,0,2500,0
20230101T000017,3,1936,7373.16,1749.55,-232.319,0,0,0,2500,0,0,2500,0,2500,0
20230101T000017,3,1937,6489.94,9726.84,450.447,0,0,0,2500,0,0,2500,0,2500,0
20230101T000017,3,1938,8562.4,6389.69,415.619,0,0,0,2500,0,0,2500,0,2500,0
20230101T000017,3,1939,3090.64,3077.01,821.818,0,0,0,2500,0,0,2500,0,2500,0
20230101T000017,3,1940,3722.92,5348.61,-252.55,0,0,0,2500,0,0,2500,0,2500,0
20230101T000017.100000,6,2398,2070.21,-2701.8,-13.3338,0,0,0,11703.3,8918.24,44.0135,6897.76,-57.4412,18536.8,1.37782e+07
20230101T000017.100000,6,2399,8564.6,661.073,-4.89457,0,0,0,762.887,-9054.01,67.0358,117364,5.17427,118063,2.91307e+08
20230101T000017.100000,6,2400,832.459,982.305,179.94,0,0,0,1591.77,-1251.85,-233.997,1175.47,-276.117,2653.88,1.85955e+20
20230101T000017.100000,3,1941,2070.21,-2701.8,-13.3338,0,0,0,2500,0,0,2500,0,2500,0
20230101T000017.100000,3,1942,8564.6,661.073,-4.89457,0,0,0,2500,0,0,2500,0,2500,0
20230101T000017.100000,3,1943,832.459,982.305,179.94,0,0,0,2500,0,0,2500,0,2500,0
20230101T000017.200000,6,2401,8085.45,-2920.54,144.786,0,0,0,13733.5,37751,-1872.04,104610,676.198,118246,3.54154e+08
20230101T000017.200000,6,2402,991.79,819.586,186.846,0,0,0,1145.19,-1242.37,-289.482,1621.94,-239.219,2649.91,8.31424e+20
20230101T000017.200000,3,1944,8085.45,-2920.54,144.786,0,0,0,2500,0,0,2500,0,2500,0
20230101T000017.200000,3,1945,991.79,819.586,186.846,0,0,0,2500,0,0,2500,0,2500,0
20230101T000017.300000,6,2403,8021.78,-3056.13,339.372,0,0,0,15160.6,39142.4,-4353.43,102990,1658.56,117902,4.09478e+08
20230101T000017.300000,6,2404,1114.82,642.25,186.945,0,0,0,749.018,-1094.29,-325.565,2018.07,-187.559,2649.82,6.75828e+20
20230101T000017.300000,4,1944,8077.87,-2921.12,148.744,-0.750103,-0.0578355,0.391937,341.146,769.76,-38.1611,2194.16,13.7841,2471.54,0
20230101T000017.300000,3,1946,1114.82,642.25,186.945,0,0,0,2500,0,0,2500,0,2500,0
20230101T000017.400000,6,2405,8306.82,-1948.51,1003.88,0,0,0,7662.89,25525,-13335.3,110493,3128.02,116481,1.03338e+09
20230101T000017.400000,6,2406,1210.62,437.328,182.706,0,0,0,408.749,-809.987,-345.526,2358.37,-124.819,2652.24,8.40156e+20
20230101T000017.400000,3,1947,8306.82,-1948.51,1003.88,0,0,0,2500,0,0,2500,0,2500,0
20230101T000017.400000,3,1948,1210.62,437.328,182.706,0,0,0,2500,0,0,2500,0,2500,0
20230101T000017.500000,6,2407,5994.44,-6096.18,834.154,0,0,0,60039.9,57880.9,-7996.13,58091.6,8131.83,116955,1.96967e+08
20230101T000017.500000,6,2408,1267.43,220.999,187.086,0,0,0,193.32,-428.079,-370.412,2573.72,-64.5877,2649.69,2.23347e+20
20230101T000017.500000,3,1949,5994.44,-6096.18,834.154,0,0,0,2500,0,0,2500,0,2500,0
20230101T000017.500000,3,1950,1267.43,220.999,187.086,0,0,0,2500,0,0,2500,0,2500,0
20230101T000017.600000,6,2409,7191.14,-4649.92,593.304,0,0,0,35036.8,53215.3,-6822.75,82924.8,4411.71,117335,5.29178e+08
20230101T000017.600000,6,2410,1287.62,0.353653,179.629,0,0,0,114.405,-0.697171,-361.313,2652.74,-0.0992369,2653.96,3.00801e+20
20230101T000017.600000,3,1951,7191.14,-4649.92,593.304,0,0,0,2500,0,0,2500,0,2500,0
20230101T000017.600000,3,1952,1287.62,0.353653,179.629,0,0,0,2500,0,0,2500,0,2500,0
20230101T000017.700000,6,2411,1268.28,-222.039,179.995,0,0,0,190.084,431.102,-356.609,2577.05,62.432,2653.75,3.40341e+20
20230101T000017.700000,6,2412,5883.92,6246.38,340.267,0,0,0,62544.8,-58680.8,-3201.63,55524.9,-3398.85,117821,3.53421e+08
20230101T000017.700000,6,2413,5084.63,4845.84,1575.28,0,0,0,39684,-37409.5,-12805.6,43284.3,-12204.2,78940,2.33038e+06
20230101T000017.700000,3,1953,1268.28,-222.039,179.995,0,0,0,2500,0,0,2500,0,2500,0
20230101T000017.700000,3,1954,5883.92,6246.38,340.267,0,0,0,2500,0,0,2500,0,2500,0
20230101T000017.700000,3,1955,5084.63,4845.84,1575.28,0,0,0,2500,0,0,2500,0,2500,0
20230101T000017.800000,6,2414,1211.29,-436.618,179.935,0,0,0,406.418,809.644,-340.474,2360.74,122.726,2653.81,1.21343e+20
20230101T000017.800000,6,2415,8309.31,2194.56,227.714,0,0,0,7843.08,-29140.1,-3025.8,110481,-799.139,118177,3.77755e+08
20230101T000017.800000,6,2416,2314.23,2479.41,287.269,0,0,0,9927.04,-9083.12,-1060.01,8673.56,-1135.68,18405.5,1.22144e+07
20230101T000017.800000,6,2417,7179.32,7758.46,1443,0,0,0,97875.8,-87428.6,-16569.8,84296.8,-17906.5,178779,3.55852e+07
20230101T000017.800000,6,2418,3734.4,3926.41,871.716,0,0,0,25273.8,-22822.1,-5201.62,22984.3,-5469.06,46981.4,1.48691e+06
20230101T000017.800000,3,1956,1211.29,-436.618,179.935,0,0,0,2500,0,0,2500,0,2500,0
20230101T000017.800000,3,1957,8309.31,2194.56,227.714,0,0,0,2500,0,0,2500,0,2500,0
20230101T000017.800000,3,1958,2314.23,2479.41,287.269,0,0,0,2500,0,0,2500,0,2500,0
20230101T000017.800000,3,1959,7179.32,7758.46,1443,0,0,0,2500,0,0,2500,0,2500,0
20230101T000017.800000,3,1960,3734.4,3926.41,871.716,0,0,0,2500,0,0,2500,0,2500,0
20230101T000017.900000,6,2419,6758.86,-5267.56,708.241,0,0,0,44934.3,56544.3,-7654.9,73418.7,5965.89,117487,5.37854e+08
20230101T000017.900000,6,2420,1113.61,-645.037,184.58,0,0,0,753.489,1098.47,-321.097,2013.65,185.99,2651.2,1.28828e+18
20230101T000017.900000,6,2421,7577.68,-4055.7,222.701,0,0,0,26429.3,49112.8,-2698.63,91905.8,1444.35,118192,5.09667e+08
20230101T000017.900000,6,2422,4102.64,1718.09,243.701,0,0,0,4858.09,-11221.4,-1596.49,26954.4,-668.573,31653.8,6.80458e+06
20230101T000017.900000,6,2423,10430.3,5313.27,-70.2845,0,0,0,45226.5,-88641.2,1172.6,174080,597.331,219234,3.44881e+07
20230101T000017.900000,6,2424,5816.92,2728.7,975.284,0,0,0,13211.9,-24787,-9068.44,54424.3,-4253.97,66053.2,7.25621e+07
20230101T000017.900000,6,2425,7088.42,9225.29,492.225,0,0,0,136337,-104410,-5580.91,80677,-7263.33,216563,196376
20230101T000017.900000,6,2426,4874.96,5719.85,-497.782,0,0,0,52540.4,-44387.3,3879.93,38290.9,4552.38,90371.4,8.25289e+06
20230101T000017.900000,6,2427,3544.53,4177.78,907.77,0,0,0,28504,-23012.1,-5141.52,20904.8,-6060.07,48029.8,21898.8
20230101T000017.900000,4,1951,7193.36,-4671.72,596.837,0.609705,-6.00238,0.972384,838.055,1180.14,-150.596,1900.05,97.3781,2651.02,0
20230101T000017.900000,4,1960,3766.12,3982.52,883.072,3.1408,5.55606,1.12439,1315.77,-1135.99,-252.548,1201.81,-265.533,2340.35,0
20230101T000017.900000,3,1961,1113.61,-645.037,184.58,0,0,0,2500,0,0,2500,0,2500,0
20230101T000017.900000,3,1962,7577.68,-4055.7,222.701,0,0,0,2500,0,0,2500,0,2500,0
20230101T000017.900000,3,1963,4102.64,1718.09,243.701,0,0,0,2500,0,0,2500,0,2500,0
20230101T000017.900000,3,1964,10430.3,5313.27,-70.2845,0,0,0,2500,0,0,2500,0,2500,0
20230101T000017.900000,3,1965,5816.92,2728.7,975.284,0,0,0,2500,0,0,2500,0,2500,0
20230101T000017.900000,3,1966,7088.42,9225.29,492.225,0,0,0,2500,0,0,2500,0,2500,0
20230101T000017.900000,3,1967,4874.96,5719.85,-497.782,0,0,0,2500,0,0,2500,0,2500,0
20230101T000018,6,2428,988.638,-823.878,184.628,0,0,0,1155.24,1245.56,-285.138,1611.9,237.618,2651.18,5.94449e+19
20230101T000018,6,2429,8545,-865.234,165.84,0,0,0,1304.69,11818.6,-2266.14,116828,229.461,118025,5.28618e+08
20230101T000018,6,2430,4319.98,1207.8,614.23,0,0,0,2952.21,-8175.47,-4237.25,29907.9,-1184.67,32194.8,602606
20230101T000018,6,2431,7213.92,1323.16,1265.85,0,0,0,5341.66,-14806.3,-14600.2,83350.5,-2677.93,86068,168118
20230101T000018,6,2432,4885.57,2080.52,715.397,0,0,0,7672.08,-15945.4,-5584.4,38325.4,-2378.12,45116.9,368477
20230101T000018,6,2433,6085.6,2064.75,292.2,0,0,0,7000.89,-20043.4,-2842.38,59275.8,-964.377,66076.4,190987
20230101T000018,6,2434,5866.91,2826.37,486.827,0,0,0,13140.8,-26358.1,-4565.58,55156.4,-2199.46,67854.7,1.64349e+06
20230101T000018,6,2435,9058.75,2978.04,-58.9323,0,0,0,14252.7,-43143,853.788,131304,280.681,145487,1.55583e+06
20230101T000018,6,2436,8369.6,4551.86,1248.25,0,0,0,35123.5,-59882.8,-16708.6,112664,-9087.05,145232,250824
20230101T000018,6,2437,8426.08,4767.7,14.1349,0,0,0,36418.3,-64249.3,-190.482,113614,-107.78,149968,1.33593e+06
20230101T000018,6,2438,5881.9,8886.58,238.995,0,0,0,126401,-83560.5,-2248.41,55462.9,-3396.97,181709,4.3291e+07
20230101T000018,6,2439,4688.97,4546.69,-85.372,0,0,0,33114.8,-34073,639.891,35215,620.474,68254.1,1.742e+06
20230101T000018,4,1965,5845.94,2745,962.322,2.87264,1.61453,-1.28337,533.587,-890.553,-318.576,2014.27,-149.443,2380.63,0
20230101T000018,3,1968,988.638,-823.878,184.628,0,0,0,2500,0,0,2500,0,2500,0
20230101T000018,3,1969,8545,-865.234,165.84,0,0,0,2500,0,0,2500,0,2500,0
20230101T000018,3,1970,4319.98,1207.8,614.23,0,0,0,2500,0,0,2500,0,2500,0
20230101T000018,3,1971,7213.92,1323.16,1265.85,0,0,0,2500,0,0,2500,0,2500,0
20230101T000018,3,1972,4885.57,2080.52,715.397,0,0,0,2500,0,0,2500,0,2500,0
20230101T000018,3,1973,6085.6,2064.75,292.2,0,0,0,2500,0,0,2500,0,2500,0
20230101T000018,3,1974,9058.75,2978.04,-58.9323,0,0,0,2500,0,0,2500,0,2500,0
20230101T000018,3,1975,8369.6,4551.86,1248.25,0,0,0,2500,0,0,2500,0,2500,0
20230101T000018,3,1976,8426.08,4767.7,14.1349,0,0,0,2500,0,0,2500,0,2500,0
20230101T000018,3,1977,5881.9,8886.58,238.995,0,0,0,2500,0,0,2500,0,2500,0
20230101T000018,3,1978,4688.97,4546.69,-85.3721,0,0,0,2500,0,0,2500,0,2500,0
20230101T000018.100000,6,2440,5183.26,-5406.86,164.88,0,0,0,46826.1,44786.6,-1366.41,43041.8,1425.36,89760.6,3.79209e+07
20230101T000018.100000,6,2441,7842.05,1090.54,-869.707,0,0,0,3152.14,-13509.5,10905.6,98420.6,1516.56,100300,7.92405e+07
20230101T000018.100000,6,2442,938.451,1126.33,-315.907,0,0,0,2120.26,-1582.6,465.904,1539.45,559.177,3441.72,1.08985e+20
20230101T000018.100000,3,1979,5183.26,-5406.86,164.88,0,0,0,2500,0,0,2500,0,2500,0
20230101T000018.100000,3,1980,7842.05,1090.54,-869.707,0,0,0,2500,0,0,2500,0,2500,0
20230101T000018.100000,3,1981,938.451,1126.33,-315.907,0,0,0,2500,0,0,2500,0,2500,0
20230101T000018.200000,6,2443,4552.85,-6522.2,-558.934,0,0,0,68247.2,47246.9,4069.03,33544.5,-5829.1,101228,2.44064e+07
20230101T000018.200000,6,2444,5895.35,-4597.78,499.022,0,0,0,34110.7,43144.7,-4703.7,55783,3668.42,89431.9,1.22803e+07
20230101T000018.200000,6,2445,4583.28,-7111,-659.122,0,0,0,81128.9,51801.2,4830.82,34146.3,-7495.06,114517,1.89257e+06
20230101T000018.200000,6,2446,5554.18,-6410.72,-1198.96,0,0,0,66768.9,55800.7,10648.9,50707.8,-12291.2,115115,109139
20230101T000018.200000,6,2447,7067.05,-5548.29,1189.77,0,0,0,50693.7,61605.4,-13446.5,80796.8,10556.8,129164,585213
20230101T000018.200000,6,2448,8990.14,-5287.28,-838.913,0,0,0,45612.5,75533.6,12062.7,129622,-7094.32,174045,794328
20230101T000018.200000,6,2449,5244.92,-2717.36,-1190.46,0,0,0,13650.6,21852.4,9979.19,44507.6,-5170.15,55831.7,76820.2
20230101T000018.200000,6,2450,6377.94,-3942.6,-254.033,0,0,0,24991.5,40158.3,2590.49,65131.2,-1601.34,89955.6,1.30884e+07
20230101T000018.200000,6,2451,6544.85,-2020.37,-988.111,0,0,0,8014.57,20698.9,10338.6,68677.5,-3191.5,75068.5,650840
20230101T000018.200000,6,2452,6044.58,-3147.08,1651.64,0,0,0,19328,28623.9,-15960.6,59402.9,8309.8,74309.3,1.6875e+06
20230101T000018.200000,6,2453,1127.28,937.902,-314.039,0,0,0,1536.86,-1583.98,556.344,2122.81,462.879,3443.49,9.47801e+18
20230101T000018.200000,3,1982,4552.85,-6522.2,-558.934,0,0,0,2500,0,0,2500,0,2500,0
20230101T000018.200000,3,1983,5895.35,-4597.78,499.022,0,0,0,2500,0,0,2500,0,2500,0
20230101T000018.200000,3,1984,4583.28,-7111,-659.122,0,0,0,2500,0,0,2500,0,2500,0
20230101T000018.200000,3,1985,5554.18,-6410.72,-1198.96,0,0,0,2500,0,0,2500,0,2500,0
20230101T000018.200000,3,1986,7067.05,-5548.29,1189.77,0,0,0,2500,0,0,2500,0,2500,0
20230101T000018.200000,3,1987,8990.14,-5287.28,-838.913,0,0,0,2500,0,0,2500,0,2500,0
20230101T000018.200000,3,1988,5244.92,-2717.36,-1190.46,0,0,0,2500,0,0,2500,0,2500,0
20230101T000018.200000,3,1989,6377.94,-3942.6,-254.033,0,0,0,2500,0,0,2500,0,2500,0
20230101T000018.200000,3,1990,6544.85,-2020.37,-988.11,0,0,0,2500,0,0,2500,0,2500,0
20230101T000018.200000,3,1991,6044.58,-3147.08,1651.64,0,0,0,2500,0,0,2500,0,2500,0
20230101T000018.200000,3,1992,1127.28,937.902,-314.039,0,0,0,2500,0,0,2500,0,2500,0
20230101T000018.300000,6,2454,4858.13,-6762.18,-1589.95,0,0,0,74561.3,50616.7,12351.8,40470.8,-17192.9,110928,3.04576e+06
20230101T000018.300000,6,2455,5220.11,-5920.08,-1070.69,0,0,0,56905.5,48504.4,8936.97,44666.5,-10135.3,99676.1,1.39254e+07
20230101T000018.300000,6,2456,7456.96,-2781.51,-455.332,0,0,0,12726.1,33057.1,5429.21,89018.4,-2025.14,101349,1.52842e+07
20230101T000018.300000,6,2457,6825.56,-2973.9,-783.672,0,0,0,15029.6,32094.6,8552.29,74708.1,-3726.24,88692.4,1.6697e+07
20230101T000018.300000,6,2458,1268.73,733.764,-317.748,0,0,0,1028.31,-1393.01,633.543,2631.27,366.408,3439.79,1.81122e+19
20230101T000018.300000,3,1993,4858.13,-6762.18,-1589.95,0,0,0,2500,0,0,2500,0,2500,0
20230101T000018.300000,3,1994,5220.11,-5920.08,-1070.69,0,0,0,2500,0,0,2500,0,2500,0
20230101T000018.300000,3,1995,7456.96,-2781.51,-455.332,0,0,0,2500,0,0,2500,0,2500,0
20230101T000018.300000,3,1996,6825.56,-2973.9,-783.672,0,0,0,2500,0,0,2500,0,2500,0
20230101T000018.300000,3,1997,1268.73,733.764,-317.748,0,0,0,2500,0,0,2500,0,2500,0
20230101T000018.400000,6,2459,6047.87,-5200.07,433.628,0,0,0,43474.9,50138.7,-4193.41,58677.8,3605.58,101788,1.00551e+07
20230101T000018.400000,6,2460,5028.75,-5484.49,-876.312,0,0,0,48717.4,43484.7,7045.78,41163.1,-7684.31,88589.5,1.56882e+07
20230101T000018.400000,6,2461,1379.7,496.989,-313.791,0,0,0,588.815,-1027.37,680.378,3070.83,245.083,3443.7,2.09069e+19
20230101T000018.400000,3,1998,6047.87,-5200.07,433.628,0,0,0,2500,0,0,2500,0,2500,0
20230101T000018.400000,3,1999,5028.75,-5484.49,-876.312,0,0,0,2500,0,0,2500,0,2500,0
20230101T000018.400000,3,2000,1379.7,496.989,-313.791,0,0,0,2500,0,0,2500,0,2500,0
20230101T000018.500000,6,2462,3151.77,-3181.47,53.6331,0,0,0,16228.8,16009.3,-269.923,15928.4,272.467,32088.7,154701
20230101T000018.500000,6,2463,2838.51,-3528.3,259.581,0,0,0,19985.6,15940.4,-1176.62,12995.6,1462.55,32809.9,3.71184e+06
20230101T000018.500000,6,2464,8241.81,-5747.8,-120.884,0,0,0,52918.4,75754.7,1593.46,108713,-1111.27,161544,882236
20230101T000018.500000,6,2465,5340.32,-5805.71,1221.84,0,0,0,55053.5,48385.7,-10433.4,46958.2,11342.7,99562.1,1.63444e+07
20230101T000018.500000,6,2466,3861.11,-4590.74,-478.941,0,0,0,33898.2,28148.5,2955.52,24105.3,-3514.02,57573.3,281401
20230101T000018.500000,6,2467,3650.5,-5321.77,523.729,0,0,0,45474.8,30849,-3056.08,21663.5,4455.21,66636.3,3.31966e+06
20230101T000018.500000,6,2468,1444.09,254.225,-314.637,0,0,0,316.386,-549.904,714.052,3343.22,125.706,3442.85,2.4408e+18
20230101T000018.500000,6,2469,1445.96,236.284,-319.947,0,0,0,308.352,-510.861,727.044,3351.14,118.806,3437.53,2.26387e+18
20230101T000018.500000,6,2470,6367.25,3896.25,-534.455,0,0,0,24668,-39461.6,5440.92,65008.9,3329.41,89156.6,3.55786e+07
20230101T000018.500000,3,2001,3151.77,-3181.47,53.6331,0,0,0,2500,0,0,2500,0,2500,0
20230101T000018.500000,3,2002,2838.51,-3528.3,259.581,0,0,0,2500,0,0,2500,0,2500,0
20230101T000018.500000,3,2003,8241.81,-5747.8,-120.884,0,0,0,2500,0,0,2500,0,2500,0
20230101T000018.500000,3,2004,5340.32,-5805.71,1221.84,0,0,0,2500,0,0,2500,0,2500,0
20230101T000018.500000,3,2005,3861.11,-4590.74,-478.941,0,0,0,2500,0,0,2500,0,2500,0
20230101T000018.500000,3,2006,3650.5,-5321.77,523.729,0,0,0,2500,0,0,2500,0,2500,0
20230101T000018.500000,3,2007,1444.09,254.225,-314.637,0,0,0,2500,0,0,2500,0,2500,0
20230101T000018.500000,3,2008,1445.96,236.284,-319.947,0,0,0,2500,0,0,2500,0,2500,0
20230101T000018.500000,3,2009,6367.25,3896.25,-534.455,0,0,0,2500,0,0,2500,0,2500,0
20230101T000018.600000,6,2471,1466.46,2.81289,-313.841,0,0,0,218.803,-6.18032,723.281,3440.82,1.38736,3443.63,2.2926e+19
20230101T000018.600000,6,2472,6065.16,4376.09,-656.253,0,0,0,31135.2,-42109.6,6363.93,59115.4,4591.66,89498.5,4.29464e+07
20230101T000018.600000,4,2009,6378.76,3921.58,-539.403,1.13934,2.50799,-0.489976,723.245,-1059.98,145.42,1806.84,88.9852,2443.6,0
20230101T000018.600000,3,2010,1466.46,2.81289,-313.841,0,0,0,2500,0,0,2500,0,2500,0
20230101T000018.700000,6,2473,1443.05,-261.773,-313.166,0,0,0,320.817,566.094,710.204,3338.79,-128.832,3444.27,3.04197e+18
20230101T000018.700000,6,2474,1441.98,-263.612,-316.54,0,0,0,325.489,569.021,717.323,3334.06,-131.136,3440.94,3.13254e+18
20230101T000018.700000,6,2475,5004.52,5964.62,-1681.88,0,0,0,58817.9,-45501.4,13458.7,42764.3,16040.7,96998,1.61717e+07
20230101T000018.700000,6,2476,5003.81,5526.74,795.743,0,0,0,49356.6,-43712,-6366.26,40652.5,-7031.57,88933.4,3.07608e+07
20230101T000018.700000,6,2477,6477.98,7055.22,-1102.04,0,0,0,80559.5,-72126.1,11417.5,68231.3,12434.8,146785,55651.1
20230101T000018.700000,3,2011,1443.05,-261.773,-313.166,0,0,0,2500,0,0,2500,0,2500,0
20230101T000018.700000,3,2012,1441.98,-263.612,-316.54,0,0,0,2500,0,0,2500,0,2500,0
20230101T000018.700000,3,2013,5004.52,5964.62,-1681.88,0,0,0,2500,0,0,2500,0,2500,0
20230101T000018.700000,3,2014,5003.81,5526.74,795.743,0,0,0,2500,0,0,2500,0,2500,0
20230101T000018.700000,3,2015,6477.98,7055.22,-1102.04,0,0,0,2500,0,0,2500,0,2500,0
20230101T000018.800000,6,2478,1378.46,-501.009,-312.84,0,0,0,594.006,1035.07,677.707,3065.65,-246.316,3444.64,1.17571e+19
20230101T000018.800000,6,2479,4857.24,5708.18,-238.234,0,0,0,52198.3,-44285.3,1850.14,37838.2,2174.27,89881.9,7.29746e+06
20230101T000018.800000,6,2480,5263.15,6506.75,-1350.44,0,0,0,68919.2,-53336.3,11365.8,46122.7,14051.4,112063,886408
20230101T000018.800000,6,2481,5624.17,5642.45,-368.402,0,0,0,51079.6,-50634.1,3313.04,50751,3323.81,101550,2.61941e+07
20230101T000018.800000,3,2016,1378.46,-501.009,-312.84,0,0,0,2500,0,0,2500,0,2500,0
20230101T000018.800000,3,2017,4857.24,5708.18,-238.234,0,0,0,2500,0,0,2500,0,2500,0
20230101T000018.800000,3,2018,5263.15,6506.75,-1350.44,0,0,0,2500,0,0,2500,0,2500,0
20230101T000018.800000,3,2019,5624.17,5642.45,-368.402,0,0,0,2500,0,0,2500,0,2500,0
20230101T000018.900000,6,2482,1267.29,-737.726,-314.293,0,0,0,1034.53,1400.53,625.945,2625.11,-364.382,3443.22,4.07127e+17
20230101T000018.900000,6,2483,6879.67,-3776.19,-1354.01,0,0,0,25117.4,40302.8,14894.8,76421.4,-8175.64,98545.1,2.69262e+07
20230101T000018.900000,6,2484,3788.4,1261.54,-708.157,0,0,0,3324.52,-7387.65,4282.01,23049.5,1425.91,25511.5,733369
20230101T000018.900000,6,2485,11119.5,2565.83,-1595.43,0,0,0,14459.9,-44743.3,28376.1,198039,6547.77,208365,278204
20230101T000018.900000,6,2486,8708.1,4747.31,-1067.26,0,0,0,37512.8,-65351.5,14864.1,121762,8103.32,157389,4.57341e+06
20230101T000018.900000,6,2487,6783.19,3173.06,326.93,0,0,0,16302,-34347.4,-3545.68,73660.9,-1658.61,89728.1,1.89933e+07
20230101T000018.900000,6,2488,5814.99,1352.07,-460.437,0,0,0,3307.13,-12490.8,4279.12,54123.2,994.96,57027.9,3.19704e+06
20230101T000018.900000,6,2489,8659.79,3831.06,-125.496,0,0,0,23557.8,-53048.9,1738.06,120002,768.909,143470,2.24878e+06
20230101T000018.900000,6,2490,2062.96,2787.26,93.7616,0,0,0,12457.7,-9162.67,-308.453,6859.67,-416.75,19239.4,68548.3
20230101T000018.900000,6,2491,6405.42,8776.12,-1921.5,0,0,0,125307,-87101,19686.3,69541.8,26972.4,188882,128432
20230101T000018.900000,6,2492,6404.73,8275.71,390.623,0,0,0,109695,-84656.8,-4001.48,65825.5,-5170.41,175213,8784.64
20230101T000018.900000,6,2493,9295.93,7485.98,1483.8,0,0,0,91838.9,-109591,-22063.1,139673,-17767.3,227928,158310
20230101T000018.900000,6,2494,4010.19,5686.62,719.62,0,0,0,52036.5,-36067.1,-4613.53,26326.3,-6542.18,77471.6,268740
20230101T000018.900000,6,2495,2981.44,3982.68,-738.233,0,0,0,25714.5,-18550.3,3516.03,14821.4,4696.8,39602.6,1.23851e+06
20230101T000018.900000,6,2496,3734.67,3869.41,981.202,0,0,0,24728.5,-22320.8,-5855.3,23146,-6066.54,46274.2,529436
20230101T000018.900000,6,2497,5452.18,3470.71,840.182,0,0,0,20121.9,-29736.6,-7322.42,47905.9,-4661.26,66836.5,1.60304e+06
20230101T000018.900000,3,2020,1267.29,-737.726,-314.293,0,0,0,2500,0,0,2500,0,2500,0
20230101T000018.900000,3,2021,6879.67,-3776.19,-1354.01,0,0,0,2500,0,0,2500,0,2500,0
20230101T000018.900000,3,2022,3788.4,1261.54,-708.157,0,0,0,2500,0,0,2500,0,2500,0
20230101T000018.900000,3,2023,11119.5,2565.83,-1595.43,0,0,0,2500,0,0,2500,0,2500,0
20230101T000018.900000,3,2024,8708.1,4747.31,-1067.26,0,0,0,2500,0,0,2500,0,2500,0
20230101T000018.900000,3,2025,6783.19,3173.06,326.93,0,0,0,2500,0,0,2500,0,2500,0
20230101T000018.900000,3,2026,5814.99,1352.07,-460.437,0,0,0,2500,0,0,2500,0,2500,0
20230101T000018.900000,3,2027,8659.79,3831.06,-125.496,0,0,0,2500,0,0,2500,0,2500,0
20230101T000018.900000,3,2028,2062.96,2787.26,93.7616,0,0,0,2500,0,0,2500,0,2500,0
20230101T000018.900000,3,2029,6405.42,8776.12,-1921.5,0,0,0,2500,0,0,2500,0,2500,0
20230101T000018.900000,3,2030,6404.73,8275.71,390.623,0,0,0,2500,0,0,2500,0,2500,0
20230101T000018.900000,3,2031,9295.93,7485.98,1483.8,0,0,0,2500,0,0,2500,0,2500,0
20230101T000018.900000,3,2032,4010.19,5686.62,719.62,0,0,0,2500,0,0,2500,0,2500,0
20230101T000018.900000,3,2033,2981.44,3982.68,-738.233,0,0,0,2500,0,0,2500,0,2500,0
20230101T000018.900000,3,2034,3734.67,3869.41,981.202,0,0,0,2500,0,0,2500,0,2500,0
20230101T000018.900000,3,2035,5452.18,3470.71,840.182,0,0,0,2500,0,0,2500,0,2500,0
20230101T000019,6,2498,1125.46,-939.552,-315.656,0,0,0,1542.41,1583.36,558.302,2117.24,-466.081,3441.89,1.21807e+17
20230101T000019,6,2499,10305.7,-1369.81,-1029.17,0,0,0,4729.76,22357.4,16963.9,169964,-2254.8,172936,6.5536e+06
20230101T000019,6,2500,7419.62,-361.209,-990.682,0,0,0,1838.1,4208.73,11752.4,88085.1,-572.141,88291.2,1.25313e+07
20230101T000019,6,2501,2156.81,1245.48,-210.693,0,0,0,2582.86,-4239.75,722.426,7476.61,417.174,9925.35,3.08561e+06
20230101T000019,6,2502,10284.4,4830.84,-1340.43,0,0,0,39746.1,-78360.8,22050.1,169760,10357.5,206569,461740
20230101T000019,6,2503,9187.9,3793.3,-435.874,0,0,0,23336.8,-55634.1,6405.04,135122,2644.37,158091,431100
20230101T000019,6,2504,6073.58,2352.59,27.285,0,0,0,8912.18,-22839.9,-264.898,59030,-102.608,67877,182703
20230101T000019,6,2505,5619.75,2169.63,-146.988,0,0,0,7617.41,-19475.3,1320.2,50543.2,509.691,58062.2,2709.65
20230101T000019,6,2506,6348.53,2641.36,-1350.42,0,0,0,13702.6,-25773.3,13706,64925.8,5702.47,75651.4,981980
20230101T000019,6,2507,5921.05,1577.99,-203.122,0,0,0,4105.39,-14917,1922.27,56102.8,512.293,60078.3,72326.6
20230101T000019,6,2508,7886.84,4142.55,1028.55,0,0,0,28833.3,-51551.7,-12972.8,99903.3,-6813.93,126982,2.54662e+06
20230101T000019,6,2509,8791.84,3456.76,-661.98,0,0,0,19781.1,-48365.6,9307.88,123777,3659.66,142793,1.38211e+06
20230101T000019,6,2510,5186.67,1707.87,-174.605,0,0,0,4768.61,-14139.6,1447.05,43053.5,476.486,47709.5,12010.5
20230101T000019,6,2511,11354.9,3829.45,-939.286,0,0,0,24788.1,-69126.4,17060.1,206446,5753.53,229759,4.57752e+06
20230101T000019,6,2512,2532.03,3660.66,186.916,0,0,0,21479.4,-14774.2,-755.718,10338.9,-1092.57,31698.6,79513.9
20230101T000019,6,2513,3080.92,2645.82,-130.578,0,0,0,11253.1,-12997.4,642.124,15226.1,551.44,26388,18845.5
20230101T000019,6,2514,5924.75,8830.15,-2656.65,0,0,0,128279,-78453.6,25175.6,63992.6,37521.3,180922,3338.64
20230101T000019,6,2515,5.06038,7.22963,0.519296,0,0,0,21.0561,29.9043,2.14798,42.848,3.06875,0.345456,388071
20230101T000019,6,2516,5082.13,6160.24,219.459,0,0,0,60774.9,-50022.2,-1783.39,41408.7,-2161.71,102043,4.88097e+07
20230101T000019,4,2019,5620.92,5665.66,-354.401,-0.625822,4.46384,2.69251,1305.42,-1233.67,80.5522,1297.41,80.814,2529.95,0
20230101T000019,4,2027,8662.42,3824.71,-134.781,0.259684,-0.628065,-0.919293,458.7,-894.803,29.3116,2085.47,12.9674,2480.91,0
20230101T000019,4,2029,6358.39,8721.29,-1918.77,-4.65664,-5.42885,0.270322,1672.99,-1121.71,245.698,954.825,336.633,2418.98,0
20230101T000019,3,2036,1125.46,-939.552,-315.656,0,0,0,2500,0,0,2500,0,2500,0
20230101T000019,3,2037,10305.7,-1369.81,-1029.17,0,0,0,2500,0,0,2500,0,2500,0
20230101T000019,3,2038,7419.62,-361.209,-990.682,0,0,0,2500,0,0,2500,0,2500,0
20230101T000019,3,2039,2156.81,1245.48,-210.693,0,0,0,2500,0,0,2500,0,2500,0
20230101T000019,3,2040,10284.4,4830.84,-1340.43,0,0,0,2500,0,0,2500,0,2500,0
20230101T000019,3,2041,9187.9,3793.3,-435.874,0,0,0,2500,0,0,2500,0,2500,0
20230101T000019,3,2042,6073.58,2352.59,27.285,0,0,0,2500,0,0,2500,0,2500,0
20230101T000019,3,2043,5619.75,2169.63,-146.988,0,0,0,2500,0,0,2500,0,2500,0
20230101T000019,3,2044,6348.53,2641.36,-1350.42,0,0,0,2500,0,0,2500,0,2500,0
20230101T000019,3,2045,5921.05,1577.99,-203.122,0,0,0,2500,0,0,2500,0,2500,0
20230101T000019,3,2046,7886.84,4142.54,1028.55,0,0,0,2500,0,0,2500,0,2500,0
20230101T000019,3,2047,5186.67,1707.87,-174.605,0,0,0,2500,0,0,2500,0,2500,0
20230101T000019,3,2048,11354.9,3829.45,-939.286,0,0,0,2500,0,0,2500,0,2500,0
20230101T000019,3,2049,2532.03,3660.66,186.916,0,0,0,2500,0,0,2500,0,2500,0
20230101T000019,3,2050,3080.92,2645.82,-130.578,0,0,0,2500,0,0,2500,0,2500,0
20230101T000019,3,2051,5.06038,7.22963,0.519296,0,0,0,2500,0,0,2500,0,2500,0
20230101T000019.100000,6,2517,5812.36,-5356.89,1034.87,0,0,0,46874.6,48932.6,-9618.02,54869.6,8864.32,99968.8,2.53828e+07
20230101T000019.100000,6,2518,965.514,1146.52,-48.6378,0,0,0,2131.3,-1737.8,73.8005,1531.17,87.6357,3594.82,2.01055e+20
20230101T000019.100000,3,2052,5812.36,-5356.89,1034.87,0,0,0,2500,0,0,2500,0,2500,0
20230101T000019.100000,3,2053,965.514,1146.52,-48.6378,0,0,0,2500,0,0,2500,0,2500,0
20230101T000019.200000,6,2519,5431.41,-5708.83,-1210.21,0,0,0,53288.3,48409.7,10510.4,48463.2,-11047.3,99347,2.69022e+07
20230101T000019.200000,6,2520,7227.99,-1972.98,102.825,0,0,0,6303.51,22796.5,-1188.31,83595.8,324.364,89818.4,3.10957e+07
20230101T000019.200000,6,2521,1144.23,968.098,-50.7847,0,0,0,1539.2,-1738.81,91.3218,2123.23,77.2643,3594.45,8.94041e+19
20230101T000019.200000,3,2054,5431.41,-5708.83,-1210.21,0,0,0,2500,0,0,2500,0,2500,0
20230101T000019.200000,3,2055,7227.99,-1972.98,102.825,0,0,0,2500,0,0,2500,0,2500,0
20230101T000019.200000,3,2056,1144.23,968.098,-50.7847,0,0,0,2500,0,0,2500,0,2500,0
20230101T000019.300000,6,2522,5385.26,-5202.37,-243.924,0,0,0,43385.8,44746.3,2100.25,46478.4,-2028.92,89705.2,6.45335e+07
20230101T000019.300000,6,2523,1299.43,746.872,-52.0798,0,0,0,943.819,-1523.32,106.353,2718.58,61.1282,3594.21,1.29764e+20
20230101T000019.300000,3,2057,5385.26,-5202.37,-243.924,0,0,0,2500,0,0,2500,0,2500,0
20230101T000019.300000,3,2058,1299.43,746.872,-52.0798,0,0,0,2500,0,0,2500,0,2500,0
20230101T000019.400000,6,2524,5675.2,-4889.37,107.697,0,0,0,38296.9,44356.2,-977.225,51567.7,841.912,89782.1,3.3495e+07
20230101T000019.400000,6,2525,1407.89,514.006,-51.8066,0,0,0,482.918,-1135.88,114.625,3179.45,41.8485,3594.23,1.72258e+20
20230101T000019.400000,4,2057,5393.61,-5194.2,-234.312,0.826915,0.808987,0.951694,1219.13,1194.75,56.0197,1301.7,-54.1173,2453.41,0
20230101T000019.400000,3,2059,1407.89,514.006,-51.8066,0,0,0,2500,0,0,2500,0,2500,0
20230101T000019.500000,6,2526,4987.18,-5584.38,250.59,0,0,0,49969.5,44478.8,-1998.16,39886.6,2237.43,89691.8,9.92553e+07
20230101T000019.500000,6,2527,1475.42,263.049,-54.3892,0,0,0,177.245,-609.108,126.111,3485.08,22.4841,3593.76,2.21951e+20
20230101T000019.500000,4,2057,5383.11,-5205.4,-220.939,-1.64281,-0.997101,3.55837,1205.76,1209.43,55.3788,1293.85,-53.5091,2457.75,0
20230101T000019.500000,3,2060,1475.42,263.049,-54.3892,0,0,0,2500,0,0,2500,0,2500,0
20230101T000019.600000,6,2528,1498.74,6.44583,-52.5701,0,0,0,68.4084,-15.163,123.82,3593.94,0.532529,3594.08,9.87782e+19
20230101T000019.600000,3,2061,1498.74,6.44583,-52.5701,0,0,0,2500,0,0,2500,0,2500,0
20230101T000019.700000,6,2529,1476.29,-259.294,-48.3803,0,0,0,173.227,600.939,112.245,3489.13,-19.7146,3594.74,1.31411e+20
20230101T000019.700000,6,2530,1475.71,-262.364,-49.5005,0,0,0,175.908,607.784,114.799,3486.44,-20.4099,3594.56,1.29757e+20
20230101T000019.700000,6,2531,5386.47,5847.12,307.039,0,0,0,54800.7,-50285.5,-2644.5,46538.6,-2870.66,101125,6.95062e+06
20230101T000019.700000,6,2532,4427.61,6039.85,190.658,0,0,0,58410.4,-42729.2,-1349.69,31445.4,-1841.16,89733.7,3.51e+07
20230101T000019.700000,3,2062,1476.29,-259.294,-48.3803,0,0,0,2500,0,0,2500,0,2500,0
20230101T000019.700000,3,2063,1475.71,-262.364,-49.5005,0,0,0,2500,0,0,2500,0,2500,0
20230101T000019.700000,3,2064,5386.47,5847.12,307.039,0,0,0,2500,0,0,2500,0,2500,0
20230101T000019.700000,3,2065,4427.61,6039.85,190.658,0,0,0,2500,0,0,2500,0,2500,0
20230101T000019.800000,6,2533,1408.96,-511.391,-48.4264,0,0,0,478.24,1131.14,107.228,3184.13,-38.919,3594.76,3.97508e+18
20230101T000019.800000,6,2534,7583.37,7055.21,1484.73,0,0,0,81565.8,-83813.3,-18008.3,93677.5,-16754,171655,1.5616e+06
20230101T000019.800000,6,2535,5164.22,6073.14,-364.737,0,0,0,59129,-50044.3,3011.84,42831.3,3541.93,101684,8.36675e+06
20230101T000019.800000,6,2536,5700.93,6385.37,-624.08,0,0,0,65541.3,-57902.8,5689.45,52383.1,6372.51,117238,192570
20230101T000019.800000,6,2537,4762.75,5771.97,-70.143,0,0,0,53334.2,-43949.5,534.136,36336.8,647.318,89599.1,3.05964e+07
20230101T000019.800000,6,2538,5884.07,6664.91,-164.444,0,0,0,71120.5,-62693.7,1547.38,55455.9,1752.72,126469,344607
20230101T000019.800000,4,2064,5397.32,5870.25,291.649,1.07423,2.29033,-1.5238,1362.89,-1194.72,-62.7386,1166.59,-68.104,2460,0
20230101T000019.800000,4,2065,4432.75,6026.99,183.333,0.508416,-1.27374,-0.725251,1619.81,-1140.53,-36.0035,900.055,-49.1136,2454.39,0
20230101T000019.800000,3,2066,1408.96,-511.391,-48.4264,0,0,0,2500,0,0,2500,0,2500,0
20230101T000019.800000,3,2067,7583.37,7055.21,1484.73,0,0,0,2500,0,0,2500,0,2500,0
20230101T000019.800000,3,2068,5700.93,6385.37,-624.08,0,0,0,2500,0,0,2500,0,2500,0
20230101T000019.800000,3,2069,5884.07,6664.91,-164.444,0,0,0,2500,0,0,2500,0,2500,0
20230101T000019.900000,6,2539,1297.98,-749.473,-50.5966,0,0,0,949.751,1527.03,103.209,2712.62,-59.5942,3594.42,1.73317e+18
20230101T000019.900000,6,2540,3239.06,1284,-16.521,0,0,0,2693.52,-6632.22,85.3376,16795.1,33.8287,19424.2,2.4765e+06
20230101T000019.900000,6,2541,4288.89,1162.22,149.283,0,0,0,2253.97,-7950.24,-1022.34,29438.1,-277.037,31592.5,130600
20230101T000019.900000,6,2542,9035.08,5274.9,450.768,0,0,0,44809.4,-76085.3,-6513.99,130711,-3803.03,175132,64284
20230101T000019.900000,6,2543,6825.36,3872.69,-1493.66,0,0,0,26743.5,-40733.4,16301.4,75421.2,9249.41,98535.5,2.69497e+07
20230101T000019.900000,6,2544,6872.17,2780.09,1126.94,0,0,0,14166.2,-29840.3,-12382.4,75857.4,-5009.22,87930.5,1.84702e+07
20230101T000019.900000,6,2545,7090.99,4421.18,-1558.9,0,0,0,34119.3,-48387.4,17676.8,81557.2,11021.4,111728,230972
20230101T000019.900000,6,2546,5113.57,2116.9,155.532,0,0,0,7257.66,-17283.6,-1270.86,41852.8,-526.107,49007.9,457463
20230101T000019.900000,6,2547,5668.8,2787.37,-1593.5,0,0,0,15751.3,-23649.1,14439.5,52219.3,7099.96,63851.4,1.64795e+06
20230101T000019.900000,6,2548,8666.7,4050.74,57.4175,0,0,0,26310.4,-56143.9,-795.844,120191,-371.97,146432,1.67277e+06
20230101T000019.900000,6,2549,2298.2,3329.37,-279.832,0,0,0,17796.6,-12154.1,1026.47,8578.72,1487.04,26186.6,235884
20230101T000019.900000,6,2550,5832.9,5296.31,-1310.13,0,0,0,46420.9,-48030.8,12219.3,55705.6,11095.2,99319.6,2.74442e+07
20230101T000019.900000,6,2551,5234.31,5262.6,1059.69,0,0,0,45236.7,-43144,-8868.44,44771.4,-8916.38,88150,1.76124e+07
20230101T000019.900000,6,2552,3705.61,3310.86,125.696,0,0,0,17588.5,-19585.7,-744.039,22010.1,-664.779,39509.4,5.27567e+06
20230101T000019.900000,6,2553,3818.13,3894.69,50.8012,0,0,0,24303.1,-23758.7,-309.928,23359.8,-316.142,47594.8,1.04376e+06
20230101T000019.900000,6,2554,5989.43,6638.87,855.496,0,0,0,71073.3,-63006.9,-8194.23,58077.8,-9082.74,127917,719854
20230101T000019.900000,3,2070,1297.98,-749.473,-50.5966,0,0,0,2500,0,0,2500,0,2500,0
20230101T000019.900000,3,2071,3239.06,1284,-16.521,0,0,0,2500,0,0,2500,0,2500,0
20230101T000019.900000,3,2072,4288.89,1162.22,149.283,0,0,0,2500,0,0,2500,0,2500,0
20230101T000019.900000,3,2073,9035.08,5274.9,450.768,0,0,0,2500,0,0,2500,0,2500,0
20230101T000019.900000,3,2074,6825.36,3872.7,-1493.66,0,0,0,2500,0,0,2500,0,2500,0
20230101T000019.900000,3,2075,6872.17,2780.09,1126.94,0,0,0,2500,0,0,2500,0,2500,0
20230101T000019.900000,3,2076,7090.99,4421.18,-1558.9,0,0,0,2500,0,0,2500,0,2500,0
20230101T000019.900000,3,2077,5113.57,2116.9,155.532,0,0,0,2500,0,0,2500,0,2500,0
20230101T000019.900000,3,2078,5668.8,2787.37,-1593.5,0,0,0,2500,0,0,2500,0,2500,0
20230101T000019.900000,3,2079,8666.7,4050.74,57.4175,0,0,0,2500,0,0,2500,0,2500,0
20230101T000019.900000,3,2080,2298.2,3329.37,-279.832,0,0,0,2500,0,0,2500,0,2500,0
20230101T000019.900000,3,2081,5832.9,5296.31,-1310.13,0,0,0,2500,0,0,2500,0,2500,0
20230101T000019.900000,3,2082,5234.31,5262.6,1059.69,0,0,0,2500,0,0,2500,0,2500,0
20230101T000019.900000,3,2083,3705.61,3310.86,125.696,0,0,0,2500,0,0,2500,0,2500,0
20230101T000019.900000,3,2084,3818.13,3894.69,50.8012,0,0,0,2500,0,0,2500,0,2500,0
20230101T000019.900000,3,2085,5989.43,6638.87,855.496,0,0,0,2500,0,0,2500,0,2500,0
20230101T000020,6,2555,1147.82,-963.855,-50.4922,0,0,0,1526.31,1736.64,91.0803,2136.11,-76.4825,3594.49,2.35898e+18
20230101T000020,6,2556,7365.84,-1334.12,-309.479,0,0,0,3058.02,15684.9,3644.71,86815.8,-660.138,89656.8,2.27382e+07
20230101T000020,6,2557,7483.19,2778.94,-64.2049,0,0,0,12418.1,-33249.5,768.25,89605.5,285.296,101953,1.9924e+07
20230101T000020,6,2558,8263.94,4623.77,383.872,0,0,0,34435,-61009.2,-5073.42,109340,-2838.63,143475,1.02314e+06
20230101T000020,6,2559,8357.96,4589.46,-565.993,0,0,0,34143.9,-61130.5,7565.55,111902,4154.34,145470,307788
20230101T000020,6,2560,4970.54,3195.57,177.87,0,0,0,16419.8,-25361.8,-1412.96,39563.5,-908.396,55868.7,83143.3
20230101T000020,6,2561,8310.53,1432.19,-1505.86,0,0,0,6865.62,-18426,20012.2,110610,3448.79,113788,45387.3
20230101T000020,6,2562,6223.02,1242.62,-1280.14,0,0,0,5051.16,-11857.3,12733.9,62064.5,2542.72,64434.7,3.93333e+06
20230101T000020,6,2563,4147.06,5642.82,357.971,0,0,0,51040.5,-37313.4,-2373.31,27691.5,-3229.31,78463.3,4.76276e+06
20230101T000020,4,2079,8649.15,4054.16,46.7428,-1.73754,0.338842,-1.0569,496.327,-928.178,-13.1565,2048.38,-6.14925,2482.11,0
20230101T000020,3,2086,1147.82,-963.855,-50.4922,0,0,0,2500,0,0,2500,0,2500,0
20230101T000020,3,2087,7365.84,-1334.12,-309.479,0,0,0,2500,0,0,2500,0,2500,0
20230101T000020,3,2088,7483.19,2778.94,-64.2049,0,0,0,2500,0,0,2500,0,2500,0
20230101T000020,3,2089,8263.94,4623.77,383.872,0,0,0,2500,0,0,2500,0,2500,0
20230101T000020,3,2090,4970.54,3195.57,177.87,0,0,0,2500,0,0,2500,0,2500,0
20230101T000020,3,2091,8310.53,1432.19,-1505.86,0,0,0,2500,0,0,2500,0,2500,0
20230101T000020,3,2092,6223.02,1242.62,-1280.14,0,0,0,2500,0,0,2500,0,2500,0
20230101T000020,3,2093,4147.06,5642.82,357.971,0,0,0,2500,0,0,2500,0,2500,0
20230101T000020.100000,6,2564,5497.83,-5049.54,-157.034,0,0,0,40852.6,44366.9,1380.36,48409.1,-1267.81,89158.3,8.81747e+07
20230101T000020.100000,6,2565,8406.85,-76.6132,1018.91,0,0,0,1733.4,1014.81,-13697.6,113080,124.829,113090,838238
20230101T000020.100000,6,2566,7966.45,-82.0386,-302.106,0,0,0,220.683,1043.53,3848.32,101543,-39.63,101554,3.66801e+07
20230101T000020.100000,6,2567,960.097,1133.2,207.732,0,0,0,2109.71,-1675.76,-313.434,1551.59,-369.945,3530.72,1.95809e+19
20230101T000020.100000,3,2094,5497.83,-5049.54,-157.034,0,0,0,2500,0,0,2500,0,2500,0
20230101T000020.100000,3,2095,8406.85,-76.6132,1018.91,0,0,0,2500,0,0,2500,0,2500,0
20230101T000020.100000,3,2096,7966.45,-82.0386,-302.106,0,0,0,2500,0,0,2500,0,2500,0
20230101T000020.100000,3,2097,960.097,1133.2,207.732,0,0,0,2500,0,0,2500,0,2500,0
20230101T000020.200000,6,2568,7396.27,-2939.41,-29.2553,0,0,0,13880.6,34762.6,345.989,87536.5,-137.502,101352,1.9243e+07
20230101T000020.200000,6,2569,6801.29,-3105.1,365.244,0,0,0,15656.1,33685.1,-3971.77,74059.9,1813.3,89438.9,3.32367e+07
20230101T000020.200000,6,2570,1144.16,945.24,215.607,0,0,0,1511.03,-1663.11,-387.683,2150.16,-320.282,3525.45,8.77031e+19
20230101T000020.200000,3,2098,7396.27,-2939.41,-29.2553,0,0,0,2500,0,0,2500,0,2500,0
20230101T000020.200000,3,2099,6801.29,-3105.1,365.244,0,0,0,2500,0,0,2500,0,2500,0
20230101T000020.200000,3,2100,1144.16,945.24,215.607,0,0,0,2500,0,0,2500,0,2500,0
20230101T000020.300000,6,2571,5817.34,-5417.47,420.939,0,0,0,47144.4,50251.2,-3915.52,54307.7,3646.38,101105,7.74809e+07
20230101T000020.300000,6,2572,7181.1,-2097.28,199.42,0,0,0,7155.27,24062.9,-2289.65,82519.1,668.704,89546.9,1.37919e+07
20230101T000020.300000,6,2573,1285.89,740.928,215.792,0,0,0,981.347,-1465.06,-436.078,2679.79,-251.269,3525.28,7.12666e+19
20230101T000020.300000,3,2101,5817.34,-5417.47,420.939,0,0,0,2500,0,0,2500,0,2500,0
20230101T000020.300000,3,2102,7181.1,-2097.28,199.42,0,0,0,2500,0,0,2500,0,2500,0
20230101T000020.300000,3,2103,1285.89,740.928,215.792,0,0,0,2500,0,0,2500,0,2500,0
20230101T000020.400000,6,2574,4874.93,-6270.43,603.594,0,0,0,63152.9,48595.4,-4705,38427,6051.85,100934,4.54863e+07
20230101T000020.400000,6,2575,1396.47,504.385,210.914,0,0,0,525.503,-1084.19,-462.874,3135.67,-167.183,3528.53,8.8694e+19
20230101T000020.400000,3,2104,4874.93,-6270.43,603.594,0,0,0,2500,0,0,2500,0,2500,0
20230101T000020.400000,3,2105,1396.47,504.385,210.914,0,0,0,2500,0,0,2500,0,2500,0
20230101T000020.500000,6,2576,4581.05,-5878.77,893.432,0,0,0,55802.2,42439.7,-6543.91,34411.5,8397.68,88874.4,4.29532e+07
20230101T000020.500000,6,2577,6445.62,-4771.29,117.804,0,0,0,36480,49165,-1214.16,66504.1,898.765,102898,1.11205e+07
20230101T000020.500000,6,2578,1461.95,254.995,216.052,0,0,0,237.338,-573.216,-496.384,3423.75,-86.5798,3525.06,2.35273e+19
20230101T000020.500000,3,2106,4581.05,-5878.77,893.432,0,0,0,2500,0,0,2500,0,2500,0
20230101T000020.500000,3,2107,6445.62,-4771.29,117.804,0,0,0,2500,0,0,2500,0,2500,0
20230101T000020.500000,3,2108,1461.95,254.995,216.052,0,0,0,2500,0,0,2500,0,2500,0
20230101T000020.600000,6,2579,1485.25,0.34366,207.489,0,0,0,131.657,-0.786211,-484.307,3529.56,-0.11206,3530.78,3.17111e+19
20230101T000020.600000,6,2580,6286.98,4044.2,353.214,0,0,0,26355.3,-40561.4,-3550.51,63318.9,-2283.92,89410.9,2.33094e+07
20230101T000020.600000,3,2109,1485.25,0.34366,207.489,0,0,0,2500,0,0,2500,0,2500,0
20230101T000020.600000,3,2110,6286.98,4044.2,353.214,0,0,0,2500,0,0,2500,0,2500,0
20230101T000020.700000,6,2581,1462.88,-256.453,207.877,0,0,0,233.207,577.823,-477.906,3427.98,83.78,3530.51,3.58829e+19
20230101T000020.700000,6,2582,5442.72,5875.36,265.23,0,0,0,55313.3,-51076.7,-2308.27,47492.1,-2491.76,102629,7.41727e+06
20230101T000020.700000,6,2583,5537.35,5065.08,225.23,0,0,0,41127.1,-44803.2,-1994.06,49125.7,-1824,90107.8,3.18313e+07
20230101T000020.700000,3,2111,1462.88,-256.453,207.877,0,0,0,2500,0,0,2500,0,2500,0
20230101T000020.700000,3,2112,5442.72,5875.36,265.23,0,0,0,2500,0,0,2500,0,2500,0
20230101T000020.700000,3,2113,5537.35,5065.08,225.23,0,0,0,2500,0,0,2500,0,2500,0
20230101T000020.800000,6,2584,1397.26,-503.56,207.66,0,0,0,522.338,1083.74,-455.992,3138.88,164.335,3530.68,1.27808e+19
20230101T000020.800000,6,2585,7287.45,1672.67,465.82,0,0,0,4866.86,-19413.6,-5427.55,84991.7,-1245.77,89447.9,4.98104e+07
20230101T000020.800000,6,2586,7238.02,8208.32,98.5475,0,0,0,107837,-95019.7,-1140.88,83867,-1293.82,191625,770767
20230101T000020.800000,6,2587,6197.51,8375.97,961.828,0,0,0,112797,-82318.1,-9534.01,62452,-12885.3,173706,2.13843e+06
20230101T000020.800000,6,2588,4561.61,6535.39,-253.242,0,0,0,68392.6,-47620.9,1847.14,33405.3,2646.39,101631,4.72574e+07
20230101T000020.800000,3,2114,1397.26,-503.56,207.66,0,0,0,2500,0,0,2500,0,2500,0
20230101T000020.800000,3,2115,7287.45,1672.67,465.82,0,0,0,2500,0,0,2500,0,2500,0
20230101T000020.800000,3,2116,7238.02,8208.32,98.5475,0,0,0,2500,0,0,2500,0,2500,0
20230101T000020.800000,3,2117,6197.51,8375.97,961.828,0,0,0,2500,0,0,2500,0,2500,0
20230101T000020.800000,3,2118,4561.61,6535.39,-253.242,0,0,0,2500,0,0,2500,0,2500,0
20230101T000020.900000,6,2589,1283.87,-744.904,214.105,0,0,0,989.591,1471.12,-431.99,2671.56,250.642,3526.42,1.35015e+17
20230101T000020.900000,6,2590,6821.37,-3103.67,284.665,0,0,0,15572.8,33801.1,-3104.68,74483,1412.61,89862.3,3.48606e+07
20230101T000020.900000,6,2591,10766.4,3122.61,2701.76,0,0,0,26429.9,-50650,-46527.1,186375,-13494.4,201068,372806
20230101T000020.900000,6,2592,3232.65,2092.75,883.185,0,0,0,7929.68,-10227.2,-4556.34,17106.6,-2949.68,23730.7,1.33538e+06
20230101T000020.900000,6,2593,10606.9,5599.75,779.152,0,0,0,50980.9,-94606.1,-13219.3,180235,-6978.95,230182,618097
20230101T000020.900000,6,2594,7400.67,2957.96,517.158,0,0,0,14423.1,-34855.9,-6119.86,87699.5,-2446.03,101631,2.96532e+07
20230101T000020.900000,6,2595,7953.98,4102.12,637.957,0,0,0,27488.5,-51913.9,-8114.83,101375,-4185.08,128149,96125
20230101T000020.900000,6,2596,6042.92,2172.18,1153.87,0,0,0,9490.77,-20304.2,-11145.9,58677.8,-4006.48,65978.3,2.77727e+06
20230101T000020.900000,6,2597,4515.42,2017.33,517.27,0,0,0,6921.04,-14391.5,-3731.06,32704.1,-1666.9,39134.4,680489
20230101T000020.900000,6,2598,10400.5,3190.83,1359.15,0,0,0,19049.3,-52251.8,-22609.9,173334,-6936.6,189365,1.02269e+06
20230101T000020.900000,6,2599,1972.34,2211.64,313.25,0,0,0,7923.77,-6869.95,-984.086,6346.91,-1103.48,14051.1,1.91685e+06
20230101T000020.900000,6,2600,7577.16,6464.43,-314.724,0,0,0,66990.8,-78261.4,3814.01,91955,3253.91,158724,1.48934e+06
20230101T000020.900000,6,2601,3481.33,2665.24,738.423,0,0,0,11954.9,-14394.6,-4104.79,19736.9,-3142.55,30758.9,824331
20230101T000020.900000,6,2602,5528.02,3916.76,1834.31,0,0,0,28169.5,-32075.5,-16211,50713.7,-11486,73444.5,460804
20230101T000020.900000,6,2603,4189.3,3990.19,1324.75,0,0,0,26978.7,-25313.1,-8869.58,29445,-8448.01,53558.2,72422.7
20230101T000020.900000,6,2604,4414.47,4031.17,754.603,0,0,0,26531.7,-27987.7,-5324,31623,-4861.73,57181.6,1.263e+06
20230101T000020.900000,6,2605,7399.54,5671.46,-1688.03,0,0,0,54375.7,-64914.8,19976.1,89315.2,15310.9,139072,2.14678e+06
20230101T000020.900000,6,2606,3423.87,3636.44,567.969,0,0,0,21430.2,-19632,-3106.51,19063.7,-3299.38,39915.3,361349
20230101T000020.900000,3,2119,1283.87,-744.904,214.105,0,0,0,2500,0,0,2500,0,2500,0
20230101T000020.900000,3,2120,6821.37,-3103.67,284.665,0,0,0,2500,0,0,2500,0,2500,0
20230101T000020.900000,3,2121,10766.4,3122.61,2701.76,0,0,0,2500,0,0,2500,0,2500,0
20230101T000020.900000,3,2122,3232.65,2092.75,883.185,0,0,0,2500,0,0,2500,0,2500,0
20230101T000020.900000,3,2123,10606.9,5599.75,779.152,0,0,0,2500,0,0,2500,0,2500,0
20230101T000020.900000,3,2124,7400.67,2957.96,517.158,0,0,0,2500,0,0,2500,0,2500,0
20230101T000020.900000,3,2125,7953.98,4102.12,637.957,0,0,0,2500,0,0,2500,0,2500,0
20230101T000020.900000,3,2126,6042.92,2172.18,1153.87,0,0,0,2500,0,0,2500,0,2500,0
20230101T000020.900000,3,2127,4515.42,2017.33,517.27,0,0,0,2500,0,0,2500,0,2500,0
20230101T000020.900000,3,2128,10400.5,3190.83,1359.15,0,0,0,2500,0,0,2500,0,2500,0
20230101T000020.900000,3,2129,1972.34,2211.64,313.25,0,0,0,2500,0,0,2500,0,2500,0
20230101T000020.900000,3,2130,7577.16,6464.43,-314.724,0,0,0,2500,0,0,2500,0,2500,0
20230101T000020.900000,3,2131,3481.33,2665.24,738.423,0,0,0,2500,0,0,2500,0,2500,0
20230101T000020.900000,3,2132,5528.02,3916.76,1834.31,0,0,0,2500,0,0,2500,0,2500,0
20230101T000020.900000,3,2133,4189.3,3990.19,1324.75,0,0,0,2500,0,0,2500,0,2500,0
20230101T000020.900000,3,2134,4414.47,4031.17,754.603,0,0,0,2500,0,0,2500,0,2500,0
20230101T000020.900000,3,2135,7399.54,5671.46,-1688.03,0,0,0,2500,0,0,2500,0,2500,0
20230101T000020.900000,3,2136,3423.87,3636.44,567.969,0,0,0,2500,0,0,2500,0,2500,0
20230101T000021,6,2607,1140.62,-950.068,213.106,0,0,0,1524.13,1667.29,-382,2137.06,318.183,3527.11,6.25817e+18
20230101T000021,6,2608,10764.9,3523.4,1722.89,0,0,0,24209.3,-59264,-29665.8,185879,-9709.74,205278,1.42541e+06
20230101T000021,6,2609,4240.29,1438.98,721.387,0,0,0,4115.63,-9490.32,-4884.71,28860.5,-1657.66,32082.8,884547
20230101T000021,6,2610,6933.43,2718.52,-814.056,0,0,0,12798.4,-29776.1,9024.29,77065.6,3538.32,88741.2,1.00071e+07
20230101T000021,6,2611,7376.87,2918.87,781.03,0,0,0,14530.4,-34095.8,-9212.68,87209.8,-3645.26,100701,3.237e+07
20230101T000021,6,2612,8676.8,2257.54,80.4496,0,0,0,8224.01,-31323,-1116.32,120464,-290.444,128613,966312
20230101T000021,6,2613,5006.08,5564.95,-208.614,0,0,0,49609.6,-44507.3,1669.75,40171.2,1856.16,89647.2,9.18372e+06
20230101T000021,6,2614,5147.71,6521.79,1595.76,0,0,0,69641.7,-51704.2,-13135.9,44946.7,-16642.3,110455,415143
20230101T000021,4,2113,5508.98,5068.19,211.917,-7.80766,0.855868,-3.66407,1240.23,-1284.97,-57.1404,1469.63,-52.267,2642.76,0
20230101T000021,4,2121,10700.4,3108.39,2673.62,-6.53598,-1.40797,-2.7859,374.268,-614.703,-532.249,2315.4,-154.37,2361.82,0
20230101T000021,4,2124,7387,2951.77,522.627,-1.35284,-0.612031,0.541498,401.878,-824.12,-144.101,2134.4,-57.5954,2453.97,0
20230101T000021,3,2137,1140.62,-950.068,213.106,0,0,0,2500,0,0,2500,0,2500,0
20230101T000021,3,2138,4240.29,1438.98,721.387,0,0,0,2500,0,0,2500,0,2500,0
20230101T000021,3,2139,6933.43,2718.52,-814.057,0,0,0,2500,0,0,2500,0,2500,0
20230101T000021,3,2140,8676.8,2257.54,80.4496,0,0,0,2500,0,0,2500,0,2500,0
20230101T000021,3,2141,5147.71,6521.79,1595.76,0,0,0,2500,0,0,2500,0,2500,0
