20230101T000000.100000,6,0,3595.98,-868.569,-472.9,0,0,0,1604.65,4901.34,2713.04,20712.9,-655.305,21897.8,1.01834e+16
20230101T000000.100000,6,1,9101.73,-3101.07,900.468,0,0,0,16605.9,44744.8,-13107.7,132688,4465.95,147934,1.79003e+16
20230101T000000.100000,6,2,11206.8,1670.81,-1257.39,0,0,0,7003.05,-29580.8,22539.1,201003,3360.34,205414,2.29023e+16
20230101T000000.100000,6,3,7991.59,568.762,525.013,0,0,0,1019.79,-7236.77,-6708.94,102187,-477.476,102703,1.0126e+16
20230101T000000.100000,6,4,6743.71,-1416.86,1644.28,0,0,0,7412.95,14405.2,-17727.5,72949.7,3724.57,75979.7,1.00766e+16
20230101T000000.100000,6,5,8843.55,1355.94,-431.364,0,0,0,3294.97,-19131.9,6100.63,125142,935.377,128075,1.05409e+16
20230101T000000.100000,6,6,6192.4,7867.73,-630.386,0,0,0,99309.6,-77612.2,6243.28,61785.2,7932.39,160396,1.29345e+17
20230101T000000.100000,6,7,187.7,225.331,-63.3525,0,0,0,108.917,-34.4436,10.5718,96.2596,12.6913,140.462,4.31282e+27
20230101T000000.100000,6,8,5746.6,7248.47,-1655.34,0,0,0,85780.6,-64481.9,15213.3,55567.6,19189.3,136904,9.53491e+16
20230101T000000.100000,3,0,3595.98,-868.569,-472.9,0,0,0,2500,0,0,2500,0,2500,0
20230101T000000.100000,3,1,9101.73,-3101.07,900.468,0,0,0,2500,0,0,2500,0,2500,0
20230101T000000.100000,3,2,11206.8,1670.81,-1257.39,0,0,0,2500,0,0,2500,0,2500,0
20230101T000000.100000,3,3,7991.59,568.762,525.013,0,0,0,2500,0,0,2500,0,2500,0
20230101T000000.100000,3,4,6743.71,-1416.86,1644.28,0,0,0,2500,0,0,2500,0,2500,0
20230101T000000.100000,3,5,8843.55,1355.94,-431.364,0,0,0,2500,0,0,2500,0,2500,0
20230101T000000.100000,3,6,6192.4,7867.73,-630.386,0,0,0,2500,0,0,2500,0,2500,0
20230101T000000.100000,3,7,187.7,225.331,-63.3525,0,0,0,2500,0,0,2500,0,2500,0
20230101T000000.100000,3,8,5746.6,7248.47,-1655.34,0,0,0,2500,0,0,2500,0,2500,0
20230101T000000.200000,6,9,1834.31,-2026.81,320.4,0,0,0,6675.14,5835.37,-935.377,5508.53,1033.54,11957.1,1.16908e+16
20230101T000000.200000,6,10,4197.11,-4734.27,1745.61,0,0,0,38033.1,29342.8,-11711.6,30948.4,13210.5,64051.1,1.353e+16
20230101T000000.200000,6,11,4539.76,-1204.73,-495.36,0,0,0,2748.11,8637.65,3591.65,33005,-953.128,35297.9,1.19147e+16
20230101T000000.200000,6,12,10441.6,-245.541,1264.42,0,0,0,2716.11,4040.55,-21116.5,174445,496.568,174541,1.21181e+16
20230101T000000.200000,6,13,7720.74,-398.478,-1158.06,0,0,0,2456.54,4808.8,14296.4,95381.7,-737.854,95631.3,2.13063e+16
20230101T000000.200000,6,14,8255.92,-1320.2,-412.846,0,0,0,3116.83,17386.6,5450.37,109065,-871.564,111845,1.94661e+16
20230101T000000.200000,6,15,2550.33,1703.99,-408.893,0,0,0,4874.13,-6800.54,1661.53,10508.6,1110.14,15053.5,3.80474e+16
20230101T000000.200000,6,16,2422.99,1810.27,-653.415,0,0,0,5720.97,-6661.17,2522.57,9660.06,1884.67,14639.6,4.16524e+16
20230101T000000.200000,6,17,225.502,187.758,-62.4884,0,0,0,96.2521,-34.5665,12.5266,108.986,10.43,140.544,3.72498e+26
20230101T000000.200000,6,18,3213.12,4707.28,-92.0077,0,0,0,35478.2,-24164,472.429,16571.5,692.116,51972.2,1.47756e+16
20230101T000000.200000,4,7,226.68,193.07,-62.5352,3.85943,-3.19419,0.0809239,103.957,-31.8599,9.75408,92.2494,11.7096,132.966,0
20230101T000000.200000,3,9,1834.31,-2026.81,320.4,0,0,0,2500,0,0,2500,0,2500,0
20230101T000000.200000,3,10,4197.11,-4734.27,1745.61,0,0,0,2500,0,0,2500,0,2500,0
20230101T000000.200000,3,11,4539.75,-1204.73,-495.36,0,0,0,2500,0,0,2500,0,2500,0
20230101T000000.200000,3,12,10441.6,-245.541,1264.42,0,0,0,2500,0,0,2500,0,2500,0
20230101T000000.200000,3,13,7720.74,-398.478,-1158.06,0,0,0,2500,0,0,2500,0,2500,0
20230101T000000.200000,3,14,8255.92,-1320.2,-412.846,0,0,0,2500,0,0,2500,0,2500,0
20230101T000000.200000,3,15,2550.33,1703.99,-408.893,0,0,0,2500,0,0,2500,0,2500,0
20230101T000000.200000,3,16,2422.99,1810.27,-653.415,0,0,0,2500,0,0,2500,0,2500,0
20230101T000000.200000,3,17,3213.12,4707.28,-92.0077,0,0,0,2500,0,0,2500,0,2500,0
20230101T000000.300000,6,19,3372.23,-2543.33,710.939,0,0,0,10904.8,13304,-3827.56,18510.9,2886.74,28546.6,1.32473e+16
20230101T000000.300000,6,20,2276.39,-1396.92,18.6081,0,0,0,3169.13,5059.14,-67.395,8308.81,41.3574,11413.4,1.64522e+16
20230101T000000.300000,6,21,6613.55,-1492.67,-612.809,0,0,0,4197.04,15652.3,6478.95,70014.7,-1462.29,73547.9,1.63295e+16
20230101T000000.300000,6,22,253.8,146.791,-63.6361,0,0,0,85.1312,-30.3114,14.3578,120.008,8.30414,140.419,7.15614e+26
20230101T000000.300000,6,23,5091.13,3483.19,-214.82,0,0,0,19506.1,-28309.2,1748.05,41515.3,1195.96,60883.7,2.59911e+16
20230101T000000.300000,6,24,4020.28,4033.56,242.528,0,0,0,26110.1,-25866.7,-1558.13,25939.5,-1563.28,51891.8,1.50963e+16
20230101T000000.300000,6,25,3708.67,3436.37,-649.421,0,0,0,19290.8,-20023.2,3847.65,22347.6,3565.15,40901.7,2.66229e+16
20230101T000000.300000,3,18,3372.23,-2543.33,710.939,0,0,0,2500,0,0,2500,0,2500,0
20230101T000000.300000,3,19,2276.39,-1396.92,18.6081,0,0,0,2500,0,0,2500,0,2500,0
20230101T000000.300000,3,20,6613.55,-1492.67,-612.809,0,0,0,2500,0,0,2500,0,2500,0
20230101T000000.300000,3,21,253.8,146.791,-63.6361,0,0,0,2500,0,0,2500,0,2500,0
20230101T000000.300000,3,22,5091.13,3483.19,-214.82,0,0,0,2500,0,0,2500,0,2500,0
20230101T000000.300000,3,23,4020.28,4033.56,242.528,0,0,0,2500,0,0,2500,0,2500,0
20230101T000000.300000,3,24,3708.67,3436.37,-649.421,0,0,0,2500,0,0,2500,0,2500,0
20230101T000000.400000,6,26,3469.4,-1216.48,388.163,0,0,0,2638.77,6657.69,-2148.4,19292.1,753.297,21627.2,1.22517e+16
20230101T000000.400000,6,27,6915.2,-3126.1,-501.949,0,0,0,16023.7,34413,5549.89,76591.2,-2508.9,92148.3,2.03257e+16
20230101T000000.400000,6,28,10489.1,1684.43,-488.901,0,0,0,4974.75,-28199.1,8202.13,176046,1317.16,180574,4.32915e+16
20230101T000000.400000,6,29,3381.58,1823.18,-115.863,0,0,0,5384.54,-9828.65,625.183,18315.3,337.067,23614.5,2.65507e+16
20230101T000000.400000,6,30,10759.9,2787.2,-429.648,0,0,0,12766.2,-47896.8,7394.37,185263,1915.41,197670,1.34863e+17
20230101T000000.400000,6,31,9162.93,3926.26,-785.581,0,0,0,25552.8,-57181.1,11512.5,134498,4933.05,159000,5.25758e+16
20230101T000000.400000,6,32,276.019,99.4046,-62.7404,0,0,0,75.5597,-22.382,15.3939,129.648,5.54392,140.507,8.27946e+26
20230101T000000.400000,6,33,8202.3,2227.01,-185.76,0,0,0,8046.34,-29196.5,2436.51,107653,661.538,115580,3.12759e+16
20230101T000000.400000,6,34,5242.36,3216.7,-518.546,0,0,0,16914.2,-26760.8,4344.89,44106.8,2666.01,60527.7,2.70209e+16
20230101T000000.400000,6,35,3031.94,3219.8,-594.047,0,0,0,16882.3,-15306.4,2875.99,15040.8,3054.2,31296.8,1.84966e+16
20230101T000000.400000,6,36,7311.02,5594.21,-908.014,0,0,0,50944.3,-64771.7,10616.6,86032.2,8123.59,135594,1.55539e+16
20230101T000000.400000,4,21,278.823,103.868,-62.7889,2.47749,-4.24976,0.0838758,81.9561,-28.0385,13.2473,114.218,7.66185,132.926,0
20230101T000000.400000,4,22,5097.67,3472.89,-226.916,0.647707,-1.0204,-1.19762,817.482,-1099.44,67.8094,1672.25,46.3931,2421.71,0
20230101T000000.400000,3,25,3469.4,-1216.48,388.163,0,0,0,2500,0,0,2500,0,2500,0
20230101T000000.400000,3,26,6915.2,-3126.1,-501.949,0,0,0,2500,0,0,2500,0,2500,0
20230101T000000.400000,3,27,10489.1,1684.43,-488.901,0,0,0,2500,0,0,2500,0,2500,0
20230101T000000.400000,3,28,3381.58,1823.18,-115.863,0,0,0,2500,0,0,2500,0,2500,0
20230101T000000.400000,3,29,10759.9,2787.2,-429.648,0,0,0,2500,0,0,2500,0,2500,0
20230101T000000.400000,3,30,9162.93,3926.26,-785.581,0,0,0,2500,0,0,2500,0,2500,0
20230101T000000.400000,3,31,8202.3,2227.01,-185.76,0,0,0,2500,0,0,2500,0,2500,0
20230101T000000.400000,3,32,3031.94,3219.8,-594.047,0,0,0,2500,0,0,2500,0,2500,0
20230101T000000.400000,3,33,7311.02,5594.21,-908.014,0,0,0,2500,0,0,2500,0,2500,0
20230101T000000.500000,6,37,6626.39,-9165.37,2244.75,0,0,0,137195,93316.1,-23792.2,75589.7,32908.4,204663,1.00455e+16
20230101T000000.500000,6,38,7093.1,-9115.94,-1193.37,0,0,0,133844,102321,13539.5,81958,-17400.7,213460,1.27764e+16
20230101T000000.500000,6,39,4560.83,-2984.11,244.527,0,0,0,14359.5,21702.9,-1781.99,33329.7,1165.94,47529.8,1.55558e+16
20230101T000000.500000,6,40,7481.16,-5987.97,-1063.59,0,0,0,58511.1,70761.3,12725.6,90279.8,-10185.6,146918,1.36525e+16
20230101T000000.500000,6,41,3683.77,-1898.82,-454.634,0,0,0,6080.05,11031.2,2673.46,21794.9,-1378.05,27481.8,7.18375e+15
20230101T000000.500000,6,42,6080.52,-1459.8,-80.4795,0,0,0,3479.94,14185.3,782.171,59160.5,-187.782,62566.1,9.93974e+15
20230101T000000.500000,6,43,288.884,51.0615,-62.7458,0,0,0,69.6262,-12.032,16.112,135.571,2.84786,140.498,9.7506e+25
20230101T000000.500000,6,44,2423.76,566.892,113.461,0,0,0,594.27,-2179.68,-437.168,9403.76,-102.249,9913.7,3.38344e+16
20230101T000000.500000,6,45,289.28,47.4386,-63.7182,0,0,0,69.4388,-11.1602,16.3834,135.664,2.68669,140.381,9.05381e+25
20230101T000000.500000,6,46,4416.04,1553.45,-738.638,0,0,0,4693.53,-10683.4,5209.68,31305.3,1832.63,35065,1.70669e+16
20230101T000000.500000,6,47,5175.2,1664.57,-186.782,0,0,0,4541.8,-13748.3,1544.52,42863.5,496.787,47285.7,1.4449e+16
20230101T000000.500000,6,48,4492.21,6713.85,1258.63,0,0,0,72924.4,-47055.7,-9041,34081.9,-13512.3,104411,3.05077e+16
20230101T000000.500000,3,34,6626.39,-9165.37,2244.75,0,0,0,2500,0,0,2500,0,2500,0
20230101T000000.500000,3,35,7093.1,-9115.94,-1193.37,0,0,0,2500,0,0,2500,0,2500,0
20230101T000000.500000,3,36,4560.83,-2984.11,244.527,0,0,0,2500,0,0,2500,0,2500,0
20230101T000000.500000,3,37,7481.16,-5987.97,-1063.59,0,0,0,2500,0,0,2500,0,2500,0
20230101T000000.500000,3,38,3683.77,-1898.82,-454.634,0,0,0,2500,0,0,2500,0,2500,0
20230101T000000.500000,3,39,6080.52,-1459.8,-80.4795,0,0,0,2500,0,0,2500,0,2500,0
20230101T000000.500000,3,40,288.884,51.0615,-62.7458,0,0,0,2500,0,0,2500,0,2500,0
20230101T000000.500000,3,41,2423.76,566.892,113.461,0,0,0,2500,0,0,2500,0,2500,0
20230101T000000.500000,3,42,289.28,47.4386,-63.7182,0,0,0,2500,0,0,2500,0,2500,0
20230101T000000.500000,3,43,4416.04,1553.45,-738.638,0,0,0,2500,0,0,2500,0,2500,0
20230101T000000.500000,3,44,5175.2,1664.57,-186.782,0,0,0,2500,0,0,2500,0,2500,0
20230101T000000.500000,3,45,4492.21,6713.85,1258.63,0,0,0,2500,0,0,2500,0,2500,0
20230101T000000.600000,6,49,1209.28,-1143.03,-212.072,0,0,0,2161.7,2144.24,404.495,2403.46,-382.335,4431.25,2.16355e+16
20230101T000000.600000,6,50,3122.91,-1940.49,-386.194,0,0,0,6242.61,9560.6,1924.03,15688.2,-1195.54,21629.6,1.63091e+16
20230101T000000.600000,6,51,3257.1,-2508.35,-277.078,0,0,0,10184,12981.8,1440.55,17043.4,-1109.4,27041.2,1.30475e+16
20230101T000000.600000,6,52,5054.36,-3324.98,1046.53,0,0,0,18955.3,26056,-8454.3,41422.6,5561.61,58565.2,2.13026e+16
20230101T000000.600000,6,53,8945.13,-1824.52,-2360.7,0,0,0,13944.3,24355.1,33771.6,128383,-6888.32,133355,4.85655e+16
20230101T000000.600000,6,54,3236.93,-68.4521,-145.178,0,0,0,105.048,352.457,749.027,16764.4,-15.8398,16772,2.86487e+16
20230101T000000.600000,6,55,4593.81,830.215,-233.711,0,0,0,1249.26,-6075.69,1714.65,33769.8,309.88,34868,3.16725e+16
20230101T000000.600000,6,56,10184.8,-246.968,-1679.75,0,0,0,4671.71,3913.58,27362.4,165970,-663.502,166067,7.70923e+16
20230101T000000.600000,6,57,293.361,0.411733,-62.8225,0,0,0,67.5085,-0.0985099,16.383,137.697,0.0229936,140.503,9.05547e+26
20230101T000000.600000,6,58,9843.63,-30.2776,-710.83,0,0,0,873.574,474.185,11190.8,155035,-34.4215,155037,4.25659e+16
20230101T000000.600000,6,59,4778.02,4581.4,1192.45,0,0,0,34800.4,-33856.5,-9107.99,37646.6,-8733.19,70111.9,1.53947e+16
20230101T000000.600000,4,42,296.734,3.26519,-62.8713,0.737979,-4.37361,0.0838489,67.4405,-10.3235,15.1164,128.7,2.47892,132.892,0
20230101T000000.600000,3,46,1209.28,-1143.03,-212.072,0,0,0,2500,0,0,2500,0,2500,0
20230101T000000.600000,3,47,3122.91,-1940.49,-386.194,0,0,0,2500,0,0,2500,0,2500,0
20230101T000000.600000,3,48,3257.1,-2508.35,-277.078,0,0,0,2500,0,0,2500,0,2500,0
20230101T000000.600000,3,49,5054.36,-3324.98,1046.53,0,0,0,2500,0,0,2500,0,2500,0
20230101T000000.600000,3,50,8945.13,-1824.52,-2360.7,0,0,0,2500,0,0,2500,0,2500,0
20230101T000000.600000,3,51,3236.93,-68.4521,-145.178,0,0,0,2500,0,0,2500,0,2500,0
20230101T000000.600000,3,52,4593.81,830.215,-233.711,0,0,0,2500,0,0,2500,0,2500,0
20230101T000000.600000,3,53,10184.8,-246.968,-1679.75,0,0,0,2500,0,0,2500,0,2500,0
20230101T000000.600000,3,54,9843.63,-30.2776,-710.83,0,0,0,2500,0,0,2500,0,2500,0
20230101T000000.600000,3,55,4778.02,4581.4,1192.45,0,0,0,2500,0,0,2500,0,2500,0
20230101T000000.700000,6,60,5558.44,-6729.23,1423.02,0,0,0,73791.5,58225,-12649.1,51397,15313.5,121888,2.19154e+16
20230101T000000.700000,6,61,288.648,-52.8156,-62.4067,0,0,0,69.7396,12.4482,16.0123,135.494,-2.92987,140.541,1.21193e+26
20230101T000000.700000,6,62,288.522,-52.3923,-63.3296,0,0,0,69.8001,12.3087,16.2418,135.349,-2.94933,140.436,1.24727e+26
20230101T000000.700000,6,63,6368.01,-1117.14,-59.7076,0,0,0,2064.42,11370.5,607.768,64884.6,-106.621,66879.4,1.96548e+16
20230101T000000.700000,6,64,1376.2,666.38,-74.8285,0,0,0,769.476,-1438.76,161.955,3044.13,78.421,3740.96,3.33046e+16
20230101T000000.700000,6,65,6796.19,1523.34,730.005,0,0,0,4585.06,-16369.2,-7931.53,73944.9,-1777.83,77614.7,1.16118e+16
20230101T000000.700000,6,66,6535.07,7798,868.895,0,0,0,97818.8,-80910.8,-9081.78,69078.3,-10836.9,165626,7.93486e+15
20230101T000000.700000,6,67,3512.71,4872.07,-1011.72,0,0,0,38560.8,-26576.2,5680.06,20861.1,7878.15,57723.7,1.13405e+16
20230101T000000.700000,4,40,305.966,-46.2386,-63.2991,3.28493,-18.7116,-0.106401,67.6701,-11.1536,14.8997,128.801,2.63359,133.204,0
20230101T000000.700000,3,56,5558.44,-6729.23,1423.02,0,0,0,2500,0,0,2500,0,2500,0
20230101T000000.700000,3,57,288.648,-52.8156,-62.4067,0,0,0,2500,0,0,2500,0,2500,0
20230101T000000.700000,3,58,6368.01,-1117.14,-59.7076,0,0,0,2500,0,0,2500,0,2500,0
20230101T000000.700000,3,59,1376.2,666.379,-74.8285,0,0,0,2500,0,0,2500,0,2500,0
20230101T000000.700000,3,60,6796.19,1523.34,730.005,0,0,0,2500,0,0,2500,0,2500,0
20230101T000000.700000,3,61,6535.07,7798,868.895,0,0,0,2500,0,0,2500,0,2500,0
20230101T000000.700000,3,62,3512.71,4872.07,-1011.72,0,0,0,2500,0,0,2500,0,2500,0
20230101T000000.800000,6,68,2802.42,-2435.97,19.5625,0,0,0,9531.11,10890.6,-87.4614,12593.5,76.0246,22060,1.79803e+16
20230101T000000.800000,6,69,3031.73,-517.323,-564.396,0,0,0,983.609,2414.64,2726.56,14722.4,-465.249,15136.5,3.99153e+16
20230101T000000.800000,6,70,275.756,-100.278,-62.4979,0,0,0,75.6808,22.5733,15.3197,129.547,-5.57097,140.533,4.66555e+26
20230101T000000.800000,6,71,8854.95,-2602.98,-1765.86,0,0,0,15490,35512.1,25007.2,125858,-7351.05,136299,3.46457e+16
20230101T000000.800000,6,72,7558.49,617.449,-1442.05,0,0,0,3976.49,-7192.16,17427.8,91431.8,1423.67,92021.6,1.80683e+16
20230101T000000.800000,6,73,6744.53,3069.38,11.6464,0,0,0,15126.9,-33098.2,-125.587,72793,-57.1537,87855.7,9.08016e+15
20230101T000000.800000,6,74,6914.72,9805.45,-325.996,0,0,0,153913,-108373,3605.67,76657.6,5113.04,230336,1.44339e+16
20230101T000000.800000,6,75,5195.99,5052.15,18.5907,0,0,0,40872,-41969.2,-154.437,43228.6,-150.162,84036,1.43008e+16
20230101T000000.800000,6,76,4319.15,4491.82,-1387.55,0,0,0,33791.5,-29471.8,9579.48,31480.4,9962.45,62133.5,2.37045e+16
20230101T000000.800000,4,50,8914.67,-1833.4,-2342.25,-5.85673,-1.70772,3.54714,311.709,456.595,591.553,2457.15,-120.658,2397.22,0
20230101T000000.800000,4,57,280.228,-98.7438,-62.493,-0.833704,-4.54735,-0.00855078,67.7188,11.5137,14.7739,128.537,-2.70327,133.039,0
20230101T000000.800000,3,63,2802.42,-2435.97,19.5625,0,0,0,2500,0,0,2500,0,2500,0
20230101T000000.800000,3,64,3031.73,-517.323,-564.396,0,0,0,2500,0,0,2500,0,2500,0
20230101T000000.800000,3,65,7558.49,617.449,-1442.05,0,0,0,2500,0,0,2500,0,2500,0
20230101T000000.800000,3,66,6744.53,3069.38,11.6464,0,0,0,2500,0,0,2500,0,2500,0
20230101T000000.800000,3,67,6914.72,9805.45,-325.996,0,0,0,2500,0,0,2500,0,2500,0
20230101T000000.800000,3,68,5195.99,5052.15,18.5907,0,0,0,2500,0,0,2500,0,2500,0
20230101T000000.800000,3,69,4319.15,4491.82,-1387.55,0,0,0,2500,0,0,2500,0,2500,0
20230101T000000.900000,6,77,5320.36,-4391.12,-307.381,0,0,0,30979,37274.1,2614.41,45377,-2157.78,76141.1,1.76318e+16
20230101T000000.900000,6,78,3635.82,-4559.45,-419.224,0,0,0,33395.8,26355.7,2435.9,21361.5,-3054.71,54412.8,1.10034e+16
20230101T000000.900000,6,79,4339.18,-3114.7,70.9578,0,0,0,15569.8,21590.3,-491.947,30150,353.124,45647.8,8.24908e+15
20230101T000000.900000,6,80,1887.62,-621.506,251.671,0,0,0,766.291,1828.25,-752.516,5717.05,247.769,6320.02,1.48075e+16
20230101T000000.900000,6,81,253.644,-147.607,-62.393,0,0,0,85.2549,30.5767,14.0692,120.003,-8.18753,140.565,1.63824e+25
20230101T000000.900000,6,82,7314.09,-1998.37,1265.03,0,0,0,8830.15,22719.3,-14794,85775.7,4042.06,91984.9,1.34207e+16
20230101T000000.900000,6,83,3838.11,739.452,-356.612,0,0,0,1132.25,-4491.36,2184.26,23579.3,420.82,24445.1,8.14175e+15
20230101T000000.900000,6,84,10247.7,-1154.39,514.471,0,0,0,2613.4,18873.5,-8432.24,168030,949.882,170156,1.02322e+16
20230101T000000.900000,6,85,9339.03,-1227.7,-1429.93,0,0,0,5689.05,17914,21357.3,139605,-2807.61,141961,2.57029e+16
20230101T000000.900000,6,86,2040.45,726.305,-267.549,0,0,0,1001.63,-2315.08,866.135,6681.46,308.304,7506.48,1.03555e+16
20230101T000000.900000,6,87,1496.69,881.241,141.417,0,0,0,1313.51,-2068.52,-334.19,3608.72,-196.769,4827.08,1.16626e+16
20230101T000000.900000,6,88,6813.56,1560.57,1502,0,0,0,7384.42,-16214.1,-16361.5,74462.4,-3747.43,78178.9,1.50211e+16
20230101T000000.900000,6,89,4737.14,3062.08,-345.949,0,0,0,15182.2,-23092.4,2618.81,35980,1692.79,50907.1,9.25793e+15
20230101T000000.900000,6,90,2267.86,2244.24,-96.9679,0,0,0,8098.51,-8103.91,350.474,8268.16,346.824,16287.7,1.16011e+16
20230101T000000.900000,6,91,5345.86,5884.85,-461.768,0,0,0,55593.4,-50133.8,3947.18,45947,4345.16,101136,1.04588e+16
20230101T000000.900000,3,70,5320.36,-4391.12,-307.381,0,0,0,2500,0,0,2500,0,2500,0
20230101T000000.900000,3,71,3635.82,-4559.45,-419.224,0,0,0,2500,0,0,2500,0,2500,0
20230101T000000.900000,3,72,4339.18,-3114.7,70.9578,0,0,0,2500,0,0,2500,0,2500,0
20230101T000000.900000,3,73,1887.62,-621.506,251.671,0,0,0,2500,0,0,2500,0,2500,0
20230101T000000.900000,3,74,253.644,-147.607,-62.393,0,0,0,2500,0,0,2500,0,2500,0
20230101T000000.900000,3,75,7314.09,-1998.37,1265.03,0,0,0,2500,0,0,2500,0,2500,0
20230101T000000.900000,3,76,3838.11,739.452,-356.612,0,0,0,2500,0,0,2500,0,2500,0
20230101T000000.900000,3,77,10247.7,-1154.39,514.471,0,0,0,2500,0,0,2500,0,2500,0
20230101T000000.900000,3,78,9339.03,-1227.7,-1429.93,0,0,0,2500,0,0,2500,0,2500,0
20230101T000000.900000,3,79,2040.45,726.305,-267.549,0,0,0,2500,0,0,2500,0,2500,0
20230101T000000.900000,3,80,1496.69,881.241,141.417,0,0,0,2500,0,0,2500,0,2500,0
20230101T000000.900000,3,81,6813.56,1560.57,1502,0,0,0,2500,0,0,2500,0,2500,0
20230101T000000.900000,3,82,4737.14,3062.08,-345.949,0,0,0,2500,0,0,2500,0,2500,0
20230101T000000.900000,3,83,2267.86,2244.24,-96.9679,0,0,0,2500,0,0,2500,0,2500,0
20230101T000000.900000,3,84,5345.86,5884.85,-461.768,0,0,0,2500,0,0,2500,0,2500,0
20230101T000001,6,92,225.198,-188.196,-62.4608,0,0,0,96.3936,34.6118,12.5068,108.886,-10.4518,140.584,4.9512e+24
20230101T000001,6,93,4758.89,-5655.69,525.371,0,0,0,51388.4,42814.8,-3997.38,36531.1,4750.68,87414.6,9.38901e+15
20230101T000001,6,94,2963.56,-3823.64,-388.464,0,0,0,23506.8,17982.8,1838.85,14242.9,-2372.52,37445,8.49782e+15
20230101T000001,6,95,1878.88,720.921,168.207,0,0,0,926.423,-2130.85,-500.705,5662.3,-192.119,6480.34,7.68727e+15
20230101T000001,6,96,2293,2920.63,-604.275,0,0,0,13894.7,-10401.2,2210.7,8812.61,2815.81,22062.4,1.30181e+16
20230101T000001,6,97,4217.51,6001.78,1521.38,0,0,0,58878.7,-38729.1,-10259,30980.1,-14599.2,86096.7,1.52067e+16
20230101T000001,4,74,229.989,-188.283,-62.4573,-2.34202,-4.02733,-0.00636526,82.0691,28.2809,12.9809,114.208,-7.55424,133.06,0
20230101T000001,3,85,4758.89,-5655.69,525.371,0,0,0,2500,0,0,2500,0,2500,0
20230101T000001,3,86,2963.56,-3823.64,-388.464,0,0,0,2500,0,0,2500,0,2500,0
20230101T000001,3,87,1878.89,720.921,168.207,0,0,0,2500,0,0,2500,0,2500,0
20230101T000001,3,88,2293,2920.63,-604.275,0,0,0,2500,0,0,2500,0,2500,0
20230101T000001,3,89,4217.51,6001.78,1521.38,0,0,0,2500,0,0,2500,0,2500,0
20230101T000001.100000,6,98,5393.44,-6416.54,1844.39,0,0,0,68153.9,52660.6,-15907.6,49767.9,18925.1,112421,1.18825e+16
20230101T000001.100000,6,99,1162.81,-316.765,-198.672,0,0,0,277.336,557.524,359.718,2172.07,-97.9919,2325.64,4.36792e+16
20230101T000001.100000,6,100,1958.24,2937.19,166.648,0,0,0,13836.7,-9152.78,-520.467,6210.5,-780.656,19939,1.79753e+17
20230101T000001.100000,6,101,193.157,229.375,-9.74667,0,0,0,110.77,-39.3137,1.67371,97.1906,1.98755,143.943,7.9143e+27
20230101T000001.100000,6,102,3927.45,3263.53,-1193.71,0,0,0,18425.6,-19357.3,7490.27,25635.8,6224.07,41724.1,1.12948e+17
20230101T000001.100000,6,103,6908.76,6368.98,-94.4096,0,0,0,64944.6,-70363.9,1043.13,76405.6,961.633,141272,1.21587e+17
20230101T000001.100000,3,90,5393.44,-6416.54,1844.39,0,0,0,2500,0,0,2500,0,2500,0
20230101T000001.100000,3,91,1162.81,-316.765,-198.672,0,0,0,2500,0,0,2500,0,2500,0
20230101T000001.100000,3,92,1958.24,2937.19,166.648,0,0,0,2500,0,0,2500,0,2500,0
20230101T000001.100000,3,93,193.157,229.375,-9.74667,0,0,0,2500,0,0,2500,0,2500,0
20230101T000001.100000,3,94,3927.45,3263.53,-1193.71,0,0,0,2500,0,0,2500,0,2500,0
20230101T000001.100000,3,95,6908.76,6368.98,-94.4096,0,0,0,2500,0,0,2500,0,2500,0
20230101T000001.200000,6,104,2828.5,-3030.53,-779.463,0,0,0,15175.9,13199.3,3519.61,13353.3,-3771,27497.5,1.43853e+16
20230101T000001.200000,6,105,6094.32,-4545.57,1595.4,0,0,0,35715.7,42342.3,-15546.3,60902.9,11595.5,92487.5,1.365e+16
20230101T000001.200000,6,106,6778.02,-6774.82,-2218.47,0,0,0,77406.7,69504.1,24049,77472.2,-24037.7,146947,2.31893e+16
20230101T000001.200000,6,107,8454.04,-5641.65,1725.41,0,0,0,54263.9,74083.6,-23329.9,115840,15568.8,165280,2.02463e+16
20230101T000001.200000,6,108,3211.49,370.191,229.772,0,0,0,365.474,-1885.33,-1176.16,16503.8,-135.577,16721.5,1.86505e+16
20230101T000001.200000,6,109,7728.3,3947.52,-1614.48,0,0,0,28289.2,-47097.6,19953.3,96438.3,10191.9,120497,6.65344e+16
20230101T000001.200000,6,110,2822.69,2608.58,354.456,0,0,0,11030.1,-11649.3,-1596.53,12870,-1475.43,23636.2,6.96397e+16
20230101T000001.200000,6,111,228.934,193.655,-10.1996,0,0,0,97.3633,-39.3321,2.07592,110.59,1.75601,143.935,3.55431e+27
20230101T000001.200000,4,93,229.779,198.517,-10.1752,3.62593,-3.05527,-0.0424303,105.573,-36.2749,1.54425,93.043,1.83381,136.178,0
20230101T000001.200000,3,96,2828.5,-3030.53,-779.463,0,0,0,2500,0,0,2500,0,2500,0
20230101T000001.200000,3,97,6094.32,-4545.57,1595.4,0,0,0,2500,0,0,2500,0,2500,0
20230101T000001.200000,3,98,6778.02,-6774.82,-2218.47,0,0,0,2500,0,0,2500,0,2500,0
20230101T000001.200000,3,99,8454.04,-5641.65,1725.41,0,0,0,2500,0,0,2500,0,2500,0
20230101T000001.200000,3,100,3211.49,370.191,229.772,0,0,0,2500,0,0,2500,0,2500,0
20230101T000001.200000,3,101,7728.3,3947.52,-1614.48,0,0,0,2500,0,0,2500,0,2500,0
20230101T000001.200000,3,102,2822.69,2608.58,354.456,0,0,0,2500,0,0,2500,0,2500,0
20230101T000001.300000,6,112,5491.3,-1001.97,-214.773,0,0,0,1739.58,8779.05,1884.6,48251.4,-343.873,49853.4,1.08834e+16
20230101T000001.300000,6,113,3463.16,2033.31,-231.892,0,0,0,6726.4,-11201.3,1281.75,19228,752.551,25804.8,7.11372e+16
20230101T000001.300000,6,114,259.999,149.335,-10.5208,0,0,0,83.8793,-34.4395,2.43169,124.059,1.39668,143.919,5.14695e+27
20230101T000001.300000,6,115,6882.49,3799.77,-262.972,0,0,0,23235,-41769.1,2893.97,75830.6,1597.74,98891.1,8.52168e+16
20230101T000001.300000,6,116,6918.93,4334.06,-429.23,0,0,0,30312,-47817.9,4748.86,76695.6,2974.71,106649,6.68066e+16
20230101T000001.300000,6,117,7493.13,4900.64,-264.32,0,0,0,38549,-58673.3,3167.36,89887.9,2071.51,128261,1.00019e+17
20230101T000001.300000,6,118,5993.58,2099.95,96.2454,0,0,0,7125.86,-20113.3,-922.051,57485.3,-323.056,64532.4,5.25076e+16
20230101T000001.300000,6,119,4135.88,4127.73,480.152,0,0,0,27477.7,-27098.7,-3173.67,27584.7,-3167.41,54630.4,3.75816e+16
20230101T000001.300000,6,120,3841.57,2840.83,640.841,0,0,0,13377.9,-17117,-3932.16,23866.8,-2907.82,36525.9,5.76573e+16
20230101T000001.300000,3,103,5491.3,-1001.97,-214.773,0,0,0,2500,0,0,2500,0,2500,0
20230101T000001.300000,3,104,3463.16,2033.31,-231.892,0,0,0,2500,0,0,2500,0,2500,0
20230101T000001.300000,3,105,259.999,149.335,-10.5208,0,0,0,2500,0,0,2500,0,2500,0
20230101T000001.300000,3,106,6882.49,3799.77,-262.972,0,0,0,2500,0,0,2500,0,2500,0
20230101T000001.300000,3,107,6918.93,4334.06,-429.23,0,0,0,2500,0,0,2500,0,2500,0
20230101T000001.300000,3,108,7493.13,4900.64,-264.32,0,0,0,2500,0,0,2500,0,2500,0
20230101T000001.300000,3,109,5993.58,2099.95,96.2454,0,0,0,2500,0,0,2500,0,2500,0
20230101T000001.300000,3,110,4135.88,4127.73,480.152,0,0,0,2500,0,0,2500,0,2500,0
20230101T000001.300000,3,111,3841.57,2840.83,640.841,0,0,0,2500,0,0,2500,0,2500,0
20230101T000001.400000,6,121,8016.23,-6610.72,3.9004,0,0,0,69960.8,84757.5,-50.0079,102842,41.2399,172739,1.11859e+16
20230101T000001.400000,6,122,3802.67,-842.066,701.725,0,0,0,1944.65,4943.96,-4258.58,23176.2,943.023,24273,2.36099e+16
20230101T000001.400000,6,123,3911.64,2172.44,-194.571,0,0,0,7646.33,-13543.7,1215.32,24510.8,674.961,32032.8,8.54179e+16
20230101T000001.400000,6,124,9563.35,3531.73,88.5164,0,0,0,20024.4,-54015.4,-1353.9,146341,-499.994,166289,2.12817e+17
20230101T000001.400000,6,125,281.616,102.908,-10.3858,0,0,0,73.4893,-25.7059,2.59995,134.442,0.950073,143.912,6.86167e+27
20230101T000001.400000,6,126,7434.94,1925.39,595.769,0,0,0,6523.24,-22751,-7082.43,88485,-1834.1,94377.1,7.23412e+16
20230101T000001.400000,6,127,6184.16,2738.16,616.276,0,0,0,12557.1,-26844.7,-6092.55,61300.2,-2697.59,73186.7,8.25409e+16
20230101T000001.400000,6,128,6902.76,4446.5,-470.756,0,0,0,31929.9,-48918.6,5196.15,76359.7,3347.17,107871,3.42378e+16
20230101T000001.400000,4,105,284.156,107.265,-10.3931,2.39185,-4.16527,0.0126412,80.7609,-31.7779,2.24361,117.836,1.28866,136.156,0
20230101T000001.400000,4,107,6957.95,4361.32,-432.625,3.86318,2.69901,-0.336154,744.694,-1078.61,106.829,1790.95,66.9183,2460.13,0
20230101T000001.400000,3,112,8016.23,-6610.72,3.9004,0,0,0,2500,0,0,2500,0,2500,0
20230101T000001.400000,3,113,3802.67,-842.066,701.725,0,0,0,2500,0,0,2500,0,2500,0
20230101T000001.400000,3,114,3911.64,2172.44,-194.571,0,0,0,2500,0,0,2500,0,2500,0
20230101T000001.400000,3,115,9563.35,3531.73,88.5164,0,0,0,2500,0,0,2500,0,2500,0
20230101T000001.400000,3,116,7434.94,1925.39,595.769,0,0,0,2500,0,0,2500,0,2500,0
20230101T000001.400000,3,117,6184.16,2738.16,616.276,0,0,0,2500,0,0,2500,0,2500,0
20230101T000001.500000,6,129,6792.24,-6539.61,-1578.04,0,0,0,70526.4,69047.9,17142,75761.8,-16504.4,142243,1.57806e+16
20230101T000001.500000,6,130,295.159,52.5841,-10.8694,0,0,0,66.5571,-13.7637,2.85178,141.362,0.50806,143.898,8.74757e+27
20230101T000001.500000,6,131,4512.84,952.216,346.733,0,0,0,1695.83,-6823.81,-2498.92,32596.1,-527.276,34036.3,9.52315e+16
20230101T000001.500000,6,132,5166.92,5404.43,-976.152,0,0,0,47490.7,-43885.9,8064.24,43544.7,8434.94,89449,2.96229e+16
20230101T000001.500000,6,133,3661.81,3724.67,-749.072,0,0,0,22669.2,-21342.3,4382.43,21942.6,4457.66,43652.5,2.2614e+16
20230101T000001.500000,6,134,4770.72,3916.18,46.1834,0,0,0,24578.7,-29859.8,-352.155,36442.8,-289.076,60954,1.83007e+16
20230101T000001.500000,3,118,6792.24,-6539.61,-1578.04,0,0,0,2500,0,0,2500,0,2500,0
20230101T000001.500000,3,119,295.159,52.5841,-10.8694,0,0,0,2500,0,0,2500,0,2500,0
20230101T000001.500000,3,120,4512.84,952.216,346.733,0,0,0,2500,0,0,2500,0,2500,0
20230101T000001.500000,3,121,5166.92,5404.43,-976.152,0,0,0,2500,0,0,2500,0,2500,0
20230101T000001.500000,3,122,3661.81,3724.67,-749.072,0,0,0,2500,0,0,2500,0,2500,0
20230101T000001.500000,3,123,4770.72,3916.18,46.1834,0,0,0,2500,0,0,2500,0,2500,0
20230101T000001.600000,6,135,4793.74,-1723.21,448.919,0,0,0,5092.89,13094.1,-3437.94,36812.1,1235.84,41519.6,3.91866e+16
20230101T000001.600000,6,136,7961.56,659.027,-618.66,0,0,0,1366.31,-8339.44,7875.88,101423,651.936,102114,4.41756e+16
20230101T000001.600000,6,137,299.824,1.27892,-10.5493,0,0,0,64.1004,-0.340109,2.8117,143.833,0.0119935,143.913,3.9083e+27
20230101T000001.600000,6,138,1218.78,1327.74,-445.713,0,0,0,2993.56,-2400.76,859.076,2581.92,935.876,5200.99,2.16243e+16
20230101T000001.600000,6,139,3359,2915.01,527.368,0,0,0,13885.5,-15414.9,-2828.63,18270.9,-2454.74,31649.1,1.05436e+16
20230101T000001.600000,6,140,5639.1,6892.02,-246.672,0,0,0,76064.5,-62104.6,2224.49,50975.8,2718.73,126879,9.78187e+15
20230101T000001.600000,4,119,303.738,4.54485,-10.5666,0.849402,-4.75637,0.029977,64.7774,-12.7001,2.63123,133.802,0.468767,136.137,0
20230101T000001.600000,3,124,4793.74,-1723.21,448.919,0,0,0,2500,0,0,2500,0,2500,0
20230101T000001.600000,3,125,7961.56,659.027,-618.66,0,0,0,2500,0,0,2500,0,2500,0
20230101T000001.600000,3,126,1218.78,1327.74,-445.713,0,0,0,2500,0,0,2500,0,2500,0
20230101T000001.600000,3,127,3359,2915.01,527.368,0,0,0,2500,0,0,2500,0,2500,0
20230101T000001.600000,3,128,5639.1,6892.02,-246.672,0,0,0,2500,0,0,2500,0,2500,0
20230101T000001.700000,6,141,295.324,-51.9353,-9.74013,0,0,0,66.4775,13.6086,2.55707,141.468,-0.449683,143.929,5.17729e+27
20230101T000001.700000,6,142,8177.77,-1562.78,459.422,0,0,0,4295.04,20374.1,-6007.82,107016,1148.1,110909,7.67571e+16
20230101T000001.700000,6,143,9846.74,-1801.84,662.94,0,0,0,5936.68,28251.9,-10440.3,155158,1910.46,160328,1.63581e+17
20230101T000001.700000,6,144,295.245,-52.3023,-9.95284,0,0,0,66.5149,13.6995,2.61211,141.421,-0.462733,143.918,5.11301e+27
20230101T000001.700000,6,145,6333.29,-137.708,-76.263,0,0,0,103.603,1393.84,772.023,64177,-16.7865,64207.3,3.38714e+16
20230101T000001.700000,6,146,6286.83,2070.72,351.408,0,0,0,7096.4,-20751.5,-3531.57,63264.4,-1163.2,70099.6,1.85252e+16
20230101T000001.700000,6,147,1881.35,1857.45,239.602,0,0,0,5598.84,-5513.55,-717.146,5739.83,-708.035,11183.9,1.27827e+16
20230101T000001.700000,6,148,1322.28,1181.21,-86.9584,0,0,0,2274.65,-2461.29,181.638,2831.18,162.26,5030.04,1.29925e+16
20230101T000001.700000,6,149,7180.75,5889.13,-1634.65,0,0,0,58084.2,-65534.7,18772.3,84245.3,15395.7,137994,1.61169e+16
20230101T000001.700000,3,129,295.324,-51.9353,-9.74013,0,0,0,2500,0,0,2500,0,2500,0
20230101T000001.700000,3,130,8177.77,-1562.78,459.422,0,0,0,2500,0,0,2500,0,2500,0
20230101T000001.700000,3,131,9846.74,-1801.84,662.94,0,0,0,2500,0,0,2500,0,2500,0
20230101T000001.700000,3,132,295.245,-52.3023,-9.95284,0,0,0,2500,0,0,2500,0,2500,0
20230101T000001.700000,3,133,6333.29,-137.708,-76.263,0,0,0,2500,0,0,2500,0,2500,0
20230101T000001.700000,3,134,6286.83,2070.72,351.408,0,0,0,2500,0,0,2500,0,2500,0
20230101T000001.700000,3,135,1881.35,1857.45,239.602,0,0,0,2500,0,0,2500,0,2500,0
20230101T000001.700000,3,136,1322.28,1181.21,-86.9584,0,0,0,2500,0,0,2500,0,2500,0
20230101T000001.700000,3,137,7180.75,5889.13,-1634.65,0,0,0,2500,0,0,2500,0,2500,0
20230101T000001.800000,6,150,8419.83,-5703.21,-432.087,0,0,0,52291.1,76663.7,5818.71,113544,-3941.33,165472,1.94116e+16
20230101T000001.800000,6,151,2068.05,-444.302,-383.637,0,0,0,600.169,1409.06,1258.42,6856.08,-270.361,7160.84,8.07647e+16
20230101T000001.800000,6,152,281.906,-102.231,-9.6698,0,0,0,73.357,25.5731,2.42344,134.602,-0.878839,143.942,1.589e+26
20230101T000001.800000,6,153,5999.8,-3367.93,-890.455,0,0,0,19161.3,31762.7,8540.98,57915.2,-4794.4,75746,2.29756e+16
20230101T000001.800000,6,154,8812.15,-2031.01,-897.277,0,0,0,7883.38,28340.3,12645,124315,-2914.39,130847,1.72234e+16
20230101T000001.800000,6,155,10139.7,-1914.68,-1965.61,0,0,0,11894.2,29924.6,31877.6,164718,-6019.44,170370,4.66644e+16
20230101T000001.800000,6,156,1384.02,292.929,78.9562,0,0,0,207.905,-633.727,-171.359,3067.98,-36.2684,3202.31,2.01691e+16
20230101T000001.800000,6,157,2489.11,3339.25,-414.902,0,0,0,17962,-13136.5,1648.6,10130.8,2211.68,27754.6,1.53275e+16
20230101T000001.800000,4,132,286.734,-100.509,-9.68512,-0.842685,-4.77297,0.0265069,64.7385,12.6407,2.41009,133.855,-0.426945,136.155,0
20230101T000001.800000,3,138,8419.83,-5703.21,-432.087,0,0,0,2500,0,0,2500,0,2500,0
20230101T000001.800000,3,139,2068.05,-444.302,-383.637,0,0,0,2500,0,0,2500,0,2500,0
20230101T000001.800000,3,140,5999.8,-3367.93,-890.455,0,0,0,2500,0,0,2500,0,2500,0
20230101T000001.800000,3,141,8812.15,-2031.01,-897.277,0,0,0,2500,0,0,2500,0,2500,0
20230101T000001.800000,3,142,10139.7,-1914.68,-1965.61,0,0,0,2500,0,0,2500,0,2500,0
20230101T000001.800000,3,143,1384.02,292.929,78.9562,0,0,0,2500,0,0,2500,0,2500,0
20230101T000001.800000,3,144,2489.11,3339.25,-414.902,0,0,0,2500,0,0,2500,0,2500,0
20230101T000001.900000,6,158,2027.48,-1736.61,307.411,0,0,0,4948.94,5527.59,-991.706,6667.79,849.432,11403.2,1.72866e+16
20230101T000001.900000,6,159,9958.02,-4818.26,994.249,0,0,0,38478.1,76123.6,-15836.1,158972,7662.4,195805,4.453e+16
20230101T000001.900000,6,160,259.854,-149.59,-10.071,0,0,0,83.9412,34.4833,2.32627,123.991,-1.33916,143.914,6.96874e+25
20230101T000001.900000,6,161,2723.2,129.732,-377.707,0,0,0,317.324,-551.423,1637.03,11866,77.9869,11893.5,2.23769e+16
20230101T000001.900000,6,162,3405.51,-310.457,53.8283,0,0,0,222.268,1685.42,-292.298,18556.6,26.6468,18710.2,1.13363e+16
20230101T000001.900000,6,163,6819.82,-1323.23,570.619,0,0,0,3364.82,14329.4,-6221.31,74437.2,1207.1,77217.9,1.58519e+16
20230101T000001.900000,6,164,4171.58,1484.17,-134.823,0,0,0,3606.97,-9876.73,898.046,27853.8,319.507,31367.8,1.08273e+16
20230101T000001.900000,6,165,6239.88,1981.03,-47.5199,0,0,0,6340.56,-19758.7,473.987,62303.9,150.481,68576.8,1.97673e+16
20230101T000001.900000,6,166,7975.69,4778.24,-2004.04,0,0,0,41304.2,-58115.8,25562.4,103492,15314.5,138312,2.07692e+16
20230101T000001.900000,6,167,9608.4,3756.47,1485.69,0,0,0,25695.5,-56530.9,-22831.7,148191,-8926.21,170293,1.46284e+16
20230101T000001.900000,6,168,1237.58,1081.92,59.0852,0,0,0,1912.26,-2107.9,-115.267,2480.69,-100.768,4323.53,1.30321e+16
20230101T000001.900000,6,169,5972.6,4883.58,-265.157,0,0,0,38264.7,-46581.8,2532.18,57145.7,2070.48,95234.1,9.06961e+15
20230101T000001.900000,4,129,278.166,-149.389,-10.0536,-3.29949,-18.7411,-0.0602891,64.7537,12.5853,2.36466,134.105,-0.415846,136.377,0
20230101T000001.900000,4,134,6212.97,2043.7,332.959,-14.2044,-5.19471,-3.54784,307.908,-724.327,-122.934,2268.44,-40.491,2500.4,0
20230101T000001.900000,3,145,2027.48,-1736.61,307.411,0,0,0,2500,0,0,2500,0,2500,0
20230101T000001.900000,3,146,9958.02,-4818.26,994.249,0,0,0,2500,0,0,2500,0,2500,0
20230101T000001.900000,3,147,2723.2,129.732,-377.707,0,0,0,2500,0,0,2500,0,2500,0
20230101T000001.900000,3,148,3405.51,-310.457,53.8283,0,0,0,2500,0,0,2500,0,2500,0
20230101T000001.900000,3,149,6819.82,-1323.23,570.619,0,0,0,2500,0,0,2500,0,2500,0
20230101T000001.900000,3,150,4171.58,1484.17,-134.823,0,0,0,2500,0,0,2500,0,2500,0
20230101T000001.900000,3,151,7975.69,4778.24,-2004.04,0,0,0,2500,0,0,2500,0,2500,0
20230101T000001.900000,3,152,9608.4,3756.47,1485.69,0,0,0,2500,0,0,2500,0,2500,0
20230101T000001.900000,3,153,1237.58,1081.92,59.0852,0,0,0,2500,0,0,2500,0,2500,0
20230101T000001.900000,3,154,5972.6,4883.58,-265.157,0,0,0,2500,0,0,2500,0,2500,0
20230101T000002,6,170,3196.65,-2953.33,330.757,0,0,0,14084.2,14986.3,-1688.15,16459.6,1559.65,30305.5,1.17391e+16
20230101T000002,6,171,229.583,-192.879,-10.2089,0,0,0,97.0967,39.2845,2.08364,110.853,-1.75053,143.931,9.40363e+25
20230101T000002,6,172,2682.54,-4002.9,578.367,0,0,0,25822.6,16904.1,-2478.18,11926.5,3697.95,37151.8,2.03137e+16
20230101T000002,6,173,1970.81,-1175.3,-287.642,0,0,0,2354.27,3620.12,900.238,6265.81,-536.861,8425.68,3.15795e+16
20230101T000002,6,174,8268.18,-5070.18,381.588,0,0,0,41346.6,66941.6,-5045.91,109462,3094.24,150511,1.9763e+16
20230101T000002,6,175,1146.38,371.222,20.6466,0,0,0,279.015,-661.946,-36.8272,2108.83,-11.9254,2323.2,1.50823e+16
20230101T000002,6,176,3703.79,2256.89,-977.736,0,0,0,9309.48,-12667.7,5782.4,22379.6,3523.48,30101.7,9.92339e+15
20230101T000002,6,177,10579.6,2578.19,-698.868,0,0,0,11433.1,-43447.5,11826,179132,2881.93,189720,1.67319e+16
20230101T000002,6,178,5477.49,1588.34,-948.839,0,0,0,5422.69,-13518.2,8305.67,48121.3,2408.44,52042.9,1.36428e+16
20230101T000002,6,179,7879.3,4865.74,336.666,0,0,0,38058.3,-61232.2,-4242.34,99401.2,-2619.79,137214,8.46889e+15
20230101T000002,6,180,6312.85,7915.55,-1327.77,0,0,0,101370,-78545.8,13406.1,65526,16809.6,164014,1.74194e+16
20230101T000002,6,181,7163.56,5931.84,526.023,0,0,0,56599.3,-67740.2,-6026.34,82312.7,-4990.15,138406,7.9329e+15
20230101T000002,6,182,3962.2,4581.07,-465.192,0,0,0,33753.3,-28839,2945.9,25352.9,3406.03,58696.8,8.90098e+15
20230101T000002,6,183,4021.26,4933.27,1463.6,0,0,0,40331.9,-30032.4,-9408,27968.6,-11541.7,64815.5,1.51566e+16
20230101T000002,3,155,3196.65,-2953.33,330.757,0,0,0,2500,0,0,2500,0,2500,0
20230101T000002,3,156,229.583,-192.879,-10.2089,0,0,0,2500,0,0,2500,0,2500,0
20230101T000002,3,157,2682.54,-4002.9,578.367,0,0,0,2500,0,0,2500,0,2500,0
20230101T000002,3,158,1970.81,-1175.3,-287.642,0,0,0,2500,0,0,2500,0,2500,0
20230101T000002,3,159,8268.18,-5070.18,381.588,0,0,0,2500,0,0,2500,0,2500,0
20230101T000002,3,160,1146.38,371.222,20.6466,0,0,0,2500,0,0,2500,0,2500,0
20230101T000002,3,161,3703.79,2256.89,-977.736,0,0,0,2500,0,0,2500,0,2500,0
20230101T000002,3,162,10579.6,2578.19,-698.868,0,0,0,2500,0,0,2500,0,2500,0
20230101T000002,3,163,5477.49,1588.34,-948.839,0,0,0,2500,0,0,2500,0,2500,0
20230101T000002,3,164,7879.3,4865.75,336.666,0,0,0,2500,0,0,2500,0,2500,0
20230101T000002,3,165,6312.85,7915.55,-1327.77,0,0,0,2500,0,0,2500,0,2500,0
20230101T000002,3,166,7163.56,5931.84,526.023,0,0,0,2500,0,0,2500,0,2500,0
20230101T000002,3,167,3962.2,4581.07,-465.192,0,0,0,2500,0,0,2500,0,2500,0
20230101T000002,3,168,4021.26,4933.27,1463.6,0,0,0,2500,0,0,2500,0,2500,0
20230101T000002.100000,6,184,7872.84,-8312.59,-7.18561,0,0,0,110589,104678,90.4862,99204.3,-95.5405,209729,1.10481e+16
20230101T000002.100000,6,185,7850.54,-6117.62,-534.126,0,0,0,60204.1,76590.3,6706.39,98806.3,-5226.02,158490,1.32669e+16
20230101T000002.100000,6,186,10608.4,-2955.32,-1316.59,0,0,0,16606.5,49428.5,22339.7,180264,-6223.49,194035,1.51522e+16
20230101T000002.100000,6,187,4433.73,480.602,154.122,0,0,0,470.311,-3398.45,-1091.14,31453.9,-118.276,31822.3,1.72744e+16
20230101T000002.100000,6,188,6019.14,3482.39,-51.7256,0,0,0,19454.4,-33508,497.737,57985.2,287.967,77371.3,2.15432e+16
20230101T000002.100000,6,189,5965.91,8367.57,1295.2,0,0,0,112952,-78573.7,-12358.6,58768.5,-17333.8,168974,7.04985e+16
20230101T000002.100000,6,190,192.214,226.565,41.586,0,0,0,109.56,-37.3476,-7.1057,97.2223,-8.37561,142.474,7.74706e+26
20230101T000002.100000,6,191,4270.41,4150.42,1114.3,0,0,0,28615,-27334.6,-7605.32,30173.3,-7391.63,56742,2.3541e+16
20230101T000002.100000,3,169,7872.84,-8312.59,-7.18561,0,0,0,2500,0,0,2500,0,2500,0
20230101T000002.100000,3,170,7850.55,-6117.62,-534.126,0,0,0,2500,0,0,2500,0,2500,0
20230101T000002.100000,3,171,10608.4,-2955.32,-1316.59,0,0,0,2500,0,0,2500,0,2500,0
20230101T000002.100000,3,172,4433.73,480.602,154.122,0,0,0,2500,0,0,2500,0,2500,0
20230101T000002.100000,3,173,6019.14,3482.39,-51.7256,0,0,0,2500,0,0,2500,0,2500,0
20230101T000002.100000,3,174,5965.91,8367.57,1295.2,0,0,0,2500,0,0,2500,0,2500,0
20230101T000002.100000,3,175,192.214,226.565,41.586,0,0,0,2500,0,0,2500,0,2500,0
20230101T000002.100000,3,176,4270.41,4150.42,1114.3,0,0,0,2500,0,0,2500,0,2500,0
20230101T000002.200000,6,192,4210.41,-5534.29,-61.6587,0,0,0,49031.1,37248.8,415.03,28408.4,-545.528,77369.5,1.46442e+16
20230101T000002.200000,6,193,1775.3,-894.633,-246.267,0,0,0,1408.24,2476.86,692.544,5075.14,-348.995,6324.28,1.4468e+16
20230101T000002.200000,6,194,6682.44,-1803.04,-42.9057,0,0,0,5263.92,19261.1,458.36,71452.5,-123.674,76649.5,1.34864e+16
20230101T000002.200000,6,195,7757.06,1612.44,365.023,0,0,0,4425.51,-19957.2,-4527.52,96286.6,-941.124,100435,1.81863e+16
20230101T000002.200000,6,196,3018.13,2888.57,255.846,0,0,0,13438.1,-13864.8,-1232.66,14655.2,-1179.75,27925,7.69827e+16
20230101T000002.200000,6,197,228.94,189.044,43.2115,0,0,0,96.2208,-37.0103,-8.79506,110.481,-7.2624,142.369,3.46437e+27
20230101T000002.200000,6,198,5776.51,4614.53,82.6695,0,0,0,34116,-42612.9,-763.508,53418.2,-609.923,87459.2,4.46339e+16
20230101T000002.200000,4,149,6771.55,-1331.2,545.971,-13.2871,-2.19522,-6.78383,172.357,477.259,-205.858,2539.51,39.942,2615.49,0
20230101T000002.200000,4,175,230.065,194.194,43.1244,3.74766,-3.20504,0.152311,104.497,-34.4955,-6.55612,93.1017,-7.72781,134.823,0
20230101T000002.200000,3,177,4210.41,-5534.29,-61.6587,0,0,0,2500,0,0,2500,0,2500,0
20230101T000002.200000,3,178,1775.3,-894.633,-246.267,0,0,0,2500,0,0,2500,0,2500,0
20230101T000002.200000,3,179,7757.06,1612.44,365.023,0,0,0,2500,0,0,2500,0,2500,0
20230101T000002.200000,3,180,3018.13,2888.57,255.846,0,0,0,2500,0,0,2500,0,2500,0
20230101T000002.200000,3,181,5776.51,4614.53,82.6695,0,0,0,2500,0,0,2500,0,2500,0
20230101T000002.300000,6,199,2562.07,-2614.71,-382.293,0,0,0,11084.3,10570,1562.51,10654.3,-1594.61,21442.2,1.28804e+16
20230101T000002.300000,6,200,8452.03,-7940.68,-1941.84,0,0,0,104125,104342,26252.4,117157,-24664.1,215188,1.8862e+16
20230101T000002.300000,6,201,3537.78,-4508.57,-455.434,0,0,0,32674.2,25328.4,2574.84,20270.2,-3281.39,52549.3,1.51836e+16
20230101T000002.300000,6,202,6898.44,-5817.02,-1205.89,0,0,0,55536.9,63027.8,13303.6,77134.6,-11218.1,130283,1.65942e+16
20230101T000002.300000,6,203,3790.56,-2744.74,-931.709,0,0,0,13005.3,15957.5,5640.79,23488.2,-4084.49,35045.5,1.64213e+16
20230101T000002.300000,6,204,3652.09,-1543.61,-447.353,0,0,0,4137.66,8882.36,2607.47,21398.5,-1102.09,25153.6,1.73211e+16
20230101T000002.300000,6,205,10203.3,-2189.81,645.119,0,0,0,8369.91,35599.6,-10527.9,166605,2259.47,174246,1.69134e+16
20230101T000002.300000,6,206,7548.54,-2819.04,1726.79,0,0,0,16955.8,32463.8,-20843.3,91760.3,7784.02,103887,1.01622e+16
20230101T000002.300000,6,207,4877.68,-1475.54,-125.074,0,0,0,3565.1,11490.9,974.614,38074.3,-294.83,41550.4,1.39522e+16
20230101T000002.300000,6,208,4459.99,569.314,1084.92,0,0,0,2431.19,-3818.47,-7727.5,31857.6,-986.409,32348.5,2.28276e+16
20230101T000002.300000,6,209,2823.52,1737.75,770.454,0,0,0,5564.53,-7399.47,-3468.61,13033.2,-2134.78,17590.6,1.39721e+17
20230101T000002.300000,6,210,257.311,148.085,43.3049,0,0,0,84.4155,-32.577,-9.90595,122.273,-5.70095,142.355,2.82609e+27
20230101T000002.300000,6,211,5213.01,3308.6,1344.24,0,0,0,19619.5,-26260.8,-11200.8,44328.5,-7108.95,60998.6,4.8766e+16
20230101T000002.300000,6,212,4513.89,2948.72,406.166,0,0,0,14141.5,-21146.3,-2929.41,32698.2,-1913.65,46512.6,3.67512e+16
20230101T000002.300000,6,213,2262.74,2110.33,38.2723,0,0,0,7161.04,-7607.1,-137.981,8222.85,-128.687,15317.6,8.83729e+16
20230101T000002.300000,6,214,4228.6,2871.37,1243.26,0,0,0,14925.6,-18249.6,-8399.44,29409.2,-5703.52,41804.9,5.39186e+16
20230101T000002.300000,6,215,4379.3,3136.99,464.937,0,0,0,16015.7,-21786.7,-3253.3,30824,-2330.41,46430.8,3.71226e+16
20230101T000002.300000,6,216,5001.99,3852.02,266.943,0,0,0,23852.6,-30742.5,-2134.26,40098.1,-1643.59,63773,4.67053e+16
20230101T000002.300000,3,182,2562.07,-2614.71,-382.293,0,0,0,2500,0,0,2500,0,2500,0
20230101T000002.300000,3,183,8452.03,-7940.68,-1941.84,0,0,0,2500,0,0,2500,0,2500,0
20230101T000002.300000,3,184,3537.78,-4508.57,-455.434,0,0,0,2500,0,0,2500,0,2500,0
20230101T000002.300000,3,185,6898.44,-5817.02,-1205.89,0,0,0,2500,0,0,2500,0,2500,0
20230101T000002.300000,3,186,3790.56,-2744.74,-931.708,0,0,0,2500,0,0,2500,0,2500,0
20230101T000002.300000,3,187,3652.09,-1543.61,-447.353,0,0,0,2500,0,0,2500,0,2500,0
20230101T000002.300000,3,188,10203.3,-2189.81,645.119,0,0,0,2500,0,0,2500,0,2500,0
20230101T000002.300000,3,189,7548.54,-2819.04,1726.79,0,0,0,2500,0,0,2500,0,2500,0
20230101T000002.300000,3,190,4877.68,-1475.54,-125.074,0,0,0,2500,0,0,2500,0,2500,0
20230101T000002.300000,3,191,4459.99,569.314,1084.92,0,0,0,2500,0,0,2500,0,2500,0
20230101T000002.300000,3,192,2823.52,1737.75,770.454,0,0,0,2500,0,0,2500,0,2500,0
20230101T000002.300000,3,193,257.311,148.085,43.3049,0,0,0,2500,0,0,2500,0,2500,0
20230101T000002.300000,3,194,5213.01,3308.6,1344.24,0,0,0,2500,0,0,2500,0,2500,0
20230101T000002.300000,3,195,4513.89,2948.72,406.166,0,0,0,2500,0,0,2500,0,2500,0
20230101T000002.300000,3,196,2262.74,2110.33,38.2723,0,0,0,2500,0,0,2500,0,2500,0
20230101T000002.300000,3,197,4228.6,2871.37,1243.26,0,0,0,2500,0,0,2500,0,2500,0
20230101T000002.300000,3,198,4379.3,3136.99,464.937,0,0,0,2500,0,0,2500,0,2500,0
20230101T000002.300000,3,199,5001.99,3852.02,266.943,0,0,0,2500,0,0,2500,0,2500,0
20230101T000002.400000,6,217,2491.12,-3034.11,-348.754,0,0,0,14833.2,11966.7,1386.48,10083.2,-1688.69,24658.9,1.57875e+16
20230101T000002.400000,6,218,4180.62,-3560.39,-571.757,0,0,0,20622.1,23526,3819.46,28210.6,-3252.81,48247.1,1.41541e+16
20230101T000002.400000,6,219,9438.36,-3226.05,1404.92,0,0,0,19535.8,47732.1,-21207.9,142869,7248.92,159185,5.68413e+16
20230101T000002.400000,6,220,9181.42,-1824.04,-1488.38,0,0,0,8793.31,26106.3,21855,135015,-4341.85,140203,1.56757e+16
20230101T000002.400000,6,221,1793.27,320.151,261.609,0,0,0,330.885,-888.796,-741.752,5150.65,-132.424,5310.62,4.13986e+17
20230101T000002.400000,6,222,8106.1,1055.41,-131.051,0,0,0,1872.16,-13676.7,1698.69,105136,221.168,106916,4.41762e+16
20230101T000002.400000,6,223,7521.39,1037.42,1250.9,0,0,0,4239.96,-12137.2,-15043.4,90562,-2074.92,92237.8,1.11623e+17
20230101T000002.400000,6,224,4811.61,-309.514,385.519,0,0,0,453.43,2363.51,-2962.87,37043.7,190.592,37196.2,2.56243e+16
20230101T000002.400000,6,225,2701.51,972.168,505.083,0,0,0,1928.51,-4052.28,-2172.9,11730.9,-781.943,13191.1,1.49909e+17
20230101T000002.400000,6,226,4405.82,1456.25,-108,0,0,0,3467.55,-10240.9,759.915,31066.2,251.173,34451.1,5.90891e+16
20230101T000002.400000,6,227,279.383,100.833,42.2623,0,0,0,74.2966,-24.1302,-10.4962,132.447,-3.78821,142.426,3.51214e+27
20230101T000002.400000,6,228,5660.65,2259.98,1072,0,0,0,9811.47,-19814.2,-9699.03,51530.1,-3872.28,59442.7,4.24758e+16
20230101T000002.400000,6,229,6785.55,1326.16,1544.81,0,0,0,6550.47,-13667.7,-16758.4,73812.5,-3275.26,76486.8,5.5581e+16
20230101T000002.400000,6,230,6458.05,3030.81,1450.46,0,0,0,17506.2,-29998.7,-14976.1,67348.9,-7028.41,81430,8.26032e+16
20230101T000002.400000,6,231,2797.78,1955.03,216.921,0,0,0,6208.85,-8686.33,-967.717,12569.8,-676.22,18639.8,4.30967e+16
20230101T000002.400000,6,232,4714.34,4199.82,691.747,0,0,0,28683.7,-31267.3,-5212.63,35926.7,-4643.73,63782.3,2.25773e+16
20230101T000002.400000,4,193,282.093,105.297,42.3187,2.45359,-4.23645,-0.0976441,81.2742,-30.0919,-9.13976,116.244,-5.26,134.712,0
20230101T000002.400000,4,199,5016.11,3884.6,284.336,1.39785,3.225,1.72207,946.023,-1141.91,-79.1392,1549.45,-60.9449,2424.78,0
20230101T000002.400000,3,200,2491.12,-3034.11,-348.754,0,0,0,2500,0,0,2500,0,2500,0
20230101T000002.400000,3,201,4180.62,-3560.39,-571.757,0,0,0,2500,0,0,2500,0,2500,0
20230101T000002.400000,3,202,9438.36,-3226.05,1404.92,0,0,0,2500,0,0,2500,0,2500,0
20230101T000002.400000,3,203,9181.42,-1824.04,-1488.38,0,0,0,2500,0,0,2500,0,2500,0
20230101T000002.400000,3,204,1793.27,320.151,261.609,0,0,0,2500,0,0,2500,0,2500,0
20230101T000002.400000,3,205,8106.1,1055.41,-131.051,0,0,0,2500,0,0,2500,0,2500,0
20230101T000002.400000,3,206,7521.39,1037.42,1250.9,0,0,0,2500,0,0,2500,0,2500,0
20230101T000002.400000,3,207,4811.61,-309.514,385.519,0,0,0,2500,0,0,2500,0,2500,0
20230101T000002.400000,3,208,2701.51,972.168,505.083,0,0,0,2500,0,0,2500,0,2500,0
20230101T000002.400000,3,209,4405.82,1456.25,-108,0,0,0,2500,0,0,2500,0,2500,0
20230101T000002.400000,3,210,5660.65,2259.98,1072,0,0,0,2500,0,0,2500,0,2500,0
20230101T000002.400000,3,211,6785.55,1326.16,1544.81,0,0,0,2500,0,0,2500,0,2500,0
20230101T000002.400000,3,212,6458.05,3030.81,1450.46,0,0,0,2500,0,0,2500,0,2500,0
20230101T000002.400000,3,213,2797.78,1955.03,216.921,0,0,0,2500,0,0,2500,0,2500,0
20230101T000002.500000,6,233,1949.1,-1905.29,571.438,0,0,0,6106.75,5649.97,-1772.88,6363.66,1733.03,11889.3,2.15062e+16
20230101T000002.500000,6,234,10103.1,-1950.08,633.267,0,0,0,6764.56,31391.6,-10232.9,163341,1975.13,169400,1.69681e+16
20230101T000002.500000,6,235,292.509,50.7348,43.2474,0,0,0,67.8634,-12.6883,-11.2453,138.816,-1.95046,142.347,9.30745e+26
20230101T000002.500000,6,236,8581.66,1066,64.701,0,0,0,1887.79,-14628.3,-887.912,117833,-110.295,119650,2.23026e+16
20230101T000002.500000,6,237,7230.93,491.56,-480.831,0,0,0,818.251,-5657.75,5558.75,83660.1,377.884,84045,1.54415e+16
20230101T000002.500000,6,238,9068.32,1682.48,-711.029,0,0,0,5372.69,-24255.2,10311.7,131604,1913.18,136105,4.89662e+16
20230101T000002.500000,6,239,5034.24,-432.394,536.929,0,0,0,819.856,3438.12,-4318.15,40553.6,370.888,40849.6,2.58518e+16
20230101T000002.500000,6,240,3599.21,844.152,492.153,0,0,0,1567.09,-4761.12,-2826.03,20750.4,-662.812,21868.2,4.57216e+16
20230101T000002.500000,6,241,7782.28,3899.81,1464.09,0,0,0,27124.7,-47160.5,-18221,97603.2,-9130.81,121238,3.66063e+16
20230101T000002.500000,6,242,9183.45,3112.04,-714.829,0,0,0,16286.1,-45459,10498.9,135028,3557.82,150433,3.47906e+16
20230101T000002.500000,6,243,2715.14,1850.63,677.219,0,0,0,6022.68,-7669.48,-2931.54,12047.4,-1998.12,17277.5,1.98974e+16
20230101T000002.500000,6,244,2519.06,2419.24,-539.613,0,0,0,9639.24,-9486.76,2167.94,10406.6,2082.04,19518.9,2.04377e+16
20230101T000002.500000,6,245,3431.19,5044.9,-935.022,0,0,0,41183.8,-27016.5,5127.8,19836.1,7539.42,59560.1,1.90192e+16
20230101T000002.500000,6,246,3646.19,3633.43,-570.067,0,0,0,21415.5,-20905.5,3320.75,21562,3309.14,42395.2,1.31841e+16
20230101T000002.500000,4,188,10064.4,-2156.73,636.251,-26.7177,6.35981,-1.70543,181.609,510.823,-150.498,2452.14,32.2993,2552.4,0
20230101T000002.500000,4,192,2775.57,1731.59,749.434,-9.22148,-1.18584,-4.04232,750,-932.498,-416.413,1691.22,-256.284,2166.56,0
20230101T000002.500000,3,214,1949.1,-1905.29,571.438,0,0,0,2500,0,0,2500,0,2500,0
20230101T000002.500000,3,215,292.509,50.7348,43.2474,0,0,0,2500,0,0,2500,0,2500,0
20230101T000002.500000,3,216,8581.66,1066,64.701,0,0,0,2500,0,0,2500,0,2500,0
20230101T000002.500000,3,217,7230.93,491.56,-480.831,0,0,0,2500,0,0,2500,0,2500,0
20230101T000002.500000,3,218,9068.32,1682.48,-711.029,0,0,0,2500,0,0,2500,0,2500,0
20230101T000002.500000,3,219,5034.24,-432.394,536.929,0,0,0,2500,0,0,2500,0,2500,0
20230101T000002.500000,3,220,3599.21,844.152,492.153,0,0,0,2500,0,0,2500,0,2500,0
20230101T000002.500000,3,221,7782.28,3899.81,1464.09,0,0,0,2500,0,0,2500,0,2500,0
20230101T000002.500000,3,222,9183.45,3112.04,-714.829,0,0,0,2500,0,0,2500,0,2500,0
20230101T000002.500000,3,223,2519.06,2419.24,-539.613,0,0,0,2500,0,0,2500,0,2500,0
20230101T000002.500000,3,224,3431.19,5044.9,-935.022,0,0,0,2500,0,0,2500,0,2500,0
20230101T000002.500000,3,225,3646.19,3633.43,-570.067,0,0,0,2500,0,0,2500,0,2500,0
20230101T000002.600000,6,247,1892.98,-2589.02,-83.7896,0,0,0,10751,7805.74,252.794,5782.42,-345.744,16458.3,1.85991e+16
20230101T000002.600000,6,248,6120.17,-3926.03,-1341.15,0,0,0,26744.7,37108.7,13123.3,60787.4,-8418.45,84594.4,1.35121e+16
20230101T000002.600000,6,249,3345.83,-4535.59,954.391,0,0,0,33450,23554.6,-5102.92,18895.4,6917.48,50827.6,2.38615e+16
20230101T000002.600000,6,250,8254.33,-2054.27,1647.25,0,0,0,10898.4,26098.7,-21743.6,109271,5411.36,115769,3.07733e+16
20230101T000002.600000,6,251,297.085,-0.171692,41.7408,0,0,0,65.5488,0.0437295,-11.0229,141.215,0.00637041,142.454,1.25793e+27
20230101T000002.600000,6,252,4406.93,1290.15,554.186,0,0,0,3173.88,-8947.45,-3900.31,31117.5,-1141.83,33737.8,3.17422e+16
20230101T000002.600000,6,253,7241.96,3525.52,-613.562,0,0,0,20425.2,-40588.5,7105.07,84041.1,3458.88,103801,1.81252e+16
20230101T000002.600000,6,254,1702.72,1859.28,-313.946,0,0,0,5631.74,-4955.39,849.998,4758.84,928.152,10170.8,1.27856e+16
20230101T000002.600000,6,255,1508.55,1346.6,235.023,0,0,0,2985.64,-3174.97,-561.793,3708.34,-501.482,6543.32,1.35254e+16
20230101T000002.600000,6,256,6890.06,9410.05,-1214.45,0,0,0,142524,-102582,13384.3,77534.2,18279.5,217636,3.09441e+16
20230101T000002.600000,6,257,4464.92,3958.74,-1445.75,0,0,0,26980.8,-26590.6,10317.3,33395.4,9147.65,56975,1.59274e+16
20230101T000002.600000,4,215,300.987,3.03112,41.8226,0.839383,-4.72315,-0.141071,65.9848,-11.7204,-10.3756,131.525,-1.79961,134.705,0
20230101T000002.600000,3,226,1892.98,-2589.02,-83.7896,0,0,0,2500,0,0,2500,0,2500,0
20230101T000002.600000,3,227,6120.17,-3926.03,-1341.15,0,0,0,2500,0,0,2500,0,2500,0
20230101T000002.600000,3,228,3345.83,-4535.59,954.391,0,0,0,2500,0,0,2500,0,2500,0
20230101T000002.600000,3,229,8254.33,-2054.27,1647.25,0,0,0,2500,0,0,2500,0,2500,0
20230101T000002.600000,3,230,4406.93,1290.15,554.186,0,0,0,2500,0,0,2500,0,2500,0
20230101T000002.600000,3,231,7241.96,3525.52,-613.562,0,0,0,2500,0,0,2500,0,2500,0
20230101T000002.600000,3,232,1702.72,1859.28,-313.946,0,0,0,2500,0,0,2500,0,2500,0
20230101T000002.600000,3,233,1508.55,1346.6,235.023,0,0,0,2500,0,0,2500,0,2500,0
20230101T000002.600000,3,234,6890.06,9410.05,-1214.45,0,0,0,2500,0,0,2500,0,2500,0
20230101T000002.600000,3,235,4464.92,3958.74,-1445.75,0,0,0,2500,0,0,2500,0,2500,0
20230101T000002.700000,6,258,2170.16,-1477.16,-263.061,0,0,0,3610.18,5048.1,908.163,7590.44,-618.16,11027.2,2.03849e+16
20230101T000002.700000,6,259,8459.47,-6198.14,-149.016,0,0,0,61531.9,83845.4,2016.22,114535,-1477.25,175967,2.53394e+16
20230101T000002.700000,6,260,6726.33,-2270.85,-139.649,0,0,0,8336.25,24410.3,1501.73,72399.4,-506.991,80640.5,3.7063e+16
20230101T000002.700000,6,261,292.669,-51.1683,41.6738,0,0,0,67.7889,12.8412,-10.8424,138.992,1.89561,142.472,1.42062e+27
20230101T000002.700000,6,262,8288.59,1332.28,1115.05,0,0,0,4840.51,-17346.8,-14779.3,109973,-2375.58,112762,2.68141e+16
20230101T000002.700000,6,263,6317.22,7637.04,679.52,0,0,0,93645,-76797.6,-6865.5,64328.1,-8299.87,157171,1.12578e+16
20230101T000002.700000,6,264,3970.78,3733.04,251.265,0,0,0,22384.4,-23634.7,-1594.2,25304.8,-1498.75,47524.5,1.6271e+16
20230101T000002.700000,3,236,2170.16,-1477.16,-263.061,0,0,0,2500,0,0,2500,0,2500,0
20230101T000002.700000,3,237,8459.47,-6198.14,-149.016,0,0,0,2500,0,0,2500,0,2500,0
20230101T000002.700000,3,238,6726.33,-2270.85,-139.649,0,0,0,2500,0,0,2500,0,2500,0
20230101T000002.700000,3,239,292.669,-51.1683,41.6738,0,0,0,2500,0,0,2500,0,2500,0
20230101T000002.700000,3,240,8288.59,1332.28,1115.05,0,0,0,2500,0,0,2500,0,2500,0
20230101T000002.700000,3,241,6317.22,7637.04,679.52,0,0,0,2500,0,0,2500,0,2500,0
20230101T000002.700000,3,242,3970.78,3733.04,251.265,0,0,0,2500,0,0,2500,0,2500,0
20230101T000002.800000,6,265,4148.15,-3401.29,677.641,0,0,0,18987,22183.4,-4491.37,27852.1,3682.72,46042.4,2.2686e+16
20230101T000002.800000,6,266,9592.61,-5300.73,-126.643,0,0,0,45025.1,81318.6,1943.09,147250,-1073.72,192185,8.99311e+16
20230101T000002.800000,6,267,9077.79,-4039.4,2209.92,0,0,0,32680.3,55745.2,-32085.5,133152,14277.3,157960,6.44604e+16
20230101T000002.800000,6,268,6527.93,-3458.19,-309.769,0,0,0,19304.3,36029.7,3233.08,68229.8,-1712.73,87316.7,2.40567e+16
20230101T000002.800000,6,269,279.443,-100.95,41.5666,0,0,0,74.2759,24.1935,-10.3255,132.507,3.73014,142.475,5.08597e+26
20230101T000002.800000,6,270,8189.87,-3972.08,-170.52,0,0,0,25333.3,52005.9,2233.38,107339,-1083.19,132562,2.74006e+16
20230101T000002.800000,6,271,3018.13,-579.914,-170.217,0,0,0,644.32,2780,818.51,14578.5,-157.271,15112.9,3.02417e+16
20230101T000002.800000,6,272,8266.23,-526.127,-1092.64,0,0,0,2408.03,6833.46,14443,109337,-919.264,109773,2.59198e+16
20230101T000002.800000,6,273,2636.94,3135.23,774.078,0,0,0,16150.3,-12725.2,-3258.4,11723.2,-3874.13,26855.2,2.05908e+16
20230101T000002.800000,6,274,7936.07,8055.94,986.614,0,0,0,104635,-101482,-12523.9,101593,-12713,204607,9.88119e+15
20230101T000002.800000,4,239,284.267,-99.2809,41.5723,-0.831904,-4.76363,-0.0100421,65.916,11.8606,-10.0038,131.682,1.749,134.821,0
20230101T000002.800000,3,243,4148.15,-3401.29,677.641,0,0,0,2500,0,0,2500,0,2500,0
20230101T000002.800000,3,244,9592.61,-5300.73,-126.643,0,0,0,2500,0,0,2500,0,2500,0
20230101T000002.800000,3,245,9077.79,-4039.4,2209.92,0,0,0,2500,0,0,2500,0,2500,0
20230101T000002.800000,3,246,6527.93,-3458.19,-309.769,0,0,0,2500,0,0,2500,0,2500,0
20230101T000002.800000,3,247,8189.87,-3972.08,-170.52,0,0,0,2500,0,0,2500,0,2500,0
20230101T000002.800000,3,248,3018.13,-579.914,-170.217,0,0,0,2500,0,0,2500,0,2500,0
20230101T000002.800000,3,249,8266.23,-526.127,-1092.64,0,0,0,2500,0,0,2500,0,2500,0
20230101T000002.800000,3,250,2636.94,3135.23,774.078,0,0,0,2500,0,0,2500,0,2500,0
20230101T000002.800000,3,251,7936.07,8055.94,986.614,0,0,0,2500,0,0,2500,0,2500,0
20230101T000002.900000,6,275,6784.77,-4360.28,-856.662,0,0,0,31295,46770.7,9293.95,74014.6,-5972.82,104073,1.43393e+16
20230101T000002.900000,6,276,6799.96,-5233.79,-175.987,0,0,0,43899.3,56888.4,1913.69,74025.4,-1472.93,117811,1.00452e+16
20230101T000002.900000,6,277,4537.41,-3623.92,1192.23,0,0,0,22438.5,25170.2,-8645.59,33850.7,6905.02,53956.1,2.66928e+16
20230101T000002.900000,6,278,257.309,-148.304,42.6223,0,0,0,84.4439,32.6681,-9.75012,122.294,5.61966,142.415,5.51587e+24
20230101T000002.900000,6,279,7150.66,-1975.81,25.342,0,0,0,6306.53,22588.7,-289.728,81815.7,80.0553,88057.2,4.65215e+16
20230101T000002.900000,6,280,6071.61,409.518,-260.018,0,0,0,439.606,-3966.74,2523.24,58983.9,170.187,59251.6,8.70187e+15
20230101T000002.900000,6,281,5178.46,674.001,-957.742,0,0,0,2230.91,-5388.69,7924.14,42931.7,1031.36,43635.2,1.68378e+16
20230101T000002.900000,6,282,7706.43,3443.35,-865.708,0,0,0,20023,-41987.3,10668.5,95232.6,4766.85,113994,1.12162e+16
20230101T000002.900000,6,283,5675.41,2211.21,9.87478,0,0,0,7878.83,-20057.5,-89.5728,51544.8,-34.8987,59359.5,9.55526e+15
20230101T000002.900000,6,284,5200.9,957.143,-471.655,0,0,0,1871.49,-7890.15,3919.28,43292.7,721.281,44745.3,1.54843e+16
20230101T000002.900000,3,252,6784.77,-4360.28,-856.662,0,0,0,2500,0,0,2500,0,2500,0
20230101T000002.900000,3,253,6799.96,-5233.79,-175.987,0,0,0,2500,0,0,2500,0,2500,0
20230101T000002.900000,3,254,4537.41,-3623.92,1192.23,0,0,0,2500,0,0,2500,0,2500,0
20230101T000002.900000,3,255,257.309,-148.305,42.6223,0,0,0,2500,0,0,2500,0,2500,0
20230101T000002.900000,3,256,7150.66,-1975.81,25.342,0,0,0,2500,0,0,2500,0,2500,0
20230101T000002.900000,3,257,6071.61,409.518,-260.018,0,0,0,2500,0,0,2500,0,2500,0
20230101T000002.900000,3,258,5178.46,674.001,-957.742,0,0,0,2500,0,0,2500,0,2500,0
20230101T000002.900000,3,259,7706.43,3443.35,-865.708,0,0,0,2500,0,0,2500,0,2500,0
20230101T000002.900000,3,260,5675.41,2211.21,9.87478,0,0,0,2500,0,0,2500,0,2500,0
20230101T000002.900000,3,261,5200.9,957.143,-471.655,0,0,0,2500,0,0,2500,0,2500,0
20230101T000003,6,285,4772.41,-6205.6,578.51,0,0,0,61837.9,47095.6,-4414.56,36817.9,5740.28,98057,1.72936e+16
20230101T000003,6,286,228.129,-190.163,42.644,0,0,0,96.5746,37.1385,-8.64921,110.17,7.20978,142.421,2.49649e+26
20230101T000003,6,287,5582.94,-6034.88,1487.36,0,0,0,59932.5,52112.4,-13278.5,51811.4,14353.4,108144,2.3302e+16
20230101T000003,6,288,4966.04,538.047,-216.54,0,0,0,600.483,-4260.27,1717.8,39460.2,186.115,39921.9,1.28294e+16
20230101T000003,6,289,9266.77,1303.64,2107.75,0,0,0,9749.15,-18339.9,-31237.7,137536,-4394.49,140119,1.26821e+16
20230101T000003,6,290,8808.47,-209.732,926.768,0,0,0,1507.1,2921.66,-13054.8,124144,310.838,124214,1.41372e+16
20230101T000003,4,255,233.152,-190.226,42.6429,-2.39176,-4.15067,0.00204176,81.2999,30.1748,-8.99596,116.261,5.18498,134.767,0
20230101T000003,3,262,4772.41,-6205.6,578.51,0,0,0,2500,0,0,2500,0,2500,0
20230101T000003,3,263,5582.94,-6034.88,1487.36,0,0,0,2500,0,0,2500,0,2500,0
20230101T000003,3,264,4966.04,538.047,-216.54,0,0,0,2500,0,0,2500,0,2500,0
20230101T000003,3,265,9266.77,1303.64,2107.75,0,0,0,2500,0,0,2500,0,2500,0
20230101T000003,3,266,8808.48,-209.732,926.768,0,0,0,2500,0,0,2500,0,2500,0
20230101T000003.100000,6,291,9299.68,-5653.09,-1300.14,0,0,0,53152.8,82886.6,19338.9,139121,-11755.7,189507,1.7966e+16
20230101T000003.100000,6,292,7961.9,-1500.92,-631.506,0,0,0,4282.03,18992.5,8039.9,101451,-1515.63,105032,1.17843e+16
20230101T000003.100000,6,293,3572.17,695.06,-737.85,0,0,0,1671.5,-3797.76,4204.92,20450.6,818.179,21192.1,1.60171e+16
20230101T000003.100000,6,294,2828.38,1921.44,71.6331,0,0,0,5956.5,-8661.75,-323.06,12822.3,-219.469,18706.7,1.54128e+16
20230101T000003.100000,6,295,4964.23,2898.48,973.978,0,0,0,14620.2,-22333.9,-7726.97,39831.4,-4511.57,52873.4,1.34064e+16
20230101T000003.100000,6,296,2081.48,2872.63,142.69,0,0,0,13236.5,-9521.1,-473.703,6995.36,-653.754,20135.5,3.89083e+16
20230101T000003.100000,6,297,312.849,375.658,-105.494,0,0,0,258.126,-149.211,44.361,203.222,53.267,385.237,6.646e+25
20230101T000003.100000,6,298,2670.51,3879.78,-765.278,0,0,0,24405.6,-16110.9,3264.15,12088.8,4742.23,35496.6,1.94293e+16
20230101T000003.100000,6,299,5238.48,3641.4,825.551,0,0,0,21993.4,-29980.1,-6912.73,44282.5,-4805.21,65123.5,2.84618e+16
20230101T000003.100000,4,244,9589.37,-5306.19,-143.089,-0.889542,-1.50164,-4.52644,676.699,1110.81,26.539,2073.09,-14.6651,2686.56,0
20230101T000003.100000,3,267,7961.9,-1500.92,-631.506,0,0,0,2500,0,0,2500,0,2500,0
20230101T000003.100000,3,268,3572.17,695.06,-737.85,0,0,0,2500,0,0,2500,0,2500,0
20230101T000003.100000,3,269,2828.38,1921.44,71.6331,0,0,0,2500,0,0,2500,0,2500,0
20230101T000003.100000,3,270,4964.23,2898.48,973.977,0,0,0,2500,0,0,2500,0,2500,0
20230101T000003.100000,3,271,2081.48,2872.63,142.69,0,0,0,2500,0,0,2500,0,2500,0
20230101T000003.100000,3,272,312.849,375.658,-105.494,0,0,0,2500,0,0,2500,0,2500,0
20230101T000003.100000,3,273,2670.51,3879.78,-765.277,0,0,0,2500,0,0,2500,0,2500,0
20230101T000003.100000,3,274,5238.48,3641.4,825.551,0,0,0,2500,0,0,2500,0,2500,0
20230101T000003.200000,6,300,512.214,-248.02,-32.1575,0,0,0,151.442,177.59,23.1099,432.211,-11.1901,518.406,2.42386e+16
20230101T000003.200000,6,301,8032.46,-4095.77,-835.197,0,0,0,27776.6,52161.2,10728.7,103476,-5470.56,130074,1.0298e+16
20230101T000003.200000,6,302,4873.56,-1808.16,-555.835,0,0,0,5721.24,13917.6,4327.89,38069.9,-1605.71,43234.3,1.02399e+16
20230101T000003.200000,6,303,1923.91,-326.895,-105.219,0,0,0,250.217,992.803,320.498,5924.58,-54.4564,6093.45,1.63438e+16
20230101T000003.200000,6,304,9747.72,6453.15,-1976.94,0,0,0,71020,-97738.7,30824.2,153953,20406.1,218660,3.37724e+16
20230101T000003.200000,6,305,6548.65,2138.28,29.7705,0,0,0,7374.69,-22385.2,-311.668,68622,-101.766,75931.3,1.55608e+16
20230101T000003.200000,6,306,1975.9,1839.13,-148.9,0,0,0,5465.04,-5764.8,468.161,6292.8,435.755,11658.8,1.11709e+16
20230101T000003.200000,6,307,2523.68,2667.5,-250.148,0,0,0,11462.3,-10689.3,1007.08,10276.8,1064.48,21575.5,9.72213e+15
20230101T000003.200000,6,308,377.017,311.7,-103.922,0,0,0,202.089,-149.468,52.6625,259.305,43.5389,385.641,5.79527e+24
20230101T000003.200000,6,309,4347.76,3240.05,102.803,0,0,0,16848.7,-22500.3,-714.164,30273.7,-532.212,47041.5,9.90839e+15
20230101T000003.200000,4,272,373.55,325.456,-104.137,6.00995,-4.97047,0.134305,226.812,-126.421,37.3454,180.295,44.8429,332.852,0
20230101T000003.200000,3,275,512.214,-248.02,-32.1575,0,0,0,2500,0,0,2500,0,2500,0
20230101T000003.200000,3,276,8032.46,-4095.77,-835.197,0,0,0,2500,0,0,2500,0,2500,0
20230101T000003.200000,3,277,4873.55,-1808.16,-555.835,0,0,0,2500,0,0,2500,0,2500,0
20230101T000003.200000,3,278,1923.91,-326.895,-105.219,0,0,0,2500,0,0,2500,0,2500,0
20230101T000003.200000,3,279,9747.72,6453.15,-1976.94,0,0,0,2500,0,0,2500,0,2500,0
20230101T000003.200000,3,280,6548.65,2138.28,29.7705,0,0,0,2500,0,0,2500,0,2500,0
20230101T000003.200000,3,281,1975.9,1839.13,-148.9,0,0,0,2500,0,0,2500,0,2500,0
20230101T000003.200000,3,282,2523.68,2667.5,-250.148,0,0,0,2500,0,0,2500,0,2500,0
20230101T000003.200000,3,283,4347.76,3240.05,102.803,0,0,0,2500,0,0,2500,0,2500,0
20230101T000003.300000,6,310,8260.52,-5795.68,-677.336,0,0,0,54278.5,76225.4,8948.73,109441,-6278.54,162922,1.55029e+16
20230101T000003.300000,6,311,6221.47,-5946.48,1132.53,0,0,0,57682.3,58136.9,-11267.6,62940.4,10769.6,118509,1.3421e+16
20230101T000003.300000,6,312,5823.11,-3648.09,-682.172,0,0,0,21874,33625.7,6350.45,54481.6,-3978.46,75548.2,9.35318e+15
20230101T000003.300000,6,313,5782.08,-3728.96,-587.419,0,0,0,22683,34217.4,5429.85,53672.7,-3501.79,75740.5,8.8364e+15
20230101T000003.300000,6,314,509.692,-196.882,-86.2087,0,0,0,126.705,135.572,61.1131,425.309,-23.6066,479.232,1.09304e+18
20230101T000003.300000,6,315,3466.16,901.189,357.58,0,0,0,1550.41,-4932.61,-1976.96,19239.8,-514.003,20522.9,1.63565e+16
20230101T000003.300000,6,316,422.828,244.919,-106.38,0,0,0,155.287,-131.339,60.4577,305.953,35.0195,384.926,1.11154e+25
20230101T000003.300000,6,317,3038.94,2384.63,478.311,0,0,0,9363.91,-11386.4,-2319.55,14939.7,-1820.14,23875.5,2.05525e+16
20230101T000003.300000,4,275,511.981,-204.72,-78.4434,-0.0230356,4.28705,-4.58277,133.176,143.707,18.6905,360.377,-9.05017,429.927,0
20230101T000003.300000,3,284,8260.52,-5795.68,-677.336,0,0,0,2500,0,0,2500,0,2500,0
20230101T000003.300000,3,285,6221.47,-5946.48,1132.53,0,0,0,2500,0,0,2500,0,2500,0
20230101T000003.300000,3,286,5823.11,-3648.09,-682.172,0,0,0,2500,0,0,2500,0,2500,0
20230101T000003.300000,3,287,5782.08,-3728.96,-587.419,0,0,0,2500,0,0,2500,0,2500,0
20230101T000003.300000,3,288,3466.16,901.189,357.58,0,0,0,2500,0,0,2500,0,2500,0
20230101T000003.300000,3,289,422.828,244.919,-106.38,0,0,0,2500,0,0,2500,0,2500,0
20230101T000003.300000,3,290,3038.94,2384.63,478.311,0,0,0,2500,0,0,2500,0,2500,0
20230101T000003.400000,6,318,1585.87,-1546.91,-332.365,0,0,0,3951.33,3805.47,836.615,4140.64,-816.064,7854.04,4.46638e+16
20230101T000003.400000,6,319,8978.85,-4045.99,1423.87,0,0,0,28940.5,56886.8,-20447.2,129550,9213.79,155185,2.28678e+16
20230101T000003.400000,6,320,1871.64,249.438,61.0538,0,0,0,168.228,-737.82,-180.784,5606.07,-24.0935,5704.47,3.15865e+16
20230101T000003.400000,6,321,9088.73,834.373,-1403.01,0,0,0,4299.08,-11841,20393,132195,1872.14,133283,1.83919e+16
20230101T000003.400000,6,322,460.147,165.419,-104.907,0,0,0,113.557,-96.7034,64.8838,347.793,23.3252,385.374,1.2771e+25
20230101T000003.400000,6,323,1760.23,1805.66,-115.831,0,0,0,5258.22,-5042.75,324.176,5001.22,332.542,10174.2,1.28165e+16
20230101T000003.400000,6,324,8460.53,5685.07,-194.859,0,0,0,51798,-76900.2,2636.77,114568,1771.78,166241,1.75599e+16
20230101T000003.400000,6,325,6470.82,4621.19,-674.955,0,0,0,34693.5,-47469.9,6983.63,67262.1,4987.42,101164,2.16735e+16
20230101T000003.400000,4,289,461.356,178.993,-105.11,3.81466,-6.52737,0.125767,139.689,-111.293,50.8974,267.36,29.4819,332.596,0
20230101T000003.400000,3,291,1585.87,-1546.91,-332.365,0,0,0,2500,0,0,2500,0,2500,0
20230101T000003.400000,3,292,8978.85,-4045.99,1423.87,0,0,0,2500,0,0,2500,0,2500,0
20230101T000003.400000,3,293,1871.64,249.438,61.0538,0,0,0,2500,0,0,2500,0,2500,0
20230101T000003.400000,3,294,9088.73,834.373,-1403.01,0,0,0,2500,0,0,2500,0,2500,0
20230101T000003.400000,3,295,1760.23,1805.66,-115.831,0,0,0,2500,0,0,2500,0,2500,0
20230101T000003.400000,3,296,8460.53,5685.07,-194.859,0,0,0,2500,0,0,2500,0,2500,0
20230101T000003.400000,3,297,6470.82,4621.19,-674.955,0,0,0,2500,0,0,2500,0,2500,0
20230101T000003.500000,6,326,434.349,-340.242,-46.7642,0,0,0,226.771,203.908,28.2594,327.349,-22.1366,487.534,3.51687e+16
20230101T000003.500000,6,327,9317,-4815.14,-98.4348,0,0,0,37159.7,71747.9,1466.85,138907,-758.089,175987,1.78177e+16
20230101T000003.500000,6,328,481.684,85.3913,-103.779,0,0,0,87.7515,-52.3225,67.1891,373.622,11.9111,385.654,1.49028e+24
20230101T000003.500000,6,329,4686.27,-120.679,420.554,0,0,0,369.545,895.935,-3147.63,35138,81.0563,35161.6,1.14887e+16
20230101T000003.500000,6,330,7226.25,3251.89,-1390.34,0,0,0,19543.4,-36417.7,16065.2,84081.1,7229.53,100471,1.49496e+16
20230101T000003.500000,6,331,482.162,80.348,-105.457,0,0,0,87.1437,-49.1847,68.3417,374.101,11.3885,385.143,1.38998e+24
20230101T000003.500000,6,332,5034.16,2782.88,582.104,0,0,0,12854.9,-22158.8,-4683.04,40690.1,-2588.78,52940.2,9.21665e+15
20230101T000003.500000,6,333,8557.33,4361.4,-1510.58,0,0,0,33382.6,-58212.8,20673.7,117930,10536.7,147601,1.99763e+16
20230101T000003.500000,6,334,8649.89,2559.9,569.983,0,0,0,11021.5,-35269.8,-7884.59,119760,-2333.42,130198,8.96682e+15
20230101T000003.500000,6,335,1336.39,1824.68,-95.6711,0,0,0,5354.58,-3864.16,202.97,2908.63,277.131,8184.79,1.74944e+16
20230101T000003.500000,6,336,2896.52,2719.37,890.097,0,0,0,12538.1,-11939.8,-4115.15,14046.2,-3863.46,25258.8,1.84241e+16
20230101T000003.500000,3,298,434.349,-340.242,-46.7642,0,0,0,2500,0,0,2500,0,2500,0
20230101T000003.500000,3,299,9317,-4815.14,-98.4348,0,0,0,2500,0,0,2500,0,2500,0
20230101T000003.500000,3,300,481.684,85.3913,-103.779,0,0,0,2500,0,0,2500,0,2500,0
20230101T000003.500000,3,301,4686.27,-120.679,420.554,0,0,0,2500,0,0,2500,0,2500,0
20230101T000003.500000,3,302,7226.25,3251.89,-1390.34,0,0,0,2500,0,0,2500,0,2500,0
20230101T000003.500000,3,303,482.162,80.348,-105.457,0,0,0,2500,0,0,2500,0,2500,0
20230101T000003.500000,3,304,5034.16,2782.88,582.104,0,0,0,2500,0,0,2500,0,2500,0
20230101T000003.500000,3,305,8557.33,4361.4,-1510.58,0,0,0,2500,0,0,2500,0,2500,0
20230101T000003.500000,3,306,8649.89,2559.9,569.983,0,0,0,2500,0,0,2500,0,2500,0
20230101T000003.500000,3,307,1336.39,1824.68,-95.6711,0,0,0,2500,0,0,2500,0,2500,0
20230101T000003.500000,3,308,2896.52,2719.37,890.097,0,0,0,2500,0,0,2500,0,2500,0
20230101T000003.600000,6,337,4739.68,-4247.74,-203.072,0,0,0,28941.3,32148.2,1538.48,36001.2,-1378.79,64812.7,7.52202e+15
20230101T000003.600000,6,338,4024.87,-5010.22,284.879,0,0,0,40239.6,32170.2,-1832.79,26037.1,2281.49,66083.1,1.43354e+16
20230101T000003.600000,6,339,2554.29,-1396.53,-153.819,0,0,0,3198.77,5664.64,625.677,10462.4,-342.084,13559.7,1.78161e+16
20230101T000003.600000,6,340,488.947,0.544717,-105.033,0,0,0,78.8285,-0.33832,69.0272,382.51,0.0769006,385.333,1.39901e+25
20230101T000003.600000,6,341,9052.83,-1331.18,215.881,0,0,0,2970.85,19261.5,-3125.44,131129,459.582,133961,1.09218e+16
20230101T000003.600000,6,342,5369.02,-592.396,-483.943,0,0,0,994.434,5041.17,4151.62,46127.4,-458.074,46684.2,1.65191e+16
20230101T000003.600000,6,343,11015.4,2158.57,-1322.23,0,0,0,10209.7,-37504.1,23296.4,194247,4565.17,201597,2.99955e+16
20230101T000003.600000,6,344,10917.5,2895.8,-1544.82,0,0,0,17043.1,-49622.2,26976.6,190963,7155.37,204126,1.84475e+16
20230101T000003.600000,6,345,4195.51,2508.59,-1050.08,0,0,0,11413.5,-16035.7,7037.7,28644.4,4208,38235.3,2.21045e+16
20230101T000003.600000,6,346,7973.12,5613.33,1813.81,0,0,0,53975.9,-69102.3,-23129.3,103478,-16283.8,152130,1.00506e+16
20230101T000003.600000,6,347,5474.7,4882.74,-367.859,0,0,0,38301.9,-42631.1,3219.88,48079.9,2871.73,86101.6,7.32816e+15
20230101T000003.600000,6,348,6875.4,4952.87,685.466,0,0,0,39786.3,-54098,-7536.39,75912.3,-5429.04,114884,1.46843e+16
20230101T000003.600000,4,303,493.728,11.6875,-105.092,1.14517,-6.79808,0.0361084,81.9465,-41.6736,57.5356,325.082,9.58781,332.783,0
20230101T000003.600000,3,309,4739.68,-4247.74,-203.072,0,0,0,2500,0,0,2500,0,2500,0
20230101T000003.600000,3,310,4024.87,-5010.22,284.879,0,0,0,2500,0,0,2500,0,2500,0
20230101T000003.600000,3,311,2554.29,-1396.53,-153.819,0,0,0,2500,0,0,2500,0,2500,0
20230101T000003.600000,3,312,9052.83,-1331.18,215.881,0,0,0,2500,0,0,2500,0,2500,0
20230101T000003.600000,3,313,5369.02,-592.396,-483.943,0,0,0,2500,0,0,2500,0,2500,0
20230101T000003.600000,3,314,11015.4,2158.57,-1322.23,0,0,0,2500,0,0,2500,0,2500,0
20230101T000003.600000,3,315,10917.5,2895.8,-1544.82,0,0,0,2500,0,0,2500,0,2500,0
20230101T000003.600000,3,316,4195.51,2508.59,-1050.08,0,0,0,2500,0,0,2500,0,2500,0
20230101T000003.600000,3,317,7973.12,5613.33,1813.81,0,0,0,2500,0,0,2500,0,2500,0
20230101T000003.600000,3,318,5474.7,4882.74,-367.859,0,0,0,2500,0,0,2500,0,2500,0
20230101T000003.600000,3,319,6875.4,4952.87,685.467,0,0,0,2500,0,0,2500,0,2500,0
20230101T000003.700000,6,349,8441.87,-5990.26,1969.96,0,0,0,61583.9,77950.8,-26598.6,116124,18874.1,171440,1.22261e+16
20230101T000003.700000,6,350,2132.29,-1086.36,-566.357,0,0,0,2343.87,3474.2,1919.44,7392.89,-977.921,9166.33,1.62364e+16
20230101T000003.700000,6,351,1814.03,-752.882,-160.43,0,0,0,996.292,2148.11,460.843,5280.54,-191.265,6172.5,2.15816e+16
20230101T000003.700000,6,352,2822.32,-1861.34,-615.133,0,0,0,6008.42,8098.54,2768.35,12947,-1825.75,18290.2,2.75622e+16
20230101T000003.700000,6,353,481.084,-87.2262,-104.779,0,0,0,88.4224,53.3161,67.7489,372.813,-12.2837,385.29,1.88964e+24
20230101T000003.700000,6,354,6369.25,-2938.21,-263.721,0,0,0,13957.4,29876.1,2685.35,64938.5,-1238.79,78720.8,1.91344e+16
20230101T000003.700000,6,355,3614.31,-47.8147,-78.9583,0,0,0,77.5896,275.529,455.211,20901.2,-6.0221,20904.9,1.92482e+16
20230101T000003.700000,6,356,480.759,-87.5993,-106.016,0,0,0,88.8422,53.4318,68.5036,372.349,-12.4821,384.961,1.9496e+24
20230101T000003.700000,6,357,7116.31,535.647,-648.347,0,0,0,1190.96,-6043.84,7376.4,81031.2,555.223,81486.6,1.3425e+16
20230101T000003.700000,6,358,2052.07,1112.04,-228.641,0,0,0,2092.26,-3589.57,745.24,6770.94,403.854,8716.77,1.00159e+16
20230101T000003.700000,6,359,1303.94,505.24,78.3742,0,0,0,472.444,-1029.28,-160.178,2730.02,-62.0645,3129.04,1.52297e+16
20230101T000003.700000,6,360,1687.12,2496.05,545.706,0,0,0,10137.2,-6487.99,-1466.79,4923.78,-2170.07,14524.6,1.21087e+16
20230101T000003.700000,6,361,6600.82,4301.27,-246.456,0,0,0,29714.6,-45353.4,2601.22,69761.3,1695.03,99314.9,2.36899e+16
20230101T000003.700000,6,362,6645.17,5156.97,-376.049,0,0,0,42732,-54689.7,3996,70762.2,3101.09,113204,2.13263e+16
20230101T000003.700000,6,363,4672.76,4841.73,-918.775,0,0,0,38189.4,-35492.5,6863.19,35667.3,7111.36,72444.4,2.53467e+16
20230101T000003.700000,4,297,6399.34,4559.21,-655.818,-19.6743,-17.059,5.2671,949.938,-1216.63,177.731,1784.66,126.928,2635.48,0
20230101T000003.700000,3,320,8441.87,-5990.26,1969.96,0,0,0,2500,0,0,2500,0,2500,0
20230101T000003.700000,3,321,2132.29,-1086.36,-566.357,0,0,0,2500,0,0,2500,0,2500,0
20230101T000003.700000,3,322,1814.03,-752.882,-160.43,0,0,0,2500,0,0,2500,0,2500,0
20230101T000003.700000,3,323,2822.32,-1861.34,-615.133,0,0,0,2500,0,0,2500,0,2500,0
20230101T000003.700000,3,324,481.084,-87.2262,-104.779,0,0,0,2500,0,0,2500,0,2500,0
20230101T000003.700000,3,325,6369.25,-2938.21,-263.721,0,0,0,2500,0,0,2500,0,2500,0
20230101T000003.700000,3,326,3614.31,-47.8147,-78.9583,0,0,0,2500,0,0,2500,0,2500,0
20230101T000003.700000,3,327,480.759,-87.5993,-106.016,0,0,0,2500,0,0,2500,0,2500,0
20230101T000003.700000,3,328,7116.31,535.647,-648.347,0,0,0,2500,0,0,2500,0,2500,0
20230101T000003.700000,3,329,2052.07,1112.04,-228.641,0,0,0,2500,0,0,2500,0,2500,0
20230101T000003.700000,3,330,1303.94,505.24,78.3742,0,0,0,2500,0,0,2500,0,2500,0
20230101T000003.700000,3,331,1687.12,2496.05,545.706,0,0,0,2500,0,0,2500,0,2500,0
20230101T000003.700000,3,332,6645.17,5156.97,-376.049,0,0,0,2500,0,0,2500,0,2500,0
20230101T000003.700000,3,333,4672.76,4841.73,-918.775,0,0,0,2500,0,0,2500,0,2500,0
20230101T000003.800000,6,364,6990.48,-8184.66,1689,0,0,0,109133,89258.5,-18884.7,80862.1,22110.8,185370,1.7442e+16
20230101T000003.800000,6,365,7482.33,-7043.63,-87.5133,0,0,0,79420.7,84286.3,1047.29,89612.2,-985.884,168957,7.60466e+15
20230101T000003.800000,6,366,459.567,-167.695,-103.763,0,0,0,114.245,98.0378,64.0944,347.143,-23.3879,385.672,7.18976e+24
20230101T000003.800000,6,367,2197.16,65.6396,45.4487,0,0,0,74.1113,-228.745,-158.451,7724.07,-4.73368,7730.93,1.27934e+16
20230101T000003.800000,6,368,8299.69,843.655,-1139.05,0,0,0,3255.64,-10988.1,15117.4,110238,1536.67,111356,1.6889e+16
20230101T000003.800000,6,369,5144.39,900.811,-752.939,0,0,0,2239.25,-7249.84,6188.56,42372.5,1083.65,43643.3,1.28455e+16
20230101T000003.800000,6,370,8960.38,1860.67,-148.187,0,0,0,5634.36,-26655.9,2123.48,128465,440.952,134001,1.00621e+16
20230101T000003.800000,6,371,1528.44,865.219,257.872,0,0,0,1325.79,-2043.43,-622.624,3778.84,-352.454,4936.94,1.82213e+16
20230101T000003.800000,6,372,2611.66,2017.64,-603.161,0,0,0,6916.72,-8119.46,2511.44,11153.9,1940.22,17428.7,3.13724e+16
20230101T000003.800000,6,373,7903.18,8049.17,-1859.76,0,0,0,106409,-98984.8,23509.6,102786,23943.9,203601,1.25305e+16
20230101T000003.800000,6,374,365.297,413.349,-30.9783,0,0,0,302.022,-209.173,15.7335,250.191,17.8031,487.079,5.91047e+17
20230101T000003.800000,4,327,468.312,-158.525,-104.073,-1.23234,-7.02236,0.192369,83.3855,45.2758,57.6725,323.617,-10.5085,332.632,0
20230101T000003.800000,3,334,6990.48,-8184.66,1689,0,0,0,2500,0,0,2500,0,2500,0
20230101T000003.800000,3,335,7482.33,-7043.63,-87.5133,0,0,0,2500,0,0,2500,0,2500,0
20230101T000003.800000,3,336,2197.16,65.6396,45.4487,0,0,0,2500,0,0,2500,0,2500,0
20230101T000003.800000,3,337,8299.69,843.655,-1139.05,0,0,0,2500,0,0,2500,0,2500,0
20230101T000003.800000,3,338,5144.39,900.811,-752.939,0,0,0,2500,0,0,2500,0,2500,0
20230101T000003.800000,3,339,8960.38,1860.67,-148.187,0,0,0,2500,0,0,2500,0,2500,0
20230101T000003.800000,3,340,1528.44,865.219,257.872,0,0,0,2500,0,0,2500,0,2500,0
20230101T000003.800000,3,341,2611.66,2017.64,-603.161,0,0,0,2500,0,0,2500,0,2500,0
20230101T000003.800000,3,342,7903.18,8049.17,-1859.76,0,0,0,2500,0,0,2500,0,2500,0
20230101T000003.800000,3,343,365.297,413.349,-30.9783,0,0,0,2500,0,0,2500,0,2500,0
20230101T000003.900000,6,375,7526.09,-9616,290.224,0,0,0,148023,115697,-3493.86,90750.6,4464.07,238575,1.67701e+16
20230101T000003.900000,6,376,423.056,-245.832,-103.138,0,0,0,155.226,132.389,58.6449,306.127,-34.0777,385.779,2.51666e+23
20230101T000003.900000,6,377,6975.83,555.447,266.3,0,0,0,669.89,-6185.5,-2969.84,77860.7,-236.472,78353.3,9.70758e+15
20230101T000003.900000,6,378,675.825,854.876,55.5106,0,0,0,1195.75,-890.941,-58.0081,773.1,-73.3766,1900.25,9.97131e+15
20230101T000003.900000,6,379,8601.06,7069.29,2374.91,0,0,0,85382.2,-92828.7,-32672.6,122028,-26853.9,198328,2.14273e+16
20230101T000003.900000,6,380,4027.6,5835.83,-1034.73,0,0,0,55064,-36776.9,6662.77,27157.3,9654.08,80447,1.91279e+16
20230101T000003.900000,6,381,5390.94,7507.72,-863.824,0,0,0,90613.2,-64162.2,7447.46,47329.2,10371.7,136686,1.43582e+16
20230101T000003.900000,3,344,7526.09,-9616,290.224,0,0,0,2500,0,0,2500,0,2500,0
20230101T000003.900000,3,345,423.056,-245.832,-103.138,0,0,0,2500,0,0,2500,0,2500,0
20230101T000003.900000,3,346,6975.83,555.447,266.3,0,0,0,2500,0,0,2500,0,2500,0
20230101T000003.900000,3,347,675.825,854.876,55.5106,0,0,0,2500,0,0,2500,0,2500,0
20230101T000003.900000,3,348,8601.06,7069.29,2374.91,0,0,0,2500,0,0,2500,0,2500,0
20230101T000003.900000,3,349,4027.6,5835.83,-1034.73,0,0,0,2500,0,0,2500,0,2500,0
20230101T000003.900000,3,350,5390.94,7507.72,-863.824,0,0,0,2500,0,0,2500,0,2500,0
20230101T000004,6,382,1688.24,-2512.75,-332.959,0,0,0,10177.1,6676.03,895.505,4726.04,-1332.86,14663.3,1.06071e+16
20230101T000004,6,383,374.954,-313.823,-104.373,0,0,0,203.821,149.565,52.5963,257.34,-44.0213,385.31,7.55727e+22
20230101T000004,6,384,5751.6,-2181.09,1033.83,0,0,0,9160.93,19484,-9504.07,53152.3,3604.08,60542.6,8.07119e+15
20230101T000004,6,385,7846.53,-342.215,668.819,0,0,0,965.148,4262.41,-8391.25,98510.4,365.972,98696.8,1.10363e+16
20230101T000004,6,386,9995.93,5846.22,-1223.56,0,0,0,56517.2,-92429.9,19563.2,160496,11441.7,214556,1.18024e+16
20230101T000004,6,387,10897.5,4977.06,2019.97,0,0,0,45087,-84289.4,-35210.6,191146,-16081.3,229644,1.06705e+16
20230101T000004,6,388,529.289,162.596,5.11273,0,0,0,100.814,-119.721,-3.76492,453.757,-1.15657,490.54,2.76154e+16
20230101T000004,6,389,6692.18,2250.53,-581.974,0,0,0,8647.76,-23914.6,6226.51,71717.9,2093.93,79760.6,8.04563e+15
20230101T000004,6,390,1599.6,1524.31,492.267,0,0,0,3952.78,-3677.18,-1250.06,4307.51,-1191.22,7814.62,1.37171e+16
20230101T000004,6,391,7052.42,8778.1,-765.729,0,0,0,123681,-98561.8,8637.67,80187.5,10751.3,202867,1.1641e+16
20230101T000004,4,345,386.405,-308.303,-104.203,-3.62879,-6.18527,-0.105456,139.617,112.139,49.3724,267.436,-28.6896,333.319,0
20230101T000004,3,351,1688.24,-2512.75,-332.959,0,0,0,2500,0,0,2500,0,2500,0
20230101T000004,3,352,5751.6,-2181.09,1033.83,0,0,0,2500,0,0,2500,0,2500,0
20230101T000004,3,353,7846.53,-342.215,668.819,0,0,0,2500,0,0,2500,0,2500,0
20230101T000004,3,354,9995.93,5846.22,-1223.56,0,0,0,2500,0,0,2500,0,2500,0
20230101T000004,3,355,10897.5,4977.06,2019.97,0,0,0,2500,0,0,2500,0,2500,0
20230101T000004,3,356,529.289,162.596,5.11273,0,0,0,2500,0,0,2500,0,2500,0
20230101T000004,3,357,6692.18,2250.53,-581.974,0,0,0,2500,0,0,2500,0,2500,0
20230101T000004,3,358,1599.6,1524.31,492.267,0,0,0,2500,0,0,2500,0,2500,0
20230101T000004,3,359,7052.42,8778.1,-765.729,0,0,0,2500,0,0,2500,0,2500,0
20230101T000004.100000,6,392,2926.41,-3644.56,-390.891,0,0,0,21373.3,16914.4,1826.93,13889.5,-2275.26,34955.2,1.11752e+16
20230101T000004.100000,6,393,7142.82,-4921.41,1449.8,0,0,0,41075.1,54644,-16560.5,82734.5,11410.2,120386,1.59373e+16
20230101T000004.100000,6,394,4191.69,-3591.31,114.47,0,0,0,20685,24043.9,-766.711,28148.4,656.895,48748.5,7.04337e+15
20230101T000004.100000,6,395,6165.38,-1439.5,-507.796,0,0,0,3767.01,14094.7,5004.25,60843.8,-1168.4,64135,6.86093e+15
20230101T000004.100000,6,396,7390.28,488.414,234.957,0,0,0,533.279,-5765.21,-2776.21,87386.6,-183.476,87767.6,1.35749e+16
20230101T000004.100000,6,397,9284.56,-389.203,853.941,0,0,0,1470.42,5730.25,-12679.7,137927,531.526,138168,1.23962e+16
20230101T000004.100000,6,398,6507.13,3954.7,779.504,0,0,0,25779.7,-40714.4,-8110.2,68027.7,-4928.96,92772.5,2.10836e+16
20230101T000004.100000,6,399,321.941,382.334,-16.1955,0,0,0,260.585,-165.236,7.00807,203.488,8.3227,399.788,1.21979e+26
20230101T000004.100000,6,400,6199.55,4403.21,876.028,0,0,0,31879.3,-43067.1,-8683.63,61927.9,-6167.52,92517,2.06232e+16
20230101T000004.100000,4,343,323.465,382.911,-17.0167,-11.5134,-8.37721,3.84266,259.838,-173.393,13.036,216.873,14.7507,413.073,0
20230101T000004.100000,3,360,2926.41,-3644.56,-390.891,0,0,0,2500,0,0,2500,0,2500,0
20230101T000004.100000,3,361,7142.82,-4921.41,1449.8,0,0,0,2500,0,0,2500,0,2500,0
20230101T000004.100000,3,362,4191.69,-3591.31,114.47,0,0,0,2500,0,0,2500,0,2500,0
20230101T000004.100000,3,363,6165.39,-1439.5,-507.796,0,0,0,2500,0,0,2500,0,2500,0
20230101T000004.100000,3,364,7390.28,488.414,234.957,0,0,0,2500,0,0,2500,0,2500,0
20230101T000004.100000,3,365,9284.56,-389.203,853.941,0,0,0,2500,0,0,2500,0,2500,0
20230101T000004.100000,3,366,6507.13,3954.7,779.504,0,0,0,2500,0,0,2500,0,2500,0
20230101T000004.100000,3,367,6199.55,4403.21,876.028,0,0,0,2500,0,0,2500,0,2500,0
20230101T000004.200000,6,401,7922.85,-6845.46,1443.81,0,0,0,76922.2,85095.9,-18296,101887,15808,175412,9.50288e+15
20230101T000004.200000,6,402,5262.35,-6341.64,22.2878,0,0,0,64372.7,53363.3,-187.548,44346.2,226.013,108654,2.17774e+16
20230101T000004.200000,6,403,3481.48,-693.405,-58.909,0,0,0,836.179,3849.2,327.103,19395.7,-65.1491,20162.4,1.33215e+16
20230101T000004.200000,6,404,1859.92,-754.477,-222.953,0,0,0,1033.36,2195.5,656.972,5555.03,-266.501,6446.41,1.00261e+16
20230101T000004.200000,6,405,4852.2,-2425.46,-402.107,0,0,0,9670.48,18701.2,3117.55,37734.6,-1558.36,47083.1,7.65954e+15
20230101T000004.200000,6,406,8200.48,1558.28,630.489,0,0,0,4560.46,-20317.5,-8267.78,107621,-1571.07,111482,9.60239e+15
20230101T000004.200000,6,407,8298.14,1170.62,968.983,0,0,0,3727.45,-15325.8,-12858,110205,-1813.87,112368,1.24394e+16
20230101T000004.200000,6,408,7921.32,4918.15,-385.063,0,0,0,38918.5,-62198.3,4878.08,100479,3028.68,139097,1.65167e+16
20230101T000004.200000,6,409,1574.7,1972.82,23.3512,0,0,0,6252.48,-4938.92,-58.4643,4007.09,-73.2456,10194.7,2.79914e+16
20230101T000004.200000,6,410,2341.63,3042.43,181.246,0,0,0,14853.5,-11342.5,-677.22,8846.25,-879.898,23583.5,1.71132e+16
20230101T000004.200000,6,411,6723.63,4559.31,-220.942,0,0,0,33357,-48982.2,2375.41,72376.3,1610.77,105591,2.65086e+16
20230101T000004.200000,6,412,381.284,323.117,-16.7909,0,0,0,204.517,-165.366,8.60486,259.514,7.29212,399.724,5.47107e+25
20230101T000004.200000,4,343,356.149,353.016,-16.6775,14.8498,-29.3307,3.73684,138.754,-87.0098,4.99872,112.355,5.61668,213.62,0
20230101T000004.200000,3,368,7922.85,-6845.46,1443.81,0,0,0,2500,0,0,2500,0,2500,0
20230101T000004.200000,3,369,5262.35,-6341.64,22.2878,0,0,0,2500,0,0,2500,0,2500,0
20230101T000004.200000,3,370,3481.48,-693.405,-58.909,0,0,0,2500,0,0,2500,0,2500,0
20230101T000004.200000,3,371,1859.92,-754.477,-222.953,0,0,0,2500,0,0,2500,0,2500,0
20230101T000004.200000,3,372,4852.2,-2425.46,-402.107,0,0,0,2500,0,0,2500,0,2500,0
20230101T000004.200000,3,373,8200.48,1558.28,630.489,0,0,0,2500,0,0,2500,0,2500,0
20230101T000004.200000,3,374,8298.15,1170.62,968.983,0,0,0,2500,0,0,2500,0,2500,0
20230101T000004.200000,3,375,7921.32,4918.15,-385.063,0,0,0,2500,0,0,2500,0,2500,0
20230101T000004.200000,3,376,1574.7,1972.82,23.3512,0,0,0,2500,0,0,2500,0,2500,0
20230101T000004.200000,3,377,2341.63,3042.43,181.246,0,0,0,2500,0,0,2500,0,2500,0
20230101T000004.200000,3,378,6723.63,4559.31,-220.942,0,0,0,2500,0,0,2500,0,2500,0
20230101T000004.300000,6,413,1449.24,-1099.41,134.469,0,0,0,1992.7,2504.72,-308.057,3394.29,233.696,5294.76,8.96712e+15
20230101T000004.300000,6,414,10073.5,-6679.79,1643.58,0,0,0,74437.2,105642,-26483.5,163700,17561.4,233753,2.65834e+16
20230101T000004.300000,6,415,2964.83,-3285.84,-189.982,0,0,0,17329.4,15526.6,899.387,14131.4,-996.766,31339.2,1.82435e+16
20230101T000004.300000,6,416,10738.5,-5097.64,-1662.84,0,0,0,45239.2,85847.4,28562.4,185330,-13558.8,226084,1.8551e+16
20230101T000004.300000,6,417,9776.6,-4216.97,-1890.93,0,0,0,33328.4,63861.1,29568.9,153838,-12754,181386,1.56102e+16
20230101T000004.300000,6,418,4328.67,-1687.2,1015.31,0,0,0,6039.47,11106.6,-7019.46,30205.4,2735.99,34537.4,1.5173e+16
20230101T000004.300000,6,419,2824.44,-135.872,185.134,0,0,0,147.83,608.328,-832.474,12764.2,40.0467,12793.8,1.35726e+16
20230101T000004.300000,6,420,8124.26,-650.992,-1217.31,0,0,0,3096.09,8268.37,15814.3,105621,-1267.19,106285,1.9442e+16
20230101T000004.300000,6,421,7598.6,244.267,-889.722,0,0,0,1423.8,-2927.05,10809.7,92383.4,347.491,92478.4,9.45031e+15
20230101T000004.300000,6,422,433.402,248.864,-17.7314,0,0,0,147.542,-144.754,10.329,316.514,5.93105,399.714,7.90116e+25
20230101T000004.300000,6,423,8297.91,3328.21,96.523,0,0,0,17791.2,-44160.3,-1280.86,110179,-513.742,127892,1.55771e+16
20230101T000004.300000,6,424,3488.69,2378.47,-318.933,0,0,0,9205.91,-13171,1776.28,19545.4,1211,28525.3,1.86097e+16
20230101T000004.300000,6,425,6619.32,7234.59,1958.9,0,0,0,86568.6,-73532.5,-20738.2,73480.1,-22665.8,153850,1.89569e+16
20230101T000004.300000,4,356,448.624,247.376,-16.3445,-22.2015,23.3343,-5.90568,93.0135,-99.129,-3.11732,385.251,-0.957628,415.703,0
20230101T000004.300000,3,379,1449.24,-1099.41,134.469,0,0,0,2500,0,0,2500,0,2500,0
20230101T000004.300000,3,380,10073.5,-6679.79,1643.58,0,0,0,2500,0,0,2500,0,2500,0
20230101T000004.300000,3,381,2964.83,-3285.84,-189.982,0,0,0,2500,0,0,2500,0,2500,0
20230101T000004.300000,3,382,10738.5,-5097.64,-1662.84,0,0,0,2500,0,0,2500,0,2500,0
20230101T000004.300000,3,383,9776.6,-4216.97,-1890.93,0,0,0,2500,0,0,2500,0,2500,0
20230101T000004.300000,3,384,4328.67,-1687.2,1015.31,0,0,0,2500,0,0,2500,0,2500,0
20230101T000004.300000,3,385,2824.44,-135.872,185.134,0,0,0,2500,0,0,2500,0,2500,0
20230101T000004.300000,3,386,8124.26,-650.992,-1217.31,0,0,0,2500,0,0,2500,0,2500,0
20230101T000004.300000,3,387,7598.6,244.267,-889.722,0,0,0,2500,0,0,2500,0,2500,0
20230101T000004.300000,3,388,8297.91,3328.21,96.523,0,0,0,2500,0,0,2500,0,2500,0
20230101T000004.300000,3,389,3488.69,2378.47,-318.933,0,0,0,2500,0,0,2500,0,2500,0
20230101T000004.300000,3,390,6619.32,7234.59,1958.9,0,0,0,2500,0,0,2500,0,2500,0
20230101T000004.400000,6,426,7323.67,-1368.43,-783.994,0,0,0,4007.58,15846.1,9180.19,85853.1,-1715.32,88814.7,2.04749e+16
20230101T000004.400000,6,427,8385,-1558.85,-1097.55,0,0,0,5811.85,20555.8,14716.8,112560,-2735.98,116382,1.67016e+16
20230101T000004.400000,6,428,6113.75,-1837.86,34.0976,0,0,0,5464.79,17959.8,-333.216,59810.1,100.169,65209.1,1.00872e+16
20230101T000004.400000,6,429,9030.81,5217.49,736.199,0,0,0,44253.4,-74985.8,-10633.7,130722,-6143.52,174045,2.81819e+16
20230101T000004.400000,6,430,3610,2132.29,276.158,0,0,0,7412.33,-12234.7,-1591.48,20899.4,-940.023,28126.3,2.18404e+16
20230101T000004.400000,6,431,469.531,171.266,-17.1498,0,0,0,103.765,-107.933,10.8231,360.296,3.94783,399.741,1.04968e+26
20230101T000004.400000,6,432,6936.15,1345.83,-1684.55,0,0,0,7331.97,-14075.5,18680.7,77143.2,3624.64,79877.8,2.73399e+16
20230101T000004.400000,6,433,5755.39,3543.27,-1052.57,0,0,0,21418.4,-31809.4,9684.41,53503.6,5962.15,73088.4,2.02482e+16
20230101T000004.400000,4,356,458.833,207.091,-16.876,-14.0923,-9.05722,-5.87317,66.5359,-64.0898,1.74583,179.658,3.20254,219.228,0
20230101T000004.400000,4,363,6194.31,-1462.86,-488.445,7.96155,-6.42769,5.32594,209.896,561.299,198.056,2482.89,-46.2423,2598.31,0
20230101T000004.400000,3,391,7323.67,-1368.43,-783.994,0,0,0,2500,0,0,2500,0,2500,0
20230101T000004.400000,3,392,8385,-1558.85,-1097.55,0,0,0,2500,0,0,2500,0,2500,0
20230101T000004.400000,3,393,9030.81,5217.49,736.199,0,0,0,2500,0,0,2500,0,2500,0
20230101T000004.400000,3,394,3610,2132.29,276.158,0,0,0,2500,0,0,2500,0,2500,0
20230101T000004.400000,3,395,6936.15,1345.83,-1684.55,0,0,0,2500,0,0,2500,0,2500,0
20230101T000004.400000,3,396,5755.39,3543.27,-1052.57,0,0,0,2500,0,0,2500,0,2500,0
20230101T000004.500000,6,434,1605.64,-1901.22,587.407,0,0,0,6038.47,4582.23,-1499.83,4482.53,1775.93,9911.68,1.49288e+16
20230101T000004.500000,6,435,1273.68,-1449.2,311.307,0,0,0,3455.05,2845.5,-627.765,2718.3,714.273,5957.54,2.1635e+16
20230101T000004.500000,6,436,8693.97,-4808.82,-1268.1,0,0,0,39018,65775.9,17632.6,121554,-9752.99,157937,3.43029e+16
20230101T000004.500000,6,437,10104.6,-3040.24,-165.934,0,0,0,14887.9,49122.6,2681.74,163372,-806.878,178152,1.38417e+16
20230101T000004.500000,6,438,6800.3,-1603.19,-476.771,0,0,0,4517.23,17348,5183.27,74013.1,-1221.97,78103.2,1.58881e+16
20230101T000004.500000,6,439,9882.07,1404.93,-602.406,0,0,0,3789.75,-22123.9,9521.01,156261,1353.6,159407,3.42615e+16
20230101T000004.500000,6,440,7782.94,867.323,-195.695,0,0,0,1327.3,-10786.7,2435.35,96920.1,271.393,98122.2,1.73978e+16
20230101T000004.500000,6,441,8007.9,528.063,-1379.53,0,0,0,3539.85,-6561.88,17664.8,102616,1164.87,103050,1.79147e+16
20230101T000004.500000,6,442,491.954,87.7715,-18.0717,0,0,0,74.7772,-57.9451,11.9492,389.218,2.1319,399.64,1.34625e+26
20230101T000004.500000,6,443,6462.15,6249.46,50.1941,0,0,0,62524.3,-64581.9,-518.722,66848,-501.649,129304,1.35571e+16
20230101T000004.500000,6,444,3668.38,2995.84,-427.54,0,0,0,14573.6,-17409.4,2504.97,21673.6,2045.72,35891.8,1.1211e+16
20230101T000004.500000,3,397,1605.64,-1901.22,587.407,0,0,0,2500,0,0,2500,0,2500,0
20230101T000004.500000,3,398,1273.68,-1449.2,311.307,0,0,0,2500,0,0,2500,0,2500,0
20230101T000004.500000,3,399,8693.97,-4808.82,-1268.1,0,0,0,2500,0,0,2500,0,2500,0
20230101T000004.500000,3,400,10104.6,-3040.24,-165.934,0,0,0,2500,0,0,2500,0,2500,0
20230101T000004.500000,3,401,6800.3,-1603.19,-476.771,0,0,0,2500,0,0,2500,0,2500,0
20230101T000004.500000,3,402,9882.07,1404.93,-602.406,0,0,0,2500,0,0,2500,0,2500,0
20230101T000004.500000,3,403,7782.94,867.323,-195.695,0,0,0,2500,0,0,2500,0,2500,0
20230101T000004.500000,3,404,8007.9,528.063,-1379.53,0,0,0,2500,0,0,2500,0,2500,0
20230101T000004.500000,3,405,491.954,87.7715,-18.0717,0,0,0,2500,0,0,2500,0,2500,0
20230101T000004.500000,3,406,6462.15,6249.46,50.1941,0,0,0,2500,0,0,2500,0,2500,0
20230101T000004.500000,3,407,3668.38,2995.84,-427.54,0,0,0,2500,0,0,2500,0,2500,0
20230101T000004.600000,6,445,2613.15,-3641.01,1075.55,0,0,0,21860.9,14317.8,-4488.46,12187.3,6253.95,32140.2,1.52099e+16
20230101T000004.600000,6,446,6702.7,-6489.08,222.287,0,0,0,67446.9,69519.5,-2382.79,71951.1,2306.85,139255,1.00973e+16
20230101T000004.600000,6,447,10878.8,-4064.06,-853.249,0,0,0,27504.6,70337,14847.4,189509,-5546.62,215786,4.94657e+16
20230101T000004.600000,6,448,499.783,1.69614,-17.4187,0,0,0,64.4117,-1.13774,11.7011,399.653,0.0397108,399.735,5.98175e+25
20230101T000004.600000,6,449,5904.64,-9.31985,1427.16,0,0,0,3319.46,82.8095,-13468.4,55783.7,21.2584,55787.4,1.5135e+16
20230101T000004.600000,6,450,8274.59,1466.26,-34.9158,0,0,0,3503.82,-19401,462.001,109552,81.8668,112990,1.40759e+16
20230101T000004.600000,6,451,8347.47,-1690.2,-920.162,0,0,0,5932.96,22298.4,12282.9,111544,-2487.05,116060,1.71875e+16
20230101T000004.600000,6,452,5401.29,-223.737,432.976,0,0,0,443.012,1918.51,-3736.72,46678.9,154.786,46758.8,3.07457e+16
20230101T000004.600000,6,453,5513.86,172.623,220.084,0,0,0,188.937,-1518.49,-1939.07,48644.4,-60.7067,48692,1.81289e+16
20230101T000004.600000,6,454,3695.81,1313.39,144.871,0,0,0,2846.57,-7735.73,-854.444,21865.4,-303.647,24614.5,1.58936e+16
20230101T000004.600000,6,455,1897.64,1953.94,580.33,0,0,0,6399.87,-5632.68,-1752.92,6070.46,-1804.93,11873,1.4587e+16
20230101T000004.600000,6,456,2156.71,2716.89,-21.1713,0,0,0,11835.4,-9343.79,72.8137,7481.96,91.7261,19252.7,8.31805e+15
20230101T000004.600000,6,457,6561.26,8905.66,-1169.44,0,0,0,127689,-92416.5,12272.9,70339.5,16658.1,195778,1.46112e+16
20230101T000004.600000,6,458,4362.97,3841.91,89.1796,0,0,0,23659.6,-26781.4,-621.804,30490.3,-547.544,54073.2,2.59126e+16
20230101T000004.600000,6,459,4674.41,5322.31,-107.84,0,0,0,45359.2,-39765,805.898,35006.8,917.601,80283.5,1.30876e+16
20230101T000004.600000,4,392,8353.93,-1556.1,-1089.76,-5.97503,0.528679,1.4985,184.415,438.516,308.864,2461.66,-57.4207,2503.66,0
20230101T000004.600000,4,405,505.135,14.2324,-17.5083,1.305,-7.28112,0.0557839,71.4926,-48.7919,10.0599,336.263,1.79482,344.988,0
20230101T000004.600000,3,408,2613.15,-3641,1075.55,0,0,0,2500,0,0,2500,0,2500,0
20230101T000004.600000,3,409,6702.7,-6489.08,222.287,0,0,0,2500,0,0,2500,0,2500,0
20230101T000004.600000,3,410,10878.8,-4064.06,-853.249,0,0,0,2500,0,0,2500,0,2500,0
20230101T000004.600000,3,411,5904.64,-9.31985,1427.16,0,0,0,2500,0,0,2500,0,2500,0
20230101T000004.600000,3,412,8274.59,1466.26,-34.9158,0,0,0,2500,0,0,2500,0,2500,0
20230101T000004.600000,3,413,5401.29,-223.737,432.976,0,0,0,2500,0,0,2500,0,2500,0
20230101T000004.600000,3,414,5513.86,172.623,220.084,0,0,0,2500,0,0,2500,0,2500,0
20230101T000004.600000,3,415,3695.81,1313.39,144.871,0,0,0,2500,0,0,2500,0,2500,0
20230101T000004.600000,3,416,1897.64,1953.94,580.33,0,0,0,2500,0,0,2500,0,2500,0
20230101T000004.600000,3,417,2156.71,2716.89,-21.1713,0,0,0,2500,0,0,2500,0,2500,0
20230101T000004.600000,3,418,6561.26,8905.66,-1169.44,0,0,0,2500,0,0,2500,0,2500,0
20230101T000004.600000,3,419,4362.97,3841.91,89.1796,0,0,0,2500,0,0,2500,0,2500,0
20230101T000004.600000,3,420,4674.41,5322.31,-107.84,0,0,0,2500,0,0,2500,0,2500,0
20230101T000004.700000,6,460,492.201,-86.784,-16.2021,0,0,0,74.4629,57.3398,10.7184,389.559,-1.88986,399.736,7.97651e+25
20230101T000004.700000,6,461,4256.24,176.71,-582.139,0,0,0,653.965,-1178.32,3955.78,28986,164.236,29036.1,1.60486e+16
20230101T000004.700000,6,462,492.109,-87.3412,-16.3901,0,0,0,74.6012,57.696,10.8409,389.439,-1.92407,399.748,7.86926e+25
20230101T000004.700000,6,463,2139.18,915.604,-96.6267,0,0,0,1407.95,-3105.31,328.284,7333.95,140.511,8663.19,1.52976e+16
20230101T000004.700000,6,464,10641.4,1966.82,431.178,0,0,0,6538.84,-33422.8,-7338.8,181194,-1356.42,187371,3.55935e+16
20230101T000004.700000,6,465,931.726,1283.32,290.72,0,0,0,2703.12,-1819.4,-426.726,1518.08,-587.757,4026.14,1.33678e+16
20230101T000004.700000,6,466,2209.73,3213.45,-569.16,0,0,0,16708.5,-11090.1,2007.12,8207.12,2918.81,24336,9.61023e+15
20230101T000004.700000,6,467,6095.54,9159.27,396.641,0,0,0,134325,-89183.7,-3867.11,59667.8,-5810.79,193677,7.48137e+15
20230101T000004.700000,3,421,492.201,-86.784,-16.2021,0,0,0,2500,0,0,2500,0,2500,0
20230101T000004.700000,3,422,4256.24,176.71,-582.139,0,0,0,2500,0,0,2500,0,2500,0
20230101T000004.700000,3,423,492.109,-87.3412,-16.3901,0,0,0,2500,0,0,2500,0,2500,0
20230101T000004.700000,3,424,2139.18,915.604,-96.6267,0,0,0,2500,0,0,2500,0,2500,0
20230101T000004.700000,3,425,10641.4,1966.82,431.178,0,0,0,2500,0,0,2500,0,2500,0
20230101T000004.700000,3,426,931.726,1283.32,290.72,0,0,0,2500,0,0,2500,0,2500,0
20230101T000004.700000,3,427,2209.73,3213.45,-569.16,0,0,0,2500,0,0,2500,0,2500,0
20230101T000004.700000,3,428,6095.54,9159.27,396.641,0,0,0,2500,0,0,2500,0,2500,0
20230101T000004.800000,6,468,1859.37,-1623.13,-190.157,0,0,0,4284.22,4768.61,562.022,5584.12,-490.616,9747.25,7.24771e+15
20230101T000004.800000,6,469,7062.15,-5776.48,-482.568,0,0,0,53649.8,65057.1,5450.14,79973.3,-4457.93,133187,1.04986e+16
20230101T000004.800000,6,470,470.081,-169.831,-16.2016,0,0,0,103.071,107.17,10.2366,360.992,-3.69829,399.778,2.44986e+24
20230101T000004.800000,6,471,6639.13,-4216.41,-730.326,0,0,0,29098.3,44374.3,7753,70788.4,-4923.8,98970.4,1.66092e+16
20230101T000004.800000,6,472,5138.65,-1072.84,794.499,0,0,0,2869.32,8606.18,-6522.97,42293.9,1361.86,44092.2,1.39447e+16
20230101T000004.800000,6,473,8910.4,-1032.85,1111.97,0,0,0,3721.18,14491.5,-15845.2,127059,1836.7,128740,1.10733e+16
20230101T000004.800000,6,474,3921.91,2056.88,104.296,0,0,0,6833.04,-12873.6,-653.126,24627.8,-342.538,31379.5,1.05638e+16
20230101T000004.800000,6,475,10465.7,5560.8,-2888.23,0,0,0,59931.6,-87561.2,48351,178203,25690.5,224731,1.43797e+16
20230101T000004.800000,6,476,10072.7,3165.84,1520.03,0,0,0,19457.6,-49946.2,-24488.7,162672,-7696.8,178371,1.07216e+16
20230101T000004.800000,6,477,8446.85,3764,-1669.42,0,0,0,26440.4,-49189.4,22551.9,114908,10049.3,136829,9.98355e+15
20230101T000004.800000,6,478,2395.79,3352.79,733.083,0,0,0,18297.5,-12416,-2803.68,9793.95,-3923.62,27171.5,1.81706e+16
20230101T000004.800000,6,479,6198.65,6285.17,751.907,0,0,0,63682.8,-61851.4,-7453.5,61968.1,-7557.54,124683,1.28034e+16
20230101T000004.800000,4,423,479.23,-160.01,-16.2274,-1.27512,-7.1949,0.0161012,71.3441,48.5801,9.12667,336.438,-1.61983,345.076,0
20230101T000004.800000,3,429,1859.37,-1623.13,-190.157,0,0,0,2500,0,0,2500,0,2500,0
20230101T000004.800000,3,430,7062.15,-5776.48,-482.568,0,0,0,2500,0,0,2500,0,2500,0
20230101T000004.800000,3,431,6639.13,-4216.41,-730.326,0,0,0,2500,0,0,2500,0,2500,0
20230101T000004.800000,3,432,5138.65,-1072.84,794.499,0,0,0,2500,0,0,2500,0,2500,0
20230101T000004.800000,3,433,8910.4,-1032.85,1111.97,0,0,0,2500,0,0,2500,0,2500,0
20230101T000004.800000,3,434,3921.91,2056.88,104.295,0,0,0,2500,0,0,2500,0,2500,0
20230101T000004.800000,3,435,10465.7,5560.8,-2888.23,0,0,0,2500,0,0,2500,0,2500,0
20230101T000004.800000,3,436,10072.7,3165.84,1520.03,0,0,0,2500,0,0,2500,0,2500,0
20230101T000004.800000,3,437,8446.85,3764,-1669.42,0,0,0,2500,0,0,2500,0,2500,0
20230101T000004.800000,3,438,2395.79,3352.79,733.083,0,0,0,2500,0,0,2500,0,2500,0
20230101T000004.800000,3,439,6198.65,6285.17,751.907,0,0,0,2500,0,0,2500,0,2500,0
20230101T000004.900000,6,480,1340.98,-1427.58,-216.932,0,0,0,3325.72,2993.86,460.65,2950.76,-490.398,6138.74,1.78518e+16
20230101T000004.900000,6,481,7087.72,-7991.28,1199.68,0,0,0,103219,89449.5,-13600.1,81701.6,15333.9,182555,1.90622e+16
20230101T000004.900000,6,482,4928.27,-3697.46,-1072.97,0,0,0,23092.2,28241.2,8451.93,39546.3,-6341.1,60736.3,2.29724e+16
20230101T000004.900000,6,483,2029.88,-632.748,-559.555,0,0,0,1151.74,1895.71,1802.29,6642.32,-561.805,7237.39,2.88461e+16
20230101T000004.900000,6,484,2764.55,-592.083,192.11,0,0,0,678.272,2593.81,-845.525,12233.8,181.086,12789.6,2.00132e+16
20230101T000004.900000,6,485,10347.7,-4060.97,-1855.72,0,0,0,31214.9,65340,30714.2,172065,-12053.8,197709,1.58499e+16
20230101T000004.900000,6,486,432.51,-250.371,-16.4671,0,0,0,148.506,145.353,9.57239,315.459,-5.54125,399.671,1.07515e+24
20230101T000004.900000,6,487,6439.14,-3070.77,1277,0,0,0,17263.6,30599.1,-13146.4,66835,6269.4,81429.4,1.40957e+16
20230101T000004.900000,6,488,7088.11,-179.703,-382.36,0,0,0,349.21,2030.46,4332.89,80386.3,-109.85,80438,8.18434e+15
20230101T000004.900000,6,489,9017.35,1056.91,-1281.09,0,0,0,4439.48,-14937.9,18474.4,130137,2165.35,131889,1.16624e+16
20230101T000004.900000,6,490,6569.24,-727.559,-189.07,0,0,0,966.623,7633.96,1985.46,69049.4,-219.894,69894.9,8.2922e+15
20230101T000004.900000,6,491,0.000138388,4.07097e-05,1.43022e-05,0,0,0,58.3294,17.1588,6.02827,5.04763,1.77334,0.623014,1.23706e+16
20230101T000004.900000,6,492,840.116,713.108,-110.095,0,0,0,861.741,-917.719,143.162,1163.93,121.519,1943.54,9.23134e+15
20230101T000004.900000,6,493,4892.85,5447.38,-1334.12,0,0,0,48777.5,-41198.6,10436.7,39914.4,11619.5,85784.2,1.46318e+16
20230101T000004.900000,6,494,318.791,278.412,-12.5377,0,0,0,160.439,-110.203,4.96835,190.381,4.33904,286.681,2.16985e+16
20230101T000004.900000,6,495,428.351,350.155,-22.7362,0,0,0,234.969,-208.27,13.5496,319.499,11.0761,489.857,2.32464e+16
20230101T000004.900000,6,496,4292.38,3739.12,676.697,0,0,0,22822.1,-25285.4,-4641.77,29822.6,-4043.47,51849.8,2.16825e+16
20230101T000004.900000,4,419,4303.92,3787.93,116.675,-16.2513,-14.8584,7.56748,1168.6,-1255.4,-29.1411,1488.79,-25.6609,2593.7,0
20230101T000004.900000,3,440,1340.98,-1427.58,-216.932,0,0,0,2500,0,0,2500,0,2500,0
20230101T000004.900000,3,441,7087.72,-7991.28,1199.68,0,0,0,2500,0,0,2500,0,2500,0
20230101T000004.900000,3,442,4928.27,-3697.46,-1072.97,0,0,0,2500,0,0,2500,0,2500,0
20230101T000004.900000,3,443,2029.88,-632.748,-559.555,0,0,0,2500,0,0,2500,0,2500,0
20230101T000004.900000,3,444,2764.55,-592.083,192.11,0,0,0,2500,0,0,2500,0,2500,0
20230101T000004.900000,3,445,10347.7,-4060.97,-1855.72,0,0,0,2500,0,0,2500,0,2500,0
20230101T000004.900000,3,446,432.51,-250.371,-16.4671,0,0,0,2500,0,0,2500,0,2500,0
20230101T000004.900000,3,447,6439.14,-3070.77,1277,0,0,0,2500,0,0,2500,0,2500,0
20230101T000004.900000,3,448,7088.11,-179.703,-382.36,0,0,0,2500,0,0,2500,0,2500,0
20230101T000004.900000,3,449,9017.35,1056.91,-1281.09,0,0,0,2500,0,0,2500,0,2500,0
20230101T000004.900000,3,450,6569.24,-727.559,-189.07,0,0,0,2500,0,0,2500,0,2500,0
20230101T000004.900000,3,451,0.000138388,4.07097e-05,1.43022e-05,0,0,0,2500,0,0,2500,0,2500,0
20230101T000004.900000,3,452,840.116,713.108,-110.095,0,0,0,2500,0,0,2500,0,2500,0
20230101T000004.900000,3,453,4892.85,5447.38,-1334.11,0,0,0,2500,0,0,2500,0,2500,0
20230101T000004.900000,3,454,318.791,278.412,-12.5377,0,0,0,2500,0,0,2500,0,2500,0
20230101T000004.900000,3,455,428.351,350.155,-22.7362,0,0,0,2500,0,0,2500,0,2500,0
20230101T000005,6,497,2461.57,-3303.86,370.063,0,0,0,17565.7,12876.9,-1454.09,9876.68,1951.65,27160.3,1.67252e+16
20230101T000005,6,498,5337.97,-8041.74,2419.44,0,0,0,106354,64339.3,-20655.5,52133.5,31117.8,149065,2.06125e+16
20230101T000005,6,499,382.093,-322.184,-16.5887,0,0,0,203.705,165.244,8.51933,260.34,-7.18358,399.746,1.44783e+24
20230101T000005,6,500,3877.11,-4119.8,-340.79,0,0,0,27273.6,25432.1,2111.41,24183.5,-2243.58,51207.8,1.307e+16
20230101T000005,6,501,5530.88,-1613.19,894.629,0,0,0,5401.56,13914.7,-7907.62,49050.3,2306.41,53110.3,1.48344e+16
20230101T000005,6,502,6369.42,-1561.14,-532.653,0,0,0,4387.63,15790,5423.29,64940.5,-1329.24,68811,1.14879e+16
20230101T000005,6,503,3717.99,529.672,221.638,0,0,0,588.426,-3131.02,-1314.75,22120.3,-187.302,22566.6,9.7528e+15
20230101T000005,6,504,10228.7,3129.9,-256.992,0,0,0,15829.2,-51176,4204.43,167415,1286.53,183075,1.09539e+16
20230101T000005,6,505,372.543,408.971,13.7295,0,0,0,296.754,-211.783,-7.11479,257.182,-7.81047,489.712,3.44332e+17
20230101T000005,6,506,5746.04,6191,-1217.05,0,0,0,62451.4,-55705.1,11183,54134.1,12049,114154,1.01011e+16
20230101T000005,6,507,3837.78,4435.28,-597.461,0,0,0,31746.4,-26920.7,3664.46,23928.6,4234.97,55041.1,2.21507e+16
20230101T000005,4,446,394.55,-316.038,-16.5723,-3.75843,-6.5017,-0.0104128,133.574,122.391,8.05898,274.152,-4.66517,345.018,0
20230101T000005,4,455,386.047,403.365,7.79867,-4.1885,5.26834,3.02326,202.073,-170.124,11.0649,271.121,9.04498,410.181,0
20230101T000005,3,456,2461.57,-3303.86,370.063,0,0,0,2500,0,0,2500,0,2500,0
20230101T000005,3,457,5337.97,-8041.74,2419.44,0,0,0,2500,0,0,2500,0,2500,0
20230101T000005,3,458,3877.11,-4119.8,-340.79,0,0,0,2500,0,0,2500,0,2500,0
20230101T000005,3,459,5530.88,-1613.19,894.629,0,0,0,2500,0,0,2500,0,2500,0
20230101T000005,3,460,6369.42,-1561.14,-532.653,0,0,0,2500,0,0,2500,0,2500,0
20230101T000005,3,461,3717.99,529.672,221.638,0,0,0,2500,0,0,2500,0,2500,0
20230101T000005,3,462,10228.7,3129.9,-256.992,0,0,0,2500,0,0,2500,0,2500,0
20230101T000005,3,463,5746.04,6191,-1217.05,0,0,0,2500,0,0,2500,0,2500,0
20230101T000005,3,464,3837.78,4435.28,-597.461,0,0,0,2500,0,0,2500,0,2500,0
20230101T000005.100000,6,508,2194.37,-3009.98,-878.766,0,0,0,14945.8,9951.02,3076.92,8550.8,-4220.56,22203.8,1.81344e+16
20230101T000005.100000,6,509,5761.57,-7173.67,-1349,0,0,0,83504.7,64678.4,12430,54921.1,-15476.5,135453,1.36396e+16
20230101T000005.100000,6,510,7277.76,-2303.07,-266.725,0,0,0,8648.2,26766.8,3103.73,84761.3,-982.187,93231.9,1.2479e+16
20230101T000005.100000,6,511,7951.42,55.0364,-674.167,0,0,0,795.555,-694.715,8571.55,101160,59.3287,101165,1.28906e+16
20230101T000005.100000,6,512,1177.87,1699.8,-35.3837,0,0,0,4644.3,-3172.54,66.0605,2264.4,95.3324,6842.74,4.94021e+16
20230101T000005.100000,6,513,7457.08,7059.51,-401.002,0,0,0,79908.1,-84069,4782.68,89124.8,4527.69,168712,1.67721e+16
20230101T000005.100000,6,514,321.103,376.931,69.9777,0,0,0,257.005,-158.812,-30.2016,205.872,-35.4526,393.548,1.18819e+25
20230101T000005.100000,4,454,339.611,371.16,50.0526,4.0039,17.8362,12.0366,147.239,-96.8755,4.36714,173.56,3.81398,258.197,0
20230101T000005.100000,3,465,2194.37,-3009.98,-878.766,0,0,0,2500,0,0,2500,0,2500,0
20230101T000005.100000,3,466,5761.57,-7173.67,-1349,0,0,0,2500,0,0,2500,0,2500,0
20230101T000005.100000,3,467,7277.75,-2303.07,-266.725,0,0,0,2500,0,0,2500,0,2500,0
20230101T000005.100000,3,468,7951.42,55.0364,-674.167,0,0,0,2500,0,0,2500,0,2500,0
20230101T000005.100000,3,469,1177.87,1699.8,-35.3837,0,0,0,2500,0,0,2500,0,2500,0
20230101T000005.100000,3,470,7457.08,7059.51,-401.002,0,0,0,2500,0,0,2500,0,2500,0
20230101T000005.200000,6,515,1790.36,-1658.72,104.977,0,0,0,4446.01,4710.88,-298.699,5166.28,276.736,9530.89,1.20545e+16
20230101T000005.200000,6,516,1548.09,-1939.11,-228.273,0,0,0,6073.4,4731.48,561.777,3924.22,-703.672,9851.32,1.22797e+16
20230101T000005.200000,6,517,8310.93,-6507.05,804.928,0,0,0,68428.8,85993.3,-10699.7,110933,8377.34,178261,1.0254e+16
20230101T000005.200000,6,518,397.002,-380.903,49.4791,0,0,0,267.235,208.278,-27.3094,284.484,26.2019,484.829,2.00292e+18
20230101T000005.200000,6,519,4046.93,-5175.12,-361.67,0,0,0,42954.6,33376.9,2339.68,26373.7,-2991.93,69055.4,2.0279e+16
20230101T000005.200000,6,520,7201.63,-5903.87,-603.857,0,0,0,56156.1,67710.7,6954.81,83241.7,-5701.53,138751,1.11392e+16
20230101T000005.200000,6,521,7521.62,-2855.05,-21.1106,0,0,0,13098.7,34337.9,253.901,90527.7,-96.3756,103562,1.29102e+16
20230101T000005.200000,6,522,500.442,-223.528,67.4273,0,0,0,138.568,152.795,-46.9078,412.403,20.9519,481.605,1.94957e+18
20230101T000005.200000,6,523,7942.9,178.85,-1709.31,0,0,0,4784.72,-2166.36,21709.8,100946,488.841,100997,1.57423e+16
20230101T000005.200000,6,524,9312.92,909.534,367.536,0,0,0,1600.99,-13525.6,-5474.03,138771,-534.614,140092,1.13786e+16
20230101T000005.200000,6,525,381.42,315.287,72.1482,0,0,0,201.227,-157.547,-36.9878,261.589,-30.5746,393.152,5.33951e+25
20230101T000005.200000,6,526,4883.34,7284.01,1567.31,0,0,0,86128.8,-55065.9,-12239.8,40909.6,-18256.9,123048,1.75473e+16
20230101T000005.200000,4,454,358.365,348.463,59.4583,18.7772,-9.59809,20.3369,103.482,-65.309,-3.39913,102.708,-6.35417,168.233,0
20230101T000005.200000,3,471,1790.36,-1658.72,104.977,0,0,0,2500,0,0,2500,0,2500,0
20230101T000005.200000,3,472,1548.09,-1939.11,-228.273,0,0,0,2500,0,0,2500,0,2500,0
20230101T000005.200000,3,473,8310.93,-6507.05,804.928,0,0,0,2500,0,0,2500,0,2500,0
20230101T000005.200000,3,474,397.002,-380.903,49.4791,0,0,0,2500,0,0,2500,0,2500,0
20230101T000005.200000,3,475,4046.93,-5175.12,-361.67,0,0,0,2500,0,0,2500,0,2500,0
20230101T000005.200000,3,476,7201.63,-5903.87,-603.857,0,0,0,2500,0,0,2500,0,2500,0
20230101T000005.200000,3,477,7521.62,-2855.05,-21.1106,0,0,0,2500,0,0,2500,0,2500,0
20230101T000005.200000,3,478,500.442,-223.528,67.4273,0,0,0,2500,0,0,2500,0,2500,0
20230101T000005.200000,3,479,7942.9,178.85,-1709.31,0,0,0,2500,0,0,2500,0,2500,0
20230101T000005.200000,3,480,9312.92,909.534,367.536,0,0,0,2500,0,0,2500,0,2500,0
20230101T000005.200000,3,481,4883.34,7284.01,1567.31,0,0,0,2500,0,0,2500,0,2500,0
20230101T000005.300000,6,527,2403.99,-3061.05,34.4338,0,0,0,15017.2,11742,-132.096,9287.42,168.201,24238.7,1.88247e+16
20230101T000005.300000,6,528,7499.78,-6814.8,-766.351,0,0,0,74855.9,81275.9,9192.38,90448.6,-8352.8,164302,1.4211e+16
20230101T000005.300000,6,529,428.385,-351.885,13.3594,0,0,0,236.481,209.675,-7.96567,319.507,6.54319,491.776,3.20292e+18
20230101T000005.300000,6,530,2890.92,-4019.38,-567.932,0,0,0,26046.2,18317,2622.72,13753.6,-3646.49,39221.4,1.37278e+16
20230101T000005.300000,6,531,3986.54,-4497.96,-431.657,0,0,0,32529.8,28510.5,2750.27,25630.6,-3103.1,57798.9,1.14223e+16
20230101T000005.300000,6,532,1598.42,-283.205,-131.103,0,0,0,216.642,708.641,330.235,4090.68,-58.5106,4216.65,1.00804e+16
20230101T000005.300000,6,533,9984.15,-5809.77,1707.92,0,0,0,57538.9,90752.9,-27275.4,160690,15871.5,213500,1.6062e+16
20230101T000005.300000,6,534,7856.75,-2978.44,-142.586,0,0,0,14278.1,37409.3,1791.4,98777.9,-679.107,112959,1.20435e+16
20230101T000005.300000,6,535,2730.72,-160.201,58.9538,0,0,0,110.356,695.875,-256.201,11931.1,15.0304,11972,1.84554e+16
20230101T000005.300000,6,536,7770.41,568.276,-813.963,0,0,0,1634.09,-6983.46,10113.1,96612.7,739.607,97124.1,1.67982e+16
20230101T000005.300000,6,537,9310.04,905.578,-1809.05,0,0,0,6560.43,-12979,26935.9,138732,2620.03,139997,1.60509e+16
20230101T000005.300000,6,538,2919.49,1421.33,-256.369,0,0,0,3368.71,-6572.88,1193.03,13669.8,580.818,16870.2,1.79073e+16
20230101T000005.300000,6,539,428.848,247.056,71.4996,0,0,0,150.87,-138.865,-41.2123,311.917,-23.742,393.224,4.33061e+25
20230101T000005.300000,6,540,5183.11,2943.59,-16.0232,0,0,0,13912.3,-24383.5,132.73,42999.1,75.3802,56847,1.00428e+16
20230101T000005.300000,6,541,5350.05,2852.5,-376.653,0,0,0,13245.2,-24296.9,3220.69,45861.2,1717.18,58815.9,1.09448e+16
20230101T000005.300000,6,542,8775.55,3110.07,-2021.54,0,0,0,21339.4,-41590.2,28371.7,123953,10055,138695,1.68526e+16
20230101T000005.300000,6,543,2557.66,3332.47,-89.3344,0,0,0,17797.1,-13600.3,364.751,10514.9,475.248,28235.3,1.88846e+16
20230101T000005.300000,6,544,5736.43,6730.26,1523.84,0,0,0,74063.8,-59907.4,-13979.3,54838.5,-16401.2,125127,1.78035e+16
20230101T000005.300000,6,545,3923.23,4123.98,303.624,0,0,0,27311.9,-25781.4,-1903.55,24737.7,-2000.95,51838.4,1.66086e+16
20230101T000005.300000,6,546,5426.72,7618.32,-1429.8,0,0,0,93984.2,-64572.7,12409.1,49330.2,17420.5,139982,1.5961e+16
20230101T000005.300000,4,419,4258.98,3791.23,130.198,-62.2921,-34.7187,12.0401,1488.9,-1626.62,-49.9567,1905.47,-43.9258,3335.25,0
20230101T000005.300000,4,474,425.086,-358.564,19.4231,2.78065,2.21178,-2.97584,228.727,170.439,-22.3187,242.843,21.4137,406.343,0
20230101T000005.300000,3,482,2403.99,-3061.05,34.4338,0,0,0,2500,0,0,2500,0,2500,0
20230101T000005.300000,3,483,7499.78,-6814.8,-766.351,0,0,0,2500,0,0,2500,0,2500,0
20230101T000005.300000,3,484,2890.92,-4019.38,-567.932,0,0,0,2500,0,0,2500,0,2500,0
20230101T000005.300000,3,485,3986.54,-4497.96,-431.657,0,0,0,2500,0,0,2500,0,2500,0
20230101T000005.300000,3,486,1598.42,-283.205,-131.103,0,0,0,2500,0,0,2500,0,2500,0
20230101T000005.300000,3,487,9984.15,-5809.77,1707.92,0,0,0,2500,0,0,2500,0,2500,0
20230101T000005.300000,3,488,7856.75,-2978.44,-142.586,0,0,0,2500,0,0,2500,0,2500,0
20230101T000005.300000,3,489,2730.72,-160.201,58.9538,0,0,0,2500,0,0,2500,0,2500,0
20230101T000005.300000,3,490,7770.4,568.276,-813.963,0,0,0,2500,0,0,2500,0,2500,0
20230101T000005.300000,3,491,9310.04,905.578,-1809.05,0,0,0,2500,0,0,2500,0,2500,0
20230101T000005.300000,3,492,2919.49,1421.33,-256.369,0,0,0,2500,0,0,2500,0,2500,0
20230101T000005.300000,3,493,428.848,247.056,71.4996,0,0,0,2500,0,0,2500,0,2500,0
20230101T000005.300000,3,494,5183.11,2943.59,-16.0232,0,0,0,2500,0,0,2500,0,2500,0
20230101T000005.300000,3,495,5350.05,2852.5,-376.653,0,0,0,2500,0,0,2500,0,2500,0
20230101T000005.300000,3,496,8775.55,3110.07,-2021.54,0,0,0,2500,0,0,2500,0,2500,0
20230101T000005.300000,3,497,2557.66,3332.47,-89.3344,0,0,0,2500,0,0,2500,0,2500,0
20230101T000005.300000,3,498,5736.43,6730.26,1523.84,0,0,0,2500,0,0,2500,0,2500,0
20230101T000005.300000,3,499,5426.72,7618.32,-1429.8,0,0,0,2500,0,0,2500,0,2500,0
20230101T000005.400000,6,547,7072.79,-5263.56,-432.011,0,0,0,44561.4,59391.3,4886.32,80168.1,-3636.4,124367,1.19257e+16
20230101T000005.400000,6,548,3369.59,-3821.66,598.849,0,0,0,23646.7,20287.9,-3223.69,18524.9,3656.19,41535.6,2.76344e+16
20230101T000005.400000,6,549,5837.06,-1889.19,812.053,0,0,0,6722.42,17316.1,-7576.08,54620,2452.03,60225.5,2.31868e+16
20230101T000005.400000,6,550,465.767,168.115,69.8673,0,0,0,107.648,-102.751,-43.739,355.235,-15.7872,393.571,5.38468e+25
20230101T000005.400000,6,551,5756.06,1761.71,684.242,0,0,0,5708.5,-15997.5,-6294.8,53081.2,-1926.59,57978.2,2.06186e+16
20230101T000005.400000,6,552,5693.7,4639.74,-492.765,0,0,0,34715.3,-42046.2,4485.74,52049.6,3655.39,86313,2.22027e+16
20230101T000005.400000,6,553,3626.85,4664.81,1337.76,0,0,0,35918.4,-25652.7,-7754.48,22869,-9973.72,55866.3,2.04194e+16
20230101T000005.400000,6,554,3506.46,5248.79,538.808,0,0,0,44242.7,-29203.6,-3019.88,20037.5,-4520.44,63752.6,1.31968e+16
20230101T000005.400000,4,493,466.74,181.734,70.0913,3.75169,-6.4675,-0.139438,135.745,-117.242,-34.6958,271.716,-19.9879,339.586,0
20230101T000005.400000,3,500,7072.79,-5263.56,-432.011,0,0,0,2500,0,0,2500,0,2500,0
20230101T000005.400000,3,501,3369.59,-3821.66,598.849,0,0,0,2500,0,0,2500,0,2500,0
20230101T000005.400000,3,502,5837.06,-1889.19,812.053,0,0,0,2500,0,0,2500,0,2500,0
20230101T000005.400000,3,503,5756.06,1761.71,684.242,0,0,0,2500,0,0,2500,0,2500,0
20230101T000005.400000,3,504,5693.7,4639.74,-492.765,0,0,0,2500,0,0,2500,0,2500,0
20230101T000005.400000,3,505,3626.85,4664.81,1337.76,0,0,0,2500,0,0,2500,0,2500,0
20230101T000005.400000,3,506,3506.46,5248.79,538.808,0,0,0,2500,0,0,2500,0,2500,0
20230101T000005.500000,6,555,7254.02,-4959.76,-834.283,0,0,0,40160.9,57016.7,9678.07,84568.2,-6617.15,123553,9.22487e+15
20230101T000005.500000,6,556,8475.69,-5356.39,665.747,0,0,0,46457.7,72289.5,-9024.69,115160,5703.34,160845,1.19126e+16
20230101T000005.500000,6,557,487.556,84.7426,72.15,0,0,0,80.405,-54.1286,-47.2816,382.419,-8.21807,393.159,1.43127e+25
20230101T000005.500000,6,558,5319.84,-892.279,-371.754,0,0,0,1550.88,7548.39,3159.95,45289,-530.007,46555.3,1.70149e+16
20230101T000005.500000,6,559,7304.75,4786.64,-706.277,0,0,0,37262,-55549.4,8250.39,85634,5406.3,122035,1.49965e+16
20230101T000005.500000,6,560,2098.08,2448.66,17.7026,0,0,0,9620.83,-8188.12,-59.1979,7080.31,-69.0896,16636.6,1.10999e+16
20230101T000005.500000,6,561,7089.74,5086.05,-798.697,0,0,0,42104.4,-57180.5,9055.36,80791.4,6496.15,121812,1.47785e+16
20230101T000005.500000,6,562,3552.38,4610.6,-553.64,0,0,0,34218.5,-25938,3143.1,20538.6,4079.4,54203.8,1.07683e+16
20230101T000005.500000,6,563,4576.24,4308.82,103.953,0,0,0,29748.6,-31508.6,-760.373,33545.4,-715.939,63212.7,7.41493e+15
20230101T000005.500000,4,500,7076.67,-5257.69,-440.008,0.38428,0.581359,-0.79185,925.966,1152.61,94.6058,1616.99,-70.4055,2469.09,0
20230101T000005.500000,3,507,8475.69,-5356.39,665.747,0,0,0,2500,0,0,2500,0,2500,0
20230101T000005.500000,3,508,487.556,84.7426,72.15,0,0,0,2500,0,0,2500,0,2500,0
20230101T000005.500000,3,509,5319.84,-892.279,-371.754,0,0,0,2500,0,0,2500,0,2500,0
20230101T000005.500000,3,510,7304.75,4786.64,-706.277,0,0,0,2500,0,0,2500,0,2500,0
20230101T000005.500000,3,511,2098.08,2448.66,17.7026,0,0,0,2500,0,0,2500,0,2500,0
20230101T000005.500000,3,512,7089.74,5086.05,-798.697,0,0,0,2500,0,0,2500,0,2500,0
20230101T000005.500000,3,513,3552.38,4610.6,-553.64,0,0,0,2500,0,0,2500,0,2500,0
20230101T000005.500000,3,514,4576.24,4308.82,103.953,0,0,0,2500,0,0,2500,0,2500,0
20230101T000005.600000,6,564,1999.27,-2328.8,-232.358,0,0,0,8740.96,7375.31,740.136,6481.72,-862.129,15073,1.09491e+16
20230101T000005.600000,6,565,2897.38,-3419.12,-1003.62,0,0,0,19403.6,15025.4,4643.78,14405.2,-5480,32139.3,1.41388e+16
20230101T000005.600000,6,566,7861.65,-3506.59,348.443,0,0,0,19889.2,44012.1,-4380.57,98931.8,1953.9,118563,1.25702e+16
20230101T000005.600000,6,567,10102.5,-1907.28,1902.98,0,0,0,11474.8,29761.8,-30748.6,163498,5805.11,169119,1.72443e+16
20230101T000005.600000,6,568,7697.78,-668.649,-374.761,0,0,0,1001.75,8210.5,4612.64,94811.4,-400.666,95524.7,7.782e+15
20230101T000005.600000,6,569,495.289,0.716748,68.8765,0,0,0,70.3768,-0.466152,-45.8508,392.497,-0.0663522,393.712,1.93078e+25
20230101T000005.600000,6,570,7040.39,296.127,1301.68,0,0,0,2908.3,-3219.34,-14651.5,79312.3,-616.261,79449.8,1.01586e+16
20230101T000005.600000,6,571,10091.2,4947.81,1910.61,0,0,0,43928.2,-77554,-30839.2,164077,-15120.7,202104,1.63508e+16
20230101T000005.600000,6,572,10199.6,3119.01,1037.13,0,0,0,17197,-50401.5,-16919.4,166605,-5173.89,182018,1.58934e+16
20230101T000005.600000,6,573,4033.24,4459.41,1070.1,0,0,0,32670.4,-27835,-6898.14,27069.1,-7627.04,57847.3,1.43893e+16
20230101T000005.600000,4,505,3672.45,4691.61,1336.63,8.76905,5.15369,-0.216184,1616.51,-1116.24,-320.861,1048.68,-412.688,2371.42,0
20230101T000005.600000,4,508,500.439,12.7836,69.3247,1.27556,-7.12467,-0.279733,76.2518,-45.7018,-39.8047,331.248,-6.91849,339.525,0
20230101T000005.600000,3,515,1999.27,-2328.8,-232.358,0,0,0,2500,0,0,2500,0,2500,0
20230101T000005.600000,3,516,2897.38,-3419.12,-1003.62,0,0,0,2500,0,0,2500,0,2500,0
20230101T000005.600000,3,517,7861.65,-3506.59,348.443,0,0,0,2500,0,0,2500,0,2500,0
20230101T000005.600000,3,518,10102.5,-1907.28,1902.98,0,0,0,2500,0,0,2500,0,2500,0
20230101T000005.600000,3,519,7697.78,-668.649,-374.761,0,0,0,2500,0,0,2500,0,2500,0
20230101T000005.600000,3,520,7040.39,296.127,1301.68,0,0,0,2500,0,0,2500,0,2500,0
20230101T000005.600000,3,521,10091.2,4947.81,1910.61,0,0,0,2500,0,0,2500,0,2500,0
20230101T000005.600000,3,522,10199.6,3119.01,1037.13,0,0,0,2500,0,0,2500,0,2500,0
20230101T000005.700000,6,574,5761.17,-5926.51,364.049,0,0,0,56331.7,54491.9,-3353.8,53247.6,3450.05,109304,1.39407e+16
20230101T000005.700000,6,575,7468.08,-6063.93,-312.228,0,0,0,58966.5,72349.9,3729.18,89323,-3028.02,148070,1.05217e+16
20230101T000005.700000,6,576,1996.06,-784.745,-146.171,0,0,0,1070.1,2472.9,462.783,6387.88,-181.942,7360.39,1.55015e+16
20230101T000005.700000,6,577,5978.62,-1279.37,-1235.35,0,0,0,5012.48,11726,11805,57299.9,-2526.15,59811.7,1.08792e+16
20230101T000005.700000,6,578,6360.07,-1814.62,-438.475,0,0,0,5611.93,18367.8,4457.91,64748.8,-1271.9,69989.7,1.34102e+16
20230101T000005.700000,6,579,487.758,-85.505,69.6592,0,0,0,80.1172,54.7351,-45.6673,382.755,8.00558,393.592,2.1988e+25
20230101T000005.700000,6,580,7061.32,1010.21,-25.8495,0,0,0,1696.59,-11404.3,291.821,79780.9,41.7485,81412.4,1.80822e+16
20230101T000005.700000,6,581,9802.24,4535.99,530.344,0,0,0,33343.6,-70944.7,-8314.86,153825,-3847.7,186655,2.55783e+16
20230101T000005.700000,6,582,5706.69,2174.13,-73.0544,0,0,0,7626.28,-19827.2,666.323,52115.2,253.855,59669,1.36042e+16
20230101T000005.700000,6,583,8079.77,4760.7,-226.099,0,0,0,36371.1,-61480.9,2921.59,104490,1721.44,140715,1.38998e+16
20230101T000005.700000,6,584,7884.9,8308.3,-504.332,0,0,0,110668,-104581,6360.64,99722.3,6702.19,209919,1.11573e+16
20230101T000005.700000,6,585,390.948,375.302,99.1895,0,0,0,265.781,-195.956,-53.8683,281.793,-51.7124,471.982,1.94702e+18
20230101T000005.700000,6,586,7972.01,4810.98,-1139.97,0,0,0,38603.3,-60417.5,14533.9,102257,8770.99,138719,1.30667e+16
20230101T000005.700000,3,523,5761.17,-5926.51,364.049,0,0,0,2500,0,0,2500,0,2500,0
20230101T000005.700000,3,524,7468.08,-6063.93,-312.228,0,0,0,2500,0,0,2500,0,2500,0
20230101T000005.700000,3,525,1996.06,-784.745,-146.171,0,0,0,2500,0,0,2500,0,2500,0
20230101T000005.700000,3,526,5978.62,-1279.37,-1235.35,0,0,0,2500,0,0,2500,0,2500,0
20230101T000005.700000,3,527,6360.07,-1814.62,-438.475,0,0,0,2500,0,0,2500,0,2500,0
20230101T000005.700000,3,528,487.758,-85.5051,69.6592,0,0,0,2500,0,0,2500,0,2500,0
20230101T000005.700000,3,529,7061.32,1010.21,-25.8495,0,0,0,2500,0,0,2500,0,2500,0
20230101T000005.700000,3,530,9802.24,4535.99,530.344,0,0,0,2500,0,0,2500,0,2500,0
20230101T000005.700000,3,531,5706.69,2174.13,-73.0544,0,0,0,2500,0,0,2500,0,2500,0
20230101T000005.700000,3,532,8079.77,4760.71,-226.099,0,0,0,2500,0,0,2500,0,2500,0
20230101T000005.700000,3,533,7884.9,8308.3,-504.332,0,0,0,2500,0,0,2500,0,2500,0
20230101T000005.700000,3,534,390.948,375.302,99.1895,0,0,0,2500,0,0,2500,0,2500,0
20230101T000005.700000,3,535,7972.01,4810.98,-1139.97,0,0,0,2500,0,0,2500,0,2500,0
20230101T000005.800000,6,587,1179.35,-1367.11,-89.9823,0,0,0,3023.15,2541.69,167.714,2269.4,-194.416,5215.91,2.32875e+16
20230101T000005.800000,6,588,7815.02,-5797.75,-891.987,0,0,0,54644.3,71855.7,11148.8,98193.6,-8270.97,151502,1.13139e+16
20230101T000005.800000,6,589,466.033,-167.649,68.9999,0,0,0,107.303,102.585,-43.2198,355.566,15.5478,393.688,7.83926e+24
20230101T000005.800000,6,590,8017.98,-3956.46,3.8281,0,0,0,25097.2,50731.1,-49.0853,102873,24.221,127907,1.69328e+16
20230101T000005.800000,6,591,3235.66,-83.5871,164.361,0,0,0,118.166,429.971,-847.666,16751.3,21.8978,16762.6,1.99151e+16
20230101T000005.800000,6,592,9912.12,1900.89,-303.65,0,0,0,5985.4,-30107.9,4813.81,157208,923.167,162982,1.33792e+16
20230101T000005.800000,6,593,6063.56,286.245,-230.148,0,0,0,279.424,-2770.06,2230.4,58827.1,105.291,58958,1.57692e+16
20230101T000005.800000,6,594,2314.71,1073.78,163.856,0,0,0,1932.59,-3936.04,-603.136,8591.53,-279.79,10417.7,1.36328e+16
20230101T000005.800000,6,595,7452.28,2930.35,282.92,0,0,0,13905.4,-34875.1,-3371.34,88884,-1325.66,102598,7.07168e+15
20230101T000005.800000,6,596,989.055,814.825,114.678,0,0,0,1112.66,-1247.97,-177.092,1599.34,-145.895,2627.98,1.13432e+16
20230101T000005.800000,4,528,475.107,-158.036,69.0899,-1.25252,-7.18132,-0.0563675,76.0085,46.2053,-38.4462,331.484,6.73971,339.893,0
20230101T000005.800000,3,536,1179.35,-1367.11,-89.9823,0,0,0,2500,0,0,2500,0,2500,0
20230101T000005.800000,3,537,7815.02,-5797.75,-891.987,0,0,0,2500,0,0,2500,0,2500,0
20230101T000005.800000,3,538,8017.98,-3956.46,3.8281,0,0,0,2500,0,0,2500,0,2500,0
20230101T000005.800000,3,539,3235.66,-83.587,164.361,0,0,0,2500,0,0,2500,0,2500,0
20230101T000005.800000,3,540,9912.12,1900.89,-303.65,0,0,0,2500,0,0,2500,0,2500,0
20230101T000005.800000,3,541,6063.56,286.245,-230.148,0,0,0,2500,0,0,2500,0,2500,0
20230101T000005.800000,3,542,2314.71,1073.78,163.856,0,0,0,2500,0,0,2500,0,2500,0
20230101T000005.800000,3,543,7452.28,2930.35,282.92,0,0,0,2500,0,0,2500,0,2500,0
20230101T000005.800000,3,544,989.055,814.825,114.678,0,0,0,2500,0,0,2500,0,2500,0
20230101T000005.900000,6,597,6205.75,-5602.69,1348.2,0,0,0,51860.8,54152.6,-13379.1,62952.2,12078.9,111844,1.1694e+16
20230101T000005.900000,6,598,7266.87,-5945.33,675.223,0,0,0,57030.2,68737.6,-7847.26,84809.8,6420.18,141047,7.32637e+15
20230101T000005.900000,6,599,3742.95,-937.904,-92.3435,0,0,0,1480.48,5598.55,551.535,22420.1,-138.203,23823,1.59591e+16
20230101T000005.900000,6,600,7269.21,-2541.99,1022.33,0,0,0,11884.8,29024.5,-11882.6,84735.4,4155.25,94886.1,1.27947e+16
20230101T000005.900000,6,601,429.798,-246.206,69.7474,0,0,0,150.099,138.886,-40.2958,312.99,23.0831,393.793,8.61246e+22
20230101T000005.900000,6,602,2350.42,658.143,-299.915,0,0,0,884.963,-2421.32,1120.42,8854.23,313.73,9533.17,1.07973e+16
20230101T000005.900000,6,603,2576.44,1349.34,-198.893,0,0,0,3012.83,-5510.22,816.037,10648.2,427.379,13534.3,1.0234e+16
20230101T000005.900000,6,604,9414.26,6055.56,-989.706,0,0,0,59825.2,-90471.8,14903,142283,9586.12,200477,2.01622e+16
20230101T000005.900000,6,605,1927.96,1649.74,-427.326,0,0,0,4559.23,-4913.95,1310.23,6097.06,1121.15,10303.7,2.18494e+16
20230101T000005.900000,6,606,7285.03,8391.69,-486.282,0,0,0,112863,-97594.9,5666.29,85166.7,6527.04,197587,9.27169e+15
20230101T000005.900000,3,545,6205.75,-5602.69,1348.2,0,0,0,2500,0,0,2500,0,2500,0
20230101T000005.900000,3,546,7266.87,-5945.33,675.223,0,0,0,2500,0,0,2500,0,2500,0
20230101T000005.900000,3,547,3742.95,-937.903,-92.3435,0,0,0,2500,0,0,2500,0,2500,0
20230101T000005.900000,3,548,7269.21,-2541.99,1022.33,0,0,0,2500,0,0,2500,0,2500,0
20230101T000005.900000,3,549,429.798,-246.206,69.7474,0,0,0,2500,0,0,2500,0,2500,0
20230101T000005.900000,3,550,2350.42,658.143,-299.915,0,0,0,2500,0,0,2500,0,2500,0
20230101T000005.900000,3,551,2576.44,1349.34,-198.893,0,0,0,2500,0,0,2500,0,2500,0
20230101T000005.900000,3,552,9414.26,6055.56,-989.706,0,0,0,2500,0,0,2500,0,2500,0
20230101T000005.900000,3,553,1927.96,1649.74,-427.326,0,0,0,2500,0,0,2500,0,2500,0
20230101T000005.900000,3,554,7285.03,8391.69,-486.282,0,0,0,2500,0,0,2500,0,2500,0
20230101T000006,6,607,4389.64,-5849.68,-1289.92,0,0,0,55731.4,39776.9,9053.11,32573.1,-12064.3,85582.2,1.47325e+16
20230101T000006,6,608,380.531,-316.807,69.9737,0,0,0,202.274,158.182,-35.7888,260.581,29.7955,393.526,3.83863e+24
20230101T000006,6,609,7290.04,-2818.36,-148.23,0,0,0,12795.3,32840.2,1727.84,85044.3,-667.989,97740.5,1.16248e+16
20230101T000006,6,610,3010.32,1506.01,505.563,0,0,0,4006.04,-7065.01,-2426.64,14593.6,-1214,18129.5,9.63132e+15
20230101T000006,6,611,9920.95,3895.63,1111.41,0,0,0,26048.8,-61143.5,-17635.9,157753,-6925.04,181763,1.23095e+16
20230101T000006,6,612,537.506,114.603,67.5531,0,0,0,88.3042,-84.2129,-50.5172,465.32,-10.7709,484.228,2.93411e+16
20230101T000006,6,613,5987.63,2550.56,848.062,0,0,0,11435.9,-23997.3,-8117.06,57549.1,-3457.64,67772.4,1.03301e+16
20230101T000006,6,614,931.58,1401.33,192.887,0,0,0,3179.56,-2032.15,-283.494,1473.64,-426.446,4531.33,1.30558e+16
20230101T000006,6,615,3138.42,2274.45,-357.218,0,0,0,8452.48,-11293.9,1789.02,15851.6,1296.53,24037,1.48732e+16
20230101T000006,6,616,5346.18,6352.61,-1493.71,0,0,0,66074.8,-52550.3,12769.9,47856.8,15173.8,110302,2.08547e+16
20230101T000006,6,617,6146.88,6383.82,-1510.11,0,0,0,66990.3,-60930.8,14844.6,62380.2,15416.8,125661,6.32307e+15
20230101T000006,4,530,9719.18,4487.41,534.164,-22.8594,-13.3702,1.0514,530.393,-997.411,-116.621,2224.24,-53.9662,2679.57,0
20230101T000006,4,549,392.565,-310.868,69.9406,-3.68635,-6.4022,0.0191222,135.079,117.234,-33.9215,272.576,19.4316,340.042,0
20230101T000006,3,555,4389.64,-5849.68,-1289.92,0,0,0,2500,0,0,2500,0,2500,0
20230101T000006,3,556,7290.04,-2818.36,-148.23,0,0,0,2500,0,0,2500,0,2500,0
20230101T000006,3,557,3010.32,1506.01,505.563,0,0,0,2500,0,0,2500,0,2500,0
20230101T000006,3,558,537.506,114.603,67.5531,0,0,0,2500,0,0,2500,0,2500,0
20230101T000006,3,559,5987.63,2550.56,848.062,0,0,0,2500,0,0,2500,0,2500,0
20230101T000006,3,560,931.58,1401.33,192.887,0,0,0,2500,0,0,2500,0,2500,0
20230101T000006,3,561,3138.42,2274.45,-357.218,0,0,0,2500,0,0,2500,0,2500,0
20230101T000006,3,562,5346.18,6352.61,-1493.71,0,0,0,2500,0,0,2500,0,2500,0
20230101T000006,3,563,6146.88,6383.82,-1510.11,0,0,0,2500,0,0,2500,0,2500,0
20230101T000006.100000,6,618,6661.51,-4716.22,470.605,0,0,0,35866.9,50070.2,-5012.9,71140.7,3549.04,106590,1.34472e+16
20230101T000006.100000,6,619,4534.68,-3255.82,636.909,0,0,0,17430.6,23285.2,-4615.24,33143.6,3313.66,49862.8,2.81271e+16
20230101T000006.100000,6,620,10601.7,-5197.79,8.05539,0,0,0,43278.9,88143.4,-136.602,179846,66.9731,223061,1.19432e+16
20230101T000006.100000,6,621,2119.13,-882.709,56.9033,0,0,0,1305.6,2968.37,-191.473,7195.33,79.7569,8431.83,1.47488e+16
20230101T000006.100000,6,622,5658.75,3480.75,-669.808,0,0,0,19951.7,-31166.1,6059.01,51448.8,3726.95,70620,8.89642e+15
20230101T000006.100000,6,623,8175.05,8476.68,-2051.98,0,0,0,118243,-107478,26832.5,110453,27822.5,221899,3.17615e+16
20230101T000006.100000,6,624,8775.38,6601.65,-987.414,0,0,0,70767.6,-91911.3,13859.3,123798,10426.3,192943,2.84915e+16
20230101T000006.100000,6,625,439.13,524.774,-147.187,0,0,0,480.088,-321.545,94.9707,364.901,113.493,751.987,3.88152e+24
20230101T000006.100000,6,626,4120.12,3915.07,50.2139,0,0,0,24560.2,-25774.9,-330.61,27192.9,-314.156,51685.1,3.62254e+16
20230101T000006.100000,3,564,6661.51,-4716.22,470.605,0,0,0,2500,0,0,2500,0,2500,0
20230101T000006.100000,3,565,4534.68,-3255.82,636.909,0,0,0,2500,0,0,2500,0,2500,0
20230101T000006.100000,3,566,10601.7,-5197.79,8.05539,0,0,0,2500,0,0,2500,0,2500,0
20230101T000006.100000,3,567,2119.13,-882.709,56.9033,0,0,0,2500,0,0,2500,0,2500,0
20230101T000006.100000,3,568,5658.75,3480.75,-669.808,0,0,0,2500,0,0,2500,0,2500,0
20230101T000006.100000,3,569,8175.05,8476.68,-2051.98,0,0,0,2500,0,0,2500,0,2500,0
20230101T000006.100000,3,570,8775.38,6601.65,-987.414,0,0,0,2500,0,0,2500,0,2500,0
20230101T000006.100000,3,571,439.13,524.774,-147.187,0,0,0,2500,0,0,2500,0,2500,0
20230101T000006.100000,3,572,4120.12,3915.07,50.2139,0,0,0,2500,0,0,2500,0,2500,0
20230101T000006.200000,6,627,7976.29,-7301.65,70.6607,0,0,0,85341.8,93148.3,-901.469,101827,825.222,187097,9.38193e+15
20230101T000006.200000,6,628,4377.76,-4395.96,1283.02,0,0,0,32261.1,29443.5,-8977.88,32016.9,9015.2,61585.4,2.3262e+16
20230101T000006.200000,6,629,1515.66,-549.544,-17.7788,0,0,0,540.202,1312.01,42.4513,3683.08,-15.3918,4158.79,8.80668e+15
20230101T000006.200000,6,630,6106.35,-3657.01,1075.07,0,0,0,22805.1,34886.9,-10495.5,60164.8,6285.6,81059.5,1.61883e+16
20230101T000006.200000,6,631,8371.66,-3489.38,-568.931,0,0,0,19976.8,46532.5,7616.94,112222,-3174.81,131617,9.31839e+15
20230101T000006.200000,6,632,2203.61,-208.127,80.7676,0,0,0,143.002,726.85,-282.447,7770.13,26.6765,7838.86,1.36508e+16
20230101T000006.200000,6,633,11111.3,-99.6511,-508.507,0,0,0,493.443,1767.31,9037.31,197536,-81.051,197552,8.52029e+15
20230101T000006.200000,6,634,5014.09,-131.361,-1076.76,0,0,0,1942.54,1003.68,8625.23,40227.1,-225.967,40256.2,1.5333e+16
20230101T000006.200000,6,635,4125.73,1268.82,-367.872,0,0,0,2831.73,-8297.02,2423.2,27258.8,745.231,29810.9,9.97123e+15
20230101T000006.200000,6,636,10332.6,1723.26,-977.114,0,0,0,6299.39,-28230.9,16147.9,170862,2693.14,175571,1.1197e+16
20230101T000006.200000,6,637,8352.56,4163.79,534.432,0,0,0,28156.5,-55437.3,-7138.93,111728,-3558.79,139364,1.28188e+16
20230101T000006.200000,6,638,2542.44,3329.03,-722.162,0,0,0,18062.2,-13109.7,2931.18,10908.7,3838.05,28076.2,1.61186e+16
20230101T000006.200000,6,639,5566.42,6043.95,628.366,0,0,0,58766.1,-53482.6,-5593.11,49952.4,-6072.92,108024,1.42495e+16
20230101T000006.200000,6,640,525.077,438.89,-146.239,0,0,0,364.375,-321.768,112.824,480.377,94.3048,752.124,3.43458e+23
20230101T000006.200000,6,641,3651,3190.54,-210.921,0,0,0,16363.8,-18570.9,1230.02,21386.1,1074.89,37615,8.92977e+15
20230101T000006.200000,6,642,6365.55,7086.64,-806.598,0,0,0,80845.9,-71627.4,8211.5,65443.6,9141.71,145185,1.01613e+16
20230101T000006.200000,4,571,511.104,464.592,-146.458,7.12616,-5.95862,0.0721334,375.266,-241.966,70.6818,288.586,84.4668,574.451,0
20230101T000006.200000,3,573,7976.29,-7301.65,70.6607,0,0,0,2500,0,0,2500,0,2500,0
20230101T000006.200000,3,574,4377.76,-4395.96,1283.02,0,0,0,2500,0,0,2500,0,2500,0
20230101T000006.200000,3,575,1515.66,-549.544,-17.7788,0,0,0,2500,0,0,2500,0,2500,0
20230101T000006.200000,3,576,6106.35,-3657.01,1075.07,0,0,0,2500,0,0,2500,0,2500,0
20230101T000006.200000,3,577,8371.66,-3489.38,-568.931,0,0,0,2500,0,0,2500,0,2500,0
20230101T000006.200000,3,578,2203.61,-208.127,80.7676,0,0,0,2500,0,0,2500,0,2500,0
20230101T000006.200000,3,579,11111.3,-99.6511,-508.507,0,0,0,2500,0,0,2500,0,2500,0
20230101T000006.200000,3,580,5014.09,-131.361,-1076.76,0,0,0,2500,0,0,2500,0,2500,0
20230101T000006.200000,3,581,4125.73,1268.82,-367.872,0,0,0,2500,0,0,2500,0,2500,0
20230101T000006.200000,3,582,10332.6,1723.26,-977.114,0,0,0,2500,0,0,2500,0,2500,0
20230101T000006.200000,3,583,8352.56,4163.79,534.432,0,0,0,2500,0,0,2500,0,2500,0
20230101T000006.200000,3,584,2542.44,3329.03,-722.162,0,0,0,2500,0,0,2500,0,2500,0
20230101T000006.200000,3,585,5566.43,6043.95,628.366,0,0,0,2500,0,0,2500,0,2500,0
20230101T000006.200000,3,586,3651,3190.54,-210.921,0,0,0,2500,0,0,2500,0,2500,0
20230101T000006.200000,3,587,6365.55,7086.64,-806.598,0,0,0,2500,0,0,2500,0,2500,0
20230101T000006.300000,6,643,1304.9,-429.797,-169.779,0,0,0,394.034,864.911,347.072,2735.1,-114.315,3020.94,1.38278e+16
20230101T000006.300000,6,644,2700.99,-1352.34,227.683,0,0,0,3043.32,5785.57,-979.664,11702,490.501,14599.1,2.0996e+16
20230101T000006.300000,6,645,10203.5,-2167.07,1239.11,0,0,0,9924.89,34866.8,-20221.9,166688,4294.82,174094,1.29739e+16
20230101T000006.300000,6,646,6737.43,-1194.82,-1565.06,0,0,0,6142.66,12195.8,16857.4,72750.2,-2989.51,74916.2,1.6642e+16
20230101T000006.300000,6,647,3112.88,1011.06,-58.2952,0,0,0,1698.39,-5015.32,289.262,15510.7,93.9522,17139.7,1.72142e+16
20230101T000006.300000,6,648,591.942,343.103,-147.994,0,0,0,260.347,-283.225,128.724,584.82,74.6115,751.845,6.51416e+23
20230101T000006.300000,6,649,6600.46,2542.36,-1502.45,0,0,0,13540.2,-25617.2,15854.9,70180.3,6106.97,80050.3,1.89899e+16
20230101T000006.300000,6,650,9470.9,6743.71,-1085.33,0,0,0,74057,-101270,16441.6,144172,11707.2,216282,1.62599e+16
20230101T000006.300000,6,651,7978,6511.12,-951.623,0,0,0,68739.2,-82372.3,12142.7,102442,9910.1,169670,1.94341e+16
20230101T000006.300000,3,588,1304.9,-429.797,-169.779,0,0,0,2500,0,0,2500,0,2500,0
20230101T000006.300000,3,589,2700.99,-1352.34,227.683,0,0,0,2500,0,0,2500,0,2500,0
20230101T000006.300000,3,590,10203.5,-2167.07,1239.11,0,0,0,2500,0,0,2500,0,2500,0
20230101T000006.300000,3,591,6737.43,-1194.82,-1565.06,0,0,0,2500,0,0,2500,0,2500,0
20230101T000006.300000,3,592,3112.88,1011.06,-58.2952,0,0,0,2500,0,0,2500,0,2500,0
20230101T000006.300000,3,593,591.942,343.103,-147.994,0,0,0,2500,0,0,2500,0,2500,0
20230101T000006.300000,3,594,6600.46,2542.36,-1502.45,0,0,0,2500,0,0,2500,0,2500,0
20230101T000006.300000,3,595,9470.9,6743.71,-1085.33,0,0,0,2500,0,0,2500,0,2500,0
20230101T000006.300000,3,596,7978,6511.12,-951.623,0,0,0,2500,0,0,2500,0,2500,0
20230101T000006.400000,6,652,2341.78,-2763.12,-435.408,0,0,0,12368.9,10172.3,1626.5,8987.53,-1919.15,20990.9,1.34329e+16
20230101T000006.400000,6,653,2229.6,-1867.84,-365.54,0,0,0,5744.77,6527,1297.94,8067.93,-1087.35,13536.9,1.63322e+16
20230101T000006.400000,6,654,4267.5,-4015.42,-479.945,0,0,0,26027,27201.6,3273.27,29341.4,-3079.92,54936.7,1.0047e+16
20230101T000006.400000,6,655,9072.57,-5341.56,1501.37,0,0,0,48376.5,75934.5,-21786.4,132643,12826.9,177351,1.42831e+16
20230101T000006.400000,6,656,10826.9,382.658,-2134.37,0,0,0,7575.6,-6369.33,36961.7,187564,1306.35,187791,1.53961e+16
20230101T000006.400000,6,657,4386.41,-41.2085,-305.33,0,0,0,215.552,287.212,2138.45,30785,-20.0899,30788,9.21639e+15
20230101T000006.400000,6,658,7515.92,614.938,-486.267,0,0,0,1044.16,-7358.99,5843.5,90385.5,478.103,90987.9,1.23392e+16
20230101T000006.400000,6,659,8605.66,1137.7,530.194,0,0,0,2575.67,-15598.3,-7296.41,118501,-964.608,120563,1.03573e+16
20230101T000006.400000,6,660,2983.32,1890.53,123.571,0,0,0,5781.62,-8984.15,-587.954,14265.6,-372.587,19959,8.8543e+15
20230101T000006.400000,6,661,10393.2,5267.54,-1909.9,0,0,0,49088.4,-85216,31750.9,174035,16092.2,217227,2.39727e+16
20230101T000006.400000,6,662,8890.09,4988.03,-156.024,0,0,0,39887,-70906.6,2218.45,126479,1244.72,166263,2.07368e+16
20230101T000006.400000,6,663,643.65,233.468,-145.448,0,0,0,171.241,-209.955,137.559,673.912,49.8961,752.831,7.32074e+23
20230101T000006.400000,6,664,6551.31,1443.16,139.193,0,0,0,3422.93,-15107.4,-1457.73,68675.9,-321.119,72003.9,1.1682e+16
20230101T000006.400000,6,665,7561.21,6802.1,-705.8,0,0,0,74505.4,-81863.4,8535.44,91860.1,7678.52,165505,1.98413e+16
20230101T000006.400000,6,666,6284.3,4637.4,1381.04,0,0,0,36424.7,-45140.9,-13877.4,64285.6,-10240.6,97598.5,1.11428e+16
20230101T000006.400000,6,667,6645.38,5085.05,1405.87,0,0,0,43406.1,-52511.1,-14939.8,71848.5,-11431.9,112032,1.03474e+16
20230101T000006.400000,6,668,3854.71,4293.05,-1129.79,0,0,0,30427.5,-25431.6,6959.95,24938.9,7751.4,53264.8,1.00111e+16
20230101T000006.400000,4,593,639.188,262.331,-146.05,4.67786,-7.99728,0.192478,209.912,-213.144,95.7967,454.097,55.5259,574.313,0
20230101T000006.400000,3,597,2341.78,-2763.12,-435.408,0,0,0,2500,0,0,2500,0,2500,0
20230101T000006.400000,3,598,2229.6,-1867.84,-365.54,0,0,0,2500,0,0,2500,0,2500,0
20230101T000006.400000,3,599,4267.5,-4015.42,-479.945,0,0,0,2500,0,0,2500,0,2500,0
20230101T000006.400000,3,600,9072.57,-5341.56,1501.37,0,0,0,2500,0,0,2500,0,2500,0
20230101T000006.400000,3,601,10826.9,382.658,-2134.37,0,0,0,2500,0,0,2500,0,2500,0
20230101T000006.400000,3,602,4386.41,-41.2085,-305.33,0,0,0,2500,0,0,2500,0,2500,0
20230101T000006.400000,3,603,7515.92,614.938,-486.267,0,0,0,2500,0,0,2500,0,2500,0
20230101T000006.400000,3,604,8605.66,1137.7,530.194,0,0,0,2500,0,0,2500,0,2500,0
20230101T000006.400000,3,605,2983.32,1890.53,123.571,0,0,0,2500,0,0,2500,0,2500,0
20230101T000006.400000,3,606,10393.2,5267.54,-1909.9,0,0,0,2500,0,0,2500,0,2500,0
20230101T000006.400000,3,607,8890.09,4988.03,-156.024,0,0,0,2500,0,0,2500,0,2500,0
20230101T000006.400000,3,608,6551.31,1443.16,139.193,0,0,0,2500,0,0,2500,0,2500,0
20230101T000006.400000,3,609,7561.21,6802.1,-705.8,0,0,0,2500,0,0,2500,0,2500,0
20230101T000006.400000,3,610,6284.3,4637.4,1381.04,0,0,0,2500,0,0,2500,0,2500,0
20230101T000006.400000,3,611,6645.38,5085.05,1405.87,0,0,0,2500,0,0,2500,0,2500,0
20230101T000006.400000,3,612,3854.71,4293.05,-1129.79,0,0,0,2500,0,0,2500,0,2500,0
20230101T000006.500000,6,669,1581.93,-1109.43,150.459,0,0,0,2036.25,2761.13,-376.769,4036.92,264.233,5973.72,1.23016e+16
20230101T000006.500000,6,670,10143.7,-4325.21,-1328.5,0,0,0,32374.7,69156,21554.3,165075,-9190.66,194563,1.48948e+16
20230101T000006.500000,6,671,10373.4,-5842.87,-872.579,0,0,0,55595.8,96428.2,14478.4,172479,-8155.1,226793,9.02079e+15
20230101T000006.500000,6,672,8795.33,-4618.02,-810.896,0,0,0,34996.4,64528.1,11406.8,124014,-5989.16,157895,9.58181e+15
20230101T000006.500000,6,673,9722.06,-4411.44,1098.47,0,0,0,32790.7,67870.9,-17081.1,151570,7750.63,182367,1.90611e+16
20230101T000006.500000,6,674,4710.07,-1136.84,627.543,0,0,0,2722.75,8409.31,-4721.31,35533.8,1139.55,37564.6,1.5755e+16
20230101T000006.500000,6,675,1740.29,-252.907,-33.5185,0,0,0,166.753,694.847,92.1242,4847.12,-13.3879,4948.12,8.31884e+15
20230101T000006.500000,6,676,8298.76,543.007,-1598.4,0,0,0,4603.64,-6939.7,21211.8,110209,1387.94,110665,9.80976e+15
20230101T000006.500000,6,677,674.031,118.186,-146.269,0,0,0,114.937,-111.223,144.858,729.756,25.3997,752.054,8.76725e+22
20230101T000006.500000,6,678,6699.13,90.8231,-1206.68,0,0,0,2404.47,-941.078,12922.8,71805.7,175.2,71820.5,1.30558e+16
20230101T000006.500000,6,679,673.989,114.756,-148.613,0,0,0,114.803,-107.792,147.166,729.535,25.0572,750.775,8.17651e+22
20230101T000006.500000,6,680,8462.18,3547.93,1607.4,0,0,0,23709.3,-46541,-21753.3,115201,-9120.5,134716,1.47003e+16
20230101T000006.500000,6,681,2792.08,3655.89,-828.108,0,0,0,21811.9,-15772.9,3692.66,13205.3,4835.09,33860,1.74574e+16
20230101T000006.500000,6,682,738.094,1089.34,-93.5171,0,0,0,1923.11,-1250.39,107.9,924.884,159.249,2770.65,2.13067e+16
20230101T000006.500000,6,683,3337.64,3851.64,-98.4657,0,0,0,23770.4,-20529.3,525.019,17869.1,605.874,41560,1.90096e+16
20230101T000006.500000,3,613,1581.93,-1109.43,150.459,0,0,0,2500,0,0,2500,0,2500,0
20230101T000006.500000,3,614,10143.7,-4325.21,-1328.5,0,0,0,2500,0,0,2500,0,2500,0
20230101T000006.500000,3,615,10373.4,-5842.87,-872.579,0,0,0,2500,0,0,2500,0,2500,0
20230101T000006.500000,3,616,8795.33,-4618.02,-810.896,0,0,0,2500,0,0,2500,0,2500,0
20230101T000006.500000,3,617,9722.06,-4411.44,1098.47,0,0,0,2500,0,0,2500,0,2500,0
20230101T000006.500000,3,618,4710.07,-1136.84,627.543,0,0,0,2500,0,0,2500,0,2500,0
20230101T000006.500000,3,619,1740.29,-252.907,-33.5185,0,0,0,2500,0,0,2500,0,2500,0
20230101T000006.500000,3,620,8298.76,543.007,-1598.4,0,0,0,2500,0,0,2500,0,2500,0
20230101T000006.500000,3,621,674.031,118.186,-146.269,0,0,0,2500,0,0,2500,0,2500,0
20230101T000006.500000,3,622,6699.13,90.8231,-1206.68,0,0,0,2500,0,0,2500,0,2500,0
20230101T000006.500000,3,623,673.989,114.756,-148.613,0,0,0,2500,0,0,2500,0,2500,0
20230101T000006.500000,3,624,8462.18,3547.93,1607.4,0,0,0,2500,0,0,2500,0,2500,0
20230101T000006.500000,3,625,2792.08,3655.89,-828.108,0,0,0,2500,0,0,2500,0,2500,0
20230101T000006.500000,3,626,738.094,1089.34,-93.5171,0,0,0,2500,0,0,2500,0,2500,0
20230101T000006.500000,3,627,3337.64,3851.64,-98.4657,0,0,0,2500,0,0,2500,0,2500,0
20230101T000006.600000,6,684,2680.48,-2557.37,250.525,0,0,0,10550.2,10886,-1071.33,11574.2,1022.12,21960.5,6.53434e+15
20230101T000006.600000,6,685,12.3763,-10.5639,0.696216,0,0,0,37.1363,-31.3365,2.06521,27.1712,-1.76278,0.540583,9.51344e+15
20230101T000006.600000,6,686,79.0707,-54.3248,-18.579,0,0,0,47.0029,-22.176,-7.49599,29.9612,5.15005,17.039,1.29983e+16
20230101T000006.600000,6,687,8964.67,-3349.55,2412.16,0,0,0,26173.2,44972.1,-34584.6,129732,12922.2,146539,1.00965e+16
20230101T000006.600000,6,688,5622.36,-3488.77,-1113.24,0,0,0,20951,30468,10005.6,51146.1,-6208.61,70053.7,1.62238e+16
20230101T000006.600000,6,689,684.873,1.59933,-144.652,0,0,0,94.7491,-1.5313,145.569,750.483,0.339936,753.22,8.14356e+23
20230101T000006.600000,6,690,2822.59,1337.5,-147.111,0,0,0,2942.67,-6002.23,661.657,12765.3,313.53,15609.6,1.57934e+16
20230101T000006.600000,6,691,2694.23,3153.51,208.078,0,0,0,15967.6,-13528.3,-894.898,11691.2,-1047.45,27525.8,1.30905e+16
20230101T000006.600000,4,623,689.682,28.4432,-145.608,1.5538,-8.54588,0.297549,100.39,-81.1478,109.548,563.171,18.6521,573.641,0
20230101T000006.600000,3,628,2680.48,-2557.37,250.525,0,0,0,2500,0,0,2500,0,2500,0
20230101T000006.600000,3,629,12.3763,-10.5639,0.696216,0,0,0,2500,0,0,2500,0,2500,0
20230101T000006.600000,3,630,79.0706,-54.3248,-18.579,0,0,0,2500,0,0,2500,0,2500,0
20230101T000006.600000,3,631,8964.67,-3349.55,2412.16,0,0,0,2500,0,0,2500,0,2500,0
20230101T000006.600000,3,632,5622.36,-3488.77,-1113.24,0,0,0,2500,0,0,2500,0,2500,0
20230101T000006.600000,3,633,2822.59,1337.5,-147.111,0,0,0,2500,0,0,2500,0,2500,0
20230101T000006.600000,3,634,2694.23,3153.51,208.078,0,0,0,2500,0,0,2500,0,2500,0
20230101T000006.700000,6,692,2247.69,-1318.97,584.762,0,0,0,3235.8,4478,-2091.19,8239.09,1227.14,10869.9,1.43282e+16
20230101T000006.700000,6,693,9204.03,-4154.27,-2305.16,0,0,0,34726.4,57966.8,33934.2,136992,-15316.3,163158,1.43617e+16
20230101T000006.700000,6,694,672.976,-124.837,-147.041,0,0,0,117.519,117.245,145.406,727.821,-26.9728,752.393,1.04991e+23
20230101T000006.700000,6,695,7612.87,-4199.96,-193.481,0,0,0,28318.4,51105.6,2355.47,92758.2,-1299.49,120953,9.39273e+15
20230101T000006.700000,6,696,673.708,-120.02,-147.389,0,0,0,116.018,112.811,145.906,729.163,-25.993,752.097,1.07755e+23
20230101T000006.700000,6,697,10308.7,6191.86,491.57,0,0,0,61673.7,-101929,-8105.66,170149,-4868.63,231373,1.12878e+16
20230101T000006.700000,6,698,6391.83,1755.02,-1.81299,0,0,0,4987.67,-17932.1,18.5244,65373.4,5.0863,70297,9.57112e+15
20230101T000006.700000,6,699,1988.59,2452.92,-105.013,0,0,0,9659.27,-7764.65,332.784,6376.38,410.489,15954.1,1.18727e+16
20230101T000006.700000,6,700,989.713,858.652,152.912,0,0,0,1237.02,-1309.94,-236.576,1610.43,-205.248,2747.76,1.33919e+16
20230101T000006.700000,6,701,5134.63,6794.29,-760.356,0,0,0,74219.1,-55342.4,6243.22,42812.3,8261.2,116043,1.35566e+16
20230101T000006.700000,6,702,3160.81,4418.61,1151.84,0,0,0,31977.9,-21312.7,-5817.65,17429.9,-8132.72,47226.5,1.87599e+16
20230101T000006.700000,4,608,6471.04,1438.29,132.402,-22.0926,-1.34066,-1.86887,182.204,-538.254,-51.9152,2507.06,-11.4362,2624.57,0
20230101T000006.700000,3,635,2247.69,-1318.97,584.762,0,0,0,2500,0,0,2500,0,2500,0
20230101T000006.700000,3,636,9204.03,-4154.27,-2305.16,0,0,0,2500,0,0,2500,0,2500,0
20230101T000006.700000,3,637,672.976,-124.837,-147.041,0,0,0,2500,0,0,2500,0,2500,0
20230101T000006.700000,3,638,7612.87,-4199.96,-193.481,0,0,0,2500,0,0,2500,0,2500,0
20230101T000006.700000,3,639,673.708,-120.02,-147.389,0,0,0,2500,0,0,2500,0,2500,0
20230101T000006.700000,3,640,10308.7,6191.86,491.57,0,0,0,2500,0,0,2500,0,2500,0
20230101T000006.700000,3,641,1988.59,2452.92,-105.013,0,0,0,2500,0,0,2500,0,2500,0
20230101T000006.700000,3,642,989.713,858.652,152.912,0,0,0,2500,0,0,2500,0,2500,0
20230101T000006.700000,3,643,5134.63,6794.29,-760.356,0,0,0,2500,0,0,2500,0,2500,0
20230101T000006.700000,3,644,3160.81,4418.61,1151.84,0,0,0,2500,0,0,2500,0,2500,0
20230101T000006.800000,6,703,6456.35,-4402.11,216.162,0,0,0,31100.4,45409.9,-2231.52,66739.2,1521.51,97700.9,1.25367e+16
20230101T000006.800000,6,704,1890.98,-583.011,-403.159,0,0,0,837.444,1673.41,1207.82,5749.17,-372.386,6267.65,2.10787e+16
20230101T000006.800000,6,705,10602.6,-4524.69,-2840.54,0,0,0,43728.5,72074.9,48173.6,181861,-20558.3,212623,2.53174e+16
20230101T000006.800000,6,706,9011.85,-5006.33,1643.96,0,0,0,43453.4,70323.9,-23695.5,130976,13163.5,170044,1.27419e+16
20230101T000006.800000,6,707,642.823,-235.781,-145.321,0,0,0,172.71,211.782,137.262,672.423,-50.3465,752.861,4.15917e+23
20230101T000006.800000,6,708,6987.16,-4356.35,1909.27,0,0,0,34608.1,46055.8,-21332.7,79762.3,13300.5,108480,1.37459e+16
20230101T000006.800000,6,709,7856,548.581,1478.46,0,0,0,4023.42,-6648.11,-18572.1,98763.9,-1296.88,99230.3,1.57487e+16
20230101T000006.800000,6,710,8634.35,88.9388,-474.921,0,0,0,437.298,-1224.31,6557.5,119283,67.5461,119296,6.59917e+15
20230101T000006.800000,6,711,5323.62,15.7223,-141.262,0,0,0,96.2776,-133.636,1201.54,45345.5,3.54854,45345.9,1.06257e+16
20230101T000006.800000,6,712,1911.75,880.46,-348.827,0,0,0,1452.35,-2595.51,1057.61,5892.62,487.087,7089.7,1.43273e+16
20230101T000006.800000,6,713,8633.5,2800.07,-1180.95,0,0,0,14620.7,-38005.8,16305.4,119478,5288.29,131805,1.0533e+16
20230101T000006.800000,6,714,2259.57,3152.53,-483.066,0,0,0,16049.6,-11190.8,1741.86,8457.35,2430.23,24071.5,1.90847e+16
20230101T000006.800000,6,715,7147.77,5206.89,-38.9853,0,0,0,43422.1,-59516.6,445.624,81768,324.621,125124,1.65316e+16
20230101T000006.800000,4,637,656.95,-212.118,-145.723,-1.58672,-8.64177,0.130446,102.425,88.2169,108.207,561.624,-20.0723,574.7,0
20230101T000006.800000,3,645,6456.35,-4402.11,216.162,0,0,0,2500,0,0,2500,0,2500,0
20230101T000006.800000,3,646,1890.98,-583.011,-403.159,0,0,0,2500,0,0,2500,0,2500,0
20230101T000006.800000,3,647,10602.6,-4524.69,-2840.54,0,0,0,2500,0,0,2500,0,2500,0
20230101T000006.800000,3,648,9011.85,-5006.33,1643.96,0,0,0,2500,0,0,2500,0,2500,0
20230101T000006.800000,3,649,6987.16,-4356.35,1909.27,0,0,0,2500,0,0,2500,0,2500,0
20230101T000006.800000,3,650,7856,548.581,1478.46,0,0,0,2500,0,0,2500,0,2500,0
20230101T000006.800000,3,651,8634.35,88.9388,-474.921,0,0,0,2500,0,0,2500,0,2500,0
20230101T000006.800000,3,652,5323.62,15.7223,-141.262,0,0,0,2500,0,0,2500,0,2500,0
20230101T000006.800000,3,653,1911.75,880.46,-348.827,0,0,0,2500,0,0,2500,0,2500,0
20230101T000006.800000,3,654,8633.5,2800.07,-1180.95,0,0,0,2500,0,0,2500,0,2500,0
20230101T000006.800000,3,655,2259.57,3152.53,-483.066,0,0,0,2500,0,0,2500,0,2500,0
20230101T000006.800000,3,656,7147.77,5206.89,-38.9853,0,0,0,2500,0,0,2500,0,2500,0
20230101T000006.900000,6,716,3087.24,-2673.66,404.77,0,0,0,11623.5,13045.7,-1994.65,15389.2,1727.43,26687.9,1.16639e+16
20230101T000006.900000,6,717,1441.99,-1026.68,133.53,0,0,0,1747.67,2325.19,-304.168,3357.95,216.564,5013.82,3.43946e+16
20230101T000006.900000,6,718,6535.94,-4269.44,646.527,0,0,0,29678.3,44312.4,-6756.65,68568.7,4413.61,97515.1,1.48092e+16
20230101T000006.900000,6,719,7207.5,-6048.25,-833.769,0,0,0,59220.1,69169.4,9610.7,83602.6,-8064.93,141647,1.73647e+16
20230101T000006.900000,6,720,10001.4,-4211.51,2125.8,0,0,0,34572.7,64785.3,-34006.3,161142,14319.8,188426,1.10452e+16
20230101T000006.900000,6,721,6726.7,-3938.15,779.178,0,0,0,25585.1,41934.1,-8380.61,72661.8,4906.43,97212.7,1.54186e+16
20230101T000006.900000,6,722,590.59,-345.085,-148.38,0,0,0,262.361,284.117,128.762,582.598,-75.2365,751.485,1.50402e+22
20230101T000006.900000,6,723,2734.6,-300.809,82.6686,0,0,0,218.759,1308.01,-359.794,11965.7,39.5778,12109.7,1.07957e+16
20230101T000006.900000,6,724,2133.02,-267.675,1.8988,0,0,0,177.653,905.62,-6.4242,7280.62,0.806179,7394.27,9.65683e+15
20230101T000006.900000,6,725,3814.3,260.943,-812.694,0,0,0,1221.73,-1516.38,4946.79,23283.4,338.418,23389.9,1.53331e+16
20230101T000006.900000,6,726,6796.11,2733.11,540.16,0,0,0,12408.5,-29535.6,-5869.22,73973.1,-2360.36,85851.5,1.24488e+16
20230101T000006.900000,6,727,9036.52,3503.97,1366.04,0,0,0,22294.5,-49634.3,-19742.6,131052,-7655.3,150300,1.10531e+16
20230101T000006.900000,6,728,4716.83,1497.61,142.975,0,0,0,3676.36,-11274.5,-1077.26,35606.5,-342.036,39186.2,7.79064e+15
20230101T000006.900000,6,729,7904.84,3950.79,-629.975,0,0,0,25533,-49689.2,7963.71,100118,3980.21,124953,2.01424e+16
20230101T000006.900000,6,730,8866.37,8213.93,-2431.2,0,0,0,113072,-111779,34480.3,130176,31943.1,233732,1.26068e+16
20230101T000006.900000,6,731,5784.21,5772.78,-569.584,0,0,0,53611.9,-53134.1,5268.2,53822.1,5257.79,106852,8.37912e+15
20230101T000006.900000,6,732,433.809,628.666,-49.8861,0,0,0,654.195,-404.702,32.2618,346.974,46.753,933.73,1.96058e+16
20230101T000006.900000,4,645,6471.42,-4407.67,227.415,1.49159,-0.550242,1.11418,824.991,1115.74,-54.7884,1700.65,37.3561,2459.6,0
20230101T000006.900000,3,657,3087.24,-2673.66,404.77,0,0,0,2500,0,0,2500,0,2500,0
20230101T000006.900000,3,658,1441.99,-1026.68,133.53,0,0,0,2500,0,0,2500,0,2500,0
20230101T000006.900000,3,659,7207.5,-6048.25,-833.769,0,0,0,2500,0,0,2500,0,2500,0
20230101T000006.900000,3,660,10001.4,-4211.51,2125.8,0,0,0,2500,0,0,2500,0,2500,0
20230101T000006.900000,3,661,6726.7,-3938.15,779.178,0,0,0,2500,0,0,2500,0,2500,0
20230101T000006.900000,3,662,590.59,-345.085,-148.38,0,0,0,2500,0,0,2500,0,2500,0
20230101T000006.900000,3,663,2734.6,-300.809,82.6686,0,0,0,2500,0,0,2500,0,2500,0
20230101T000006.900000,3,664,2133.02,-267.675,1.8988,0,0,0,2500,0,0,2500,0,2500,0
20230101T000006.900000,3,665,3814.3,260.943,-812.694,0,0,0,2500,0,0,2500,0,2500,0
20230101T000006.900000,3,666,6796.11,2733.11,540.16,0,0,0,2500,0,0,2500,0,2500,0
20230101T000006.900000,3,667,9036.52,3503.97,1366.04,0,0,0,2500,0,0,2500,0,2500,0
20230101T000006.900000,3,668,4716.83,1497.61,142.975,0,0,0,2500,0,0,2500,0,2500,0
20230101T000006.900000,3,669,7904.84,3950.79,-629.975,0,0,0,2500,0,0,2500,0,2500,0
20230101T000006.900000,3,670,8866.37,8213.93,-2431.2,0,0,0,2500,0,0,2500,0,2500,0
20230101T000006.900000,3,671,5784.21,5772.78,-569.584,0,0,0,2500,0,0,2500,0,2500,0
20230101T000006.900000,3,672,433.809,628.666,-49.8861,0,0,0,2500,0,0,2500,0,2500,0
20230101T000007,6,733,527.113,-438.739,-141.404,0,0,0,363.151,324.108,109.529,482.774,-91.1654,755.153,4.58388e+21
20230101T000007,6,734,2733.81,-778.821,-368.256,0,0,0,1229.41,3332.87,1602.94,11978.9,-456.655,12929.5,1.45017e+16
20230101T000007,6,735,5869.64,-1626.72,-29.9646,0,0,0,4294.72,15260.4,281.107,55128.9,-77.9064,59358.2,8.45264e+15
20230101T000007,6,736,3283.98,1459.63,198.021,0,0,0,3514.48,-7622.45,-1037.27,17276.2,-461.032,20664.3,1.5998e+16
20230101T000007,6,737,838.523,1137.43,103.317,0,0,0,2098.44,-1487.46,-135.852,1177.3,-184.28,3195.34,9.06852e+15
20230101T000007,6,738,6456.44,8482.16,-2549.34,0,0,0,118952,-82582.6,26326.7,73319.4,34586.8,181816,1.33722e+16
20230101T000007,6,739,6700.98,7793.92,-540.625,0,0,0,97418.3,-83300.3,5794.16,72150.5,6739.2,169037,9.88702e+15
20230101T000007,6,740,6810.53,5602.79,-376.076,0,0,0,50399.1,-60910.4,4095.94,74330.5,3369.59,124439,8.98724e+15
20230101T000007,4,656,7128.66,5206.07,-45.7934,-3.67447,-0.156829,-1.30926,923.876,-1182.44,8.85323,1685.71,6.44926,2547.03,0
20230101T000007,4,662,547.84,-421.147,-143.079,-4.23273,-7.53094,0.524848,211.442,213.841,95.8307,452.469,-55.9943,574.075,0
20230101T000007,3,673,2733.81,-778.821,-368.256,0,0,0,2500,0,0,2500,0,2500,0
20230101T000007,3,674,5869.64,-1626.72,-29.9646,0,0,0,2500,0,0,2500,0,2500,0
20230101T000007,3,675,3283.98,1459.63,198.021,0,0,0,2500,0,0,2500,0,2500,0
20230101T000007,3,676,838.523,1137.43,103.317,0,0,0,2500,0,0,2500,0,2500,0
20230101T000007,3,677,6456.44,8482.16,-2549.34,0,0,0,2500,0,0,2500,0,2500,0
20230101T000007,3,678,6700.98,7793.92,-540.625,0,0,0,2500,0,0,2500,0,2500,0
20230101T000007.100000,6,741,1317.03,-1917.56,-110.153,0,0,0,5909.96,4001.93,230.408,2831.91,-335.467,8658.74,1.34691e+16
20230101T000007.100000,6,742,9506.55,-6277.04,-1295.48,0,0,0,64955.9,94213,19698.8,145434,-13006.9,207642,9.40064e+15
20230101T000007.100000,6,743,9676.42,-6050.38,-1757.15,0,0,0,62167.8,91424.8,27196.5,151219,-17005.1,208386,1.63343e+16
20230101T000007.100000,6,744,4715.51,-4671.72,1510.52,0,0,0,36793,33391.6,-11386.8,37416.1,11281,70500.7,1.50202e+16
20230101T000007.100000,6,745,3693.45,-4138.78,265.61,0,0,0,27485.6,24370.4,-1567.59,21924.9,1756.6,49233.9,1.40363e+16
20230101T000007.100000,6,746,4443.21,-4198.71,-355.537,0,0,0,28347.2,29716.4,2524.86,31712.8,-2385.92,59794.2,7.41426e+15
20230101T000007.100000,6,747,2475.76,-953.883,87.6752,0,0,0,1522.2,3752.97,-345.329,9816.91,133.051,11263,7.68327e+15
20230101T000007.100000,6,748,4881.73,-399.907,918.781,0,0,0,1658.94,3008.64,-7164.83,38139.5,586.936,38388.1,1.27063e+16
20230101T000007.100000,6,749,9058.32,-190.542,-1176.9,0,0,0,2336.15,2713.67,17048.9,131286,-358.625,131344,1.88396e+16
20230101T000007.100000,6,750,6860.72,1987.96,1710.93,0,0,0,10699.9,-20553.9,-18767.2,75678.6,-5437.98,81637.8,1.99794e+16
20230101T000007.100000,6,751,450.674,535.067,-22.4481,0,0,0,484.943,-353.926,14.8652,362.844,17.6489,783.112,7.20546e+24
20230101T000007.100000,6,752,5171.92,6863.94,-1529.09,0,0,0,76759.1,-54971.7,12646.7,45223.7,16784.2,118182,1.63231e+16
20230101T000007.100000,6,753,4329.71,3976.92,-57.2796,0,0,0,25343,-27515.7,396.347,30025.8,364.052,55299.5,1.03905e+16
20230101T000007.100000,4,672,442.664,546.52,-27.1135,1.70283,-15.7973,4.37937,486.307,-290.637,23.1426,265.677,33.5377,686.352,0
20230101T000007.100000,3,679,1317.03,-1917.56,-110.153,0,0,0,2500,0,0,2500,0,2500,0
20230101T000007.100000,3,680,9506.55,-6277.04,-1295.48,0,0,0,2500,0,0,2500,0,2500,0
20230101T000007.100000,3,681,9676.42,-6050.38,-1757.15,0,0,0,2500,0,0,2500,0,2500,0
20230101T000007.100000,3,682,4715.51,-4671.72,1510.52,0,0,0,2500,0,0,2500,0,2500,0
20230101T000007.100000,3,683,3693.45,-4138.78,265.61,0,0,0,2500,0,0,2500,0,2500,0
20230101T000007.100000,3,684,4443.21,-4198.71,-355.537,0,0,0,2500,0,0,2500,0,2500,0
20230101T000007.100000,3,685,2475.76,-953.883,87.6752,0,0,0,2500,0,0,2500,0,2500,0
20230101T000007.100000,3,686,4881.73,-399.907,918.781,0,0,0,2500,0,0,2500,0,2500,0
20230101T000007.100000,3,687,9058.32,-190.542,-1176.9,0,0,0,2500,0,0,2500,0,2500,0
20230101T000007.100000,3,688,6860.72,1987.96,1710.93,0,0,0,2500,0,0,2500,0,2500,0
20230101T000007.100000,3,689,5171.92,6863.94,-1529.09,0,0,0,2500,0,0,2500,0,2500,0
20230101T000007.100000,3,690,4329.7,3976.92,-57.2796,0,0,0,2500,0,0,2500,0,2500,0
20230101T000007.200000,6,754,7413.43,-4823.44,-1941.32,0,0,0,41504.3,54428.8,23015.7,89745.8,-14974.9,125162,1.13444e+16
20230101T000007.200000,6,755,3895.96,-4311.84,472.098,0,0,0,29936.1,26669,-2939.38,24516.9,3253.15,54033.2,1.32511e+16
20230101T000007.200000,6,756,2681.59,109.79,134.053,0,0,0,111.724,-467.277,-571.974,11505.7,-23.4179,11525,1.11742e+16
20230101T000007.200000,6,757,5618.75,2033.05,142.756,0,0,0,6698.64,-18246.2,-1281.94,50523.8,-463.848,57125.9,1.09275e+16
20230101T000007.200000,6,758,2397.77,1642.44,-382.94,0,0,0,4518.7,-6162.4,1462.29,9293.91,1001.65,13516.2,1.36431e+16
20230101T000007.200000,6,759,533.743,452.165,-22.9939,0,0,0,364.837,-354.196,18.0331,482.876,15.2769,783.006,3.19688e+24
20230101T000007.200000,6,760,3617.53,4324.23,-721.234,0,0,0,30287,-24588.3,4169.37,21465.1,4983.88,50857.9,1.65105e+16
20230101T000007.200000,3,691,7413.43,-4823.44,-1941.32,0,0,0,2500,0,0,2500,0,2500,0
20230101T000007.200000,3,692,3895.96,-4311.84,472.098,0,0,0,2500,0,0,2500,0,2500,0
20230101T000007.200000,3,693,2681.59,109.79,134.053,0,0,0,2500,0,0,2500,0,2500,0
20230101T000007.200000,3,694,5618.75,2033.05,142.756,0,0,0,2500,0,0,2500,0,2500,0
20230101T000007.200000,3,695,2397.77,1642.44,-382.94,0,0,0,2500,0,0,2500,0,2500,0
20230101T000007.200000,3,696,533.743,452.165,-22.9939,0,0,0,2500,0,0,2500,0,2500,0
20230101T000007.200000,3,697,3617.53,4324.23,-721.234,0,0,0,2500,0,0,2500,0,2500,0
20230101T000007.300000,6,761,11455.8,-3838.28,-921.013,0,0,0,24849.2,69924.9,16876.9,210120,-5654.62,233549,1.39792e+16
20230101T000007.300000,6,762,5616.88,-2281.71,736.843,0,0,0,9129.7,20180.8,-6614.91,50610.9,2687.13,58809.8,1.23727e+16
20230101T000007.300000,6,763,2715.08,-571.768,-238.938,0,0,0,671.369,2452.61,1032.63,11801.3,-217.46,12318.2,1.52114e+16
20230101T000007.300000,6,764,5533.83,757.482,-85.9097,0,0,0,992.446,-6696.66,759.681,48998.6,103.987,49915.3,7.37327e+15
20230101T000007.300000,6,765,10378.1,2089.49,1013.74,0,0,0,8626.72,-34365.4,-16827.1,172393,-3387.92,179313,2.44589e+16
20230101T000007.300000,6,766,6667.32,4649.9,-483.365,0,0,0,34888.9,-49398.5,5153.28,71268.2,3593.99,105720,1.77883e+16
20230101T000007.300000,6,767,6536.21,3631.92,458.892,0,0,0,21411.5,-37812.2,-4795.64,68449.7,-2664.75,89460.7,1.0744e+16
20230101T000007.300000,6,768,607.001,347.758,-23.4835,0,0,0,242.291,-309.788,20.9451,605.536,11.9997,783.089,4.66353e+24
20230101T000007.300000,6,769,4521.69,4207.52,593.865,0,0,0,28661.5,-30127.1,-4291.97,33004.3,-3993.76,61038.8,1.96111e+16
20230101T000007.300000,4,673,2670.02,-724.645,-337.082,-17.5555,14.9111,8.58025,260.29,567.017,268.915,2089.09,-76.61,2220.88,0
20230101T000007.300000,4,696,596.789,377.805,-23.3678,6.24217,-7.36244,-0.0370258,286.375,-263.68,13.4213,374.249,11.3699,597.543,0
20230101T000007.300000,3,698,11455.8,-3838.28,-921.013,0,0,0,2500,0,0,2500,0,2500,0
20230101T000007.300000,3,699,5616.88,-2281.71,736.843,0,0,0,2500,0,0,2500,0,2500,0
20230101T000007.300000,3,700,5533.83,757.482,-85.9097,0,0,0,2500,0,0,2500,0,2500,0
20230101T000007.300000,3,701,10378.1,2089.49,1013.74,0,0,0,2500,0,0,2500,0,2500,0
20230101T000007.300000,3,702,6667.32,4649.9,-483.365,0,0,0,2500,0,0,2500,0,2500,0
20230101T000007.300000,3,703,6536.21,3631.92,458.892,0,0,0,2500,0,0,2500,0,2500,0
20230101T000007.300000,3,704,4521.69,4207.52,593.865,0,0,0,2500,0,0,2500,0,2500,0
20230101T000007.400000,6,770,869.175,-855.085,-72.8265,0,0,0,1206.59,1153.03,98.563,1244.28,-96.9652,2378.84,1.29309e+16
20230101T000007.400000,6,771,8141.32,-4094.68,653.469,0,0,0,27422.3,53037.9,-8508.08,106201,4279.14,132876,1.22947e+16
20230101T000007.400000,6,772,657.008,239.921,-24.2618,0,0,0,149.332,-231.308,23.4215,698.288,8.55288,782.832,6.16676e+24
20230101T000007.400000,6,773,4886.77,2095.74,-1221.95,0,0,0,9096.66,-15498.8,9541.42,38589.4,4091.93,45239.4,1.74047e+16
20230101T000007.400000,3,705,869.175,-855.085,-72.8265,0,0,0,2500,0,0,2500,0,2500,0
20230101T000007.400000,3,706,8141.32,-4094.68,653.469,0,0,0,2500,0,0,2500,0,2500,0
20230101T000007.400000,3,707,657.008,239.921,-24.2618,0,0,0,2500,0,0,2500,0,2500,0
20230101T000007.400000,3,708,4886.77,2095.74,-1221.95,0,0,0,2500,0,0,2500,0,2500,0
20230101T000007.500000,6,774,4838.94,-5410.41,738.626,0,0,0,47252.1,41423.8,-5714.36,37984.6,6389.23,84301.2,1.06685e+16
20230101T000007.500000,6,775,3387.09,-260.77,-212.871,0,0,0,244.251,1402.77,1149.63,18356.6,-88.5099,18464.8,1.84527e+16
20230101T000007.500000,6,776,11987.2,1422.02,559.317,0,0,0,3791.98,-27207.6,-10724.5,229917,-1272.22,233144,4.88792e+16
20230101T000007.500000,6,777,688.62,122.968,-24.9072,0,0,0,87.0994,-124.252,25.2021,760.722,4.50038,782.991,7.91188e+24
20230101T000007.500000,6,778,3769.27,1537.17,-82.309,0,0,0,3844.78,-9244.27,495.194,22742.5,201.948,26512.5,2.81119e+16
20230101T000007.500000,6,779,2581.47,1793.37,-319.633,0,0,0,5298.86,-7300.97,1314.91,10736.2,913.478,15808.9,1.49541e+16
20230101T000007.500000,6,780,5729.74,5873.62,-210.032,0,0,0,55264.7,-53779.7,1924.35,52596.9,1972.67,107727,1.04051e+16
20230101T000007.500000,4,707,688.837,152.971,-24.755,3.15138,-8.6089,-0.0488316,125.947,-172.206,17.4321,534.637,6.3657,597.427,0
20230101T000007.500000,3,709,4838.94,-5410.41,738.626,0,0,0,2500,0,0,2500,0,2500,0
20230101T000007.500000,3,710,3387.09,-260.77,-212.871,0,0,0,2500,0,0,2500,0,2500,0
20230101T000007.500000,3,711,11987.2,1422.02,559.317,0,0,0,2500,0,0,2500,0,2500,0
20230101T000007.500000,3,712,3769.27,1537.17,-82.309,0,0,0,2500,0,0,2500,0,2500,0
20230101T000007.500000,3,713,2581.47,1793.37,-319.633,0,0,0,2500,0,0,2500,0,2500,0
20230101T000007.500000,3,714,5729.74,5873.62,-210.032,0,0,0,2500,0,0,2500,0,2500,0
20230101T000007.600000,6,781,1841.76,-1486.39,-360.585,0,0,0,3698.8,4247.85,1055.16,5534.02,-851.565,8963.7,1.41269e+16
20230101T000007.600000,6,782,4614.77,-3373.16,52.1583,0,0,0,18249.6,24873.6,-384.647,34097.6,281.156,52278.9,1.53346e+16
20230101T000007.600000,6,783,2673.54,-1674.85,-171.401,0,0,0,4567.8,7114.6,730.256,11467.7,-457.473,15924.9,1.10871e+16
20230101T000007.600000,6,784,3801.33,-1182.04,-578.149,0,0,0,2780.38,7019.94,3507.69,23172.9,-1090.73,25357.1,1.46868e+16
20230101T000007.600000,6,785,7956.67,-3606.86,2189.23,0,0,0,27226.3,43011.5,-27856.6,102611,12627.8,122113,1.60709e+16
20230101T000007.600000,6,786,699.484,2.54624,-24.1298,0,0,0,64.865,-2.61361,24.8003,782.846,0.0902775,782.932,3.51666e+24
20230101T000007.600000,6,787,8936.6,4795.31,-646.314,0,0,0,37360.4,-68261,9237.79,127944,4956.93,164573,1.19415e+16
20230101T000007.600000,6,788,8545.26,1889.29,-423.512,0,0,0,6045.53,-25757.2,5787.42,116851,1279.55,122546,1.929e+16
20230101T000007.600000,6,789,4551.32,3215.4,-577.333,0,0,0,16940.1,-23133.8,4198.85,33341.9,2966.38,49686,1.28608e+16
20230101T000007.600000,6,790,6541.62,3875.84,-1510.16,0,0,0,26781.8,-38939.6,15795.7,69432.7,9358.76,92506.4,1.7431e+16
20230101T000007.600000,6,791,6878.87,6204.96,810.265,0,0,0,62216.6,-67739,-8913.81,76210,-8040.53,137313,7.99994e+15
20230101T000007.600000,3,715,1841.76,-1486.39,-360.585,0,0,0,2500,0,0,2500,0,2500,0
20230101T000007.600000,3,716,4614.77,-3373.16,52.1583,0,0,0,2500,0,0,2500,0,2500,0
20230101T000007.600000,3,717,2673.54,-1674.85,-171.401,0,0,0,2500,0,0,2500,0,2500,0
20230101T000007.600000,3,718,3801.33,-1182.04,-578.149,0,0,0,2500,0,0,2500,0,2500,0
20230101T000007.600000,3,719,7956.67,-3606.86,2189.23,0,0,0,2500,0,0,2500,0,2500,0
20230101T000007.600000,3,720,699.484,2.54624,-24.1298,0,0,0,2500,0,0,2500,0,2500,0
20230101T000007.600000,3,721,8936.6,4795.31,-646.314,0,0,0,2500,0,0,2500,0,2500,0
20230101T000007.600000,3,722,8545.26,1889.29,-423.512,0,0,0,2500,0,0,2500,0,2500,0
20230101T000007.600000,3,723,4551.32,3215.4,-577.333,0,0,0,2500,0,0,2500,0,2500,0
20230101T000007.600000,3,724,6541.62,3875.84,-1510.16,0,0,0,2500,0,0,2500,0,2500,0
20230101T000007.600000,3,725,6878.87,6204.96,810.265,0,0,0,2500,0,0,2500,0,2500,0
20230101T000007.700000,6,792,5988.66,-4252.59,-12.1652,0,0,0,28978,40717.4,116.479,57404,-82.7126,86317.7,1.15721e+16
20230101T000007.700000,6,793,6543.56,-6503.64,-1402.98,0,0,0,69291.4,66485.2,14682,70105.2,-14592.4,136186,1.43476e+16
20230101T000007.700000,6,794,3865.01,-1735.07,345.301,0,0,0,5028.42,10634.6,-2130.61,23943.9,956.47,28718.4,8.43038e+15
20230101T000007.700000,6,795,6450.74,-3455.74,628.18,0,0,0,19647.4,35378.1,-6478.75,66734.1,3470.75,85687.1,1.05715e+16
20230101T000007.700000,6,796,688.98,-121.096,-21.666,0,0,0,86.2139,122.463,21.9335,761.448,-3.85505,783.034,4.65305e+24
20230101T000007.700000,6,797,4567.58,828.927,-545.059,0,0,0,1620.7,-5963.3,3976.07,33397.7,721.579,34480.7,1.76812e+16
20230101T000007.700000,6,798,688.864,-121.575,-22.3056,0,0,0,86.4244,122.919,22.5771,761.21,-3.98454,782.968,4.59968e+24
20230101T000007.700000,6,799,5359.19,2605,-1000.03,0,0,0,12202.3,-21683.5,8565.57,46271.2,4163.56,56812.8,1.21653e+16
20230101T000007.700000,6,800,4947.19,2352.44,-687.214,0,0,0,9522.05,-18303.3,5432.5,39310.4,2583.22,48014.8,1.5295e+16
20230101T000007.700000,6,801,5455.2,6873.58,789.645,0,0,0,76003.8,-59478,-6888.72,48265.7,-8679.83,123209,2.62723e+16
20230101T000007.700000,4,708,4945.32,2133.57,-1207.12,16.1131,10.4144,4.08317,558.653,-862.659,504.54,2200.22,216.377,2451.36,0
20230101T000007.700000,4,720,699.867,-92.2943,-22.2494,0.0378679,-9.39017,0.186173,63.0617,-1.94574,18.4578,597.573,0.0671895,597.487,0
20230101T000007.700000,3,726,5988.66,-4252.59,-12.1652,0,0,0,2500,0,0,2500,0,2500,0
20230101T000007.700000,3,727,6543.56,-6503.64,-1402.98,0,0,0,2500,0,0,2500,0,2500,0
20230101T000007.700000,3,728,3865.01,-1735.07,345.301,0,0,0,2500,0,0,2500,0,2500,0
20230101T000007.700000,3,729,6450.74,-3455.74,628.18,0,0,0,2500,0,0,2500,0,2500,0
20230101T000007.700000,3,730,4567.58,828.927,-545.059,0,0,0,2500,0,0,2500,0,2500,0
20230101T000007.700000,3,731,688.864,-121.575,-22.3056,0,0,0,2500,0,0,2500,0,2500,0
20230101T000007.700000,3,732,5359.19,2605,-1000.03,0,0,0,2500,0,0,2500,0,2500,0
20230101T000007.700000,3,733,5455.2,6873.58,789.645,0,0,0,2500,0,0,2500,0,2500,0
20230101T000007.800000,6,802,5472.18,-5561.06,1597.72,0,0,0,51520.1,46617.2,-13980,50017.9,14207,97394.9,8.10091e+15
20230101T000007.800000,6,803,9909.2,-3014.84,-65.4716,0,0,0,14607.6,47779.7,1037.65,157114,-315.7,171651,1.30218e+16
20230101T000007.800000,6,804,6036.2,-1404.7,837.493,0,0,0,4281.29,13304.8,-8080.16,58358,1880.36,61455.3,1.30968e+16
20230101T000007.800000,6,805,657.709,-238.288,-22.168,0,0,0,148.062,230.03,21.4233,699.639,-7.76164,783.043,1.39818e+23
20230101T000007.800000,6,806,7722.81,-2158.58,168.91,0,0,0,7556.81,26644.1,-2085.84,95434.9,583.005,102882,2.88216e+16
20230101T000007.800000,6,807,8738.44,-4144.47,-216.607,0,0,0,27596.1,57892.1,3027.2,122202,-1435.74,149659,1.63452e+16
20230101T000007.800000,6,808,1715.28,146.151,-128.937,0,0,0,123.768,-393.469,349.11,4708.14,29.746,4742.02,1.42128e+16
20230101T000007.800000,6,809,6054.46,-1163.6,1048.74,0,0,0,3923.39,10934.2,-10148.9,58715.2,1950.49,60818.5,1.2775e+16
20230101T000007.800000,6,810,3141.52,2008.02,-88.5631,0,0,0,6505.75,-10058.4,443.876,15812.8,283.72,22242.1,8.12123e+15
20230101T000007.800000,6,811,6954.67,4258.92,-1184.7,0,0,0,30700.2,-46362.9,13174.9,78017.4,8068.1,106411,1.50139e+16
20230101T000007.800000,6,812,6133.2,2523.71,-619.067,0,0,0,10769.2,-24527.3,6069.5,60283.9,2497.49,70377,7.82163e+15
20230101T000007.800000,6,813,6743.99,2464.63,164.534,0,0,0,9813.65,-26559.7,-1774.01,72782.9,-648.321,82489.3,7.10323e+15
20230101T000007.800000,6,814,3215.15,2642.45,445.762,0,0,0,11399.5,-13406.4,-2287.87,16693.2,-1880.34,27712.2,2.0095e+16
20230101T000007.800000,6,815,6483.65,8382.99,-306.682,0,0,0,112519,-86859.9,3180.34,67394.4,4112,179699,2.13419e+16
20230101T000007.800000,4,731,672.85,-212.497,-22.2008,-1.58556,-9.00226,0.0103721,79.1117,91.5072,16.8036,581.459,-2.96559,597.528,0
20230101T000007.800000,3,734,5472.18,-5561.06,1597.72,0,0,0,2500,0,0,2500,0,2500,0
20230101T000007.800000,3,735,9909.2,-3014.84,-65.4716,0,0,0,2500,0,0,2500,0,2500,0
20230101T000007.800000,3,736,6036.2,-1404.7,837.493,0,0,0,2500,0,0,2500,0,2500,0
20230101T000007.800000,3,737,7722.81,-2158.58,168.91,0,0,0,2500,0,0,2500,0,2500,0
20230101T000007.800000,3,738,8738.44,-4144.47,-216.607,0,0,0,2500,0,0,2500,0,2500,0
20230101T000007.800000,3,739,1715.28,146.151,-128.937,0,0,0,2500,0,0,2500,0,2500,0
20230101T000007.800000,3,740,6054.46,-1163.6,1048.74,0,0,0,2500,0,0,2500,0,2500,0
20230101T000007.800000,3,741,3141.52,2008.02,-88.5631,0,0,0,2500,0,0,2500,0,2500,0
20230101T000007.800000,3,742,6954.67,4258.92,-1184.7,0,0,0,2500,0,0,2500,0,2500,0
20230101T000007.800000,3,743,6133.2,2523.71,-619.067,0,0,0,2500,0,0,2500,0,2500,0
20230101T000007.800000,3,744,6743.99,2464.63,164.534,0,0,0,2500,0,0,2500,0,2500,0
20230101T000007.800000,3,745,3215.15,2642.45,445.762,0,0,0,2500,0,0,2500,0,2500,0
20230101T000007.800000,3,746,6483.65,8382.99,-306.682,0,0,0,2500,0,0,2500,0,2500,0
20230101T000007.900000,6,816,2776.57,-1467.27,-346.542,0,0,0,3644.24,6412.88,1533.35,12390.7,-810.292,15780.3,1.22269e+16
20230101T000007.900000,6,817,605.808,-349.91,-23.5884,0,0,0,244.502,311.092,20.9976,603.42,-12.128,783.177,6.30377e+22
20230101T000007.900000,6,818,11511.1,-333.338,578.622,0,0,0,776.805,6122,-10653.7,212010,308.51,212188,8.00302e+15
20230101T000007.900000,6,819,7708.7,1111.59,-670.908,0,0,0,2744.76,-13599.5,8269.51,95094.4,1192.46,97055.9,9.545e+15
20230101T000007.900000,6,820,2674.3,1801.22,-43.6339,0,0,0,5237.17,-7676.17,185.986,11464,125.267,16634.1,1.26432e+16
20230101T000007.900000,6,821,4235.37,819.27,-128.25,0,0,0,1160.93,-5535.03,867.23,28704.6,167.753,29775.4,7.9783e+15
20230101T000007.900000,6,822,9589.76,3981.07,1591.03,0,0,0,28866.4,-59627.6,-24403.3,147746,-10130.7,172501,1.77261e+16
20230101T000007.900000,6,823,4596.2,1289.14,-372.526,0,0,0,2923.82,-9405.94,2734.75,33820.9,767.039,36459.5,7.5555e+15
20230101T000007.900000,6,824,8278.86,3543.78,113.191,0,0,0,20164.8,-46911,-1498.61,109676,-641.482,129757,9.13261e+15
20230101T000007.900000,6,825,10143,6560.72,-322.297,0,0,0,69031.1,-106368,5229.08,164678,3382.27,233479,1.73476e+16
20230101T000007.900000,4,717,2690.35,-1645.4,-196.979,4.62624,8.10572,-7.0399,705.491,1015.7,103.991,1690.55,-65.1456,2321.17,0
20230101T000007.900000,3,747,605.808,-349.91,-23.5884,0,0,0,2500,0,0,2500,0,2500,0
20230101T000007.900000,3,748,11511.1,-333.338,578.622,0,0,0,2500,0,0,2500,0,2500,0
20230101T000007.900000,3,749,7708.7,1111.59,-670.908,0,0,0,2500,0,0,2500,0,2500,0
20230101T000007.900000,3,750,2674.3,1801.22,-43.6339,0,0,0,2500,0,0,2500,0,2500,0
20230101T000007.900000,3,751,4235.37,819.27,-128.25,0,0,0,2500,0,0,2500,0,2500,0
20230101T000007.900000,3,752,9589.76,3981.07,1591.03,0,0,0,2500,0,0,2500,0,2500,0
20230101T000007.900000,3,753,4596.2,1289.14,-372.526,0,0,0,2500,0,0,2500,0,2500,0
20230101T000007.900000,3,754,8278.86,3543.78,113.191,0,0,0,2500,0,0,2500,0,2500,0
20230101T000007.900000,3,755,10143,6560.72,-322.297,0,0,0,2500,0,0,2500,0,2500,0
20230101T000008,6,826,533.593,-452.347,-25.704,0,0,0,365.192,354.144,20.1533,482.721,-17.0848,783.029,8.50394e+22
20230101T000008,6,827,1407.97,-909.143,70.2767,0,0,0,1373.13,2015.36,-156.066,3192.94,100.773,4494.39,1.48857e+16
20230101T000008,6,828,9446.76,-3763.95,-445.171,0,0,0,22996.4,56760.4,6726.08,142838,-2679.93,165454,1.29486e+16
20230101T000008,6,829,11121.8,-883.685,-1342.83,0,0,0,4179.12,15492.2,23887.8,197928,-1898.02,199160,1.29976e+16
20230101T000008,6,830,6990.48,-758.822,-718.073,0,0,0,1799.3,8391.95,8025.05,78197.3,-871.125,79108.9,8.56671e+15
20230101T000008,6,831,4760.77,485.822,-581.18,0,0,0,974.919,-3639.66,4419.36,36270.1,450.982,36642.4,1.02442e+16
20230101T000008,6,832,9339.39,1858.11,-304.564,0,0,0,5728.37,-27725.1,4549.09,139567,905.06,145083,1.02753e+16
20230101T000008,6,833,6201.12,-1186.5,260.018,0,0,0,2418.46,11740.5,-2577.26,61532.3,493.126,63778.8,1.07145e+16
20230101T000008,6,834,9737.86,5230.62,1506.27,0,0,0,46641,-79956.5,-23461,152548,-12601.9,195498,1.28909e+16
20230101T000008,6,835,6869.91,2986.4,-1315.39,0,0,0,16650.4,-31791.2,14448.6,75962.9,6280.9,89784.7,1.10526e+16
20230101T000008,6,836,1636.2,1768.25,76.3071,0,0,0,5036.53,-4592.62,-198.39,4322.89,-214.402,9286.23,9.51329e+15
20230101T000008,6,837,2545.32,2201,-204.828,0,0,0,7825.91,-8898.82,831.227,10421.8,718.781,18117.1,1.2347e+16
20230101T000008,6,838,8359.63,8747.46,142.445,0,0,0,122475,-116953,-1904.74,111864,-1993.11,234242,1.13213e+16
20230101T000008,4,736,6102.85,-1409.98,822.975,12.8184,-1.01653,-2.79184,228.807,527.247,-314.588,2371.77,73.2086,2452.63,0
20230101T000008,4,747,557.849,-432.838,-25.2029,-4.74841,-8.21075,-0.159848,196.785,231.58,15.6266,463.967,-9.02579,597.635,0
20230101T000008,3,756,1407.97,-909.143,70.2767,0,0,0,2500,0,0,2500,0,2500,0
20230101T000008,3,757,9446.76,-3763.95,-445.171,0,0,0,2500,0,0,2500,0,2500,0
20230101T000008,3,758,11121.8,-883.685,-1342.83,0,0,0,2500,0,0,2500,0,2500,0
20230101T000008,3,759,6990.48,-758.822,-718.073,0,0,0,2500,0,0,2500,0,2500,0
20230101T000008,3,760,4760.77,485.822,-581.18,0,0,0,2500,0,0,2500,0,2500,0
20230101T000008,3,761,9339.39,1858.11,-304.564,0,0,0,2500,0,0,2500,0,2500,0
20230101T000008,3,762,9737.86,5230.62,1506.27,0,0,0,2500,0,0,2500,0,2500,0
20230101T000008,3,763,6869.91,2986.4,-1315.39,0,0,0,2500,0,0,2500,0,2500,0
20230101T000008,3,764,1636.2,1768.25,76.3071,0,0,0,2500,0,0,2500,0,2500,0
20230101T000008,3,765,2545.32,2201,-204.828,0,0,0,2500,0,0,2500,0,2500,0
20230101T000008,3,766,8359.63,8747.46,142.445,0,0,0,2500,0,0,2500,0,2500,0
20230101T000008.100000,6,839,70.0032,-87.1614,-22.3364,0,0,0,36.6002,-20.6739,-5.19812,45.7373,6.47221,22.453,1.66944e+16
20230101T000008.100000,6,840,10064,-4207.43,-276.2,0,0,0,28482.3,67683.7,4446,162083,-1858.73,190379,8.0827e+15
20230101T000008.100000,6,841,8965.39,1320.26,1499.47,0,0,0,6370.99,-18411.2,-21499.1,128683,-3166,131396,1.40322e+16
20230101T000008.100000,6,842,3409.44,1294,98.2043,0,0,0,2748.5,-7032.58,-534.104,18608.8,-202.711,21278,1.23327e+16
20230101T000008.100000,6,843,4772.95,2249.61,-36.7625,0,0,0,8151.34,-17154.1,280.342,36461.7,132.132,44546.9,1.07753e+16
20230101T000008.100000,6,844,7376.63,9034.36,-836.58,0,0,0,131065,-106049,9870.94,87773.5,12089.2,217655,1.9962e+16
20230101T000008.100000,6,845,6712.13,10195.9,430.522,0,0,0,166438,-109332,-4622.3,72335.7,-7021.38,238414,3.47131e+16
20230101T000008.100000,6,846,448.95,528.345,95.8616,0,0,0,479.134,-341.278,-63.2369,367.496,-74.4201,770.328,6.99998e+23
20230101T000008.100000,6,847,3740.2,3420.81,541.841,0,0,0,19013.4,-20205.8,-3237.56,22625.4,-2961.09,41106.4,1.40919e+16
20230101T000008.100000,3,767,70.0032,-87.1614,-22.3364,0,0,0,2500,0,0,2500,0,2500,0
20230101T000008.100000,3,768,10064,-4207.43,-276.2,0,0,0,2500,0,0,2500,0,2500,0
20230101T000008.100000,3,769,8965.39,1320.26,1499.47,0,0,0,2500,0,0,2500,0,2500,0
20230101T000008.100000,3,770,3409.44,1294,98.2043,0,0,0,2500,0,0,2500,0,2500,0
20230101T000008.100000,3,771,4772.95,2249.61,-36.7625,0,0,0,2500,0,0,2500,0,2500,0
20230101T000008.100000,3,772,7376.63,9034.36,-836.58,0,0,0,2500,0,0,2500,0,2500,0
20230101T000008.100000,3,773,6712.13,10195.9,430.522,0,0,0,2500,0,0,2500,0,2500,0
20230101T000008.100000,3,774,448.95,528.345,95.8616,0,0,0,2500,0,0,2500,0,2500,0
20230101T000008.100000,3,775,3740.2,3420.81,541.841,0,0,0,2500,0,0,2500,0,2500,0
20230101T000008.200000,6,848,5267.39,-4688.47,34.8039,0,0,0,35207.6,39480.8,-293.085,44421.7,260.873,79563.4,8.56166e+15
20230101T000008.200000,6,849,2846.11,-4090.73,1072.48,0,0,0,27394.8,17736.8,-4876.31,14241.8,7008.76,39737.9,1.67872e+16
20230101T000008.200000,6,850,4330.26,-3292.29,594.549,0,0,0,17741.2,22507.4,-4113.78,30232.1,3127.71,47345.3,1.27192e+16
20230101T000008.200000,6,851,3669.19,-937.577,239.33,0,0,0,1552.35,5466.96,-1401.13,21550.2,358.027,22947.4,7.96621e+15
20230101T000008.200000,6,852,11005.3,-3359.03,-1890.42,0,0,0,23340.5,57533.5,33277.6,194279,-10156.9,211841,1.12352e+16
20230101T000008.200000,6,853,9121.99,-3678.07,-993.05,0,0,0,23056.8,53112.9,14487.8,133367,-5841.62,154783,7.81808e+15
20230101T000008.200000,6,854,7246.85,-2553.91,-1438.92,0,0,0,13437.7,28554.6,16673.3,84399.7,-5875.94,94465,1.91656e+16
20230101T000008.200000,6,855,3755.41,-483.492,-249.817,0,0,0,534.932,2884.42,1496.89,22567.6,-192.718,22939.2,8.20397e+15
20230101T000008.200000,6,856,12022.8,2568.59,208.079,0,0,0,10683.7,-49383.5,-4001.67,231284,-854.925,241834,1.58546e+16
20230101T000008.200000,6,857,5114.04,-746.201,670.608,0,0,0,1657.08,5993.97,-5479.14,41861.7,799.475,42737.4,1.31812e+16
20230101T000008.200000,6,858,9055.36,-309.78,173.12,0,0,0,265.341,4484.45,-2507.05,131200,85.765,131353,4.22028e+16
20230101T000008.200000,6,859,3467.73,1001.67,-208.007,0,0,0,1728.13,-5522.19,1150.57,19250.5,332.348,20845.8,1.26873e+16
20230101T000008.200000,6,860,9420.78,6209.09,664.942,0,0,0,62222.1,-93236.7,-10019.7,142235,-6603.82,203686,1.36145e+16
20230101T000008.200000,6,861,6498.59,3258.6,-381.871,0,0,0,17227,-33763,3967.61,67630.5,1989.48,84560.5,9.52114e+15
20230101T000008.200000,6,862,2221.16,2104.51,109.09,0,0,0,7130.02,-7437.7,-386.037,7932.95,-365.762,14980.1,1.74461e+16
20230101T000008.200000,6,863,8633.16,7293.23,-152.997,0,0,0,85165,-100692,2112.69,119292,1784.79,204356,1.45534e+16
20230101T000008.200000,6,864,533.2,442.259,99.8228,0,0,0,359.538,-338.657,-78.2068,486.935,-64.8681,769.134,3.07141e+24
20230101T000008.200000,6,865,5419.18,4806.28,-726.766,0,0,0,37469,-41222.8,6296.8,47388,5584.65,83949.2,9.7162e+15
20230101T000008.200000,4,770,3391.76,1253.56,64.6871,-1.74981,-4.00455,-3.31853,340.147,-727.57,-55.2211,1981.01,-20.9583,2255.73,0
20230101T000008.200000,4,774,519.14,468.122,98.885,6.9495,-5.96267,0.29935,372.74,-255.15,-47.0638,289.275,-55.3868,588.099,0
20230101T000008.200000,3,776,5267.39,-4688.47,34.8039,0,0,0,2500,0,0,2500,0,2500,0
20230101T000008.200000,3,777,2846.11,-4090.73,1072.48,0,0,0,2500,0,0,2500,0,2500,0
20230101T000008.200000,3,778,4330.26,-3292.29,594.549,0,0,0,2500,0,0,2500,0,2500,0
20230101T000008.200000,3,779,3669.19,-937.577,239.33,0,0,0,2500,0,0,2500,0,2500,0
20230101T000008.200000,3,780,11005.3,-3359.03,-1890.42,0,0,0,2500,0,0,2500,0,2500,0
20230101T000008.200000,3,781,9121.99,-3678.07,-993.05,0,0,0,2500,0,0,2500,0,2500,0
20230101T000008.200000,3,782,7246.85,-2553.91,-1438.92,0,0,0,2500,0,0,2500,0,2500,0
20230101T000008.200000,3,783,3755.41,-483.492,-249.817,0,0,0,2500,0,0,2500,0,2500,0
20230101T000008.200000,3,784,12022.8,2568.59,208.079,0,0,0,2500,0,0,2500,0,2500,0
20230101T000008.200000,3,785,5114.04,-746.201,670.608,0,0,0,2500,0,0,2500,0,2500,0
20230101T000008.200000,3,786,9055.36,-309.78,173.12,0,0,0,2500,0,0,2500,0,2500,0
20230101T000008.200000,3,787,9420.78,6209.09,664.942,0,0,0,2500,0,0,2500,0,2500,0
20230101T000008.200000,3,788,6498.59,3258.6,-381.871,0,0,0,2500,0,0,2500,0,2500,0
20230101T000008.200000,3,789,2221.16,2104.51,109.09,0,0,0,2500,0,0,2500,0,2500,0
20230101T000008.200000,3,790,8633.16,7293.23,-152.997,0,0,0,2500,0,0,2500,0,2500,0
20230101T000008.200000,3,791,5419.18,4806.28,-726.766,0,0,0,2500,0,0,2500,0,2500,0
20230101T000008.300000,6,866,9155.47,-5596.72,-199.77,0,0,0,50210.2,81928,2925.37,134151,-1788.27,184233,1.01496e+16
20230101T000008.300000,6,867,7799.42,-2253.08,-1316.73,0,0,0,10740.1,27360,16421.9,97548.1,-4743.91,105453,1.02338e+16
20230101T000008.300000,6,868,5934.75,-1776.09,354.704,0,0,0,5290.48,16792.2,-3364.63,56375.8,1006.93,61401.4,1.28887e+16
20230101T000008.300000,6,869,6876.63,-1954.65,-85.3847,0,0,0,6183.04,21486.4,938.719,75666.6,-266.826,81774,9.90699e+15
20230101T000008.300000,6,870,3657.49,184.551,368.507,0,0,0,334.416,-1065.86,-2150.13,21404.2,-108.492,21458.7,7.95317e+15
20230101T000008.300000,6,871,10264.6,176.581,-740.398,0,0,0,990.383,-2883.87,12155.2,168578,209.106,168628,1.13886e+16
20230101T000008.300000,6,872,600.642,345.082,100.247,0,0,0,249.75,-297.61,-88.4736,596.78,-50.83,769.077,2.51352e+24
20230101T000008.300000,6,873,4103.04,2393.23,228.808,0,0,0,9274.25,-15647,-1499.44,26973.4,-874.596,36100.2,1.1271e+16
20230101T000008.300000,6,874,4642.29,1519.77,-574.228,0,0,0,4229.07,-11113.7,4258.12,34538.6,1394.01,38177.9,1.99943e+16
20230101T000008.300000,6,875,3439.55,2830.57,713.066,0,0,0,13341.6,-15147.6,-3916.49,19282.5,-3223.06,31749.8,1.22074e+16
20230101T000008.300000,6,876,9186.75,7234.28,54.812,0,0,0,83778.1,-106302,-805.435,135061,-634.254,218770,2.4526e+16
20230101T000008.300000,6,877,7681.02,5148.86,1761.12,0,0,0,45883.7,-60953.8,-21633.7,95954.5,-14501.8,136816,1.70755e+16
20230101T000008.300000,3,792,9155.47,-5596.72,-199.77,0,0,0,2500,0,0,2500,0,2500,0
20230101T000008.300000,3,793,7799.42,-2253.08,-1316.73,0,0,0,2500,0,0,2500,0,2500,0
20230101T000008.300000,3,794,5934.75,-1776.09,354.704,0,0,0,2500,0,0,2500,0,2500,0
20230101T000008.300000,3,795,6876.63,-1954.65,-85.3847,0,0,0,2500,0,0,2500,0,2500,0
20230101T000008.300000,3,796,3657.49,184.551,368.507,0,0,0,2500,0,0,2500,0,2500,0
20230101T000008.300000,3,797,10264.6,176.581,-740.398,0,0,0,2500,0,0,2500,0,2500,0
20230101T000008.300000,3,798,600.642,345.082,100.247,0,0,0,2500,0,0,2500,0,2500,0
20230101T000008.300000,3,799,4103.04,2393.23,228.808,0,0,0,2500,0,0,2500,0,2500,0
20230101T000008.300000,3,800,4642.29,1519.77,-574.228,0,0,0,2500,0,0,2500,0,2500,0
20230101T000008.300000,3,801,3439.55,2830.57,713.066,0,0,0,2500,0,0,2500,0,2500,0
20230101T000008.300000,3,802,9186.75,7234.28,54.812,0,0,0,2500,0,0,2500,0,2500,0
20230101T000008.300000,3,803,7681.02,5148.86,1761.12,0,0,0,2500,0,0,2500,0,2500,0
20230101T000008.400000,6,878,4757.85,-3845.24,273.156,0,0,0,23768.2,29182.5,-2077.2,36291.9,1678.77,59877,1.43342e+16
20230101T000008.400000,6,879,6407.19,-2895.95,538.309,0,0,0,13856.3,29489.9,-5514.04,65772.7,2492.26,79102.1,8.5944e+15
20230101T000008.400000,6,880,3073.94,843.326,670.112,0,0,0,1863.11,-3948.78,-3283.39,15173.1,-900.788,16259.2,2.67334e+16
20230101T000008.400000,6,881,652.462,232.984,99.437,0,0,0,156.498,-218.351,-95.3301,690.012,-34.0408,769.273,3.20037e+24
20230101T000008.400000,6,882,8608.97,4190.1,-586.276,0,0,0,28587.3,-57474.4,8072.06,118701,3928.78,146674,1.34852e+16
20230101T000008.400000,6,883,6938.45,6413.94,932.335,0,0,0,66605.8,-70479.6,-10345.7,77697.4,-9563.65,142850,1.21381e+16
20230101T000008.400000,4,798,647.94,262.9,99.6282,4.68294,-8.13683,-0.0612196,201.296,-222.599,-65.8458,460.859,-37.8299,587.166,0
20230101T000008.400000,3,804,4757.85,-3845.24,273.156,0,0,0,2500,0,0,2500,0,2500,0
20230101T000008.400000,3,805,6407.19,-2895.95,538.309,0,0,0,2500,0,0,2500,0,2500,0
20230101T000008.400000,3,806,3073.94,843.326,670.112,0,0,0,2500,0,0,2500,0,2500,0
20230101T000008.400000,3,807,8608.97,4190.1,-586.276,0,0,0,2500,0,0,2500,0,2500,0
20230101T000008.400000,3,808,6938.45,6413.94,932.335,0,0,0,2500,0,0,2500,0,2500,0
20230101T000008.500000,6,884,5562.03,-5314.29,-1478.78,0,0,0,47048,45514.8,13151.4,51197.2,-12565.6,94686.9,1.55085e+16
20230101T000008.500000,6,885,5405.99,-7708.88,938.542,0,0,0,95568.4,65986.3,-8114.38,47746.9,11571,141843,1.52286e+16
20230101T000008.500000,6,886,8132.76,-2687.97,129.363,0,0,0,11642.1,34949.9,-1682.41,105836,556.055,117387,1.05546e+16
20230101T000008.500000,6,887,4722.13,-1588.55,-115.487,0,0,0,4114.24,11976.4,871.147,35686.4,-293.059,39715.3,2.18532e+16
20230101T000008.500000,6,888,5452.38,-1629.19,-817.177,0,0,0,5285.24,13902.4,7120.26,47658.2,-2127.56,51813.6,1.21941e+16
20230101T000008.500000,6,889,5551.8,-2694.65,-121.622,0,0,0,11688.7,23901.8,1079.22,49332.7,-523.817,60933.8,1.44789e+16
20230101T000008.500000,6,890,682.287,119.924,99.1596,0,0,0,99.1069,-117.54,-99.407,747.176,-17.4725,769.121,8.26027e+23
20230101T000008.500000,6,891,2580.58,3251.34,536.482,0,0,0,17116.3,-13169.6,-2210.04,10976.2,-2784.48,27570,2.30307e+16
20230101T000008.500000,6,892,3776.09,5532.26,396.287,0,0,0,49069.5,-33277.8,-2392.14,23029.1,-3504.66,71783.8,3.14393e+16
20230101T000008.500000,3,809,5562.03,-5314.29,-1478.78,0,0,0,2500,0,0,2500,0,2500,0
20230101T000008.500000,3,810,5405.99,-7708.88,938.542,0,0,0,2500,0,0,2500,0,2500,0
20230101T000008.500000,3,811,8132.76,-2687.97,129.363,0,0,0,2500,0,0,2500,0,2500,0
20230101T000008.500000,3,812,4722.13,-1588.55,-115.487,0,0,0,2500,0,0,2500,0,2500,0
20230101T000008.500000,3,813,5452.38,-1629.19,-817.177,0,0,0,2500,0,0,2500,0,2500,0
20230101T000008.500000,3,814,5551.8,-2694.65,-121.622,0,0,0,2500,0,0,2500,0,2500,0
20230101T000008.500000,3,815,682.287,119.924,99.1596,0,0,0,2500,0,0,2500,0,2500,0
20230101T000008.500000,3,816,2580.58,3251.34,536.482,0,0,0,2500,0,0,2500,0,2500,0
20230101T000008.500000,3,817,3776.09,5532.26,396.287,0,0,0,2500,0,0,2500,0,2500,0
20230101T000008.600000,6,893,9077.28,-7675.54,-2346.36,0,0,0,99434.4,107103,34068.4,135533,-28807.5,226100,2.12638e+16
20230101T000008.600000,6,894,5251.17,-6431.96,1898.44,0,0,0,68522.9,51185.8,-15941.7,47616.4,19526.4,110315,1.98238e+16
20230101T000008.600000,6,895,6265.42,-6648.49,782.843,0,0,0,71214.9,66127.8,-7844.02,63361.8,8323.59,133533,7.51684e+15
20230101T000008.600000,6,896,3624.11,-2052.22,-668.122,0,0,0,7326.6,11566.9,3865.44,21203.2,-2188.88,27754.8,1.69657e+16
20230101T000008.600000,6,897,5426.28,-2465.44,-81.8286,0,0,0,9787.31,21376.9,709.641,47124.1,-322.426,56836.7,1.3608e+16
20230101T000008.600000,6,898,5596.73,-1784.17,-1188.43,0,0,0,7200.33,15305.1,10630.2,50331.5,-3388.79,55213.1,1.44841e+16
20230101T000008.600000,6,899,693.206,0.220601,96.3751,0,0,0,77.6475,-0.219965,-98.1635,768.856,-0.0312388,770.07,1.1444e+24
20230101T000008.600000,6,900,5086.52,-462.009,254.527,0,0,0,507.649,3744.94,-2068.28,41397.7,187.862,41738,1.24809e+16
20230101T000008.600000,6,901,3999.28,2015.52,-384.462,0,0,0,6738.98,-12776.4,2455.25,25651.6,1237.37,32091,1.64651e+16
20230101T000008.600000,6,902,1901.28,1986.37,-121.591,0,0,0,6354.92,-5998.92,367.932,5829.48,384.398,12097,1.17487e+16
20230101T000008.600000,6,903,8481.51,7907.03,-36.2871,0,0,0,100069,-107269,492.285,115128,458.94,215131,8.67369e+15
20230101T000008.600000,6,904,3170.17,2140.29,-376.328,0,0,0,7528.54,-10721.7,1903.67,16170.8,1285.23,23409.9,1.29903e+16
20230101T000008.600000,6,905,3983.15,3918.09,732.009,0,0,0,25029.9,-24510,-4659.24,25837.3,-4583.14,49948,8.99514e+15
20230101T000008.600000,4,802,9104.33,7184.63,53.2399,-22.684,-13.6646,-0.43267,1068.81,-1277.8,-9.68148,1685.25,-7.62386,2691.42,0
20230101T000008.600000,4,815,698.622,29.1245,97.0374,1.61728,-8.99002,-0.210118,88.6232,-87.9126,-73.9891,573.337,-13.0048,587.242,0
20230101T000008.600000,3,818,9077.28,-7675.54,-2346.36,0,0,0,2500,0,0,2500,0,2500,0
20230101T000008.600000,3,819,5251.17,-6431.96,1898.44,0,0,0,2500,0,0,2500,0,2500,0
20230101T000008.600000,3,820,6265.42,-6648.49,782.843,0,0,0,2500,0,0,2500,0,2500,0
20230101T000008.600000,3,821,3624.11,-2052.22,-668.122,0,0,0,2500,0,0,2500,0,2500,0
20230101T000008.600000,3,822,5426.28,-2465.44,-81.8286,0,0,0,2500,0,0,2500,0,2500,0
20230101T000008.600000,3,823,5596.73,-1784.17,-1188.43,0,0,0,2500,0,0,2500,0,2500,0
20230101T000008.600000,3,824,5086.52,-462.009,254.527,0,0,0,2500,0,0,2500,0,2500,0
20230101T000008.600000,3,825,3999.28,2015.52,-384.462,0,0,0,2500,0,0,2500,0,2500,0
20230101T000008.600000,3,826,1901.28,1986.37,-121.591,0,0,0,2500,0,0,2500,0,2500,0
20230101T000008.600000,3,827,3170.17,2140.29,-376.328,0,0,0,2500,0,0,2500,0,2500,0
20230101T000008.600000,3,828,3983.15,3918.09,732.009,0,0,0,2500,0,0,2500,0,2500,0
20230101T000008.700000,6,906,3574.32,-1425.5,-300.161,0,0,0,3430.55,8080.83,1711.98,20469.7,-682.769,23692.9,2.30543e+16
20230101T000008.700000,6,907,6951.43,-1954.47,380.351,0,0,0,6385.59,21661.3,-4227.14,77337.5,1188.51,83428,1.06624e+16
20230101T000008.700000,6,908,1949.21,-400.182,-230.514,0,0,0,398.412,1218.87,711.749,6085.08,-146.125,6336.17,2.11365e+16
20230101T000008.700000,6,909,11029.9,-172.782,-484.478,0,0,0,487.085,3042.36,8547.2,194654,-133.891,194702,1.50057e+16
20230101T000008.700000,6,910,11078.2,-915.504,-404.852,0,0,0,1664.99,16200.6,7173.72,196364,-592.838,197703,1.79206e+16
20230101T000008.700000,6,911,682.648,-119.952,97.3344,0,0,0,98.6085,117.735,-97.6314,747.948,17.1554,769.873,1.27757e+24
20230101T000008.700000,6,912,10514.1,5798.03,2243.01,0,0,0,60007.4,-94107.3,-37722.9,178764,-20802.4,230662,1.82878e+16
20230101T000008.700000,6,913,2071.93,2547.64,-198.057,0,0,0,10435.1,-8383.71,654.15,6944.77,804.342,17253.6,1.12801e+16
20230101T000008.700000,6,914,3116.09,2444.66,323.307,0,0,0,9705.09,-12076.4,-1607.84,15624,-1261.4,25098.7,1.3776e+16
20230101T000008.700000,3,829,3574.32,-1425.5,-300.161,0,0,0,2500,0,0,2500,0,2500,0
20230101T000008.700000,3,830,6951.43,-1954.47,380.351,0,0,0,2500,0,0,2500,0,2500,0
20230101T000008.700000,3,831,1949.21,-400.182,-230.514,0,0,0,2500,0,0,2500,0,2500,0
20230101T000008.700000,3,832,11029.9,-172.782,-484.478,0,0,0,2500,0,0,2500,0,2500,0
20230101T000008.700000,3,833,11078.2,-915.504,-404.852,0,0,0,2500,0,0,2500,0,2500,0
20230101T000008.700000,3,834,682.648,-119.952,97.3344,0,0,0,2500,0,0,2500,0,2500,0
20230101T000008.700000,3,835,10514.1,5798.03,2243.01,0,0,0,2500,0,0,2500,0,2500,0
20230101T000008.700000,3,836,2071.93,2547.64,-198.057,0,0,0,2500,0,0,2500,0,2500,0
20230101T000008.700000,3,837,3116.09,2444.66,323.307,0,0,0,2500,0,0,2500,0,2500,0
20230101T000008.800000,6,915,2016.93,-1917.66,318.182,0,0,0,6002.14,6076.02,-1021.57,6615.7,971.287,12393.5,1.77972e+16
20230101T000008.800000,6,916,9382.75,-6523.49,-1536.27,0,0,0,70677.5,96133.8,23056.1,142108,-16030.1,208948,1.21101e+16
20230101T000008.800000,6,917,8387.08,-8053.12,-137.877,0,0,0,103814,108020,1849.67,112594,-1776.02,216313,1.03606e+16
20230101T000008.800000,6,918,10459.4,-4838.92,-371.192,0,0,0,37698.5,80871.2,6210.04,175089,-2873.01,212503,1.22765e+16
20230101T000008.800000,6,919,653.34,-232.024,95.8785,0,0,0,154.963,218.102,-92.0424,691.646,32.6875,770.303,4.51363e+23
20230101T000008.800000,6,920,4557.35,-847.308,-1061.85,0,0,0,2951.25,5843.23,7729.08,33293.3,-1437,34382.9,1.21583e+16
20230101T000008.800000,6,921,3693.18,709.289,616.836,0,0,0,1452.17,-4066.94,-3634.89,21847.1,-698.095,22629.9,1.12618e+16
20230101T000008.800000,6,922,5032.83,-271.099,293.353,0,0,0,318.482,2172.21,-2358.53,40527.6,127.045,40644.8,1.26183e+16
20230101T000008.800000,6,923,7081.02,2799.56,337.71,0,0,0,12753.1,-31633.8,-3823.49,80258.7,-1511.66,92765.6,1.64466e+16
20230101T000008.800000,6,924,9907.48,6598.84,-1092.36,0,0,0,71037.9,-103694,17311.1,157659,11530,226725,9.42289e+15
20230101T000008.800000,4,824,5024.16,-445.287,253.856,-11.9936,3.2158,-0.129029,87.8396,214.331,-118.095,2428.07,10.7266,2441.98,0
20230101T000008.800000,4,834,667.424,-207.536,96.2238,-1.50734,-8.67168,-0.109968,88.2477,88.0357,-72.6626,573.79,12.768,587.767,0
20230101T000008.800000,3,838,2016.93,-1917.66,318.182,0,0,0,2500,0,0,2500,0,2500,0
20230101T000008.800000,3,839,9382.75,-6523.49,-1536.27,0,0,0,2500,0,0,2500,0,2500,0
20230101T000008.800000,3,840,8387.08,-8053.12,-137.877,0,0,0,2500,0,0,2500,0,2500,0
20230101T000008.800000,3,841,10459.4,-4838.92,-371.192,0,0,0,2500,0,0,2500,0,2500,0
20230101T000008.800000,3,842,4557.35,-847.308,-1061.85,0,0,0,2500,0,0,2500,0,2500,0
20230101T000008.800000,3,843,3693.18,709.289,616.836,0,0,0,2500,0,0,2500,0,2500,0
20230101T000008.800000,3,844,7081.02,2799.56,337.71,0,0,0,2500,0,0,2500,0,2500,0
20230101T000008.800000,3,845,9907.48,6598.84,-1092.36,0,0,0,2500,0,0,2500,0,2500,0
20230101T000008.900000,6,925,3247.75,-4893.84,-260.553,0,0,0,38372.2,25350.9,1352.37,16996.4,-2037.81,55196.3,1.45352e+16
20230101T000008.900000,6,926,8012.75,-5598.38,2329.24,0,0,0,56020.7,67669.5,-29850,105594,20855.7,152877,2.07163e+16
20230101T000008.900000,6,927,600.687,-346.274,96.8428,0,0,0,250.229,299.149,-85.4792,596.72,49.2756,770.393,4.88463e+21
20230101T000008.900000,6,928,9100.53,-1876.96,1286.62,0,0,0,8237.53,26793.7,-18725.8,132622,3862.13,138149,1.2377e+16
20230101T000008.900000,6,929,4291.28,-617.057,335.17,0,0,0,847.648,4202.46,-2296.43,29469.1,330.21,30073.8,7.96759e+15
20230101T000008.900000,6,930,10858.9,1545.11,-737.057,0,0,0,4734.19,-26715.1,12801.6,188685,1821.53,192486,1.07075e+16
20230101T000008.900000,6,931,11245.5,-2198.56,-729.251,0,0,0,8614.83,39386.2,13117.3,202373,-2564.51,210074,1.24505e+16
20230101T000008.900000,6,932,7566.08,-505.861,-1043.38,0,0,0,2206.04,6003.69,12622.2,91600.9,-843.911,92003.5,9.77476e+15
20230101T000008.900000,6,933,11084.4,2408.43,2906.98,0,0,0,22249.5,-39895.8,-51540.5,197195,-11198.8,205868,2.02664e+16
20230101T000008.900000,6,934,9365.75,2250.84,-1056.27,0,0,0,9853.49,-33309.3,15821.7,140449,3802.37,148454,1.01871e+16
20230101T000008.900000,6,935,3806.44,4712.85,63.6368,0,0,0,35565.4,-28668.3,-387.146,23225.1,-479.335,58720,9.22274e+15
20230101T000008.900000,3,846,3247.75,-4893.84,-260.553,0,0,0,2500,0,0,2500,0,2500,0
20230101T000008.900000,3,847,8012.75,-5598.38,2329.24,0,0,0,2500,0,0,2500,0,2500,0
20230101T000008.900000,3,848,600.687,-346.274,96.8428,0,0,0,2500,0,0,2500,0,2500,0
20230101T000008.900000,3,849,9100.53,-1876.96,1286.62,0,0,0,2500,0,0,2500,0,2500,0
20230101T000008.900000,3,850,4291.28,-617.057,335.17,0,0,0,2500,0,0,2500,0,2500,0
20230101T000008.900000,3,851,10858.9,1545.11,-737.057,0,0,0,2500,0,0,2500,0,2500,0
20230101T000008.900000,3,852,11245.5,-2198.56,-729.251,0,0,0,2500,0,0,2500,0,2500,0
20230101T000008.900000,3,853,7566.08,-505.861,-1043.38,0,0,0,2500,0,0,2500,0,2500,0
20230101T000008.900000,3,854,11084.4,2408.43,2906.98,0,0,0,2500,0,0,2500,0,2500,0
20230101T000008.900000,3,855,9365.75,2250.84,-1056.27,0,0,0,2500,0,0,2500,0,2500,0
20230101T000008.900000,3,856,3806.44,4712.85,63.6368,0,0,0,2500,0,0,2500,0,2500,0
20230101T000009,6,936,3089.11,-3033.25,153.785,0,0,0,14772.8,14941.2,-758.473,15318.1,744.758,29989.2,9.67713e+15
20230101T000009,6,937,6376.68,-8273.33,-1504.2,0,0,0,110889,82629.4,15341.4,67369.6,-19904.4,174577,1.08422e+16
20230101T000009,6,938,531.096,-445.44,98.139,0,0,0,363.345,340.034,-76.5878,483.574,64.2356,770.024,2.22252e+23
20230101T000009,6,939,10742.3,-2028.32,-2303.43,0,0,0,14838.7,33303.4,39578,184931,-7472.95,191222,1.38752e+16
20230101T000009,6,940,2344.22,-30.4193,60.0675,0,0,0,71.1998,113.19,-223.659,8792.57,2.90227,8794.08,1.16418e+16
20230101T000009,6,941,9953.73,6103.84,-1861.29,0,0,0,63684.7,-94711.6,29634.4,160055,18172.4,218136,1.13558e+16
20230101T000009,6,942,5837.94,2978.68,1094.43,0,0,0,15766,-27021.9,-10213.5,54939.1,-5211.19,68728.2,1.41016e+16
20230101T000009,6,943,6951.98,9327.91,-504.036,0,0,0,139384,-103531,5604.82,77630.5,7520.34,216544,1.11495e+16
20230101T000009,4,848,554.126,-426.769,97.832,-4.60994,-7.96984,0.0979431,201.6,223.651,-63.6109,460.645,36.6693,588.093,0
20230101T000009,3,857,3089.11,-3033.25,153.785,0,0,0,2500,0,0,2500,0,2500,0
20230101T000009,3,858,6376.68,-8273.33,-1504.2,0,0,0,2500,0,0,2500,0,2500,0
20230101T000009,3,859,10742.3,-2028.32,-2303.43,0,0,0,2500,0,0,2500,0,2500,0
20230101T000009,3,860,2344.22,-30.4193,60.0675,0,0,0,2500,0,0,2500,0,2500,0
20230101T000009,3,861,9953.74,6103.84,-1861.29,0,0,0,2500,0,0,2500,0,2500,0
20230101T000009,3,862,5837.94,2978.68,1094.43,0,0,0,2500,0,0,2500,0,2500,0
20230101T000009,3,863,6951.98,9327.91,-504.036,0,0,0,2500,0,0,2500,0,2500,0
20230101T000009.100000,6,944,2156.96,-2152.34,435.145,0,0,0,7595.36,7245.18,-1495.4,7626.4,1492.2,14857.4,1.33932e+16
20230101T000009.100000,6,945,7881,-8165.16,1088.33,0,0,0,107616,101981,-13719.1,100390,14213.8,206048,1.06466e+16
20230101T000009.100000,6,946,2820.74,-3328.11,131.267,0,0,0,17760.4,14975.2,-591.187,12783.8,697.525,30452.7,1.06248e+16
20230101T000009.100000,6,947,2853.26,-1118.9,426.476,0,0,0,2309.73,4987.77,-1938.82,13072.9,760.302,15030.1,1.46171e+16
20230101T000009.100000,6,948,6424.29,-3649.64,748.462,0,0,0,22037.3,37102,-7687.76,66268.6,4367.42,87346.9,1.15079e+16
20230101T000009.100000,6,949,6512.56,-2947.86,-112.967,0,0,0,13973.8,30685.2,1176.2,67875.8,-532.399,81765.3,1.0796e+16
20230101T000009.100000,6,950,7507.59,-3879.22,763.5,0,0,0,24863.6,46191.5,-9166.17,90392.2,4736.22,114260,8.71747e+15
20230101T000009.100000,6,951,3747.92,-622.934,-296.96,0,0,0,820.079,3702.42,1775.87,22480.5,-295.163,23096.3,7.40911e+15
20230101T000009.100000,6,952,9315.82,2901.57,-1868.1,0,0,0,18616.8,-41646,27833.3,139354,8669.17,152328,1.26815e+16
20230101T000009.100000,6,953,10330.6,6202.52,-1676.39,0,0,0,64905.2,-100509,27701.5,171962,16632.1,232309,1.44939e+16
20230101T000009.100000,6,954,8462.17,2125,600.989,0,0,0,7828.54,-28619.8,-8132.81,114611,-2042.29,121799,1.13732e+16
20230101T000009.100000,6,955,5121.72,2711.39,176.127,0,0,0,11851.3,-22172.2,-1441.6,41996.1,-763.167,53733.9,1.02114e+16
20230101T000009.100000,6,956,2197.98,3243.25,-912.032,0,0,0,17267.9,-10759.5,3199.48,8683.41,4721.02,24563,2.49362e+16
20230101T000009.100000,6,957,563.61,674.48,-189.198,0,0,0,776.575,-549.952,162.172,577.991,194.074,1238.96,3.8841e+23
20230101T000009.100000,6,958,602.252,714.863,-222.577,0,0,0,875.694,-619.944,205.184,662.116,243.55,1401.41,1.11917e+20
20230101T000009.100000,6,959,6502.95,6220.68,-1995.97,0,0,0,65275.3,-61510,20757.7,70736.3,19856.7,129579,1.80729e+16
20230101T000009.100000,6,960,6087.99,7451.42,231.958,0,0,0,88897.8,-72509.1,-2258.47,59391.7,-2764.27,148140,1.46845e+16
20230101T000009.100000,4,857,3090.26,-3077.48,153.09,0.114438,-4.37885,-0.0687961,1176.44,1131.63,-57.3791,1217.74,56.3416,2326.28,0
20230101T000009.100000,3,864,2156.96,-2152.34,435.145,0,0,0,2500,0,0,2500,0,2500,0
20230101T000009.100000,3,865,7880.99,-8165.16,1088.33,0,0,0,2500,0,0,2500,0,2500,0
20230101T000009.100000,3,866,2853.26,-1118.9,426.476,0,0,0,2500,0,0,2500,0,2500,0
20230101T000009.100000,3,867,6424.29,-3649.64,748.462,0,0,0,2500,0,0,2500,0,2500,0
20230101T000009.100000,3,868,6512.56,-2947.86,-112.967,0,0,0,2500,0,0,2500,0,2500,0
20230101T000009.100000,3,869,7507.59,-3879.22,763.5,0,0,0,2500,0,0,2500,0,2500,0
20230101T000009.100000,3,870,3747.92,-622.934,-296.96,0,0,0,2500,0,0,2500,0,2500,0
20230101T000009.100000,3,871,9315.82,2901.57,-1868.1,0,0,0,2500,0,0,2500,0,2500,0
20230101T000009.100000,3,872,10330.6,6202.52,-1676.39,0,0,0,2500,0,0,2500,0,2500,0
20230101T000009.100000,3,873,8462.17,2125,600.989,0,0,0,2500,0,0,2500,0,2500,0
20230101T000009.100000,3,874,5121.72,2711.39,176.127,0,0,0,2500,0,0,2500,0,2500,0
20230101T000009.100000,3,875,2197.98,3243.25,-912.032,0,0,0,2500,0,0,2500,0,2500,0
20230101T000009.100000,3,876,563.61,674.48,-189.198,0,0,0,2500,0,0,2500,0,2500,0
20230101T000009.100000,3,877,602.252,714.863,-222.577,0,0,0,2500,0,0,2500,0,2500,0
20230101T000009.100000,3,878,6502.95,6220.68,-1995.97,0,0,0,2500,0,0,2500,0,2500,0
20230101T000009.100000,3,879,6087.99,7451.42,231.958,0,0,0,2500,0,0,2500,0,2500,0
20230101T000009.200000,6,961,9188.83,-7611.84,-2900.79,0,0,0,100724,105267,42636.5,140599,-35319.2,227803,1.40966e+16
20230101T000009.200000,6,962,577.834,-618.48,-27.9538,0,0,0,642.406,539.291,24.4029,569.03,-26.1194,1146.33,9.02946e+15
20230101T000009.200000,6,963,3691.51,-4158.14,535.783,0,0,0,27894.6,24300.2,-3160.5,22095.9,3560.01,49468.4,1.10588e+16
20230101T000009.200000,6,964,6504.22,-3885.29,1925.99,0,0,0,28571.3,37793.8,-20030.2,69264.4,11965,91844.4,1.60639e+16
20230101T000009.200000,6,965,5204.12,-563.277,-316.709,0,0,0,729.307,4666.19,2633.27,43335.2,-285.016,43840.5,2.24091e+16
20230101T000009.200000,6,966,9617.48,-315.581,-820.745,0,0,0,1299.45,4818.73,12624.2,147995,-414.24,148153,8.54842e+15
20230101T000009.200000,6,967,2177.18,1011.7,214.526,0,0,0,1750.43,-3471.84,-742.153,7608.54,-344.866,9222.35,1.52589e+16
20230101T000009.200000,6,968,2294.15,1036.78,-184.951,0,0,0,1818.18,-3761.22,674.625,8441.04,304.88,10141.2,1.309e+16
20230101T000009.200000,6,969,10871.3,4786.42,-498.126,0,0,0,37041.7,-83085.3,8661.98,189171,3813.7,225752,1.86647e+16
20230101T000009.200000,6,970,10678.5,3375.1,699.956,0,0,0,18996.8,-57422.2,-11955.4,182526,-3778.68,200675,1.13809e+16
20230101T000009.200000,6,971,6737.78,1208.03,1694.51,0,0,0,6844.47,-12214.6,-18252.9,72781.2,-3272.6,74974.9,1.04518e+16
20230101T000009.200000,6,972,6652.22,5627.92,-748.042,0,0,0,51236.5,-59428.3,7957.66,71203.2,6732.36,121481,2.15409e+16
20230101T000009.200000,6,973,675.953,563.036,-183.549,0,0,0,575.248,-552.269,188.681,778.261,157.162,1240.94,3.33318e+22
20230101T000009.200000,6,974,690.678,634.876,-207.786,0,0,0,715.418,-636.778,219.673,822.834,201.925,1411.16,9.93049e+18
20230101T000009.200000,6,975,4434.49,4588.67,-673.203,0,0,0,34070.1,-32163.5,4771.86,31871.2,4937.77,65153.6,7.65471e+15
20230101T000009.200000,4,876,645.452,606.595,-185.436,8.10316,-6.72131,0.372544,528.753,-360.342,104.589,398.637,125.163,820.179,0
20230101T000009.200000,4,877,662.283,667.189,-213.263,5.94367,-4.72023,0.922256,571.553,-389.624,126.25,437.324,149.857,885.329,0
20230101T000009.200000,3,880,9188.83,-7611.84,-2900.79,0,0,0,2500,0,0,2500,0,2500,0
20230101T000009.200000,3,881,577.834,-618.48,-27.9538,0,0,0,2500,0,0,2500,0,2500,0
20230101T000009.200000,3,882,3691.51,-4158.14,535.783,0,0,0,2500,0,0,2500,0,2500,0
20230101T000009.200000,3,883,6504.22,-3885.29,1925.99,0,0,0,2500,0,0,2500,0,2500,0
20230101T000009.200000,3,884,5204.12,-563.277,-316.709,0,0,0,2500,0,0,2500,0,2500,0
20230101T000009.200000,3,885,9617.48,-315.581,-820.745,0,0,0,2500,0,0,2500,0,2500,0
20230101T000009.200000,3,886,2177.18,1011.7,214.526,0,0,0,2500,0,0,2500,0,2500,0
20230101T000009.200000,3,887,2294.15,1036.78,-184.951,0,0,0,2500,0,0,2500,0,2500,0
20230101T000009.200000,3,888,10871.3,4786.42,-498.126,0,0,0,2500,0,0,2500,0,2500,0
20230101T000009.200000,3,889,10678.5,3375.1,699.956,0,0,0,2500,0,0,2500,0,2500,0
20230101T000009.200000,3,890,6737.78,1208.03,1694.51,0,0,0,2500,0,0,2500,0,2500,0
20230101T000009.200000,3,891,6652.22,5627.92,-748.042,0,0,0,2500,0,0,2500,0,2500,0
20230101T000009.200000,3,892,4434.49,4588.67,-673.203,0,0,0,2500,0,0,2500,0,2500,0
20230101T000009.300000,6,976,1059.05,-1161.75,358.206,0,0,0,2280.24,1836.06,-597.633,1939.89,655.587,3957.15,1.28226e+16
20230101T000009.300000,6,977,10005.3,-7167.76,-1145.88,0,0,0,83633.2,113720,18338.9,160904,-13137.9,242373,1.0773e+16
20230101T000009.300000,6,978,8042.05,-1843.81,-1088.05,0,0,0,7298.74,23298.5,13992.1,103577,-3207.99,108920,1.2575e+16
20230101T000009.300000,6,979,4528.31,-2740.06,834.013,0,0,0,12873.1,19332,-6034.26,33124,3651.3,44823.2,1.38915e+16
20230101T000009.300000,6,980,2377.97,-267.322,-72.3944,0,0,0,185.762,1009.06,273.52,9048.47,-30.748,9161.96,1.74542e+16
20230101T000009.300000,6,981,3030.73,-486.541,-596.234,0,0,0,993.381,2260.65,2879.42,14712.4,-462.249,15077.6,1.61807e+16
20230101T000009.300000,6,982,11217.8,1926.41,1739.72,0,0,0,10702.3,-33757.9,-31215.9,201483,-5360.64,207282,1.11166e+16
20230101T000009.300000,6,983,8000.64,-1642.12,-1597.28,0,0,0,8290.71,20204.7,20435,102584,-4194.26,106733,1.30179e+16
20230101T000009.300000,6,984,5231.1,-670.193,-171.891,0,0,0,828.064,5595.34,1436.62,43784.9,-184.055,44501.8,1.08893e+16
20230101T000009.300000,6,985,5390.48,-3.42394,1031.98,0,0,0,1765.72,28.4091,-8888.75,46491.7,5.64598,46494,1.42499e+16
20230101T000009.300000,6,986,11776,3346.26,-346.081,0,0,0,18152.5,-62981.6,6518.96,221896,1852.43,239793,1.93714e+16
20230101T000009.300000,6,987,8075.27,3031.58,-816.673,0,0,0,15695.7,-38797.3,10546.1,104476,3959.18,119041,7.95139e+15
20230101T000009.300000,6,988,762.344,437.867,-186.881,0,0,0,394.825,-483.509,216.661,958.92,124.444,1239.4,6.36464e+22
20230101T000009.300000,6,989,831.267,450.199,-172.034,0,0,0,408.799,-553.006,218.897,1130.4,118.55,1431.95,1.50937e+19
20230101T000009.300000,6,990,4865.92,2807.79,92.2933,0,0,0,12672.1,-21826.4,-717.637,37902.9,-414.099,50497.4,1.02715e+16
20230101T000009.300000,6,991,4019.06,5060.93,1397.9,0,0,0,42213.7,-30991.9,-8980.94,27799.4,-11309.1,66828.3,1.3935e+16
20230101T000009.300000,4,860,2392.01,-85.9337,30.3254,13.1555,-15.2793,-8.18594,64.1948,26.1624,-51.6699,2080.02,0.670484,2079.36,0
20230101T000009.300000,4,884,5235.52,-572.297,-310.716,3.10882,-0.89308,0.593354,97.7251,247.837,139.377,2360.67,-15.0858,2379.48,0
20230101T000009.300000,3,893,1059.05,-1161.75,358.206,0,0,0,2500,0,0,2500,0,2500,0
20230101T000009.300000,3,894,10005.3,-7167.77,-1145.88,0,0,0,2500,0,0,2500,0,2500,0
20230101T000009.300000,3,895,8042.05,-1843.81,-1088.05,0,0,0,2500,0,0,2500,0,2500,0
20230101T000009.300000,3,896,4528.31,-2740.06,834.013,0,0,0,2500,0,0,2500,0,2500,0
20230101T000009.300000,3,897,3030.73,-486.541,-596.234,0,0,0,2500,0,0,2500,0,2500,0
20230101T000009.300000,3,898,11217.8,1926.41,1739.72,0,0,0,2500,0,0,2500,0,2500,0
20230101T000009.300000,3,899,8000.64,-1642.12,-1597.28,0,0,0,2500,0,0,2500,0,2500,0
20230101T000009.300000,3,900,5390.48,-3.42394,1031.98,0,0,0,2500,0,0,2500,0,2500,0
20230101T000009.300000,3,901,11776,3346.26,-346.081,0,0,0,2500,0,0,2500,0,2500,0
20230101T000009.300000,3,902,8075.27,3031.58,-816.673,0,0,0,2500,0,0,2500,0,2500,0
20230101T000009.300000,3,903,762.344,437.867,-186.881,0,0,0,2500,0,0,2500,0,2500,0
20230101T000009.300000,3,904,831.267,450.199,-172.034,0,0,0,2500,0,0,2500,0,2500,0
20230101T000009.300000,3,905,4865.92,2807.79,92.2933,0,0,0,2500,0,0,2500,0,2500,0
20230101T000009.300000,3,906,4019.06,5060.93,1397.9,0,0,0,2500,0,0,2500,0,2500,0
20230101T000009.400000,6,992,483.909,-691.886,65.7099,0,0,0,789.095,502.573,-48.0386,422.026,68.685,1140.98,2.40394e+16
20230101T000009.400000,6,993,4500.65,-5113.73,696.773,0,0,0,42207,36407.5,-5013.22,32882.8,5696.11,74250.4,4.34792e+16
20230101T000009.400000,6,994,5093.98,-3471.06,1314.09,0,0,0,21205.9,26976.2,-10699.5,42413.3,7290.71,60797.8,1.1142e+16
20230101T000009.400000,6,995,11359.7,723.509,-164.19,0,0,0,944.232,-13143.4,2983.31,206469,190.01,207306,1.0222e+16
20230101T000009.400000,6,996,8933.76,-262.82,245.95,0,0,0,271.118,3752.03,-3513.85,127699,103.373,127810,1.91133e+16
20230101T000009.400000,6,997,9373.57,6341.17,-2372.75,0,0,0,70558.6,-90894,35575.2,143429,24066.4,204921,2.98025e+16
20230101T000009.400000,6,998,826.329,299.176,-188.592,0,0,0,247.614,-357.749,236.997,1106.2,85.8056,1238.54,7.43082e+22
20230101T000009.400000,6,999,880.128,323.484,-209.783,0,0,0,283.157,-412.997,282.618,1255.04,103.874,1409.88,1.88623e+19
20230101T000009.400000,6,1000,4548.47,1485.18,177.131,0,0,0,3632.35,-10774.8,-1286.83,33112.7,-420.182,36631,1.2314e+16
20230101T000009.400000,4,881,518.73,-676.638,37.0435,-11.3662,-11.1842,12.4995,454.247,365.291,16.5239,404.546,-17.6862,795.334,0
20230101T000009.400000,4,903,813.308,348.734,-188.015,5.046,-8.82513,-0.112298,278.613,-316.753,139.763,648.158,80.2755,820.639,0
20230101T000009.400000,4,904,868.87,371.627,-195.943,3.72306,-7.77934,-2.36726,276.855,-344.478,134.687,726.352,72.9439,904.115,0
20230101T000009.400000,3,907,4500.65,-5113.73,696.773,0,0,0,2500,0,0,2500,0,2500,0
20230101T000009.400000,3,908,5093.98,-3471.06,1314.09,0,0,0,2500,0,0,2500,0,2500,0
20230101T000009.400000,3,909,11359.7,723.509,-164.19,0,0,0,2500,0,0,2500,0,2500,0
20230101T000009.400000,3,910,8933.76,-262.82,245.95,0,0,0,2500,0,0,2500,0,2500,0
20230101T000009.400000,3,911,9373.57,6341.17,-2372.75,0,0,0,2500,0,0,2500,0,2500,0
20230101T000009.400000,3,912,4548.47,1485.18,177.131,0,0,0,2500,0,0,2500,0,2500,0
20230101T000009.500000,6,1001,49.3887,-64.6329,3.75775,0,0,0,30.2357,-25.7139,1.49437,44.2373,-1.95562,10.7229,1.16703e+16
20230101T000009.500000,6,1002,137.641,-86.8722,-5.64332,0,0,0,57.8244,-9.74355,-0.631459,48.5364,0.398547,42.4636,1.12975e+16
20230101T000009.500000,6,1003,7050.82,-4537.48,-768.925,0,0,0,33655.7,50729.3,8669.59,79838.1,-5579.22,112485,8.92104e+15
20230101T000009.500000,6,1004,4839.18,-3586.26,-177.514,0,0,0,20651.8,27712.6,1372.92,37508.8,-1017.46,58046.4,9.88114e+15
20230101T000009.500000,6,1005,8853.46,-4418.96,-1051.83,0,0,0,32711.2,61864.2,14893.7,125780,-7433.78,156658,7.58446e+15
20230101T000009.500000,6,1006,3517.48,62.2684,-336.222,0,0,0,250.421,-346.121,1886.19,19796.3,33.3903,19803,9.38984e+15
20230101T000009.500000,6,1007,867.992,146.759,-181.627,0,0,0,145.456,-185.05,239.753,1208.63,40.5371,1242.53,8.1336e+21
20230101T000009.500000,6,1008,2095.41,1249.32,-507.249,0,0,0,2846.25,-3980.47,1689.68,7149.26,1007.41,9525.13,1.26469e+16
20230101T000009.500000,6,1009,9335.29,6554.48,-476.552,0,0,0,69024.1,-97699.9,7115.82,139577,4996.15,208174,1.03051e+16
20230101T000009.500000,6,1010,6805.75,2835.58,-263.745,0,0,0,13014.1,-30815,2869.86,74135,1195.71,86974,1.46655e+16
20230101T000009.500000,6,1011,866.82,152.529,-182.087,0,0,0,148.21,-192.015,240.034,1205.64,42.2374,1242.05,7.51473e+21
20230101T000009.500000,6,1012,1907.76,1587.08,-224.637,0,0,0,4115.36,-4773.54,681.268,5882.28,566.752,9853.94,1.2011e+16
20230101T000009.500000,6,1013,8329.26,6605.1,-2312.92,0,0,0,75096.2,-83828.1,30813.5,114331,24435.1,180809,1.84575e+16
20230101T000009.500000,6,1014,4327.15,3599.28,-1171.09,0,0,0,22061,-23810.4,8098.16,30881.2,6735.97,50689.1,2.11193e+16
20230101T000009.500000,6,1015,5176.5,3346.92,-884.865,0,0,0,18850.7,-27120.7,7321.24,43261.6,4733.62,60798,5.48654e+16
20230101T000009.500000,3,913,49.3887,-64.6329,3.75775,0,0,0,2500,0,0,2500,0,2500,0
20230101T000009.500000,3,914,137.641,-86.8722,-5.64332,0,0,0,2500,0,0,2500,0,2500,0
20230101T000009.500000,3,915,7050.82,-4537.48,-768.925,0,0,0,2500,0,0,2500,0,2500,0
20230101T000009.500000,3,916,4839.18,-3586.26,-177.514,0,0,0,2500,0,0,2500,0,2500,0
20230101T000009.500000,3,917,8853.46,-4418.96,-1051.83,0,0,0,2500,0,0,2500,0,2500,0
20230101T000009.500000,3,918,3517.48,62.2684,-336.222,0,0,0,2500,0,0,2500,0,2500,0
20230101T000009.500000,3,919,867.992,146.759,-181.627,0,0,0,2500,0,0,2500,0,2500,0
20230101T000009.500000,3,920,2095.41,1249.32,-507.249,0,0,0,2500,0,0,2500,0,2500,0
20230101T000009.500000,3,921,9335.29,6554.48,-476.552,0,0,0,2500,0,0,2500,0,2500,0
20230101T000009.500000,3,922,6805.75,2835.58,-263.745,0,0,0,2500,0,0,2500,0,2500,0
20230101T000009.500000,3,923,866.82,152.529,-182.087,0,0,0,2500,0,0,2500,0,2500,0
20230101T000009.500000,3,924,1907.76,1587.08,-224.637,0,0,0,2500,0,0,2500,0,2500,0
20230101T000009.500000,3,925,8329.26,6605.1,-2312.92,0,0,0,2500,0,0,2500,0,2500,0
20230101T000009.500000,3,926,4327.15,3599.28,-1171.09,0,0,0,2500,0,0,2500,0,2500,0
20230101T000009.500000,3,927,5176.5,3346.92,-884.865,0,0,0,2500,0,0,2500,0,2500,0
20230101T000009.600000,6,1016,1426.92,-1997.86,316.889,0,0,0,6461.84,4455.49,-718.757,3405.84,1006.35,9645.11,1.36279e+16
20230101T000009.600000,6,1017,6548.36,-7941,-1.95234,0,0,0,100921,83169.5,20.4477,68647.8,-24.7963,169505,1.30164e+16
20230101T000009.600000,6,1018,5307.18,-6170.88,-1655.69,0,0,0,62818.5,50201.2,14051.1,47622.4,-16337.8,105996,1.57372e+16
20230101T000009.600000,6,1019,5290.05,-5066.11,-1320.44,0,0,0,42552.3,41455.5,11168.3,46139.7,-10695.5,85842.3,2.22642e+16
20230101T000009.600000,6,1020,4055.14,-5628.23,111.193,0,0,0,50711.7,36477.5,-720.849,26365.8,1000.48,76993.8,1.08464e+16
20230101T000009.600000,6,1021,3073.09,-4090.19,-692.478,0,0,0,27066.9,19712.6,3399.77,15640.8,-4524.98,41878.8,1.71047e+16
20230101T000009.600000,6,1022,3917.99,-1807.6,-1002.47,0,0,0,6603.67,10696.7,6271.44,24853.9,-2893.39,29792.2,1.48129e+16
20230101T000009.600000,6,1023,8050.13,-2440.78,825.57,0,0,0,10588.6,31117.3,-10627.6,103784,3222.25,113220,1.27859e+16
20230101T000009.600000,6,1024,2878.83,-53.1969,-137.918,0,0,0,98.7834,243.29,632.209,13260.3,-11.6824,13264.9,8.31255e+15
20230101T000009.600000,6,1025,3401.95,-542.644,-230.09,0,0,0,615.88,2930.59,1248.21,18520.9,-199.101,18988.6,1.13943e+16
20230101T000009.600000,6,1026,11460.3,301.257,155.389,0,0,0,247.76,-5521.31,-2848.42,210143,-74.8763,210288,1.13862e+16
20230101T000009.600000,6,1027,879.117,3.79483,-187.105,0,0,0,117.261,-4.83169,250.148,1236.56,1.0798,1239.35,7.82564e+22
20230101T000009.600000,6,1028,938.2,-30.9805,-205.178,0,0,0,129.834,42.269,294.653,1408.49,-9.7298,1412.81,2.28199e+19
20230101T000009.600000,6,1029,5971.04,162.431,-794.164,0,0,0,1113.42,-1522.67,7578.82,57046.2,206.168,57088.7,1.48715e+16
20230101T000009.600000,6,1030,35.8381,54.2262,-4.35484,0,0,0,24.0833,26.212,-2.10393,46.4208,-3.18343,7.04577,1.34742e+16
20230101T000009.600000,6,1031,6369.55,7006.2,-1192.52,0,0,0,79597,-70238.2,12148,66194.1,13362.2,143454,1.4924e+16
20230101T000009.600000,4,909,11439.4,723.312,-161.392,15.3263,-0.0379049,0.537971,73.1034,-158.889,36.0576,2557.68,2.29654,2567.28,0
20230101T000009.600000,4,919,883.279,51.6369,-185.25,1.51355,-9.41803,-0.358719,115.256,-121.113,154.651,811.092,26.1482,822.622,0
20230101T000009.600000,3,928,1426.92,-1997.86,316.889,0,0,0,2500,0,0,2500,0,2500,0
20230101T000009.600000,3,929,6548.36,-7941,-1.95234,0,0,0,2500,0,0,2500,0,2500,0
20230101T000009.600000,3,930,5307.18,-6170.88,-1655.69,0,0,0,2500,0,0,2500,0,2500,0
20230101T000009.600000,3,931,5290.05,-5066.11,-1320.44,0,0,0,2500,0,0,2500,0,2500,0
20230101T000009.600000,3,932,4055.14,-5628.23,111.193,0,0,0,2500,0,0,2500,0,2500,0
20230101T000009.600000,3,933,3073.09,-4090.19,-692.478,0,0,0,2500,0,0,2500,0,2500,0
20230101T000009.600000,3,934,3917.99,-1807.6,-1002.47,0,0,0,2500,0,0,2500,0,2500,0
20230101T000009.600000,3,935,8050.13,-2440.78,825.57,0,0,0,2500,0,0,2500,0,2500,0
20230101T000009.600000,3,936,2878.83,-53.1969,-137.918,0,0,0,2500,0,0,2500,0,2500,0
20230101T000009.600000,3,937,3401.95,-542.644,-230.09,0,0,0,2500,0,0,2500,0,2500,0
20230101T000009.600000,3,938,938.2,-30.9805,-205.178,0,0,0,2500,0,0,2500,0,2500,0
20230101T000009.600000,3,939,5971.04,162.431,-794.164,0,0,0,2500,0,0,2500,0,2500,0
20230101T000009.600000,3,940,35.8381,54.2262,-4.35484,0,0,0,2500,0,0,2500,0,2500,0
20230101T000009.600000,3,941,6369.55,7006.2,-1192.52,0,0,0,2500,0,0,2500,0,2500,0
20230101T000009.700000,6,1032,46.8706,-44.71,-6.9224,0,0,0,36.3692,-28.2888,-4.374,33.6981,4.17237,7.43601,1.2935e+16
20230101T000009.700000,6,1033,5004.15,-3828.15,-165.823,0,0,0,23515.7,30598.5,1326.34,40106.2,-1014.65,63514,7.75514e+15
20230101T000009.700000,6,1034,3533.13,-1549.08,375.744,0,0,0,4082.11,8650.61,-2118.43,20019.5,928.816,23812.9,1.42135e+16
20230101T000009.700000,6,1035,863.556,-161.709,-188.689,0,0,0,155.981,202.057,247.795,1197.17,-46.4019,1237.83,1.07374e+22
20230101T000009.700000,6,1036,864.084,-159.772,-188.789,0,0,0,155.138,199.757,248.083,1198.53,-45.8714,1238.29,1.08889e+22
20230101T000009.700000,6,1037,912.2,-214.259,-212.745,0,0,0,199.762,283.047,297.054,1338.34,-69.7724,1407.96,2.9183e+18
20230101T000009.700000,6,1038,7900.08,-1197.15,1948.51,0,0,0,8290.45,14223.3,-24614.8,99995.8,3730.04,102155,1.68329e+16
20230101T000009.700000,6,1039,8673.99,785.113,-2161.18,0,0,0,8458.43,-10219.8,29978.8,120442,2713.49,121371,1.03504e+16
20230101T000009.700000,6,1040,2762.89,1157.01,324.581,0,0,0,2339.12,-5032.13,-1428.53,12248.3,-598.223,14356.4,1.14947e+16
20230101T000009.700000,6,1041,4566.41,1326.81,-396.87,0,0,0,3107.67,-9609.44,2894.54,33387.9,841.032,36180.5,3.11886e+16
20230101T000009.700000,6,1042,5728.86,6075.51,263.753,0,0,0,59141.4,-55601.7,-2416.22,52604.5,-2562.43,111571,1.75775e+16
20230101T000009.700000,6,1043,512.233,674.207,15.9383,0,0,0,750.851,-521.547,-12.334,460.633,-16.2342,1147.12,8.83116e+15
20230101T000009.700000,4,913,50.1691,-44.7733,-9.34043,0.150078,3.81917,-2.51889,29.6429,-24.9943,1.45254,43.2527,-1.90088,10.6766,0
20230101T000009.700000,4,938,876.555,-119.246,-190.136,-6.10348,-8.73921,1.48924,102.941,26.4757,181.3,903.844,-5.98675,892.339,0
20230101T000009.700000,3,942,5004.15,-3828.15,-165.823,0,0,0,2500,0,0,2500,0,2500,0
20230101T000009.700000,3,943,3533.13,-1549.08,375.744,0,0,0,2500,0,0,2500,0,2500,0
20230101T000009.700000,3,944,863.556,-161.709,-188.689,0,0,0,2500,0,0,2500,0,2500,0
20230101T000009.700000,3,945,912.2,-214.259,-212.745,0,0,0,2500,0,0,2500,0,2500,0
20230101T000009.700000,3,946,7900.08,-1197.15,1948.51,0,0,0,2500,0,0,2500,0,2500,0
20230101T000009.700000,3,947,8673.99,785.113,-2161.18,0,0,0,2500,0,0,2500,0,2500,0
20230101T000009.700000,3,948,2762.89,1157.01,324.581,0,0,0,2500,0,0,2500,0,2500,0
20230101T000009.700000,3,949,4566.41,1326.81,-396.87,0,0,0,2500,0,0,2500,0,2500,0
20230101T000009.700000,3,950,5728.86,6075.51,263.753,0,0,0,2500,0,0,2500,0,2500,0
20230101T000009.700000,3,951,512.233,674.207,15.9383,0,0,0,2500,0,0,2500,0,2500,0
20230101T000009.800000,6,1044,1688.16,-1922.9,-492.507,0,0,0,6111.85,4970.83,1322.45,4813.81,-1506.34,10478.1,1.47533e+16
20230101T000009.800000,6,1045,7965.57,-6777.62,-1834.49,0,0,0,76657.1,83692,23372.1,103808,-19886.5,175020,1.3188e+16
20230101T000009.800000,6,1046,7478.94,-6949.53,-200.952,0,0,0,77342.6,83096.1,2403.73,89554.9,-2233.57,166769,1.30613e+16
20230101T000009.800000,6,1047,10835.9,-4642.29,-248.707,0,0,0,34619.1,80426.3,4310.7,187891,-1846.78,222347,1.09492e+16
20230101T000009.800000,6,1048,10622.2,-5611.21,-2020.29,0,0,0,55531.6,92642.9,34326.8,181969,-18133.2,230910,1.49592e+16
20230101T000009.800000,6,1049,825.135,-301.951,-191.613,0,0,0,251.565,359.965,240.459,1103.51,-87.9937,1238.14,4.20036e+22
20230101T000009.800000,6,1050,882,-318.231,-209.959,0,0,0,278.366,407.115,283.458,1259.82,-102.273,1409.77,1.0289e+19
20230101T000009.800000,6,1051,8268.23,-2608.38,1742.58,0,0,0,15360.5,33095,-23041.1,109827,7268.77,120270,1.40001e+16
20230101T000009.800000,6,1052,4130.01,-157.602,-173.06,0,0,0,151.386,1037.18,1140.91,27291.4,-43.5374,27331.1,1.24886e+16
20230101T000009.800000,6,1053,3419.15,1141.48,279.589,0,0,0,2254.54,-6187.97,-1524.85,18723.9,-509.071,20790.1,1.26107e+16
20230101T000009.800000,6,1054,833.719,146.845,-23.2562,0,0,0,97.3683,-184.811,29.2924,1114.09,5.15934,1146.69,4.1941e+16
20230101T000009.800000,6,1055,5679.74,1916.23,427.827,0,0,0,6195.19,-17305.9,-3883.61,51651.6,-1310.25,57490.6,1.78957e+16
20230101T000009.800000,6,1056,3904.98,4837.21,-237.664,0,0,0,37498.6,-30147.3,1483.38,24491.6,1837.5,61836,1.36964e+16
20230101T000009.800000,4,923,839.367,147.799,-66.4199,-7.55585,-1.30198,31.8352,118.652,-129.032,159.076,829.231,27.9916,843.253,0
20230101T000009.800000,4,944,845.829,-257.844,-190.669,-1.75512,-9.51839,-0.195998,122.149,132.431,159.869,804.559,-29.9369,819.732,0
20230101T000009.800000,4,945,896.68,-282.087,-210.988,-1.5367,-6.71565,0.173994,146.747,177.543,182.777,860.93,-42.931,889.359,0
20230101T000009.800000,3,952,1688.16,-1922.9,-492.507,0,0,0,2500,0,0,2500,0,2500,0
20230101T000009.800000,3,953,7965.57,-6777.62,-1834.49,0,0,0,2500,0,0,2500,0,2500,0
20230101T000009.800000,3,954,7478.94,-6949.53,-200.952,0,0,0,2500,0,0,2500,0,2500,0
20230101T000009.800000,3,955,10835.9,-4642.29,-248.707,0,0,0,2500,0,0,2500,0,2500,0
20230101T000009.800000,3,956,10622.2,-5611.21,-2020.29,0,0,0,2500,0,0,2500,0,2500,0
20230101T000009.800000,3,957,8268.23,-2608.38,1742.58,0,0,0,2500,0,0,2500,0,2500,0
20230101T000009.800000,3,958,4130.01,-157.602,-173.06,0,0,0,2500,0,0,2500,0,2500,0
20230101T000009.800000,3,959,3419.15,1141.48,279.589,0,0,0,2500,0,0,2500,0,2500,0
20230101T000009.800000,3,960,5679.74,1916.23,427.827,0,0,0,2500,0,0,2500,0,2500,0
20230101T000009.800000,3,961,3904.98,4837.21,-237.664,0,0,0,2500,0,0,2500,0,2500,0
20230101T000009.900000,6,1057,8479.97,-7984.99,-1351.7,0,0,0,103599,106849,18334.5,116459,-17264.3,217073,1.37781e+16
20230101T000009.900000,6,1058,3030.22,-2170.94,-117.793,0,0,0,7597.71,10484.7,569.458,14720.8,-407.977,22232.4,1.17445e+16
20230101T000009.900000,6,1059,778.899,-533.339,-179.285,0,0,0,532.188,611.897,213.751,1006.83,-146.363,1428.04,4.56733e+17
20230101T000009.900000,6,1060,5985.13,-6903.52,-768.341,0,0,0,76686.3,65610.6,7354.3,57890.5,-8482.77,133569,9.47768e+15
20230101T000009.900000,6,1061,2070.77,-1020.81,496.374,0,0,0,2033.66,3201.59,-1632.81,6949.96,804.914,8531.06,1.0427e+16
20230101T000009.900000,6,1062,2371.83,-668.925,-546.984,0,0,0,1215.87,2397.53,2062.74,9040.7,-581.752,9719.87,1.54989e+16
20230101T000009.900000,6,1063,759.646,-443.728,-184.265,0,0,0,401.25,488.96,212.874,952.717,-124.345,1241.02,1.47429e+21
20230101T000009.900000,6,1064,810.202,-481.633,-186.764,0,0,0,457.891,572.789,231.617,1080.94,-137.687,1423.85,4.50488e+17
20230101T000009.900000,6,1065,9045.89,-3389.53,516.596,0,0,0,18812.6,48896.8,-7473.72,130985,2800.43,149307,7.43392e+15
20230101T000009.900000,6,1066,3511.01,469.589,416.111,0,0,0,687.01,-2593.28,-2330.2,19729.5,-311.659,20077.2,1.52969e+16
20230101T000009.900000,6,1067,10809.3,-2020.97,-799.765,0,0,0,7585.23,34755.9,13827.2,186981,-2585.23,193480,1.0231e+16
20230101T000009.900000,6,1068,1512.01,5.10578,-239.586,0,0,0,154.315,-11.831,569.718,3657.88,1.92383,3659.49,1.07256e+16
20230101T000009.900000,6,1069,6375.68,-939.728,-694.017,0,0,0,2229.13,9465.95,7072.99,65056.6,-1042.51,66452.5,1.16794e+16
20230101T000009.900000,6,1070,4828.59,215.242,-438.329,0,0,0,444.281,-1646.4,3380.67,37305.3,150.698,37379.2,1.04764e+16
20230101T000009.900000,6,1071,2401.29,1518.08,380.949,0,0,0,3898.1,-5699.27,-1456.51,9310.16,-920.791,12914.3,1.40748e+16
20230101T000009.900000,6,1072,9281.06,5557.22,-1548.59,0,0,0,52282.9,-80804.2,22988.4,138850,13764.8,187235,1.00436e+16
20230101T000009.900000,6,1073,6763.35,2079.76,347.117,0,0,0,7155.09,-22433.7,-3753.28,73210.8,-1154.15,80109.4,1.10813e+16
20230101T000009.900000,6,1074,8452.01,2933.4,881.131,0,0,0,14933,-39264.6,-11909.8,114439,-4133.49,128067,1.1324e+16
20230101T000009.900000,6,1075,2386.36,1527.01,435.18,0,0,0,3990.18,-5664.46,-1653.51,9217.74,-1058.07,12843.9,1.34716e+16
20230101T000009.900000,3,962,8479.97,-7984.99,-1351.7,0,0,0,2500,0,0,2500,0,2500,0
20230101T000009.900000,3,963,3030.22,-2170.94,-117.793,0,0,0,2500,0,0,2500,0,2500,0
20230101T000009.900000,3,964,778.899,-533.339,-179.285,0,0,0,2500,0,0,2500,0,2500,0
20230101T000009.900000,3,965,5985.13,-6903.52,-768.341,0,0,0,2500,0,0,2500,0,2500,0
20230101T000009.900000,3,966,2070.77,-1020.81,496.374,0,0,0,2500,0,0,2500,0,2500,0
20230101T000009.900000,3,967,2371.83,-668.925,-546.984,0,0,0,2500,0,0,2500,0,2500,0
20230101T000009.900000,3,968,759.646,-443.728,-184.265,0,0,0,2500,0,0,2500,0,2500,0
20230101T000009.900000,3,969,810.202,-481.633,-186.764,0,0,0,2500,0,0,2500,0,2500,0
20230101T000009.900000,3,970,9045.89,-3389.53,516.596,0,0,0,2500,0,0,2500,0,2500,0
20230101T000009.900000,3,971,3511.01,469.589,416.111,0,0,0,2500,0,0,2500,0,2500,0
20230101T000009.900000,3,972,10809.3,-2020.97,-799.765,0,0,0,2500,0,0,2500,0,2500,0
20230101T000009.900000,3,973,1512.01,5.10578,-239.586,0,0,0,2500,0,0,2500,0,2500,0
20230101T000009.900000,3,974,6375.68,-939.728,-694.017,0,0,0,2500,0,0,2500,0,2500,0
20230101T000009.900000,3,975,4828.59,215.242,-438.329,0,0,0,2500,0,0,2500,0,2500,0
20230101T000009.900000,3,976,2401.29,1518.08,380.949,0,0,0,2500,0,0,2500,0,2500,0
20230101T000009.900000,3,977,9281.06,5557.22,-1548.59,0,0,0,2500,0,0,2500,0,2500,0
20230101T000009.900000,3,978,6763.35,2079.76,347.117,0,0,0,2500,0,0,2500,0,2500,0
20230101T000009.900000,3,979,8452.01,2933.4,881.131,0,0,0,2500,0,0,2500,0,2500,0
20230101T000009.900000,3,980,2386.36,1527.01,435.18,0,0,0,2500,0,0,2500,0,2500,0
20230101T000010,6,1076,674.195,-564.422,-184.665,0,0,0,577.832,551.822,189.329,775.003,-158.502,1239.68,4.44813e+20
20230101T000010,6,1077,6656.33,-5520.74,12.0559,0,0,0,48803.8,58765,-128.328,70917,106.435,119657,9.32001e+15
20230101T000010,6,1078,724.607,-614.54,-143.402,0,0,0,659.789,665.382,159.053,880.032,-134.893,1445.77,1.98529e+17
20230101T000010,6,1079,10797.3,-2053.75,-2260.9,0,0,0,14701,33967.4,39046.4,186819,-7426.96,193283,2.05232e+16
20230101T000010,6,1080,11738.8,-2341.81,-32.4195,0,0,0,8837.69,43971.7,608.738,220483,-121.439,229255,9.51415e+15
20230101T000010,6,1081,6002.53,-3013.23,-888.984,0,0,0,15587.5,28407,8530.4,57915.8,-4282.2,72177,1.39006e+16
20230101T000010,6,1082,11838.8,-1725.52,387.276,0,0,0,5061.46,32641.7,-7333.8,224260,1068.91,229017,9.38001e+15
20230101T000010,6,1083,159.596,29.8756,-12.6596,0,0,0,63.1354,3.92253,-1.64249,42.9155,-0.307467,42.568,9.15331e+15
20230101T000010,6,1084,7388.56,622.473,-1278.33,0,0,0,3277.84,-7134.77,15101.3,87364.3,1272.26,87967.2,1.39437e+16
20230101T000010,6,1085,4835.98,341.112,1004.38,0,0,0,1853.29,-2521.78,-7758.78,37427,-547.276,37607.5,1.52334e+16
20230101T000010,6,1086,5710.65,2134.93,359.135,0,0,0,7529.67,-19418.3,-3277.92,52211.6,-1225.45,59471.4,1.01508e+16
20230101T000010,6,1087,4949.56,1640.26,1160.3,0,0,0,6300.61,-12328.3,-9175.91,39416.2,-3040.86,43504.7,1.42209e+16
20230101T000010,6,1088,1553.55,1153.82,-105.589,0,0,0,2182.69,-2828.94,259.665,3890.68,192.852,5991.9,8.41641e+15
20230101T000010,6,1089,8450.34,8602.11,2932.85,0,0,0,125183,-109395,-39643.5,121288,-40355.5,232651,8.86995e+15
20230101T000010,4,960,5767.41,1954.67,431.412,16.8593,7.39215,0.689549,321.321,-730.825,-163.205,2240.94,-55.0619,2475.76,0
20230101T000010,4,964,747.332,-587.026,-156.722,-3.12544,-5.31557,2.23392,353.976,381.585,131.521,649.966,-90.0572,901.714,0
20230101T000010,4,968,709.151,-529.307,-184.505,-4.99954,-8.47317,-0.0237017,282.743,320.166,137.314,643.839,-80.2088,821.656,0
20230101T000010,3,981,6656.33,-5520.74,12.0559,0,0,0,2500,0,0,2500,0,2500,0
20230101T000010,3,982,10797.3,-2053.75,-2260.9,0,0,0,2500,0,0,2500,0,2500,0
20230101T000010,3,983,11738.8,-2341.81,-32.4195,0,0,0,2500,0,0,2500,0,2500,0
20230101T000010,3,984,6002.53,-3013.23,-888.984,0,0,0,2500,0,0,2500,0,2500,0
20230101T000010,3,985,11838.8,-1725.52,387.276,0,0,0,2500,0,0,2500,0,2500,0
20230101T000010,3,986,159.596,29.8756,-12.6596,0,0,0,2500,0,0,2500,0,2500,0
20230101T000010,3,987,7388.56,622.473,-1278.33,0,0,0,2500,0,0,2500,0,2500,0
20230101T000010,3,988,4835.98,341.112,1004.38,0,0,0,2500,0,0,2500,0,2500,0
20230101T000010,3,989,4949.56,1640.26,1160.3,0,0,0,2500,0,0,2500,0,2500,0
20230101T000010,3,990,1553.55,1153.82,-105.589,0,0,0,2500,0,0,2500,0,2500,0
20230101T000010,3,991,8450.34,8602.11,2932.85,0,0,0,2500,0,0,2500,0,2500,0
20230101T000010.100000,6,1090,5502.73,-7696.58,-122.646,0,0,0,94809.5,67721.9,1079.34,48506.3,-1509.65,143228,1.08074e+16
20230101T000010.100000,6,1091,3092.08,-1593.29,401.131,0,0,0,4315.08,7751.99,-1978.05,15364.8,1019.26,19360.1,9.4752e+15
20230101T000010.100000,6,1092,10737.6,-1768.24,-1307.4,0,0,0,7726.77,29930.1,22453.8,184547,-3697.64,189477,1.37454e+16
20230101T000010.100000,6,1093,5214.94,-995.482,-37.2347,0,0,0,1649.46,8294.01,310.242,43515.3,-59.2223,45098.5,1.06667e+16
20230101T000010.100000,6,1094,2379.7,483.45,-388.432,0,0,0,665.727,-1781.47,1469.18,9072.81,298.473,9436.32,1.5733e+16
20230101T000010.100000,6,1095,11859.2,1251.41,-1038.73,0,0,0,4275.79,-23558.3,19704.2,225045,2079.23,227531,1.10437e+16
20230101T000010.100000,6,1096,8409.71,535.406,-842.164,0,0,0,1651.97,-7128.2,11325.4,113162,721.037,113616,1.23654e+16
20230101T000010.100000,6,1097,5432.24,332.066,1396.41,0,0,0,3344.56,-2692.51,-12121.6,47226.5,-740.978,47395.1,1.3475e+16
20230101T000010.100000,6,1098,9117.77,4345.78,-1120.7,0,0,0,31906.3,-62593.1,16342.9,133398,7789.47,163232,2.0913e+16
20230101T000010.100000,6,1099,8184.61,6924.06,-777.961,0,0,0,77309.7,-90164.3,10184.2,107611,8615.66,183889,1.77189e+16
20230101T000010.100000,6,1100,578.153,687.75,-30.1085,0,0,0,783.872,-603.997,26.4732,573.126,31.4916,1291.69,7.00791e+23
20230101T000010.100000,6,1101,625.38,728.635,-35.6016,0,0,0,877.425,-696.489,34.0799,663.73,39.7068,1475.3,1.92966e+20
20230101T000010.100000,4,972,10747,-2006.12,-801.966,-11.969,2.85454,-0.423285,159.731,449.802,178.015,2481.43,-33.2827,2552.53,0
20230101T000010.100000,3,992,5502.73,-7696.58,-122.646,0,0,0,2500,0,0,2500,0,2500,0
20230101T000010.100000,3,993,3092.08,-1593.29,401.131,0,0,0,2500,0,0,2500,0,2500,0
20230101T000010.100000,3,994,5214.94,-995.482,-37.2347,0,0,0,2500,0,0,2500,0,2500,0
20230101T000010.100000,3,995,2379.7,483.45,-388.432,0,0,0,2500,0,0,2500,0,2500,0
20230101T000010.100000,3,996,11859.2,1251.41,-1038.73,0,0,0,2500,0,0,2500,0,2500,0
20230101T000010.100000,3,997,8409.71,535.406,-842.164,0,0,0,2500,0,0,2500,0,2500,0
20230101T000010.100000,3,998,5432.24,332.066,1396.41,0,0,0,2500,0,0,2500,0,2500,0
20230101T000010.100000,3,999,9117.77,4345.78,-1120.7,0,0,0,2500,0,0,2500,0,2500,0
20230101T000010.100000,3,1000,8184.61,6924.06,-777.961,0,0,0,2500,0,0,2500,0,2500,0
20230101T000010.100000,3,1001,578.153,687.75,-30.1085,0,0,0,2500,0,0,2500,0,2500,0
20230101T000010.100000,3,1002,625.38,728.635,-35.6016,0,0,0,2500,0,0,2500,0,2500,0
20230101T000010.200000,6,1102,5269.65,-5027.16,438.036,0,0,0,40629.9,42201,-3690.5,44607.3,3520.68,84866.7,8.50369e+15
20230101T000010.200000,6,1103,4137.97,-2972.21,-834.403,0,0,0,14910.4,19120.9,5516.08,27796.8,-3962.08,41532.6,1.28907e+16
20230101T000010.200000,6,1104,4956.67,-3918.47,79.2544,0,0,0,24612.6,31040.1,-627.912,39338.3,496.392,63876.8,8.82528e+15
20230101T000010.200000,6,1105,2251.99,-593.369,-14.772,0,0,0,623.507,2122.16,52.8338,8118.5,-13.921,8677.67,9.08002e+15
20230101T000010.200000,6,1106,2831.25,-766.437,293.157,0,0,0,1127.04,3421.29,-1321.89,12839.2,357.844,13766,2.50586e+16
20230101T000010.200000,6,1107,1493.74,-939.477,193.317,0,0,0,1500.35,2189.88,-456.158,3604.87,286.898,4982.94,1.24344e+16
20230101T000010.200000,6,1108,269.183,-172.907,-61.1308,0,0,0,95.7784,43.674,16.402,135.717,-10.5357,166.025,2.15011e+16
20230101T000010.200000,6,1109,5409.79,-2789.02,-235.265,0,0,0,12566.3,24078.7,2034.18,46857.3,-1048.72,59271.2,5.77382e+15
20230101T000010.200000,6,1110,8690.47,-2303.91,-1799.58,0,0,0,13391.6,30736.6,25010.8,121183,-6630.53,129334,1.8119e+16
20230101T000010.200000,6,1111,4628.36,-918.696,-1063.14,0,0,0,3148.86,6446.3,7859.46,34345.6,-1560.05,35628.2,1.06063e+16
20230101T000010.200000,6,1112,10541.7,3522.37,1283.53,0,0,0,22279.3,-58599.5,-21642,178075,-7231.37,197656,3.46056e+16
20230101T000010.200000,6,1113,684.117,582.348,-29.6472,0,0,0,580.491,-605.181,30.845,776.277,26.2565,1291.5,3.07611e+23
20230101T000010.200000,6,1114,736.816,615.993,-30.542,0,0,0,645.626,-694.001,34.4463,895.553,28.7977,1475.82,8.51758e+19
20230101T000010.200000,6,1115,4947.31,5974.25,-658.825,0,0,0,57415,-46918,5211.62,39611.1,6293.42,96268.5,1.09994e+16
20230101T000010.200000,6,1116,3053.7,4410.64,324.137,0,0,0,31201.1,-21441.5,-1581.51,15076.9,-2284.28,46046.4,9.37747e+15
20230101T000010.200000,4,1001,653.888,623.995,-29.8026,7.49848,-6.3124,0.0302892,526.898,-389.715,17.0747,390.919,20.3115,854.255,0
20230101T000010.200000,4,1002,701.432,663.517,-32.4099,7.52987,-6.44731,0.316017,563.172,-428.768,20.9694,431.619,24.4316,930.793,0
20230101T000010.200000,3,1003,5269.65,-5027.16,438.036,0,0,0,2500,0,0,2500,0,2500,0
20230101T000010.200000,3,1004,4137.97,-2972.21,-834.403,0,0,0,2500,0,0,2500,0,2500,0
20230101T000010.200000,3,1005,4956.67,-3918.47,79.2544,0,0,0,2500,0,0,2500,0,2500,0
20230101T000010.200000,3,1006,2251.99,-593.369,-14.772,0,0,0,2500,0,0,2500,0,2500,0
20230101T000010.200000,3,1007,2831.25,-766.437,293.157,0,0,0,2500,0,0,2500,0,2500,0
20230101T000010.200000,3,1008,1493.74,-939.477,193.317,0,0,0,2500,0,0,2500,0,2500,0
20230101T000010.200000,3,1009,269.183,-172.907,-61.1308,0,0,0,2500,0,0,2500,0,2500,0
20230101T000010.200000,3,1010,5409.79,-2789.02,-235.265,0,0,0,2500,0,0,2500,0,2500,0
20230101T000010.200000,3,1011,8690.47,-2303.91,-1799.58,0,0,0,2500,0,0,2500,0,2500,0
20230101T000010.200000,3,1012,4628.36,-918.696,-1063.14,0,0,0,2500,0,0,2500,0,2500,0
20230101T000010.200000,3,1013,10541.7,3522.37,1283.53,0,0,0,2500,0,0,2500,0,2500,0
20230101T000010.200000,3,1014,4947.31,5974.25,-658.825,0,0,0,2500,0,0,2500,0,2500,0
20230101T000010.200000,3,1015,3053.7,4410.64,324.137,0,0,0,2500,0,0,2500,0,2500,0
20230101T000010.300000,6,1117,5760.41,-5328.08,552.516,0,0,0,45719.1,48831.9,-5089.05,53346.3,4707.11,98513.5,9.43316e+15
20230101T000010.300000,6,1118,5925.95,-6522.16,-510.522,0,0,0,68279,61600.7,4838.04,56450.4,-5324.79,124249,9.04484e+15
20230101T000010.300000,6,1119,4813.47,-3289.89,-23.7504,0,0,0,17361.6,25307,182.7,37091.8,-124.871,54388.5,8.04725e+15
20230101T000010.300000,6,1120,2656.53,-1032.29,-0.772973,0,0,0,1760.61,4366.09,3.2693,11299.8,-1.27041,12996.4,1.03059e+16
20230101T000010.300000,6,1121,3886.26,-1864.22,-434.21,0,0,0,5857.26,11449.4,2694.17,24233.1,-1292.38,29725.9,1.44501e+16
20230101T000010.300000,6,1122,3798.89,-2193.52,304.045,0,0,0,7857.12,13241.1,-1844.23,23143.4,1064.88,30789.2,1.3026e+16
20230101T000010.300000,6,1123,2925.43,94.7956,349.577,0,0,0,272.733,-435.336,-1628.72,13693.3,-52.7772,13708.3,1.40657e+16
20230101T000010.300000,6,1124,6100.13,-1242.19,1621.25,0,0,0,6564.49,11290,-15808.4,59708.3,3219.13,62011.4,1.33903e+16
20230101T000010.300000,6,1125,779.142,447.238,-30.0958,0,0,0,369.21,-529.312,35.6609,987.503,20.4698,1291.41,4.52373e+23
20230101T000010.300000,6,1126,829.867,483.053,-35.4785,0,0,0,422.586,-612.728,45.067,1118.57,26.2328,1475.32,1.22319e+20
20230101T000010.300000,6,1127,4785.05,1930.12,175.885,0,0,0,6058.13,-14737.8,-1344.57,36650.7,-542.351,42595.4,1.0089e+16
20230101T000010.300000,6,1128,2752.25,3706.96,10.4071,0,0,0,22009.3,-16293.2,-45.7426,12161.1,-61.61,34106.3,3.18847e+16
20230101T000010.300000,6,1129,7575,6576.29,1287.13,0,0,0,70743.5,-78361.2,-15593.9,92975.2,-13538,161006,1.11305e+16
20230101T000010.300000,6,1130,3152.18,4415.24,-716.396,0,0,0,31489.4,-21850.1,3608.31,16483.6,5054.13,47090,1.24884e+16
20230101T000010.300000,3,1016,5760.41,-5328.08,552.516,0,0,0,2500,0,0,2500,0,2500,0
20230101T000010.300000,3,1017,5925.95,-6522.15,-510.522,0,0,0,2500,0,0,2500,0,2500,0
20230101T000010.300000,3,1018,4813.47,-3289.88,-23.7504,0,0,0,2500,0,0,2500,0,2500,0
20230101T000010.300000,3,1019,2656.53,-1032.29,-0.772973,0,0,0,2500,0,0,2500,0,2500,0
20230101T000010.300000,3,1020,3886.26,-1864.22,-434.21,0,0,0,2500,0,0,2500,0,2500,0
20230101T000010.300000,3,1021,3798.89,-2193.52,304.045,0,0,0,2500,0,0,2500,0,2500,0
20230101T000010.300000,3,1022,2925.43,94.7956,349.577,0,0,0,2500,0,0,2500,0,2500,0
20230101T000010.300000,3,1023,6100.13,-1242.19,1621.25,0,0,0,2500,0,0,2500,0,2500,0
20230101T000010.300000,3,1024,779.142,447.238,-30.0958,0,0,0,2500,0,0,2500,0,2500,0
20230101T000010.300000,3,1025,829.867,483.053,-35.4785,0,0,0,2500,0,0,2500,0,2500,0
20230101T000010.300000,3,1026,4785.05,1930.12,175.885,0,0,0,2500,0,0,2500,0,2500,0
20230101T000010.300000,3,1027,2752.25,3706.96,10.4071,0,0,0,2500,0,0,2500,0,2500,0
20230101T000010.300000,3,1028,7575,6576.29,1287.13,0,0,0,2500,0,0,2500,0,2500,0
20230101T000010.300000,3,1029,3152.18,4415.24,-716.396,0,0,0,2500,0,0,2500,0,2500,0
20230101T000010.400000,6,1131,9721.02,-6341.08,-1984.36,0,0,0,68798.2,95715.3,30855.1,153096,-20127,215534,1.50107e+16
20230101T000010.400000,6,1132,7525.99,-9224.81,-1974.07,0,0,0,138672,107997,23764.4,94405.7,-29128.7,226782,1.10693e+16
20230101T000010.400000,6,1133,7974.96,-7987.59,-586.729,0,0,0,102389,101614,7484.28,102068,-7496.14,203843,1.16822e+16
20230101T000010.400000,6,1134,5792.1,-6557.94,-463.907,0,0,0,68989.4,60572.3,4296.95,53906.8,-4865.1,122488,1.3449e+16
20230101T000010.400000,6,1135,4691.34,-5141.2,-381.927,0,0,0,42426.2,38442.6,2864.44,35376.1,-3139.11,77505.2,9.46635e+15
20230101T000010.400000,6,1136,5339.01,-2559.05,-689.775,0,0,0,11148.4,21539.2,5885.72,45762.1,-2821.09,56087,1.08153e+16
20230101T000010.400000,6,1137,4958.8,-486.92,-92.6029,0,0,0,456.302,3855.71,733.536,39344.3,-72.0281,39722.9,8.79364e+15
20230101T000010.400000,6,1138,5462.03,55.3698,681.556,0,0,0,811.071,-475.718,-5948.42,47734.1,-60.3005,47739.9,1.51402e+16
20230101T000010.400000,6,1139,2975.48,1379.13,258.998,0,0,0,3183.9,-6500.51,-1228.48,14195.8,-569.395,17209.2,1.38963e+16
20230101T000010.400000,6,1140,844.693,305.885,-30.7824,0,0,0,207.559,-392.456,39.5432,1149.2,14.3196,1291.39,6.05025e+23
20230101T000010.400000,6,1141,910.936,303.998,-32.5195,0,0,0,206.906,-423.372,45.3437,1334.26,15.1321,1475.62,1.57945e+20
20230101T000010.400000,6,1142,5173.66,3412.66,297.593,0,0,0,18777.2,-28155,-2460.87,42889.2,-1623.24,61460.9,1.15311e+16
20230101T000010.400000,6,1143,3359.5,2697.2,-254.656,0,0,0,11741.7,-14416.2,1365.89,18123.7,1096.62,29698.1,1.11816e+16
20230101T000010.400000,4,1017,5881.5,-6476.91,-505.99,-4.4008,4.47988,0.448654,1387.49,1196.61,93.6709,1157.71,-103.095,2466.8,0
20230101T000010.400000,4,1024,830.529,357.718,-30.5501,5.08774,-8.8634,-0.0449748,259.362,-341.552,23.0023,658.331,13.2036,854.131,0
20230101T000010.400000,3,1030,9721.02,-6341.08,-1984.36,0,0,0,2500,0,0,2500,0,2500,0
20230101T000010.400000,3,1031,7525.99,-9224.81,-1974.07,0,0,0,2500,0,0,2500,0,2500,0
20230101T000010.400000,3,1032,7974.96,-7987.59,-586.729,0,0,0,2500,0,0,2500,0,2500,0
20230101T000010.400000,3,1033,4691.34,-5141.2,-381.927,0,0,0,2500,0,0,2500,0,2500,0
20230101T000010.400000,3,1034,5339.02,-2559.05,-689.775,0,0,0,2500,0,0,2500,0,2500,0
20230101T000010.400000,3,1035,4958.8,-486.92,-92.6029,0,0,0,2500,0,0,2500,0,2500,0
20230101T000010.400000,3,1036,5462.03,55.3698,681.556,0,0,0,2500,0,0,2500,0,2500,0
20230101T000010.400000,3,1037,2975.48,1379.13,258.998,0,0,0,2500,0,0,2500,0,2500,0
20230101T000010.400000,3,1038,910.936,303.998,-32.5195,0,0,0,2500,0,0,2500,0,2500,0
20230101T000010.400000,3,1039,5173.66,3412.66,297.593,0,0,0,2500,0,0,2500,0,2500,0
20230101T000010.400000,3,1040,3359.5,2697.2,-254.656,0,0,0,2500,0,0,2500,0,2500,0
20230101T000010.500000,6,1144,7163.89,-6537.7,-886.383,0,0,0,69106.9,74279.1,10155.6,82714.2,-9267.94,150501,9.98348e+15
20230101T000010.500000,6,1145,2472.65,-434.32,-263.789,0,0,0,471.224,1688.52,1037.06,9787.66,-182.159,10084.9,1.39106e+16
20230101T000010.500000,6,1146,4555.31,-1286.8,231.422,0,0,0,2787.86,9339.72,-1683.72,33212.4,475.623,35850.8,1.07407e+16
20230101T000010.500000,6,1147,884.569,156.343,-31.6983,0,0,0,102.652,-210.043,42.6418,1253.93,7.53671,1291.13,7.65121e+23
20230101T000010.500000,6,1148,949.503,144.004,-31.3701,0,0,0,97.2127,-209.059,45.5929,1443.96,6.91472,1475.74,2.07054e+20
20230101T000010.500000,6,1149,10542.3,-1265.36,838.124,0,0,0,3732.49,21203.3,-14132.3,177842,1696.25,180388,1.66098e+16
20230101T000010.500000,6,1150,3735.54,1214.6,-939.899,0,0,0,3693.46,-6826.06,5603.87,22467.7,1822.08,24690.7,1.82013e+16
20230101T000010.500000,6,1151,10761.4,4761.59,-1305.09,0,0,0,38608.2,-80954.3,22465,185749,9940.05,221569,1.52153e+16
20230101T000010.500000,6,1152,2655.75,2149.48,153.45,0,0,0,7453.75,-9083.89,-649.808,11325,-525.933,18677.3,8.77961e+15
20230101T000010.500000,6,1153,3375.51,3113.23,-78.3414,0,0,0,15547.4,-16777.2,422.305,18264.5,389.491,33738.1,1.49309e+16
20230101T000010.500000,6,1154,8403.85,6874.25,-345.423,0,0,0,75761.2,-92307.4,4643.04,113102,3797.95,188608,1.5029e+16
20230101T000010.500000,6,1155,5301.31,4407.81,775.084,0,0,0,31691.8,-36883.9,-6568.87,45385,-5461.73,76053.2,2.24221e+16
20230101T000010.500000,6,1156,3504.9,3574.2,-655.493,0,0,0,20807.7,-19668.4,3670.13,20037.5,3742.7,40095.9,1.04807e+16
20230101T000010.500000,6,1157,6405.86,7115.07,208.682,0,0,0,81058.6,-72858.6,-2137.92,65729.9,-2374.62,146655,1.15472e+16
20230101T000010.500000,4,1038,881.788,200.238,-31.3341,-2.88597,-10.2733,0.117373,150.385,-260.611,27.9,844.342,9.31079,930.991,0
20230101T000010.500000,3,1041,7163.89,-6537.7,-886.383,0,0,0,2500,0,0,2500,0,2500,0
20230101T000010.500000,3,1042,2472.65,-434.32,-263.789,0,0,0,2500,0,0,2500,0,2500,0
20230101T000010.500000,3,1043,4555.31,-1286.8,231.422,0,0,0,2500,0,0,2500,0,2500,0
20230101T000010.500000,3,1044,949.503,144.004,-31.3701,0,0,0,2500,0,0,2500,0,2500,0
20230101T000010.500000,3,1045,10542.3,-1265.36,838.124,0,0,0,2500,0,0,2500,0,2500,0
20230101T000010.500000,3,1046,3735.54,1214.6,-939.899,0,0,0,2500,0,0,2500,0,2500,0
20230101T000010.500000,3,1047,10761.4,4761.59,-1305.09,0,0,0,2500,0,0,2500,0,2500,0
20230101T000010.500000,3,1048,2655.75,2149.48,153.45,0,0,0,2500,0,0,2500,0,2500,0
20230101T000010.500000,3,1049,3375.51,3113.23,-78.3414,0,0,0,2500,0,0,2500,0,2500,0
20230101T000010.500000,3,1050,8403.85,6874.25,-345.423,0,0,0,2500,0,0,2500,0,2500,0
20230101T000010.500000,3,1051,5301.31,4407.81,775.084,0,0,0,2500,0,0,2500,0,2500,0
20230101T000010.500000,3,1052,3504.9,3574.2,-655.493,0,0,0,2500,0,0,2500,0,2500,0
20230101T000010.500000,3,1053,6405.86,7115.07,208.682,0,0,0,2500,0,0,2500,0,2500,0
20230101T000010.600000,6,1158,5639.17,-6424.66,168.568,0,0,0,66089.7,57913.4,-1520.1,50942.2,1731.84,116922,7.88794e+15
20230101T000010.600000,6,1159,5548.08,-5125.39,547.073,0,0,0,42324,45227.3,-4852.95,49499.8,4483.21,91281.6,1.36406e+16
20230101T000010.600000,6,1160,3556.73,-3648.21,157.857,0,0,0,21345.6,20709.2,-896.944,20293.7,920.013,41535.6,2.30378e+16
20230101T000010.600000,6,1161,11414.7,-4476.38,239.538,0,0,0,32195.8,81701.3,-4373.63,208492,1715.17,240532,3.02517e+16
20230101T000010.600000,6,1162,9093.45,-3403.16,1676.24,0,0,0,22528.3,48018.2,-24378.5,132865,9123.47,150837,1.50645e+16
20230101T000010.600000,6,1163,3402.82,-504.456,294.879,0,0,0,605.463,2717.12,-1600.09,18531.1,237.207,18934.4,1.77407e+16
20230101T000010.600000,6,1164,3974.37,451.792,918.483,0,0,0,1719.16,-2714.64,-5826.76,25291,-662.364,25602.8,2.13927e+16
20230101T000010.600000,6,1165,898.322,4.80359,-33.6463,0,0,0,65.7567,-6.55285,45.9667,1291.17,0.245797,1291.3,3.51551e+23
20230101T000010.600000,6,1166,7462.18,1621.09,-527.265,0,0,0,4690.31,-19249.5,6290.97,89117.5,1366.66,93299.6,1.9658e+16
20230101T000010.600000,6,1167,959.747,15.7745,-43.7417,0,0,0,67.3088,-23.1236,64.2596,1473.8,1.05618,1474.31,9.17094e+19
20230101T000010.600000,6,1168,11413.1,3526.67,-447.48,0,0,0,20250.6,-64291.8,8169.11,208447,2524.27,228313,1.10561e+16
20230101T000010.600000,6,1169,7390.6,1759.88,-933.769,0,0,0,6335.39,-20482,11034.2,87471.8,2627.52,92350,1.91991e+16
20230101T000010.600000,6,1170,4172.21,2126.7,-613.161,0,0,0,7763.97,-13928,4085.84,27988.8,2082.67,35089.3,1.78936e+16
20230101T000010.600000,6,1171,5554.95,3028.36,-1070.19,0,0,0,16134.2,-26119.6,9502.51,49806.1,5180.43,64047.3,1.24269e+16
20230101T000010.600000,6,1172,2710.07,2013.1,279.32,0,0,0,6605.5,-8638.83,-1206.94,11818.2,-896.539,18235.7,1.42428e+16
20230101T000010.600000,4,1044,961.437,63.6145,-39.1772,1.18159,-7.95933,-0.772979,82.8614,-128.685,28.0534,911.843,4.25463,931.06,0
20230101T000010.600000,4,1048,2641.18,2115.94,167.324,-1.44258,-3.32029,1.37366,920.714,-1055.07,-75.3397,1370.35,-60.9774,2220.47,0
20230101T000010.600000,3,1054,5639.17,-6424.66,168.568,0,0,0,2500,0,0,2500,0,2500,0
20230101T000010.600000,3,1055,5548.08,-5125.39,547.073,0,0,0,2500,0,0,2500,0,2500,0
20230101T000010.600000,3,1056,3556.73,-3648.21,157.857,0,0,0,2500,0,0,2500,0,2500,0
20230101T000010.600000,3,1057,11414.7,-4476.38,239.538,0,0,0,2500,0,0,2500,0,2500,0
20230101T000010.600000,3,1058,9093.45,-3403.16,1676.24,0,0,0,2500,0,0,2500,0,2500,0
20230101T000010.600000,3,1059,3402.82,-504.456,294.879,0,0,0,2500,0,0,2500,0,2500,0
20230101T000010.600000,3,1060,3974.37,451.792,918.483,0,0,0,2500,0,0,2500,0,2500,0
20230101T000010.600000,3,1061,898.322,4.80359,-33.6463,0,0,0,2500,0,0,2500,0,2500,0
20230101T000010.600000,3,1062,7462.18,1621.09,-527.265,0,0,0,2500,0,0,2500,0,2500,0
20230101T000010.600000,3,1063,11413.1,3526.67,-447.48,0,0,0,2500,0,0,2500,0,2500,0
20230101T000010.600000,3,1064,7390.6,1759.88,-933.769,0,0,0,2500,0,0,2500,0,2500,0
20230101T000010.600000,3,1065,4172.21,2126.7,-613.161,0,0,0,2500,0,0,2500,0,2500,0
20230101T000010.600000,3,1066,5554.95,3028.36,-1070.19,0,0,0,2500,0,0,2500,0,2500,0
20230101T000010.700000,6,1173,160.587,-106.761,-31.7434,0,0,0,62.5672,-2.04049,-0.385693,60.8545,0.256415,61.1864,2.08261e+16
20230101T000010.700000,6,1174,6847.69,-6603.19,-1099.97,0,0,0,70799.1,71347.6,12046.4,75988.6,-11616.2,144790,9.46899e+15
20230101T000010.700000,6,1175,884.771,-156.346,-26.1051,0,0,0,102.177,210.184,35.1257,1254.48,-6.20697,1291.67,4.57318e+23
20230101T000010.700000,6,1176,886.838,-151.173,-26.7741,0,0,0,99.8174,203.723,36.1149,1260.21,-6.15623,1294.99,4.72213e+23
20230101T000010.700000,6,1177,10664.6,3304.8,725.435,0,0,0,18301.1,-56135,-12374.4,182054,-3834.65,199449,1.32696e+16
20230101T000010.700000,6,1178,8555.05,5818.33,-493.976,0,0,0,54475.4,-79430.5,6759.06,117246,4596.87,171267,1.00626e+16
20230101T000010.700000,6,1179,3645.33,2081.53,-555.512,0,0,0,7352.18,-11900.9,3232.81,21398.4,1845.97,28195,9.65244e+15
20230101T000010.700000,6,1180,4009.13,2442.23,518.223,0,0,0,9902.65,-15446.9,-3318.24,25850.4,-2021.36,35260.9,1.04312e+16
20230101T000010.700000,6,1181,8294.83,3130.19,-1023.92,0,0,0,17200.6,-40968,13582.4,110304,5125.53,125764,1.2665e+16
20230101T000010.700000,6,1182,1739.86,2021.02,-443.998,0,0,0,6695.99,-5439.32,1229.23,5060.31,1427.87,11380.3,1.06981e+16
20230101T000010.700000,6,1183,7708.5,8953.09,-1593.63,0,0,0,130009,-108384,19649.6,97443.2,22822.2,223327,9.6874e+15
20230101T000010.700000,6,1184,657.846,533.02,17.856,0,0,0,493.503,-529.492,-17.7462,717.974,-14.3789,1147.02,4.60496e+16
20230101T000010.700000,6,1185,686.366,671.113,-42.2694,0,0,0,754.745,-703.648,44.4086,786.375,43.4217,1474.51,3.19409e+16
20230101T000010.700000,6,1186,6761.11,6991.66,1098.49,0,0,0,79176.8,-74637.8,-11878.3,74170.6,-12283.3,151354,1.11787e+16
20230101T000010.700000,4,1061,900.083,-98.7224,-29.12,0.174373,-10.2501,0.448152,63.551,-4.22852,29.648,854.308,0.158536,854.013,0
20230101T000010.700000,3,1067,160.587,-106.761,-31.7434,0,0,0,2500,0,0,2500,0,2500,0
20230101T000010.700000,3,1068,6847.69,-6603.19,-1099.97,0,0,0,2500,0,0,2500,0,2500,0
20230101T000010.700000,3,1069,884.77,-156.346,-26.1051,0,0,0,2500,0,0,2500,0,2500,0
20230101T000010.700000,3,1070,10664.6,3304.8,725.435,0,0,0,2500,0,0,2500,0,2500,0
20230101T000010.700000,3,1071,8555.05,5818.33,-493.976,0,0,0,2500,0,0,2500,0,2500,0
20230101T000010.700000,3,1072,3645.33,2081.53,-555.512,0,0,0,2500,0,0,2500,0,2500,0
20230101T000010.700000,3,1073,4009.13,2442.23,518.223,0,0,0,2500,0,0,2500,0,2500,0
20230101T000010.700000,3,1074,8294.83,3130.19,-1023.92,0,0,0,2500,0,0,2500,0,2500,0
20230101T000010.700000,3,1075,1739.86,2021.02,-443.998,0,0,0,2500,0,0,2500,0,2500,0
20230101T000010.700000,3,1076,7708.5,8953.09,-1593.63,0,0,0,2500,0,0,2500,0,2500,0
20230101T000010.700000,3,1077,657.846,533.02,17.856,0,0,0,2500,0,0,2500,0,2500,0
20230101T000010.700000,3,1078,686.366,671.113,-42.2694,0,0,0,2500,0,0,2500,0,2500,0
20230101T000010.700000,3,1079,6761.11,6991.66,1098.49,0,0,0,2500,0,0,2500,0,2500,0
20230101T000010.800000,6,1187,6140.95,-6139.61,-1490.89,0,0,0,62121.3,58515.5,14641.2,62146.9,-14638,120651,1.01178e+16
20230101T000010.800000,6,1188,4838.26,-2878.58,-1242.19,0,0,0,15126.4,21172,9604.48,38115.4,-5714.29,50714.9,1.66514e+16
20230101T000010.800000,6,1189,848,-297.559,-30.47,0,0,0,199.907,383.292,39.2966,1157.74,-13.789,1292.31,1.41714e+22
20230101T000010.800000,6,1190,896.793,-341.748,-47.4108,0,0,0,245.756,467.922,65.0809,1295.33,-24.8009,1473.8,3.56873e+18
20230101T000010.800000,6,1191,5919.29,-3819.92,-1219.13,0,0,0,25069.6,35066.2,11537.2,56778.2,-7445.34,79409.5,2.62932e+16
20230101T000010.800000,6,1192,1927.24,-186.131,-84.0998,0,0,0,129.933,566.756,256.567,5943.5,-24.779,5998.36,1.06887e+16
20230101T000010.800000,6,1193,5485.63,-406.476,1145.44,0,0,0,2413.17,3408.42,-10040.8,48159.2,744.009,48414.5,1.76727e+16
20230101T000010.800000,6,1194,4931.12,-766.966,306.32,0,0,0,1150.02,6018.72,-2412.93,38910.5,375.298,39846.9,1.12915e+16
20230101T000010.800000,6,1195,9850.26,6646.35,-2010.04,0,0,0,75163.1,-101723,31670.4,157286,21369.2,225924,2.06026e+16
20230101T000010.800000,6,1196,9872.46,3634.82,92.9128,0,0,0,21207.6,-57390.3,-1467.11,155954,-540.159,177084,1.89081e+16
20230101T000010.800000,6,1197,5692.69,1368.71,-534.231,0,0,0,3489.09,-12348.4,4860.3,51879.2,1168.58,54848.7,1.21597e+16
20230101T000010.800000,6,1198,225.657,286.329,-86.0412,0,0,0,158.94,-68.1488,22.209,126.176,28.1802,216.025,2.14543e+16
20230101T000010.800000,6,1199,481.338,694.565,55.5378,0,0,0,794.15,-502.768,-40.3864,417.081,-58.2772,1142.85,1.90286e+16
20230101T000010.800000,4,1069,868.208,-251.55,-28.9943,-1.63981,-9.42624,-0.286061,87.0508,135.616,22.6575,830.546,-4.00376,854.319,0
20230101T000010.800000,3,1080,6140.95,-6139.61,-1490.89,0,0,0,2500,0,0,2500,0,2500,0
20230101T000010.800000,3,1081,4838.26,-2878.58,-1242.19,0,0,0,2500,0,0,2500,0,2500,0
20230101T000010.800000,3,1082,896.793,-341.748,-47.4108,0,0,0,2500,0,0,2500,0,2500,0
20230101T000010.800000,3,1083,5919.29,-3819.92,-1219.13,0,0,0,2500,0,0,2500,0,2500,0
20230101T000010.800000,3,1084,1927.24,-186.131,-84.0998,0,0,0,2500,0,0,2500,0,2500,0
20230101T000010.800000,3,1085,5485.63,-406.476,1145.44,0,0,0,2500,0,0,2500,0,2500,0
20230101T000010.800000,3,1086,4931.12,-766.966,306.32,0,0,0,2500,0,0,2500,0,2500,0
20230101T000010.800000,3,1087,9850.26,6646.35,-2010.04,0,0,0,2500,0,0,2500,0,2500,0
20230101T000010.800000,3,1088,9872.46,3634.82,92.9128,0,0,0,2500,0,0,2500,0,2500,0
20230101T000010.800000,3,1089,5692.69,1368.71,-534.231,0,0,0,2500,0,0,2500,0,2500,0
20230101T000010.800000,3,1090,225.657,286.329,-86.0412,0,0,0,2500,0,0,2500,0,2500,0
20230101T000010.800000,3,1091,481.338,694.565,55.5378,0,0,0,2500,0,0,2500,0,2500,0
20230101T000010.900000,6,1200,163.928,-181.049,-5.16951,0,0,0,81.2836,15.6364,0.447077,78.1719,-0.493771,95.47,1.92915e+16
20230101T000010.900000,6,1201,2220.17,-575.006,-115.401,0,0,0,608.805,2021.91,406.827,7892,-105.365,8415.82,1.53404e+16
20230101T000010.900000,6,1202,2926.5,-1100.9,-34.3676,0,0,0,1996.87,5133.13,160.265,13711.2,-60.2886,15642.2,9.07891e+15
20230101T000010.900000,6,1203,1598.35,-526.739,191.269,0,0,0,553.719,1310.88,-482.323,4099.49,158.95,4532.3,1.35174e+16
20230101T000010.900000,6,1204,3964.33,-1643.5,262.12,0,0,0,4469.98,10363.2,-1659.01,25170.9,687.78,29467.4,1.0262e+16
20230101T000010.900000,6,1205,778.321,-451.729,-26.6201,0,0,0,375.174,534.291,31.5145,985.653,-18.2907,1295.8,6.57237e+21
20230101T000010.900000,6,1206,5362.64,-1999.66,-326.976,0,0,0,6604,17080.6,2802.12,46041.4,-1044.87,52410.7,1.01674e+16
20230101T000010.900000,6,1207,8183.9,1228.27,1461.19,0,0,0,5815.4,-15572.8,-19122.3,107239,-2869.95,109578,2.27003e+16
20230101T000010.900000,6,1208,8679.02,1064.48,-939.943,0,0,0,3267.96,-14603.4,13045.7,120543,1600.05,122334,1.33373e+16
20230101T000010.900000,6,1209,2902.86,1367.89,-316.993,0,0,0,3177.23,-6266.84,1466.63,13523.3,691.11,16477,1.0704e+16
20230101T000010.900000,6,1210,9263.37,3454.37,1885.79,0,0,0,24141.8,-49315.6,-27939,137998,-10418.6,156391,1.14997e+16
20230101T000010.900000,6,1211,8158.63,4629.9,-552.022,0,0,0,34714.6,-60201.1,7202.72,106635,4087.43,140799,8.91492e+15
20230101T000010.900000,6,1212,7391.84,5700.69,-1080.11,0,0,0,53206.8,-66488.6,12768.7,88142.6,9847.38,139420,8.32118e+15
20230101T000010.900000,4,1067,177.524,-174.224,-12.737,3.25709,-12.9737,3.65508,61.0954,-1.94694,-0.367783,59.4612,0.244508,59.7795,0
20230101T000010.900000,4,1082,807.302,-412.568,-32.5144,-8.86046,-7.01189,1.47489,174.351,288.172,40.0443,820.738,-15.26,929.87,0
20230101T000010.900000,3,1092,2220.17,-575.006,-115.401,0,0,0,2500,0,0,2500,0,2500,0
20230101T000010.900000,3,1093,2926.5,-1100.9,-34.3676,0,0,0,2500,0,0,2500,0,2500,0
20230101T000010.900000,3,1094,1598.35,-526.739,191.269,0,0,0,2500,0,0,2500,0,2500,0
20230101T000010.900000,3,1095,3964.33,-1643.5,262.12,0,0,0,2500,0,0,2500,0,2500,0
20230101T000010.900000,3,1096,5362.64,-1999.66,-326.976,0,0,0,2500,0,0,2500,0,2500,0
20230101T000010.900000,3,1097,8183.9,1228.27,1461.19,0,0,0,2500,0,0,2500,0,2500,0
20230101T000010.900000,3,1098,8679.02,1064.48,-939.943,0,0,0,2500,0,0,2500,0,2500,0
20230101T000010.900000,3,1099,2902.86,1367.89,-316.993,0,0,0,2500,0,0,2500,0,2500,0
20230101T000010.900000,3,1100,9263.37,3454.37,1885.79,0,0,0,2500,0,0,2500,0,2500,0
20230101T000010.900000,3,1101,8158.63,4629.9,-552.022,0,0,0,2500,0,0,2500,0,2500,0
20230101T000010.900000,3,1102,7391.84,5700.7,-1080.11,0,0,0,2500,0,0,2500,0,2500,0
20230101T000011,6,1213,2367.61,-2055.1,-225.038,0,0,0,6840.03,7713.47,849.034,9031.14,-736.966,15726.8,8.89891e+15
20230101T000011,6,1214,6775.69,-7853.19,202.184,0,0,0,98731.4,85073.3,-2191.09,73530.1,2539.52,172132,1.27258e+16
20230101T000011,6,1215,691.199,-573.757,-30.7666,0,0,0,565.459,602.368,32.3407,791.105,-26.8457,1291.2,8.31148e+21
20230101T000011,6,1216,719.834,-633.155,-65.0519,0,0,0,681.151,694.275,71.6766,859.8,-63.0456,1470.77,2.15433e+18
20230101T000011,6,1217,5108.66,-5394.66,960.539,0,0,0,47291.5,43326.7,-7845.71,42568.9,8284.94,88322.2,9.29576e+15
20230101T000011,6,1218,4481.96,-6074.35,343.418,0,0,0,59125.5,43439.4,-2460.98,32304.3,3335.33,91177.3,2.13998e+16
20230101T000011,6,1219,5405.44,-3941.3,1071.27,0,0,0,26093.7,33183.3,-9257.02,47409.1,6749.62,71605.8,2.18509e+16
20230101T000011,6,1220,3834.32,-4215.89,-1377.85,0,0,0,29840.5,24322.1,8443.15,25218.8,-9283.36,51964.8,1.43806e+16
20230101T000011,6,1221,5704.9,554.803,-99.235,0,0,0,571.48,-5056.47,904.698,52074.1,87.9821,52565.8,1.10718e+16
20230101T000011,6,1222,9266.14,-1831.45,94.3202,0,0,0,5442.01,27137.9,-1397.75,137381,276.264,142745,9.72642e+15
20230101T000011,6,1223,4270.11,1549.77,-102.007,0,0,0,3914.08,-10562.4,695.581,29183.5,252.45,33017,1.48579e+16
20230101T000011,6,1224,1092.11,838.823,255.608,0,0,0,1230.46,-1385.35,-437.537,1970.07,-336.061,3036.26,1.5831e+16
20230101T000011,6,1225,8010.51,8225.12,82.2534,0,0,0,108281,-105382,-1053.91,102708,-1082.14,210913,1.42009e+16
20230101T000011,6,1226,5615.35,5604.59,-999.565,0,0,0,51090.7,-49524,8975.03,51280.6,8957.84,100711,8.52692e+15
20230101T000011,3,1103,2367.61,-2055.1,-225.038,0,0,0,2500,0,0,2500,0,2500,0
20230101T000011,3,1104,6775.69,-7853.19,202.184,0,0,0,2500,0,0,2500,0,2500,0
20230101T000011,3,1105,691.199,-573.757,-30.7666,0,0,0,2500,0,0,2500,0,2500,0
20230101T000011,3,1106,719.834,-633.155,-65.0519,0,0,0,2500,0,0,2500,0,2500,0
20230101T000011,3,1107,5108.66,-5394.66,960.539,0,0,0,2500,0,0,2500,0,2500,0
20230101T000011,3,1108,4481.96,-6074.35,343.418,0,0,0,2500,0,0,2500,0,2500,0
20230101T000011,3,1109,5405.44,-3941.3,1071.27,0,0,0,2500,0,0,2500,0,2500,0
20230101T000011,3,1110,3834.32,-4215.89,-1377.85,0,0,0,2500,0,0,2500,0,2500,0
20230101T000011,3,1111,5704.9,554.803,-99.235,0,0,0,2500,0,0,2500,0,2500,0
20230101T000011,3,1112,9266.14,-1831.45,94.3202,0,0,0,2500,0,0,2500,0,2500,0
20230101T000011,3,1113,4270.11,1549.77,-102.007,0,0,0,2500,0,0,2500,0,2500,0
20230101T000011,3,1114,1092.11,838.823,255.608,0,0,0,2500,0,0,2500,0,2500,0
20230101T000011,3,1115,8010.51,8225.12,82.2534,0,0,0,2500,0,0,2500,0,2500,0
20230101T000011,3,1116,5615.35,5604.59,-999.565,0,0,0,2500,0,0,2500,0,2500,0
20230101T000011.100000,6,1227,2894.42,-3125.35,-247.377,0,0,0,15703.1,14393.1,1143.1,13491.3,-1234.31,29033,1.06085e+16
20230101T000011.100000,6,1228,9137.27,-4988.84,1401.95,0,0,0,42292.6,71585.9,-20488.6,134320,11186.5,173406,1.66442e+16
20230101T000011.100000,6,1229,817.438,-209.064,-72.6616,0,0,0,137.49,256.156,89.7337,1073.55,-22.9498,1139.53,1.82021e+16
20230101T000011.100000,6,1230,1522.96,131.948,-82.3787,0,0,0,101.973,-315.1,197.309,3711.61,17.0946,3739.09,1.07046e+16
20230101T000011.100000,6,1231,2083.71,20.9342,-57.5622,0,0,0,69.9469,-69.0976,190.142,6946.94,1.91029,6947.68,6.3542e+15
20230101T000011.100000,6,1232,9151.88,-340.5,444.963,0,0,0,565.614,4971.79,-6512.49,134011,242.3,134197,9.11916e+15
20230101T000011.100000,6,1233,2076.04,1156.69,-76.3391,0,0,0,2196.59,-3810.99,251.779,6913.29,140.281,9036.69,8.19219e+15
20230101T000011.100000,6,1234,7219.96,3047.56,-986.924,0,0,0,16236.4,-34624.3,11393.6,83649.8,4809.25,98265.8,2.25063e+16
20230101T000011.100000,6,1235,8107,4175.89,-1820.85,0,0,0,32142,-51981.7,23607.6,106283,12160.2,133061,1.37429e+16
20230101T000011.100000,6,1236,580.918,674.314,124.688,0,0,0,764.855,-583.414,-110.154,590.252,-127.864,1268.7,7.02228e+22
20230101T000011.100000,6,1237,617.799,721.135,146.858,0,0,0,873.119,-664.894,-138.876,666.63,-162.105,1444.23,1.48501e+19
20230101T000011.100000,4,1091,559.938,698.109,102.602,21.6331,0.975194,12.9536,565.171,-346.112,-27.7669,305.593,-40.0674,804.272,0
20230101T000011.100000,3,1117,2894.42,-3125.35,-247.377,0,0,0,2500,0,0,2500,0,2500,0
20230101T000011.100000,3,1118,9137.27,-4988.84,1401.95,0,0,0,2500,0,0,2500,0,2500,0
20230101T000011.100000,3,1119,817.438,-209.064,-72.6616,0,0,0,2500,0,0,2500,0,2500,0
20230101T000011.100000,3,1120,1522.96,131.948,-82.3787,0,0,0,2500,0,0,2500,0,2500,0
20230101T000011.100000,3,1121,2083.71,20.9342,-57.5622,0,0,0,2500,0,0,2500,0,2500,0
20230101T000011.100000,3,1122,9151.88,-340.5,444.963,0,0,0,2500,0,0,2500,0,2500,0
20230101T000011.100000,3,1123,2076.04,1156.69,-76.3391,0,0,0,2500,0,0,2500,0,2500,0
20230101T000011.100000,3,1124,7219.96,3047.56,-986.924,0,0,0,2500,0,0,2500,0,2500,0
20230101T000011.100000,3,1125,8107,4175.89,-1820.84,0,0,0,2500,0,0,2500,0,2500,0
20230101T000011.100000,3,1126,617.799,721.135,146.858,0,0,0,2500,0,0,2500,0,2500,0
20230101T000011.200000,6,1238,2563.1,-2113.74,-24.4479,0,0,0,7187.3,8636.47,99.8964,10537.4,-82.3828,17659.8,9.88641e+15
20230101T000011.200000,6,1239,9266.74,-6888.37,618.076,0,0,0,76354.2,101809,-9161.34,137636,6810.02,213316,1.48696e+16
20230101T000011.200000,6,1240,7851.37,-6867.25,-2310.04,0,0,0,80326.6,82006.5,29009,102358,-25372.9,174088,1.52771e+16
20230101T000011.200000,6,1241,108.937,-162.011,8.88638,0,0,0,61.9209,-1.39401,0.0732532,63.0567,-0.108942,61.1158,1.07582e+16
20230101T000011.200000,6,1242,228.734,-288.334,69.6634,0,0,0,159.882,71.6592,-18.2268,126.398,22.976,218.943,1.18171e+16
20230101T000011.200000,6,1243,584.029,-613.13,-13.1772,0,0,0,632.056,540.844,11.6266,579.436,-12.2059,1147.25,1.47346e+16
20230101T000011.200000,6,1244,6206.09,-5874.57,280.693,0,0,0,55317.2,58238.2,-2785.68,61714.7,2636.88,116842,3.12241e+16
20230101T000011.200000,6,1245,5659.97,-2537.92,-158.979,0,0,0,10392.5,22944.3,1438.21,51273.9,-644.888,61562.1,1.31334e+16
20230101T000011.200000,6,1246,9997.02,473.498,1456.13,0,0,0,3806.17,-7410.42,-23282.1,159912,-1102.73,160265,2.15567e+16
20230101T000011.200000,6,1247,8963.26,64.1653,-1394.34,0,0,0,3179.62,-897.494,19986.9,128544,143.08,128552,1.35154e+16
20230101T000011.200000,6,1248,6899.36,2342.74,-379.272,0,0,0,9045.11,-25772,4183.62,76192.2,1420.59,84943.5,1.09733e+16
20230101T000011.200000,6,1249,688.252,563.419,130.17,0,0,0,561.655,-576.438,-136.248,793.924,-111.536,1267.15,3.13897e+23
20230101T000011.200000,6,1250,725.23,612.36,149.444,0,0,0,657.295,-662.165,-165.898,882.401,-140.079,1443.06,8.33353e+19
20230101T000011.200000,6,1251,6288.85,7175.27,-214.188,0,0,0,82434.9,-72130.7,2154.25,63357.2,2457.89,145655,8.75954e+15
20230101T000011.200000,4,1105,607.687,-595.612,-17.8252,-16.06,-4.20295,2.48873,389.481,392.825,21.0823,536.633,-17.5002,862.451,0
20230101T000011.200000,4,1126,691.616,657.562,148.49,7.30866,-6.29427,0.161627,564.524,-412.755,-85.4507,436.339,-99.7435,911.675,0
20230101T000011.200000,3,1127,2563.1,-2113.74,-24.4479,0,0,0,2500,0,0,2500,0,2500,0
20230101T000011.200000,3,1128,9266.74,-6888.37,618.076,0,0,0,2500,0,0,2500,0,2500,0
20230101T000011.200000,3,1129,7851.37,-6867.25,-2310.04,0,0,0,2500,0,0,2500,0,2500,0
20230101T000011.200000,3,1130,108.937,-162.011,8.88638,0,0,0,2500,0,0,2500,0,2500,0
20230101T000011.200000,3,1131,228.734,-288.334,69.6634,0,0,0,2500,0,0,2500,0,2500,0
20230101T000011.200000,3,1132,6206.09,-5874.57,280.693,0,0,0,2500,0,0,2500,0,2500,0
20230101T000011.200000,3,1133,5659.97,-2537.92,-158.979,0,0,0,2500,0,0,2500,0,2500,0
20230101T000011.200000,3,1134,9997.02,473.498,1456.13,0,0,0,2500,0,0,2500,0,2500,0
20230101T000011.200000,3,1135,8963.26,64.1653,-1394.34,0,0,0,2500,0,0,2500,0,2500,0
20230101T000011.200000,3,1136,6899.36,2342.74,-379.272,0,0,0,2500,0,0,2500,0,2500,0
20230101T000011.200000,3,1137,688.252,563.419,130.17,0,0,0,2500,0,0,2500,0,2500,0
20230101T000011.200000,3,1138,6288.86,7175.27,-214.188,0,0,0,2500,0,0,2500,0,2500,0
20230101T000011.300000,6,1252,2714.6,-1799.73,-35.7485,0,0,0,5228.33,7786.45,154.683,11810.6,-102.552,16972.9,2.0276e+16
20230101T000011.300000,6,1253,2153.01,-2785.16,-573.007,0,0,0,12631.2,9309.96,1967.69,7784.55,-2545.43,19829.7,1.40896e+16
20230101T000011.300000,6,1254,10926.1,-2868.11,-713.634,0,0,0,13983.6,49923.7,12471.7,191063,-3273.83,204168,1.68221e+16
20230101T000011.300000,6,1255,10812.8,-3696.43,-934.886,0,0,0,23170.8,63502.5,16169,187219,-5527.51,208928,8.17318e+15
20230101T000011.300000,6,1256,3504.02,522.38,-232.125,0,0,0,583.288,-2906.83,1297.26,19648.4,193.396,20082,1.28367e+16
20230101T000011.300000,6,1257,769.877,445.444,130.117,0,0,0,384.712,-509.796,-152.345,970.845,-88.1456,1267.15,2.55356e+23
20230101T000011.300000,6,1258,823.384,478.888,126.428,0,0,0,433.039,-592.447,-159.342,1107.1,-92.6749,1452.78,7.01499e+19
20230101T000011.300000,6,1259,8436.99,2235.42,143.632,0,0,0,8086,-30152.3,-1937.89,113899,-513.454,121888,9.5958e+15
20230101T000011.300000,6,1260,7702.94,4662.02,202.348,0,0,0,34869.9,-57400.7,-2492.65,94971.3,-1508.62,129712,1.71894e+16
20230101T000011.300000,6,1261,1780.14,1824.07,-353.804,0,0,0,5451.89,-5063.84,1001.62,5204.95,1026.34,10395,2.31869e+16
20230101T000011.300000,4,1127,2541.61,-2039.91,-25.4834,-2.12678,7.30951,-0.102526,931.474,1053.67,12.187,1340.2,-10.0504,2209.04,0
20230101T000011.300000,4,1137,748.845,489.397,130.135,5.99933,-7.32898,-0.00349305,385.633,-374.523,-87.881,536.543,-71.9414,838.458,0
20230101T000011.300000,3,1139,2153.01,-2785.16,-573.007,0,0,0,2500,0,0,2500,0,2500,0
20230101T000011.300000,3,1140,10926.1,-2868.11,-713.634,0,0,0,2500,0,0,2500,0,2500,0
20230101T000011.300000,3,1141,10812.8,-3696.43,-934.886,0,0,0,2500,0,0,2500,0,2500,0
20230101T000011.300000,3,1142,3504.02,522.38,-232.125,0,0,0,2500,0,0,2500,0,2500,0
20230101T000011.300000,3,1143,823.384,478.888,126.428,0,0,0,2500,0,0,2500,0,2500,0
20230101T000011.300000,3,1144,8436.99,2235.42,143.632,0,0,0,2500,0,0,2500,0,2500,0
20230101T000011.300000,3,1145,7702.94,4662.02,202.348,0,0,0,2500,0,0,2500,0,2500,0
20230101T000011.300000,3,1146,1780.14,1824.07,-353.804,0,0,0,2500,0,0,2500,0,2500,0
20230101T000011.400000,6,1262,4954.97,-6247.62,1389.42,0,0,0,63669.2,47996.8,-11008.5,41217,13880.5,101737,1.17543e+16
20230101T000011.400000,6,1263,4049.09,-5168.41,427.47,0,0,0,42875.5,33310.9,-2766.82,26452.8,3531.68,68972.4,9.77096e+15
20230101T000011.400000,6,1264,8815.96,-4840.34,-1858.43,0,0,0,41779.8,65918.2,26204.2,125648,-14387.2,161842,1.5718e+16
20230101T000011.400000,6,1265,9816.83,-1971.08,2384.36,0,0,0,15018.2,29192.2,-37436.9,154547,7516.78,160412,1.69695e+16
20230101T000011.400000,6,1266,3460.87,-230.544,479.18,0,0,0,513.323,1248.09,-2644.75,19166.1,176.179,19250.5,1.27071e+16
20230101T000011.400000,6,1267,6670.97,-1073.13,-683.921,0,0,0,2633.86,11326.9,7293.53,71223.4,-1173.28,73046.1,2.66741e+16
20230101T000011.400000,6,1268,2791.57,1470.94,-359.09,0,0,0,3672.8,-6458.85,1597.52,12527.2,841.77,15931.3,1.16943e+16
20230101T000011.400000,6,1269,836.572,304.137,126.582,0,0,0,226.051,-378.716,-161.049,1130.08,-58.5495,1269.03,3.14142e+23
20230101T000011.400000,6,1270,892.504,319.037,157.894,0,0,0,253.441,-423.205,-215.705,1286.08,-77.1066,1439.08,1.00985e+20
20230101T000011.400000,6,1271,5814.64,2477.48,627.713,0,0,0,10407.9,-22798.9,-5834.09,54202.7,-2485.77,63917.4,1.37581e+16
20230101T000011.400000,6,1272,2944.85,3485.85,-647.279,0,0,0,19747.1,-16063.1,3044.08,14303.2,3603.31,33318.6,1.26702e+16
20230101T000011.400000,6,1273,7737,8500.74,-1399.01,0,0,0,117068,-103642,17313.4,97525.2,19022.5,211399,1.04547e+16
20230101T000011.400000,4,1143,876.891,381.635,146.327,5.29779,-9.62907,1.97022,290.876,-366.919,-98.0431,708.34,-57.0229,916.934,0
20230101T000011.400000,3,1147,4954.97,-6247.62,1389.42,0,0,0,2500,0,0,2500,0,2500,0
20230101T000011.400000,3,1148,4049.09,-5168.41,427.47,0,0,0,2500,0,0,2500,0,2500,0
20230101T000011.400000,3,1149,8815.96,-4840.34,-1858.43,0,0,0,2500,0,0,2500,0,2500,0
20230101T000011.400000,3,1150,9816.83,-1971.08,2384.36,0,0,0,2500,0,0,2500,0,2500,0
20230101T000011.400000,3,1151,3460.87,-230.544,479.18,0,0,0,2500,0,0,2500,0,2500,0
20230101T000011.400000,3,1152,6670.97,-1073.13,-683.921,0,0,0,2500,0,0,2500,0,2500,0
20230101T000011.400000,3,1153,2791.57,1470.94,-359.09,0,0,0,2500,0,0,2500,0,2500,0
20230101T000011.400000,3,1154,836.573,304.137,126.582,0,0,0,2500,0,0,2500,0,2500,0
20230101T000011.400000,3,1155,5814.64,2477.48,627.713,0,0,0,2500,0,0,2500,0,2500,0
20230101T000011.400000,3,1156,2944.85,3485.85,-647.279,0,0,0,2500,0,0,2500,0,2500,0
20230101T000011.400000,3,1157,7737,8500.74,-1399.01,0,0,0,2500,0,0,2500,0,2500,0
20230101T000011.500000,6,1274,7591.4,-7447.47,61.8822,0,0,0,88779.4,90423.6,-751.369,92241.3,737.124,180951,1.09066e+16
20230101T000011.500000,6,1275,502.882,-675.898,86.3872,0,0,0,757.763,507.785,-65.6315,453.077,88.2119,1136.23,3.15716e+16
20230101T000011.500000,6,1276,3576.4,-5348.76,439.244,0,0,0,45889.9,30434.8,-2511.04,20722.4,3755.45,66240.1,1.08106e+16
20230101T000011.500000,6,1277,3080.2,-4516.23,244.543,0,0,0,32684.8,22183.2,-1203.58,15289.1,1764.7,47814.5,1.53417e+16
20230101T000011.500000,6,1278,10254.6,-4860.74,662.09,0,0,0,38427.6,79456,-10859.8,168393,5147.6,206055,1.0146e+16
20230101T000011.500000,6,1279,7892.39,-4007.35,-1262.15,0,0,0,27770.4,49549.8,15930.3,100199,-8088.57,125359,9.24292e+15
20230101T000011.500000,6,1280,876.214,155.416,127.969,0,0,0,124.84,-202.595,-170.527,1231.11,-30.2466,1268.34,8.31075e+22
20230101T000011.500000,6,1281,935.022,184.415,122.485,0,0,0,138.122,-259.382,-175.303,1402.08,-34.5753,1454.28,2.26653e+19
20230101T000011.500000,6,1282,5918.3,1124.55,-1417.31,0,0,0,5183.96,-10048.1,13406.9,56156.2,2547.48,58068.8,2.61043e+16
20230101T000011.500000,6,1283,5884.34,1289.28,-1418.43,0,0,0,5789.12,-11452.8,13340.5,55551,2922.96,58063.7,2.59068e+16
20230101T000011.500000,6,1284,8023.86,4099.36,715.176,0,0,0,27587,-52271,-9177.05,103194,-4688.53,129900,1.71626e+16
20230101T000011.500000,6,1285,5805.62,2412.25,-781.794,0,0,0,10198,-22038.5,7254.84,54081.6,3014.4,63239.7,1.48029e+16
20230101T000011.500000,6,1286,1862.25,1952.67,166.999,0,0,0,6152.27,-5764.04,-494.866,5605.52,-518.893,11649.7,1.10324e+16
20230101T000011.500000,6,1287,8478.2,6050.7,-1697.58,0,0,0,61673.7,-79868.8,23019.6,116585,16428.5,173587,1.77846e+16
20230101T000011.500000,6,1288,6785.75,4860.92,1329.89,0,0,0,39717,-51406.8,-14430.8,74655.1,-10337.4,111481,1.50836e+16
20230101T000011.500000,6,1289,4085.32,5478.28,869.852,0,0,0,48473.5,-35198.4,-5681,27522.1,-7618.03,74723.1,1.10112e+16
20230101T000011.500000,4,1145,7736.53,4667.48,213.096,6.45873,1.04835,2.06688,729.987,-1100.86,-47.7815,1882.64,-28.9186,2547.68,0
20230101T000011.500000,4,1154,871.46,207.641,127.497,3.45424,-9.55411,0.0905524,167.541,-245.928,-103.864,754.596,-37.76,839.574,0
20230101T000011.500000,3,1158,7591.4,-7447.47,61.8822,0,0,0,2500,0,0,2500,0,2500,0
20230101T000011.500000,3,1159,502.882,-675.898,86.3872,0,0,0,2500,0,0,2500,0,2500,0
20230101T000011.500000,3,1160,3576.4,-5348.76,439.244,0,0,0,2500,0,0,2500,0,2500,0
20230101T000011.500000,3,1161,3080.2,-4516.23,244.543,0,0,0,2500,0,0,2500,0,2500,0
20230101T000011.500000,3,1162,10254.6,-4860.74,662.09,0,0,0,2500,0,0,2500,0,2500,0
20230101T000011.500000,3,1163,7892.39,-4007.35,-1262.15,0,0,0,2500,0,0,2500,0,2500,0
20230101T000011.500000,3,1164,935.022,184.415,122.485,0,0,0,2500,0,0,2500,0,2500,0
20230101T000011.500000,3,1165,5918.3,1124.55,-1417.31,0,0,0,2500,0,0,2500,0,2500,0
20230101T000011.500000,3,1166,5884.34,1289.28,-1418.44,0,0,0,2500,0,0,2500,0,2500,0
20230101T000011.500000,3,1167,5805.62,2412.25,-781.794,0,0,0,2500,0,0,2500,0,2500,0
20230101T000011.500000,3,1168,1862.25,1952.67,166.999,0,0,0,2500,0,0,2500,0,2500,0
20230101T000011.500000,3,1169,8478.2,6050.7,-1697.58,0,0,0,2500,0,0,2500,0,2500,0
20230101T000011.500000,3,1170,6785.75,4860.92,1329.89,0,0,0,2500,0,0,2500,0,2500,0
20230101T000011.500000,3,1171,4085.32,5478.27,869.852,0,0,0,2500,0,0,2500,0,2500,0
20230101T000011.600000,6,1290,2690.49,-2975.4,-470.317,0,0,0,14352.4,12601,2019.65,11811.4,-2233.52,25747.6,2.03394e+16
20230101T000011.600000,6,1291,2846.54,-4111.38,804.651,0,0,0,27401.3,18211.1,-3659.03,13706.9,5284.9,40011.5,2.25975e+16
20230101T000011.600000,6,1292,3490.43,508.211,-219.618,0,0,0,551.245,-2818.1,1222.57,19495.8,178.008,19906.4,1.52616e+16
20230101T000011.600000,6,1293,1989.05,209.614,-111.662,0,0,0,153.132,-658.364,351.821,6331.02,37.0764,6400.6,1.40144e+16
20230101T000011.600000,6,1294,9842.16,-949.8,-960.824,0,0,0,2969.67,14809.6,15124.4,155003,-1459.55,156433,1.27993e+16
20230101T000011.600000,6,1295,890.224,5.12432,125.418,0,0,0,87.961,-6.79279,-169.799,1268,-0.977402,1269.28,1.12942e+23
20230101T000011.600000,6,1296,948.85,-27.7004,148.978,0,0,0,99.1171,39.1958,-216.374,1440.59,6.31675,1443.27,2.88379e+19
20230101T000011.600000,6,1297,6139.79,764.191,-469.579,0,0,0,1344.47,-7456.12,4608.2,60321.6,573.561,61250,6.42953e+15
20230101T000011.600000,6,1298,8566.66,-689.285,600.406,0,0,0,1396.53,9396.58,-8225.11,117424,661.804,118181,1.05798e+16
20230101T000011.600000,6,1299,1805.46,1665.04,-309.707,0,0,0,4552.75,-4701.97,888.821,5314.97,819.694,9652.26,1.21334e+16
20230101T000011.600000,6,1300,2447.95,1907.25,214.368,0,0,0,5905.54,-7403.62,-836.146,9639.73,-651.46,15408.4,1.27803e+16
20230101T000011.600000,6,1301,3072.72,3702.43,496.382,0,0,0,22119.4,-17977.6,-2436.21,15377.5,-2935.49,37040,1.35189e+16
20230101T000011.600000,4,1142,3488.62,518.627,-229.716,-4.23949,-1.03307,0.662867,123.116,-339.35,150.873,2348.82,22.4922,2390.64,0
20230101T000011.600000,4,1146,1734.66,1737.58,-334.162,-12.5166,-23.8049,5.4062,1155.71,-1028.02,200.224,1105.58,205.165,2127.69,0
20230101T000011.600000,3,1172,2690.49,-2975.4,-470.317,0,0,0,2500,0,0,2500,0,2500,0
20230101T000011.600000,3,1173,2846.54,-4111.38,804.651,0,0,0,2500,0,0,2500,0,2500,0
20230101T000011.600000,3,1174,1989.05,209.614,-111.662,0,0,0,2500,0,0,2500,0,2500,0
20230101T000011.600000,3,1175,9842.16,-949.8,-960.824,0,0,0,2500,0,0,2500,0,2500,0
20230101T000011.600000,3,1176,890.224,5.12432,125.418,0,0,0,2500,0,0,2500,0,2500,0
20230101T000011.600000,3,1177,948.85,-27.7004,148.978,0,0,0,2500,0,0,2500,0,2500,0
20230101T000011.600000,3,1178,6139.79,764.191,-469.579,0,0,0,2500,0,0,2500,0,2500,0
20230101T000011.600000,3,1179,8566.65,-689.285,600.405,0,0,0,2500,0,0,2500,0,2500,0
20230101T000011.600000,3,1180,2447.95,1907.25,214.368,0,0,0,2500,0,0,2500,0,2500,0
20230101T000011.600000,3,1181,3072.72,3702.43,496.382,0,0,0,2500,0,0,2500,0,2500,0
20230101T000011.700000,6,1302,1912.08,-2077.84,-238.12,0,0,0,6978.64,6279.95,724.859,5933.24,-787.697,12758.1,2.07533e+16
20230101T000011.700000,6,1303,5706.43,-5543.29,362.621,0,0,0,49306.1,50474.7,-3308.75,52234.4,3214.16,101266,1.35945e+16
20230101T000011.700000,6,1304,4546.6,-5050.16,-227.74,0,0,0,40872.3,36664.6,1655.27,33155.6,-1838.6,73881.1,3.29051e+16
20230101T000011.700000,6,1305,4739.43,-3468.42,-270.712,0,0,0,19365.9,26215.1,2050.46,36002.8,-1500.57,55187.7,8.80648e+15
20230101T000011.700000,6,1306,1898,-609.483,197.076,0,0,0,708.141,1814.34,-592.516,5775.59,190.268,6358.83,1.97064e+16
20230101T000011.700000,6,1307,3036.13,-1222.52,-55.3207,0,0,0,2450.56,5914.9,267.734,14758.5,-107.805,17140.2,8.90361e+15
20230101T000011.700000,6,1308,8984.21,-1987.4,-777.03,0,0,0,7301.2,28351.3,11164.4,129194,-2469.68,135466,1.87527e+16
20230101T000011.700000,6,1309,2640.57,337.563,471.389,0,0,0,593.189,-1373.65,-1980.68,11162.9,-253.204,11340.4,1.51015e+16
20230101T000011.700000,6,1310,877.393,-152.509,121.66,0,0,0,121.186,199.5,-162.333,1234.25,28.2168,1270.1,1.24034e+23
20230101T000011.700000,6,1311,942.412,-155.635,104.483,0,0,0,117.323,221.7,-150.72,1423.17,24.8907,1460.54,3.45449e+19
20230101T000011.700000,6,1312,7727.26,-918.968,215.626,0,0,0,1487.62,11345.6,-2664.16,95538.9,316.836,96888.2,1.30046e+16
20230101T000011.700000,6,1313,8668.6,4926.05,1110.75,0,0,0,40365.5,-67448.1,-15399.7,120729,-8751.1,159058,1.91316e+16
20230101T000011.700000,4,1176,890.976,-100.276,122.924,0.074461,-10.4357,-0.246973,77.872,-4.41072,-109.513,844.1,-0.630383,839.776,0
20230101T000011.700000,4,1177,950.868,-109.054,120.999,0.199855,-8.05483,-2.77026,84.0319,24.3386,-133.135,917.016,3.8867,911.084,0
20230101T000011.700000,3,1182,1912.08,-2077.84,-238.12,0,0,0,2500,0,0,2500,0,2500,0
20230101T000011.700000,3,1183,5706.43,-5543.29,362.621,0,0,0,2500,0,0,2500,0,2500,0
20230101T000011.700000,3,1184,4546.6,-5050.16,-227.74,0,0,0,2500,0,0,2500,0,2500,0
20230101T000011.700000,3,1185,4739.43,-3468.42,-270.712,0,0,0,2500,0,0,2500,0,2500,0
20230101T000011.700000,3,1186,1898,-609.483,197.076,0,0,0,2500,0,0,2500,0,2500,0
20230101T000011.700000,3,1187,3036.13,-1222.52,-55.3207,0,0,0,2500,0,0,2500,0,2500,0
20230101T000011.700000,3,1188,8984.21,-1987.4,-777.03,0,0,0,2500,0,0,2500,0,2500,0
20230101T000011.700000,3,1189,2640.57,337.563,471.389,0,0,0,2500,0,0,2500,0,2500,0
20230101T000011.700000,3,1190,7727.26,-918.968,215.626,0,0,0,2500,0,0,2500,0,2500,0
20230101T000011.700000,3,1191,8668.6,4926.05,1110.75,0,0,0,2500,0,0,2500,0,2500,0
20230101T000011.800000,6,1314,7716.08,-8290.54,460.99,0,0,0,110160,102151,-5689.48,95476.9,6113.06,205233,1.03874e+16
20230101T000011.800000,6,1315,9950.79,-4433.19,626.056,0,0,0,32021.6,70325.2,-9964.25,158543,4439.19,189874,1.03898e+16
20230101T000011.800000,6,1316,836.701,-303.746,126.108,0,0,0,225.536,378.345,-160.469,1130.38,58.2547,1268.99,4.45082e+22
20230101T000011.800000,6,1317,918.97,-252.64,122.245,0,0,0,182.893,349.265,-171.956,1357.31,47.2735,1454.37,9.85176e+18
20230101T000011.800000,6,1318,4492.56,-2751.89,-657.234,0,0,0,12665,19445,4717.56,32498.7,-2889.71,44410.6,2.76303e+16
20230101T000011.800000,6,1319,8091.47,791.438,689.626,0,0,0,1818.86,-10166.4,-8922.78,104763,-872.75,105758,1.1326e+16
20230101T000011.800000,6,1320,7052.67,-194.984,1583.96,0,0,0,4132.93,2087.67,-17860.2,79587.3,493.777,79648.1,1.1999e+16
20230101T000011.800000,6,1321,6087.31,66.0784,-661.769,0,0,0,770.849,-635.292,6438.55,59288.6,69.8911,59296.3,1.15663e+16
20230101T000011.800000,6,1322,2430.3,975.94,-127.665,0,0,0,1601.37,-3763.82,493.535,9462.66,198.19,10974.3,8.28488e+15
20230101T000011.800000,6,1323,10841.7,4770.93,1836.39,0,0,0,40991.6,-80747.5,-31846.4,188952,-14014.2,224487,1.23096e+16
20230101T000011.800000,6,1324,984.847,1203.75,18.486,0,0,0,2344.3,-1865.19,-28.6477,1590.54,-35.0153,3870.31,6.94399e+16
20230101T000011.800000,6,1325,4204.93,5242.76,-269.521,0,0,0,44049,-35184.8,1811.7,28399.9,2258.86,72268.8,1.66708e+16
20230101T000011.800000,3,1192,7716.08,-8290.54,460.99,0,0,0,2500,0,0,2500,0,2500,0
20230101T000011.800000,3,1193,9950.79,-4433.19,626.056,0,0,0,2500,0,0,2500,0,2500,0
20230101T000011.800000,3,1194,836.701,-303.746,126.108,0,0,0,2500,0,0,2500,0,2500,0
20230101T000011.800000,3,1195,918.97,-252.64,122.245,0,0,0,2500,0,0,2500,0,2500,0
20230101T000011.800000,3,1196,4492.56,-2751.89,-657.234,0,0,0,2500,0,0,2500,0,2500,0
20230101T000011.800000,3,1197,8091.47,791.438,689.626,0,0,0,2500,0,0,2500,0,2500,0
20230101T000011.800000,3,1198,7052.67,-194.984,1583.96,0,0,0,2500,0,0,2500,0,2500,0
20230101T000011.800000,3,1199,6087.31,66.0784,-661.769,0,0,0,2500,0,0,2500,0,2500,0
20230101T000011.800000,3,1200,2430.3,975.94,-127.665,0,0,0,2500,0,0,2500,0,2500,0
20230101T000011.800000,3,1201,10841.7,4770.93,1836.39,0,0,0,2500,0,0,2500,0,2500,0
20230101T000011.800000,3,1202,984.847,1203.75,18.486,0,0,0,2500,0,0,2500,0,2500,0
20230101T000011.800000,3,1203,4204.93,5242.76,-269.521,0,0,0,2500,0,0,2500,0,2500,0
20230101T000011.900000,6,1326,7055.15,-8788.29,-1051.27,0,0,0,124292,98310.1,11863.3,80754.2,-14777.6,203215,1.0701e+16
20230101T000011.900000,6,1327,813.18,-511.874,1.77333,0,0,0,465.064,637.137,-2.2073,1076.18,1.38943,1477.24,1.33724e+17
20230101T000011.900000,6,1328,5705.52,-5625.67,48.0457,0,0,0,50671.4,51322,-438.328,52118.2,432.194,102722,1.18251e+16
20230101T000011.900000,6,1329,4342.65,-4332.62,684.268,0,0,0,30441.6,29697.9,-4749.47,30579,4738.5,60209.1,8.00767e+15
20230101T000011.900000,6,1330,68.5295,-43.8133,3.87779,0,0,0,48.4158,-24.1863,2.13969,26.0486,-1.36798,10.7306,8.13964e+15
20230101T000011.900000,6,1331,772.004,-447.902,110.069,0,0,0,382.654,517.473,-129.233,974.342,74.9787,1275.53,4.58869e+20
20230101T000011.900000,6,1332,798.07,-525.775,99.6104,0,0,0,497.523,634.989,-121.683,1043.03,80.1659,1462.06,1.37701e+17
20230101T000011.900000,6,1333,6153.19,-1295.53,771.506,0,0,0,3657.73,12549.9,-7587.99,60621.9,1597.62,63265.2,9.06384e+15
20230101T000011.900000,6,1334,821.81,-174.935,-105.919,0,0,0,126.404,213.537,131.505,1084.1,-27.9929,1130.56,1.25734e+16
20230101T000011.900000,6,1335,5309.52,390.752,-735.023,0,0,0,1166.52,-3251.66,6235.54,45110.6,458.902,45351.1,1.05081e+16
20230101T000011.900000,6,1336,9228.23,-631.153,-109.644,0,0,0,720.204,9313.41,1618.16,136257,-110.672,136894,1.08663e+16
20230101T000011.900000,6,1337,4620.72,-757.22,-617.83,0,0,0,1573.44,5490.73,4559.52,34179.3,-747.191,35080.1,2.33844e+16
20230101T000011.900000,6,1338,2504.13,1175.22,-115.924,0,0,0,2279.79,-4675.79,462.04,10048.5,216.841,12243,1.70247e+16
20230101T000011.900000,6,1339,1046.84,1218.26,139.691,0,0,0,2414.91,-1993.69,-230.374,1807.9,-268.099,4128.54,1.68073e+16
20230101T000011.900000,6,1340,280.826,194.45,17.1388,0,0,0,103.966,-57.2723,-5.06734,147.022,-3.50874,186.84,9.78534e+15
20230101T000011.900000,4,1183,5739.82,-5577.8,356.932,6.42127,-6.63563,-1.09417,1265.48,1233.15,-80.672,1337.02,78.3658,2529.92,0
20230101T000011.900000,4,1194,802.47,-403.214,115.53,-3.3892,-9.84834,-1.04742,167.209,245.689,-103.497,754.795,37.5721,839.591,0
20230101T000011.900000,4,1202,1031.12,1236.89,65.1126,4.58176,3.28129,4.61651,940.473,-718.211,-11.0302,650.229,-13.4819,1527.95,0
20230101T000011.900000,3,1204,7055.15,-8788.29,-1051.27,0,0,0,2500,0,0,2500,0,2500,0
20230101T000011.900000,3,1205,813.18,-511.874,1.77333,0,0,0,2500,0,0,2500,0,2500,0
20230101T000011.900000,3,1206,4342.65,-4332.62,684.268,0,0,0,2500,0,0,2500,0,2500,0
20230101T000011.900000,3,1207,68.5295,-43.8133,3.87779,0,0,0,2500,0,0,2500,0,2500,0
20230101T000011.900000,3,1208,798.07,-525.775,99.6104,0,0,0,2500,0,0,2500,0,2500,0
20230101T000011.900000,3,1209,6153.19,-1295.53,771.506,0,0,0,2500,0,0,2500,0,2500,0
20230101T000011.900000,3,1210,821.81,-174.935,-105.919,0,0,0,2500,0,0,2500,0,2500,0
20230101T000011.900000,3,1211,5309.52,390.752,-735.023,0,0,0,2500,0,0,2500,0,2500,0
20230101T000011.900000,3,1212,9228.23,-631.153,-109.644,0,0,0,2500,0,0,2500,0,2500,0
20230101T000011.900000,3,1213,4620.72,-757.22,-617.83,0,0,0,2500,0,0,2500,0,2500,0
20230101T000011.900000,3,1214,2504.13,1175.22,-115.924,0,0,0,2500,0,0,2500,0,2500,0
20230101T000011.900000,3,1215,280.826,194.45,17.1388,0,0,0,2500,0,0,2500,0,2500,0
20230101T000012,6,1341,2246.53,-2327.29,382.294,0,0,0,8809.29,8216.95,-1368.96,8228.77,1418.17,16742,1.2969e+16
20230101T000012,6,1342,686.502,-567.268,122.467,0,0,0,566.456,580.463,-127.86,789.279,105.653,1270.11,2.17307e+22
20230101T000012,6,1343,737.841,-602.796,124.518,0,0,0,633.996,668.644,-140.63,906.174,114.891,1453.51,7.0894e+18
20230101T000012,6,1344,6707.73,-6380.19,881.215,0,0,0,65816.5,67822.4,-9453.14,72610.1,8991.55,137121,1.38309e+16
20230101T000012,6,1345,3990.68,-4603.37,762.076,0,0,0,34331.4,28901.9,-4860.76,26047.4,5607.03,59387.5,1.43675e+16
20230101T000012,6,1346,5155.53,-2710.62,257.808,0,0,0,11889.3,22289.4,-2124.11,42564,1116.79,54283.2,9.08152e+15
20230101T000012,6,1347,6834.52,-1994.3,-1519.25,0,0,0,9823.18,20798.6,16600.8,75031.7,-4844.07,81103.4,1.25413e+16
20230101T000012,6,1348,8224.44,-4340,-2.14792,0,0,0,30187.1,57084.1,28.2516,108240,-14.9083,138363,1.45698e+16
20230101T000012,6,1349,841.414,-89.2014,35.4544,0,0,0,77.8977,113.18,-45.0688,1133.5,4.77791,1145.61,7.15807e+16
20230101T000012,6,1350,86.29,45.1414,8.04448,0,0,0,53.2496,19.9187,3.54206,25.5942,1.85298,15.6077,1.21775e+16
20230101T000012,6,1351,2169.17,1597.69,373.072,0,0,0,4269.26,-5408.74,-1287.81,7628.89,-948.527,11613.9,1.134e+16
20230101T000012,6,1352,2700.72,2377.44,90.1703,0,0,0,9086.95,-10235.1,-388.436,11703.8,-341.941,20713.9,1.13979e+16
20230101T000012,6,1353,7003.48,8367.57,-1032.91,0,0,0,112755,-92892,11570.5,79519.2,13824.1,190505,7.58899e+15
20230101T000012,6,1354,8336.29,9080.7,1691.97,0,0,0,134058,-118806,-22561.8,113710,-24576.5,243126,9.72468e+15
20230101T000012,6,1355,7984.68,6429.19,425.957,0,0,0,66350.1,-81963.1,-5439.74,102148,-4380.03,168144,1.37261e+16
20230101T000012,6,1356,2878.84,2370.85,-21.9762,0,0,0,9032.06,-10888.7,100.934,13286.5,83.1236,22253.8,1.01488e+16
20230101T000012,6,1357,3142.95,2282.4,250.814,0,0,0,8442.59,-11399.4,-1257.94,15861.8,-913.513,24140.3,8.42281e+15
20230101T000012,6,1358,3377.17,3657.15,1019.25,0,0,0,22192.9,-18902.2,-5498.96,19178.8,-5954.84,39650.6,1.68836e+16
20230101T000012,4,1206,4307.43,-4322.7,684.005,-3.48718,0.98147,-0.0260971,1254.71,1165.96,-184.239,1260.11,183.814,2395.54,0
20230101T000012,4,1207,127.631,19.4253,7.45121,5.85164,6.26126,0.353805,47.2824,-23.4899,2.07807,25.5592,-1.32858,10.6827,0
20230101T000012,4,1208,762.577,-576.668,115.348,-3.51415,-5.03891,1.55814,330.201,392.282,-74.8717,667.205,49.3261,922.643,0
20230101T000012,4,1210,846.308,-118.354,-9.28549,2.42559,5.6021,9.56773,104.415,143.901,88.1802,749.8,-18.7705,777.594,0
20230101T000012,3,1216,2246.53,-2327.29,382.294,0,0,0,2500,0,0,2500,0,2500,0
20230101T000012,3,1217,686.502,-567.268,122.467,0,0,0,2500,0,0,2500,0,2500,0
20230101T000012,3,1218,6707.73,-6380.19,881.215,0,0,0,2500,0,0,2500,0,2500,0
20230101T000012,3,1219,5155.53,-2710.62,257.808,0,0,0,2500,0,0,2500,0,2500,0
20230101T000012,3,1220,6834.52,-1994.3,-1519.25,0,0,0,2500,0,0,2500,0,2500,0
20230101T000012,3,1221,8224.44,-4340,-2.14792,0,0,0,2500,0,0,2500,0,2500,0
20230101T000012,3,1222,2169.17,1597.69,373.072,0,0,0,2500,0,0,2500,0,2500,0
20230101T000012,3,1223,2700.72,2377.44,90.1703,0,0,0,2500,0,0,2500,0,2500,0
20230101T000012,3,1224,7003.48,8367.57,-1032.91,0,0,0,2500,0,0,2500,0,2500,0
20230101T000012,3,1225,8336.29,9080.7,1691.97,0,0,0,2500,0,0,2500,0,2500,0
20230101T000012,3,1226,7984.68,6429.19,425.957,0,0,0,2500,0,0,2500,0,2500,0
20230101T000012,3,1227,2878.84,2370.85,-21.9762,0,0,0,2500,0,0,2500,0,2500,0
20230101T000012,3,1228,3142.95,2282.4,250.814,0,0,0,2500,0,0,2500,0,2500,0
20230101T000012,3,1229,3377.17,3657.15,1019.25,0,0,0,2500,0,0,2500,0,2500,0
20230101T000012.100000,6,1359,7755.61,-8999.02,-144.954,0,0,0,129613,111620,1798.23,96295.2,-2086.52,225811,3.3282e+16
20230101T000012.100000,6,1360,3377.65,-2669.25,612.216,0,0,0,11807.6,14103,-3301.56,18508.3,2609.12,29654.7,9.44327e+15
20230101T000012.100000,6,1361,7050.09,-4486.27,-493.213,0,0,0,32525.1,50400.6,5560.34,79656.5,-3538.28,111729,1.6886e+16
20230101T000012.100000,6,1362,4064.21,-3557.27,251.286,0,0,0,20340,23050.2,-1631.81,26500,1428.27,46675.2,1.07588e+16
20230101T000012.100000,6,1363,7063.49,-4492.22,24.4784,0,0,0,32334.4,50739.8,-276.487,79847.4,175.84,112117,1.73779e+16
20230101T000012.100000,6,1364,1686.33,-114.71,-109.054,0,0,0,103.436,303.899,290.14,4550.33,-19.7364,4571.26,1.14899e+16
20230101T000012.100000,6,1365,11765.2,426.478,-652.979,0,0,0,1036.05,-8001.18,12288.4,221474,445.442,221764,9.6075e+15
20230101T000012.100000,6,1366,5641.79,2501.13,-645.046,0,0,0,10618.3,-22307.3,5816.69,51047.4,2578.67,60937.4,8.83296e+15
20230101T000012.100000,6,1367,7537.63,9328.09,-1010.16,0,0,0,139891,-111669,12179.4,91931.5,15072.5,230127,1.17925e+16
20230101T000012.100000,6,1368,7956.53,8045.61,-2130.35,0,0,0,107192,-98762.9,27112.1,104993,27415.6,204863,2.06937e+16
20230101T000012.100000,6,1369,682.926,830.405,-231.868,0,0,0,1162.7,-835.164,244.981,834.017,297.885,1852.38,5.91021e+22
20230101T000012.100000,3,1230,7755.61,-8999.02,-144.954,0,0,0,2500,0,0,2500,0,2500,0
20230101T000012.100000,3,1231,3377.65,-2669.25,612.216,0,0,0,2500,0,0,2500,0,2500,0
20230101T000012.100000,3,1232,7050.09,-4486.27,-493.213,0,0,0,2500,0,0,2500,0,2500,0
20230101T000012.100000,3,1233,4064.21,-3557.27,251.286,0,0,0,2500,0,0,2500,0,2500,0
20230101T000012.100000,3,1234,7063.49,-4492.22,24.4784,0,0,0,2500,0,0,2500,0,2500,0
20230101T000012.100000,3,1235,1686.33,-114.71,-109.054,0,0,0,2500,0,0,2500,0,2500,0
20230101T000012.100000,3,1236,11765.2,426.478,-652.979,0,0,0,2500,0,0,2500,0,2500,0
20230101T000012.100000,3,1237,5641.79,2501.13,-645.046,0,0,0,2500,0,0,2500,0,2500,0
20230101T000012.100000,3,1238,7537.63,9328.09,-1010.16,0,0,0,2500,0,0,2500,0,2500,0
20230101T000012.100000,3,1239,7956.53,8045.61,-2130.35,0,0,0,2500,0,0,2500,0,2500,0
20230101T000012.100000,3,1240,682.926,830.405,-231.868,0,0,0,2500,0,0,2500,0,2500,0
20230101T000012.200000,6,1370,2572.7,-2225.15,124.804,0,0,0,7972.89,9115.49,-511.96,10628.1,442.798,18512.2,1.25144e+16
20230101T000012.200000,6,1371,2179.13,-2602.22,860.38,0,0,0,11347.5,8460.33,-2990.03,8329.34,3570.55,18436.1,1.45009e+16
20230101T000012.200000,6,1372,3168.46,207.377,-327.216,0,0,0,302.448,-1036.02,1652.32,16063.6,108.145,16132.1,9.91205e+15
20230101T000012.200000,6,1373,3942.8,875.807,-363.319,0,0,0,1489.03,-5466.87,2286.42,24886,507.877,26100.9,8.94316e+15
20230101T000012.200000,6,1374,10608.9,3616.09,535.974,0,0,0,21390.8,-61220.5,-9094.85,180132,-3100.03,201000,1.52914e+16
20230101T000012.200000,6,1375,11397.2,3909.35,1425.32,0,0,0,27417.5,-70272.2,-25984.4,208183,-8912.87,232288,1.11598e+16
20230101T000012.200000,6,1376,825.254,686.226,-239.488,0,0,0,843.746,-831.012,305.763,1152.11,254.251,1846.16,4.80192e+21
20230101T000012.200000,6,1377,4844.13,5279.7,-1087.19,0,0,0,45493.3,-39947.7,8419.97,38605.8,9177.06,82146.8,1.77806e+16
20230101T000012.200000,6,1378,4696.1,3719.53,-175.076,0,0,0,22205.3,-27892.7,1314.01,35329,1040.76,57421.3,9.25629e+15
20230101T000012.200000,3,1241,2572.7,-2225.15,124.804,0,0,0,2500,0,0,2500,0,2500,0
20230101T000012.200000,3,1242,2179.13,-2602.22,860.38,0,0,0,2500,0,0,2500,0,2500,0
20230101T000012.200000,3,1243,3168.46,207.377,-327.216,0,0,0,2500,0,0,2500,0,2500,0
20230101T000012.200000,3,1244,3942.8,875.807,-363.319,0,0,0,2500,0,0,2500,0,2500,0
20230101T000012.200000,3,1245,10608.9,3616.09,535.974,0,0,0,2500,0,0,2500,0,2500,0
20230101T000012.200000,3,1246,11397.2,3909.35,1425.32,0,0,0,2500,0,0,2500,0,2500,0
20230101T000012.200000,3,1247,825.254,686.226,-239.488,0,0,0,2500,0,0,2500,0,2500,0
20230101T000012.200000,3,1248,4844.13,5279.7,-1087.19,0,0,0,2500,0,0,2500,0,2500,0
20230101T000012.200000,3,1249,4696.1,3719.53,-175.076,0,0,0,2500,0,0,2500,0,2500,0
20230101T000012.300000,6,1379,1310.25,-1683.58,-21.8602,0,0,0,4559.52,3498.08,45.4252,2787.16,-58.3679,7281.92,8.14819e+15
20230101T000012.300000,6,1380,6700.65,-8542.51,-1502.9,0,0,0,118160,89799.1,16107.3,74114.2,-20534.8,188598,1.47543e+16
20230101T000012.300000,6,1381,430.641,-343.479,56.3994,0,0,0,230.585,203.31,-33.7909,323.328,26.9516,486.151,1.19273e+16
20230101T000012.300000,6,1382,1727.05,-609.98,-178.85,0,0,0,697.19,1649.57,488.377,4785.03,-172.491,5368.25,1.02626e+16
20230101T000012.300000,6,1383,8933.48,-4783.54,-1606.83,0,0,0,39870.6,66628.7,22958.6,128626,-12293.4,164304,1.81568e+16
20230101T000012.300000,6,1384,4303.66,734.273,-363.136,0,0,0,1129.43,-5010.58,2495.29,29642.2,425.736,30497.5,1.97866e+16
20230101T000012.300000,6,1385,10249.3,5028.52,36.9486,0,0,0,40511,-82436.2,-605.73,168090,-297.184,208535,1.42234e+16
20230101T000012.300000,6,1386,936.593,528.377,-232.525,0,0,0,558.696,-728.613,336.936,1439.18,190.082,1853.08,9.7351e+21
20230101T000012.300000,6,1387,5435.14,2792.53,-1476.39,0,0,0,15284.2,-22842.2,12826,48006.3,6589.88,59745.9,1.15406e+16
20230101T000012.300000,6,1388,5335.4,5185.96,181.705,0,0,0,43090.7,-44212.3,-1550.03,45603.2,-1506.61,88577.2,1.46056e+16
20230101T000012.300000,4,1247,897.739,601.232,-235.598,7.17672,-8.41522,0.385228,501.401,-469,168.831,675.431,140.388,1046.46,0
20230101T000012.300000,3,1250,1310.25,-1683.58,-21.8602,0,0,0,2500,0,0,2500,0,2500,0
20230101T000012.300000,3,1251,6700.65,-8542.51,-1502.9,0,0,0,2500,0,0,2500,0,2500,0
20230101T000012.300000,3,1252,430.641,-343.479,56.3994,0,0,0,2500,0,0,2500,0,2500,0
20230101T000012.300000,3,1253,1727.05,-609.98,-178.85,0,0,0,2500,0,0,2500,0,2500,0
20230101T000012.300000,3,1254,8933.48,-4783.54,-1606.83,0,0,0,2500,0,0,2500,0,2500,0
20230101T000012.300000,3,1255,4303.66,734.273,-363.136,0,0,0,2500,0,0,2500,0,2500,0
20230101T000012.300000,3,1256,10249.3,5028.52,36.9486,0,0,0,2500,0,0,2500,0,2500,0
20230101T000012.300000,3,1257,5435.14,2792.53,-1476.39,0,0,0,2500,0,0,2500,0,2500,0
20230101T000012.300000,3,1258,5335.4,5185.96,181.705,0,0,0,2500,0,0,2500,0,2500,0
20230101T000012.400000,6,1389,5589.96,-7078.73,219.842,0,0,0,80227.7,63243,-1965.29,50083.3,2488.7,130170,9.17189e+15
20230101T000012.400000,6,1390,7760.46,-2032.18,-1812.92,0,0,0,11585.8,23929.4,22497.2,96700.9,-5891.19,102970,1.33928e+16
20230101T000012.400000,6,1391,15.5164,-4.88158,0.806918,0,0,0,58.132,-18.1556,3.00105,6.13526,-0.944157,0.580449,1.03216e+16
20230101T000012.400000,6,1392,3312.3,-201.908,-160.697,0,0,0,170.006,1063.66,848.558,17554.6,-51.7255,17619.5,8.20223e+15
20230101T000012.400000,6,1393,5860.23,-269.346,388.1,0,0,0,420.149,2511.51,-3634.76,54948.3,167.06,55064.1,1.0338e+16
20230101T000012.400000,6,1394,9245.66,-716.604,422.71,0,0,0,1169.31,10573.8,-6250.27,136774,484.44,137593,1.83634e+16
20230101T000012.400000,6,1395,1010.23,366.997,-233.605,0,0,0,346.622,-545.568,365.107,1650.21,132.636,1851.29,1.175e+22
20230101T000012.400000,6,1396,6019.76,2833.94,563.026,0,0,0,13317.2,-27075.5,-5417.98,58083.5,-2550.64,70830.4,7.87041e+15
20230101T000012.400000,6,1397,7590.48,8248.26,1789.86,0,0,0,111233,-97588,-21730.7,94993.8,-23613.8,201040,2.29194e+16
20230101T000012.400000,6,1398,5825.51,8130.61,-523.978,0,0,0,105942,-75545.7,4881.96,54630.9,6813.7,160070,2.71171e+16
20230101T000012.400000,6,1399,3549.15,5115.99,-583.536,0,0,0,42074.9,-28766.9,3310.3,20564.9,4771.69,62032.1,1.53503e+16
20230101T000012.400000,6,1400,7787.55,6046.47,720.575,0,0,0,59053.7,-74906.2,-8974.76,97370,-6968.24,155530,1.46433e+16
20230101T000012.400000,3,1259,5589.96,-7078.73,219.842,0,0,0,2500,0,0,2500,0,2500,0
20230101T000012.400000,3,1260,7760.46,-2032.18,-1812.92,0,0,0,2500,0,0,2500,0,2500,0
20230101T000012.400000,3,1261,15.5164,-4.88158,0.806918,0,0,0,2500,0,0,2500,0,2500,0
20230101T000012.400000,3,1262,3312.3,-201.908,-160.697,0,0,0,2500,0,0,2500,0,2500,0
20230101T000012.400000,3,1263,5860.23,-269.346,388.1,0,0,0,2500,0,0,2500,0,2500,0
20230101T000012.400000,3,1264,9245.66,-716.604,422.71,0,0,0,2500,0,0,2500,0,2500,0
20230101T000012.400000,3,1265,1010.23,366.997,-233.605,0,0,0,2500,0,0,2500,0,2500,0
20230101T000012.400000,3,1266,6019.76,2833.94,563.026,0,0,0,2500,0,0,2500,0,2500,0
20230101T000012.400000,3,1267,7590.48,8248.26,1789.86,0,0,0,2500,0,0,2500,0,2500,0
20230101T000012.400000,3,1268,5825.51,8130.61,-523.978,0,0,0,2500,0,0,2500,0,2500,0
20230101T000012.400000,3,1269,3549.15,5115.99,-583.536,0,0,0,2500,0,0,2500,0,2500,0
20230101T000012.400000,3,1270,7787.55,6046.47,720.575,0,0,0,2500,0,0,2500,0,2500,0
20230101T000012.500000,6,1401,9633.1,-7328.52,1757.34,0,0,0,89100.9,110543,-27078.5,150309,20600.4,234407,1.12988e+16
20230101T000012.500000,6,1402,8247.44,-6152.12,267.864,0,0,0,60672.6,81097.1,-3533.38,108896,2635.7,169390,1.2886e+16
20230101T000012.500000,6,1403,6699.53,-2073.99,291.213,0,0,0,7064.44,22175.3,-3119.05,71831.5,965.572,78696.5,8.48756e+15
20230101T000012.500000,6,1404,3647,17.2354,-86.1459,0,0,0,76.3117,-100.214,501.168,21281,2.36848,21281.5,1.59967e+16
20230101T000012.500000,6,1405,1059.52,188.976,-230.971,0,0,0,199.159,-295.026,378.62,1800.63,67.531,1856.07,1.45069e+21
20230101T000012.500000,6,1406,8741.45,-422.111,423.101,0,0,0,634.543,5886.9,-5914.55,122262,285.604,122546,9.95684e+15
20230101T000012.500000,6,1407,10832.6,2787.04,1079.5,0,0,0,14236.4,-47840.1,-18704.2,187871,-4812.27,200180,1.80325e+16
20230101T000012.500000,6,1408,1058.71,186.473,-234.272,0,0,0,200.067,-290.434,383.728,1797.86,67.587,1851.92,1.34534e+21
20230101T000012.500000,6,1409,7699.88,3890.93,1530.61,0,0,0,27258.4,-46401.7,-18847,95636,-9523.84,119086,1.01071e+16
20230101T000012.500000,6,1410,7577.11,7629.34,2581.49,0,0,0,98455.7,-87131.9,-31286.1,97258.4,-31501.8,184995,1.39113e+16
20230101T000012.500000,4,1245,10627.3,3610.23,543.979,5.07126,-1.61435,2.20302,341.239,-800.094,-118.593,2415.84,-40.423,2682.64,0
20230101T000012.500000,4,1265,1047.73,267.09,-232.187,3.71237,-9.89187,0.14041,220.735,-307.498,201.561,955.474,73.2233,1049.11,0
20230101T000012.500000,3,1271,9633.1,-7328.52,1757.34,0,0,0,2500,0,0,2500,0,2500,0
20230101T000012.500000,3,1272,8247.44,-6152.12,267.864,0,0,0,2500,0,0,2500,0,2500,0
20230101T000012.500000,3,1273,6699.53,-2073.99,291.213,0,0,0,2500,0,0,2500,0,2500,0
20230101T000012.500000,3,1274,3647,17.2354,-86.1459,0,0,0,2500,0,0,2500,0,2500,0
20230101T000012.500000,3,1275,8741.45,-422.111,423.101,0,0,0,2500,0,0,2500,0,2500,0
20230101T000012.500000,3,1276,1058.71,186.473,-234.272,0,0,0,2500,0,0,2500,0,2500,0
20230101T000012.500000,3,1277,7699.88,3890.93,1530.61,0,0,0,2500,0,0,2500,0,2500,0
20230101T000012.500000,3,1278,7577.11,7629.34,2581.49,0,0,0,2500,0,0,2500,0,2500,0
20230101T000012.600000,6,1411,4026.48,-4211.96,200.558,0,0,0,28446.2,27070.9,-1290.55,26007.1,1350,54325.1,1.67399e+16
20230101T000012.600000,6,1412,10263.4,-3138.18,1183.98,0,0,0,17866.1,50888.9,-19436.1,168739,5942.84,184299,7.15092e+15
20230101T000012.600000,6,1413,5487.96,-974.375,-1193.3,0,0,0,3787.1,8153.05,10465.2,48259.9,-1858.07,49710.2,1.3345e+16
20230101T000012.600000,6,1414,3952.19,-417.058,-622.771,0,0,0,953.793,2565.99,3928.36,24999.3,-414.543,25271.6,9.42714e+15
20230101T000012.600000,6,1415,4030.37,611.336,-397.961,0,0,0,907.64,-3895.28,2560.17,25997.3,388.333,26588.7,3.43874e+16
20230101T000012.600000,6,1416,1076.37,7.91782,-224.502,0,0,0,142.066,-12.5917,373.843,1853.71,2.75001,1856.48,1.24345e+22
20230101T000012.600000,6,1417,5898.88,4075.58,-1056.3,0,0,0,27827.4,-37601.9,9962.02,56271.8,6882.84,82252.7,1.29669e+16
20230101T000012.600000,6,1418,6113.99,1965.53,-498.884,0,0,0,6599.86,-19093,4875.57,59852.7,1567.4,65991.1,4.05575e+16
20230101T000012.600000,6,1419,7482.84,7314.16,1372.1,0,0,0,87167.8,-86032,-16421.6,91091.2,-16051.5,175185,1.00883e+16
20230101T000012.600000,6,1420,4690.54,4478.19,898.583,0,0,0,32795.4,-32931.6,-6737.45,35847.8,-6432.43,67289.7,1.18644e+16
20230101T000012.600000,4,1276,1077.22,84.5098,-228.686,1.83259,-10.0954,0.553095,138.111,-163.676,211.788,1038.56,37.3027,1049.21,0
20230101T000012.600000,3,1279,4026.48,-4211.96,200.558,0,0,0,2500,0,0,2500,0,2500,0
20230101T000012.600000,3,1280,10263.4,-3138.18,1183.98,0,0,0,2500,0,0,2500,0,2500,0
20230101T000012.600000,3,1281,5487.96,-974.375,-1193.3,0,0,0,2500,0,0,2500,0,2500,0
20230101T000012.600000,3,1282,3952.2,-417.058,-622.771,0,0,0,2500,0,0,2500,0,2500,0
20230101T000012.600000,3,1283,4030.37,611.336,-397.961,0,0,0,2500,0,0,2500,0,2500,0
20230101T000012.600000,3,1284,5898.87,4075.58,-1056.3,0,0,0,2500,0,0,2500,0,2500,0
20230101T000012.600000,3,1285,6113.99,1965.53,-498.884,0,0,0,2500,0,0,2500,0,2500,0
20230101T000012.600000,3,1286,7482.84,7314.16,1372.1,0,0,0,2500,0,0,2500,0,2500,0
20230101T000012.600000,3,1287,4690.54,4478.19,898.583,0,0,0,2500,0,0,2500,0,2500,0
20230101T000012.700000,6,1421,2087.68,-2707.9,-75.1416,0,0,0,11759.6,9009.88,250.137,7019.27,-324.448,18705.9,1.12737e+16
20230101T000012.700000,6,1422,2626.14,-3166.29,-235.179,0,0,0,16102.7,13229.4,985.853,11124.8,-1188.63,27075.4,1.07321e+16
20230101T000012.700000,6,1423,4875.31,-5339.7,77.7881,0,0,0,45653.3,41615.6,-606.321,38070,664.075,83649.6,2.13404e+16
20230101T000012.700000,6,1424,3723.46,-4306.68,-909.041,0,0,0,30268.2,24972.2,5409.13,22975,-6256.38,51860.2,1.61028e+16
20230101T000012.700000,6,1425,7050.34,-5358.51,-1108.96,0,0,0,47228.9,59468.6,12503.4,80275.1,-9503.01,125474,9.08677e+15
20230101T000012.700000,6,1426,6618.51,-6101.87,-270.711,0,0,0,59670.4,64526.1,2865.32,70170.7,-2641.65,129660,1.28313e+16
20230101T000012.700000,6,1427,1842.4,-599.173,-183.622,0,0,0,680.564,1731.74,535.569,5442.31,-174.175,6006.06,4.08316e+16
20230101T000012.700000,6,1428,1060.65,-197.148,-217.346,0,0,0,194.696,309.939,356.664,1804.55,-66.2947,1864.65,1.6071e+21
20230101T000012.700000,6,1429,8504.79,-2279.08,-823.454,0,0,0,9382.18,30725.9,11199.6,115807,-3001.22,124042,1.15967e+16
20230101T000012.700000,6,1430,10646.4,-520.911,-1723.89,0,0,0,5239.88,8638.17,29355,181364,-1436.29,181788,1.36634e+16
20230101T000012.700000,6,1431,1064.04,-176.142,-217.344,0,0,0,183.069,277.79,357.795,1815.16,-59.2295,1863.65,1.65897e+21
20230101T000012.700000,6,1432,7188.12,1445.7,435.496,0,0,0,3697.05,-16556,-5004.92,82684.7,-1006.61,86014.8,6.39143e+15
20230101T000012.700000,6,1433,6114.62,6743.48,131.377,0,0,0,72800.7,-65928.5,-1284.69,59872,-1416.82,132581,1.21769e+16
20230101T000012.700000,3,1288,2087.68,-2707.9,-75.1416,0,0,0,2500,0,0,2500,0,2500,0
20230101T000012.700000,3,1289,2626.14,-3166.29,-235.179,0,0,0,2500,0,0,2500,0,2500,0
20230101T000012.700000,3,1290,4875.31,-5339.7,77.7881,0,0,0,2500,0,0,2500,0,2500,0
20230101T000012.700000,3,1291,3723.46,-4306.68,-909.041,0,0,0,2500,0,0,2500,0,2500,0
20230101T000012.700000,3,1292,7050.34,-5358.51,-1108.96,0,0,0,2500,0,0,2500,0,2500,0
20230101T000012.700000,3,1293,6618.51,-6101.87,-270.711,0,0,0,2500,0,0,2500,0,2500,0
20230101T000012.700000,3,1294,1842.4,-599.173,-183.622,0,0,0,2500,0,0,2500,0,2500,0
20230101T000012.700000,3,1295,1060.65,-197.148,-217.346,0,0,0,2500,0,0,2500,0,2500,0
20230101T000012.700000,3,1296,8504.79,-2279.08,-823.454,0,0,0,2500,0,0,2500,0,2500,0
20230101T000012.700000,3,1297,10646.4,-520.911,-1723.89,0,0,0,2500,0,0,2500,0,2500,0
20230101T000012.700000,3,1298,1064.04,-176.142,-217.344,0,0,0,2500,0,0,2500,0,2500,0
20230101T000012.700000,3,1299,7188.12,1445.7,435.496,0,0,0,2500,0,0,2500,0,2500,0
20230101T000012.700000,3,1300,6114.62,6743.48,131.377,0,0,0,2500,0,0,2500,0,2500,0
20230101T000012.800000,6,1434,8839.93,-8128.44,491.774,0,0,0,105959,114743,-6953.67,125238,6394,230746,2.21864e+16
20230101T000012.800000,6,1435,7939.9,-5227.35,634.277,0,0,0,44213.8,66082.5,-8054.2,101081,5302.6,144588,2.0002e+16
20230101T000012.800000,6,1436,6584.4,-6674.96,2246.18,0,0,0,75299.1,66254.8,-23653.4,73489,23978.8,140659,2.29639e+16
20230101T000012.800000,6,1437,1013.51,-359.869,-232.018,0,0,0,338.005,537.129,363.813,1660.02,-129.18,1853.58,6.45118e+21
20230101T000012.800000,6,1438,8351.17,-3668.85,-1437.75,0,0,0,24361.5,47781.8,19202,112132,-8435.87,133126,1.27914e+16
20230101T000012.800000,6,1439,3300.39,89.7697,-171.381,0,0,0,123.634,-471.028,901.689,17428.2,24.5257,17441.2,1.02776e+16
20230101T000012.800000,6,1440,307.113,31.6473,-20.7155,0,0,0,65.3256,-8.98438,5.92678,151.587,0.61074,152.799,1.50149e+16
20230101T000012.800000,6,1441,4773.99,409.319,351.341,0,0,0,527.324,-3104.3,-2679.02,36467.4,-229.698,36733.9,1.47936e+16
20230101T000012.800000,6,1442,6695.22,5208.65,561.924,0,0,0,43762.6,-55521.2,-6016.2,71936.1,-4680.4,115130,1.85257e+16
20230101T000012.800000,4,1295,1040.91,-292.888,-225.641,-1.95503,-9.47922,-0.82127,135.108,174.098,196.81,1039.39,-36.582,1056.04,0
20230101T000012.800000,3,1301,8839.93,-8128.44,491.774,0,0,0,2500,0,0,2500,0,2500,0
20230101T000012.800000,3,1302,7939.9,-5227.35,634.277,0,0,0,2500,0,0,2500,0,2500,0
20230101T000012.800000,3,1303,6584.4,-6674.96,2246.18,0,0,0,2500,0,0,2500,0,2500,0
20230101T000012.800000,3,1304,8351.17,-3668.85,-1437.75,0,0,0,2500,0,0,2500,0,2500,0
20230101T000012.800000,3,1305,3300.39,89.7697,-171.381,0,0,0,2500,0,0,2500,0,2500,0
20230101T000012.800000,3,1306,307.113,31.6473,-20.7155,0,0,0,2500,0,0,2500,0,2500,0
20230101T000012.800000,3,1307,4773.99,409.319,351.341,0,0,0,2500,0,0,2500,0,2500,0
20230101T000012.800000,3,1308,6695.22,5208.65,561.924,0,0,0,2500,0,0,2500,0,2500,0
20230101T000012.900000,6,1443,3282.99,-2673.59,376.705,0,0,0,11611.6,13901.5,-1974.36,17360.6,1607.88,28682.2,1.1992e+16
20230101T000012.900000,6,1444,159.635,-161.533,-20.232,0,0,0,73.4453,9.18504,1.19144,73.2281,-1.2056,83.0263,1.82778e+16
20230101T000012.900000,6,1445,928.716,-538.216,-235.195,0,0,0,575.453,734.871,337.909,1417.63,-195.828,1846.44,1.85995e+20
20230101T000012.900000,6,1446,10316.2,-3653.32,-63.6505,0,0,0,21417.5,60279.4,1050.26,170287,-371.933,191634,1.3948e+16
20230101T000012.900000,6,1447,662.441,55.8493,-62.5332,0,0,0,74.1941,-53.3606,60.3331,702.617,5.08659,707.677,2.27695e+16
20230101T000012.900000,6,1448,1546.31,441.288,117.19,0,0,0,390.762,-1069.19,-285.479,3832.18,-81.4702,4137.65,1.11658e+16
20230101T000012.900000,6,1449,1448.99,872.099,-92.8812,0,0,0,1273.86,-1987.57,212.332,3379.97,127.796,4576.41,8.43922e+15
20230101T000012.900000,6,1450,5508.03,3103.14,-762.438,0,0,0,16161,-26922.7,6712.62,48780.7,3781.78,63949.5,1.40761e+16
20230101T000012.900000,6,1451,7613.92,4352.83,-1364.54,0,0,0,32607.8,-51716.9,16614.7,93504.2,9498.53,123072,1.12291e+16
20230101T000012.900000,6,1452,8903.81,1927.23,-1509.17,0,0,0,9483.29,-26689.1,21489.7,127010,4651.43,132789,1.1013e+16
20230101T000012.900000,6,1453,8569.37,7640.18,145.47,0,0,0,93450.2,-104706,-1993.93,117538,-1777.73,210890,1.27218e+16
20230101T000012.900000,6,1454,564.49,732.798,-78.108,0,0,0,886.49,-626.411,67.2714,555.846,87.3289,1369.48,1.92804e+16
20230101T000012.900000,6,1455,6542.99,7186.88,-1715.03,0,0,0,84803,-72864.2,17946.9,71104.3,19713,151141,1.24516e+16
20230101T000012.900000,3,1309,3282.99,-2673.59,376.705,0,0,0,2500,0,0,2500,0,2500,0
20230101T000012.900000,3,1310,159.635,-161.533,-20.232,0,0,0,2500,0,0,2500,0,2500,0
20230101T000012.900000,3,1311,928.716,-538.216,-235.195,0,0,0,2500,0,0,2500,0,2500,0
20230101T000012.900000,3,1312,10316.2,-3653.32,-63.6505,0,0,0,2500,0,0,2500,0,2500,0
20230101T000012.900000,3,1313,662.441,55.8493,-62.5332,0,0,0,2500,0,0,2500,0,2500,0
20230101T000012.900000,3,1314,1546.31,441.288,117.19,0,0,0,2500,0,0,2500,0,2500,0
20230101T000012.900000,3,1315,1448.99,872.099,-92.8812,0,0,0,2500,0,0,2500,0,2500,0
20230101T000012.900000,3,1316,5508.03,3103.14,-762.438,0,0,0,2500,0,0,2500,0,2500,0
20230101T000012.900000,3,1317,7613.92,4352.83,-1364.54,0,0,0,2500,0,0,2500,0,2500,0
20230101T000012.900000,3,1318,8903.81,1927.23,-1509.17,0,0,0,2500,0,0,2500,0,2500,0
20230101T000012.900000,3,1319,8569.37,7640.18,145.47,0,0,0,2500,0,0,2500,0,2500,0
20230101T000012.900000,3,1320,564.49,732.798,-78.108,0,0,0,2500,0,0,2500,0,2500,0
20230101T000012.900000,3,1321,6542.99,7186.88,-1715.03,0,0,0,2500,0,0,2500,0,2500,0
20230101T000013,6,1456,839.295,-677.841,-220.253,0,0,0,819.311,842.282,286.014,1181.96,-230.994,1864.78,5.06681e+19
20230101T000013,6,1457,222.708,-47.6808,10.6543,0,0,0,64.8726,3.88014,-0.875331,82.1653,0.187404,83.1358,1.24569e+16
20230101T000013,6,1458,9418.07,-1422.05,1951.72,0,0,0,9254.49,20519.9,-29397.9,142057,4438.82,145158,1.00679e+16
20230101T000013,6,1459,6452.69,-616.672,-1128.21,0,0,0,2688.16,6167.96,11637.2,66638.5,-1112.15,67229.8,1.54586e+16
20230101T000013,6,1460,3466.62,714.631,883.302,0,0,0,2072.38,-3705,-4884.59,19281.2,-1006.94,20048.8,2.11528e+16
20230101T000013,6,1461,334.057,127.944,-20.2298,0,0,0,82.3973,-46.8579,7.44351,186.796,2.85086,204.946,8.61475e+15
20230101T000013,6,1462,8549.06,4013.61,-170.372,0,0,0,25865,-54857.7,2329.38,116958,1093.6,142713,1.19928e+16
20230101T000013,6,1463,1985.81,2564.77,440.673,0,0,0,10664.9,-7968.22,-1394.92,6543.06,-1801.61,16835.6,1.14852e+16
20230101T000013,6,1464,2797.53,2888.38,-899.113,0,0,0,14004,-12251.7,4014.99,13220.7,4145.38,25873.3,1.36455e+16
20230101T000013,6,1465,7576.89,5770.12,-256.828,0,0,0,53378.1,-69869.6,3112.16,91917,2370.04,145126,2.40212e+16
20230101T000013,4,1306,346.78,112.864,-20.845,7.62822,15.6186,-0.0249008,63.6844,-8.2827,5.46253,143.208,0.5629,144.306,0
20230101T000013,4,1310,252.289,-73.7032,9.58076,9.17364,8.69607,2.95177,71.3381,8.6745,1.12493,71.1331,-1.1383,80.3821,0
20230101T000013,4,1311,884.244,-622.98,-226.956,-4.40311,-8.39244,0.815768,350.013,414.672,186.701,825.233,-108.199,1047.25,0
20230101T000013,3,1322,9418.08,-1422.05,1951.72,0,0,0,2500,0,0,2500,0,2500,0
20230101T000013,3,1323,6452.69,-616.672,-1128.21,0,0,0,2500,0,0,2500,0,2500,0
20230101T000013,3,1324,3466.62,714.631,883.302,0,0,0,2500,0,0,2500,0,2500,0
20230101T000013,3,1325,8549.06,4013.61,-170.372,0,0,0,2500,0,0,2500,0,2500,0
20230101T000013,3,1326,1985.81,2564.77,440.673,0,0,0,2500,0,0,2500,0,2500,0
20230101T000013,3,1327,2797.53,2888.38,-899.113,0,0,0,2500,0,0,2500,0,2500,0
20230101T000013,3,1328,7576.89,5770.12,-256.828,0,0,0,2500,0,0,2500,0,2500,0
20230101T000013.100000,6,1466,1934.72,-2174.51,466.584,0,0,0,7747.04,6527.33,-1437.69,6218.26,1615.87,13556.2,1.23838e+16
20230101T000013.100000,6,1467,8169.26,-6152.89,-95.1678,0,0,0,60622.9,80385.5,1243.44,106807,-936.532,167352,1.20527e+16
20230101T000013.100000,6,1468,3778.27,-2875.74,-474.098,0,0,0,13499.7,17180.7,2861,22995.7,-2177.59,36073.1,1.06721e+16
20230101T000013.100000,6,1469,1715.53,-759.531,485.848,0,0,0,1288.95,1922.78,-1319.37,4780.58,584.139,5635.9,1.56136e+16
20230101T000013.100000,6,1470,1817.14,-103.7,-119.684,0,0,0,103.568,296.571,343.789,5283.5,-19.6191,5300.7,1.04196e+16
20230101T000013.100000,6,1471,10588.6,2467.89,706.688,0,0,0,10563.1,-41619.7,-11968.5,179434,-2789.51,189134,1.1444e+16
20230101T000013.100000,6,1472,6793.31,8455.11,-89.3589,0,0,0,114412,-91863.6,970.938,73885.1,1208.45,188221,1.08443e+16
20230101T000013.100000,6,1473,707.522,841.129,-38.5695,0,0,0,1159.47,-919.527,42.2182,839.768,50.1906,1933.02,1.07744e+23
20230101T000013.100000,3,1329,1934.72,-2174.51,466.584,0,0,0,2500,0,0,2500,0,2500,0
20230101T000013.100000,3,1330,8169.26,-6152.89,-95.1678,0,0,0,2500,0,0,2500,0,2500,0
20230101T000013.100000,3,1331,3778.27,-2875.74,-474.098,0,0,0,2500,0,0,2500,0,2500,0
20230101T000013.100000,3,1332,1715.53,-759.531,485.848,0,0,0,2500,0,0,2500,0,2500,0
20230101T000013.100000,3,1333,1817.14,-103.7,-119.684,0,0,0,2500,0,0,2500,0,2500,0
20230101T000013.100000,3,1334,10588.6,2467.89,706.688,0,0,0,2500,0,0,2500,0,2500,0
20230101T000013.100000,3,1335,6793.31,8455.11,-89.3589,0,0,0,2500,0,0,2500,0,2500,0
20230101T000013.100000,3,1336,707.522,841.129,-38.5695,0,0,0,2500,0,0,2500,0,2500,0
20230101T000013.200000,6,1474,9542.97,-6218.9,-770.104,0,0,0,62590.3,94491.6,11754.9,146011,-7660.37,207589,1.1917e+16
20230101T000013.200000,6,1475,3757.03,-4185.84,695.9,0,0,0,28407.9,24745.6,-4178.01,23048.5,4654.88,50619.4,8.47386e+15
20230101T000013.200000,6,1476,10538.2,1059.58,-758.398,0,0,0,2770.42,-17767.7,12782.9,177696,1285.27,179483,9.80325e+15
20230101T000013.200000,6,1477,5500.13,-1096.94,1469.67,0,0,0,5306.55,8978.93,-12918,48536.7,2576.36,50331.6,1.95505e+16
20230101T000013.200000,6,1478,6952.62,2317.4,-21.5923,0,0,0,8650.84,-25759.8,240.019,77348.8,80.0014,85934.9,2.32432e+16
20230101T000013.200000,6,1479,839.683,709.928,-33.1016,0,0,0,844.708,-921.394,43.0018,1155.49,36.3568,1934.56,4.7351e+22
20230101T000013.200000,6,1480,84.6914,98.9135,-4.29693,0,0,0,42.7094,18.1951,-0.789783,48.381,-0.922411,27.2,1.93089e+16
20230101T000013.200000,6,1481,5600.24,6899.29,-829.305,0,0,0,76622.6,-61250.8,7427.16,50881.9,9149.99,126341,1.12691e+16
20230101T000013.200000,6,1482,2974.79,4236.79,1102.49,0,0,0,29383.1,-19222.3,-5240.01,15502.6,-7462.99,42882.4,1.15994e+16
20230101T000013.200000,4,1336,788.56,773.446,-35.479,8.02363,-6.70128,0.305997,667.559,-507.951,23.3091,490.955,27.7107,1094.32,0
20230101T000013.200000,3,1337,9542.97,-6218.9,-770.104,0,0,0,2500,0,0,2500,0,2500,0
20230101T000013.200000,3,1338,3757.03,-4185.84,695.9,0,0,0,2500,0,0,2500,0,2500,0
20230101T000013.200000,3,1339,10538.2,1059.58,-758.398,0,0,0,2500,0,0,2500,0,2500,0
20230101T000013.200000,3,1340,5500.13,-1096.94,1469.67,0,0,0,2500,0,0,2500,0,2500,0
20230101T000013.200000,3,1341,6952.62,2317.4,-21.5923,0,0,0,2500,0,0,2500,0,2500,0
20230101T000013.200000,3,1342,84.6914,98.9135,-4.29693,0,0,0,2500,0,0,2500,0,2500,0
20230101T000013.200000,3,1343,5600.24,6899.29,-829.305,0,0,0,2500,0,0,2500,0,2500,0
20230101T000013.200000,3,1344,2974.79,4236.79,1102.49,0,0,0,2500,0,0,2500,0,2500,0
20230101T000013.300000,6,1483,9114.97,-6511.49,-254.044,0,0,0,67949.9,94884.1,3703.78,132989,-2645.88,200771,1.07572e+16
20230101T000013.300000,6,1484,335.903,-229.748,-12.4941,0,0,0,128.186,93.566,5.0946,200.987,-3.48457,265.044,1.45619e+16
20230101T000013.300000,6,1485,5404.54,-6313.64,-1244.51,0,0,0,64853.8,53340.6,10755.6,48200.8,-12564.8,110515,1.16482e+16
20230101T000013.300000,6,1486,4766.39,-4858.18,-1505.37,0,0,0,39571.4,35206.5,11470.8,38228.1,-11691.8,74115.6,1.24287e+16
20230101T000013.300000,6,1487,3107.81,-1372.42,847.573,0,0,0,4025.9,6377.33,-4200.81,15651,1855.09,18471,1.72239e+16
20230101T000013.300000,6,1488,5134.6,-255.374,236.143,0,0,0,257.055,2090.39,-1937.07,42183,96.3419,42287.1,1.82656e+16
20230101T000013.300000,6,1489,953.792,546.732,-38.937,0,0,0,528.202,-805.724,57.4564,1471.96,32.9351,1933.9,6.98534e+22
20230101T000013.300000,6,1490,4477.97,2050.66,-760.249,0,0,0,7544.46,-14318.7,5438.22,32254.7,2490.4,38813.4,1.30337e+16
20230101T000013.300000,3,1345,9114.97,-6511.49,-254.044,0,0,0,2500,0,0,2500,0,2500,0
20230101T000013.300000,3,1346,335.903,-229.748,-12.4941,0,0,0,2500,0,0,2500,0,2500,0
20230101T000013.300000,3,1347,5404.54,-6313.64,-1244.51,0,0,0,2500,0,0,2500,0,2500,0
20230101T000013.300000,3,1348,4766.39,-4858.18,-1505.37,0,0,0,2500,0,0,2500,0,2500,0
20230101T000013.300000,3,1349,3107.81,-1372.42,847.573,0,0,0,2500,0,0,2500,0,2500,0
20230101T000013.300000,3,1350,5134.6,-255.374,236.143,0,0,0,2500,0,0,2500,0,2500,0
20230101T000013.300000,3,1351,953.792,546.732,-38.937,0,0,0,2500,0,0,2500,0,2500,0
20230101T000013.300000,3,1352,4477.97,2050.66,-760.249,0,0,0,2500,0,0,2500,0,2500,0
20230101T000013.400000,6,1491,8593.64,-8747.73,-127.6,0,0,0,122481,120235,1754.01,118207,-1785.46,240598,9.29235e+15
20230101T000013.400000,6,1492,6748.89,-3865.94,-329.413,0,0,0,24091.7,41642.9,3554.73,72934.8,-2036.24,96789,1.31266e+16
20230101T000013.400000,6,1493,8004.91,1171.87,1059.27,0,0,0,4016.48,-14742.8,-13558.9,102565,-1984.94,104724,1.55016e+16
20230101T000013.400000,6,1494,3741.78,2081.94,-845.396,0,0,0,7855.39,-11952.3,5050.64,22686.4,2810.19,29339.1,1.49362e+16
20230101T000013.400000,6,1495,7145.58,2094.76,959.326,0,0,0,8434.77,-23534.8,-10960.1,81816.4,-3213.01,88716.8,8.15136e+15
20230101T000013.400000,6,1496,1032.56,377.171,-35.8057,0,0,0,285.829,-601.856,57.1982,1713.64,20.8933,1933.56,9.21069e+22
20230101T000013.400000,6,1497,8021.76,8883.33,-152.974,0,0,0,126307,-113966,1962.84,103014,2173.66,229220,2.64288e+16
20230101T000013.400000,6,1498,5955.88,6326.01,-652.308,0,0,0,64379.3,-59911.6,6212.84,57150.7,6598.94,120786,7.92967e+15
20230101T000013.400000,6,1499,2948.41,3837.49,366.456,0,0,0,23665.5,-17968.7,-1725.81,14084.2,-2246.21,37471.6,1.24576e+16
20230101T000013.400000,4,1351,1006.4,454.697,-37.1616,5.2083,-9.11236,0.175785,318.794,-444.998,31.7156,840.027,18.18,1094.59,0
20230101T000013.400000,3,1353,8593.64,-8747.73,-127.6,0,0,0,2500,0,0,2500,0,2500,0
20230101T000013.400000,3,1354,6748.89,-3865.94,-329.413,0,0,0,2500,0,0,2500,0,2500,0
20230101T000013.400000,3,1355,8004.91,1171.87,1059.27,0,0,0,2500,0,0,2500,0,2500,0
20230101T000013.400000,3,1356,3741.78,2081.94,-845.396,0,0,0,2500,0,0,2500,0,2500,0
20230101T000013.400000,3,1357,7145.58,2094.76,959.326,0,0,0,2500,0,0,2500,0,2500,0
20230101T000013.400000,3,1358,8021.76,8883.33,-152.974,0,0,0,2500,0,0,2500,0,2500,0
20230101T000013.400000,3,1359,5955.88,6326.01,-652.308,0,0,0,2500,0,0,2500,0,2500,0
20230101T000013.400000,3,1360,2948.41,3837.49,366.456,0,0,0,2500,0,0,2500,0,2500,0
20230101T000013.500000,6,1500,7611.29,-6583.55,1527.09,0,0,0,71519.1,78297.8,-18589.8,94314.3,16079.6,162041,1.2667e+16
20230101T000013.500000,6,1501,7024.32,-1973.66,-484.743,0,0,0,6640.05,22067.3,5443.91,78977.8,-1529.61,85178.4,1.41332e+16
20230101T000013.500000,6,1502,6043.94,-2294.93,84.9616,0,0,0,8492.73,22167.6,-820.819,58456.3,311.671,66873.5,7.58392e+15
20230101T000013.500000,6,1503,11400.8,-1006.47,-1528.28,0,0,0,5391.29,18026.4,27869.6,207996,-2460.33,209589,9.19415e+15
20230101T000013.500000,6,1504,1082.13,193.761,-42.0078,0,0,0,124.727,-323.903,70.3289,1875.68,12.5928,1933.77,1.19043e+23
20230101T000013.500000,6,1505,5305.48,3351.87,368.287,0,0,0,18176.7,-28326.4,-3123.14,45117,-1973.12,63013.1,1.06982e+16
20230101T000013.500000,6,1506,102.231,147.029,-4.96461,0,0,0,55.4424,5.94346,-0.200064,59.8577,-0.287733,51.359,1.22267e+16
20230101T000013.500000,6,1507,3353.92,3356.79,-503.177,0,0,0,18262.9,-17779.3,2695.44,18232.5,2697.75,36027.7,1.20175e+16
20230101T000013.500000,4,1342,105.892,143.601,-5.19183,5.83502,12.2994,-0.246304,41.9344,17.6023,-0.764045,47.4212,-0.89235,26.9307,0
20230101T000013.500000,3,1361,7611.29,-6583.55,1527.09,0,0,0,2500,0,0,2500,0,2500,0
20230101T000013.500000,3,1362,7024.32,-1973.66,-484.743,0,0,0,2500,0,0,2500,0,2500,0
20230101T000013.500000,3,1363,6043.94,-2294.93,84.9616,0,0,0,2500,0,0,2500,0,2500,0
20230101T000013.500000,3,1364,11400.8,-1006.47,-1528.28,0,0,0,2500,0,0,2500,0,2500,0
20230101T000013.500000,3,1365,1082.13,193.761,-42.0078,0,0,0,2500,0,0,2500,0,2500,0
20230101T000013.500000,3,1366,5305.48,3351.87,368.287,0,0,0,2500,0,0,2500,0,2500,0
20230101T000013.500000,3,1367,3353.92,3356.79,-503.177,0,0,0,2500,0,0,2500,0,2500,0
20230101T000013.600000,6,1508,9786.95,-6138.32,-490.702,0,0,0,60608.6,95918.5,7681.66,153382,-4817.89,213542,1.1774e+16
20230101T000013.600000,6,1509,7911.39,-8414.56,1720.05,0,0,0,115538,104120,-21766.4,102690,23150.7,213433,9.84766e+15
20230101T000013.600000,6,1510,968.048,-606.53,-179.021,0,0,0,670.285,888.263,268.986,1531.45,-168.533,2089.53,3.71405e+16
20230101T000013.600000,6,1511,3012.81,-3044.74,-919.289,0,0,0,15531.9,13970.5,4422.19,15237.3,-4469.06,29358.7,1.76657e+16
20230101T000013.600000,6,1512,5099.53,-4480.7,-198.271,0,0,0,32194.3,36496.2,1616.34,41663.5,-1420.2,73731,6.22082e+15
20230101T000013.600000,6,1513,6873.57,-5820.16,1080.84,0,0,0,55324.2,63055.5,-11881,76400.3,10060.2,129793,1.13884e+16
20230101T000013.600000,6,1514,3866.64,-4648.88,-375.671,0,0,0,34697.7,28618.5,2321.6,24092.6,-2791.27,58500.9,1.55941e+16
20230101T000013.600000,6,1515,11777.9,-3042.61,-651.007,0,0,0,15507.5,57157,12264.6,221995,-3168.36,236761,1.85184e+16
20230101T000013.600000,6,1516,4895.3,-3210.57,823.289,0,0,0,17294.6,24620.6,-6441.02,38687.4,4224.32,54836,1.89797e+16
20230101T000013.600000,6,1517,1099.29,3.82997,-34.2672,0,0,0,65.8393,-6.50707,58.2781,1933.49,0.203044,1933.57,5.21219e+22
20230101T000013.600000,6,1518,5771.49,-320.697,-114.322,0,0,0,249.179,2956.74,1054.43,53296.4,-58.5901,53460.8,1.18987e+16
20230101T000013.600000,6,1519,7140.36,900.241,147.746,0,0,0,1394.04,-10272.6,-1686.63,81577.2,-212.646,82872.4,1.66211e+16
20230101T000013.600000,6,1520,3100.86,1427.03,703.477,0,0,0,3962.37,-6756.03,-3478.72,15533.6,-1600.93,18645.4,1.62383e+16
20230101T000013.600000,6,1521,8003.34,4573.19,40.3732,0,0,0,33512.7,-58532.5,-516.749,102502,-295.275,135948,1.53079e+16
20230101T000013.600000,6,1522,9196.77,3171.39,-458.618,0,0,0,16450.1,-46543,6745.64,135371,2326.15,151421,1.23053e+16
20230101T000013.600000,6,1523,5899.4,2288.31,550.186,0,0,0,8854.41,-21414.8,-5188.08,55756.3,-2012.4,64063.4,6.51792e+15
20230101T000013.600000,6,1524,2492.08,3641.88,-542.057,0,0,0,21391.4,-14272.9,2156.98,10299.8,3152.18,31159,1.3147e+16
20230101T000013.600000,6,1525,4642.19,4754.11,-15.794,0,0,0,36194,-35279,117.204,34512.9,120.029,70642.5,5.70133e+15
20230101T000013.600000,4,1365,1101.05,87.293,-37.6214,1.87337,-10.5414,0.434302,95.9571,-178.896,38.8189,1063.03,6.95074,1094.46,0
20230101T000013.600000,3,1368,9786.95,-6138.32,-490.702,0,0,0,2500,0,0,2500,0,2500,0
20230101T000013.600000,3,1369,7911.4,-8414.56,1720.05,0,0,0,2500,0,0,2500,0,2500,0
20230101T000013.600000,3,1370,968.048,-606.53,-179.021,0,0,0,2500,0,0,2500,0,2500,0
20230101T000013.600000,3,1371,3012.81,-3044.74,-919.289,0,0,0,2500,0,0,2500,0,2500,0
20230101T000013.600000,3,1372,5099.53,-4480.7,-198.271,0,0,0,2500,0,0,2500,0,2500,0
20230101T000013.600000,3,1373,6873.57,-5820.16,1080.84,0,0,0,2500,0,0,2500,0,2500,0
20230101T000013.600000,3,1374,3866.64,-4648.88,-375.671,0,0,0,2500,0,0,2500,0,2500,0
20230101T000013.600000,3,1375,11777.9,-3042.61,-651.007,0,0,0,2500,0,0,2500,0,2500,0
20230101T000013.600000,3,1376,4895.3,-3210.57,823.289,0,0,0,2500,0,0,2500,0,2500,0
20230101T000013.600000,3,1377,5771.49,-320.697,-114.322,0,0,0,2500,0,0,2500,0,2500,0
20230101T000013.600000,3,1378,7140.36,900.24,147.746,0,0,0,2500,0,0,2500,0,2500,0
20230101T000013.600000,3,1379,3100.86,1427.03,703.477,0,0,0,2500,0,0,2500,0,2500,0
20230101T000013.600000,3,1380,8003.34,4573.19,40.3732,0,0,0,2500,0,0,2500,0,2500,0
20230101T000013.600000,3,1381,9196.77,3171.39,-458.618,0,0,0,2500,0,0,2500,0,2500,0
20230101T000013.600000,3,1382,5899.4,2288.31,550.186,0,0,0,2500,0,0,2500,0,2500,0
20230101T000013.600000,3,1383,2492.08,3641.88,-542.057,0,0,0,2500,0,0,2500,0,2500,0
20230101T000013.600000,3,1384,4642.19,4754.11,-15.794,0,0,0,2500,0,0,2500,0,2500,0
20230101T000013.700000,6,1526,8838.45,-7069.78,-619.086,0,0,0,80383.8,99647.2,8752.09,125253,-7000.71,204960,1.38412e+16
20230101T000013.700000,6,1527,5153.44,-4618.19,-497.838,0,0,0,34379.5,37850.6,4101.52,42697.8,-3675.52,76617.4,1.03733e+16
20230101T000013.700000,6,1528,7098.37,-6384.25,1087.28,0,0,0,66294.4,71536.6,-12343.3,81493.2,11101.5,145834,1.37857e+16
20230101T000013.700000,6,1529,1976.24,-484.822,-60.7696,0,0,0,441.97,1516.84,190.298,6252.81,-46.6849,6624.99,1.62305e+16
20230101T000013.700000,6,1530,1082.84,-191.258,-34.4348,0,0,0,122.37,320.086,57.6881,1878.06,-10.1892,1934.66,7.02157e+22
20230101T000013.700000,6,1531,10148.5,1805.27,-1017.18,0,0,0,6880.53,-29017,16510.4,164840,2936.97,170003,1.04826e+16
20230101T000013.700000,6,1532,1083.71,-187.289,-33.5278,0,0,0,119.956,313.715,56.2142,1880.99,-9.71504,1935.27,6.95338e+22
20230101T000013.700000,6,1533,0.00014441,-1.24851e-05,-1.64819e-06,0,0,0,63.517,-5.49141,-0.724934,0.474764,0.0626748,0.00827385,1.65658e+16
20230101T000013.700000,6,1534,3142.64,651.929,-311.515,0,0,0,889.665,-3234.55,1560.34,15810.9,323.687,16482.5,1.33681e+16
20230101T000013.700000,6,1535,7612.33,3339.33,-838.139,0,0,0,18837.6,-40235.4,10202.5,92907.7,4475.56,110559,1.16376e+16
20230101T000013.700000,6,1536,4913.33,5709.21,-1762.79,0,0,0,54293.5,-42393.8,13848.6,41516.5,16091.9,90780.7,1.30354e+16
20230101T000013.700000,6,1537,6919.5,5582.19,-173.204,0,0,0,49925.1,-61746.8,1916.6,76651.3,1546.19,126465,7.37412e+15
20230101T000013.700000,6,1538,4386.7,5767.66,-697.862,0,0,0,53534.2,-40075.6,4894.4,31322.9,6435.19,84015,1.2261e+16
20230101T000013.700000,3,1385,8838.45,-7069.78,-619.086,0,0,0,2500,0,0,2500,0,2500,0
20230101T000013.700000,3,1386,5153.44,-4618.19,-497.838,0,0,0,2500,0,0,2500,0,2500,0
20230101T000013.700000,3,1387,7098.38,-6384.25,1087.28,0,0,0,2500,0,0,2500,0,2500,0
20230101T000013.700000,3,1388,1976.24,-484.822,-60.7696,0,0,0,2500,0,0,2500,0,2500,0
20230101T000013.700000,3,1389,1082.84,-191.258,-34.4348,0,0,0,2500,0,0,2500,0,2500,0
20230101T000013.700000,3,1390,10148.5,1805.27,-1017.18,0,0,0,2500,0,0,2500,0,2500,0
20230101T000013.700000,3,1391,1083.71,-187.289,-33.5278,0,0,0,2500,0,0,2500,0,2500,0
20230101T000013.700000,3,1392,0.00014441,-1.24851e-05,-1.64819e-06,0,0,0,2500,0,0,2500,0,2500,0
20230101T000013.700000,3,1393,3142.64,651.929,-311.515,0,0,0,2500,0,0,2500,0,2500,0
20230101T000013.700000,3,1394,7612.33,3339.33,-838.139,0,0,0,2500,0,0,2500,0,2500,0
20230101T000013.700000,3,1395,4913.33,5709.21,-1762.79,0,0,0,2500,0,0,2500,0,2500,0
20230101T000013.700000,3,1396,6919.5,5582.19,-173.204,0,0,0,2500,0,0,2500,0,2500,0
20230101T000013.700000,3,1397,4386.7,5767.66,-697.862,0,0,0,2500,0,0,2500,0,2500,0
20230101T000013.800000,6,1539,8825.43,-5458.89,-320.132,0,0,0,47844.1,76981.4,4518.81,124684,-2795.07,172300,5.18503e+16
20230101T000013.800000,6,1540,4883.64,-4787.24,-1652.68,0,0,0,38927.7,35191.7,12903.3,40331,-12648.6,74831.6,1.37134e+16
20230101T000013.800000,6,1541,3995.69,-3234.29,476.264,0,0,0,16994.6,20468.7,-3040.24,25713.7,2460.91,42282.5,1.28769e+16
20230101T000013.800000,6,1542,1037.87,-362.751,-48.0937,0,0,0,270.764,581.333,77.2261,1730.83,-26.9917,1934.14,2.29764e+21
20230101T000013.800000,6,1543,10342.3,-1148.58,1173.53,0,0,0,4349.86,18757.8,-19412.3,171170,2155.86,173254,1.17133e+16
20230101T000013.800000,6,1544,6216.97,-633.884,240.265,0,0,0,797.557,6289.58,-2387.51,61842.8,243.432,62484.1,8.2535e+15
20230101T000013.800000,6,1545,8111.25,-466.909,-181.777,0,0,0,465.257,6052.84,2357.67,105268,-135.715,105617,9.05189e+15
20230101T000013.800000,6,1546,8652.99,402.253,1610.22,0,0,0,4460.19,-5373.8,-22281.7,119808,-1035.81,120060,1.2607e+16
20230101T000013.800000,6,1547,4942,3131.62,-578.899,0,0,0,16119,-24491.2,4572.17,39249.1,2897.26,54769.2,1.27279e+16
20230101T000013.800000,6,1548,5286.7,2746.6,-191.163,0,0,0,12166.5,-23182.7,1615.18,44744.8,839.134,56789,7.16894e+15
20230101T000013.800000,6,1549,953.139,1227.44,-283.713,0,0,0,2482.33,-1779.48,425.734,1572.54,548.255,3866.2,3.02734e+16
20230101T000013.800000,6,1550,1948.67,1288.97,-343.183,0,0,0,2832.96,-3903.3,1062.33,6152.13,702.686,8735.36,1.09259e+16
20230101T000013.800000,6,1551,2114.82,2362.45,-178.6,0,0,0,8980.94,-7936.76,601.932,7219.67,672.415,16086,9.76603e+15
20230101T000013.800000,6,1552,3327.64,2299.03,867.795,0,0,0,9313.87,-11648.4,-4609.54,18126.2,-3184.68,26176.8,1.03555e+16
20230101T000013.800000,6,1553,4795.67,3399.85,89.7434,0,0,0,18545.6,-26051,-687.811,36823.2,-487.618,55291.9,1.32376e+16
20230101T000013.800000,4,1389,1065.46,-290.241,-42.1688,-1.72122,-9.80036,-0.765743,94.6494,176.751,31.8418,1064.14,-5.62409,1094.95,0
20230101T000013.800000,3,1398,8825.43,-5458.89,-320.132,0,0,0,2500,0,0,2500,0,2500,0
20230101T000013.800000,3,1399,4883.64,-4787.24,-1652.68,0,0,0,2500,0,0,2500,0,2500,0
20230101T000013.800000,3,1400,3995.69,-3234.29,476.264,0,0,0,2500,0,0,2500,0,2500,0
20230101T000013.800000,3,1401,10342.3,-1148.58,1173.53,0,0,0,2500,0,0,2500,0,2500,0
20230101T000013.800000,3,1402,6216.97,-633.884,240.265,0,0,0,2500,0,0,2500,0,2500,0
20230101T000013.800000,3,1403,8111.25,-466.909,-181.777,0,0,0,2500,0,0,2500,0,2500,0
20230101T000013.800000,3,1404,8652.99,402.253,1610.22,0,0,0,2500,0,0,2500,0,2500,0
20230101T000013.800000,3,1405,4942,3131.62,-578.899,0,0,0,2500,0,0,2500,0,2500,0
20230101T000013.800000,3,1406,5286.7,2746.6,-191.163,0,0,0,2500,0,0,2500,0,2500,0
20230101T000013.800000,3,1407,953.139,1227.44,-283.713,0,0,0,2500,0,0,2500,0,2500,0
20230101T000013.800000,3,1408,1948.67,1288.97,-343.183,0,0,0,2500,0,0,2500,0,2500,0
20230101T000013.800000,3,1409,2114.82,2362.45,-178.6,0,0,0,2500,0,0,2500,0,2500,0
20230101T000013.800000,3,1410,3327.64,2299.03,867.795,0,0,0,2500,0,0,2500,0,2500,0
20230101T000013.800000,3,1411,4795.67,3399.85,89.7434,0,0,0,2500,0,0,2500,0,2500,0
20230101T000013.900000,6,1554,4932.26,-4809.11,-56.4606,0,0,0,37039.5,37917.1,445.19,38957.2,-434.074,75927.6,1.01933e+16
20230101T000013.900000,6,1555,3064.51,-1471.48,603.432,0,0,0,3988.29,6963.47,-2948.83,15146.8,1415.94,18492.4,1.39457e+16
20230101T000013.900000,6,1556,961.496,-532.731,-39.4971,0,0,0,504.898,791.395,58.7531,1494.76,-32.553,1933.32,8.687e+20
20230101T000013.900000,6,1557,6529.04,-3889,-302.923,0,0,0,24354.4,40533.7,3162.28,68260.6,-1883.6,92404.5,1.13293e+16
20230101T000013.900000,6,1558,6826.48,-1848.53,-633.944,0,0,0,6125.53,20012.1,6918.68,74609.7,-1873.49,80029.2,1.11557e+16
20230101T000013.900000,6,1559,11454.9,1488.03,-1186.69,0,0,0,5820.86,-26976.4,21743,209981,2824.5,213486,1.2373e+16
20230101T000013.900000,6,1560,10023.4,-993.29,-707.47,0,0,0,2434.7,15845,11341.6,160758,-1123.92,162329,1.56282e+16
20230101T000013.900000,6,1561,4950.87,-355.656,922.691,0,0,0,1619.11,2715.52,-7297.52,39225,524.234,39422.2,3.66988e+16
20230101T000013.900000,6,1562,4858.57,2912.96,-765.487,0,0,0,14312.4,-22203.3,5943.39,38033.7,3563.36,51346.8,1.85655e+16
20230101T000013.900000,6,1563,2502.87,2496.64,472.536,0,0,0,10183.7,-9787.96,-1886.37,10232.5,-1881.67,19997.2,8.33363e+15
20230101T000013.900000,6,1564,6692.36,8971.15,801.697,0,0,0,129161,-95537.6,-8581.67,72361.8,-11503.8,200431,8.54867e+15
20230101T000013.900000,4,1370,950.547,-554.538,-93.9978,-4.81659,14.3099,23.401,397.71,491.504,147.23,874.219,-92.247,1171.21,0
20230101T000013.900000,4,1386,5112.42,-4594.26,-480.038,-7.89009,4.60261,3.42305,1161.65,1212.49,130.728,1428.11,-117.15,2502.46,0
20230101T000013.900000,3,1412,3064.51,-1471.48,603.432,0,0,0,2500,0,0,2500,0,2500,0
20230101T000013.900000,3,1413,6529.04,-3889,-302.923,0,0,0,2500,0,0,2500,0,2500,0
20230101T000013.900000,3,1414,6826.48,-1848.53,-633.944,0,0,0,2500,0,0,2500,0,2500,0
20230101T000013.900000,3,1415,11454.9,1488.03,-1186.69,0,0,0,2500,0,0,2500,0,2500,0
20230101T000013.900000,3,1416,10023.4,-993.29,-707.47,0,0,0,2500,0,0,2500,0,2500,0
20230101T000013.900000,3,1417,4950.87,-355.656,922.691,0,0,0,2500,0,0,2500,0,2500,0
20230101T000013.900000,3,1418,4858.57,2912.96,-765.487,0,0,0,2500,0,0,2500,0,2500,0
20230101T000013.900000,3,1419,2502.87,2496.64,472.536,0,0,0,2500,0,0,2500,0,2500,0
20230101T000013.900000,3,1420,6692.36,8971.15,801.697,0,0,0,2500,0,0,2500,0,2500,0
20230101T000014,6,1565,2508.51,-2465.27,67.4712,0,0,0,9760.31,9859.02,-269.928,10103.2,265.275,19792.3,2.83552e+16
20230101T000014,6,1566,842.636,-706.882,-27.0003,0,0,0,837.718,920.964,35.1994,1162.96,-29.5285,1935.59,1.25655e+21
20230101T000014,6,1567,4101.23,-4144.05,12.8321,0,0,0,27508.9,27161,-84.1046,26944.5,84.9828,54389.1,8.19941e+15
20230101T000014,6,1568,2326.37,-560.841,-69.9075,0,0,0,571.091,2071.21,258.393,8663.14,-62.2933,9162.52,9.86381e+15
20230101T000014,6,1569,9143.68,-4507.19,-1297.68,0,0,0,34722,64846.2,18977.8,134310,-9354.71,166276,1.11146e+16
20230101T000014,6,1570,11307.8,-4239.59,-2996,0,0,0,41403,71963.6,54190.9,206362,-20317.6,233347,1.21571e+16
20230101T000014,6,1571,10622.6,-4765.24,214.541,0,0,0,36446.5,80939.6,-3645.31,180568,1635.26,216877,1.00885e+16
20230101T000014,6,1572,12225.5,1224.5,1495.82,0,0,0,6005.88,-23590.9,-29251.7,239175,-2929.84,241539,1.16483e+16
20230101T000014,6,1573,10723.7,-147.454,931.325,0,0,0,1485.82,2510.04,-15974,183995,219.648,184030,1.06012e+16
20230101T000014,6,1574,2489.08,1007.9,430.933,0,0,0,1934.25,-3888.92,-1706.92,9963.51,-691.18,11539.8,1.20638e+16
20230101T000014,6,1575,185.372,59.1887,18.0903,0,0,0,63.6617,0.982066,0.253785,60.8995,0.0810326,61.1343,1.84334e+16
20230101T000014,6,1576,506.806,121.19,7.78095,0,0,0,84.1159,-83.777,-5.38026,414.429,-1.28656,434.477,1.405e+16
20230101T000014,6,1577,1757.22,1180.07,45.2825,0,0,0,2274.44,-3286.7,-126.178,4961.44,-84.7354,7168.66,1.09428e+16
20230101T000014,6,1578,3274.67,2314.03,321.61,0,0,0,8720.38,-12016.3,-1680.9,17233.8,-1187.8,25725.5,9.89582e+15
20230101T000014,6,1579,3314.66,4341.4,330.215,0,0,0,30244.2,-22909.5,-1748.94,17729.6,-2290.69,47735.8,1.20449e+16
20230101T000014,6,1580,3649.93,4791.73,-473.6,0,0,0,36892.3,-27779.5,2762.74,21582.5,3627,58052.7,8.98004e+15
20230101T000014,3,1421,2508.51,-2465.27,67.4712,0,0,0,2500,0,0,2500,0,2500,0
20230101T000014,3,1422,842.636,-706.882,-27.0003,0,0,0,2500,0,0,2500,0,2500,0
20230101T000014,3,1423,4101.23,-4144.05,12.8321,0,0,0,2500,0,0,2500,0,2500,0
20230101T000014,3,1424,2326.37,-560.841,-69.9075,0,0,0,2500,0,0,2500,0,2500,0
20230101T000014,3,1425,9143.68,-4507.19,-1297.68,0,0,0,2500,0,0,2500,0,2500,0
20230101T000014,3,1426,11307.8,-4239.59,-2996,0,0,0,2500,0,0,2500,0,2500,0
20230101T000014,3,1427,10622.6,-4765.24,214.541,0,0,0,2500,0,0,2500,0,2500,0
20230101T000014,3,1428,12225.5,1224.5,1495.82,0,0,0,2500,0,0,2500,0,2500,0
20230101T000014,3,1429,10723.7,-147.454,931.325,0,0,0,2500,0,0,2500,0,2500,0
20230101T000014,3,1430,2489.08,1007.9,430.933,0,0,0,2500,0,0,2500,0,2500,0
20230101T000014,3,1431,185.372,59.1887,18.0903,0,0,0,2500,0,0,2500,0,2500,0
20230101T000014,3,1432,506.806,121.19,7.78095,0,0,0,2500,0,0,2500,0,2500,0
20230101T000014,3,1433,1757.22,1180.07,45.2825,0,0,0,2500,0,0,2500,0,2500,0
20230101T000014,3,1434,3274.67,2314.03,321.61,0,0,0,2500,0,0,2500,0,2500,0
20230101T000014,3,1435,3314.66,4341.41,330.215,0,0,0,2500,0,0,2500,0,2500,0
20230101T000014,3,1436,3649.93,4791.73,-473.6,0,0,0,2500,0,0,2500,0,2500,0
20230101T000014.100000,6,1581,2978.56,-2371.66,-808.586,0,0,0,9677.3,10763,3843.3,14624.6,-3060.2,23197.3,8.06461e+15
20230101T000014.100000,6,1582,2567.58,-3585.54,-174.556,0,0,0,20607.9,14676.5,715.628,10622.4,-999.349,31117.8,9.79379e+15
20230101T000014.100000,6,1583,3286.88,-656.107,-146.231,0,0,0,783.096,3431.65,766.296,17289.5,-152.964,17974.6,1.51385e+16
20230101T000014.100000,6,1584,10076.1,854.458,-163.987,0,0,0,1274.4,-13766.4,2642.72,162445,224.104,163613,1.79207e+16
20230101T000014.100000,6,1585,8833.51,847.757,-176.932,0,0,0,1262.93,-11971,2499.42,124851,239.87,125999,1.26352e+16
20230101T000014.100000,6,1586,6007.22,-1478.42,-1287.2,0,0,0,6054.6,13580.5,12359.5,57893.6,-3041.78,61238.5,1.3839e+16
20230101T000014.100000,6,1587,3038.27,838.397,-219.885,0,0,0,1255.72,-4039.47,1064.63,14779.7,293.779,15894.7,1.19432e+16
20230101T000014.100000,6,1588,2980.98,2012.9,-127.498,0,0,0,6544.62,-9558.97,606.231,14246.1,409.357,20700.9,7.28836e+15
20230101T000014.100000,6,1589,9271.1,5239.27,203.239,0,0,0,44018.5,-77662.4,-3013.74,137557,-1703.12,181445,1.32086e+16
20230101T000014.100000,6,1590,5961.3,8444.07,-2285.11,0,0,0,116883,-76575.1,21787.8,62475.9,30862,170946,3.82932e+16
20230101T000014.100000,6,1591,8473.62,6271.02,-1522.08,0,0,0,65356.6,-83218.7,20628.8,116217,15266.6,177806,1.35477e+16
20230101T000014.100000,6,1592,704.719,831.678,148.724,0,0,0,1147.75,-889.315,-162.152,851.778,-191.365,1902.48,1.04677e+22
20230101T000014.100000,6,1593,4914.68,6383.87,284.514,0,0,0,65278,-50106,-2235.9,38768,-2904.3,103853,8.79549e+15
20230101T000014.100000,6,1594,6018.49,6630.25,-1105.42,0,0,0,71248,-62842.2,10639.5,59062.1,11720.9,128293,8.41519e+15
20230101T000014.100000,3,1437,2978.56,-2371.66,-808.586,0,0,0,2500,0,0,2500,0,2500,0
20230101T000014.100000,3,1438,2567.58,-3585.54,-174.556,0,0,0,2500,0,0,2500,0,2500,0
20230101T000014.100000,3,1439,3286.88,-656.107,-146.231,0,0,0,2500,0,0,2500,0,2500,0
20230101T000014.100000,3,1440,10076.1,854.458,-163.987,0,0,0,2500,0,0,2500,0,2500,0
20230101T000014.100000,3,1441,8833.51,847.757,-176.932,0,0,0,2500,0,0,2500,0,2500,0
20230101T000014.100000,3,1442,6007.22,-1478.42,-1287.2,0,0,0,2500,0,0,2500,0,2500,0
20230101T000014.100000,3,1443,3038.27,838.397,-219.885,0,0,0,2500,0,0,2500,0,2500,0
20230101T000014.100000,3,1444,2980.98,2012.9,-127.498,0,0,0,2500,0,0,2500,0,2500,0
20230101T000014.100000,3,1445,9271.1,5239.27,203.239,0,0,0,2500,0,0,2500,0,2500,0
20230101T000014.100000,3,1446,5961.3,8444.07,-2285.11,0,0,0,2500,0,0,2500,0,2500,0
20230101T000014.100000,3,1447,8473.62,6271.02,-1522.08,0,0,0,2500,0,0,2500,0,2500,0
20230101T000014.100000,3,1448,704.719,831.678,148.724,0,0,0,2500,0,0,2500,0,2500,0
20230101T000014.100000,3,1449,4914.68,6383.87,284.515,0,0,0,2500,0,0,2500,0,2500,0
20230101T000014.100000,3,1450,6018.49,6630.25,-1105.42,0,0,0,2500,0,0,2500,0,2500,0
20230101T000014.200000,6,1595,8936.25,-8365.59,-1323.18,0,0,0,113500,118182,18913.8,129108,-17706,239744,7.60925e+15
20230101T000014.200000,6,1596,8083.95,-5724.72,2119.4,0,0,0,57263.3,70626.9,-27402.3,106981,19405.2,156999,1.74474e+16
20230101T000014.200000,6,1597,7199.42,-5545.25,51.3791,0,0,0,49242.6,63843.2,-591.553,82956,455.636,132130,7.04899e+15
20230101T000014.200000,6,1598,9886.17,-4568.6,315.747,0,0,0,33579.5,72180.4,-4992.76,156418,2307.25,189774,1.45594e+16
20230101T000014.200000,6,1599,2858.15,-572.157,-44.0527,0,0,0,588.288,2603.59,200.507,13073,-40.1383,13594.3,1.79344e+16
20230101T000014.200000,6,1600,4006.72,355.328,39.1438,0,0,0,267.939,-2272.07,-250.321,25686.7,-22.1992,25888.2,8.6028e+15
20230101T000014.200000,6,1601,4098.28,193.624,100.138,0,0,0,139.812,-1265.86,-655.07,26873.6,-30.9489,26933.4,9.3582e+15
20230101T000014.200000,6,1602,5251.87,392.167,-672.288,0,0,0,1027.84,-3237,5641.22,44135.9,421.24,44378.6,1.44313e+16
20230101T000014.200000,6,1603,9443.2,73.5888,212.381,0,0,0,144.793,-1110.8,-3207.45,142678,-24.995,142687,9.91012e+15
20230101T000014.200000,6,1604,7173.9,3713.43,724.207,0,0,0,22775.3,-42255.2,-8307.57,82534.5,-4300.26,104408,1.31404e+16
20230101T000014.200000,6,1605,836.767,695.084,160.656,0,0,0,834.522,-879.513,-207.975,1162.72,-172.76,1894.68,4.62833e+22
20230101T000014.200000,4,1448,786.62,760.31,155.453,8.109,-7.06608,0.66621,665.3,-494.846,-89.498,500.611,-105.621,1077.14,0
20230101T000014.200000,3,1451,8936.25,-8365.59,-1323.18,0,0,0,2500,0,0,2500,0,2500,0
20230101T000014.200000,3,1452,8083.95,-5724.72,2119.4,0,0,0,2500,0,0,2500,0,2500,0
20230101T000014.200000,3,1453,7199.42,-5545.25,51.3791,0,0,0,2500,0,0,2500,0,2500,0
20230101T000014.200000,3,1454,9886.17,-4568.6,315.747,0,0,0,2500,0,0,2500,0,2500,0
20230101T000014.200000,3,1455,2858.15,-572.157,-44.0527,0,0,0,2500,0,0,2500,0,2500,0
20230101T000014.200000,3,1456,4006.72,355.328,39.1438,0,0,0,2500,0,0,2500,0,2500,0
20230101T000014.200000,3,1457,4098.28,193.624,100.138,0,0,0,2500,0,0,2500,0,2500,0
20230101T000014.200000,3,1458,5251.87,392.167,-672.288,0,0,0,2500,0,0,2500,0,2500,0
20230101T000014.200000,3,1459,9443.2,73.5888,212.381,0,0,0,2500,0,0,2500,0,2500,0
20230101T000014.200000,3,1460,7173.9,3713.43,724.207,0,0,0,2500,0,0,2500,0,2500,0
20230101T000014.300000,6,1606,1875.05,-2330.24,-362.974,0,0,0,8795.7,6857.16,1084.15,5791.55,-1347.35,14314.3,2.08644e+16
20230101T000014.300000,6,1607,9565.2,-323.185,-324.628,0,0,0,399.392,4938.27,4966.04,146389,-167.79,146556,1.34996e+16
20230101T000014.300000,6,1608,3276.55,1319.84,-108.643,0,0,0,2858.42,-6890.53,567.735,17188.8,228.691,19964.5,8.67802e+15
20230101T000014.300000,6,1609,942.472,542.928,164.971,0,0,0,551.3,-772.817,-240.547,1447.64,-138.571,1894.28,3.80745e+22
20230101T000014.300000,6,1610,4606.01,1642.43,-342.827,0,0,0,4539.47,-12024.4,2522.3,33972.9,899.412,38260.9,9.20389e+15
20230101T000014.300000,6,1611,3201.02,3602,133.318,0,0,0,20799.8,-18402.2,-681.629,16446,-767.015,37153.5,6.80033e+15
20230101T000014.300000,6,1612,4246.16,3942,213.138,0,0,0,24936.3,-26713.2,-1446.31,28911,-1342.7,53710.8,1.72867e+16
20230101T000014.300000,3,1461,1875.05,-2330.24,-362.974,0,0,0,2500,0,0,2500,0,2500,0
20230101T000014.300000,3,1462,9565.2,-323.185,-324.628,0,0,0,2500,0,0,2500,0,2500,0
20230101T000014.300000,3,1463,3276.55,1319.84,-108.643,0,0,0,2500,0,0,2500,0,2500,0
20230101T000014.300000,3,1464,942.472,542.928,164.971,0,0,0,2500,0,0,2500,0,2500,0
20230101T000014.300000,3,1465,4606.01,1642.43,-342.827,0,0,0,2500,0,0,2500,0,2500,0
20230101T000014.300000,3,1466,3201.02,3602,133.318,0,0,0,2500,0,0,2500,0,2500,0
20230101T000014.300000,3,1467,4246.16,3942,213.138,0,0,0,2500,0,0,2500,0,2500,0
20230101T000014.400000,6,1613,532.951,-865.44,231.026,0,0,0,1238.59,672.678,-189.747,560.497,308.124,1655.98,3.10473e+16
20230101T000014.400000,6,1614,10242.5,-2628.92,-2556.04,0,0,0,20922,40551,41874.3,168504,-10747.8,178916,1.1555e+16
20230101T000014.400000,6,1615,11016.7,330.433,-1374.28,0,0,0,3256.79,-5732.02,24216.3,194192,726.337,194365,2.12838e+16
20230101T000014.400000,6,1616,5250.74,-270.148,-168.187,0,0,0,225.674,2263.96,1410.93,44112.7,-72.5917,44229.3,1.16544e+16
20230101T000014.400000,6,1617,7025.47,636.552,-810.83,0,0,0,1754.32,-7055.11,9107.1,78980.5,825.162,79620.6,1.15846e+16
20230101T000014.400000,6,1618,1023.5,374.979,150.468,0,0,0,312.284,-582.077,-238.267,1687.8,-87.2936,1902.25,4.64634e+22
20230101T000014.400000,6,1619,9277.46,6774.34,-488.846,0,0,0,73717.8,-100345,7254.2,137869,5296.98,211141,1.82269e+16
20230101T000014.400000,6,1620,3160.24,2040.08,63.7784,0,0,0,6708.84,-10283.3,-321.577,16000.1,-207.593,22638.5,9.54444e+15
20230101T000014.400000,6,1621,9099.28,8460.87,-165.475,0,0,0,114596,-123127,2408.5,132525,2239.52,247013,1.78333e+16
20230101T000014.400000,6,1622,5786.21,4752.71,234.343,0,0,0,36231.9,-43925.8,-2167.98,53629.5,-1780.75,89709.6,7.93368e+15
20230101T000014.400000,6,1623,7020.05,6797.14,-42.5488,0,0,0,73956.3,-76312.6,477.712,78882.1,462.543,152772,9.53557e+15
20230101T000014.400000,4,1464,996.969,451.316,156.789,5.39573,-9.07045,-0.810153,333.876,-430.881,-132.777,833.629,-76.4883,1072.69,0
20230101T000014.400000,3,1468,532.951,-865.44,231.026,0,0,0,2500,0,0,2500,0,2500,0
20230101T000014.400000,3,1469,10242.5,-2628.92,-2556.04,0,0,0,2500,0,0,2500,0,2500,0
20230101T000014.400000,3,1470,11016.7,330.433,-1374.28,0,0,0,2500,0,0,2500,0,2500,0
20230101T000014.400000,3,1471,5250.74,-270.148,-168.187,0,0,0,2500,0,0,2500,0,2500,0
20230101T000014.400000,3,1472,7025.47,636.552,-810.83,0,0,0,2500,0,0,2500,0,2500,0
20230101T000014.400000,3,1473,9277.46,6774.34,-488.846,0,0,0,2500,0,0,2500,0,2500,0
20230101T000014.400000,3,1474,3160.24,2040.08,63.7784,0,0,0,2500,0,0,2500,0,2500,0
20230101T000014.400000,3,1475,9099.28,8460.87,-165.475,0,0,0,2500,0,0,2500,0,2500,0
20230101T000014.400000,3,1476,5786.21,4752.71,234.343,0,0,0,2500,0,0,2500,0,2500,0
20230101T000014.400000,3,1477,7020.05,6797.14,-42.5488,0,0,0,2500,0,0,2500,0,2500,0
20230101T000014.500000,6,1624,7218.32,-5365.33,-716.51,0,0,0,46628.9,61542.2,8271.13,83681.7,-6147.88,129426,6.85234e+15
20230101T000014.500000,6,1625,3159.03,-3683.69,68.763,0,0,0,21741.6,18583.7,-346.969,16008.4,404.595,37678.5,9.93255e+15
20230101T000014.500000,6,1626,3975.78,-4866.24,-177.824,0,0,0,37934.2,30899.2,1130.04,25359.6,-1383.13,63179.4,1.39351e+16
20230101T000014.500000,6,1627,3307.41,-1419.59,8.38822,0,0,0,3278.52,7489.03,-44.2522,17512.3,18.9937,20726.7,8.75552e+15
20230101T000014.500000,6,1628,171.523,-84.6736,-40.0511,0,0,0,62.8333,-2.1176,-0.519774,59.589,0.25659,61.2315,1.10126e+16
20230101T000014.500000,6,1629,2677.36,185.749,610.397,0,0,0,709.045,-750.343,-2601,11472.3,-180.451,11527.5,1.11508e+16
20230101T000014.500000,6,1630,1072.86,181.276,163.922,0,0,0,155.22,-293.831,-272.088,1844.56,-45.9737,1895.63,1.26435e+22
20230101T000014.500000,6,1631,128.971,-15.2792,-10.3954,0,0,0,63.2564,-4.29684,-2.90966,27.4961,0.344708,27.3945,9.63114e+15
20230101T000014.500000,6,1632,4705.69,-309.426,828.55,0,0,0,1308.67,2253.72,-6227.35,35434.6,409.484,35584.7,1.19534e+16
20230101T000014.500000,6,1633,6385.44,437.041,13.1188,0,0,0,369.583,-4460.74,-133.9,65238.5,-9.16459,65543.8,9.22547e+15
20230101T000014.500000,6,1634,6426.07,199.694,-944.026,0,0,0,1550.91,-2006.98,9697,66072.4,301.34,66136.1,1.24492e+16
20230101T000014.500000,6,1635,7397.86,4991.05,108.635,0,0,0,39913.9,-59038.5,-1285.22,87591.2,-867.092,127422,1.11354e+16
20230101T000014.500000,6,1636,8616.06,4236.8,375.228,0,0,0,28953.6,-58292.7,-5170.54,118835,-2542.52,147499,1.82559e+16
20230101T000014.500000,6,1637,8520.71,6042.3,1717.32,0,0,0,61596.3,-80119.6,-23404.1,117764,-16596.5,174581,1.05719e+16
20230101T000014.500000,4,1453,7150.99,-5503.98,35.3835,-13.3307,11.3607,-4.40249,1033.47,1260.47,-11.6788,1699.08,8.9954,2669.86,0
20230101T000014.500000,3,1478,3159.03,-3683.69,68.763,0,0,0,2500,0,0,2500,0,2500,0
20230101T000014.500000,3,1479,3975.78,-4866.24,-177.824,0,0,0,2500,0,0,2500,0,2500,0
20230101T000014.500000,3,1480,3307.41,-1419.59,8.38822,0,0,0,2500,0,0,2500,0,2500,0
20230101T000014.500000,3,1481,171.523,-84.6736,-40.0511,0,0,0,2500,0,0,2500,0,2500,0
20230101T000014.500000,3,1482,2677.36,185.749,610.397,0,0,0,2500,0,0,2500,0,2500,0
20230101T000014.500000,3,1483,1072.86,181.276,163.922,0,0,0,2500,0,0,2500,0,2500,0
20230101T000014.500000,3,1484,128.971,-15.2792,-10.3954,0,0,0,2500,0,0,2500,0,2500,0
20230101T000014.500000,3,1485,4705.69,-309.426,828.55,0,0,0,2500,0,0,2500,0,2500,0
20230101T000014.500000,3,1486,6385.44,437.041,13.1188,0,0,0,2500,0,0,2500,0,2500,0
20230101T000014.500000,3,1487,6426.07,199.694,-944.026,0,0,0,2500,0,0,2500,0,2500,0
20230101T000014.500000,3,1488,7397.86,4991.05,108.635,0,0,0,2500,0,0,2500,0,2500,0
20230101T000014.500000,3,1489,8616.06,4236.8,375.228,0,0,0,2500,0,0,2500,0,2500,0
20230101T000014.500000,3,1490,8520.71,6042.3,1717.32,0,0,0,2500,0,0,2500,0,2500,0
20230101T000014.600000,6,1638,6090.4,-8886.7,-1107.42,0,0,0,127005,85653.2,10787.8,60727,-15740.8,185707,1.34768e+16
20230101T000014.600000,6,1639,7490.54,-7619.15,-2214.42,0,0,0,96768.6,87361.4,26530.6,93794,-26986.1,182658,1.24343e+16
20230101T000014.600000,6,1640,5751.52,-4020.52,-504.395,0,0,0,26179.5,36777.5,4637.9,53082.4,-3242.06,78791.5,1.07947e+16
20230101T000014.600000,6,1641,3748.31,-4800.11,94.2976,0,0,0,36895.3,28749.8,-564.922,22528.4,723.441,59345.4,1.38596e+16
20230101T000014.600000,6,1642,3069.88,-3839.11,-999.107,0,0,0,24228.9,18047.9,4899.62,16090.3,-6127.33,38663.1,1.81334e+16
20230101T000014.600000,6,1643,9040.37,-4466.61,-2144.13,0,0,0,37882.6,61662.2,31002.2,132220,-15317.4,162689,1.60865e+16
20230101T000014.600000,6,1644,7274.19,-2133.99,-359.46,0,0,0,7535.42,24763.8,4180.75,84683.7,-1226.48,91948.6,9.20745e+15
20230101T000014.600000,6,1645,1890.64,195.397,134.447,0,0,0,152.713,-581.613,-402.226,5720.22,-41.57,5780.65,1.33769e+16
20230101T000014.600000,6,1646,10410.7,1826.62,-1173.8,0,0,0,7538.43,-30040.4,19545.2,173481,3429.31,178753,1.29496e+16
20230101T000014.600000,6,1647,1089.24,2.50243,149.615,0,0,0,98.6396,-4.13459,-252.117,1898.3,-0.579218,1899.49,1.72494e+22
20230101T000014.600000,6,1648,7704.77,1581.36,108.717,0,0,0,4080.65,-19478.1,-1339.36,94985,-274.895,98982.8,3.26268e+16
20230101T000014.600000,6,1649,6949.06,8114.83,1181.47,0,0,0,106332,-89090,-13131.6,78588,-15334.6,182624,1.03403e+16
20230101T000014.600000,6,1650,465.363,353.48,-47.2496,0,0,0,242.502,-230.847,31.0873,371.071,23.6132,546.833,1.17731e+16
20230101T000014.600000,6,1651,5678.94,7815.62,-1935.89,0,0,0,99827.6,-68134.4,17582.9,55565.3,24198.3,149337,1.25321e+16
20230101T000014.600000,4,1483,1090.31,80.1388,155.774,1.72855,-10.0136,-0.806779,113.033,-163.772,-150.159,1054.62,-25.3718,1073.25,0
20230101T000014.600000,3,1491,6090.4,-8886.7,-1107.42,0,0,0,2500,0,0,2500,0,2500,0
20230101T000014.600000,3,1492,7490.54,-7619.15,-2214.42,0,0,0,2500,0,0,2500,0,2500,0
20230101T000014.600000,3,1493,5751.52,-4020.52,-504.395,0,0,0,2500,0,0,2500,0,2500,0
20230101T000014.600000,3,1494,3748.31,-4800.11,94.2976,0,0,0,2500,0,0,2500,0,2500,0
20230101T000014.600000,3,1495,3069.88,-3839.11,-999.107,0,0,0,2500,0,0,2500,0,2500,0
20230101T000014.600000,3,1496,9040.37,-4466.61,-2144.13,0,0,0,2500,0,0,2500,0,2500,0
20230101T000014.600000,3,1497,7274.19,-2133.99,-359.46,0,0,0,2500,0,0,2500,0,2500,0
20230101T000014.600000,3,1498,1890.64,195.397,134.447,0,0,0,2500,0,0,2500,0,2500,0
20230101T000014.600000,3,1499,10410.7,1826.62,-1173.8,0,0,0,2500,0,0,2500,0,2500,0
20230101T000014.600000,3,1500,7704.77,1581.36,108.717,0,0,0,2500,0,0,2500,0,2500,0
20230101T000014.600000,3,1501,6949.06,8114.83,1181.47,0,0,0,2500,0,0,2500,0,2500,0
20230101T000014.600000,3,1502,465.363,353.48,-47.2496,0,0,0,2500,0,0,2500,0,2500,0
20230101T000014.600000,3,1503,5678.94,7815.62,-1935.89,0,0,0,2500,0,0,2500,0,2500,0
20230101T000014.700000,6,1652,5971.97,-5206.31,-1197.23,0,0,0,44707.6,48580.1,11432.6,58080.5,-9966.83,100434,1.02835e+16
20230101T000014.700000,6,1653,4533.76,-3714.19,-155.089,0,0,0,22133.6,26892.6,1123.71,32929.1,-920.578,54960.4,1.0953e+16
20230101T000014.700000,6,1654,4025.9,615.802,624.718,0,0,0,1278,-3863.97,-4014.6,25948.2,-614.074,26540.8,1.2321e+16
20230101T000014.700000,6,1655,1075.22,-184.343,141.686,0,0,0,146.715,301.304,-235.694,1852.49,40.4087,1905.2,1.89674e+22
20230101T000014.700000,6,1656,7100.33,754.752,-604.02,0,0,0,1551.5,-8506.34,6856.65,80670.8,728.848,81575.4,1.04336e+16
20230101T000014.700000,6,1657,2760.24,1200.49,-340.505,0,0,0,2515.01,-5210.84,1497.24,12229.8,651.183,14496.9,3.23912e+16
20230101T000014.700000,6,1658,1661.05,1209.78,235.134,0,0,0,2440.78,-3143.05,-619.068,4467.11,-450.879,6757.09,1.09468e+16
20230101T000014.700000,6,1659,2905.79,3064.48,-483.071,0,0,0,15232.3,-14029.6,2240.95,13739.6,2363.33,28536.2,1.51333e+16
20230101T000014.700000,6,1660,8797.96,6982.43,1104.34,0,0,0,79243.1,-97308.9,-15540.6,124625,-12333.7,201854,8.18873e+15
20230101T000014.700000,6,1661,6619.03,9931.77,2356.07,0,0,0,160575,-101055,-24945.1,76291.2,-37429.8,227925,1.8969e+16
20230101T000014.700000,6,1662,151.553,94.2322,-15.6687,0,0,0,60.2935,5.80542,-0.936023,54.5664,-0.581998,51.4463,1.15213e+16
20230101T000014.700000,6,1663,4659.61,3660.93,167.227,0,0,0,21511.1,-27240.8,-1245.32,34780.6,-978.416,56183.1,1.21888e+16
20230101T000014.700000,4,1472,7088.91,645.943,-811.172,17.4607,2.58465,-0.0941478,116.76,-228.153,290.748,2614.15,26.3436,2602.41,0
20230101T000014.700000,4,1484,186.29,65.1968,-15.19,11.023,15.4762,-0.922054,61.7442,-4.15054,-2.8104,27.2015,0.332948,27.1057,0
20230101T000014.700000,3,1504,5971.97,-5206.31,-1197.23,0,0,0,2500,0,0,2500,0,2500,0
20230101T000014.700000,3,1505,4533.76,-3714.19,-155.089,0,0,0,2500,0,0,2500,0,2500,0
20230101T000014.700000,3,1506,4025.9,615.802,624.718,0,0,0,2500,0,0,2500,0,2500,0
20230101T000014.700000,3,1507,1075.22,-184.343,141.686,0,0,0,2500,0,0,2500,0,2500,0
20230101T000014.700000,3,1508,2760.24,1200.49,-340.505,0,0,0,2500,0,0,2500,0,2500,0
20230101T000014.700000,3,1509,1661.05,1209.78,235.134,0,0,0,2500,0,0,2500,0,2500,0
20230101T000014.700000,3,1510,2905.79,3064.48,-483.072,0,0,0,2500,0,0,2500,0,2500,0
20230101T000014.700000,3,1511,8797.96,6982.43,1104.34,0,0,0,2500,0,0,2500,0,2500,0
20230101T000014.700000,3,1512,6619.03,9931.77,2356.07,0,0,0,2500,0,0,2500,0,2500,0
20230101T000014.700000,3,1513,4659.61,3660.93,167.227,0,0,0,2500,0,0,2500,0,2500,0
20230101T000014.800000,6,1664,2993.91,-2155.35,-241.183,0,0,0,7536.14,10250.3,1151.95,14395.1,-829.301,21774.7,8.41209e+15
20230101T000014.800000,6,1665,9593.99,-7667.74,-1398.95,0,0,0,96020.2,116145,21468.8,148516,-17158.4,241343,1.29229e+16
20230101T000014.800000,6,1666,4438.93,-3778.4,114.03,0,0,0,22891.2,26793.4,-808.921,31562.1,688.551,54368.6,1.14759e+16
20230101T000014.800000,6,1667,2901.47,-1314.15,-384.603,0,0,0,3011.91,5988.09,1778.52,13520.7,-805.539,16233.8,7.14742e+15
20230101T000014.800000,6,1668,1026.08,-366.545,148.874,0,0,0,302.134,570.633,-236.328,1695.68,84.4228,1900.7,6.89873e+21
20230101T000014.800000,6,1669,6886.27,-1844.46,-541.582,0,0,0,5940.52,20189.2,5962.5,75908.8,-1597.03,81316.8,1.16846e+16
20230101T000014.800000,6,1670,1768.01,376.637,-15.3844,0,0,0,288.549,-1052.32,42.9869,5004.15,9.15748,5228.33,1.9719e+16
20230101T000014.800000,6,1671,8035.02,-191.892,-357.995,0,0,0,327.693,2460.55,4599.55,103299,-109.846,103357,9.1073e+15
20230101T000014.800000,6,1672,7268.9,-310.321,-1222.75,0,0,0,2604.05,3504.51,14210.4,84543.4,-606.666,84694.8,1.21671e+16
20230101T000014.800000,6,1673,9086.2,-276.373,-494.942,0,0,0,577.548,4004.03,7191.95,132095,-218.756,132217,8.4483e+15
20230101T000014.800000,6,1674,9274.02,5902.47,15.3398,0,0,0,55788.5,-87554.3,-227.544,137631,-144.821,193355,7.76066e+15
20230101T000014.800000,6,1675,960.457,397.029,79.2929,0,0,0,315.146,-584.11,-117.365,1486.72,-48.5159,1728.54,2.3728e+16
20230101T000014.800000,4,1505,4506.36,-3698.02,-142.411,-2.71242,1.6016,1.25527,1007.85,1152.04,48.1059,1470.31,-39.4098,2412.52,0
20230101T000014.800000,4,1507,1056.14,-290.424,145.738,-1.88933,-10.5031,0.401231,108.287,167.544,-130.101,1056.8,22.3053,1078.75,0
20230101T000014.800000,3,1514,2993.91,-2155.35,-241.183,0,0,0,2500,0,0,2500,0,2500,0
20230101T000014.800000,3,1515,9593.99,-7667.74,-1398.95,0,0,0,2500,0,0,2500,0,2500,0
20230101T000014.800000,3,1516,2901.47,-1314.15,-384.603,0,0,0,2500,0,0,2500,0,2500,0
20230101T000014.800000,3,1517,6886.27,-1844.46,-541.582,0,0,0,2500,0,0,2500,0,2500,0
20230101T000014.800000,3,1518,1768.01,376.637,-15.3844,0,0,0,2500,0,0,2500,0,2500,0
20230101T000014.800000,3,1519,8035.02,-191.892,-357.995,0,0,0,2500,0,0,2500,0,2500,0
20230101T000014.800000,3,1520,7268.9,-310.32,-1222.75,0,0,0,2500,0,0,2500,0,2500,0
20230101T000014.800000,3,1521,9086.2,-276.373,-494.942,0,0,0,2500,0,0,2500,0,2500,0
20230101T000014.800000,3,1522,9274.02,5902.47,15.3398,0,0,0,2500,0,0,2500,0,2500,0
20230101T000014.800000,3,1523,960.457,397.029,79.2929,0,0,0,2500,0,0,2500,0,2500,0
20230101T000014.900000,6,1676,1940.16,-463.001,-184.69,0,0,0,454.664,1410.63,567.613,6029.14,-135.455,6366.32,1.41605e+16
20230101T000014.900000,6,1677,11098.2,-4120.86,481.868,0,0,0,27553,73032.4,-8554.14,197124,3176.23,224242,3.7882e+16
20230101T000014.900000,6,1678,7525.2,-2510.96,-2042.76,0,0,0,16149.6,28210.2,24580.8,91280.7,-8201.97,100698,2.27324e+16
20230101T000014.900000,6,1679,4239.03,-2342.38,-856.866,0,0,0,9726.26,15363.5,5802.04,29040.3,-3206.05,37531.7,1.22795e+16
20230101T000014.900000,6,1680,948.272,-534.715,161.874,0,0,0,536.792,766.562,-237.49,1463.97,133.917,1897.61,8.41124e+19
20230101T000014.900000,6,1681,3875.63,451.01,661.674,0,0,0,1077.98,-2709.15,-4092.57,24043.1,-476.256,24360.1,1.42909e+16
20230101T000014.900000,6,1682,7667.85,3774.81,-1518.17,0,0,0,25817,-44825.6,18615.9,94804.9,9164.42,116874,1.3968e+16
20230101T000014.900000,6,1683,8177.26,9342.22,-515.74,0,0,0,139856,-121987,6746,107265,7707.05,246632,9.9608e+15
20230101T000014.900000,3,1524,1940.16,-463.001,-184.69,0,0,0,2500,0,0,2500,0,2500,0
20230101T000014.900000,3,1525,11098.2,-4120.86,481.868,0,0,0,2500,0,0,2500,0,2500,0
20230101T000014.900000,3,1526,7525.2,-2510.96,-2042.76,0,0,0,2500,0,0,2500,0,2500,0
20230101T000014.900000,3,1527,4239.03,-2342.38,-856.866,0,0,0,2500,0,0,2500,0,2500,0
20230101T000014.900000,3,1528,948.272,-534.715,161.874,0,0,0,2500,0,0,2500,0,2500,0
20230101T000014.900000,3,1529,3875.63,451.01,661.674,0,0,0,2500,0,0,2500,0,2500,0
20230101T000014.900000,3,1530,7667.85,3774.81,-1518.17,0,0,0,2500,0,0,2500,0,2500,0
20230101T000014.900000,3,1531,8177.26,9342.22,-515.74,0,0,0,2500,0,0,2500,0,2500,0
20230101T000015,6,1684,839.843,-693.552,151.4,0,0,0,828.757,883.126,-196.713,1168.87,162.448,1899.37,3.04941e+21
20230101T000015,6,1685,13.6934,-8.74815,-1.09495,0,0,0,45.3684,-28.7141,-3.59386,18.7667,2.29597,0.711753,1.42709e+16
20230101T000015,6,1686,2063.72,-894.571,255.655,0,0,0,1421.63,2892.62,-837.572,6840.87,363.066,8095.56,3.1258e+16
20230101T000015,6,1687,2565.75,-819.835,-231.447,0,0,0,1210.82,3322.32,944.937,10546.7,-301.936,11608.8,1.36561e+16
20230101T000015,6,1688,2950.96,-1764.07,-744.73,0,0,0,5677.89,7911.37,3504.91,14182.8,-2095.21,18915,1.3155e+16
20230101T000015,6,1689,3563.47,121.329,-491.16,0,0,0,471.823,-676.501,2791.72,20317.8,95.0528,20342,1.48908e+16
20230101T000015,6,1690,5907.23,-1184.83,105.862,0,0,0,2324.86,11182.7,-999.459,55835.8,200.464,58078.8,1.04482e+16
20230101T000015,6,1691,8818.82,175.119,337.434,0,0,0,295.055,-2466.07,-4758.78,124434,-94.4974,124484,1.20977e+16
20230101T000015,6,1692,9354.9,1004.65,627.427,0,0,0,2300.57,-14963.7,-9387,140031,-1008.09,141638,1.746e+16
20230101T000015,6,1693,2198.95,1057.43,-119.203,0,0,0,1859.39,-3686.57,416.585,7752.86,200.328,9525.82,1.3106e+16
20230101T000015,6,1694,1096.88,1228.2,319.76,0,0,0,2513.51,-2043.58,-553.203,2050.34,-619.435,4340.91,9.73763e+15
20230101T000015,4,1528,894.234,-630.468,155.89,-5.35029,-9.48053,-0.59241,325.598,427.059,-131.037,842.139,73.8899,1074.13,0
20230101T000015,3,1532,13.6934,-8.74815,-1.09495,0,0,0,2500,0,0,2500,0,2500,0
20230101T000015,3,1533,2063.72,-894.571,255.655,0,0,0,2500,0,0,2500,0,2500,0
20230101T000015,3,1534,2565.75,-819.835,-231.447,0,0,0,2500,0,0,2500,0,2500,0
20230101T000015,3,1535,2950.96,-1764.07,-744.73,0,0,0,2500,0,0,2500,0,2500,0
20230101T000015,3,1536,3563.47,121.329,-491.16,0,0,0,2500,0,0,2500,0,2500,0
20230101T000015,3,1537,5907.23,-1184.83,105.862,0,0,0,2500,0,0,2500,0,2500,0
20230101T000015,3,1538,8818.82,175.119,337.434,0,0,0,2500,0,0,2500,0,2500,0
20230101T000015,3,1539,9354.9,1004.65,627.427,0,0,0,2500,0,0,2500,0,2500,0
20230101T000015,3,1540,2198.95,1057.43,-119.203,0,0,0,2500,0,0,2500,0,2500,0
20230101T000015,3,1541,1096.88,1228.2,319.76,0,0,0,2500,0,0,2500,0,2500,0
20230101T000015.100000,6,1695,3153.29,-2748.85,137.787,0,0,0,12143.5,13822,-693.584,15949.9,604.625,27999.1,7.82536e+15
20230101T000015.100000,6,1696,8529.29,-8002.82,-566.985,0,0,0,102780,108925,7735.31,116669,-7257.84,218870,1.06678e+16
20230101T000015.100000,6,1697,5704.63,-8428.52,596.438,0,0,0,113863,76636.8,-5441.84,52502.7,8040.25,165733,1.22843e+16
20230101T000015.100000,6,1698,4940.36,-5778.4,-217.83,0,0,0,53482.9,45606.7,1720.66,39132.2,-2012.54,92475.3,1.42348e+16
20230101T000015.100000,6,1699,2297.48,-473.592,-271.671,0,0,0,532.717,1705.07,991.493,8452.88,-204.381,8805.2,1.27912e+16
20230101T000015.100000,6,1700,2463.26,-1355.16,-184.477,0,0,0,3029.07,5291.09,723.4,9735.72,-397.978,12646.9,3.18248e+16
20230101T000015.100000,6,1701,9272.29,611.259,-2102.48,0,0,0,7700.49,-8600.2,31177.9,137592,2055.35,138162,1.18335e+16
20230101T000015.100000,6,1702,6629.2,3386.84,-295.702,0,0,0,18514.7,-35840.7,3134.17,70356.3,1601.24,88667.3,4.15453e+16
20230101T000015.100000,6,1703,7466.25,2750.77,-794.407,0,0,0,13051.7,-32512.6,9484.05,89320.1,3494.19,101299,9.27135e+15
20230101T000015.100000,6,1704,6180.51,2026.78,-361.674,0,0,0,6819.09,-19961.6,3573.16,61144.5,1171.75,67690.7,7.54512e+15
20230101T000015.100000,6,1705,2634.28,2355.84,12.1749,0,0,0,8915.69,-9897.6,-51.1512,11131.6,-45.7446,19983.1,3.36733e+16
20230101T000015.100000,6,1706,828.889,965.893,-267,0,0,0,1567.09,-1194.32,345.726,1200.28,402.87,2594.71,1.09155e+22
20230101T000015.100000,6,1707,7386.78,7660.31,446.927,0,0,0,94073.3,-90344.4,-5280.29,87501.9,-5475.82,181192,1.41325e+16
20230101T000015.100000,6,1708,6269.66,4769.72,919.929,0,0,0,37298,-47164.3,-9222.36,63413.3,-7016.02,99295,1.06971e+16
20230101T000015.100000,3,1542,3153.29,-2748.85,137.787,0,0,0,2500,0,0,2500,0,2500,0
20230101T000015.100000,3,1543,8529.29,-8002.82,-566.985,0,0,0,2500,0,0,2500,0,2500,0
20230101T000015.100000,3,1544,5704.64,-8428.52,596.438,0,0,0,2500,0,0,2500,0,2500,0
20230101T000015.100000,3,1545,4940.36,-5778.4,-217.83,0,0,0,2500,0,0,2500,0,2500,0
20230101T000015.100000,3,1546,2297.48,-473.592,-271.671,0,0,0,2500,0,0,2500,0,2500,0
20230101T000015.100000,3,1547,2463.26,-1355.16,-184.477,0,0,0,2500,0,0,2500,0,2500,0
20230101T000015.100000,3,1548,9272.29,611.259,-2102.48,0,0,0,2500,0,0,2500,0,2500,0
20230101T000015.100000,3,1549,6629.2,3386.84,-295.702,0,0,0,2500,0,0,2500,0,2500,0
20230101T000015.100000,3,1550,7466.25,2750.77,-794.407,0,0,0,2500,0,0,2500,0,2500,0
20230101T000015.100000,3,1551,6180.51,2026.78,-361.674,0,0,0,2500,0,0,2500,0,2500,0
20230101T000015.100000,3,1552,2634.28,2355.84,12.1749,0,0,0,2500,0,0,2500,0,2500,0
20230101T000015.100000,3,1553,828.889,965.893,-267,0,0,0,2500,0,0,2500,0,2500,0
20230101T000015.100000,3,1554,7386.78,7660.31,446.927,0,0,0,2500,0,0,2500,0,2500,0
20230101T000015.100000,3,1555,6269.66,4769.72,919.929,0,0,0,2500,0,0,2500,0,2500,0
20230101T000015.200000,6,1709,11038.2,203.26,1816.34,0,0,0,5405.16,-3491.49,-32068.3,194948,-590.516,195014,1.80755e+16
20230101T000015.200000,6,1710,6505.75,4320.03,-1475.24,0,0,0,32319.7,-43334.9,15346.3,68804,10190.5,97582.1,2.25234e+16
20230101T000015.200000,6,1711,5956,1827.38,305.911,0,0,0,5538.13,-17354.3,-2912.22,56776.6,-893.508,62101.3,7.88707e+15
20230101T000015.200000,6,1712,6633.61,1871.94,-1327.05,0,0,0,8273.7,-19115.8,14073.6,70620,3971.43,76016.6,3.4887e+16
20230101T000015.200000,6,1713,4488.62,2202.02,-37.2981,0,0,0,7811.6,-15788.3,267.439,32249.2,131.2,39994.5,1.09481e+16
20230101T000015.200000,6,1714,1681.46,1518.02,-258.639,0,0,0,3780.81,-3999.32,690.471,4600.1,623.359,8211.52,1.69769e+16
20230101T000015.200000,6,1715,982.937,814.74,-249.42,0,0,0,1157.62,-1202.15,382.99,1611.51,317.454,2610.3,1.04542e+21
20230101T000015.200000,6,1716,264.829,363.193,-76.8046,0,0,0,235.917,-119.798,26.2839,158.976,36.0465,325.085,1.7854e+16
20230101T000015.200000,3,1556,11038.2,203.26,1816.34,0,0,0,2500,0,0,2500,0,2500,0
20230101T000015.200000,3,1557,6505.75,4320.03,-1475.24,0,0,0,2500,0,0,2500,0,2500,0
20230101T000015.200000,3,1558,5956,1827.38,305.911,0,0,0,2500,0,0,2500,0,2500,0
20230101T000015.200000,3,1559,6633.61,1871.94,-1327.05,0,0,0,2500,0,0,2500,0,2500,0
20230101T000015.200000,3,1560,4488.62,2202.02,-37.2981,0,0,0,2500,0,0,2500,0,2500,0
20230101T000015.200000,3,1561,1681.46,1518.02,-258.639,0,0,0,2500,0,0,2500,0,2500,0
20230101T000015.200000,3,1562,982.937,814.74,-249.42,0,0,0,2500,0,0,2500,0,2500,0
20230101T000015.200000,3,1563,264.829,363.193,-76.8046,0,0,0,2500,0,0,2500,0,2500,0
20230101T000015.300000,6,1717,7792.84,-8047.75,2516.52,0,0,0,108559,95249.7,-31367.8,102426,32393.9,200795,1.30875e+16
20230101T000015.300000,6,1718,9646.7,-7078.03,-358.179,0,0,0,80332.7,109119,5526.85,148988,-4055.19,229052,1.25231e+16
20230101T000015.300000,6,1719,12098.8,2325.11,-1187.85,0,0,0,10888.1,-44579.6,22988.6,234293,4417.86,242861,9.07331e+15
20230101T000015.300000,6,1720,8629.56,737.522,232.858,0,0,0,1019.92,-10170.4,-3213.43,119152,-274.635,120021,7.34582e+15
20230101T000015.300000,6,1721,6208.25,836.318,-829.162,0,0,0,2261.27,-8153.45,8227.98,61688.5,1108.4,62788,1.75078e+16
20230101T000015.300000,6,1722,1911.94,888.689,419.686,0,0,0,1546,-2587.34,-1272.75,5909.84,-591.588,7114.9,1.34655e+16
20230101T000015.300000,6,1723,1100.36,637.189,-268.989,0,0,0,782.188,-1045.05,462.362,1981.72,267.741,2589.63,1.99331e+21
20230101T000015.300000,6,1724,1133.46,743.423,-184.582,0,0,0,966.335,-1294.41,327.592,2090.88,214.863,2941.03,1.13588e+17
20230101T000015.300000,6,1725,9443.9,3077.66,-1154.45,0,0,0,17139.9,-45857.3,17437.1,142910,5682.54,157856,9.38953e+15
20230101T000015.300000,6,1726,2731.49,2055.27,-107.748,0,0,0,6811.28,-8942.67,469.289,11967.5,353.109,18696.3,1.65056e+16
20230101T000015.300000,6,1727,115.96,110.102,-30.8892,0,0,0,52.6454,11.1418,-2.91198,51.4897,-2.76486,43.2131,1.93553e+16
20230101T000015.300000,6,1728,3885.52,5724.56,701.369,0,0,0,52701.1,-35193.4,-4356.69,24737.8,-6418.73,76589.2,8.16469e+15
20230101T000015.300000,4,1532,145.607,-67.4193,-12.7304,36.3066,-16.1481,-3.20244,44.3301,-28.0508,-3.51084,18.3429,2.24293,0.705049,0
20230101T000015.300000,4,1562,1082.52,806.24,-226.501,9.85937,-0.841581,2.26925,586.57,-577.178,180.248,804.488,149.405,1260.79,0
20230101T000015.300000,3,1564,7792.84,-8047.75,2516.52,0,0,0,2500,0,0,2500,0,2500,0
20230101T000015.300000,3,1565,9646.7,-7078.03,-358.179,0,0,0,2500,0,0,2500,0,2500,0
20230101T000015.300000,3,1566,12098.8,2325.11,-1187.85,0,0,0,2500,0,0,2500,0,2500,0
20230101T000015.300000,3,1567,8629.56,737.522,232.858,0,0,0,2500,0,0,2500,0,2500,0
20230101T000015.300000,3,1568,6208.25,836.318,-829.162,0,0,0,2500,0,0,2500,0,2500,0
20230101T000015.300000,3,1569,1911.94,888.689,419.686,0,0,0,2500,0,0,2500,0,2500,0
20230101T000015.300000,3,1570,1100.36,637.189,-268.989,0,0,0,2500,0,0,2500,0,2500,0
20230101T000015.300000,3,1571,9443.9,3077.66,-1154.45,0,0,0,2500,0,0,2500,0,2500,0
20230101T000015.300000,3,1572,2731.49,2055.27,-107.748,0,0,0,2500,0,0,2500,0,2500,0
20230101T000015.300000,3,1573,3885.52,5724.56,701.369,0,0,0,2500,0,0,2500,0,2500,0
20230101T000015.400000,6,1729,4279.99,-5818.96,1499.88,0,0,0,55461.7,38100.9,-10263.6,31684.9,13954.1,83488.5,2.65432e+16
20230101T000015.400000,6,1730,4751.65,-4894.94,161.157,0,0,0,38387.9,37161.8,-1224.17,36179.4,1261.09,74461.9,1.03851e+16
20230101T000015.400000,6,1731,4103.17,-2698.51,-745.26,0,0,0,12315.2,17279.2,4884.75,27224.8,-3212.53,38590.1,3.05598e+16
20230101T000015.400000,6,1732,3192.44,-2042.27,191.598,0,0,0,6760.35,10376.1,-975.948,16342.3,624.333,22980.2,1.0472e+16
20230101T000015.400000,6,1733,3118.39,-582.665,-147.044,0,0,0,638.334,2889.39,730.757,15562.3,-136.54,16102.3,1.21688e+16
20230101T000015.400000,6,1734,9741.15,-1900.61,-436.985,0,0,0,6135.57,29553.2,6808.02,151838,-1328.32,157604,1.17815e+16
20230101T000015.400000,6,1735,1197.66,426.276,-267.043,0,0,0,446.411,-761.449,499.594,2314.76,177.817,2588.48,2.13165e+21
20230101T000015.400000,6,1736,11449.8,4452.66,815.933,0,0,0,32702.5,-81190.1,-14943.7,209906,-5811.38,241480,1.78575e+16
20230101T000015.400000,6,1737,434.638,184.206,-14.8462,0,0,0,108.791,-105.002,8.47298,312.045,3.59097,356.61,1.48851e+16
20230101T000015.400000,6,1738,7653.03,3941.48,-825.403,0,0,0,25768.1,-47793.3,10101.5,93952.1,5202.51,118567,9.59301e+15
20230101T000015.400000,6,1739,5626.06,2183.15,297.198,0,0,0,7804.13,-19582.8,-2672.36,50670.9,-1036.99,58270,9.67467e+15
20230101T000015.400000,6,1740,4907.7,1304.14,-180.445,0,0,0,2829.63,-10211.8,1414.72,38544.5,375.939,41258.2,7.60728e+15
20230101T000015.400000,6,1741,2712.64,2033.54,450.678,0,0,0,6864.76,-8639.85,-1949.35,11913,-1461.34,18391,1.20132e+16
20230101T000015.400000,6,1742,1120.97,723.308,-302.902,0,0,0,983.696,-1202.68,531.657,2071.55,343.054,2850.72,6.76335e+16
20230101T000015.400000,6,1743,6146.72,9287.77,214.828,0,0,0,138062,-91279.5,-2112.1,60547.4,-3191.4,198472,9.74033e+15
20230101T000015.400000,6,1744,3758.05,4731.49,-1411.23,0,0,0,37075.3,-26868.5,8476.73,24587.8,10672.4,58419.3,1.70121e+16
20230101T000015.400000,6,1745,4432,5567.16,124.225,0,0,0,49623.7,-39434.6,-880.205,31482.4,-1105.65,81017.5,1.39303e+16
20230101T000015.400000,4,1570,1139.98,695.072,-291.87,3.92272,5.73098,-2.26548,407.492,-503.963,217.804,985.953,126.124,1252.16,0
20230101T000015.400000,3,1574,4279.99,-5818.96,1499.88,0,0,0,2500,0,0,2500,0,2500,0
20230101T000015.400000,3,1575,4751.65,-4894.94,161.157,0,0,0,2500,0,0,2500,0,2500,0
20230101T000015.400000,3,1576,4103.17,-2698.51,-745.26,0,0,0,2500,0,0,2500,0,2500,0
20230101T000015.400000,3,1577,3192.44,-2042.27,191.598,0,0,0,2500,0,0,2500,0,2500,0
20230101T000015.400000,3,1578,3118.39,-582.665,-147.044,0,0,0,2500,0,0,2500,0,2500,0
20230101T000015.400000,3,1579,9741.15,-1900.61,-436.985,0,0,0,2500,0,0,2500,0,2500,0
20230101T000015.400000,3,1580,1197.66,426.276,-267.043,0,0,0,2500,0,0,2500,0,2500,0
20230101T000015.400000,3,1581,11449.8,4452.66,815.932,0,0,0,2500,0,0,2500,0,2500,0
20230101T000015.400000,3,1582,434.638,184.206,-14.8462,0,0,0,2500,0,0,2500,0,2500,0
20230101T000015.400000,3,1583,7653.03,3941.48,-825.403,0,0,0,2500,0,0,2500,0,2500,0
20230101T000015.400000,3,1584,5626.06,2183.15,297.198,0,0,0,2500,0,0,2500,0,2500,0
20230101T000015.400000,3,1585,4907.7,1304.14,-180.445,0,0,0,2500,0,0,2500,0,2500,0
20230101T000015.400000,3,1586,2712.64,2033.54,450.678,0,0,0,2500,0,0,2500,0,2500,0
20230101T000015.400000,3,1587,6146.72,9287.77,214.828,0,0,0,2500,0,0,2500,0,2500,0
20230101T000015.400000,3,1588,3758.05,4731.49,-1411.23,0,0,0,2500,0,0,2500,0,2500,0
20230101T000015.400000,3,1589,4432,5567.16,124.225,0,0,0,2500,0,0,2500,0,2500,0
20230101T000015.500000,6,1746,1449.83,-1574.37,426.484,0,0,0,4127.63,3476.41,-981.014,3553.97,1065.29,7331.47,1.74265e+16
20230101T000015.500000,6,1747,7213.56,-7240.77,1215.03,0,0,0,85094.1,82358.2,-14018.2,84474,14071.1,167144,9.72874e+15
20230101T000015.500000,6,1748,7521.71,-5550.7,1237.26,0,0,0,50922.8,65600.9,-14883.4,91407.4,10983.3,139819,1.19585e+16
20230101T000015.500000,6,1749,10595.2,-5621.86,1599.46,0,0,0,53811.5,93582.8,-27107.1,180526,14383.1,230183,9.74107e+15
20230101T000015.500000,6,1750,1253.82,229.644,-250.662,0,0,0,241.263,-431.956,490.938,2520.56,89.9179,2602.06,2.45504e+20
20230101T000015.500000,6,1751,9608.61,-270.681,492.26,0,0,0,568.416,4148.68,-7564.63,147721,213.101,147838,1.04128e+16
20230101T000015.500000,6,1752,9601.73,-1170.71,-141.492,0,0,0,2287.53,17973.9,2172.78,147511,-264.922,149702,1.08737e+16
20230101T000015.500000,6,1753,1257.26,211.802,-248.041,0,0,0,227.463,-399.835,487.132,2533.53,82.064,2603.22,2.29359e+20
20230101T000015.500000,6,1754,4107.07,1669.44,-335.392,0,0,0,4668.31,-10885.4,2199.51,27023.4,894.053,31448.5,1.14663e+16
20230101T000015.500000,6,1755,5340.66,2109.79,1009.68,0,0,0,8586.58,-17449.7,-8617.59,45864.9,-3404.32,52760.2,2.11656e+16
20230101T000015.500000,6,1756,3568.91,2756.35,-128.651,0,0,0,12212.6,-15695.7,733.187,20413.1,566.257,32535.3,1.62706e+16
20230101T000015.500000,6,1757,3281.78,3301.79,-572.374,0,0,0,17734.8,-17043.6,2999.98,17527.5,3018.28,34676,1.97937e+16
20230101T000015.500000,6,1758,12.2353,10.4363,-2.57278,0,0,0,36.3023,30.6119,-7.5452,26.5249,-6.43585,2.01096,8.71735e+15
20230101T000015.500000,6,1759,6464.3,5595.71,2128.3,0,0,0,54276.6,-54259.6,-22001.4,69989.7,-19045.1,116962,1.2737e+16
20230101T000015.500000,4,1580,1233.17,331.715,-259.146,3.51493,-9.36246,0.781879,245.639,-367.268,235.468,1146.79,83.8083,1252.25,0
20230101T000015.500000,3,1590,1449.83,-1574.37,426.484,0,0,0,2500,0,0,2500,0,2500,0
20230101T000015.500000,3,1591,7213.56,-7240.77,1215.03,0,0,0,2500,0,0,2500,0,2500,0
20230101T000015.500000,3,1592,7521.71,-5550.7,1237.26,0,0,0,2500,0,0,2500,0,2500,0
20230101T000015.500000,3,1593,10595.2,-5621.86,1599.46,0,0,0,2500,0,0,2500,0,2500,0
20230101T000015.500000,3,1594,9608.61,-270.681,492.26,0,0,0,2500,0,0,2500,0,2500,0
20230101T000015.500000,3,1595,9601.73,-1170.71,-141.492,0,0,0,2500,0,0,2500,0,2500,0
20230101T000015.500000,3,1596,1257.26,211.802,-248.041,0,0,0,2500,0,0,2500,0,2500,0
20230101T000015.500000,3,1597,4107.07,1669.44,-335.392,0,0,0,2500,0,0,2500,0,2500,0
20230101T000015.500000,3,1598,5340.66,2109.79,1009.68,0,0,0,2500,0,0,2500,0,2500,0
20230101T000015.500000,3,1599,3568.91,2756.35,-128.651,0,0,0,2500,0,0,2500,0,2500,0
20230101T000015.500000,3,1600,3281.78,3301.79,-572.374,0,0,0,2500,0,0,2500,0,2500,0
20230101T000015.500000,3,1601,12.2353,10.4363,-2.57278,0,0,0,2500,0,0,2500,0,2500,0
20230101T000015.500000,3,1602,6464.3,5595.71,2128.3,0,0,0,2500,0,0,2500,0,2500,0
20230101T000015.600000,6,1760,1348.22,-1813.83,-406.726,0,0,0,5380.21,3756.31,870.716,3118.75,-1171.42,8174.3,1.50782e+16
20230101T000015.600000,6,1761,1275.83,-0.746114,-250.728,0,0,0,162.204,1.4282,499.707,2604.37,-0.292233,2606.75,2.56395e+21
20230101T000015.600000,6,1762,4529.46,652.557,867.851,0,0,0,1922.41,-4550.37,-6277.84,32851.4,-904.446,33509.2,1.31593e+16
20230101T000015.600000,6,1763,7273.23,3346.82,603.068,0,0,0,18454.7,-38702.3,-7013.64,84752.5,-3227.37,102562,8.94561e+15
20230101T000015.600000,6,1764,7066.55,1606.62,74.5328,0,0,0,4199.25,-18149.4,-842.062,79901.3,-191.447,84027.7,1.22462e+16
20230101T000015.600000,6,1765,5042.81,2065.1,886.732,0,0,0,7954.21,-16199.2,-7145.2,40877.6,-2926.06,47513,1.39252e+16
20230101T000015.600000,6,1766,2802.47,2118.1,-185.851,0,0,0,7253.96,-9440.18,830.653,12609.4,627.806,19744.5,1.09282e+16
20230101T000015.600000,6,1767,1804.48,1152.33,-193.421,0,0,0,2212.21,-3271.03,553.605,5245.56,353.53,7334.94,1.0093e+16
20230101T000015.600000,6,1768,2852.67,2744.65,-801.29,0,0,0,12618.4,-11983.4,3648.34,13543.8,3510.19,25075.9,2.25344e+16
20230101T000015.600000,6,1769,391.11,520.661,-17.8169,0,0,0,456.993,-294.863,10.0985,285.955,13.4435,678.537,1.52825e+16
20230101T000015.600000,6,1770,5453.42,3316.26,-660.629,0,0,0,18152.1,-28597.8,5758.7,47789.2,3501.9,65180.4,1.62393e+16
20230101T000015.600000,4,1572,2806.95,2113.21,-120.03,20.7684,15.9481,-3.38051,901.155,-1111.49,58.2778,1542.03,43.8502,2376.36,0
20230101T000015.600000,4,1596,1275.78,108.254,-249.466,1.83431,-10.2522,-0.141055,140.103,-192.232,229.619,1248.81,38.6824,1259.33,0
20230101T000015.600000,3,1603,1348.22,-1813.83,-406.726,0,0,0,2500,0,0,2500,0,2500,0
20230101T000015.600000,3,1604,4529.46,652.558,867.851,0,0,0,2500,0,0,2500,0,2500,0
20230101T000015.600000,3,1605,7273.23,3346.82,603.068,0,0,0,2500,0,0,2500,0,2500,0
20230101T000015.600000,3,1606,7066.55,1606.62,74.5329,0,0,0,2500,0,0,2500,0,2500,0
20230101T000015.600000,3,1607,5042.81,2065.1,886.732,0,0,0,2500,0,0,2500,0,2500,0
20230101T000015.600000,3,1608,1804.48,1152.33,-193.421,0,0,0,2500,0,0,2500,0,2500,0
20230101T000015.600000,3,1609,2852.67,2744.65,-801.29,0,0,0,2500,0,0,2500,0,2500,0
20230101T000015.600000,3,1610,391.11,520.661,-17.8169,0,0,0,2500,0,0,2500,0,2500,0
20230101T000015.600000,3,1611,5453.42,3316.26,-660.629,0,0,0,2500,0,0,2500,0,2500,0
20230101T000015.700000,6,1771,3940.5,-4590.3,836.68,0,0,0,34215.2,28356.3,-5269.44,25525.1,6138.39,58558.7,1.96842e+16
20230101T000015.700000,6,1772,5736.66,-7640.05,1166.75,0,0,0,94200.6,69049.3,-10704.6,54088,14256.3,146048,2.6545e+16
20230101T000015.700000,6,1773,4025.19,-4972.38,1229.08,0,0,0,40540.5,30811.4,-7908.22,27420.9,9769.13,65485,1.81048e+16
20230101T000015.700000,6,1774,1252.78,-219.751,-271.209,0,0,0,250.828,410.036,530.768,2516.48,-93.1023,2591.19,3.23206e+20
20230101T000015.700000,6,1775,1250.61,-231.635,-270.563,0,0,0,258.288,431.557,528.583,2508.36,-97.9028,2591.06,3.34668e+20
20230101T000015.700000,6,1776,2661.18,-412.669,380.667,0,0,0,560.154,1712.49,-1612.08,11337.9,249.984,11604.7,8.54626e+15
20230101T000015.700000,6,1777,1330.76,-273.167,-161.097,0,0,0,219.798,561.021,335.678,2837.69,-68.9054,2953.74,8.73682e+16
20230101T000015.700000,6,1778,5417.13,267.218,-414.328,0,0,0,451.724,-2299.44,3586.29,46953.3,176.906,47067.1,5.82888e+15
20230101T000015.700000,6,1779,9433.57,256.208,-1045.01,0,0,0,1914.18,-3818,15766,142389,428.192,142493,8.83563e+15
20230101T000015.700000,6,1780,1931.03,1240.3,76.6352,0,0,0,2513.25,-3798.75,-234.98,5987.64,-150.927,8427.64,1.3911e+16
20230101T000015.700000,6,1781,8643.02,5342.44,-2248.77,0,0,0,51565.1,-70233.6,31086.4,121776,19215.2,165192,1.83184e+16
20230101T000015.700000,6,1782,6744.67,3933.88,-379.287,0,0,0,24980,-42324.4,4090.38,72859.5,2385.75,97545.6,1.17133e+16
20230101T000015.700000,6,1783,1343.72,1614.96,9.36834,0,0,0,4199.17,-3440.54,-19.9589,2926.83,-23.9877,7061.86,1.24968e+16
20230101T000015.700000,6,1784,1700.35,1377.75,341.137,0,0,0,3187.25,-3626.62,-920.513,4724.45,-745.872,7664.53,1.21653e+16
20230101T000015.700000,3,1612,3940.5,-4590.3,836.68,0,0,0,2500,0,0,2500,0,2500,0
20230101T000015.700000,3,1613,5736.66,-7640.05,1166.75,0,0,0,2500,0,0,2500,0,2500,0
20230101T000015.700000,3,1614,4025.19,-4972.38,1229.08,0,0,0,2500,0,0,2500,0,2500,0
20230101T000015.700000,3,1615,1252.78,-219.751,-271.209,0,0,0,2500,0,0,2500,0,2500,0
20230101T000015.700000,3,1616,1250.61,-231.635,-270.563,0,0,0,2500,0,0,2500,0,2500,0
20230101T000015.700000,3,1617,2661.18,-412.669,380.667,0,0,0,2500,0,0,2500,0,2500,0
20230101T000015.700000,3,1618,1330.76,-273.167,-161.097,0,0,0,2500,0,0,2500,0,2500,0
20230101T000015.700000,3,1619,5417.13,267.218,-414.328,0,0,0,2500,0,0,2500,0,2500,0
20230101T000015.700000,3,1620,9433.57,256.208,-1045.01,0,0,0,2500,0,0,2500,0,2500,0
20230101T000015.700000,3,1621,1931.03,1240.3,76.6352,0,0,0,2500,0,0,2500,0,2500,0
20230101T000015.700000,3,1622,8643.02,5342.44,-2248.77,0,0,0,2500,0,0,2500,0,2500,0
20230101T000015.700000,3,1623,6744.67,3933.88,-379.287,0,0,0,2500,0,0,2500,0,2500,0
20230101T000015.700000,3,1624,1343.72,1614.96,9.36834,0,0,0,2500,0,0,2500,0,2500,0
20230101T000015.700000,3,1625,1700.35,1377.75,341.137,0,0,0,2500,0,0,2500,0,2500,0
20230101T000015.800000,6,1785,2222.06,-2814.27,-462.692,0,0,0,12827.9,9808.36,1639.98,8149.88,-2077.05,20573.3,2.54795e+16
20230101T000015.800000,6,1786,7108.75,-7984.45,2630.5,0,0,0,106924,85286.7,-29909.5,87064.4,33593.9,182861,1.10897e+16
20230101T000015.800000,6,1787,5438.6,-4957.95,-169.219,0,0,0,39390,43088.2,1471.41,47375.1,-1341.38,86655.4,1.06465e+16
20230101T000015.800000,6,1788,2051.15,-1105.58,-473.463,0,0,0,2281.25,3452.88,1542.84,6826.16,-831.598,8689.82,2.75611e+16
20230101T000015.800000,6,1789,1191.15,-449.13,-268.62,0,0,0,477.473,797.631,499.85,2292.15,-188.471,2595.63,1.31612e+21
20230101T000015.800000,6,1790,2640.24,-1634.24,368.677,0,0,0,4476.05,6778.11,-1551.06,11231.2,960.068,15427.5,9.51232e+15
20230101T000015.800000,6,1791,8953.88,-5006.89,-173.989,0,0,0,40196,71681.8,2491.66,128302,-1393.3,168385,1.36846e+16
20230101T000015.800000,6,1792,9642.81,1588.74,1691.78,0,0,0,8557.44,-23767.4,-26091,148897,-4298.74,152814,8.85093e+15
20230101T000015.800000,6,1793,10280.7,1451.99,915.895,0,0,0,4751.43,-23689.2,-15060.1,169135,-2127.01,172482,1.17648e+16
20230101T000015.800000,6,1794,8597.82,-1437.1,1163.75,0,0,0,5473.56,19406.9,-16000.8,118337,2674.48,121582,1.63355e+16
20230101T000015.800000,6,1795,4111.42,1783.94,-641.96,0,0,0,5699.59,-11471.6,4214.75,27160.4,1828.77,32139.2,1.25162e+16
20230101T000015.800000,6,1796,9363.71,4817.42,-1487.05,0,0,0,39979.3,-70709.4,22271.1,141040,11458,177420,1.23419e+16
20230101T000015.800000,6,1797,6509.17,2384.31,-552.691,0,0,0,9582.86,-24653.4,5751.34,67856.3,2106.71,76887.2,7.05396e+15
20230101T000015.800000,6,1798,4244.86,2713.87,-324.098,0,0,0,11948.7,-18326.8,2197.74,28897.3,1405.09,40614.5,7.1992e+15
20230101T000015.800000,6,1799,2404.7,1817.15,-302.274,0,0,0,5416.65,-6890.75,1157.94,9328.33,875.013,14536.1,1.25704e+16
20230101T000015.800000,6,1800,5160.37,3725.2,816.847,0,0,0,22946.6,-30220.9,-6737.82,42994.4,-4863.93,64811.5,1.36347e+16
20230101T000015.800000,4,1597,4175.82,1706.28,-364.872,18.9216,10.139,-8.114,421.196,-848.122,170.468,2162.96,69.2918,2494.92,0
20230101T000015.800000,3,1626,2222.06,-2814.27,-462.692,0,0,0,2500,0,0,2500,0,2500,0
20230101T000015.800000,3,1627,7108.75,-7984.45,2630.5,0,0,0,2500,0,0,2500,0,2500,0
20230101T000015.800000,3,1628,5438.6,-4957.95,-169.219,0,0,0,2500,0,0,2500,0,2500,0
20230101T000015.800000,3,1629,2051.15,-1105.58,-473.463,0,0,0,2500,0,0,2500,0,2500,0
20230101T000015.800000,3,1630,1191.15,-449.13,-268.62,0,0,0,2500,0,0,2500,0,2500,0
20230101T000015.800000,3,1631,2640.24,-1634.24,368.677,0,0,0,2500,0,0,2500,0,2500,0
20230101T000015.800000,3,1632,8953.88,-5006.89,-173.989,0,0,0,2500,0,0,2500,0,2500,0
20230101T000015.800000,3,1633,9642.81,1588.74,1691.78,0,0,0,2500,0,0,2500,0,2500,0
20230101T000015.800000,3,1634,10280.7,1451.99,915.895,0,0,0,2500,0,0,2500,0,2500,0
20230101T000015.800000,3,1635,8597.82,-1437.1,1163.75,0,0,0,2500,0,0,2500,0,2500,0
20230101T000015.800000,3,1636,9363.71,4817.42,-1487.05,0,0,0,2500,0,0,2500,0,2500,0
20230101T000015.800000,3,1637,6509.17,2384.31,-552.691,0,0,0,2500,0,0,2500,0,2500,0
20230101T000015.800000,3,1638,4244.86,2713.87,-324.098,0,0,0,2500,0,0,2500,0,2500,0
20230101T000015.800000,3,1639,2404.7,1817.15,-302.274,0,0,0,2500,0,0,2500,0,2500,0
20230101T000015.800000,3,1640,5160.37,3725.2,816.847,0,0,0,2500,0,0,2500,0,2500,0
20230101T000015.900000,6,1801,2545.73,-2111.65,313.324,0,0,0,7265.1,8492.73,-1271.59,10459.1,1054.77,17504.2,1.02684e+16
20230101T000015.900000,6,1802,5486.94,-6723.3,1939.34,0,0,0,74754.5,56046.9,-17017.1,51819,20851.5,120498,1.12461e+16
20230101T000015.900000,6,1803,1077.25,-670.87,-286.864,0,0,0,858.852,1069.9,482.756,1910.55,-300.642,2579.96,4.98881e+19
20230101T000015.900000,6,1804,7533.02,-2384.08,-465.619,0,0,0,9467.44,28616.8,5608.44,90831.6,-1774.99,99888.7,9.09563e+15
20230101T000015.900000,6,1805,4369.61,932.074,-309.866,0,0,0,1597.88,-6472.14,2162.07,30559.1,461.187,31939.9,8.13529e+15
20230101T000015.900000,6,1806,9088.68,-1052.14,247.401,0,0,0,1930.95,15281.7,-3595.96,132169,416.283,133938,1.64876e+16
20230101T000015.900000,6,1807,4805.58,1013.45,-479.773,0,0,0,2056.64,-7705.18,3682.88,36968.1,776.685,38593.6,1.58929e+16
20230101T000015.900000,6,1808,7308.68,692.226,-1006.98,0,0,0,2436.94,-7936.62,11767,85481.8,1114.48,86234.7,1.21266e+16
20230101T000015.900000,6,1809,8449.39,8032.92,-1763.24,0,0,0,105890,-106082,23830.5,116619,22655.9,217473,3.36765e+16
20230101T000015.900000,6,1810,311.259,457.547,-19.4265,0,0,0,355.373,-197.858,8.41252,199.123,12.3663,490.05,1.29237e+16
20230101T000015.900000,6,1811,5133.3,5612.01,997.112,0,0,0,51144.7,-45269.4,-8184,43061.6,-8947.19,92553.7,9.19849e+15
20230101T000015.900000,6,1812,6053.65,6674.72,-707.112,0,0,0,71672.8,-64220.5,6845.61,59108.4,7547.94,129918,1.08697e+16
20230101T000015.900000,4,1610,314.177,458.949,-19.239,-21.1744,-16.9852,-0.39143,369.961,-230.665,7.89861,236.162,10.5149,543.197,0
20230101T000015.900000,3,1641,2545.73,-2111.65,313.324,0,0,0,2500,0,0,2500,0,2500,0
20230101T000015.900000,3,1642,5486.94,-6723.3,1939.34,0,0,0,2500,0,0,2500,0,2500,0
20230101T000015.900000,3,1643,1077.25,-670.87,-286.864,0,0,0,2500,0,0,2500,0,2500,0
20230101T000015.900000,3,1644,7533.02,-2384.08,-465.619,0,0,0,2500,0,0,2500,0,2500,0
20230101T000015.900000,3,1645,4369.61,932.074,-309.866,0,0,0,2500,0,0,2500,0,2500,0
20230101T000015.900000,3,1646,9088.68,-1052.14,247.401,0,0,0,2500,0,0,2500,0,2500,0
20230101T000015.900000,3,1647,4805.58,1013.45,-479.773,0,0,0,2500,0,0,2500,0,2500,0
20230101T000015.900000,3,1648,7308.68,692.226,-1006.98,0,0,0,2500,0,0,2500,0,2500,0
20230101T000015.900000,3,1649,8449.39,8032.92,-1763.24,0,0,0,2500,0,0,2500,0,2500,0
20230101T000015.900000,3,1650,5133.3,5612.01,997.112,0,0,0,2500,0,0,2500,0,2500,0
20230101T000015.900000,3,1651,6053.65,6674.72,-707.112,0,0,0,2500,0,0,2500,0,2500,0
20230101T000016,6,1813,912.648,-892.501,-256.2,0,0,0,1359.62,1220.01,365.285,1414.1,-357.221,2609.65,1.70141e+19
20230101T000016,6,1814,10128.5,-6655.99,847.338,0,0,0,71730.3,107308,-13727.9,164504,9021.34,235022,1.63448e+16
20230101T000016,6,1815,7400.2,-8079.38,304.148,0,0,0,104539,95556.9,-3600.01,87736.1,3930.41,192063,7.86327e+15
20230101T000016,6,1816,580.368,-386.037,-166.259,0,0,0,311.081,310.151,142.36,571.063,-94.6918,780.808,1.6514e+16
20230101T000016,6,1817,5915.11,-4351.35,-515.194,0,0,0,30611.8,40948.9,4872.29,56153.1,-3584.22,86276.8,9.70927e+15
20230101T000016,6,1818,643.357,-287.136,-130.909,0,0,0,206.369,262.341,124.256,677.083,-55.4569,796.304,1.81044e+16
20230101T000016,6,1819,7043.57,-4756.06,1507.37,0,0,0,38731.7,51884.6,-16978.4,80536.8,11464.4,115573,1.31504e+16
20230101T000016,6,1820,9582.78,-1755.79,-1815.79,0,0,0,10096.3,25974.5,27829.1,147101,-5098.95,151862,6.78545e+16
20230101T000016,6,1821,11189.4,-1314.32,903.787,0,0,0,4115.79,23371.5,-16175.4,200341,1900,203087,1.25381e+16
20230101T000016,6,1822,6235.49,-107.015,118.5,0,0,0,104.743,1066.19,-1181.03,62210.2,20.2693,62228.5,9.55989e+15
20230101T000016,6,1823,1511.7,832.428,-44.7316,0,0,0,1160.23,-1985.03,106.741,3671.98,58.7777,4765.1,8.81e+15
20230101T000016,6,1824,9319.29,5268.02,-1278.96,0,0,0,46434.4,-77402.5,19063.8,139608,10776.4,183363,2.08252e+16
20230101T000016,6,1825,6593.5,3162.91,-842.614,0,0,0,16981.3,-32899.8,8882.67,69783.1,4261.03,85566,1.05658e+16
20230101T000016,6,1826,7253.01,9167.03,305.82,0,0,0,134537,-106278,-3547.95,84301.2,-4484.23,218625,1.50631e+16
20230101T000016,6,1827,7123.76,9873.15,873.008,0,0,0,156406,-111926,-9947.9,82040.7,-13787.2,237164,5.15811e+16
20230101T000016,6,1828,5552.51,5472.84,1456.97,0,0,0,49677.3,-46891.9,-12935.5,51032.7,-12749.9,97254,1.24159e+16
20230101T000016,6,1829,4443.33,5784.32,-1779.39,0,0,0,55435.7,-38646,12641.3,34813,16456.4,85125.9,1.40998e+16
20230101T000016,6,1830,5257.79,4468.53,543.751,0,0,0,32260,-37326.5,-4570.47,44456.1,-3884.38,76179.8,2.11161e+16
20230101T000016,4,1628,5453.58,-4941.17,-179.301,2.88213,3.22771,-1.9389,1180.5,1225,41.811,1407.52,-38.1159,2523,0
20230101T000016,3,1652,912.648,-892.501,-256.2,0,0,0,2500,0,0,2500,0,2500,0
20230101T000016,3,1653,10128.5,-6655.99,847.338,0,0,0,2500,0,0,2500,0,2500,0
20230101T000016,3,1654,7400.2,-8079.38,304.148,0,0,0,2500,0,0,2500,0,2500,0
20230101T000016,3,1655,580.368,-386.037,-166.259,0,0,0,2500,0,0,2500,0,2500,0
20230101T000016,3,1656,643.357,-287.136,-130.909,0,0,0,2500,0,0,2500,0,2500,0
20230101T000016,3,1657,7043.57,-4756.06,1507.37,0,0,0,2500,0,0,2500,0,2500,0
20230101T000016,3,1658,9582.78,-1755.79,-1815.79,0,0,0,2500,0,0,2500,0,2500,0
20230101T000016,3,1659,11189.4,-1314.32,903.787,0,0,0,2500,0,0,2500,0,2500,0
20230101T000016,3,1660,6235.49,-107.015,118.5,0,0,0,2500,0,0,2500,0,2500,0
20230101T000016,3,1661,1511.7,832.428,-44.7316,0,0,0,2500,0,0,2500,0,2500,0
20230101T000016,3,1662,9319.29,5268.02,-1278.96,0,0,0,2500,0,0,2500,0,2500,0
20230101T000016,3,1663,6593.5,3162.91,-842.614,0,0,0,2500,0,0,2500,0,2500,0
20230101T000016,3,1664,7253.01,9167.03,305.82,0,0,0,2500,0,0,2500,0,2500,0
20230101T000016,3,1665,7123.77,9873.15,873.008,0,0,0,2500,0,0,2500,0,2500,0
20230101T000016,3,1666,5552.51,5472.84,1456.97,0,0,0,2500,0,0,2500,0,2500,0
20230101T000016,3,1667,4443.33,5784.32,-1779.39,0,0,0,2500,0,0,2500,0,2500,0
20230101T000016,3,1668,5257.79,4468.53,543.751,0,0,0,2500,0,0,2500,0,2500,0
20230101T000016.100000,6,1831,5781.74,-4190.82,598.084,0,0,0,28517.6,38466.2,-5528.44,53704.7,4007.21,81586.8,1.78775e+16
20230101T000016.100000,6,1832,4078.43,-2958.04,-324.602,0,0,0,14152.2,19192.2,2114.86,26693.8,-1533.88,40614,8.53199e+15
20230101T000016.100000,6,1833,4320.05,-1405.72,-84.4734,0,0,0,3229.88,9694.3,582.756,29867.8,-189.626,33022.3,1.03211e+16
20230101T000016.100000,6,1834,6108.51,-3708.13,533.901,0,0,0,22380.1,36011.3,-5214.08,59842.2,3165.17,81703,1.74553e+16
20230101T000016.100000,6,1835,11658.6,1561.82,-2035.63,0,0,0,10477.1,-28253.2,37961.6,217596,5085.44,221383,1.1189e+16
20230101T000016.100000,6,1836,3262.79,2046.24,-254.968,0,0,0,6819.71,-10606.8,1327.48,17080.6,832.519,23732.9,8.58467e+15
20230101T000016.100000,6,1837,8944.79,3001.84,905.884,0,0,0,15654.8,-42546.2,-12958.9,128154,-4348.98,142433,1.07147e+16
20230101T000016.100000,6,1838,846.98,985.618,-41.1249,0,0,0,1582.62,-1302.74,54.4125,1186.13,63.319,2702.17,2.13215e+22
20230101T000016.100000,6,1839,6827.53,9531.02,-203.581,0,0,0,145389,-104056,2223.28,74670.4,3103.64,219929,9.49371e+15
20230101T000016.100000,6,1840,2445.82,2826.69,-242.078,0,0,0,12851.7,-10983.8,944.627,9661.36,1091.72,22355.9,1.20552e+16
20230101T000016.100000,6,1841,2978.42,2454.64,-40.6111,0,0,0,9680.11,-11664.8,193.011,14220.5,159.069,23834,8.24213e+15
20230101T000016.100000,6,1842,7876.97,5850.43,1331.6,0,0,0,56632.9,-72345.7,-16775.5,100306,-12459.6,154040,1.37493e+16
20230101T000016.100000,6,1843,3796.5,4583.11,-1509.64,0,0,0,35116.2,-26018.8,9160.45,25259.7,11058.4,56673.2,2.05098e+16
20230101T000016.100000,4,1664,7267.81,9196.01,300.847,1.46549,2.86897,-0.492423,1559.83,-1183.44,-39.4809,1000.43,-49.8997,2494.53,0
20230101T000016.100000,3,1669,5781.74,-4190.82,598.084,0,0,0,2500,0,0,2500,0,2500,0
20230101T000016.100000,3,1670,4078.43,-2958.04,-324.602,0,0,0,2500,0,0,2500,0,2500,0
20230101T000016.100000,3,1671,4320.05,-1405.72,-84.4734,0,0,0,2500,0,0,2500,0,2500,0
20230101T000016.100000,3,1672,6108.51,-3708.13,533.901,0,0,0,2500,0,0,2500,0,2500,0
20230101T000016.100000,3,1673,11658.6,1561.82,-2035.63,0,0,0,2500,0,0,2500,0,2500,0
20230101T000016.100000,3,1674,3262.79,2046.24,-254.968,0,0,0,2500,0,0,2500,0,2500,0
20230101T000016.100000,3,1675,8944.79,3001.84,905.884,0,0,0,2500,0,0,2500,0,2500,0
20230101T000016.100000,3,1676,846.98,985.618,-41.1249,0,0,0,2500,0,0,2500,0,2500,0
20230101T000016.100000,3,1677,2445.82,2826.69,-242.078,0,0,0,2500,0,0,2500,0,2500,0
20230101T000016.100000,3,1678,2978.42,2454.64,-40.6111,0,0,0,2500,0,0,2500,0,2500,0
20230101T000016.100000,3,1679,7876.97,5850.43,1331.6,0,0,0,2500,0,0,2500,0,2500,0
20230101T000016.100000,3,1680,3796.5,4583.11,-1509.64,0,0,0,2500,0,0,2500,0,2500,0
20230101T000016.200000,6,1844,7297.37,-4730.74,-36.5555,0,0,0,35854.4,55205,426.589,85222.2,-276.549,121010,1.17748e+16
20230101T000016.200000,6,1845,11532.6,-2411.33,-1324.45,0,0,0,12052.9,43919.4,24432.1,212921,-5108.47,222105,9.40001e+15
20230101T000016.200000,6,1846,8448.81,-3675.06,-284.129,0,0,0,21772,49609.1,3839.07,114242,-1669.92,135821,9.92538e+15
20230101T000016.200000,6,1847,2628.69,-422.103,469.657,0,0,0,689.635,1710.36,-1964.52,11066.5,315.454,11343,1.37188e+16
20230101T000016.200000,6,1848,3803.02,-434.274,347.736,0,0,0,555.392,2613.52,-2110.19,23144,240.966,23443,1.2495e+16
20230101T000016.200000,6,1849,6746.7,83.4979,-612.62,0,0,0,675.016,-893.12,6607.3,72828.8,81.7726,72840.4,6.92954e+15
20230101T000016.200000,6,1850,5938.34,-1257.43,1025.96,0,0,0,4201.22,11593.3,-9737.68,56497.2,2061.93,58953.8,1.87529e+16
20230101T000016.200000,6,1851,9313.19,-392.855,440.374,0,0,0,620.415,5838.21,-6559.05,138778,276.678,139024,1.0668e+16
20230101T000016.200000,6,1852,9786.05,3552.74,-1824.25,0,0,0,24954.6,-53899.8,28553.3,153854,10366,173424,1.28512e+16
20230101T000016.200000,6,1853,988.09,844.25,-48.7024,0,0,0,1179.55,-1301.27,75.175,1590.69,64.2315,2702.62,9.41488e+21
20230101T000016.200000,6,1854,5500.81,4804.43,1042.49,0,0,0,37954.1,-41392.7,-9168.5,49193.9,-8007.81,85347.7,1.00237e+16
20230101T000016.200000,4,1676,920.383,922.853,-44.7884,7.26772,-6.2143,-0.362723,777.864,-613.742,25.6214,591.074,29.8153,1304.66,0
20230101T000016.200000,3,1681,7297.37,-4730.74,-36.5555,0,0,0,2500,0,0,2500,0,2500,0
20230101T000016.200000,3,1682,11532.6,-2411.33,-1324.45,0,0,0,2500,0,0,2500,0,2500,0
20230101T000016.200000,3,1683,8448.81,-3675.06,-284.129,0,0,0,2500,0,0,2500,0,2500,0
20230101T000016.200000,3,1684,2628.69,-422.103,469.657,0,0,0,2500,0,0,2500,0,2500,0
20230101T000016.200000,3,1685,3803.02,-434.274,347.736,0,0,0,2500,0,0,2500,0,2500,0
20230101T000016.200000,3,1686,6746.7,83.4979,-612.62,0,0,0,2500,0,0,2500,0,2500,0
20230101T000016.200000,3,1687,5938.34,-1257.43,1025.96,0,0,0,2500,0,0,2500,0,2500,0
20230101T000016.200000,3,1688,9313.19,-392.855,440.374,0,0,0,2500,0,0,2500,0,2500,0
20230101T000016.200000,3,1689,9786.05,3552.74,-1824.25,0,0,0,2500,0,0,2500,0,2500,0
20230101T000016.200000,3,1690,5500.81,4804.43,1042.49,0,0,0,2500,0,0,2500,0,2500,0
20230101T000016.300000,6,1855,1594.38,-1166.92,209.751,0,0,0,2265.78,2913.1,-529.653,4113.88,387.652,6246.69,1.1674e+16
20230101T000016.300000,6,1856,5743.35,-3748.61,442.254,0,0,0,22747.5,34275,-4060.59,52890.3,2650.3,75261.4,1.45678e+16
20230101T000016.300000,6,1857,5236.43,-3636.67,726.796,0,0,0,21773.4,30043.5,-6083.39,44167.9,4224.88,65033.7,1.65088e+16
20230101T000016.300000,6,1858,5562.24,-3074.05,886.269,0,0,0,16130.5,26799.1,-7879.76,49810.3,4354.86,64622.5,1.69563e+16
20230101T000016.300000,6,1859,11682.8,-355.005,-708.773,0,0,0,1068.39,6609.56,13244.8,218380,-402.471,218581,8.4527e+15
20230101T000016.300000,6,1860,1128.07,644.888,-45.5142,0,0,0,716.084,-1134.99,80.205,2052.61,45.8513,2701.54,1.36525e+22
20230101T000016.300000,6,1861,10108.7,6658.88,537.417,0,0,0,71312,-107459,-8689.8,163658,-5724.19,234444,1.32223e+16
20230101T000016.300000,6,1862,4574.01,1562.06,185.483,0,0,0,4010.57,-11395.4,-1355.12,33486.9,-462.784,37378.6,1.68414e+16
20230101T000016.300000,6,1863,5360.16,1977.77,-184.887,0,0,0,6362.94,-16923.3,1583.7,45984.2,584.347,52228.6,9.67909e+15
20230101T000016.300000,6,1864,4974.76,4748.27,404.554,0,0,0,36244.1,-37631.7,-3217.38,39752.3,-3070.91,75671.1,1.51734e+16
20230101T000016.300000,4,1668,5225,4458.7,536.541,-9.02581,-2.70608,-1.98432,1148.87,-1259.56,-153.302,1560.41,-130.289,2615.6,0
20230101T000016.300000,3,1691,1594.38,-1166.92,209.751,0,0,0,2500,0,0,2500,0,2500,0
20230101T000016.300000,3,1692,5743.35,-3748.61,442.254,0,0,0,2500,0,0,2500,0,2500,0
20230101T000016.300000,3,1693,5236.43,-3636.67,726.796,0,0,0,2500,0,0,2500,0,2500,0
20230101T000016.300000,3,1694,5562.24,-3074.05,886.269,0,0,0,2500,0,0,2500,0,2500,0
20230101T000016.300000,3,1695,11682.8,-355.005,-708.773,0,0,0,2500,0,0,2500,0,2500,0
20230101T000016.300000,3,1696,1128.07,644.888,-45.5142,0,0,0,2500,0,0,2500,0,2500,0
20230101T000016.300000,3,1697,10108.7,6658.88,537.417,0,0,0,2500,0,0,2500,0,2500,0
20230101T000016.300000,3,1698,4574.01,1562.06,185.483,0,0,0,2500,0,0,2500,0,2500,0
20230101T000016.300000,3,1699,5360.16,1977.77,-184.887,0,0,0,2500,0,0,2500,0,2500,0
20230101T000016.400000,6,1865,8024.37,-8030.48,-1352.38,0,0,0,104675,101609,17357.8,104521,-17371.1,206208,1.68303e+16
20230101T000016.400000,6,1866,11287,-3507.08,-318.465,0,0,0,19885.6,63271.1,5749.59,203855,-1786.5,223515,8.78659e+15
20230101T000016.400000,6,1867,10823,-2860.9,-474.155,0,0,0,13491.5,49436.9,8208.22,187447,-2169.72,200515,7.94159e+15
20230101T000016.400000,6,1868,9589.98,-1130.15,-582.223,0,0,0,2641.42,17270.5,8929.79,147157,-1052.35,149192,9.65046e+15
20230101T000016.400000,6,1869,1224.29,435.73,-44.5507,0,0,0,363.333,-832.342,85.2045,2405.78,30.3245,2702.09,1.81743e+22
20230101T000016.400000,6,1870,174.563,40.1676,-2.78779,0,0,0,63.3603,2.76659,-0.191823,51.9737,-0.0441393,51.3526,1.27877e+16
20230101T000016.400000,6,1871,7577.53,1837.93,241.81,0,0,0,5553.53,-22247.1,-2929.79,91879.1,-710.621,97275.2,1.28818e+16
20230101T000016.400000,6,1872,6112.09,1765.25,274.481,0,0,0,5156.01,-17213.8,-2681.6,59786.5,-774.48,64758.2,1.23269e+16
20230101T000016.400000,6,1873,1492.37,1392.08,-213.989,0,0,0,3173.67,-3255.88,506.106,3626.99,472.098,6664.78,2.27142e+16
20230101T000016.400000,3,1700,8024.37,-8030.48,-1352.38,0,0,0,2500,0,0,2500,0,2500,0
20230101T000016.400000,3,1701,11287,-3507.08,-318.465,0,0,0,2500,0,0,2500,0,2500,0
20230101T000016.400000,3,1702,10823,-2860.9,-474.155,0,0,0,2500,0,0,2500,0,2500,0
20230101T000016.400000,3,1703,9589.98,-1130.15,-582.223,0,0,0,2500,0,0,2500,0,2500,0
20230101T000016.400000,3,1704,1224.29,435.73,-44.5507,0,0,0,2500,0,0,2500,0,2500,0
20230101T000016.400000,3,1705,174.563,40.1676,-2.78779,0,0,0,2500,0,0,2500,0,2500,0
20230101T000016.400000,3,1706,7577.53,1837.93,241.81,0,0,0,2500,0,0,2500,0,2500,0
20230101T000016.400000,3,1707,6112.09,1765.25,274.481,0,0,0,2500,0,0,2500,0,2500,0
20230101T000016.400000,3,1708,1492.37,1392.08,-213.989,0,0,0,2500,0,0,2500,0,2500,0
20230101T000016.500000,6,1874,1617.07,-1873.66,-49.4683,0,0,0,5645.93,4814.15,127.154,4222.77,-147.331,9800.83,7.77515e+15
20230101T000016.500000,6,1875,9496.02,-6439.02,1789.16,0,0,0,69888.9,95424,-27175.7,145912,18427.2,210618,1.81019e+16
20230101T000016.500000,6,1876,2995.58,-1156.94,714.528,0,0,0,2905.54,5250.12,-3412.03,14471.6,1317.78,16502.3,1.4385e+16
20230101T000016.500000,6,1877,470.713,-104.31,79.1139,0,0,0,86.3594,63.2808,-49.5996,357.899,10.9913,373.6,2.16852e+16
20230101T000016.500000,6,1878,1280.43,221.776,-44.8193,0,0,0,143.878,-443.059,89.6481,2625.14,15.5275,2701.96,2.26122e+22
20230101T000016.500000,6,1879,8769.92,-4.38064,-379.95,0,0,0,294.89,61.3213,5328.64,123058,-2.6617,123059,1.22227e+16
20230101T000016.500000,6,1880,3924.17,1033.74,713.893,0,0,0,2530.35,-6274.34,-4471.74,24695.5,-1177.98,26350.2,8.96214e+15
20230101T000016.500000,6,1881,10615.3,5705.01,-103.327,0,0,0,52138.4,-96862.6,1754.46,180312,942.91,232370,1.04466e+16
20230101T000016.500000,6,1882,10129.1,3167.69,-681.898,0,0,0,16790.5,-51107.2,11047.3,164230,3454.84,180213,1.3169e+16
20230101T000016.500000,6,1883,8111.64,3515.74,-788.557,0,0,0,20667.8,-45243.3,10229.2,105445,4433.53,125055,1.20551e+16
20230101T000016.500000,6,1884,1608.12,1450.25,380.246,0,0,0,3526.99,-3585.56,-970.277,4269.3,-875.023,7504.78,1.19581e+16
20230101T000016.500000,6,1885,7181.66,8039.34,1041.92,0,0,0,104209,-91482.8,-11968.2,83523.2,-13397.6,185932,1.40469e+16
20230101T000016.500000,6,1886,141.166,178.704,-11.0789,0,0,0,75.7048,-9.2104,0.576931,71.321,0.730345,83.1317,1.02578e+16
20230101T000016.500000,6,1887,5230.4,6033.9,662.145,0,0,0,58580.9,-50116.9,-5537.81,44208.2,-6388.52,102024,1.88335e+16
20230101T000016.500000,6,1888,3842.14,4637.7,-794.592,0,0,0,34850,-27982.7,4879.4,24255.6,5889.73,58033.6,7.04918e+15
20230101T000016.500000,4,1697,10062.5,6614.21,527.581,-8.89574,-8.59138,-1.89143,825.16,-1150.35,-92.8427,1813.72,-61.1578,2566.6,0
20230101T000016.500000,4,1705,194.291,166.493,-9.33103,1.95326,12.5075,-0.647846,61.8065,2.64443,-0.183353,50.9227,-0.0421902,50.329,0
20230101T000016.500000,3,1709,1617.07,-1873.66,-49.4683,0,0,0,2500,0,0,2500,0,2500,0
20230101T000016.500000,3,1710,9496.02,-6439.02,1789.16,0,0,0,2500,0,0,2500,0,2500,0
20230101T000016.500000,3,1711,2995.58,-1156.94,714.528,0,0,0,2500,0,0,2500,0,2500,0
20230101T000016.500000,3,1712,470.713,-104.31,79.1139,0,0,0,2500,0,0,2500,0,2500,0
20230101T000016.500000,3,1713,1280.43,221.776,-44.8193,0,0,0,2500,0,0,2500,0,2500,0
20230101T000016.500000,3,1714,8769.92,-4.38064,-379.95,0,0,0,2500,0,0,2500,0,2500,0
20230101T000016.500000,3,1715,3924.17,1033.74,713.893,0,0,0,2500,0,0,2500,0,2500,0
20230101T000016.500000,3,1716,10129.1,3167.69,-681.898,0,0,0,2500,0,0,2500,0,2500,0
20230101T000016.500000,3,1717,8111.64,3515.75,-788.557,0,0,0,2500,0,0,2500,0,2500,0
20230101T000016.500000,3,1718,1608.12,1450.25,380.246,0,0,0,2500,0,0,2500,0,2500,0
20230101T000016.500000,3,1719,7181.66,8039.34,1041.92,0,0,0,2500,0,0,2500,0,2500,0
20230101T000016.500000,3,1720,5230.4,6033.9,662.145,0,0,0,2500,0,0,2500,0,2500,0
20230101T000016.500000,3,1721,3842.14,4637.7,-794.592,0,0,0,2500,0,0,2500,0,2500,0
20230101T000016.600000,6,1889,3630.53,-2451.89,7.03148,0,0,0,9662.8,14212.9,-40.7597,21109.3,27.5271,30708,2.07696e+16
20230101T000016.600000,6,1890,5689.84,-8222.13,119.594,0,0,0,108194,74811.5,-1088.31,51857.5,1572.67,159964,3.37615e+16
20230101T000016.600000,6,1891,2225.11,-983.013,224.316,0,0,0,1666.56,3446.49,-793.252,7945.3,350.444,9468.44,7.65255e+15
20230101T000016.600000,6,1892,121.076,-48.0158,-3.18793,0,0,0,58.9722,-12.6223,-0.837669,32.1496,0.332198,27.1822,1.2758e+16
20230101T000016.600000,6,1893,7866.22,-2347.55,502.785,0,0,0,9247.53,29417.8,-6324.28,99042.1,1887.38,107822,1.16591e+16
20230101T000016.600000,6,1894,4812.3,-1654.42,1046.47,0,0,0,6001.22,12180.9,-8045.54,37244.9,2765.97,41435.1,1.55949e+16
20230101T000016.600000,6,1895,3006.75,177.987,-73.5627,0,0,0,123.054,-851.977,352.336,14465.1,20.8569,14515.6,1.21019e+16
20230101T000016.600000,6,1896,1299.91,0.56337,-43.7515,0,0,0,66.9908,-1.14269,88.8449,2703.61,0.0385047,2703.68,1.04422e+22
20230101T000016.600000,6,1897,9809.17,1333.77,220.122,0,0,0,2985.22,-20914.1,-3453.33,153954,-469.554,156798,1.27943e+16
20230101T000016.600000,6,1898,5960.05,-1125.38,-842.022,0,0,0,3182.35,10513.4,8021.02,56876.7,-1514.54,58863,9.42441e+15
20230101T000016.600000,6,1899,9063.43,1534.64,684.27,0,0,0,4558.35,-22120.8,-9918.26,131456,-1679.38,135202,8.34052e+15
20230101T000016.600000,6,1900,6879.19,-371.47,-470.45,0,0,0,637.389,4066.16,5173.77,75718.5,-279.378,75938.3,1.01551e+16
20230101T000016.600000,6,1901,4145.34,1508.35,-405.108,0,0,0,3928.11,-9899.41,2681.42,27532.2,975.677,31134.8,2.09409e+16
20230101T000016.600000,6,1902,6537.52,3962.85,1183.2,0,0,0,26810.4,-40430.9,-12368,69001.3,-7497.12,93510.8,1.40516e+16
20230101T000016.600000,6,1903,5834.61,5518.15,-871.245,0,0,0,49394.4,-50876.1,8128.41,55071.5,7687.54,103189,1.84993e+16
20230101T000016.600000,3,1722,3630.53,-2451.89,7.03148,0,0,0,2500,0,0,2500,0,2500,0
20230101T000016.600000,3,1723,5689.84,-8222.13,119.594,0,0,0,2500,0,0,2500,0,2500,0
20230101T000016.600000,3,1724,2225.11,-983.013,224.316,0,0,0,2500,0,0,2500,0,2500,0
20230101T000016.600000,3,1725,121.076,-48.0158,-3.18793,0,0,0,2500,0,0,2500,0,2500,0
20230101T000016.600000,3,1726,7866.22,-2347.55,502.785,0,0,0,2500,0,0,2500,0,2500,0
20230101T000016.600000,3,1727,4812.3,-1654.42,1046.47,0,0,0,2500,0,0,2500,0,2500,0
20230101T000016.600000,3,1728,3006.75,177.987,-73.5627,0,0,0,2500,0,0,2500,0,2500,0
20230101T000016.600000,3,1729,1299.91,0.56337,-43.7515,0,0,0,2500,0,0,2500,0,2500,0
20230101T000016.600000,3,1730,9809.17,1333.77,220.122,0,0,0,2500,0,0,2500,0,2500,0
20230101T000016.600000,3,1731,5960.05,-1125.38,-842.022,0,0,0,2500,0,0,2500,0,2500,0
20230101T000016.600000,3,1732,9063.43,1534.64,684.27,0,0,0,2500,0,0,2500,0,2500,0
20230101T000016.600000,3,1733,6879.19,-371.47,-470.45,0,0,0,2500,0,0,2500,0,2500,0
20230101T000016.600000,3,1734,4145.34,1508.35,-405.108,0,0,0,2500,0,0,2500,0,2500,0
20230101T000016.600000,3,1735,6537.52,3962.85,1183.2,0,0,0,2500,0,0,2500,0,2500,0
20230101T000016.600000,3,1736,5834.61,5518.15,-871.245,0,0,0,2500,0,0,2500,0,2500,0
20230101T000016.700000,6,1904,1576.8,-1682.55,643.539,0,0,0,4867.16,3884.64,-1612.25,4362.5,1720.37,8512.28,1.38961e+16
20230101T000016.700000,6,1905,2802.93,-2652.02,-366.4,0,0,0,11400,11754.6,1638.81,12701.7,-1550.58,23824,1.5893e+16
20230101T000016.700000,6,1906,1280.08,-223.76,-38.1801,0,0,0,144.422,447.049,76.3474,2623.75,-13.3456,2701.95,1.46511e+22
20230101T000016.700000,6,1907,4366.2,-1664.23,-116.575,0,0,0,4506.32,11597.7,812.894,30512.9,-309.845,34933.5,9.30997e+15
20230101T000016.700000,6,1908,9133.75,-4242.18,-453.509,0,0,0,29117,61845.1,6624.97,133550,-3076.98,162274,9.66134e+15
20230101T000016.700000,6,1909,8165.23,-4844.96,-561.086,0,0,0,37977.5,63047.3,7326.99,106821,-4347.58,144232,8.85189e+15
20230101T000016.700000,6,1910,2149.3,-39.2484,19.9828,0,0,0,67.0765,133.79,-68.1236,7391.19,1.24401,7393.64,1.50136e+16
20230101T000016.700000,6,1911,1277.11,-238.806,-43.7019,0,0,0,155.966,475.87,87.1859,2611.89,-16.3028,2700.95,1.43886e+22
20230101T000016.700000,6,1912,3328.48,-182.822,185.04,0,0,0,171.709,967.137,-981.908,17726.4,53.9329,17779.7,1.59073e+16
20230101T000016.700000,6,1913,4259.03,444.888,655.407,0,0,0,1058.42,-2954.19,-4456.72,29031.1,-465.538,29341.1,9.98792e+15
20230101T000016.700000,6,1914,4667.47,35.2671,-245.941,0,0,0,162.583,-262.16,1833.32,34856.5,13.8524,34858.6,8.52004e+15
20230101T000016.700000,6,1915,6094.84,713.468,-1118.37,0,0,0,2849.73,-6719.3,10894.9,59463.1,1275.36,60251.8,2.35369e+16
20230101T000016.700000,6,1916,6714.53,-576.593,512.335,0,0,0,1012.01,6153.26,-5499.32,72139.3,472.24,72668.1,1.54664e+16
20230101T000016.700000,6,1917,9001.85,375.632,-479.605,0,0,0,656.861,-5392.22,6904.34,129654,288.106,129879,8.88871e+15
20230101T000016.700000,6,1918,3943.43,2738.45,-813.869,0,0,0,12755.5,-16752.5,5126.44,25246.1,3559.96,36881.4,2.63087e+16
20230101T000016.700000,6,1919,6242.39,7667.8,-533.432,0,0,0,94279.3,-76330.6,5325.66,62660.1,6541.74,156420,1.28413e+16
20230101T000016.700000,6,1920,4545.43,3615.93,798.944,0,0,0,21583.9,-25769.4,-5803.72,33477.7,-4616.91,53978.7,1.31126e+16
20230101T000016.700000,3,1737,1576.8,-1682.55,643.539,0,0,0,2500,0,0,2500,0,2500,0
20230101T000016.700000,3,1738,2802.93,-2652.02,-366.4,0,0,0,2500,0,0,2500,0,2500,0
20230101T000016.700000,3,1739,1280.08,-223.76,-38.1801,0,0,0,2500,0,0,2500,0,2500,0
20230101T000016.700000,3,1740,4366.2,-1664.23,-116.575,0,0,0,2500,0,0,2500,0,2500,0
20230101T000016.700000,3,1741,9133.75,-4242.18,-453.509,0,0,0,2500,0,0,2500,0,2500,0
20230101T000016.700000,3,1742,8165.23,-4844.96,-561.086,0,0,0,2500,0,0,2500,0,2500,0
20230101T000016.700000,3,1743,2149.3,-39.2484,19.9828,0,0,0,2500,0,0,2500,0,2500,0
20230101T000016.700000,3,1744,1277.11,-238.806,-43.7019,0,0,0,2500,0,0,2500,0,2500,0
20230101T000016.700000,3,1745,3328.48,-182.822,185.04,0,0,0,2500,0,0,2500,0,2500,0
20230101T000016.700000,3,1746,4259.03,444.888,655.407,0,0,0,2500,0,0,2500,0,2500,0
20230101T000016.700000,3,1747,4667.47,35.2671,-245.941,0,0,0,2500,0,0,2500,0,2500,0
20230101T000016.700000,3,1748,6094.84,713.468,-1118.37,0,0,0,2500,0,0,2500,0,2500,0
20230101T000016.700000,3,1749,6714.53,-576.593,512.335,0,0,0,2500,0,0,2500,0,2500,0
20230101T000016.700000,3,1750,9001.85,375.632,-479.605,0,0,0,2500,0,0,2500,0,2500,0
20230101T000016.700000,3,1751,3943.43,2738.45,-813.869,0,0,0,2500,0,0,2500,0,2500,0
20230101T000016.700000,3,1752,6242.39,7667.8,-533.432,0,0,0,2500,0,0,2500,0,2500,0
20230101T000016.700000,3,1753,4545.43,3615.93,798.944,0,0,0,2500,0,0,2500,0,2500,0
20230101T000016.800000,6,1921,1618.94,-1076.26,410.383,0,0,0,2082.71,2635.37,-1052.25,4294.93,699.528,6049.64,8.6942e+15
20230101T000016.800000,6,1922,1227.68,-426.01,-51.6203,0,0,0,351.212,815.698,98.9994,2418.85,-34.3531,2702,4.44196e+20
20230101T000016.800000,6,1923,3834.97,-2244.67,148.501,0,0,0,8135.58,13729.9,-909.349,23556.5,532.257,31592.9,1.6094e+16
20230101T000016.800000,6,1924,7885.06,-4604.62,-628.953,0,0,0,34443.6,57789,7931.14,99655.9,-4631.53,133403,1.84635e+16
20230101T000016.800000,6,1925,4374.52,2446.84,-448.66,0,0,0,9872.9,-16961.7,3135.31,30710.2,1753.7,40198,1.25379e+16
20230101T000016.800000,6,1926,2175.87,1340.29,-300.862,0,0,0,3024.94,-4573.19,1041.09,7632.25,641.289,10450.1,1.58614e+16
20230101T000016.800000,6,1927,8966.04,7744.95,-441.879,0,0,0,96190.4,-110920,6337.25,128785,5474.17,224599,8.52535e+15
20230101T000016.800000,6,1928,9081.44,5947.29,1255.42,0,0,0,58401.5,-85231.3,-18235.5,132732,-11942.1,188549,2.08341e+16
20230101T000016.800000,6,1929,4218.62,3727.47,-495.668,0,0,0,22486.9,-24933.1,3341.46,28675,2952.44,50705.8,1.0332e+16
20230101T000016.800000,4,1722,3695.54,-2469.2,18.0088,12.5014,-3.32926,2.11102,793.737,1082.8,-3.10523,1665.78,2.09712,2397.04,0
20230101T000016.800000,4,1744,1260.29,-330.913,-47.5334,-1.66538,-9.11954,-0.379356,105.754,224.244,41.0605,1263.06,-7.67786,1304.3,0
20230101T000016.800000,3,1754,1618.94,-1076.26,410.383,0,0,0,2500,0,0,2500,0,2500,0
20230101T000016.800000,3,1755,7885.06,-4604.62,-628.953,0,0,0,2500,0,0,2500,0,2500,0
20230101T000016.800000,3,1756,4374.52,2446.84,-448.66,0,0,0,2500,0,0,2500,0,2500,0
20230101T000016.800000,3,1757,2175.87,1340.29,-300.862,0,0,0,2500,0,0,2500,0,2500,0
20230101T000016.800000,3,1758,8966.04,7744.95,-441.879,0,0,0,2500,0,0,2500,0,2500,0
20230101T000016.800000,3,1759,9081.44,5947.29,1255.42,0,0,0,2500,0,0,2500,0,2500,0
20230101T000016.800000,3,1760,4218.62,3727.47,-495.668,0,0,0,2500,0,0,2500,0,2500,0
20230101T000016.900000,6,1930,2857.5,-3466.19,-157.121,0,0,0,19265,15796.6,716.932,13126,-869.649,32287.7,1.50535e+16
20230101T000016.900000,6,1931,1116.38,-666.943,-22.9106,0,0,0,759.471,1162.76,39.9554,2011.14,-23.87,2705.81,1.90099e+20
20230101T000016.900000,6,1932,1277.27,-479.893,-98.9094,0,0,0,437.982,954.606,197.813,2620.07,-74.3222,2979.06,2.59309e+16
20230101T000016.900000,6,1933,4053.43,-1239.02,491.157,0,0,0,2867.04,7910.12,-3178.39,26326.8,971.549,28745.6,1.80624e+16
20230101T000016.900000,6,1934,6888.62,-4285.66,-698.899,0,0,0,29996.2,46856.6,7698.47,76160.7,-4789.5,105312,1.59594e+16
20230101T000016.900000,6,1935,7147.63,-2199.36,-444.502,0,0,0,8086.54,25045.5,5079.79,81774.7,-1563.08,89481.5,1.61542e+16
20230101T000016.900000,6,1936,6578.95,-3673.56,-756.615,0,0,0,22338.6,38252.2,7958.81,69484.9,-4444.05,90844.8,1.5999e+16
20230101T000016.900000,6,1937,6646.72,3198.93,-127.594,0,0,0,16446.1,-33984.6,1355.93,70703.1,652.581,87059.2,1.15425e+16
20230101T000016.900000,6,1938,6677.73,4109.52,-1873.1,0,0,0,31136.6,-41375,20000.6,72906,12308.5,98371.9,1.73899e+16
20230101T000016.900000,6,1939,159.196,153.115,56.5543,0,0,0,71.3694,-6.43529,-3.32129,71.8708,-3.19443,81.9978,1.85779e+16
20230101T000016.900000,3,1761,2857.5,-3466.19,-157.121,0,0,0,2500,0,0,2500,0,2500,0
20230101T000016.900000,3,1762,1116.38,-666.943,-22.9106,0,0,0,2500,0,0,2500,0,2500,0
20230101T000016.900000,3,1763,1277.27,-479.893,-98.9094,0,0,0,2500,0,0,2500,0,2500,0
20230101T000016.900000,3,1764,4053.43,-1239.02,491.157,0,0,0,2500,0,0,2500,0,2500,0
20230101T000016.900000,3,1765,6888.62,-4285.66,-698.899,0,0,0,2500,0,0,2500,0,2500,0
20230101T000016.900000,3,1766,7147.63,-2199.36,-444.502,0,0,0,2500,0,0,2500,0,2500,0
20230101T000016.900000,3,1767,6578.95,-3673.56,-756.615,0,0,0,2500,0,0,2500,0,2500,0
20230101T000016.900000,3,1768,6646.72,3198.93,-127.594,0,0,0,2500,0,0,2500,0,2500,0
20230101T000016.900000,3,1769,6677.73,4109.52,-1873.1,0,0,0,2500,0,0,2500,0,2500,0
20230101T000016.900000,3,1770,159.196,153.115,56.5543,0,0,0,2500,0,0,2500,0,2500,0
20230101T000017,6,1940,2730.56,-2325.55,300.179,0,0,0,8773.5,10057.6,-1307.4,12016.9,1113.48,20583.1,8.66753e+15
20230101T000017,6,1941,3370.91,-2224.18,-54.1467,0,0,0,7962.99,11964.4,291.322,18201.7,-192.219,26096,1.14094e+16
20230101T000017,6,1942,9109.88,-7792.68,1064.75,0,0,0,98245.5,112657,-15515.3,133577,13271.9,229946,1.35559e+16
20230101T000017,6,1943,994.355,-834.253,-45.1493,0,0,0,1152.99,1294.19,70.1277,1609.74,-58.8364,2695.63,2.70764e+20
20230101T000017,6,1944,3444.44,-2107.49,-84.917,0,0,0,7161.35,11581,466.84,19003.3,-285.637,26089.1,1.10331e+16
20230101T000017,6,1945,10688.2,-3136,-140.504,0,0,0,15823.2,53603.1,2402,182786,-704.768,198514,1.91861e+16
20230101T000017,6,1946,8056.75,-5216.78,717.612,0,0,0,44169.1,66843.5,-9246.6,104120,5987.21,147402,2.26716e+16
20230101T000017,6,1947,6215.74,-1807.86,332.102,0,0,0,5450.93,17915.1,-3299.67,61835.4,959.716,67046.2,7.2784e+15
20230101T000017,6,1948,8549.57,-92.9553,34.3904,0,0,0,79.7086,1270.85,-470.18,116952,5.11204,116966,8.10762e+15
20230101T000017,6,1949,5450.58,868.064,-135.973,0,0,0,1296.88,-7555.8,1184.25,47536.5,188.605,48739.9,1.32239e+16
20230101T000017,6,1950,7004.45,4027.36,704.95,0,0,0,26596.7,-44764.1,-7895.66,78713.1,-4539.77,104452,1.25176e+16
20230101T000017,6,1951,4726.06,1406.61,-721.937,0,0,0,3989.27,-10391.2,5450.28,35810,1622.15,38904.1,1.48318e+16
20230101T000017,6,1952,1123.08,1519.05,12.0957,0,0,0,3714.74,-2698.93,-21.4914,2059.62,-29.0688,5710.14,8.3035e+15
20230101T000017,6,1953,822.716,527.075,-13.035,0,0,0,490.054,-664.624,16.4397,1101.68,10.5321,1527.48,2.52515e+16
20230101T000017,6,1954,6502.19,4769.13,869.384,0,0,0,37218.8,-49008.8,-9039.14,68090.7,-6629.9,104038,1.19806e+16
20230101T000017,6,1955,5083.58,5433.5,-870.492,0,0,0,47832,-43558.2,7075.29,42028.5,7562.31,88585.9,8.48382e+15
20230101T000017,6,1956,5474.69,7410.26,-1262.04,0,0,0,88781.2,-63662.2,11049.7,49644.7,14956.3,135816,1.36733e+16
20230101T000017,4,1762,1063.28,-751.887,-33.6453,-5.2577,-8.41028,-1.06285,389.836,547.411,18.8074,979.103,-11.2359,1305.95,0
20230101T000017,3,1771,2730.56,-2325.55,300.179,0,0,0,2500,0,0,2500,0,2500,0
20230101T000017,3,1772,3370.91,-2224.18,-54.1467,0,0,0,2500,0,0,2500,0,2500,0
20230101T000017,3,1773,9109.88,-7792.68,1064.75,0,0,0,2500,0,0,2500,0,2500,0
20230101T000017,3,1774,3444.44,-2107.49,-84.917,0,0,0,2500,0,0,2500,0,2500,0
20230101T000017,3,1775,10688.2,-3136,-140.504,0,0,0,2500,0,0,2500,0,2500,0
20230101T000017,3,1776,8056.75,-5216.78,717.612,0,0,0,2500,0,0,2500,0,2500,0
20230101T000017,3,1777,6215.74,-1807.86,332.102,0,0,0,2500,0,0,2500,0,2500,0
20230101T000017,3,1778,8549.57,-92.9553,34.3904,0,0,0,2500,0,0,2500,0,2500,0
20230101T000017,3,1779,5450.58,868.064,-135.973,0,0,0,2500,0,0,2500,0,2500,0
20230101T000017,3,1780,7004.45,4027.36,704.95,0,0,0,2500,0,0,2500,0,2500,0
20230101T000017,3,1781,4726.06,1406.61,-721.937,0,0,0,2500,0,0,2500,0,2500,0
20230101T000017,3,1782,1123.08,1519.05,12.0957,0,0,0,2500,0,0,2500,0,2500,0
20230101T000017,3,1783,822.716,527.075,-13.035,0,0,0,2500,0,0,2500,0,2500,0
20230101T000017,3,1784,6502.19,4769.13,869.384,0,0,0,2500,0,0,2500,0,2500,0
20230101T000017,3,1785,5083.58,5433.5,-870.492,0,0,0,2500,0,0,2500,0,2500,0
20230101T000017,3,1786,5474.69,7410.26,-1262.04,0,0,0,2500,0,0,2500,0,2500,0
20230101T000017.100000,6,1957,9596.39,-6001.72,-1828.24,0,0,0,61522.2,89719.5,28062.7,148866,-17550.8,204980,1.53894e+16
20230101T000017.100000,6,1958,2834.52,-3016.76,618.903,0,0,0,14878.1,13344.6,-2800.46,13213.9,2980.51,27418,1.15934e+16
20230101T000017.100000,6,1959,9283.22,-7740.81,-568.804,0,0,0,96215.3,114689,8446.22,138123,-7042.88,233757,1.26194e+16
20230101T000017.100000,6,1960,7046.45,-7199.1,1065.4,0,0,0,83842.8,80225.5,-12007,80403.8,12267.1,162368,1.1211e+16
20230101T000017.100000,6,1961,10148.2,-4509.58,1822.74,0,0,0,37029.4,71226.5,-29586.6,165663,13147.5,197316,1.82244e+16
20230101T000017.100000,6,1962,9317.84,-5456.47,835.206,0,0,0,48515.4,80833.6,-12447.5,139217,7289.16,186553,1.06618e+16
20230101T000017.100000,6,1963,5733.17,-3505.6,-286.539,0,0,0,19804.9,32070.2,2626.12,52644,-1605.77,72253.7,1.09559e+16
20230101T000017.100000,6,1964,11599.8,-851.298,-1834.72,0,0,0,6578.72,15402,34041.9,215316,-2498.31,216448,1.00937e+16
20230101T000017.100000,6,1965,6248.15,1508.72,-259.556,0,0,0,3804.21,-15043.6,2592.28,62472.6,625.95,66105.2,1.55796e+16
20230101T000017.100000,6,1966,817.852,997.336,163.836,0,0,0,1634.08,-1253.14,-209.317,1133.55,-255.253,2662.71,2.01741e+21
20230101T000017.100000,6,1967,6485.16,8759.86,1868.43,0,0,0,124776,-88193.6,-19381,70940,-26178.9,190070,1.96175e+16
20230101T000017.100000,6,1968,5842.76,5336.06,542.06,0,0,0,45848.7,-49617.8,-5064.18,54863.2,-4625,100178,1.50744e+16
20230101T000017.100000,3,1787,9596.39,-6001.72,-1828.24,0,0,0,2500,0,0,2500,0,2500,0
20230101T000017.100000,3,1788,2834.52,-3016.76,618.903,0,0,0,2500,0,0,2500,0,2500,0
20230101T000017.100000,3,1789,9283.22,-7740.81,-568.804,0,0,0,2500,0,0,2500,0,2500,0
20230101T000017.100000,3,1790,7046.45,-7199.1,1065.4,0,0,0,2500,0,0,2500,0,2500,0
20230101T000017.100000,3,1791,10148.2,-4509.58,1822.74,0,0,0,2500,0,0,2500,0,2500,0
20230101T000017.100000,3,1792,9317.84,-5456.47,835.206,0,0,0,2500,0,0,2500,0,2500,0
20230101T000017.100000,3,1793,5733.17,-3505.6,-286.539,0,0,0,2500,0,0,2500,0,2500,0
20230101T000017.100000,3,1794,11599.8,-851.298,-1834.72,0,0,0,2500,0,0,2500,0,2500,0
20230101T000017.100000,3,1795,6248.15,1508.72,-259.556,0,0,0,2500,0,0,2500,0,2500,0
20230101T000017.100000,3,1796,817.852,997.336,163.836,0,0,0,2500,0,0,2500,0,2500,0
20230101T000017.100000,3,1797,6485.16,8759.86,1868.43,0,0,0,2500,0,0,2500,0,2500,0
20230101T000017.100000,3,1798,5842.76,5336.06,542.06,0,0,0,2500,0,0,2500,0,2500,0
20230101T000017.200000,6,1969,2314.03,-2302.6,-407.274,0,0,0,8648.19,8361.06,1502.34,8730.96,-1494.92,17051.7,1.14038e+16
20230101T000017.200000,6,1970,3733.1,-3674.14,255.106,0,0,0,21684.3,21861.5,-1521.52,22380.3,1497.49,43896.8,9.3318e+15
20230101T000017.200000,6,1971,1926.96,-1218.16,38.3878,0,0,0,2421.67,3725.8,-117.444,5960.02,74.2445,8315.37,1.40701e+16
20230101T000017.200000,6,1972,2111.17,-990.935,-246.782,0,0,0,1702.84,3285.42,827.536,7160.26,-388.427,8703.08,9.47539e+15
20230101T000017.200000,6,1973,5329.88,-1306.18,-853.153,0,0,0,3887.32,10855.2,7266.09,45521.7,-1780.68,48183.5,9.70428e+15
20230101T000017.200000,6,1974,8186.11,-5352.84,-675.553,0,0,0,46400.8,69746.7,8844.56,107458,-5783.4,153065,2.17537e+16
20230101T000017.200000,6,1975,4802.02,-1641.14,-257.231,0,0,0,4461.31,12557.3,1973.3,36912.7,-674.397,41204.5,8.13681e+15
20230101T000017.200000,6,1976,4052.92,1329.17,-391.219,0,0,0,3105.11,-8527.93,2531.4,26311.8,830.181,29109.1,2.27726e+16
20230101T000017.200000,6,1977,10968.7,4914.14,1083.75,0,0,0,40256,-85517.5,-19014.5,192823,-8518.81,231137,1.42895e+16
20230101T000017.200000,6,1978,7113.46,3111.58,-564.235,0,0,0,15972,-35204.1,6417.62,81054.2,2807.2,96453.5,8.65082e+15
20230101T000017.200000,6,1979,991.595,817.652,199.609,0,0,0,1144.83,-1235.28,-309.202,1624.31,-254.962,2644.41,9.60733e+21
20230101T000017.200000,3,1799,2314.03,-2302.6,-407.274,0,0,0,2500,0,0,2500,0,2500,0
20230101T000017.200000,3,1800,3733.1,-3674.14,255.106,0,0,0,2500,0,0,2500,0,2500,0
20230101T000017.200000,3,1801,1926.96,-1218.16,38.3878,0,0,0,2500,0,0,2500,0,2500,0
20230101T000017.200000,3,1802,2111.17,-990.935,-246.782,0,0,0,2500,0,0,2500,0,2500,0
20230101T000017.200000,3,1803,5329.88,-1306.18,-853.153,0,0,0,2500,0,0,2500,0,2500,0
20230101T000017.200000,3,1804,8186.11,-5352.84,-675.553,0,0,0,2500,0,0,2500,0,2500,0
20230101T000017.200000,3,1805,4802.02,-1641.14,-257.231,0,0,0,2500,0,0,2500,0,2500,0
20230101T000017.200000,3,1806,4052.92,1329.17,-391.219,0,0,0,2500,0,0,2500,0,2500,0
20230101T000017.200000,3,1807,10968.7,4914.14,1083.75,0,0,0,2500,0,0,2500,0,2500,0
20230101T000017.200000,3,1808,7113.46,3111.58,-564.235,0,0,0,2500,0,0,2500,0,2500,0
20230101T000017.200000,3,1809,991.595,817.652,199.609,0,0,0,2500,0,0,2500,0,2500,0
20230101T000017.300000,6,1980,10775,-4219.57,-2427.69,0,0,0,36716.8,69522.5,41841.2,187022,-16385.4,214250,9.77651e+15
20230101T000017.300000,6,1981,4162.95,-1593.98,204.272,0,0,0,4179.17,10573.5,-1357.86,27745,519.922,31793.6,1.43198e+16
20230101T000017.300000,6,1982,9543.37,-4488.78,-383.93,0,0,0,32484.2,68425.6,5860.27,145776,-2756.41,177960,1.00445e+16
20230101T000017.300000,6,1983,5924.38,-3125.32,394.905,0,0,0,15873.2,29495.6,-3739.98,56225.4,1972.97,71785.5,1.11876e+16
20230101T000017.300000,6,1984,255.328,18.3442,-48.6876,0,0,0,65.7602,-2.80818,8.17274,104.645,0.587174,107.081,1.86061e+16
20230101T000017.300000,6,1985,1109.83,654.729,175.819,0,0,0,769.171,-1113.48,-304.824,1999.76,-179.826,2657.81,7.68027e+21
20230101T000017.300000,6,1986,5247.91,2110.51,1114.98,0,0,0,8892.03,-17011.4,-9350.83,44350.4,-3760.56,51194.1,6.623e+15
20230101T000017.300000,6,1987,8188.95,8186.56,-48.5324,0,0,0,107266,-107229,635.697,107328,635.512,214526,1.64399e+16
20230101T000017.300000,6,1988,5087.19,5708.37,-1461.69,0,0,0,53677.4,-44734.7,11889.6,43346.9,13341.4,93546.3,1.6931e+16
20230101T000017.300000,6,1989,5463.74,7035.47,-548.07,0,0,0,79401.4,-61240.2,4788.81,48103.4,6166.4,126961,1.51973e+16
20230101T000017.300000,4,1793,5728.2,-3485.22,-262.211,-0.956034,3.91875,4.67847,731.672,1087.18,88.8697,1844.92,-54.3401,2505.41,0
20230101T000017.300000,4,1809,1055.42,742.848,188.131,6.31907,-7.40631,-1.13639,577.236,-588.808,-145.544,805.784,-120.013,1277.04,0
20230101T000017.300000,3,1810,10775,-4219.57,-2427.69,0,0,0,2500,0,0,2500,0,2500,0
20230101T000017.300000,3,1811,4162.95,-1593.98,204.272,0,0,0,2500,0,0,2500,0,2500,0
20230101T000017.300000,3,1812,9543.37,-4488.78,-383.93,0,0,0,2500,0,0,2500,0,2500,0
20230101T000017.300000,3,1813,255.328,18.3442,-48.6876,0,0,0,2500,0,0,2500,0,2500,0
20230101T000017.300000,3,1814,5247.91,2110.51,1114.98,0,0,0,2500,0,0,2500,0,2500,0
20230101T000017.300000,3,1815,8188.95,8186.56,-48.5324,0,0,0,2500,0,0,2500,0,2500,0
20230101T000017.300000,3,1816,5087.19,5708.37,-1461.69,0,0,0,2500,0,0,2500,0,2500,0
20230101T000017.300000,3,1817,5463.74,7035.47,-548.07,0,0,0,2500,0,0,2500,0,2500,0
20230101T000017.400000,6,1990,7641.34,-5010.74,-933.806,0,0,0,41192,60593.3,11411.4,93862.8,-7482.95,133597,9.13311e+15
20230101T000017.400000,6,1991,2302.56,-491.725,-587.268,0,0,0,972.239,1686.55,2148.85,8509.54,-458.9,8873.46,2.32709e+16
20230101T000017.400000,6,1992,3695.27,-643.602,-454.642,0,0,0,1044.96,3738.68,2680.51,21859.6,-466.862,22511.7,1.94103e+16
20230101T000017.400000,6,1993,10391.2,-4403.82,-84.0935,0,0,0,31093.7,73190.6,1397.69,172775,-592.346,203794,1.43527e+16
20230101T000017.400000,6,1994,520.705,-248.52,3.94532,0,0,0,150.964,182.162,-2.89202,445.692,1.38029,532.636,3.42607e+16
20230101T000017.400000,6,1995,6873.97,-2053.06,765.034,0,0,0,7661.96,22306.2,-8407.64,75684.2,2511.13,82347.1,1.03877e+16
20230101T000017.400000,6,1996,6170.33,-2408.59,-1071.21,0,0,0,10929.4,23135.8,10566.2,61167.8,-4124.51,70200.5,1.00569e+16
20230101T000017.400000,6,1997,623.167,121.442,-18.2701,0,0,0,85.7191,-108.98,16.4104,623.699,3.19804,644.99,1.68495e+16
20230101T000017.400000,6,1998,5586.23,1067.86,380.465,0,0,0,2109.41,-9490,-3396.4,49940,-649.25,51754.4,2.82475e+16
20230101T000017.400000,6,1999,9757.05,-1333.16,-323.462,0,0,0,3070.81,20781.3,5047.57,152324,-689.679,155164,8.84447e+15
20230101T000017.400000,6,2000,1208.05,444.818,182.927,0,0,0,418.972,-822.08,-345.212,2348.91,-127.111,2652.87,8.98143e+21
20230101T000017.400000,6,2001,7635.7,3612.01,-802.926,0,0,0,21769.3,-43705.1,9803.99,93486.5,4637.71,114161,1.74157e+16
20230101T000017.400000,6,2002,1706.47,1912.71,-468.465,0,0,0,6036.63,-5017.19,1271.54,4889.26,1425.22,10514.9,1.49349e+16
20230101T000017.400000,6,2003,1483.02,1321.18,199.461,0,0,0,2863.66,-3071.87,-468.538,3575.17,-417.408,6312.46,8.91914e+16
20230101T000017.400000,6,2004,9779.01,6539.85,496.435,0,0,0,68748.1,-102114,-7765.19,153148,-5193.08,221438,1.35531e+16
20230101T000017.400000,3,1818,7641.34,-5010.74,-933.806,0,0,0,2500,0,0,2500,0,2500,0
20230101T000017.400000,3,1819,2302.56,-491.725,-587.268,0,0,0,2500,0,0,2500,0,2500,0
20230101T000017.400000,3,1820,3695.27,-643.602,-454.642,0,0,0,2500,0,0,2500,0,2500,0
20230101T000017.400000,3,1821,10391.2,-4403.82,-84.0935,0,0,0,2500,0,0,2500,0,2500,0
20230101T000017.400000,3,1822,520.705,-248.52,3.94532,0,0,0,2500,0,0,2500,0,2500,0
20230101T000017.400000,3,1823,6873.97,-2053.06,765.034,0,0,0,2500,0,0,2500,0,2500,0
20230101T000017.400000,3,1824,6170.33,-2408.59,-1071.21,0,0,0,2500,0,0,2500,0,2500,0
20230101T000017.400000,3,1825,623.167,121.442,-18.2701,0,0,0,2500,0,0,2500,0,2500,0
20230101T000017.400000,3,1826,5586.23,1067.86,380.465,0,0,0,2500,0,0,2500,0,2500,0
20230101T000017.400000,3,1827,9757.05,-1333.16,-323.462,0,0,0,2500,0,0,2500,0,2500,0
20230101T000017.400000,3,1828,1208.05,444.818,182.927,0,0,0,2500,0,0,2500,0,2500,0
20230101T000017.400000,3,1829,7635.7,3612.01,-802.926,0,0,0,2500,0,0,2500,0,2500,0
20230101T000017.400000,3,1830,1706.47,1912.71,-468.465,0,0,0,2500,0,0,2500,0,2500,0
20230101T000017.400000,3,1831,1483.02,1321.18,199.461,0,0,0,2500,0,0,2500,0,2500,0
20230101T000017.400000,3,1832,9779.01,6539.85,496.435,0,0,0,2500,0,0,2500,0,2500,0
20230101T000017.500000,6,2005,8356.07,-6412.72,-877.364,0,0,0,66611.8,85110.6,11725.9,112198,-8998.83,177515,1.09356e+16
20230101T000017.500000,6,2006,3163.53,-993.024,693.59,0,0,0,2334.24,4788.87,-3498.47,16087.2,1098.16,17593.1,2.53948e+16
20230101T000017.500000,6,2007,6892.44,-2982.92,457.035,0,0,0,14571.7,32750.3,-5036.58,76072,2179.74,90246,8.80365e+15
20230101T000017.500000,6,2008,1269.85,224.592,162.083,0,0,0,182.559,-438.303,-321.515,2583.22,-56.8648,2661.73,2.42679e+21
20230101T000017.500000,6,2009,1338.86,221.97,172.264,0,0,0,186.343,-457.673,-361.132,2871.02,-59.8721,2947.91,1.70398e+17
20230101T000017.500000,6,2010,5795.64,143.919,-66.8481,0,0,0,104.238,-1332.8,619.147,53743.1,15.3748,53776.2,1.18432e+16
20230101T000017.500000,6,2011,2518.87,904.647,483.725,0,0,0,1695.92,-3507.09,-1938.97,10201.4,-696.375,11463,1.72487e+16
20230101T000017.500000,6,2012,6600.67,3886.1,-647.441,0,0,0,24708,-40720.3,6833.04,69899.1,4022.9,93873.4,1.37127e+16
20230101T000017.500000,6,2013,7179.1,3234.99,2074.55,0,0,0,22517.8,-34557.3,-23815,83635.4,-10731.3,99211.5,1.38049e+16
20230101T000017.500000,6,2014,8642.97,1616.96,162.829,0,0,0,4286.07,-22341.2,-2250.56,119525,-421.042,123705,1.10025e+16
20230101T000017.500000,6,2015,996.01,1488.34,-46.1482,0,0,0,3565.1,-2340.71,72.6259,1633.78,108.525,5131.56,1.16379e+16
20230101T000017.500000,6,2016,4327.49,4390.23,-1231.85,0,0,0,32065.4,-29153.3,8520.67,31226.1,8644.21,60804.5,1.53594e+16
20230101T000017.500000,3,1833,8356.07,-6412.72,-877.364,0,0,0,2500,0,0,2500,0,2500,0
20230101T000017.500000,3,1834,3163.53,-993.024,693.59,0,0,0,2500,0,0,2500,0,2500,0
20230101T000017.500000,3,1835,6892.44,-2982.92,457.035,0,0,0,2500,0,0,2500,0,2500,0
20230101T000017.500000,3,1836,1269.85,224.592,162.083,0,0,0,2500,0,0,2500,0,2500,0
20230101T000017.500000,3,1837,1338.86,221.97,172.264,0,0,0,2500,0,0,2500,0,2500,0
20230101T000017.500000,3,1838,5795.64,143.919,-66.8481,0,0,0,2500,0,0,2500,0,2500,0
20230101T000017.500000,3,1839,2518.87,904.647,483.725,0,0,0,2500,0,0,2500,0,2500,0
20230101T000017.500000,3,1840,6600.67,3886.1,-647.441,0,0,0,2500,0,0,2500,0,2500,0
20230101T000017.500000,3,1841,7179.1,3234.99,2074.55,0,0,0,2500,0,0,2500,0,2500,0
20230101T000017.500000,3,1842,8642.97,1616.96,162.829,0,0,0,2500,0,0,2500,0,2500,0
20230101T000017.500000,3,1843,996.01,1488.34,-46.1482,0,0,0,2500,0,0,2500,0,2500,0
20230101T000017.500000,3,1844,4327.49,4390.23,-1231.85,0,0,0,2500,0,0,2500,0,2500,0
20230101T000017.600000,6,2017,1418.37,-1178.23,375.086,0,0,0,2390.73,2533.03,-841.602,3335.85,699.114,5442.56,4.83194e+16
20230101T000017.600000,6,2018,5728.09,-7437.26,2125.36,0,0,0,91214.1,64638.7,-19470.4,57072.3,25280,141001,1.33857e+16
20230101T000017.600000,6,2019,3566.87,-636.24,-425.437,0,0,0,989.529,3570.04,2420.67,20367,-431.786,21004.6,2.11405e+16
20230101T000017.600000,6,2020,9549.84,-5871.69,-775.575,0,0,0,55907.3,89260,11846.8,146201,-7283.98,201082,1.23802e+16
20230101T000017.600000,6,2021,3746.61,-1860.21,-144.709,0,0,0,5614.76,11112.4,865.486,22478.6,-429.718,27996,1.59683e+16
20230101T000017.600000,6,2022,2690.13,344.496,204.062,0,0,0,318.048,-1466.37,-873.576,11580.9,-111.87,11769.1,1.05593e+16
20230101T000017.600000,6,2023,1287.59,5.59087,182.924,0,0,0,116.319,-11.0132,-367.937,2652.63,-1.59763,2653.94,3.52666e+21
20230101T000017.600000,6,2024,11948.3,-858.614,1161.85,0,0,0,3391.38,16255.4,-22205.4,228431,1595.69,229600,1.69711e+16
20230101T000017.600000,6,2025,1716.97,2301.4,255.038,0,0,0,8534.24,-6242.01,-697.256,4824.45,-934.59,13191.6,1.28081e+16
20230101T000017.600000,6,2026,2045.89,3068.39,-821.713,0,0,0,15415.3,-9517.38,2682.28,7487.16,4022.84,21764.2,1.9119e+16
20230101T000017.600000,6,2027,7036.29,9458.33,243.952,0,0,0,143193,-106406,-2745.64,79317.5,-3690.74,222351,6.6469e+15
20230101T000017.600000,4,1820,3570.8,-623.532,-437.91,-23.9354,3.85957,3.21777,161.171,377.881,267.354,2264.98,-46.5649,2301.4,0
20230101T000017.600000,3,1845,1418.37,-1178.23,375.086,0,0,0,2500,0,0,2500,0,2500,0
20230101T000017.600000,3,1846,5728.09,-7437.26,2125.36,0,0,0,2500,0,0,2500,0,2500,0
20230101T000017.600000,3,1847,9549.84,-5871.69,-775.575,0,0,0,2500,0,0,2500,0,2500,0
20230101T000017.600000,3,1848,3746.61,-1860.21,-144.709,0,0,0,2500,0,0,2500,0,2500,0
20230101T000017.600000,3,1849,2690.13,344.496,204.062,0,0,0,2500,0,0,2500,0,2500,0
20230101T000017.600000,3,1850,1287.59,5.59087,182.924,0,0,0,2500,0,0,2500,0,2500,0
20230101T000017.600000,3,1851,11948.3,-858.614,1161.85,0,0,0,2500,0,0,2500,0,2500,0
20230101T000017.600000,3,1852,1716.97,2301.4,255.038,0,0,0,2500,0,0,2500,0,2500,0
20230101T000017.600000,3,1853,2045.89,3068.39,-821.713,0,0,0,2500,0,0,2500,0,2500,0
20230101T000017.600000,3,1854,7036.29,9458.33,243.952,0,0,0,2500,0,0,2500,0,2500,0
20230101T000017.700000,6,2028,1803.53,-1873.37,166.615,0,0,0,5667.23,5351.84,-477.959,5260.48,496.467,10819.8,9.67129e+15
20230101T000017.700000,6,2029,7557.17,-8804.27,458.792,0,0,0,124194,106259,-5545.82,91608,6461.01,215402,9.09311e+15
20230101T000017.700000,6,2030,248.418,-68.9974,-37.7833,0,0,0,67.9047,10.6795,6.17068,103.389,-1.71389,107.701,9.82036e+15
20230101T000017.700000,6,2031,695.515,-278.172,10.6673,0,0,0,179.127,287.431,-11.0248,782.834,4.40938,897.805,2.35363e+16
20230101T000017.700000,6,2032,7334.21,-4543.24,268.905,0,0,0,33155.5,53233.4,-3153.84,86114.9,1953.67,119091,1.31945e+16
20230101T000017.700000,6,2033,6725.98,-1489.64,8.72611,0,0,0,3611.58,16017.4,-93.8275,72385.1,20.7805,75932.6,1.22209e+16
20230101T000017.700000,6,2034,4728.79,-2794.99,698.229,0,0,0,13123.9,20777.8,-5275.96,35996.7,3118.4,48278.6,1.35667e+16
20230101T000017.700000,6,2035,1270.81,-213.37,174.103,0,0,0,181.141,415.661,-345.629,2586.99,58.0312,2657.93,3.78948e+21
20230101T000017.700000,6,2036,1927.66,1155.12,30.5301,0,0,0,2183.06,-3533.81,-93.417,5962.7,-55.9786,8080.29,1.76275e+16
20230101T000017.700000,6,2037,2838.44,2009.67,-226.068,0,0,0,6558.97,-9058.32,1023.31,12939.4,724.522,19353.1,8.4278e+15
20230101T000017.700000,6,2038,4066.45,1206.26,464.365,0,0,0,2703.36,-7737.02,-3014.67,26490.6,-894.267,28786.5,8.82999e+15
20230101T000017.700000,6,2039,8559.51,2747.32,68.5969,0,0,0,12141.3,-37604.3,-938.984,117231,-301.383,129301,6.74815e+15
20230101T000017.700000,6,2040,6512.95,3264.09,400.809,0,0,0,17303.2,-33885.6,-4173.58,67934,-2091.67,84916.6,1.81492e+16
20230101T000017.700000,6,2041,15.0456,6.23318,0.126861,0,0,0,54.6835,22.4788,0.4575,9.73702,0.189536,0.428239,1.38382e+16
20230101T000017.700000,6,2042,2728.23,2162.07,-169.823,0,0,0,7546.86,-9384.27,738.864,11951.6,585.537,19388.6,9.13193e+15
20230101T000017.700000,6,2043,3164,4318.62,630.808,0,0,0,30085.1,-21528.9,-3189,16472.8,-4352.75,45859,1.45589e+16
20230101T000017.700000,3,1855,1803.53,-1873.37,166.615,0,0,0,2500,0,0,2500,0,2500,0
20230101T000017.700000,3,1856,7557.17,-8804.27,458.792,0,0,0,2500,0,0,2500,0,2500,0
20230101T000017.700000,3,1857,248.418,-68.9974,-37.7833,0,0,0,2500,0,0,2500,0,2500,0
20230101T000017.700000,3,1858,695.515,-278.172,10.6673,0,0,0,2500,0,0,2500,0,2500,0
20230101T000017.700000,3,1859,7334.21,-4543.24,268.905,0,0,0,2500,0,0,2500,0,2500,0
20230101T000017.700000,3,1860,6725.98,-1489.64,8.72611,0,0,0,2500,0,0,2500,0,2500,0
20230101T000017.700000,3,1861,4728.79,-2794.99,698.229,0,0,0,2500,0,0,2500,0,2500,0
20230101T000017.700000,3,1862,1270.81,-213.37,174.103,0,0,0,2500,0,0,2500,0,2500,0
20230101T000017.700000,3,1863,1927.66,1155.12,30.5301,0,0,0,2500,0,0,2500,0,2500,0
20230101T000017.700000,3,1864,2838.44,2009.67,-226.068,0,0,0,2500,0,0,2500,0,2500,0
20230101T000017.700000,3,1865,4066.45,1206.26,464.365,0,0,0,2500,0,0,2500,0,2500,0
20230101T000017.700000,3,1866,8559.51,2747.32,68.5969,0,0,0,2500,0,0,2500,0,2500,0
20230101T000017.700000,3,1867,6512.95,3264.09,400.809,0,0,0,2500,0,0,2500,0,2500,0
20230101T000017.700000,3,1868,15.0456,6.23318,0.126861,0,0,0,2500,0,0,2500,0,2500,0
20230101T000017.700000,3,1869,2728.23,2162.07,-169.823,0,0,0,2500,0,0,2500,0,2500,0
20230101T000017.700000,3,1870,3164,4318.62,630.808,0,0,0,2500,0,0,2500,0,2500,0
20230101T000017.800000,6,2044,4512.84,-3899.68,-587.944,0,0,0,24685,27852.9,4240.55,32848.7,-3664.39,56917.9,1.01271e+16
20230101T000017.800000,6,2045,1215.37,-425.278,174.935,0,0,0,388.985,792.136,-332.119,2375.59,116.214,2653.93,1.44952e+21
20230101T000017.800000,6,2046,3326.7,-935.829,451.544,0,0,0,1761.86,4879.72,-2395.53,17735.7,673.882,19109.5,1.29004e+16
20230101T000017.800000,6,2047,7157.66,-2612.83,-182.907,0,0,0,11026.7,29885,2093.25,81985.2,-764.121,92894.5,1.54259e+16
20230101T000017.800000,6,2048,5037.73,-2639.51,-381.342,0,0,0,11379.7,21153.5,3069.97,40669.7,-1608.5,51753.4,1.1318e+16
20230101T000017.800000,6,2049,12172.3,990.785,1206.85,0,0,0,3948.64,-19102.6,-23497.9,237079,-1912.65,238634,6.15229e+16
20230101T000017.800000,6,2050,2260.86,786.637,-33.8085,0,0,0,1048.79,-2825.13,121.445,8185.49,42.2551,9168.47,6.67853e+15
20230101T000017.800000,6,2051,9388.01,3975.05,-53.9471,0,0,0,25339.8,-59683.8,810.017,141026,342.976,166297,1.09878e+16
20230101T000017.800000,6,2052,8011.39,3238.47,-339.662,0,0,0,16993.9,-41425.1,4351.54,102727,1759.03,119472,8.1396e+15
20230101T000017.800000,6,2053,5655.09,1317.15,527.723,0,0,0,3258.7,-11805.3,-4769.29,51194.2,-1110.84,53944.3,1.16712e+16
20230101T000017.800000,6,2054,10112.2,6452.89,2026.45,0,0,0,71336.9,-101397,-32778.2,165529,-20916.7,230236,1.34609e+16
20230101T000017.800000,6,2055,6512.32,8290.55,-957.943,0,0,0,110558,-85641,9977.92,68803.7,12702.5,177830,1.52281e+16
20230101T000017.800000,6,2056,456.139,549.04,63.122,0,0,0,510.848,-366.354,-42.4792,374.243,-51.1309,815.709,8.96663e+15
20230101T000017.800000,6,2057,4843.83,6231.24,783.634,0,0,0,62519.4,-47786.1,-6069.4,38192.2,-7807.85,99666.3,1.06367e+16
20230101T000017.800000,4,1834,3263.2,-1010.36,680.45,27.4331,-4.77039,-3.61668,356.721,628.663,-441.76,2162.15,138.668,2275.97,0
20230101T000017.800000,3,1871,4512.84,-3899.68,-587.944,0,0,0,2500,0,0,2500,0,2500,0
20230101T000017.800000,3,1872,1215.37,-425.278,174.935,0,0,0,2500,0,0,2500,0,2500,0
20230101T000017.800000,3,1873,7157.66,-2612.83,-182.907,0,0,0,2500,0,0,2500,0,2500,0
20230101T000017.800000,3,1874,5037.73,-2639.51,-381.342,0,0,0,2500,0,0,2500,0,2500,0
20230101T000017.800000,3,1875,12172.3,990.785,1206.85,0,0,0,2500,0,0,2500,0,2500,0
20230101T000017.800000,3,1876,2260.86,786.637,-33.8085,0,0,0,2500,0,0,2500,0,2500,0
20230101T000017.800000,3,1877,9388.01,3975.05,-53.9471,0,0,0,2500,0,0,2500,0,2500,0
20230101T000017.800000,3,1878,8011.39,3238.47,-339.662,0,0,0,2500,0,0,2500,0,2500,0
20230101T000017.800000,3,1879,5655.08,1317.15,527.723,0,0,0,2500,0,0,2500,0,2500,0
20230101T000017.800000,3,1880,10112.2,6452.89,2026.45,0,0,0,2500,0,0,2500,0,2500,0
20230101T000017.800000,3,1881,6512.32,8290.55,-957.943,0,0,0,2500,0,0,2500,0,2500,0
20230101T000017.800000,3,1882,456.139,549.04,63.122,0,0,0,2500,0,0,2500,0,2500,0
20230101T000017.800000,3,1883,4843.83,6231.24,783.634,0,0,0,2500,0,0,2500,0,2500,0
20230101T000017.900000,6,2058,7116.52,-8939.08,727.201,0,0,0,128204,101341,-8277.7,81588.7,10397.6,208883,1.04498e+16
20230101T000017.900000,6,2059,4134.04,-3808.37,398.47,0,0,0,23377.7,25032,-2632.34,27490.3,2424.97,50550.6,7.99981e+15
20230101T000017.900000,6,2060,1115.51,-639.275,199.139,0,0,0,748.689,1086.65,-347.028,2022.11,198.874,2646.35,1.03294e+19
20230101T000017.900000,6,2061,7426.29,-2861.51,930.274,0,0,0,14361.8,33514.9,-11046.7,88426.9,4256.53,101342,2.01492e+16
20230101T000017.900000,6,2062,6319,-1115.06,-26.4165,0,0,0,2052.51,11262.5,266.821,63889.5,-47.0836,65876.9,9.01361e+15
20230101T000017.900000,6,2063,3831.88,22.5567,583.128,0,0,0,607.406,-134.724,-3565.65,23493.3,-20.9895,23495.6,7.86368e+15
20230101T000017.900000,6,2064,10220.6,5623.27,2456.88,0,0,0,58054.7,-87852.4,-40166,169396,-22098.9,217734,2.09296e+16
20230101T000017.900000,6,2065,494.517,314.931,3.75909,0,0,0,204.238,-220.176,-2.62819,409.748,-1.67375,549.968,1.17207e+16
20230101T000017.900000,6,2066,727.881,930.564,-132.929,0,0,0,1420.24,-1039.35,150.429,904.449,192.317,2234.02,1.08834e+16
20230101T000017.900000,6,2067,3647.91,4650.5,-888.616,0,0,0,35108.6,-26499.4,5180.73,22112.4,6604.61,55896.4,8.2837e+15
20230101T000017.900000,3,1884,7116.52,-8939.07,727.201,0,0,0,2500,0,0,2500,0,2500,0
20230101T000017.900000,3,1885,4134.04,-3808.37,398.47,0,0,0,2500,0,0,2500,0,2500,0
20230101T000017.900000,3,1886,1115.51,-639.275,199.139,0,0,0,2500,0,0,2500,0,2500,0
20230101T000017.900000,3,1887,7426.29,-2861.51,930.274,0,0,0,2500,0,0,2500,0,2500,0
20230101T000017.900000,3,1888,6319,-1115.06,-26.4165,0,0,0,2500,0,0,2500,0,2500,0
20230101T000017.900000,3,1889,3831.88,22.5567,583.128,0,0,0,2500,0,0,2500,0,2500,0
20230101T000017.900000,3,1890,10220.6,5623.27,2456.88,0,0,0,2500,0,0,2500,0,2500,0
20230101T000017.900000,3,1891,494.517,314.931,3.75909,0,0,0,2500,0,0,2500,0,2500,0
20230101T000017.900000,3,1892,727.881,930.564,-132.929,0,0,0,2500,0,0,2500,0,2500,0
20230101T000017.900000,3,1893,3647.91,4650.5,-888.616,0,0,0,2500,0,0,2500,0,2500,0
20230101T000018,6,2068,976.684,-837.076,184.406,0,0,0,1188.64,1250.22,-281.344,1575.86,241.128,2648.66,5.9847e+20
20230101T000018,6,2069,946.947,-986.424,41.8047,0,0,0,1588.86,1461.2,-61.9852,1469.46,64.5693,2991.64,3.0049e+16
20230101T000018,6,2070,3438.59,-4054.82,-309.409,0,0,0,26397.2,22201.5,1699.89,19044.4,-2004.53,45224.9,1.23676e+16
20230101T000018,6,2071,5988.34,-1020.36,-445.498,0,0,0,2036.26,9713.27,4263.86,57387,-726.523,59042.4,1.09915e+16
20230101T000018,6,2072,8801.41,1127.53,211.582,0,0,0,2167.51,-15861,-2978.05,123946,-381.51,125978,1.03506e+16
20230101T000018,6,2073,4081.93,756.954,-647.934,0,0,0,1626.55,-4812.12,4222.13,26683.9,782.952,27577.8,2.07794e+16
20230101T000018,6,2074,6325.32,3693.1,-247.173,0,0,0,21943,-37305.7,2499.65,64056.6,1459.45,85837.9,1.11017e+16
20230101T000018,6,2075,5861.66,3353.13,278.103,0,0,0,18130.9,-31366.9,-2605.94,55020.7,-1490.71,72964.1,1.26929e+16
20230101T000018,6,2076,2234.98,2532.72,255.374,0,0,0,10337.1,-8973.62,-910.028,8086.68,-1031.26,18256.1,8.96921e+15
20230101T000018,6,2077,8762.08,7289.44,1513.92,0,0,0,87221.8,-100359,-21217.7,124364,-17651.7,207857,1.23183e+16
20230101T000018,6,2078,7557.12,9336.94,-2027.45,0,0,0,142113,-109650,24508.1,95387.5,30280.2,230864,8.26434e+15
20230101T000018,6,2079,6950.1,6154.49,-543.367,0,0,0,60904.9,-68172.9,6039.54,77522,5348.16,137891,1.03218e+16
20230101T000018,4,1867,6535.86,3291.75,382.526,6.30552,7.61514,-5.03222,586.226,-1029.42,-126.419,2124.36,-63.3572,2632.74,0
20230101T000018,3,1894,976.684,-837.076,184.406,0,0,0,2500,0,0,2500,0,2500,0
20230101T000018,3,1895,946.947,-986.424,41.8047,0,0,0,2500,0,0,2500,0,2500,0
20230101T000018,3,1896,3438.59,-4054.82,-309.409,0,0,0,2500,0,0,2500,0,2500,0
20230101T000018,3,1897,5988.34,-1020.36,-445.498,0,0,0,2500,0,0,2500,0,2500,0
20230101T000018,3,1898,8801.41,1127.53,211.582,0,0,0,2500,0,0,2500,0,2500,0
20230101T000018,3,1899,4081.93,756.954,-647.934,0,0,0,2500,0,0,2500,0,2500,0
20230101T000018,3,1900,5861.66,3353.13,278.103,0,0,0,2500,0,0,2500,0,2500,0
20230101T000018,3,1901,2234.98,2532.72,255.374,0,0,0,2500,0,0,2500,0,2500,0
20230101T000018,3,1902,8762.08,7289.44,1513.92,0,0,0,2500,0,0,2500,0,2500,0
20230101T000018,3,1903,7557.12,9336.94,-2027.45,0,0,0,2500,0,0,2500,0,2500,0
20230101T000018,3,1904,6950.1,6154.49,-543.367,0,0,0,2500,0,0,2500,0,2500,0
20230101T000018.100000,6,2080,1768.15,-2280.73,-274.955,0,0,0,8391.96,6362.97,774.156,5117.31,-998.581,13325.5,1.77587e+16
20230101T000018.100000,6,2081,9340,-6191.79,-2646.28,0,0,0,69167,87342.1,39534,143016,-26208.4,200922,1.46231e+16
20230101T000018.100000,6,2082,2683.23,-2745.63,642.028,0,0,0,12414.1,11426.7,-2749.06,11888.8,2812.98,23582.9,1.01022e+16
20230101T000018.100000,6,2083,5717.95,-7437.85,1460.63,0,0,0,89805.7,66367.2,-13356.9,54496.7,17374.6,140828,1.39516e+16
20230101T000018.100000,6,2084,11529.5,492.423,-1555.97,0,0,0,4317.33,-8916.04,28694.9,212696,1225.55,213078,1.95755e+16
20230101T000018.100000,6,2085,12306.3,-989.321,879.831,0,0,0,2859.89,19375.8,-17319.5,242322,1392.33,243880,1.43298e+16
20230101T000018.100000,6,2086,9960.14,4051.5,-786.093,0,0,0,27166.4,-64198.3,12523,158876,5094.02,184991,1.50213e+16
20230101T000018.100000,6,2087,6866.81,2606.47,-44.7117,0,0,0,10928.6,-28614.7,490.878,75453.4,186.325,86314.8,8.98748e+15
20230101T000018.100000,6,2088,949.717,1120.99,-302.409,0,0,0,2097.38,-1600.95,451.355,1564.06,532.752,3456.32,2.72475e+21
20230101T000018.100000,6,2089,7177.08,7058.08,-1509.94,0,0,0,81592.6,-79195.2,17332.4,84240.9,17045,162124,1.49228e+16
20230101T000018.100000,3,1905,1768.15,-2280.73,-274.955,0,0,0,2500,0,0,2500,0,2500,0
20230101T000018.100000,3,1906,9340,-6191.79,-2646.28,0,0,0,2500,0,0,2500,0,2500,0
20230101T000018.100000,3,1907,2683.23,-2745.63,642.028,0,0,0,2500,0,0,2500,0,2500,0
20230101T000018.100000,3,1908,5717.95,-7437.85,1460.63,0,0,0,2500,0,0,2500,0,2500,0
20230101T000018.100000,3,1909,11529.5,492.423,-1555.97,0,0,0,2500,0,0,2500,0,2500,0
20230101T000018.100000,3,1910,12306.3,-989.321,879.831,0,0,0,2500,0,0,2500,0,2500,0
20230101T000018.100000,3,1911,9960.14,4051.5,-786.094,0,0,0,2500,0,0,2500,0,2500,0
20230101T000018.100000,3,1912,6866.81,2606.47,-44.7117,0,0,0,2500,0,0,2500,0,2500,0
20230101T000018.100000,3,1913,949.717,1120.99,-302.409,0,0,0,2500,0,0,2500,0,2500,0
20230101T000018.100000,3,1914,7177.08,7058.08,-1509.94,0,0,0,2500,0,0,2500,0,2500,0
20230101T000018.200000,6,2090,2851.76,-2577.74,-496.627,0,0,0,10883.4,11534.1,2259.98,13217.8,-2042.82,23644.6,1.36739e+16
20230101T000018.200000,6,2091,12261.2,-221.051,-68.3364,0,0,0,149.629,4335.27,1340.26,240538,-24.163,240616,9.01005e+15
20230101T000018.200000,6,2092,5904.29,1064.49,-716.371,0,0,0,2669.38,-9901.68,6760.05,55804.9,1218.77,57591,9.41783e+15
20230101T000018.200000,6,2093,6573.5,380.749,386.131,0,0,0,533.277,-3987.11,-4057.44,69138.4,-235.014,69369.5,9.69305e+15
20230101T000018.200000,6,2094,7511.76,3210.09,801.402,0,0,0,17410,-38187.3,-9626.19,90451,-4113.68,106771,1.46883e+16
20230101T000018.200000,6,2095,7784.53,4102.81,443.687,0,0,0,27229.4,-50945.3,-5523.39,97040.5,-2911.08,123891,1.04596e+16
20230101T000018.200000,6,2096,8571.37,4816.24,-646.214,0,0,0,37670.1,-65738.2,8858.64,117725,4977.66,154663,8.82042e+15
20230101T000018.200000,6,2097,5465.11,3189.75,-845.526,0,0,0,17179.4,-27366.4,7386.16,48094.4,4311,64068.2,1.28299e+16
20230101T000018.200000,6,2098,975.925,1060.03,-157.522,0,0,0,1845.1,-1603.92,241.284,1579.61,262.079,3322.52,7.02152e+16
20230101T000018.200000,6,2099,1139.96,925.137,-314.915,0,0,0,1501.96,-1579.81,564.191,2166.5,457.873,3451.42,2.71154e+20
20230101T000018.200000,6,2100,4375.98,4070.44,-79.9174,0,0,0,26549.3,-28462.4,558.92,30673.1,519.895,57148.2,1.67887e+16
20230101T000018.200000,6,2101,4490.7,5214.08,-883.473,0,0,0,44057.2,-36815.1,6342.58,33019.4,7364.27,75765.8,9.87962e+15
20230101T000018.200000,6,2102,4128.74,2920.38,-280.283,0,0,0,13772.1,-19202.6,1848.66,27337.6,1307.61,40920.3,1.2666e+16
20230101T000018.200000,6,2103,7590.94,6268.37,408.974,0,0,0,63065.1,-75969.8,-4965.15,92330.1,-4100.08,155064,8.99106e+15
20230101T000018.200000,4,1913,945.604,1076.55,-235.472,-0.407176,-4.39962,6.62737,899.358,-660.113,181.468,679.457,214.194,1426.31,0
20230101T000018.200000,3,1915,2851.76,-2577.74,-496.627,0,0,0,2500,0,0,2500,0,2500,0
20230101T000018.200000,3,1916,12261.2,-221.051,-68.3364,0,0,0,2500,0,0,2500,0,2500,0
20230101T000018.200000,3,1917,5904.29,1064.49,-716.371,0,0,0,2500,0,0,2500,0,2500,0
20230101T000018.200000,3,1918,6573.5,380.749,386.131,0,0,0,2500,0,0,2500,0,2500,0
20230101T000018.200000,3,1919,7511.76,3210.09,801.402,0,0,0,2500,0,0,2500,0,2500,0
20230101T000018.200000,3,1920,7784.53,4102.81,443.687,0,0,0,2500,0,0,2500,0,2500,0
20230101T000018.200000,3,1921,8571.37,4816.24,-646.214,0,0,0,2500,0,0,2500,0,2500,0
20230101T000018.200000,3,1922,5465.11,3189.75,-845.526,0,0,0,2500,0,0,2500,0,2500,0
20230101T000018.200000,3,1923,1139.96,925.137,-314.915,0,0,0,2500,0,0,2500,0,2500,0
20230101T000018.200000,3,1924,4375.98,4070.44,-79.9174,0,0,0,2500,0,0,2500,0,2500,0
20230101T000018.200000,3,1925,4490.7,5214.08,-883.473,0,0,0,2500,0,0,2500,0,2500,0
20230101T000018.200000,3,1926,4128.74,2920.38,-280.283,0,0,0,2500,0,0,2500,0,2500,0
20230101T000018.200000,3,1927,7590.94,6268.37,408.974,0,0,0,2500,0,0,2500,0,2500,0
20230101T000018.300000,6,2104,2163.82,-2184.18,147.085,0,0,0,7681.82,7512.65,-507.074,7541.08,511.846,15124.6,2.11568e+16
20230101T000018.300000,6,2105,2001.75,-1088.99,75.516,0,0,0,1953.8,3457.13,-240.001,6427.86,130.565,8308.67,1.12243e+16
20230101T000018.300000,6,2106,2081.67,-1078.03,284.683,0,0,0,2011.41,3511.85,-941.382,6974.11,487.511,8793.71,1.37322e+16
20230101T000018.300000,6,2107,3877.17,-783.917,731.191,0,0,0,1864.52,4684.82,-4524.71,24088,914.841,25037.3,1.44916e+16
20230101T000018.300000,6,2108,6715.43,-4325.74,2024.91,0,0,0,34618.3,43464.7,-21744.2,74096.7,14006.5,102098,1.56871e+16
20230101T000018.300000,6,2109,3247.37,364.828,-501.512,0,0,0,672.115,-1843.98,2596.21,16878.4,291.674,17087.1,2.08808e+16
20230101T000018.300000,6,2110,2427.48,751.674,-404.473,0,0,0,1199.84,-2827.88,1561.47,9456.64,483.513,10333.9,1.25091e+16
20230101T000018.300000,6,2111,1270.07,727.318,-331.936,0,0,0,1024.98,-1375.72,662.552,2639.5,379.417,3430.45,3.68065e+20
20230101T000018.300000,6,2112,5133.29,1935.71,156.879,0,0,0,6085.65,-15864.4,-1286.78,42173.9,-485.233,48156.3,7.19774e+15
20230101T000018.300000,3,1928,2163.82,-2184.18,147.085,0,0,0,2500,0,0,2500,0,2500,0
20230101T000018.300000,3,1929,2001.75,-1088.99,75.516,0,0,0,2500,0,0,2500,0,2500,0
20230101T000018.300000,3,1930,2081.67,-1078.03,284.683,0,0,0,2500,0,0,2500,0,2500,0
20230101T000018.300000,3,1931,3877.17,-783.917,731.191,0,0,0,2500,0,0,2500,0,2500,0
20230101T000018.300000,3,1932,6715.43,-4325.74,2024.91,0,0,0,2500,0,0,2500,0,2500,0
20230101T000018.300000,3,1933,3247.37,364.828,-501.512,0,0,0,2500,0,0,2500,0,2500,0
20230101T000018.300000,3,1934,2427.48,751.674,-404.473,0,0,0,2500,0,0,2500,0,2500,0
20230101T000018.300000,3,1935,1270.07,727.318,-331.936,0,0,0,2500,0,0,2500,0,2500,0
20230101T000018.300000,3,1936,5133.29,1935.71,156.879,0,0,0,2500,0,0,2500,0,2500,0
20230101T000018.400000,6,2113,4027.75,-5277.86,-712.154,0,0,0,44891.3,33590.8,4585.28,26509.2,-6008.45,70526.4,1.34489e+16
20230101T000018.400000,6,2114,10914.5,-1138.33,-1068.98,0,0,0,3944.67,19683.7,18661.7,190621,-1946.33,192675,1.30008e+16
20230101T000018.400000,6,2115,269.544,25.2274,57.9838,0,0,0,67.0124,-4.70325,-11.9573,116.824,-1.11912,120.072,2.02612e+16
20230101T000018.400000,6,2116,1385.23,482.989,-311.637,0,0,0,566.389,-1003.14,678.419,3093.66,236.544,3446.19,5.86158e+20
20230101T000018.400000,6,2117,3076.48,1671.77,29.068,0,0,0,4522.17,-8201.67,-142.617,15158.5,-77.4985,19615.3,9.01074e+15
20230101T000018.400000,6,2118,6614.76,2657.97,252.243,0,0,0,11446.4,-28073.6,-2667.55,70031.1,-1071.88,81311.8,1.55763e+16
20230101T000018.400000,6,2119,3267.16,2950.57,-314.326,0,0,0,14051.5,-15313.7,1639.76,17178.6,1480.86,31008.7,1.05245e+16
20230101T000018.400000,6,2120,5477.28,4667.5,-175.754,0,0,0,34922.6,-40848.4,1539.06,48048.7,1311.52,82857.9,1.70721e+16
20230101T000018.400000,3,1937,4027.75,-5277.86,-712.154,0,0,0,2500,0,0,2500,0,2500,0
20230101T000018.400000,3,1938,10914.5,-1138.33,-1068.98,0,0,0,2500,0,0,2500,0,2500,0
20230101T000018.400000,3,1939,269.544,25.2274,57.9838,0,0,0,2500,0,0,2500,0,2500,0
20230101T000018.400000,3,1940,1385.23,482.989,-311.637,0,0,0,2500,0,0,2500,0,2500,0
20230101T000018.400000,3,1941,3076.48,1671.77,29.068,0,0,0,2500,0,0,2500,0,2500,0
20230101T000018.400000,3,1942,6614.76,2657.97,252.243,0,0,0,2500,0,0,2500,0,2500,0
20230101T000018.400000,3,1943,3267.16,2950.57,-314.326,0,0,0,2500,0,0,2500,0,2500,0
20230101T000018.400000,3,1944,5477.28,4667.5,-175.754,0,0,0,2500,0,0,2500,0,2500,0
20230101T000018.500000,6,2121,4588.82,-5939.69,174.342,0,0,0,56490,43555.5,-1279.13,33762.2,1655.68,90139.7,8.80224e+15
20230101T000018.500000,6,2122,6203.17,-6764.48,-1278.58,0,0,0,74436.5,65803.7,12684.1,63021.8,-13831.8,134781,1.21173e+16
20230101T000018.500000,6,2123,1461.66,196.801,-287.301,0,0,0,252.247,-434.63,659.996,3421.78,88.8629,3482.64,4.9298e+19
20230101T000018.500000,6,2124,5274.43,769.98,-1084.4,0,0,0,2850.98,-6220.21,9138.97,44551.9,1334.14,45462.5,2.42643e+16
20230101T000018.500000,6,2125,1383.78,272.384,-334.489,0,0,0,349.375,-557.664,726.472,3072.67,142.999,3185.85,4.00482e+16
20230101T000018.500000,6,2126,4134.7,1221.2,-423.994,0,0,0,2708.98,-7983.5,2798.96,27381.4,826.682,29739.9,9.16709e+15
20230101T000018.500000,6,2127,3676.29,1221.8,126.556,0,0,0,2469.11,-7159.88,-742.429,21633,-246.743,24012.7,1.18342e+16
20230101T000018.500000,4,1940,1365.9,383.484,-315.689,-1.91396,-9.85194,-0.401179,268.28,-414.393,272.814,1312.29,95.1221,1422.51,0
20230101T000018.500000,3,1945,4588.82,-5939.69,174.342,0,0,0,2500,0,0,2500,0,2500,0
20230101T000018.500000,3,1946,6203.17,-6764.48,-1278.58,0,0,0,2500,0,0,2500,0,2500,0
20230101T000018.500000,3,1947,1461.66,196.801,-287.301,0,0,0,2500,0,0,2500,0,2500,0
20230101T000018.500000,3,1948,5274.43,769.98,-1084.4,0,0,0,2500,0,0,2500,0,2500,0
20230101T000018.500000,3,1949,4134.7,1221.2,-423.994,0,0,0,2500,0,0,2500,0,2500,0
20230101T000018.500000,3,1950,3676.29,1221.8,126.556,0,0,0,2500,0,0,2500,0,2500,0
20230101T000018.600000,6,2128,6966.21,-10289.2,118.3,0,0,0,169417,114643,-1318.22,77704.1,1947.04,247035,1.7613e+16
20230101T000018.600000,6,2129,11748.7,-2632.44,-1499.75,0,0,0,14574.3,48703.2,28184.5,221027,-6315.08,231940,1.35469e+16
20230101T000018.600000,6,2130,5732.8,-3407.98,326.172,0,0,0,18755.9,31156.8,-2989.12,52645.2,1776.94,71167.1,1.70604e+16
20230101T000018.600000,6,2131,4752.33,-2664.65,-284.334,0,0,0,11507.5,20178.8,2159.09,36181.6,-1210.61,47496.1,8.59523e+15
20230101T000018.600000,6,2132,2180.5,-325.808,-342.699,0,0,0,414.771,1100.08,1186,7612.78,-177.211,7778.66,1.44535e+16
20230101T000018.600000,6,2133,1470.2,-12.5366,-293.087,0,0,0,199.231,27.7933,677.164,3458.39,-5.77427,3461.08,4.90038e+20
20230101T000018.600000,6,2134,11976.9,-1657.43,-1009.46,0,0,0,6057.45,31531.2,19339.1,229544,-2676.25,233908,1.30367e+16
20230101T000018.600000,6,2135,9807.11,1964.77,-2213.04,0,0,0,13768.9,-29308.9,34712.4,154192,6954.35,160066,2.39766e+16
20230101T000018.600000,6,2136,9398.75,747.21,-149.392,0,0,0,992.383,-11228.7,2245.54,141339,178.523,142232,1.63212e+16
20230101T000018.600000,6,2137,4804.05,1845.51,18.3857,0,0,0,5505.69,-14163.9,-141.108,36934.6,-54.2077,42375.7,1.51624e+16
20230101T000018.600000,6,2138,9262.95,2332.55,1629.78,0,0,0,12760.2,-33549,-24144.2,137541,-6079.86,145991,2.70352e+16
20230101T000018.600000,6,2139,1440.29,2187.46,-318.424,0,0,0,7724.08,-4937.42,729.58,3476.25,1108.06,10976,2.43189e+16
20230101T000018.600000,6,2140,3489.53,2352.02,470.072,0,0,0,9137.75,-12938.7,-2618.67,19613.1,-1765.04,28334.9,1.70545e+16
20230101T000018.600000,4,1947,1469.71,108.805,-289.323,0.796991,-8.71242,-0.200175,138.488,-178.379,264.819,1439.32,35.6557,1434.13,0
20230101T000018.600000,3,1951,6966.21,-10289.2,118.3,0,0,0,2500,0,0,2500,0,2500,0
20230101T000018.600000,3,1952,11748.7,-2632.44,-1499.75,0,0,0,2500,0,0,2500,0,2500,0
20230101T000018.600000,3,1953,5732.8,-3407.98,326.172,0,0,0,2500,0,0,2500,0,2500,0
20230101T000018.600000,3,1954,4752.33,-2664.65,-284.334,0,0,0,2500,0,0,2500,0,2500,0
20230101T000018.600000,3,1955,2180.5,-325.808,-342.699,0,0,0,2500,0,0,2500,0,2500,0
20230101T000018.600000,3,1956,11976.9,-1657.43,-1009.46,0,0,0,2500,0,0,2500,0,2500,0
20230101T000018.600000,3,1957,9807.11,1964.77,-2213.04,0,0,0,2500,0,0,2500,0,2500,0
20230101T000018.600000,3,1958,9398.75,747.21,-149.392,0,0,0,2500,0,0,2500,0,2500,0
20230101T000018.600000,3,1959,4804.05,1845.51,18.3858,0,0,0,2500,0,0,2500,0,2500,0
20230101T000018.600000,3,1960,9262.95,2332.55,1629.78,0,0,0,2500,0,0,2500,0,2500,0
20230101T000018.600000,3,1961,1440.29,2187.46,-318.424,0,0,0,2500,0,0,2500,0,2500,0
20230101T000018.600000,3,1962,3489.53,2352.02,470.072,0,0,0,2500,0,0,2500,0,2500,0
20230101T000018.700000,6,2141,2703.38,-2716.6,-290.306,0,0,0,11906.6,11651.2,1252.29,11792.9,-1258.42,23501.4,1.15622e+16
20230101T000018.700000,6,2142,8400.38,-6158.42,697.657,0,0,0,61229.9,82371.3,-9373.5,113201,6871.82,173589,7.71453e+15
20230101T000018.700000,6,2143,1413.92,-274.13,-163.091,0,0,0,222.152,600.396,361.931,3202.5,-70.1709,3319.71,4.04372e+16
20230101T000018.700000,6,2144,2613.76,-1172.87,443.032,0,0,0,2514.44,4764.32,-1843.95,10993.9,827.434,13133.3,9.13436e+15
20230101T000018.700000,6,2145,8856.69,-4327.32,-1581.12,0,0,0,33240.5,59718.8,22396.6,126288,-10942.8,155468,2.67656e+16
20230101T000018.700000,6,2146,9374.42,-3624.21,1127.05,0,0,0,22839,53655,-16898.1,140880,6532.9,161624,2.20241e+16
20230101T000018.700000,6,2147,10070.9,-3156.59,1009.24,0,0,0,17484.2,50380.5,-16256.7,162429,5095.42,178221,1.23168e+16
20230101T000018.700000,6,2148,5550.77,-1149.79,-598.298,0,0,0,2725.09,10085.2,5307.08,49323.9,-1099.31,51413.7,9.7142e+15
20230101T000018.700000,6,2149,1451.24,-231.272,-301.063,0,0,0,286.91,504.924,686.635,3374.85,-109.423,3457.9,7.28783e+19
20230101T000018.700000,6,2150,11616.7,655.57,-1164.29,0,0,0,2912.85,-12059.4,21634.2,215925,1220.89,216606,9.56851e+15
20230101T000018.700000,6,2151,963.729,-89.4794,134.392,0,0,0,103.714,129.534,-198.547,1486.82,18.4345,1500.06,1.68373e+16
20230101T000018.700000,6,2152,9007.28,1191.34,-183.452,0,0,0,2386.68,-17153.9,2642.57,129812,349.518,132081,1.85385e+16
20230101T000018.700000,6,2153,3018.11,1237.96,-425.492,0,0,0,2753.9,-5854.29,2047.1,14625.2,839.673,17027.5,2.03471e+16
20230101T000018.700000,6,2154,499.247,270.739,48.6204,0,0,0,169.298,-188.055,-34.0564,414.094,-18.4686,516.541,1.07282e+16
20230101T000018.700000,6,2155,8822.59,8291.82,-2867.62,0,0,0,117025,-110452,40469.3,130740,38034.6,234551,1.66614e+16
20230101T000018.700000,6,2156,3948.27,3470.29,-459.836,0,0,0,19495.3,-21723.3,2900.71,25117.2,2549.55,44211.2,1.35555e+16
20230101T000018.700000,3,1963,2703.38,-2716.6,-290.306,0,0,0,2500,0,0,2500,0,2500,0
20230101T000018.700000,3,1964,8400.38,-6158.42,697.657,0,0,0,2500,0,0,2500,0,2500,0
20230101T000018.700000,3,1965,1413.92,-274.13,-163.091,0,0,0,2500,0,0,2500,0,2500,0
20230101T000018.700000,3,1966,2613.76,-1172.87,443.032,0,0,0,2500,0,0,2500,0,2500,0
20230101T000018.700000,3,1967,8856.69,-4327.32,-1581.12,0,0,0,2500,0,0,2500,0,2500,0
20230101T000018.700000,3,1968,9374.42,-3624.21,1127.05,0,0,0,2500,0,0,2500,0,2500,0
20230101T000018.700000,3,1969,10070.9,-3156.59,1009.24,0,0,0,2500,0,0,2500,0,2500,0
20230101T000018.700000,3,1970,5550.77,-1149.79,-598.298,0,0,0,2500,0,0,2500,0,2500,0
20230101T000018.700000,3,1971,1451.24,-231.272,-301.063,0,0,0,2500,0,0,2500,0,2500,0
20230101T000018.700000,3,1972,11616.7,655.57,-1164.29,0,0,0,2500,0,0,2500,0,2500,0
20230101T000018.700000,3,1973,963.729,-89.4794,134.392,0,0,0,2500,0,0,2500,0,2500,0
20230101T000018.700000,3,1974,9007.28,1191.34,-183.452,0,0,0,2500,0,0,2500,0,2500,0
20230101T000018.700000,3,1975,3018.11,1237.96,-425.492,0,0,0,2500,0,0,2500,0,2500,0
20230101T000018.700000,3,1976,499.247,270.739,48.6204,0,0,0,2500,0,0,2500,0,2500,0
20230101T000018.700000,3,1977,8822.59,8291.82,-2867.62,0,0,0,2500,0,0,2500,0,2500,0
20230101T000018.700000,3,1978,3948.27,3470.29,-459.836,0,0,0,2500,0,0,2500,0,2500,0
20230101T000018.800000,6,2157,5920.72,-4597.92,645.489,0,0,0,34280.9,43203.1,-6110.5,56362.6,4745.29,89913.8,1.6245e+16
20230101T000018.800000,6,2158,4012.8,-3838.89,-44.5413,0,0,0,23614.4,24613.9,285.605,25796.2,-273.227,49343.4,1.21493e+16
20230101T000018.800000,6,2159,6542.37,-6153.21,1152.68,0,0,0,61740.5,63318.1,-12060.1,69511.5,11342.7,129064,1.23292e+16
20230101T000018.800000,6,2160,1388.99,-478.327,-299.08,0,0,0,548.957,1000.05,652.841,3108.56,-224.819,3455.49,2.70016e+20
20230101T000018.800000,6,2161,10084.7,-5247.85,593.873,0,0,0,44558.2,84419.4,-9579.46,162855,4984.95,206785,2.23585e+16
20230101T000018.800000,6,2162,10990.9,-3565.59,-2798.24,0,0,0,31731.5,59007.3,49194.3,194478,-15959.3,213624,1.43373e+16
20230101T000018.800000,6,2163,6427.92,-3897.71,319.718,0,0,0,24473.7,39985.8,-3285.87,66170.2,1992.46,90416.5,1.62698e+16
20230101T000018.800000,6,2164,333.818,67.0277,32.2575,0,0,0,69.7611,-23.2361,-11.3371,180.818,-2.2764,186.053,1.42739e+16
20230101T000018.800000,6,2165,7904.58,5539.41,-1296.57,0,0,0,50942.2,-68765.1,16391.2,100878,11486.7,149069,1.50232e+16
20230101T000018.800000,3,1979,5920.72,-4597.92,645.489,0,0,0,2500,0,0,2500,0,2500,0
20230101T000018.800000,3,1980,4012.8,-3838.89,-44.5413,0,0,0,2500,0,0,2500,0,2500,0
20230101T000018.800000,3,1981,6542.37,-6153.21,1152.68,0,0,0,2500,0,0,2500,0,2500,0
20230101T000018.800000,3,1982,1388.99,-478.327,-299.08,0,0,0,2500,0,0,2500,0,2500,0
20230101T000018.800000,3,1983,10084.7,-5247.85,593.873,0,0,0,2500,0,0,2500,0,2500,0
20230101T000018.800000,3,1984,10990.9,-3565.59,-2798.24,0,0,0,2500,0,0,2500,0,2500,0
20230101T000018.800000,3,1985,6427.92,-3897.71,319.718,0,0,0,2500,0,0,2500,0,2500,0
20230101T000018.800000,3,1986,333.818,67.0277,32.2575,0,0,0,2500,0,0,2500,0,2500,0
20230101T000018.800000,3,1987,7904.58,5539.41,-1296.57,0,0,0,2500,0,0,2500,0,2500,0
20230101T000018.900000,6,2166,2022.31,-2925.01,652.931,0,0,0,13929.8,9116.43,-2106.22,7046.99,3046.38,20234.8,1.57491e+16
20230101T000018.900000,6,2167,647.601,-405.589,-44.8427,0,0,0,311.326,390.117,43.2921,689.895,-27.1136,934.442,1.19125e+16
20230101T000018.900000,6,2168,6805.24,-5127.87,-469.504,0,0,0,42337.8,55634,5109.33,74248.8,-3849.98,116170,1.41665e+16
20230101T000018.900000,6,2169,3121.42,-3720.32,-357.858,0,0,0,22256.2,18448.1,1784.22,15746.8,-2126.56,37734.9,8.27732e+15
20230101T000018.900000,6,2170,1260.57,-768.989,-265.224,0,0,0,1073.36,1473.39,525.429,2589.81,-320.528,3490.62,8.07637e+18
20230101T000018.900000,6,2171,8093.25,-3842.23,744.451,0,0,0,24395.8,49385.6,-9635.28,104976,4574.29,128422,2.23303e+16
20230101T000018.900000,6,2172,5076.86,-2414.83,-836.551,0,0,0,10294.5,19157,6786.86,41457.3,-3228.21,50570.8,2.3618e+16
20230101T000018.900000,6,2173,12032.6,1679.79,-21.4144,0,0,0,4578.23,-32330.9,412.164,231656,57.5394,236170,9.49326e+15
20230101T000018.900000,6,2174,8883.33,848.862,-1535.91,0,0,0,4954.78,-11701.9,21819.7,126296,2085.02,127417,1.26367e+16
20230101T000018.900000,6,2175,6790.29,3528.24,-183.23,0,0,0,20010.2,-38284.3,1989.33,73797.8,1033.66,93690.4,9.47444e+15
20230101T000018.900000,6,2176,6148.27,3172.14,519.383,0,0,0,16491.1,-31003.3,-5105.05,60586.2,-2633.9,76582.3,1.91893e+16
20230101T000018.900000,6,2177,8518.01,6581.88,-91.323,0,0,0,69362.3,-89665.9,1244.19,116119,961.391,185404,1.87347e+16
20230101T000018.900000,6,2178,4746.7,6737.72,-1029.18,0,0,0,73218,-50343.5,7811.76,37224.6,11088.4,108686,1.49869e+16
20230101T000018.900000,6,2179,5611.68,4063.62,359.993,0,0,0,26598.7,-36357.1,-3229.58,50478.7,-2338.66,76806.4,1.77545e+16
20230101T000018.900000,6,2180,6279.07,6273.67,-757.962,0,0,0,63466.1,-62537.2,7611.04,63573.8,7604.49,126058,1.22676e+16
20230101T000018.900000,3,1988,2022.31,-2925.01,652.931,0,0,0,2500,0,0,2500,0,2500,0
20230101T000018.900000,3,1989,647.601,-405.589,-44.8427,0,0,0,2500,0,0,2500,0,2500,0
20230101T000018.900000,3,1990,6805.23,-5127.87,-469.504,0,0,0,2500,0,0,2500,0,2500,0
20230101T000018.900000,3,1991,3121.42,-3720.32,-357.858,0,0,0,2500,0,0,2500,0,2500,0
20230101T000018.900000,3,1992,1260.57,-768.989,-265.224,0,0,0,2500,0,0,2500,0,2500,0
20230101T000018.900000,3,1993,8093.25,-3842.23,744.451,0,0,0,2500,0,0,2500,0,2500,0
20230101T000018.900000,3,1994,5076.86,-2414.83,-836.551,0,0,0,2500,0,0,2500,0,2500,0
20230101T000018.900000,3,1995,12032.6,1679.79,-21.4144,0,0,0,2500,0,0,2500,0,2500,0
20230101T000018.900000,3,1996,8883.33,848.862,-1535.91,0,0,0,2500,0,0,2500,0,2500,0
20230101T000018.900000,3,1997,6790.29,3528.24,-183.23,0,0,0,2500,0,0,2500,0,2500,0
20230101T000018.900000,3,1998,6148.27,3172.14,519.383,0,0,0,2500,0,0,2500,0,2500,0
20230101T000018.900000,3,1999,8518.01,6581.88,-91.323,0,0,0,2500,0,0,2500,0,2500,0
20230101T000018.900000,3,2000,4746.7,6737.72,-1029.18,0,0,0,2500,0,0,2500,0,2500,0
20230101T000018.900000,3,2001,5611.68,4063.62,359.993,0,0,0,2500,0,0,2500,0,2500,0
20230101T000018.900000,3,2002,6279.07,6273.67,-757.962,0,0,0,2500,0,0,2500,0,2500,0
20230101T000019,6,2181,1185.73,-873.688,-284.309,0,0,0,1345.14,1566.3,529.792,2316.74,-390.371,3473.14,4.79644e+18
20230101T000019,6,2182,9557.2,-7787.46,-1421.85,0,0,0,99013.1,117467,21736.6,147460,-17711.6,243176,1.99644e+16
20230101T000019,6,2183,5509.77,-6614.94,-328.965,0,0,0,70108.9,58198.3,2898.48,48712.1,-3479.86,118584,1.3946e+16
20230101T000019,6,2184,4959.28,-1754.13,-8.58863,0,0,0,4980.15,13898.6,68.051,39358.3,-24.0701,44274.4,1.34304e+16
20230101T000019,6,2185,4162.53,545.131,-928.394,0,0,0,1891.27,-3445.18,6169.77,27746.9,808.002,28201.1,1.60505e+16
20230101T000019,6,2186,4733.41,-120.922,-200.996,0,0,0,151.836,912.52,1519.53,35848.4,-38.8186,35871.8,1.33238e+16
20230101T000019,6,2187,2772.97,1777.97,281.915,0,0,0,5193,-7801.74,-1246.21,12358.5,-799.042,17361.3,1.8144e+16
20230101T000019,6,2188,1623.11,1495.64,-503.153,0,0,0,3831.04,-3651.96,1296.48,4429.12,1194.66,7797.42,1.04276e+16
20230101T000019,6,2189,2637.77,1892.07,626.291,0,0,0,6183.03,-7658.91,-2633.54,11366.7,-1889.04,16862.7,1.75701e+16
20230101T000019,6,2190,3356.74,2930.15,452.533,0,0,0,13959.2,-15543.5,-2425.61,18197.4,-2117.35,31766.2,1.09483e+16
20230101T000019,6,2191,6981.74,8249.36,1505.52,0,0,0,110423,-90332.6,-16812.2,80141.1,-19864.6,186876,1.23747e+16
20230101T000019,6,2192,508.448,529.308,150.161,0,0,0,495.061,-381.887,-113.452,464.343,-118.107,864.47,1.14797e+16
20230101T000019,4,1992,1231.02,-814.333,-273.08,-2.92629,-4.48954,-0.777823,475.146,603.722,211.21,1096.51,-128.845,1439.84,0
20230101T000019,3,2003,9557.2,-7787.46,-1421.85,0,0,0,2500,0,0,2500,0,2500,0
20230101T000019,3,2004,5509.77,-6614.94,-328.965,0,0,0,2500,0,0,2500,0,2500,0
20230101T000019,3,2005,4959.28,-1754.13,-8.58863,0,0,0,2500,0,0,2500,0,2500,0
20230101T000019,3,2006,4162.53,545.131,-928.394,0,0,0,2500,0,0,2500,0,2500,0
20230101T000019,3,2007,4733.41,-120.922,-200.996,0,0,0,2500,0,0,2500,0,2500,0
20230101T000019,3,2008,2772.97,1777.97,281.915,0,0,0,2500,0,0,2500,0,2500,0
20230101T000019,3,2009,1623.11,1495.64,-503.153,0,0,0,2500,0,0,2500,0,2500,0
20230101T000019,3,2010,2637.77,1892.07,626.291,0,0,0,2500,0,0,2500,0,2500,0
20230101T000019,3,2011,3356.74,2930.15,452.533,0,0,0,2500,0,0,2500,0,2500,0
20230101T000019,3,2012,6981.74,8249.36,1505.52,0,0,0,2500,0,0,2500,0,2500,0
20230101T000019,3,2013,508.448,529.308,150.161,0,0,0,2500,0,0,2500,0,2500,0
20230101T000019.100000,6,2193,1676.78,-1274.84,-213.624,0,0,0,2686.76,3354.5,568.008,4548.51,-431.85,7099.55,1.17504e+16
20230101T000019.100000,6,2194,2015.33,-3300.04,-762.443,0,0,0,17693.8,10199.9,2452.18,7220.78,-4015.38,23925.3,1.88082e+16
20230101T000019.100000,6,2195,8540.65,-6740.4,-1453.78,0,0,0,74815.2,90432.8,19859.4,118030,-15673.3,189402,1.50771e+16
20230101T000019.100000,6,2196,5169.12,-4520.74,-277.43,0,0,0,32805.3,37296.5,2292.57,42832.7,-2005.01,75451.1,8.53763e+15
20230101T000019.100000,6,2197,5369.29,-6532.54,701.307,0,0,0,68621.5,55703,-6021.49,46634.4,7326.03,114406,9.58078e+15
20230101T000019.100000,6,2198,4367.03,-4518.06,-186.669,0,0,0,32718.5,31509,1302.98,30575.4,-1348.05,63174.2,1.42846e+16
20230101T000019.100000,6,2199,2087.38,-556.897,-156.248,0,0,0,592.117,1834.35,517.39,6978.29,-138.035,7468.02,1.2816e+16
20230101T000019.100000,6,2200,6547.34,-4189.28,-973.074,0,0,0,29199.8,43169.5,10187,69046.7,-6518.12,96669.5,1.17332e+16
20230101T000019.100000,6,2201,7957.85,-2424.24,-1401.48,0,0,0,12335.8,29973.3,17834.3,101596,-5432.95,110729,9.19284e+15
20230101T000019.100000,6,2202,9948.53,-907.23,2339.86,0,0,0,10064.7,13643.2,-37230.9,158430,3395.17,159677,1.6057e+16
20230101T000019.100000,6,2203,5498.81,2444.26,314.784,0,0,0,9744.74,-21422.3,-2766.45,48415.8,-1229.71,57938.4,7.89018e+15
20230101T000019.100000,6,2204,1851.49,2324.67,-224.323,0,0,0,8702.48,-6816.3,661.538,5573.01,830.606,14131.7,1.5873e+16
20230101T000019.100000,6,2205,966.055,1145.52,-59.7853,0,0,0,2128.48,-1736.31,90.7658,1533.9,107.627,3592.86,5.18549e+21
20230101T000019.100000,6,2206,6099.53,6222.37,527.503,0,0,0,62198.1,-60471.3,-5145.33,59786.5,-5248.96,121476,8.05677e+15
20230101T000019.100000,6,2207,5093.03,4107.55,-227.832,0,0,0,27084.2,-33399.9,1854.83,41560.2,1495.93,68497.5,8.01329e+15
20230101T000019.100000,3,2014,1676.78,-1274.84,-213.624,0,0,0,2500,0,0,2500,0,2500,0
20230101T000019.100000,3,2015,2015.33,-3300.04,-762.443,0,0,0,2500,0,0,2500,0,2500,0
20230101T000019.100000,3,2016,8540.65,-6740.4,-1453.78,0,0,0,2500,0,0,2500,0,2500,0
20230101T000019.100000,3,2017,5169.12,-4520.74,-277.43,0,0,0,2500,0,0,2500,0,2500,0
20230101T000019.100000,3,2018,5369.29,-6532.54,701.307,0,0,0,2500,0,0,2500,0,2500,0
20230101T000019.100000,3,2019,4367.03,-4518.06,-186.669,0,0,0,2500,0,0,2500,0,2500,0
20230101T000019.100000,3,2020,2087.38,-556.897,-156.248,0,0,0,2500,0,0,2500,0,2500,0
20230101T000019.100000,3,2021,6547.34,-4189.28,-973.074,0,0,0,2500,0,0,2500,0,2500,0
20230101T000019.100000,3,2022,7957.85,-2424.24,-1401.48,0,0,0,2500,0,0,2500,0,2500,0
20230101T000019.100000,3,2023,9948.52,-907.23,2339.86,0,0,0,2500,0,0,2500,0,2500,0
20230101T000019.100000,3,2024,5498.81,2444.26,314.784,0,0,0,2500,0,0,2500,0,2500,0
20230101T000019.100000,3,2025,1851.49,2324.67,-224.323,0,0,0,2500,0,0,2500,0,2500,0
20230101T000019.100000,3,2026,966.055,1145.52,-59.7853,0,0,0,2500,0,0,2500,0,2500,0
20230101T000019.100000,3,2027,6099.53,6222.37,527.503,0,0,0,2500,0,0,2500,0,2500,0
20230101T000019.100000,3,2028,5093.03,4107.55,-227.832,0,0,0,2500,0,0,2500,0,2500,0
20230101T000019.200000,6,2208,3216.84,-3443.1,-195.39,0,0,0,19026.1,17659.1,1003.86,16623.7,-1074.46,35524.9,4.23097e+16
20230101T000019.200000,6,2209,2499.22,-1053.46,203.032,0,0,0,1885.69,4166.14,-807.484,10013.3,340.367,11769.8,1.03916e+16
20230101T000019.200000,6,2210,9489.16,-2564.55,-1439.56,0,0,0,13671.5,38085.8,21847.5,144300,-5904.53,154595,1.03147e+16
20230101T000019.200000,6,2211,621.163,-180.764,-165.344,0,0,0,147.993,151.801,149.587,625.455,-43.531,673.554,1.53406e+16
20230101T000019.200000,6,2212,5943.42,-3515.38,21.9003,0,0,0,19820.6,33401,-208.086,56535.6,123.077,76291.4,1.18884e+16
20230101T000019.200000,6,2213,8783.88,-2971.13,-435.959,0,0,0,14454.4,41645.2,6124.22,123488,-2071.51,137575,1.1011e+16
20230101T000019.200000,6,2214,339.229,-41.0547,-14.3446,0,0,0,65.9864,14.6236,5.12325,185.049,-0.620033,186.932,2.12178e+16
20230101T000019.200000,6,2215,7433.47,3236.71,825.329,0,0,0,17731.5,-38073.9,-9810.18,88594.1,-4271.59,105173,4.09216e+16
20230101T000019.200000,6,2216,8845.8,2921.48,1834.88,0,0,0,18568.6,-39726,-25958,125733,-8573.07,138855,1.59978e+16
20230101T000019.200000,6,2217,4668.56,2999.4,-223.022,0,0,0,14495.8,-22339.3,1663.75,34914.7,1068.9,49267.1,9.27598e+15
20230101T000019.200000,6,2218,1133.91,979.73,-58.8086,0,0,0,1575.55,-1743.13,104.797,2086.89,90.547,3593.1,2.29384e+21
20230101T000019.200000,6,2219,532.23,346.278,-15.591,0,0,0,237.066,-265.464,11.9604,472.368,7.78164,645.122,1.42487e+16
20230101T000019.200000,6,2220,136.229,160.811,20.1445,0,0,0,68.1451,-3.45224,-0.472572,66.9944,-0.557844,71.649,7.59397e+15
20230101T000019.200000,6,2221,4453.3,3315.34,-135.109,0,0,0,17646.3,-23578.1,961.442,31764.2,715.764,49317.4,8.72976e+15
20230101T000019.200000,3,2029,3216.84,-3443.1,-195.39,0,0,0,2500,0,0,2500,0,2500,0
20230101T000019.200000,3,2030,2499.22,-1053.46,203.032,0,0,0,2500,0,0,2500,0,2500,0
20230101T000019.200000,3,2031,9489.16,-2564.55,-1439.56,0,0,0,2500,0,0,2500,0,2500,0
20230101T000019.200000,3,2032,621.163,-180.764,-165.344,0,0,0,2500,0,0,2500,0,2500,0
20230101T000019.200000,3,2033,5943.42,-3515.38,21.9003,0,0,0,2500,0,0,2500,0,2500,0
20230101T000019.200000,3,2034,8783.88,-2971.13,-435.959,0,0,0,2500,0,0,2500,0,2500,0
20230101T000019.200000,3,2035,339.229,-41.0547,-14.3446,0,0,0,2500,0,0,2500,0,2500,0
20230101T000019.200000,3,2036,7433.47,3236.71,825.329,0,0,0,2500,0,0,2500,0,2500,0
20230101T000019.200000,3,2037,8845.8,2921.48,1834.88,0,0,0,2500,0,0,2500,0,2500,0
20230101T000019.200000,3,2038,4668.56,2999.4,-223.022,0,0,0,2500,0,0,2500,0,2500,0
20230101T000019.200000,3,2039,1133.91,979.73,-58.8086,0,0,0,2500,0,0,2500,0,2500,0
20230101T000019.200000,3,2040,532.23,346.278,-15.591,0,0,0,2500,0,0,2500,0,2500,0
20230101T000019.200000,3,2041,136.229,160.811,20.1445,0,0,0,2500,0,0,2500,0,2500,0
20230101T000019.200000,3,2042,4453.3,3315.34,-135.109,0,0,0,2500,0,0,2500,0,2500,0
20230101T000019.300000,6,2222,342.042,-403.462,-95.2157,0,0,0,292.439,183.068,44.8922,231.696,-52.9534,449.647,1.25819e+16
20230101T000019.300000,6,2223,7377.06,-5798.76,-1553.36,0,0,0,56225.7,66538.4,18326.7,88571.7,-14405.7,140876,1.48204e+16
20230101T000019.300000,6,2224,3996.49,-3495.38,-720.779,0,0,0,20054.8,21907.7,4602.52,25942.6,-4025.41,45104.5,1.26354e+16
20230101T000019.300000,6,2225,11474.4,807.969,-1006.99,0,0,0,2722.15,-14715.4,18481.8,210666,1301.4,211703,6.77925e+15
20230101T000019.300000,6,2226,1304.9,737.749,-46.2974,0,0,0,921.888,-1511.44,94.9425,2740.74,53.6774,3595.32,3.41502e+21
20230101T000019.300000,6,2227,2692.68,1836.24,923.439,0,0,0,6366.58,-7248.4,-3964.58,12052.8,-2703.59,17000.5,2.80234e+16
20230101T000019.300000,6,2228,3252.49,2364.81,-376.725,0,0,0,9137.78,-12168.2,1955.66,17026.3,1421.92,25874.2,2.59823e+16
20230101T000019.300000,6,2229,6943.8,8004.5,-1075.26,0,0,0,103337,-87983.6,11942,78237.9,13766.2,179662,9.27965e+15
20230101T000019.300000,4,2010,2701.63,1924.69,678.784,17.577,8.97568,14.4478,892.619,-1042.41,-346.892,1598.14,-248.826,2275.27,0
20230101T000019.300000,3,2043,342.042,-403.462,-95.2157,0,0,0,2500,0,0,2500,0,2500,0
20230101T000019.300000,3,2044,7377.06,-5798.76,-1553.36,0,0,0,2500,0,0,2500,0,2500,0
20230101T000019.300000,3,2045,3996.49,-3495.38,-720.779,0,0,0,2500,0,0,2500,0,2500,0
20230101T000019.300000,3,2046,11474.4,807.969,-1006.99,0,0,0,2500,0,0,2500,0,2500,0
20230101T000019.300000,3,2047,1304.9,737.749,-46.2974,0,0,0,2500,0,0,2500,0,2500,0
20230101T000019.300000,3,2048,3252.49,2364.81,-376.725,0,0,0,2500,0,0,2500,0,2500,0
20230101T000019.300000,3,2049,6943.8,8004.5,-1075.26,0,0,0,2500,0,0,2500,0,2500,0
20230101T000019.400000,6,2230,2532.37,-1980.88,-522.057,0,0,0,6587.42,7784.24,2107.29,10449.9,-1648.37,16540.5,1.27671e+16
20230101T000019.400000,6,2231,7745.75,-4495.76,-562.69,0,0,0,32765.6,55469.3,6970.06,96138.3,-4045.54,128334,1.45708e+16
20230101T000019.400000,6,2232,10637,1053.04,2272.42,0,0,0,10016.9,-17106,-38661.9,181115,-3827.45,182811,2.26797e+16
20230101T000019.400000,6,2233,12040.6,180.99,2045.81,0,0,0,6809.66,-3385.19,-39401.9,231963,-592.277,232015,1.16199e+16
20230101T000019.400000,6,2234,8288.65,614.659,422.512,0,0,0,952.038,-8125.73,-5600.05,109925,-415.281,110527,9.20186e+15
20230101T000019.400000,6,2235,5378.31,-348.819,106.752,0,0,0,276.544,2996.38,-917.369,46282.2,59.4975,46476.6,1.94231e+16
20230101T000019.400000,6,2236,1410.59,506.812,-45.4122,0,0,0,470.526,-1122.45,100.67,3191.32,36.1697,3594.67,4.29325e+21
20230101T000019.400000,3,2050,2532.38,-1980.88,-522.057,0,0,0,2500,0,0,2500,0,2500,0
20230101T000019.400000,3,2051,7745.75,-4495.76,-562.69,0,0,0,2500,0,0,2500,0,2500,0
20230101T000019.400000,3,2052,10637,1053.04,2272.42,0,0,0,2500,0,0,2500,0,2500,0
20230101T000019.400000,3,2053,12040.6,180.99,2045.81,0,0,0,2500,0,0,2500,0,2500,0
20230101T000019.400000,3,2054,8288.65,614.659,422.512,0,0,0,2500,0,0,2500,0,2500,0
20230101T000019.400000,3,2055,5378.31,-348.819,106.752,0,0,0,2500,0,0,2500,0,2500,0
20230101T000019.400000,3,2056,1410.59,506.812,-45.4122,0,0,0,2500,0,0,2500,0,2500,0
20230101T000019.500000,6,2237,9053.72,-7432.11,1485.67,0,0,0,90525.5,105898,-21515.2,132599,17661.6,219531,7.7452e+15
20230101T000019.500000,6,2238,1475.62,261.784,-53.1275,0,0,0,175.997,-606.297,123.202,3485.99,21.8568,3593.63,5.49939e+21
20230101T000019.500000,6,2239,8426.11,1108.43,209.572,0,0,0,2097.74,-14926.2,-2823.83,113601,-371.467,115565,1.73913e+16
20230101T000019.500000,6,2240,2162.36,1270.6,7.44051,0,0,0,2630.72,-4368,-25.5788,7497.71,-15.0301,10064.3,1.03296e+16
20230101T000019.500000,6,2241,4237.22,5924.87,-1063.08,0,0,0,56799.6,-39282.7,7201.88,29964.2,10070.3,84894.3,8.64286e+15
20230101T000019.500000,3,2057,9053.72,-7432.11,1485.67,0,0,0,2500,0,0,2500,0,2500,0
20230101T000019.500000,3,2058,1475.62,261.784,-53.1275,0,0,0,2500,0,0,2500,0,2500,0
20230101T000019.500000,3,2059,8426.11,1108.43,209.572,0,0,0,2500,0,0,2500,0,2500,0
20230101T000019.500000,3,2060,2162.36,1270.6,7.44051,0,0,0,2500,0,0,2500,0,2500,0
20230101T000019.500000,3,2061,4237.22,5924.87,-1063.08,0,0,0,2500,0,0,2500,0,2500,0
20230101T000019.600000,6,2242,2453.24,-2317.49,554.648,0,0,0,8886.25,8819.77,-2169.65,9890.94,2049.59,18224.3,1.78066e+16
20230101T000019.600000,6,2243,6695.2,-7317.26,44.8688,0,0,0,85698.3,78351.4,-480.453,71757.8,525.092,157389,1.10498e+16
20230101T000019.600000,6,2244,4255.52,-2718.88,-805.697,0,0,0,12609.6,18012.9,5477.47,29294.3,-3499.59,40804.5,2.21986e+16
20230101T000019.600000,6,2245,6509.73,-4028.85,481.099,0,0,0,26284.4,41768.5,-5007.52,67922.7,3099.13,93773.4,9.96756e+15
20230101T000019.600000,6,2246,4298.17,-2698.87,-626.707,0,0,0,12150.1,18248.9,4303.32,29754.4,-2702.1,41214.1,2.12128e+16
20230101T000019.600000,6,2247,1498.58,-13.5143,-53.5226,0,0,0,68.7886,31.7857,126.05,3593.17,-1.13672,3593.54,2.557e+21
20230101T000019.600000,6,2248,9783.69,1598.77,-1918.09,0,0,0,9883.18,-24080.3,30013.8,153308,4904.6,157245,1.51457e+16
20230101T000019.600000,6,2249,8052.83,810.959,522.746,0,0,0,1548.17,-10398.9,-6731.24,103762,-677.868,104809,9.31479e+15
20230101T000019.600000,6,2250,7099.44,1422.44,-312.229,0,0,0,3448.73,-16115.3,3543.95,80651.7,710.065,83880.7,8.80819e+15
20230101T000019.600000,6,2251,3912.02,1910.94,307.445,0,0,0,6016.23,-11876.3,-1920.33,24527.6,-938.042,30329.3,1.68941e+16
20230101T000019.600000,6,2252,5492.31,2113.05,-356.018,0,0,0,7376.19,-18479.6,3124.98,48299.2,1202.27,55409,1.9223e+16
20230101T000019.600000,6,2253,1679.79,1717.09,344.026,0,0,0,4840.7,-4488.95,-918.347,4643.53,-938.738,9233.44,1.28251e+16
20230101T000019.600000,6,2254,2725.85,3320.7,168.426,0,0,0,17687.3,-14429.2,-732.98,11953.7,-892.934,29531.8,1.27572e+16
20230101T000019.600000,6,2255,619.208,651.251,-155.645,0,0,0,726.509,-594.831,146.787,666.461,154.382,1293.94,1.55878e+16
20230101T000019.600000,3,2062,2453.24,-2317.49,554.648,0,0,0,2500,0,0,2500,0,2500,0
20230101T000019.600000,3,2063,6695.2,-7317.26,44.8688,0,0,0,2500,0,0,2500,0,2500,0
20230101T000019.600000,3,2064,4255.52,-2718.88,-805.697,0,0,0,2500,0,0,2500,0,2500,0
20230101T000019.600000,3,2065,6509.73,-4028.85,481.099,0,0,0,2500,0,0,2500,0,2500,0
20230101T000019.600000,3,2066,4298.17,-2698.87,-626.707,0,0,0,2500,0,0,2500,0,2500,0
20230101T000019.600000,3,2067,1498.58,-13.5143,-53.5226,0,0,0,2500,0,0,2500,0,2500,0
20230101T000019.600000,3,2068,9783.69,1598.77,-1918.09,0,0,0,2500,0,0,2500,0,2500,0
20230101T000019.600000,3,2069,8052.83,810.959,522.746,0,0,0,2500,0,0,2500,0,2500,0
20230101T000019.600000,3,2070,7099.44,1422.44,-312.229,0,0,0,2500,0,0,2500,0,2500,0
20230101T000019.600000,3,2071,3912.02,1910.94,307.445,0,0,0,2500,0,0,2500,0,2500,0
20230101T000019.600000,3,2072,5492.31,2113.05,-356.018,0,0,0,2500,0,0,2500,0,2500,0
20230101T000019.600000,3,2073,1679.79,1717.09,344.026,0,0,0,2500,0,0,2500,0,2500,0
20230101T000019.600000,3,2074,2725.85,3320.7,168.426,0,0,0,2500,0,0,2500,0,2500,0
20230101T000019.600000,3,2075,619.208,651.251,-155.645,0,0,0,2500,0,0,2500,0,2500,0
20230101T000019.700000,6,2256,9135.35,-6802.43,1897.37,0,0,0,77782.4,96639.2,-27724.8,135604,20644.6,207566,1.48941e+16
20230101T000019.700000,6,2257,1475.01,-265.775,-54.5269,0,0,0,179.531,615.249,126.396,3483.21,-22.7747,3594.16,3.27686e+21
20230101T000019.700000,6,2258,9686.35,-6209.54,971.535,0,0,0,62808.9,95521.5,-15052.5,150579,9649.57,211815,1.40332e+16
20230101T000019.700000,6,2259,10517.8,-6192.71,-1849.29,0,0,0,65469.1,101794,31112.5,178423,-18318.5,238359,3.039e+16
20230101T000019.700000,6,2260,1477.04,-257.407,-43.9893,0,0,0,171.078,596.98,102.11,3492.59,-17.7949,3596.69,3.21477e+21
20230101T000019.700000,6,2261,4053.37,229.69,307.435,0,0,0,298.585,-1477.49,-1989.02,26288.4,-112.711,26372.5,1.34261e+16
20230101T000019.700000,6,2262,11563.1,1784.79,-2450.43,0,0,0,14540.4,-31562.7,45322.7,214155,6995.63,219029,2.11313e+16
20230101T000019.700000,6,2263,5020.37,-259.286,-618.333,0,0,0,780.554,2047.98,4959.07,40328.3,-256.12,40435.1,1.1894e+16
20230101T000019.700000,6,2264,10061.7,4454.62,2581.56,0,0,0,40716.2,-67744.1,-41546.9,163738,-18394.1,193734,9.91111e+15
20230101T000019.700000,6,2265,7311.83,9880.52,562.617,0,0,0,156401,-115319,-6580.28,85909,-8891.98,241740,2.99286e+16
20230101T000019.700000,6,2266,5833.34,6950.7,1196.78,0,0,0,78272.5,-63713.9,-11164.6,55826.2,-13303.1,131745,7.09242e+15
20230101T000019.700000,6,2267,3785.85,5542.67,432.116,0,0,0,49269.3,-33405.1,-2615.16,23179.4,-3828.74,72086.5,1.38415e+16
20230101T000019.700000,3,2076,9135.35,-6802.43,1897.37,0,0,0,2500,0,0,2500,0,2500,0
20230101T000019.700000,3,2077,1475.01,-265.775,-54.5269,0,0,0,2500,0,0,2500,0,2500,0
20230101T000019.700000,3,2078,9686.36,-6209.54,971.535,0,0,0,2500,0,0,2500,0,2500,0
20230101T000019.700000,3,2079,10517.8,-6192.71,-1849.29,0,0,0,2500,0,0,2500,0,2500,0
20230101T000019.700000,3,2080,1477.04,-257.407,-43.9893,0,0,0,2500,0,0,2500,0,2500,0
20230101T000019.700000,3,2081,4053.37,229.69,307.435,0,0,0,2500,0,0,2500,0,2500,0
20230101T000019.700000,3,2082,11563.1,1784.79,-2450.43,0,0,0,2500,0,0,2500,0,2500,0
20230101T000019.700000,3,2083,5020.37,-259.286,-618.333,0,0,0,2500,0,0,2500,0,2500,0
20230101T000019.700000,3,2084,10061.7,4454.62,2581.56,0,0,0,2500,0,0,2500,0,2500,0
20230101T000019.700000,3,2085,7311.83,9880.52,562.617,0,0,0,2500,0,0,2500,0,2500,0
20230101T000019.700000,3,2086,5833.34,6950.7,1196.78,0,0,0,2500,0,0,2500,0,2500,0
20230101T000019.700000,3,2087,3785.85,5542.68,432.116,0,0,0,2500,0,0,2500,0,2500,0
20230101T000019.800000,6,2268,10099.1,-6292.28,-2107.72,0,0,0,68513.5,98456.6,34048.5,165193,-21214,226539,1.5792e+16
20230101T000019.800000,6,2269,1413.81,-499.56,-11.8177,0,0,0,456.387,1109.88,26.2572,3205.31,-9.27779,3597.48,1.06317e+20
20230101T000019.800000,6,2270,10552.1,-2629.82,-1367.07,0,0,0,13940.1,43683.8,23073,178334,-5750.29,189222,1.26187e+16
20230101T000019.800000,6,2271,5659.53,-2200.74,475.689,0,0,0,8118.96,19784.5,-4302.83,51304.3,1673.18,58998,1.13101e+16
20230101T000019.800000,6,2272,3062.92,-1976.25,-374.704,0,0,0,6452.25,9553.77,1830.83,15095,-1181.29,21259.9,9.75847e+15
20230101T000019.800000,6,2273,10915.7,-678.969,-720.714,0,0,0,1628.96,11802.8,12583.1,190646,-782.687,191380,1.2133e+16
20230101T000019.800000,6,2274,7515.77,-605.41,66.8287,0,0,0,657.116,7274.51,-803.065,90379.4,64.6885,90965.4,1.00042e+16
20230101T000019.800000,6,2275,954.058,113.685,178.013,0,0,0,131.681,-160.313,-260.352,1457.94,-31.0235,1479.17,1.4836e+16
20230101T000019.800000,6,2276,7033.35,497.32,113.808,0,0,0,480.009,-5590.56,-1279.69,79149.3,-90.4853,79544.6,1.5773e+16
20230101T000019.800000,6,2277,7291.3,2562.01,1550.98,0,0,0,13982.9,-28665.6,-18082.2,85490.6,-6353.73,95565.6,1.45144e+16
20230101T000019.800000,6,2278,6491.16,2752.02,-139.847,0,0,0,12198.6,-28547.9,1451.26,67430.8,615.283,79534.1,1.52349e+16
20230101T000019.800000,6,2279,2043.49,2222.2,401.167,0,0,0,8047.85,-7106.03,-1305.99,6854.96,-1420.2,14583.5,1.11889e+16
20230101T000019.800000,6,2280,725.57,879.313,-1.69693,0,0,0,1263.03,-989.384,1.90935,880.4,2.31393,2079.43,1.75335e+16
20230101T000019.800000,6,2281,7649.5,7250.9,1147.09,0,0,0,85263.2,-87662.5,-14034.4,94650,-13303.1,177745,2.12119e+16
20230101T000019.800000,6,2282,5436.35,6559.08,501.342,0,0,0,69024.2,-56823,-4358.36,47562.4,-5258.46,116121,1.25376e+16
20230101T000019.800000,6,2283,6995.61,6359.05,-1718.05,0,0,0,67319.8,-68795.2,19221.7,80466.5,17472.6,143004,1.83159e+16
20230101T000019.800000,3,2088,10099.1,-6292.28,-2107.72,0,0,0,2500,0,0,2500,0,2500,0
20230101T000019.800000,3,2089,1413.81,-499.56,-11.8177,0,0,0,2500,0,0,2500,0,2500,0
20230101T000019.800000,3,2090,10552.1,-2629.82,-1367.07,0,0,0,2500,0,0,2500,0,2500,0
20230101T000019.800000,3,2091,5659.53,-2200.74,475.689,0,0,0,2500,0,0,2500,0,2500,0
20230101T000019.800000,3,2092,3062.92,-1976.25,-374.704,0,0,0,2500,0,0,2500,0,2500,0
20230101T000019.800000,3,2093,10915.7,-678.969,-720.714,0,0,0,2500,0,0,2500,0,2500,0
20230101T000019.800000,3,2094,7515.77,-605.41,66.8287,0,0,0,2500,0,0,2500,0,2500,0
20230101T000019.800000,3,2095,954.058,113.685,178.013,0,0,0,2500,0,0,2500,0,2500,0
20230101T000019.800000,3,2096,7033.35,497.32,113.808,0,0,0,2500,0,0,2500,0,2500,0
20230101T000019.800000,3,2097,7291.3,2562.01,1550.98,0,0,0,2500,0,0,2500,0,2500,0
20230101T000019.800000,3,2098,6491.16,2752.02,-139.847,0,0,0,2500,0,0,2500,0,2500,0
20230101T000019.800000,3,2099,2043.49,2222.2,401.167,0,0,0,2500,0,0,2500,0,2500,0
20230101T000019.800000,3,2100,725.57,879.313,-1.69693,0,0,0,2500,0,0,2500,0,2500,0
20230101T000019.800000,3,2101,7649.5,7250.9,1147.09,0,0,0,2500,0,0,2500,0,2500,0
20230101T000019.800000,3,2102,5436.35,6559.08,501.342,0,0,0,2500,0,0,2500,0,2500,0
20230101T000019.800000,3,2103,6995.61,6359.05,-1718.05,0,0,0,2500,0,0,2500,0,2500,0
20230101T000019.900000,6,2284,1556.01,-2065.77,318.468,0,0,0,6909.38,5034.67,-788.192,4017.62,1046.41,10702.6,1.09156e+16
20230101T000019.900000,6,2285,2192.17,-2328.42,257.431,0,0,0,8754.2,8082.23,-899.425,7778.9,955.328,16363.9,8.75242e+15
20230101T000019.900000,6,2286,7115.63,-5549.89,-1320.52,0,0,0,51055.7,61802.1,15026.9,82090.5,-11720.3,130295,1.40318e+16
20230101T000019.900000,6,2287,1314.34,-717.767,-62.3205,0,0,0,878.303,1479.93,128.723,2780.08,-70.2963,3588.39,3.63153e+19
20230101T000019.900000,6,2288,803.603,-265.834,-27.3159,0,0,0,171.772,322.381,33.163,1039.67,-10.9704,1146.38,1.02555e+16
20230101T000019.900000,6,2289,6827.14,-1186.6,-340.026,0,0,0,2494.35,12919.7,3711.16,74583.1,-645.02,76828.8,1.08069e+16
20230101T000019.900000,6,2290,4451.47,389.259,1060.81,0,0,0,2089.4,-2610.93,-7541.11,31719.1,-659.432,31950.8,1.46554e+16
20230101T000019.900000,6,2291,3751.47,2395.43,317.87,0,0,0,9341.01,-14276,-1904.14,22582.9,-1215.85,31698.9,1.71997e+16
20230101T000019.900000,6,2292,7081.84,1929.2,1017.69,0,0,0,7555.99,-21423.5,-11523,80362.7,-3139.04,86200,1.50465e+16
20230101T000019.900000,6,2293,848.765,783.847,-47.154,0,0,0,1019.47,-1030.86,62.1205,1183.69,57.3692,2135.81,2.03142e+16
20230101T000019.900000,6,2294,3612.4,2479.22,846.595,0,0,0,10656,-13765.7,-4883.35,21266,-3351.49,30715.8,1.64044e+16
20230101T000019.900000,6,2295,6466.96,8384.12,797.929,0,0,0,112873,-86228.2,-8253.35,67593.1,-10700.1,179384,1.55792e+16
20230101T000019.900000,4,2100,800.872,837.721,-26.2914,7.45567,-4.11802,-2.4351,703.695,-529.151,1.02118,499.053,1.23756,1140.33,0
20230101T000019.900000,3,2104,1556.01,-2065.77,318.468,0,0,0,2500,0,0,2500,0,2500,0
20230101T000019.900000,3,2105,2192.17,-2328.42,257.431,0,0,0,2500,0,0,2500,0,2500,0
20230101T000019.900000,3,2106,7115.63,-5549.89,-1320.52,0,0,0,2500,0,0,2500,0,2500,0
20230101T000019.900000,3,2107,1314.34,-717.767,-62.3205,0,0,0,2500,0,0,2500,0,2500,0
20230101T000019.900000,3,2108,803.603,-265.834,-27.3159,0,0,0,2500,0,0,2500,0,2500,0
20230101T000019.900000,3,2109,6827.14,-1186.6,-340.026,0,0,0,2500,0,0,2500,0,2500,0
20230101T000019.900000,3,2110,4451.47,389.259,1060.81,0,0,0,2500,0,0,2500,0,2500,0
20230101T000019.900000,3,2111,3751.47,2395.43,317.87,0,0,0,2500,0,0,2500,0,2500,0
20230101T000019.900000,3,2112,7081.84,1929.2,1017.69,0,0,0,2500,0,0,2500,0,2500,0
20230101T000019.900000,3,2113,3612.4,2479.22,846.595,0,0,0,2500,0,0,2500,0,2500,0
20230101T000019.900000,3,2114,6466.96,8384.12,797.929,0,0,0,2500,0,0,2500,0,2500,0
20230101T000020,6,2296,1147.17,-962.977,-74.4061,0,0,0,1526.37,1731.71,134.141,2135.64,-112.603,3589.46,6.11578e+19
20230101T000020,6,2297,7907.13,-6349.11,1943.78,0,0,0,68210.9,77343.8,-24582.3,102430,19738.6,164536,1.7698e+16
20230101T000020,6,2298,5115.08,-3336.64,35.5442,0,0,0,17859.3,27277.2,-290.586,41882.2,189.553,59675.5,1.25129e+16
20230101T000020,6,2299,9784.51,-5010.91,-1390.2,0,0,0,42674.4,77166.7,21756.8,153834,-11142.2,193354,5.50531e+16
20230101T000020,6,2300,10660.2,-4516.7,1389.98,0,0,0,35315.2,75905.6,-23701,182305,10042,214467,1.41547e+16
20230101T000020,6,2301,5171.45,-3223.91,401.231,0,0,0,16861.1,26531.4,-3316.36,42880.2,2067.43,59420.2,1.35076e+16
20230101T000020,6,2302,637.368,-129.412,37.2495,0,0,0,90.193,119.1,-34.4062,652.594,6.98585,676.986,2.20426e+16
20230101T000020,6,2303,841.214,-372.862,-122.789,0,0,0,295.16,469.62,157.596,1146.51,-69.8532,1355.79,1.01097e+16
20230101T000020,6,2304,4130.33,-280.409,718.863,0,0,0,1010.68,1793.02,-4739.86,27299.4,321.791,27423,9.93582e+15
20230101T000020,6,2305,11678.9,68.3505,2223.13,0,0,0,7976.69,-1230.57,-41530.1,218234,-243.055,218243,1.30473e+16
20230101T000020,6,2306,5505.22,885.595,543.078,0,0,0,1776.64,-7716.7,-4777.53,48505.4,-768.535,49747.4,1.19693e+16
20230101T000020,6,2307,1960.99,613.124,-237.762,0,0,0,741.399,-1879.98,739.025,6166.48,231.064,6755.12,1.14965e+16
20230101T000020,6,2308,696.02,372.293,-117.383,0,0,0,287.591,-379.387,122.51,793.944,65.5293,998.259,1.02153e+16
20230101T000020,6,2309,6799.21,1309.25,1419.46,0,0,0,5910.36,-13633,-15429.6,74084.3,-2971.1,76712.1,1.86815e+16
20230101T000020,6,2310,4186.18,2382.6,194.371,0,0,0,9176.77,-15904.9,-1299.63,28069,-739.696,37121.6,9.75593e+15
20230101T000020,6,2311,5810.66,2519.54,153.296,0,0,0,10242.4,-23387.2,-1423.78,54038.2,-617.361,64179.1,9.642e+15
20230101T000020,6,2312,8371.61,4812.97,1957.93,0,0,0,41719.5,-61790.8,-26214.9,113673,-15071.3,149200,1.04741e+16
20230101T000020,4,2108,859.3,-344.196,-88.3064,5.51457,-7.75863,-6.03868,134.707,216.242,22.2373,716.861,-7.35616,788.203,0
20230101T000020,3,2115,1147.17,-962.977,-74.4061,0,0,0,2500,0,0,2500,0,2500,0
20230101T000020,3,2116,7907.13,-6349.11,1943.78,0,0,0,2500,0,0,2500,0,2500,0
20230101T000020,3,2117,5115.08,-3336.64,35.5442,0,0,0,2500,0,0,2500,0,2500,0
20230101T000020,3,2118,9784.51,-5010.91,-1390.2,0,0,0,2500,0,0,2500,0,2500,0
20230101T000020,3,2119,10660.2,-4516.7,1389.98,0,0,0,2500,0,0,2500,0,2500,0
20230101T000020,3,2120,5171.45,-3223.91,401.231,0,0,0,2500,0,0,2500,0,2500,0
20230101T000020,3,2121,637.368,-129.412,37.2495,0,0,0,2500,0,0,2500,0,2500,0
20230101T000020,3,2122,4130.33,-280.409,718.863,0,0,0,2500,0,0,2500,0,2500,0
20230101T000020,3,2123,11678.9,68.3505,2223.13,0,0,0,2500,0,0,2500,0,2500,0
20230101T000020,3,2124,5505.22,885.595,543.078,0,0,0,2500,0,0,2500,0,2500,0
20230101T000020,3,2125,1960.99,613.124,-237.762,0,0,0,2500,0,0,2500,0,2500,0
20230101T000020,3,2126,696.02,372.293,-117.383,0,0,0,2500,0,0,2500,0,2500,0
20230101T000020,3,2127,6799.21,1309.25,1419.46,0,0,0,2500,0,0,2500,0,2500,0
20230101T000020,3,2128,4186.18,2382.6,194.371,0,0,0,2500,0,0,2500,0,2500,0
20230101T000020,3,2129,5810.66,2519.54,153.296,0,0,0,2500,0,0,2500,0,2500,0
20230101T000020,3,2130,8371.61,4812.97,1957.93,0,0,0,2500,0,0,2500,0,2500,0
20230101T000020.100000,6,2313,7782.33,-3765.02,213.224,0,0,0,22791.4,46827.4,-2653.59,96929.3,1283.78,119584,1.30138e+16
20230101T000020.100000,6,2314,6274.04,-820.285,-314.591,0,0,0,1295.04,8205.84,3154.86,62985.4,-412.475,64058.4,1.3786e+16
20230101T000020.100000,6,2315,978.905,1121.46,185.577,0,0,0,2063.35,-1697.96,-285.494,1600.25,-327.069,3546.45,4.52133e+20
20230101T000020.100000,6,2316,2518.41,2947.49,-346.863,0,0,0,14008.3,-11750.3,1393.98,10295.8,1631.48,24048.6,9.17497e+15
20230101T000020.100000,6,2317,3278.12,2858.79,-362.481,0,0,0,13231.8,-14858.7,1897.22,17311.9,1654.53,30270.4,1.02336e+16
20230101T000020.100000,6,2318,5230.09,5765.29,-95.5844,0,0,0,53217.2,-48205.7,799.336,43809.3,881.133,96947.9,1.74006e+16
20230101T000020.100000,3,2131,7782.33,-3765.02,213.224,0,0,0,2500,0,0,2500,0,2500,0
20230101T000020.100000,3,2132,6274.04,-820.285,-314.591,0,0,0,2500,0,0,2500,0,2500,0
20230101T000020.100000,3,2133,978.905,1121.46,185.577,0,0,0,2500,0,0,2500,0,2500,0
20230101T000020.100000,3,2134,2518.41,2947.49,-346.863,0,0,0,2500,0,0,2500,0,2500,0
20230101T000020.100000,3,2135,3278.12,2858.79,-362.481,0,0,0,2500,0,0,2500,0,2500,0
20230101T000020.100000,3,2136,5230.09,5765.29,-95.5844,0,0,0,2500,0,0,2500,0,2500,0
20230101T000020.200000,6,2319,3584.03,-2665.27,-741.22,0,0,0,11972,14833.1,4242.19,20887.6,-3154.71,31919.9,1.14063e+16
20230101T000020.200000,6,2320,5183.09,-7579.45,978.358,0,0,0,92425,62112.8,-8109.66,44069.7,11859.1,134901,2.14417e+16
20230101T000020.200000,6,2321,8013.86,-4249.57,86.6117,0,0,0,28953.5,54457.4,-1110.01,102772,588.615,131649,1.20462e+16
20230101T000020.200000,6,2322,5101.33,-1208.98,123.416,0,0,0,2422.25,9848.04,-1005.87,41642.5,238.384,43976.4,1.55961e+16
20230101T000020.200000,6,2323,4375.56,785.335,73.0871,0,0,0,1057.07,-5485.43,-510.64,30635,-91.6508,31619.6,1.17872e+16
20230101T000020.200000,6,2324,10580.4,-28.319,-340.22,0,0,0,250.415,478.735,5757.4,179111,-15.41,179113,1.65357e+16
20230101T000020.200000,6,2325,133.836,58.8034,-10.6879,0,0,0,59.0447,10.9196,-1.97247,38.9895,-0.866644,34.5321,1.40412e+16
20230101T000020.200000,6,2326,8676.53,2823.48,-903.634,0,0,0,13994,-38793.7,12538.7,120583,4080.28,133207,9.94737e+15
20230101T000020.200000,6,2327,4956.46,2666.53,-792.97,0,0,0,12205.5,-20700.5,6280.74,39546.4,3378.97,50684.3,1.06374e+16
20230101T000020.200000,6,2328,1139.52,953.502,204.005,0,0,0,1530.78,-1674.77,-365.336,2130.91,-305.697,3533.47,2.14061e+21
20230101T000020.200000,4,2133,1051.02,1056.8,193.157,7.13965,-6.402,0.750434,873.398,-688.902,-114.773,685.509,-131.487,1462.42,0
20230101T000020.200000,3,2137,3584.03,-2665.27,-741.22,0,0,0,2500,0,0,2500,0,2500,0
20230101T000020.200000,3,2138,5183.09,-7579.45,978.358,0,0,0,2500,0,0,2500,0,2500,0
20230101T000020.200000,3,2139,8013.86,-4249.58,86.6117,0,0,0,2500,0,0,2500,0,2500,0
20230101T000020.200000,3,2140,5101.33,-1208.98,123.416,0,0,0,2500,0,0,2500,0,2500,0
20230101T000020.200000,3,2141,4375.56,785.335,73.0871,0,0,0,2500,0,0,2500,0,2500,0
20230101T000020.200000,3,2142,10580.4,-28.319,-340.22,0,0,0,2500,0,0,2500,0,2500,0
20230101T000020.200000,3,2143,133.836,58.8034,-10.6879,0,0,0,2500,0,0,2500,0,2500,0
20230101T000020.200000,3,2144,8676.53,2823.48,-903.634,0,0,0,2500,0,0,2500,0,2500,0
20230101T000020.200000,3,2145,4956.46,2666.53,-792.97,0,0,0,2500,0,0,2500,0,2500,0
20230101T000020.300000,6,2329,5005.04,-5280.22,1318.2,0,0,0,45954.3,40865.3,-10548.5,41577.8,11128.5,84691.9,1.33084e+16
20230101T000020.300000,6,2330,3867.02,-4867.49,239.963,0,0,0,37968.3,30040.3,-1483.18,24021.8,1866.9,61834.2,8.27793e+15
20230101T000020.300000,6,2331,6011.68,-6886.82,-1414.98,0,0,0,77297.6,64624.1,13603.9,59678,-15584.2,133711,1.0886e+16
20230101T000020.300000,6,2332,9337.47,-4688.2,-390.093,0,0,0,35412.3,69918.2,5825.83,139563,-2925.06,174668,1.32114e+16
20230101T000020.300000,6,2333,5830.86,-1992.75,856.685,0,0,0,7461.37,18212.6,-7984.08,54527.7,2728.64,60753.2,8.44393e+15
20230101T000020.300000,6,2334,7814.83,-2219.12,-918.593,0,0,0,9187.06,27375.9,11479,97819.9,-3259.6,105594,1.7137e+16
20230101T000020.300000,6,2335,2084.91,-368.092,372.949,0,0,0,492.803,1179.17,-1233.34,6963.55,217.746,7173.66,2.73974e+16
20230101T000020.300000,6,2336,11735.6,1256.62,-1790.11,0,0,0,7657.49,-23046,33603.3,220416,3598.18,222885,1.34438e+16
20230101T000020.300000,6,2337,1282.61,745.66,222.16,0,0,0,995.418,-1468.71,-447.808,2667.9,-260.339,3523.15,1.73705e+21
20230101T000020.300000,6,2338,11748.6,3510.04,-1429.56,0,0,0,22772.4,-65066.7,26865.5,221120,8026.39,240561,1.1663e+16
20230101T000020.300000,6,2339,2698.16,3494.75,-523.66,0,0,0,19728.7,-14844.3,2256.09,11962.5,2922.17,31190.3,1.04707e+16
20230101T000020.300000,6,2340,8005.33,7715.53,1251.9,0,0,0,96579.8,-97540,-16029.9,103775,-15449.6,197784,1.51595e+16
20230101T000020.300000,3,2146,5005.04,-5280.22,1318.2,0,0,0,2500,0,0,2500,0,2500,0
20230101T000020.300000,3,2147,3867.02,-4867.49,239.963,0,0,0,2500,0,0,2500,0,2500,0
20230101T000020.300000,3,2148,6011.68,-6886.82,-1414.98,0,0,0,2500,0,0,2500,0,2500,0
20230101T000020.300000,3,2149,9337.47,-4688.2,-390.093,0,0,0,2500,0,0,2500,0,2500,0
20230101T000020.300000,3,2150,5830.86,-1992.75,856.685,0,0,0,2500,0,0,2500,0,2500,0
20230101T000020.300000,3,2151,7814.83,-2219.12,-918.593,0,0,0,2500,0,0,2500,0,2500,0
20230101T000020.300000,3,2152,2084.91,-368.092,372.949,0,0,0,2500,0,0,2500,0,2500,0
20230101T000020.300000,3,2153,11735.6,1256.62,-1790.11,0,0,0,2500,0,0,2500,0,2500,0
20230101T000020.300000,3,2154,1282.61,745.659,222.16,0,0,0,2500,0,0,2500,0,2500,0
20230101T000020.300000,3,2155,11748.6,3510.04,-1429.56,0,0,0,2500,0,0,2500,0,2500,0
20230101T000020.300000,3,2156,2698.16,3494.75,-523.66,0,0,0,2500,0,0,2500,0,2500,0
20230101T000020.300000,3,2157,8005.33,7715.53,1251.9,0,0,0,2500,0,0,2500,0,2500,0
20230101T000020.400000,6,2341,2127.37,-3169.86,670.941,0,0,0,16319.8,10427.6,-2277.67,7780.54,3393.8,23319.9,2.05038e+16
20230101T000020.400000,6,2342,2431.73,-3303.07,392.136,0,0,0,17565.2,12703.7,-1522.11,9661.95,2067.52,26918.3,1.21795e+16
20230101T000020.400000,6,2343,5762.46,-6193.36,394.276,0,0,0,61517.4,56946.5,-3633.17,53297,3904.85,114502,5.72764e+15
20230101T000020.400000,6,2344,3418.99,-2068.67,286.329,0,0,0,6989.67,11230.1,-1562.42,18755.4,945.35,25550.6,1.14421e+16
20230101T000020.400000,6,2345,4453.97,-1166.67,208.139,0,0,0,2302.43,8281.47,-1480.48,31749.1,387.797,33918.5,8.29096e+15
20230101T000020.400000,6,2346,10601.2,-4656.93,2472,0,0,0,42946.2,75367.9,-41917.9,181409,18413.8,214519,9.95662e+15
20230101T000020.400000,6,2347,9118.25,-4944.67,-607.85,0,0,0,39625.8,71864.3,8864.76,133177,-4807.21,172148,8.66961e+15
20230101T000020.400000,6,2348,11799.7,-3182.37,-1853.83,0,0,0,21388.2,58683.3,34990.1,223148,-9436.86,238976,2.14932e+16
20230101T000020.400000,6,2349,4592.97,-314.874,218.485,0,0,0,298.211,2304.37,-1602.57,33753.3,109.865,33911.4,8.83878e+15
20230101T000020.400000,6,2350,10738.4,635.79,-1623.29,0,0,0,4910.49,-10671.4,27881.1,184518,1650.75,185151,1.30414e+16
20230101T000020.400000,6,2351,10067,1701.51,-1426.79,0,0,0,7859.98,-26861.2,22973,162245,3882.86,166786,8.21654e+15
20230101T000020.400000,6,2352,32.1733,-4.87245,-1.44277,0,0,0,62.4835,-9.20617,-2.72588,3.0884,0.412817,1.81975,9.21397e+15
20230101T000020.400000,6,2353,7752.9,1495.83,-748.451,0,0,0,4505.27,-18376.7,9278.36,96206.4,1790.14,99752.5,9.55163e+15
20230101T000020.400000,6,2354,1391.92,515.655,216.753,0,0,0,546.642,-1103.5,-474.142,3116.52,-175.653,3526.66,2.30583e+21
20230101T000020.400000,6,2355,558.906,111.863,137.301,0,0,0,107.183,-82.5887,-108.494,503.294,-21.7147,523.334,2.83986e+16
20230101T000020.400000,6,2356,8958.6,5666.94,-1779.01,0,0,0,55043.9,-78912.7,25491.1,129875,16124.9,179795,2.28969e+16
20230101T000020.400000,6,2357,4635.26,4756.51,-1252.91,0,0,0,37452.5,-33990,9283.94,35697,9526.78,70578.3,1.09746e+16
20230101T000020.400000,4,2143,65.2699,-60.2528,1.56209,-13.1858,-22.8955,2.35577,57.689,10.519,-1.89997,38.3697,-0.834787,34.0777,0
20230101T000020.400000,4,2149,9278.51,-4663.86,-390.877,-5.83715,2.40974,-0.0776319,553.675,971.707,80.8548,2001.14,-40.596,2485.69,0
20230101T000020.400000,3,2158,2127.37,-3169.86,670.941,0,0,0,2500,0,0,2500,0,2500,0
20230101T000020.400000,3,2159,2431.73,-3303.07,392.136,0,0,0,2500,0,0,2500,0,2500,0
20230101T000020.400000,3,2160,5762.46,-6193.36,394.276,0,0,0,2500,0,0,2500,0,2500,0
20230101T000020.400000,3,2161,3418.99,-2068.67,286.329,0,0,0,2500,0,0,2500,0,2500,0
20230101T000020.400000,3,2162,4453.97,-1166.67,208.139,0,0,0,2500,0,0,2500,0,2500,0
20230101T000020.400000,3,2163,10601.2,-4656.93,2472,0,0,0,2500,0,0,2500,0,2500,0
20230101T000020.400000,3,2164,11799.7,-3182.37,-1853.83,0,0,0,2500,0,0,2500,0,2500,0
20230101T000020.400000,3,2165,4592.97,-314.874,218.485,0,0,0,2500,0,0,2500,0,2500,0
20230101T000020.400000,3,2166,10738.4,635.79,-1623.29,0,0,0,2500,0,0,2500,0,2500,0
20230101T000020.400000,3,2167,10067,1701.51,-1426.79,0,0,0,2500,0,0,2500,0,2500,0
20230101T000020.400000,3,2168,7752.9,1495.83,-748.451,0,0,0,2500,0,0,2500,0,2500,0
20230101T000020.400000,3,2169,1391.92,515.655,216.753,0,0,0,2500,0,0,2500,0,2500,0
20230101T000020.400000,3,2170,558.906,111.863,137.301,0,0,0,2500,0,0,2500,0,2500,0
20230101T000020.400000,3,2171,8958.6,5666.94,-1779.01,0,0,0,2500,0,0,2500,0,2500,0
20230101T000020.400000,3,2172,4635.26,4756.51,-1252.91,0,0,0,2500,0,0,2500,0,2500,0
20230101T000020.500000,6,2358,539.633,-358.005,-70.7264,0,0,0,254.542,276.283,55.3101,487.7,-36.694,671.748,1.57661e+16
20230101T000020.500000,6,2359,4487.76,-5587.88,-829.047,0,0,0,50415.1,39555.6,5948.34,32930.9,-7406.5,82184,1.12701e+16
20230101T000020.500000,6,2360,2877.3,-4006.83,-422.265,0,0,0,25806.1,18280.9,1940.8,13476.3,-2702.69,38934.1,1.30662e+16
20230101T000020.500000,6,2361,11591.2,-4273.08,426.466,0,0,0,29527.2,79132.7,-7907.1,215010,2914.95,244183,8.48041e+15
20230101T000020.500000,6,2362,565.706,-316.774,-63.2813,0,0,0,213.694,256.965,51.879,528.7,-29.0503,673.194,1.6061e+16
20230101T000020.500000,6,2363,1464.73,235.077,217.352,0,0,0,223.189,-529.29,-500.318,3436.19,-80.2965,3522.48,5.00292e+20
20230101T000020.500000,6,2364,10616.5,-1924.68,-937.548,0,0,0,7350.15,32435.2,15920.1,180382,-2886.18,186263,1.51634e+16
20230101T000020.500000,6,2365,6616.76,-257.852,-977.467,0,0,0,1695.31,2667.92,10339,70052.9,-402.908,70158.2,8.06179e+15
20230101T000020.500000,6,2366,2214.74,795.735,-339.751,0,0,0,1232.21,-2741.04,1195.42,7876.43,429.503,8862.56,1.07978e+16
20230101T000020.500000,6,2367,6231.93,2257.88,25.8059,0,0,0,8214.34,-22492.7,-257.078,62146.7,-93.1416,70296,8.8546e+15
20230101T000020.500000,6,2368,1959.1,1907.69,-678.815,0,0,0,6232.24,-5581.16,2117.07,6529.12,2061.51,11967.5,2.1019e+16
20230101T000020.500000,6,2369,292.48,390.512,-25.8292,0,0,0,267.318,-151.612,10.0618,178.441,13.4343,381.049,1.19434e+16
20230101T000020.500000,3,2173,539.632,-358.005,-70.7264,0,0,0,2500,0,0,2500,0,2500,0
20230101T000020.500000,3,2174,4487.76,-5587.88,-829.047,0,0,0,2500,0,0,2500,0,2500,0
20230101T000020.500000,3,2175,2877.3,-4006.83,-422.265,0,0,0,2500,0,0,2500,0,2500,0
20230101T000020.500000,3,2176,11591.2,-4273.08,426.466,0,0,0,2500,0,0,2500,0,2500,0
20230101T000020.500000,3,2177,565.706,-316.774,-63.2813,0,0,0,2500,0,0,2500,0,2500,0
20230101T000020.500000,3,2178,1464.73,235.077,217.352,0,0,0,2500,0,0,2500,0,2500,0
20230101T000020.500000,3,2179,10616.5,-1924.68,-937.548,0,0,0,2500,0,0,2500,0,2500,0
20230101T000020.500000,3,2180,6616.76,-257.852,-977.467,0,0,0,2500,0,0,2500,0,2500,0
20230101T000020.500000,3,2181,2214.74,795.735,-339.751,0,0,0,2500,0,0,2500,0,2500,0
20230101T000020.500000,3,2182,6231.93,2257.88,25.8059,0,0,0,2500,0,0,2500,0,2500,0
20230101T000020.500000,3,2183,1959.1,1907.69,-678.815,0,0,0,2500,0,0,2500,0,2500,0
20230101T000020.500000,3,2184,292.48,390.512,-25.8292,0,0,0,2500,0,0,2500,0,2500,0
20230101T000020.600000,6,2370,6924.97,-8280.03,1704.36,0,0,0,111633,89424.4,-18877.9,79500,22571.9,186424,1.01439e+16
20230101T000020.600000,6,2371,8601.58,-7441.22,-484.156,0,0,0,88845.8,102193,6661.15,118567,-5762.55,206974,1.26997e+16
20230101T000020.600000,6,2372,5150.09,-5655.66,-1040.03,0,0,0,51991.4,45710.6,8564.24,43417.9,-9404.97,93617,1.8278e+16
20230101T000020.600000,6,2373,3517.46,-898.598,-779.684,0,0,0,2262.46,4809.32,4375.28,19859.4,-1117.74,21090.8,1.21119e+16
20230101T000020.600000,6,2374,5065.91,-1531.39,-81.8416,0,0,0,3820.71,12391.9,662.416,41067.7,-200.244,44813.7,1.01906e+16
20230101T000020.600000,6,2375,2944.92,-92.3582,90.8463,0,0,0,90.7163,432.762,-426.085,13876.1,13.3628,13889.8,1.25005e+16
20230101T000020.600000,6,2376,1486.54,14.9896,192.991,0,0,0,122.879,-34.417,-450.853,3535.71,-4.54619,3537.12,8.04516e+20
20230101T000020.600000,6,2377,11974.7,2028.99,-1134.16,0,0,0,8649.23,-38525,21724,229488,3680.92,236016,1.62717e+16
20230101T000020.600000,6,2378,58.7957,28.0489,0.385029,0,0,0,53.3921,22.2319,0.305178,17.3958,0.145587,6.79211,1.09465e+16
20230101T000020.600000,6,2379,9711.02,3619.87,-1110.09,0,0,0,22752.2,-55578.2,17241.9,151134,6427.05,171852,7.36714e+15
20230101T000020.600000,6,2380,3369.05,5039.21,868.074,0,0,0,41021.6,-26577.7,-4674.35,19037.4,-6991.58,58791.8,1.31861e+16
20230101T000020.600000,6,2381,5612.96,8076.59,587.758,0,0,0,104571,-72244.8,-5276.32,50824.2,-7592.2,154779,1.37471e+16
20230101T000020.600000,4,2178,1480.61,144.1,207.296,1.57138,-9.00759,-0.995687,126.891,-215.638,-201.263,1435.9,-32.3008,1453.66,0
20230101T000020.600000,3,2185,6924.97,-8280.03,1704.36,0,0,0,2500,0,0,2500,0,2500,0
20230101T000020.600000,3,2186,8601.58,-7441.22,-484.156,0,0,0,2500,0,0,2500,0,2500,0
20230101T000020.600000,3,2187,5150.09,-5655.66,-1040.03,0,0,0,2500,0,0,2500,0,2500,0
20230101T000020.600000,3,2188,3517.46,-898.598,-779.684,0,0,0,2500,0,0,2500,0,2500,0
20230101T000020.600000,3,2189,5065.91,-1531.39,-81.8416,0,0,0,2500,0,0,2500,0,2500,0
20230101T000020.600000,3,2190,2944.92,-92.3582,90.8463,0,0,0,2500,0,0,2500,0,2500,0
20230101T000020.600000,3,2191,11974.7,2028.99,-1134.16,0,0,0,2500,0,0,2500,0,2500,0
20230101T000020.600000,3,2192,58.7957,28.0489,0.385029,0,0,0,2500,0,0,2500,0,2500,0
20230101T000020.600000,3,2193,9711.02,3619.87,-1110.09,0,0,0,2500,0,0,2500,0,2500,0
20230101T000020.600000,3,2194,3369.05,5039.21,868.074,0,0,0,2500,0,0,2500,0,2500,0
20230101T000020.600000,3,2195,5612.96,8076.59,587.758,0,0,0,2500,0,0,2500,0,2500,0
20230101T000020.700000,6,2382,7494.38,-9269.8,641.925,0,0,0,137772,110801,-7695.17,90302.5,9518.15,227352,1.18065e+16
20230101T000020.700000,6,2383,5746.55,-7004.82,-1176.52,0,0,0,79424.3,63288.8,10812.3,54197.9,-13179.8,131346,2.32649e+16
20230101T000020.700000,6,2384,2319.2,-854.889,135.732,0,0,0,1251.46,3141.98,-500.377,8617.07,184.446,9775.44,1.24722e+16
20230101T000020.700000,6,2385,3525.06,-1341.08,-650.357,0,0,0,3523.08,7318.28,3658.06,19975.1,-1391.68,22761.1,1.6235e+16
20230101T000020.700000,6,2386,9025.22,-4381.61,-692.264,0,0,0,31389.7,62945.8,9992.58,130486,-4851.26,161045,4.55525e+16
20230101T000020.700000,6,2387,7237.53,-3073.93,1622.9,0,0,0,18740.6,34057.9,-18781.6,84464.4,7976.95,98932.1,1.36538e+16
20230101T000020.700000,6,2388,5288.1,-2749.19,-449.444,0,0,0,12397.4,23102.5,3798.47,44824.7,-1974.76,56835.6,7.98463e+15
20230101T000020.700000,6,2389,1469.1,-222.281,200.453,0,0,0,203.355,503.678,-462.793,3456.06,70.0225,3533.41,8.52797e+20
20230101T000020.700000,6,2390,11010.9,-1028.63,1901.11,0,0,0,7487.31,17580.6,-33482.1,194034,3127.89,195678,2.02381e+16
20230101T000020.700000,6,2391,2492.93,1042.71,82.6268,0,0,0,1803.31,-4132.4,-327.769,9954.67,-137.095,11683.2,1.37552e+16
20230101T000020.700000,6,2392,4426.66,1566,-198.222,0,0,0,4036.43,-11051.6,1401.4,31366.7,495.767,35276.4,4.57863e+16
20230101T000020.700000,6,2393,10704.3,5657.27,477.938,0,0,0,51543.2,-96714.5,-8183.4,183427,-4324.94,234541,6.33533e+15
20230101T000020.700000,6,2394,3224.74,2625.28,707.853,0,0,0,11546.9,-13122.4,-3644.02,16982.7,-2966.62,27667.5,8.71499e+15
20230101T000020.700000,6,2395,6400.59,8164.31,-2.05035,0,0,0,106674,-83579.1,20.9898,65587.7,26.7736,172198,9.81081e+15
20230101T000020.700000,6,2396,6075.76,7625.13,1031.6,0,0,0,93714,-73264.8,-10024.2,60143.9,-12580.5,152093,7.34917e+15
20230101T000020.700000,4,2195,5594.05,8031.28,592.109,-1.87179,-4.48611,0.430847,1698.46,-1131,-82.3114,857.046,-118.439,2475.99,0
20230101T000020.700000,3,2196,7494.38,-9269.8,641.925,0,0,0,2500,0,0,2500,0,2500,0
20230101T000020.700000,3,2197,5746.55,-7004.82,-1176.52,0,0,0,2500,0,0,2500,0,2500,0
20230101T000020.700000,3,2198,2319.2,-854.889,135.732,0,0,0,2500,0,0,2500,0,2500,0
20230101T000020.700000,3,2199,3525.06,-1341.08,-650.357,0,0,0,2500,0,0,2500,0,2500,0
20230101T000020.700000,3,2200,9025.22,-4381.61,-692.264,0,0,0,2500,0,0,2500,0,2500,0
20230101T000020.700000,3,2201,7237.53,-3073.93,1622.9,0,0,0,2500,0,0,2500,0,2500,0
20230101T000020.700000,3,2202,5288.1,-2749.19,-449.444,0,0,0,2500,0,0,2500,0,2500,0
20230101T000020.700000,3,2203,1469.1,-222.281,200.453,0,0,0,2500,0,0,2500,0,2500,0
20230101T000020.700000,3,2204,11010.9,-1028.63,1901.11,0,0,0,2500,0,0,2500,0,2500,0
20230101T000020.700000,3,2205,2492.93,1042.71,82.6268,0,0,0,2500,0,0,2500,0,2500,0
20230101T000020.700000,3,2206,4426.66,1566,-198.222,0,0,0,2500,0,0,2500,0,2500,0
20230101T000020.700000,3,2207,10704.3,5657.27,477.938,0,0,0,2500,0,0,2500,0,2500,0
20230101T000020.700000,3,2208,3224.74,2625.28,707.853,0,0,0,2500,0,0,2500,0,2500,0
20230101T000020.700000,3,2209,6400.59,8164.31,-2.05035,0,0,0,2500,0,0,2500,0,2500,0
20230101T000020.800000,6,2397,3260.73,-3832.78,46.5486,0,0,0,23532.7,19963,-242.468,17050.9,285.006,40516.2,1.51276e+16
20230101T000020.800000,6,2398,1405.94,-478.5,207.328,0,0,0,484.236,1036.27,-458.091,3176.34,155.907,3530.25,3.2194e+20
20230101T000020.800000,6,2399,3683.49,-758.221,100.656,0,0,0,996.746,4452.81,-591.551,21712.2,121.767,22628.8,9.60944e+15
20230101T000020.800000,6,2400,10247.3,-1801.8,-2120.91,0,0,0,12235.3,28303.6,34761.4,168229,-6112.16,173208,1.2788e+16
20230101T000020.800000,6,2401,1378.3,431.62,-122.126,0,0,0,377.676,-926.914,264.194,3047.33,82.7335,3338.06,1.20691e+16
20230101T000020.800000,6,2402,3400.61,1852.59,166.368,0,0,0,5574.74,-10034.4,-902.792,18527.4,-491.824,23994,9.5564e+15
20230101T000020.800000,6,2403,7173.19,1474.07,-748.846,0,0,0,4398.28,-16728.7,8588.23,82366.2,1764.86,85804.6,1.73903e+16
20230101T000020.800000,6,2404,8235.75,2064.69,425.823,0,0,0,7153.74,-27123.4,-5608.05,108545,-1405.93,115345,1.09015e+16
20230101T000020.800000,6,2405,5015.95,2253.36,650.838,0,0,0,8740.67,-17807.5,-5216.5,40380,-2343.46,48380.7,1.29671e+16
20230101T000020.800000,6,2406,2972.84,2483.89,128.2,0,0,0,9924.65,-11770.3,-608.163,14177.5,-508.137,24012,8.85424e+15
20230101T000020.800000,6,2407,6908.69,4183.09,-742.097,0,0,0,28688.4,-45821,8198.08,76621.3,4963.8,104366,1.78611e+16
20230101T000020.800000,3,2210,3260.73,-3832.78,46.5486,0,0,0,2500,0,0,2500,0,2500,0
20230101T000020.800000,3,2211,1405.94,-478.5,207.328,0,0,0,2500,0,0,2500,0,2500,0
20230101T000020.800000,3,2212,3683.49,-758.221,100.656,0,0,0,2500,0,0,2500,0,2500,0
20230101T000020.800000,3,2213,10247.3,-1801.8,-2120.91,0,0,0,2500,0,0,2500,0,2500,0
20230101T000020.800000,3,2214,1378.3,431.62,-122.126,0,0,0,2500,0,0,2500,0,2500,0
20230101T000020.800000,3,2215,3400.61,1852.59,166.368,0,0,0,2500,0,0,2500,0,2500,0
20230101T000020.800000,3,2216,7173.19,1474.07,-748.846,0,0,0,2500,0,0,2500,0,2500,0
20230101T000020.800000,3,2217,8235.75,2064.69,425.823,0,0,0,2500,0,0,2500,0,2500,0
20230101T000020.800000,3,2218,5015.95,2253.36,650.838,0,0,0,2500,0,0,2500,0,2500,0
20230101T000020.800000,3,2219,2972.84,2483.89,128.2,0,0,0,2500,0,0,2500,0,2500,0
20230101T000020.800000,3,2220,6908.69,4183.09,-742.097,0,0,0,2500,0,0,2500,0,2500,0
20230101T000020.900000,6,2408,1799.11,-1316.32,393.796,0,0,0,2974.35,3641.31,-1124.72,5287.03,822.905,7953.14,1.24351e+16
20230101T000020.900000,6,2409,4699.88,-6173.9,1189.16,0,0,0,61840.4,45306,-8936.45,36814.3,11739.2,96331,6.93942e+15
20230101T000020.900000,6,2410,1302.28,-732.719,137.603,0,0,0,930.216,1486.66,-281.622,2736.03,158.453,3573.03,2.53596e+18
20230101T000020.900000,6,2411,10370,-3686.04,1076.54,0,0,0,23441.6,60553.8,-17856.1,172275,6346.97,193800,1.17278e+16
20230101T000020.900000,6,2412,6784.67,-1983.4,1360.68,0,0,0,9080.15,20716.3,-14759.4,73888.9,4314.71,79947.3,8.14015e+15
20230101T000020.900000,6,2413,9460.96,-2726.37,678.545,0,0,0,12631.9,41057.5,-10267.3,143277,2958.72,155109,1.18357e+16
20230101T000020.900000,6,2414,8272.2,-867.169,-589.987,0,0,0,1817.04,11413.1,7804.3,109494,-818.119,110690,1.94041e+16
20230101T000020.900000,6,2415,6394.38,-133.116,-1320.6,0,0,0,2878.86,1302.57,13498.4,65422.2,-281.005,65451.9,1.16478e+16
20230101T000020.900000,6,2416,2127.1,1472.12,116.951,0,0,0,3525.42,-4970.03,-395.65,7267.03,-273.822,10706.8,9.77485e+15
20230101T000020.900000,6,2417,2286,3196.49,-690.821,0,0,0,16627.5,-11300.9,2520.41,8907.57,3524.25,24711.3,1.92798e+16
20230101T000020.900000,6,2418,8253.96,5862.91,-665.702,0,0,0,55511.6,-77062.8,8788.06,109264,6242.29,164003,1.3434e+16
20230101T000020.900000,6,2419,4625,6556.11,-302.497,0,0,0,68842,-48416.2,2237.09,34365.5,3171.15,102997,1.3624e+16
20230101T000020.900000,6,2420,3625.62,3051.83,-37.3675,0,0,0,14940.7,-17671,216.383,21059.7,182.138,35934.1,8.42757e+15
20230101T000020.900000,3,2221,1799.11,-1316.32,393.796,0,0,0,2500,0,0,2500,0,2500,0
20230101T000020.900000,3,2222,4699.88,-6173.9,1189.16,0,0,0,2500,0,0,2500,0,2500,0
20230101T000020.900000,3,2223,1302.28,-732.719,137.603,0,0,0,2500,0,0,2500,0,2500,0
20230101T000020.900000,3,2224,10370,-3686.04,1076.54,0,0,0,2500,0,0,2500,0,2500,0
20230101T000020.900000,3,2225,6784.67,-1983.4,1360.68,0,0,0,2500,0,0,2500,0,2500,0
20230101T000020.900000,3,2226,9460.96,-2726.37,678.545,0,0,0,2500,0,0,2500,0,2500,0
20230101T000020.900000,3,2227,8272.2,-867.169,-589.987,0,0,0,2500,0,0,2500,0,2500,0
20230101T000020.900000,3,2228,6394.38,-133.116,-1320.6,0,0,0,2500,0,0,2500,0,2500,0
20230101T000020.900000,3,2229,2127.1,1472.12,116.951,0,0,0,2500,0,0,2500,0,2500,0
20230101T000020.900000,3,2230,2286,3196.49,-690.821,0,0,0,2500,0,0,2500,0,2500,0
20230101T000020.900000,3,2231,8253.96,5862.91,-665.701,0,0,0,2500,0,0,2500,0,2500,0
20230101T000020.900000,3,2232,4625,6556.11,-302.497,0,0,0,2500,0,0,2500,0,2500,0
20230101T000020.900000,3,2233,3625.62,3051.83,-37.3675,0,0,0,2500,0,0,2500,0,2500,0
20230101T000021,6,2421,1161.64,-920.669,231.261,0,0,0,1447.14,1639.11,-422.187,2216.16,334.609,3516.77,1.82663e+20
20230101T000021,6,2422,6043.55,-7652.48,1721.13,0,0,0,95541.2,71661.5,-16636,61396.4,21064.9,152138,1.97808e+16
20230101T000021,6,2423,1237.81,-719.87,224.753,0,0,0,936.211,1363.44,-436.65,2487.71,253.94,3282.18,4.43818e+16
20230101T000021,6,2424,996.58,-233.862,-69.6283,0,0,0,155.239,357.005,106.806,1592.81,-25.0635,1676.88,1.46141e+16
20230101T000021,6,2425,1547.56,2.66287,317.211,0,0,0,222.427,-6.21083,-772.857,3831.92,-1.32985,3834.51,1.35019e+16
20230101T000021,6,2426,992.539,-203.07,-162.301,0,0,0,166.325,301.958,247.951,1580.41,-50.7299,1643.79,1.47777e+16
20230101T000021,6,2427,7126.9,380.015,-422.964,0,0,0,580.08,-4314.72,4819.3,81269.4,256.971,81499.7,7.16089e+15
20230101T000021,6,2428,8638.4,-1066.78,1819.44,0,0,0,7098.23,14092.7,-25134.6,119476,3103.93,121219,1.22518e+16
20230101T000021,6,2429,5622.7,3686,-198.107,0,0,0,21827.2,-33102.3,1780.66,50621.7,1167.32,72322.2,7.9623e+15
20230101T000021,6,2430,9160.78,1741.51,-362.133,0,0,0,5116.74,-25475.5,5305.43,134281,1008.59,139124,1.10122e+16
20230101T000021,6,2431,7395.55,8406.01,-1546.24,0,0,0,114754,-97539,18290.7,89702.3,20789.8,200569,1.14501e+16
20230101T000021,6,2432,249.157,209.789,1.81289,0,0,0,107.87,-52.0984,-0.450232,125.878,-0.379092,169.747,9.52912e+15
20230101T000021,4,2223,1251.52,-714.283,172.35,-5.02527,1.82532,3.44036,412.21,600.44,-113.176,1141.55,63.6777,1472.6,0
20230101T000021,3,2234,1161.64,-920.669,231.261,0,0,0,2500,0,0,2500,0,2500,0
20230101T000021,3,2235,6043.55,-7652.48,1721.13,0,0,0,2500,0,0,2500,0,2500,0
20230101T000021,3,2236,996.58,-233.862,-69.6283,0,0,0,2500,0,0,2500,0,2500,0
20230101T000021,3,2237,1547.56,2.66287,317.211,0,0,0,2500,0,0,2500,0,2500,0
20230101T000021,3,2238,992.539,-203.07,-162.301,0,0,0,2500,0,0,2500,0,2500,0
20230101T000021,3,2239,7126.9,380.015,-422.964,0,0,0,2500,0,0,2500,0,2500,0
20230101T000021,3,2240,8638.4,-1066.78,1819.44,0,0,0,2500,0,0,2500,0,2500,0
20230101T000021,3,2241,5622.7,3686,-198.107,0,0,0,2500,0,0,2500,0,2500,0
20230101T000021,3,2242,9160.78,1741.51,-362.133,0,0,0,2500,0,0,2500,0,2500,0
20230101T000021,3,2243,7395.55,8406.01,-1546.24,0,0,0,2500,0,0,2500,0,2500,0
20230101T000021,3,2244,249.157,209.789,1.81289,0,0,0,2500,0,0,2500,0,2500,0
