20230101T000000.100000,6,0,4809.89,-3341.89,266.413,0,0,0,17988.8,25635.4,-2047.88,37073.9,1422.86,54885.4,3.72232e+14
20230101T000000.100000,6,1,2069.35,-974.541,-340.925,0,0,0,1723.02,3130.85,1120.35,6896.66,-527.617,8372.5,4.36602e+14
20230101T000000.100000,6,2,6261.62,-3093.24,-1282.09,0,0,0,17472.9,29921,12834.6,63260.7,-6340.29,78043.8,2.49937e+14
20230101T000000.100000,6,3,3716.27,23.8405,-312.796,0,0,0,220.996,-140.345,1854.55,22097.1,11.8972,22098.5,3.11329e+14
20230101T000000.100000,6,4,187.783,225.364,-63.2719,0,0,0,108.948,-34.4858,10.5664,96.2953,12.6811,140.528,4.8535e+27
20230101T000000.100000,3,0,4809.89,-3341.89,266.413,0,0,0,2500,0,0,2500,0,2500,0
20230101T000000.100000,3,1,2069.35,-974.541,-340.925,0,0,0,2500,0,0,2500,0,2500,0
20230101T000000.100000,3,2,6261.62,-3093.24,-1282.09,0,0,0,2500,0,0,2500,0,2500,0
20230101T000000.100000,3,3,3716.27,23.8405,-312.796,0,0,0,2500,0,0,2500,0,2500,0
20230101T000000.100000,3,4,187.783,225.364,-63.2719,0,0,0,2500,0,0,2500,0,2500,0
20230101T000000.200000,6,5,1399.73,-1854.34,319.485,0,0,0,5583.79,4044.18,-710.303,3278.83,940.998,8637.68,1.60731e+14
20230101T000000.200000,6,6,4662.5,-4966.25,-1226.87,0,0,0,40619.1,35815.5,9144.81,36095.3,-9740.57,74246.1,1.50152e+14
20230101T000000.200000,6,7,7535.79,-5987.39,63.3219,0,0,0,57401.2,72157.2,-763.16,90888.3,606.351,148219,1.31161e+14
20230101T000000.200000,6,8,3211.73,-1121.08,-116.715,0,0,0,2087.33,5734.31,597.703,16513.7,-208.633,18515.3,6.94025e+13
20230101T000000.200000,6,9,9069.26,1115.76,-1331.64,0,0,0,4848.52,-15839.1,19314.1,131646,2376.14,133595,3.51288e+14
20230101T000000.200000,6,10,3077.57,2149.73,-824.415,0,0,0,8166,-10046.3,4048.53,15531,2827.95,22551.4,5.41864e+15
20230101T000000.200000,6,11,225.579,187.708,-62.7047,0,0,0,96.2566,-34.5625,12.579,109.032,10.4672,140.587,4.22374e+26
20230101T000000.200000,4,4,226.769,193.024,-62.7354,3.86,-3.20204,0.0531173,103.985,-31.898,9.74889,92.2815,11.6999,133.025,0
20230101T000000.200000,3,5,1399.73,-1854.34,319.485,0,0,0,2500,0,0,2500,0,2500,0
20230101T000000.200000,3,6,4662.5,-4966.25,-1226.87,0,0,0,2500,0,0,2500,0,2500,0
20230101T000000.200000,3,7,7535.79,-5987.39,63.3219,0,0,0,2500,0,0,2500,0,2500,0
20230101T000000.200000,3,8,3211.73,-1121.08,-116.715,0,0,0,2500,0,0,2500,0,2500,0
20230101T000000.200000,3,9,9069.26,1115.76,-1331.64,0,0,0,2500,0,0,2500,0,2500,0
20230101T000000.200000,3,10,3077.57,2149.72,-824.415,0,0,0,2500,0,0,2500,0,2500,0
20230101T000000.300000,6,12,8433.83,-6168.75,-369.586,0,0,0,61069.6,83107.4,4985.41,113906,-3646.48,174693,2.22271e+14
20230101T000000.300000,6,13,3762.93,-745.055,-240.187,0,0,0,1038.34,4456.01,1442.17,22661.3,-285.548,23543.8,1.94564e+14
20230101T000000.300000,6,14,4257.4,-1224.85,376.625,0,0,0,2668.69,8266.29,-2560.32,29023,736.6,31401.6,1.35973e+14
20230101T000000.300000,6,15,8294.27,-3677.83,-512.666,0,0,0,22047.1,48628.4,6800.21,110151,-3015.34,131714,1.08076e+14
20230101T000000.300000,6,16,253.909,146.758,-63.512,0,0,0,85.1224,-30.3386,14.3397,120.076,8.28825,140.479,8.09385e+26
20230101T000000.300000,3,11,8433.83,-6168.75,-369.586,0,0,0,2500,0,0,2500,0,2500,0
20230101T000000.300000,3,12,3762.93,-745.055,-240.187,0,0,0,2500,0,0,2500,0,2500,0
20230101T000000.300000,3,13,4257.4,-1224.85,376.625,0,0,0,2500,0,0,2500,0,2500,0
20230101T000000.300000,3,14,8294.27,-3677.83,-512.666,0,0,0,2500,0,0,2500,0,2500,0
20230101T000000.300000,3,15,253.909,146.758,-63.512,0,0,0,2500,0,0,2500,0,2500,0
20230101T000000.400000,6,17,6138.65,-1285.62,-894.149,0,0,0,3930.05,12357.9,8773.44,60349.3,-1837.42,62938.7,2.78979e+14
20230101T000000.400000,6,18,276.015,99.57,-62.7805,0,0,0,75.5943,-22.4249,15.4085,129.668,5.55848,140.559,9.37111e+26
20230101T000000.400000,4,15,278.791,104.003,-62.8202,2.46362,-4.23313,0.0684957,81.9475,-28.0629,13.2304,114.28,7.64706,132.98,0
20230101T000000.400000,3,16,6138.65,-1285.62,-894.149,0,0,0,2500,0,0,2500,0,2500,0
20230101T000000.500000,6,19,1205.64,-968.95,36.1239,0,0,0,1542.32,1836.87,-68.5193,2351.62,55.0679,3827.92,1.24632e+14
20230101T000000.500000,6,20,3043.93,144.23,-537.212,0,0,0,555.936,-677.677,2605.45,14826,123.453,14860.1,2.43809e+15
20230101T000000.500000,6,21,289.024,50.7257,-62.741,0,0,0,69.6003,-11.9647,16.1251,135.673,2.83007,140.57,1.09847e+26
20230101T000000.500000,6,22,289.3,47.8481,-63.7297,0,0,0,69.4745,-11.2632,16.3951,135.712,2.71162,140.461,1.01932e+26
20230101T000000.500000,6,23,7416.58,5546.77,-316.02,0,0,0,49370.1,-65713.6,3748.32,88089.4,2803.32,137236,2.56712e+14
20230101T000000.500000,6,24,3831.52,2755.02,-706.631,0,0,0,12712.1,-16481.1,4324.34,23782.5,3109.38,35634.5,2.04929e+14
20230101T000000.500000,3,17,1205.64,-968.95,36.1239,0,0,0,2500,0,0,2500,0,2500,0
20230101T000000.500000,3,18,3043.93,144.23,-537.212,0,0,0,2500,0,0,2500,0,2500,0
20230101T000000.500000,3,19,289.024,50.7257,-62.741,0,0,0,2500,0,0,2500,0,2500,0
20230101T000000.500000,3,20,289.3,47.8481,-63.7297,0,0,0,2500,0,0,2500,0,2500,0
20230101T000000.500000,3,21,7416.58,5546.77,-316.02,0,0,0,2500,0,0,2500,0,2500,0
20230101T000000.500000,3,22,3831.52,2755.02,-706.631,0,0,0,2500,0,0,2500,0,2500,0
20230101T000000.600000,6,25,4075.3,-697.835,-535.99,0,0,0,1286.87,4463.28,3486.87,26587.8,-597.075,27353.1,4.44917e+15
20230101T000000.600000,6,26,293.433,0.660279,-62.7491,0,0,0,67.5016,-0.158106,16.3727,137.765,0.0368417,140.564,1.02274e+27
20230101T000000.600000,6,27,1316.75,1022.79,-298.043,0,0,0,1801.09,-2055.92,619.162,2850.96,480.936,4449.88,2.22205e+15
20230101T000000.600000,6,28,3342.92,2197.71,-663.121,0,0,0,8262.6,-11403.3,3538.19,18111.3,2326.08,25609.7,3.97223e+14
20230101T000000.600000,4,20,296.826,3.52831,-62.8023,0.745188,-4.3881,0.0918213,67.4733,-10.4185,15.1267,128.743,2.50184,132.964,0
20230101T000000.600000,3,23,4075.3,-697.835,-535.99,0,0,0,2500,0,0,2500,0,2500,0
20230101T000000.600000,3,24,1316.75,1022.79,-298.043,0,0,0,2500,0,0,2500,0,2500,0
20230101T000000.600000,3,25,3342.92,2197.71,-663.121,0,0,0,2500,0,0,2500,0,2500,0
20230101T000000.700000,6,29,2032.57,-1380.14,-107.07,0,0,0,3103.91,4450.15,345.9,6636.11,-234.869,9657.92,5.97123e+14
20230101T000000.700000,6,30,4722.39,-4279.16,-1091.3,0,0,0,30378.5,31353.6,8237.77,36568.8,-7464.6,64981.4,2.95898e+14
20230101T000000.700000,6,31,3658.88,-721.726,-994.786,0,0,0,2414.99,3913.16,5808.05,21481.4,-1145.66,22257.5,2.55409e+15
20230101T000000.700000,6,32,288.762,-52.5475,-62.4006,0,0,0,69.718,12.395,16.0223,135.576,-2.91566,140.599,1.36619e+26
20230101T000000.700000,6,33,288.654,-52.3188,-63.0881,0,0,0,69.7705,12.3111,16.1928,135.462,-2.93496,140.523,1.40734e+26
20230101T000000.700000,6,34,7125.71,-1253.98,-417.835,0,0,0,2848.77,14238.2,4760.17,81251.6,-837.694,83757.4,6.99478e+14
20230101T000000.700000,6,35,3749.18,2356.07,-552.457,0,0,0,9276.99,-13885,3307.36,22646.3,2078.42,31372.9,4.00918e+14
20230101T000000.700000,6,36,2360.12,2572.77,-644.686,0,0,0,10922.8,-9353.2,2426.74,9306.99,2645.39,19505,1.56583e+14
20230101T000000.700000,6,37,2825.37,2884.52,98.6423,0,0,0,13351.7,-13000,-444.828,12813,-454.141,26085.1,1.26377e+14
20230101T000000.700000,6,38,6622.89,8170.45,-1047.73,0,0,0,107532,-85688.9,11098.5,71278.4,13691.8,176991,8.93183e+13
20230101T000000.700000,6,39,4651.21,7017.66,-749.873,0,0,0,79090,-51781.4,5577.38,35283.2,8415.05,113410,1.69359e+14
20230101T000000.700000,6,40,6208.62,7390.36,323.5,0,0,0,87483.6,-73300.4,-3212.2,61810.8,-3823.61,149063,1.146e+14
20230101T000000.700000,4,19,305.952,-46.1908,-63.0699,3.25551,-18.6379,-0.0632458,67.646,-11.0909,14.9115,128.893,2.61707,133.27,0
20230101T000000.700000,3,26,2032.57,-1380.14,-107.07,0,0,0,2500,0,0,2500,0,2500,0
20230101T000000.700000,3,27,4722.39,-4279.16,-1091.3,0,0,0,2500,0,0,2500,0,2500,0
20230101T000000.700000,3,28,3658.88,-721.726,-994.786,0,0,0,2500,0,0,2500,0,2500,0
20230101T000000.700000,3,29,288.762,-52.5475,-62.4006,0,0,0,2500,0,0,2500,0,2500,0
20230101T000000.700000,3,30,7125.71,-1253.98,-417.835,0,0,0,2500,0,0,2500,0,2500,0
20230101T000000.700000,3,31,3749.18,2356.07,-552.457,0,0,0,2500,0,0,2500,0,2500,0
20230101T000000.700000,3,32,2360.12,2572.77,-644.686,0,0,0,2500,0,0,2500,0,2500,0
20230101T000000.700000,3,33,2825.37,2884.52,98.6423,0,0,0,2500,0,0,2500,0,2500,0
20230101T000000.700000,3,34,6622.89,8170.45,-1047.73,0,0,0,2500,0,0,2500,0,2500,0
20230101T000000.700000,3,35,4651.21,7017.66,-749.873,0,0,0,2500,0,0,2500,0,2500,0
20230101T000000.700000,3,36,6208.62,7390.36,323.5,0,0,0,2500,0,0,2500,0,2500,0
20230101T000000.800000,6,41,275.817,-100.232,-62.6268,0,0,0,75.6893,22.5691,15.3602,129.593,-5.58192,140.582,5.25929e+26
20230101T000000.800000,6,42,5041.67,2990.95,100.052,0,0,0,14372.4,-24091.9,-806.15,40690.3,-478.245,54982.8,1.35106e+14
20230101T000000.800000,6,43,4730.06,2145.39,-1019.37,0,0,0,8794.33,-15587.9,7703.64,36091.7,3494.1,43164.2,1.59937e+14
20230101T000000.800000,6,44,1773.27,1952.56,-61.8475,0,0,0,6131.66,-5504.97,174.467,5069.56,192.107,11131.2,1.46842e+14
20230101T000000.800000,6,45,4670.57,3543.98,14.6437,0,0,0,20136.5,-26452.9,-109.304,34926.3,-82.9385,54998.5,1.27145e+14
20230101T000000.800000,4,29,280.327,-98.6947,-62.6146,-0.835181,-4.56903,-0.0211891,67.6986,11.4642,14.7828,128.611,-2.69011,133.092,0
20230101T000000.800000,3,37,5041.67,2990.95,100.052,0,0,0,2500,0,0,2500,0,2500,0
20230101T000000.800000,3,38,4730.06,2145.39,-1019.37,0,0,0,2500,0,0,2500,0,2500,0
20230101T000000.800000,3,39,1773.27,1952.56,-61.8475,0,0,0,2500,0,0,2500,0,2500,0
20230101T000000.800000,3,40,4670.57,3543.98,14.6437,0,0,0,2500,0,0,2500,0,2500,0
20230101T000000.900000,6,46,3423.11,-2364.28,-273.529,0,0,0,9067.94,12863.4,1494.66,18807.5,-1032.34,27692.3,3.9582e+14
20230101T000000.900000,6,47,4014.47,-3399.26,-24.2146,0,0,0,18525.8,21802,155.309,25812.6,-131.508,44273.5,2.40668e+14
20230101T000000.900000,6,48,4037.43,-1794.5,-732.975,0,0,0,5922.15,11250.1,4725.49,26233.4,-2100.32,31235.4,3.88453e+14
20230101T000000.900000,6,49,253.889,-147.176,-62.6384,0,0,0,85.1714,30.5035,14.1416,120.11,-8.19772,140.581,1.85498e+25
20230101T000000.900000,6,50,6239.31,-3006.84,-624.229,0,0,0,15023.2,29748.3,6226.46,62415.8,-3000.65,76752.6,2.98946e+14
20230101T000000.900000,6,51,8844.6,-2017.56,-1890.67,0,0,0,12007.7,27297.8,26743.2,125449,-6100.43,131679,5.94887e+14
20230101T000000.900000,6,52,9578.27,5560.01,589.862,0,0,0,49926.1,-84939.1,-9036.83,146946,-5245.72,196251,2.42635e+14
20230101T000000.900000,6,53,7724.82,2032.51,372.508,0,0,0,6877.15,-25050.9,-4601.22,95495.1,-1210.65,102086,8.61404e+13
20230101T000000.900000,6,54,5323.97,2236.35,-283.075,0,0,0,8165.27,-18981.4,2408.45,45380.2,1011.68,53353.6,1.07117e+14
20230101T000000.900000,6,55,8382.12,1789.73,-447.082,0,0,0,5491.95,-23924.5,5992.74,112433,1279.56,117541,1.72886e+14
20230101T000000.900000,6,56,2240.89,2360.46,-126.359,0,0,0,8957.22,-8418.59,451.344,8081.61,475.426,16949.5,1.18458e+14
20230101T000000.900000,6,57,2756.56,2990.48,-188.389,0,0,0,14364.2,-13129.4,828.886,12223,899.224,26466.7,1.30828e+14
20230101T000000.900000,4,33,2840.13,2915.44,73.5537,2.83702,5.94616,-4.82474,1237.91,-1150,-39.329,1190.26,-40.1523,2363.09,0
20230101T000000.900000,3,41,3423.11,-2364.28,-273.529,0,0,0,2500,0,0,2500,0,2500,0
20230101T000000.900000,3,42,4014.47,-3399.26,-24.2146,0,0,0,2500,0,0,2500,0,2500,0
20230101T000000.900000,3,43,4037.43,-1794.5,-732.975,0,0,0,2500,0,0,2500,0,2500,0
20230101T000000.900000,3,44,253.889,-147.176,-62.6384,0,0,0,2500,0,0,2500,0,2500,0
20230101T000000.900000,3,45,6239.31,-3006.84,-624.229,0,0,0,2500,0,0,2500,0,2500,0
20230101T000000.900000,3,46,8844.6,-2017.56,-1890.67,0,0,0,2500,0,0,2500,0,2500,0
20230101T000000.900000,3,47,9578.27,5560.01,589.862,0,0,0,2500,0,0,2500,0,2500,0
20230101T000000.900000,3,48,7724.82,2032.51,372.508,0,0,0,2500,0,0,2500,0,2500,0
20230101T000000.900000,3,49,5323.97,2236.35,-283.075,0,0,0,2500,0,0,2500,0,2500,0
20230101T000000.900000,3,50,8382.12,1789.73,-447.082,0,0,0,2500,0,0,2500,0,2500,0
20230101T000000.900000,3,51,2240.89,2360.46,-126.359,0,0,0,2500,0,0,2500,0,2500,0
20230101T000001,6,58,2179.21,-2755.29,-514.169,0,0,0,12333.5,9370.68,1787.08,7897.07,-2259.51,19746.3,3.22941e+14
20230101T000001,6,59,225.15,-188.192,-62.7392,0,0,0,96.4035,34.5794,12.5612,108.871,-10.4993,140.572,5.58921e+24
20230101T000001,6,60,7542.58,-5611.97,-1821.58,0,0,0,53847.7,65153.9,21973.4,92938.6,-16349.1,141418,4.10726e+14
20230101T000001,6,61,4820.65,-4294.8,-345.232,0,0,0,29654.4,32999.6,2660.24,37294.4,-2370.06,66694.6,2.57368e+14
20230101T000001,6,62,2483.6,-1079.9,-649.039,0,0,0,2483.62,4022.64,2565.82,9986,-1115.65,11738.6,5.2917e+14
20230101T000001,6,63,9265.06,-3812.43,-518.04,0,0,0,23677.2,56342.3,7676.43,137418,-3158.73,160602,4.25539e+14
20230101T000001,6,64,3851.17,2262.36,633.448,0,0,0,8713.21,-13632.6,-3895.56,23911.3,-2288.44,31921,1.3346e+14
20230101T000001,6,65,11262.4,3351.12,-1698,0,0,0,22263.6,-59108.8,30589.2,203329,9101.76,220918,1.74911e+14
20230101T000001,6,66,7694.11,2105.92,664.843,0,0,0,7812.93,-25728.9,-8179.5,94772.7,-2238.78,101815,4.43327e+14
20230101T000001,6,67,5198.66,1826.4,1326.3,0,0,0,7896.32,-14292.6,-11018.2,43557.5,-3870.94,48582.3,1.01583e+14
20230101T000001,6,68,7272.23,5704.72,-1023.67,0,0,0,53147.1,-65532.6,11905.5,85279.2,9339.32,136687,1.01329e+14
20230101T000001,4,27,4727.52,-4280.9,-1062.31,1.41157,-0.476577,7.97705,1253.52,1233.99,315.081,1497.15,-285.508,2545.51,0
20230101T000001,4,44,230.026,-188.304,-62.7338,-2.36267,-4.07214,-0.0094418,81.9918,28.2133,13.0476,114.307,-7.56351,133.074,0
20230101T000001,4,48,7731.88,2036.34,379.92,0.69935,0.379019,0.73379,222.791,-589.709,-108.085,2308.89,-28.4386,2458.97,0
20230101T000001,3,52,2179.21,-2755.29,-514.169,0,0,0,2500,0,0,2500,0,2500,0
20230101T000001,3,53,7542.58,-5611.97,-1821.58,0,0,0,2500,0,0,2500,0,2500,0
20230101T000001,3,54,2483.6,-1079.9,-649.039,0,0,0,2500,0,0,2500,0,2500,0
20230101T000001,3,55,9265.06,-3812.43,-518.041,0,0,0,2500,0,0,2500,0,2500,0
20230101T000001,3,56,3851.17,2262.36,633.448,0,0,0,2500,0,0,2500,0,2500,0
20230101T000001,3,57,11262.4,3351.12,-1698,0,0,0,2500,0,0,2500,0,2500,0
20230101T000001,3,58,5198.66,1826.4,1326.3,0,0,0,2500,0,0,2500,0,2500,0
20230101T000001,3,59,7272.23,5704.72,-1023.67,0,0,0,2500,0,0,2500,0,2500,0
20230101T000001.100000,6,69,1704.12,-1839.67,-43.1172,0,0,0,5445.92,4982.65,116.816,4682.49,-126.107,10061.5,6.56459e+14
20230101T000001.100000,6,70,5751.37,-5031.86,1795.06,0,0,0,43466,43719.1,-16507.8,55186.8,14442.6,93439.9,2.97098e+14
20230101T000001.100000,6,71,5596.95,-7645.33,1387.76,0,0,0,94618.8,66966.3,-12422.2,52168.5,16968.4,143644,2.84963e+14
20230101T000001.100000,6,72,10308.9,-0.761372,-581.372,0,0,0,604.587,12.5136,9585.72,170039,-0.707958,170039,1.21451e+15
20230101T000001.100000,6,73,5863.6,612.737,-2.71707,0,0,0,664.035,-5741.94,25.4616,55011.6,2.6607,55611.6,3.48799e+14
20230101T000001.100000,6,74,6861.17,909.204,74.4379,0,0,0,1394.24,-9971.63,-816.487,75322.2,-108.196,76643.6,3.00407e+14
20230101T000001.100000,6,75,193.221,229.399,-9.75908,0,0,0,110.795,-39.3436,1.67694,97.2235,1.99093,144.001,8.94986e+27
20230101T000001.100000,3,60,1704.12,-1839.67,-43.1172,0,0,0,2500,0,0,2500,0,2500,0
20230101T000001.100000,3,61,5751.37,-5031.86,1795.06,0,0,0,2500,0,0,2500,0,2500,0
20230101T000001.100000,3,62,5596.96,-7645.33,1387.76,0,0,0,2500,0,0,2500,0,2500,0
20230101T000001.100000,3,63,10308.9,-0.761372,-581.372,0,0,0,2500,0,0,2500,0,2500,0
20230101T000001.100000,3,64,5863.6,612.737,-2.71707,0,0,0,2500,0,0,2500,0,2500,0
20230101T000001.100000,3,65,6861.17,909.204,74.4379,0,0,0,2500,0,0,2500,0,2500,0
20230101T000001.100000,3,66,193.221,229.399,-9.75908,0,0,0,2500,0,0,2500,0,2500,0
20230101T000001.200000,6,76,2419.33,-3027.95,-47.2224,0,0,0,14695.9,11688,182.308,9406.29,-228.171,24034.7,2.55314e+14
20230101T000001.200000,6,77,6900.3,-5748.81,-393.39,0,0,0,53062,63316.4,4341.06,76310.2,-3616.64,129061,1.90764e+14
20230101T000001.200000,6,78,10667.3,-2841.15,-1068.76,0,0,0,14681.2,48021.4,18235.2,182190,-4856.82,194981,7.53542e+14
20230101T000001.200000,6,79,6648.33,-3309.2,-20.8813,0,0,0,17573.1,35175.3,221.96,70733.4,-110.48,88241.8,2.05559e+14
20230101T000001.200000,6,80,228.948,193.713,-10.2006,0,0,0,97.392,-39.3565,2.07676,110.608,1.75715,143.981,4.00956e+27
20230101T000001.200000,4,66,229.789,198.565,-10.1768,3.62055,-3.05295,-0.0413544,105.595,-36.3017,1.5472,93.0727,1.8369,136.23,0
20230101T000001.200000,3,67,2419.33,-3027.95,-47.2224,0,0,0,2500,0,0,2500,0,2500,0
20230101T000001.200000,3,68,6900.3,-5748.81,-393.39,0,0,0,2500,0,0,2500,0,2500,0
20230101T000001.200000,3,69,10667.3,-2841.15,-1068.76,0,0,0,2500,0,0,2500,0,2500,0
20230101T000001.200000,3,70,6648.33,-3309.2,-20.8813,0,0,0,2500,0,0,2500,0,2500,0
20230101T000001.300000,6,81,1741.54,-1287.83,16.2783,0,0,0,2695.25,3557.68,-44.972,4875.49,33.2558,7506.32,1.02294e+15
20230101T000001.300000,6,82,2969.69,-2673.48,290.32,0,0,0,11545.7,12604.4,-1376.02,14199.4,1238.77,25546.9,2.76573e+14
20230101T000001.300000,6,83,4754.75,-5841.76,608.178,0,0,0,54863,44120.9,-4623.53,36566.5,5680.54,90774.5,4.65974e+14
20230101T000001.300000,6,84,5402.21,-6720.21,398.661,0,0,0,72382.9,57931.1,-3444,46887.5,4284.24,118952,3.0632e+14
20230101T000001.300000,6,85,4720.21,-4599.85,-704.715,0,0,0,34293.8,34310.8,5317.4,36066.5,-5181.81,69503.2,2.97749e+14
20230101T000001.300000,6,86,4235.3,-782.72,-274.935,0,0,0,1158.83,5271.09,1859.09,28706.5,-343.576,29680.9,2.48482e+14
20230101T000001.300000,6,87,4245.63,-1202.38,766.295,0,0,0,3240.44,7905.17,-5195.06,28914.9,1471.27,31155.6,3.26847e+14
20230101T000001.300000,6,88,10848.6,-2942.77,539.597,0,0,0,14349.3,50946.3,-9363.26,188345,2539.85,202165,1.51997e+15
20230101T000001.300000,6,89,5196.74,-2365.23,-276.762,0,0,0,9105.35,19596.1,2298.4,43241.7,-1046.09,52160.8,5.41947e+14
20230101T000001.300000,6,90,260.038,149.375,-10.4327,0,0,0,83.8946,-34.4647,2.41235,124.094,1.38574,143.969,5.81579e+27
20230101T000001.300000,3,71,1741.54,-1287.83,16.2783,0,0,0,2500,0,0,2500,0,2500,0
20230101T000001.300000,3,72,2969.69,-2673.48,290.32,0,0,0,2500,0,0,2500,0,2500,0
20230101T000001.300000,3,73,4754.75,-5841.76,608.178,0,0,0,2500,0,0,2500,0,2500,0
20230101T000001.300000,3,74,5402.21,-6720.21,398.661,0,0,0,2500,0,0,2500,0,2500,0
20230101T000001.300000,3,75,4720.21,-4599.85,-704.715,0,0,0,2500,0,0,2500,0,2500,0
20230101T000001.300000,3,76,4235.3,-782.72,-274.935,0,0,0,2500,0,0,2500,0,2500,0
20230101T000001.300000,3,77,4245.63,-1202.38,766.295,0,0,0,2500,0,0,2500,0,2500,0
20230101T000001.300000,3,78,10848.6,-2942.77,539.597,0,0,0,2500,0,0,2500,0,2500,0
20230101T000001.300000,3,79,5196.74,-2365.23,-276.762,0,0,0,2500,0,0,2500,0,2500,0
20230101T000001.300000,3,80,260.038,149.375,-10.4327,0,0,0,2500,0,0,2500,0,2500,0
20230101T000001.400000,6,91,2391.66,-2170.51,422.088,0,0,0,7728.61,8132.64,-1609.1,9309.25,1460.31,16691,2.77021e+14
20230101T000001.400000,6,92,3834,-4206.65,309.269,0,0,0,28411.8,25697.3,-1894.85,23637.8,2079.01,51832.9,2.06054e+14
20230101T000001.400000,6,93,7202.12,-1947.07,1093.74,0,0,0,7907.77,21938.9,-12594.7,83127.4,3404.93,89059.9,1.18315e+15
20230101T000001.400000,6,94,281.667,102.918,-10.4024,0,0,0,73.4942,-25.7204,2.6053,134.488,0.951952,143.963,7.7433e+27
20230101T000001.400000,4,80,284.211,107.28,-10.404,2.39342,-4.1678,0.00284495,80.7746,-31.8005,2.22573,117.867,1.27854,136.201,0
20230101T000001.400000,3,81,2391.66,-2170.51,422.088,0,0,0,2500,0,0,2500,0,2500,0
20230101T000001.400000,3,82,3834,-4206.65,309.269,0,0,0,2500,0,0,2500,0,2500,0
20230101T000001.400000,3,83,7202.12,-1947.07,1093.74,0,0,0,2500,0,0,2500,0,2500,0
20230101T000001.500000,6,95,2227.48,-3132.02,35.088,0,0,0,15717.4,11131.3,-124.714,7982.48,175.358,23634,5.59186e+14
20230101T000001.500000,6,96,295.223,52.5662,-10.9204,0,0,0,66.5572,-13.7663,2.86674,141.421,0.510439,143.957,9.88805e+27
20230101T000001.500000,6,97,8032.16,1417.6,-561.011,0,0,0,3765.47,-18121.1,7205.5,103242,1271.7,106441,5.09047e+16
20230101T000001.500000,4,67,2382.29,-3016.95,-38.4242,-10.1959,3.02781,2.42156,1518.34,1162.91,18.1364,992.049,-22.699,2447.19,0
20230101T000001.500000,3,84,295.223,52.5662,-10.9204,0,0,0,2500,0,0,2500,0,2500,0
20230101T000001.500000,3,85,8032.16,1417.6,-561.011,0,0,0,2500,0,0,2500,0,2500,0
20230101T000001.600000,6,98,299.875,1.30671,-10.5332,0,0,0,64.1002,-0.347654,2.8086,143.881,0.0122386,143.961,4.41606e+27
20230101T000001.600000,6,99,2565.09,2531.39,-894.596,0,0,0,10931.9,-9718.84,3660.89,11189,3612.8,20783.9,4.3799e+14
20230101T000001.600000,6,100,5497.05,5977.37,-1892.82,0,0,0,59820.8,-49686.3,16638.3,51486.8,18092.1,105518,4.19074e+14
20230101T000001.600000,4,84,303.78,4.56841,-10.5541,0.847216,-4.75226,0.0362725,64.7775,-12.7023,2.64496,133.854,0.470951,136.189,0
20230101T000001.600000,3,86,2565.09,2531.39,-894.596,0,0,0,2500,0,0,2500,0,2500,0
20230101T000001.600000,3,87,5497.05,5977.37,-1892.82,0,0,0,2500,0,0,2500,0,2500,0
20230101T000001.700000,6,101,295.371,-51.9615,-9.69369,0,0,0,66.4799,13.6216,2.54596,141.514,-0.447884,143.977,5.85914e+27
20230101T000001.700000,6,102,295.285,-52.4013,-9.90171,0,0,0,66.524,13.7317,2.59982,141.466,-0.461364,143.973,5.78449e+27
20230101T000001.700000,6,103,2908,2731.98,20.8305,0,0,0,11976.3,-12679.1,-96.6768,13560.7,-90.825,25472.3,2.3779e+14
20230101T000001.700000,6,104,7167.23,7962.29,-1212.28,0,0,0,102518,-90107.5,13897.1,83524.6,15438.7,183629,3.8917e+14
20230101T000001.700000,6,105,3838.49,3489.02,874.203,0,0,0,20180.9,-20788.6,-5361.24,24155.8,-4873.13,43053.5,1.95575e+14
20230101T000001.700000,6,106,3185.31,4253.1,1000,0,0,0,29539.3,-20878.6,-5089.55,17298.6,-6795.68,45178.3,1.73178e+14
20230101T000001.700000,3,88,295.371,-51.9615,-9.69369,0,0,0,2500,0,0,2500,0,2500,0
20230101T000001.700000,3,89,295.285,-52.4013,-9.90171,0,0,0,2500,0,0,2500,0,2500,0
20230101T000001.700000,3,90,2908,2731.98,20.8305,0,0,0,2500,0,0,2500,0,2500,0
20230101T000001.700000,3,91,7167.23,7962.29,-1212.28,0,0,0,2500,0,0,2500,0,2500,0
20230101T000001.700000,3,92,3838.49,3489.02,874.203,0,0,0,2500,0,0,2500,0,2500,0
20230101T000001.700000,3,93,3185.31,4253.1,1000,0,0,0,2500,0,0,2500,0,2500,0
20230101T000001.800000,6,107,281.882,-102.401,-9.68462,0,0,0,73.3899,25.6182,2.42739,134.603,-0.881819,143.976,1.79514e+26
20230101T000001.800000,6,108,7483.04,-2892.16,-322.925,0,0,0,13584.1,34549.9,3863.94,89623.3,-1493.4,102977,1.42775e+15
20230101T000001.800000,6,109,7742.16,-3463.63,-239.653,0,0,0,19324.7,42847.5,2967.05,95931.6,-1327.38,115101,2.21973e+15
20230101T000001.800000,6,110,8226.83,-3540.99,117.533,0,0,0,20134.4,46578.5,-1546.31,108303,665.561,128351,1.58925e+15
20230101T000001.800000,4,89,286.724,-100.683,-9.69634,-0.847692,-4.78038,0.0203334,64.7468,12.6701,2.3987,133.896,-0.425673,136.204,0
20230101T000001.800000,3,94,7483.04,-2892.16,-322.925,0,0,0,2500,0,0,2500,0,2500,0
20230101T000001.800000,3,95,7742.16,-3463.63,-239.653,0,0,0,2500,0,0,2500,0,2500,0
20230101T000001.800000,3,96,8226.83,-3540.99,117.533,0,0,0,2500,0,0,2500,0,2500,0
20230101T000001.900000,6,111,6849.19,-5007.14,-111.64,0,0,0,40169,54831.7,1222.75,75087.4,-893.899,115172,9.21978e+14
20230101T000001.900000,6,112,259.919,-149.611,-10.0821,0,0,0,83.9538,34.5088,2.33026,124.043,-1.3413,143.979,7.87838e+25
20230101T000001.900000,6,113,4990.41,-2973.32,662.367,0,0,0,14709.7,23404.5,-5282.58,40047.2,3147.4,53992.5,1.04643e+15
20230101T000001.900000,6,114,7181.09,8959.11,1367.63,0,0,0,129620,-101447,-15709,84369.4,-19598.6,210935,5.25522e+14
20230101T000001.900000,6,115,5662.72,8385.95,-1595.85,0,0,0,113814,-74060.8,14453.5,54147.7,21404.2,163826,9.89343e+13
20230101T000001.900000,6,116,5361.66,7082.39,403.412,0,0,0,80374.5,-60601.3,-3458.98,46201.9,-4569.08,126252,1.4494e+14
20230101T000001.900000,6,117,4565.37,4951.07,-1286.3,0,0,0,40465.8,-34815.4,9387.92,34812.3,10181,72571.3,1.57231e+14
20230101T000001.900000,6,118,4584.42,5268.86,189.797,0,0,0,44469.8,-38587.3,-1391.03,33696.2,-1598.71,78044.5,1.21998e+14
20230101T000001.900000,6,119,2828.01,4119.46,-722.053,0,0,0,27439.2,-18221.3,3262.03,13405.8,4751.68,39949.4,1.91563e+14
20230101T000001.900000,4,88,278.226,-149.401,-10.0617,-3.29717,-18.7384,-0.0707758,64.7558,12.5971,2.35434,134.147,-0.414175,136.42,0
20230101T000001.900000,3,97,6849.19,-5007.14,-111.64,0,0,0,2500,0,0,2500,0,2500,0
20230101T000001.900000,3,98,4990.41,-2973.32,662.367,0,0,0,2500,0,0,2500,0,2500,0
20230101T000001.900000,3,99,7181.09,8959.11,1367.63,0,0,0,2500,0,0,2500,0,2500,0
20230101T000001.900000,3,100,5662.72,8385.95,-1595.85,0,0,0,2500,0,0,2500,0,2500,0
20230101T000001.900000,3,101,5361.66,7082.39,403.412,0,0,0,2500,0,0,2500,0,2500,0
20230101T000001.900000,3,102,4565.37,4951.07,-1286.3,0,0,0,2500,0,0,2500,0,2500,0
20230101T000001.900000,3,103,4584.42,5268.86,189.797,0,0,0,2500,0,0,2500,0,2500,0
20230101T000001.900000,3,104,2828.01,4119.46,-722.053,0,0,0,2500,0,0,2500,0,2500,0
20230101T000002,6,120,229.607,-192.951,-10.0888,0,0,0,97.1317,39.3182,2.06002,110.878,-1.73115,143.992,1.06214e+26
20230101T000002,6,121,5346.17,-3660.53,-181.86,0,0,0,21518.7,31257.2,1554.12,45767.7,-1064.11,67169.6,1.16453e+15
20230101T000002,6,122,3918.62,-3025.42,55.4583,0,0,0,14688.2,18935.4,-347.145,24594.7,268.017,39214,1.36117e+15
20230101T000002,6,123,4023.68,-264.826,-429.673,0,0,0,469.336,1681.41,2759.45,25905.5,-181.619,26016.9,4.94859e+14
20230101T000002,6,124,2174.11,619.436,-118.884,0,0,0,693.868,-2131.97,410.317,7569.27,116.906,8176.88,1.60601e+14
20230101T000002,6,125,9124.24,6151.67,-2506.66,0,0,0,67502.2,-85118.8,36582.6,136364,24664.4,193755,3.75657e+14
20230101T000002,6,126,7162.37,3206.52,-196.989,0,0,0,16555.9,-36699,2255.99,82100.2,1009.98,98530.1,1.71211e+14
20230101T000002,6,127,8590.81,8389.8,1025.24,0,0,0,113515,-114448,-14088.4,118935,-13758.7,230706,8.31876e+14
20230101T000002,6,128,7085.6,8545.76,361.456,0,0,0,116959,-96748.8,-4096.49,80490.9,-4940.67,197177,1.20011e+14
20230101T000002,6,129,5207.5,6916.71,-302.163,0,0,0,76621.5,-57529.2,2516.28,43522.9,3342.18,119934,1.15177e+15
20230101T000002,6,130,4810.92,3614.11,-1044.85,0,0,0,22055.2,-26950.9,8034.08,37684.4,6035.46,57932.7,1.0904e+14
20230101T000002,6,131,7035.29,6674.33,-898.094,0,0,0,71987.2,-74453.3,10105.1,79833.9,9586.63,150468,2.6298e+14
20230101T000002,3,105,229.607,-192.951,-10.0888,0,0,0,2500,0,0,2500,0,2500,0
20230101T000002,3,106,5346.17,-3660.53,-181.86,0,0,0,2500,0,0,2500,0,2500,0
20230101T000002,3,107,3918.62,-3025.42,55.4583,0,0,0,2500,0,0,2500,0,2500,0
20230101T000002,3,108,4023.68,-264.826,-429.673,0,0,0,2500,0,0,2500,0,2500,0
20230101T000002,3,109,2174.11,619.436,-118.884,0,0,0,2500,0,0,2500,0,2500,0
20230101T000002,3,110,9124.24,6151.67,-2506.66,0,0,0,2500,0,0,2500,0,2500,0
20230101T000002,3,111,7162.37,3206.52,-196.989,0,0,0,2500,0,0,2500,0,2500,0
20230101T000002,3,112,8590.81,8389.8,1025.24,0,0,0,2500,0,0,2500,0,2500,0
20230101T000002,3,113,7085.6,8545.76,361.457,0,0,0,2500,0,0,2500,0,2500,0
20230101T000002,3,114,5207.5,6916.71,-302.163,0,0,0,2500,0,0,2500,0,2500,0
20230101T000002,3,115,4810.92,3614.11,-1044.85,0,0,0,2500,0,0,2500,0,2500,0
20230101T000002,3,116,7035.29,6674.33,-898.094,0,0,0,2500,0,0,2500,0,2500,0
20230101T000002.100000,6,132,2326.16,-826.227,-185.151,0,0,0,1197.46,3037.73,684.606,8670.91,-243.165,9750.23,3.27636e+14
20230101T000002.100000,6,133,9730.83,-4289.54,93.4323,0,0,0,29505.6,66756.5,-1454.16,151515,641.025,180943,1.15149e+14
20230101T000002.100000,6,134,7465.66,-3041.76,19.7518,0,0,0,14859.1,36311.4,-235.792,89187,96.0694,103981,1.36711e+14
20230101T000002.100000,6,135,7465.03,-563.75,753.609,0,0,0,1475.03,6660.47,-8994.79,89168.3,679.275,89671.9,1.77454e+14
20230101T000002.100000,6,136,5608.94,652.375,778.037,0,0,0,1698.54,-5736.25,-6973.74,50350,-811.115,51018.4,2.97498e+14
20230101T000002.100000,6,137,192.176,226.698,41.5869,0,0,0,109.631,-37.3787,-7.10736,97.2246,-8.38412,142.547,8.76028e+26
20230101T000002.100000,4,94,7511.68,-2907.24,-315.392,7.88348,-4.15073,2.07342,403.077,870.262,97.1735,2318.4,-37.5572,2650.67,0
20230101T000002.100000,3,117,2326.16,-826.227,-185.151,0,0,0,2500,0,0,2500,0,2500,0
20230101T000002.100000,3,118,9730.83,-4289.54,93.4323,0,0,0,2500,0,0,2500,0,2500,0
20230101T000002.100000,3,119,7465.03,-563.75,753.609,0,0,0,2500,0,0,2500,0,2500,0
20230101T000002.100000,3,120,5608.94,652.375,778.037,0,0,0,2500,0,0,2500,0,2500,0
20230101T000002.100000,3,121,192.176,226.698,41.5869,0,0,0,2500,0,0,2500,0,2500,0
20230101T000002.200000,6,138,1580.62,-1238.88,212.222,0,0,0,2539.58,3067.41,-531.444,4048.88,416.544,6453.81,3.69305e+14
20230101T000002.200000,6,139,7203.42,-6974.33,-876.57,0,0,0,78493.4,79736.4,10098.9,83648.5,-9777.73,160849,2.22637e+14
20230101T000002.200000,6,140,3849,-1419.35,1048.99,0,0,0,4826.05,8149.93,-6445.72,23921.7,2376.91,26931,2.12368e+14
20230101T000002.200000,6,141,10263.8,-3668.15,785.827,0,0,0,22461.1,59905.5,-12900.6,168673,4610.51,190083,2.97324e+14
20230101T000002.200000,6,142,228.935,189.114,43.2523,0,0,0,96.2529,-37.0303,-8.80533,110.491,-7.27375,142.41,3.91771e+27
20230101T000002.200000,4,121,230.067,194.273,43.163,3.7516,-3.21045,0.156051,104.562,-34.5233,-6.55747,93.1029,-7.73546,134.888,0
20230101T000002.200000,3,122,1580.62,-1238.88,212.222,0,0,0,2500,0,0,2500,0,2500,0
20230101T000002.200000,3,123,7203.42,-6974.33,-876.57,0,0,0,2500,0,0,2500,0,2500,0
20230101T000002.200000,3,124,3849,-1419.35,1048.99,0,0,0,2500,0,0,2500,0,2500,0
20230101T000002.200000,3,125,10263.8,-3668.15,785.827,0,0,0,2500,0,0,2500,0,2500,0
20230101T000002.300000,6,143,8396.02,-5758.71,-531.698,0,0,0,53411.5,77119.7,7139.88,112954,-4897.15,165850,3.11987e+14
20230101T000002.300000,6,144,11095.9,-2972.24,1323.48,0,0,0,16808.6,52051.2,-23489.2,197181,6292.04,211125,1.49189e+15
20230101T000002.300000,6,145,10240.8,-2680.53,1177.22,0,0,0,13630.7,43362.5,-19282.2,167944,5047.14,179295,4.19238e+14
20230101T000002.300000,6,146,8440.71,-2907.82,-490.488,0,0,0,13929.8,39132.4,6620.8,114041,-2280.86,127522,2.63645e+14
20230101T000002.300000,6,147,8852.06,-3150.81,131.768,0,0,0,15965.6,44596.8,-1865.43,125385,663.981,141258,1.67737e+14
20230101T000002.300000,6,148,257.328,148.148,43.3105,0,0,0,84.4371,-32.6014,-9.91031,122.296,-5.70552,142.398,3.19303e+27
20230101T000002.300000,3,126,8396.02,-5758.71,-531.698,0,0,0,2500,0,0,2500,0,2500,0
20230101T000002.300000,3,127,11095.9,-2972.24,1323.48,0,0,0,2500,0,0,2500,0,2500,0
20230101T000002.300000,3,128,10240.8,-2680.53,1177.22,0,0,0,2500,0,0,2500,0,2500,0
20230101T000002.300000,3,129,8440.71,-2907.82,-490.488,0,0,0,2500,0,0,2500,0,2500,0
20230101T000002.300000,3,130,8852.06,-3150.81,131.768,0,0,0,2500,0,0,2500,0,2500,0
20230101T000002.300000,3,131,257.328,148.148,43.3105,0,0,0,2500,0,0,2500,0,2500,0
20230101T000002.400000,6,149,1517.9,-1762.21,-119.776,0,0,0,5005.6,4236.86,288.746,3736.25,-335.222,8655.23,6.00499e+14
20230101T000002.400000,6,150,279.39,100.941,42.3157,0,0,0,74.3214,-24.1612,-10.5125,132.467,-3.79808,142.469,3.96606e+27
20230101T000002.400000,4,131,282.091,105.4,42.3696,2.45183,-4.23249,-0.0931581,81.2939,-30.1139,-9.14363,116.264,-5.26413,134.751,0
20230101T000002.400000,3,132,1517.9,-1762.21,-119.776,0,0,0,2500,0,0,2500,0,2500,0
20230101T000002.500000,6,151,1875.86,-1984.46,344.075,0,0,0,6420.07,5830.1,-1027.24,5763.46,1086.72,11932.1,2.45523e+14
20230101T000002.500000,6,152,292.523,50.8941,43.2756,0,0,0,67.8802,-12.7313,-11.2558,138.841,-1.95832,142.387,1.05311e+27
20230101T000002.500000,3,133,1875.86,-1984.46,344.075,0,0,0,2500,0,0,2500,0,2500,0
20230101T000002.500000,3,134,292.523,50.8941,43.2756,0,0,0,2500,0,0,2500,0,2500,0
20230101T000002.600000,6,153,9350.53,-5956.8,-298.468,0,0,0,56920.4,89025.2,4463.88,139951,-2843.73,196665,1.92555e+15
20230101T000002.600000,6,154,297.163,0.0316702,41.6248,0,0,0,65.5406,-0.00807295,-10.9987,141.29,-0.00117219,142.521,1.41869e+27
20230101T000002.600000,6,155,6398.6,663.065,795.201,0,0,0,1766.82,-6678.1,-8133.32,65518.7,-842.828,66211.7,6.5357e+15
20230101T000002.600000,6,156,1918.8,1762.97,10.6204,0,0,0,5007.72,-5380.49,-32.4133,5920.24,-29.781,10863.8,4.31024e+14
20230101T000002.600000,6,157,3678.23,4747.4,-493.206,0,0,0,36230.3,-27720.1,2899.4,21930,3742.18,57708,3.25716e+14
20230101T000002.600000,6,158,3490.56,3711.93,-149.046,0,0,0,22092.2,-20681.1,831.125,19547.2,883.837,41540,3.16941e+14
20230101T000002.600000,4,134,301.055,3.24062,41.7146,0.844733,-4.71817,-0.154558,66.0003,-11.7599,-10.3851,131.547,-1.80683,134.741,0
20230101T000002.600000,3,135,9350.53,-5956.8,-298.468,0,0,0,2500,0,0,2500,0,2500,0
20230101T000002.600000,3,136,6398.6,663.065,795.201,0,0,0,2500,0,0,2500,0,2500,0
20230101T000002.600000,3,137,1918.8,1762.97,10.6204,0,0,0,2500,0,0,2500,0,2500,0
20230101T000002.600000,3,138,3678.23,4747.4,-493.206,0,0,0,2500,0,0,2500,0,2500,0
20230101T000002.600000,3,139,3490.56,3711.93,-149.046,0,0,0,2500,0,0,2500,0,2500,0
20230101T000002.700000,6,159,292.723,-51.1878,41.6211,0,0,0,67.788,12.8534,-10.8336,139.044,1.89444,142.523,1.60138e+27
20230101T000002.700000,6,160,5412.66,1142.61,-241.941,0,0,0,2239.72,-9863.49,2092.53,46881.7,441.735,48964,6.36788e+14
20230101T000002.700000,6,161,2648.51,2802.3,174.475,0,0,0,12617.7,-11818.8,-737.372,11282.8,-780.189,23788.1,1.49369e+14
20230101T000002.700000,6,162,6303.76,8158.59,-558.668,0,0,0,106711,-82015.2,5632.63,63932.6,7289.98,170080,1.96478e+14
20230101T000002.700000,6,163,5348.38,6435.04,-242.518,0,0,0,66320.1,-54989.5,2074.14,45861.7,2495.56,112024,2.22304e+14
20230101T000002.700000,6,164,4523.59,5067.7,-445.161,0,0,0,41259.4,-36489.6,3219.18,32952.5,3606.39,73831.4,1.22873e+14
20230101T000002.700000,6,165,3772.1,2868.93,-28.0057,0,0,0,13210.5,-17283.6,168.723,22789.8,128.325,35935.1,1.42379e+14
20230101T000002.700000,3,140,292.723,-51.1878,41.6211,0,0,0,2500,0,0,2500,0,2500,0
20230101T000002.700000,3,141,5412.66,1142.61,-241.941,0,0,0,2500,0,0,2500,0,2500,0
20230101T000002.700000,3,142,2648.51,2802.3,174.475,0,0,0,2500,0,0,2500,0,2500,0
20230101T000002.700000,3,143,6303.76,8158.59,-558.668,0,0,0,2500,0,0,2500,0,2500,0
20230101T000002.700000,3,144,5348.38,6435.04,-242.518,0,0,0,2500,0,0,2500,0,2500,0
20230101T000002.700000,3,145,4523.59,5067.7,-445.161,0,0,0,2500,0,0,2500,0,2500,0
20230101T000002.700000,3,146,3772.1,2868.93,-28.0057,0,0,0,2500,0,0,2500,0,2500,0
20230101T000002.800000,6,166,5321.07,-3400.75,224.408,0,0,0,18606.8,28887.5,-1908.63,45344,1219.83,63806.4,1.23676e+15
20230101T000002.800000,6,167,4212.45,-1465.54,407.167,0,0,0,3729.72,9775.58,-2738.8,28427,952.846,31828.5,3.98708e+15
20230101T000002.800000,6,168,279.537,-100.858,41.5739,0,0,0,74.2638,24.1874,-10.334,132.575,3.72855,142.53,5.75138e+26
20230101T000002.800000,6,169,7936.98,-1729.64,923.312,0,0,0,6149.11,21668,-11718.3,100858,2553.66,105581,4.10175e+15
20230101T000002.800000,6,170,5447.2,-1437.11,969.421,0,0,0,4768.35,12138.9,-8438.66,47577,2226.33,50781.4,3.40819e+15
20230101T000002.800000,6,171,5873.94,1896.05,16.3617,0,0,0,5810.39,-17800.8,-153.611,55211.1,-49.5843,60957,1.42653e+14
20230101T000002.800000,6,172,1757.96,1635.32,602.7,0,0,0,4622.7,-4279.87,-1684.17,5242.23,-1566.68,9227.32,1.49757e+14
20230101T000002.800000,4,140,284.34,-99.1885,41.5765,-0.830045,-4.75256,-0.0044234,65.9151,11.8716,-9.99547,131.728,1.74788,134.866,0
20230101T000002.800000,3,147,5321.07,-3400.75,224.408,0,0,0,2500,0,0,2500,0,2500,0
20230101T000002.800000,3,148,4212.45,-1465.54,407.167,0,0,0,2500,0,0,2500,0,2500,0
20230101T000002.800000,3,149,7936.98,-1729.64,923.312,0,0,0,2500,0,0,2500,0,2500,0
20230101T000002.800000,3,150,5447.2,-1437.11,969.421,0,0,0,2500,0,0,2500,0,2500,0
20230101T000002.800000,3,151,5873.94,1896.05,16.3617,0,0,0,2500,0,0,2500,0,2500,0
20230101T000002.800000,3,152,1757.96,1635.32,602.7,0,0,0,2500,0,0,2500,0,2500,0
20230101T000002.900000,6,173,2772.92,-1973.63,-36.9161,0,0,0,6276.24,8725.08,163.219,12324.8,-116.171,18534.9,4.30568e+14
20230101T000002.900000,6,174,3039.23,-3016.76,384.665,0,0,0,14712.6,14519.7,-1866.49,14928.1,1852.69,29340.9,2.5338e+14
20230101T000002.900000,6,175,257.204,-148.652,42.4276,0,0,0,84.5306,32.7532,-9.70443,122.272,5.6087,142.481,6.21897e+24
20230101T000002.900000,6,176,7996.65,-3729.37,-1227.06,0,0,0,24283.4,46769.1,15691.9,102756,-7318.16,124568,3.20659e+14
20230101T000002.900000,6,177,6530.02,-4085.84,-506.295,0,0,0,27051.1,42475.9,5286.23,68359.2,-3307.6,94936.7,2.50998e+14
20230101T000002.900000,6,178,7478.02,602.959,-757.296,0,0,0,1556.31,-7135.71,9054.55,89479.6,730.075,90055.6,1.54275e+14
20230101T000002.900000,6,179,5626.84,1963.94,-453.459,0,0,0,6521.3,-17559.1,4077.89,50700.8,1423.31,56829.8,7.84362e+13
20230101T000002.900000,6,180,5649.13,3974.74,-935.558,0,0,0,26256.5,-35237.5,8449.18,51544.8,5944.86,76339.1,1.25778e+14
20230101T000002.900000,6,181,5312.03,4454.3,-726.672,0,0,0,32278.6,-37411.1,6171.08,45523.2,5174.65,76894.2,1.37553e+14
20230101T000002.900000,6,182,6330.66,7007.25,-1131.63,0,0,0,79511.7,-69926.3,11457.3,65286.5,12681.8,142687,1.68075e+14
20230101T000002.900000,3,153,2772.92,-1973.63,-36.9161,0,0,0,2500,0,0,2500,0,2500,0
20230101T000002.900000,3,154,3039.23,-3016.76,384.665,0,0,0,2500,0,0,2500,0,2500,0
20230101T000002.900000,3,155,257.204,-148.652,42.4276,0,0,0,2500,0,0,2500,0,2500,0
20230101T000002.900000,3,156,7996.65,-3729.37,-1227.06,0,0,0,2500,0,0,2500,0,2500,0
20230101T000002.900000,3,157,6530.02,-4085.84,-506.295,0,0,0,2500,0,0,2500,0,2500,0
20230101T000002.900000,3,158,7478.02,602.959,-757.296,0,0,0,2500,0,0,2500,0,2500,0
20230101T000002.900000,3,159,5626.84,1963.94,-453.459,0,0,0,2500,0,0,2500,0,2500,0
20230101T000002.900000,3,160,5649.13,3974.74,-935.558,0,0,0,2500,0,0,2500,0,2500,0
20230101T000002.900000,3,161,5312.03,4454.31,-726.672,0,0,0,2500,0,0,2500,0,2500,0
20230101T000002.900000,3,162,6330.66,7007.25,-1131.63,0,0,0,2500,0,0,2500,0,2500,0
20230101T000003,6,183,228.111,-190.241,42.6209,0,0,0,96.6056,37.1593,-8.64532,110.172,7.21006,142.453,2.83177e+26
20230101T000003,6,184,6008.53,-747.575,1017.9,0,0,0,2588.01,6976.17,-9775.36,57790,1216.24,58659.8,1.91783e+14
20230101T000003,6,185,2401.74,1301.03,621.008,0,0,0,3232.39,-4715.66,-2374.23,9383.13,-1286.13,11940.8,2.05989e+14
20230101T000003,6,186,3948.06,1281.3,-133.796,0,0,0,2710.52,-8066.65,843.217,24948.3,273.657,27566.3,1.9669e+14
20230101T000003,6,187,6325.34,2184.46,-147.226,0,0,0,7723.12,-22077.5,1488.67,64026.4,514.114,71650.9,9.0843e+13
20230101T000003,6,188,3705.34,5010.86,-521.495,0,0,0,40350.3,-29468.7,3088.55,22289.7,4176.75,62141.7,5.87571e+13
20230101T000003,6,189,6062.54,8494.9,-633.963,0,0,0,115700,-82066.9,6147.23,59275.3,8613.58,174269,1.78764e+14
20230101T000003,6,190,5058.18,6096.8,1307.11,0,0,0,60613.4,-47968,-10572,42592.4,-12742.8,100412,1.06751e+14
20230101T000003,6,191,5833.05,6853.59,-338.548,0,0,0,75258.5,-63841.7,3158.07,54582.6,3710.6,129594,1.50479e+14
20230101T000003,4,143,6376.56,8262.91,-566.616,20.035,28.7114,-2.18742,1705.67,-1263.65,86.5338,1046.56,111.996,2674.48,0
20230101T000003,4,155,233.086,-190.302,42.6104,-2.3879,-4.12378,0.018103,81.3794,30.2525,-8.95362,116.239,5.17477,134.827,0
20230101T000003,3,163,6008.53,-747.575,1017.9,0,0,0,2500,0,0,2500,0,2500,0
20230101T000003,3,164,2401.74,1301.03,621.008,0,0,0,2500,0,0,2500,0,2500,0
20230101T000003,3,165,3948.06,1281.3,-133.796,0,0,0,2500,0,0,2500,0,2500,0
20230101T000003,3,166,6325.34,2184.46,-147.226,0,0,0,2500,0,0,2500,0,2500,0
20230101T000003,3,167,3705.34,5010.86,-521.495,0,0,0,2500,0,0,2500,0,2500,0
20230101T000003,3,168,5058.18,6096.8,1307.11,0,0,0,2500,0,0,2500,0,2500,0
20230101T000003,3,169,5833.05,6853.59,-338.548,0,0,0,2500,0,0,2500,0,2500,0
20230101T000003.100000,6,192,6324.77,-8528.89,-84.5218,0,0,0,116414,86273.1,855.025,64053,-1152.99,180391,1.20969e+14
20230101T000003.100000,6,193,7792.84,-4976.91,-269.461,0,0,0,39759.4,61973.2,3358.22,97217.6,-2144.73,136797,1.75816e+14
20230101T000003.100000,6,194,5219.74,-4813.91,21.4336,0,0,0,37112.9,40171.5,-178.863,43622.8,164.956,80671,1.27895e+14
20230101T000003.100000,6,195,2846.37,-1469.22,-181.627,0,0,0,3545.84,6643.62,823.952,12987.5,-425.303,16416.9,2.72729e+14
20230101T000003.100000,6,196,9096.72,-5933.56,2402.31,0,0,0,62851.9,82108.2,-34953.8,135175,22799.5,188735,4.24894e+14
20230101T000003.100000,6,197,7609.88,-2987.09,-1159.74,0,0,0,16195.4,35617,14112.5,92952.1,-5539.56,106934,1.56055e+14
20230101T000003.100000,6,198,1507.68,134.186,-53.7078,0,0,0,96.8055,-317.644,127.3,3637.52,11.3299,3665.87,4.01827e+14
20230101T000003.100000,6,199,5685.85,3739.81,166.042,0,0,0,22453.3,-33972.8,-1509.24,51758.9,-992.689,74104.1,3.33078e+14
20230101T000003.100000,6,200,5259.41,3525.23,-503.353,0,0,0,20207.2,-29448.1,4231.55,44403.6,2836.28,64142.2,3.54166e+14
20230101T000003.100000,6,201,4580.33,6591.51,-1271.24,0,0,0,70379,-47065.1,9310.66,35352.8,13398.9,103085,9.59707e+14
20230101T000003.100000,6,202,312.908,375.512,-105.4,0,0,0,257.961,-149.183,44.3267,203.243,53.1952,385.117,7.62055e+25
20230101T000003.100000,6,203,4257.55,4088.83,-1036.18,0,0,0,27675.6,-26964.2,7050.69,29856.8,6771.28,55754.4,6.2443e+14
20230101T000003.100000,3,170,6324.77,-8528.89,-84.5218,0,0,0,2500,0,0,2500,0,2500,0
20230101T000003.100000,3,171,7792.84,-4976.91,-269.461,0,0,0,2500,0,0,2500,0,2500,0
20230101T000003.100000,3,172,5219.74,-4813.91,21.4336,0,0,0,2500,0,0,2500,0,2500,0
20230101T000003.100000,3,173,2846.37,-1469.22,-181.627,0,0,0,2500,0,0,2500,0,2500,0
20230101T000003.100000,3,174,9096.72,-5933.56,2402.31,0,0,0,2500,0,0,2500,0,2500,0
20230101T000003.100000,3,175,7609.88,-2987.09,-1159.74,0,0,0,2500,0,0,2500,0,2500,0
20230101T000003.100000,3,176,1507.68,134.186,-53.7078,0,0,0,2500,0,0,2500,0,2500,0
20230101T000003.100000,3,177,5685.85,3739.81,166.042,0,0,0,2500,0,0,2500,0,2500,0
20230101T000003.100000,3,178,5259.41,3525.23,-503.353,0,0,0,2500,0,0,2500,0,2500,0
20230101T000003.100000,3,179,4580.33,6591.51,-1271.24,0,0,0,2500,0,0,2500,0,2500,0
20230101T000003.100000,3,180,312.908,375.512,-105.4,0,0,0,2500,0,0,2500,0,2500,0
20230101T000003.100000,3,181,4257.55,4088.83,-1036.18,0,0,0,2500,0,0,2500,0,2500,0
20230101T000003.200000,6,204,1330.6,-1151.68,-285.548,0,0,0,2232.41,2356.46,600.271,2915.39,-519.552,4956.61,5.19311e+14
20230101T000003.200000,6,205,7576.9,-8209.3,862.959,0,0,0,108406,98896,-10458.4,92532.8,11331.3,199683,1.11604e+14
20230101T000003.200000,6,206,7866.84,-5262.45,754.591,0,0,0,44982.7,65787.7,-9493.77,99320.7,6350.77,143329,4.81475e+14
20230101T000003.200000,6,207,2552.05,-490.431,-191.049,0,0,0,502.544,1979.95,775.51,10425.1,-149.031,10805.9,1.16292e+14
20230101T000003.200000,6,208,3318.61,-2198.64,682.424,0,0,0,8295.46,11302.6,-3614.64,17867.4,2394.76,25357.4,1.98209e+14
20230101T000003.200000,6,209,3825.76,798.455,-58.8069,0,0,0,1086.66,-4873.61,359.028,23421.2,74.9308,24438.4,1.57367e+14
20230101T000003.200000,6,210,7450.59,1191.79,-1381.32,0,0,0,5309.68,-13721.5,16455.4,88895.7,2632.21,91092.6,3.65016e+14
20230101T000003.200000,6,211,2863.16,1178.52,-706.322,0,0,0,2956.84,-5096.49,3222.87,13240.8,1326.58,15341.7,5.00951e+14
20230101T000003.200000,6,212,9140.43,5062.87,373.698,0,0,0,41232.1,-73921,-5463.21,133743,-3026.07,174688,5.658e+14
20230101T000003.200000,6,213,7265.27,2247.92,-1001.21,0,0,0,9606.16,-25660.1,11630.6,84600.2,3598.57,92540.6,3.74493e+14
20230101T000003.200000,6,214,7794.55,3630.5,85.4073,0,0,0,21151.1,-45248.1,-1064.56,97221.4,-495.846,118297,2.74711e+14
20230101T000003.200000,6,215,5534.98,3793.06,-1241.53,0,0,0,24739.9,-32412.3,10985.5,49825.4,7528.23,72039.3,3.20467e+14
20230101T000003.200000,6,216,375.711,312.878,-104.652,0,0,0,203.112,-149.373,52.8449,258.091,44.0072,385.287,6.63667e+24
20230101T000003.200000,6,217,3643.57,3928.73,-837.211,0,0,0,25243.3,-22313.1,4874.06,21877.5,5255.52,45938.4,4.03329e+14
20230101T000003.200000,6,218,5539.58,3864.39,-971.728,0,0,0,24952,-33512.9,8605.34,49614.1,6003.06,72993.9,3.20996e+14
20230101T000003.200000,4,160,5533.4,3892.14,-918.269,-31.8515,-22.7335,4.75834,944.022,-1187.02,279.576,1795.89,196.711,2586.41,0
20230101T000003.200000,4,180,372.235,326.223,-104.754,5.87399,-4.88007,0.0639537,226.68,-126.402,37.3184,180.317,44.7847,332.764,0
20230101T000003.200000,3,182,1330.6,-1151.68,-285.548,0,0,0,2500,0,0,2500,0,2500,0
20230101T000003.200000,3,183,7576.9,-8209.3,862.959,0,0,0,2500,0,0,2500,0,2500,0
20230101T000003.200000,3,184,7866.84,-5262.45,754.591,0,0,0,2500,0,0,2500,0,2500,0
20230101T000003.200000,3,185,2552.05,-490.431,-191.049,0,0,0,2500,0,0,2500,0,2500,0
20230101T000003.200000,3,186,3318.61,-2198.64,682.424,0,0,0,2500,0,0,2500,0,2500,0
20230101T000003.200000,3,187,3825.76,798.455,-58.8069,0,0,0,2500,0,0,2500,0,2500,0
20230101T000003.200000,3,188,7450.59,1191.79,-1381.32,0,0,0,2500,0,0,2500,0,2500,0
20230101T000003.200000,3,189,2863.16,1178.52,-706.322,0,0,0,2500,0,0,2500,0,2500,0
20230101T000003.200000,3,190,9140.43,5062.87,373.698,0,0,0,2500,0,0,2500,0,2500,0
20230101T000003.200000,3,191,7265.27,2247.92,-1001.21,0,0,0,2500,0,0,2500,0,2500,0
20230101T000003.200000,3,192,7794.55,3630.51,85.4073,0,0,0,2500,0,0,2500,0,2500,0
20230101T000003.200000,3,193,5534.97,3793.06,-1241.53,0,0,0,2500,0,0,2500,0,2500,0
20230101T000003.200000,3,194,3643.57,3928.73,-837.211,0,0,0,2500,0,0,2500,0,2500,0
20230101T000003.300000,6,219,2099.62,-2356.09,662.321,0,0,0,9219.64,7535.95,-2216.43,7478.8,2487.17,15938,1.39037e+14
20230101T000003.300000,6,220,1288.84,-1126.86,221.913,0,0,0,2112.04,2253.51,-451.474,2719.17,394.735,4690.53,1.63148e+14
20230101T000003.300000,6,221,6208.05,-9404.56,1062.42,0,0,0,142081,92554.9,-10549.5,62965.8,15981.5,203178,1.25917e+14
20230101T000003.300000,6,222,2349.58,-1030.87,454.702,0,0,0,2029.74,3730.83,-1699.31,8896.28,745.562,10535.1,1.54693e+14
20230101T000003.300000,6,223,8584,-3008.25,-2226.7,0,0,0,21598.5,38821.6,30568.5,118770,-10712.7,132379,1.51881e+14
20230101T000003.300000,6,224,7031.01,1301.44,-673.851,0,0,0,3473.76,-14499.3,7574.68,79122.2,1402.07,81806.6,1.87236e+14
20230101T000003.300000,6,225,423.187,244.39,-105.767,0,0,0,154.831,-131.249,60.1567,306.306,34.7404,384.966,1.27058e+25
20230101T000003.300000,6,226,7744.13,3291.46,-1848.76,0,0,0,22017.6,-38792.6,22894.9,96800.5,9730.95,113291,2.75377e+14
20230101T000003.300000,6,227,4113.79,5969.77,-1177.85,0,0,0,57755.9,-38227.1,7746.9,28624.5,11242,84099.9,3.02889e+14
20230101T000003.300000,6,228,6434.44,6138.75,-1789.44,0,0,0,63009.1,-60609.5,18413.5,68713.8,17567.4,126541,3.02994e+14
20230101T000003.300000,3,195,2099.62,-2356.09,662.321,0,0,0,2500,0,0,2500,0,2500,0
20230101T000003.300000,3,196,1288.84,-1126.86,221.913,0,0,0,2500,0,0,2500,0,2500,0
20230101T000003.300000,3,197,6208.05,-9404.56,1062.42,0,0,0,2500,0,0,2500,0,2500,0
20230101T000003.300000,3,198,2349.58,-1030.87,454.702,0,0,0,2500,0,0,2500,0,2500,0
20230101T000003.300000,3,199,8584,-3008.25,-2226.7,0,0,0,2500,0,0,2500,0,2500,0
20230101T000003.300000,3,200,7031.01,1301.44,-673.851,0,0,0,2500,0,0,2500,0,2500,0
20230101T000003.300000,3,201,423.187,244.39,-105.767,0,0,0,2500,0,0,2500,0,2500,0
20230101T000003.300000,3,202,7744.13,3291.46,-1848.76,0,0,0,2500,0,0,2500,0,2500,0
20230101T000003.300000,3,203,4113.79,5969.77,-1177.85,0,0,0,2500,0,0,2500,0,2500,0
20230101T000003.300000,3,204,6434.44,6138.75,-1789.44,0,0,0,2500,0,0,2500,0,2500,0
20230101T000003.400000,6,229,1132.9,-1791.63,-445.306,0,0,0,5244.06,3076.58,800.297,2323.98,-1265.64,7192.17,3.89783e+14
20230101T000003.400000,6,230,2438.18,-1936.38,-288.587,0,0,0,6119.93,7458.18,1121.2,9587.63,-890.445,15511.4,1.93779e+14
20230101T000003.400000,6,231,6636.5,-9857.06,-725.013,0,0,0,155741,104247,7696.3,71091.5,-11431.2,225928,1.65688e+14
20230101T000003.400000,6,232,2799.02,-1371.37,-249.808,0,0,0,3140.83,6077,1114.17,12566.9,-545.883,15544.7,1.95739e+14
20230101T000003.400000,6,233,4333.98,-2235.1,501.365,0,0,0,8360.82,15309.4,-3470.86,30151.2,1789.98,38047.1,1.37151e+14
20230101T000003.400000,6,234,9429.03,-1846.98,-1866.73,0,0,0,10887,26800.9,28150.5,142459,-5514.18,147711,2.49258e+14
20230101T000003.400000,6,235,4426.59,657.636,-569.093,0,0,0,1260.59,-4573.26,4022.71,31364.1,597.632,32044.6,5.88709e+14
20230101T000003.400000,6,236,5469.33,-53.7566,-1285.68,0,0,0,2709.75,443.832,11236.6,47861.9,-110.442,47869.7,5.08499e+14
20230101T000003.400000,6,237,459.992,165.827,-104.414,0,0,0,113.604,-96.9536,64.5513,347.594,23.2707,385.337,1.46938e+25
20230101T000003.400000,6,238,6914.05,2807.87,-1189.74,0,0,0,14612.4,-30250.7,13152.3,76815.9,5341.3,89102.7,5.19534e+14
20230101T000003.400000,6,239,6212.83,2923.16,-873.898,0,0,0,14723.8,-28562.7,8679.75,61991.7,4083.85,75431.6,4.01181e+14
20230101T000003.400000,6,240,5097.9,3635.19,333.123,0,0,0,21303.4,-29536.9,-2714.4,41663.2,-1935.57,62725.4,2.68572e+14
20230101T000003.400000,4,173,2779.63,-1424.03,-187.734,-18.3692,12.4381,-1.68083,546.813,924.085,114.29,1860.08,-58.9937,2330.85,0
20230101T000003.400000,4,201,461.123,179.192,-104.599,3.756,-6.45521,0.115687,139.302,-111.213,50.6464,267.654,29.2482,332.642,0
20230101T000003.400000,3,205,1132.9,-1791.63,-445.306,0,0,0,2500,0,0,2500,0,2500,0
20230101T000003.400000,3,206,2438.18,-1936.38,-288.587,0,0,0,2500,0,0,2500,0,2500,0
20230101T000003.400000,3,207,6636.5,-9857.06,-725.013,0,0,0,2500,0,0,2500,0,2500,0
20230101T000003.400000,3,208,4333.98,-2235.1,501.365,0,0,0,2500,0,0,2500,0,2500,0
20230101T000003.400000,3,209,9429.03,-1846.98,-1866.73,0,0,0,2500,0,0,2500,0,2500,0
20230101T000003.400000,3,210,4426.59,657.636,-569.093,0,0,0,2500,0,0,2500,0,2500,0
20230101T000003.400000,3,211,5469.33,-53.7566,-1285.68,0,0,0,2500,0,0,2500,0,2500,0
20230101T000003.400000,3,212,6914.05,2807.87,-1189.74,0,0,0,2500,0,0,2500,0,2500,0
20230101T000003.400000,3,213,6212.83,2923.16,-873.898,0,0,0,2500,0,0,2500,0,2500,0
20230101T000003.400000,3,214,5097.9,3635.19,333.123,0,0,0,2500,0,0,2500,0,2500,0
20230101T000003.500000,6,241,2063.78,-2785.9,113.79,0,0,0,12448,9158.7,-374.491,6869.39,505.525,19232.8,1.2446e+14
20230101T000003.500000,6,242,7298.75,-9127.89,-1135.36,0,0,0,134139,105559,13254.9,86531.5,-16576.7,218545,1.27747e+14
20230101T000003.500000,6,243,6645.16,-4185.74,1589.01,0,0,0,30969,42654.2,-16884.2,71818,10635.3,98688.1,2.07496e+14
20230101T000003.500000,6,244,481.601,84.1987,-104.681,0,0,0,87.7356,-51.5245,67.7562,373.438,11.8459,385.251,1.71044e+24
20230101T000003.500000,6,245,5444.38,-304.33,-864.289,0,0,0,1401.9,2580.94,7518.95,47430,-420.295,47575.8,2.15507e+14
20230101T000003.500000,6,246,482.049,79.8052,-105.99,0,0,0,87.1781,-48.8063,68.6667,373.904,11.3681,384.86,1.58419e+24
20230101T000003.500000,6,247,7954.22,2616.45,1026.17,0,0,0,12530.5,-32780.1,-13052.4,101402,-4293.45,112186,2.00412e+14
20230101T000003.500000,6,248,5919.16,2831.49,-486.357,0,0,0,13187.6,-26644,4601.86,56140.6,2201.35,68886.4,2.00747e+14
20230101T000003.500000,6,249,2088.79,1472.41,81.8082,0,0,0,3518.65,-4885.75,-271.736,7005.67,-191.549,10449.7,2.15462e+14
20230101T000003.500000,6,250,4395,5583.58,-1655.57,0,0,0,51583.2,-37102.9,11633.2,33651,14779.3,80791.3,1.47371e+14
20230101T000003.500000,6,251,6859.57,6706.97,538.985,0,0,0,72243.9,-73346.9,-5912.97,75544.3,-5781.43,147260,1.57297e+14
20230101T000003.500000,6,252,3803.38,2779.61,-337.99,0,0,0,12522.6,-16797.6,2053.11,23230.9,1500.47,35507.4,1.83147e+14
20230101T000003.500000,6,253,3811.39,4039.77,-951.952,0,0,0,26823.8,-23880.7,5797.9,24042.7,6145.32,49356.2,1.19695e+14
20230101T000003.500000,4,203,4097.12,5921.26,-1184.58,-3.20583,-9.32896,-1.29552,1750.5,-1119.61,221.081,897.289,320.824,2460.68,0
20230101T000003.500000,4,211,5380.95,-65.4989,-1244.68,-8.7507,-1.1626,4.05859,185.277,21.753,521.74,2398.26,-5.12805,2282.14,0
20230101T000003.500000,3,215,2063.78,-2785.9,113.79,0,0,0,2500,0,0,2500,0,2500,0
20230101T000003.500000,3,216,7298.75,-9127.89,-1135.36,0,0,0,2500,0,0,2500,0,2500,0
20230101T000003.500000,3,217,6645.16,-4185.74,1589.01,0,0,0,2500,0,0,2500,0,2500,0
20230101T000003.500000,3,218,481.601,84.1987,-104.681,0,0,0,2500,0,0,2500,0,2500,0
20230101T000003.500000,3,219,482.049,79.8052,-105.99,0,0,0,2500,0,0,2500,0,2500,0
20230101T000003.500000,3,220,7954.22,2616.45,1026.17,0,0,0,2500,0,0,2500,0,2500,0
20230101T000003.500000,3,221,5919.16,2831.49,-486.357,0,0,0,2500,0,0,2500,0,2500,0
20230101T000003.500000,3,222,2088.79,1472.41,81.8082,0,0,0,2500,0,0,2500,0,2500,0
20230101T000003.500000,3,223,6859.57,6706.97,538.985,0,0,0,2500,0,0,2500,0,2500,0
20230101T000003.500000,3,224,3803.38,2779.61,-337.99,0,0,0,2500,0,0,2500,0,2500,0
20230101T000003.500000,3,225,3811.39,4039.77,-951.952,0,0,0,2500,0,0,2500,0,2500,0
20230101T000003.600000,6,254,2076.15,-1309.34,-151.081,0,0,0,2814.73,4304.17,498.547,6925.17,-314.413,9639.86,1.23857e+14
20230101T000003.600000,6,255,6059.17,-6314.01,435.884,0,0,0,63963,61028.5,-4223.55,58933.2,4401.18,122529,1.63339e+14
20230101T000003.600000,6,256,4298.35,43.3662,-89.6588,0,0,0,79.8353,-297.47,615.281,29561.3,6.2076,29564.3,3.99357e+14
20230101T000003.600000,6,257,488.993,0.990253,-104.271,0,0,0,78.6136,-0.615567,68.5267,382.583,0.138772,385.368,1.60328e+25
20230101T000003.600000,6,258,6851.18,-119.225,-1445.24,0,0,0,3424.92,1247.72,15829.6,75103,-275.467,75127.4,4.1336e+14
20230101T000003.600000,6,259,4921,67.5858,-1126.11,0,0,0,2096.74,-503.447,8852.66,38746.4,121.584,38756.5,5.50394e+14
20230101T000003.600000,6,260,6572.59,3051.6,-849.819,0,0,0,15902.1,-31625.6,8930.1,69334.5,4146.17,84018.8,3.72235e+14
20230101T000003.600000,6,261,6025.85,8643.88,40.1765,0,0,0,119568,-83307.5,-387.217,58142.3,-555.449,177644,1.33611e+14
20230101T000003.600000,6,262,6596.43,5084.65,-403.474,0,0,0,41569.4,-53508.1,4255.93,69741.4,3280.55,110987,1.1187e+14
20230101T000003.600000,6,263,4405.6,4682.04,-228.369,0,0,0,35143.7,-32930,1608.21,31133.1,1709.12,66129.5,1.09176e+14
20230101T000003.600000,4,219,493.612,12.0124,-104.507,1.14491,-6.71217,0.146857,81.9762,-41.3578,57.8119,324.943,9.571,332.556,0
20230101T000003.600000,3,226,2076.15,-1309.34,-151.081,0,0,0,2500,0,0,2500,0,2500,0
20230101T000003.600000,3,227,6059.17,-6314.01,435.884,0,0,0,2500,0,0,2500,0,2500,0
20230101T000003.600000,3,228,4298.35,43.3662,-89.6588,0,0,0,2500,0,0,2500,0,2500,0
20230101T000003.600000,3,229,6851.18,-119.225,-1445.24,0,0,0,2500,0,0,2500,0,2500,0
20230101T000003.600000,3,230,4921,67.5858,-1126.11,0,0,0,2500,0,0,2500,0,2500,0
20230101T000003.600000,3,231,6572.59,3051.6,-849.819,0,0,0,2500,0,0,2500,0,2500,0
20230101T000003.600000,3,232,6025.85,8643.88,40.1765,0,0,0,2500,0,0,2500,0,2500,0
20230101T000003.600000,3,233,6596.43,5084.65,-403.474,0,0,0,2500,0,0,2500,0,2500,0
20230101T000003.600000,3,234,4405.6,4682.04,-228.369,0,0,0,2500,0,0,2500,0,2500,0
20230101T000003.700000,6,264,1178.86,-785.127,-37.7457,0,0,0,1032.16,1450.33,69.7763,2243.88,-46.4715,3209.85,6.05644e+14
20230101T000003.700000,6,265,5967.24,-4680.29,-909.932,0,0,0,35907.4,44011.5,8681.69,57501.3,-6809.32,92021.8,1.21366e+14
20230101T000003.700000,6,266,481.31,-87.1957,-103.527,0,0,0,88.078,53.3965,66.9687,373.147,-12.1323,385.565,2.13782e+24
20230101T000003.700000,6,267,480.888,-87.8103,-104.988,0,0,0,88.6081,53.636,67.8546,372.549,-12.3903,385.164,2.20289e+24
20230101T000003.700000,6,268,10489.6,3043.89,691.385,0,0,0,15588.6,-50864.9,-11599.9,176115,-3366.07,190876,1.11419e+14
20230101T000003.700000,6,269,2297.81,2137.02,-368.114,0,0,0,7457.09,-7717.16,1347.95,8577.75,1253.62,15755.8,1.00148e+14
20230101T000003.700000,6,270,5237.96,7929.55,381.334,0,0,0,100694,-66319.1,-3194.45,44104.5,-4835.95,144503,1.83531e+14
20230101T000003.700000,3,235,1178.86,-785.127,-37.7457,0,0,0,2500,0,0,2500,0,2500,0
20230101T000003.700000,3,236,5967.24,-4680.29,-909.932,0,0,0,2500,0,0,2500,0,2500,0
20230101T000003.700000,3,237,481.31,-87.1957,-103.527,0,0,0,2500,0,0,2500,0,2500,0
20230101T000003.700000,3,238,480.888,-87.8103,-104.988,0,0,0,2500,0,0,2500,0,2500,0
20230101T000003.700000,3,239,10489.6,3043.89,691.385,0,0,0,2500,0,0,2500,0,2500,0
20230101T000003.700000,3,240,2297.81,2137.02,-368.114,0,0,0,2500,0,0,2500,0,2500,0
20230101T000003.700000,3,241,5237.96,7929.55,381.334,0,0,0,2500,0,0,2500,0,2500,0
20230101T000003.800000,6,271,4656.07,-3151.25,378.612,0,0,0,16089.6,23339.8,-2817,34778.4,1906.56,50575.2,1.57282e+14
20230101T000003.800000,6,272,459.406,-167.454,-104.412,0,0,0,114.293,97.7807,64.4682,346.91,-23.4988,385.342,8.26746e+24
20230101T000003.800000,6,273,5203.12,-1378.85,-511.228,0,0,0,3491.96,11359.7,4250.15,43347.6,-1126.31,46358.6,1.83475e+14
20230101T000003.800000,6,274,6229.21,-1197.61,-323.459,0,0,0,2517.84,11893.4,3220.64,62093.2,-619.192,64380,2.83958e+14
20230101T000003.800000,6,275,1819.09,709.984,-78.7093,0,0,0,870.575,-2041.44,226.688,5304.3,88.4753,6101.17,2.02094e+14
20230101T000003.800000,6,276,11058.5,3133.66,-1403.95,0,0,0,18689.4,-54601.9,24833.5,195903,7037.09,211377,2.83807e+14
20230101T000003.800000,6,277,2992.89,3373.54,-113.785,0,0,0,18246.5,-16112.6,543.801,14379.2,612.965,32541.1,1.58507e+14
20230101T000003.800000,6,278,3313.26,3751.39,332.327,0,0,0,22622,-19767.7,-1758.94,17699.4,-1991.53,40081.3,1.16215e+14
20230101T000003.800000,4,238,468.12,-158.382,-104.491,-1.26415,-6.98734,0.0492067,83.1883,45.4442,57.1278,323.763,-10.4316,332.811,0
20230101T000003.800000,3,242,4656.07,-3151.25,378.612,0,0,0,2500,0,0,2500,0,2500,0
20230101T000003.800000,3,243,5203.12,-1378.85,-511.228,0,0,0,2500,0,0,2500,0,2500,0
20230101T000003.800000,3,244,6229.21,-1197.61,-323.459,0,0,0,2500,0,0,2500,0,2500,0
20230101T000003.800000,3,245,1819.09,709.984,-78.7093,0,0,0,2500,0,0,2500,0,2500,0
20230101T000003.800000,3,246,11058.5,3133.66,-1403.95,0,0,0,2500,0,0,2500,0,2500,0
20230101T000003.800000,3,247,2992.89,3373.54,-113.785,0,0,0,2500,0,0,2500,0,2500,0
20230101T000003.800000,3,248,3313.26,3751.39,332.327,0,0,0,2500,0,0,2500,0,2500,0
20230101T000003.900000,6,279,1950.02,-1703.63,20.566,0,0,0,4680.44,5283.34,-63.7839,6112.15,55.7245,10727.9,3.41858e+14
20230101T000003.900000,6,280,6618.61,-6049.25,2339.4,0,0,0,63353.2,59669.8,-24762.2,74102.3,22632,128643,1.65047e+14
20230101T000003.900000,6,281,5177.34,-3488.52,-737.593,0,0,0,20113.7,28465.4,6103.85,43179.3,-4112.8,62360.4,2.06263e+14
20230101T000003.900000,6,282,422.78,-245.779,-104.115,0,0,0,155.375,132.119,59.1592,305.834,-34.3917,385.415,2.8978e+23
20230101T000003.900000,6,283,5987.65,-1842.82,1045.97,0,0,0,7089.5,17145,-10010.7,57520,3081.01,62798.4,1.38561e+14
20230101T000003.900000,6,284,2810.4,-149.297,-330.995,0,0,0,273.411,658.707,1480.95,12638,-78.6727,12673.9,2.28063e+14
20230101T000003.900000,6,285,3818.03,559.743,85.0444,0,0,0,575.251,-3408.54,-518.128,23325.4,-75.9603,23825.1,1.58677e+14
20230101T000003.900000,6,286,7955.48,-629.567,-1619.37,0,0,0,4864.89,7678.81,20600.1,101290,-1630.21,101900,1.26315e+14
20230101T000003.900000,6,287,6812.51,161.919,892.933,0,0,0,1379.84,-1733.12,-9724.74,74257.2,-231.136,74299.5,1.29284e+14
20230101T000003.900000,6,288,2302.62,1406.8,-166.183,0,0,0,3245.14,-5134.9,608.902,8512.66,372.012,11650.1,2.11487e+14
20230101T000003.900000,6,289,7077.83,2822.45,-174.926,0,0,0,12843.4,-31924.1,1979.59,80168.5,789.409,92899,1.41871e+14
20230101T000003.900000,6,290,2258.99,1485.07,18.1823,0,0,0,3573.73,-5337.97,-65.358,8184.31,-42.9665,11693.5,1.95951e+14
20230101T000003.900000,6,291,1159.52,1267.06,173.892,0,0,0,2619.62,-2295.04,-318.28,2211.99,-347.798,4720.53,1.1944e+14
20230101T000003.900000,6,292,1335.16,1250.71,199.627,0,0,0,2570.48,-2608.46,-421.417,2911.6,-394.761,5355.82,1.07257e+14
20230101T000003.900000,6,293,413.713,390.646,-33.9032,0,0,0,278.853,-225.832,19.6791,304.779,18.5818,518.246,6.33564e+14
20230101T000003.900000,6,294,5346.24,7893.75,-899.552,0,0,0,100125,-66892.5,7691.4,46662.8,11356.4,145430,1.49709e+14
20230101T000003.900000,6,295,3815.81,3947.57,719.248,0,0,0,25363.5,-23656,-4385.49,23757,-4536.92,48230.9,2.03992e+14
20230101T000003.900000,6,296,3473.89,3207.28,176.886,0,0,0,16520.2,-17770,-981.415,19361.1,-906.094,35767.4,3.71809e+14
20230101T000003.900000,3,249,1950.02,-1703.63,20.566,0,0,0,2500,0,0,2500,0,2500,0
20230101T000003.900000,3,250,6618.61,-6049.25,2339.4,0,0,0,2500,0,0,2500,0,2500,0
20230101T000003.900000,3,251,5177.34,-3488.52,-737.593,0,0,0,2500,0,0,2500,0,2500,0
20230101T000003.900000,3,252,422.78,-245.779,-104.115,0,0,0,2500,0,0,2500,0,2500,0
20230101T000003.900000,3,253,5987.65,-1842.82,1045.97,0,0,0,2500,0,0,2500,0,2500,0
20230101T000003.900000,3,254,2810.4,-149.297,-330.995,0,0,0,2500,0,0,2500,0,2500,0
20230101T000003.900000,3,255,3818.03,559.743,85.0444,0,0,0,2500,0,0,2500,0,2500,0
20230101T000003.900000,3,256,7955.48,-629.567,-1619.37,0,0,0,2500,0,0,2500,0,2500,0
20230101T000003.900000,3,257,6812.51,161.919,892.933,0,0,0,2500,0,0,2500,0,2500,0
20230101T000003.900000,3,258,2302.62,1406.8,-166.183,0,0,0,2500,0,0,2500,0,2500,0
20230101T000003.900000,3,259,7077.83,2822.45,-174.926,0,0,0,2500,0,0,2500,0,2500,0
20230101T000003.900000,3,260,2258.99,1485.07,18.1823,0,0,0,2500,0,0,2500,0,2500,0
20230101T000003.900000,3,261,1159.52,1267.06,173.892,0,0,0,2500,0,0,2500,0,2500,0
20230101T000003.900000,3,262,1335.16,1250.71,199.627,0,0,0,2500,0,0,2500,0,2500,0
20230101T000003.900000,3,263,413.713,390.646,-33.9032,0,0,0,2500,0,0,2500,0,2500,0
20230101T000003.900000,3,264,5346.24,7893.75,-899.552,0,0,0,2500,0,0,2500,0,2500,0
20230101T000003.900000,3,265,3815.81,3947.57,719.248,0,0,0,2500,0,0,2500,0,2500,0
20230101T000003.900000,3,266,3473.89,3207.28,176.886,0,0,0,2500,0,0,2500,0,2500,0
20230101T000004,6,297,2516.06,-3442.06,409.369,0,0,0,19071.9,13698.7,-1644.4,10345,2249.6,29085.9,1.47917e+14
20230101T000004,6,298,2122.46,-1987.51,-208.172,0,0,0,6391.17,6683.08,703.612,7269.86,-658.875,13528.3,1.1837e+14
20230101T000004,6,299,375.07,-313.526,-104.853,0,0,0,203.651,149.387,52.8544,257.487,-44.1817,385.177,8.89209e+22
20230101T000004,6,300,6516.07,-1679.61,-1227.56,0,0,0,6832.68,16913.4,12787.3,68088.7,-3296.11,72450.5,2.13607e+14
20230101T000004,6,301,5261.27,-2200.17,1132.27,0,0,0,9543.57,17769.1,-9520.2,44604,3981.19,52037.1,1.37437e+14
20230101T000004,6,302,4435.06,-1939.3,-350.849,0,0,0,6236.22,13665.8,2485.43,31513.5,-1086.79,37489.4,1.07801e+14
20230101T000004,6,303,4149.8,-365.57,-404.828,0,0,0,536.937,2398.8,2681.8,27555.9,-236.248,27767.8,1.47488e+14
20230101T000004,6,304,1564.69,823.94,155.238,0,0,0,1166.11,-2020.66,-383.706,3939.38,-202.053,5003.91,1.20071e+14
20230101T000004,6,305,530.376,202.67,50.3687,0,0,0,124.671,-149.459,-37.4809,458.687,-14.3223,516.298,3.88665e+14
20230101T000004,6,306,2582.95,2471.28,241.734,0,0,0,9853.66,-10134.6,-995.904,10749.7,-952.849,20446.5,7.54145e+13
20230101T000004,6,307,5159.54,3994.69,533.289,0,0,0,25856.3,-32726.2,-4398.33,42787.7,-3405.34,68125.8,1.11669e+14
20230101T000004,4,252,386.431,-307.995,-104.751,-3.59886,-6.16001,-0.063035,139.752,111.928,49.8069,267.217,-28.9548,333.022,0
20230101T000004,3,267,2516.06,-3442.06,409.369,0,0,0,2500,0,0,2500,0,2500,0
20230101T000004,3,268,2122.46,-1987.51,-208.172,0,0,0,2500,0,0,2500,0,2500,0
20230101T000004,3,269,6516.07,-1679.61,-1227.56,0,0,0,2500,0,0,2500,0,2500,0
20230101T000004,3,270,5261.27,-2200.17,1132.27,0,0,0,2500,0,0,2500,0,2500,0
20230101T000004,3,271,4435.06,-1939.3,-350.849,0,0,0,2500,0,0,2500,0,2500,0
20230101T000004,3,272,4149.8,-365.57,-404.828,0,0,0,2500,0,0,2500,0,2500,0
20230101T000004,3,273,1564.69,823.94,155.238,0,0,0,2500,0,0,2500,0,2500,0
20230101T000004,3,274,530.376,202.67,50.3687,0,0,0,2500,0,0,2500,0,2500,0
20230101T000004,3,275,2582.95,2471.28,241.734,0,0,0,2500,0,0,2500,0,2500,0
20230101T000004,3,276,5159.54,3994.69,533.289,0,0,0,2500,0,0,2500,0,2500,0
20230101T000004.100000,6,308,1982.27,-1381.46,-224.971,0,0,0,3150.71,4313.74,708.679,6334.26,-493.884,9341.09,3.79117e+14
20230101T000004.100000,6,309,1664.04,-2422.57,-584.7,0,0,0,9585.24,6165.98,1549.8,4843.91,-2256.27,13823,2.90679e+14
20230101T000004.100000,6,310,5635.06,-7981.75,147.446,0,0,0,101966,71917.7,-1328.83,50872.1,1882.22,152740,1.73824e+14
20230101T000004.100000,6,311,2186.76,-1290.77,-81.9796,0,0,0,2721.11,4483.46,285.054,7670.38,-168.257,10316.9,1.29178e+14
20230101T000004.100000,6,312,8528.65,-1832.95,-1960.63,0,0,0,11312.7,23736.1,26741.1,116655,-5747.11,121759,1.75575e+14
20230101T000004.100000,6,313,6174.57,-2170.43,163.409,0,0,0,7632.2,21409,-1612.86,61012.2,566.939,68537.8,1.61495e+14
20230101T000004.100000,6,314,6757.3,815.163,130.732,0,0,0,1153.2,-8802.42,-1412.21,73059,-170.361,74120.9,1.4238e+14
20230101T000004.100000,6,315,5028.39,3375.12,-474.878,0,0,0,18518.9,-26957.9,3816.45,40587.3,2561.66,58682.2,4.22495e+14
20230101T000004.100000,6,316,321.972,382.227,-16.172,0,0,0,260.466,-165.198,6.99826,203.508,8.30794,399.689,1.4075e+26
20230101T000004.100000,6,317,5481.51,5731.75,513.644,0,0,0,52796.8,-50027.1,-4502.02,48328.9,-4707.55,100640,1.36617e+15
20230101T000004.100000,6,318,5856.51,5628.74,248.908,0,0,0,50777.1,-52662.2,-2330.96,54956.3,-2240.3,105570,1.43875e+15
20230101T000004.100000,4,263,327.552,383.699,-16.9591,-16.5694,-1.33584,3.25849,237.316,-183.789,16.006,258.416,15.1135,431.923,0
20230101T000004.100000,3,277,1982.27,-1381.46,-224.971,0,0,0,2500,0,0,2500,0,2500,0
20230101T000004.100000,3,278,1664.04,-2422.57,-584.7,0,0,0,2500,0,0,2500,0,2500,0
20230101T000004.100000,3,279,5635.06,-7981.75,147.446,0,0,0,2500,0,0,2500,0,2500,0
20230101T000004.100000,3,280,2186.76,-1290.77,-81.9796,0,0,0,2500,0,0,2500,0,2500,0
20230101T000004.100000,3,281,8528.65,-1832.95,-1960.63,0,0,0,2500,0,0,2500,0,2500,0
20230101T000004.100000,3,282,6174.57,-2170.43,163.409,0,0,0,2500,0,0,2500,0,2500,0
20230101T000004.100000,3,283,6757.3,815.163,130.732,0,0,0,2500,0,0,2500,0,2500,0
20230101T000004.100000,3,284,5028.39,3375.12,-474.878,0,0,0,2500,0,0,2500,0,2500,0
20230101T000004.100000,3,285,5481.51,5731.75,513.644,0,0,0,2500,0,0,2500,0,2500,0
20230101T000004.100000,3,286,5856.51,5628.74,248.908,0,0,0,2500,0,0,2500,0,2500,0
20230101T000004.200000,6,319,9227.8,-7542.93,920.83,0,0,0,91884.7,110672,-13591.8,136813,11110.1,227277,2.46486e+14
20230101T000004.200000,6,320,4450.38,-5310.86,-1395.41,0,0,0,46439,36252.6,9928.25,33555.8,-11847.9,76820.3,2.17262e+14
20230101T000004.200000,6,321,7352.92,-6193.42,-466.004,0,0,0,61614.1,72660.9,5480.01,86675.3,-4615.86,147878,8.64084e+13
20230101T000004.200000,6,322,8491.78,-4489.5,612.349,0,0,0,32767.7,60724,-8316.3,115522,4396.73,147626,8.3855e+13
20230101T000004.200000,6,323,5025.74,-1894.02,1130,0,0,0,7582.29,14535.7,-9074.46,40674.7,3419.83,46155.3,1.65992e+14
20230101T000004.200000,6,324,8311.05,1240.04,-531.777,0,0,0,2965.28,-16414.3,7067.4,110529,1054.48,112978,1.89683e+14
20230101T000004.200000,6,325,381.518,322.756,-17.0016,0,0,0,204.203,-165.27,8.71783,259.748,7.3751,399.637,6.26754e+25
20230101T000004.200000,6,326,4604.62,6029.87,187.733,0,0,0,58219.2,-44366.3,-1382.14,34000,-1809.95,92098.9,5.3594e+14
20230101T000004.200000,6,327,4449.73,4380.61,-569.511,0,0,0,30999.4,-30896.9,4050.55,31966.8,3987.63,62384.3,8.81471e+14
20230101T000004.200000,4,263,357.226,352.039,-16.7131,6.75229,-21.331,3.05776,132.882,-88.531,5.95351,119.971,5.31939,218.112,0
20230101T000004.200000,3,287,9227.8,-7542.93,920.83,0,0,0,2500,0,0,2500,0,2500,0
20230101T000004.200000,3,288,4450.38,-5310.86,-1395.41,0,0,0,2500,0,0,2500,0,2500,0
20230101T000004.200000,3,289,7352.92,-6193.42,-466.004,0,0,0,2500,0,0,2500,0,2500,0
20230101T000004.200000,3,290,8491.78,-4489.5,612.349,0,0,0,2500,0,0,2500,0,2500,0
20230101T000004.200000,3,291,5025.74,-1894.02,1130,0,0,0,2500,0,0,2500,0,2500,0
20230101T000004.200000,3,292,8311.05,1240.04,-531.777,0,0,0,2500,0,0,2500,0,2500,0
20230101T000004.200000,3,293,4604.62,6029.87,187.733,0,0,0,2500,0,0,2500,0,2500,0
20230101T000004.200000,3,294,4449.73,4380.61,-569.511,0,0,0,2500,0,0,2500,0,2500,0
20230101T000004.300000,6,328,6414.45,-6010.67,262.044,0,0,0,57897.6,61601.6,-2688,65913.6,2518.79,123637,1.15989e+14
20230101T000004.300000,6,329,6009.2,-5596.4,-459.37,0,0,0,50326.5,53607.6,4414.1,57963.2,-4110.87,107888,9.98902e+13
20230101T000004.300000,6,330,5060.42,-6483.97,1156.5,0,0,0,68100.9,51430.2,-9358.39,42341.4,11991,108241,2.05019e+14
20230101T000004.300000,6,331,9515.72,-3015.89,-148.45,0,0,0,14643.1,45888.8,2259.27,144887,-716.047,159431,2.00933e+14
20230101T000004.300000,6,332,8094.02,-2885.22,1108.95,0,0,0,15120.9,36722.6,-14353.8,105050,5116.59,118141,1.46378e+14
20230101T000004.300000,6,333,433.34,248.852,-17.2503,0,0,0,147.513,-144.729,10.0468,316.424,5.76953,399.614,9.08056e+25
20230101T000004.300000,4,274,444.964,249.904,-14.3171,-23.508,13.0004,-17.8035,112.373,-122.789,-30.7538,386.785,-11.7518,433.651,0
20230101T000004.300000,3,295,6414.45,-6010.67,262.044,0,0,0,2500,0,0,2500,0,2500,0
20230101T000004.300000,3,296,6009.2,-5596.4,-459.37,0,0,0,2500,0,0,2500,0,2500,0
20230101T000004.300000,3,297,5060.42,-6483.97,1156.5,0,0,0,2500,0,0,2500,0,2500,0
20230101T000004.300000,3,298,9515.72,-3015.89,-148.45,0,0,0,2500,0,0,2500,0,2500,0
20230101T000004.300000,3,299,8094.02,-2885.22,1108.95,0,0,0,2500,0,0,2500,0,2500,0
20230101T000004.400000,6,334,7571.97,-8013.9,1997.32,0,0,0,105796,93872.4,-24190.2,95140.6,25602,194494,1.81381e+14
20230101T000004.400000,6,335,7749.03,-5199.58,-24.8527,0,0,0,43301.9,64436.7,307.993,96096.2,-206.663,139333,1.2069e+14
20230101T000004.400000,6,336,3063.97,-1145.72,-122.859,0,0,0,2177.55,5587.85,600.05,15031.5,-224.379,17121,2.39393e+14
20230101T000004.400000,6,337,9530.92,-3598.29,390.553,0,0,0,20985.9,54770.3,-5953.44,145380,2247.65,166058,2.29342e+14
20230101T000004.400000,6,338,4476.6,395.322,-90.4501,0,0,0,326.514,-2824.76,646.572,32064.5,57.0977,32314,8.86059e+14
20230101T000004.400000,6,339,3160.9,1427.91,56.1623,0,0,0,3319.64,-7195.69,-283.093,15997.7,-127.885,19248.4,2.59538e+15
20230101T000004.400000,6,340,469.347,171.511,-17.2178,0,0,0,103.878,-108.036,10.861,360.045,3.96887,399.6,1.20561e+26
20230101T000004.400000,6,341,7635.28,2980.65,437.922,0,0,0,14536.4,-36287.4,-5346.67,93325,-2087.22,107491,1.29704e+15
20230101T000004.400000,6,342,5497.68,4204.19,-90.036,0,0,0,28328.9,-36944.1,791.322,48387.6,605.14,76639.5,4.07198e+14
20230101T000004.400000,4,274,458.399,207.752,-16.4331,-13.4585,-19.3853,-18.1915,72.17,-70.743,-4.9147,182.146,2.7862,219.567,0
20230101T000004.400000,3,300,7571.97,-8013.9,1997.32,0,0,0,2500,0,0,2500,0,2500,0
20230101T000004.400000,3,301,7749.03,-5199.58,-24.8527,0,0,0,2500,0,0,2500,0,2500,0
20230101T000004.400000,3,302,3063.97,-1145.72,-122.859,0,0,0,2500,0,0,2500,0,2500,0
20230101T000004.400000,3,303,9530.92,-3598.29,390.553,0,0,0,2500,0,0,2500,0,2500,0
20230101T000004.400000,3,304,4476.6,395.322,-90.4501,0,0,0,2500,0,0,2500,0,2500,0
20230101T000004.400000,3,305,3160.9,1427.91,56.1623,0,0,0,2500,0,0,2500,0,2500,0
20230101T000004.400000,3,306,7635.28,2980.65,437.922,0,0,0,2500,0,0,2500,0,2500,0
20230101T000004.400000,3,307,5497.68,4204.19,-90.036,0,0,0,2500,0,0,2500,0,2500,0
20230101T000004.500000,6,343,7330.19,-4540.56,-1000.78,0,0,0,34190.4,52507.4,11731.2,86432.5,-7266.69,118958,1.14294e+14
20230101T000004.500000,6,344,5907.26,-7587.82,695.694,0,0,0,92436.4,71310.9,-6572.6,56354.9,8442.45,147954,1.09538e+14
20230101T000004.500000,6,345,491.921,87.6305,-18.2041,0,0,0,74.7498,-57.8446,12.0355,389.161,2.14399,399.55,1.54746e+26
20230101T000004.500000,6,346,5051.06,1926.13,-109.118,0,0,0,6008.45,-15538.8,880.655,40831.6,335.822,46757.1,1.03122e+15
20230101T000004.500000,6,347,8926.38,6161.61,-2.74968,0,0,0,60788.2,-87971.6,39.2582,127509,27.0987,188233,6.80496e+14
20230101T000004.500000,3,308,7330.19,-4540.56,-1000.78,0,0,0,2500,0,0,2500,0,2500,0
20230101T000004.500000,3,309,5907.26,-7587.82,695.694,0,0,0,2500,0,0,2500,0,2500,0
20230101T000004.500000,3,310,491.921,87.6305,-18.2041,0,0,0,2500,0,0,2500,0,2500,0
20230101T000004.500000,3,311,5051.06,1926.13,-109.118,0,0,0,2500,0,0,2500,0,2500,0
20230101T000004.500000,3,312,8926.39,6161.62,-2.74968,0,0,0,2500,0,0,2500,0,2500,0
20230101T000004.600000,6,348,2085.56,-2262.75,-69.2567,0,0,0,8224.99,7514.86,230.127,6998.02,-249.679,15151.4,1.77039e+14
20230101T000004.600000,6,349,6680.99,-7254.39,-886.317,0,0,0,84807.7,76888.4,9470.49,72131.4,-10283.3,155619,2.0662e+14
20230101T000004.600000,6,350,4063.24,-3411.51,461.316,0,0,0,18858.4,21979.9,-2994.87,26582.9,2514.51,45037.8,1.01607e+14
20230101T000004.600000,6,351,6544.1,-3225.72,-53.3103,0,0,0,16703.6,33748,557.769,68533.8,-274.936,85168.9,4.00056e+14
20230101T000004.600000,6,352,499.682,2.14595,-17.6302,0,0,0,64.4239,-1.43902,11.8399,399.492,0.050848,399.578,6.90995e+25
20230101T000004.600000,6,353,7000.65,2327.31,52.422,0,0,0,8727.81,-26047.9,-586.75,78421.4,-195.061,87080.9,2.29148e+14
20230101T000004.600000,6,354,5397.79,1826.3,-976.975,0,0,0,6762.68,-15290.3,8427.52,46781.2,2851.38,51956.3,4.0242e+14
20230101T000004.600000,6,355,4697.68,4011.74,-862.871,0,0,0,26475.7,-29534.1,6478.92,35838,5532.89,61060.9,1.37053e+14
20230101T000004.600000,6,356,3814.75,3284.27,561.146,0,0,0,17583.9,-19765.5,-3419.67,23525.1,-2944.13,40542.8,1.34367e+14
20230101T000004.600000,4,310,504.952,14.5825,-17.7087,1.29021,-7.2325,0.0490522,71.4698,-48.7087,10.1328,336.224,1.80505,344.921,0
20230101T000004.600000,3,313,2085.56,-2262.75,-69.2567,0,0,0,2500,0,0,2500,0,2500,0
20230101T000004.600000,3,314,6680.99,-7254.39,-886.317,0,0,0,2500,0,0,2500,0,2500,0
20230101T000004.600000,3,315,4063.24,-3411.51,461.316,0,0,0,2500,0,0,2500,0,2500,0
20230101T000004.600000,3,316,6544.1,-3225.72,-53.3103,0,0,0,2500,0,0,2500,0,2500,0
20230101T000004.600000,3,317,7000.65,2327.31,52.422,0,0,0,2500,0,0,2500,0,2500,0
20230101T000004.600000,3,318,5397.79,1826.3,-976.975,0,0,0,2500,0,0,2500,0,2500,0
20230101T000004.600000,3,319,4697.68,4011.74,-862.871,0,0,0,2500,0,0,2500,0,2500,0
20230101T000004.600000,3,320,3814.75,3284.27,561.146,0,0,0,2500,0,0,2500,0,2500,0
20230101T000004.700000,6,357,3779.05,-1059.83,22.8022,0,0,0,1857.29,6391.39,-137.515,22854.7,38.5659,24647.2,1.29137e+15
20230101T000004.700000,6,358,492.209,-86.4039,-16.2047,0,0,0,74.3742,57.087,10.7198,389.555,-1.8818,399.643,9.1909e+25
20230101T000004.700000,6,359,8624.8,-1540.46,-543.751,0,0,0,4317.04,21164.9,7499.7,119036,-1339.51,122817,1.0125e+15
20230101T000004.700000,6,360,492.024,-87.3968,-16.5889,0,0,0,74.6221,57.7179,10.9699,389.308,-1.94855,399.631,9.07766e+25
20230101T000004.700000,6,361,7038.84,2111.65,428.846,0,0,0,7463.01,-23683.2,-4826.16,79302,-1447.85,86407.2,2.15879e+14
20230101T000004.700000,6,362,7548.68,2203.22,-1033.64,0,0,0,9399.95,-26133.6,12476.3,91311.2,3641.43,98939.9,2.28663e+14
20230101T000004.700000,6,363,1111.93,855.955,291.392,0,0,0,1296.09,-1427.5,-508.319,2051.62,-391.298,3153.14,2.94367e+14
20230101T000004.700000,6,364,1210.41,1415.83,401.372,0,0,0,3342,-2584.47,-768.757,2528.41,-899.223,5554.33,2.29699e+14
20230101T000004.700000,6,365,6594.46,5310.11,-186.987,0,0,0,45188.4,-55969.1,1971.83,69626.1,1587.79,114695,9.1653e+13
20230101T000004.700000,4,317,6987.44,2316.46,62.9492,-1.3079,-1.07448,1.0423,300.52,-715.858,-16.1245,2215.87,-5.36046,2453.73,0
20230101T000004.700000,3,321,3779.05,-1059.83,22.8022,0,0,0,2500,0,0,2500,0,2500,0
20230101T000004.700000,3,322,492.209,-86.4039,-16.2047,0,0,0,2500,0,0,2500,0,2500,0
20230101T000004.700000,3,323,8624.8,-1540.46,-543.751,0,0,0,2500,0,0,2500,0,2500,0
20230101T000004.700000,3,324,492.024,-87.3968,-16.5889,0,0,0,2500,0,0,2500,0,2500,0
20230101T000004.700000,3,325,7548.68,2203.22,-1033.64,0,0,0,2500,0,0,2500,0,2500,0
20230101T000004.700000,3,326,1111.93,855.955,291.392,0,0,0,2500,0,0,2500,0,2500,0
20230101T000004.700000,3,327,1210.41,1415.83,401.372,0,0,0,2500,0,0,2500,0,2500,0
20230101T000004.700000,3,328,6594.46,5310.11,-186.987,0,0,0,2500,0,0,2500,0,2500,0
20230101T000004.800000,6,366,469.693,-170.686,-15.9575,0,0,0,103.45,107.618,10.0734,360.484,-3.66067,399.658,2.80742e+24
20230101T000004.800000,6,367,7608.51,-1342.09,-810.995,0,0,0,3963.92,16147.3,9866.2,92656.7,-1740.34,95505.6,3.33564e+14
20230101T000004.800000,6,368,2685.99,1447.05,-606.179,0,0,0,3853.74,-5947.65,2594.34,11689.4,1397.68,14896.1,1.60773e+14
20230101T000004.800000,6,369,9237.82,4998.89,-132.126,0,0,0,40053.4,-73847.7,1952.19,136561,1056.39,176522,1.34914e+14
20230101T000004.800000,6,370,2832.62,1849.13,178.919,0,0,0,5551.54,-8327.98,-808.071,12872.4,-527.508,18309.1,2.05067e+14
20230101T000004.800000,6,371,1365.06,1384.23,199.69,0,0,0,3128.44,-2959.73,-431.574,3045.87,-437.636,6047.84,2.33895e+14
20230101T000004.800000,6,372,2234.83,3317.09,-230.962,0,0,0,17651.5,-11791.9,823.797,8093.69,1222.74,25596.2,1.7054e+14
20230101T000004.800000,6,373,8485.73,6149,-725.197,0,0,0,61089.9,-83056,9842.55,115524,7132.2,175709,1.22785e+14
20230101T000004.800000,4,324,479.004,-160.792,-16.0438,-1.28902,-7.26685,0.0539648,71.3621,48.6005,9.23563,336.339,-1.6405,344.988,0
20230101T000004.800000,4,327,1280.83,1434.49,349.402,6.9719,1.84767,-5.14552,1060.89,-789.211,-227.15,812.447,-265.7,1684.69,0
20230101T000004.800000,3,329,7608.51,-1342.09,-810.995,0,0,0,2500,0,0,2500,0,2500,0
20230101T000004.800000,3,330,2685.99,1447.05,-606.179,0,0,0,2500,0,0,2500,0,2500,0
20230101T000004.800000,3,331,9237.82,4998.89,-132.126,0,0,0,2500,0,0,2500,0,2500,0
20230101T000004.800000,3,332,2832.62,1849.13,178.919,0,0,0,2500,0,0,2500,0,2500,0
20230101T000004.800000,3,333,2234.83,3317.09,-230.962,0,0,0,2500,0,0,2500,0,2500,0
20230101T000004.800000,3,334,8485.73,6149,-725.197,0,0,0,2500,0,0,2500,0,2500,0
20230101T000004.900000,6,374,1551.59,-1214.34,-35.0451,0,0,0,2400.28,2982.64,86.1049,3876.96,-67.389,6211.31,8.25236e+14
20230101T000004.900000,6,375,6159.55,-6499.09,-1347.21,0,0,0,68984.9,62569.2,13270.6,62266.8,-14002.2,128287,2.68395e+14
20230101T000004.900000,6,376,1755.48,-643.758,-107.576,0,0,0,735.629,1781.57,298.71,4940.5,-109.541,5594.04,7.2215e+14
20230101T000004.900000,6,377,432.947,-249.632,-16.6264,0,0,0,148.016,145.068,9.67483,315.97,-5.57838,399.685,1.23173e+24
20230101T000004.900000,6,378,9480.96,-4449.27,-1000.8,0,0,0,33038.8,66852.6,15176.2,144122,-7121.95,175496,3.44666e+14
20230101T000004.900000,6,379,6909,-2171.93,-884.186,0,0,0,8743.42,23633.5,9766.8,76493.1,-3070.32,83923.5,2.73006e+14
20230101T000004.900000,6,380,2897.66,374.12,-239.151,0,0,0,376.486,-1714.82,1103.6,13436.8,142.488,13658.6,1.39812e+14
20230101T000004.900000,6,381,3809.97,-157.901,326.714,0,0,0,273.811,952.86,-1986.19,23225.7,82.316,23265.7,1.23192e+14
20230101T000004.900000,6,382,11749.6,-2108.14,-887.231,0,0,0,8392.68,39401.9,16674.8,220928,-2991.82,227998,6.48415e+14
20230101T000004.900000,6,383,2000.08,453.093,72.406,0,0,0,397.248,-1434.37,-229.507,6404.03,-51.992,6729.05,1.3245e+14
20230101T000004.900000,6,384,4748.39,2185.11,-89.6041,0,0,0,7702.94,-16572,679.763,36088.9,312.813,43715,1.88571e+14
20230101T000004.900000,6,385,7955.11,7227.93,-94.1438,0,0,0,83631.6,-91959.5,1197.86,101289,1088.37,184843,1.19967e+14
20230101T000004.900000,3,335,1551.59,-1214.34,-35.0451,0,0,0,2500,0,0,2500,0,2500,0
20230101T000004.900000,3,336,6159.55,-6499.09,-1347.21,0,0,0,2500,0,0,2500,0,2500,0
20230101T000004.900000,3,337,1755.48,-643.758,-107.576,0,0,0,2500,0,0,2500,0,2500,0
20230101T000004.900000,3,338,432.947,-249.632,-16.6264,0,0,0,2500,0,0,2500,0,2500,0
20230101T000004.900000,3,339,9480.96,-4449.27,-1000.8,0,0,0,2500,0,0,2500,0,2500,0
20230101T000004.900000,3,340,6909,-2171.93,-884.186,0,0,0,2500,0,0,2500,0,2500,0
20230101T000004.900000,3,341,2897.66,374.12,-239.151,0,0,0,2500,0,0,2500,0,2500,0
20230101T000004.900000,3,342,3809.97,-157.901,326.714,0,0,0,2500,0,0,2500,0,2500,0
20230101T000004.900000,3,343,11749.6,-2108.14,-887.231,0,0,0,2500,0,0,2500,0,2500,0
20230101T000004.900000,3,344,2000.08,453.093,72.406,0,0,0,2500,0,0,2500,0,2500,0
20230101T000004.900000,3,345,4748.39,2185.11,-89.6041,0,0,0,2500,0,0,2500,0,2500,0
20230101T000004.900000,3,346,7955.11,7227.93,-94.1438,0,0,0,2500,0,0,2500,0,2500,0
20230101T000005,6,386,3278.68,-2313.6,281.345,0,0,0,8691.43,12047.2,-1472.26,17262.9,1038.9,25764.3,2.00361e+14
20230101T000005,6,387,383,-320.983,-16.8153,0,0,0,202.666,165.004,8.65573,261.265,-7.25415,399.623,1.66791e+24
20230101T000005,6,388,3570.7,-4693.83,970.599,0,0,0,35826.7,26060.1,-5538.93,21394,7281.17,55652.8,3.02542e+14
20230101T000005,6,389,7096.36,-6459.52,-1564.59,0,0,0,68936.6,71361.7,17757.1,82376.3,-16163.5,147335,2.31854e+14
20230101T000005,6,390,5869.72,-3818.15,-488.018,0,0,0,23637.8,35655.1,4579.52,55257.9,-2978.9,78451.3,1.57116e+14
20230101T000005,6,391,1981.63,247.591,-156.729,0,0,0,199.411,-772.353,491.974,6284.54,61.4688,6381.44,1.88487e+14
20230101T000005,6,392,2851.92,1927.26,-269.958,0,0,0,6066.65,-8710.62,1227.7,13070,829.653,18956.8,8.80148e+13
20230101T000005,6,393,8090.59,4589.76,-1547.14,0,0,0,36649.9,-57743.7,20018.7,105680,11356.5,138439,1.06134e+14
20230101T000005,6,394,1680.42,2069.98,537.101,0,0,0,7063.47,-5309.54,-1436.28,4833.39,-1769.24,11376.3,1.78851e+14
20230101T000005,6,395,2601.21,2269.03,76.5954,0,0,0,8279.22,-9407.21,-317.716,10857.8,-277.142,19063.7,8.62292e+13
20230101T000005,4,338,395.305,-314.84,-16.7893,-3.72697,-6.45633,-0.0161352,133.161,122.15,8.14516,274.581,-4.69639,345.028,0
20230101T000005,3,347,3278.68,-2313.6,281.345,0,0,0,2500,0,0,2500,0,2500,0
20230101T000005,3,348,3570.7,-4693.83,970.599,0,0,0,2500,0,0,2500,0,2500,0
20230101T000005,3,349,7096.36,-6459.52,-1564.59,0,0,0,2500,0,0,2500,0,2500,0
20230101T000005,3,350,5869.72,-3818.15,-488.018,0,0,0,2500,0,0,2500,0,2500,0
20230101T000005,3,351,1981.63,247.591,-156.729,0,0,0,2500,0,0,2500,0,2500,0
20230101T000005,3,352,2851.92,1927.26,-269.958,0,0,0,2500,0,0,2500,0,2500,0
20230101T000005,3,353,8090.59,4589.76,-1547.14,0,0,0,2500,0,0,2500,0,2500,0
20230101T000005,3,354,1680.42,2069.98,537.101,0,0,0,2500,0,0,2500,0,2500,0
20230101T000005,3,355,2601.21,2269.03,76.5954,0,0,0,2500,0,0,2500,0,2500,0
20230101T000005.100000,6,396,4783.42,-4311.62,-576.246,0,0,0,30072.2,32703,4406.06,36876.4,-3971.48,66354.3,1.21124e+14
20230101T000005.100000,6,397,3939.73,-4140.8,442.414,0,0,0,27613,25913.7,-2785.39,25032.2,2927.55,52268.8,1.28742e+14
20230101T000005.100000,6,398,9906.5,-179.089,446.227,0,0,0,433.652,2831.73,-7070,157022,127.811,157074,2.48032e+14
20230101T000005.100000,6,399,3884.15,1811.81,506.678,0,0,0,5641.44,-11078.2,-3142.06,24223.3,-1465.65,29391.8,2.82728e+14
20230101T000005.100000,6,400,8537.65,4408.18,1255.33,0,0,0,33131.6,-59163.2,-17140.8,117170,-8850.19,147719,3.08819e+14
20230101T000005.100000,6,401,1943.59,2413.28,695.734,0,0,0,9646.96,-7096.57,-2154.97,6550.77,-2675.75,15365.4,1.17726e+15
20230101T000005.100000,6,402,2896.21,2526.73,-8.10848,0,0,0,10251.4,-11676.9,37.4724,13448.5,32.6919,23635.8,4.13609e+14
20230101T000005.100000,6,403,320.051,377.885,69.2152,0,0,0,257.898,-158.769,-29.7733,204.909,-35.1534,393.594,1.37298e+25
20230101T000005.100000,6,404,4875.11,4910.05,180.11,0,0,0,38631.3,-38241.4,-1403.72,38085.1,-1413.78,76600.6,3.4267e+14
20230101T000005.100000,3,356,4783.42,-4311.62,-576.246,0,0,0,2500,0,0,2500,0,2500,0
20230101T000005.100000,3,357,3939.73,-4140.8,442.414,0,0,0,2500,0,0,2500,0,2500,0
20230101T000005.100000,3,358,9906.5,-179.089,446.227,0,0,0,2500,0,0,2500,0,2500,0
20230101T000005.100000,3,359,3884.15,1811.81,506.678,0,0,0,2500,0,0,2500,0,2500,0
20230101T000005.100000,3,360,8537.65,4408.18,1255.33,0,0,0,2500,0,0,2500,0,2500,0
20230101T000005.100000,3,361,1943.59,2413.28,695.734,0,0,0,2500,0,0,2500,0,2500,0
20230101T000005.100000,3,362,2896.21,2526.73,-8.10848,0,0,0,2500,0,0,2500,0,2500,0
20230101T000005.100000,3,363,320.051,377.885,69.2152,0,0,0,2500,0,0,2500,0,2500,0
20230101T000005.100000,3,364,4875.11,4910.05,180.11,0,0,0,2500,0,0,2500,0,2500,0
20230101T000005.200000,6,405,1762.2,-878.43,79.2457,0,0,0,1293.85,2447.23,-221.134,4983.29,110.232,6203.3,1.65708e+14
20230101T000005.200000,6,406,10447.7,-5795.37,-738.051,0,0,0,54453.3,96480.6,12334.1,174868,-6841.74,228386,2.36488e+14
20230101T000005.200000,6,407,4499.58,-1588.46,24.0749,0,0,0,4094.85,11415.5,-173.018,32401.2,61.0796,36431.1,1.44025e+14
20230101T000005.200000,6,408,5056.89,-2653.94,248.014,0,0,0,11396.7,21406.3,-2004.23,40950.4,1051.85,52184.9,1.62086e+14
20230101T000005.200000,6,409,10340.8,1208.11,962.841,0,0,0,3861.17,-19810.3,-15924.7,171114,-1860.46,173429,2.50198e+14
20230101T000005.200000,6,410,7093.51,-402.733,-413.792,0,0,0,596.166,4551.75,4692.68,80509.8,-266.426,80768.4,1.09862e+14
20230101T000005.200000,6,411,381.309,315.368,71.7992,0,0,0,201.249,-157.57,-36.7958,261.445,-30.4326,393.085,6.13247e+25
20230101T000005.200000,4,363,377.747,328.595,71.4465,5.71246,-4.88017,0.220925,226.083,-134.026,-25.0661,181.352,-29.5956,339.903,0
20230101T000005.200000,3,365,1762.2,-878.43,79.2457,0,0,0,2500,0,0,2500,0,2500,0
20230101T000005.200000,3,366,10447.7,-5795.37,-738.051,0,0,0,2500,0,0,2500,0,2500,0
20230101T000005.200000,3,367,4499.58,-1588.46,24.0749,0,0,0,2500,0,0,2500,0,2500,0
20230101T000005.200000,3,368,5056.89,-2653.94,248.014,0,0,0,2500,0,0,2500,0,2500,0
20230101T000005.200000,3,369,10340.8,1208.11,962.841,0,0,0,2500,0,0,2500,0,2500,0
20230101T000005.200000,3,370,7093.51,-402.733,-413.792,0,0,0,2500,0,0,2500,0,2500,0
20230101T000005.300000,6,412,1327.7,-1030.42,315.668,0,0,0,1836.92,2081.78,-661.407,2903.62,513.316,4521.47,2.27514e+14
20230101T000005.300000,6,413,7552.88,-7110.99,106.719,0,0,0,80949.4,85892.4,-1289.18,91312.2,1213.76,172179,1.57899e+14
20230101T000005.300000,6,414,2769.8,-4448.58,-1331.68,0,0,0,32473.3,18414.7,5893.5,14362.9,-9465.56,43942.6,2.88014e+14
20230101T000005.300000,6,415,6079.32,-4258.65,1658.4,0,0,0,32010.5,39327,-16120,60601.6,11292.2,88153.8,2.17836e+14
20230101T000005.300000,6,416,7965.19,-4145.25,-695.282,0,0,0,28151.6,52485.5,8856.52,101689,-4609.11,129004,9.46925e+13
20230101T000005.300000,6,417,8437.16,-4493.52,117.725,0,0,0,32373.8,60624.3,-1588.53,113916,846.029,146204,1.38469e+14
20230101T000005.300000,6,418,7637.52,-1602.9,-456.865,0,0,0,4491.82,19507.5,5579.25,93347.6,-1170.93,97441.9,2.19365e+14
20230101T000005.300000,6,419,428.954,246.595,72.135,0,0,0,150.654,-138.57,-41.5873,312.037,-23.9075,393.029,4.98564e+25
20230101T000005.300000,6,420,4786.79,2290.04,451.094,0,0,0,8707.46,-17387.6,-3450,36733.9,-1650.5,45052.7,6.22559e+14
20230101T000005.300000,3,371,1327.7,-1030.42,315.668,0,0,0,2500,0,0,2500,0,2500,0
20230101T000005.300000,3,372,7552.88,-7110.99,106.719,0,0,0,2500,0,0,2500,0,2500,0
20230101T000005.300000,3,373,2769.8,-4448.58,-1331.68,0,0,0,2500,0,0,2500,0,2500,0
20230101T000005.300000,3,374,6079.32,-4258.65,1658.4,0,0,0,2500,0,0,2500,0,2500,0
20230101T000005.300000,3,375,7965.19,-4145.25,-695.282,0,0,0,2500,0,0,2500,0,2500,0
20230101T000005.300000,3,376,8437.16,-4493.52,117.725,0,0,0,2500,0,0,2500,0,2500,0
20230101T000005.300000,3,377,7637.52,-1602.9,-456.865,0,0,0,2500,0,0,2500,0,2500,0
20230101T000005.300000,3,378,428.954,246.595,72.135,0,0,0,2500,0,0,2500,0,2500,0
20230101T000005.300000,3,379,4786.79,2290.04,451.094,0,0,0,2500,0,0,2500,0,2500,0
20230101T000005.400000,6,421,3932.21,-4321.53,486.159,0,0,0,30081,26969.2,-3055.13,24981.3,3357.61,54621.1,8.18783e+13
20230101T000005.400000,6,422,6472.74,-5322.04,632.095,0,0,0,45738,54772.3,-6542.5,67317.6,5379.4,112353,9.67465e+13
20230101T000005.400000,6,423,8763.45,-1559.42,-648.672,0,0,0,4605.14,21738.3,9090.8,122900,-1617.67,126768,1.26385e+14
20230101T000005.400000,6,424,5233.32,-984.709,-61.9435,0,0,0,1619.18,8232.54,517.941,43822.7,-97.4566,45371.7,1.16819e+14
20230101T000005.400000,6,425,465.56,168.274,70.2827,0,0,0,107.783,-102.765,-43.9769,354.956,-15.8952,393.364,6.21142e+25
20230101T000005.400000,6,426,6931.99,4436.32,1119.73,0,0,0,32957.3,-48264.7,-12411.9,77485.1,-7943.33,108375,4.80256e+14
20230101T000005.400000,4,357,4022.56,-4237.01,453.861,22.7978,-26.4781,3.15071,1396.26,1254.64,-134.089,1271.3,140.933,2575.68,0
20230101T000005.400000,4,378,466.485,181.754,70.5362,3.71592,-6.41991,-0.158294,135.568,-117.002,-35.0124,271.832,-20.1278,339.428,0
20230101T000005.400000,3,380,6472.74,-5322.04,632.095,0,0,0,2500,0,0,2500,0,2500,0
20230101T000005.400000,3,381,8763.45,-1559.42,-648.672,0,0,0,2500,0,0,2500,0,2500,0
20230101T000005.400000,3,382,5233.32,-984.709,-61.9435,0,0,0,2500,0,0,2500,0,2500,0
20230101T000005.400000,3,383,6931.99,4436.32,1119.73,0,0,0,2500,0,0,2500,0,2500,0
20230101T000005.500000,6,427,1366.95,-1365.85,-147.919,0,0,0,3034.24,2937.96,320.071,3038.94,-319.815,5974.92,1.88449e+14
20230101T000005.500000,6,428,5388.75,-6103.01,-1274.34,0,0,0,60760.4,51300,10980.9,47957,-12436.4,106058,1.35351e+14
20230101T000005.500000,6,429,10715.1,-1801.48,-1439.71,0,0,0,8478.94,30332.4,24674.4,183795,-4148.39,188896,4.90153e+14
20230101T000005.500000,6,430,10174.1,-1701.46,-1102.45,0,0,0,6585.21,27370.7,17939.7,165676,-3000.11,170254,2.65299e+14
20230101T000005.500000,6,431,8985.81,-1644.42,160.333,0,0,0,4428.28,23623.7,-2304.05,129195,421.645,133518,3.14151e+14
20230101T000005.500000,6,432,5742.71,-1324.62,-154.613,0,0,0,2904.45,12148.7,1419,52771.1,-327.309,55573.4,1.16312e+14
20230101T000005.500000,6,433,4537.46,709.826,0.777681,0,0,0,868.637,-5143.52,-5.63521,32943.2,-0.881554,33747.9,4.03312e+14
20230101T000005.500000,6,434,487.442,84.6788,72.228,0,0,0,80.4039,-54.0667,-47.3176,382.239,-8.22005,392.967,1.65042e+25
20230101T000005.500000,6,435,6426.79,-534.264,-61.3814,0,0,0,526.243,5487.99,630.569,66086.3,-52.4198,66542.5,4.18222e+14
20230101T000005.500000,6,436,2835.25,2934.57,-244.181,0,0,0,13855.6,-13232.8,1105.05,12944.2,1143.76,26640.8,2.37515e+14
20230101T000005.500000,6,437,2909.89,3876.94,-235.94,0,0,0,24104.1,-17976.9,1096.63,13645.8,1461.08,37597.1,1.88246e+14
20230101T000005.500000,3,384,1366.95,-1365.85,-147.919,0,0,0,2500,0,0,2500,0,2500,0
20230101T000005.500000,3,385,5388.75,-6103.01,-1274.34,0,0,0,2500,0,0,2500,0,2500,0
20230101T000005.500000,3,386,10715.1,-1801.48,-1439.71,0,0,0,2500,0,0,2500,0,2500,0
20230101T000005.500000,3,387,10174.1,-1701.46,-1102.45,0,0,0,2500,0,0,2500,0,2500,0
20230101T000005.500000,3,388,8985.81,-1644.42,160.333,0,0,0,2500,0,0,2500,0,2500,0
20230101T000005.500000,3,389,5742.71,-1324.62,-154.613,0,0,0,2500,0,0,2500,0,2500,0
20230101T000005.500000,3,390,4537.46,709.826,0.777681,0,0,0,2500,0,0,2500,0,2500,0
20230101T000005.500000,3,391,487.442,84.6788,72.228,0,0,0,2500,0,0,2500,0,2500,0
20230101T000005.500000,3,392,6426.79,-534.264,-61.3814,0,0,0,2500,0,0,2500,0,2500,0
20230101T000005.500000,3,393,2835.25,2934.57,-244.181,0,0,0,2500,0,0,2500,0,2500,0
20230101T000005.500000,3,394,2909.89,3876.94,-235.94,0,0,0,2500,0,0,2500,0,2500,0
20230101T000005.600000,6,438,5749.87,-1754.57,873.001,0,0,0,6098.5,15783.8,-8022.73,53006.8,2448.13,57824.6,3.31778e+14
20230101T000005.600000,6,439,495.227,0.133386,68.9695,0,0,0,70.3932,-0.08673,-45.9053,392.4,-0.0123643,393.617,2.22439e+25
20230101T000005.600000,6,440,8906.83,-1627.17,1339.02,0,0,0,7073.01,22670.4,-19073.2,127025,3484.44,131168,8.26642e+14
20230101T000005.600000,6,441,6104.2,-1379.42,1558.46,0,0,0,6799.09,12623.9,-15206.4,59809.7,3436.32,62666.2,9.36976e+14
20230101T000005.600000,6,442,4819.42,140.824,1194.42,0,0,0,2372.66,-1017.51,-9195.36,37165,-268.69,37198.4,4.29157e+14
20230101T000005.600000,6,443,5457.52,578.893,1125.61,0,0,0,2601.55,-4835.83,-9816.31,47678.5,-1041.24,48194.1,5.43273e+14
20230101T000005.600000,6,444,8669.27,2212.79,-424.759,0,0,0,8165.25,-30608.7,5888.82,120272,1503.09,128084,3.37871e+14
20230101T000005.600000,6,445,3588,4100.07,509.393,0,0,0,27104.5,-23300.5,-2920.42,20869,-3337.21,47495.4,1.69159e+14
20230101T000005.600000,4,391,500.455,12.2819,69.4169,1.28844,-7.16802,-0.278327,76.2518,-45.6527,-39.8374,331.114,-6.92058,339.38,0
20230101T000005.600000,3,395,5749.87,-1754.57,873.001,0,0,0,2500,0,0,2500,0,2500,0
20230101T000005.600000,3,396,8906.83,-1627.17,1339.02,0,0,0,2500,0,0,2500,0,2500,0
20230101T000005.600000,3,397,6104.2,-1379.42,1558.46,0,0,0,2500,0,0,2500,0,2500,0
20230101T000005.600000,3,398,4819.42,140.824,1194.42,0,0,0,2500,0,0,2500,0,2500,0
20230101T000005.600000,3,399,5457.52,578.893,1125.61,0,0,0,2500,0,0,2500,0,2500,0
20230101T000005.600000,3,400,8669.27,2212.79,-424.759,0,0,0,2500,0,0,2500,0,2500,0
20230101T000005.600000,3,401,3588,4100.07,509.393,0,0,0,2500,0,0,2500,0,2500,0
20230101T000005.700000,6,446,3236.07,-2493.37,536.875,0,0,0,10275.9,12656.6,-2773.24,16950.7,2136.76,26703.6,4.33168e+14
20230101T000005.700000,6,447,3821.29,-2604.07,680.859,0,0,0,11399.2,15547.1,-4155.19,23618.7,2831.62,34214.9,3.70924e+14
20230101T000005.700000,6,448,7397.57,-4744.05,-334.638,0,0,0,36181.9,56040.7,3958.76,87629.3,-2538.75,123568,1.89126e+14
20230101T000005.700000,6,449,4034.02,-2518.24,-5.90031,0,0,0,10192.5,16225,38.0158,26055.2,-23.7314,36183.7,1.66706e+14
20230101T000005.700000,6,450,8873.71,-2302.87,2207.1,0,0,0,15844,30786.2,-31322.1,126484,8128.58,134477,7.43194e+14
20230101T000005.700000,6,451,3667.11,-130.16,829.759,0,0,0,1188.13,722.487,-4854.74,21517.7,172.314,21546.5,9.29883e+14
20230101T000005.700000,6,452,10116.5,358.056,1672.94,0,0,0,4739.71,-5635.16,-27068.7,163756,-958.045,163958,9.43779e+14
20230101T000005.700000,6,453,487.861,-85.102,68.9238,0,0,0,79.8939,54.5134,-45.1923,382.892,7.88331,393.617,2.50806e+25
20230101T000005.700000,6,454,6786.99,6759.68,1094.65,0,0,0,74103.4,-72414.4,-11881.8,74687.4,-11834,146811,9.98911e+13
20230101T000005.700000,3,402,3236.07,-2493.37,536.875,0,0,0,2500,0,0,2500,0,2500,0
20230101T000005.700000,3,403,3821.29,-2604.07,680.859,0,0,0,2500,0,0,2500,0,2500,0
20230101T000005.700000,3,404,7397.57,-4744.05,-334.638,0,0,0,2500,0,0,2500,0,2500,0
20230101T000005.700000,3,405,4034.02,-2518.24,-5.90031,0,0,0,2500,0,0,2500,0,2500,0
20230101T000005.700000,3,406,8873.71,-2302.87,2207.1,0,0,0,2500,0,0,2500,0,2500,0
20230101T000005.700000,3,407,3667.11,-130.16,829.759,0,0,0,2500,0,0,2500,0,2500,0
20230101T000005.700000,3,408,10116.5,358.056,1672.94,0,0,0,2500,0,0,2500,0,2500,0
20230101T000005.700000,3,409,487.861,-85.102,68.9238,0,0,0,2500,0,0,2500,0,2500,0
20230101T000005.700000,3,410,6786.99,6759.68,1094.65,0,0,0,2500,0,0,2500,0,2500,0
20230101T000005.800000,6,455,1748.99,-1662.12,475.38,0,0,0,4642.6,4439.93,-1321.5,5095.15,1255.86,9316.95,5.04346e+14
20230101T000005.800000,6,456,9399.55,-3315.34,2064.89,0,0,0,23708.2,47701.1,-31042.5,142124,10949.1,158951,7.08415e+14
20230101T000005.800000,6,457,465.814,-167.897,69.6013,0,0,0,107.507,102.641,-43.5747,355.28,15.706,393.515,9.04472e+24
20230101T000005.800000,6,458,7250.48,-2470.09,-410.959,0,0,0,10061.5,28553,4764.19,84145.8,-1623.06,93873.4,3.04753e+14
20230101T000005.800000,6,459,8416.89,-3336.33,134.478,0,0,0,17890.1,44898.6,-1810.14,113363,717.513,131160,4.00194e+14
20230101T000005.800000,6,460,5910.54,-3622.97,-1099.84,0,0,0,22453.7,33371.8,10392.6,56440.7,-6370.32,76898.2,3.30665e+14
20230101T000005.800000,6,461,4885.91,-645.252,620.408,0,0,0,1333.38,4956.11,-4842.15,38207,639.473,38862.5,3.90583e+14
20230101T000005.800000,6,462,2265.16,511.771,-175.725,0,0,0,526.607,-1830.49,632.175,8215.04,142.828,8628.97,1.79333e+14
20230101T000005.800000,6,463,10816.9,3840.06,-276.605,0,0,0,23759.2,-66401.2,4785.76,187229,1698.97,210802,1.72261e+14
20230101T000005.800000,6,464,1721.16,2005.97,-246.35,0,0,0,6506.34,-5444.8,674.56,4832.29,786.183,11178.6,8.0232e+13
20230101T000005.800000,6,465,5144.82,6586.76,467.982,0,0,0,69573.6,-54019.4,-3850.09,42608,-4929.16,111768,9.23934e+13
20230101T000005.800000,4,409,475.035,-158.241,69.5089,-1.26985,-7.24146,0.0579347,75.8204,46.0172,-38.0478,331.594,6.63702,339.925,0
20230101T000005.800000,3,411,1748.99,-1662.12,475.381,0,0,0,2500,0,0,2500,0,2500,0
20230101T000005.800000,3,412,9399.55,-3315.34,2064.89,0,0,0,2500,0,0,2500,0,2500,0
20230101T000005.800000,3,413,7250.48,-2470.09,-410.959,0,0,0,2500,0,0,2500,0,2500,0
20230101T000005.800000,3,414,8416.89,-3336.33,134.478,0,0,0,2500,0,0,2500,0,2500,0
20230101T000005.800000,3,415,5910.54,-3622.97,-1099.84,0,0,0,2500,0,0,2500,0,2500,0
20230101T000005.800000,3,416,4885.91,-645.252,620.408,0,0,0,2500,0,0,2500,0,2500,0
20230101T000005.800000,3,417,2265.16,511.771,-175.725,0,0,0,2500,0,0,2500,0,2500,0
20230101T000005.800000,3,418,10816.9,3840.06,-276.605,0,0,0,2500,0,0,2500,0,2500,0
20230101T000005.800000,3,419,1721.16,2005.97,-246.35,0,0,0,2500,0,0,2500,0,2500,0
20230101T000005.800000,3,420,5144.82,6586.76,467.982,0,0,0,2500,0,0,2500,0,2500,0
20230101T000005.900000,6,466,2600.68,-2325.46,-298.532,0,0,0,8766.96,9574.01,1238.17,10913.2,-1107.13,19474.5,9.2285e+13
20230101T000005.900000,6,467,2711.17,-2804.6,1047.23,0,0,0,13461.7,11259.3,-4531.62,12698.6,4687.79,24350.3,2.13171e+14
20230101T000005.900000,6,468,4563,-4780.85,-396.53,0,0,0,36720.8,34746.5,2892.34,33478.5,-3030.44,69884.2,4.6137e+14
20230101T000005.900000,6,469,2884.84,-765.365,267.69,0,0,0,1103.68,3488.57,-1230.08,13327.4,326.348,14253.5,2.20294e+14
20230101T000005.900000,6,470,10285.6,-3769.24,-1511.14,0,0,0,26007.9,60829.2,24860.6,169708,-9110.38,192001,3.14419e+14
20230101T000005.900000,6,471,11020.9,-4628.66,111.206,0,0,0,34350.3,81588.9,-1960.39,194347,823.347,228614,3.51342e+14
20230101T000005.900000,6,472,428.63,-247.713,70.0556,0,0,0,151.1,139.3,-40.3574,311.634,23.3232,393.394,9.67461e+22
20230101T000005.900000,6,473,10896.4,1297.6,-657.692,0,0,0,3439.31,-22533.8,11462.5,189980,1365.02,192663,1.54504e+14
20230101T000005.900000,6,474,7242.6,-508.286,-720.938,0,0,0,1303.96,5827.6,8348.07,83932.9,-585.868,84342.5,1.42236e+14
20230101T000005.900000,6,475,9036.67,-1162.55,-1028.51,0,0,0,3889.57,16586.7,14863.8,130687,-1912.2,132822,1.31667e+14
20230101T000005.900000,6,476,3202.61,1621.65,353.978,0,0,0,4417.63,-8203.29,-1808.27,16464.6,-915.624,20619,6.57588e+14
20230101T000005.900000,6,477,6916.01,2098.47,-228.613,0,0,0,7180.85,-23179.9,2527.8,76542.4,766.992,83575.7,1.95533e+14
20230101T000005.900000,6,478,7262.25,7085.42,-37.5987,0,0,0,80359,-82296.6,436.712,84416.7,426.078,164709,1.20923e+14
20230101T000005.900000,3,421,2600.68,-2325.46,-298.532,0,0,0,2500,0,0,2500,0,2500,0
20230101T000005.900000,3,422,2711.17,-2804.6,1047.23,0,0,0,2500,0,0,2500,0,2500,0
20230101T000005.900000,3,423,4563,-4780.85,-396.53,0,0,0,2500,0,0,2500,0,2500,0
20230101T000005.900000,3,424,2884.84,-765.365,267.69,0,0,0,2500,0,0,2500,0,2500,0
20230101T000005.900000,3,425,10285.6,-3769.24,-1511.14,0,0,0,2500,0,0,2500,0,2500,0
20230101T000005.900000,3,426,11020.9,-4628.66,111.206,0,0,0,2500,0,0,2500,0,2500,0
20230101T000005.900000,3,427,428.63,-247.713,70.0556,0,0,0,2500,0,0,2500,0,2500,0
20230101T000005.900000,3,428,10896.4,1297.6,-657.692,0,0,0,2500,0,0,2500,0,2500,0
20230101T000005.900000,3,429,7242.6,-508.286,-720.938,0,0,0,2500,0,0,2500,0,2500,0
20230101T000005.900000,3,430,9036.67,-1162.55,-1028.51,0,0,0,2500,0,0,2500,0,2500,0
20230101T000005.900000,3,431,3202.61,1621.65,353.978,0,0,0,2500,0,0,2500,0,2500,0
20230101T000005.900000,3,432,6916.01,2098.47,-228.613,0,0,0,2500,0,0,2500,0,2500,0
20230101T000005.900000,3,433,7262.25,7085.42,-37.5987,0,0,0,2500,0,0,2500,0,2500,0
20230101T000006,6,479,2017.13,-1936.2,170.292,0,0,0,6055.5,6193.86,-546.8,6562.93,524.86,12508.5,5.51131e+14
20230101T000006,6,480,380.454,-316.661,70.6283,0,0,0,202.207,157.995,-36.1146,260.529,30.059,393.308,4.42813e+24
20230101T000006,6,481,4238.86,-1527.56,-222.987,0,0,0,3860.42,10314.4,1509.37,28765.2,-543.931,32482.3,2.26033e+14
20230101T000006,6,482,4477.53,-1223.12,-550.179,0,0,0,2903.05,8623.34,3934.3,32115.3,-1074.72,34471.8,2.23784e+14
20230101T000006,6,483,3628.19,-374.597,-65.5036,0,0,0,294.614,2167.34,379.112,21062.7,-39.1419,21286.5,1.19775e+14
20230101T000006,6,484,4126.72,696.604,985.217,0,0,0,2345.39,-4334.65,-6491.06,27292.4,-1095.71,28027.5,1.61518e+14
20230101T000006,6,485,11780.3,338.737,-1137.74,0,0,0,2316.35,-6323.32,21438.4,222041,616.455,222223,1.86066e+14
20230101T000006,6,486,3043.43,837.996,-347.523,0,0,0,1361.97,-4014.97,1685.55,14838.1,464.108,15944.3,1.65367e+14
20230101T000006,6,487,3824.72,2195.55,173.352,0,0,0,7796.93,-13387.5,-1058.66,23433.4,-607.713,31118.4,1.18738e+14
20230101T000006,6,488,6686.21,2828.27,539.925,0,0,0,13248.2,-30066.5,-5771.72,71609.1,-2441.44,84327.6,1.38852e+14
20230101T000006,6,489,971.96,1317.76,-156.366,0,0,0,2814.51,-2000.31,239.575,1577.94,324.809,4290.49,1.49007e+14
20230101T000006,6,490,5330.38,6613.16,-1231.32,0,0,0,70954.2,-55185.2,10495.7,46969.3,13021.6,115436,9.28118e+13
20230101T000006,4,427,392.107,-310.801,70.5502,-3.61623,-6.24632,0.0489684,135.934,117.6,-33.9774,271.461,19.6361,339.738,0
20230101T000006,3,434,2017.13,-1936.2,170.292,0,0,0,2500,0,0,2500,0,2500,0
20230101T000006,3,435,4238.86,-1527.56,-222.987,0,0,0,2500,0,0,2500,0,2500,0
20230101T000006,3,436,4477.53,-1223.12,-550.179,0,0,0,2500,0,0,2500,0,2500,0
20230101T000006,3,437,3628.19,-374.597,-65.5036,0,0,0,2500,0,0,2500,0,2500,0
20230101T000006,3,438,4126.72,696.604,985.216,0,0,0,2500,0,0,2500,0,2500,0
20230101T000006,3,439,11780.3,338.737,-1137.74,0,0,0,2500,0,0,2500,0,2500,0
20230101T000006,3,440,3043.43,837.996,-347.523,0,0,0,2500,0,0,2500,0,2500,0
20230101T000006,3,441,3824.72,2195.55,173.352,0,0,0,2500,0,0,2500,0,2500,0
20230101T000006,3,442,6686.21,2828.27,539.925,0,0,0,2500,0,0,2500,0,2500,0
20230101T000006,3,443,971.96,1317.76,-156.366,0,0,0,2500,0,0,2500,0,2500,0
20230101T000006,3,444,5330.38,6613.16,-1231.32,0,0,0,2500,0,0,2500,0,2500,0
20230101T000006.100000,6,491,6663.94,-7067.46,-1835.19,0,0,0,82483.5,72634.8,19559.4,73938.3,-20743.7,150973,2.35517e+14
20230101T000006.100000,6,492,2421.09,-1494.84,162.956,0,0,0,3652.22,5743.12,-628.141,9408.01,387.83,12954.2,9.08012e+13
20230101T000006.100000,6,493,10922.1,-3132.52,1863.5,0,0,0,20891.8,53252.7,-32555.4,191293,9337.09,206568,1.88489e+14
20230101T000006.100000,6,494,8012.63,-2239.57,-200.055,0,0,0,8143.83,28678.6,2563.26,102733,-716.445,110749,1.76082e+14
20230101T000006.100000,6,495,5083.05,-1278.88,-942.448,0,0,0,4011.69,10050,7654.01,41428.1,-1925.73,43958.7,2.5073e+14
20230101T000006.100000,6,496,4803.33,-625.373,499.083,0,0,0,1079.91,4747.07,-3829.15,36922.8,498.539,37541.6,1.46903e+14
20230101T000006.100000,6,497,5235.49,2854.71,-1392.08,0,0,0,15475.8,-22584.6,11648.7,44581.1,6351.6,56898.9,3.30158e+14
20230101T000006.100000,6,498,8203.36,5157.58,-58.4505,0,0,0,42610.8,-67663.9,766.859,107692,482.136,150233,1.92569e+14
20230101T000006.100000,6,499,1778.94,2202.34,-760.695,0,0,0,8149.6,-5786.76,2155.09,5659.79,2668.01,12828.2,8.23631e+14
20230101T000006.100000,6,500,438.355,525.439,-147.199,0,0,0,481.067,-321.383,94.8115,363.957,113.647,752.016,4.84119e+24
20230101T000006.100000,6,501,4423.9,5222.02,-627.286,0,0,0,43920.8,-36620.9,4436.31,31716.8,5236.68,74945.1,2.88622e+14
20230101T000006.100000,4,416,4792.97,-632.38,601.306,-25.5789,3.54269,-5.25754,143.235,317.377,-305.482,2504.53,40.3432,2510.26,0
20230101T000006.100000,3,445,6663.94,-7067.46,-1835.19,0,0,0,2500,0,0,2500,0,2500,0
20230101T000006.100000,3,446,2421.09,-1494.84,162.956,0,0,0,2500,0,0,2500,0,2500,0
20230101T000006.100000,3,447,10922.1,-3132.52,1863.5,0,0,0,2500,0,0,2500,0,2500,0
20230101T000006.100000,3,448,8012.63,-2239.57,-200.055,0,0,0,2500,0,0,2500,0,2500,0
20230101T000006.100000,3,449,5083.05,-1278.88,-942.448,0,0,0,2500,0,0,2500,0,2500,0
20230101T000006.100000,3,450,5235.49,2854.71,-1392.08,0,0,0,2500,0,0,2500,0,2500,0
20230101T000006.100000,3,451,8203.36,5157.58,-58.4506,0,0,0,2500,0,0,2500,0,2500,0
20230101T000006.100000,3,452,1778.94,2202.34,-760.695,0,0,0,2500,0,0,2500,0,2500,0
20230101T000006.100000,3,453,438.355,525.439,-147.199,0,0,0,2500,0,0,2500,0,2500,0
20230101T000006.100000,3,454,4423.9,5222.02,-627.286,0,0,0,2500,0,0,2500,0,2500,0
20230101T000006.200000,6,502,3817.58,-751.936,-105.272,0,0,0,983.286,4577.43,641.315,23321.3,-126.318,24223,1.4489e+14
20230101T000006.200000,6,503,9308.7,-3300.97,-2099.37,0,0,0,23752.7,46923.8,31255.6,139438,-11083.6,156080,1.35759e+14
20230101T000006.200000,6,504,4632.35,-1923.45,52.4576,0,0,0,5977.78,14231.9,-388.186,34344,161.183,40253.4,2.55255e+14
20230101T000006.200000,6,505,8913.19,-326.966,-624.284,0,0,0,857.384,4637.73,8898.52,127113,-326.428,127283,8.44709e+13
20230101T000006.200000,6,506,6155.66,2583.41,-487.224,0,0,0,11055.5,-25285.9,4794.41,60693.8,2012.12,71306.1,1.48661e+14
20230101T000006.200000,6,507,526.284,437.586,-146.325,0,0,0,362.812,-321.543,113.153,482.179,94.0824,752.328,4.23163e+23
20230101T000006.200000,6,508,6283.22,4463.56,664.117,0,0,0,32388.6,-44509.7,-6672.01,63424.2,-4739.75,95044,1.62168e+14
20230101T000006.200000,6,509,4482.4,5693.43,-502.114,0,0,0,52043,-40605.3,3598.34,32435.3,4570.53,84011.6,9.56106e+13
20230101T000006.200000,4,453,512.126,464.044,-146.531,7.30401,-6.07873,0.0661722,375.999,-241.842,70.5625,287.874,84.5804,574.467,0
20230101T000006.200000,3,455,3817.58,-751.936,-105.272,0,0,0,2500,0,0,2500,0,2500,0
20230101T000006.200000,3,456,9308.7,-3300.97,-2099.37,0,0,0,2500,0,0,2500,0,2500,0
20230101T000006.200000,3,457,4632.35,-1923.45,52.4576,0,0,0,2500,0,0,2500,0,2500,0
20230101T000006.200000,3,458,8913.19,-326.966,-624.284,0,0,0,2500,0,0,2500,0,2500,0
20230101T000006.200000,3,459,6155.66,2583.41,-487.224,0,0,0,2500,0,0,2500,0,2500,0
20230101T000006.200000,3,460,6283.22,4463.56,664.117,0,0,0,2500,0,0,2500,0,2500,0
20230101T000006.200000,3,461,4482.4,5693.43,-502.114,0,0,0,2500,0,0,2500,0,2500,0
20230101T000006.300000,6,510,5112.68,-7164.66,-396.085,0,0,0,82238,58460.1,3238.42,42031.9,-4538.16,123955,1.44082e+14
20230101T000006.300000,6,511,4895.06,-4993.43,-1639.19,0,0,0,42031.5,36929.5,12828.3,40561.8,-13086.1,78236.8,1.62687e+14
20230101T000006.300000,6,512,8836.17,1283.14,713.249,0,0,0,3493.75,-18016.1,-10078.8,124943,-1463.59,127559,1.57328e+14
20230101T000006.300000,6,513,2690.4,1287.29,-426.888,0,0,0,2939.69,-5403.4,1829.5,11647.2,875.374,14233.9,5.85891e+14
20230101T000006.300000,6,514,592.445,342.218,-147.484,0,0,0,259.334,-282.83,128.386,585.594,74.1607,751.809,8.09009e+23
20230101T000006.300000,6,515,6820.99,3289.94,21.3925,0,0,0,17370.5,-35879.8,-233.306,74453.7,-112.53,91759.4,1.72743e+14
20230101T000006.300000,6,516,4244.35,2201.88,-468.185,0,0,0,8083.53,-14783.6,3173.91,28911,1646.56,36581,2.54534e+14
20230101T000006.300000,3,462,5112.68,-7164.66,-396.085,0,0,0,2500,0,0,2500,0,2500,0
20230101T000006.300000,3,463,4895.06,-4993.43,-1639.19,0,0,0,2500,0,0,2500,0,2500,0
20230101T000006.300000,3,464,8836.17,1283.14,713.249,0,0,0,2500,0,0,2500,0,2500,0
20230101T000006.300000,3,465,2690.4,1287.29,-426.888,0,0,0,2500,0,0,2500,0,2500,0
20230101T000006.300000,3,466,592.445,342.218,-147.484,0,0,0,2500,0,0,2500,0,2500,0
20230101T000006.300000,3,467,6820.99,3289.94,21.3925,0,0,0,2500,0,0,2500,0,2500,0
20230101T000006.300000,3,468,4244.35,2201.88,-468.185,0,0,0,2500,0,0,2500,0,2500,0
20230101T000006.400000,6,517,7532,-7713.18,-846.262,0,0,0,95779.4,92348.5,10195,91388.8,-10440.2,185959,1.14207e+14
20230101T000006.400000,6,518,6586.43,-4828.01,-1219.53,0,0,0,38884.2,49714.5,12844.2,70263.2,-9415.1,106707,1.1687e+14
20230101T000006.400000,6,519,5651.29,-4837.39,-1418.71,0,0,0,39334.7,42118.5,12819.1,52487.2,-10972.9,88542,1.09905e+14
20230101T000006.400000,6,520,4581.86,-1328.95,-1054.27,0,0,0,4522.43,9250.39,7715.86,33732.2,-2237.96,36418.2,1.54391e+14
20230101T000006.400000,6,521,8819.3,4393.6,-2207.24,0,0,0,37180,-58862.1,31133.9,126010,15510.3,155337,3.00775e+14
20230101T000006.400000,6,522,644.093,231.922,-145.748,0,0,0,170.345,-208.658,137.936,674.698,49.6675,752.605,9.29605e+23
20230101T000006.400000,4,466,639.741,260.953,-146.161,4.68279,-8.04602,0.131044,209.153,-212.846,95.5527,454.682,55.1948,574.326,0
20230101T000006.400000,3,469,7532,-7713.18,-846.262,0,0,0,2500,0,0,2500,0,2500,0
20230101T000006.400000,3,470,6586.43,-4828.01,-1219.53,0,0,0,2500,0,0,2500,0,2500,0
20230101T000006.400000,3,471,5651.29,-4837.39,-1418.71,0,0,0,2500,0,0,2500,0,2500,0
20230101T000006.400000,3,472,4581.86,-1328.95,-1054.27,0,0,0,2500,0,0,2500,0,2500,0
20230101T000006.400000,3,473,8819.3,4393.6,-2207.24,0,0,0,2500,0,0,2500,0,2500,0
20230101T000006.500000,6,523,2857.2,-3501.17,276.647,0,0,0,19687.5,15914.4,-1262.23,13173.5,1546.71,32675.1,1.2561e+14
20230101T000006.500000,6,524,6997.49,-8804.75,1121.38,0,0,0,124841,97566.9,-12551,79615.6,15792.6,202382,1.55524e+14
20230101T000006.500000,6,525,3342.84,-4373.17,46.0111,0,0,0,30624.3,23357.6,-245.768,17921.8,321.518,48478.7,2.40536e+14
20230101T000006.500000,6,526,10662.3,235.593,-227.621,0,0,0,235.604,-4015.9,3881.78,181895,85.7715,181984,1.40972e+14
20230101T000006.500000,6,527,10772.5,-1605.37,-289.654,0,0,0,4317.43,27641.3,4990.79,185680,-743.751,189799,1.68864e+14
20230101T000006.500000,6,528,674.177,117.681,-146.621,0,0,0,114.919,-110.749,145.243,730.049,25.3529,752.19,1.08472e+23
20230101T000006.500000,6,529,3932.94,2248.27,-1150.79,0,0,0,9729.85,-13208.8,7228.31,25285.5,4132.07,32840.2,2.07138e+14
20230101T000006.500000,6,530,674.612,112.9,-148.459,0,0,0,114.153,-106.171,147.16,730.789,24.6281,751.437,1.00601e+23
20230101T000006.500000,6,531,6000.45,2531.15,158.867,0,0,0,10339.3,-24263.5,-1523.8,57624.4,-642.779,67859.4,1.08972e+14
20230101T000006.500000,6,532,7753.42,2401.65,1909.45,0,0,0,14606.8,-28127.6,-23674,96700.8,-7333.08,105417,2.64158e+14
20230101T000006.500000,6,533,2731.18,2646.02,-830.456,0,0,0,11803,-10980.8,3619.41,12498.8,3506.56,23140.1,1.28178e+14
20230101T000006.500000,6,534,3423.62,2962.24,47.53,0,0,0,14078.5,-16193.1,-259.852,18782.8,-224.833,32793.7,1.35184e+14
20230101T000006.500000,6,535,4221.92,6127.75,-865.704,0,0,0,60485.2,-40803.7,5843.72,29375.3,8481.66,88599.2,2.23101e+14
20230101T000006.500000,6,536,3706.79,4578.12,-240.4,0,0,0,33596.6,-27075.7,1424.14,22078.9,1758.9,55519.3,1.35743e+14
20230101T000006.500000,3,474,2857.2,-3501.17,276.647,0,0,0,2500,0,0,2500,0,2500,0
20230101T000006.500000,3,475,6997.48,-8804.75,1121.38,0,0,0,2500,0,0,2500,0,2500,0
20230101T000006.500000,3,476,3342.84,-4373.17,46.0111,0,0,0,2500,0,0,2500,0,2500,0
20230101T000006.500000,3,477,10662.3,235.593,-227.621,0,0,0,2500,0,0,2500,0,2500,0
20230101T000006.500000,3,478,10772.5,-1605.37,-289.654,0,0,0,2500,0,0,2500,0,2500,0
20230101T000006.500000,3,479,674.177,117.681,-146.621,0,0,0,2500,0,0,2500,0,2500,0
20230101T000006.500000,3,480,3932.94,2248.27,-1150.79,0,0,0,2500,0,0,2500,0,2500,0
20230101T000006.500000,3,481,674.612,112.9,-148.459,0,0,0,2500,0,0,2500,0,2500,0
20230101T000006.500000,3,482,6000.45,2531.15,158.867,0,0,0,2500,0,0,2500,0,2500,0
20230101T000006.500000,3,483,7753.42,2401.64,1909.45,0,0,0,2500,0,0,2500,0,2500,0
20230101T000006.500000,3,484,2731.18,2646.02,-830.456,0,0,0,2500,0,0,2500,0,2500,0
20230101T000006.500000,3,485,3423.62,2962.24,47.53,0,0,0,2500,0,0,2500,0,2500,0
20230101T000006.500000,3,486,4221.92,6127.75,-865.704,0,0,0,2500,0,0,2500,0,2500,0
20230101T000006.500000,3,487,3706.79,4578.12,-240.4,0,0,0,2500,0,0,2500,0,2500,0
20230101T000006.600000,6,537,7145.55,-4744.85,-1435.44,0,0,0,38352.9,52699.3,16402.5,82722,-10891.7,117718,1.97895e+14
20230101T000006.600000,6,538,3801.01,-2809.59,522.875,0,0,0,12953.8,16847.5,-3174.3,23293.2,2346.34,35747.1,1.78078e+14
20230101T000006.600000,6,539,7526.65,-2722.79,1204.58,0,0,0,13970.1,32026.9,-14497.5,90916.6,5244.51,102504,1.445e+14
20230101T000006.600000,6,540,6302.38,-3256.65,-1221.16,0,0,0,18901.4,31841,12304.5,64068,-6358.14,80523.1,1.61577e+14
20230101T000006.600000,6,541,4653.24,424.026,-120.68,0,0,0,374.217,-3149.06,896.84,34645,81.7244,34932,3.50388e+14
20230101T000006.600000,6,542,11731.8,-310.566,-1437.86,0,0,0,3522.9,5740.4,26982,220217,-714.273,220370,8.94943e+14
20230101T000006.600000,6,543,684.585,1.88042,-145.772,0,0,0,95.2281,-1.79813,146.633,749.852,0.402771,752.633,1.03081e+24
20230101T000006.600000,6,544,6866.63,3870.64,8.70563,0,0,0,24019.6,-42497.8,-95.5837,75456.4,-53.8795,99411.9,1.26251e+14
20230101T000006.600000,6,545,4889.13,1655.37,-96.0827,0,0,0,4455.04,-12925.4,750.489,38253.8,254.102,42630.1,1.21605e+14
20230101T000006.600000,6,546,1478.78,1642.97,-139.991,0,0,0,4361.54,-3840.08,328.525,3551.42,365.002,7818.12,1.05599e+14
20230101T000006.600000,6,547,8877.85,6701.27,1207.73,0,0,0,73378.3,-94036,-17149.9,126976,-12945.2,197958,1.92701e+14
20230101T000006.600000,6,548,1287.83,1143.36,-119.994,0,0,0,2140.13,-2312.86,243.931,2691.82,216.567,4745.53,1.55973e+14
20230101T000006.600000,6,549,1828.86,2024.75,-702.731,0,0,0,6941.35,-5501.9,2045.95,5819.75,2265.1,11914.9,1.33182e+14
20230101T000006.600000,6,550,2127.09,1977.38,-592.488,0,0,0,6590.31,-6418.98,2007.26,7528.08,1865.99,13497.8,1.14323e+14
20230101T000006.600000,6,551,6387.46,7367.43,1021.31,0,0,0,87589.7,-74437.2,-10433.4,66268.3,-12034.1,152126,1.86581e+14
20230101T000006.600000,4,481,689.267,28.1215,-146.41,1.45097,-8.39395,0.202896,99.8939,-79.9111,109.523,564.013,18.3294,574.041,0
20230101T000006.600000,3,488,7145.55,-4744.85,-1435.44,0,0,0,2500,0,0,2500,0,2500,0
20230101T000006.600000,3,489,3801.01,-2809.59,522.875,0,0,0,2500,0,0,2500,0,2500,0
20230101T000006.600000,3,490,7526.65,-2722.79,1204.58,0,0,0,2500,0,0,2500,0,2500,0
20230101T000006.600000,3,491,6302.38,-3256.65,-1221.16,0,0,0,2500,0,0,2500,0,2500,0
20230101T000006.600000,3,492,4653.24,424.026,-120.68,0,0,0,2500,0,0,2500,0,2500,0
20230101T000006.600000,3,493,11731.8,-310.566,-1437.86,0,0,0,2500,0,0,2500,0,2500,0
20230101T000006.600000,3,494,6866.63,3870.64,8.70563,0,0,0,2500,0,0,2500,0,2500,0
20230101T000006.600000,3,495,4889.13,1655.37,-96.0827,0,0,0,2500,0,0,2500,0,2500,0
20230101T000006.600000,3,496,1478.78,1642.97,-139.991,0,0,0,2500,0,0,2500,0,2500,0
20230101T000006.600000,3,497,8877.85,6701.27,1207.73,0,0,0,2500,0,0,2500,0,2500,0
20230101T000006.600000,3,498,1287.83,1143.36,-119.994,0,0,0,2500,0,0,2500,0,2500,0
20230101T000006.600000,3,499,1828.86,2024.75,-702.731,0,0,0,2500,0,0,2500,0,2500,0
20230101T000006.600000,3,500,2127.09,1977.38,-592.488,0,0,0,2500,0,0,2500,0,2500,0
20230101T000006.600000,3,501,6387.46,7367.43,1021.31,0,0,0,2500,0,0,2500,0,2500,0
20230101T000006.700000,6,552,5679.72,-8145.34,1029.88,0,0,0,106730,73195.3,-9355.35,52799.3,13416.6,157770,9.47307e+13
20230101T000006.700000,6,553,7795.81,-7504.27,-451.794,0,0,0,90305.1,93407.9,5633.45,97427.3,-5422.77,187342,1.57369e+14
20230101T000006.700000,6,554,2417.72,-1032.85,-470.688,0,0,0,2059.05,3844.96,1810.58,9416.9,-773.476,11061.5,2.163e+14
20230101T000006.700000,6,555,673.76,-122.023,-145.344,0,0,0,115.846,114.877,143.892,729.341,-26.0599,752.906,1.35252e+23
20230101T000006.700000,6,556,673.576,-121.445,-146.403,0,0,0,116.086,114.208,144.899,728.935,-26.125,752.327,1.39487e+23
20230101T000006.700000,6,557,2990.61,3474.9,724.504,0,0,0,19703.9,-16181.2,-3460.29,14828.3,-4020.65,33631.4,1.61549e+14
20230101T000006.700000,6,558,5312.88,5093.79,-504.918,0,0,0,41760.4,-43064.7,4288.95,45388.5,4112.09,86677.6,1.2943e+14
20230101T000006.700000,6,559,5147.09,4566.12,-1687.24,0,0,0,35941.8,-35312.4,13884,44420.7,12316.8,75750.8,1.67329e+14
20230101T000006.700000,4,469,7546.84,-7721.48,-841.842,4.08426,-2.28498,1.2166,1413.1,1303.16,142.991,1351.14,-146.43,2669.82,0
20230101T000006.700000,3,502,5679.72,-8145.34,1029.88,0,0,0,2500,0,0,2500,0,2500,0
20230101T000006.700000,3,503,2417.72,-1032.85,-470.688,0,0,0,2500,0,0,2500,0,2500,0
20230101T000006.700000,3,504,673.76,-122.023,-145.344,0,0,0,2500,0,0,2500,0,2500,0
20230101T000006.700000,3,505,673.576,-121.444,-146.403,0,0,0,2500,0,0,2500,0,2500,0
20230101T000006.700000,3,506,2990.61,3474.9,724.504,0,0,0,2500,0,0,2500,0,2500,0
20230101T000006.700000,3,507,5312.88,5093.79,-504.918,0,0,0,2500,0,0,2500,0,2500,0
20230101T000006.700000,3,508,5147.09,4566.12,-1687.24,0,0,0,2500,0,0,2500,0,2500,0
20230101T000006.800000,6,560,9904.54,-2860.56,-2610.57,0,0,0,23212.7,42409.3,41355.9,157804,-11944.1,170056,3.78143e+14
20230101T000006.800000,6,561,643.145,-234.375,-145.984,0,0,0,172.031,210.517,137.956,672.99,-50.274,752.491,5.29813e+23
20230101T000006.800000,6,562,8000.34,-3836.47,-238.577,0,0,0,23675.7,49048.5,3052.37,102438,-1463.73,125958,1.57201e+14
20230101T000006.800000,6,563,10660.2,1178.3,-712.779,0,0,0,3087.44,-20001.6,12153.2,181833,1343.32,184044,3.26267e+14
20230101T000006.800000,6,564,3197.82,1124.94,655.035,0,0,0,2690.6,-5521.56,-3340.25,16444.1,-1175.04,18388.8,1.82992e+14
20230101T000006.800000,6,565,5986.38,2293.29,704.927,0,0,0,9163.12,-21678.8,-6745.44,57448.7,-2584.07,65754.2,7.58962e+13
20230101T000006.800000,6,566,7270.43,5000.6,-956.957,0,0,0,41047.2,-57456.7,11126.3,85065.6,7652.68,124585,1.6602e+14
20230101T000006.800000,6,567,2625.69,3662,-440.264,0,0,0,21583.2,-15207.5,1845.98,11277.5,2574.56,32487.7,1.38358e+14
20230101T000006.800000,4,477,10741.4,251.189,-236.399,21.7616,4.29228,-2.41602,65.0044,-57.8868,55.9284,2683.52,1.23579,2683.62,0
20230101T000006.800000,4,482,5944.6,2498.49,178.707,-15.3718,-8.98822,5.46053,450.119,-915.228,-57.4455,2233.73,-24.232,2618.34,0
20230101T000006.800000,4,504,657.576,-210.453,-145.83,-1.60238,-8.75543,-0.0480884,101.17,86.4177,107.087,562.68,-19.3943,575.115,0
20230101T000006.800000,3,509,9904.54,-2860.56,-2610.57,0,0,0,2500,0,0,2500,0,2500,0
20230101T000006.800000,3,510,8000.34,-3836.47,-238.577,0,0,0,2500,0,0,2500,0,2500,0
20230101T000006.800000,3,511,3197.82,1124.94,655.035,0,0,0,2500,0,0,2500,0,2500,0
20230101T000006.800000,3,512,7270.43,5000.6,-956.957,0,0,0,2500,0,0,2500,0,2500,0
20230101T000006.800000,3,513,2625.69,3662,-440.264,0,0,0,2500,0,0,2500,0,2500,0
20230101T000006.900000,6,568,1441.7,-1654.86,401.378,0,0,0,4519.65,3658.96,-918.425,3507.34,1054.22,7709.37,2.12022e+14
20230101T000006.900000,6,569,1991.11,-1849.39,-318.104,0,0,0,5593.23,5779.53,1007.99,6447.43,-936.252,11816.5,1.7096e+14
20230101T000006.900000,6,570,6844.33,-4906.47,1037.75,0,0,0,39697.4,52884.6,-11358,75558,8142.19,113470,1.51057e+14
20230101T000006.900000,6,571,5381.64,-3680.01,-381.224,0,0,0,21869.8,31549.1,3279.5,46433.6,-2242.55,68007.4,2.0112e+14
20230101T000006.900000,6,572,11047,-4799.67,-2473.07,0,0,0,45142.3,81236.3,43700.5,196823,-18986.8,232120,8.82106e+14
20230101T000006.900000,6,573,591.108,-344.462,-147.592,0,0,0,261.516,284.019,128.19,583.393,-74.7014,751.748,1.86299e+22
20230101T000006.900000,6,574,6844.33,-1650.67,623.496,0,0,0,5007.33,17920.1,-6822.39,74989.5,1645.37,79311.8,1.68335e+14
20230101T000006.900000,6,575,6406.2,-1292.8,-604.593,0,0,0,3297.07,13125.4,6191.27,65688.4,-1249.43,68337.8,2.07149e+14
20230101T000006.900000,6,576,5001.1,-1076.18,-695.584,0,0,0,2652.99,8439.2,5557.54,40054.7,-1195.92,41871.9,1.34808e+14
20230101T000006.900000,6,577,3776.72,237.804,978.397,0,0,0,1675.8,-1337.17,-5896.73,22828.1,-371.291,22916.3,1.55811e+14
20230101T000006.900000,6,578,8617.42,-704.003,-1077.48,0,0,0,2700.81,9550.84,14848.3,118829,-1213.04,119610,9.66518e+13
20230101T000006.900000,6,579,6903.35,-1300.93,780.752,0,0,0,3710.8,14180.3,-8616.78,76285.7,1623.83,78958.8,1.57853e+14
20230101T000006.900000,6,580,6455.07,-1094.02,-459.837,0,0,0,2305.8,11233,4744.83,66680,-804.167,68584.1,2.04165e+14
20230101T000006.900000,6,581,5251.98,3332.39,-125.604,0,0,0,17831.3,-27962.3,1054.39,44158.9,669.009,61901.1,9.70784e+13
20230101T000006.900000,6,582,2467.23,709.482,-533.427,0,0,0,1282.55,-2663.51,2093.49,9778.99,602.008,10547.6,1.32947e+14
20230101T000006.900000,6,583,6484.4,5649.13,512.839,0,0,0,51335.8,-58370,-5317.86,67485,-4632.86,118336,1.12411e+14
20230101T000006.900000,3,514,1441.7,-1654.86,401.378,0,0,0,2500,0,0,2500,0,2500,0
20230101T000006.900000,3,515,1991.11,-1849.39,-318.104,0,0,0,2500,0,0,2500,0,2500,0
20230101T000006.900000,3,516,6844.33,-4906.47,1037.75,0,0,0,2500,0,0,2500,0,2500,0
20230101T000006.900000,3,517,5381.64,-3680.01,-381.224,0,0,0,2500,0,0,2500,0,2500,0
20230101T000006.900000,3,518,11047,-4799.67,-2473.07,0,0,0,2500,0,0,2500,0,2500,0
20230101T000006.900000,3,519,591.108,-344.462,-147.592,0,0,0,2500,0,0,2500,0,2500,0
20230101T000006.900000,3,520,6844.33,-1650.67,623.496,0,0,0,2500,0,0,2500,0,2500,0
20230101T000006.900000,3,521,6406.2,-1292.8,-604.593,0,0,0,2500,0,0,2500,0,2500,0
20230101T000006.900000,3,522,5001.1,-1076.18,-695.583,0,0,0,2500,0,0,2500,0,2500,0
20230101T000006.900000,3,523,3776.72,237.804,978.397,0,0,0,2500,0,0,2500,0,2500,0
20230101T000006.900000,3,524,8617.42,-704.003,-1077.48,0,0,0,2500,0,0,2500,0,2500,0
20230101T000006.900000,3,525,6903.35,-1300.93,780.752,0,0,0,2500,0,0,2500,0,2500,0
20230101T000006.900000,3,526,6455.07,-1094.02,-459.837,0,0,0,2500,0,0,2500,0,2500,0
20230101T000006.900000,3,527,5251.98,3332.39,-125.604,0,0,0,2500,0,0,2500,0,2500,0
20230101T000006.900000,3,528,2467.23,709.482,-533.427,0,0,0,2500,0,0,2500,0,2500,0
20230101T000006.900000,3,529,6484.4,5649.13,512.839,0,0,0,2500,0,0,2500,0,2500,0
20230101T000007,6,584,6778.76,-7176.81,-1591.75,0,0,0,84351.5,75785.1,17257.2,75698,-18270.6,155935,1.30644e+14
20230101T000007,6,585,525.732,-438.264,-146.446,0,0,0,363.672,321.678,113.128,481.391,-94.3069,752.352,5.4913e+21
20230101T000007,6,586,3410.61,-3996.72,-486.952,0,0,0,25744.6,21591.3,2653.46,18867.8,-3109.46,44170.2,1.25947e+14
20230101T000007,6,587,11077.8,1098.53,-2135.4,0,0,0,9216.78,-18748.4,37836.8,196418,3752.12,198280,1.55944e+14
20230101T000007,6,588,6879.21,1130.43,-1348.48,0,0,0,4937.61,-11966.9,14830.6,75795.8,2437.05,77764.6,1.24695e+14
20230101T000007,6,589,6979.08,3242.54,-344.67,0,0,0,17031.4,-36110.9,3846.18,77977.1,1786.97,94754.7,1.47801e+14
20230101T000007,6,590,7543.84,1809.43,1300.96,0,0,0,7857.99,-21211.8,-15692.6,91205.9,-3763.95,96295.4,2.10951e+14
20230101T000007,6,591,4929.21,2408.94,149.031,0,0,0,9365.06,-18959.4,-1173.81,38894.6,-573.647,48160.2,1.5961e+14
20230101T000007,6,592,2364.58,3050.43,39.2807,0,0,0,14913.1,-11508.6,-148.213,8987.47,-191.202,23834.2,1.54114e+14
20230101T000007,4,519,546.873,-420.843,-146.72,-4.37979,-7.56251,0.0863334,210.798,213.745,95.407,453.033,-55.5974,574.283,0
20230101T000007,3,530,6778.76,-7176.81,-1591.75,0,0,0,2500,0,0,2500,0,2500,0
20230101T000007,3,531,3410.61,-3996.72,-486.952,0,0,0,2500,0,0,2500,0,2500,0
20230101T000007,3,532,11077.8,1098.53,-2135.4,0,0,0,2500,0,0,2500,0,2500,0
20230101T000007,3,533,6879.21,1130.43,-1348.48,0,0,0,2500,0,0,2500,0,2500,0
20230101T000007,3,534,6979.08,3242.54,-344.67,0,0,0,2500,0,0,2500,0,2500,0
20230101T000007,3,535,7543.84,1809.43,1300.96,0,0,0,2500,0,0,2500,0,2500,0
20230101T000007,3,536,4929.21,2408.94,149.031,0,0,0,2500,0,0,2500,0,2500,0
20230101T000007,3,537,2364.58,3050.43,39.2807,0,0,0,2500,0,0,2500,0,2500,0
20230101T000007.100000,6,593,3243.6,-2140.8,903.689,0,0,0,8285.3,10481.6,-4678.15,17248.4,3087.61,24169.7,1.16757e+14
20230101T000007.100000,6,594,6900.92,-1357.25,-1608.39,0,0,0,6990.89,14190.8,17745.4,76352.8,-3490.1,79147,2.02813e+14
20230101T000007.100000,6,595,7004.05,-1005.1,-1408.85,0,0,0,4788.37,10808.4,15776.1,78556,-2263.91,80109.5,2.0501e+14
20230101T000007.100000,6,596,9595.94,2138.33,1537.12,0,0,0,10976.9,-32015,-23590.6,147513,-5256.84,154649,4.20229e+14
20230101T000007.100000,6,597,450.929,534.844,-22.4237,0,0,0,484.591,-353.979,14.8574,363.18,17.6223,783.099,8.92469e+24
20230101T000007.100000,3,538,3243.6,-2140.8,903.689,0,0,0,2500,0,0,2500,0,2500,0
20230101T000007.100000,3,539,6900.92,-1357.25,-1608.39,0,0,0,2500,0,0,2500,0,2500,0
20230101T000007.100000,3,540,7004.05,-1005.1,-1408.85,0,0,0,2500,0,0,2500,0,2500,0
20230101T000007.100000,3,541,9595.94,2138.33,1537.12,0,0,0,2500,0,0,2500,0,2500,0
20230101T000007.100000,3,542,450.929,534.844,-22.4237,0,0,0,2500,0,0,2500,0,2500,0
20230101T000007.200000,6,598,8110.57,-8800.71,227.863,0,0,0,123991,114133,-2956.14,105330,3207.68,229174,8.33582e+13
20230101T000007.200000,6,599,8015.41,-6802.78,-710.238,0,0,0,74550.8,86813.7,9105.28,103159,-7727.77,176840,1.32011e+14
20230101T000007.200000,6,600,3932.59,-5012.66,-274.769,0,0,0,40273.1,31450.7,1727.19,24858.8,-2201.55,64947.3,3.53202e+14
20230101T000007.200000,6,601,3489.72,-998.795,-364.153,0,0,0,1850.82,5503.93,2027.16,19505.9,-580.193,21081.8,2.07134e+14
20230101T000007.200000,6,602,3590.79,-1515.85,-292.992,0,0,0,3847.1,8636.97,1678.91,20660.5,-708.754,24306.9,1.67067e+14
20230101T000007.200000,6,603,8633.34,-2548.88,-1984.37,0,0,0,16246.3,33481.1,27397.9,119765,-8088.9,129653,1.98081e+14
20230101T000007.200000,6,604,8129.09,372.019,594.46,0,0,0,849.195,-4809.95,-7727.23,105733,-353.628,105953,1.2972e+14
20230101T000007.200000,6,605,6473.73,-142.501,-290.745,0,0,0,231.517,1471.64,3008.66,67054.8,-66.2272,67087.3,7.84741e+13
20230101T000007.200000,6,606,5227.92,2244.83,824.666,0,0,0,9034.43,-18360,-6889.71,43909,-2958.38,51794,2.79329e+14
20230101T000007.200000,6,607,1897.82,1782.02,-112.453,0,0,0,5125.66,-5369.16,339.453,5802.18,318.741,10843.8,8.99762e+14
20230101T000007.200000,6,608,7898.56,7185.1,-1233.95,0,0,0,83968.8,-89559.1,15588.9,100951,14180.8,182422,5.8688e+14
20230101T000007.200000,6,609,533.867,452.011,-23.9362,0,0,0,364.669,-354.125,18.7766,483.096,15.8976,782.999,3.98617e+24
20230101T000007.200000,4,542,519.393,477.075,-23.578,6.77864,-5.7197,-0.114287,375.517,-263.511,11.0575,285.135,13.1153,597.603,0
20230101T000007.200000,3,543,8110.57,-8800.71,227.863,0,0,0,2500,0,0,2500,0,2500,0
20230101T000007.200000,3,544,8015.41,-6802.78,-710.238,0,0,0,2500,0,0,2500,0,2500,0
20230101T000007.200000,3,545,3932.59,-5012.66,-274.769,0,0,0,2500,0,0,2500,0,2500,0
20230101T000007.200000,3,546,3489.72,-998.795,-364.153,0,0,0,2500,0,0,2500,0,2500,0
20230101T000007.200000,3,547,3590.79,-1515.85,-292.992,0,0,0,2500,0,0,2500,0,2500,0
20230101T000007.200000,3,548,8633.34,-2548.88,-1984.37,0,0,0,2500,0,0,2500,0,2500,0
20230101T000007.200000,3,549,8129.09,372.019,594.46,0,0,0,2500,0,0,2500,0,2500,0
20230101T000007.200000,3,550,6473.73,-142.501,-290.745,0,0,0,2500,0,0,2500,0,2500,0
20230101T000007.200000,3,551,5227.92,2244.83,824.666,0,0,0,2500,0,0,2500,0,2500,0
20230101T000007.200000,3,552,1897.82,1782.02,-112.453,0,0,0,2500,0,0,2500,0,2500,0
20230101T000007.200000,3,553,7898.56,7185.1,-1233.95,0,0,0,2500,0,0,2500,0,2500,0
20230101T000007.300000,6,610,1757.66,-1299.62,235.589,0,0,0,2800.72,3582.16,-657.054,4996.75,485.826,7646.14,1.82243e+14
20230101T000007.300000,6,611,3357.41,-2864.68,21.1101,0,0,0,13167.7,15356.7,-113.167,18062.8,96.5589,31165.7,1.53668e+14
20230101T000007.300000,6,612,6965.03,-7818.52,-1859.32,0,0,0,100282,84351.8,20713,80737.1,-23251.1,175427,1.69001e+14
20230101T000007.300000,6,613,5981.87,-6630.53,441.488,0,0,0,70510.9,63273.9,-4223.36,57459.5,4681.34,127595,9.12278e+13
20230101T000007.300000,6,614,6211.63,-7201.97,2511.71,0,0,0,87320.7,66555.7,-24952.6,67557.3,28930.9,144728,1.53825e+14
20230101T000007.300000,6,615,3943.79,-2989.18,429.706,0,0,0,14524.3,18689.1,-2707.08,25016.6,2051.82,39182.4,1.16724e+14
20230101T000007.300000,6,616,10759,-4817.32,913.833,0,0,0,38296.5,82405.4,-15726.6,185444,7041.55,222341,9.58433e+13
20230101T000007.300000,6,617,8385.31,754.258,107.636,0,0,0,992.112,-10112.1,-1443.29,112502,-129.824,113412,2.11022e+14
20230101T000007.300000,6,618,6112.84,1142.17,-180.234,0,0,0,2199.3,-11150.1,1760.96,59790.9,329.032,61874.3,2.47664e+14
20230101T000007.300000,6,619,606.558,348.397,-24.2988,0,0,0,242.984,-310.101,21.6563,604.753,12.439,782.946,5.77031e+24
20230101T000007.300000,6,620,8485.59,3756.85,-234.877,0,0,0,22709.6,-50950.2,3187.43,115233,1411.18,137791,2.97916e+14
20230101T000007.300000,6,621,4909.82,5658.12,-51.5202,0,0,0,51252.3,-44414.8,404.44,38609.1,466.08,89793.2,2.06633e+14
20230101T000007.300000,6,622,6427.25,6733.76,-857.282,0,0,0,73140.5,-68628.3,8811.92,66743.9,9232.14,138646,3.05357e+14
20230101T000007.300000,3,554,1757.66,-1299.62,235.589,0,0,0,2500,0,0,2500,0,2500,0
20230101T000007.300000,3,555,3357.41,-2864.68,21.1101,0,0,0,2500,0,0,2500,0,2500,0
20230101T000007.300000,3,556,6965.03,-7818.52,-1859.32,0,0,0,2500,0,0,2500,0,2500,0
20230101T000007.300000,3,557,5981.87,-6630.53,441.488,0,0,0,2500,0,0,2500,0,2500,0
20230101T000007.300000,3,558,6211.63,-7201.97,2511.71,0,0,0,2500,0,0,2500,0,2500,0
20230101T000007.300000,3,559,3943.79,-2989.18,429.706,0,0,0,2500,0,0,2500,0,2500,0
20230101T000007.300000,3,560,10759,-4817.32,913.833,0,0,0,2500,0,0,2500,0,2500,0
20230101T000007.300000,3,561,8385.31,754.258,107.636,0,0,0,2500,0,0,2500,0,2500,0
20230101T000007.300000,3,562,6112.84,1142.17,-180.234,0,0,0,2500,0,0,2500,0,2500,0
20230101T000007.300000,3,563,606.558,348.397,-24.2988,0,0,0,2500,0,0,2500,0,2500,0
20230101T000007.300000,3,564,8485.59,3756.85,-234.877,0,0,0,2500,0,0,2500,0,2500,0
20230101T000007.300000,3,565,4909.82,5658.12,-51.5202,0,0,0,2500,0,0,2500,0,2500,0
20230101T000007.300000,3,566,6427.25,6733.76,-857.282,0,0,0,2500,0,0,2500,0,2500,0
20230101T000007.400000,6,623,11799.8,-2397.78,1021.14,0,0,0,10862.2,44931.5,-19273.5,222846,3916.47,231977,4.40361e+14
20230101T000007.400000,6,624,2707.91,374.36,114.182,0,0,0,307.392,-1610.48,-492.068,11734,-68.027,11956.8,8.51885e+14
20230101T000007.400000,6,625,8849.97,742.521,1285.26,0,0,0,3568.96,-10288.6,-18190.2,125334,-1526.18,126198,3.39268e+14
20230101T000007.400000,6,626,656.861,240.411,-24.1654,0,0,0,149.672,-231.733,23.3234,698.008,8.53636,782.898,7.69308e+24
20230101T000007.400000,6,627,6728.49,1796.3,-877.881,0,0,0,6372.58,-19015.3,9443.24,72522.5,2521.06,77600,2.51751e+14
20230101T000007.400000,6,628,5961.78,2140.7,99.7689,0,0,0,7402.95,-20394.4,-950.732,56877.6,-341.38,64200.7,2.48077e+14
20230101T000007.400000,6,629,2768.16,2121.86,569.718,0,0,0,7570.06,-9116.99,-2515.23,12475.6,-1927.98,19465.7,2.19891e+14
20230101T000007.400000,6,630,6303.12,8291.58,916.56,0,0,0,110516,-82942.3,-9240.12,64459,-12155.1,173568,2.1751e+14
20230101T000007.400000,6,631,7311.63,4721.12,2378.12,0,0,0,42090.6,-51079.9,-27807,88216,-17955,121203,3.65762e+14
20230101T000007.400000,4,563,651.886,269.437,-24.1968,4.48792,-7.81778,0.0100952,195.665,-230.858,16.1177,464.988,9.25771,597.493,0
20230101T000007.400000,3,567,11799.8,-2397.78,1021.14,0,0,0,2500,0,0,2500,0,2500,0
20230101T000007.400000,3,568,2707.91,374.36,114.182,0,0,0,2500,0,0,2500,0,2500,0
20230101T000007.400000,3,569,8849.97,742.521,1285.26,0,0,0,2500,0,0,2500,0,2500,0
20230101T000007.400000,3,570,6728.49,1796.3,-877.881,0,0,0,2500,0,0,2500,0,2500,0
20230101T000007.400000,3,571,5961.78,2140.7,99.7689,0,0,0,2500,0,0,2500,0,2500,0
20230101T000007.400000,3,572,2768.16,2121.86,569.718,0,0,0,2500,0,0,2500,0,2500,0
20230101T000007.400000,3,573,6303.12,8291.58,916.56,0,0,0,2500,0,0,2500,0,2500,0
20230101T000007.400000,3,574,7311.63,4721.12,2378.12,0,0,0,2500,0,0,2500,0,2500,0
20230101T000007.500000,6,632,7944.27,-8931.23,133.285,0,0,0,127668,113477,-1693.69,101030,1904.11,228605,2.23913e+14
20230101T000007.500000,6,633,7224.56,-8026.72,563.845,0,0,0,103341,92498.5,-6515.42,83827,7238.84,186596,1.32238e+14
20230101T000007.500000,6,634,8013.53,-3325.65,-270.572,0,0,0,17850.4,42576.2,3467.34,102773,-1438.96,120443,2.1999e+14
20230101T000007.500000,6,635,3326.48,-227.671,-170.683,0,0,0,192.865,1204.23,905.176,17705.3,-61.9521,17787.9,7.91527e+14
20230101T000007.500000,6,636,4137.32,-196.022,301.648,0,0,0,270.259,1287.71,-1992.19,27388.3,94.3879,27449.6,2.90928e+14
20230101T000007.500000,6,637,688.603,122.681,-25.5043,0,0,0,87.0384,-123.949,25.8053,760.677,4.59745,782.845,9.85897e+24
20230101T000007.500000,6,638,6283.59,549.677,591.389,0,0,0,1101.73,-5472.23,-5939.74,63178.3,-519.598,63657.6,2.76024e+14
20230101T000007.500000,6,639,8912.67,1727.37,-1163.12,0,0,0,6920.97,-24216.6,16578.6,127178,3213.09,131872,4.01706e+14
20230101T000007.500000,6,640,3568.81,1282.01,139.067,0,0,0,2713.68,-7290.19,-791.88,20389,-284.463,23008,6.73035e+14
20230101T000007.500000,6,641,10429.2,1888.66,-645.722,0,0,0,6414.93,-31387.3,10771.1,174052,1950.58,179736,7.0179e+14
20230101T000007.500000,6,642,4811.07,3021.86,-166.352,0,0,0,14688.2,-23212.7,1278.94,37064.8,803.31,51644.9,3.08727e+14
20230101T000007.500000,6,643,5545.75,1512.44,-87.3915,0,0,0,3730.88,-13400.8,774.504,49213.9,211.223,52868.6,4.72883e+14
20230101T000007.500000,6,644,7904.76,7853.75,-536.184,0,0,0,98953.9,-99069.3,6779.27,100237,6735.52,198667,2.97192e+14
20230101T000007.500000,6,645,8177.07,5771.97,-371.214,0,0,0,53494.8,-75382.5,4854.77,107078,3426.85,160288,2.42631e+14
20230101T000007.500000,6,646,6220.43,4411.33,660.601,0,0,0,31642.6,-43545.2,-6570.27,62165,-4659.43,93046.3,1.48528e+14
20230101T000007.500000,6,647,5137.35,7847.16,-799.942,0,0,0,98851,-64003.5,6572.36,42988.9,10039.1,140753,1.69382e+14
20230101T000007.500000,4,543,8097.98,-8790.71,226.452,-3.46536,2.75319,-0.388537,1485.36,1310.38,-33.9277,1271.1,36.8147,2692.04,0
20230101T000007.500000,3,575,7224.56,-8026.72,563.845,0,0,0,2500,0,0,2500,0,2500,0
20230101T000007.500000,3,576,8013.53,-3325.65,-270.572,0,0,0,2500,0,0,2500,0,2500,0
20230101T000007.500000,3,577,3326.48,-227.671,-170.683,0,0,0,2500,0,0,2500,0,2500,0
20230101T000007.500000,3,578,4137.32,-196.022,301.648,0,0,0,2500,0,0,2500,0,2500,0
20230101T000007.500000,3,579,688.603,122.681,-25.5043,0,0,0,2500,0,0,2500,0,2500,0
20230101T000007.500000,3,580,6283.59,549.677,591.389,0,0,0,2500,0,0,2500,0,2500,0
20230101T000007.500000,3,581,8912.67,1727.37,-1163.12,0,0,0,2500,0,0,2500,0,2500,0
20230101T000007.500000,3,582,3568.81,1282.01,139.067,0,0,0,2500,0,0,2500,0,2500,0
20230101T000007.500000,3,583,10429.2,1888.66,-645.722,0,0,0,2500,0,0,2500,0,2500,0
20230101T000007.500000,3,584,4811.07,3021.86,-166.352,0,0,0,2500,0,0,2500,0,2500,0
20230101T000007.500000,3,585,5545.75,1512.44,-87.3915,0,0,0,2500,0,0,2500,0,2500,0
20230101T000007.500000,3,586,7904.76,7853.75,-536.184,0,0,0,2500,0,0,2500,0,2500,0
20230101T000007.500000,3,587,8177.07,5771.97,-371.214,0,0,0,2500,0,0,2500,0,2500,0
20230101T000007.500000,3,588,6220.43,4411.33,660.601,0,0,0,2500,0,0,2500,0,2500,0
20230101T000007.500000,3,589,5137.35,7847.16,-799.942,0,0,0,2500,0,0,2500,0,2500,0
20230101T000007.600000,6,648,7109.3,-5864.07,-1115.73,0,0,0,56242.5,65694.4,12685.5,81699.5,-10463.5,135888,2.53874e+14
20230101T000007.600000,6,649,3104.61,-719.43,-181.767,0,0,0,938.838,3548.02,899.359,15427.7,-208.408,16250.1,2.74723e+14
20230101T000007.600000,6,650,4519.95,-872.273,226.796,0,0,0,1358.27,6281.02,-1637.08,32693.2,315.929,33905.5,4.63306e+14
20230101T000007.600000,6,651,699.47,3.17548,-24.3785,0,0,0,64.8881,-3.25934,25.0555,782.815,0.113748,782.907,4.41088e+24
20230101T000007.600000,6,652,6087.69,-325.335,1155.72,0,0,0,2361.98,3051.69,-11245.4,59302.3,600.971,59467.6,4.06968e+14
20230101T000007.600000,6,653,10813.1,493.986,354.807,0,0,0,655.235,-8534.33,-6136.4,187077,-280.336,187467,1.22412e+15
20230101T000007.600000,6,654,3385.79,1283.8,279.46,0,0,0,2801.91,-6892.17,-1509.31,18365.4,-572.293,20979.1,2.84753e+14
20230101T000007.600000,6,655,7165.6,1611.44,-696.943,0,0,0,4954.91,-18295.1,7984.56,82193.8,1795.61,86308.6,2.27694e+14
20230101T000007.600000,6,656,9683.07,2675.36,841.293,0,0,0,12563.3,-41142.1,-13028.9,150104,-3599.81,161471,1.41861e+14
20230101T000007.600000,6,657,4883.39,2672.49,-1225.29,0,0,0,13323.1,-19844,9561.94,38723.7,5232.88,49586.6,3.0176e+14
20230101T000007.600000,6,658,2332.69,3438.53,-503.472,0,0,0,19065.2,-12615.9,1874.82,9027.28,2763.6,27624.8,1.27806e+14
20230101T000007.600000,6,659,9654.98,7578.14,-377.589,0,0,0,92065.9,-116925,5831.43,149261,4577.06,241035,2.27901e+14
20230101T000007.600000,4,579,704.711,32.3943,-24.6452,1.59488,-8.93928,0.0850635,79.5695,-92.2784,19.2057,581.085,3.42166,597.42,0
20230101T000007.600000,3,590,7109.3,-5864.07,-1115.73,0,0,0,2500,0,0,2500,0,2500,0
20230101T000007.600000,3,591,3104.61,-719.43,-181.767,0,0,0,2500,0,0,2500,0,2500,0
20230101T000007.600000,3,592,4519.95,-872.273,226.796,0,0,0,2500,0,0,2500,0,2500,0
20230101T000007.600000,3,593,6087.69,-325.335,1155.72,0,0,0,2500,0,0,2500,0,2500,0
20230101T000007.600000,3,594,10813.1,493.986,354.807,0,0,0,2500,0,0,2500,0,2500,0
20230101T000007.600000,3,595,3385.79,1283.8,279.46,0,0,0,2500,0,0,2500,0,2500,0
20230101T000007.600000,3,596,7165.6,1611.44,-696.943,0,0,0,2500,0,0,2500,0,2500,0
20230101T000007.600000,3,597,9683.07,2675.36,841.293,0,0,0,2500,0,0,2500,0,2500,0
20230101T000007.600000,3,598,4883.39,2672.49,-1225.29,0,0,0,2500,0,0,2500,0,2500,0
20230101T000007.600000,3,599,2332.69,3438.53,-503.472,0,0,0,2500,0,0,2500,0,2500,0
20230101T000007.600000,3,600,9654.98,7578.14,-377.589,0,0,0,2500,0,0,2500,0,2500,0
20230101T000007.700000,6,660,6220.31,-5273.15,1187.83,0,0,0,45839.7,51336.5,-11814.9,62877.8,10015.9,106399,1.96021e+14
20230101T000007.700000,6,661,2839.7,-1265.19,793.01,0,0,0,3450.8,5352.02,-3589.05,13078.8,1599.05,15467.2,6.49518e+14
20230101T000007.700000,6,662,688.977,-121.022,-22.9964,0,0,0,86.2723,122.372,23.2804,761.441,-4.08932,783.006,5.84532e+24
20230101T000007.700000,6,663,7265.94,-1925.06,-1828.54,0,0,0,10984.6,21040.4,21243.5,84825,-5628.31,90403.1,2.75962e+14
20230101T000007.700000,6,664,5050.28,-1576.24,-159.567,0,0,0,4070.63,12706.9,1287.53,40817.7,-401.85,44783.8,3.46798e+14
20230101T000007.700000,6,665,688.758,-122.225,-23.2859,0,0,0,86.7208,123.546,23.566,760.998,-4.18196,782.993,5.7721e+24
20230101T000007.700000,6,666,6999.54,-116.125,-185.94,0,0,0,140.816,1298.53,2080.69,78389.8,-34.5194,78411.4,2.00053e+14
20230101T000007.700000,6,667,9558.75,-1162.98,-1928.46,0,0,0,8088.25,17065.9,29481.7,146279,-3586.95,148358,5.80004e+14
20230101T000007.700000,6,668,3178.82,3023.85,-294.914,0,0,0,14736.4,-15278.3,1496.86,16264.2,1423.89,30797.9,1.20839e+14
20230101T000007.700000,6,669,7403.61,8949.34,-557.487,0,0,0,128373,-105736,6601.91,88034.6,7980.26,215847,1.24004e+14
20230101T000007.700000,3,601,6220.31,-5273.15,1187.83,0,0,0,2500,0,0,2500,0,2500,0
20230101T000007.700000,3,602,2839.7,-1265.19,793.01,0,0,0,2500,0,0,2500,0,2500,0
20230101T000007.700000,3,603,688.977,-121.022,-22.9964,0,0,0,2500,0,0,2500,0,2500,0
20230101T000007.700000,3,604,7265.94,-1925.06,-1828.54,0,0,0,2500,0,0,2500,0,2500,0
20230101T000007.700000,3,605,5050.28,-1576.24,-159.567,0,0,0,2500,0,0,2500,0,2500,0
20230101T000007.700000,3,606,688.758,-122.225,-23.2859,0,0,0,2500,0,0,2500,0,2500,0
20230101T000007.700000,3,607,6999.54,-116.125,-185.94,0,0,0,2500,0,0,2500,0,2500,0
20230101T000007.700000,3,608,9558.75,-1162.98,-1928.46,0,0,0,2500,0,0,2500,0,2500,0
20230101T000007.700000,3,609,3178.82,3023.85,-294.914,0,0,0,2500,0,0,2500,0,2500,0
20230101T000007.700000,3,610,7403.61,8949.34,-557.487,0,0,0,2500,0,0,2500,0,2500,0
20230101T000007.800000,6,670,3411.72,-4903.32,1190.57,0,0,0,39227.9,25673.9,-6492.02,20193.3,9330.31,57094.2,1.99508e+14
20230101T000007.800000,6,671,4258.14,-4886.95,0.479914,0,0,0,38239.3,33263.2,-3.26655,29047.2,3.74893,67222.5,1.20516e+14
20230101T000007.800000,6,672,3548.95,-1197.21,50.0265,0,0,0,2354.35,6777.55,-283.256,20159,95.5544,22445.4,1.89682e+14
20230101T000007.800000,6,673,657.757,-238.17,-22.2617,0,0,0,147.985,229.932,21.5154,699.733,-7.79061,783.055,1.7893e+23
20230101T000007.800000,6,674,9842.89,-736.383,1261.92,0,0,0,3463.98,11402.8,-19865.5,155026,1486.21,155881,2.20329e+14
20230101T000007.800000,6,675,4148.25,1190.19,-532.675,0,0,0,2744.17,-7762.43,3527.99,27572,1012.23,29800.1,2.08888e+14
20230101T000007.800000,6,676,11978.8,3393.89,-785.604,0,0,0,19402.7,-64771.9,15053.1,229665,4264.91,248016,2.62013e+14
20230101T000007.800000,6,677,6633.52,1850.74,-170.634,0,0,0,5582.93,-19614.4,1809.52,70413.7,504.852,75886.2,9.8807e+13
20230101T000007.800000,6,678,4358.72,2267.43,730.51,0,0,0,8947.26,-15437.8,-5086.28,30592.7,-2645.91,38624.9,9.13341e+13
20230101T000007.800000,6,679,5535.59,4498.96,-10.5581,0,0,0,32423.6,-39815.6,93.439,49053.9,75.941,81413.3,1.02895e+14
20230101T000007.800000,6,680,2870.58,4392.37,-1370.52,0,0,0,31786,-18770.1,6286.14,15332.2,9618.63,44057.1,1.80063e+14
20230101T000007.800000,4,606,672.754,-212.541,-22.5043,-1.58453,-8.94217,0.0773873,79.3323,91.9738,17.5391,581.298,-3.11244,597.532,0
20230101T000007.800000,3,611,3411.72,-4903.32,1190.57,0,0,0,2500,0,0,2500,0,2500,0
20230101T000007.800000,3,612,4258.14,-4886.95,0.479914,0,0,0,2500,0,0,2500,0,2500,0
20230101T000007.800000,3,613,3548.95,-1197.21,50.0265,0,0,0,2500,0,0,2500,0,2500,0
20230101T000007.800000,3,614,9842.89,-736.383,1261.92,0,0,0,2500,0,0,2500,0,2500,0
20230101T000007.800000,3,615,4148.25,1190.19,-532.675,0,0,0,2500,0,0,2500,0,2500,0
20230101T000007.800000,3,616,11978.8,3393.89,-785.604,0,0,0,2500,0,0,2500,0,2500,0
20230101T000007.800000,3,617,6633.52,1850.74,-170.634,0,0,0,2500,0,0,2500,0,2500,0
20230101T000007.800000,3,618,4358.72,2267.43,730.51,0,0,0,2500,0,0,2500,0,2500,0
20230101T000007.800000,3,619,5535.59,4498.96,-10.5581,0,0,0,2500,0,0,2500,0,2500,0
20230101T000007.800000,3,620,2870.58,4392.37,-1370.52,0,0,0,2500,0,0,2500,0,2500,0
20230101T000007.900000,6,681,8015.82,-5892.78,-2072.99,0,0,0,60063.1,72266.2,26576.4,105239,-19537.5,158368,1.29215e+14
20230101T000007.900000,6,682,1898.22,-637.233,-58.3974,0,0,0,712.078,1914.43,175.594,5772.21,-58.9468,6414.94,4.14217e+14
20230101T000007.900000,6,683,4262.82,-1240,758.929,0,0,0,3367.17,8193.63,-5166.08,29151.4,1502.75,31536.6,1.2228e+15
20230101T000007.900000,6,684,605.939,-349.519,-22.7857,0,0,0,244.056,310.83,20.2869,603.629,-11.702,782.99,7.87136e+22
20230101T000007.900000,6,685,7918.35,-3129.89,-779.999,0,0,0,16570.7,39299.3,9876.69,100461,-3903.96,115995,1.3074e+14
20230101T000007.900000,6,686,6611.64,-2082,-557.841,0,0,0,7446.4,21863.9,5896.31,69992.8,-1856.74,76878.1,1.66358e+14
20230101T000007.900000,6,687,8646.73,-4128.45,-1331.88,0,0,0,29633.1,55988.1,18418.4,120164,-8794.03,146897,1.86997e+14
20230101T000007.900000,6,688,3357.76,28.9919,446.82,0,0,0,383.64,-152.456,-2392.14,18039.3,-20.6544,18041.8,1.7016e+14
20230101T000007.900000,6,689,6112.11,3993.83,-403.434,0,0,0,25748.3,-38908.7,3942.38,59869.7,2576.06,85293.9,1.16646e+14
20230101T000007.900000,6,690,6831.99,1603.9,146.205,0,0,0,4209.06,-17510.7,-1596.9,74686.9,-374.895,78797.9,1.02387e+14
20230101T000007.900000,6,691,5311.5,935.751,-383.986,0,0,0,1691.58,-7901.19,3258.8,45148.2,574.117,46540.6,2.10288e+14
20230101T000007.900000,6,692,4706.49,3991.7,116.893,0,0,0,25543.8,-30016.7,-879.328,35477.6,-745.783,60935.6,1.35104e+14
20230101T000007.900000,6,693,3978.47,3894.17,173.335,0,0,0,24320.4,-24732.5,-1101.95,25379.9,-1078.6,49588.4,1.01052e+14
20230101T000007.900000,4,617,6758.59,1876.08,-163.674,12.3831,2.50903,0.689103,235.745,-616.012,56.7961,2271.82,15.846,2442.28,0
20230101T000007.900000,3,621,8015.82,-5892.78,-2072.99,0,0,0,2500,0,0,2500,0,2500,0
20230101T000007.900000,3,622,1898.22,-637.233,-58.3974,0,0,0,2500,0,0,2500,0,2500,0
20230101T000007.900000,3,623,4262.82,-1240,758.929,0,0,0,2500,0,0,2500,0,2500,0
20230101T000007.900000,3,624,605.939,-349.519,-22.7857,0,0,0,2500,0,0,2500,0,2500,0
20230101T000007.900000,3,625,7918.35,-3129.89,-779.999,0,0,0,2500,0,0,2500,0,2500,0
20230101T000007.900000,3,626,6611.64,-2082,-557.841,0,0,0,2500,0,0,2500,0,2500,0
20230101T000007.900000,3,627,8646.73,-4128.45,-1331.88,0,0,0,2500,0,0,2500,0,2500,0
20230101T000007.900000,3,628,3357.76,28.9919,446.82,0,0,0,2500,0,0,2500,0,2500,0
20230101T000007.900000,3,629,6112.11,3993.83,-403.434,0,0,0,2500,0,0,2500,0,2500,0
20230101T000007.900000,3,630,5311.5,935.751,-383.986,0,0,0,2500,0,0,2500,0,2500,0
20230101T000007.900000,3,631,4706.49,3991.7,116.893,0,0,0,2500,0,0,2500,0,2500,0
20230101T000007.900000,3,632,3978.47,3894.17,173.335,0,0,0,2500,0,0,2500,0,2500,0
20230101T000008,6,694,1291.36,-1914.42,-301.908,0,0,0,5929.27,3858.75,619.197,2811.67,-917.944,8533.25,2.69873e+14
20230101T000008,6,695,535.693,-449.827,-24.0667,0,0,0,361.784,353.613,18.9435,485.965,-15.907,782.973,1.06333e+23
20230101T000008,6,696,7178.16,-3529.43,1237.8,0,0,0,21955.5,39540.3,-14207.5,82931,6985.7,102374,1.41223e+14
20230101T000008,6,697,9278.61,-2360.63,-1494.66,0,0,0,12331.9,34176.3,22180,137969,-5642.94,146666,3.16332e+14
20230101T000008,6,698,10761.7,1785.73,2173.65,0,0,0,12519.1,-29517.3,-37415.5,185508,-6208.47,190408,1.65531e+14
20230101T000008,6,699,8463.39,-450.202,1718.65,0,0,0,5098.27,5842.43,-23260.5,114620,1237.32,114933,1.81923e+14
20230101T000008,6,700,5189.87,1115.87,-425.747,0,0,0,2330.26,-9193.31,3530.32,43111.2,759.055,45088.2,1.47539e+14
20230101T000008,6,701,2770.07,981.706,585.393,0,0,0,2083.8,-4159.02,-2582.97,12345.3,-915.397,13821.7,9.8377e+13
20230101T000008,6,702,10616.4,2491.2,2194.41,0,0,0,17290.6,-40588.6,-37262.6,180736,-8743.92,190263,1.65582e+14
20230101T000008,6,703,5502.12,1975.15,-94.9387,0,0,0,6311.38,-17363.1,834.805,48446.3,299.678,54679.3,1.7236e+14
20230101T000008,6,704,6849.09,1707.03,-366.517,0,0,0,4924.78,-18641.1,4013.27,75072.3,1000.25,79718.5,1.10363e+14
20230101T000008,6,705,8839.55,4277.83,-802.822,0,0,0,30166.8,-60073.3,11349.9,125228,5492.67,154300,1.11532e+14
20230101T000008,6,706,1830.48,1240.94,121.144,0,0,0,2523.68,-3593.86,-351.91,5388.51,-238.571,7825.1,1.14052e+15
20230101T000008,4,624,559.173,-430.594,-23.7635,-4.63034,-8.02717,-0.0968062,196.461,231.397,15.0988,464.144,-8.70933,597.535,0
20230101T000008,4,630,5231.51,932.199,-380.819,-7.9197,-0.351637,0.31355,144.051,-396.57,162.776,2325.19,28.677,2383.91,0
20230101T000008,3,633,1291.36,-1914.42,-301.908,0,0,0,2500,0,0,2500,0,2500,0
20230101T000008,3,634,7178.16,-3529.43,1237.8,0,0,0,2500,0,0,2500,0,2500,0
20230101T000008,3,635,9278.61,-2360.63,-1494.66,0,0,0,2500,0,0,2500,0,2500,0
20230101T000008,3,636,10761.7,1785.73,2173.65,0,0,0,2500,0,0,2500,0,2500,0
20230101T000008,3,637,8463.39,-450.202,1718.65,0,0,0,2500,0,0,2500,0,2500,0
20230101T000008,3,638,2770.07,981.706,585.393,0,0,0,2500,0,0,2500,0,2500,0
20230101T000008,3,639,10616.4,2491.2,2194.41,0,0,0,2500,0,0,2500,0,2500,0
20230101T000008,3,640,5502.12,1975.15,-94.9387,0,0,0,2500,0,0,2500,0,2500,0
20230101T000008,3,641,6849.09,1707.03,-366.517,0,0,0,2500,0,0,2500,0,2500,0
20230101T000008,3,642,8839.55,4277.83,-802.822,0,0,0,2500,0,0,2500,0,2500,0
20230101T000008,3,643,1830.48,1240.94,121.144,0,0,0,2500,0,0,2500,0,2500,0
20230101T000008.100000,6,707,5167.42,-6221.82,-946.082,0,0,0,62548.1,50706.3,7817.36,43608.4,-9412.48,104662,1.72401e+14
20230101T000008.100000,6,708,3348.82,-814.211,-207.68,0,0,0,1186.07,4332.15,1109.04,17950.8,-269.645,19004.3,1.29087e+14
20230101T000008.100000,6,709,11337.8,-4517.99,-1493.86,0,0,0,35795.3,80709,27092.2,206171,-10795.9,238334,1.64571e+14
20230101T000008.100000,6,710,4591.12,-2662.52,143.433,0,0,0,11414.9,19516.2,-1052.13,33749.8,610.161,45067.8,1.12972e+14
20230101T000008.100000,6,711,3261.98,1310.53,496.967,0,0,0,3142.24,-6681.46,-2585.52,17088.4,-1038.75,19774,1.95824e+14
20230101T000008.100000,6,712,448.651,528.34,97.1759,0,0,0,479.257,-340.842,-64.0611,367.308,-75.4395,769.924,8.79733e+23
20230101T000008.100000,3,644,5167.42,-6221.82,-946.082,0,0,0,2500,0,0,2500,0,2500,0
20230101T000008.100000,3,645,3348.82,-814.211,-207.68,0,0,0,2500,0,0,2500,0,2500,0
20230101T000008.100000,3,646,11337.8,-4517.99,-1493.86,0,0,0,2500,0,0,2500,0,2500,0
20230101T000008.100000,3,647,4591.12,-2662.52,143.433,0,0,0,2500,0,0,2500,0,2500,0
20230101T000008.100000,3,648,3261.98,1310.53,496.967,0,0,0,2500,0,0,2500,0,2500,0
20230101T000008.100000,3,649,448.651,528.34,97.1759,0,0,0,2500,0,0,2500,0,2500,0
20230101T000008.200000,6,713,4865.06,-4277.84,-506.692,0,0,0,29547.4,33063.8,3940.4,38076.9,-3464.79,67150.3,9.79507e+13
20230101T000008.200000,6,714,1639.39,-830.428,97.7973,0,0,0,1166.34,2146.33,-253.495,4316.31,128.407,5403.71,1.18546e+14
20230101T000008.200000,6,715,7845.38,-545.454,169.144,0,0,0,585.25,6839.27,-2121.82,98480.4,147.521,98955.9,1.3604e+14
20230101T000008.200000,6,716,8054.39,529.335,-943.361,0,0,0,1928.94,-6724.25,12149.8,103804,798.482,104246,1.11605e+14
20230101T000008.200000,6,717,8665.34,717.352,2011.94,0,0,0,7316.25,-9408.26,-27880.6,120186,-2308.07,120968,1.97002e+14
20230101T000008.200000,6,718,4172.77,1308.56,887.868,0,0,0,3944.06,-8358.86,-5915.89,27977.7,-1855.2,30601.5,2.1495e+14
20230101T000008.200000,6,719,3503.28,1274.92,103.539,0,0,0,2672.31,-7120.2,-578.691,19646.2,-210.599,22237.5,1.96753e+14
20230101T000008.200000,6,720,6858.36,2347.7,-458.611,0,0,0,9177.02,-25639.6,5028.69,75301.4,1721.39,84078.4,1.47184e+14
20230101T000008.200000,6,721,8724.96,4052.34,307.431,0,0,0,26451.4,-56488.3,-4289.87,121838,-1992.45,148074,1.61229e+14
20230101T000008.200000,6,722,1810.27,1653.68,340.945,0,0,0,4511.05,-4665.87,-981.076,5356.47,-896.212,9619.95,1.54232e+15
20230101T000008.200000,6,723,533.857,441.423,100.146,0,0,0,358.531,-338.384,-78.5576,487.978,-64.9558,769.083,3.89222e+24
20230101T000008.200000,6,724,4589.52,6266.88,1756.53,0,0,0,64582.7,-43636.9,-12890.5,36954.8,-17601.6,96543.1,2.12918e+14
20230101T000008.200000,6,725,4158.13,3820.47,988.687,0,0,0,24235.3,-24607.4,-6569.73,28408.4,-6036.24,51019.5,2.42411e+14
20230101T000008.200000,4,649,519.689,467.612,99.4437,7.03345,-6.01276,0.224533,372.872,-254.859,-47.6776,289.164,-56.1461,587.804,0
20230101T000008.200000,3,650,4865.06,-4277.84,-506.692,0,0,0,2500,0,0,2500,0,2500,0
20230101T000008.200000,3,651,1639.39,-830.428,97.7973,0,0,0,2500,0,0,2500,0,2500,0
20230101T000008.200000,3,652,7845.38,-545.454,169.144,0,0,0,2500,0,0,2500,0,2500,0
20230101T000008.200000,3,653,8054.39,529.335,-943.361,0,0,0,2500,0,0,2500,0,2500,0
20230101T000008.200000,3,654,8665.34,717.352,2011.94,0,0,0,2500,0,0,2500,0,2500,0
20230101T000008.200000,3,655,4172.77,1308.56,887.868,0,0,0,2500,0,0,2500,0,2500,0
20230101T000008.200000,3,656,3503.28,1274.92,103.539,0,0,0,2500,0,0,2500,0,2500,0
20230101T000008.200000,3,657,6858.36,2347.7,-458.611,0,0,0,2500,0,0,2500,0,2500,0
20230101T000008.200000,3,658,8724.96,4052.34,307.431,0,0,0,2500,0,0,2500,0,2500,0
20230101T000008.200000,3,659,1810.27,1653.68,340.945,0,0,0,2500,0,0,2500,0,2500,0
20230101T000008.200000,3,660,4589.52,6266.88,1756.53,0,0,0,2500,0,0,2500,0,2500,0
20230101T000008.200000,3,661,4158.13,3820.47,988.687,0,0,0,2500,0,0,2500,0,2500,0
20230101T000008.300000,6,726,2070.56,-701.389,233.91,0,0,0,922.407,2277.8,-768.506,6875.08,260.326,7647.39,1.53907e+14
20230101T000008.300000,6,727,3862.46,-2391.72,-84.3392,0,0,0,9207.01,14747,520.201,23890.6,-322.12,33022.3,1.80365e+14
20230101T000008.300000,6,728,2474.13,-229.019,-187.246,0,0,0,202.638,895.608,736.458,9795.16,-68.1704,9878.42,2.54506e+14
20230101T000008.300000,6,729,8389.24,888.076,-21.2763,0,0,0,1325.89,-11913.7,285.427,112608,30.215,113869,1.3084e+14
20230101T000008.300000,6,730,6757.2,4416.85,-288.637,0,0,0,31351.8,-47662.5,3118.69,73114.7,2038.54,104269,2.82269e+14
20230101T000008.300000,6,731,600.778,344.761,100.449,0,0,0,249.475,-297.371,-88.6722,597.022,-50.8853,768.989,3.17421e+24
20230101T000008.300000,6,732,7137.33,1800.86,695.901,0,0,0,5977.08,-20366.5,-7941.19,81556.5,-2003.69,86695.9,3.51383e+14
20230101T000008.300000,6,733,6347.7,3674.82,1818.27,0,0,0,25614,-35002.9,-18454,65812.2,-10683.4,86079.8,2.54992e+14
20230101T000008.300000,6,734,5314.28,3391.63,772.864,0,0,0,19128.9,-28376.5,-6565.03,45481.3,-4189.87,63592.4,3.17276e+14
20230101T000008.300000,6,735,9745.7,4861.56,1077.84,0,0,0,39354.8,-75039.1,-16801.3,152349,-8381.17,189782,5.57719e+14
20230101T000008.300000,6,736,6138.51,5100.77,-1246,0,0,0,43134.9,-48846.1,12230.2,61330.2,10162.6,101920,2.68745e+14
20230101T000008.300000,3,662,2070.56,-701.389,233.91,0,0,0,2500,0,0,2500,0,2500,0
20230101T000008.300000,3,663,3862.46,-2391.72,-84.3392,0,0,0,2500,0,0,2500,0,2500,0
20230101T000008.300000,3,664,2474.13,-229.019,-187.246,0,0,0,2500,0,0,2500,0,2500,0
20230101T000008.300000,3,665,8389.24,888.076,-21.2763,0,0,0,2500,0,0,2500,0,2500,0
20230101T000008.300000,3,666,6757.2,4416.85,-288.637,0,0,0,2500,0,0,2500,0,2500,0
20230101T000008.300000,3,667,600.778,344.761,100.449,0,0,0,2500,0,0,2500,0,2500,0
20230101T000008.300000,3,668,7137.33,1800.86,695.901,0,0,0,2500,0,0,2500,0,2500,0
20230101T000008.300000,3,669,6347.7,3674.82,1818.27,0,0,0,2500,0,0,2500,0,2500,0
20230101T000008.300000,3,670,5314.28,3391.63,772.864,0,0,0,2500,0,0,2500,0,2500,0
20230101T000008.300000,3,671,9745.7,4861.56,1077.84,0,0,0,2500,0,0,2500,0,2500,0
20230101T000008.300000,3,672,6138.51,5100.77,-1246,0,0,0,2500,0,0,2500,0,2500,0
20230101T000008.400000,6,737,5840.65,-4192.79,352.644,0,0,0,28300.7,39057.3,-3292.93,54670.5,2363.88,82708.5,1.04022e+14
20230101T000008.400000,6,738,9647.44,-5153.25,2196.59,0,0,0,48543.8,76311.3,-33895.4,150644,18105.5,191409,1.36425e+14
20230101T000008.400000,6,739,3130.4,2013.94,817.19,0,0,0,7288.4,-9573.12,-4081.73,16009.7,-2625.98,22171.5,5.73108e+14
20230101T000008.400000,6,740,651.743,235.423,98.3598,0,0,0,157.866,-220.504,-94.1934,688.658,-34.0246,769.573,3.96995e+24
20230101T000008.400000,6,741,6762.94,3911.98,1365.35,0,0,0,26767.1,-41010.7,-14764.6,73943.2,-8540.48,97667.5,2.01047e+14
20230101T000008.400000,4,667,647.061,264.55,98.8547,4.58246,-7.9417,-0.157865,201.093,-222.427,-65.9942,461.051,-37.8713,587.105,0
20230101T000008.400000,3,673,5840.65,-4192.79,352.644,0,0,0,2500,0,0,2500,0,2500,0
20230101T000008.400000,3,674,9647.44,-5153.25,2196.59,0,0,0,2500,0,0,2500,0,2500,0
20230101T000008.400000,3,675,3130.4,2013.94,817.19,0,0,0,2500,0,0,2500,0,2500,0
20230101T000008.400000,3,676,6762.94,3911.98,1365.35,0,0,0,2500,0,0,2500,0,2500,0
20230101T000008.500000,6,742,2051.55,-2938.83,680.283,0,0,0,14081.6,9270.11,-2226.3,7273.55,3189.16,20555.1,1.61721e+14
20230101T000008.500000,6,743,1604.47,-1141.65,-74.8973,0,0,0,2133.76,2896.35,190.292,4143.4,-135.401,6204.37,8.02507e+13
20230101T000008.500000,6,744,2827.33,-679.927,-370.766,0,0,0,1007.14,3011.49,1669.44,12805.5,-401.472,13530.8,1.5649e+14
20230101T000008.500000,6,745,10203.6,-3853.68,2009.96,0,0,0,29472.5,60757.5,-32803.5,167397,12389.2,190346,1.60097e+14
20230101T000008.500000,6,746,9200.33,-4722.48,27.9078,0,0,0,35734.5,69490.9,-410.664,135447,210.792,171117,2.56138e+14
20230101T000008.500000,6,747,682.428,119.02,99.9945,0,0,0,99.034,-116.637,-100.267,747.456,-17.4872,769.104,1.05127e+24
20230101T000008.500000,6,748,4908.05,2710.81,-363.19,0,0,0,11968.1,-21171.4,2848.48,38606.6,1573.27,50300.2,2.4065e+14
20230101T000008.500000,6,749,3166.81,2736.59,-27.7607,0,0,0,12019.7,-13833.8,140.34,16073.8,121.274,28028.2,1.1627e+14
20230101T000008.500000,6,750,6374.42,5939.88,1308.98,0,0,0,57952.3,-59182.7,-13343.5,66316.3,-12433.8,121466,1.33916e+14
20230101T000008.500000,6,751,2694.28,3834.94,432.068,0,0,0,23650.4,-16361.5,-1859.22,11857.1,-2646.34,35145.9,1.26449e+14
20230101T000008.500000,3,677,2051.55,-2938.83,680.283,0,0,0,2500,0,0,2500,0,2500,0
20230101T000008.500000,3,678,1604.47,-1141.65,-74.8973,0,0,0,2500,0,0,2500,0,2500,0
20230101T000008.500000,3,679,2827.33,-679.927,-370.766,0,0,0,2500,0,0,2500,0,2500,0
20230101T000008.500000,3,680,10203.6,-3853.68,2009.96,0,0,0,2500,0,0,2500,0,2500,0
20230101T000008.500000,3,681,9200.33,-4722.48,27.9078,0,0,0,2500,0,0,2500,0,2500,0
20230101T000008.500000,3,682,682.428,119.02,99.9945,0,0,0,2500,0,0,2500,0,2500,0
20230101T000008.500000,3,683,4908.05,2710.81,-363.19,0,0,0,2500,0,0,2500,0,2500,0
20230101T000008.500000,3,684,3166.81,2736.59,-27.7607,0,0,0,2500,0,0,2500,0,2500,0
20230101T000008.500000,3,685,6374.42,5939.88,1308.98,0,0,0,2500,0,0,2500,0,2500,0
20230101T000008.500000,3,686,2694.28,3834.94,432.068,0,0,0,2500,0,0,2500,0,2500,0
20230101T000008.600000,6,752,4381.45,-6012.77,534.707,0,0,0,58026.1,41903.4,-3745.78,31055.8,5140.42,88561.1,1.37952e+14
20230101T000008.600000,6,753,3607.12,-3511.06,629.592,0,0,0,20082.1,19915.2,-3627.97,21157.3,3531.36,40543.1,3.32017e+14
20230101T000008.600000,6,754,7513.47,-2900.07,1257.6,0,0,0,15713.4,33992.3,-15109.2,90659.8,5831.87,103782,5.56229e+14
20230101T000008.600000,6,755,5829.48,-2123.04,-106.985,0,0,0,7284.35,19775.5,996.828,54382.1,-363.036,61584.2,1.06667e+14
20230101T000008.600000,6,756,7711.92,-3125.14,-537.704,0,0,0,16078.5,38378.1,6630.96,95232.2,-2687.09,110785,1.56896e+14
20230101T000008.600000,6,757,11123.6,180.577,828.556,0,0,0,1213.92,-3195.01,-14741.7,197976,-239.312,198029,6.9776e+14
20230101T000008.600000,6,758,693.163,0.0712526,96.8972,0,0,0,77.7959,-0.0710266,-98.6898,768.76,-0.0101447,769.987,1.41398e+24
20230101T000008.600000,6,759,6323.79,101.142,584.293,0,0,0,625.907,-1013.61,-5906.05,63984.8,-94.4609,64001.5,1.80454e+14
20230101T000008.600000,6,760,1461.09,1392.5,-66.2825,0,0,0,3139.68,-3219.87,153.432,3449.42,146.229,6518.21,1.67264e+14
20230101T000008.600000,6,761,1742.87,1143.43,-23.7853,0,0,0,2137.25,-3158.79,65.7169,4879.67,43.1143,6952.04,1.68097e+14
20230101T000008.600000,6,762,7270.62,6503.95,-978.935,0,0,0,68569.1,-74867,11383.2,85288.8,10182.9,152262,8.35474e+13
20230101T000008.600000,4,682,698.508,28.7726,97.6314,1.59208,-8.93537,-0.233962,88.5672,-87.2379,-74.6242,573.552,-13.0149,587.194,0
20230101T000008.600000,3,687,4381.45,-6012.77,534.707,0,0,0,2500,0,0,2500,0,2500,0
20230101T000008.600000,3,688,3607.12,-3511.06,629.592,0,0,0,2500,0,0,2500,0,2500,0
20230101T000008.600000,3,689,7513.47,-2900.07,1257.6,0,0,0,2500,0,0,2500,0,2500,0
20230101T000008.600000,3,690,5829.48,-2123.04,-106.985,0,0,0,2500,0,0,2500,0,2500,0
20230101T000008.600000,3,691,7711.92,-3125.14,-537.704,0,0,0,2500,0,0,2500,0,2500,0
20230101T000008.600000,3,692,11123.6,180.577,828.556,0,0,0,2500,0,0,2500,0,2500,0
20230101T000008.600000,3,693,6323.79,101.142,584.293,0,0,0,2500,0,0,2500,0,2500,0
20230101T000008.600000,3,694,1461.09,1392.5,-66.2825,0,0,0,2500,0,0,2500,0,2500,0
20230101T000008.600000,3,695,1742.87,1143.43,-23.7853,0,0,0,2500,0,0,2500,0,2500,0
20230101T000008.600000,3,696,7270.62,6503.95,-978.935,0,0,0,2500,0,0,2500,0,2500,0
20230101T000008.700000,6,763,3094.19,-3324.23,146.749,0,0,0,17726.4,16408.2,-725.102,15371.2,779.008,32999.3,1.31244e+14
20230101T000008.700000,6,764,2603.81,-1197.1,54.8061,0,0,0,2349.64,4961.11,-227.216,10859.7,104.462,13140.6,3.80901e+14
20230101T000008.700000,6,765,10323.3,-3480.39,2078.62,0,0,0,25643.9,55375.3,-34322.1,171226,11571.3,189897,3.42228e+14
20230101T000008.700000,6,766,7196.86,-2012.42,1801.42,0,0,0,11351.5,21810.7,-20729.3,83252.6,5796.42,89355,2.65911e+14
20230101T000008.700000,6,767,4758.25,-1893.46,-302.726,0,0,0,5917.98,14343,2301.21,36254.3,-915.729,41962.1,3.04949e+14
20230101T000008.700000,6,768,682.815,-119.611,96.5586,0,0,0,98.2772,117.47,-96.8768,748.291,16.9703,770.086,1.60397e+24
20230101T000008.700000,6,769,9269.01,1081.2,-17.1929,0,0,0,1934,-16027.3,254.86,137464,29.7287,139334,1.43642e+14
20230101T000008.700000,6,770,9850.33,4567.56,1372.47,0,0,0,35912.5,-70812.8,-21623.5,155791,-10026.7,188627,2.36933e+14
20230101T000008.700000,6,771,7120.8,9594.3,-3104.4,0,0,0,152779,-101902,35360,91110.6,47642.8,228414,2.13874e+14
20230101T000008.700000,4,680,10205.3,-3848.68,2010.85,0.329268,0.961671,0.172267,446.823,799.974,-417.437,2262.83,157.657,2483.87,0
20230101T000008.700000,3,697,3094.19,-3324.23,146.749,0,0,0,2500,0,0,2500,0,2500,0
20230101T000008.700000,3,698,2603.81,-1197.1,54.8061,0,0,0,2500,0,0,2500,0,2500,0
20230101T000008.700000,3,699,7196.86,-2012.42,1801.42,0,0,0,2500,0,0,2500,0,2500,0
20230101T000008.700000,3,700,4758.25,-1893.46,-302.726,0,0,0,2500,0,0,2500,0,2500,0
20230101T000008.700000,3,701,682.815,-119.611,96.5586,0,0,0,2500,0,0,2500,0,2500,0
20230101T000008.700000,3,702,9269.01,1081.2,-17.1929,0,0,0,2500,0,0,2500,0,2500,0
20230101T000008.700000,3,703,9850.33,4567.56,1372.47,0,0,0,2500,0,0,2500,0,2500,0
20230101T000008.700000,3,704,7120.8,9594.3,-3104.4,0,0,0,2500,0,0,2500,0,2500,0
20230101T000008.800000,6,772,5141.13,-3805.86,-507.951,0,0,0,23483.1,31078.4,4174.24,42458.5,-3090.1,65465.6,1.03085e+14
20230101T000008.800000,6,773,651.938,-235.566,96.7127,0,0,0,157.551,220.872,-92.6437,689.015,33.4751,770.045,5.68677e+23
20230101T000008.800000,6,774,8318.67,-4747.14,769.536,0,0,0,36819.3,62748.6,-10238,110969,5842.42,146777,1.93784e+14
20230101T000008.800000,6,775,7196.52,-422.662,564.307,0,0,0,856.977,4833.17,-6492.71,82865.9,381.326,83150.2,2.26078e+14
20230101T000008.800000,6,776,5639.53,1898.16,-349.644,0,0,0,5997.83,-17049.2,3151.37,50913.3,1060.69,56652,1.17057e+14
20230101T000008.800000,6,777,6659.82,9967.74,2660.9,0,0,0,162484,-100952,-28346.3,78839.6,-42425.8,229937,3.80611e+14
20230101T000008.800000,6,778,6982.35,8428.14,1191,0,0,0,114603,-93011.1,-13301.2,79388.5,-16055.4,191660,1.23942e+14
20230101T000008.800000,6,779,6624.71,8863.29,446.408,0,0,0,125830,-93763.2,-4730.18,70464.4,-6328.57,195912,9.60729e+13
20230101T000008.800000,4,701,666.908,-210.329,96.6762,-1.57496,-8.98202,0.0116483,87.9997,87.8314,-72.1011,574.01,12.6302,587.927,0
20230101T000008.800000,3,705,5141.13,-3805.86,-507.951,0,0,0,2500,0,0,2500,0,2500,0
20230101T000008.800000,3,706,8318.67,-4747.14,769.536,0,0,0,2500,0,0,2500,0,2500,0
20230101T000008.800000,3,707,7196.52,-422.662,564.307,0,0,0,2500,0,0,2500,0,2500,0
20230101T000008.800000,3,708,5639.53,1898.16,-349.644,0,0,0,2500,0,0,2500,0,2500,0
20230101T000008.800000,3,709,6659.83,9967.74,2660.9,0,0,0,2500,0,0,2500,0,2500,0
20230101T000008.800000,3,710,6982.35,8428.14,1191,0,0,0,2500,0,0,2500,0,2500,0
20230101T000008.800000,3,711,6624.71,8863.29,446.408,0,0,0,2500,0,0,2500,0,2500,0
20230101T000008.900000,6,780,8384.19,-5358.31,-579.248,0,0,0,46364.8,71607.6,7767.31,112645,-4964.07,158410,2.27627e+14
20230101T000008.900000,6,781,3219.52,-1358.36,-405.305,0,0,0,3228.93,6880.46,2081.07,16633.8,-878.03,19537.6,8.24515e+13
20230101T000008.900000,6,782,600.885,-345.859,96.6641,0,0,0,249.776,298.908,-85.3483,597.043,49.125,770.31,6.20825e+21
20230101T000008.900000,6,783,6534.11,-2221.64,228.871,0,0,0,8029.5,23181.2,-2390.74,68326.6,812.866,76208.4,1.11049e+14
20230101T000008.900000,6,784,8715.88,-3584.57,-2390.8,0,0,0,28432.4,46750,33326.5,122878,-13706.2,142109,2.24578e+14
20230101T000008.900000,6,785,2081.19,91.1448,77.0212,0,0,0,86.5555,-300.294,-254.112,6930.29,-11.1287,6943.53,1.93958e+14
20230101T000008.900000,6,786,8882.31,580.403,357.743,0,0,0,806.511,-8231.03,-5081.57,126234,-332.049,126772,1.00613e+14
20230101T000008.900000,6,787,5682.87,21.7081,101.318,0,0,0,81.1571,-197.076,-920.104,51671.9,-3.51473,51672.7,1.21028e+14
20230101T000008.900000,6,788,3710.4,1321.56,139.731,0,0,0,2878.89,-7815.57,-827.397,22038,-294.701,24821.8,1.12587e+14
20230101T000008.900000,6,789,3817.48,2328.37,-709.831,0,0,0,9307.18,-13835.5,4327.16,23552.5,2639.24,31992.7,1.93244e+14
20230101T000008.900000,6,790,9201.6,2762.34,166.672,0,0,0,12308.3,-40638.8,-2452.78,135480,-736.329,147680,2.29869e+14
20230101T000008.900000,6,791,1023.68,1242.15,93.2952,0,0,0,2500.13,-1996.35,-150.455,1722.94,-182.565,4145.57,1.40935e+14
20230101T000008.900000,6,792,4981.36,5811.56,-43.1868,0,0,0,54067.1,-46286.1,343.972,39741,401.298,93741.1,1.11285e+14
20230101T000008.900000,6,793,7567.68,4690,3204.16,0,0,0,47102.9,-49407.2,-38779.5,96205.7,-24033.3,126833,3.39847e+14
20230101T000008.900000,6,794,4149.66,5600.55,26.1483,0,0,0,50209,-37153.4,-173.467,27593.5,-234.119,77737.3,2.00171e+14
20230101T000008.900000,6,795,4007.61,3628.63,-428.454,0,0,0,21263.4,-23089.6,2743.59,25858.5,2484.14,46765,1.36855e+14
20230101T000008.900000,3,712,8384.19,-5358.31,-579.248,0,0,0,2500,0,0,2500,0,2500,0
20230101T000008.900000,3,713,3219.52,-1358.36,-405.305,0,0,0,2500,0,0,2500,0,2500,0
20230101T000008.900000,3,714,600.885,-345.859,96.6641,0,0,0,2500,0,0,2500,0,2500,0
20230101T000008.900000,3,715,6534.11,-2221.64,228.871,0,0,0,2500,0,0,2500,0,2500,0
20230101T000008.900000,3,716,8715.88,-3584.57,-2390.8,0,0,0,2500,0,0,2500,0,2500,0
20230101T000008.900000,3,717,2081.19,91.1447,77.0212,0,0,0,2500,0,0,2500,0,2500,0
20230101T000008.900000,3,718,8882.31,580.403,357.743,0,0,0,2500,0,0,2500,0,2500,0
20230101T000008.900000,3,719,5682.87,21.7081,101.318,0,0,0,2500,0,0,2500,0,2500,0
20230101T000008.900000,3,720,3710.4,1321.56,139.731,0,0,0,2500,0,0,2500,0,2500,0
20230101T000008.900000,3,721,3817.48,2328.37,-709.831,0,0,0,2500,0,0,2500,0,2500,0
20230101T000008.900000,3,722,9201.6,2762.34,166.672,0,0,0,2500,0,0,2500,0,2500,0
20230101T000008.900000,3,723,1023.68,1242.15,93.2952,0,0,0,2500,0,0,2500,0,2500,0
20230101T000008.900000,3,724,4981.36,5811.56,-43.1868,0,0,0,2500,0,0,2500,0,2500,0
20230101T000008.900000,3,725,7567.68,4690,3204.16,0,0,0,2500,0,0,2500,0,2500,0
20230101T000008.900000,3,726,4149.66,5600.55,26.1483,0,0,0,2500,0,0,2500,0,2500,0
20230101T000008.900000,3,727,4007.61,3628.63,-428.454,0,0,0,2500,0,0,2500,0,2500,0
20230101T000009,6,796,2642.76,-1666.34,-129.289,0,0,0,4507.54,7005.07,544.452,11200.5,-343.293,15617.5,2.43739e+14
20230101T000009,6,797,532.09,-443.668,99.7418,0,0,0,361.321,339.045,-77.9815,485.234,65.0226,769.236,2.80727e+23
20230101T000009,6,798,4965.33,-4920.06,-639.119,0,0,0,39093,38729.1,5073.38,39802.5,-5027.12,78179,2.15876e+14
20230101T000009,6,799,4351.61,-3158.27,569.157,0,0,0,16340.4,21713.2,-3957.38,30499.1,2872.15,46258.5,1.0121e+14
20230101T000009,6,800,5151.49,-1823.36,285.043,0,0,0,5491.69,14967.9,-2346.29,42482.2,830.466,47780.2,1.45986e+14
20230101T000009,6,801,2404.96,-1024.53,204.045,0,0,0,1789.68,3895.36,-780.584,9274.12,332.534,10934,3.33802e+14
20230101T000009,6,802,2527.18,87.682,-245.708,0,0,0,172.106,-348.997,987.363,10218.8,34.2571,10231.6,1.57548e+14
20230101T000009,6,803,1499.85,-252.081,-174.703,0,0,0,210.595,586.626,412.088,3602.34,-69.2602,3701.77,2.1112e+14
20230101T000009,6,804,4081.91,-107.193,551.203,0,0,0,566.981,685.679,-3591.46,26659.6,94.3137,26678.7,1.16954e+14
20230101T000009,6,805,3931.68,2398.26,-180.37,0,0,0,9287.13,-15035.1,1132.51,24764.4,690.814,33935.7,1.39688e+14
20230101T000009,6,806,8128.09,3226.09,-107.584,0,0,0,16723.5,-41926.8,1398.4,105717,555.032,122358,1.28151e+14
20230101T000009,6,807,8651.89,6751.13,2093.98,0,0,0,77323.4,-90023.6,-28977.7,122447,-22611.5,192695,2.73743e+14
20230101T000009,6,808,8665.17,5711.69,1914.14,0,0,0,56327.3,-76466.3,-26528.6,121931,-17486.4,172336,1.25248e+14
20230101T000009,4,714,554.732,-425.224,99.0112,-4.56962,-7.85794,0.232387,201.265,223.476,-63.516,460.897,36.5588,588.053,0
20230101T000009,3,728,2642.76,-1666.34,-129.289,0,0,0,2500,0,0,2500,0,2500,0
20230101T000009,3,729,4965.33,-4920.06,-639.119,0,0,0,2500,0,0,2500,0,2500,0
20230101T000009,3,730,4351.61,-3158.27,569.157,0,0,0,2500,0,0,2500,0,2500,0
20230101T000009,3,731,5151.49,-1823.36,285.043,0,0,0,2500,0,0,2500,0,2500,0
20230101T000009,3,732,2404.96,-1024.53,204.045,0,0,0,2500,0,0,2500,0,2500,0
20230101T000009,3,733,2527.18,87.682,-245.708,0,0,0,2500,0,0,2500,0,2500,0
20230101T000009,3,734,1499.85,-252.081,-174.703,0,0,0,2500,0,0,2500,0,2500,0
20230101T000009,3,735,4081.91,-107.193,551.203,0,0,0,2500,0,0,2500,0,2500,0
20230101T000009,3,736,3931.68,2398.26,-180.37,0,0,0,2500,0,0,2500,0,2500,0
20230101T000009,3,737,8128.09,3226.09,-107.584,0,0,0,2500,0,0,2500,0,2500,0
20230101T000009,3,738,8651.89,6751.13,2093.98,0,0,0,2500,0,0,2500,0,2500,0
20230101T000009,3,739,8665.17,5711.69,1914.14,0,0,0,2500,0,0,2500,0,2500,0
20230101T000009.100000,6,809,3074.32,-3155.63,-263.761,0,0,0,16018,15434.8,1294.75,15212.2,-1328.99,31055.3,1.833e+14
20230101T000009.100000,6,810,5612.01,-4781.1,-273.441,0,0,0,36680.6,42839.9,2453.48,50468.6,-2090.22,86965.7,2.01622e+14
20230101T000009.100000,6,811,5932.55,-5525.14,-1385.2,0,0,0,50520.9,50883,13140.6,57767.1,-12238.2,105158,2.09541e+14
20230101T000009.100000,6,812,3727.75,-2976.98,408.911,0,0,0,14382,17594.5,-2434.65,22362.7,1944.31,36414.1,1.43839e+14
20230101T000009.100000,6,813,3501.32,-3904.64,-581.147,0,0,0,24662.9,21574.2,3250.97,19949.3,-3625.45,44009.4,1.28192e+14
20230101T000009.100000,6,814,4240.1,-1060.26,-613.482,0,0,0,2424.45,7036.49,4153.42,28804.7,-1038.58,30565.5,1.74144e+14
20230101T000009.100000,6,815,6180.23,-2740.43,1040.16,0,0,0,13514.8,26433.7,-10276.7,61407.2,4556.88,73129.9,1.32755e+14
20230101T000009.100000,6,816,3760.78,2087.41,-515.847,0,0,0,7345.39,-12353,3097.36,22744.7,1719.18,29602.1,1.60732e+14
20230101T000009.100000,6,817,5588.64,1795.67,547.666,0,0,0,5651.58,-15898.3,-4891.5,50023.5,-1571.67,55132.2,1.82297e+14
20230101T000009.100000,6,818,6151.41,3886.13,-232.842,0,0,0,24270.9,-38180.2,2289.96,60586.7,1446.68,84707,1.29181e+14
20230101T000009.100000,6,819,563.466,676.069,-188.454,0,0,0,779.687,-551.464,161.511,577.632,193.787,1242.11,5.81231e+23
20230101T000009.100000,6,820,5487.36,4218.46,36.0167,0,0,0,28514.2,-37005.2,-315.954,48202.3,-242.893,76650.4,2.13718e+14
20230101T000009.100000,3,740,3074.32,-3155.63,-263.761,0,0,0,2500,0,0,2500,0,2500,0
20230101T000009.100000,3,741,5612.01,-4781.1,-273.441,0,0,0,2500,0,0,2500,0,2500,0
20230101T000009.100000,3,742,5932.55,-5525.14,-1385.2,0,0,0,2500,0,0,2500,0,2500,0
20230101T000009.100000,3,743,3727.75,-2976.98,408.911,0,0,0,2500,0,0,2500,0,2500,0
20230101T000009.100000,3,744,3501.32,-3904.64,-581.147,0,0,0,2500,0,0,2500,0,2500,0
20230101T000009.100000,3,745,4240.1,-1060.26,-613.482,0,0,0,2500,0,0,2500,0,2500,0
20230101T000009.100000,3,746,6180.23,-2740.43,1040.16,0,0,0,2500,0,0,2500,0,2500,0
20230101T000009.100000,3,747,3760.78,2087.41,-515.847,0,0,0,2500,0,0,2500,0,2500,0
20230101T000009.100000,3,748,5588.64,1795.67,547.666,0,0,0,2500,0,0,2500,0,2500,0
20230101T000009.100000,3,749,6151.41,3886.13,-232.842,0,0,0,2500,0,0,2500,0,2500,0
20230101T000009.100000,3,750,563.466,676.069,-188.454,0,0,0,2500,0,0,2500,0,2500,0
20230101T000009.100000,3,751,5487.36,4218.46,36.0167,0,0,0,2500,0,0,2500,0,2500,0
20230101T000009.200000,6,821,5379.02,-8771.47,-1762.62,0,0,0,124477,73248.1,15164.3,49951.8,-24728.1,169398,4.06389e+14
20230101T000009.200000,6,822,4204.26,-4773.72,-291.456,0,0,0,36548.7,32012.8,1958.64,28393.8,-2223.93,64742.9,9.50893e+13
20230101T000009.200000,6,823,4147,-1639.45,-165.11,0,0,0,4393.48,10841.3,1093.34,27530.7,-432.233,31816.7,6.60906e+13
20230101T000009.200000,6,824,3632.27,-1663.31,-159.043,0,0,0,4512.85,9627.05,921.985,21127.5,-422.201,25536.1,3.83252e+14
20230101T000009.200000,6,825,9441.49,1242.71,288.794,0,0,0,2664.94,-18747.3,-4360.71,142630,-573.965,145098,1.20851e+14
20230101T000009.200000,6,826,676.871,562.816,-187.177,0,0,0,576.164,-551.867,192.7,780.992,160.23,1242.64,5.11539e+22
20230101T000009.200000,4,750,646.227,607.238,-187.605,8.19418,-6.81497,0.0840304,530.401,-361.023,104.088,398.123,124.889,821.667,0
20230101T000009.200000,3,752,5379.02,-8771.47,-1762.62,0,0,0,2500,0,0,2500,0,2500,0
20230101T000009.200000,3,753,4204.26,-4773.72,-291.456,0,0,0,2500,0,0,2500,0,2500,0
20230101T000009.200000,3,754,4147,-1639.45,-165.11,0,0,0,2500,0,0,2500,0,2500,0
20230101T000009.200000,3,755,3632.27,-1663.31,-159.043,0,0,0,2500,0,0,2500,0,2500,0
20230101T000009.200000,3,756,9441.49,1242.71,288.794,0,0,0,2500,0,0,2500,0,2500,0
20230101T000009.300000,6,827,12.8553,-9.84505,1.75241,0,0,0,40.0314,-30.3362,5.3994,23.6521,-4.13506,1.16044,1.8248e+14
20230101T000009.300000,6,828,5270.76,-4392.09,-1030.61,0,0,0,31904.7,36172.8,8684.15,45171.5,-7236.45,75315.6,1.38616e+14
20230101T000009.300000,6,829,2845.98,107.578,-107.609,0,0,0,100.835,-486.752,487.593,12959.5,18.431,12978,3.09463e+14
20230101T000009.300000,6,830,761.995,439.632,-189.86,0,0,0,398.393,-484.56,220.045,958.695,126.954,1241.11,9.72497e+22
20230101T000009.300000,6,831,5857.62,2321.81,145.583,0,0,0,8709.84,-21726.9,-1363.05,54912.1,-540.278,63524.1,2.08156e+14
20230101T000009.300000,6,832,2996.91,2671.43,-252.227,0,0,0,11510.7,-12727.4,1206.45,14443.6,1075.43,25789.1,1.17952e+14
20230101T000009.300000,4,729,4922.44,-4849.03,-645.403,-11.8047,19.5519,-1.72956,1346.86,1274.63,165.623,1370.21,-164.113,2612.63,0
20230101T000009.300000,3,757,12.8553,-9.84505,1.75241,0,0,0,2500,0,0,2500,0,2500,0
20230101T000009.300000,3,758,2845.98,107.578,-107.609,0,0,0,2500,0,0,2500,0,2500,0
20230101T000009.300000,3,759,761.996,439.632,-189.86,0,0,0,2500,0,0,2500,0,2500,0
20230101T000009.300000,3,760,5857.62,2321.81,145.583,0,0,0,2500,0,0,2500,0,2500,0
20230101T000009.300000,3,761,2996.91,2671.43,-252.227,0,0,0,2500,0,0,2500,0,2500,0
20230101T000009.400000,6,833,9784.1,-6630.36,-328.28,0,0,0,70500.7,103686,5137.61,153240,-3481.59,223505,1.05861e+14
20230101T000009.400000,6,834,7107.77,-4800.68,310.016,0,0,0,37023.9,54494.4,-3523.72,80900.8,2379.97,117707,2.21092e+14
20230101T000009.400000,6,835,2348.36,-1248.8,-382.971,0,0,0,2727.03,4568.95,1431,8889.23,-760.971,11320.2,1.51474e+14
20230101T000009.400000,6,836,7467.16,-4789.75,284.028,0,0,0,36843.5,57137.7,-3391.69,89269.9,2175.57,125921,1.914e+14
20230101T000009.400000,6,837,5618.37,-2163.3,1285.17,0,0,0,9842.55,18540.1,-11540.7,50854.8,4443.65,57996.3,1.20333e+14
20230101T000009.400000,6,838,6315.46,-2217.29,-811.538,0,0,0,8860.45,22056,8193.16,63938.5,-2876.53,71683.1,1.02678e+14
20230101T000009.400000,6,839,3466.99,639.361,724.902,0,0,0,1526.56,-3385.75,-4008.75,19261.7,-739.269,19888.6,2.08767e+14
20230101T000009.400000,6,840,10192.6,926.657,436.189,0,0,0,1739.19,-15078.8,-7110.71,166224,-646.47,167595,9.31145e+13
20230101T000009.400000,6,841,4655.22,-181.673,669.713,0,0,0,831.95,1322.76,-4979.25,34674.8,194.319,34727.8,1.64746e+14
20230101T000009.400000,6,842,3801.72,585.91,-693.593,0,0,0,1361.67,-3438.74,4207.91,23144.2,648.511,23676.2,2.55855e+14
20230101T000009.400000,6,843,828.612,297.392,-186.944,0,0,0,245.293,-357.026,235.606,1111.92,84.56,1242.82,1.12616e+23
20230101T000009.400000,6,844,7632.45,5058.96,-906.55,0,0,0,41906.5,-61144.8,11065.5,93627.5,7334.45,134156,1.45383e+14
20230101T000009.400000,6,845,3659.22,3777.19,-728.643,0,0,0,23269.1,-21658.6,4259.97,21894.4,4397.31,44252.4,1.12132e+14
20230101T000009.400000,4,759,815.084,348.477,-187.935,5.25631,-9.02527,0.190657,280.83,-317.318,141.818,647.748,81.8217,821.062,0
20230101T000009.400000,3,762,9784.1,-6630.36,-328.28,0,0,0,2500,0,0,2500,0,2500,0
20230101T000009.400000,3,763,7107.77,-4800.68,310.016,0,0,0,2500,0,0,2500,0,2500,0
20230101T000009.400000,3,764,2348.36,-1248.8,-382.971,0,0,0,2500,0,0,2500,0,2500,0
20230101T000009.400000,3,765,7467.17,-4789.75,284.028,0,0,0,2500,0,0,2500,0,2500,0
20230101T000009.400000,3,766,5618.37,-2163.3,1285.17,0,0,0,2500,0,0,2500,0,2500,0
20230101T000009.400000,3,767,6315.46,-2217.29,-811.538,0,0,0,2500,0,0,2500,0,2500,0
20230101T000009.400000,3,768,3466.99,639.361,724.902,0,0,0,2500,0,0,2500,0,2500,0
20230101T000009.400000,3,769,10192.6,926.657,436.189,0,0,0,2500,0,0,2500,0,2500,0
20230101T000009.400000,3,770,4655.22,-181.673,669.713,0,0,0,2500,0,0,2500,0,2500,0
20230101T000009.400000,3,771,3801.72,585.91,-693.593,0,0,0,2500,0,0,2500,0,2500,0
20230101T000009.400000,3,772,7632.45,5058.96,-906.55,0,0,0,2500,0,0,2500,0,2500,0
20230101T000009.400000,3,773,3659.22,3777.19,-728.643,0,0,0,2500,0,0,2500,0,2500,0
20230101T000009.500000,6,846,6634.92,-7763,-563.496,0,0,0,96664,82128.5,5979.71,70765.9,-6996.4,166858,1.32219e+14
20230101T000009.500000,6,847,3018.89,-3637.43,340.082,0,0,0,21270.9,17447.4,-1639.74,14729.2,1975.71,35751.7,1.35017e+14
20230101T000009.500000,6,848,3702.11,-4966.7,1247.21,0,0,0,40379.9,28197.6,-7380.3,23568.5,9901.3,61400.5,1.52482e+14
20230101T000009.500000,6,849,3752.27,-3970.24,529.061,0,0,0,25461.7,23580.7,-3172.07,22797.3,3356.34,47748.4,1.49519e+14
20230101T000009.500000,6,850,4137.19,-1638.74,-343.044,0,0,0,4514.5,10761.4,2266.22,27420.3,-897.651,31683.2,1.12759e+15
20230101T000009.500000,6,851,8083.76,-3766.54,1471.21,0,0,0,25595.5,47366.9,-19019.4,105184,8861.86,127256,1.43693e+14
20230101T000009.500000,6,852,6449.15,-3492.22,-1267.55,0,0,0,21548.8,34932.5,13069.9,67143.3,-7077.36,86061.1,1.11911e+14
20230101T000009.500000,6,853,5985.77,-2184.94,-601.295,0,0,0,8204.82,20719,5753.13,57402.7,-2100.02,64966.1,2.16388e+14
20230101T000009.500000,6,854,866.436,153.378,-189.285,0,0,0,152.535,-192.289,249.448,1204.74,44.1577,1241.61,1.29817e+22
20230101T000009.500000,6,855,8070.71,999.675,-1984.4,0,0,0,7863.79,-12133,25610.2,104314,3172.19,105821,1.24106e+14
20230101T000009.500000,6,856,2547.87,1313,-15.9934,0,0,0,2809.26,-5326.35,64.8813,10400.1,33.4355,13145,1.40151e+14
20230101T000009.500000,6,857,867.603,143.239,-192.254,0,0,0,149.857,-179.518,253.705,1207.57,41.8859,1240.12,1.20665e+22
20230101T000009.500000,6,858,7500.48,3833.32,876.087,0,0,0,24534.8,-45479.5,-10507.9,90279.1,-5370.32,113523,1.0789e+14
20230101T000009.500000,6,859,9864.87,6204.18,-1143.58,0,0,0,63131.8,-96954,18044.8,156316,11348.7,217293,1.56741e+14
20230101T000009.500000,4,754,4147.12,-1639.75,-179.166,0.0337175,-0.0822643,-3.86881,396.244,835.651,84.168,2179.66,-33.2745,2506.94,0
20230101T000009.500000,3,774,6634.92,-7763,-563.496,0,0,0,2500,0,0,2500,0,2500,0
20230101T000009.500000,3,775,3018.89,-3637.43,340.082,0,0,0,2500,0,0,2500,0,2500,0
20230101T000009.500000,3,776,3702.11,-4966.7,1247.21,0,0,0,2500,0,0,2500,0,2500,0
20230101T000009.500000,3,777,3752.27,-3970.24,529.061,0,0,0,2500,0,0,2500,0,2500,0
20230101T000009.500000,3,778,8083.76,-3766.54,1471.21,0,0,0,2500,0,0,2500,0,2500,0
20230101T000009.500000,3,779,6449.15,-3492.22,-1267.55,0,0,0,2500,0,0,2500,0,2500,0
20230101T000009.500000,3,780,5985.77,-2184.94,-601.295,0,0,0,2500,0,0,2500,0,2500,0
20230101T000009.500000,3,781,866.436,153.378,-189.285,0,0,0,2500,0,0,2500,0,2500,0
20230101T000009.500000,3,782,8070.71,999.675,-1984.4,0,0,0,2500,0,0,2500,0,2500,0
20230101T000009.500000,3,783,2547.87,1313,-15.9934,0,0,0,2500,0,0,2500,0,2500,0
20230101T000009.500000,3,784,867.603,143.239,-192.254,0,0,0,2500,0,0,2500,0,2500,0
20230101T000009.500000,3,785,7500.48,3833.32,876.087,0,0,0,2500,0,0,2500,0,2500,0
20230101T000009.500000,3,786,9864.87,6204.18,-1143.58,0,0,0,2500,0,0,2500,0,2500,0
20230101T000009.600000,6,860,6210.25,-5673.37,-1439.58,0,0,0,53340.7,54690.8,14296.4,63244.2,-13060.5,113209,2.46904e+14
20230101T000009.600000,6,861,5118.56,-2200.49,1349.68,0,0,0,10258.5,16941.9,-11040,42383.6,4746.14,49670.5,2.53199e+14
20230101T000009.600000,6,862,880.594,2.22313,-185.974,0,0,0,116.613,-2.8379,249.09,1240.72,0.628846,1243.46,1.229e+23
20230101T000009.600000,6,863,5885.61,655.014,-809.023,0,0,0,1782.95,-6046.22,7610.03,55438.3,846.925,56112.4,2.25343e+14
20230101T000009.600000,6,864,3184.41,989.911,-161.334,0,0,0,1664.08,-5013.75,819.055,16234.1,254.613,17792.8,2.15181e+14
20230101T000009.600000,6,865,3203.24,2084.2,-409.656,0,0,0,7183.31,-10530.2,2093.88,16515.9,1362.39,23368.1,1.5386e+14
20230101T000009.600000,6,866,5506.37,6228.8,-977.563,0,0,0,62775.1,-54086.8,8607.6,49405.8,9736.91,110590,1.21012e+14
20230101T000009.600000,6,867,5562.58,3854.75,-314.363,0,0,0,23924.5,-34203.9,2795.43,49579.7,1937.17,73282.4,1.28394e+14
20230101T000009.600000,4,784,883.89,49.5656,-188.101,1.61252,-9.27457,0.411234,118.062,-117.596,163.495,810.934,26.9925,820.346,0
20230101T000009.600000,3,787,6210.25,-5673.37,-1439.58,0,0,0,2500,0,0,2500,0,2500,0
20230101T000009.600000,3,788,5118.56,-2200.49,1349.68,0,0,0,2500,0,0,2500,0,2500,0
20230101T000009.600000,3,789,5885.61,655.014,-809.023,0,0,0,2500,0,0,2500,0,2500,0
20230101T000009.600000,3,790,3184.41,989.911,-161.334,0,0,0,2500,0,0,2500,0,2500,0
20230101T000009.600000,3,791,3203.24,2084.2,-409.656,0,0,0,2500,0,0,2500,0,2500,0
20230101T000009.600000,3,792,5506.37,6228.8,-977.563,0,0,0,2500,0,0,2500,0,2500,0
20230101T000009.600000,3,793,5562.58,3854.75,-314.363,0,0,0,2500,0,0,2500,0,2500,0
20230101T000009.700000,6,868,2871.09,-3241.91,-117.186,0,0,0,16853.7,14849.8,537.173,13237.2,-606.552,30005,9.74385e+13
20230101T000009.700000,6,869,251.718,-177.791,27.89,0,0,0,93.7574,41.105,-6.54013,122.922,4.61935,152.474,5.19212e+14
20230101T000009.700000,6,870,2980.5,-1755.42,800.063,0,0,0,5735.87,7896.81,-3803.23,14492.8,2239.98,19147,1.6477e+14
20230101T000009.700000,6,871,10913.5,-5221.01,-1280.53,0,0,0,45800.8,90120.9,22354.1,191067,-10694.2,234181,1.62425e+14
20230101T000009.700000,6,872,10359.7,-2261.11,1857.61,0,0,0,13509.6,36315.8,-30780.2,171970,6718.12,179898,3.27167e+14
20230101T000009.700000,6,873,866.065,-155.958,-188.457,0,0,0,153.229,195.527,248.248,1203.82,-44.7038,1241.83,1.62015e+22
20230101T000009.700000,6,874,864.914,-159.747,-190.687,0,0,0,156.2,199.759,250.853,1200.86,-46.3317,1240.63,1.67047e+22
20230101T000009.700000,6,875,10576.5,-1892.6,664.439,0,0,0,6477.3,31893.8,-11240,179004,2011.33,184712,3.01589e+14
20230101T000009.700000,6,876,5471.62,607.506,594.422,0,0,0,1211.45,-5249.52,-5197.13,47909.4,-577.03,48493,1.45028e+14
20230101T000009.700000,6,877,6454.25,9495.73,-37.3045,0,0,0,144291,-98029.7,385.12,66697,566.602,210922,1.12726e+14
20230101T000009.700000,3,794,2871.09,-3241.91,-117.186,0,0,0,2500,0,0,2500,0,2500,0
20230101T000009.700000,3,795,251.718,-177.791,27.89,0,0,0,2500,0,0,2500,0,2500,0
20230101T000009.700000,3,796,2980.5,-1755.42,800.063,0,0,0,2500,0,0,2500,0,2500,0
20230101T000009.700000,3,797,10913.5,-5221.01,-1280.53,0,0,0,2500,0,0,2500,0,2500,0
20230101T000009.700000,3,798,10359.7,-2261.11,1857.61,0,0,0,2500,0,0,2500,0,2500,0
20230101T000009.700000,3,799,866.065,-155.958,-188.457,0,0,0,2500,0,0,2500,0,2500,0
20230101T000009.700000,3,800,864.914,-159.747,-190.687,0,0,0,2500,0,0,2500,0,2500,0
20230101T000009.700000,3,801,10576.5,-1892.6,664.439,0,0,0,2500,0,0,2500,0,2500,0
20230101T000009.700000,3,802,5471.62,607.506,594.422,0,0,0,2500,0,0,2500,0,2500,0
20230101T000009.700000,3,803,6454.25,9495.73,-37.3045,0,0,0,2500,0,0,2500,0,2500,0
20230101T000009.800000,6,878,8209.07,-7273.43,444.462,0,0,0,84857.4,95344.4,-5835.86,107989,5170.71,192467,1.16201e+14
20230101T000009.800000,6,879,9056.44,-6629.36,1021.38,0,0,0,71445.5,95235.6,-14795.4,131835,10830.3,201549,1.52281e+14
20230101T000009.800000,6,880,6745.12,-6670.32,1721.93,0,0,0,73618.8,69584.4,-18575.4,75170.8,18369.4,143986,1.05206e+14
20230101T000009.800000,6,881,10306.4,-2546.09,-859.842,0,0,0,11546.9,41695.6,14174.1,170028,-3501.54,180329,3.97641e+14
20230101T000009.800000,6,882,826.975,-301.785,-187.231,0,0,0,249.25,361.528,235.503,1108.01,-85.9412,1242.71,6.45142e+22
20230101T000009.800000,6,883,7439.49,-3922.53,2148.88,0,0,0,30446.1,43617.6,-25564.9,90173.8,13479.3,113175,2.75506e+14
20230101T000009.800000,6,884,3098.58,335.711,-407.141,0,0,0,504.665,-1629.22,2010.32,15365.7,217.806,15543.3,1.5868e+14
20230101T000009.800000,6,885,10096.9,78.5035,812.572,0,0,0,1129.82,-1259.52,-13122.1,163117,-102.024,163127,1.48055e+14
20230101T000009.800000,6,886,10587.9,-1011.96,-562.143,0,0,0,2202.78,17089.4,9519.75,179372,-909.868,181006,3.92021e+14
20230101T000009.800000,6,887,7775.3,-754.656,-291.508,0,0,0,1109.22,9369.07,3624.13,96730.3,-351.751,97639.8,1.192e+14
20230101T000009.800000,6,888,2068.31,666.831,199.93,0,0,0,826.881,-2169.53,-656.069,6856.63,-211.519,7556.63,1.68741e+14
20230101T000009.800000,6,889,11624.8,2305.08,-1369.44,0,0,0,11449.2,-42289.2,25464.1,216334,5049.24,224721,7.65083e+14
20230101T000009.800000,6,890,1664.8,1784.51,-108.185,0,0,0,5133.6,-4712.17,286.24,4478.68,306.822,9529.8,9.90554e+13
20230101T000009.800000,6,891,9186.84,6651.2,1888.21,0,0,0,74565.1,-95026.4,-27746.3,137020,-20088.1,205820,2.88286e+14
20230101T000009.800000,6,892,8049.12,5626.62,-560.537,0,0,0,51034.8,-72196.9,7215.94,103847,5044.2,154316,1.1683e+14
20230101T000009.800000,6,893,3831.42,3746.1,-413.349,0,0,0,22625.6,-22796.2,2530.43,23652.3,2474.09,45941.3,8.30071e+13
20230101T000009.800000,4,800,847.502,-256.927,-188.407,-1.72399,-9.62184,0.225823,122.227,130.833,161.674,806.431,-29.8607,820.751,0
20230101T000009.800000,3,804,8209.07,-7273.43,444.462,0,0,0,2500,0,0,2500,0,2500,0
20230101T000009.800000,3,805,9056.44,-6629.36,1021.38,0,0,0,2500,0,0,2500,0,2500,0
20230101T000009.800000,3,806,6745.12,-6670.32,1721.93,0,0,0,2500,0,0,2500,0,2500,0
20230101T000009.800000,3,807,10306.4,-2546.09,-859.842,0,0,0,2500,0,0,2500,0,2500,0
20230101T000009.800000,3,808,7439.49,-3922.53,2148.88,0,0,0,2500,0,0,2500,0,2500,0
20230101T000009.800000,3,809,3098.58,335.711,-407.141,0,0,0,2500,0,0,2500,0,2500,0
20230101T000009.800000,3,810,10096.9,78.5035,812.572,0,0,0,2500,0,0,2500,0,2500,0
20230101T000009.800000,3,811,10587.9,-1011.96,-562.143,0,0,0,2500,0,0,2500,0,2500,0
20230101T000009.800000,3,812,7775.3,-754.656,-291.508,0,0,0,2500,0,0,2500,0,2500,0
20230101T000009.800000,3,813,2068.31,666.831,199.93,0,0,0,2500,0,0,2500,0,2500,0
20230101T000009.800000,3,814,11624.8,2305.08,-1369.44,0,0,0,2500,0,0,2500,0,2500,0
20230101T000009.800000,3,815,1664.8,1784.51,-108.185,0,0,0,2500,0,0,2500,0,2500,0
20230101T000009.800000,3,816,9186.84,6651.2,1888.21,0,0,0,2500,0,0,2500,0,2500,0
20230101T000009.800000,3,817,8049.12,5626.62,-560.537,0,0,0,2500,0,0,2500,0,2500,0
20230101T000009.800000,3,818,3831.42,3746.1,-413.349,0,0,0,2500,0,0,2500,0,2500,0
20230101T000009.900000,6,894,762.837,-438.452,-190.137,0,0,0,397.025,483.74,220.614,960.619,-126.801,1241.51,2.23017e+21
20230101T000009.900000,6,895,8311.87,-5040.91,1796.39,0,0,0,44477.2,64722.2,-23880.4,111945,14482.8,151199,1.8214e+14
20230101T000009.900000,6,896,2727.35,-316.64,-465.811,0,0,0,564.351,1334.85,2022.21,11907,-234.774,12063.7,4.02455e+14
20230101T000009.900000,6,897,8948.47,549.071,1149.73,0,0,0,2652.17,-7728.22,-16453.3,128128,-1009.56,128604,1.1577e+14
20230101T000009.900000,6,898,165.099,69.0646,8.08586,0,0,0,62.0784,4.53209,0.526242,53.1402,0.220138,51.3748,9.72786e+13
20230101T000009.900000,6,899,7313.98,7003.08,638.226,0,0,0,78842.3,-81595.2,-7465.85,85933.1,-7148.5,164060,1.02628e+14
20230101T000009.900000,3,819,762.837,-438.452,-190.137,0,0,0,2500,0,0,2500,0,2500,0
20230101T000009.900000,3,820,8311.87,-5040.91,1796.39,0,0,0,2500,0,0,2500,0,2500,0
20230101T000009.900000,3,821,2727.35,-316.64,-465.811,0,0,0,2500,0,0,2500,0,2500,0
20230101T000009.900000,3,822,8948.47,549.071,1149.73,0,0,0,2500,0,0,2500,0,2500,0
20230101T000009.900000,3,823,165.099,69.0646,8.08586,0,0,0,2500,0,0,2500,0,2500,0
20230101T000009.900000,3,824,7313.98,7003.08,638.226,0,0,0,2500,0,0,2500,0,2500,0
20230101T000010,6,900,8700.74,-6814.99,926.19,0,0,0,75200.6,94175.7,-12889.5,121671,10095.9,195436,1.23237e+14
20230101T000010,6,901,678.034,-562.857,-183.138,0,0,0,574.984,554.094,188.868,782.492,-156.785,1245.11,6.31472e+20
20230101T000010,6,902,2532.5,-613.17,-21.3649,0,0,0,662.705,2469.76,86.0603,10265.3,-20.837,10863.2,1.20897e+14
20230101T000010,6,903,4629.12,-2727.98,946.148,0,0,0,13016.2,19551.4,-6998.31,34671.2,4124.18,46194.9,1.59449e+14
20230101T000010,6,904,5579.06,745.425,-504.947,0,0,0,1352.23,-6592.14,4501.76,49809.6,601.485,50690.9,9.46814e+13
20230101T000010,6,905,2371.79,1620.96,-237.949,0,0,0,4309.08,-6079.49,898.638,9049.68,614.159,13205,1.85863e+14
20230101T000010,6,906,6621.72,2801.63,1332.27,0,0,0,15019.8,-28641.3,-14104.5,70596.2,-5967.59,82716.3,1.23269e+14
20230101T000010,6,907,7329.71,7724.65,-223.082,0,0,0,95540.3,-90519.3,2615.28,86034.9,2756.2,181432,1.85707e+14
20230101T000010,6,908,3545.83,5071.95,-45.7011,0,0,0,41181.6,-28743.2,259.006,20161.9,370.482,61276.2,1.08406e+14
20230101T000010,6,909,3574.43,3100.45,-832.201,0,0,0,16048.2,-17152.6,4751.19,20944.9,4121.17,35824.9,1.88009e+14
20230101T000010,4,804,8297.96,-7340.36,455.259,17.0947,-12.8706,2.07624,1165.5,1240.3,-75.7933,1466.41,67.1547,2561.3,0
20230101T000010,4,819,713.236,-526.496,-185.507,-4.91091,-8.71727,0.45838,279.909,316.749,142.164,648.945,-81.7109,821.208,0
20230101T000010,3,825,2532.5,-613.17,-21.3649,0,0,0,2500,0,0,2500,0,2500,0
20230101T000010,3,826,4629.12,-2727.98,946.148,0,0,0,2500,0,0,2500,0,2500,0
20230101T000010,3,827,5579.06,745.425,-504.947,0,0,0,2500,0,0,2500,0,2500,0
20230101T000010,3,828,2371.79,1620.96,-237.949,0,0,0,2500,0,0,2500,0,2500,0
20230101T000010,3,829,6621.72,2801.63,1332.27,0,0,0,2500,0,0,2500,0,2500,0
20230101T000010,3,830,7329.71,7724.65,-223.082,0,0,0,2500,0,0,2500,0,2500,0
20230101T000010,3,831,3545.83,5071.95,-45.7011,0,0,0,2500,0,0,2500,0,2500,0
20230101T000010,3,832,3574.43,3100.45,-832.201,0,0,0,2500,0,0,2500,0,2500,0
20230101T000010.100000,6,910,6470.82,-9357.82,-391.153,0,0,0,140210,96740,4048.48,67203.4,-5854.73,207105,1.07954e+14
20230101T000010.100000,6,911,5789.45,-4809.62,-1200.95,0,0,0,38414.2,43387.2,11116.9,54596.2,-9235.39,90641.9,1.73888e+14
20230101T000010.100000,6,912,4268.84,-4219.68,-1212.02,0,0,0,29709,27615.1,8269.42,30348.7,-8174.2,57648.4,1.17032e+14
20230101T000010.100000,6,913,9631.56,-4342.9,1886.31,0,0,0,34959.9,64769.6,-29058.8,149399,13102.7,178606,1.27206e+14
20230101T000010.100000,6,914,2190.73,160.879,-283.827,0,0,0,232.224,-549.898,986.752,7679.94,72.4633,7721.37,1.35715e+14
20230101T000010.100000,6,915,9299.6,-599.837,-922.237,0,0,0,1994,8833.7,13716,138378,-884.703,138948,1.62416e+14
20230101T000010.100000,6,916,5747.9,70.966,84.0789,0,0,0,83.3435,-651.719,-772.308,52861.4,-9.53524,52869.5,2.03797e+14
20230101T000010.100000,6,917,1782.53,2647.59,-45.455,0,0,0,11236.5,-7519.89,129.131,5130.19,191.798,16299.4,3.94914e+14
20230101T000010.100000,6,918,8005.36,7663.05,-1417.67,0,0,0,95666.5,-96514.9,18152.5,104105,17376.3,196494,4.22193e+14
20230101T000010.100000,6,919,7287.74,7301.12,-1981.46,0,0,0,88456.1,-81962.1,23096.2,88155.5,23138.6,170270,3.14786e+14
20230101T000010.100000,6,920,578.95,688.487,-29.1258,0,0,0,785.467,-605.598,25.6475,574.539,30.5,1294.78,1.0701e+24
20230101T000010.100000,6,921,5196.88,6180.41,-556.791,0,0,0,61347.7,-51114.4,4626.9,43540,5502.55,104328,1.91948e+14
20230101T000010.100000,3,833,6470.82,-9357.82,-391.153,0,0,0,2500,0,0,2500,0,2500,0
20230101T000010.100000,3,834,5789.45,-4809.62,-1200.95,0,0,0,2500,0,0,2500,0,2500,0
20230101T000010.100000,3,835,4268.84,-4219.68,-1212.02,0,0,0,2500,0,0,2500,0,2500,0
20230101T000010.100000,3,836,9631.56,-4342.9,1886.31,0,0,0,2500,0,0,2500,0,2500,0
20230101T000010.100000,3,837,2190.73,160.879,-283.827,0,0,0,2500,0,0,2500,0,2500,0
20230101T000010.100000,3,838,9299.6,-599.837,-922.237,0,0,0,2500,0,0,2500,0,2500,0
20230101T000010.100000,3,839,5747.9,70.966,84.0789,0,0,0,2500,0,0,2500,0,2500,0
20230101T000010.100000,3,840,1782.53,2647.59,-45.455,0,0,0,2500,0,0,2500,0,2500,0
20230101T000010.100000,3,841,8005.36,7663.04,-1417.67,0,0,0,2500,0,0,2500,0,2500,0
20230101T000010.100000,3,842,7287.74,7301.12,-1981.46,0,0,0,2500,0,0,2500,0,2500,0
20230101T000010.100000,3,843,578.95,688.487,-29.1258,0,0,0,2500,0,0,2500,0,2500,0
20230101T000010.100000,3,844,5196.88,6180.41,-556.791,0,0,0,2500,0,0,2500,0,2500,0
20230101T000010.200000,6,922,9037.7,-8186.4,-1137.32,0,0,0,108399,117317,16441.6,131649,-14892.9,237916,1.9962e+14
20230101T000010.200000,6,923,9312.82,-7047.34,2392.68,0,0,0,85327.5,100572,-35642.1,142123,26971.6,218232,1.54885e+14
20230101T000010.200000,6,924,5142.53,-3978.12,769.287,0,0,0,25952.5,32243.3,-6323.82,42691,4891.93,67634.4,1.46593e+14
20230101T000010.200000,6,925,5535.25,-2066.72,198.151,0,0,0,6945.37,18262.1,-1752.9,49037.8,654.487,55856.5,1.95463e+14
20230101T000010.200000,6,926,3852.68,-72.1335,-419.007,0,0,0,352.364,438.21,2576,23749.1,-48.2303,23758.1,1.55366e+14
20230101T000010.200000,6,927,6553.93,2927.68,-540.193,0,0,0,14156.4,-30502.9,5660.25,68814.5,2528.47,82440.8,1.62484e+14
20230101T000010.200000,6,928,1762.15,1421.05,5.20975,0,0,0,3269.84,-3975.27,-14.5739,4993.49,-11.7529,8199.28,1.00271e+15
20230101T000010.200000,6,929,8207.08,5726.25,-1216.96,0,0,0,54100,-74051.6,15974.1,108566,11145.4,160235,2.79005e+14
20230101T000010.200000,6,930,8866.07,5754.63,-826.619,0,0,0,53799.2,-81105.2,11722,126114,7608.31,178757,2.52884e+14
20230101T000010.200000,6,931,687.641,579.86,-31.2132,0,0,0,576.249,-605.706,32.6459,783.774,27.5289,1294.62,4.81929e+23
20230101T000010.200000,4,843,656.771,623,-30.5053,7.70508,-6.48381,-0.136587,527.55,-390.431,16.5292,391.564,19.6565,855.625,0
20230101T000010.200000,3,845,9037.7,-8186.4,-1137.32,0,0,0,2500,0,0,2500,0,2500,0
20230101T000010.200000,3,846,9312.82,-7047.34,2392.68,0,0,0,2500,0,0,2500,0,2500,0
20230101T000010.200000,3,847,5142.53,-3978.12,769.287,0,0,0,2500,0,0,2500,0,2500,0
20230101T000010.200000,3,848,5535.25,-2066.72,198.151,0,0,0,2500,0,0,2500,0,2500,0
20230101T000010.200000,3,849,3852.68,-72.1335,-419.007,0,0,0,2500,0,0,2500,0,2500,0
20230101T000010.200000,3,850,6553.92,2927.68,-540.193,0,0,0,2500,0,0,2500,0,2500,0
20230101T000010.200000,3,851,1762.15,1421.05,5.20975,0,0,0,2500,0,0,2500,0,2500,0
20230101T000010.200000,3,852,8207.08,5726.25,-1216.96,0,0,0,2500,0,0,2500,0,2500,0
20230101T000010.200000,3,853,8866.07,5754.63,-826.619,0,0,0,2500,0,0,2500,0,2500,0
20230101T000010.300000,6,932,1615.15,-1241.68,245.663,0,0,0,2567.18,3131.67,-628.823,4233.25,483.42,6641.71,2.24036e+14
20230101T000010.300000,6,933,3661.02,-4172.88,159.935,0,0,0,27906.3,24391.2,-935.624,21504.2,1066.44,49305.7,1.42275e+14
20230101T000010.300000,6,934,3386.33,-4436.89,-774.242,0,0,0,31873.7,23546.8,4189.66,18993.3,-5489.44,49846.4,1.99012e+14
20230101T000010.300000,6,935,3140.82,-3942.5,640.958,0,0,0,25148.9,19461.3,-3216.02,16224.3,4036.9,40653.9,1.24354e+14
20230101T000010.300000,6,936,2948.38,-1756.85,-170.306,0,0,0,5019.8,8239.29,800.681,13937.6,-477.103,18847.3,2.10492e+14
20230101T000010.300000,6,937,10990,-5377.6,-541.198,0,0,0,46699.4,94349.1,9513.84,193349,-4655.31,239516,1.05898e+14
20230101T000010.300000,6,938,10955.5,-5608.92,-713.58,0,0,0,51032,97961.1,12504.9,192219,-6402.18,242372,8.34678e+13
20230101T000010.300000,6,939,10176,-5426.63,2680.16,0,0,0,56113.1,83557.5,-43625,168241,23264.1,212804,1.97629e+14
20230101T000010.300000,6,940,8970.15,-4690.49,-1675.39,0,0,0,38776.8,65449.2,24036.5,129719,-12568.7,163944,2.93066e+14
20230101T000010.300000,6,941,7422.49,-4341.5,-27.7683,0,0,0,30206.4,51531.2,329.598,88166.1,-192.786,118307,1.61303e+14
20230101T000010.300000,6,942,8562.71,-1971.42,-368.277,0,0,0,6485.16,26947.7,5042.91,117326,-1161.05,123530,1.52788e+14
20230101T000010.300000,6,943,3572.34,444.094,-684.547,0,0,0,1114.73,-2438.98,3901.04,20431,484.956,20736.4,2.393e+14
20230101T000010.300000,6,944,4480.62,972.069,-267.563,0,0,0,1682.18,-6931.8,1914.51,32129.5,415.354,33633.6,1.51385e+14
20230101T000010.300000,6,945,7886.26,-467.526,-485.147,0,0,0,788.534,5873.24,6117.69,99510.5,-362.678,99859,1.1643e+14
20230101T000010.300000,6,946,1900.11,1220.3,-158.188,0,0,0,2456.03,-3662.76,477.166,5806.97,306.447,8159.6,9.82083e+14
20230101T000010.300000,6,947,780.076,447.804,-31.1757,0,0,0,370.094,-530.642,36.9896,989.86,21.234,1294.55,6.93085e+23
20230101T000010.300000,6,948,4816.07,2266.44,172.923,0,0,0,8310.29,-17421.4,-1330.62,37131.5,-626.188,45330.1,2.01874e+14
20230101T000010.300000,6,949,3794.94,5600.82,-1008.18,0,0,0,50722.1,-33223.4,6116.33,24200,9026.88,73234.6,3.06229e+14
20230101T000010.300000,6,950,7073.68,6348.05,-1027.9,0,0,0,65447.8,-70974.7,11628.5,80841.4,10435.7,144536,2.10823e+14
20230101T000010.300000,4,851,1798.27,1376.4,-33.2918,3.57662,-4.42129,-3.81205,798.563,-912.829,-3.34654,1194.36,-2.69877,1930.49,0
20230101T000010.300000,3,854,1615.15,-1241.68,245.663,0,0,0,2500,0,0,2500,0,2500,0
20230101T000010.300000,3,855,3661.02,-4172.88,159.935,0,0,0,2500,0,0,2500,0,2500,0
20230101T000010.300000,3,856,3386.33,-4436.89,-774.242,0,0,0,2500,0,0,2500,0,2500,0
20230101T000010.300000,3,857,3140.82,-3942.5,640.958,0,0,0,2500,0,0,2500,0,2500,0
20230101T000010.300000,3,858,2948.38,-1756.85,-170.306,0,0,0,2500,0,0,2500,0,2500,0
20230101T000010.300000,3,859,10990,-5377.6,-541.198,0,0,0,2500,0,0,2500,0,2500,0
20230101T000010.300000,3,860,10955.5,-5608.92,-713.58,0,0,0,2500,0,0,2500,0,2500,0
20230101T000010.300000,3,861,10176,-5426.63,2680.16,0,0,0,2500,0,0,2500,0,2500,0
20230101T000010.300000,3,862,8970.15,-4690.49,-1675.39,0,0,0,2500,0,0,2500,0,2500,0
20230101T000010.300000,3,863,7422.49,-4341.5,-27.7683,0,0,0,2500,0,0,2500,0,2500,0
20230101T000010.300000,3,864,8562.71,-1971.42,-368.277,0,0,0,2500,0,0,2500,0,2500,0
20230101T000010.300000,3,865,3572.34,444.094,-684.547,0,0,0,2500,0,0,2500,0,2500,0
20230101T000010.300000,3,866,4480.62,972.069,-267.563,0,0,0,2500,0,0,2500,0,2500,0
20230101T000010.300000,3,867,7886.26,-467.526,-485.147,0,0,0,2500,0,0,2500,0,2500,0
20230101T000010.300000,3,868,780.076,447.804,-31.1757,0,0,0,2500,0,0,2500,0,2500,0
20230101T000010.300000,3,869,4816.07,2266.44,172.923,0,0,0,2500,0,0,2500,0,2500,0
20230101T000010.300000,3,870,3794.94,5600.82,-1008.18,0,0,0,2500,0,0,2500,0,2500,0
20230101T000010.300000,3,871,7073.68,6348.05,-1027.9,0,0,0,2500,0,0,2500,0,2500,0
20230101T000010.400000,6,951,4347.38,-2233.88,1127.46,0,0,0,9641.44,14686.9,-7829.95,30677.1,4023.38,38227.1,1.89241e+14
20230101T000010.400000,6,952,10249.9,-684.344,1191.97,0,0,0,3075.36,11067.8,-19540.7,168106,1304.66,168846,2.13199e+14
20230101T000010.400000,6,953,8982.11,-243.56,283.064,0,0,0,286.91,3495.09,-4066.01,129085,110.254,129180,3.07208e+14
20230101T000010.400000,6,954,5424.69,272.631,-665.006,0,0,0,887.61,-2327.67,5764.21,47085.5,289.695,47203.5,1.53148e+14
20230101T000010.400000,6,955,3139.02,566.664,121.104,0,0,0,598.39,-2830.76,-605.85,15768.2,-109.37,16279.4,7.72321e+14
20230101T000010.400000,6,956,10276.4,4063.7,-1269,0,0,0,28704.6,-65913.7,20858.4,169324,8248.24,195390,4.47186e+14
20230101T000010.400000,6,957,11315.3,2556.98,-1009.83,0,0,0,12073.8,-45928.4,18277.1,204940,4130.17,215319,8.10258e+14
20230101T000010.400000,6,958,845.113,307.813,-32.1217,0,0,0,209.488,-395.134,41.2895,1150.43,15.0387,1294.43,9.22695e+23
20230101T000010.400000,6,959,7627.57,5037.56,464.274,0,0,0,40887.8,-61291,-5663.34,93211.8,-3740.3,133691,1.43678e+14
20230101T000010.400000,6,960,4115.65,744.78,158.452,0,0,0,988.296,-4886.18,-1041.03,27105.1,-188.389,27989.4,2.86755e+14
20230101T000010.400000,6,961,2744.74,2071.64,-308.879,0,0,0,7004.38,-8993.82,1351.91,12132.2,1020.38,18920.9,2.14648e+14
20230101T000010.400000,6,962,4010.05,4554.36,280.892,0,0,0,33270.6,-29126.9,-1800.27,25835.9,-2044.63,58916.5,1.88805e+14
20230101T000010.400000,6,963,6025.38,6652.63,-1616.94,0,0,0,72725.1,-62023.2,15580.8,60420.4,17202.8,128902,1.43134e+14
20230101T000010.400000,6,964,7094.56,5776.97,257.225,0,0,0,53499.5,-65493,-2918.45,80600.2,-2376.44,133930,1.56421e+14
20230101T000010.400000,6,965,3482.78,3370.22,256.151,0,0,0,18260.6,-18696,-1424.96,19489.3,-1378.91,37581.3,1.44766e+14
20230101T000010.400000,4,868,830.915,359.175,-31.8007,5.0335,-8.7751,-0.0618813,259.77,-342.128,23.8391,659.36,13.6849,855.486,0
20230101T000010.400000,3,872,4347.38,-2233.88,1127.46,0,0,0,2500,0,0,2500,0,2500,0
20230101T000010.400000,3,873,10249.9,-684.344,1191.97,0,0,0,2500,0,0,2500,0,2500,0
20230101T000010.400000,3,874,8982.11,-243.56,283.064,0,0,0,2500,0,0,2500,0,2500,0
20230101T000010.400000,3,875,5424.69,272.631,-665.006,0,0,0,2500,0,0,2500,0,2500,0
20230101T000010.400000,3,876,3139.02,566.664,121.104,0,0,0,2500,0,0,2500,0,2500,0
20230101T000010.400000,3,877,10276.4,4063.7,-1269,0,0,0,2500,0,0,2500,0,2500,0
20230101T000010.400000,3,878,11315.3,2556.98,-1009.83,0,0,0,2500,0,0,2500,0,2500,0
20230101T000010.400000,3,879,7627.57,5037.56,464.274,0,0,0,2500,0,0,2500,0,2500,0
20230101T000010.400000,3,880,4115.65,744.78,158.452,0,0,0,2500,0,0,2500,0,2500,0
20230101T000010.400000,3,881,2744.74,2071.64,-308.879,0,0,0,2500,0,0,2500,0,2500,0
20230101T000010.400000,3,882,4010.05,4554.36,280.892,0,0,0,2500,0,0,2500,0,2500,0
20230101T000010.400000,3,883,6025.38,6652.63,-1616.94,0,0,0,2500,0,0,2500,0,2500,0
20230101T000010.400000,3,884,7094.56,5776.97,257.225,0,0,0,2500,0,0,2500,0,2500,0
20230101T000010.400000,3,885,3482.78,3370.22,256.151,0,0,0,2500,0,0,2500,0,2500,0
20230101T000010.500000,6,966,2266.35,-2911.45,-814.283,0,0,0,13985.7,10013.6,2944.45,8916.75,-3782.56,21783.5,1.28871e+14
20230101T000010.500000,6,967,6295.87,-4290.59,-213.047,0,0,0,29547.9,43157.2,2144.63,63464,-1461.55,92875.4,1.83927e+14
20230101T000010.500000,6,968,11277.9,1567.09,-2105.76,0,0,0,10950.3,-27302,37986.4,203641,5278.3,207437,8.50694e+14
20230101T000010.500000,6,969,885.396,158.307,-32.5247,0,0,0,103.674,-212.895,43.8003,1256.31,7.83139,1294.46,1.1899e+24
20230101T000010.500000,6,970,10277.1,2781.02,1591.48,0,0,0,16208.8,-44691.8,-26160.3,169271,-7079.05,181367,3.63655e+14
20230101T000010.500000,6,971,3463.31,2400.21,417.412,0,0,0,9448.77,-13140.1,-2307.84,19302.2,-1599.43,28409.5,2.64684e+14
20230101T000010.500000,6,972,7501.85,6351.28,-1746.4,0,0,0,67420.6,-73797.1,20953.5,92107.8,17739.8,154588,2.71655e+14
20230101T000010.500000,3,886,2266.35,-2911.45,-814.283,0,0,0,2500,0,0,2500,0,2500,0
20230101T000010.500000,3,887,6295.86,-4290.59,-213.047,0,0,0,2500,0,0,2500,0,2500,0
20230101T000010.500000,3,888,11277.9,1567.09,-2105.76,0,0,0,2500,0,0,2500,0,2500,0
20230101T000010.500000,3,889,885.396,158.307,-32.5247,0,0,0,2500,0,0,2500,0,2500,0
20230101T000010.500000,3,890,10277.1,2781.02,1591.48,0,0,0,2500,0,0,2500,0,2500,0
20230101T000010.500000,3,891,3463.31,2400.21,417.412,0,0,0,2500,0,0,2500,0,2500,0
20230101T000010.500000,3,892,7501.85,6351.28,-1746.4,0,0,0,2500,0,0,2500,0,2500,0
20230101T000010.600000,6,973,9246.85,-6723.18,52.838,0,0,0,72366.6,99436.5,-781.496,136830,568.209,209128,2.50999e+14
20230101T000010.600000,6,974,9565.77,-7029.45,652.501,0,0,0,79544.9,107232,-9983.86,146668,7336.69,225468,1.23203e+14
20230101T000010.600000,6,975,2059.36,-1594.64,-302.153,0,0,0,4199.39,5153,989.793,6863.95,-766.434,10855,1.50244e+14
20230101T000010.600000,6,976,6764.54,-6036.59,620.3,0,0,0,58682.8,64998.1,-6710.42,73515.6,5988.29,131519,1.30944e+14
20230101T000010.600000,6,977,3029.12,-603.779,186.492,0,0,0,698.129,2903.38,-900.075,14685.5,179.407,15264.5,3.74285e+14
20230101T000010.600000,6,978,899.473,4.77096,-31.1245,0,0,0,65.508,-6.51888,42.5811,1294.48,0.225857,1294.6,5.32152e+23
20230101T000010.600000,6,979,9578.31,2924.23,-1908.81,0,0,0,19070.9,-43169.4,29241.8,147293,8927.43,160474,2.07084e+14
20230101T000010.600000,6,980,2400.21,2035.33,774.565,0,0,0,7221.6,-7313.06,-2963.26,9644.35,-2512.78,15849.3,1.57773e+14
20230101T000010.600000,6,981,1802.8,2013.15,-76.9392,0,0,0,6517.09,-5770.39,220.715,5240.88,246.467,11684.6,1.29392e+14
20230101T000010.600000,6,982,5704.64,6841.82,82.9403,0,0,0,74927.5,-62411.2,-756.649,52112.8,-907.482,126965,1.63858e+14
20230101T000010.600000,4,889,903.39,57.8545,-31.5994,1.78154,-9.94577,0.09161,87.9977,-137.266,28.2282,831.174,5.04713,855.42,0
20230101T000010.600000,3,893,9246.85,-6723.18,52.838,0,0,0,2500,0,0,2500,0,2500,0
20230101T000010.600000,3,894,9565.77,-7029.45,652.501,0,0,0,2500,0,0,2500,0,2500,0
20230101T000010.600000,3,895,2059.36,-1594.64,-302.153,0,0,0,2500,0,0,2500,0,2500,0
20230101T000010.600000,3,896,6764.54,-6036.59,620.3,0,0,0,2500,0,0,2500,0,2500,0
20230101T000010.600000,3,897,3029.13,-603.779,186.492,0,0,0,2500,0,0,2500,0,2500,0
20230101T000010.600000,3,898,9578.31,2924.23,-1908.81,0,0,0,2500,0,0,2500,0,2500,0
20230101T000010.600000,3,899,2400.21,2035.33,774.565,0,0,0,2500,0,0,2500,0,2500,0
20230101T000010.600000,3,900,1802.8,2013.15,-76.9392,0,0,0,2500,0,0,2500,0,2500,0
20230101T000010.600000,3,901,5704.64,6841.82,82.9403,0,0,0,2500,0,0,2500,0,2500,0
20230101T000010.700000,6,983,2624.82,-2419.34,-459.734,0,0,0,9582.02,9960.65,1924.79,11207.7,-1774.11,20389.7,1.87067e+14
20230101T000010.700000,6,984,4436.5,-6236.8,99.2924,0,0,0,62263.1,44233.6,-704.336,31545,990.151,93728.3,1.68316e+14
20230101T000010.700000,6,985,885.866,-156.198,-29.4207,0,0,0,102.383,210.223,39.6413,1257.58,-6.98963,1294.72,7.0659e+23
20230101T000010.700000,6,986,5335.42,-1475.2,-749.325,0,0,0,4374.91,12346.4,6388.54,45615,-1766.38,49029.9,1.45794e+14
20230101T000010.700000,6,987,885.747,-156.74,-29.9506,0,0,0,102.687,210.915,40.3497,1257.26,-7.14019,1294.65,6.97474e+23
20230101T000010.700000,6,988,8658.57,-852.89,1836.3,0,0,0,6567.94,11283.4,-25426.8,120006,2504.6,121120,3.03265e+14
20230101T000010.700000,6,989,5042.07,-97.7765,-470.72,0,0,0,433.11,780.692,3791.52,40676.2,-73.5257,40691.9,1.25902e+14
20230101T000010.700000,6,990,3923.42,1722.64,-353.52,0,0,0,4968.92,-10716.8,2214.41,24671.8,972.272,29377.6,1.45224e+14
20230101T000010.700000,6,991,7518.59,2202.98,487.704,0,0,0,8174.16,-26381.3,-5863.14,90481.7,-1717.92,98211.8,2.19193e+14
20230101T000010.700000,6,992,4384.36,1703.01,-428.117,0,0,0,4950.34,-11826.2,2997.84,30802.9,1164.45,35397.1,1.49087e+14
20230101T000010.700000,6,993,9406.91,7461.54,541.52,0,0,0,89406.5,-112045,-8148.19,141790,-6463.13,230663,1.24414e+14
20230101T000010.700000,6,994,2111.34,1524.06,424.613,0,0,0,3947.04,-4981.99,-1426.16,7252.57,-1029.46,10850.4,2.11066e+14
20230101T000010.700000,6,995,4681.26,3416.07,-175.655,0,0,0,18745.2,-25532.5,1314.1,35102.1,958.94,53734.1,1.35222e+14
20230101T000010.700000,3,902,2624.82,-2419.34,-459.734,0,0,0,2500,0,0,2500,0,2500,0
20230101T000010.700000,3,903,4436.5,-6236.8,99.2925,0,0,0,2500,0,0,2500,0,2500,0
20230101T000010.700000,3,904,885.866,-156.197,-29.4207,0,0,0,2500,0,0,2500,0,2500,0
20230101T000010.700000,3,905,5335.42,-1475.2,-749.325,0,0,0,2500,0,0,2500,0,2500,0
20230101T000010.700000,3,906,885.747,-156.74,-29.9506,0,0,0,2500,0,0,2500,0,2500,0
20230101T000010.700000,3,907,8658.57,-852.89,1836.3,0,0,0,2500,0,0,2500,0,2500,0
20230101T000010.700000,3,908,5042.07,-97.7765,-470.72,0,0,0,2500,0,0,2500,0,2500,0
20230101T000010.700000,3,909,3923.42,1722.64,-353.52,0,0,0,2500,0,0,2500,0,2500,0
20230101T000010.700000,3,910,7518.58,2202.98,487.704,0,0,0,2500,0,0,2500,0,2500,0
20230101T000010.700000,3,911,4384.36,1703.01,-428.117,0,0,0,2500,0,0,2500,0,2500,0
20230101T000010.700000,3,912,9406.91,7461.54,541.52,0,0,0,2500,0,0,2500,0,2500,0
20230101T000010.700000,3,913,2111.34,1524.06,424.613,0,0,0,2500,0,0,2500,0,2500,0
20230101T000010.700000,3,914,4681.26,3416.07,-175.655,0,0,0,2500,0,0,2500,0,2500,0
20230101T000010.800000,6,996,2676.02,-2730.5,-394.599,0,0,0,12082.1,11534.8,1684.95,11617.1,-1719.26,23387.4,2.2995e+14
20230101T000010.800000,6,997,8973.73,-7693.52,2085.3,0,0,0,98750.3,106995,-29932.4,131818,25662.2,223551,1.53317e+14
20230101T000010.800000,6,998,5442.77,-6032.09,1047.17,0,0,0,59033.4,51626.1,-9113.78,48399.9,10100.6,105617,1.91418e+14
20230101T000010.800000,6,999,4369.6,-1704.39,34.4033,0,0,0,4705.12,11893.7,-240.088,30558.1,93.6482,35197.3,1.58634e+14
20230101T000010.800000,6,1000,9301.34,-4401.26,2111.34,0,0,0,36871.5,62718.9,-31409.9,139740,14862.7,169420,1.89585e+14
20230101T000010.800000,6,1001,10161,-3377.1,1513.3,0,0,0,21603.8,53788,-24594.2,165564,8174.11,183442,1.90083e+14
20230101T000010.800000,6,1002,845.801,-306.365,-27.6268,0,0,0,207.779,393.733,35.5406,1152.16,-12.8735,1294.84,2.12947e+22
20230101T000010.800000,6,1003,5365.44,-1025.68,322.314,0,0,0,1905.11,8762.7,-2763.27,46068.7,528.237,47744.1,1.91988e+14
20230101T000010.800000,6,1004,5408.31,-466.067,690.447,0,0,0,1167.19,3962.38,-5966.66,46805.9,514.183,47148.3,1.93364e+14
20230101T000010.800000,6,1005,4659.48,1558.88,729.703,0,0,0,4710.65,-11346.5,-5431.24,34829.3,-1817.08,38626.8,1.21029e+14
20230101T000010.800000,6,1006,3533.53,3036.93,-539.207,0,0,0,15060.6,-16908.6,3042.94,20201.8,2615.29,34734.9,1.62646e+14
20230101T000010.800000,6,1007,6631.01,9232.43,-121.102,0,0,0,136410,-97911.1,1284.45,70410.1,1788.36,206733,1.58805e+14
20230101T000010.800000,6,1008,5748.33,5706.72,658.34,0,0,0,52488,-52108.1,-6051.3,53245,-6007.5,104976,8.84519e+13
20230101T000010.800000,6,1009,5078,5622.97,301.201,0,0,0,50682.3,-45581.5,-2445.5,41372.9,-2707.95,91846.3,6.77602e+14
20230101T000010.800000,4,906,867.931,-257.679,-28.415,-1.76391,-9.99404,0.152036,87.3604,135.982,26.0047,831.743,-4.60173,855.554,0
20230101T000010.800000,3,915,2676.02,-2730.5,-394.599,0,0,0,2500,0,0,2500,0,2500,0
20230101T000010.800000,3,916,8973.73,-7693.52,2085.3,0,0,0,2500,0,0,2500,0,2500,0
20230101T000010.800000,3,917,5442.77,-6032.09,1047.17,0,0,0,2500,0,0,2500,0,2500,0
20230101T000010.800000,3,918,4369.6,-1704.39,34.4033,0,0,0,2500,0,0,2500,0,2500,0
20230101T000010.800000,3,919,9301.34,-4401.26,2111.34,0,0,0,2500,0,0,2500,0,2500,0
20230101T000010.800000,3,920,10161,-3377.1,1513.3,0,0,0,2500,0,0,2500,0,2500,0
20230101T000010.800000,3,921,5365.44,-1025.68,322.314,0,0,0,2500,0,0,2500,0,2500,0
20230101T000010.800000,3,922,5408.31,-466.067,690.447,0,0,0,2500,0,0,2500,0,2500,0
20230101T000010.800000,3,923,4659.48,1558.88,729.703,0,0,0,2500,0,0,2500,0,2500,0
20230101T000010.800000,3,924,3533.53,3036.93,-539.207,0,0,0,2500,0,0,2500,0,2500,0
20230101T000010.800000,3,925,6631.01,9232.43,-121.102,0,0,0,2500,0,0,2500,0,2500,0
20230101T000010.800000,3,926,5748.33,5706.72,658.34,0,0,0,2500,0,0,2500,0,2500,0
20230101T000010.800000,3,927,5078,5622.97,301.201,0,0,0,2500,0,0,2500,0,2500,0
20230101T000010.900000,6,1010,3570.76,-2934.21,-428.577,0,0,0,13988.6,16588.5,2444.01,20544.6,-2008.32,34176.4,1.83785e+14
20230101T000010.900000,6,1011,3329.45,-2419.87,413.283,0,0,0,9589.52,12730.8,-2196.46,17852.7,1596.4,27106.2,1.23014e+14
20230101T000010.900000,6,1012,1434.38,-1139.35,176.591,0,0,0,2146.48,2559.65,-400.493,3335.76,318.118,5369.52,3.43485e+14
20230101T000010.900000,6,1013,8560.27,-8130.63,2071.33,0,0,0,109413,107902,-28361.9,120530,26938.5,223019,1.92755e+14
20230101T000010.900000,6,1014,4770.5,-4180.15,724.911,0,0,0,28469.2,31458.2,-5527.67,36804.9,4843.62,64371,1.15568e+14
20230101T000010.900000,6,1015,780.496,-447.133,-30.611,0,0,0,369.143,530.157,36.3392,990.845,-20.8181,1294.64,9.30722e+21
20230101T000010.900000,6,1016,8390.23,-2673.59,-973.674,0,0,0,12871.3,35434.1,13064.3,112779,-4163,124071,1.29987e+14
20230101T000010.900000,6,1017,10582.5,-1134.85,-1248.83,0,0,0,4589.95,18943.9,21137.7,179212,-2266.77,181244,2.21867e+14
20230101T000010.900000,6,1018,7631.23,-1605.95,1768.63,0,0,0,8977.42,18587.7,-21581.4,93391.8,4541.68,97306.6,1.9003e+14
20230101T000010.900000,6,1019,2849.57,1291.8,632.782,0,0,0,3252.43,-5625.67,-2873.73,13111.8,-1302.75,15664.6,1.05853e+14
20230101T000010.900000,6,1020,4076.96,1285.62,267.479,0,0,0,2806.6,-8335.12,-1741,26610.6,-549.001,29239.3,1.2721e+14
20230101T000010.900000,6,1021,4286.73,1506.52,-18.6827,0,0,0,3688.84,-10312.7,127.892,29408.8,44.9461,33033.1,1.11945e+14
20230101T000010.900000,6,1022,9975.52,5897.11,-414.165,0,0,0,55892.2,-93974.6,6608.46,159305,3906.65,214859,1.20895e+14
20230101T000010.900000,6,1023,10471.9,2502.52,-1668.87,0,0,0,14294.8,-40908.3,27952.5,175701,6679.96,185478,9.40158e+13
20230101T000010.900000,6,1024,97.6627,146.819,31.6166,0,0,0,54.0003,6.38966,1.21716,59.3556,1.82978,51.7433,1.85907e+14
20230101T000010.900000,6,1025,598.796,751.417,-9.70345,0,0,0,928.316,-688.65,8.89385,612.922,11.1607,1477.1,5.74006e+14
20230101T000010.900000,4,916,8957.49,-7688.46,2082.42,-1.60734,0.501244,-0.285175,1136.09,1166.59,-316.313,1496.64,271.188,2424.14,0
20230101T000010.900000,3,928,3570.76,-2934.21,-428.577,0,0,0,2500,0,0,2500,0,2500,0
20230101T000010.900000,3,929,3329.45,-2419.87,413.283,0,0,0,2500,0,0,2500,0,2500,0
20230101T000010.900000,3,930,1434.38,-1139.35,176.591,0,0,0,2500,0,0,2500,0,2500,0
20230101T000010.900000,3,931,4770.5,-4180.15,724.911,0,0,0,2500,0,0,2500,0,2500,0
20230101T000010.900000,3,932,780.496,-447.133,-30.611,0,0,0,2500,0,0,2500,0,2500,0
20230101T000010.900000,3,933,8390.23,-2673.59,-973.674,0,0,0,2500,0,0,2500,0,2500,0
20230101T000010.900000,3,934,10582.5,-1134.85,-1248.83,0,0,0,2500,0,0,2500,0,2500,0
20230101T000010.900000,3,935,7631.23,-1605.95,1768.63,0,0,0,2500,0,0,2500,0,2500,0
20230101T000010.900000,3,936,2849.57,1291.8,632.782,0,0,0,2500,0,0,2500,0,2500,0
20230101T000010.900000,3,937,4076.96,1285.62,267.479,0,0,0,2500,0,0,2500,0,2500,0
20230101T000010.900000,3,938,4286.73,1506.52,-18.6827,0,0,0,2500,0,0,2500,0,2500,0
20230101T000010.900000,3,939,9975.52,5897.11,-414.165,0,0,0,2500,0,0,2500,0,2500,0
20230101T000010.900000,3,940,10471.9,2502.52,-1668.87,0,0,0,2500,0,0,2500,0,2500,0
20230101T000010.900000,3,941,97.6627,146.819,31.6166,0,0,0,2500,0,0,2500,0,2500,0
20230101T000010.900000,3,942,598.796,751.417,-9.70345,0,0,0,2500,0,0,2500,0,2500,0
20230101T000011,6,1026,7389.96,-8179.16,232.286,0,0,0,107106,96635.1,-2745.63,87461.1,3038.84,194416,2.92004e+14
20230101T000011,6,1027,689.786,-577.358,-30.4948,0,0,0,571.813,605.009,31.9939,788.236,-26.7792,1294.71,1.27668e+22
20230101T000011,6,1028,5792.58,-6546.58,270.816,0,0,0,68651.9,60584.6,-2508.64,53788.1,2835.18,122259,1.54612e+14
20230101T000011,6,1029,2969.86,-4068.86,880.492,0,0,0,26941.7,18714,-4177.5,14961.9,5723.39,40603,1.402e+14
20230101T000011,6,1030,5464.66,-2059.84,918.753,0,0,0,8025.94,17543.8,-8023.88,47955.8,3024.51,54570.2,1.44331e+14
20230101T000011,6,1031,1629.25,-224.558,-27.4853,0,0,0,144.658,576.562,70.5895,4248.36,-9.72929,4327.84,1.5955e+14
20230101T000011,6,1032,1701.91,504.569,-12.7349,0,0,0,466.408,-1356.45,34.2375,4639.57,10.1505,5041.72,1.46262e+14
20230101T000011,6,1033,1510.55,980.369,-290.162,0,0,0,1676.47,-2279.44,692.856,3709.25,449.673,5190.25,1.45325e+14
20230101T000011,6,1034,11018.4,3805.52,-1108.09,0,0,0,24983,-66463.4,19529.4,194465,6745.01,217420,1.10447e+14
20230101T000011,6,1035,4031.75,1481.24,775.252,0,0,0,4412.39,-9223.86,-4990.5,26129.8,-1833.48,29520.6,1.07166e+14
20230101T000011,4,932,728.297,-538.295,-30.5344,-5.16823,-9.02602,0.00758465,259.152,341.808,23.4198,659.982,-13.4168,855.534,0
20230101T000011,3,943,7389.96,-8179.16,232.286,0,0,0,2500,0,0,2500,0,2500,0
20230101T000011,3,944,5792.58,-6546.58,270.816,0,0,0,2500,0,0,2500,0,2500,0
20230101T000011,3,945,2969.86,-4068.86,880.492,0,0,0,2500,0,0,2500,0,2500,0
20230101T000011,3,946,5464.66,-2059.84,918.753,0,0,0,2500,0,0,2500,0,2500,0
20230101T000011,3,947,1629.25,-224.558,-27.4853,0,0,0,2500,0,0,2500,0,2500,0
20230101T000011,3,948,1701.91,504.569,-12.7349,0,0,0,2500,0,0,2500,0,2500,0
20230101T000011,3,949,1510.55,980.369,-290.162,0,0,0,2500,0,0,2500,0,2500,0
20230101T000011,3,950,11018.4,3805.52,-1108.09,0,0,0,2500,0,0,2500,0,2500,0
20230101T000011,3,951,4031.75,1481.24,775.252,0,0,0,2500,0,0,2500,0,2500,0
20230101T000011.100000,6,1036,8396.01,-2444.13,676.273,0,0,0,10291.3,32620.1,-9080.06,112851,2643.27,122347,5.17127e+14
20230101T000011.100000,6,1037,8128.78,-3355.15,932.571,0,0,0,19254.3,43124.2,-12122.9,105935,5003.71,123735,1.21587e+14
20230101T000011.100000,6,1038,4147.88,533.899,168.628,0,0,0,563.687,-3529.43,-1116.56,27529.7,-143.72,27984.1,1.72162e+14
20230101T000011.100000,6,1039,9704.03,2028.32,-296.189,0,0,0,6778.31,-31451.7,4596.89,150678,960.837,157252,1.90614e+14
20230101T000011.100000,6,1040,8454.87,1618.64,1236.17,0,0,0,6611.03,-21433.5,-16713.8,114464,-3199.77,118569,1.92501e+14
20230101T000011.100000,6,1041,3299.48,1830.55,-196.123,0,0,0,5457.33,-9610.59,1032.46,17448,572.812,22780.1,1.30961e+14
20230101T000011.100000,6,1042,10761.8,3322.1,725.27,0,0,0,18484.7,-56947.5,-12484.4,185384,-3853.86,202964,2.78141e+14
20230101T000011.100000,6,1043,8337.09,1599.67,1888.61,0,0,0,9657.46,-20271.2,-25179.5,111416,-4831.3,115309,1.96276e+14
20230101T000011.100000,6,1044,6217.01,2563.21,-1337.54,0,0,0,13011.2,-24466.4,13293.4,62266.7,5480.75,72356.4,1.48775e+14
20230101T000011.100000,6,1045,4595.72,1841.65,-696.934,0,0,0,6150.34,-13251.9,5116.46,33909.2,2050.32,39220.9,1.04289e+14
20230101T000011.100000,6,1046,4804,2491.41,-550.334,0,0,0,10363.2,-18926,4224.37,37041.6,2190.81,46857.5,1.35418e+14
20230101T000011.100000,6,1047,9113.74,3419.28,-1526.54,0,0,0,22029.6,-48613.1,22250.8,133364,8348.02,151604,1.09169e+14
20230101T000011.100000,6,1048,575.746,680.455,125.077,0,0,0,777.461,-583.539,-109.531,581.538,-129.451,1272.44,1.05575e+23
20230101T000011.100000,4,942,576.484,694.517,82.502,-4.29081,-10.9422,17.7319,600.403,-428.608,5.53523,404.105,6.94604,941.928,0
20230101T000011.100000,3,952,8396.01,-2444.13,676.273,0,0,0,2500,0,0,2500,0,2500,0
20230101T000011.100000,3,953,8128.78,-3355.15,932.571,0,0,0,2500,0,0,2500,0,2500,0
20230101T000011.100000,3,954,4147.88,533.899,168.628,0,0,0,2500,0,0,2500,0,2500,0
20230101T000011.100000,3,955,9704.03,2028.32,-296.189,0,0,0,2500,0,0,2500,0,2500,0
20230101T000011.100000,3,956,8454.87,1618.64,1236.17,0,0,0,2500,0,0,2500,0,2500,0
20230101T000011.100000,3,957,3299.48,1830.55,-196.123,0,0,0,2500,0,0,2500,0,2500,0
20230101T000011.100000,3,958,10761.8,3322.1,725.27,0,0,0,2500,0,0,2500,0,2500,0
20230101T000011.100000,3,959,8337.09,1599.67,1888.61,0,0,0,2500,0,0,2500,0,2500,0
20230101T000011.100000,3,960,6217.01,2563.21,-1337.54,0,0,0,2500,0,0,2500,0,2500,0
20230101T000011.100000,3,961,4595.72,1841.65,-696.934,0,0,0,2500,0,0,2500,0,2500,0
20230101T000011.100000,3,962,4804,2491.41,-550.334,0,0,0,2500,0,0,2500,0,2500,0
20230101T000011.100000,3,963,9113.74,3419.28,-1526.54,0,0,0,2500,0,0,2500,0,2500,0
20230101T000011.200000,6,1049,1759.37,-1372.15,0.895073,0,0,0,3052.26,3831.55,-2.49938,4976.81,1.94929,7965.07,1.23641e+14
20230101T000011.200000,6,1050,1179.63,-1117.21,-112.406,0,0,0,2041.3,2066.75,208.958,2266.13,-197.901,4223.82,1.22576e+14
20230101T000011.200000,6,1051,1390.29,-967.384,-5.20749,0,0,0,1540.48,2121.89,11.4224,3113.55,-7.94784,4589.98,1.31973e+14
20230101T000011.200000,6,1052,6846.98,-5125.03,-1164.92,0,0,0,43457.3,55073.8,12755,75812,-9547.24,117036,1.67192e+14
20230101T000011.200000,6,1053,6188.53,-6365.92,-909.809,0,0,0,65514.2,62339.5,9004.09,61990.2,-9262.18,126117,1.29831e+14
20230101T000011.200000,6,1054,1627.06,-576.917,4.5386,0,0,0,589.415,1481.71,-11.6567,4242.85,4.1332,4768.23,1.3117e+14
20230101T000011.200000,6,1055,4477.8,370.151,-404.247,0,0,0,541.964,-2625.26,2890.53,32083.3,238.941,32300.8,2.08798e+14
20230101T000011.200000,6,1056,2180.93,975.629,582.486,0,0,0,2025.64,-3179.57,-2019.13,7710.92,-903.251,9136.87,5.15575e+14
20230101T000011.200000,6,1057,7686.94,3288.78,664.412,0,0,0,17956.5,-40170.6,-8167.02,94661.5,-3494.18,111849,1.78962e+14
20230101T000011.200000,6,1058,6160.81,1329.31,33.6279,0,0,0,2890.2,-13089.9,-331.146,60731.8,-71.4511,63556.2,1.37556e+14
20230101T000011.200000,6,1059,687.061,566.925,128.72,0,0,0,567.316,-579.431,-134.514,791.418,-110.994,1270.84,4.68101e+23
20230101T000011.200000,3,964,1759.37,-1372.15,0.895073,0,0,0,2500,0,0,2500,0,2500,0
20230101T000011.200000,3,965,1179.63,-1117.21,-112.406,0,0,0,2500,0,0,2500,0,2500,0
20230101T000011.200000,3,966,1390.29,-967.384,-5.20749,0,0,0,2500,0,0,2500,0,2500,0
20230101T000011.200000,3,967,6846.98,-5125.03,-1164.92,0,0,0,2500,0,0,2500,0,2500,0
20230101T000011.200000,3,968,6188.53,-6365.92,-909.809,0,0,0,2500,0,0,2500,0,2500,0
20230101T000011.200000,3,969,1627.06,-576.917,4.5386,0,0,0,2500,0,0,2500,0,2500,0
20230101T000011.200000,3,970,4477.8,370.151,-404.247,0,0,0,2500,0,0,2500,0,2500,0
20230101T000011.200000,3,971,2180.93,975.629,582.486,0,0,0,2500,0,0,2500,0,2500,0
20230101T000011.200000,3,972,7686.94,3288.78,664.412,0,0,0,2500,0,0,2500,0,2500,0
20230101T000011.200000,3,973,6160.81,1329.31,33.6278,0,0,0,2500,0,0,2500,0,2500,0
20230101T000011.200000,3,974,687.061,566.925,128.72,0,0,0,2500,0,0,2500,0,2500,0
20230101T000011.300000,6,1060,10807.1,-2653.53,1782.34,0,0,0,16118.6,44691.6,-30809.3,187161,7564.82,198136,1.75368e+14
20230101T000011.300000,6,1061,9872.32,-2993.71,-723.744,0,0,0,15165.5,47037.4,11427.8,156016,-3465.39,170280,1.15918e+14
20230101T000011.300000,6,1062,7851.68,-1932.11,-1207.47,0,0,0,8231.5,23716.7,15160,98774.9,-3730.52,104612,1.41274e+14
20230101T000011.300000,6,1063,7802.36,-2987.31,-18.7781,0,0,0,14334.8,37271.4,234.288,97411.2,-89.7024,111681,1.06911e+14
20230101T000011.300000,6,1064,2497.43,224.297,52.8525,0,0,0,148.388,-890.168,-209.85,9980.02,-18.8468,10060,1.7464e+14
20230101T000011.300000,6,1065,3799.66,-857.763,-481.479,0,0,0,1590.12,5121.53,2919.53,23121,-659.076,24278.1,1.43816e+14
20230101T000011.300000,6,1066,771.969,444.728,127.816,0,0,0,383.161,-510.875,-150.077,975.638,-86.4586,1271.24,3.77684e+23
20230101T000011.300000,6,1067,9172.74,3089.41,-1455.64,0,0,0,18372.2,-44297,21354.6,134974,7192.31,149895,1.75329e+14
20230101T000011.300000,6,1068,2906.02,3313.9,583.649,0,0,0,17835.4,-15107.1,-2708.27,13855.6,-3088.39,31084.2,1.90606e+14
20230101T000011.300000,6,1069,5489.48,5290.46,466.607,0,0,0,44995.9,-46261,-4095.48,48413.4,-3947,92997.5,1.07813e+14
20230101T000011.300000,4,963,9057.04,3392.04,-1515.68,-10.9034,-5.23883,2.08802,422.656,-800.447,357.511,2255.85,134.131,2497.31,0
20230101T000011.300000,4,974,750.227,490.535,128.124,6.2541,-7.56348,-0.0590331,388.993,-376.096,-86.6915,534.453,-71.5331,840.202,0
20230101T000011.300000,3,975,10807.1,-2653.53,1782.34,0,0,0,2500,0,0,2500,0,2500,0
20230101T000011.300000,3,976,9872.32,-2993.71,-723.744,0,0,0,2500,0,0,2500,0,2500,0
20230101T000011.300000,3,977,7851.68,-1932.11,-1207.47,0,0,0,2500,0,0,2500,0,2500,0
20230101T000011.300000,3,978,7802.36,-2987.31,-18.7781,0,0,0,2500,0,0,2500,0,2500,0
20230101T000011.300000,3,979,2497.43,224.297,52.8525,0,0,0,2500,0,0,2500,0,2500,0
20230101T000011.300000,3,980,3799.66,-857.763,-481.479,0,0,0,2500,0,0,2500,0,2500,0
20230101T000011.300000,3,981,2906.02,3313.9,583.649,0,0,0,2500,0,0,2500,0,2500,0
20230101T000011.300000,3,982,5489.48,5290.46,466.607,0,0,0,2500,0,0,2500,0,2500,0
20230101T000011.400000,6,1070,7706.71,-7326.35,613.005,0,0,0,86229.9,90007.2,-7556.14,95345.2,7183.2,180910,1.19942e+14
20230101T000011.400000,6,1071,6454.91,-5003.62,1909.04,0,0,0,43738.3,48823.8,-19705.1,68876.9,15274.7,106727,1.69266e+14
20230101T000011.400000,6,1072,6613.76,-5692.06,-243.009,0,0,0,51930.3,60155.2,2570.18,70054.4,-2212,121826,2.53688e+14
20230101T000011.400000,6,1073,4525.83,-4360.92,-796.621,0,0,0,30987.4,31040.1,5762.84,33292.2,-5552.86,63202.3,1.26568e+14
20230101T000011.400000,6,1074,2112.79,-1016.51,52.207,0,0,0,1708.74,3409.57,-175.2,7155.03,84.2925,8795.48,3.17164e+14
20230101T000011.400000,6,1075,8053.28,-3792.24,998.358,0,0,0,24366.8,48224.9,-12857.7,104069,6054.6,126779,2.04075e+14
20230101T000011.400000,6,1076,6154.89,-2472.76,767.099,0,0,0,10648.3,24003.8,-7547.48,60752,3032.24,70396.5,1.10418e+14
20230101T000011.400000,6,1077,10314.4,-665.757,-343.985,0,0,0,961.371,10970.8,5674.68,170221,-366.28,170929,2.12111e+14
20230101T000011.400000,6,1078,4823.3,991.021,-866.962,0,0,0,2784.84,-7398.67,6679.88,37274,1372.48,38796.1,1.99626e+14
20230101T000011.400000,6,1079,10379.1,4855.93,-1282.95,0,0,0,39940.6,-79605.3,21299,172846,9964.89,210090,4.47176e+14
20230101T000011.400000,6,1080,9618.03,2845.54,-201.849,0,0,0,13074.1,-43754.4,3105,148021,918.626,160966,2.62254e+14
20230101T000011.400000,6,1081,838.169,302.302,126.711,0,0,0,224.461,-377.189,-161.536,1134.22,-58.2612,1271.53,4.76739e+23
20230101T000011.400000,6,1082,2480.76,2759.34,140.657,0,0,0,12225,-10904.9,-556.68,9899.52,-619.192,22029.1,2.41301e+14
20230101T000011.400000,6,1083,6140.85,4283.22,745.922,0,0,0,29995.1,-41636.8,-7323.78,60648.2,-5108.31,89690.4,1.54065e+14
20230101T000011.400000,6,1084,6890.34,5562.54,807.279,0,0,0,50176.7,-60783.8,-8895.37,76399.2,-7181.2,125470,1.05681e+14
20230101T000011.400000,6,1085,4414.76,4542.19,-117.428,0,0,0,33052.2,-32041.3,828.64,31228.4,852.558,64194.6,1.27253e+14
20230101T000011.400000,4,953,8227.54,-3405.89,945.449,27.1814,-13.9637,3.54441,466.29,908.046,-252.456,2291.49,104.201,2637.96,0
20230101T000011.400000,4,955,9810.24,2064.6,-297.871,29.2323,9.98448,-0.462932,174.275,-523.447,76.4384,2569.17,15.9771,2676.29,0
20230101T000011.400000,3,983,7706.71,-7326.35,613.005,0,0,0,2500,0,0,2500,0,2500,0
20230101T000011.400000,3,984,6454.91,-5003.62,1909.04,0,0,0,2500,0,0,2500,0,2500,0
20230101T000011.400000,3,985,6613.76,-5692.06,-243.009,0,0,0,2500,0,0,2500,0,2500,0
20230101T000011.400000,3,986,4525.83,-4360.92,-796.621,0,0,0,2500,0,0,2500,0,2500,0
20230101T000011.400000,3,987,2112.79,-1016.51,52.207,0,0,0,2500,0,0,2500,0,2500,0
20230101T000011.400000,3,988,6154.9,-2472.76,767.098,0,0,0,2500,0,0,2500,0,2500,0
20230101T000011.400000,3,989,10314.4,-665.757,-343.985,0,0,0,2500,0,0,2500,0,2500,0
20230101T000011.400000,3,990,4823.3,991.021,-866.962,0,0,0,2500,0,0,2500,0,2500,0
20230101T000011.400000,3,991,10379.1,4855.93,-1282.95,0,0,0,2500,0,0,2500,0,2500,0
20230101T000011.400000,3,992,838.169,302.302,126.711,0,0,0,2500,0,0,2500,0,2500,0
20230101T000011.400000,3,993,2480.76,2759.34,140.657,0,0,0,2500,0,0,2500,0,2500,0
20230101T000011.400000,3,994,6140.85,4283.22,745.922,0,0,0,2500,0,0,2500,0,2500,0
20230101T000011.400000,3,995,6890.34,5562.54,807.279,0,0,0,2500,0,0,2500,0,2500,0
20230101T000011.400000,3,996,4414.76,4542.19,-117.428,0,0,0,2500,0,0,2500,0,2500,0
20230101T000011.500000,6,1086,6638.82,-4890.98,-427.123,0,0,0,38505.2,51782.6,4534.28,70643.4,-3340.51,108793,1.85729e+14
20230101T000011.500000,6,1087,3893.62,-2972.49,-916.204,0,0,0,15024.7,17840.4,5698.57,24773.7,-4350.44,38395.7,1.65278e+14
20230101T000011.500000,6,1088,7734.44,-3223.73,-108.112,0,0,0,16698.3,39864.6,1337.13,95726.7,-557.319,112342,5.65384e+14
20230101T000011.500000,6,1089,6499.56,-2691.15,491.707,0,0,0,11972.3,27826.9,-5109.29,67656.8,2115.51,79178.8,1.58339e+14
20230101T000011.500000,6,1090,5310.74,-3120.47,1614.9,0,0,0,18726,24666.5,-13708.6,46212.5,8054.84,60710.1,1.76009e+14
20230101T000011.500000,6,1091,877.304,154.315,129.035,0,0,0,124.745,-201.369,-172.181,1234.14,-30.286,1270.88,1.26891e+23
20230101T000011.500000,6,1092,9619.87,3253.84,899.558,0,0,0,18158.8,-49670.2,-13840.5,148206,-4681.43,165008,2.86623e+14
20230101T000011.500000,6,1093,4099.81,2464.18,-717.896,0,0,0,10367.2,-15772.5,4701.12,27128.9,2825.6,36610.4,1.88595e+14
20230101T000011.500000,6,1094,1858,2861.5,-711.508,0,0,0,13359.5,-8108.73,2108.21,6136.41,3246.85,18627.3,1.21123e+14
20230101T000011.500000,6,1095,7320.06,7235.83,-0.648738,0,0,0,83803.9,-84714.8,7.59522,85765,7.50782,169505,8.36095e+13
20230101T000011.500000,6,1096,4036.34,2685.77,-724.544,0,0,0,12167,-16928.9,4671.42,26344.3,3108.35,37610.1,9.54783e+13
20230101T000011.500000,4,978,7823.48,-3001.35,-20.8588,4.0622,-2.70022,-0.400129,379.335,827.585,5.20217,2223.99,-1.99177,2540.84,0
20230101T000011.500000,4,992,872.643,206.325,128.25,3.41333,-9.50272,0.152444,166.44,-244.776,-104.109,756.826,-37.5491,840.665,0
20230101T000011.500000,3,997,6638.82,-4890.98,-427.123,0,0,0,2500,0,0,2500,0,2500,0
20230101T000011.500000,3,998,3893.62,-2972.49,-916.204,0,0,0,2500,0,0,2500,0,2500,0
20230101T000011.500000,3,999,6499.56,-2691.15,491.707,0,0,0,2500,0,0,2500,0,2500,0
20230101T000011.500000,3,1000,5310.74,-3120.47,1614.9,0,0,0,2500,0,0,2500,0,2500,0
20230101T000011.500000,3,1001,9619.87,3253.84,899.558,0,0,0,2500,0,0,2500,0,2500,0
20230101T000011.500000,3,1002,4099.81,2464.18,-717.896,0,0,0,2500,0,0,2500,0,2500,0
20230101T000011.500000,3,1003,1858,2861.5,-711.508,0,0,0,2500,0,0,2500,0,2500,0
20230101T000011.500000,3,1004,7320.06,7235.83,-0.648738,0,0,0,2500,0,0,2500,0,2500,0
20230101T000011.500000,3,1005,4036.34,2685.77,-724.544,0,0,0,2500,0,0,2500,0,2500,0
20230101T000011.600000,6,1097,9225.15,-7504.14,-2054.06,0,0,0,94199.2,107428,30310.1,138878,-24655.6,226267,3.16655e+14
20230101T000011.600000,6,1098,5774.45,-4923.51,-108.453,0,0,0,38833.5,45448,1001.31,53385.7,-853.757,92136.4,2.20597e+14
20230101T000011.600000,6,1099,3826.38,-2963.08,364.377,0,0,0,14220.3,18006.9,-2227,23529.4,1724.55,37474,1.31984e+14
20230101T000011.600000,6,1100,6670.13,-3680.9,-741.882,0,0,0,22402.1,38884,7912.12,71405.4,-4366.29,92864.1,1.59072e+14
20230101T000011.600000,6,1101,6856.57,-1754.39,748.967,0,0,0,5826.39,19015.8,-8210.06,75279.1,2100.71,80145.4,2.51111e+14
20230101T000011.600000,6,1102,6441.5,-3175.31,491.389,0,0,0,16494.2,32547.6,-5060.55,66476.8,2494.58,82521.2,1.93519e+14
20230101T000011.600000,6,1103,2863.51,223.797,244.427,0,0,0,238.301,-1012.99,-1114.48,13120.4,-87.102,13200.1,2.90588e+14
20230101T000011.600000,6,1104,891.601,-1.16353,122.857,0,0,0,86.9596,1.54637,-166.609,1271.92,0.217423,1273.12,1.69298e+23
20230101T000011.600000,6,1105,3229.11,621.556,-473.773,0,0,0,1024.9,-3133.02,2438.91,16698.5,469.455,17302.9,2.84655e+14
20230101T000011.600000,6,1106,3772.01,1854.21,354.918,0,0,0,5714.47,-11085.6,-2137.19,22816.5,-1050.58,28266.3,1.4006e+14
20230101T000011.600000,6,1107,10878.1,3182.53,144.708,0,0,0,16295.4,-55365.7,-2517.86,189342,-736.628,205540,2.30084e+14
20230101T000011.600000,6,1108,7023.28,1788.22,686.91,0,0,0,5884.95,-19899,-7713.15,78972.1,-1963.87,84039.2,2.12693e+14
20230101T000011.600000,6,1109,2759.68,3727.2,-432.598,0,0,0,22355.8,-16283.9,1906.61,12419.7,2575.05,34413.2,9.61365e+13
20230101T000011.600000,6,1110,4244.32,3803.16,-1151.26,0,0,0,24352.8,-24742.5,7808.84,29794.7,6997.18,51967.9,3.13132e+14
20230101T000011.600000,3,1006,9225.15,-7504.14,-2054.06,0,0,0,2500,0,0,2500,0,2500,0
20230101T000011.600000,3,1007,5774.45,-4923.51,-108.453,0,0,0,2500,0,0,2500,0,2500,0
20230101T000011.600000,3,1008,3826.38,-2963.08,364.377,0,0,0,2500,0,0,2500,0,2500,0
20230101T000011.600000,3,1009,6670.13,-3680.9,-741.882,0,0,0,2500,0,0,2500,0,2500,0
20230101T000011.600000,3,1010,6856.57,-1754.39,748.967,0,0,0,2500,0,0,2500,0,2500,0
20230101T000011.600000,3,1011,6441.5,-3175.31,491.389,0,0,0,2500,0,0,2500,0,2500,0
20230101T000011.600000,3,1012,2863.51,223.797,244.427,0,0,0,2500,0,0,2500,0,2500,0
20230101T000011.600000,3,1013,891.601,-1.16353,122.857,0,0,0,2500,0,0,2500,0,2500,0
20230101T000011.600000,3,1014,3229.11,621.556,-473.773,0,0,0,2500,0,0,2500,0,2500,0
20230101T000011.600000,3,1015,3772.01,1854.21,354.918,0,0,0,2500,0,0,2500,0,2500,0
20230101T000011.600000,3,1016,10878.1,3182.53,144.708,0,0,0,2500,0,0,2500,0,2500,0
20230101T000011.600000,3,1017,7023.28,1788.22,686.91,0,0,0,2500,0,0,2500,0,2500,0
20230101T000011.600000,3,1018,2759.68,3727.2,-432.598,0,0,0,2500,0,0,2500,0,2500,0
20230101T000011.600000,3,1019,4244.32,3803.16,-1151.26,0,0,0,2500,0,0,2500,0,2500,0
20230101T000011.700000,6,1111,9434.28,-7437.32,372.018,0,0,0,88677.9,112126,-5614,142519,4425.68,230911,1.47384e+14
20230101T000011.700000,6,1112,8794.33,-8311.71,-625.667,0,0,0,110900,116609,8801.31,124070,-8318.31,234280,1.15066e+14
20230101T000011.700000,6,1113,5024.73,-3235.6,-83.7345,0,0,0,16803.7,25978.6,672.435,40418.7,-433.004,57147.2,1.34845e+14
20230101T000011.700000,6,1114,5052.57,-4323.68,1530.36,0,0,0,32108.9,33072,-12360.9,42455.3,10577.7,70759.5,9.80286e+13
20230101T000011.700000,6,1115,7156.33,-4476.12,-1461.16,0,0,0,34557.1,49688.4,16721.4,82919,-10458.9,114000,3.01196e+14
20230101T000011.700000,6,1116,4906.48,-4075.02,278.41,0,0,0,26680.4,31898,-2183.48,38594.4,1813.46,65087,1.27618e+14
20230101T000011.700000,6,1117,8484.82,-3713.66,998.323,0,0,0,23457.4,49806.6,-13546.7,115454,5929.16,137254,2.02461e+14
20230101T000011.700000,6,1118,2445.66,-374.885,78.4103,0,0,0,296.941,1455.9,-304.821,9571.72,46.7247,9794.95,3.76098e+14
20230101T000011.700000,6,1119,878.09,-153.727,123.79,0,0,0,122.523,201.148,-165.33,1236.26,28.9443,1272.69,1.92949e+23
20230101T000011.700000,6,1120,9223.29,313.077,-320.068,0,0,0,384.398,-4612.44,4721.11,136111,160.254,136268,1.233e+14
20230101T000011.700000,6,1121,6969.66,79.9876,-63.3092,0,0,0,80.6352,-891.17,705.408,77721.8,8.09566,77732,1.73468e+14
20230101T000011.700000,6,1122,3235.72,820.614,56.0563,0,0,0,1142.29,-4232,-289.17,16756,-73.3368,17829.3,1.97948e+14
20230101T000011.700000,6,1123,9233.52,5977.72,2218.29,0,0,0,62764.4,-84692.8,-32761.8,138756,-21209.8,193588,1.83178e+14
20230101T000011.700000,6,1124,5669.13,6307.16,-1774.29,0,0,0,65926.7,-54675,16085.3,54242.4,17895.7,115074,1.43086e+14
20230101T000011.700000,6,1125,4144.45,3341.54,438.761,0,0,0,18090.6,-21976.6,-2905.4,27628.8,-2342.53,45348.2,2.4177e+14
20230101T000011.700000,4,1013,891.356,-103.152,123.473,-0.0242896,-10.0978,0.0609537,77.2148,1.00306,-107.375,845.844,0.140123,841.663,0
20230101T000011.700000,3,1020,9434.28,-7437.32,372.018,0,0,0,2500,0,0,2500,0,2500,0
20230101T000011.700000,3,1021,8794.33,-8311.71,-625.667,0,0,0,2500,0,0,2500,0,2500,0
20230101T000011.700000,3,1022,5024.73,-3235.6,-83.7345,0,0,0,2500,0,0,2500,0,2500,0
20230101T000011.700000,3,1023,5052.57,-4323.68,1530.36,0,0,0,2500,0,0,2500,0,2500,0
20230101T000011.700000,3,1024,7156.33,-4476.12,-1461.16,0,0,0,2500,0,0,2500,0,2500,0
20230101T000011.700000,3,1025,4906.48,-4075.02,278.41,0,0,0,2500,0,0,2500,0,2500,0
20230101T000011.700000,3,1026,8484.82,-3713.66,998.323,0,0,0,2500,0,0,2500,0,2500,0
20230101T000011.700000,3,1027,2445.66,-374.885,78.4103,0,0,0,2500,0,0,2500,0,2500,0
20230101T000011.700000,3,1028,9223.29,313.077,-320.068,0,0,0,2500,0,0,2500,0,2500,0
20230101T000011.700000,3,1029,6969.66,79.9876,-63.3092,0,0,0,2500,0,0,2500,0,2500,0
20230101T000011.700000,3,1030,3235.72,820.614,56.0563,0,0,0,2500,0,0,2500,0,2500,0
20230101T000011.700000,3,1031,9233.52,5977.72,2218.29,0,0,0,2500,0,0,2500,0,2500,0
20230101T000011.700000,3,1032,5669.13,6307.16,-1774.29,0,0,0,2500,0,0,2500,0,2500,0
20230101T000011.700000,3,1033,4144.45,3341.54,438.761,0,0,0,2500,0,0,2500,0,2500,0
20230101T000011.800000,6,1126,3487.91,-2727.63,-132.482,0,0,0,11961,15177.3,737.831,19499.8,-577.001,31368.8,1.31151e+14
20230101T000011.800000,6,1127,7847.17,-6041.65,-538.936,0,0,0,58734.2,75600.2,6763.85,98721.6,-5207.58,156928,2.11866e+14
20230101T000011.800000,6,1128,837.973,-303.251,125.491,0,0,0,224.906,378.443,-159.943,1133.7,57.8814,1271.9,6.88998e+22
20230101T000011.800000,6,1129,8656.96,-637.858,-3.74294,0,0,0,714.656,8830.36,51.8165,119909,-3.81791,120560,2.34798e+14
20230101T000011.800000,6,1130,7456.85,4647.75,-650.094,0,0,0,35095.3,-55120,7752.25,89174.4,4831.87,123530,1.13523e+14
20230101T000011.800000,6,1131,1245.24,1240.77,-345.222,0,0,0,2589.84,-2345.95,679.243,2606.7,676.807,4946.61,1.7199e+14
20230101T000011.800000,3,1034,3487.91,-2727.63,-132.482,0,0,0,2500,0,0,2500,0,2500,0
20230101T000011.800000,3,1035,7847.17,-6041.65,-538.936,0,0,0,2500,0,0,2500,0,2500,0
20230101T000011.800000,3,1036,837.973,-303.251,125.491,0,0,0,2500,0,0,2500,0,2500,0
20230101T000011.800000,3,1037,8656.96,-637.858,-3.74294,0,0,0,2500,0,0,2500,0,2500,0
20230101T000011.800000,3,1038,7456.85,4647.75,-650.094,0,0,0,2500,0,0,2500,0,2500,0
20230101T000011.800000,3,1039,1245.24,1240.77,-345.222,0,0,0,2500,0,0,2500,0,2500,0
20230101T000011.900000,6,1132,1110.91,-1504.03,-107.151,0,0,0,3648.36,2634.09,188.285,2027.76,-254.913,5594.17,1.67487e+14
20230101T000011.900000,6,1133,3559.69,-5194.93,-254.974,0,0,0,43233.4,29509.5,1450.75,20388.5,-2117.19,63454.1,1.22981e+14
20230101T000011.900000,6,1134,69.0637,-42.9544,4.00781,0,0,0,49.0074,-23.8977,2.22867,25.4471,-1.38613,10.7388,2.49379e+14
20230101T000011.900000,6,1135,772.315,-443.85,130.075,0,0,0,382.66,509.7,-152.8,976.632,87.8145,1270.89,7.498e+20
20230101T000011.900000,6,1136,5370.69,-2174.11,208.816,0,0,0,7677.68,18635.9,-1792.24,46169.6,725.518,53713.7,1.1931e+14
20230101T000011.900000,6,1137,5718.12,-1606.69,-667.624,0,0,0,4849.86,14497.4,6101.24,52371.8,-1714.34,56446.1,1.49022e+14
20230101T000011.900000,6,1138,9389.14,3321.53,691.433,0,0,0,18388.5,-49637.5,-10383,141142,-3673.11,158702,9.93075e+13
20230101T000011.900000,6,1139,1329.63,1771.01,-542.385,0,0,0,5209.79,-3512.68,1145,3168.31,1525.08,7850.65,1.71179e+14
20230101T000011.900000,6,1140,1165.98,989.993,63.3429,0,0,0,1608.99,-1812.21,-116.153,2204.66,-98.622,3743.45,9.48986e+13
20230101T000011.900000,4,1036,802.64,-400.406,128.532,-3.49825,-9.61929,0.301101,166.721,245.563,-103.085,756.417,37.3052,840.923,0
20230101T000011.900000,3,1040,1110.91,-1504.03,-107.151,0,0,0,2500,0,0,2500,0,2500,0
20230101T000011.900000,3,1041,3559.69,-5194.93,-254.974,0,0,0,2500,0,0,2500,0,2500,0
20230101T000011.900000,3,1042,69.0637,-42.9544,4.00781,0,0,0,2500,0,0,2500,0,2500,0
20230101T000011.900000,3,1043,5370.69,-2174.11,208.816,0,0,0,2500,0,0,2500,0,2500,0
20230101T000011.900000,3,1044,5718.12,-1606.69,-667.624,0,0,0,2500,0,0,2500,0,2500,0
20230101T000011.900000,3,1045,9389.14,3321.53,691.433,0,0,0,2500,0,0,2500,0,2500,0
20230101T000011.900000,3,1046,1329.63,1771.01,-542.385,0,0,0,2500,0,0,2500,0,2500,0
20230101T000011.900000,3,1047,1165.98,989.993,63.3429,0,0,0,2500,0,0,2500,0,2500,0
20230101T000012,6,1141,683.445,-571.396,128.601,0,0,0,574.864,580.955,-133.683,784.034,111.766,1271.05,3.33371e+22
20230101T000012,6,1142,6281.57,-2494.28,16.3484,0,0,0,10010,25046.7,-164.166,63141.7,65.187,73087.3,9.25317e+13
20230101T000012,6,1143,2301.18,-451.692,20.8799,0,0,0,388.734,1650.85,-76.3182,8475.06,14.9803,8799.11,7.92668e+13
20230101T000012,6,1144,6858.23,-1141.38,1595.44,0,0,0,6106.49,11855.1,-17493.3,75367.8,2911.31,77344,2.39071e+14
20230101T000012,6,1145,9033.38,4425.47,-2020.97,0,0,0,36655.3,-61357,29198.9,131840,14304.6,161901,1.29791e+14
20230101T000012,6,1146,6689.88,2210.65,-294.713,0,0,0,8002.08,-23602,3152.01,71627.2,1041.58,79426.5,1.16141e+14
20230101T000012,6,1147,5387.67,1999.64,-157.924,0,0,0,6488.99,-17203.6,1359.7,46455.7,504.656,52840.9,1.07795e+14
20230101T000012,6,1148,5325.01,3041.9,-944.823,0,0,0,15929.1,-25274.9,8041.54,45735.9,4593.72,60175.7,6.533e+13
20230101T000012,6,1149,4312.93,6204.84,-862.022,0,0,0,62008,-42230.9,5944.43,30606.4,8552.01,91363.1,8.6733e+13
20230101T000012,6,1150,3880.59,5124.92,830.791,0,0,0,42449.1,-31258.6,-5153.43,24836.3,-6805.9,66119.2,1.08625e+14
20230101T000012,4,1027,2316.88,-377.874,62.1219,-35.446,-0.822782,-4.48308,112.067,309.61,-64.7722,2084.44,9.92864,2130.28,0
20230101T000012,3,1048,683.445,-571.396,128.601,0,0,0,2500,0,0,2500,0,2500,0
20230101T000012,3,1049,6281.57,-2494.28,16.3484,0,0,0,2500,0,0,2500,0,2500,0
20230101T000012,3,1050,6858.23,-1141.38,1595.44,0,0,0,2500,0,0,2500,0,2500,0
20230101T000012,3,1051,9033.38,4425.47,-2020.97,0,0,0,2500,0,0,2500,0,2500,0
20230101T000012,3,1052,6689.88,2210.65,-294.713,0,0,0,2500,0,0,2500,0,2500,0
20230101T000012,3,1053,5387.67,1999.64,-157.924,0,0,0,2500,0,0,2500,0,2500,0
20230101T000012,3,1054,5325.01,3041.9,-944.824,0,0,0,2500,0,0,2500,0,2500,0
20230101T000012,3,1055,4312.93,6204.84,-862.022,0,0,0,2500,0,0,2500,0,2500,0
20230101T000012,3,1056,3880.59,5124.92,830.791,0,0,0,2500,0,0,2500,0,2500,0
20230101T000012.100000,6,1151,9439.6,-6927.77,1642.6,0,0,0,79636.9,102543,-24801.8,144103,18202.1,219361,1.32051e+14
20230101T000012.100000,6,1152,11687.1,-3199.94,2182.55,0,0,0,23531.2,57879.6,-40801.3,219076,11171.5,234925,1.28033e+14
20230101T000012.100000,6,1153,7438.51,-2103.78,-1364.84,0,0,0,9898.63,24241.7,16233.2,88755.6,-4591.14,95613.6,1.40161e+14
20230101T000012.100000,6,1154,5197.5,-593.882,552.15,0,0,0,1108.3,4876.56,-4585.04,43229.5,523.9,43787.4,1.67469e+14
20230101T000012.100000,6,1155,2262.06,1333.4,-488.706,0,0,0,3174.23,-4631.74,1758.85,8301.57,1036.78,11034,2.22968e+14
20230101T000012.100000,6,1156,687.62,826.774,-231.307,0,0,0,1153.7,-837.452,246.069,843.276,295.866,1853.03,9.20479e+22
20230101T000012.100000,6,1157,8185.41,7564.31,-2064.86,0,0,0,95262.9,-95635.9,27034.4,110372,24983,198754,3.79574e+14
20230101T000012.100000,6,1158,2344.55,1989.97,-343.537,0,0,0,6482.47,-7340.6,1283.32,8900.63,1089.23,15131.8,2.60235e+14
20230101T000012.100000,6,1159,5500.9,8320.01,-429.06,0,0,0,110865,-73063.1,3774.83,48665.2,5709.36,159172,1.20008e+14
20230101T000012.100000,6,1160,6355.43,8280.99,-423.313,0,0,0,109850,-84037.5,4302.96,64847,5606.67,174346,7.88061e+14
20230101T000012.100000,6,1161,3957.34,4350.56,-1153.71,0,0,0,31275.9,-26455.9,7296.85,26256.1,8021.89,55343.1,1.70936e+14
20230101T000012.100000,3,1057,9439.6,-6927.77,1642.6,0,0,0,2500,0,0,2500,0,2500,0
20230101T000012.100000,3,1058,11687.1,-3199.94,2182.55,0,0,0,2500,0,0,2500,0,2500,0
20230101T000012.100000,3,1059,7438.51,-2103.78,-1364.84,0,0,0,2500,0,0,2500,0,2500,0
20230101T000012.100000,3,1060,5197.5,-593.882,552.15,0,0,0,2500,0,0,2500,0,2500,0
20230101T000012.100000,3,1061,2262.06,1333.4,-488.706,0,0,0,2500,0,0,2500,0,2500,0
20230101T000012.100000,3,1062,687.62,826.774,-231.307,0,0,0,2500,0,0,2500,0,2500,0
20230101T000012.100000,3,1063,8185.41,7564.31,-2064.86,0,0,0,2500,0,0,2500,0,2500,0
20230101T000012.100000,3,1064,2344.55,1989.97,-343.537,0,0,0,2500,0,0,2500,0,2500,0
20230101T000012.100000,3,1065,5500.9,8320.01,-429.06,0,0,0,2500,0,0,2500,0,2500,0
20230101T000012.100000,3,1066,6355.43,8280.99,-423.313,0,0,0,2500,0,0,2500,0,2500,0
20230101T000012.100000,3,1067,3957.34,4350.56,-1153.71,0,0,0,2500,0,0,2500,0,2500,0
20230101T000012.200000,6,1162,2336.55,-2027.89,55.8107,0,0,0,6619.05,7547.09,-207.776,8764.81,180.328,15314.9,1.11408e+14
20230101T000012.200000,6,1163,7374.06,-8581.61,-305.966,0,0,0,117921,101144,3608.81,87125.7,-4199.78,204833,1.82908e+14
20230101T000012.200000,6,1164,8000.46,-6290.89,-155.443,0,0,0,63383.8,80478.1,1989.02,102451,-1564,165732,1.22009e+14
20230101T000012.200000,6,1165,5299.3,-7010.54,-1123.32,0,0,0,79393.4,58440,9519.62,46257,-12593.7,123569,1.56407e+14
20230101T000012.200000,6,1166,5403.95,-3865.86,65.101,0,0,0,23958.7,33392,-562.374,46748.2,402.31,70636.1,1.45553e+14
20230101T000012.200000,6,1167,2676.96,-1001.61,374.395,0,0,0,1857.08,4195.77,-1595.86,11501,597.107,13072,1.9583e+14
20230101T000012.200000,6,1168,3246.85,-1717.1,-420.408,0,0,0,4987.86,8777.3,2177.61,16942.9,-1151.63,21585.6,1.14338e+14
20230101T000012.200000,6,1169,10755.8,-3985.63,1001.78,0,0,0,26884,68046.1,-17234.7,185302,6386.4,210517,1.12542e+14
20230101T000012.200000,6,1170,8492.61,-1902.47,-861.005,0,0,0,6980.84,25584.6,11693.4,115459,-2619.49,121191,1.49051e+14
20230101T000012.200000,6,1171,9010.2,-2536.63,-828.008,0,0,0,11370.5,36266.2,11931.4,129979,-3359.04,140190,8.26425e+13
20230101T000012.200000,6,1172,8042.47,-553.863,27.6019,0,0,0,555.733,7122.61,-354.961,103490,24.4452,103981,1.91315e+14
20230101T000012.200000,6,1173,11124.4,2958.83,-2317.99,0,0,0,22093.9,-50513.4,41245.9,198574,10970.5,212012,1.55318e+14
20230101T000012.200000,6,1174,827.98,687.096,-228.546,0,0,0,841.116,-839.079,292.761,1155.94,242.946,1855.01,7.96889e+21
20230101T000012.200000,4,1062,775.799,753.877,-229.745,8.73063,-7.21757,0.154685,675.391,-471.799,135.842,500.504,163.332,1050.05,0
20230101T000012.200000,3,1068,2336.55,-2027.89,55.8107,0,0,0,2500,0,0,2500,0,2500,0
20230101T000012.200000,3,1069,7374.06,-8581.61,-305.966,0,0,0,2500,0,0,2500,0,2500,0
20230101T000012.200000,3,1070,8000.46,-6290.89,-155.443,0,0,0,2500,0,0,2500,0,2500,0
20230101T000012.200000,3,1071,5299.3,-7010.54,-1123.32,0,0,0,2500,0,0,2500,0,2500,0
20230101T000012.200000,3,1072,5403.95,-3865.86,65.101,0,0,0,2500,0,0,2500,0,2500,0
20230101T000012.200000,3,1073,2676.96,-1001.61,374.395,0,0,0,2500,0,0,2500,0,2500,0
20230101T000012.200000,3,1074,3246.85,-1717.1,-420.408,0,0,0,2500,0,0,2500,0,2500,0
20230101T000012.200000,3,1075,10755.8,-3985.63,1001.78,0,0,0,2500,0,0,2500,0,2500,0
20230101T000012.200000,3,1076,8492.61,-1902.47,-861.005,0,0,0,2500,0,0,2500,0,2500,0
20230101T000012.200000,3,1077,9010.2,-2536.63,-828.008,0,0,0,2500,0,0,2500,0,2500,0
20230101T000012.200000,3,1078,8042.47,-553.863,27.6019,0,0,0,2500,0,0,2500,0,2500,0
20230101T000012.200000,3,1079,11124.4,2958.83,-2317.99,0,0,0,2500,0,0,2500,0,2500,0
20230101T000012.300000,6,1175,7171.6,-9831.17,-561.522,0,0,0,154840,112538,6441.48,82662,-8830.29,236934,1.60888e+14
20230101T000012.300000,6,1176,390.27,-412.806,-46.8174,0,0,0,304.311,224.284,25.6352,279.115,-27.1155,516.782,1.35064e+14
20230101T000012.300000,6,1177,7537.16,-3459.77,456.452,0,0,0,19480.1,41572.4,-5501.38,90963.2,2525.29,110046,1.69106e+14
20230101T000012.300000,6,1178,5943.29,2.78006,-633.467,0,0,0,705.342,-26.1064,6017.06,56516.4,2.81457,56517.1,1.90761e+14
20230101T000012.300000,6,1179,9542.73,1983.91,-695.972,0,0,0,7101.39,-30124,10621.9,145737,2208.27,152000,9.30042e+13
20230101T000012.300000,6,1180,3921.45,1124.64,578.59,0,0,0,2576.6,-6897.79,-3621.7,24649.9,-1038.68,26629.4,1.87428e+14
20230101T000012.300000,6,1181,1753.98,971.423,-352.344,0,0,0,1709.38,-2615.68,979.266,4983.54,542.354,6434.12,4.94112e+14
20230101T000012.300000,6,1182,11168.4,4989.5,-1400.49,0,0,0,42501,-87967.7,25019.4,200107,11177.4,239407,2.72406e+14
20230101T000012.300000,6,1183,930.769,537.685,-233.209,0,0,0,573.642,-736.571,335.819,1423.2,193.995,1851.57,1.53705e+22
20230101T000012.300000,6,1184,6416.1,8765.17,-1461.96,0,0,0,124140,-88321.3,15003.1,68133.7,20496.1,188792,1.31785e+14
20230101T000012.300000,6,1185,7134.15,7113.39,677.644,0,0,0,81361,-80797.7,-7732.03,81831.9,-7709.54,162395,1.70519e+14
20230101T000012.300000,3,1080,7171.6,-9831.17,-561.522,0,0,0,2500,0,0,2500,0,2500,0
20230101T000012.300000,3,1081,390.27,-412.806,-46.8174,0,0,0,2500,0,0,2500,0,2500,0
20230101T000012.300000,3,1082,7537.16,-3459.77,456.452,0,0,0,2500,0,0,2500,0,2500,0
20230101T000012.300000,3,1083,5943.29,2.78006,-633.467,0,0,0,2500,0,0,2500,0,2500,0
20230101T000012.300000,3,1084,9542.73,1983.91,-695.972,0,0,0,2500,0,0,2500,0,2500,0
20230101T000012.300000,3,1085,3921.45,1124.64,578.59,0,0,0,2500,0,0,2500,0,2500,0
20230101T000012.300000,3,1086,1753.98,971.423,-352.344,0,0,0,2500,0,0,2500,0,2500,0
20230101T000012.300000,3,1087,11168.4,4989.5,-1400.49,0,0,0,2500,0,0,2500,0,2500,0
20230101T000012.300000,3,1088,930.769,537.685,-233.209,0,0,0,2500,0,0,2500,0,2500,0
20230101T000012.300000,3,1089,6416.1,8765.17,-1461.96,0,0,0,2500,0,0,2500,0,2500,0
20230101T000012.300000,3,1090,7134.15,7113.39,677.644,0,0,0,2500,0,0,2500,0,2500,0
20230101T000012.400000,6,1186,3412.53,-2456.11,-501.947,0,0,0,9959.06,13189.4,2734.54,18791.7,-1968.14,28285.4,1.29469e+14
20230101T000012.400000,6,1187,201.6,-288.258,-68.105,0,0,0,155.648,60.5232,15.1229,111.437,-21.6235,200.289,1.68678e+14
20230101T000012.400000,6,1188,5310.45,-4122.32,-840.146,0,0,0,27933.6,34448.6,7132.27,45569.8,-5536.53,72312,2.54e+14
20230101T000012.400000,6,1189,3523.07,-4205.37,962.106,0,0,0,28932.5,22945.6,-5416.32,20766,6465.27,48157.3,1.81921e+14
20230101T000012.400000,6,1190,2258.66,-488.771,87.7803,0,0,0,455.062,1750.59,-314.853,8165.91,68.1338,8544.83,1.40974e+14
20230101T000012.400000,6,1191,8207.03,-532.627,1161.11,0,0,0,2664.41,6850.59,-15237.9,107778,988.924,108224,1.56636e+14
20230101T000012.400000,6,1192,4513.8,985.827,215.415,0,0,0,1686.79,-7090.93,-1552.84,32605.3,-339.143,34154.2,1.51964e+14
20230101T000012.400000,6,1193,5940.91,1523.03,1043.99,0,0,0,5406.06,-14042.6,-9913.37,56582.4,-2541.42,60184.2,1.00141e+14
20230101T000012.400000,6,1194,1012.62,362.21,-230.501,0,0,0,339.528,-540.484,361.107,1657.21,129.167,1853.35,1.74655e+22
20230101T000012.400000,4,1027,2279.08,-403.871,67.5487,-77.9228,-9.65738,-1.66551,113.652,344.629,-56.8645,2171.2,8.73591,2227.24,0
20230101T000012.400000,4,1088,986.994,440.929,-231.672,5.56684,-9.57982,0.152109,348.676,-415.122,185.392,827.473,107.097,1049.27,0
20230101T000012.400000,3,1091,3412.53,-2456.11,-501.947,0,0,0,2500,0,0,2500,0,2500,0
20230101T000012.400000,3,1092,201.6,-288.258,-68.105,0,0,0,2500,0,0,2500,0,2500,0
20230101T000012.400000,3,1093,5310.45,-4122.32,-840.146,0,0,0,2500,0,0,2500,0,2500,0
20230101T000012.400000,3,1094,3523.07,-4205.37,962.106,0,0,0,2500,0,0,2500,0,2500,0
20230101T000012.400000,3,1095,8207.03,-532.627,1161.11,0,0,0,2500,0,0,2500,0,2500,0
20230101T000012.400000,3,1096,4513.8,985.827,215.415,0,0,0,2500,0,0,2500,0,2500,0
20230101T000012.400000,3,1097,5940.91,1523.03,1043.99,0,0,0,2500,0,0,2500,0,2500,0
20230101T000012.500000,6,1195,1559.01,-1123.63,7.93545,0,0,0,2062.27,2772.39,-19.5799,3910.71,14.1119,5908.88,1.27568e+14
20230101T000012.500000,6,1196,6490.14,-5383.34,-257.107,0,0,0,46469.2,55818.5,2668.36,67464.3,-2213.31,113764,1.7934e+14
20230101T000012.500000,6,1197,6524.24,-1563.59,479.677,0,0,0,4320.06,16224.1,-5002.81,68128.6,1198.97,72017.1,1.25957e+14
20230101T000012.500000,6,1198,1058.19,185.522,-235.536,0,0,0,200.43,-288.625,385.603,1796.11,67.6036,1849.65,2.13884e+21
20230101T000012.500000,6,1199,12303.6,223.119,-1169.35,0,0,0,2330.14,-4351.45,23013.5,242207,417.337,242286,1.41406e+14
20230101T000012.500000,6,1200,6090.9,1065.25,-256.774,0,0,0,1979.97,-10352.6,2499.76,59363.4,437.189,61174.1,1.5968e+14
20230101T000012.500000,6,1201,5435.89,-192.701,48.3562,0,0,0,127.065,1673.6,-420.006,47278.4,14.8891,47337.7,9.78722e+13
20230101T000012.500000,6,1202,6588.97,-1285.05,-417.977,0,0,0,2972.85,13482.9,4402.57,69475.9,-858.631,72105.7,1.26696e+14
20230101T000012.500000,6,1203,11038.1,4008.6,-1508.37,0,0,0,28981.9,-69607.5,26631.6,195375,9671.53,220654,1.50434e+14
20230101T000012.500000,6,1204,1059.97,175.721,-234.875,0,0,0,194.757,-273.918,385.165,1801.66,63.852,1849.99,1.97805e+21
20230101T000012.500000,6,1205,1217.64,1150.3,-250.84,0,0,0,2203.38,-2159.54,481.88,2449.24,455.229,4490.75,2.22717e+14
20230101T000012.500000,6,1206,6275.05,7259.29,753.305,0,0,0,84731.2,-72403.2,-7559.97,63558,-8745.75,147318,1.18219e+14
20230101T000012.500000,6,1207,3702.78,5174.48,-251.641,0,0,0,42896.4,-30577.7,1489.36,22046.2,2081.32,64777.4,1.16255e+14
20230101T000012.500000,3,1098,1559.01,-1123.63,7.93545,0,0,0,2500,0,0,2500,0,2500,0
20230101T000012.500000,3,1099,6490.14,-5383.34,-257.107,0,0,0,2500,0,0,2500,0,2500,0
20230101T000012.500000,3,1100,6524.24,-1563.59,479.677,0,0,0,2500,0,0,2500,0,2500,0
20230101T000012.500000,3,1101,1058.19,185.522,-235.536,0,0,0,2500,0,0,2500,0,2500,0
20230101T000012.500000,3,1102,12303.6,223.119,-1169.35,0,0,0,2500,0,0,2500,0,2500,0
20230101T000012.500000,3,1103,6090.9,1065.25,-256.774,0,0,0,2500,0,0,2500,0,2500,0
20230101T000012.500000,3,1104,5435.89,-192.701,48.3562,0,0,0,2500,0,0,2500,0,2500,0
20230101T000012.500000,3,1105,6588.97,-1285.05,-417.977,0,0,0,2500,0,0,2500,0,2500,0
20230101T000012.500000,3,1106,11038.1,4008.6,-1508.37,0,0,0,2500,0,0,2500,0,2500,0
20230101T000012.500000,3,1107,1059.97,175.721,-234.875,0,0,0,2500,0,0,2500,0,2500,0
20230101T000012.500000,3,1108,1217.64,1150.3,-250.84,0,0,0,2500,0,0,2500,0,2500,0
20230101T000012.500000,3,1109,6275.05,7259.29,753.305,0,0,0,2500,0,0,2500,0,2500,0
20230101T000012.500000,3,1110,3702.78,5174.48,-251.641,0,0,0,2500,0,0,2500,0,2500,0
20230101T000012.600000,6,1208,1767.01,-1341.7,235.947,0,0,0,2976.9,3719.91,-661.713,5051.45,502.443,7876.71,8.77725e+13
20230101T000012.600000,6,1209,7661.45,-7896.14,936.309,0,0,0,100469,96060.7,-11473.8,94671.8,11825.3,193675,1.0747e+14
20230101T000012.600000,6,1210,9435.96,-6863.52,1698.12,0,0,0,78431,101398,-25630.1,144078,18642.8,217834,1.56389e+14
20230101T000012.600000,6,1211,129.431,-161.168,-45.7959,0,0,0,66.7945,1.95419,1.0208,65.9306,-1.2711,71.3584,1.22269e+14
20230101T000012.600000,6,1212,6875.17,-6511.16,-421.574,0,0,0,68015.9,71450.7,4635.37,75793.5,-4389.94,143461,8.6017e+13
20230101T000012.600000,6,1213,2868.97,-1537.6,-347.141,0,0,0,3981.68,6951.49,1587.55,13226.7,-850.834,16953,1.59771e+14
20230101T000012.600000,6,1214,3123.46,-1813.25,-166.889,0,0,0,5341.72,9014.73,831.483,15637,-482.698,20870.4,1.25507e+14
20230101T000012.600000,6,1215,5029.78,-2466.79,-54.554,0,0,0,9791.49,19824.6,438.472,40491.2,-215.043,50213.9,1.0519e+14
20230101T000012.600000,6,1216,1075.54,7.64947,-229.341,0,0,0,145.459,-12.1298,381.612,1850.86,2.71411,1853.73,1.92137e+22
20230101T000012.600000,6,1217,11716.8,118.797,447.144,0,0,0,406.348,-2223.18,-8380.1,219653,-84.9663,219675,1.83495e+14
20230101T000012.600000,6,1218,5737.49,334.758,1159.04,0,0,0,2382.71,-2944.52,-10627.6,52677.6,-620.076,52851.9,1.33784e+14
20230101T000012.600000,6,1219,5124.05,-470.192,90.1375,0,0,0,430.067,3847.86,-737.875,42010.1,67.7088,42363.3,1.11517e+14
20230101T000012.600000,6,1220,11970.1,2835.76,-816.177,0,0,0,13935.9,-54057.6,15627.5,229315,3702.19,242121,3.59608e+14
20230101T000012.600000,6,1221,5010.03,5280.3,-118.54,0,0,0,44651.5,-42284,949.509,40206.1,1000.73,84771.2,1.10237e+14
20230101T000012.600000,4,1092,137.902,-159.359,-49.6448,-12.2496,24.7882,3.55006,145.576,54.8954,13.679,105.476,-19.5589,185.738,0
20230101T000012.600000,4,1107,1076.53,79.6066,-231.738,1.63979,-9.51626,0.310559,135.141,-154.439,212.652,1041.14,35.2531,1048.48,0
20230101T000012.600000,3,1111,1767.01,-1341.7,235.947,0,0,0,2500,0,0,2500,0,2500,0
20230101T000012.600000,3,1112,7661.45,-7896.14,936.309,0,0,0,2500,0,0,2500,0,2500,0
20230101T000012.600000,3,1113,9435.97,-6863.52,1698.12,0,0,0,2500,0,0,2500,0,2500,0
20230101T000012.600000,3,1114,6875.17,-6511.16,-421.574,0,0,0,2500,0,0,2500,0,2500,0
20230101T000012.600000,3,1115,2868.97,-1537.6,-347.141,0,0,0,2500,0,0,2500,0,2500,0
20230101T000012.600000,3,1116,3123.46,-1813.25,-166.889,0,0,0,2500,0,0,2500,0,2500,0
20230101T000012.600000,3,1117,5029.78,-2466.79,-54.554,0,0,0,2500,0,0,2500,0,2500,0
20230101T000012.600000,3,1118,11716.8,118.797,447.144,0,0,0,2500,0,0,2500,0,2500,0
20230101T000012.600000,3,1119,5737.49,334.758,1159.04,0,0,0,2500,0,0,2500,0,2500,0
20230101T000012.600000,3,1120,5124.06,-470.192,90.1375,0,0,0,2500,0,0,2500,0,2500,0
20230101T000012.600000,3,1121,11970.1,2835.76,-816.177,0,0,0,2500,0,0,2500,0,2500,0
20230101T000012.600000,3,1122,5010.03,5280.3,-118.54,0,0,0,2500,0,0,2500,0,2500,0
20230101T000012.700000,6,1222,4950.43,-4581.18,637.329,0,0,0,33963.9,35930.6,-5043.69,39539.9,4667.48,72791,1.17289e+14
20230101T000012.700000,6,1223,3540.63,-3388.33,-1143.62,0,0,0,19493.2,18119.3,6468.41,21087.1,-6190.17,38430.3,1.91268e+14
20230101T000012.700000,6,1224,2423.54,-774.51,-253.627,0,0,0,1110.67,2955.07,977.465,9413.08,-312.376,10358.1,1.44363e+15
20230101T000012.700000,6,1225,4158.05,-1235.08,-485.14,0,0,0,2844.8,8096.79,3220.8,27698.6,-956.685,30104.4,8.12706e+13
20230101T000012.700000,6,1226,1058.82,-189.64,-229.691,0,0,0,198.637,296,376.256,1798.29,-67.3893,1854.09,2.63849e+21
20230101T000012.700000,6,1227,1059.07,-189.722,-228.69,0,0,0,197.998,296.336,374.708,1799.13,-67.1251,1854.98,2.7273e+21
20230101T000012.700000,6,1228,10847,1451.32,-106.459,0,0,0,3450.8,-25177.1,1846.99,188253,247.126,191622,9.67142e+13
20230101T000012.700000,6,1229,9964.71,1501.94,-1180.5,0,0,0,5851.26,-23608.3,18814,158924,2835.77,162483,1.89675e+14
20230101T000012.700000,6,1230,8862.71,1730.8,-670.816,0,0,0,5547.91,-24395.9,9507.75,125705,1856.77,130469,1.05059e+14
20230101T000012.700000,6,1231,10827,4111.23,-1614.8,0,0,0,30744.7,-69814.3,27965.4,188093,10619,214604,1.75592e+14
20230101T000012.700000,6,1232,264.187,108.089,3.25632,0,0,0,73.5236,-23.256,-0.700794,120.85,-0.286722,130.373,5.07765e+14
20230101T000012.700000,6,1233,2354.68,1981.39,-63.2848,0,0,0,6322.63,-7430.17,237.418,8900.39,199.78,15152.7,9.09753e+13
20230101T000012.700000,6,1234,6970.34,9941.1,1176.89,0,0,0,158872,-109797,-13121.8,79265.3,-18714.3,235858,1.36458e+14
20230101T000012.700000,4,1106,10903.9,3961.97,-1491.59,-25.8116,-8.96659,3.22536,390.562,-791.384,297.843,2282.32,108.165,2529.51,0
20230101T000012.700000,3,1123,4950.43,-4581.18,637.329,0,0,0,2500,0,0,2500,0,2500,0
20230101T000012.700000,3,1124,3540.63,-3388.33,-1143.62,0,0,0,2500,0,0,2500,0,2500,0
20230101T000012.700000,3,1125,2423.54,-774.51,-253.627,0,0,0,2500,0,0,2500,0,2500,0
20230101T000012.700000,3,1126,4158.05,-1235.08,-485.14,0,0,0,2500,0,0,2500,0,2500,0
20230101T000012.700000,3,1127,1058.82,-189.64,-229.691,0,0,0,2500,0,0,2500,0,2500,0
20230101T000012.700000,3,1128,1059.07,-189.722,-228.69,0,0,0,2500,0,0,2500,0,2500,0
20230101T000012.700000,3,1129,10847,1451.32,-106.459,0,0,0,2500,0,0,2500,0,2500,0
20230101T000012.700000,3,1130,9964.71,1501.94,-1180.5,0,0,0,2500,0,0,2500,0,2500,0
20230101T000012.700000,3,1131,8862.71,1730.8,-670.816,0,0,0,2500,0,0,2500,0,2500,0
20230101T000012.700000,3,1132,264.187,108.089,3.25632,0,0,0,2500,0,0,2500,0,2500,0
20230101T000012.700000,3,1133,2354.68,1981.39,-63.2848,0,0,0,2500,0,0,2500,0,2500,0
20230101T000012.700000,3,1134,6970.34,9941.1,1176.89,0,0,0,2500,0,0,2500,0,2500,0
20230101T000012.800000,6,1235,1691.94,-1931.85,332.628,0,0,0,6075.45,5110.8,-895.09,4716.08,1022.01,10552.6,2.8129e+14
20230101T000012.800000,6,1236,7247.79,-6505.63,-2118.49,0,0,0,71727.7,71842.3,24557.1,87279.9,-22042.5,151769,1.97391e+14
20230101T000012.800000,6,1237,3996.42,-4218.57,-189.956,0,0,0,28531.6,26913.9,1213.19,25618.3,-1280.63,54028.3,1.06382e+14
20230101T000012.800000,6,1238,5149.24,-7101.96,-1642.59,0,0,0,82209.3,56430.6,13526.2,45293.6,-18655.6,123126,1.77906e+14
20230101T000012.800000,6,1239,11574.8,-2301.46,-954.375,0,0,0,9937.84,42331.4,17669.7,214419,-3513.33,222837,1.53954e+14
20230101T000012.800000,6,1240,8932.76,-3348.07,-2116.66,0,0,0,24274.2,45476.1,30239.5,128561,-11334,145609,2.59176e+14
20230101T000012.800000,6,1241,1010.92,-367.706,-229.205,0,0,0,344.635,548.09,358.475,1652.12,-130.389,1854.26,9.81383e+21
20230101T000012.800000,6,1242,7218.89,-438.846,-673.925,0,0,0,1095.36,5020.91,7778.09,83382.8,-472.84,83688.5,1.19998e+14
20230101T000012.800000,6,1243,2033.86,956.236,-10.744,0,0,0,1515.58,-3087.05,34.6862,6630.19,16.308,8081.59,1.08076e+14
20230101T000012.800000,6,1244,2730.03,1090.04,-581.786,0,0,0,2421.31,-4553.64,2529.95,12007.9,1010.15,13828.4,2.84714e+14
20230101T000012.800000,6,1245,5871.88,2606.79,727.177,0,0,0,11632.2,-24153.7,-6825.3,55316.1,-3030.06,66039.8,1.61725e+14
20230101T000012.800000,6,1246,2641.66,3492.05,140.487,0,0,0,19545.9,-14713.8,-592.552,11226.1,-783.303,30676.6,1.0851e+14
20230101T000012.800000,6,1247,8571.51,6430.73,106.846,0,0,0,66219.5,-88154.2,-1464.82,117583,-1098.97,183720,1.14385e+14
20230101T000012.800000,4,1128,1040.14,-294.527,-228.973,-1.87501,-10.3768,-0.0280141,136.977,166.864,206.853,1038.56,-37.0556,1051.11,0
20230101T000012.800000,3,1135,1691.94,-1931.85,332.628,0,0,0,2500,0,0,2500,0,2500,0
20230101T000012.800000,3,1136,7247.79,-6505.63,-2118.49,0,0,0,2500,0,0,2500,0,2500,0
20230101T000012.800000,3,1137,3996.42,-4218.57,-189.956,0,0,0,2500,0,0,2500,0,2500,0
20230101T000012.800000,3,1138,5149.24,-7101.96,-1642.59,0,0,0,2500,0,0,2500,0,2500,0
20230101T000012.800000,3,1139,11574.8,-2301.46,-954.375,0,0,0,2500,0,0,2500,0,2500,0
20230101T000012.800000,3,1140,8932.76,-3348.07,-2116.66,0,0,0,2500,0,0,2500,0,2500,0
20230101T000012.800000,3,1141,7218.89,-438.846,-673.925,0,0,0,2500,0,0,2500,0,2500,0
20230101T000012.800000,3,1142,2033.86,956.236,-10.744,0,0,0,2500,0,0,2500,0,2500,0
20230101T000012.800000,3,1143,2730.03,1090.04,-581.786,0,0,0,2500,0,0,2500,0,2500,0
20230101T000012.800000,3,1144,5871.88,2606.79,727.177,0,0,0,2500,0,0,2500,0,2500,0
20230101T000012.800000,3,1145,2641.66,3492.05,140.487,0,0,0,2500,0,0,2500,0,2500,0
20230101T000012.800000,3,1146,8571.51,6430.73,106.846,0,0,0,2500,0,0,2500,0,2500,0
20230101T000012.900000,6,1248,6439.71,-8040.07,1923.82,0,0,0,105767,79921.5,-19815,69996.9,24739.3,169782,7.91926e+14
20230101T000012.900000,6,1249,5220.35,-7342.06,-1706.72,0,0,0,87835.1,59094.7,14248.7,46739.9,-20039.8,129855,2.99131e+14
20230101T000012.900000,6,1250,3599.15,-3929.09,-817.064,0,0,0,25216.3,22063.1,4698.7,21341,-5129.45,45428.1,1.1647e+14
20230101T000012.900000,6,1251,6550.6,-2345.34,-1333.34,0,0,0,11377,23659.1,13963.6,68986.8,-4999.43,77459.8,1.00982e+14
20230101T000012.900000,6,1252,930.929,-541.424,-222.573,0,0,0,574.117,745.323,320.554,1422.15,-186.433,1858.25,3.50798e+20
20230101T000012.900000,6,1253,8391.34,-419.945,-1185,0,0,0,2585.89,5522.95,15901.1,112669,-795.77,112947,1.03001e+14
20230101T000012.900000,6,1254,4851.62,3213.11,-715.532,0,0,0,17131.8,-24535.9,5547.92,37930.1,3674.25,54180.6,1.06872e+14
20230101T000012.900000,6,1255,5234.66,7586.93,-1347.91,0,0,0,93056.3,-62155.9,11284.2,45854.6,16354.9,135943,1.22782e+14
20230101T000012.900000,3,1147,6439.71,-8040.07,1923.82,0,0,0,2500,0,0,2500,0,2500,0
20230101T000012.900000,3,1148,5220.35,-7342.06,-1706.72,0,0,0,2500,0,0,2500,0,2500,0
20230101T000012.900000,3,1149,3599.15,-3929.09,-817.064,0,0,0,2500,0,0,2500,0,2500,0
20230101T000012.900000,3,1150,6550.6,-2345.34,-1333.34,0,0,0,2500,0,0,2500,0,2500,0
20230101T000012.900000,3,1151,930.929,-541.424,-222.573,0,0,0,2500,0,0,2500,0,2500,0
20230101T000012.900000,3,1152,8391.34,-419.945,-1185,0,0,0,2500,0,0,2500,0,2500,0
20230101T000012.900000,3,1153,4851.62,3213.11,-715.532,0,0,0,2500,0,0,2500,0,2500,0
20230101T000012.900000,3,1154,5234.66,7586.93,-1347.91,0,0,0,2500,0,0,2500,0,2500,0
20230101T000013,6,1256,827.2,-684.467,-239.548,0,0,0,840.28,830.866,306.567,1156.91,-253.669,1847.44,1.12692e+20
20230101T000013,6,1257,7871.7,-7156.59,1143.41,0,0,0,83126.7,89062.5,-14395.9,100117,13088.1,181089,1.14583e+14
20230101T000013,6,1258,3857.97,-1534.96,-82.187,0,0,0,3834.35,9449.27,506.143,23824.5,-201.378,27584.1,8.89958e+13
20230101T000013,6,1259,4582.18,-1592.88,589.977,0,0,0,4612.79,11485.9,-4318.16,33661,1501.1,37654.7,1.08157e+15
20230101T000013,6,1260,11140.2,1126.25,-2142.88,0,0,0,9363.39,-19333.1,38183.7,198641,3860.28,200598,1.21557e+14
20230101T000013,6,1261,5650.72,-286.544,328.713,0,0,0,367.434,2578.72,-2968.25,51089.7,150.518,51220.7,1.10925e+14
20230101T000013,6,1262,7366.78,8866.46,-261.412,0,0,0,125853,-104422,3080.3,86933.7,3707.36,212614,2.08024e+14
20230101T000013,6,1263,4941.89,5302.43,-470.172,0,0,0,45179.3,-41718.3,3714.84,39299.1,3985.86,84061.2,7.68968e+13
20230101T000013,4,1151,878.199,-628.868,-232.228,-5.22086,-8.65782,-0.955902,348.609,419.318,176.998,825.714,-102.941,1053.14,0
20230101T000013,3,1155,7871.7,-7156.59,1143.41,0,0,0,2500,0,0,2500,0,2500,0
20230101T000013,3,1156,3857.97,-1534.96,-82.187,0,0,0,2500,0,0,2500,0,2500,0
20230101T000013,3,1157,4582.18,-1592.88,589.977,0,0,0,2500,0,0,2500,0,2500,0
20230101T000013,3,1158,11140.2,1126.25,-2142.88,0,0,0,2500,0,0,2500,0,2500,0
20230101T000013,3,1159,5650.72,-286.544,328.713,0,0,0,2500,0,0,2500,0,2500,0
20230101T000013,3,1160,7366.78,8866.46,-261.412,0,0,0,2500,0,0,2500,0,2500,0
20230101T000013,3,1161,4941.89,5302.43,-470.172,0,0,0,2500,0,0,2500,0,2500,0
20230101T000013.100000,6,1264,1439.1,-1483.94,-69.6346,0,0,0,3558.08,3381.04,158.839,3350.56,-163.788,6837.03,1.57048e+14
20230101T000013.100000,6,1265,8907.46,-5660.23,579.167,0,0,0,51688.9,80397.5,-8251.3,127121,5243.27,178210,1.76155e+14
20230101T000013.100000,6,1266,7814.65,-5727.74,1878.16,0,0,0,56203,68896,-23473.8,99703.9,17205.1,150204,1.20663e+14
20230101T000013.100000,6,1267,4401.5,-1448.64,-726.491,0,0,0,4175.99,9932.58,5106.94,31085.7,-1680.82,34356.3,7.86539e+13
20230101T000013.100000,6,1268,9000.6,-5229.12,1833.62,0,0,0,47818.2,72940.7,-26396.4,130990,15335.6,173369,1.77874e+14
20230101T000013.100000,6,1269,8772.19,152.532,-808.809,0,0,0,1147.03,-2121.57,11346.2,123122,197.29,123160,8.27455e+13
20230101T000013.100000,6,1270,5847.03,504.133,-351.575,0,0,0,666.25,-4693.9,3285.27,54702.3,283.257,55107.2,1.72302e+14
20230101T000013.100000,6,1271,3610.35,2332.5,-758.232,0,0,0,9397.66,-13026.3,4370.78,21144.6,2823.78,29562.3,1.74976e+14
20230101T000013.100000,6,1272,1421.13,2215.31,-685.479,0,0,0,8088.81,-4668.28,1550.22,3806.47,2416.54,11087.6,5.64998e+14
20230101T000013.100000,6,1273,708.526,840.34,-37.2043,0,0,0,1157.36,-920.05,40.7816,841.874,48.3686,1933.16,1.70076e+23
20230101T000013.100000,6,1274,3750.85,4224.01,628.16,0,0,0,28853.8,-25004.9,-3765.15,22898.6,-4240.1,51058.6,1.54992e+14
20230101T000013.100000,3,1162,1439.1,-1483.94,-69.6346,0,0,0,2500,0,0,2500,0,2500,0
20230101T000013.100000,3,1163,8907.46,-5660.23,579.167,0,0,0,2500,0,0,2500,0,2500,0
20230101T000013.100000,3,1164,7814.65,-5727.74,1878.16,0,0,0,2500,0,0,2500,0,2500,0
20230101T000013.100000,3,1165,4401.5,-1448.64,-726.491,0,0,0,2500,0,0,2500,0,2500,0
20230101T000013.100000,3,1166,9000.6,-5229.12,1833.62,0,0,0,2500,0,0,2500,0,2500,0
20230101T000013.100000,3,1167,8772.19,152.532,-808.81,0,0,0,2500,0,0,2500,0,2500,0
20230101T000013.100000,3,1168,5847.03,504.133,-351.575,0,0,0,2500,0,0,2500,0,2500,0
20230101T000013.100000,3,1169,3610.35,2332.5,-758.232,0,0,0,2500,0,0,2500,0,2500,0
20230101T000013.100000,3,1170,1421.13,2215.31,-685.479,0,0,0,2500,0,0,2500,0,2500,0
20230101T000013.100000,3,1171,708.526,840.34,-37.2043,0,0,0,2500,0,0,2500,0,2500,0
20230101T000013.100000,3,1172,3750.85,4224.01,628.16,0,0,0,2500,0,0,2500,0,2500,0
20230101T000013.200000,6,1275,2876.8,-2119.9,-259.449,0,0,0,7301.44,9675.82,1190.49,13301.9,-877.27,20432.3,1.37207e+14
20230101T000013.200000,6,1276,1637.54,-2095.89,-382.995,0,0,0,7141.15,5347.08,997.912,4475.12,-1277.23,11320.2,1.40491e+14
20230101T000013.200000,6,1277,6383.32,-5512.64,1759.22,0,0,0,51494.3,53822.6,-17957.7,67336.5,15508.3,113820,8.51475e+14
20230101T000013.200000,6,1278,3156.69,-1652.73,157.014,0,0,0,4451.5,8304.99,-790.536,15965.8,413.895,20314.1,1.30452e+14
20230101T000013.200000,6,1279,4816.35,-2173.57,-306.01,0,0,0,7736.52,16669.8,2354.8,37151.7,-1062.7,44674.8,1.59614e+14
20230101T000013.200000,6,1280,2759.63,-218.624,43.2737,0,0,0,143.037,960.041,-190.074,12185.4,15.0581,12261.4,1.33473e+14
20230101T000013.200000,6,1281,3838.27,200.019,-10.1309,0,0,0,128.002,-1225.03,62.0478,23571.9,3.23342,23635.7,1.49113e+14
20230101T000013.200000,6,1282,10679.8,1737.14,754.562,0,0,0,5777.77,-29529.3,-12889.4,182519,-2096.53,187323,1.69043e+14
20230101T000013.200000,6,1283,6492.52,3791.03,-296.179,0,0,0,23147.4,-39292.4,3074.55,67496.5,1795.25,90439.7,2.36406e+14
20230101T000013.200000,6,1284,839.068,710.183,-38.4682,0,0,0,845.597,-920.738,49.9365,1154.13,42.266,1933.51,7.55459e+22
20230101T000013.200000,6,1285,5137.86,5361.37,98.2542,0,0,0,46028.9,-44033.9,-807.121,42277.7,-842.232,88227.1,2.11469e+14
20230101T000013.200000,4,1171,788.513,773.049,-37.9217,7.91944,-6.66253,-0.0710279,666.372,-508.222,22.516,492.104,26.7048,1094.4,0
20230101T000013.200000,3,1173,2876.8,-2119.9,-259.449,0,0,0,2500,0,0,2500,0,2500,0
20230101T000013.200000,3,1174,1637.54,-2095.89,-382.995,0,0,0,2500,0,0,2500,0,2500,0
20230101T000013.200000,3,1175,6383.32,-5512.64,1759.22,0,0,0,2500,0,0,2500,0,2500,0
20230101T000013.200000,3,1176,3156.69,-1652.73,157.014,0,0,0,2500,0,0,2500,0,2500,0
20230101T000013.200000,3,1177,4816.35,-2173.57,-306.01,0,0,0,2500,0,0,2500,0,2500,0
20230101T000013.200000,3,1178,2759.63,-218.624,43.2737,0,0,0,2500,0,0,2500,0,2500,0
20230101T000013.200000,3,1179,3838.27,200.019,-10.1309,0,0,0,2500,0,0,2500,0,2500,0
20230101T000013.200000,3,1180,10679.8,1737.14,754.562,0,0,0,2500,0,0,2500,0,2500,0
20230101T000013.200000,3,1181,6492.52,3791.03,-296.179,0,0,0,2500,0,0,2500,0,2500,0
20230101T000013.200000,3,1182,5137.86,5361.37,98.2542,0,0,0,2500,0,0,2500,0,2500,0
20230101T000013.300000,6,1286,7435.05,-5503.48,-48.4049,0,0,0,48505.1,65437.5,575.56,88472,-426.034,136909,7.71214e+13
20230101T000013.300000,6,1287,3389.41,-3599.35,-261.495,0,0,0,20809.9,19433,1415.79,18472.8,-1503.48,39109.7,1.35416e+14
20230101T000013.300000,6,1288,2686.66,-950.992,-14.9146,0,0,0,1504.21,4067.75,63.797,11556.2,-22.582,12996.1,1.92978e+14
20230101T000013.300000,6,1289,2232.45,429.968,-323.136,0,0,0,517.376,-1493.13,1145.46,7982.33,220.614,8271.18,4.96081e+14
20230101T000013.300000,6,1290,6912.92,-325.567,1660.4,0,0,0,4631.27,3390.86,-18350.6,76471.4,864.228,76634.6,1.30269e+14
20230101T000013.300000,6,1291,6483.8,900.577,-110.163,0,0,0,1379.48,-9331.28,1141.78,67264.9,158.589,68561,2.04551e+14
20230101T000013.300000,6,1292,9396.67,6328.61,-366.799,0,0,0,64274.2,-95019.3,5512.99,141363,3712.97,205358,2.50948e+14
20230101T000013.300000,6,1293,6034.54,2741.05,81.4086,0,0,0,12083.2,-26437.5,-785.306,58277.8,-356.707,70286.4,1.02363e+14
20230101T000013.300000,6,1294,953.039,547.794,-38.0612,0,0,0,529.917,-806.691,56.1192,1469.7,32.2566,1933.45,1.08756e+23
20230101T000013.300000,6,1295,9470.63,6206.36,-521.001,0,0,0,61978.8,-93816.7,7892.28,143658,5172.02,205139,2.47313e+14
20230101T000013.300000,3,1183,7435.05,-5503.48,-48.4049,0,0,0,2500,0,0,2500,0,2500,0
20230101T000013.300000,3,1184,3389.41,-3599.35,-261.495,0,0,0,2500,0,0,2500,0,2500,0
20230101T000013.300000,3,1185,2686.66,-950.992,-14.9146,0,0,0,2500,0,0,2500,0,2500,0
20230101T000013.300000,3,1186,2232.45,429.968,-323.136,0,0,0,2500,0,0,2500,0,2500,0
20230101T000013.300000,3,1187,6912.92,-325.567,1660.4,0,0,0,2500,0,0,2500,0,2500,0
20230101T000013.300000,3,1188,6483.8,900.577,-110.163,0,0,0,2500,0,0,2500,0,2500,0
20230101T000013.300000,3,1189,9396.67,6328.61,-366.799,0,0,0,2500,0,0,2500,0,2500,0
20230101T000013.300000,3,1190,6034.54,2741.05,81.4086,0,0,0,2500,0,0,2500,0,2500,0
20230101T000013.300000,3,1191,953.039,547.794,-38.0612,0,0,0,2500,0,0,2500,0,2500,0
20230101T000013.300000,3,1192,9470.63,6206.36,-521.001,0,0,0,2500,0,0,2500,0,2500,0
20230101T000013.400000,6,1296,4405.23,-2871.8,135.043,0,0,0,13260.9,20198.9,-950.455,31077.5,619.608,44245.3,1.24378e+14
20230101T000013.400000,6,1297,8866.25,-4481.33,26.398,0,0,0,32183.5,63545.9,-374.329,125790,189.2,157908,1.09923e+14
20230101T000013.400000,6,1298,5987.74,-1562.69,-68.631,0,0,0,3974.15,14953.7,656.825,57369.4,-171.419,61272,1.56184e+14
20230101T000013.400000,6,1299,6276.39,-1261.09,436.274,0,0,0,2898.52,12593.1,-4376.91,63043.2,879.437,65573.8,9.97395e+13
20230101T000013.400000,6,1300,3840.61,1799.77,-881.685,0,0,0,6252.82,-10558.1,5406.39,23835.5,2533.52,28785.8,4.50578e+14
20230101T000013.400000,6,1301,7397.6,3509.43,256.72,0,0,0,19844,-41472.5,-3036.77,87590.2,-1440.65,107265,1.14927e+14
20230101T000013.400000,6,1302,1031.6,379.723,-38.5154,0,0,0,289.087,-605.265,61.4702,1710.63,22.6266,1933.5,1.44121e+23
20230101T000013.400000,6,1303,2318.74,1972.77,325.639,0,0,0,6362.05,-7203.97,-1202.96,8700.29,-1023.47,14830.1,3.32475e+14
20230101T000013.400000,6,1304,7321.07,6121.59,90.294,0,0,0,60003.5,-71668.6,-1057.21,85788.7,-884,145715,2.29697e+14
20230101T000013.400000,4,1191,1005.48,456.599,-38.3187,5.19203,-9.02924,-0.0254905,319.766,-445.576,30.9813,838.857,17.8076,1094.47,0
20230101T000013.400000,3,1193,4405.23,-2871.8,135.043,0,0,0,2500,0,0,2500,0,2500,0
20230101T000013.400000,3,1194,8866.25,-4481.33,26.398,0,0,0,2500,0,0,2500,0,2500,0
20230101T000013.400000,3,1195,5987.74,-1562.69,-68.631,0,0,0,2500,0,0,2500,0,2500,0
20230101T000013.400000,3,1196,6276.39,-1261.09,436.274,0,0,0,2500,0,0,2500,0,2500,0
20230101T000013.400000,3,1197,3840.61,1799.77,-881.685,0,0,0,2500,0,0,2500,0,2500,0
20230101T000013.400000,3,1198,7397.6,3509.43,256.72,0,0,0,2500,0,0,2500,0,2500,0
20230101T000013.400000,3,1199,2318.74,1972.77,325.639,0,0,0,2500,0,0,2500,0,2500,0
20230101T000013.400000,3,1200,7321.07,6121.59,90.294,0,0,0,2500,0,0,2500,0,2500,0
20230101T000013.500000,6,1305,3025.69,-3458.24,527.662,0,0,0,19355.6,16489.6,-2549.69,14935.8,2914.19,33783.6,1.72219e+14
20230101T000013.500000,6,1306,6197.28,-5687.87,-1112.25,0,0,0,52871.4,55381.5,11022.6,62383.8,-10116.5,113214,1.09395e+14
20230101T000013.500000,6,1307,6627.4,-6855.9,1309.66,0,0,0,76561.3,71296.1,-13881.4,71727.1,14360,145482,1.15327e+14
20230101T000013.500000,6,1308,3909.11,-3189.67,-183.856,0,0,0,16349.2,19892.2,1148.13,24497,-936.831,40728.3,1.20931e+14
20230101T000013.500000,6,1309,7083.03,-3321.55,-403.261,0,0,0,17918,37518.1,4567.12,80329.3,-2141.73,97923.4,1.73922e+14
20230101T000013.500000,6,1310,1081.92,193.848,-40.3418,0,0,0,124.572,-324.02,67.5259,1874.97,12.0986,1933.11,1.87052e+23
20230101T000013.500000,6,1311,9206.03,419.207,802.523,0,0,0,1372.9,-6125.06,-11815.3,135604,-538.026,135883,2.05462e+14
20230101T000013.500000,6,1312,10767,4257.14,-1517.23,0,0,0,32236.8,-72057.7,26130,185992,10331.5,214484,3.74795e+14
20230101T000013.500000,6,1313,112.03,20.7708,-3.79371,0,0,0,62.5171,7.73986,-1.4129,22.2063,-0.261959,20.8422,2.42317e+15
20230101T000013.500000,6,1314,5819.77,2698.79,143.255,0,0,0,11733.2,-25093.2,-1332.65,54208.8,-617.985,65845.2,1.61692e+14
20230101T000013.500000,3,1201,3025.69,-3458.24,527.662,0,0,0,2500,0,0,2500,0,2500,0
20230101T000013.500000,3,1202,6197.28,-5687.87,-1112.25,0,0,0,2500,0,0,2500,0,2500,0
20230101T000013.500000,3,1203,6627.4,-6855.9,1309.66,0,0,0,2500,0,0,2500,0,2500,0
20230101T000013.500000,3,1204,3909.11,-3189.67,-183.856,0,0,0,2500,0,0,2500,0,2500,0
20230101T000013.500000,3,1205,7083.03,-3321.55,-403.261,0,0,0,2500,0,0,2500,0,2500,0
20230101T000013.500000,3,1206,1081.93,193.848,-40.3418,0,0,0,2500,0,0,2500,0,2500,0
20230101T000013.500000,3,1207,9206.02,419.207,802.523,0,0,0,2500,0,0,2500,0,2500,0
20230101T000013.500000,3,1208,10767,4257.14,-1517.23,0,0,0,2500,0,0,2500,0,2500,0
20230101T000013.500000,3,1209,112.03,20.7708,-3.79371,0,0,0,2500,0,0,2500,0,2500,0
20230101T000013.500000,3,1210,5819.77,2698.79,143.255,0,0,0,2500,0,0,2500,0,2500,0
20230101T000013.600000,6,1315,1412.6,-1725.48,279.993,0,0,0,4839.26,3807.48,-627.815,3305.51,766.873,7957.32,2.90471e+14
20230101T000013.600000,6,1316,2775.55,-2846.17,340.935,0,0,0,13082.8,12514.8,-1510.25,12453.8,1548.68,25287.5,1.04713e+14
20230101T000013.600000,6,1317,6487,-8085.11,922.065,0,0,0,105148,83222,-9566.75,68196,11923.6,171921,1.73827e+14
20230101T000013.600000,6,1318,5596.73,-6686.82,-856.303,0,0,0,72051.1,59270.3,7664,50844.7,-9156.73,121660,2.20292e+14
20230101T000013.600000,6,1319,2587.52,49.4617,87.538,0,0,0,80.074,-203.317,-360.248,10712.4,-6.88632,10716.4,4.94647e+14
20230101T000013.600000,6,1320,1099.06,4.58445,-40.3376,0,0,0,66.5498,-7.78429,68.5878,1932.69,0.286097,1932.81,8.39582e+22
20230101T000013.600000,6,1321,5737.28,249.569,-1097.68,0,0,0,2085.47,-2204.58,10064.5,52669.9,437.801,52768.1,1.30825e+14
20230101T000013.600000,6,1322,5894.02,895.839,-426.577,0,0,0,1630.85,-8395.44,4018.3,55591.2,610.746,56867.6,1.00494e+14
20230101T000013.600000,6,1323,10957.6,2766.35,-152.57,0,0,0,12339.5,-48476.3,2674.06,192118,675.091,204356,1.95615e+14
20230101T000013.600000,6,1324,5585.92,3625.26,-677.132,0,0,0,21588.8,-32036.7,6046.44,50160.1,3924.15,70952.6,1.28734e+14
20230101T000013.600000,6,1325,2076.7,2987.08,-957.995,0,0,0,14774.3,-9208.99,3174.16,7930.6,4565.64,21180.8,2.80191e+14
20230101T000013.600000,6,1326,6022.06,6114.41,108.825,0,0,0,59858.4,-58872.6,-1048,58066.4,-1064.07,117842,1.00829e+14
20230101T000013.600000,4,1206,1100.85,87.7481,-40.3382,1.87395,-10.505,0.000360329,95.8769,-178.986,37.2791,1062.78,6.67929,1094.3,0
20230101T000013.600000,3,1211,1412.6,-1725.48,279.993,0,0,0,2500,0,0,2500,0,2500,0
20230101T000013.600000,3,1212,2775.55,-2846.17,340.935,0,0,0,2500,0,0,2500,0,2500,0
20230101T000013.600000,3,1213,6487,-8085.11,922.065,0,0,0,2500,0,0,2500,0,2500,0
20230101T000013.600000,3,1214,5596.73,-6686.82,-856.303,0,0,0,2500,0,0,2500,0,2500,0
20230101T000013.600000,3,1215,2587.52,49.4617,87.538,0,0,0,2500,0,0,2500,0,2500,0
20230101T000013.600000,3,1216,5737.28,249.569,-1097.68,0,0,0,2500,0,0,2500,0,2500,0
20230101T000013.600000,3,1217,5894.02,895.839,-426.577,0,0,0,2500,0,0,2500,0,2500,0
20230101T000013.600000,3,1218,10957.6,2766.35,-152.57,0,0,0,2500,0,0,2500,0,2500,0
20230101T000013.600000,3,1219,5585.92,3625.26,-677.132,0,0,0,2500,0,0,2500,0,2500,0
20230101T000013.600000,3,1220,2076.7,2987.08,-957.995,0,0,0,2500,0,0,2500,0,2500,0
20230101T000013.600000,3,1221,6022.06,6114.41,108.825,0,0,0,2500,0,0,2500,0,2500,0
20230101T000013.700000,6,1327,3312.16,-4213.45,-579.363,0,0,0,28634.3,22037.3,3066.09,17923.7,-3900.41,45958.5,1.28816e+14
20230101T000013.700000,6,1328,2706.8,-484.195,-118.911,0,0,0,458.934,2082,512.27,11725.5,-91.6355,12098,5.73937e+14
20230101T000013.700000,6,1329,1082.8,-189.938,-35.8736,0,0,0,121.744,317.833,60.0953,1877.89,-10.5416,1933.71,1.11068e+23
20230101T000013.700000,6,1330,1082.07,-193.381,-38.5947,0,0,0,124.086,323.319,64.6099,1875.44,-11.5467,1933.3,1.09658e+23
20230101T000013.700000,6,1331,11536,100.327,488.1,0,0,0,461.144,-1847.93,-9006.46,212927,-78.3282,212943,2.91321e+14
20230101T000013.700000,6,1332,161.521,-19.2819,7.89996,0,0,0,63.6456,-2.54369,1.03735,42.6412,-0.123836,42.4882,3.44876e+15
20230101T000013.700000,6,1333,4851.51,-372.851,-441.448,0,0,0,595.505,2865.55,3420.96,37661.6,-262.91,37882.3,1.44028e+14
20230101T000013.700000,6,1334,5635.25,2641.58,613.434,0,0,0,11710.3,-23561.8,-5525.31,50929.5,-2590.04,61974.9,7.85753e+13
20230101T000013.700000,6,1335,6573.87,4902.6,1093.57,0,0,0,39726.8,-50619.4,-11495.7,69851.5,-8573.17,107603,1.11004e+14
20230101T000013.700000,6,1336,5766.09,7013.25,-388.14,0,0,0,78820.2,-64552.9,3579.15,53378.3,4353.29,131894,1.47347e+14
20230101T000013.700000,4,1209,165.418,-4.06526,3.8669,10.2669,-4.77619,1.4732,61.0267,7.49405,-1.36802,21.9961,-0.253637,20.6757,0
20230101T000013.700000,3,1222,3312.16,-4213.45,-579.363,0,0,0,2500,0,0,2500,0,2500,0
20230101T000013.700000,3,1223,2706.8,-484.195,-118.911,0,0,0,2500,0,0,2500,0,2500,0
20230101T000013.700000,3,1224,1082.8,-189.938,-35.8736,0,0,0,2500,0,0,2500,0,2500,0
20230101T000013.700000,3,1225,1082.07,-193.381,-38.5947,0,0,0,2500,0,0,2500,0,2500,0
20230101T000013.700000,3,1226,11536,100.327,488.1,0,0,0,2500,0,0,2500,0,2500,0
20230101T000013.700000,3,1227,4851.51,-372.851,-441.448,0,0,0,2500,0,0,2500,0,2500,0
20230101T000013.700000,3,1228,5635.25,2641.58,613.434,0,0,0,2500,0,0,2500,0,2500,0
20230101T000013.700000,3,1229,6573.87,4902.6,1093.57,0,0,0,2500,0,0,2500,0,2500,0
20230101T000013.700000,3,1230,5766.09,7013.25,-388.14,0,0,0,2500,0,0,2500,0,2500,0
20230101T000013.800000,6,1337,4046.8,-3154.24,704.01,0,0,0,16451.2,20008.4,-4551.58,26526,3547.69,42122.5,1.01743e+14
20230101T000013.800000,6,1338,10954.8,-2775.8,181.004,0,0,0,12437.5,48625.7,-3171.59,192020,803.638,204341,1.05369e+14
20230101T000013.800000,6,1339,9753.54,-1992.71,-488.923,0,0,0,6781.87,31010.1,7626.89,152228,-1558.22,158564,1.07814e+14
20230101T000013.800000,6,1340,1034.7,-371.692,-33.415,0,0,0,279.262,594.429,53.4901,1720.47,-19.2151,1934.06,3.46247e+21
20230101T000013.800000,6,1341,3535.46,-2.8619,-581.248,0,0,0,602.886,15.701,3277.71,19999.1,-2.65326,20000.8,1.18507e+14
20230101T000013.800000,6,1342,8031.65,1225.57,1561.35,0,0,0,6275.29,-15158.5,-20052.6,103302,-3059.87,105617,1.5536e+14
20230101T000013.800000,6,1343,5497.21,584.889,529.374,0,0,0,1053.42,-5090.56,-4650.08,48356.6,-494.757,48898.8,1.21235e+14
20230101T000013.800000,6,1344,2444.55,1188.81,-89.5335,0,0,0,2323.32,-4619.58,348.296,9575.96,169.381,11822.6,1.66032e+14
20230101T000013.800000,6,1345,3861.55,1708.04,-196.38,0,0,0,4772.86,-10506.6,1210.62,23879.1,535.48,28526.5,1.83472e+15
20230101T000013.800000,6,1346,211.064,80.2388,31.6143,0,0,0,66.5418,-5.71626,-2.4615,79.405,-0.935773,82.8086,1.67692e+14
20230101T000013.800000,6,1347,5146.59,6025.99,1479.49,0,0,0,59603.3,-47861.2,-12175.4,44440.6,-14255.9,100482,1.53286e+14
20230101T000013.800000,6,1348,5621.08,6459.77,-241.904,0,0,0,66833.8,-58019.4,2174.43,50644.1,2498.87,117320,1.13416e+14
20230101T000013.800000,6,1349,3460.87,4471.07,-390.813,0,0,0,32100.2,-24608.9,2161.39,19356.8,2792.28,51149.2,1.30391e+14
20230101T000013.800000,4,1221,6002.83,6111.17,101.044,-3.69801,-0.621884,-1.49648,1322.24,-1240.36,-22.0763,1284.49,-22.4148,2543.48,0
20230101T000013.800000,4,1225,1063.82,-296.381,-35.6638,-1.80711,-10.1981,0.29019,95.607,178.591,35.6694,1063,-6.37464,1094.41,0
20230101T000013.800000,3,1231,4046.8,-3154.24,704.01,0,0,0,2500,0,0,2500,0,2500,0
20230101T000013.800000,3,1232,10954.8,-2775.8,181.004,0,0,0,2500,0,0,2500,0,2500,0
20230101T000013.800000,3,1233,9753.54,-1992.71,-488.923,0,0,0,2500,0,0,2500,0,2500,0
20230101T000013.800000,3,1234,3535.45,-2.8619,-581.248,0,0,0,2500,0,0,2500,0,2500,0
20230101T000013.800000,3,1235,8031.65,1225.57,1561.35,0,0,0,2500,0,0,2500,0,2500,0
20230101T000013.800000,3,1236,5497.21,584.889,529.374,0,0,0,2500,0,0,2500,0,2500,0
20230101T000013.800000,3,1237,2444.55,1188.81,-89.5335,0,0,0,2500,0,0,2500,0,2500,0
20230101T000013.800000,3,1238,3861.55,1708.04,-196.38,0,0,0,2500,0,0,2500,0,2500,0
20230101T000013.800000,3,1239,211.064,80.2388,31.6143,0,0,0,2500,0,0,2500,0,2500,0
20230101T000013.800000,3,1240,5146.59,6025.99,1479.49,0,0,0,2500,0,0,2500,0,2500,0
20230101T000013.800000,3,1241,3460.87,4471.07,-390.813,0,0,0,2500,0,0,2500,0,2500,0
20230101T000013.900000,6,1350,2431.57,-2299.5,524.208,0,0,0,8725.41,8695.58,-2032.33,9697.15,1921.94,17922,1.31917e+14
20230101T000013.900000,6,1351,7821.87,-7407.63,-7.36496,0,0,0,87830.5,92674.4,92.1407,97920.9,-87.2609,185687,4.02495e+14
20230101T000013.900000,6,1352,4442.65,-7383.25,-1914.8,0,0,0,88795.5,49863.4,13603.9,35931.1,-22608.3,118802,1.67368e+14
20230101T000013.900000,6,1353,4565.45,-3482.89,-513.913,0,0,0,19716.1,25207.2,3749.47,33528.1,-2860.4,52758.7,9.37346e+13
20230101T000013.900000,6,1354,950.299,-552.39,-34.9279,0,0,0,537.464,811.271,51.3507,1461.55,-29.8492,1933.19,1.44886e+21
20230101T000013.900000,6,1355,8664.92,978.638,-855.407,0,0,0,2750.97,-13430.1,11853.1,120145,1338.72,121662,1.41716e+14
20230101T000013.900000,6,1356,9202.25,421.941,-640.48,0,0,0,1003.38,-6179.55,9425.74,135492,432.189,135775,1.03569e+14
20230101T000013.900000,6,1357,371.549,164.941,22.7429,0,0,0,97.5173,-74.0871,-10.2578,231.517,-4.55373,264.606,1.47116e+14
20230101T000013.900000,6,1358,451.455,180.702,-47.3909,0,0,0,109.986,-107.415,28.4957,335.349,11.4058,378.946,1.41897e+14
20230101T000013.900000,6,1359,8607.57,4939.48,-224.8,0,0,0,39146.5,-67964.6,3094.71,118580,1775.91,157582,3.80986e+14
20230101T000013.900000,6,1360,2125.17,2450.48,-441.023,0,0,0,9768.33,-8147.15,1494,7439.62,1722.7,16835.1,1.46807e+14
20230101T000013.900000,6,1361,7398.4,7993.11,1364.94,0,0,0,103628,-93100.5,-16152.1,89217.5,-17450.4,189803,8.92707e+13
20230101T000013.900000,6,1362,8139.1,7890.32,1354.2,0,0,0,101157,-101254,-17629.7,107444,-17090.8,205604,1.05388e+14
20230101T000013.900000,6,1363,2796.51,2604.15,213.229,0,0,0,10923.6,-11583.9,-951.471,12576.2,-886.021,23363.5,9.61348e+13
20230101T000013.900000,6,1364,4459.56,3796.73,804.18,0,0,0,23700.6,-26549,-5731.49,32281.4,-4879.62,54885.7,1.29197e+14
20230101T000013.900000,6,1365,4950.92,4703.8,610.63,0,0,0,35748.1,-36931.4,-4832.97,39531.7,-4591.74,74620.3,9.9238e+13
20230101T000013.900000,3,1242,2431.57,-2299.5,524.208,0,0,0,2500,0,0,2500,0,2500,0
20230101T000013.900000,3,1243,7821.87,-7407.63,-7.36496,0,0,0,2500,0,0,2500,0,2500,0
20230101T000013.900000,3,1244,4442.65,-7383.25,-1914.8,0,0,0,2500,0,0,2500,0,2500,0
20230101T000013.900000,3,1245,4565.45,-3482.89,-513.913,0,0,0,2500,0,0,2500,0,2500,0
20230101T000013.900000,3,1246,950.299,-552.39,-34.9279,0,0,0,2500,0,0,2500,0,2500,0
20230101T000013.900000,3,1247,8664.92,978.638,-855.407,0,0,0,2500,0,0,2500,0,2500,0
20230101T000013.900000,3,1248,9202.25,421.941,-640.48,0,0,0,2500,0,0,2500,0,2500,0
20230101T000013.900000,3,1249,371.549,164.941,22.7429,0,0,0,2500,0,0,2500,0,2500,0
20230101T000013.900000,3,1250,451.455,180.702,-47.3909,0,0,0,2500,0,0,2500,0,2500,0
20230101T000013.900000,3,1251,8607.57,4939.48,-224.8,0,0,0,2500,0,0,2500,0,2500,0
20230101T000013.900000,3,1252,2125.17,2450.48,-441.023,0,0,0,2500,0,0,2500,0,2500,0
20230101T000013.900000,3,1253,7398.4,7993.11,1364.94,0,0,0,2500,0,0,2500,0,2500,0
20230101T000013.900000,3,1254,8139.1,7890.32,1354.2,0,0,0,2500,0,0,2500,0,2500,0
20230101T000013.900000,3,1255,2796.51,2604.15,213.229,0,0,0,2500,0,0,2500,0,2500,0
20230101T000013.900000,3,1256,4459.56,3796.73,804.18,0,0,0,2500,0,0,2500,0,2500,0
20230101T000013.900000,3,1257,4950.92,4703.8,610.63,0,0,0,2500,0,0,2500,0,2500,0
20230101T000014,6,1366,844.56,-703.796,-35.4374,0,0,0,831.443,918.606,46.3032,1168.28,-38.5858,1933.84,1.9937e+21
20230101T000014,6,1367,9420.52,-6823.82,-532.119,0,0,0,74842.3,102609,8018.17,142172,-5808.02,216497,1.53611e+14
20230101T000014,6,1368,8663.24,-4645.68,-669.328,0,0,0,35137.9,64069.5,9273.87,120257,-4973.12,154615,1.51125e+14
20230101T000014,6,1369,3699.42,175.46,826.278,0,0,0,1200.01,-983.981,-4877.22,21899.8,-231.321,21949.5,1.50596e+14
20230101T000014,6,1370,2147.15,2551.7,-493.546,0,0,0,10605.4,-8543.34,1689.58,7641.24,2007.92,17795.6,8.73378e+13
20230101T000014,4,1246,897.839,-643.012,-35.2189,-5.19412,-8.97243,-0.0288127,323.95,448.131,28.3527,834.397,-16.4809,1094.47,0
20230101T000014,4,1252,2181.84,2525.45,-458.772,5.61072,7.42258,-1.75737,1296.61,-1036.68,187.04,1000.29,215.671,2162.06,0
20230101T000014,3,1258,9420.52,-6823.82,-532.119,0,0,0,2500,0,0,2500,0,2500,0
20230101T000014,3,1259,8663.24,-4645.68,-669.328,0,0,0,2500,0,0,2500,0,2500,0
20230101T000014,3,1260,3699.42,175.46,826.278,0,0,0,2500,0,0,2500,0,2500,0
20230101T000014.100000,6,1371,6533.17,-9496.61,-290.053,0,0,0,144361,99175.9,3031.03,68426.4,-4405.91,212589,1.0677e+14
20230101T000014.100000,6,1372,8399.77,-6203.28,1528.32,0,0,0,64028,81553.9,-20532.7,114231,15163.5,174460,1.40705e+14
20230101T000014.100000,6,1373,4978.28,-6328.63,-645.573,0,0,0,64361.8,50054.2,5139,40104.4,-6532.95,103736,1.47822e+14
20230101T000014.100000,6,1374,9323.22,-4929.44,388.349,0,0,0,39117.6,73407.1,-5790.98,139142,3061.85,177955,1.49741e+14
20230101T000014.100000,6,1375,5901.17,-1000.71,-1037.52,0,0,0,3336.86,9154.44,9785.55,55768,-1659.42,57322.2,1.86236e+14
20230101T000014.100000,6,1376,11310.7,-798.79,807.253,0,0,0,2121.74,14378.1,-14604.5,204698,1031.4,205714,1.23182e+14
20230101T000014.100000,6,1377,5860.62,-845.586,-1356.41,0,0,0,4087.3,7504.39,12705.2,55016.2,-1833.14,56102.1,1.93287e+14
20230101T000014.100000,6,1378,6073.8,-234.871,975.412,0,0,0,1670.58,2221.31,-9469.13,59028,366.167,59115.5,1.34893e+14
20230101T000014.100000,6,1379,9686.54,260.916,46.6075,0,0,0,176.349,-4041.98,-722.036,150126,-19.4487,150235,9.83098e+13
20230101T000014.100000,6,1380,3034.52,1797.5,-224.27,0,0,0,5276.35,-8664.02,1085.4,14770.7,642.935,19903.1,1.55358e+14
20230101T000014.100000,6,1381,5883.02,2597.73,-484.389,0,0,0,11164.6,-24289.8,4555.09,55447.6,2011.37,66173.5,1.09372e+14
20230101T000014.100000,6,1382,701.913,832.617,154.378,0,0,0,1151.11,-885.37,-167.643,847.256,-198.86,1898.75,1.67053e+22
20230101T000014.100000,6,1383,9160.66,7750.31,687.6,0,0,0,96585.8,-113192,-10075.4,134610,-8524.22,230376,2.30196e+14
20230101T000014.100000,6,1384,151.549,147.829,-2.04282,0,0,0,67.7608,-3.85472,0.0533139,67.9524,0.0520052,71.7185,4.74411e+14
20230101T000014.100000,4,1239,168.683,160.217,-3.18602,-11.6647,22.0124,-9.57813,64.9425,-5.42282,-2.33378,77.1454,-0.887219,80.364,0
20230101T000014.100000,3,1261,6533.17,-9496.61,-290.053,0,0,0,2500,0,0,2500,0,2500,0
20230101T000014.100000,3,1262,8399.77,-6203.28,1528.32,0,0,0,2500,0,0,2500,0,2500,0
20230101T000014.100000,3,1263,4978.28,-6328.63,-645.573,0,0,0,2500,0,0,2500,0,2500,0
20230101T000014.100000,3,1264,9323.22,-4929.44,388.349,0,0,0,2500,0,0,2500,0,2500,0
20230101T000014.100000,3,1265,5901.17,-1000.71,-1037.52,0,0,0,2500,0,0,2500,0,2500,0
20230101T000014.100000,3,1266,11310.7,-798.79,807.253,0,0,0,2500,0,0,2500,0,2500,0
20230101T000014.100000,3,1267,5860.62,-845.586,-1356.41,0,0,0,2500,0,0,2500,0,2500,0
20230101T000014.100000,3,1268,6073.8,-234.871,975.412,0,0,0,2500,0,0,2500,0,2500,0
20230101T000014.100000,3,1269,9686.54,260.916,46.6075,0,0,0,2500,0,0,2500,0,2500,0
20230101T000014.100000,3,1270,3034.52,1797.5,-224.27,0,0,0,2500,0,0,2500,0,2500,0
20230101T000014.100000,3,1271,5883.03,2597.73,-484.389,0,0,0,2500,0,0,2500,0,2500,0
20230101T000014.100000,3,1272,701.913,832.617,154.378,0,0,0,2500,0,0,2500,0,2500,0
20230101T000014.100000,3,1273,9160.66,7750.31,687.6,0,0,0,2500,0,0,2500,0,2500,0
20230101T000014.200000,6,1385,3716.21,-2308.49,-230.626,0,0,0,8634.05,13659.4,1368.43,22137.8,-850.06,30623.1,1.38556e+14
20230101T000014.200000,6,1386,17.7701,-26.1918,-7.68918,0,0,0,20.1769,-27.3767,-8.02412,41.9539,11.8269,5.16951,1.58653e+14
20230101T000014.200000,6,1387,2216.96,-1198.09,-323.084,0,0,0,2474.68,4153.61,1138.92,7915.83,-615.498,10161.6,1.92198e+14
20230101T000014.200000,6,1388,10783.2,-4593.75,1425.94,0,0,0,36571.1,78060.8,-24594.9,186553,10477.7,219809,2.03866e+14
20230101T000014.200000,6,1389,3005.18,-206.528,-319.762,0,0,0,294.063,977.529,1530.81,14450.8,-105.203,14518.7,1.74889e+14
20230101T000014.200000,6,1390,7247.01,-173.401,-1536.47,0,0,0,3884.33,1918.84,17802.7,84032.8,-425.97,84081.5,1.48197e+14
20230101T000014.200000,6,1391,8208.12,444.935,1581.88,0,0,0,4370.29,-5623.6,-20762.9,107809,-1125.49,108116,1.29565e+14
20230101T000014.200000,6,1392,5656.11,-14.8042,-638.676,0,0,0,716.192,132.101,5772.74,51186.6,-15.1094,51187.7,4.89193e+14
20230101T000014.200000,6,1393,9522.21,6607.53,-355.643,0,0,0,70035,-100545,5416.8,145163,3758.76,214931,2.2686e+14
20230101T000014.200000,6,1394,5498.98,2873.25,84.8482,0,0,0,13268.2,-25248.9,-745.75,48398.2,-389.659,61591,1.64135e+14
20230101T000014.200000,6,1395,838.179,694.868,155.713,0,0,0,832.71,-882.002,-201.919,1165.42,-167.395,1897.9,7.32874e+22
20230101T000014.200000,6,1396,3245.46,2535.24,129.943,0,0,0,10340.4,-13120.7,-673.17,16887.2,-525.858,27136.8,1.92045e+14
20230101T000014.200000,4,1272,786.509,761.083,155.13,8.37586,-7.08251,0.0744979,667.68,-493.088,-92.5509,498.457,-109.785,1075.33,0
20230101T000014.200000,3,1274,3716.21,-2308.49,-230.626,0,0,0,2500,0,0,2500,0,2500,0
20230101T000014.200000,3,1275,17.7701,-26.1918,-7.68918,0,0,0,2500,0,0,2500,0,2500,0
20230101T000014.200000,3,1276,2216.96,-1198.09,-323.084,0,0,0,2500,0,0,2500,0,2500,0
20230101T000014.200000,3,1277,10783.2,-4593.75,1425.94,0,0,0,2500,0,0,2500,0,2500,0
20230101T000014.200000,3,1278,3005.18,-206.528,-319.762,0,0,0,2500,0,0,2500,0,2500,0
20230101T000014.200000,3,1279,7247.01,-173.401,-1536.47,0,0,0,2500,0,0,2500,0,2500,0
20230101T000014.200000,3,1280,8208.12,444.935,1581.88,0,0,0,2500,0,0,2500,0,2500,0
20230101T000014.200000,3,1281,5656.11,-14.8042,-638.676,0,0,0,2500,0,0,2500,0,2500,0
20230101T000014.200000,3,1282,9522.21,6607.53,-355.643,0,0,0,2500,0,0,2500,0,2500,0
20230101T000014.200000,3,1283,5498.98,2873.25,84.8482,0,0,0,2500,0,0,2500,0,2500,0
20230101T000014.200000,3,1284,3245.46,2535.24,129.943,0,0,0,2500,0,0,2500,0,2500,0
20230101T000014.300000,6,1397,6426.98,-7852.41,556.04,0,0,0,98880.5,80473.9,-5715.63,66424.1,6983.29,164746,1.13358e+14
20230101T000014.300000,6,1398,2874.22,-1044.83,-471.315,0,0,0,2115.82,4670.7,2158.41,13266.6,-784.617,14965.9,2.44954e+14
20230101T000014.300000,6,1399,10612.4,-4703.01,1269.61,0,0,0,37597.9,78877.8,-21551.5,180631,9550.78,215587,1.55661e+14
20230101T000014.300000,6,1400,4354.8,-1593.1,-587.148,0,0,0,4602.77,10901.9,4083.57,30415.5,-1493.87,34404.7,1.60552e+14
20230101T000014.300000,6,1401,9171.96,-2305.1,-1504.84,0,0,0,11968.3,32956.4,22074.1,134819,-5547.67,143103,9.79447e+13
20230101T000014.300000,6,1402,10358.2,-681.22,-453.775,0,0,0,1134.14,11264.1,7517.67,171668,-494.41,172409,2.18734e+14
20230101T000014.300000,6,1403,8673.53,170.976,-300.781,0,0,0,255.365,-2368.64,4171.92,120368,82.2385,120415,1.62147e+14
20230101T000014.300000,6,1404,8877.77,594.378,-694.633,0,0,0,1397.16,-8387.1,9861.92,126108,660.267,126669,1.92078e+14
20230101T000014.300000,6,1405,3859.98,991.023,-750.462,0,0,0,2474.77,-5888.59,4623.55,23898.6,1187.07,25412.7,2.37682e+14
20230101T000014.300000,6,1406,4988.98,2941.54,1339.09,0,0,0,16018.3,-22198.6,-10677,40579.7,-6295.23,53671.4,3.10811e+14
20230101T000014.300000,6,1407,6191.78,1892.16,-554.123,0,0,0,6235.84,-18590.2,5484.41,61388.4,1675.99,67069.9,1.61402e+14
20230101T000014.300000,6,1408,942.945,544.907,153.997,0,0,0,550.561,-778.488,-224.656,1447.84,-129.824,1898.96,6.02251e+22
20230101T000014.300000,6,1409,3147.05,4311.56,203.501,0,0,0,29788.5,-21647.9,-1023.25,15931.2,-1401.88,45589.6,1.56384e+14
20230101T000014.300000,4,1277,10666.6,-4546.16,1409.01,-11.5465,4.71227,-1.6768,466.334,864.797,-268.487,2127.91,114.378,2461.23,0
20230101T000014.300000,3,1285,6426.98,-7852.41,556.04,0,0,0,2500,0,0,2500,0,2500,0
20230101T000014.300000,3,1286,2874.22,-1044.83,-471.315,0,0,0,2500,0,0,2500,0,2500,0
20230101T000014.300000,3,1287,4354.8,-1593.1,-587.148,0,0,0,2500,0,0,2500,0,2500,0
20230101T000014.300000,3,1288,9171.96,-2305.1,-1504.84,0,0,0,2500,0,0,2500,0,2500,0
20230101T000014.300000,3,1289,10358.2,-681.22,-453.775,0,0,0,2500,0,0,2500,0,2500,0
20230101T000014.300000,3,1290,8673.53,170.976,-300.781,0,0,0,2500,0,0,2500,0,2500,0
20230101T000014.300000,3,1291,8877.77,594.378,-694.633,0,0,0,2500,0,0,2500,0,2500,0
20230101T000014.300000,3,1292,3859.98,991.023,-750.462,0,0,0,2500,0,0,2500,0,2500,0
20230101T000014.300000,3,1293,4988.98,2941.54,1339.09,0,0,0,2500,0,0,2500,0,2500,0
20230101T000014.300000,3,1294,6191.78,1892.16,-554.123,0,0,0,2500,0,0,2500,0,2500,0
20230101T000014.300000,3,1295,942.945,544.907,153.997,0,0,0,2500,0,0,2500,0,2500,0
20230101T000014.300000,3,1296,3147.05,4311.56,203.501,0,0,0,2500,0,0,2500,0,2500,0
20230101T000014.400000,6,1410,8158.19,-7678.8,-2584.91,0,0,0,100043,94866.3,33730.9,111540,-31748.8,200835,1.287e+14
20230101T000014.400000,6,1411,6919.16,99.7925,-689.222,0,0,0,839.177,-1092.89,7623.83,76599.8,109.956,76616.2,1.42804e+14
20230101T000014.400000,6,1412,1024.67,369.409,153.169,0,0,0,307.101,-573.634,-242.813,1691.44,-87.5382,1899.49,7.45889e+22
20230101T000014.400000,6,1413,7626.57,1610.56,-592.736,0,0,0,4749.31,-19526.4,7228.13,93090,1526.42,97213.9,2.24452e+14
20230101T000014.400000,6,1414,2362.09,1776.79,765.05,0,0,0,5687.53,-6236.38,-2878.98,9287.22,-2165.6,13982.3,7.38576e+14
20230101T000014.400000,6,1415,2674,2639.44,-190.224,0,0,0,11208.3,-11231.7,811.554,11500.5,801.068,22587.3,8.67485e+13
20230101T000014.400000,6,1416,6264,6485.48,1835.76,0,0,0,69930.4,-62274.9,-18390.1,65601.7,-19040.3,130081,2.55589e+14
20230101T000014.400000,4,1295,998.403,449.143,153.531,5.4909,-9.48162,-0.0462076,333.207,-433.54,-124.025,832.901,-71.6714,1075.44,0
20230101T000014.400000,3,1297,8158.19,-7678.8,-2584.91,0,0,0,2500,0,0,2500,0,2500,0
20230101T000014.400000,3,1298,6919.16,99.7925,-689.222,0,0,0,2500,0,0,2500,0,2500,0
20230101T000014.400000,3,1299,7626.57,1610.56,-592.736,0,0,0,2500,0,0,2500,0,2500,0
20230101T000014.400000,3,1300,2362.09,1776.79,765.05,0,0,0,2500,0,0,2500,0,2500,0
20230101T000014.400000,3,1301,2674,2639.44,-190.224,0,0,0,2500,0,0,2500,0,2500,0
20230101T000014.400000,3,1302,6264,6485.48,1835.76,0,0,0,2500,0,0,2500,0,2500,0
20230101T000014.500000,6,1417,2332.99,-2333.04,389.923,0,0,0,8862.08,8555.54,-1450.23,8861.76,1450.25,17418.3,1.43473e+14
20230101T000014.500000,6,1418,810.814,-842.635,86.7141,0,0,0,1172.44,1055.34,-109.222,1091.17,113.508,2188.27,5.57577e+14
20230101T000014.500000,6,1419,4891.4,-5452.87,223.893,0,0,0,47638.3,42603.9,-1750.94,38361.2,1951.92,85855.5,1.54419e+14
20230101T000014.500000,6,1420,3536.95,-4707.55,-293.607,0,0,0,35530.5,26543.7,1659.64,20144.9,-2208.93,55473.8,1.6185e+14
20230101T000014.500000,6,1421,4893.71,-4055.42,-392.796,0,0,0,26498.4,31601.1,3072.54,38444,-2546.21,64632,1.69564e+14
20230101T000014.500000,6,1422,2514.72,-458.458,-61.0945,0,0,0,403.98,1832.29,244.313,10120.4,-44.5406,10454.4,1.74147e+14
20230101T000014.500000,6,1423,1073.25,180.961,158.431,0,0,0,152.385,-293.887,-263.062,1845.83,-44.3547,1896.71,1.95594e+22
20230101T000014.500000,6,1424,3818.01,247.734,-715.434,0,0,0,975.295,-1456.45,4358.91,23327.2,282.831,23423.8,1.71538e+14
20230101T000014.500000,6,1425,7159.59,-292.285,-63.9216,0,0,0,207.104,3345.35,731.673,82015.6,-29.87,82152.2,1.28044e+14
20230101T000014.500000,6,1426,4671.16,891.653,8.8959,0,0,0,1333.94,-6652.28,-66.3691,34913.8,-12.6688,36183.7,1.18477e+14
20230101T000014.500000,6,1427,5774.18,1863.89,293.905,0,0,0,5741.51,-17160.8,-2712.35,53365,-875.538,58904.6,1.39505e+14
20230101T000014.500000,6,1428,5790.38,2021.06,-290.13,0,0,0,6712.44,-18662.5,2685.09,53667.2,937.194,60181.3,8.44016e+13
20230101T000014.500000,6,1429,4573.77,2497.61,-49.6204,0,0,0,10033.2,-18249,362.589,33486.6,198,43451.9,1.45191e+14
20230101T000014.500000,6,1430,9260.73,5923.22,37.0493,0,0,0,56182.2,-87735.3,-548.783,137237,-351.005,193353,1.27962e+14
20230101T000014.500000,6,1431,4520.26,5033.74,1382.49,0,0,0,41934.3,-34855.4,-9990.34,34419.3,-11125.2,73236.7,1.90692e+14
20230101T000014.500000,6,1432,3492.35,5091.88,-761.737,0,0,0,41800.7,-27989.7,4252,20188.6,6199.46,60998.9,1.396e+14
20230101T000014.500000,3,1303,2332.99,-2333.04,389.923,0,0,0,2500,0,0,2500,0,2500,0
20230101T000014.500000,3,1304,810.814,-842.635,86.7141,0,0,0,2500,0,0,2500,0,2500,0
20230101T000014.500000,3,1305,4891.4,-5452.87,223.893,0,0,0,2500,0,0,2500,0,2500,0
20230101T000014.500000,3,1306,3536.95,-4707.55,-293.607,0,0,0,2500,0,0,2500,0,2500,0
20230101T000014.500000,3,1307,4893.71,-4055.42,-392.796,0,0,0,2500,0,0,2500,0,2500,0
20230101T000014.500000,3,1308,2514.72,-458.458,-61.0945,0,0,0,2500,0,0,2500,0,2500,0
20230101T000014.500000,3,1309,1073.25,180.961,158.431,0,0,0,2500,0,0,2500,0,2500,0
20230101T000014.500000,3,1310,3818.01,247.734,-715.434,0,0,0,2500,0,0,2500,0,2500,0
20230101T000014.500000,3,1311,7159.59,-292.285,-63.9216,0,0,0,2500,0,0,2500,0,2500,0
20230101T000014.500000,3,1312,4671.16,891.653,8.8959,0,0,0,2500,0,0,2500,0,2500,0
20230101T000014.500000,3,1313,5774.18,1863.89,293.905,0,0,0,2500,0,0,2500,0,2500,0
20230101T000014.500000,3,1314,5790.38,2021.06,-290.13,0,0,0,2500,0,0,2500,0,2500,0
20230101T000014.500000,3,1315,4573.77,2497.61,-49.6204,0,0,0,2500,0,0,2500,0,2500,0
20230101T000014.500000,3,1316,9260.73,5923.22,37.0492,0,0,0,2500,0,0,2500,0,2500,0
20230101T000014.500000,3,1317,4520.26,5033.74,1382.49,0,0,0,2500,0,0,2500,0,2500,0
20230101T000014.500000,3,1318,3492.35,5091.88,-761.737,0,0,0,2500,0,0,2500,0,2500,0
20230101T000014.600000,6,1433,2126.05,-2858.52,172.099,0,0,0,13113.5,9670.51,-583.586,7303.77,784.644,20306.1,1.03094e+14
20230101T000014.600000,6,1434,8109.36,-1569.55,-1359.56,0,0,0,6852.26,19801.5,17630.1,105328,-3412.26,109162,1.84741e+14
20230101T000014.600000,6,1435,1089.59,1.80209,150.033,0,0,0,98.8298,-2.9782,-252.909,1899.52,-0.418292,1900.72,2.6711e+22
20230101T000014.600000,6,1436,4496.72,29.0634,-1082.29,0,0,0,1935.93,-196.6,7772.25,32352.8,50.2339,32357.6,2.49934e+14
20230101T000014.600000,6,1437,5686.43,1210.12,62.2513,0,0,0,2410.17,-10995.7,-565.71,51739.8,-120.388,54079.8,1.41347e+14
20230101T000014.600000,6,1438,5436.87,-957.182,604.851,0,0,0,2095.01,8215.77,-5254.77,47314.8,925.123,48762,1.87994e+14
20230101T000014.600000,6,1439,9420.89,4664.76,-415.952,0,0,0,35089.6,-70178.4,6267.55,142072,3103.38,176821,1.48744e+14
20230101T000014.600000,6,1440,5698.57,1151.91,56.0761,0,0,0,2189.34,-10489.4,-510.68,51960.6,-103.229,54080.9,1.34208e+14
20230101T000014.600000,6,1441,5566.34,2769.8,500.922,0,0,0,12647.6,-24482.7,-4456.7,49666.9,-2217.64,61849.9,7.83347e+13
20230101T000014.600000,6,1442,4407.55,1766,616.784,0,0,0,5568.73,-12222.1,-4342.03,31175.3,-1739.75,36073.5,1.76147e+14
20230101T000014.600000,6,1443,6150.77,2044.31,799.15,0,0,0,7663.7,-19793.8,-7857.24,60639,-2611.49,67218.8,1.43306e+14
20230101T000014.600000,6,1444,7451.38,2179.77,913.952,0,0,0,8891.53,-25610.5,-10889.2,88947.2,-3185.44,96440,1.47262e+14
20230101T000014.600000,6,1445,7740.52,9222.97,-1201.23,0,0,0,137081,-113057,14872.9,97256.9,17721.4,231967,1.90993e+14
20230101T000014.600000,6,1446,1516.82,1369.99,6.35687,0,0,0,3038.26,-3292.98,-15.2799,3709.99,-13.8007,6684.19,4.957e+14
20230101T000014.600000,6,1447,7594.35,8414.82,-1.05729,0,0,0,113323,-102216,12.8431,92314,14.2306,205573,1.38016e+14
20230101T000014.600000,6,1448,287.871,264.39,-1.58337,0,0,0,146.561,-89.8906,0.538345,161.877,0.494434,244.436,1.95374e+14
20230101T000014.600000,6,1449,6685.68,4608.31,329.512,0,0,0,34139.5,-49184.5,-3522.69,71593.8,-2428.12,105496,7.54591e+13
20230101T000014.600000,4,1309,1091.03,79.6846,153.679,1.75999,-10.0273,-0.470425,111.467,-163.755,-145.231,1055.07,-24.4874,1074.22,0
20230101T000014.600000,3,1319,2126.05,-2858.52,172.099,0,0,0,2500,0,0,2500,0,2500,0
20230101T000014.600000,3,1320,8109.36,-1569.55,-1359.56,0,0,0,2500,0,0,2500,0,2500,0
20230101T000014.600000,3,1321,4496.72,29.0634,-1082.29,0,0,0,2500,0,0,2500,0,2500,0
20230101T000014.600000,3,1322,5686.43,1210.12,62.2513,0,0,0,2500,0,0,2500,0,2500,0
20230101T000014.600000,3,1323,5436.87,-957.182,604.851,0,0,0,2500,0,0,2500,0,2500,0
20230101T000014.600000,3,1324,9420.89,4664.76,-415.952,0,0,0,2500,0,0,2500,0,2500,0
20230101T000014.600000,3,1325,5698.57,1151.91,56.0761,0,0,0,2500,0,0,2500,0,2500,0
20230101T000014.600000,3,1326,5566.34,2769.8,500.922,0,0,0,2500,0,0,2500,0,2500,0
20230101T000014.600000,3,1327,4407.55,1766,616.784,0,0,0,2500,0,0,2500,0,2500,0
20230101T000014.600000,3,1328,6150.77,2044.31,799.15,0,0,0,2500,0,0,2500,0,2500,0
20230101T000014.600000,3,1329,7451.38,2179.77,913.952,0,0,0,2500,0,0,2500,0,2500,0
20230101T000014.600000,3,1330,7740.52,9222.97,-1201.23,0,0,0,2500,0,0,2500,0,2500,0
20230101T000014.600000,3,1331,1516.82,1369.99,6.35687,0,0,0,2500,0,0,2500,0,2500,0
20230101T000014.600000,3,1332,7594.35,8414.82,-1.05729,0,0,0,2500,0,0,2500,0,2500,0
20230101T000014.600000,3,1333,287.871,264.39,-1.58337,0,0,0,2500,0,0,2500,0,2500,0
20230101T000014.600000,3,1334,6685.68,4608.31,329.512,0,0,0,2500,0,0,2500,0,2500,0
20230101T000014.700000,6,1450,7171.37,-5171.62,172.11,0,0,0,42866.3,59287.3,-1973.81,82323.8,1423.41,125079,2.14802e+14
20230101T000014.700000,6,1451,9582.8,-3073.55,1004.03,0,0,0,16634.7,46637.7,-15388.2,147084,4935.57,162044,2.58798e+14
20230101T000014.700000,6,1452,3658.46,-1966.54,823.501,0,0,0,7077.24,11033,-4809.64,21672,2585.34,27605,2.42502e+14
20230101T000014.700000,6,1453,6851.44,-1674.46,-951.493,0,0,0,5912.32,18007.4,10422.3,75192.7,-2547.17,79594.8,1.3846e+14
20230101T000014.700000,6,1454,9041.37,-3099.98,-811.706,0,0,0,16376,44502,11737.2,130912,-4024.29,146170,1.51284e+14
20230101T000014.700000,6,1455,1073.25,-186.184,151.765,0,0,0,152.186,302.936,-251.991,1845.89,43.7148,1899.66,3.03667e+22
20230101T000014.700000,6,1456,11638.2,-2387.47,2296.47,0,0,0,17276.5,42784.2,-42751.2,217060,8770.01,225839,3.57754e+14
20230101T000014.700000,6,1457,6493.6,701.634,794.47,0,0,0,1848.24,-7175.22,-8246.73,67479.4,-891.06,68255.6,1.1665e+14
20230101T000014.700000,6,1458,6638.21,4383.09,381.397,0,0,0,30945,-46417.1,-4048.31,70595.5,-2673.03,101244,1.8049e+14
20230101T000014.700000,6,1459,8505.75,7241.46,-2508.84,0,0,0,89776,-93549.4,34132.9,120014,29059.3,199661,1.86992e+14
20230101T000014.700000,6,1460,4598.41,6502.5,-1139.55,0,0,0,68365.6,-46832.8,8379.01,35259.5,11848.6,101486,1.66612e+14
20230101T000014.700000,3,1335,7171.37,-5171.62,172.11,0,0,0,2500,0,0,2500,0,2500,0
20230101T000014.700000,3,1336,9582.8,-3073.55,1004.03,0,0,0,2500,0,0,2500,0,2500,0
20230101T000014.700000,3,1337,3658.46,-1966.54,823.501,0,0,0,2500,0,0,2500,0,2500,0
20230101T000014.700000,3,1338,6851.44,-1674.46,-951.493,0,0,0,2500,0,0,2500,0,2500,0
20230101T000014.700000,3,1339,9041.37,-3099.98,-811.706,0,0,0,2500,0,0,2500,0,2500,0
20230101T000014.700000,3,1340,1073.25,-186.184,151.765,0,0,0,2500,0,0,2500,0,2500,0
20230101T000014.700000,3,1341,11638.2,-2387.47,2296.47,0,0,0,2500,0,0,2500,0,2500,0
20230101T000014.700000,3,1342,6493.6,701.634,794.47,0,0,0,2500,0,0,2500,0,2500,0
20230101T000014.700000,3,1343,6638.21,4383.09,381.397,0,0,0,2500,0,0,2500,0,2500,0
20230101T000014.700000,3,1344,8505.75,7241.46,-2508.84,0,0,0,2500,0,0,2500,0,2500,0
20230101T000014.700000,3,1345,4598.41,6502.5,-1139.55,0,0,0,2500,0,0,2500,0,2500,0
20230101T000014.800000,6,1461,4708.48,-5066.88,-254.442,0,0,0,41154.9,38088.1,1915.25,35561.5,-2061.04,76549,1.80065e+14
20230101T000014.800000,6,1462,4532.42,-3033.47,145.058,0,0,0,14790.6,21953.2,-1050.53,32898.7,703.1,47591.7,1.24771e+14
20230101T000014.800000,6,1463,10297.6,-4417.03,852.481,0,0,0,32252.1,72331.5,-14041.2,169856,6022.79,200882,1.15738e+14
20230101T000014.800000,6,1464,7112.2,-2641.34,533.311,0,0,0,11618.6,29887.9,-6064.63,80996.3,2252.29,92096.4,1.18392e+14
20230101T000014.800000,6,1465,4610.92,-2896.76,337.698,0,0,0,13602.5,21259.9,-2488.01,34086.6,1563.07,47443.1,1.24857e+14
20230101T000014.800000,6,1466,1025.85,-366.724,150.856,0,0,0,303.144,570.478,-239.42,1695.02,85.5886,1900.16,1.08969e+22
20230101T000014.800000,6,1467,3822.44,-342.761,-209.525,0,0,0,320.958,2084.37,1277.97,23378.8,-114.596,23565.9,1.43972e+14
20230101T000014.800000,6,1468,9974.58,-291.803,-298.603,0,0,0,342.667,4650.95,4763.59,159188,-139.358,159324,1.75518e+14
20230101T000014.800000,6,1469,7181.09,1214.47,-654.424,0,0,0,3087.8,-13830.9,7513.55,82529.8,1270.7,84869.4,2.47801e+14
20230101T000014.800000,6,1470,9233,189.273,-535.313,0,0,0,579.381,-2785.39,7904.37,136397,162.037,136455,3.12454e+14
20230101T000014.800000,6,1471,10864.1,3550.74,1393.08,0,0,0,23034.8,-60785.2,-24208,189151,-7911.97,209018,1.49591e+14
20230101T000014.800000,6,1472,7663.66,2752.39,-31.4634,0,0,0,12179.1,-33728.6,385.568,93978.2,138.476,106092,1.49409e+14
20230101T000014.800000,6,1473,2498.85,3171.27,-108.177,0,0,0,16122.8,-12639.1,431.447,10041.8,547.546,26082,8.59742e+13
20230101T000014.800000,4,1340,1055.11,-291.303,151.251,-1.79616,-10.4078,-0.0508239,111.353,168.675,-139.127,1054.41,24.1354,1075.91,0
20230101T000014.800000,3,1346,4708.48,-5066.88,-254.442,0,0,0,2500,0,0,2500,0,2500,0
20230101T000014.800000,3,1347,4532.42,-3033.47,145.058,0,0,0,2500,0,0,2500,0,2500,0
20230101T000014.800000,3,1348,10297.6,-4417.03,852.481,0,0,0,2500,0,0,2500,0,2500,0
20230101T000014.800000,3,1349,7112.2,-2641.34,533.311,0,0,0,2500,0,0,2500,0,2500,0
20230101T000014.800000,3,1350,4610.92,-2896.76,337.698,0,0,0,2500,0,0,2500,0,2500,0
20230101T000014.800000,3,1351,3822.44,-342.761,-209.525,0,0,0,2500,0,0,2500,0,2500,0
20230101T000014.800000,3,1352,9974.58,-291.803,-298.603,0,0,0,2500,0,0,2500,0,2500,0
20230101T000014.800000,3,1353,7181.09,1214.47,-654.424,0,0,0,2500,0,0,2500,0,2500,0
20230101T000014.800000,3,1354,9233,189.273,-535.313,0,0,0,2500,0,0,2500,0,2500,0
20230101T000014.800000,3,1355,10864.1,3550.73,1393.08,0,0,0,2500,0,0,2500,0,2500,0
20230101T000014.800000,3,1356,7663.66,2752.39,-31.4634,0,0,0,2500,0,0,2500,0,2500,0
20230101T000014.800000,3,1357,2498.85,3171.27,-108.177,0,0,0,2500,0,0,2500,0,2500,0
20230101T000014.900000,6,1474,8657.1,-8196.99,-1870.45,0,0,0,110490,110714,25901.1,122588,-24524.5,227419,1.65883e+14
20230101T000014.900000,6,1475,4524.18,-6830.35,1551.58,0,0,0,75839.4,47641,-11224.9,35469.3,16946.8,107397,2.26011e+14
20230101T000014.900000,6,1476,4778.06,-3643.63,-996.941,0,0,0,22286.5,27058.4,7613.3,37135.4,-5805.71,57771.1,1.47078e+14
20230101T000014.900000,6,1477,2497.13,-417.002,-212.577,0,0,0,410.394,1644.02,844.067,9980.71,-140.953,10255.7,1.4098e+14
20230101T000014.900000,6,1478,11383.6,-2007.63,-1104.24,0,0,0,8402.52,36221.9,20106.4,207399,-3546,213788,1.19481e+14
20230101T000014.900000,6,1479,7559.55,-4009.12,1459.46,0,0,0,28425.4,47055.1,-17643.3,92196.6,9356.91,117154,7.32419e+13
20230101T000014.900000,6,1480,5079.09,-3174.88,-204.833,0,0,0,16222,25741.9,1662.73,41312.3,-1039.35,57403.3,1.60981e+14
20230101T000014.900000,6,1481,940.839,-547.236,156.402,0,0,0,555.247,779.515,-227.649,1442.03,132.412,1896.73,1.20211e+20
20230101T000014.900000,6,1482,6679.95,976.36,570.264,0,0,0,2096.9,-10351.7,-6089.62,71407,-890.076,72920.5,1.63603e+14
20230101T000014.900000,6,1483,5385.47,-853.171,-755.055,0,0,0,2115.74,7200.9,6497.54,46429.2,-1029.35,47571.1,1.83102e+14
20230101T000014.900000,6,1484,3548.65,2393.36,157.637,0,0,0,9236.36,-13541.1,-893.085,20181,-602.336,29313.8,1.31321e+14
20230101T000014.900000,6,1485,7471.77,2938.76,-32.7988,0,0,0,13875,-35110,391.86,89332.6,154.124,103142,2.00529e+14
20230101T000014.900000,6,1486,6318.25,3868.86,147.173,0,0,0,24020.6,-39067.1,-1486.71,63899.3,-910.36,87821.3,1.75883e+14
20230101T000014.900000,6,1487,4674.05,2145.1,192.168,0,0,0,7463.92,-15995.5,-1434.95,34976.2,-658.555,42317.2,8.86511e+13
20230101T000014.900000,6,1488,4048,4536.63,964.52,0,0,0,33617.1,-28612.4,-6240.41,27081.5,-6993.68,59149.3,1.54675e+14
20230101T000014.900000,4,1356,7557.11,2720.14,-31.0757,-10.5499,-3.19298,0.0383894,337.095,-764.701,8.74154,2191.66,3.13951,2466.27,0
20230101T000014.900000,3,1358,8657.1,-8196.99,-1870.45,0,0,0,2500,0,0,2500,0,2500,0
20230101T000014.900000,3,1359,4524.18,-6830.35,1551.58,0,0,0,2500,0,0,2500,0,2500,0
20230101T000014.900000,3,1360,4778.06,-3643.63,-996.941,0,0,0,2500,0,0,2500,0,2500,0
20230101T000014.900000,3,1361,2497.13,-417.002,-212.577,0,0,0,2500,0,0,2500,0,2500,0
20230101T000014.900000,3,1362,11383.6,-2007.63,-1104.24,0,0,0,2500,0,0,2500,0,2500,0
20230101T000014.900000,3,1363,7559.55,-4009.12,1459.46,0,0,0,2500,0,0,2500,0,2500,0
20230101T000014.900000,3,1364,5079.09,-3174.88,-204.833,0,0,0,2500,0,0,2500,0,2500,0
20230101T000014.900000,3,1365,940.838,-547.236,156.402,0,0,0,2500,0,0,2500,0,2500,0
20230101T000014.900000,3,1366,6679.95,976.36,570.264,0,0,0,2500,0,0,2500,0,2500,0
20230101T000014.900000,3,1367,5385.47,-853.171,-755.055,0,0,0,2500,0,0,2500,0,2500,0
20230101T000014.900000,3,1368,3548.65,2393.36,157.637,0,0,0,2500,0,0,2500,0,2500,0
20230101T000014.900000,3,1369,6318.25,3868.86,147.173,0,0,0,2500,0,0,2500,0,2500,0
20230101T000014.900000,3,1370,4674.05,2145.1,192.168,0,0,0,2500,0,0,2500,0,2500,0
20230101T000014.900000,3,1371,4048,4536.63,964.52,0,0,0,2500,0,0,2500,0,2500,0
20230101T000015,6,1489,2727.95,-3368.03,1061.78,0,0,0,18888.2,13788.7,-4625.06,13032.4,5710.28,30060.1,2.06736e+14
20230101T000015,6,1490,833.011,-701.895,152.678,0,0,0,846.767,886.19,-196.764,1151.8,165.793,1899.73,5.24717e+21
20230101T000015,6,1491,6921.91,-7076.77,-2298.26,0,0,0,84290.9,74120.7,25443.5,81010.7,-26012.7,156793,1.59253e+14
20230101T000015,6,1492,5659.82,-3497.99,-730.759,0,0,0,20241.5,31266.4,6611.64,51507.3,-4086.25,70831.9,1.41076e+14
20230101T000015,6,1493,8949.56,-5714.57,-26.4995,0,0,0,52296.4,81799.2,379.32,128170,-242.208,180402,1.07347e+14
20230101T000015,6,1494,8133.1,-4894.81,-1133.47,0,0,0,39890,62759.9,14743.3,106399,-8873.08,144171,2.94747e+14
20230101T000015,6,1495,2344.91,208.363,185.789,0,0,0,187.365,-771.271,-692.056,8798.7,-61.4943,8867.63,2.24263e+14
20230101T000015,6,1496,6829.4,863.883,-543.639,0,0,0,1722.09,-9372.9,5935.38,74633.7,750.794,75819.7,1.98439e+14
20230101T000015,6,1497,9162.18,455.71,-465.159,0,0,0,741.294,-6660.13,6815.76,134314,339.003,134645,1.29227e+14
20230101T000015,6,1498,6342.8,-199.152,1237.89,0,0,0,2574.43,1942.26,-12550.7,64372.3,394.068,64435.6,1.26868e+14
20230101T000015,6,1499,7483.01,2943.51,-450.541,0,0,0,14199.3,-35109.7,5390.92,89644.8,2120.56,103456,3.21976e+14
20230101T000015,6,1500,5024.53,2926.6,-1383.17,0,0,0,16034.8,-22170,11107.2,41184.2,6469.52,54100.8,1.73889e+14
20230101T000015,6,1501,3108.91,2196.37,-639.187,0,0,0,8196.05,-10587.9,3170.94,15702.8,2240.2,23184.7,1.51366e+14
20230101T000015,6,1502,6488.2,8528.92,-1182.25,0,0,0,117231,-87431.7,12268.8,68811.4,16127.7,183744,1.12523e+14
20230101T000015,6,1503,5932.8,6882.07,1900.91,0,0,0,78271.5,-62438.3,-18036,59668.8,-20921.8,132100,1.80792e+14
20230101T000015,4,1354,9169.51,193.015,-530.388,-12.2098,0.719545,0.947109,71.8399,-50.8297,143.769,2550.34,2.94721,2543.21,0
20230101T000015,4,1356,7566.59,2729.89,-41.1779,25.1287,10.8428,-2.06561,316.805,-777.603,8.88581,2199.44,3.19569,2479.07,0
20230101T000015,4,1365,887.203,-640.73,154.315,-5.31048,-9.25682,-0.206653,335.949,434.341,-125.708,830.058,73.118,1074.45,0
20230101T000015,3,1372,2727.95,-3368.03,1061.78,0,0,0,2500,0,0,2500,0,2500,0
20230101T000015,3,1373,6921.91,-7076.77,-2298.26,0,0,0,2500,0,0,2500,0,2500,0
20230101T000015,3,1374,5659.82,-3497.99,-730.759,0,0,0,2500,0,0,2500,0,2500,0
20230101T000015,3,1375,8949.56,-5714.57,-26.4995,0,0,0,2500,0,0,2500,0,2500,0
20230101T000015,3,1376,8133.1,-4894.81,-1133.47,0,0,0,2500,0,0,2500,0,2500,0
20230101T000015,3,1377,2344.91,208.363,185.789,0,0,0,2500,0,0,2500,0,2500,0
20230101T000015,3,1378,6829.4,863.883,-543.639,0,0,0,2500,0,0,2500,0,2500,0
20230101T000015,3,1379,6342.8,-199.152,1237.89,0,0,0,2500,0,0,2500,0,2500,0
20230101T000015,3,1380,5024.53,2926.6,-1383.17,0,0,0,2500,0,0,2500,0,2500,0
20230101T000015,3,1381,3108.91,2196.37,-639.187,0,0,0,2500,0,0,2500,0,2500,0
20230101T000015,3,1382,6488.2,8528.92,-1182.25,0,0,0,2500,0,0,2500,0,2500,0
20230101T000015,3,1383,5932.8,6882.07,1900.91,0,0,0,2500,0,0,2500,0,2500,0
20230101T000015.100000,6,1504,1697.86,-1844.72,-67.338,0,0,0,5477.46,4975.86,181.766,4650.94,-197.488,10057.2,9.91955e+13
20230101T000015.100000,6,1505,2517.85,-1661.71,274.148,0,0,0,4546.04,6609.84,-1099.61,10199.1,725.71,14561.9,1.58502e+14
20230101T000015.100000,6,1506,3636.65,-3599.75,-685.298,0,0,0,21144.4,20538.5,3981.51,21563.3,-3941.12,41894.6,1.12131e+14
20230101T000015.100000,6,1507,9980.43,-2422.14,-894.58,0,0,0,10656,38370.4,14279.9,159449,-3465.57,168762,1.43645e+14
20230101T000015.100000,6,1508,4588.05,-1505.56,-744.359,0,0,0,4483.52,10771,5455.1,33772.6,-1790.08,37308.6,1.40161e+14
20230101T000015.100000,6,1509,4347.32,59.1765,480.897,0,0,0,438.769,-405.719,-3337.99,30238.8,-45.4373,30245.1,6.44816e+14
20230101T000015.100000,6,1510,12140.8,-81.748,1179.22,0,0,0,2298.9,1572.57,-22900.6,235838,154.197,235850,1.33062e+14
20230101T000015.100000,6,1511,5832.96,1178.55,342.286,0,0,0,2463.76,-10950.3,-3190.87,54447.4,-644.716,56660.1,1.60079e+14
20230101T000015.100000,6,1512,813.312,976.051,-277.645,0,0,0,1599.86,-1179.44,352.754,1167.21,423.339,2585.56,1.55935e+22
20230101T000015.100000,6,1513,2365.29,2829.9,-654.173,0,0,0,13120.4,-10342.2,2468.64,9390.99,2953.54,21766.6,1.68434e+14
20230101T000015.100000,6,1514,3855.92,2363.2,-439.533,0,0,0,9206.3,-14413.7,2706.44,23890.8,1658.71,32725.1,1.88426e+14
20230101T000015.100000,6,1515,6482.39,8170.18,-453.958,0,0,0,106955,-84548.1,4706.65,67475.8,5932.09,174037,1.72223e+14
20230101T000015.100000,6,1516,5161.18,6629.84,-1061.4,0,0,0,71031.6,-53844.2,8760.04,43782,11252.8,112949,1.11908e+14
20230101T000015.100000,3,1384,1697.86,-1844.72,-67.338,0,0,0,2500,0,0,2500,0,2500,0
20230101T000015.100000,3,1385,2517.85,-1661.71,274.148,0,0,0,2500,0,0,2500,0,2500,0
20230101T000015.100000,3,1386,3636.65,-3599.75,-685.298,0,0,0,2500,0,0,2500,0,2500,0
20230101T000015.100000,3,1387,9980.43,-2422.14,-894.58,0,0,0,2500,0,0,2500,0,2500,0
20230101T000015.100000,3,1388,4588.05,-1505.56,-744.359,0,0,0,2500,0,0,2500,0,2500,0
20230101T000015.100000,3,1389,4347.32,59.1765,480.897,0,0,0,2500,0,0,2500,0,2500,0
20230101T000015.100000,3,1390,12140.8,-81.748,1179.22,0,0,0,2500,0,0,2500,0,2500,0
20230101T000015.100000,3,1391,5832.96,1178.55,342.286,0,0,0,2500,0,0,2500,0,2500,0
20230101T000015.100000,3,1392,813.312,976.051,-277.645,0,0,0,2500,0,0,2500,0,2500,0
20230101T000015.100000,3,1393,2365.29,2829.9,-654.173,0,0,0,2500,0,0,2500,0,2500,0
20230101T000015.100000,3,1394,3855.92,2363.2,-439.533,0,0,0,2500,0,0,2500,0,2500,0
20230101T000015.100000,3,1395,6482.39,8170.18,-453.958,0,0,0,2500,0,0,2500,0,2500,0
20230101T000015.100000,3,1396,5161.18,6629.84,-1061.4,0,0,0,2500,0,0,2500,0,2500,0
20230101T000015.200000,6,1517,5672.15,-3986.37,-543.371,0,0,0,25784.7,35925.9,4927.26,51654.5,-3462.86,76903.6,1.21597e+14
20230101T000015.200000,6,1518,3370.4,-1791.93,277.316,0,0,0,5283.21,9585.86,-1491.38,18216.5,792.921,23313.3,2.26016e+14
20230101T000015.200000,6,1519,9863.3,-4543.47,-267.728,0,0,0,33176.3,71633.8,4223.66,155687,-1945.6,188684,8.8764e+13
20230101T000015.200000,6,1520,4543.63,-2867.22,-738.885,0,0,0,13823.2,20421.5,5364.25,33298,-3385.06,46186,1.27944e+14
20230101T000015.200000,6,1521,6684.22,1232.93,379.023,0,0,0,2716.19,-13133.5,-4050.06,71495.8,-747.051,73918.6,2.54897e+14
20230101T000015.200000,6,1522,10447.1,5056.22,-1670.19,0,0,0,44571.5,-82741.8,27909.7,175486,13507.8,215533,1.38219e+14
20230101T000015.200000,6,1523,9727.36,3918.99,-1024.19,0,0,0,26072.1,-60390.6,15934.5,151638,6419.75,175969,1.49031e+14
20230101T000015.200000,6,1524,6331.64,3104.19,51.3419,0,0,0,15472.6,-31420.4,-519.707,64156.8,-254.795,79561.1,1.21786e+14
20230101T000015.200000,6,1525,973.627,817.071,-273.914,0,0,0,1174.49,-1183.61,416.608,1591.6,349.619,2587.73,1.34829e+21
20230101T000015.200000,6,1526,3557.06,3614.73,-515.431,0,0,0,21146.4,-20328.3,2928.96,20492.4,2976.44,41151,1.39213e+14
20230101T000015.200000,4,1366,6710.6,989.999,566.043,8.43427,3.75384,-1.1617,133.961,-364.366,-212.871,2573.58,-31.1139,2609.33,0
20230101T000015.200000,3,1397,5672.15,-3986.37,-543.371,0,0,0,2500,0,0,2500,0,2500,0
20230101T000015.200000,3,1398,3370.4,-1791.93,277.316,0,0,0,2500,0,0,2500,0,2500,0
20230101T000015.200000,3,1399,9863.3,-4543.47,-267.728,0,0,0,2500,0,0,2500,0,2500,0
20230101T000015.200000,3,1400,4543.63,-2867.22,-738.885,0,0,0,2500,0,0,2500,0,2500,0
20230101T000015.200000,3,1401,10447.1,5056.22,-1670.19,0,0,0,2500,0,0,2500,0,2500,0
20230101T000015.200000,3,1402,9727.36,3918.99,-1024.19,0,0,0,2500,0,0,2500,0,2500,0
20230101T000015.200000,3,1403,6331.65,3104.19,51.3419,0,0,0,2500,0,0,2500,0,2500,0
20230101T000015.200000,3,1404,973.627,817.071,-273.914,0,0,0,2500,0,0,2500,0,2500,0
20230101T000015.200000,3,1405,3557.06,3614.73,-515.431,0,0,0,2500,0,0,2500,0,2500,0
20230101T000015.300000,6,1527,1674.61,-1940.06,-230.53,0,0,0,6085.53,5124.68,613.945,4572.02,-711.264,10509.5,1.1557e+14
20230101T000015.300000,6,1528,2613.7,-2954.92,314.311,0,0,0,14067.7,12247.2,-1311.07,11054.7,1482.22,24901.2,1.38683e+14
20230101T000015.300000,6,1529,7455.66,-8407,114.876,0,0,0,113122,100245,-1369.92,88986.6,1544.73,202023,1.40688e+14
20230101T000015.300000,6,1530,9526.27,-7433.7,1263.7,0,0,0,90043.3,112035,-19256.1,146191,15026.2,233616,1.12652e+14
20230101T000015.300000,6,1531,5686.15,-5086.97,-362.536,0,0,0,41555.9,46144.2,3296.03,51853.6,-2948.71,93135.5,1.00114e+14
20230101T000015.300000,6,1532,4635.32,-5456.13,-749.394,0,0,0,48034.1,39990.8,5553.6,34936.5,-6537.01,82009.4,2.08094e+14
20230101T000015.300000,6,1533,4071.95,-3918.64,3.32449,0,0,0,24602.4,25498.4,-21.6323,26560,20.8178,51098.4,1.74469e+14
20230101T000015.300000,6,1534,10364.9,-2062.43,-2906.54,0,0,0,19865,31604.4,48185.3,172406,-9588.07,178699,3.33715e+14
20230101T000015.300000,6,1535,675.133,-279.864,-54.4885,0,0,0,183.686,278.118,54.4757,739.317,-22.5819,854.96,1.27349e+14
20230101T000015.300000,6,1536,2073.65,378.825,-197.231,0,0,0,351.24,-1234.67,648.544,6884.12,118.479,7110.23,3.08891e+14
20230101T000015.300000,6,1537,11441.7,-722.168,144.925,0,0,0,931.649,13214.3,-2652.28,209459,167.405,210293,1.29522e+14
20230101T000015.300000,6,1538,9077.9,1705.77,-1003.87,0,0,0,6273.93,-24471.5,14574.1,131910,2738.52,136509,3.60746e+14
20230101T000015.300000,6,1539,3302.88,1175.96,-287.845,0,0,0,2386.69,-6152.51,1516.23,17476.5,539.841,19667.4,1.64778e+14
20230101T000015.300000,6,1540,1101,635.833,-274.307,0,0,0,782.994,-1041.46,471.792,1984.91,272.463,2589.21,2.62574e+21
20230101T000015.300000,6,1541,1857.68,1509.57,-40.8626,0,0,0,3686.21,-4454.24,120.608,5548.05,98.0071,9167.63,2.131e+14
20230101T000015.300000,4,1384,1728.24,-1901.96,-101.399,5.84117,-11.0078,-6.55015,1147.76,997.57,36.4199,982.06,-39.5701,2064.78,0
20230101T000015.300000,3,1406,2613.7,-2954.92,314.311,0,0,0,2500,0,0,2500,0,2500,0
20230101T000015.300000,3,1407,7455.66,-8407,114.876,0,0,0,2500,0,0,2500,0,2500,0
20230101T000015.300000,3,1408,9526.27,-7433.7,1263.7,0,0,0,2500,0,0,2500,0,2500,0
20230101T000015.300000,3,1409,5686.15,-5086.97,-362.536,0,0,0,2500,0,0,2500,0,2500,0
20230101T000015.300000,3,1410,4635.32,-5456.13,-749.394,0,0,0,2500,0,0,2500,0,2500,0
20230101T000015.300000,3,1411,4071.95,-3918.64,3.32449,0,0,0,2500,0,0,2500,0,2500,0
20230101T000015.300000,3,1412,10364.9,-2062.43,-2906.54,0,0,0,2500,0,0,2500,0,2500,0
20230101T000015.300000,3,1413,675.133,-279.864,-54.4885,0,0,0,2500,0,0,2500,0,2500,0
20230101T000015.300000,3,1414,2073.65,378.825,-197.231,0,0,0,2500,0,0,2500,0,2500,0
20230101T000015.300000,3,1415,11441.7,-722.168,144.925,0,0,0,2500,0,0,2500,0,2500,0
20230101T000015.300000,3,1416,9077.9,1705.77,-1003.87,0,0,0,2500,0,0,2500,0,2500,0
20230101T000015.300000,3,1417,3302.88,1175.96,-287.845,0,0,0,2500,0,0,2500,0,2500,0
20230101T000015.300000,3,1418,1101,635.833,-274.307,0,0,0,2500,0,0,2500,0,2500,0
20230101T000015.300000,3,1419,1857.68,1509.57,-40.8626,0,0,0,2500,0,0,2500,0,2500,0
20230101T000015.400000,6,1542,2461.79,-1688.64,407.053,0,0,0,4785.4,6498.35,-1596.26,9801.62,1094.94,14260.2,1.08622e+14
20230101T000015.400000,6,1543,7586.61,-7763.56,1260.74,0,0,0,97709.7,92935.7,-15298.5,93423.7,15655.3,188528,1.69293e+14
20230101T000015.400000,6,1544,8272.18,-5078.68,-791.554,0,0,0,42043,66743.5,10472.2,109778,-6429.36,150756,1.1994e+14
20230101T000015.400000,6,1545,5742.46,-3007.78,-1302.85,0,0,0,16654.3,26493.7,11959.6,53359.3,-6264.18,67238.6,1.55203e+14
20230101T000015.400000,6,1546,11334.1,1520.22,-2736.6,0,0,0,15527.8,-25981.8,49612.8,205752,6654.46,209240,1.76677e+14
20230101T000015.400000,6,1547,1197.43,429.083,-270.353,0,0,0,452.483,-765.492,505.714,2314.42,181.216,2591.49,3.10181e+21
20230101T000015.400000,6,1548,4067.76,1700.61,429.285,0,0,0,4932.26,-10940.8,-2788.27,26528,-1165.69,31102.6,1.51787e+14
20230101T000015.400000,6,1549,7210.45,2157.03,678.451,0,0,0,8178.67,-24665.4,-7821.62,83250.7,-2339.86,90629.9,1.7728e+14
20230101T000015.400000,6,1550,10076.7,2902.79,-2206.78,0,0,0,20733.3,-44712.2,35567,163066,10245.8,175949,1.91578e+14
20230101T000015.400000,6,1551,7486.37,4587.42,-733.887,0,0,0,34343.8,-54536.8,8786.1,89925.8,5383.86,123345,1.28856e+14
20230101T000015.400000,6,1552,4937.6,4719.26,-368.532,0,0,0,35781.2,-37142.5,2908.97,39142.1,2780.34,74642.4,9.98114e+13
20230101T000015.400000,4,1385,2498.33,-1659.02,293.909,-5.37131,0.742197,5.43883,752.772,1018.12,-168.193,1623.51,111.003,2280.09,0
20230101T000015.400000,3,1420,7586.61,-7763.56,1260.74,0,0,0,2500,0,0,2500,0,2500,0
20230101T000015.400000,3,1421,8272.18,-5078.68,-791.554,0,0,0,2500,0,0,2500,0,2500,0
20230101T000015.400000,3,1422,5742.46,-3007.78,-1302.85,0,0,0,2500,0,0,2500,0,2500,0
20230101T000015.400000,3,1423,11334.1,1520.22,-2736.6,0,0,0,2500,0,0,2500,0,2500,0
20230101T000015.400000,3,1424,1197.43,429.083,-270.353,0,0,0,2500,0,0,2500,0,2500,0
20230101T000015.400000,3,1425,4067.76,1700.61,429.285,0,0,0,2500,0,0,2500,0,2500,0
20230101T000015.400000,3,1426,7210.45,2157.03,678.451,0,0,0,2500,0,0,2500,0,2500,0
20230101T000015.400000,3,1427,10076.7,2902.79,-2206.78,0,0,0,2500,0,0,2500,0,2500,0
20230101T000015.400000,3,1428,7486.37,4587.42,-733.887,0,0,0,2500,0,0,2500,0,2500,0
20230101T000015.400000,3,1429,4937.6,4719.26,-368.532,0,0,0,2500,0,0,2500,0,2500,0
20230101T000015.500000,6,1553,2275.28,-2881.86,430.338,0,0,0,13426.2,10316.5,-1562.04,8504.49,1978.47,21572.1,1.58159e+14
20230101T000015.500000,6,1554,812.209,-1071.68,137.867,0,0,0,1871.81,1347.56,-175.241,1115.04,231.225,2893.76,1.68682e+14
20230101T000015.500000,6,1555,5218.96,-4264.85,-182.939,0,0,0,29172.8,35555.4,1526.26,43627.1,-1247.24,72682.4,1.35303e+14
20230101T000015.500000,6,1556,3012.55,-1060.07,-306.989,0,0,0,1988.58,5042.53,1473.96,14544.3,-518.662,16319.3,7.14831e+13
20230101T000015.500000,6,1557,8377.77,-5545.92,-1576.82,0,0,0,52021,72480.1,21128.1,113530,-13986.4,161512,7.91114e+14
20230101T000015.500000,6,1558,5976.88,-1763.14,274.032,0,0,0,5143.13,16810.9,-2617.87,57171.7,772.254,62130.9,2.02195e+14
20230101T000015.500000,6,1559,5466.7,-1218.4,-447.351,0,0,0,2740.81,10575.5,3907.89,47833.8,-870.977,50191.3,1.5681e+14
20230101T000015.500000,6,1560,1251.78,224.334,-270.108,0,0,0,252.954,-418.407,528.184,2512.68,94.6567,2590.43,3.45688e+20
20230101T000015.500000,6,1561,10192.7,-1777.74,-755.786,0,0,0,6005.31,28826.6,12321.1,166256,-2148.94,171284,1.39924e+14
20230101T000015.500000,6,1562,7528.12,904.243,-326.795,0,0,0,1539.66,-10863.8,3933.51,90679.5,472.475,91984.5,6.98022e+13
20230101T000015.500000,6,1563,8745.87,1730.3,865.4,0,0,0,6004.47,-23972.6,-12103.8,122432,-2394.65,127175,1.81658e+14
20230101T000015.500000,6,1564,1255.11,197.713,-275.099,0,0,0,240.354,-369.033,539.372,2524.9,84.9652,2585.89,3.19758e+20
20230101T000015.500000,6,1565,4193.38,1570.06,393.554,0,0,0,4217.18,-10431.9,-2635.29,28173.4,-986.687,32079.8,1.49227e+14
20230101T000015.500000,6,1566,7386.52,2659.55,-1902.06,0,0,0,16494.9,-29567.5,22465.5,87968.2,8088.84,98617.7,1.60563e+14
20230101T000015.500000,6,1567,4868.42,1569.56,285.198,0,0,0,4117.34,-12169.4,-2218.16,37940.6,-715.129,41864.2,5.62139e+14
20230101T000015.500000,4,1424,1232.5,330.397,-270.203,3.4726,-9.77085,0.0148206,248.408,-369.023,238.089,1146,85.3159,1252.35,0
20230101T000015.500000,4,1425,4131.2,1713.59,432.359,6.28087,1.28539,0.304371,418.773,-801.285,-202.417,2000.41,-84.6243,2315.69,0
20230101T000015.500000,3,1430,2275.28,-2881.86,430.338,0,0,0,2500,0,0,2500,0,2500,0
20230101T000015.500000,3,1431,812.209,-1071.68,137.867,0,0,0,2500,0,0,2500,0,2500,0
20230101T000015.500000,3,1432,5218.96,-4264.85,-182.939,0,0,0,2500,0,0,2500,0,2500,0
20230101T000015.500000,3,1433,3012.55,-1060.07,-306.989,0,0,0,2500,0,0,2500,0,2500,0
20230101T000015.500000,3,1434,8377.77,-5545.92,-1576.82,0,0,0,2500,0,0,2500,0,2500,0
20230101T000015.500000,3,1435,5976.88,-1763.14,274.032,0,0,0,2500,0,0,2500,0,2500,0
20230101T000015.500000,3,1436,5466.7,-1218.4,-447.351,0,0,0,2500,0,0,2500,0,2500,0
20230101T000015.500000,3,1437,10192.7,-1777.74,-755.785,0,0,0,2500,0,0,2500,0,2500,0
20230101T000015.500000,3,1438,7528.12,904.243,-326.795,0,0,0,2500,0,0,2500,0,2500,0
20230101T000015.500000,3,1439,8745.87,1730.3,865.4,0,0,0,2500,0,0,2500,0,2500,0
20230101T000015.500000,3,1440,1255.11,197.713,-275.099,0,0,0,2500,0,0,2500,0,2500,0
20230101T000015.500000,3,1441,7386.52,2659.55,-1902.06,0,0,0,2500,0,0,2500,0,2500,0
20230101T000015.500000,3,1442,4868.42,1569.57,285.198,0,0,0,2500,0,0,2500,0,2500,0
20230101T000015.600000,6,1568,2510.86,-2909.04,361.891,0,0,0,13656.6,11551.7,-1449.95,10243.5,1679.89,23627.7,9.81017e+13
20230101T000015.600000,6,1569,9376.48,-7775.23,2005.26,0,0,0,100576,113455,-30075.8,143316,24939.7,237398,2.02002e+14
20230101T000015.600000,6,1570,6765.04,-6307.6,-138.441,0,0,0,63707.8,68226.6,1497.79,73269.2,-1396.52,136882,8.97881e+13
20230101T000015.600000,6,1571,10064.7,-3007.27,40.4731,0,0,0,14531,48409.4,-651.524,162083,194.671,176547,1.04842e+14
20230101T000015.600000,6,1572,1272.42,11.0636,-268.388,0,0,0,176.708,-20.9892,533.479,2590.49,4.63855,2593.4,3.39666e+21
20230101T000015.600000,6,1573,7632.24,-581.518,-27.6184,0,0,0,605.904,7096.32,337.034,93202.2,-25.6794,93742.9,7.69262e+13
20230101T000015.600000,6,1574,5460.24,2144.22,-391.946,0,0,0,7624.46,-18627.4,3420.23,47744,1343.11,55059.3,2.53059e+14
20230101T000015.600000,6,1575,1504.02,2114.03,-242.487,0,0,0,7203.51,-5012.84,580.091,3723.89,815.368,10770.4,1.14298e+14
20230101T000015.600000,6,1576,2523.1,3058.78,445.497,0,0,0,15124,-12161.3,-1793.93,10412.2,-2174.81,25156.3,1.21422e+14
20230101T000015.600000,6,1577,3416.57,4420.44,596.807,0,0,0,31501.2,-23858,-3258.32,19073.1,-4215.69,49941.9,1.49233e+14
20230101T000015.600000,4,1406,2546.82,-2886.43,312.297,-18.4092,18.8505,-0.554339,1412.12,1180.39,-125.637,1121.72,142.039,2442.63,0
20230101T000015.600000,4,1440,1270.64,106.345,-271.907,1.53781,-9.04628,0.316076,146.15,-178.114,254.01,1248.78,40.0132,1250.07,0
20230101T000015.600000,3,1443,9376.48,-7775.23,2005.26,0,0,0,2500,0,0,2500,0,2500,0
20230101T000015.600000,3,1444,6765.04,-6307.6,-138.441,0,0,0,2500,0,0,2500,0,2500,0
20230101T000015.600000,3,1445,10064.7,-3007.27,40.4731,0,0,0,2500,0,0,2500,0,2500,0
20230101T000015.600000,3,1446,7632.24,-581.518,-27.6184,0,0,0,2500,0,0,2500,0,2500,0
20230101T000015.600000,3,1447,5460.24,2144.22,-391.946,0,0,0,2500,0,0,2500,0,2500,0
20230101T000015.600000,3,1448,1504.02,2114.03,-242.487,0,0,0,2500,0,0,2500,0,2500,0
20230101T000015.600000,3,1449,2523.1,3058.78,445.497,0,0,0,2500,0,0,2500,0,2500,0
20230101T000015.600000,3,1450,3416.57,4420.44,596.807,0,0,0,2500,0,0,2500,0,2500,0
20230101T000015.700000,6,1578,1765.7,-1990.23,234.531,0,0,0,6404.33,5547.42,-658.865,5073.12,742.645,11326.4,1.57867e+14
20230101T000015.700000,6,1579,1987.23,-2245.94,693.586,0,0,0,8435.45,6729,-2196,6784.35,2481.88,14392.6,3.40735e+14
20230101T000015.700000,6,1580,3822.94,-4078.57,565.547,0,0,0,26884.5,24660.4,-3454.9,23689.9,3685.92,50000,1.19334e+14
20230101T000015.700000,6,1581,1250.21,-224.653,-279.495,0,0,0,260.964,417.001,545.865,2506.68,-98.0874,2584.56,4.3001e+20
20230101T000015.700000,6,1582,8053.93,-3142.05,-1700.14,0,0,0,19863.2,38902.6,21897.2,104404,-8542.64,119584,2.52989e+14
20230101T000015.700000,6,1583,4284.37,-1934.96,-229.387,0,0,0,6113.48,13208.6,1569.61,29394.5,-708.885,35360.1,9.64579e+13
20230101T000015.700000,6,1584,3267.48,368.864,665.549,0,0,0,978.214,-1842.55,-3467.1,17092,-391.399,17302.5,1.70574e+14
20230101T000015.700000,6,1585,3514.82,100.54,-103.229,0,0,0,97.1019,-563.091,578.656,19766.4,16.5521,19782.6,1.10042e+14
20230101T000015.700000,6,1586,1253.56,-222.67,-266.409,0,0,0,248.855,416.495,521.703,2519.61,-92.67,2596.28,4.40053e+20
20230101T000015.700000,6,1587,11603.7,3343.46,-995.941,0,0,0,19410.1,-61635.3,18485.5,215559,5326.38,233319,2.60534e+14
20230101T000015.700000,6,1588,5090.08,2872.56,-151.797,0,0,0,13279,-23351.3,1234.81,41478.6,696.859,54656.9,1.07906e+14
20230101T000015.700000,6,1589,6140.4,3037.32,-1529.76,0,0,0,17817.7,-28328.3,15017.2,61075.3,7428.17,75090.8,1.40988e+14
20230101T000015.700000,6,1590,4505.3,2211.57,547.845,0,0,0,8263.59,-15727.1,-3942.93,32581.9,-1935.51,40302.8,9.92769e+13
20230101T000015.700000,3,1451,1765.7,-1990.23,234.531,0,0,0,2500,0,0,2500,0,2500,0
20230101T000015.700000,3,1452,1987.23,-2245.94,693.586,0,0,0,2500,0,0,2500,0,2500,0
20230101T000015.700000,3,1453,3822.94,-4078.57,565.547,0,0,0,2500,0,0,2500,0,2500,0
20230101T000015.700000,3,1454,1250.21,-224.653,-279.495,0,0,0,2500,0,0,2500,0,2500,0
20230101T000015.700000,3,1455,8053.93,-3142.05,-1700.14,0,0,0,2500,0,0,2500,0,2500,0
20230101T000015.700000,3,1456,4284.37,-1934.96,-229.387,0,0,0,2500,0,0,2500,0,2500,0
20230101T000015.700000,3,1457,3267.48,368.864,665.549,0,0,0,2500,0,0,2500,0,2500,0
20230101T000015.700000,3,1458,3514.82,100.54,-103.229,0,0,0,2500,0,0,2500,0,2500,0
20230101T000015.700000,3,1459,1253.56,-222.67,-266.409,0,0,0,2500,0,0,2500,0,2500,0
20230101T000015.700000,3,1460,11603.7,3343.46,-995.941,0,0,0,2500,0,0,2500,0,2500,0
20230101T000015.700000,3,1461,5090.08,2872.56,-151.797,0,0,0,2500,0,0,2500,0,2500,0
20230101T000015.700000,3,1462,6140.4,3037.32,-1529.76,0,0,0,2500,0,0,2500,0,2500,0
20230101T000015.700000,3,1463,4505.3,2211.57,547.845,0,0,0,2500,0,0,2500,0,2500,0
20230101T000015.800000,6,1591,6901.86,-5247.11,-1374.06,0,0,0,46005.5,56458.2,15165.8,77346.4,-11529.8,120270,1.14918e+14
20230101T000015.800000,6,1592,6263.12,-6767.97,-1891.6,0,0,0,75958,64937.2,18947.2,65879.8,-20474.5,136054,1.78267e+14
20230101T000015.800000,6,1593,1197.71,-427.809,-272.39,0,0,0,452.384,762.834,509.648,2315.56,-182.041,2590.85,1.69115e+21
20230101T000015.800000,6,1594,253.092,-106.888,-34.2345,0,0,0,73.3537,20.0248,6.62887,112.312,-2.79956,121.747,3.43873e+14
20230101T000015.800000,6,1595,2045.72,-447.453,-168.958,0,0,0,424.615,1441.78,548.016,6700.97,-119.865,7016.74,3.09334e+14
20230101T000015.800000,6,1596,2948.06,-228.529,205.674,0,0,0,214.151,1067.83,-965.726,13906.5,74.8616,13989.6,8.26625e+13
20230101T000015.800000,6,1597,11160.2,-1073.27,1972.82,0,0,0,8074.76,18565.3,-35216.4,199337,3386.76,201124,1.36091e+14
20230101T000015.800000,6,1598,8756.07,-236.687,-1216.15,0,0,0,2517.09,3250.3,17029.2,122672,-460.32,122761,1.39825e+14
20230101T000015.800000,6,1599,4900.83,-952.662,268.765,0,0,0,1624.96,7436.54,-2104.11,38435.6,409.012,39881.4,1.43077e+14
20230101T000015.800000,6,1600,26.7791,18.4873,-1.42945,0,0,0,43.8084,29.074,-2.2479,21.7659,-1.55187,1.8175,1.13294e+14
20230101T000015.800000,6,1601,9293.39,3778.14,54.6836,0,0,0,22897.9,-56154.7,-812.791,138197,-330.432,161026,8.54214e+13
20230101T000015.800000,6,1602,4243.92,6200.54,-393.577,0,0,0,61614.2,-41958.1,2670.61,29029.6,3901.87,90332.3,1.18459e+14
20230101T000015.800000,6,1603,4477.49,3227.82,745.669,0,0,0,17296.9,-22672.2,-5335.08,32402.4,-3846.05,48747.9,1.0592e+14
20230101T000015.800000,4,1454,1232.63,-326.96,-276.072,-1.74062,-10.1294,0.338881,156.039,201.337,256.946,1240.32,-46.171,1248.88,0
20230101T000015.800000,3,1464,6901.86,-5247.11,-1374.06,0,0,0,2500,0,0,2500,0,2500,0
20230101T000015.800000,3,1465,6263.12,-6767.97,-1891.6,0,0,0,2500,0,0,2500,0,2500,0
20230101T000015.800000,3,1466,253.092,-106.888,-34.2345,0,0,0,2500,0,0,2500,0,2500,0
20230101T000015.800000,3,1467,2045.72,-447.453,-168.958,0,0,0,2500,0,0,2500,0,2500,0
20230101T000015.800000,3,1468,2948.06,-228.529,205.674,0,0,0,2500,0,0,2500,0,2500,0
20230101T000015.800000,3,1469,11160.2,-1073.27,1972.82,0,0,0,2500,0,0,2500,0,2500,0
20230101T000015.800000,3,1470,8756.07,-236.687,-1216.15,0,0,0,2500,0,0,2500,0,2500,0
20230101T000015.800000,3,1471,4900.83,-952.662,268.765,0,0,0,2500,0,0,2500,0,2500,0
20230101T000015.800000,3,1472,26.7791,18.4873,-1.42945,0,0,0,2500,0,0,2500,0,2500,0
20230101T000015.800000,3,1473,9293.39,3778.14,54.6836,0,0,0,2500,0,0,2500,0,2500,0
20230101T000015.800000,3,1474,4243.92,6200.54,-393.577,0,0,0,2500,0,0,2500,0,2500,0
20230101T000015.800000,3,1475,4477.49,3227.82,745.669,0,0,0,2500,0,0,2500,0,2500,0
20230101T000015.900000,6,1604,7761.29,-9192.9,-1294.15,0,0,0,136356,112806,16066.5,97981.7,-19030,231596,2.52946e+14
20230101T000015.900000,6,1605,5084.75,-6527.32,-1469.47,0,0,0,69497.8,51398.7,11948.3,43556.3,-15338.1,109539,1.3535e+14
20230101T000015.900000,6,1606,3359.92,-4461.49,-102.346,0,0,0,31877.1,23945.6,549.49,18114,-729.646,49910.4,1.65711e+14
20230101T000015.900000,6,1607,2105.45,-1235.78,-87.5695,0,0,0,2500.11,4129.74,293.02,7112.22,-171.986,9536.22,2.08618e+14
20230101T000015.900000,6,1608,1097.67,-646.862,-261.934,0,0,0,796.545,1061.19,449.151,1971.94,-264.687,2599.9,6.50382e+19
20230101T000015.900000,6,1609,6665.86,-3245.99,-253.82,0,0,0,16993.3,34553.9,2705.11,71125.9,-1317.27,87952.3,4.31304e+14
20230101T000015.900000,6,1610,6158.11,96.8317,606.654,0,0,0,667.073,-943.827,-5971.11,60675.9,-93.8913,60691.3,3.46409e+14
20230101T000015.900000,6,1611,2085.58,877.893,64.9199,0,0,0,1293.17,-2904.2,-214.943,6970.1,-90.4766,8192.63,1.28254e+14
20230101T000015.900000,6,1612,4005.09,906.162,721.444,0,0,0,2165.08,-5614.21,-4612.48,25708.7,-1043.59,26980.9,2.023e+14
20230101T000015.900000,6,1613,10844.5,4532.21,-1557.34,0,0,0,36222.5,-77236.3,27014,188752,11289.9,221032,7.74874e+13
20230101T000015.900000,6,1614,7829.5,2670.68,-1046.75,0,0,0,13038.9,-32901.3,13105.2,98271.1,4470.27,109495,2.05313e+14
20230101T000015.900000,6,1615,434.029,354.961,-102.632,0,0,0,248.801,-207.895,62.498,332.982,51.1127,505.08,1.11651e+14
20230101T000015.900000,6,1616,6240.23,6962.72,-760.282,0,0,0,78007.5,-69027.2,7587.49,62853,8465.96,139872,1.17437e+14
20230101T000015.900000,6,1617,3413.39,4114.6,357.698,0,0,0,27197.3,-22339.7,-1950.82,18801,-2351.57,45730.2,1.31484e+14
20230101T000015.900000,3,1476,7761.29,-9192.9,-1294.15,0,0,0,2500,0,0,2500,0,2500,0
20230101T000015.900000,3,1477,5084.75,-6527.32,-1469.47,0,0,0,2500,0,0,2500,0,2500,0
20230101T000015.900000,3,1478,3359.92,-4461.49,-102.346,0,0,0,2500,0,0,2500,0,2500,0
20230101T000015.900000,3,1479,2105.45,-1235.78,-87.5695,0,0,0,2500,0,0,2500,0,2500,0
20230101T000015.900000,3,1480,1097.67,-646.862,-261.934,0,0,0,2500,0,0,2500,0,2500,0
20230101T000015.900000,3,1481,6665.86,-3245.99,-253.82,0,0,0,2500,0,0,2500,0,2500,0
20230101T000015.900000,3,1482,6158.11,96.8317,606.654,0,0,0,2500,0,0,2500,0,2500,0
20230101T000015.900000,3,1483,2085.58,877.893,64.9199,0,0,0,2500,0,0,2500,0,2500,0
20230101T000015.900000,3,1484,4005.09,906.162,721.444,0,0,0,2500,0,0,2500,0,2500,0
20230101T000015.900000,3,1485,10844.5,4532.21,-1557.34,0,0,0,2500,0,0,2500,0,2500,0
20230101T000015.900000,3,1486,7829.5,2670.68,-1046.75,0,0,0,2500,0,0,2500,0,2500,0
20230101T000015.900000,3,1487,434.029,354.961,-102.632,0,0,0,2500,0,0,2500,0,2500,0
20230101T000015.900000,3,1488,6240.23,6962.72,-760.282,0,0,0,2500,0,0,2500,0,2500,0
20230101T000015.900000,3,1489,3413.39,4114.6,357.698,0,0,0,2500,0,0,2500,0,2500,0
20230101T000016,6,1618,2489.32,-1937.35,-489.023,0,0,0,6282.55,7500.56,1940.09,10082.7,-1509.9,15921.6,1.2308e+14
20230101T000016,6,1619,3514.32,-2448.56,373.924,0,0,0,9786.06,13633.3,-2098,19854.6,1461.75,29353.9,1.13625e+14
20230101T000016,6,1620,986.434,-802.873,-272.033,0,0,0,1139.4,1179.24,419.195,1628.45,-341.189,2591.05,1.65366e+19
20230101T000016,6,1621,8360.4,-7172.57,1289.48,0,0,0,83882.2,94599,-17243.3,112989,14793.4,194148,1.36092e+14
20230101T000016,6,1622,457.975,-611.709,44.3881,0,0,0,622.745,416.122,-30.3053,378.48,40.4782,934.503,2.96742e+14
20230101T000016,6,1623,3204.18,-4185.63,-478.537,0,0,0,28190.1,21250.9,2449.8,16697.8,-3200.19,44458.6,1.27739e+14
20230101T000016,6,1624,10768.4,-3506.95,-2637.75,0,0,0,29797.7,57127.1,45433.6,186607,-14796.4,205215,3.63348e+14
20230101T000016,6,1625,7756.64,-1979.85,950.559,0,0,0,7688.22,24209.6,-11789.8,96357,3009.29,102537,1.20187e+14
20230101T000016,6,1626,381.958,-217.11,18.0834,0,0,0,124.104,105.01,-8.76512,249.157,4.9822,308.954,1.4469e+14
20230101T000016,6,1627,12228.6,257.447,620.748,0,0,0,786.105,-5022.83,-12142.2,239263,-255.627,239369,1.10261e+14
20230101T000016,6,1628,291.628,29.4635,-4.56446,0,0,0,64.7599,-7.34538,1.13846,136.722,0.115019,137.48,1.59356e+14
20230101T000016,6,1629,6159.87,-1063.43,1029.82,0,0,0,3517.64,10186,-10139.6,60761.3,1750.47,62521.5,2.66493e+14
20230101T000016,6,1630,4636.35,2107.51,-740.106,0,0,0,7884.86,-15280.1,5481.93,34554.1,2491.88,41501.1,1.3574e+14
20230101T000016,6,1631,3596.57,2908.9,-545.901,0,0,0,13865.1,-16475.3,3135.6,20910.1,2536.07,34236.1,1.06007e+14
20230101T000016,6,1632,7983.51,6774,1030.79,0,0,0,74444.6,-85658.6,-13162.2,102717,-11168.1,175398,1.04778e+14
20230101T000016,6,1633,113.419,116.78,-4.66981,0,0,0,52.8772,10.7854,-0.430589,53.5073,-0.443351,42.4549,2.23575e+14
20230101T000016,6,1634,5723.75,6052.05,375.04,0,0,0,58740.2,-55280.5,-3432.64,52570.6,-3629.53,111022,1.39256e+14
20230101T000016,4,1466,321.989,6.59685,-7.7605,13.2495,21.8241,5.09117,71.1857,18.6764,6.17819,107.521,-2.60923,116.284,0
20230101T000016,4,1472,127.722,95.9108,-6.51481,19.4122,14.8892,-0.977959,42.7688,28.3571,-2.19247,21.2698,-1.5136,1.81343,0
20230101T000016,4,1480,1048.69,-727.818,-266.802,-4.8501,-8.01547,-0.481998,413.791,510.649,211.402,979.393,-124.58,1255.99,0
20230101T000016,3,1490,2489.32,-1937.35,-489.023,0,0,0,2500,0,0,2500,0,2500,0
20230101T000016,3,1491,3514.32,-2448.56,373.924,0,0,0,2500,0,0,2500,0,2500,0
20230101T000016,3,1492,8360.4,-7172.57,1289.48,0,0,0,2500,0,0,2500,0,2500,0
20230101T000016,3,1493,457.975,-611.709,44.3881,0,0,0,2500,0,0,2500,0,2500,0
20230101T000016,3,1494,3204.18,-4185.63,-478.537,0,0,0,2500,0,0,2500,0,2500,0
20230101T000016,3,1495,10768.4,-3506.95,-2637.75,0,0,0,2500,0,0,2500,0,2500,0
20230101T000016,3,1496,7756.64,-1979.85,950.559,0,0,0,2500,0,0,2500,0,2500,0
20230101T000016,3,1497,381.958,-217.11,18.0834,0,0,0,2500,0,0,2500,0,2500,0
20230101T000016,3,1498,12228.6,257.447,620.748,0,0,0,2500,0,0,2500,0,2500,0
20230101T000016,3,1499,6159.87,-1063.43,1029.82,0,0,0,2500,0,0,2500,0,2500,0
20230101T000016,3,1500,4636.35,2107.51,-740.106,0,0,0,2500,0,0,2500,0,2500,0
20230101T000016,3,1501,3596.57,2908.9,-545.901,0,0,0,2500,0,0,2500,0,2500,0
20230101T000016,3,1502,7983.51,6774,1030.79,0,0,0,2500,0,0,2500,0,2500,0
20230101T000016,3,1503,5723.75,6052.05,375.04,0,0,0,2500,0,0,2500,0,2500,0
20230101T000016.100000,6,1635,1818.87,-1221.17,185.29,0,0,0,2467.66,3499.01,-534.769,5330.09,359.036,7679.73,1.20896e+14
20230101T000016.100000,6,1636,7643.27,-9168.51,-2512.96,0,0,0,138667,107124,30723.4,99468.7,-36854.3,227973,3.0458e+14
20230101T000016.100000,6,1637,6647.81,-3266.99,-533.911,0,0,0,17495.8,34543.5,5674.82,70810.4,-2788.82,87786.8,1.87973e+14
20230101T000016.100000,6,1638,8271.05,-4786.92,257.662,0,0,0,36790.8,63274.7,-3408.33,109499,1972.59,146120,2.45873e+14
20230101T000016.100000,6,1639,533.495,42.8579,-48.8496,0,0,0,69.7967,-31.2122,35.9231,455.818,2.88586,458.854,1.4116e+14
20230101T000016.100000,6,1640,2112.25,1350.54,-68.8295,0,0,0,2969.09,-4531.8,231.137,7159.31,147.785,10056.9,2.2513e+14
20230101T000016.100000,6,1641,9662.74,4868.21,2436.58,0,0,0,45543.8,-71423,-37658.2,151325,-18972.7,187312,2.02836e+14
20230101T000016.100000,6,1642,7351.87,4768.58,1855.7,0,0,0,40304.4,-53549.4,-21817.7,88129.8,-14151.5,122866,1.7939e+14
20230101T000016.100000,6,1643,835.129,996.112,-43.0824,0,0,0,1615.2,-1298.07,56.2057,1155.19,67.0402,2703.56,2.93338e+22
20230101T000016.100000,6,1644,6795.39,5802.95,617.621,0,0,0,54268.6,-62760.5,-6711.82,74168,-5731.58,127763,1.82744e+14
20230101T000016.100000,4,1481,6672.19,-3249.92,-262.107,1.2171,-0.757331,-1.59368,536.868,968.304,75.719,2053.83,-36.8719,2522.55,0
20230101T000016.100000,3,1504,1818.87,-1221.17,185.29,0,0,0,2500,0,0,2500,0,2500,0
20230101T000016.100000,3,1505,7643.27,-9168.51,-2512.96,0,0,0,2500,0,0,2500,0,2500,0
20230101T000016.100000,3,1506,8271.05,-4786.92,257.662,0,0,0,2500,0,0,2500,0,2500,0
20230101T000016.100000,3,1507,533.495,42.8579,-48.8496,0,0,0,2500,0,0,2500,0,2500,0
20230101T000016.100000,3,1508,2112.25,1350.54,-68.8295,0,0,0,2500,0,0,2500,0,2500,0
20230101T000016.100000,3,1509,9662.74,4868.21,2436.58,0,0,0,2500,0,0,2500,0,2500,0
20230101T000016.100000,3,1510,7351.87,4768.59,1855.7,0,0,0,2500,0,0,2500,0,2500,0
20230101T000016.100000,3,1511,835.129,996.112,-43.0824,0,0,0,2500,0,0,2500,0,2500,0
20230101T000016.100000,3,1512,6795.39,5802.95,617.621,0,0,0,2500,0,0,2500,0,2500,0
20230101T000016.200000,6,1645,8174.02,-5605.17,-1444.08,0,0,0,52580.7,71721.3,18878.8,107991,-12945.8,157173,1.1675e+14
20230101T000016.200000,6,1646,6551.29,-5604.78,1008.42,0,0,0,51237.6,57914.8,-10564.7,69385.4,9038.34,118934,1.08477e+14
20230101T000016.200000,6,1647,6419.97,-6469.15,-1379.6,0,0,0,68501.8,64896.9,14164.5,67511.3,-14273,132907,1.0561e+14
20230101T000016.200000,6,1648,10785.3,-3588.97,-141.844,0,0,0,20695.7,61904,2446.96,186125,-814.267,206724,1.20616e+14
20230101T000016.200000,6,1649,3921.99,-2531,-909.343,0,0,0,11227.1,15251.6,5696.2,25018.3,-3675.96,34863.1,2.1678e+14
20230101T000016.200000,6,1650,2070.89,-236.926,-29.1816,0,0,0,154.32,777.659,95.8011,6862.6,-10.9604,6951.58,2.28842e+14
20230101T000016.200000,6,1651,10378,-414.764,-1202.27,0,0,0,2647.32,6792.24,19956,172327,-797.558,172600,1.36152e+14
20230101T000016.200000,6,1652,6787.03,695.384,-828.515,0,0,0,1923,-7433.6,8989.44,73714.2,921.038,74476.8,1.1602e+14
20230101T000016.200000,6,1653,2600.46,1577.67,153.412,0,0,0,4056.64,-6519.24,-635.552,10847.1,-385.582,14802.4,2.25194e+14
20230101T000016.200000,6,1654,10548.5,3407.66,2031.53,0,0,0,24614.9,-55563.6,-34276.7,178664,-11073,196616,1.58747e+14
20230101T000016.200000,6,1655,8088.22,5560.58,-1534.29,0,0,0,52072.2,-70172.8,19847.4,105900,13644.9,154144,3.39167e+14
20230101T000016.200000,6,1656,8228.17,3763.74,1143.96,0,0,0,24448.8,-48734.1,-15053,108698,-6885.58,130991,1.40038e+14
20230101T000016.200000,6,1657,2381.36,1893.64,-134.986,0,0,0,5794.38,-7169.77,512.103,9109.42,407.22,14810.9,2.22798e+14
20230101T000016.200000,6,1658,992.694,838.859,-46.4529,0,0,0,1165.2,-1299.16,72.0367,1604.77,60.8733,2702.68,1.27216e+22
20230101T000016.200000,6,1659,3098.47,2830.47,207.2,0,0,0,12890.8,-13966.2,-1024.88,15421.1,-936.233,28179.5,1.94337e+14
20230101T000016.200000,3,1513,8174.02,-5605.17,-1444.08,0,0,0,2500,0,0,2500,0,2500,0
20230101T000016.200000,3,1514,6551.29,-5604.78,1008.42,0,0,0,2500,0,0,2500,0,2500,0
20230101T000016.200000,3,1515,6419.97,-6469.15,-1379.6,0,0,0,2500,0,0,2500,0,2500,0
20230101T000016.200000,3,1516,10785.3,-3588.97,-141.844,0,0,0,2500,0,0,2500,0,2500,0
20230101T000016.200000,3,1517,3921.99,-2531,-909.343,0,0,0,2500,0,0,2500,0,2500,0
20230101T000016.200000,3,1518,2070.89,-236.926,-29.1816,0,0,0,2500,0,0,2500,0,2500,0
20230101T000016.200000,3,1519,10378,-414.764,-1202.27,0,0,0,2500,0,0,2500,0,2500,0
20230101T000016.200000,3,1520,6787.03,695.384,-828.515,0,0,0,2500,0,0,2500,0,2500,0
20230101T000016.200000,3,1521,2600.46,1577.67,153.412,0,0,0,2500,0,0,2500,0,2500,0
20230101T000016.200000,3,1522,10548.5,3407.66,2031.53,0,0,0,2500,0,0,2500,0,2500,0
20230101T000016.200000,3,1523,8088.22,5560.58,-1534.29,0,0,0,2500,0,0,2500,0,2500,0
20230101T000016.200000,3,1524,8228.17,3763.74,1143.96,0,0,0,2500,0,0,2500,0,2500,0
20230101T000016.200000,3,1525,2381.36,1893.64,-134.986,0,0,0,2500,0,0,2500,0,2500,0
20230101T000016.200000,3,1526,992.694,838.859,-46.4529,0,0,0,2500,0,0,2500,0,2500,0
20230101T000016.200000,3,1527,3098.47,2830.47,207.2,0,0,0,2500,0,0,2500,0,2500,0
20230101T000016.300000,6,1660,2129.03,-2388.12,239.95,0,0,0,9193.94,8057.62,-814.201,7339.22,913.283,16377.7,1.0602e+14
20230101T000016.300000,6,1661,2943.64,-2934.89,-400.901,0,0,0,13942.5,13662.6,1883.85,14023.9,-1878.25,27646.4,7.5268e+14
20230101T000016.300000,6,1662,4223.78,-5469.72,-775.603,0,0,0,48251.8,36468.5,5237.22,29187,-6782.12,76413.9,2.15617e+14
20230101T000016.300000,6,1663,4122.66,-4561.01,1311.33,0,0,0,34549.1,28686.5,-8641.12,28742,9559.9,60481.4,1.6968e+14
20230101T000016.300000,6,1664,2741.81,-1356.99,124.269,0,0,0,3017.46,5917.77,-542.83,12045.5,268.661,14974.5,1.30796e+14
20230101T000016.300000,6,1665,2188.4,-1376.03,151.06,0,0,0,3101.39,4772.88,-525.773,7690.98,330.596,10692.3,1.39356e+14
20230101T000016.300000,6,1666,419.332,-246.005,48.5019,0,0,0,146.773,135.752,-27.0886,298.532,15.8917,378.803,1.64894e+14
20230101T000016.300000,6,1667,9297.33,-1827.44,-1691.44,0,0,0,9810.3,26306.5,25150.6,138477,-4943.5,143650,1.78616e+14
20230101T000016.300000,6,1668,6626.14,-677.692,59.1519,0,0,0,803.698,7177.72,-626.553,70249.9,64.081,70984,2.64549e+14
20230101T000016.300000,6,1669,1126.01,649.196,-44.6596,0,0,0,724.701,-1140.56,78.5568,2045.39,45.2914,2703.06,1.88582e+22
20230101T000016.300000,6,1670,4700.94,1940.87,-344.675,0,0,0,6243.99,-14508.7,2588.48,35395.2,1068.7,41385.7,1.29897e+14
20230101T000016.300000,4,1497,419.932,-244.905,43.0487,10.4517,-7.65023,6.87122,115.278,92.1553,-7.69084,225.023,4.37157,277.463,0
20230101T000016.300000,4,1500,4601.02,2079.36,-709.657,-9.7236,-7.74929,8.38053,532.522,-920.295,323.616,2138.76,147.104,2508.7,0
20230101T000016.300000,3,1528,2129.03,-2388.12,239.95,0,0,0,2500,0,0,2500,0,2500,0
20230101T000016.300000,3,1529,2943.64,-2934.89,-400.901,0,0,0,2500,0,0,2500,0,2500,0
20230101T000016.300000,3,1530,4223.78,-5469.73,-775.603,0,0,0,2500,0,0,2500,0,2500,0
20230101T000016.300000,3,1531,4122.66,-4561.01,1311.33,0,0,0,2500,0,0,2500,0,2500,0
20230101T000016.300000,3,1532,2741.81,-1356.99,124.269,0,0,0,2500,0,0,2500,0,2500,0
20230101T000016.300000,3,1533,2188.4,-1376.03,151.06,0,0,0,2500,0,0,2500,0,2500,0
20230101T000016.300000,3,1534,9297.34,-1827.44,-1691.44,0,0,0,2500,0,0,2500,0,2500,0
20230101T000016.300000,3,1535,6626.14,-677.692,59.1519,0,0,0,2500,0,0,2500,0,2500,0
20230101T000016.300000,3,1536,1126.01,649.196,-44.6596,0,0,0,2500,0,0,2500,0,2500,0
20230101T000016.400000,6,1671,4666.84,-3223.61,-366.91,0,0,0,16815.6,23940,2736.31,34937.2,-1890.1,51474,1.2488e+14
20230101T000016.400000,6,1672,3311.05,-1179.99,138.818,0,0,0,2311.86,6221.26,-733.037,17551.6,261.239,19768.8,1.43643e+14
20230101T000016.400000,6,1673,5789.6,-3169.58,1666.42,0,0,0,19538.8,27464.1,-15423.3,54669.6,8443.66,69708.9,1.98404e+14
20230101T000016.400000,6,1674,5655.2,-1945.07,-1066.33,0,0,0,7735.55,17021,9638.02,51369.1,-3314.93,57225.3,1.75022e+14
20230101T000016.400000,6,1675,5183.51,-2162.78,-151.734,0,0,0,7570.06,17901.5,1256.82,43004.9,-524.402,50474.2,7.49225e+13
20230101T000016.400000,6,1676,8574.9,612.344,-197.367,0,0,0,725.596,-8392.29,2706.37,117647,193.266,118246,1.37445e+14
20230101T000016.400000,6,1677,8681.15,521.643,-1065.68,0,0,0,2308.76,-7132.97,14794.5,120587,888.986,121016,1.51499e+14
20230101T000016.400000,6,1678,1220.52,447.156,-44.5823,0,0,0,379.081,-851.547,85.0033,2391.42,31.1422,2703.48,2.47886e+22
20230101T000016.400000,6,1679,3645.05,1778.55,965.768,0,0,0,6315.46,-9760.63,-5619.48,21556.8,-2741.94,26322.8,2.66688e+14
20230101T000016.400000,6,1680,7264.07,3416.25,-164.791,0,0,0,18761.2,-39664.1,1914.1,84446.3,900.19,103100,1.91854e+14
20230101T000016.400000,6,1681,5256.03,2878.52,450.184,0,0,0,13555.8,-24043.9,-3781.7,44290.9,-2071.09,57459.2,1.18746e+14
20230101T000016.400000,6,1682,3013.14,4568.74,412.095,0,0,0,33499.1,-21871.9,-1984.08,14760.2,-3008.41,47924.3,1.98198e+14
20230101T000016.400000,3,1537,4666.84,-3223.61,-366.91,0,0,0,2500,0,0,2500,0,2500,0
20230101T000016.400000,3,1538,3311.05,-1179.99,138.818,0,0,0,2500,0,0,2500,0,2500,0
20230101T000016.400000,3,1539,5789.6,-3169.58,1666.42,0,0,0,2500,0,0,2500,0,2500,0
20230101T000016.400000,3,1540,5655.2,-1945.07,-1066.33,0,0,0,2500,0,0,2500,0,2500,0
20230101T000016.400000,3,1541,5183.51,-2162.78,-151.734,0,0,0,2500,0,0,2500,0,2500,0
20230101T000016.400000,3,1542,8574.9,612.344,-197.367,0,0,0,2500,0,0,2500,0,2500,0
20230101T000016.400000,3,1543,8681.15,521.643,-1065.68,0,0,0,2500,0,0,2500,0,2500,0
20230101T000016.400000,3,1544,1220.52,447.156,-44.5823,0,0,0,2500,0,0,2500,0,2500,0
20230101T000016.400000,3,1545,3645.05,1778.55,965.768,0,0,0,2500,0,0,2500,0,2500,0
20230101T000016.400000,3,1546,7264.07,3416.25,-164.791,0,0,0,2500,0,0,2500,0,2500,0
20230101T000016.400000,3,1547,5256.03,2878.52,450.184,0,0,0,2500,0,0,2500,0,2500,0
20230101T000016.400000,3,1548,3013.14,4568.75,412.095,0,0,0,2500,0,0,2500,0,2500,0
20230101T000016.500000,6,1683,6304.39,-5293.22,1607.17,0,0,0,47289.3,51327.3,-16202.4,65326.8,13603.7,108424,2.35605e+14
20230101T000016.500000,6,1684,10527.9,-4136.25,1970.26,0,0,0,32808.1,67538.8,-33178.3,178178,13035.2,204715,4.07764e+14
20230101T000016.500000,6,1685,4765.38,-1544.5,-258.398,0,0,0,3971.23,11726.2,1967.05,36350.4,-637.54,40151.1,1.26146e+14
20230101T000016.500000,6,1686,1279.77,227.005,-45.933,0,0,0,147.693,-453.249,91.8294,2622.54,16.2887,2703.02,3.24439e+22
20230101T000016.500000,6,1687,7374.67,153.229,-137.831,0,0,0,131.899,-1806.06,1625.14,87017.3,33.7667,87054.9,1.22841e+14
20230101T000016.500000,6,1688,5521.9,728.159,-33.4033,0,0,0,913.004,-6424.79,294.739,48787.4,38.8665,49634.6,1.2091e+14
20230101T000016.500000,6,1689,6659.44,3167.63,-1005.81,0,0,0,17425.5,-33099.2,10709.3,71267.3,5093.98,87012.5,9.77697e+13
20230101T000016.500000,6,1690,7941.94,3472.33,708.071,0,0,0,20018.2,-43805.5,-8992.77,101058,-3931.77,120211,1.3836e+14
20230101T000016.500000,6,1691,6013.35,3887.11,281.295,0,0,0,24309.8,-37312.5,-2704.33,57912.8,-1748.12,82032.2,2.082e+14
20230101T000016.500000,3,1549,6304.39,-5293.22,1607.17,0,0,0,2500,0,0,2500,0,2500,0
20230101T000016.500000,3,1550,10527.9,-4136.25,1970.26,0,0,0,2500,0,0,2500,0,2500,0
20230101T000016.500000,3,1551,4765.38,-1544.5,-258.398,0,0,0,2500,0,0,2500,0,2500,0
20230101T000016.500000,3,1552,1279.77,227.005,-45.933,0,0,0,2500,0,0,2500,0,2500,0
20230101T000016.500000,3,1553,7374.67,153.229,-137.831,0,0,0,2500,0,0,2500,0,2500,0
20230101T000016.500000,3,1554,5521.9,728.159,-33.4033,0,0,0,2500,0,0,2500,0,2500,0
20230101T000016.500000,3,1555,6659.44,3167.63,-1005.81,0,0,0,2500,0,0,2500,0,2500,0
20230101T000016.500000,3,1556,7941.94,3472.33,708.071,0,0,0,2500,0,0,2500,0,2500,0
20230101T000016.500000,3,1557,6013.35,3887.11,281.295,0,0,0,2500,0,0,2500,0,2500,0
20230101T000016.600000,6,1692,2903.75,-2198.35,-209.454,0,0,0,7817.52,10149,970.198,13539.6,-734.509,21223.4,1.10739e+14
20230101T000016.600000,6,1693,3785.34,-3311.59,171.233,0,0,0,17609.4,20001.9,-1035.44,22974.2,905.853,40472.8,4.09701e+14
20230101T000016.600000,6,1694,7459.72,-2693.76,36.785,0,0,0,11668.6,32130.3,-438.771,89043.6,158.443,100646,1.27439e+14
20230101T000016.600000,6,1695,8243.83,-3312.05,1262.84,0,0,0,19802.5,42782,-16648.7,109100,6688.81,126290,1.01183e+14
20230101T000016.600000,6,1696,1299.82,4.31777,-45.561,0,0,0,67.2718,-8.75637,92.5134,2703.26,0.307313,2703.37,1.43128e+22
20230101T000016.600000,6,1697,12009.7,-300.585,-958.928,0,0,0,1678.46,5737.48,18421.2,230772,-461.055,230916,3.46607e+14
20230101T000016.600000,6,1698,9848.24,679.83,2122.68,0,0,0,7975.38,-10212.7,-33434.3,155215,-2307.99,155923,3.96447e+14
20230101T000016.600000,6,1699,5693.21,1180.29,-433.14,0,0,0,2577.78,-10679.1,3940.89,51875.2,817.01,54089.6,1.84111e+14
20230101T000016.600000,6,1700,3709.46,1638.44,-816.82,0,0,0,5239.89,-9307.11,4836.61,22200.5,2136.29,26313.9,2.47648e+14
20230101T000016.600000,6,1701,5619.38,1530.88,-269.04,0,0,0,3917.03,-13718.6,2416.09,50536.2,658.216,54273.7,1.96327e+14
20230101T000016.600000,6,1702,2982.5,2690.68,-556.481,0,0,0,11891.4,-12562.3,2649.06,14483,2389.87,25817.3,1.1666e+14
20230101T000016.600000,6,1703,3430.57,2693.49,1017.13,0,0,0,12669.4,-13950.9,-5571.8,19484.5,-4374.66,30441.3,1.21565e+14
20230101T000016.600000,6,1704,64.4731,49.5026,4.86332,0,0,0,44.0647,25.7161,2.52465,30.3165,1.93843,10.7999,1.6214e+14
20230101T000016.600000,6,1705,6692.92,5373.09,1917.51,0,0,0,49806.6,-54637,-20523.3,74001.7,-16476.2,117867,1.50191e+14
20230101T000016.600000,6,1706,5308.04,3620.37,557.181,0,0,0,21353.7,-30486.5,-4727.52,45258.4,-3224.42,66052.3,1.99642e+14
20230101T000016.600000,3,1558,2903.75,-2198.35,-209.454,0,0,0,2500,0,0,2500,0,2500,0
20230101T000016.600000,3,1559,3785.34,-3311.59,171.233,0,0,0,2500,0,0,2500,0,2500,0
20230101T000016.600000,3,1560,7459.72,-2693.76,36.785,0,0,0,2500,0,0,2500,0,2500,0
20230101T000016.600000,3,1561,8243.83,-3312.05,1262.84,0,0,0,2500,0,0,2500,0,2500,0
20230101T000016.600000,3,1562,1299.82,4.31777,-45.561,0,0,0,2500,0,0,2500,0,2500,0
20230101T000016.600000,3,1563,12009.7,-300.585,-958.928,0,0,0,2500,0,0,2500,0,2500,0
20230101T000016.600000,3,1564,9848.24,679.83,2122.68,0,0,0,2500,0,0,2500,0,2500,0
20230101T000016.600000,3,1565,5693.21,1180.29,-433.14,0,0,0,2500,0,0,2500,0,2500,0
20230101T000016.600000,3,1566,3709.46,1638.44,-816.82,0,0,0,2500,0,0,2500,0,2500,0
20230101T000016.600000,3,1567,5619.38,1530.88,-269.04,0,0,0,2500,0,0,2500,0,2500,0
20230101T000016.600000,3,1568,2982.5,2690.68,-556.481,0,0,0,2500,0,0,2500,0,2500,0
20230101T000016.600000,3,1569,3430.57,2693.49,1017.13,0,0,0,2500,0,0,2500,0,2500,0
20230101T000016.600000,3,1570,64.4731,49.5026,4.86332,0,0,0,2500,0,0,2500,0,2500,0
20230101T000016.600000,3,1571,6692.92,5373.09,1917.51,0,0,0,2500,0,0,2500,0,2500,0
20230101T000016.600000,3,1572,5308.04,3620.37,557.181,0,0,0,2500,0,0,2500,0,2500,0
20230101T000016.700000,6,1707,2996.85,-3214.32,150.159,0,0,0,16577.5,15362.7,-718.517,14423.3,770.656,30900.8,1.43302e+14
20230101T000016.700000,6,1708,5319.38,-3519.28,-701.875,0,0,0,20408.7,29560.8,5967.86,45532.6,-3948.31,65090.6,1.6829e+14
20230101T000016.700000,6,1709,3380.77,-4226.93,-339.011,0,0,0,28683.7,22743.6,1831.3,18438.4,-2289.65,46874.7,1.05268e+14
20230101T000016.700000,6,1710,1279.94,-226.27,-42.2184,0,0,0,146.678,451.932,84.4144,2623.22,-14.9229,2703.18,1.9154e+22
20230101T000016.700000,6,1711,9073.28,-1704.94,-195.864,0,0,0,4771.97,24728.2,2842.08,131723,-534.048,136370,1.62722e+14
20230101T000016.700000,6,1712,4463.83,-1366.82,816.243,0,0,0,4020.54,9446.21,-5819.33,31977.9,1781.88,34872.2,3.28186e+14
20230101T000016.700000,6,1713,1280.56,-222.836,-42.9084,0,0,0,144.36,445.273,85.8358,2625.71,-14.9366,2703.26,1.89435e+22
20230101T000016.700000,6,1714,10233.8,376.179,-1319.06,0,0,0,3069.41,-6055.09,21590.3,167573,793.628,167797,9.47423e+13
20230101T000016.700000,6,1715,12016.7,2328.88,-1836.62,0,0,0,13940,-43757.1,35303.1,231241,6841.86,239722,5.42211e+14
20230101T000016.700000,6,1716,7168.26,110.858,-431.998,0,0,0,381.94,-1265.85,4950.83,82214.4,76.565,82234.2,2.03603e+14
20230101T000016.700000,6,1717,6548.8,-539.149,870.738,0,0,0,1732.49,5544.9,-9115.35,68627.4,750.447,69085,2.06013e+14
20230101T000016.700000,6,1718,7284.44,3112.96,-389.41,0,0,0,15763.9,-36171.1,4535.72,84948.1,1938.31,100406,1.17686e+14
20230101T000016.700000,6,1719,5350.17,2315.41,-445.098,0,0,0,8898.36,-19681.8,3805.7,45859,1647.01,54377.1,1.88433e+14
20230101T000016.700000,6,1720,3236.82,2848.99,-416.082,0,0,0,13178.6,-14585.8,2150.26,16911.8,1892.62,29750.5,1.10278e+14
20230101T000016.700000,6,1721,7195.55,7621.44,-1982.29,0,0,0,95930.3,-84575.5,22813.9,86198.3,24164.2,175782,1.72128e+14
20230101T000016.700000,6,1722,5051.67,6070.77,-729.089,0,0,0,59340.7,-48618.6,5889.24,41371,7077.3,99798.3,1.2567e+14
20230101T000016.700000,6,1723,6805.86,6517.39,-1794.14,0,0,0,70681.1,-68366.7,19528.6,76604.7,18700.8,142076,2.18259e+14
20230101T000016.700000,4,1546,7180.73,3368.89,-168.739,-22.9385,-13.0353,-1.08662,532.937,-997.915,48.1374,2185.52,22.6387,2653.77,0
20230101T000016.700000,3,1573,2996.85,-3214.32,150.159,0,0,0,2500,0,0,2500,0,2500,0
20230101T000016.700000,3,1574,5319.38,-3519.28,-701.875,0,0,0,2500,0,0,2500,0,2500,0
20230101T000016.700000,3,1575,3380.77,-4226.93,-339.011,0,0,0,2500,0,0,2500,0,2500,0
20230101T000016.700000,3,1576,1279.94,-226.27,-42.2184,0,0,0,2500,0,0,2500,0,2500,0
20230101T000016.700000,3,1577,9073.28,-1704.94,-195.864,0,0,0,2500,0,0,2500,0,2500,0
20230101T000016.700000,3,1578,4463.83,-1366.82,816.243,0,0,0,2500,0,0,2500,0,2500,0
20230101T000016.700000,3,1579,1280.56,-222.836,-42.9084,0,0,0,2500,0,0,2500,0,2500,0
20230101T000016.700000,3,1580,10233.8,376.179,-1319.06,0,0,0,2500,0,0,2500,0,2500,0
20230101T000016.700000,3,1581,12016.7,2328.88,-1836.62,0,0,0,2500,0,0,2500,0,2500,0
20230101T000016.700000,3,1582,7168.26,110.858,-431.998,0,0,0,2500,0,0,2500,0,2500,0
20230101T000016.700000,3,1583,6548.8,-539.149,870.738,0,0,0,2500,0,0,2500,0,2500,0
20230101T000016.700000,3,1584,5350.17,2315.41,-445.098,0,0,0,2500,0,0,2500,0,2500,0
20230101T000016.700000,3,1585,3236.82,2848.99,-416.082,0,0,0,2500,0,0,2500,0,2500,0
20230101T000016.700000,3,1586,7195.55,7621.44,-1982.29,0,0,0,2500,0,0,2500,0,2500,0
20230101T000016.700000,3,1587,5051.67,6070.77,-729.089,0,0,0,2500,0,0,2500,0,2500,0
20230101T000016.700000,3,1588,6805.86,6517.39,-1794.14,0,0,0,2500,0,0,2500,0,2500,0
20230101T000016.800000,6,1724,7613.51,-6615.85,2130.97,0,0,0,74205.8,76964.1,-25949,95897.2,22548.6,162779,1.34328e+14
20230101T000016.800000,6,1725,5841.16,-4726.53,391.504,0,0,0,35930.9,44022.3,-3656.35,54712.9,2958.64,90334.9,1.08274e+14
20230101T000016.800000,6,1726,4197.2,-4812.8,-1111.08,0,0,0,37941,31311.3,7454.38,29343.6,-8547.71,65249.1,2.69585e+14
20230101T000016.800000,6,1727,2972.03,-4181.09,57.4776,0,0,0,27993.7,19849.4,-272.905,14178.8,383.926,42103.2,1.16233e+14
20230101T000016.800000,6,1728,1222.71,-440.96,-45.1261,0,0,0,370.563,841.224,86.1939,2399.75,-31.0852,2703.21,5.78177e+20
20230101T000016.800000,6,1729,11282.5,-431.58,-513.878,0,0,0,783.688,7772.33,9273.64,203674,-354.736,203971,2.24486e+14
20230101T000016.800000,6,1730,3881.33,241.292,393.043,0,0,0,402.484,-1479.22,-2434.46,24104.8,-151.343,24197.4,1.4703e+14
20230101T000016.800000,6,1731,8516.24,5215.34,-515.612,0,0,0,43875.5,-70846.3,7022.9,116175,4300.82,159562,8.50543e+13
20230101T000016.800000,6,1732,7853.91,2216.2,1864.98,0,0,0,13069.4,-26379,-23422.4,99109.2,-6609.3,106556,2.64019e+14
20230101T000016.800000,6,1733,8382.13,3796.38,-1451.71,0,0,0,25909.8,-49624.1,19460.5,113001,8813.92,135478,2.01104e+14
20230101T000016.800000,6,1734,6486.05,2967.45,-94.2159,0,0,0,14153.8,-30765.6,976.974,67323.7,446.977,81399.3,1.25766e+14
20230101T000016.800000,6,1735,2484.47,2737.53,-23.6456,0,0,0,12019.8,-10849.8,93.7196,9911.73,103.265,21866.6,9.74344e+13
20230101T000016.800000,6,1736,77.0189,59.8121,6.24716,0,0,0,45.5226,23.5365,2.45515,33.4933,1.90664,15.4766,7.09143e+13
20230101T000016.800000,6,1737,5248.81,5788.17,558.395,0,0,0,53858.4,-48329.6,-4686.4,44388.7,-5167.97,97684.9,1.99678e+14
20230101T000016.800000,6,1738,6498.37,5650.2,-592.015,0,0,0,51435.3,-58438.2,6152.11,67835,5349.14,118646,1.23497e+14
20230101T000016.800000,4,1570,76.7698,59.506,6.15391,2.36477,1.92372,0.248192,43.0849,24.9966,2.45398,29.7213,1.88417,10.7515,0
20230101T000016.800000,3,1589,7613.51,-6615.85,2130.97,0,0,0,2500,0,0,2500,0,2500,0
20230101T000016.800000,3,1590,5841.16,-4726.53,391.504,0,0,0,2500,0,0,2500,0,2500,0
20230101T000016.800000,3,1591,4197.2,-4812.8,-1111.08,0,0,0,2500,0,0,2500,0,2500,0
20230101T000016.800000,3,1592,2972.03,-4181.09,57.4776,0,0,0,2500,0,0,2500,0,2500,0
20230101T000016.800000,3,1593,1222.71,-440.96,-45.1261,0,0,0,2500,0,0,2500,0,2500,0
20230101T000016.800000,3,1594,11282.5,-431.58,-513.878,0,0,0,2500,0,0,2500,0,2500,0
20230101T000016.800000,3,1595,3881.33,241.292,393.043,0,0,0,2500,0,0,2500,0,2500,0
20230101T000016.800000,3,1596,8516.24,5215.34,-515.612,0,0,0,2500,0,0,2500,0,2500,0
20230101T000016.800000,3,1597,7853.91,2216.2,1864.98,0,0,0,2500,0,0,2500,0,2500,0
20230101T000016.800000,3,1598,8382.13,3796.38,-1451.71,0,0,0,2500,0,0,2500,0,2500,0
20230101T000016.800000,3,1599,6486.05,2967.45,-94.2159,0,0,0,2500,0,0,2500,0,2500,0
20230101T000016.800000,3,1600,2484.47,2737.53,-23.6456,0,0,0,2500,0,0,2500,0,2500,0
20230101T000016.800000,3,1601,5248.81,5788.17,558.395,0,0,0,2500,0,0,2500,0,2500,0
20230101T000016.800000,3,1602,6498.37,5650.2,-592.015,0,0,0,2500,0,0,2500,0,2500,0
20230101T000016.900000,6,1739,1852.36,-1090.67,-25.0159,0,0,0,1951.56,3204.08,73.4999,5506.72,-43.2767,7393.29,3.80497e+14
20230101T000016.900000,6,1740,1129.12,-643.863,-47.6266,0,0,0,714.265,1134.14,84.0076,2056.44,-47.9039,2703.25,2.50008e+20
20230101T000016.900000,6,1741,9683.23,-2872.89,-962.461,0,0,0,14626.2,44088.8,14905.8,150149,-4422.36,163230,1.12849e+14
20230101T000016.900000,6,1742,9656.36,5238.94,-2585.79,0,0,0,52226.5,-76432.9,39938.4,151639,21668.1,193110,2.31995e+14
20230101T000016.900000,6,1743,5478.62,2431.9,-430.169,0,0,0,9763.16,-21184.1,3766.59,48083.6,1671.95,57487.4,1.09685e+14
20230101T000016.900000,6,1744,6659.55,8844.62,654.161,0,0,0,125435,-93882.3,-6968,71437,-9254.28,196123,2.58339e+14
20230101T000016.900000,6,1745,8572.97,6149.71,-1459.39,0,0,0,62801.7,-82710.4,20011,118772,14354.6,178105,2.26682e+14
20230101T000016.900000,6,1746,5726.28,6103.66,-169.199,0,0,0,59658.9,-55867.3,1549.33,52522.9,1651.43,112072,1.6548e+14
20230101T000016.900000,6,1747,4561.26,4775.64,-1438.06,0,0,0,38098.4,-33169.5,10485.8,35050.4,10978.6,69781.8,1.72892e+14
20230101T000016.900000,3,1603,1852.36,-1090.67,-25.0159,0,0,0,2500,0,0,2500,0,2500,0
20230101T000016.900000,3,1604,1129.12,-643.863,-47.6266,0,0,0,2500,0,0,2500,0,2500,0
20230101T000016.900000,3,1605,9683.23,-2872.89,-962.461,0,0,0,2500,0,0,2500,0,2500,0
20230101T000016.900000,3,1606,9656.36,5238.94,-2585.79,0,0,0,2500,0,0,2500,0,2500,0
20230101T000016.900000,3,1607,5478.62,2431.9,-430.169,0,0,0,2500,0,0,2500,0,2500,0
20230101T000016.900000,3,1608,6659.55,8844.62,654.161,0,0,0,2500,0,0,2500,0,2500,0
20230101T000016.900000,3,1609,8572.97,6149.71,-1459.39,0,0,0,2500,0,0,2500,0,2500,0
20230101T000016.900000,3,1610,5726.28,6103.66,-169.199,0,0,0,2500,0,0,2500,0,2500,0
20230101T000016.900000,3,1611,4561.26,4775.64,-1438.06,0,0,0,2500,0,0,2500,0,2500,0
20230101T000017,6,1748,2102.03,-2169.84,669.465,0,0,0,7909.82,6908.86,-2242.18,7471.07,2314.5,14605.8,2.96373e+14
20230101T000017,6,1749,1665.72,-1812.73,479.235,0,0,0,5454.02,4617.4,-1269.11,4672.08,1381.12,9699.31,2.05947e+14
20230101T000017,6,1750,994.815,-836.578,-41.0526,0,0,0,1158.81,1298.76,63.7981,1611.05,-53.6502,2703.3,3.33931e+20
20230101T000017,6,1751,2775.04,-2588.74,-347.483,0,0,0,10859.7,11366.1,1538.6,12440.8,-1435.3,23044.3,1.07897e+14
20230101T000017,6,1752,7984.55,-7076.82,552.316,0,0,0,80439.4,90134.4,-7053.52,102248,6251.64,182135,1.52588e+14
20230101T000017,6,1753,5737.67,-5376.57,-749.063,0,0,0,46763.8,48878.9,6872.2,53122.8,-6439.7,98926.1,9.14738e+13
20230101T000017,6,1754,3935.09,-3258.67,216.903,0,0,0,17072.9,20448.7,-1363.56,24832.6,1129.18,41766.4,1.41148e+14
20230101T000017,6,1755,9256.51,-5075.67,1641.4,0,0,0,44582.1,73329.1,-24301.3,138104,13325.2,178314,1.52701e+14
20230101T000017,6,1756,7183.5,-4804.52,1675.13,0,0,0,40078.2,53118,-19243.4,83970.9,12870.5,119500,9.54774e+14
20230101T000017,6,1757,4431.57,-183.757,-393.201,0,0,0,364.365,1290.06,2782.37,31422.6,-115.372,31476.6,5.86027e+14
20230101T000017,6,1758,5172.54,129.856,-622.828,0,0,0,710.299,-1057.54,5146.97,42808.6,129.215,42836.1,1.22729e+14
20230101T000017,6,1759,1753.7,1058.29,-387.491,0,0,0,2013.35,-2835.86,1077.26,5001.37,650.083,6714.91,1.25003e+14
20230101T000017,6,1760,11206.5,5108.21,-1652.65,0,0,0,45420.4,-89919.2,29625,201700,13503.9,242688,1.14875e+14
20230101T000017,6,1761,6656.08,2519.32,-31.5994,0,0,0,10212.5,-26808.3,336.259,70893.7,127.273,81040.6,1.03177e+14
20230101T000017,6,1762,9434.95,2530.39,-617.666,0,0,0,10873.5,-38029.9,9320.34,142474,2499.65,152674,1.9255e+14
20230101T000017,6,1763,6009.08,9334.03,-2994.79,0,0,0,143621,-83183.8,28784.8,67961.9,44712,197177,1.4605e+14
20230101T000017,4,1599,6477.8,2947.34,-92.0705,-1.58705,-3.8659,0.412585,488.102,-929.399,29.5085,2094.31,13.5005,2519.11,0
20230101T000017,3,1612,2102.03,-2169.84,669.465,0,0,0,2500,0,0,2500,0,2500,0
20230101T000017,3,1613,1665.72,-1812.73,479.235,0,0,0,2500,0,0,2500,0,2500,0
20230101T000017,3,1614,994.815,-836.578,-41.0526,0,0,0,2500,0,0,2500,0,2500,0
20230101T000017,3,1615,2775.04,-2588.74,-347.483,0,0,0,2500,0,0,2500,0,2500,0
20230101T000017,3,1616,7984.55,-7076.82,552.316,0,0,0,2500,0,0,2500,0,2500,0
20230101T000017,3,1617,5737.67,-5376.57,-749.063,0,0,0,2500,0,0,2500,0,2500,0
20230101T000017,3,1618,3935.09,-3258.67,216.903,0,0,0,2500,0,0,2500,0,2500,0
20230101T000017,3,1619,9256.51,-5075.67,1641.4,0,0,0,2500,0,0,2500,0,2500,0
20230101T000017,3,1620,7183.5,-4804.52,1675.13,0,0,0,2500,0,0,2500,0,2500,0
20230101T000017,3,1621,4431.57,-183.757,-393.201,0,0,0,2500,0,0,2500,0,2500,0
20230101T000017,3,1622,5172.54,129.856,-622.828,0,0,0,2500,0,0,2500,0,2500,0
20230101T000017,3,1623,1753.7,1058.29,-387.491,0,0,0,2500,0,0,2500,0,2500,0
20230101T000017,3,1624,11206.5,5108.21,-1652.65,0,0,0,2500,0,0,2500,0,2500,0
20230101T000017,3,1625,9434.95,2530.39,-617.666,0,0,0,2500,0,0,2500,0,2500,0
20230101T000017,3,1626,6009.08,9334.03,-2994.79,0,0,0,2500,0,0,2500,0,2500,0
20230101T000017.100000,6,1764,2920.02,-3760.81,753.975,0,0,0,22995.5,17099.8,-3516.53,14248.9,4529.08,36273.9,1.80979e+14
20230101T000017.100000,6,1765,4384.72,-3075.93,-443.643,0,0,0,15391.8,21401.4,3108.09,30886,-2180.36,45899.8,1.44549e+14
20230101T000017.100000,6,1766,6267.66,-1189.83,-1541.75,0,0,0,5994.36,11224,15446.7,62988.2,-2932.34,65122.4,1.68064e+14
20230101T000017.100000,6,1767,11753.6,1239,-339.677,0,0,0,2702.02,-23274.5,6386.06,221039,673.183,223492,1.11397e+14
20230101T000017.100000,6,1768,80.6779,2.27785,10.8086,0,0,0,63.0174,1.48495,7.02123,10.4645,0.198236,11.5502,1.13954e+14
20230101T000017.100000,6,1769,7483.43,1273.13,-685.443,0,0,0,3385.65,-15109,8201.5,89625.8,1395.29,92196.8,1.48502e+14
20230101T000017.100000,6,1770,5443.23,161.498,-537.547,0,0,0,566.982,-1390.93,4675.34,47406.5,138.715,47448.4,1.35451e+14
20230101T000017.100000,6,1771,9829.75,4467.31,720.87,0,0,0,32672.9,-69922.9,-11333.7,154752,-5150.8,186530,4.45625e+14
20230101T000017.100000,6,1772,832.166,983.309,178.025,0,0,0,1594.4,-1253.27,-231.427,1174.14,-273.46,2656.24,2.79613e+21
20230101T000017.100000,6,1773,2847.26,2720.93,529.648,0,0,0,12113,-12140,-2406.76,13215.3,-2299.98,24817.8,2.60424e+14
20230101T000017.100000,6,1774,7438.25,8562.83,-1146.6,0,0,0,118247,-100835,13641.8,89759,15704.3,205840,1.3747e+14
20230101T000017.100000,6,1775,6247.49,4604.4,-495.457,0,0,0,34216.6,-45807.5,4949.3,62610.5,3647.63,96370.8,6.54769e+14
20230101T000017.100000,3,1627,2920.02,-3760.81,753.975,0,0,0,2500,0,0,2500,0,2500,0
20230101T000017.100000,3,1628,4384.72,-3075.93,-443.643,0,0,0,2500,0,0,2500,0,2500,0
20230101T000017.100000,3,1629,6267.66,-1189.83,-1541.75,0,0,0,2500,0,0,2500,0,2500,0
20230101T000017.100000,3,1630,11753.6,1239,-339.677,0,0,0,2500,0,0,2500,0,2500,0
20230101T000017.100000,3,1631,80.6779,2.27785,10.8086,0,0,0,2500,0,0,2500,0,2500,0
20230101T000017.100000,3,1632,7483.43,1273.13,-685.443,0,0,0,2500,0,0,2500,0,2500,0
20230101T000017.100000,3,1633,5443.23,161.498,-537.547,0,0,0,2500,0,0,2500,0,2500,0
20230101T000017.100000,3,1634,9829.75,4467.31,720.87,0,0,0,2500,0,0,2500,0,2500,0
20230101T000017.100000,3,1635,832.166,983.309,178.025,0,0,0,2500,0,0,2500,0,2500,0
20230101T000017.100000,3,1636,2847.26,2720.93,529.648,0,0,0,2500,0,0,2500,0,2500,0
20230101T000017.100000,3,1637,7438.25,8562.83,-1146.6,0,0,0,2500,0,0,2500,0,2500,0
20230101T000017.100000,3,1638,6247.49,4604.4,-495.457,0,0,0,2500,0,0,2500,0,2500,0
20230101T000017.200000,6,1776,2556.95,-3614.93,-131.541,0,0,0,20938.9,14745.9,537.055,10521.9,-759.27,31369.2,1.52985e+14
20230101T000017.200000,6,1777,3195.93,-3667.33,725.994,0,0,0,21910,18304.1,-3706.22,16857.2,4252.89,37862.6,1.83595e+14
20230101T000017.200000,6,1778,2167.4,-1087.6,89.1969,0,0,0,1953.82,3740.9,-307.219,7531.61,154.162,9408.87,8.74992e+13
20230101T000017.200000,6,1779,11480.1,860.542,-206.158,0,0,0,1316.1,-15796.8,3785.61,210871,283.767,212055,1.2847e+14
20230101T000017.200000,6,1780,10817.8,915.079,-1247.59,0,0,0,3875.2,-15624.2,21586.8,187258,1826.02,188581,1.62905e+14
20230101T000017.200000,6,1781,16.1464,0.453511,2.08,0,0,0,62.9137,1.75536,8.04994,0.466762,0.226102,1.46138,1.72554e+14
20230101T000017.200000,6,1782,7542.54,-288.439,-361.369,0,0,0,405.51,3470.48,4357.97,91024.2,-166.655,91157.1,8.97965e+13
20230101T000017.200000,6,1783,992.734,819.134,187.533,0,0,0,1144.33,-1242.7,-290.83,1625.01,-239.972,2651.73,1.25575e+22
20230101T000017.200000,4,1627,2991.87,-3824.74,766.186,7.11343,-6.32935,1.209,1517.45,1086.01,-218.092,961.949,280.889,2308.12,0
20230101T000017.200000,4,1631,17.7859,0.490401,1.96868,-6.22695,-0.176975,-0.875242,61.4636,1.44229,6.81902,10.4205,0.192527,11.4787,0
20230101T000017.200000,3,1639,2556.95,-3614.93,-131.541,0,0,0,2500,0,0,2500,0,2500,0
20230101T000017.200000,3,1640,2167.4,-1087.6,89.1969,0,0,0,2500,0,0,2500,0,2500,0
20230101T000017.200000,3,1641,11480.1,860.542,-206.158,0,0,0,2500,0,0,2500,0,2500,0
20230101T000017.200000,3,1642,10817.8,915.079,-1247.59,0,0,0,2500,0,0,2500,0,2500,0
20230101T000017.200000,3,1643,7542.54,-288.439,-361.369,0,0,0,2500,0,0,2500,0,2500,0
20230101T000017.200000,3,1644,992.734,819.134,187.533,0,0,0,2500,0,0,2500,0,2500,0
20230101T000017.300000,6,1784,7183.51,-8407.13,26.9431,0,0,0,113115,96596.2,-309.572,82602.2,362.304,195652,1.79918e+14
20230101T000017.300000,6,1785,4883.47,-7147.38,366.072,0,0,0,81824.7,55716.9,-2858.8,38347,4184.1,119894,1.63031e+14
20230101T000017.300000,6,1786,5606.83,-1456.45,-495.888,0,0,0,3822.1,12954.5,4443.31,50327.4,-1154.21,53693,2.57012e+14
20230101T000017.300000,6,1787,8536.55,-4651.76,-141.775,0,0,0,34696.3,63495.5,1935.61,116618,-1054.76,151218,1.23448e+14
20230101T000017.300000,6,1788,5721.55,-2494.43,1416.58,0,0,0,12704.5,21636.7,-12955.4,52900.4,5648.17,62336.5,1.76064e+14
20230101T000017.300000,6,1789,1117.08,638.454,189.484,0,0,0,742.717,-1089.39,-330.659,2026.14,-188.985,2650.13,1.01825e+22
20230101T000017.300000,6,1790,8984.32,4655.81,741.752,0,0,0,35426.6,-66541.2,-10658.5,129349,-5523.38,163832,1.01687e+14
20230101T000017.300000,6,1791,7781.53,4527.32,-1822.31,0,0,0,36810.1,-54030.9,22677.9,98242.8,13194.1,129681,1.37181e+14
20230101T000017.300000,6,1792,8786.91,3815.66,-933.824,0,0,0,24522,-53111.6,13123,123767,5698.58,146831,1.09673e+14
20230101T000017.300000,6,1793,8982.17,8139.96,2061.91,0,0,0,109783,-113567,-29624.8,132182,-26847,235103,3.62559e+14
20230101T000017.300000,3,1645,7183.51,-8407.13,26.9431,0,0,0,2500,0,0,2500,0,2500,0
20230101T000017.300000,3,1646,4883.47,-7147.38,366.072,0,0,0,2500,0,0,2500,0,2500,0
20230101T000017.300000,3,1647,5606.83,-1456.45,-495.888,0,0,0,2500,0,0,2500,0,2500,0
20230101T000017.300000,3,1648,8536.55,-4651.76,-141.775,0,0,0,2500,0,0,2500,0,2500,0
20230101T000017.300000,3,1649,5721.55,-2494.43,1416.58,0,0,0,2500,0,0,2500,0,2500,0
20230101T000017.300000,3,1650,1117.08,638.454,189.484,0,0,0,2500,0,0,2500,0,2500,0
20230101T000017.300000,3,1651,8984.32,4655.81,741.752,0,0,0,2500,0,0,2500,0,2500,0
20230101T000017.300000,3,1652,7781.53,4527.32,-1822.31,0,0,0,2500,0,0,2500,0,2500,0
20230101T000017.300000,3,1653,8786.91,3815.66,-933.824,0,0,0,2500,0,0,2500,0,2500,0
20230101T000017.300000,3,1654,8982.17,8139.96,2061.91,0,0,0,2500,0,0,2500,0,2500,0
20230101T000017.400000,6,1794,1721.26,-1985.52,-236.171,0,0,0,6373.17,5392.55,646.681,4827.58,-745.963,11048.5,9.31393e+13
20230101T000017.400000,6,1795,1972.06,-1998.27,-236.839,0,0,0,6464.54,6228.47,743.53,6300.08,-753.411,12611.8,1.26423e+14
20230101T000017.400000,6,1796,9097.68,-8370,611.584,0,0,0,112450,121506,-8900.07,132732,8188.2,244520,2.30232e+14
20230101T000017.400000,6,1797,6735.02,-5350.35,-1580.63,0,0,0,48290.8,55678.5,17024,74147.3,-13524,118381,1.45206e+14
20230101T000017.400000,6,1798,6108.96,-7168.57,457.518,0,0,0,82389.2,69871.2,-4469.92,59942.1,5245.24,141933,1.65092e+14
20230101T000017.400000,6,1799,9893.22,-2604.19,1272.17,0,0,0,13331.5,40569.2,-20129.8,156773,5298.76,167453,2.09592e+14
20230101T000017.400000,6,1800,9982.8,1887.43,-622.995,0,0,0,6360.97,-30022,9946.93,159474,1880.65,165150,1.78745e+14
20230101T000017.400000,6,1801,11777.6,980.94,1682.99,0,0,0,6102.61,-18105,-31705.7,221971,-2640.72,223480,2.91474e+14
20230101T000017.400000,6,1802,11955.2,2104.95,802.987,0,0,0,8151.77,-40077.2,-15355.7,228716,-2703.67,235773,2.6025e+14
20230101T000017.400000,6,1803,11050.1,2016.2,688.72,0,0,0,7300.3,-35501.5,-12172.8,195394,-2221.05,201872,1.60746e+14
20230101T000017.400000,6,1804,1212.41,434.507,179.591,0,0,0,403.439,-806.554,-340.141,2364.93,-121.9,2655.2,1.27029e+22
20230101T000017.400000,6,1805,10054.5,3514.38,-36.8769,0,0,0,19820.4,-56515.8,593.035,161755,207.286,181509,1.89884e+14
20230101T000017.400000,6,1806,7654.08,2499.87,-392.996,0,0,0,10280,-30523,4809.88,93766,1570.94,103735,9.31847e+13
20230101T000017.400000,6,1807,7498.17,7243.31,1286.75,0,0,0,85347.8,-85543.2,-15431.6,91265.2,-14907.1,173902,2.26056e+14
20230101T000017.400000,6,1808,5058.4,3481.55,434.784,0,0,0,19642.4,-28006.7,-3515.18,41057.5,-2419.4,60334,1.7296e+14
20230101T000017.400000,6,1809,5348.43,3316.65,-568.686,0,0,0,18019.8,-28122,4861.65,45930.5,3014.79,63369.9,2.12602e+14
20230101T000017.400000,3,1655,1721.26,-1985.52,-236.171,0,0,0,2500,0,0,2500,0,2500,0
20230101T000017.400000,3,1656,1972.06,-1998.27,-236.839,0,0,0,2500,0,0,2500,0,2500,0
20230101T000017.400000,3,1657,9097.68,-8370,611.584,0,0,0,2500,0,0,2500,0,2500,0
20230101T000017.400000,3,1658,6735.02,-5350.35,-1580.63,0,0,0,2500,0,0,2500,0,2500,0
20230101T000017.400000,3,1659,6108.96,-7168.57,457.518,0,0,0,2500,0,0,2500,0,2500,0
20230101T000017.400000,3,1660,9893.22,-2604.19,1272.17,0,0,0,2500,0,0,2500,0,2500,0
20230101T000017.400000,3,1661,9982.8,1887.43,-622.995,0,0,0,2500,0,0,2500,0,2500,0
20230101T000017.400000,3,1662,11777.6,980.94,1682.99,0,0,0,2500,0,0,2500,0,2500,0
20230101T000017.400000,3,1663,11955.2,2104.95,802.987,0,0,0,2500,0,0,2500,0,2500,0
20230101T000017.400000,3,1664,11050.1,2016.2,688.72,0,0,0,2500,0,0,2500,0,2500,0
20230101T000017.400000,3,1665,1212.41,434.507,179.591,0,0,0,2500,0,0,2500,0,2500,0
20230101T000017.400000,3,1666,10054.5,3514.38,-36.8769,0,0,0,2500,0,0,2500,0,2500,0
20230101T000017.400000,3,1667,7654.08,2499.87,-392.996,0,0,0,2500,0,0,2500,0,2500,0
20230101T000017.400000,3,1668,7498.17,7243.31,1286.75,0,0,0,2500,0,0,2500,0,2500,0
20230101T000017.400000,3,1669,5058.39,3481.55,434.784,0,0,0,2500,0,0,2500,0,2500,0
20230101T000017.400000,3,1670,5348.43,3316.65,-568.686,0,0,0,2500,0,0,2500,0,2500,0
20230101T000017.500000,6,1810,11235.3,-3341.89,-928.239,0,0,0,19194.2,59681.4,16681.6,202088,-4961.89,219841,1.56991e+14
20230101T000017.500000,6,1811,7250.34,-4005.22,614.778,0,0,0,26179,46179.9,-7127.63,84264.2,3937.43,109775,1.13243e+14
20230101T000017.500000,6,1812,1269.23,215.136,185.948,0,0,0,188.772,-417.444,-368.688,2580.79,-62.4933,2652.85,3.44083e+21
20230101T000017.500000,6,1813,4213.97,791.961,-317.78,0,0,0,1221.07,-5298.79,2137.94,28419.7,401.799,29415.9,1.71354e+14
20230101T000017.500000,6,1814,11389.7,2465.57,412.556,0,0,0,10047.6,-44861.6,-7515.99,207574,-1627.02,217285,2.76269e+14
20230101T000017.500000,6,1815,2387.23,2186.64,-359.274,0,0,0,7796.89,-8217.66,1367.1,9241.27,1252.22,16769.2,7.9716e+13
20230101T000017.500000,6,1816,6204.85,5618.83,-524.419,0,0,0,50790.9,-55531.8,5203.35,61827.3,4711.91,112115,9.36261e+13
20230101T000017.500000,6,1817,6372.26,4595.39,639.723,0,0,0,34260.7,-46512,-6518.17,65214.9,-4700.61,98757.7,2.55894e+14
20230101T000017.500000,6,1818,5399.29,4171.29,-112.4,0,0,0,27892.1,-35994.5,970.173,46675.3,749.518,74483.2,8.34855e+13
20230101T000017.500000,6,1819,5008.9,3673.5,1474.15,0,0,0,23891.7,-27753.3,-11802.6,41379.8,-8655.98,61737.3,1.28403e+14
20230101T000017.500000,6,1820,3972.21,2866.82,1000.44,0,0,0,14243.2,-17431.1,-6348.13,25815,-4581.57,38397.9,1.33861e+14
20230101T000017.500000,3,1671,11235.3,-3341.89,-928.239,0,0,0,2500,0,0,2500,0,2500,0
20230101T000017.500000,3,1672,7250.34,-4005.22,614.778,0,0,0,2500,0,0,2500,0,2500,0
20230101T000017.500000,3,1673,1269.23,215.136,185.948,0,0,0,2500,0,0,2500,0,2500,0
20230101T000017.500000,3,1674,4213.97,791.961,-317.78,0,0,0,2500,0,0,2500,0,2500,0
20230101T000017.500000,3,1675,11389.7,2465.57,412.556,0,0,0,2500,0,0,2500,0,2500,0
20230101T000017.500000,3,1676,2387.23,2186.64,-359.274,0,0,0,2500,0,0,2500,0,2500,0
20230101T000017.500000,3,1677,6204.85,5618.83,-524.419,0,0,0,2500,0,0,2500,0,2500,0
20230101T000017.500000,3,1678,6372.26,4595.39,639.723,0,0,0,2500,0,0,2500,0,2500,0
20230101T000017.500000,3,1679,5399.29,4171.29,-112.4,0,0,0,2500,0,0,2500,0,2500,0
20230101T000017.500000,3,1680,5008.9,3673.5,1474.15,0,0,0,2500,0,0,2500,0,2500,0
20230101T000017.500000,3,1681,3972.21,2866.82,1000.44,0,0,0,2500,0,0,2500,0,2500,0
20230101T000017.600000,6,1821,7493.14,-6692.31,-604.012,0,0,0,72019.3,79912.6,7238.66,90122.9,-6465.02,161495,1.65766e+14
20230101T000017.600000,6,1822,7739.19,-8980.67,-148.337,0,0,0,129086,111156,1836.29,95888.9,-2130.86,224876,1.64582e+14
20230101T000017.600000,6,1823,2910.75,-640.246,5.39234,0,0,0,716.954,2968.31,-25.0001,13558.9,5.49901,14211.8,2.21573e+14
20230101T000017.600000,6,1824,7878.53,-2648.55,414.742,0,0,0,11528.3,33284.2,-5225.07,99348.4,1756.53,110538,1.57356e+14
20230101T000017.600000,6,1825,1288.31,0.440733,179.28,0,0,0,114.21,-0.869409,-360.811,2655.58,-0.123434,2656.8,4.57107e+21
20230101T000017.600000,6,1826,7854.35,-661.399,64.9669,0,0,0,770.168,8305.86,-815.912,98705.9,68.7062,99405.3,1.70877e+14
20230101T000017.600000,6,1827,9153.51,19.819,2331.81,0,0,0,8760.44,-271.295,-34135.5,134059,-73.9096,134063,1.99725e+14
20230101T000017.600000,6,1828,5536.11,-9.53128,-859.106,0,0,0,1243.54,82.2852,7600.07,49037.6,-13.0847,49039.3,1.87628e+14
20230101T000017.600000,6,1829,3758.31,1340.03,7.30032,0,0,0,2929.95,-8037.74,-43.7887,22607.1,-15.6129,25472.9,1.08472e+14
20230101T000017.600000,6,1830,4344.4,2301.54,-139.296,0,0,0,8549.52,-15958.8,966.649,30219,512.103,38673.6,1.06596e+14
20230101T000017.600000,6,1831,8394.73,8600.61,996.179,0,0,0,119158,-114694,-13376.6,113600,-13704.6,231107,3.87007e+14
20230101T000017.600000,6,1832,1765.64,2204.09,233.93,0,0,0,7831.87,-6152.86,-657.567,5080.02,-820.855,12761.2,1.53373e+14
20230101T000017.600000,6,1833,6093.66,6933.15,261.671,0,0,0,76985.2,-67511.1,-2550.06,59510.1,-2901.37,136322,1.01048e+14
20230101T000017.600000,6,1834,4343.86,4216.28,-240.62,0,0,0,28523.9,-29225.7,1670.53,30266.6,1621.46,58634,1.57787e+14
20230101T000017.600000,4,1673,1287.3,111.481,182.734,1.78961,-10.2629,-0.318289,121.51,-198.631,-173.537,1259.69,-29.4149,1280.96,0
20230101T000017.600000,3,1682,7493.14,-6692.31,-604.012,0,0,0,2500,0,0,2500,0,2500,0
20230101T000017.600000,3,1683,7739.19,-8980.67,-148.337,0,0,0,2500,0,0,2500,0,2500,0
20230101T000017.600000,3,1684,2910.75,-640.246,5.39234,0,0,0,2500,0,0,2500,0,2500,0
20230101T000017.600000,3,1685,7878.53,-2648.55,414.742,0,0,0,2500,0,0,2500,0,2500,0
20230101T000017.600000,3,1686,7854.35,-661.399,64.9669,0,0,0,2500,0,0,2500,0,2500,0
20230101T000017.600000,3,1687,9153.51,19.819,2331.81,0,0,0,2500,0,0,2500,0,2500,0
20230101T000017.600000,3,1688,5536.11,-9.53128,-859.106,0,0,0,2500,0,0,2500,0,2500,0
20230101T000017.600000,3,1689,3758.31,1340.03,7.30032,0,0,0,2500,0,0,2500,0,2500,0
20230101T000017.600000,3,1690,4344.4,2301.54,-139.296,0,0,0,2500,0,0,2500,0,2500,0
20230101T000017.600000,3,1691,8394.73,8600.61,996.179,0,0,0,2500,0,0,2500,0,2500,0
20230101T000017.600000,3,1692,1765.64,2204.09,233.93,0,0,0,2500,0,0,2500,0,2500,0
20230101T000017.600000,3,1693,6093.66,6933.15,261.671,0,0,0,2500,0,0,2500,0,2500,0
20230101T000017.600000,3,1694,4343.86,4216.28,-240.62,0,0,0,2500,0,0,2500,0,2500,0
20230101T000017.700000,6,1835,2819.58,-1893.52,-705.658,0,0,0,6328.02,8145.13,3172.87,12986.7,-2130.77,18459.3,1.70364e+14
20230101T000017.700000,6,1836,6722.9,-6948.1,-861.26,0,0,0,77846.2,74113.3,9260.33,72961.5,-9570.53,149558,1.19036e+14
20230101T000017.700000,6,1837,7463.06,-6300.03,-310.475,0,0,0,63631.9,75120.4,3705.79,89206.5,-3128.29,152620,1.55396e+14
20230101T000017.700000,6,1838,3791.47,-3738.29,-105.412,0,0,0,22401.1,22636.9,638.564,23040.7,-629.607,45360.1,1.10408e+14
20230101T000017.700000,6,1839,2915.5,-889.722,-696.999,0,0,0,2033.28,3916.4,3238.06,13671.6,-988.157,14870,3.0285e+14
20230101T000017.700000,6,1840,7094.62,-4162.56,498.795,0,0,0,28066.7,47049.3,-5658.67,80652,3320.07,108257,1.40005e+14
20230101T000017.700000,6,1841,1268.24,-223.351,181.343,0,0,0,191.718,433.513,-359.275,2576.96,63.2722,2654.55,5.22528e+21
20230101T000017.700000,6,1842,5813.42,-738.75,180.585,0,0,0,987.475,6856.95,-1677.75,54075.3,213.203,54946.7,1.39753e+14
20230101T000017.700000,6,1843,9458.8,5654.78,691.434,0,0,0,51773,-85215,-10460.8,143368,-6253.8,194313,1.13729e+14
20230101T000017.700000,6,1844,8438.16,1661.1,1838.53,0,0,0,9680.25,-21390.1,-24809.3,114128,-4883.83,118342,2.01528e+14
20230101T000017.700000,6,1845,4694.42,1542.44,-1112.18,0,0,0,5647.82,-10980.4,8340.63,35458.9,2740.46,39069.8,2.1347e+14
20230101T000017.700000,6,1846,5995.15,5515.44,460.304,0,0,0,48890.3,-52704.8,-4412.7,57691.6,-4059.61,106179,8.53096e+13
20230101T000017.700000,4,1672,7192.61,-3979,607.495,-11.1023,5.04258,-1.4006,652.109,1042.82,-160.088,1963.77,88.4353,2526.59,0
20230101T000017.700000,3,1695,2819.58,-1893.52,-705.658,0,0,0,2500,0,0,2500,0,2500,0
20230101T000017.700000,3,1696,6722.9,-6948.1,-861.26,0,0,0,2500,0,0,2500,0,2500,0
20230101T000017.700000,3,1697,7463.06,-6300.03,-310.475,0,0,0,2500,0,0,2500,0,2500,0
20230101T000017.700000,3,1698,3791.47,-3738.29,-105.412,0,0,0,2500,0,0,2500,0,2500,0
20230101T000017.700000,3,1699,2915.5,-889.722,-696.999,0,0,0,2500,0,0,2500,0,2500,0
20230101T000017.700000,3,1700,1268.24,-223.351,181.343,0,0,0,2500,0,0,2500,0,2500,0
20230101T000017.700000,3,1701,5813.42,-738.75,180.585,0,0,0,2500,0,0,2500,0,2500,0
20230101T000017.700000,3,1702,9458.8,5654.78,691.434,0,0,0,2500,0,0,2500,0,2500,0
20230101T000017.700000,3,1703,8438.17,1661.1,1838.53,0,0,0,2500,0,0,2500,0,2500,0
20230101T000017.700000,3,1704,4694.42,1542.44,-1112.18,0,0,0,2500,0,0,2500,0,2500,0
20230101T000017.700000,3,1705,5995.15,5515.44,460.304,0,0,0,2500,0,0,2500,0,2500,0
20230101T000017.800000,6,1847,6293.37,-9513.52,-1445.12,0,0,0,145848,94228.8,14547,65738.4,-21990.4,208183,2.95109e+14
20230101T000017.800000,6,1848,5592.77,-8910.01,2359.99,0,0,0,129557,75690.6,-21111,56482.9,33632.5,177071,2.41718e+14
20230101T000017.800000,6,1849,3987.64,-3350.23,-612.458,0,0,0,18347.3,21048.6,3901.94,25716.5,-3278.23,43401.4,1.3869e+14
20230101T000017.800000,6,1850,11235,-4383.9,2224,0,0,0,37671.6,76104,-39967.9,203014,15595.5,232712,1.75698e+14
20230101T000017.800000,6,1851,1211.46,-439.034,175.147,0,0,0,407.33,815.143,-331.463,2361.21,120.122,2657.77,1.8466e+21
20230101T000017.800000,6,1852,8932.72,-2857.06,-1481.08,0,0,0,16301.1,39797.6,21158.8,128001,-6767.47,140732,2.19622e+14
20230101T000017.800000,6,1853,6443.12,1296.61,308.792,0,0,0,2897.93,-13324.9,-3180.39,66430.5,-640.023,69112.1,2.17513e+14
20230101T000017.800000,6,1854,3240.53,1925.36,-437.284,0,0,0,6204.02,-9820.61,2260.95,16897.9,1343.34,22733.7,1.96716e+14
20230101T000017.800000,6,1855,434.151,365.81,-51.0601,0,0,0,253.674,-220.768,31.1019,329.67,26.2061,516.2,6.97808e+13
20230101T000017.800000,3,1706,6293.37,-9513.52,-1445.12,0,0,0,2500,0,0,2500,0,2500,0
20230101T000017.800000,3,1707,5592.77,-8910.01,2359.99,0,0,0,2500,0,0,2500,0,2500,0
20230101T000017.800000,3,1708,3987.64,-3350.23,-612.458,0,0,0,2500,0,0,2500,0,2500,0
20230101T000017.800000,3,1709,11235,-4383.9,2224,0,0,0,2500,0,0,2500,0,2500,0
20230101T000017.800000,3,1710,1211.46,-439.034,175.147,0,0,0,2500,0,0,2500,0,2500,0
20230101T000017.800000,3,1711,8932.72,-2857.06,-1481.08,0,0,0,2500,0,0,2500,0,2500,0
20230101T000017.800000,3,1712,6443.12,1296.61,308.792,0,0,0,2500,0,0,2500,0,2500,0
20230101T000017.800000,3,1713,3240.53,1925.36,-437.284,0,0,0,2500,0,0,2500,0,2500,0
20230101T000017.800000,3,1714,434.151,365.81,-51.0601,0,0,0,2500,0,0,2500,0,2500,0
20230101T000017.900000,6,1856,2238.99,-2387.45,-51.9229,0,0,0,9151.86,8518.69,185.313,8057.23,-197.601,17140.8,9.86857e+13
20230101T000017.900000,6,1857,8305.66,-6966.55,-1920.54,0,0,0,81153.3,89642.6,25513.8,112837,-21400.2,188029,1.41367e+14
20230101T000017.900000,6,1858,1117.22,-637.11,188.315,0,0,0,739.553,1087.49,-328.655,2026.4,187.42,2647.9,1.87831e+19
20230101T000017.900000,6,1859,9141.99,-5654,1778.9,0,0,0,54855.8,80409.1,-26011.6,135140,16087.3,184871,2.51413e+14
20230101T000017.900000,6,1860,4092.23,-1448.13,961.339,0,0,0,4723.65,8997.5,-6281.69,26965.5,2222.92,30152.4,2.47515e+14
20230101T000017.900000,6,1861,7589.47,-1222.8,-1588.96,0,0,0,6389.67,14204.6,19282.5,92263.8,-3106.75,94555.1,1.03945e+14
20230101T000017.900000,6,1862,6323.39,-493.2,-649.01,0,0,0,1122.01,4932.76,6559.85,63981,-511.643,64366.4,5.24973e+14
20230101T000017.900000,6,1863,8502,4871.75,-1731.86,0,0,0,41633.7,-64174.4,23549.3,116856,13494,153631,9.45387e+13
20230101T000017.900000,6,1864,1572.88,1831.86,371.58,0,0,0,5489.43,-4470,-928.855,4121.49,-1081.79,9328.97,1.46263e+14
20230101T000017.900000,6,1865,4085.29,4127.08,285.198,0,0,0,27348.5,-26879.5,-1861.98,26801.4,-1881.03,53956,1.18731e+14
20230101T000017.900000,3,1715,2238.99,-2387.45,-51.9229,0,0,0,2500,0,0,2500,0,2500,0
20230101T000017.900000,3,1716,8305.66,-6966.55,-1920.54,0,0,0,2500,0,0,2500,0,2500,0
20230101T000017.900000,3,1717,1117.22,-637.11,188.315,0,0,0,2500,0,0,2500,0,2500,0
20230101T000017.900000,3,1718,9141.99,-5654,1778.9,0,0,0,2500,0,0,2500,0,2500,0
20230101T000017.900000,3,1719,4092.23,-1448.13,961.339,0,0,0,2500,0,0,2500,0,2500,0
20230101T000017.900000,3,1720,7589.47,-1222.8,-1588.96,0,0,0,2500,0,0,2500,0,2500,0
20230101T000017.900000,3,1721,6323.39,-493.2,-649.01,0,0,0,2500,0,0,2500,0,2500,0
20230101T000017.900000,3,1722,8502,4871.75,-1731.86,0,0,0,2500,0,0,2500,0,2500,0
20230101T000017.900000,3,1723,1572.88,1831.86,371.58,0,0,0,2500,0,0,2500,0,2500,0
20230101T000017.900000,3,1724,4085.29,4127.08,285.198,0,0,0,2500,0,0,2500,0,2500,0
20230101T000018,6,1866,992.709,-820.598,180.876,0,0,0,1145.79,1246.86,-280.498,1623.48,231.866,2655.4,9.3356e+20
20230101T000018,6,1867,4401.38,-5919.1,992.888,0,0,0,56641.2,40898.2,-6987.07,32051.6,9396.42,87053.8,1.25147e+14
20230101T000018,6,1868,3527.46,-3433.23,-778.035,0,0,0,19388.8,18861.6,4384.11,20410.3,-4266.99,38769.7,1.34068e+14
20230101T000018,6,1869,3948.22,-3771.5,-362.048,0,0,0,22901.8,23688.6,2284.06,25072,-2181.83,47700.6,1.2031e+14
20230101T000018,6,1870,1323.41,2022.18,574.014,0,0,0,6719.01,-4012.56,-1207.57,3213.76,-1845.18,9348.43,5.12853e+14
20230101T000018,6,1871,916.058,966.815,-312.399,0,0,0,1598.14,-1308.81,448.095,1456.91,472.923,2841.57,2.47068e+14
20230101T000018,6,1872,2920.59,3811.81,-422.993,0,0,0,23377.2,-17643.5,1973.22,13868.2,2575.35,36896.1,1.32999e+14
20230101T000018,3,1725,992.709,-820.598,180.876,0,0,0,2500,0,0,2500,0,2500,0
20230101T000018,3,1726,4401.38,-5919.1,992.888,0,0,0,2500,0,0,2500,0,2500,0
20230101T000018,3,1727,3527.46,-3433.23,-778.035,0,0,0,2500,0,0,2500,0,2500,0
20230101T000018,3,1728,3948.22,-3771.5,-362.048,0,0,0,2500,0,0,2500,0,2500,0
20230101T000018,3,1729,1323.41,2022.18,574.014,0,0,0,2500,0,0,2500,0,2500,0
20230101T000018,3,1730,916.058,966.815,-312.399,0,0,0,2500,0,0,2500,0,2500,0
20230101T000018,3,1731,2920.59,3811.81,-422.993,0,0,0,2500,0,0,2500,0,2500,0
20230101T000018.100000,6,1873,8152.1,-7228.11,-76.4081,0,0,0,83634,94242.4,996.282,106363,-883.36,189924,1.65012e+14
20230101T000018.100000,6,1874,4214.67,-1693.69,557.728,0,0,0,5072.53,11227.4,-3753.84,28499.5,1508.5,33012.2,1.57224e+14
20230101T000018.100000,6,1875,9772.92,-2689.68,447.65,0,0,0,11932.4,41959.3,-6997.04,152843,1925.71,164391,9.59053e+13
20230101T000018.100000,6,1876,6044.02,-2766.51,429.901,0,0,0,12542.9,26617.3,-4153.58,58510.5,1901.2,70694.2,1.68707e+14
20230101T000018.100000,6,1877,2049.37,1268.5,25.3323,0,0,0,2621.57,-4130.32,-82.4926,6737.9,-51.0605,9294.46,1.9727e+14
20230101T000018.100000,6,1878,8832.53,2364,-412.742,0,0,0,9255.56,-33324.1,5830.09,124844,1560.41,133763,1.30131e+14
20230101T000018.100000,6,1879,940.012,1123.45,-321.209,0,0,0,2112.53,-1578.38,474.511,1546.81,567.107,3436.14,2.43618e+21
20230101T000018.100000,6,1880,10150,6358.59,-470.65,0,0,0,64991,-103075,7641.24,164954,4786.94,229527,1.94235e+14
20230101T000018.100000,6,1881,3694.7,2985.5,225.497,0,0,0,14349,-17577.9,-1330.67,21898.6,-1075.25,36102.6,1.18756e+14
20230101T000018.100000,6,1882,4162.99,3724.08,-72.2743,0,0,0,22230.2,-24769.3,480.786,27760.9,430.096,49918.7,1.28539e+14
20230101T000018.100000,4,1730,975.353,1085.66,-332.86,5.87073,11.7665,-2.02587,765.893,-601.943,199.926,700.939,211.004,1301.69,0
20230101T000018.100000,3,1732,8152.1,-7228.11,-76.4081,0,0,0,2500,0,0,2500,0,2500,0
20230101T000018.100000,3,1733,4214.67,-1693.69,557.728,0,0,0,2500,0,0,2500,0,2500,0
20230101T000018.100000,3,1734,9772.92,-2689.68,447.65,0,0,0,2500,0,0,2500,0,2500,0
20230101T000018.100000,3,1735,6044.02,-2766.51,429.901,0,0,0,2500,0,0,2500,0,2500,0
20230101T000018.100000,3,1736,2049.37,1268.5,25.3323,0,0,0,2500,0,0,2500,0,2500,0
20230101T000018.100000,3,1737,8832.53,2364,-412.741,0,0,0,2500,0,0,2500,0,2500,0
20230101T000018.100000,3,1738,10150,6358.59,-470.65,0,0,0,2500,0,0,2500,0,2500,0
20230101T000018.100000,3,1739,3694.7,2985.5,225.497,0,0,0,2500,0,0,2500,0,2500,0
20230101T000018.100000,3,1740,4162.99,3724.08,-72.2743,0,0,0,2500,0,0,2500,0,2500,0
20230101T000018.200000,6,1883,6044.15,-7351.85,-433.53,0,0,0,86626.6,70918.3,4190.67,58668.4,-5097.35,144931,1.44147e+14
20230101T000018.200000,6,1884,7980.87,-1926.42,-1361.09,0,0,0,8797.53,23909,17370.2,102078,-4192.83,107850,1.06629e+14
20230101T000018.200000,6,1885,4648.54,473.651,-407.694,0,0,0,685.026,-3489.63,3026.78,34577.7,308.405,34933.8,2.09096e+14
20230101T000018.200000,6,1886,11665.6,1307.69,682.45,0,0,0,3535.02,-24318.4,-12734.2,217748,-1427.48,220474,1.31663e+14
20230101T000018.200000,6,1887,7605.54,-583.066,1710.41,0,0,0,5258,6733.86,-20800.2,92578.6,1594.61,93097.9,1.03237e+14
20230101T000018.200000,6,1888,5975.92,-606.57,-480.491,0,0,0,1017.26,5756.21,4589.15,57143.1,-465.809,57727.7,9.88771e+13
20230101T000018.200000,6,1889,3476.43,1243.59,-394.678,0,0,0,2751.5,-6818.13,2188.94,19372.4,783.032,21812.1,1.35679e+14
20230101T000018.200000,6,1890,9186.19,4932.08,-1733.51,0,0,0,42701.3,-70461.5,25469.8,136108,13674.8,173940,2.20041e+14
20230101T000018.200000,6,1891,5708.54,3084.58,-872.205,0,0,0,16214.2,-27638.2,7958.99,52429.1,4300.61,67364.4,1.67909e+14
20230101T000018.200000,6,1892,1119.47,949.373,-306.07,0,0,0,1564.95,-1596.28,538.464,2093.5,456.647,3449.91,2.13966e+20
20230101T000018.200000,4,1730,1019.54,1050.26,-325.274,20.5639,4.58858,-0.849834,573.099,-446.21,146.09,496.074,157.653,968.761,0
20230101T000018.200000,3,1741,6044.15,-7351.85,-433.53,0,0,0,2500,0,0,2500,0,2500,0
20230101T000018.200000,3,1742,7980.87,-1926.42,-1361.09,0,0,0,2500,0,0,2500,0,2500,0
20230101T000018.200000,3,1743,4648.54,473.651,-407.694,0,0,0,2500,0,0,2500,0,2500,0
20230101T000018.200000,3,1744,11665.6,1307.69,682.45,0,0,0,2500,0,0,2500,0,2500,0
20230101T000018.200000,3,1745,7605.54,-583.066,1710.41,0,0,0,2500,0,0,2500,0,2500,0
20230101T000018.200000,3,1746,5975.92,-606.57,-480.491,0,0,0,2500,0,0,2500,0,2500,0
20230101T000018.200000,3,1747,3476.43,1243.59,-394.678,0,0,0,2500,0,0,2500,0,2500,0
20230101T000018.200000,3,1748,9186.19,4932.08,-1733.51,0,0,0,2500,0,0,2500,0,2500,0
20230101T000018.200000,3,1749,5708.54,3084.58,-872.205,0,0,0,2500,0,0,2500,0,2500,0
20230101T000018.300000,6,1893,6769.53,-6335.97,899.474,0,0,0,64955,67949,-9737.94,73956.6,9114.25,137554,9.82199e+13
20230101T000018.300000,6,1894,7283.84,-6229.54,2213.57,0,0,0,66654.4,68697.5,-25786.6,88224.6,22054.1,146982,1.70239e+14
20230101T000018.300000,6,1895,11028.9,1951.61,1516.4,0,0,0,9722.45,-33796.7,-26750.5,194734,-4733.6,200715,2.66281e+14
20230101T000018.300000,6,1896,9913.48,1880.38,-1567.82,0,0,0,9513.94,-29094.2,24858.5,157382,4715.14,162902,1.20353e+14
20230101T000018.300000,6,1897,674.461,136.631,-129.811,0,0,0,115.132,-130.171,128.659,731.334,26.0633,759.903,4.01622e+14
20230101T000018.300000,6,1898,10333,1583.37,-1864,0,0,0,9503.58,-25335.9,30806.2,170961,4720.58,174846,1.41275e+14
20230101T000018.300000,6,1899,1270.42,730.638,-317.996,0,0,0,1021.64,-1388.81,634.884,2637.74,365.132,3439.35,3.92645e+20
20230101T000018.300000,6,1900,6166.63,2906.05,303.624,0,0,0,13685.1,-28591.3,-2993.16,60882.2,-1410.54,74356.1,1.5787e+14
20230101T000018.300000,6,1901,5483.04,8158.96,1318.21,0,0,0,107394,-70261.2,-11559.8,50060.6,-17201.4,154613,1.82639e+14
20230101T000018.300000,6,1902,6020.09,4930.66,-1150.27,0,0,0,40202.8,-46424.4,11072.4,58861.5,9068.72,96886,1.57258e+14
20230101T000018.300000,6,1903,3915.27,5706.53,489.554,0,0,0,52246.3,-35539.6,-3064.23,24831,-4466.14,76630.5,1.91901e+14
20230101T000018.300000,3,1750,6769.54,-6335.97,899.474,0,0,0,2500,0,0,2500,0,2500,0
20230101T000018.300000,3,1751,7283.84,-6229.54,2213.57,0,0,0,2500,0,0,2500,0,2500,0
20230101T000018.300000,3,1752,11028.9,1951.61,1516.4,0,0,0,2500,0,0,2500,0,2500,0
20230101T000018.300000,3,1753,9913.48,1880.38,-1567.82,0,0,0,2500,0,0,2500,0,2500,0
20230101T000018.300000,3,1754,674.461,136.631,-129.811,0,0,0,2500,0,0,2500,0,2500,0
20230101T000018.300000,3,1755,10333,1583.37,-1864,0,0,0,2500,0,0,2500,0,2500,0
20230101T000018.300000,3,1756,1270.42,730.638,-317.996,0,0,0,2500,0,0,2500,0,2500,0
20230101T000018.300000,3,1757,6166.63,2906.05,303.624,0,0,0,2500,0,0,2500,0,2500,0
20230101T000018.300000,3,1758,5483.04,8158.96,1318.21,0,0,0,2500,0,0,2500,0,2500,0
20230101T000018.300000,3,1759,6020.09,4930.66,-1150.27,0,0,0,2500,0,0,2500,0,2500,0
20230101T000018.300000,3,1760,3915.27,5706.53,489.554,0,0,0,2500,0,0,2500,0,2500,0
20230101T000018.400000,6,1904,10038.4,-6936.74,552.49,0,0,0,77363.2,111156,-8871.44,161411,6130.33,238222,1.91659e+14
20230101T000018.400000,6,1905,958.995,-1079.92,122.553,0,0,0,1904.57,1613.54,-184.464,1520.44,207.724,3337.89,4.55059e+14
20230101T000018.400000,6,1906,9738.22,-6103.48,-1769.02,0,0,0,63243.8,92818,27555.2,153163,-17270.4,211338,3.11445e+14
20230101T000018.400000,6,1907,5957.56,-4867.73,-1077.48,0,0,0,39063.3,45458.8,10263.8,57556.8,-8386.26,94700.9,2.0069e+14
20230101T000018.400000,6,1908,10938.6,-2221.74,978.437,0,0,0,9429.88,38573.3,-17118.9,191508,3477.03,199343,1.34798e+14
20230101T000018.400000,6,1909,11819.5,-3416.42,-1009.88,0,0,0,20239.8,64156.7,19093.1,223654,-5518.85,242198,1.69816e+14
20230101T000018.400000,6,1910,4541.03,-1289.06,-153.337,0,0,0,2752.65,9339.16,1112.09,33001.1,-315.688,35652.3,1.18309e+14
20230101T000018.400000,6,1911,144.192,-18.2745,-18.9369,0,0,0,63.0359,-3.70525,-3.76538,34.2699,0.477216,34.8686,3.61564e+14
20230101T000018.400000,6,1912,4988.29,-972.156,-1078.1,0,0,0,3362.78,7398.36,8591.86,39883.2,-1674.45,41327.8,1.88481e+14
20230101T000018.400000,6,1913,3833.56,1348.48,-680.234,0,0,0,3623.67,-8019.93,4162.52,23602.3,1464.19,26425.1,3.23661e+14
20230101T000018.400000,6,1914,1376.27,506.758,-313.141,0,0,0,602.948,-1045.18,677.284,3056.64,249.383,3444.28,4.54975e+20
20230101T000018.400000,6,1915,6577.66,3381.53,-1550.27,0,0,0,21385.5,-33999.5,16304,70041.7,8381.78,87523.3,1.67457e+14
20230101T000018.400000,3,1761,10038.4,-6936.74,552.49,0,0,0,2500,0,0,2500,0,2500,0
20230101T000018.400000,3,1762,958.995,-1079.92,122.553,0,0,0,2500,0,0,2500,0,2500,0
20230101T000018.400000,3,1763,9738.23,-6103.48,-1769.02,0,0,0,2500,0,0,2500,0,2500,0
20230101T000018.400000,3,1764,5957.56,-4867.73,-1077.48,0,0,0,2500,0,0,2500,0,2500,0
20230101T000018.400000,3,1765,10938.6,-2221.74,978.437,0,0,0,2500,0,0,2500,0,2500,0
20230101T000018.400000,3,1766,11819.5,-3416.42,-1009.88,0,0,0,2500,0,0,2500,0,2500,0
20230101T000018.400000,3,1767,4541.03,-1289.06,-153.337,0,0,0,2500,0,0,2500,0,2500,0
20230101T000018.400000,3,1768,144.192,-18.2745,-18.9369,0,0,0,2500,0,0,2500,0,2500,0
20230101T000018.400000,3,1769,4988.29,-972.156,-1078.1,0,0,0,2500,0,0,2500,0,2500,0
20230101T000018.400000,3,1770,3833.56,1348.48,-680.234,0,0,0,2500,0,0,2500,0,2500,0
20230101T000018.400000,3,1771,1376.27,506.758,-313.141,0,0,0,2500,0,0,2500,0,2500,0
20230101T000018.400000,3,1772,6577.66,3381.53,-1550.27,0,0,0,2500,0,0,2500,0,2500,0
20230101T000018.500000,6,1916,5948.15,-7750.46,-184.125,0,0,0,96155.2,73704.3,1751.59,56683.2,-2282.33,152720,1.5007e+14
20230101T000018.500000,6,1917,1443.39,259.058,-314.22,0,0,0,319.703,-560.168,712.762,3340.25,127.926,3443.59,5.82106e+19
20230101T000018.500000,6,1918,4139.42,627.895,-512.933,0,0,0,1103.93,-4086.83,3389.55,27426.5,514.151,28047.4,1.78449e+14
20230101T000018.500000,6,1919,9378.07,942.933,1692.77,0,0,0,6022.85,-13686.1,-25388.8,140764,-2552.76,142142,1.46255e+14
20230101T000018.500000,6,1920,4763.69,725.429,420.702,0,0,0,1180.84,-5477.55,-3201.07,36316.2,-487.469,37150.8,1.1172e+14
20230101T000018.500000,6,1921,2472.13,391.744,-435.68,0,0,0,602.406,-1492.96,1712.62,9787.27,271.388,10025.7,1.71508e+14
20230101T000018.500000,6,1922,1447.84,228.583,-316.749,0,0,0,299.882,-495.377,720.711,3359.38,113.785,3440.44,5.38599e+19
20230101T000018.500000,6,1923,10514.7,2724.65,1466.33,0,0,0,15160.6,-44987.3,-24660.6,177113,-6390.25,188772,1.77062e+14
20230101T000018.500000,6,1924,742.078,293.363,9.19037,0,0,0,193.158,-326.393,-10.2265,889.754,-4.04283,1018.79,1.63862e+14
20230101T000018.500000,6,1925,7525.4,4602.49,-1555.14,0,0,0,36754.1,-53667,18715.6,91681,11446.3,124505,1.58726e+14
20230101T000018.500000,6,1926,5673.7,2668.96,-3.22415,0,0,0,11449.8,-24204,29.2388,51516.9,13.7542,62902.7,1.25976e+14
20230101T000018.500000,6,1927,2533.85,2503.17,-185.966,0,0,0,10085.7,-10088.7,751.566,10331.5,742.467,20298.2,1.43616e+14
20230101T000018.500000,6,1928,3768.89,4468.02,-125.828,0,0,0,31978.3,-26899.1,757.881,22779.4,898.469,54668.4,9.6493e+13
20230101T000018.500000,3,1773,5948.15,-7750.46,-184.125,0,0,0,2500,0,0,2500,0,2500,0
20230101T000018.500000,3,1774,1443.39,259.058,-314.22,0,0,0,2500,0,0,2500,0,2500,0
20230101T000018.500000,3,1775,4139.42,627.895,-512.933,0,0,0,2500,0,0,2500,0,2500,0
20230101T000018.500000,3,1776,9378.07,942.933,1692.77,0,0,0,2500,0,0,2500,0,2500,0
20230101T000018.500000,3,1777,4763.69,725.429,420.702,0,0,0,2500,0,0,2500,0,2500,0
20230101T000018.500000,3,1778,2472.13,391.744,-435.68,0,0,0,2500,0,0,2500,0,2500,0
20230101T000018.500000,3,1779,1447.84,228.583,-316.749,0,0,0,2500,0,0,2500,0,2500,0
20230101T000018.500000,3,1780,10514.7,2724.65,1466.33,0,0,0,2500,0,0,2500,0,2500,0
20230101T000018.500000,3,1781,742.078,293.363,9.19037,0,0,0,2500,0,0,2500,0,2500,0
20230101T000018.500000,3,1782,7525.4,4602.49,-1555.14,0,0,0,2500,0,0,2500,0,2500,0
20230101T000018.500000,3,1783,5673.7,2668.97,-3.22415,0,0,0,2500,0,0,2500,0,2500,0
20230101T000018.500000,3,1784,2533.85,2503.17,-185.966,0,0,0,2500,0,0,2500,0,2500,0
20230101T000018.500000,3,1785,3768.89,4468.02,-125.828,0,0,0,2500,0,0,2500,0,2500,0
20230101T000018.600000,6,1929,2561.49,-3904.56,439.024,0,0,0,24504.8,15831.8,-1796.02,10757.9,2737.72,34891.4,1.92718e+14
20230101T000018.600000,6,1930,3864.76,-4548.1,940.947,0,0,0,33716.5,27393.9,-5812.08,24757.1,6839.73,56996.1,2.16698e+14
20230101T000018.600000,6,1931,9478.35,-3050.98,-440.335,0,0,0,15232.5,46160.1,6675.15,143778,-2148.66,158636,1.31825e+14
20230101T000018.600000,6,1932,1465.29,-1.04944,-317.819,0,0,0,222.74,2.30083,731.855,3435.3,-0.524153,3438.18,5.09276e+20
20230101T000018.600000,6,1933,2667.23,-6.56694,-139.94,0,0,0,95.2258,27.7905,593.854,11382.5,-1.46212,11382.8,3.47265e+14
20230101T000018.600000,6,1934,7494.27,1586.19,-399.451,0,0,0,4331.03,-18955.1,4786.49,89876.2,1013.08,93888.3,1.66882e+14
20230101T000018.600000,6,1935,9535.37,-501.154,276.686,0,0,0,587.769,7636.13,-4219.43,145478,221.762,145879,3.50721e+14
20230101T000018.600000,6,1936,6307.91,3182.81,-855.204,0,0,0,17191.5,-31627,8624.45,63913.7,4351.69,79872.9,8.89567e+13
20230101T000018.600000,6,1937,5234.71,6739.77,-4.44087,0,0,0,72703.3,-56418.2,37.1742,43883.4,47.8624,116523,1.19027e+14
20230101T000018.600000,6,1938,5095.04,4169.51,-400.785,0,0,0,28007.9,-33832.9,3264.22,41663.8,2671.27,69351.1,1.30553e+14
20230101T000018.600000,4,1779,1462.73,132.085,-317.16,1.47461,-9.55431,-0.0407553,158.173,-204.856,289.854,1423.39,45.7618,1420.35,0
20230101T000018.600000,3,1786,2561.49,-3904.56,439.024,0,0,0,2500,0,0,2500,0,2500,0
20230101T000018.600000,3,1787,3864.76,-4548.1,940.947,0,0,0,2500,0,0,2500,0,2500,0
20230101T000018.600000,3,1788,9478.35,-3050.98,-440.335,0,0,0,2500,0,0,2500,0,2500,0
20230101T000018.600000,3,1789,2667.23,-6.56694,-139.94,0,0,0,2500,0,0,2500,0,2500,0
20230101T000018.600000,3,1790,7494.27,1586.19,-399.451,0,0,0,2500,0,0,2500,0,2500,0
20230101T000018.600000,3,1791,9535.37,-501.154,276.686,0,0,0,2500,0,0,2500,0,2500,0
20230101T000018.600000,3,1792,6307.91,3182.82,-855.204,0,0,0,2500,0,0,2500,0,2500,0
20230101T000018.600000,3,1793,5234.71,6739.77,-4.44087,0,0,0,2500,0,0,2500,0,2500,0
20230101T000018.600000,3,1794,5095.04,4169.51,-400.785,0,0,0,2500,0,0,2500,0,2500,0
20230101T000018.700000,6,1939,3134.16,-3285.85,417.808,0,0,0,17438.2,16306.2,-2091.13,15896.2,2192.34,32992.1,8.70662e+13
20230101T000018.700000,6,1940,1441.88,-274.805,-305.386,0,0,0,324.01,595.252,691.991,3333.8,-131.885,3449.9,6.97004e+19
20230101T000018.700000,6,1941,228.344,-115.222,49.8233,0,0,0,73.5541,15.6998,-7.4795,96.7454,3.77415,107.007,9.93101e+13
20230101T000018.700000,6,1942,1442.53,-265.072,-312.732,0,0,0,323.009,573.102,708.961,3336.54,-130.275,3444.63,7.05757e+19
20230101T000018.700000,6,1943,2730.61,363.306,-277.493,0,0,0,394.502,-1562.89,1206.04,11933.2,160.462,12141.8,1.65004e+14
20230101T000018.700000,6,1944,8329.73,843.725,-1160.73,0,0,0,3334.93,-11022.4,15461,111038,1566.06,112155,1.52954e+14
20230101T000018.700000,6,1945,9090.28,86.7525,-489.539,0,0,0,459.253,-1257.5,7116.64,132213,67.9172,132225,1.27378e+14
20230101T000018.700000,4,1768,253.581,-81.5221,12.8832,30.1072,-17.4077,8.75785,61.601,-3.57589,-3.63315,33.8394,0.460457,34.423,0
20230101T000018.700000,3,1795,3134.16,-3285.85,417.808,0,0,0,2500,0,0,2500,0,2500,0
20230101T000018.700000,3,1796,1441.88,-274.805,-305.386,0,0,0,2500,0,0,2500,0,2500,0
20230101T000018.700000,3,1797,1442.53,-265.072,-312.732,0,0,0,2500,0,0,2500,0,2500,0
20230101T000018.700000,3,1798,2730.61,363.306,-277.493,0,0,0,2500,0,0,2500,0,2500,0
20230101T000018.700000,3,1799,8329.73,843.725,-1160.73,0,0,0,2500,0,0,2500,0,2500,0
20230101T000018.700000,3,1800,9090.28,86.7525,-489.539,0,0,0,2500,0,0,2500,0,2500,0
20230101T000018.800000,6,1946,1716.55,-1645.29,13.9004,0,0,0,4364.67,4486.63,-37.907,4745.27,36.3333,9045.64,1.99289e+14
20230101T000018.800000,6,1947,3719.85,-4100.81,84.4062,0,0,0,26940.6,24369.5,-501.71,22181,553.091,49046.2,9.91233e+13
20230101T000018.800000,6,1948,11016.1,-3029.52,-740.367,0,0,0,15559.4,53157.1,13045.5,194233,-3587.63,208852,1.31268e+14
20230101T000018.800000,6,1949,1379.52,-497.299,-311.199,0,0,0,587.02,1028.68,674.659,3069.77,-243.207,3443.35,2.53623e+20
20230101T000018.800000,6,1950,7521.45,-2673.37,1911.64,0,0,0,16680,30308,-22991.7,91178.2,8172,101954,1.94455e+14
20230101T000018.800000,6,1951,6512.34,-2029.34,-774.737,0,0,0,7522.08,20854.5,8065.71,67947.5,-2513.39,74446.9,4.97192e+14
20230101T000018.800000,6,1952,8979.37,5027.75,-2480.66,0,0,0,47987.1,-68010.8,35627,131371,19948.3,169455,2.55535e+14
20230101T000018.800000,6,1953,5479.98,860.961,-1380.41,0,0,0,4220.23,-7072.18,12088.6,48123.3,1899.24,49238.1,2.48518e+14
20230101T000018.800000,6,1954,2565.88,2206.56,149.816,0,0,0,7847.61,-9009.48,-612.91,10576.4,-527.081,18324.3,1.52863e+14
20230101T000018.800000,6,1955,8251.09,6452.63,-1531.07,0,0,0,68984.5,-83335.5,20205.6,110376,15801.4,175548,2.55981e+14
20230101T000018.800000,6,1956,506.138,717.131,-54.4858,0,0,0,845.62,-548.474,41.8417,455.608,59.2841,1232.97,9.9522e+13
20230101T000018.800000,6,1957,6980.8,4698.4,1690.1,0,0,0,38507.7,-50332.2,-18867,79414.6,-12698.3,113293,1.2365e+14
20230101T000018.800000,4,1796,1422.89,-370.787,-307.763,-1.88025,-9.50316,-0.235323,168.208,245.716,278.378,1410.63,-53.0557,1424.52,0
20230101T000018.800000,3,1801,1716.55,-1645.29,13.9004,0,0,0,2500,0,0,2500,0,2500,0
20230101T000018.800000,3,1802,3719.85,-4100.81,84.4062,0,0,0,2500,0,0,2500,0,2500,0
20230101T000018.800000,3,1803,11016.1,-3029.52,-740.367,0,0,0,2500,0,0,2500,0,2500,0
20230101T000018.800000,3,1804,7521.45,-2673.37,1911.64,0,0,0,2500,0,0,2500,0,2500,0
20230101T000018.800000,3,1805,6512.34,-2029.34,-774.737,0,0,0,2500,0,0,2500,0,2500,0
20230101T000018.800000,3,1806,8979.38,5027.75,-2480.66,0,0,0,2500,0,0,2500,0,2500,0
20230101T000018.800000,3,1807,5479.99,860.961,-1380.41,0,0,0,2500,0,0,2500,0,2500,0
20230101T000018.800000,3,1808,2565.88,2206.56,149.816,0,0,0,2500,0,0,2500,0,2500,0
20230101T000018.800000,3,1809,8251.09,6452.63,-1531.07,0,0,0,2500,0,0,2500,0,2500,0
20230101T000018.800000,3,1810,506.138,717.131,-54.4858,0,0,0,2500,0,0,2500,0,2500,0
20230101T000018.800000,3,1811,6980.8,4698.4,1690.1,0,0,0,2500,0,0,2500,0,2500,0
20230101T000018.900000,6,1958,133.674,-92.3853,-10.9322,0,0,0,56.9022,-10.1293,-1.18804,49.2466,0.821086,42.5343,8.80733e+13
20230101T000018.900000,6,1959,5846.62,-6823.03,817.13,0,0,0,74965.1,63267.4,-7640.16,55345.4,8916.09,129179,1.96538e+14
20230101T000018.900000,6,1960,5497.86,-3755.81,1061.77,0,0,0,23842.1,32169,-9331.71,48956.2,6374.86,70933.7,1.26613e+14
20230101T000018.900000,6,1961,1274.32,-715.874,-337.529,0,0,0,1004.7,1355.82,675.956,2656.51,-379.732,3421.41,8.72821e+18
20230101T000018.900000,6,1962,3362.57,-1485.96,-627.813,0,0,0,4112.57,7738.5,3367.99,18204.2,-1488.36,21625.7,2.24759e+14
20230101T000018.900000,6,1963,10375,-4066.36,1789.56,0,0,0,30952.2,65739.3,-29697.2,172915,11639.5,198683,2.42245e+14
20230101T000018.900000,6,1964,9708.5,-3689.18,310.748,0,0,0,21967,57233.8,-4825.24,150836,1833.57,172584,1.5689e+14
20230101T000018.900000,6,1965,8203.36,-3387.6,-1622.81,0,0,0,22014,42955.1,21289.5,108295,-8791.54,126035,1.79306e+14
20230101T000018.900000,6,1966,12163.4,-1882.2,314.012,0,0,0,5884.79,36596.8,-6109.53,236724,945.401,242387,1.52928e+14
20230101T000018.900000,6,1967,8194.69,1792.29,-504.665,0,0,0,5589.46,-23401.3,6613.17,107466,1446.39,112585,1.49032e+14
20230101T000018.900000,6,1968,10025,6371.36,2702.6,0,0,0,73318.3,-96878.8,-43338.1,164181,-27543.4,225755,1.52955e+14
20230101T000018.900000,6,1969,6820.94,3879.37,-1096.56,0,0,0,25580.4,-41483.8,11959.7,74926,6802.01,98520.9,4.31028e+14
20230101T000018.900000,6,1970,7046.11,7004.93,-1129.22,0,0,0,79568.4,-77920.4,12725.5,80481.8,12651.2,157948,1.10678e+14
20230101T000018.900000,3,1812,133.674,-92.3853,-10.9322,0,0,0,2500,0,0,2500,0,2500,0
20230101T000018.900000,3,1813,5846.62,-6823.03,817.13,0,0,0,2500,0,0,2500,0,2500,0
20230101T000018.900000,3,1814,5497.86,-3755.81,1061.77,0,0,0,2500,0,0,2500,0,2500,0
20230101T000018.900000,3,1815,1274.32,-715.874,-337.529,0,0,0,2500,0,0,2500,0,2500,0
20230101T000018.900000,3,1816,3362.57,-1485.96,-627.813,0,0,0,2500,0,0,2500,0,2500,0
20230101T000018.900000,3,1817,10375,-4066.36,1789.56,0,0,0,2500,0,0,2500,0,2500,0
20230101T000018.900000,3,1818,9708.5,-3689.18,310.748,0,0,0,2500,0,0,2500,0,2500,0
20230101T000018.900000,3,1819,8203.36,-3387.6,-1622.81,0,0,0,2500,0,0,2500,0,2500,0
20230101T000018.900000,3,1820,12163.4,-1882.2,314.012,0,0,0,2500,0,0,2500,0,2500,0
20230101T000018.900000,3,1821,8194.69,1792.29,-504.665,0,0,0,2500,0,0,2500,0,2500,0
20230101T000018.900000,3,1822,10025,6371.36,2702.6,0,0,0,2500,0,0,2500,0,2500,0
20230101T000018.900000,3,1823,6820.94,3879.37,-1096.56,0,0,0,2500,0,0,2500,0,2500,0
20230101T000018.900000,3,1824,7046.11,7004.93,-1129.22,0,0,0,2500,0,0,2500,0,2500,0
20230101T000019,6,1971,1139.9,-930.412,-293.466,0,0,0,1504.71,1599.26,525.724,2158.69,-429.109,3466.49,2.80044e+18
20230101T000019,6,1972,355.89,-340.262,111.595,0,0,0,227.458,153.395,-53.5729,241.239,51.2204,391.025,1.29907e+14
20230101T000019,6,1973,7125.06,-1524.46,-1876.69,0,0,0,9164.27,16213.9,21379.4,81475.7,-4574.29,84948.8,1.84308e+14
20230101T000019,6,1974,5674.33,-3518.34,-94.7344,0,0,0,19862.5,31907.7,859.316,51538.7,-532.814,71322.8,1.34818e+14
20230101T000019,6,1975,1909.2,132.068,396.083,0,0,0,338.801,-381.924,-1197.25,5833.55,-82.8191,5862.6,1.7047e+14
20230101T000019,6,1976,4262.74,-23.079,187.596,0,0,0,121.032,156.757,-1276.66,29073.5,6.91201,29074.5,9.20742e+13
20230101T000019,6,1977,12221,-372.069,-2477.27,0,0,0,10092.8,6974.73,48427,238972,-1474.37,239187,1.73497e+14
20230101T000019,6,1978,2690.48,1766.97,193.261,0,0,0,5081.8,-7549.72,-828.742,11619.1,-544.276,16577.6,1.99107e+14
20230101T000019,6,1979,7273.28,8415.13,115.905,0,0,0,113340,-97886.7,-1348.38,84689.9,-1560.06,197944,1.56444e+14
20230101T000019,6,1980,7891.65,6823.4,907.48,0,0,0,75284.3,-85473.3,-11454.2,100236,-9903.74,174140,1.40872e+14
20230101T000019,6,1981,6699.33,5311.26,-119.977,0,0,0,45188.6,-56888.7,1285.32,71843.3,1019,116945,1.79334e+14
20230101T000019,6,1982,4340.51,3729.09,824.555,0,0,0,22911.7,-25329.2,-5719.53,30632.7,-4913.86,52395.1,1.40311e+14
20230101T000019,6,1983,2580.22,3920.74,350.432,0,0,0,24674.1,-16066.8,-1444.1,10833.6,-2194.36,35248,2.14563e+14
20230101T000019,3,1825,1139.9,-930.412,-293.466,0,0,0,2500,0,0,2500,0,2500,0
20230101T000019,3,1826,355.89,-340.262,111.595,0,0,0,2500,0,0,2500,0,2500,0
20230101T000019,3,1827,7125.06,-1524.46,-1876.69,0,0,0,2500,0,0,2500,0,2500,0
20230101T000019,3,1828,5674.33,-3518.34,-94.7344,0,0,0,2500,0,0,2500,0,2500,0
20230101T000019,3,1829,1909.2,132.068,396.083,0,0,0,2500,0,0,2500,0,2500,0
20230101T000019,3,1830,4262.74,-23.079,187.596,0,0,0,2500,0,0,2500,0,2500,0
20230101T000019,3,1831,12221,-372.069,-2477.27,0,0,0,2500,0,0,2500,0,2500,0
20230101T000019,3,1832,2690.48,1766.97,193.261,0,0,0,2500,0,0,2500,0,2500,0
20230101T000019,3,1833,7273.28,8415.13,115.905,0,0,0,2500,0,0,2500,0,2500,0
20230101T000019,3,1834,7891.65,6823.4,907.48,0,0,0,2500,0,0,2500,0,2500,0
20230101T000019,3,1835,6699.33,5311.26,-119.977,0,0,0,2500,0,0,2500,0,2500,0
20230101T000019,3,1836,4340.51,3729.09,824.555,0,0,0,2500,0,0,2500,0,2500,0
20230101T000019,3,1837,2580.22,3920.74,350.432,0,0,0,2500,0,0,2500,0,2500,0
20230101T000019.100000,6,1984,4750.39,-3695.97,1508.35,0,0,0,24161.4,26298.3,-11452.5,37501.3,8910.44,57966.1,1.44752e+14
20230101T000019.100000,6,1985,3405.53,-1212.97,773.473,0,0,0,3257.85,6287.41,-4202.21,18670.9,1496.73,20913.1,2.04222e+14
20230101T000019.100000,6,1986,8121.07,-3137.71,-829.521,0,0,0,16765.5,40379.1,10772.9,105674,-4162.3,121276,1.19297e+14
20230101T000019.100000,6,1987,10937.9,124.806,-349.258,0,0,0,283.994,-2181.23,6110.2,191420,69.72,191445,1.4791e+14
20230101T000019.100000,6,1988,9412.28,-1800.25,-427.835,0,0,0,5529.6,27045.4,6440.24,141758,-1231.8,146931,1.3132e+14
20230101T000019.100000,6,1989,6300.05,-26.7061,1128.57,0,0,0,2101,260.298,-11365,63505.1,48.1766,63508.2,1.60603e+14
20230101T000019.100000,6,1990,3758.14,1538.83,-467.271,0,0,0,4142.07,-9108.36,2802.99,22657,1147.73,26387.4,1.20189e+14
20230101T000019.100000,6,1991,8554.43,5718.46,247.992,0,0,0,52433.5,-78194.1,-3393.01,117135,-2268.16,169407,1.57701e+14
20230101T000019.100000,6,1992,5536.21,1879.53,-36.5249,0,0,0,5711.49,-16628.6,323.156,49046.2,109.711,54691.5,1.25909e+14
20230101T000019.100000,6,1993,6400.29,2946.84,-284.192,0,0,0,14053.6,-30103.7,2907.91,65575.7,1338.87,79436.2,1.20545e+14
20230101T000019.100000,6,1994,4687.46,1036.25,1142.26,0,0,0,3766.18,-7319.04,-8552.77,35255.7,-1890.75,36877.1,1.43934e+14
20230101T000019.100000,6,1995,965.021,1146.71,-50.5048,0,0,0,2132.11,-1737.06,76.5941,1529.84,91.0149,3594.01,4.47402e+21
20230101T000019.100000,6,1996,2235.9,3245.58,-7.36328,0,0,0,16874.7,-11581,26.2739,8042.28,38.1386,24852.9,2.75029e+14
20230101T000019.100000,6,1997,6468.89,7865.38,-477.38,0,0,0,99155.5,-81198.2,4939.09,67210.1,6005.33,165937,1.40517e+14
20230101T000019.100000,6,1998,6067.54,5410.08,1011.1,0,0,0,47776.8,-51677.7,-9810,59656.5,-8747.02,105736,2.47028e+14
20230101T000019.100000,6,1999,3276.68,4716.23,-668.3,0,0,0,35841.6,-24361.2,3499.5,17703.1,5036.93,52767.9,1.9139e+14
20230101T000019.100000,6,2000,3099.61,3576.6,-725.313,0,0,0,20855.1,-17290.2,3590.82,15888.5,4143.4,35840.9,2.02409e+14
20230101T000019.100000,3,1838,4750.39,-3695.97,1508.35,0,0,0,2500,0,0,2500,0,2500,0
20230101T000019.100000,3,1839,3405.53,-1212.97,773.473,0,0,0,2500,0,0,2500,0,2500,0
20230101T000019.100000,3,1840,8121.07,-3137.71,-829.521,0,0,0,2500,0,0,2500,0,2500,0
20230101T000019.100000,3,1841,10937.9,124.806,-349.258,0,0,0,2500,0,0,2500,0,2500,0
20230101T000019.100000,3,1842,9412.28,-1800.25,-427.835,0,0,0,2500,0,0,2500,0,2500,0
20230101T000019.100000,3,1843,6300.05,-26.7061,1128.57,0,0,0,2500,0,0,2500,0,2500,0
20230101T000019.100000,3,1844,3758.14,1538.83,-467.271,0,0,0,2500,0,0,2500,0,2500,0
20230101T000019.100000,3,1845,8554.43,5718.46,247.992,0,0,0,2500,0,0,2500,0,2500,0
20230101T000019.100000,3,1846,5536.21,1879.53,-36.5249,0,0,0,2500,0,0,2500,0,2500,0
20230101T000019.100000,3,1847,6400.29,2946.84,-284.192,0,0,0,2500,0,0,2500,0,2500,0
20230101T000019.100000,3,1848,4687.46,1036.25,1142.26,0,0,0,2500,0,0,2500,0,2500,0
20230101T000019.100000,3,1849,965.021,1146.71,-50.5048,0,0,0,2500,0,0,2500,0,2500,0
20230101T000019.100000,3,1850,2235.9,3245.58,-7.36328,0,0,0,2500,0,0,2500,0,2500,0
20230101T000019.100000,3,1851,6468.89,7865.38,-477.38,0,0,0,2500,0,0,2500,0,2500,0
20230101T000019.100000,3,1852,6067.54,5410.08,1011.1,0,0,0,2500,0,0,2500,0,2500,0
20230101T000019.100000,3,1853,3276.68,4716.23,-668.3,0,0,0,2500,0,0,2500,0,2500,0
20230101T000019.100000,3,1854,3099.61,3576.6,-725.313,0,0,0,2500,0,0,2500,0,2500,0
20230101T000019.200000,6,2001,2910.66,-1861.74,-456.739,0,0,0,5827.25,8490.18,2120.05,13670.3,-1356.05,19101.9,1.46576e+14
20230101T000019.200000,6,2002,4706.32,-1469.85,829.497,0,0,0,4516.52,10737.2,-6236.21,35542.5,1947.66,38897.6,1.79715e+14
20230101T000019.200000,6,2003,5547.6,-1127.7,-508.041,0,0,0,2492.27,9916.61,4503.87,49260.4,-915.53,51276.7,1.15858e+14
20230101T000019.200000,6,2004,3319.04,61.6176,587.51,0,0,0,620.188,-315.817,-3108.97,17625.8,-57.7177,17633.7,1.25851e+14
20230101T000019.200000,6,2005,10920.6,-23.822,2433.43,0,0,0,9536.37,395.44,-42505.7,190816,92.7209,190820,1.60049e+14
20230101T000019.200000,6,2006,3155.99,1691.52,919.621,0,0,0,5675.77,-7953.07,-4630.11,16251.8,-2481.6,20518.4,1.64707e+14
20230101T000019.200000,6,2007,7890.98,3509.53,1024.03,0,0,0,21160.3,-43663.3,-12922.1,99915.5,-5747.13,119336,1.95219e+14
20230101T000019.200000,6,2008,5089.13,2532.9,-1220.21,0,0,0,12223.2,-19649.7,9923.91,41923.9,4939.2,51706.5,1.31129e+14
20230101T000019.200000,6,2009,1141.86,970.91,-45.4367,0,0,0,1547.29,-1740.65,81.5353,2114.38,69.3283,3594.49,1.94643e+21
20230101T000019.200000,3,1855,2910.66,-1861.74,-456.739,0,0,0,2500,0,0,2500,0,2500,0
20230101T000019.200000,3,1856,4706.32,-1469.85,829.497,0,0,0,2500,0,0,2500,0,2500,0
20230101T000019.200000,3,1857,5547.6,-1127.7,-508.041,0,0,0,2500,0,0,2500,0,2500,0
20230101T000019.200000,3,1858,3319.04,61.6176,587.51,0,0,0,2500,0,0,2500,0,2500,0
20230101T000019.200000,3,1859,10920.6,-23.822,2433.43,0,0,0,2500,0,0,2500,0,2500,0
20230101T000019.200000,3,1860,3155.99,1691.52,919.621,0,0,0,2500,0,0,2500,0,2500,0
20230101T000019.200000,3,1861,7890.98,3509.53,1024.03,0,0,0,2500,0,0,2500,0,2500,0
20230101T000019.200000,3,1862,5089.13,2532.9,-1220.21,0,0,0,2500,0,0,2500,0,2500,0
20230101T000019.200000,3,1863,1141.86,970.91,-45.4367,0,0,0,2500,0,0,2500,0,2500,0
20230101T000019.300000,6,2010,4675.26,-6139.09,212.276,0,0,0,60351.5,45857.4,-1586.84,35059,2083.69,95274.5,1.27034e+14
20230101T000019.300000,6,2011,5846.33,-5759.9,906.662,0,0,0,53781.8,53189.6,-8476.05,55366.2,8350.75,107770,1.21283e+14
20230101T000019.300000,6,2012,5839.97,-5892.34,402.786,0,0,0,55711.8,54896.1,-3761.43,54731.6,3795.17,110120,1.20042e+14
20230101T000019.300000,6,2013,3281.7,-1466.93,-181.165,0,0,0,3539.97,7659.07,948.309,17250.7,-423.895,20674.5,6.75725e+13
20230101T000019.300000,6,2014,11386,-699.783,-1788.26,0,0,0,5943.1,12431.2,32568,207444,-2001.63,208209,1.73003e+14
20230101T000019.300000,6,2015,6779.19,404.623,-2.43854,0,0,0,325.734,-4385.02,26.4272,73532.1,1.57733,73793.9,2.439e+14
20230101T000019.300000,6,2016,4961.83,-52.9715,-1167.11,0,0,0,2244.29,396.625,9251.29,39391.8,-98.7651,39399.4,1.88256e+14
20230101T000019.300000,6,2017,1298.52,748.845,-47.7868,0,0,0,947.952,-1526.58,97.5179,2714.73,56.2376,3595.16,2.84617e+21
20230101T000019.300000,6,2018,7738.47,4596.95,307.982,0,0,0,33970.5,-56822.7,-3811.41,95870.6,-2264.12,129626,2.90213e+14
20230101T000019.300000,3,1864,4675.26,-6139.09,212.276,0,0,0,2500,0,0,2500,0,2500,0
20230101T000019.300000,3,1865,5846.32,-5759.9,906.662,0,0,0,2500,0,0,2500,0,2500,0
20230101T000019.300000,3,1866,5839.97,-5892.34,402.786,0,0,0,2500,0,0,2500,0,2500,0
20230101T000019.300000,3,1867,3281.7,-1466.93,-181.165,0,0,0,2500,0,0,2500,0,2500,0
20230101T000019.300000,3,1868,11386,-699.783,-1788.26,0,0,0,2500,0,0,2500,0,2500,0
20230101T000019.300000,3,1869,6779.19,404.623,-2.43854,0,0,0,2500,0,0,2500,0,2500,0
20230101T000019.300000,3,1870,4961.83,-52.9715,-1167.11,0,0,0,2500,0,0,2500,0,2500,0
20230101T000019.300000,3,1871,1298.52,748.845,-47.7868,0,0,0,2500,0,0,2500,0,2500,0
20230101T000019.300000,3,1872,7738.47,4596.95,307.982,0,0,0,2500,0,0,2500,0,2500,0
20230101T000019.400000,6,2019,1247.32,-952.465,180.504,0,0,0,1524.33,1845.23,-354.46,2531.76,270.669,3941.64,7.82227e+14
20230101T000019.400000,6,2020,5155.59,-6439.08,-1605.64,0,0,0,67974.3,51073,13237.3,45079.4,-16532.8,108869,2.67963e+14
20230101T000019.400000,6,2021,11342.7,-3905.17,-970.693,0,0,0,25805.3,70388.7,17611.6,206018,-6063.48,230252,9.27669e+13
20230101T000019.400000,6,2022,11088.1,1083.56,577.658,0,0,0,2470.65,-19165.6,-10244.9,196720,-1001.16,198593,1.34586e+14
20230101T000019.400000,6,2023,8098.69,332.039,-282.665,0,0,0,367.84,-4294.69,3660.51,104942,150.078,105119,1.04143e+14
20230101T000019.400000,6,2024,3168.74,1729.42,397.483,0,0,0,5028.92,-8635.24,-2009.12,16138,-1096.53,20851.6,1.97244e+14
20230101T000019.400000,6,2025,1409.69,509.039,-49.81,0,0,0,474.66,-1126.45,110.348,3187.38,39.8468,3594.22,3.82199e+21
20230101T000019.400000,6,2026,3816.48,1851.65,-271.754,0,0,0,5633.02,-11235.4,1655.76,23339.5,803.328,28790.9,2.07424e+14
20230101T000019.400000,6,2027,10415,5153.98,422.927,0,0,0,42782.9,-85746.9,-7045.59,173625,-3486.58,216058,1.74806e+14
20230101T000019.400000,6,2028,11064,5466.39,1144.08,0,0,0,49544.7,-95911.3,-20247.7,196282,-10003.8,243670,2.6363e+14
20230101T000019.400000,6,2029,6956.92,3795.66,860.103,0,0,0,24012.1,-41725.5,-9567.84,77723.9,-5220.16,100490,5.42703e+14
20230101T000019.400000,6,2030,2961.34,2457.05,-466.124,0,0,0,9902.59,-11440,2202.68,14198.7,1827.59,23691.5,1.52118e+14
20230101T000019.400000,6,2031,5810.01,8625.28,-1080.73,0,0,0,119636,-79285.5,10042.8,55338.9,14909.1,173043,2.40635e+14
20230101T000019.400000,6,2032,3982.63,4119.42,180.255,0,0,0,27207.5,-26191.9,-1147.22,25438,-1186.63,52529.6,1.73304e+14
20230101T000019.400000,3,1873,1247.32,-952.465,180.504,0,0,0,2500,0,0,2500,0,2500,0
20230101T000019.400000,3,1874,5155.59,-6439.08,-1605.64,0,0,0,2500,0,0,2500,0,2500,0
20230101T000019.400000,3,1875,11342.7,-3905.17,-970.693,0,0,0,2500,0,0,2500,0,2500,0
20230101T000019.400000,3,1876,11088.1,1083.56,577.658,0,0,0,2500,0,0,2500,0,2500,0
20230101T000019.400000,3,1877,8098.69,332.039,-282.665,0,0,0,2500,0,0,2500,0,2500,0
20230101T000019.400000,3,1878,3168.74,1729.42,397.483,0,0,0,2500,0,0,2500,0,2500,0
20230101T000019.400000,3,1879,1409.69,509.039,-49.81,0,0,0,2500,0,0,2500,0,2500,0
20230101T000019.400000,3,1880,3816.48,1851.65,-271.754,0,0,0,2500,0,0,2500,0,2500,0
20230101T000019.400000,3,1881,10415,5153.98,422.927,0,0,0,2500,0,0,2500,0,2500,0
20230101T000019.400000,3,1882,11064,5466.39,1144.08,0,0,0,2500,0,0,2500,0,2500,0
20230101T000019.400000,3,1883,6956.92,3795.66,860.103,0,0,0,2500,0,0,2500,0,2500,0
20230101T000019.400000,3,1884,2961.34,2457.05,-466.124,0,0,0,2500,0,0,2500,0,2500,0
20230101T000019.400000,3,1885,5810.01,8625.28,-1080.73,0,0,0,2500,0,0,2500,0,2500,0
20230101T000019.400000,3,1886,3982.63,4119.42,180.255,0,0,0,2500,0,0,2500,0,2500,0
20230101T000019.500000,6,2033,9417.39,-5917.29,-1486.72,0,0,0,58603.5,87539.2,22394.4,142918,-14071.3,197924,1.80571e+14
20230101T000019.500000,6,2034,3180.99,-3843.2,521.745,0,0,0,23835.2,19315.3,-2651.24,16485.9,3203.18,39822.9,1.73086e+14
20230101T000019.500000,6,2035,9966.99,-4356.59,-743.039,0,0,0,31163,69127.8,11845.4,159097,-5177.65,189314,4.39533e+14
20230101T000019.500000,6,2036,5351.94,-2467.48,159.946,0,0,0,9828,21089.4,-1368.06,45847.6,630.734,55570.7,1.44403e+14
20230101T000019.500000,6,2037,1475.4,262.476,-55.3559,0,0,0,176.935,-607.745,128.351,3485,22.8339,3593.2,4.87374e+21
20230101T000019.500000,6,2038,10012.8,1606.2,328.717,0,0,0,4358.7,-25695.2,-5264.17,160417,-844.449,164539,1.00717e+14
20230101T000019.500000,6,2039,9267.43,-1221.5,-561.731,0,0,0,2946.22,18038.6,8325.48,137426,-1097.34,139804,2.36981e+14
20230101T000019.500000,6,2040,8494.77,4334.2,-365.639,0,0,0,30276.9,-58796.4,4967.45,115515,2534.49,145514,1.87698e+14
20230101T000019.500000,6,2041,2319.64,1484.28,-595.265,0,0,0,3970.59,-5223.66,2198.15,8791.63,1406.54,12137,2.64868e+14
20230101T000019.500000,3,1887,9417.39,-5917.29,-1486.72,0,0,0,2500,0,0,2500,0,2500,0
20230101T000019.500000,3,1888,3180.99,-3843.2,521.745,0,0,0,2500,0,0,2500,0,2500,0
20230101T000019.500000,3,1889,9966.99,-4356.59,-743.039,0,0,0,2500,0,0,2500,0,2500,0
20230101T000019.500000,3,1890,5351.94,-2467.48,159.946,0,0,0,2500,0,0,2500,0,2500,0
20230101T000019.500000,3,1891,1475.4,262.476,-55.3559,0,0,0,2500,0,0,2500,0,2500,0
20230101T000019.500000,3,1892,10012.8,1606.2,328.717,0,0,0,2500,0,0,2500,0,2500,0
20230101T000019.500000,3,1893,9267.43,-1221.5,-561.731,0,0,0,2500,0,0,2500,0,2500,0
20230101T000019.500000,3,1894,8494.77,4334.2,-365.639,0,0,0,2500,0,0,2500,0,2500,0
20230101T000019.500000,3,1895,2319.64,1484.28,-595.265,0,0,0,2500,0,0,2500,0,2500,0
20230101T000019.600000,6,2042,3026.05,-1526.88,311.992,0,0,0,3904.89,7304.48,-1505.35,14695.6,759.567,18381.9,1.18466e+14
20230101T000019.600000,6,2043,3654.01,-1672.24,-182.843,0,0,0,4571.24,9732.2,1066.34,21383.2,-488.002,25837.3,1.7535e+14
20230101T000019.600000,6,2044,7560.57,-2885.18,-169.075,0,0,0,13414.6,34865.2,2044.04,91473.4,-780.025,104778,1.26438e+14
20230101T000019.600000,6,2045,6041.34,-1525,-1599.88,0,0,0,7627.51,13754.7,15449.8,58645.4,-3899.93,62121.4,1.3104e+14
20230101T000019.600000,6,2046,1498.63,1.2317,-55.4651,0,0,0,68.837,-2.89681,130.63,3593.45,0.107362,3593.54,2.14224e+21
20230101T000019.600000,6,2047,4196.89,616.506,461.259,0,0,0,1003.27,-4081.8,-3090.56,28190.7,-453.99,28791,1.51527e+14
20230101T000019.600000,6,2048,5108.89,2281.17,-1248.57,0,0,0,10456.5,-17695.5,10193.7,42186,4551.59,50090.3,1.14248e+14
20230101T000019.600000,3,1896,3026.05,-1526.88,311.992,0,0,0,2500,0,0,2500,0,2500,0
20230101T000019.600000,3,1897,3654.01,-1672.24,-182.843,0,0,0,2500,0,0,2500,0,2500,0
20230101T000019.600000,3,1898,7560.57,-2885.18,-169.075,0,0,0,2500,0,0,2500,0,2500,0
20230101T000019.600000,3,1899,6041.34,-1525,-1599.88,0,0,0,2500,0,0,2500,0,2500,0
20230101T000019.600000,3,1900,1498.63,1.2317,-55.4651,0,0,0,2500,0,0,2500,0,2500,0
20230101T000019.600000,3,1901,4196.89,616.506,461.259,0,0,0,2500,0,0,2500,0,2500,0
20230101T000019.600000,3,1902,5108.89,2281.17,-1248.57,0,0,0,2500,0,0,2500,0,2500,0
20230101T000019.700000,6,2049,3359.4,-2726.53,217.541,0,0,0,11978.5,14586.9,-1166.8,18112.3,946.99,29951.4,1.10833e+14
20230101T000019.700000,6,2050,1856.33,-1949.1,-490.928,0,0,0,6291.24,5565.55,1450.33,5748.22,-1522.8,11594,2.67424e+14
20230101T000019.700000,6,2051,3412.43,-1889.78,247.988,0,0,0,5838.1,10249.3,-1350.44,18669.6,747.864,24345.8,3.25242e+14
20230101T000019.700000,6,2052,1476.1,-260.424,-46.7697,0,0,0,173.915,603.521,108.494,3488.23,-19.1413,3594.77,2.94296e+21
20230101T000019.700000,6,2053,9821.41,-3527.44,-1777.16,0,0,0,24439.5,53803.7,27916.7,154921,-10026.5,174246,2.08972e+14
20230101T000019.700000,6,2054,7164.5,-3847.31,1985.4,0,0,0,28625,41448.5,-22746.1,83553.1,12214.6,105814,1.84552e+14
20230101T000019.700000,6,2055,6640.49,-4080.41,-331,0,0,0,26813.3,43246.8,3514.49,70619.3,-2159.56,97193.5,1.8043e+14
20230101T000019.700000,6,2056,1475.29,-264.178,-48.1697,0,0,0,177.209,611.846,111.68,3484.47,-19.9984,3594.1,2.89962e+21
20230101T000019.700000,6,2057,8428.38,1567.4,-1004.87,0,0,0,5553.4,-20835.2,13543.8,113716,2518.69,117592,1.29001e+14
20230101T000019.700000,6,2058,7159.76,1035.49,434.156,0,0,0,2073.46,-11810.4,-4969.74,82026.9,-718.757,83735.2,2.21156e+14
20230101T000019.700000,6,2059,4898.69,303.389,-511.504,0,0,0,627.361,-2348.2,4002.53,38397.3,247.888,38543.4,1.87999e+14
20230101T000019.700000,6,2060,3039.49,1671.6,-25.1703,0,0,0,4520.69,-8101.84,122.001,14796.7,67.0957,19252.4,1.9115e+14
20230101T000019.700000,6,2061,4225.52,1267.99,127.126,0,0,0,2654.86,-8547.95,-857.714,28575.5,-257.382,31140.6,2.6313e+14
20230101T000019.700000,6,2062,7235.19,3937.64,-570.126,0,0,0,25258.3,-45338.2,6596.08,83890.1,3589.81,108565,1.25358e+14
20230101T000019.700000,6,2063,9460.61,1859.24,-555.967,0,0,0,6068.43,-28037.6,8412.05,143226,1653.17,148736,1.02478e+14
20230101T000019.700000,6,2064,6922.66,2144.09,49.633,0,0,0,7417.37,-23729.3,-549.329,76683.2,-170.138,84032.6,2.36227e+14
20230101T000019.700000,6,2065,987.232,1037.84,221.766,0,0,0,1790.44,-1568.83,-343.626,1633.52,-361.241,3284.27,8.90944e+14
20230101T000019.700000,6,2066,5061.69,6354.15,217.984,0,0,0,64654.7,-51392.1,-1764.31,41078.7,-2214.82,105593,1.23232e+14
20230101T000019.700000,6,2067,4642.71,5189.59,316.173,0,0,0,43190.4,-38438.8,-2346.71,34611.9,-2623.13,77578.6,8.59047e+13
20230101T000019.700000,6,2068,3826.52,4745.95,363.632,0,0,0,36146.9,-28922.2,-2223.92,23594.4,-2758.28,59466.2,1.99046e+14
20230101T000019.700000,3,1903,3359.4,-2726.53,217.541,0,0,0,2500,0,0,2500,0,2500,0
20230101T000019.700000,3,1904,1856.33,-1949.1,-490.928,0,0,0,2500,0,0,2500,0,2500,0
20230101T000019.700000,3,1905,3412.43,-1889.78,247.988,0,0,0,2500,0,0,2500,0,2500,0
20230101T000019.700000,3,1906,1476.1,-260.424,-46.7697,0,0,0,2500,0,0,2500,0,2500,0
20230101T000019.700000,3,1907,9821.41,-3527.44,-1777.16,0,0,0,2500,0,0,2500,0,2500,0
20230101T000019.700000,3,1908,7164.5,-3847.31,1985.4,0,0,0,2500,0,0,2500,0,2500,0
20230101T000019.700000,3,1909,6640.49,-4080.41,-331,0,0,0,2500,0,0,2500,0,2500,0
20230101T000019.700000,3,1910,1475.29,-264.178,-48.1697,0,0,0,2500,0,0,2500,0,2500,0
20230101T000019.700000,3,1911,8428.38,1567.4,-1004.87,0,0,0,2500,0,0,2500,0,2500,0
20230101T000019.700000,3,1912,7159.76,1035.49,434.156,0,0,0,2500,0,0,2500,0,2500,0
20230101T000019.700000,3,1913,4898.69,303.389,-511.504,0,0,0,2500,0,0,2500,0,2500,0
20230101T000019.700000,3,1914,3039.49,1671.6,-25.1703,0,0,0,2500,0,0,2500,0,2500,0
20230101T000019.700000,3,1915,4225.52,1267.99,127.126,0,0,0,2500,0,0,2500,0,2500,0
20230101T000019.700000,3,1916,7235.19,3937.64,-570.126,0,0,0,2500,0,0,2500,0,2500,0
20230101T000019.700000,3,1917,9460.61,1859.24,-555.967,0,0,0,2500,0,0,2500,0,2500,0
20230101T000019.700000,3,1918,6922.66,2144.09,49.633,0,0,0,2500,0,0,2500,0,2500,0
20230101T000019.700000,3,1919,987.232,1037.84,221.766,0,0,0,2500,0,0,2500,0,2500,0
20230101T000019.700000,3,1920,5061.69,6354.15,217.984,0,0,0,2500,0,0,2500,0,2500,0
20230101T000019.700000,3,1921,4642.71,5189.59,316.173,0,0,0,2500,0,0,2500,0,2500,0
20230101T000019.700000,3,1922,3826.52,4745.95,363.632,0,0,0,2500,0,0,2500,0,2500,0
20230101T000019.800000,6,2069,3079.5,-3363.09,-24.4017,0,0,0,18126.2,16538.3,120.001,15208.6,-131.052,33269.9,1.04954e+14
20230101T000019.800000,6,2070,2231.48,-3384.33,-107.613,0,0,0,18350.9,12045.4,383.284,8024.67,-581.3,26293.1,1.6872e+14
20230101T000019.800000,6,2071,2540,-1937.39,-635.816,0,0,0,6453.39,7531.96,2574.22,10583.1,-1963.49,16330.6,2.12402e+14
20230101T000019.800000,6,2072,5040.04,-6416.4,40.8999,0,0,0,65897.7,51709.9,-329.621,40684.4,419.636,106515,2.07496e+14
20230101T000019.800000,6,2073,7535.41,-5833.27,-520.36,0,0,0,54754,70089,6271.04,91038,-4854.5,145295,1.75142e+14
20230101T000019.800000,6,2074,3681.07,-3495.43,-224.85,0,0,0,19625,20514.8,1322.25,21749.1,-1255.57,41229.4,1.85079e+14
20230101T000019.800000,6,2075,2181.37,-995.901,-466.447,0,0,0,1926.01,3321.06,1617.08,7684.06,-738.274,9202.62,1.85384e+14
20230101T000019.800000,6,2076,1412.87,-499.487,-59.6581,0,0,0,461.042,1107.27,132.464,3201.64,-46.8296,3593.19,9.04852e+19
20230101T000019.800000,6,2077,8348.14,-2256.74,532.028,0,0,0,8630.07,30013.2,-7102.53,111542,1920.02,119655,8.84038e+13
20230101T000019.800000,6,2078,6333.77,-2531.84,1175.14,0,0,0,12215.1,24874.8,-11898.9,64499.6,4756.45,74444.8,1.1903e+14
20230101T000019.800000,6,2079,6211.75,-4036.28,-180.425,0,0,0,26148.1,40062.7,1791.9,61771.8,-1164.34,87803.9,1.9605e+14
20230101T000019.800000,6,2080,4084.94,781.769,597.606,0,0,0,1589.57,-4992.49,-3897.04,26721.1,-745.81,27677.9,1.30601e+14
20230101T000019.800000,6,2081,6038.4,-327.347,366.936,0,0,0,449.824,3147.55,-3541.27,58340.4,191.975,58511.3,2.44989e+14
20230101T000019.800000,6,2082,1386.75,392.592,-154.025,0,0,0,340.33,-844.547,335.243,3084.41,94.9085,3324.23,8.1432e+14
20230101T000019.800000,6,2083,9383.99,6009.26,3148.12,0,0,0,69065.4,-82997,-47253,145524,-30259.6,198677,1.57411e+14
20230101T000019.800000,6,2084,9101.02,7220.23,1331.83,0,0,0,85191.4,-103726,-19388,133646,-15381.3,215937,9.74481e+13
20230101T000019.800000,6,2085,10042.4,7290.29,-642.288,0,0,0,85511.5,-116795,10317.5,161609,7490.01,246397,1.15815e+14
20230101T000019.800000,6,2086,265.913,234.731,50.6413,0,0,0,125.716,-66.7145,-14.8323,142.402,-13.093,202.572,1.36454e+14
20230101T000019.800000,6,2087,4485.48,4176.67,-1158.75,0,0,0,29095.1,-28872.8,8307.54,33217.6,7735.61,60104.8,1.47975e+14
20230101T000019.800000,6,2088,4229.83,5084.74,1028.32,0,0,0,42084.9,-33549.6,-6953.16,29663.2,-8358.49,69995.2,8.40684e+13
20230101T000019.800000,4,1891,1414.27,317.134,-98.4605,-16.8241,15.0435,-11.8637,110.121,-256.105,54.0455,1504.15,9.61479,1548.59,0
20230101T000019.800000,4,1901,4130.86,622.161,466.342,-12.698,1.08763,0.977543,138.103,-330.008,-247.155,2336.17,-36.3061,2359.79,0
20230101T000019.800000,3,1923,3079.5,-3363.09,-24.4017,0,0,0,2500,0,0,2500,0,2500,0
20230101T000019.800000,3,1924,2231.48,-3384.33,-107.613,0,0,0,2500,0,0,2500,0,2500,0
20230101T000019.800000,3,1925,2540,-1937.39,-635.816,0,0,0,2500,0,0,2500,0,2500,0
20230101T000019.800000,3,1926,5040.04,-6416.4,40.8999,0,0,0,2500,0,0,2500,0,2500,0
20230101T000019.800000,3,1927,7535.41,-5833.26,-520.36,0,0,0,2500,0,0,2500,0,2500,0
20230101T000019.800000,3,1928,3681.07,-3495.43,-224.85,0,0,0,2500,0,0,2500,0,2500,0
20230101T000019.800000,3,1929,2181.37,-995.901,-466.447,0,0,0,2500,0,0,2500,0,2500,0
20230101T000019.800000,3,1930,1412.87,-499.487,-59.6581,0,0,0,2500,0,0,2500,0,2500,0
20230101T000019.800000,3,1931,8348.14,-2256.74,532.028,0,0,0,2500,0,0,2500,0,2500,0
20230101T000019.800000,3,1932,6333.77,-2531.84,1175.14,0,0,0,2500,0,0,2500,0,2500,0
20230101T000019.800000,3,1933,6211.75,-4036.28,-180.425,0,0,0,2500,0,0,2500,0,2500,0
20230101T000019.800000,3,1934,6038.4,-327.347,366.936,0,0,0,2500,0,0,2500,0,2500,0
20230101T000019.800000,3,1935,9383.99,6009.26,3148.12,0,0,0,2500,0,0,2500,0,2500,0
20230101T000019.800000,3,1936,9101.02,7220.23,1331.83,0,0,0,2500,0,0,2500,0,2500,0
20230101T000019.800000,3,1937,10042.4,7290.29,-642.288,0,0,0,2500,0,0,2500,0,2500,0
20230101T000019.800000,3,1938,265.913,234.731,50.6413,0,0,0,2500,0,0,2500,0,2500,0
20230101T000019.800000,3,1939,4485.48,4176.67,-1158.75,0,0,0,2500,0,0,2500,0,2500,0
20230101T000019.800000,3,1940,4229.83,5084.74,1028.32,0,0,0,2500,0,0,2500,0,2500,0
20230101T000019.900000,6,2089,2511.58,-1888.99,57.8566,0,0,0,5753.54,7557.66,-231.557,10117.9,174.157,15802.2,8.59975e+13
20230101T000019.900000,6,2090,7316.27,-8072.11,146.116,0,0,0,104299,94443.6,-1709.87,85698.4,1886.51,189899,2.12995e+14
20230101T000019.900000,6,2091,3751.14,-6104.44,-1377.74,0,0,0,60472.1,35255.5,8262.76,24763.1,-13446.5,82138.6,2.0239e+14
20230101T000019.900000,6,2092,5474.81,-5530.78,196.257,0,0,0,49005.5,48385.2,-1718.01,48021,1735.58,96901,1.14515e+14
20230101T000019.900000,6,2093,6510.15,-7171.58,-1807.9,0,0,0,84680.9,72067.5,18823.8,70712.2,-20736.2,150104,1.77088e+14
20230101T000019.900000,6,2094,1299.63,-748.893,-47.6834,0,0,0,948.074,1528.02,97.3923,2719.31,-56.1209,3599.87,3.89787e+19
20230101T000019.900000,6,2095,4221.59,-1827.78,282.216,0,0,0,5506.28,12276.1,-1902.65,28545.1,823.772,33860.5,8.78082e+13
20230101T000019.900000,6,2096,4690.58,-1842.63,-868.393,0,0,0,6531.56,13397,6507.26,35372.1,-2556.29,40636.8,1.21095e+14
20230101T000019.900000,6,2097,9815.56,149.234,2628.32,0,0,0,11145.7,-2174.78,-41261.6,154155,-627.332,154192,1.83454e+14
20230101T000019.900000,6,2098,10278.3,70.4748,-1140.18,0,0,0,2151.07,-1144.28,18743.5,169030,128.518,169039,1.40168e+14
20230101T000019.900000,6,2099,499.305,743.604,-8.80175,0,0,0,904.641,-564.383,6.68106,443.082,9.94995,1283.61,1.10404e+14
20230101T000019.900000,6,2100,4454.5,5134.45,1215.5,0,0,0,43221.9,-35393.4,-8655.87,33132.2,-9977.12,73930.2,1.41088e+14
20230101T000019.900000,3,1941,2511.58,-1888.99,57.8566,0,0,0,2500,0,0,2500,0,2500,0
20230101T000019.900000,3,1942,7316.27,-8072.11,146.116,0,0,0,2500,0,0,2500,0,2500,0
20230101T000019.900000,3,1943,3751.14,-6104.44,-1377.74,0,0,0,2500,0,0,2500,0,2500,0
20230101T000019.900000,3,1944,5474.81,-5530.78,196.257,0,0,0,2500,0,0,2500,0,2500,0
20230101T000019.900000,3,1945,6510.15,-7171.58,-1807.9,0,0,0,2500,0,0,2500,0,2500,0
20230101T000019.900000,3,1946,1299.63,-748.893,-47.6834,0,0,0,2500,0,0,2500,0,2500,0
20230101T000019.900000,3,1947,4221.59,-1827.78,282.216,0,0,0,2500,0,0,2500,0,2500,0
20230101T000019.900000,3,1948,4690.58,-1842.63,-868.393,0,0,0,2500,0,0,2500,0,2500,0
20230101T000019.900000,3,1949,9815.56,149.234,2628.32,0,0,0,2500,0,0,2500,0,2500,0
20230101T000019.900000,3,1950,10278.3,70.4748,-1140.18,0,0,0,2500,0,0,2500,0,2500,0
20230101T000019.900000,3,1951,499.305,743.604,-8.80175,0,0,0,2500,0,0,2500,0,2500,0
20230101T000019.900000,3,1952,4454.5,5134.45,1215.5,0,0,0,2500,0,0,2500,0,2500,0
20230101T000020,6,2101,1973.27,-2185.75,-134.146,0,0,0,7685.6,6854.84,421.581,6281.15,-466.975,13874.2,1.54516e+14
20230101T000020,6,2102,1145.32,-966.384,-52.6382,0,0,0,1534.16,1737.22,94.7443,2127.25,-79.942,3593.14,4.71844e+19
20230101T000020,6,2103,7737.05,-8623.77,476.501,0,0,0,119182,106544,-5896.98,96015.8,6572.82,214770,1.18272e+14
20230101T000020,6,2104,8368.44,-5440.27,197.771,0,0,0,47443.4,72784.7,-2647,112087,1720.8,159404,1.14556e+14
20230101T000020,6,2105,351.474,-334.574,-56.8852,0,0,0,214.941,154.037,26.6294,230.128,-25.349,377.626,1.54072e+14
20230101T000020,6,2106,6946.49,-3173.36,130.802,0,0,0,16187.9,35235.4,-1452.78,77221.7,663.674,93318.2,1.39005e+14
20230101T000020,6,2107,1424.7,-258.812,-64.4952,0,0,0,175.449,577.563,144.219,3249.88,-26.1989,3354.93,1.93904e+15
20230101T000020,6,2108,3432.84,1185.44,11.3515,0,0,0,2305.8,-6491.29,-62.1593,18861.9,-21.4651,21103.5,2.23301e+14
20230101T000020,6,2109,1624.4,1137.41,-123.875,0,0,0,2129.18,-2914.69,318.695,4250.95,223.151,6292.07,1.95988e+14
20230101T000020,6,2110,4944.82,3236.24,-1334.02,0,0,0,18793.3,-24271.6,10542.9,39994.1,6900,55882.2,2.33636e+14
20230101T000020,6,2111,8152.42,4256.8,899.861,0,0,0,30060.5,-54967.6,-11732.2,106630,-6125.98,135332,5.74918e+14
20230101T000020,6,2112,4969.14,6855.86,1063.76,0,0,0,75849.8,-53618.1,-8452.88,40736,-11662.3,114713,1.19194e+14
20230101T000020,6,2113,3154.36,4436.66,-920.294,0,0,0,31970.2,-21722.4,4638.61,16861.4,6524.28,47416.1,1.07178e+14
20230101T000020,4,1910,1426.61,-257.11,-54.5961,-13.3974,1.94542,-1.76876,110.23,257.796,47.0278,1503.72,-8.4212,1549.03,0
20230101T000020,3,1953,1973.27,-2185.75,-134.146,0,0,0,2500,0,0,2500,0,2500,0
20230101T000020,3,1954,1145.32,-966.384,-52.6382,0,0,0,2500,0,0,2500,0,2500,0
20230101T000020,3,1955,7737.05,-8623.77,476.501,0,0,0,2500,0,0,2500,0,2500,0
20230101T000020,3,1956,8368.44,-5440.27,197.771,0,0,0,2500,0,0,2500,0,2500,0
20230101T000020,3,1957,351.474,-334.574,-56.8852,0,0,0,2500,0,0,2500,0,2500,0
20230101T000020,3,1958,6946.49,-3173.36,130.802,0,0,0,2500,0,0,2500,0,2500,0
20230101T000020,3,1959,3432.84,1185.44,11.3515,0,0,0,2500,0,0,2500,0,2500,0
20230101T000020,3,1960,1624.4,1137.41,-123.875,0,0,0,2500,0,0,2500,0,2500,0
20230101T000020,3,1961,4944.82,3236.24,-1334.02,0,0,0,2500,0,0,2500,0,2500,0
20230101T000020,3,1962,8152.42,4256.8,899.861,0,0,0,2500,0,0,2500,0,2500,0
20230101T000020,3,1963,4969.14,6855.86,1063.76,0,0,0,2500,0,0,2500,0,2500,0
20230101T000020,3,1964,3154.36,4436.66,-920.294,0,0,0,2500,0,0,2500,0,2500,0
20230101T000020.100000,6,2114,5713.82,-6254.25,-481.506,0,0,0,62782.8,56960.6,4399.54,52473.4,-4815.65,114822,1.36579e+14
20230101T000020.100000,6,2115,3455.31,-4876.6,-60.3583,0,0,0,38073.2,26927.3,333.318,19149.2,-470.422,57152.6,1.84843e+14
20230101T000020.100000,6,2116,4769.75,-4934.77,-596.224,0,0,0,39268.6,37344.2,4546.3,36727.7,-4703.6,75364.4,2.38464e+14
20230101T000020.100000,6,2117,702.007,-172.275,120.853,0,0,0,128.25,173.682,-125.634,793.366,30.831,837.728,2.7853e+14
20230101T000020.100000,6,2118,9803.16,-6430.84,-1971.09,0,0,0,70558.6,97988.5,30907.9,155652,-20275.4,219934,1.18082e+14
20230101T000020.100000,6,2119,6734.82,-1448.97,-1787.18,0,0,0,8300.86,14550.5,19242.9,72801.3,-4140.04,75935.8,2.19694e+14
20230101T000020.100000,6,2120,5781.51,-2805.83,962.735,0,0,0,13847.2,25348,-8897.26,53776,4317.94,66079.1,2.63716e+14
20230101T000020.100000,6,2121,2342.17,-175.94,244.606,0,0,0,207.68,647.451,-910.076,8778.08,68.3637,8827.41,1.41876e+14
20230101T000020.100000,6,2122,2771.43,-230.774,-147.08,0,0,0,182.966,1015.18,648.828,12290,-54.0273,12374.7,1.11537e+14
20230101T000020.100000,6,2123,5589.56,-805.546,1417.8,0,0,0,4248.02,6741.65,-12664.8,50055.8,1825.2,51031.1,7.23246e+14
20230101T000020.100000,6,2124,9732.48,6118.28,468.4,0,0,0,60190.7,-95086.7,-7291.71,151671,-4583.9,211447,4.00219e+14
20230101T000020.100000,6,2125,965.403,1128.62,209.257,0,0,0,2094.16,-1677.71,-317.481,1567.9,-371.155,3530.49,4.3121e+20
20230101T000020.100000,6,2126,5106.07,5405.35,-588.703,0,0,0,47040,-43851.7,4806.08,42041.8,5087.77,88464.2,1.42749e+14
20230101T000020.100000,3,1965,5713.82,-6254.25,-481.506,0,0,0,2500,0,0,2500,0,2500,0
20230101T000020.100000,3,1966,3455.31,-4876.6,-60.3583,0,0,0,2500,0,0,2500,0,2500,0
20230101T000020.100000,3,1967,4769.75,-4934.77,-596.224,0,0,0,2500,0,0,2500,0,2500,0
20230101T000020.100000,3,1968,702.007,-172.275,120.853,0,0,0,2500,0,0,2500,0,2500,0
20230101T000020.100000,3,1969,9803.16,-6430.84,-1971.09,0,0,0,2500,0,0,2500,0,2500,0
20230101T000020.100000,3,1970,6734.82,-1448.97,-1787.18,0,0,0,2500,0,0,2500,0,2500,0
20230101T000020.100000,3,1971,5781.51,-2805.83,962.735,0,0,0,2500,0,0,2500,0,2500,0
20230101T000020.100000,3,1972,2342.17,-175.94,244.606,0,0,0,2500,0,0,2500,0,2500,0
20230101T000020.100000,3,1973,2771.43,-230.774,-147.08,0,0,0,2500,0,0,2500,0,2500,0
20230101T000020.100000,3,1974,5589.56,-805.546,1417.8,0,0,0,2500,0,0,2500,0,2500,0
20230101T000020.100000,3,1975,9732.48,6118.28,468.4,0,0,0,2500,0,0,2500,0,2500,0
20230101T000020.100000,3,1976,965.403,1128.62,209.257,0,0,0,2500,0,0,2500,0,2500,0
20230101T000020.100000,3,1977,5106.07,5405.35,-588.703,0,0,0,2500,0,0,2500,0,2500,0
20230101T000020.200000,6,2127,2716.33,-2182.29,-590.522,0,0,0,7996.71,9181.72,2558.27,12048.8,-2055.3,19427.2,1.0692e+14
20230101T000020.200000,6,2128,8505.25,-7644.1,-826.054,0,0,0,94130.9,103450,11237.8,116259,-10100,209235,1.88982e+14
20230101T000020.200000,6,2129,5547.61,-7576.63,-2036.28,0,0,0,94185.3,64060.1,18066.5,53600.2,-24674.3,141093,1.58014e+14
20230101T000020.200000,6,2130,3551.85,-4999.06,-1266.47,0,0,0,40866.5,27168.8,7189.98,21931.2,-10119.6,60172.6,3.99919e+14
20230101T000020.200000,6,2131,3860.29,-1813.15,-131.659,0,0,0,5335.15,11163.6,811.398,23859.5,-381.109,29103,1.17492e+14
20230101T000020.200000,6,2132,8630.29,-2335.96,-54.1044,0,0,0,8794.73,32238.7,746.726,119176,-202.116,127902,1.47136e+14
20230101T000020.200000,6,2133,9889.57,2120.08,-562.34,0,0,0,7736.31,-33429.9,8894.61,156511,1906.78,163678,1.55836e+14
20230101T000020.200000,6,2134,8059.6,119.237,529.364,0,0,0,534.722,-1530.03,-6822.15,103932,-100.929,103955,1.46185e+14
20230101T000020.200000,6,2135,7004.54,2121.61,-380.754,0,0,0,7472.9,-23695.4,4264.03,78526.6,1291.54,85703.8,1.25461e+14
20230101T000020.200000,6,2136,1143.1,943.086,226.864,0,0,0,1509.26,-1653.74,-407.54,2149.35,-336.231,3515.2,1.95371e+21
20230101T000020.200000,6,2137,2817.93,3642.34,-890.04,0,0,0,21724.3,-15778.9,4005.61,13536.6,5177.49,33934.1,8.84105e+13
20230101T000020.200000,6,2138,3666.18,3050.27,425.105,0,0,0,15095,-17719.1,-2489.26,21649.6,-2071.08,36392.5,1.06196e+14
20230101T000020.200000,6,2139,3607.57,3856.09,362.374,0,0,0,23918.9,-22121.2,-2088.67,20969.3,-2232.56,44614.6,2.00173e+14
20230101T000020.200000,3,1978,2716.33,-2182.29,-590.522,0,0,0,2500,0,0,2500,0,2500,0
20230101T000020.200000,3,1979,8505.25,-7644.1,-826.054,0,0,0,2500,0,0,2500,0,2500,0
20230101T000020.200000,3,1980,5547.61,-7576.63,-2036.28,0,0,0,2500,0,0,2500,0,2500,0
20230101T000020.200000,3,1981,3551.85,-4999.06,-1266.47,0,0,0,2500,0,0,2500,0,2500,0
20230101T000020.200000,3,1982,3860.29,-1813.15,-131.659,0,0,0,2500,0,0,2500,0,2500,0
20230101T000020.200000,3,1983,8630.29,-2335.96,-54.1044,0,0,0,2500,0,0,2500,0,2500,0
20230101T000020.200000,3,1984,9889.57,2120.08,-562.34,0,0,0,2500,0,0,2500,0,2500,0
20230101T000020.200000,3,1985,8059.6,119.237,529.364,0,0,0,2500,0,0,2500,0,2500,0
20230101T000020.200000,3,1986,7004.54,2121.61,-380.754,0,0,0,2500,0,0,2500,0,2500,0
20230101T000020.200000,3,1987,1143.1,943.086,226.864,0,0,0,2500,0,0,2500,0,2500,0
20230101T000020.200000,3,1988,2817.93,3642.34,-890.04,0,0,0,2500,0,0,2500,0,2500,0
20230101T000020.200000,3,1989,3666.18,3050.27,425.105,0,0,0,2500,0,0,2500,0,2500,0
20230101T000020.200000,3,1990,3607.57,3856.09,362.374,0,0,0,2500,0,0,2500,0,2500,0
20230101T000020.300000,6,2140,9106.8,-6151.83,-261.091,0,0,0,60670.9,89557.3,3803.06,132748,-2569.05,193246,2.01863e+14
20230101T000020.300000,6,2141,6119.75,-5689.23,1734.36,0,0,0,54402.3,53276.1,-16972.8,62181.8,15778.8,111713,2.03748e+14
20230101T000020.300000,6,2142,3958.04,-1136.53,-139.851,0,0,0,2154.7,7172.24,883.572,25073,-253.714,27132.5,1.4196e+14
20230101T000020.300000,6,2143,4422.42,-1686.12,243.76,0,0,0,4687.54,11877.9,-1721.74,31312.7,656.444,35841.5,2.2935e+14
20230101T000020.300000,6,2144,2323.67,-142.259,63.7361,0,0,0,102.569,524.606,-235.215,8639.4,14.4003,8671.57,2.08948e+14
20230101T000020.300000,6,2145,3478.12,-465.527,-246.414,0,0,0,504.752,2569.5,1366.86,19358.5,-182.946,19702.7,1.59246e+14
20230101T000020.300000,6,2146,11126,-1275.41,1527.21,0,0,0,6348.05,22274.8,-27178.1,198108,3115.52,200663,1.99539e+14
20230101T000020.300000,6,2147,3924.94,-64.9165,800.919,0,0,0,1094.24,389.683,-5017.16,24648.6,82.9813,24657.6,1.2426e+14
20230101T000020.300000,6,2148,1285.05,743.929,210.486,0,0,0,985.573,-1471.64,-425.08,2675.72,-246.083,3528.93,1.5778e+21
20230101T000020.300000,6,2149,8166.01,2815,1653.53,0,0,0,16643.9,-35412.8,-21593.3,107165,-7443.66,119375,1.2477e+14
20230101T000020.300000,6,2150,6106.16,3491.39,154.526,0,0,0,19580.7,-34066.4,-1508.47,59681.5,-862.518,79160.1,1.35723e+14
20230101T000020.300000,6,2151,2772.67,2292.67,-603.555,0,0,0,8793.3,-9854.13,2669.49,12562.3,2207.35,20712.3,2.51835e+14
20230101T000020.300000,6,2152,4837.95,5759.26,-880.498,0,0,0,53609.8,-43938.8,6810.93,38213.5,8107.97,90520.6,1.12921e+14
20230101T000020.300000,6,2153,5743.86,3690.44,1699.32,0,0,0,25103.9,-31787.2,-15604.4,54154.6,-10025.9,74581.7,1.30397e+14
20230101T000020.300000,6,2154,3362.53,4304.78,680.889,0,0,0,29954.7,-22769.5,-3658.38,18590.4,-4683.53,47741.3,2.10355e+14
20230101T000020.300000,4,1972,2315.4,-166.516,200.823,-5.14808,1.81236,-8.41975,94.1952,143.793,-200.422,1997.6,15.0554,1992.39,0
20230101T000020.300000,4,1977,5172.82,5494.02,-605.402,12.8355,17.0514,-3.21149,1371.43,-1222,133.113,1232.15,140.915,2510.87,0
20230101T000020.300000,3,1991,9106.8,-6151.83,-261.091,0,0,0,2500,0,0,2500,0,2500,0
20230101T000020.300000,3,1992,6119.75,-5689.23,1734.36,0,0,0,2500,0,0,2500,0,2500,0
20230101T000020.300000,3,1993,3958.04,-1136.53,-139.851,0,0,0,2500,0,0,2500,0,2500,0
20230101T000020.300000,3,1994,4422.42,-1686.12,243.76,0,0,0,2500,0,0,2500,0,2500,0
20230101T000020.300000,3,1995,3478.12,-465.527,-246.414,0,0,0,2500,0,0,2500,0,2500,0
20230101T000020.300000,3,1996,11126,-1275.41,1527.21,0,0,0,2500,0,0,2500,0,2500,0
20230101T000020.300000,3,1997,3924.94,-64.9165,800.919,0,0,0,2500,0,0,2500,0,2500,0
20230101T000020.300000,3,1998,1285.05,743.929,210.486,0,0,0,2500,0,0,2500,0,2500,0
20230101T000020.300000,3,1999,8166.01,2815,1653.53,0,0,0,2500,0,0,2500,0,2500,0
20230101T000020.300000,3,2000,6106.16,3491.39,154.525,0,0,0,2500,0,0,2500,0,2500,0
20230101T000020.300000,3,2001,2772.67,2292.67,-603.555,0,0,0,2500,0,0,2500,0,2500,0
20230101T000020.300000,3,2002,5743.86,3690.44,1699.32,0,0,0,2500,0,0,2500,0,2500,0
20230101T000020.300000,3,2003,3362.53,4304.78,680.889,0,0,0,2500,0,0,2500,0,2500,0
20230101T000020.400000,6,2155,7927.88,-8187.07,-1096.04,0,0,0,108206,102858,13898.6,101587,-14353,207808,1.77804e+14
20230101T000020.400000,6,2156,9980.61,-2230.68,123.667,0,0,0,8045.72,35602.8,-1974.09,159384,441.21,167342,1.35554e+14
20230101T000020.400000,6,2157,10127.8,-1395.06,-290.663,0,0,0,3309.32,22579.4,4708.27,164121,-648.54,167231,1.28392e+14
20230101T000020.400000,6,2158,2422.31,640.644,110.827,0,0,0,734.747,-2462.29,-426.8,9393.57,-112.879,10044.9,3.6106e+14
20230101T000020.400000,6,2159,3561.26,1259.68,-81.2268,0,0,0,2605.09,-7154.22,461.534,20300.4,163.252,22831,2.10164e+14
20230101T000020.400000,6,2160,1396.06,503.783,213.31,0,0,0,525.971,-1082.04,-467.995,3134.01,-168.881,3525.77,1.99409e+21
20230101T000020.400000,6,2161,3654.89,2530.78,-66.978,0,0,0,10295.9,-14766.3,390.884,21396.3,270.662,31621,1.21575e+14
20230101T000020.400000,6,2162,11419.9,4898.63,1103.51,0,0,0,40093.7,-88777.7,-20157.9,208973,-8646.87,247056,1.59102e+14
20230101T000020.400000,6,2163,10540.3,2625.93,-72.8468,0,0,0,11101,-44268,1228.11,177762,305.961,188791,1.89275e+14
20230101T000020.400000,6,2164,7735.58,2366.03,-278.877,0,0,0,9129.23,-29231.5,3449.53,95758.7,1055.09,104700,1.81812e+14
20230101T000020.400000,6,2165,9516.86,2403.33,644.027,0,0,0,9925.34,-36422.8,-9802.53,144957,-2475.47,154155,1.24971e+14
20230101T000020.400000,6,2166,7715.72,8270.64,-739.993,0,0,0,109883,-101633,9132.48,95754.2,9789.3,204697,8.78543e+13
20230101T000020.400000,6,2167,6074.67,6578.48,-1107.4,0,0,0,70174.3,-62930,10758.1,60135.7,11650.3,128286,1.4926e+14
20230101T000020.400000,4,1979,8486.77,-7640.59,-828.227,-3.5532,0.676445,-0.418035,1189.24,1239.24,133.926,1454.32,-120.367,2555.24,0
20230101T000020.400000,3,2004,9980.61,-2230.68,123.667,0,0,0,2500,0,0,2500,0,2500,0
20230101T000020.400000,3,2005,10127.8,-1395.06,-290.663,0,0,0,2500,0,0,2500,0,2500,0
20230101T000020.400000,3,2006,2422.31,640.644,110.827,0,0,0,2500,0,0,2500,0,2500,0
20230101T000020.400000,3,2007,3561.26,1259.68,-81.2268,0,0,0,2500,0,0,2500,0,2500,0
20230101T000020.400000,3,2008,1396.06,503.783,213.31,0,0,0,2500,0,0,2500,0,2500,0
20230101T000020.400000,3,2009,3654.89,2530.78,-66.978,0,0,0,2500,0,0,2500,0,2500,0
20230101T000020.400000,3,2010,11419.9,4898.63,1103.51,0,0,0,2500,0,0,2500,0,2500,0
20230101T000020.400000,3,2011,10540.3,2625.93,-72.8468,0,0,0,2500,0,0,2500,0,2500,0
20230101T000020.400000,3,2012,7735.58,2366.03,-278.877,0,0,0,2500,0,0,2500,0,2500,0
20230101T000020.400000,3,2013,9516.86,2403.33,644.027,0,0,0,2500,0,0,2500,0,2500,0
20230101T000020.400000,3,2014,7715.72,8270.64,-739.993,0,0,0,2500,0,0,2500,0,2500,0
20230101T000020.400000,3,2015,6074.67,6578.48,-1107.4,0,0,0,2500,0,0,2500,0,2500,0
20230101T000020.500000,6,2168,962.119,-1083.52,34.912,0,0,0,1907.49,1635.24,-52.72,1517.93,59.3724,3359.55,3.53592e+14
20230101T000020.500000,6,2169,5966,-5104.22,697.336,0,0,0,42170.8,48307.1,-6652.21,57304.8,5691.3,98634.5,1.07691e+14
20230101T000020.500000,6,2170,4716.63,-3589.76,629.818,0,0,0,21060.1,26754.1,-4747.64,35850.5,3613.36,56213.4,1.98289e+14
20230101T000020.500000,6,2171,1463.18,255.832,205.198,0,0,0,231.03,-576.843,-471.842,3429.32,-82.4998,3531.37,5.21124e+20
20230101T000020.500000,6,2172,3596.49,768.609,-512.277,0,0,0,1406.8,-4324.22,2939.28,20716.6,628.157,21642,2.5312e+14
20230101T000020.500000,6,2173,10470.4,-1847.69,-234.198,0,0,0,5609.47,30927.7,3922.04,175411,-692.114,180869,2.98705e+14
20230101T000020.500000,6,2174,7328.92,953.538,-1007,0,0,0,3112.04,-10965.8,11799.9,85969.1,1535.24,87397,1.39919e+14
20230101T000020.500000,6,2175,4962.85,-386.751,738.426,0,0,0,1168.74,2998.59,-5854.26,39413.5,456.218,39648.5,2.02262e+14
20230101T000020.500000,6,2176,8524.97,2814.84,595.713,0,0,0,13246.8,-38206.3,-8121.48,116342,-2681.61,128958,5.239e+14
20230101T000020.500000,6,2177,7691.99,8605.01,700.863,0,0,0,118851,-105481,-8623.07,95139.1,-9646.6,213141,1.16705e+14
20230101T000020.500000,6,2178,186.121,131.689,1.74298,0,0,0,70.3969,-9.03948,-0.119673,76.777,-0.084674,83.1765,1.22099e+14
20230101T000020.500000,6,2179,6842.47,7113.03,-557.146,0,0,0,81221.6,-77593.1,6097.11,75202.1,6338.19,155863,1.36514e+14
20230101T000020.500000,6,2180,3267.66,4844.94,-180.262,0,0,0,37593.8,-25276.9,941.353,17163.9,1395.74,54641.8,1.55627e+14
20230101T000020.500000,6,2181,3862.13,3537.27,268.55,0,0,0,20117.1,-21769,-1657.07,23947.5,-1517.69,43885.5,1.72503e+14
20230101T000020.500000,4,1990,3592.4,3805.55,353.875,-4.17358,-13.9099,-2.33916,1404.16,-1244.17,-116.953,1238.26,-125.009,2557.09,0
20230101T000020.500000,3,2016,962.119,-1083.52,34.912,0,0,0,2500,0,0,2500,0,2500,0
20230101T000020.500000,3,2017,5966,-5104.22,697.336,0,0,0,2500,0,0,2500,0,2500,0
20230101T000020.500000,3,2018,4716.63,-3589.76,629.818,0,0,0,2500,0,0,2500,0,2500,0
20230101T000020.500000,3,2019,1463.18,255.832,205.198,0,0,0,2500,0,0,2500,0,2500,0
20230101T000020.500000,3,2020,3596.49,768.609,-512.277,0,0,0,2500,0,0,2500,0,2500,0
20230101T000020.500000,3,2021,10470.4,-1847.69,-234.198,0,0,0,2500,0,0,2500,0,2500,0
20230101T000020.500000,3,2022,7328.92,953.538,-1007,0,0,0,2500,0,0,2500,0,2500,0
20230101T000020.500000,3,2023,4962.85,-386.751,738.426,0,0,0,2500,0,0,2500,0,2500,0
20230101T000020.500000,3,2024,8524.97,2814.84,595.713,0,0,0,2500,0,0,2500,0,2500,0
20230101T000020.500000,3,2025,7691.99,8605.01,700.863,0,0,0,2500,0,0,2500,0,2500,0
20230101T000020.500000,3,2026,186.121,131.689,1.74298,0,0,0,2500,0,0,2500,0,2500,0
20230101T000020.500000,3,2027,6842.47,7113.03,-557.146,0,0,0,2500,0,0,2500,0,2500,0
20230101T000020.500000,3,2028,3267.66,4844.94,-180.262,0,0,0,2500,0,0,2500,0,2500,0
20230101T000020.600000,6,2182,3953.84,-5605.97,-248.962,0,0,0,50337.3,35387.4,1573.63,25121.5,-2231.18,75295.8,4.07552e+14
20230101T000020.600000,6,2183,7852.29,-3867.64,-391.211,0,0,0,24182.3,48469.4,4912.49,98713.9,-2419.64,122588,2.31303e+14
20230101T000020.600000,6,2184,5797.72,-2553.11,58.7577,0,0,0,10487.7,23657.9,-544.514,53793,239.785,64211.1,1.19726e+14
20230101T000020.600000,6,2185,1485.3,1.75546,205.72,0,0,0,130.513,-4.01757,-480.191,3529.77,-0.567534,3530.98,6.68382e+20
20230101T000020.600000,6,2186,10675.2,354.537,231.698,0,0,0,350.813,-6050.63,-3956.09,182336,-131.387,182537,2.49651e+14
20230101T000020.600000,6,2187,81.0344,7.74641,2.06629,0,0,0,63.4824,5.055,1.3482,11.0858,0.12888,10.6438,2.6205e+14
20230101T000020.600000,6,2188,6624.37,-519.194,6.0689,0,0,0,494.968,5497.94,-64.2659,70211.9,5.03693,70642.8,1.29527e+14
20230101T000020.600000,6,2189,3429.88,959.912,188.114,0,0,0,1585.98,-5236.55,-1029.09,18831.2,-288.009,20296.9,1.29303e+14
20230101T000020.600000,6,2190,6685.48,3137.22,783.398,0,0,0,16604.1,-33156.2,-8373.75,71701.7,-3929.46,87261.3,1.08931e+14
20230101T000020.600000,6,2191,2454.18,787.139,482.224,0,0,0,1384.77,-2964.66,-1882.52,9677.25,-603.789,10630.3,1.91212e+14
20230101T000020.600000,6,2192,7011.09,8056.75,-1348.9,0,0,0,105140,-88905.6,15126.4,80341.1,17382.4,182507,8.49167e+13
20230101T000020.600000,3,2029,3953.84,-5605.97,-248.962,0,0,0,2500,0,0,2500,0,2500,0
20230101T000020.600000,3,2030,7852.29,-3867.64,-391.211,0,0,0,2500,0,0,2500,0,2500,0
20230101T000020.600000,3,2031,5797.72,-2553.11,58.7577,0,0,0,2500,0,0,2500,0,2500,0
20230101T000020.600000,3,2032,1485.3,1.75546,205.72,0,0,0,2500,0,0,2500,0,2500,0
20230101T000020.600000,3,2033,10675.2,354.537,231.698,0,0,0,2500,0,0,2500,0,2500,0
20230101T000020.600000,3,2034,81.0344,7.74641,2.06629,0,0,0,2500,0,0,2500,0,2500,0
20230101T000020.600000,3,2035,6624.37,-519.194,6.0689,0,0,0,2500,0,0,2500,0,2500,0
20230101T000020.600000,3,2036,3429.88,959.912,188.114,0,0,0,2500,0,0,2500,0,2500,0
20230101T000020.600000,3,2037,6685.48,3137.22,783.398,0,0,0,2500,0,0,2500,0,2500,0
20230101T000020.600000,3,2038,2454.18,787.139,482.224,0,0,0,2500,0,0,2500,0,2500,0
20230101T000020.600000,3,2039,7011.09,8056.75,-1348.9,0,0,0,2500,0,0,2500,0,2500,0
20230101T000020.700000,6,2193,9368.97,-7788.7,-867.385,0,0,0,97811.7,116132,12998.9,140962,-10806.4,237507,9.27914e+13
20230101T000020.700000,6,2194,8392.6,-6137.81,-933.223,0,0,0,61225.5,81725.3,12526.9,113205,-9161.34,172974,1.06345e+14
20230101T000020.700000,6,2195,6424.19,-7404.29,167.491,0,0,0,87764.3,76052.5,-1720.88,66094.4,1983.42,153750,1.09425e+14
20230101T000020.700000,6,2196,3512.18,-3588.52,-778.438,0,0,0,21108.9,19649.8,4367.64,20263.8,-4462.58,40342.2,2.25146e+14
20230101T000020.700000,6,2197,1464.57,-251.057,199.766,0,0,0,223.944,567.205,-459.784,3435.58,78.8161,3533.95,7.75088e+20
20230101T000020.700000,6,2198,9962.05,4486.88,870.292,0,0,0,33271.7,-71040.1,-13867.2,159003,-6245.75,191000,1.89639e+14
20230101T000020.700000,6,2199,6813.96,3690.32,-1570.14,0,0,0,24887,-38555.5,17107.2,75196.6,9264.95,96080.1,5.9923e+14
20230101T000020.700000,6,2200,5800.26,3991.46,-919.234,0,0,0,26451,-36381.7,8524.11,54283.6,5865.88,79320.8,1.34126e+14
20230101T000020.700000,6,2201,5495.16,6347.87,-1333.99,0,0,0,65719.2,-54372.3,11722.3,49978.2,13541.3,112789,1.03925e+14
20230101T000020.700000,3,2040,9368.97,-7788.7,-867.385,0,0,0,2500,0,0,2500,0,2500,0
20230101T000020.700000,3,2041,8392.6,-6137.81,-933.223,0,0,0,2500,0,0,2500,0,2500,0
20230101T000020.700000,3,2042,6424.19,-7404.29,167.491,0,0,0,2500,0,0,2500,0,2500,0
20230101T000020.700000,3,2043,3512.18,-3588.52,-778.438,0,0,0,2500,0,0,2500,0,2500,0
20230101T000020.700000,3,2044,1464.57,-251.057,199.766,0,0,0,2500,0,0,2500,0,2500,0
20230101T000020.700000,3,2045,9962.05,4486.88,870.292,0,0,0,2500,0,0,2500,0,2500,0
20230101T000020.700000,3,2046,6813.96,3690.32,-1570.14,0,0,0,2500,0,0,2500,0,2500,0
20230101T000020.700000,3,2047,5800.26,3991.46,-919.234,0,0,0,2500,0,0,2500,0,2500,0
20230101T000020.700000,3,2048,5495.16,6347.87,-1333.99,0,0,0,2500,0,0,2500,0,2500,0
20230101T000020.800000,6,2202,1398.21,-502.5,200.767,0,0,0,516.787,1083.63,-441.15,3142.55,158.544,3533.14,2.73069e+20
20230101T000020.800000,6,2203,10299,-4876.37,-2316.79,0,0,0,45111.9,77009.1,38165.5,171293,-18070.7,207758,2.37303e+14
20230101T000020.800000,6,2204,6309.23,-2330.57,-664.699,0,0,0,9368.33,23276.2,6704.11,63782.8,-2476.44,72381.4,1.64251e+14
20230101T000020.800000,6,2205,10155.6,5139.35,210.128,0,0,0,42367.8,-83454.8,-3413.3,165045,-1727.34,207279,1.31507e+14
20230101T000020.800000,6,2206,10273.5,6646.01,-1036.56,0,0,0,71927.8,-108432,17034.2,169399,11019.5,239544,1.70674e+14
20230101T000020.800000,6,2207,1985.67,2132.78,81.9364,0,0,0,7312.65,-6738.75,-259.093,6348.66,-278.287,13586.7,7.27723e+13
20230101T000020.800000,6,2208,2573.21,2734.32,-235.061,0,0,0,12033.8,-11181.6,965.043,10674.9,1025.46,22556.8,1.79952e+14
20230101T000020.800000,6,2209,6928.78,8240.99,-1009.25,0,0,0,109363,-90525.9,11184.7,77804.6,13303,185475,1.32029e+14
20230101T000020.800000,6,2210,5011.48,4125.68,-298.799,0,0,0,27357.1,-32979.8,2393.61,40267.4,1970.53,67418,8.66464e+13
20230101T000020.800000,4,2039,7040.61,8094.56,-1350.12,5.67813,7.27213,-0.235379,1502.63,-1219.07,204.15,1162.59,234.597,2524.77,0
20230101T000020.800000,3,2049,1398.21,-502.5,200.767,0,0,0,2500,0,0,2500,0,2500,0
20230101T000020.800000,3,2050,10299,-4876.37,-2316.79,0,0,0,2500,0,0,2500,0,2500,0
20230101T000020.800000,3,2051,6309.23,-2330.57,-664.699,0,0,0,2500,0,0,2500,0,2500,0
20230101T000020.800000,3,2052,10155.6,5139.35,210.128,0,0,0,2500,0,0,2500,0,2500,0
20230101T000020.800000,3,2053,10273.5,6646.01,-1036.56,0,0,0,2500,0,0,2500,0,2500,0
20230101T000020.800000,3,2054,1985.67,2132.78,81.9364,0,0,0,2500,0,0,2500,0,2500,0
20230101T000020.800000,3,2055,2573.21,2734.32,-235.061,0,0,0,2500,0,0,2500,0,2500,0
20230101T000020.800000,3,2056,5011.48,4125.68,-298.799,0,0,0,2500,0,0,2500,0,2500,0
20230101T000020.900000,6,2211,9255.29,-6669.85,434.335,0,0,0,71419.7,98596.7,-6429.86,137182,4633.69,208236,2.2722e+14
20230101T000020.900000,6,2212,1267.51,-763.459,235.607,0,0,0,1043.57,1481.47,-469.301,2610.8,282.674,3504.71,3.41324e+18
20230101T000020.900000,6,2213,328.659,-204.098,55.693,0,0,0,115.481,77.0013,-21.6185,191.659,13.4251,240.776,9.82541e+13
20230101T000020.900000,6,2214,6412.7,-2463.48,-205.902,0,0,0,9824.84,25232,2110.83,65813.2,-810.892,75506.3,2.8017e+14
20230101T000020.900000,6,2215,4626.4,-1286.48,152.661,0,0,0,2742,9496.69,-1128.08,34253,313.687,36893.9,1.88278e+14
20230101T000020.900000,6,2216,11844.4,2278.82,-388.118,0,0,0,8602.92,-43129.7,7353.25,224476,1414.74,232774,1.39324e+14
20230101T000020.900000,6,2217,8875.69,1257.13,1678.96,0,0,0,7010.75,-17217.8,-23831.6,126135,-3375.44,128575,1.87116e+14
20230101T000020.900000,6,2218,5193.76,-229.004,363.747,0,0,0,358.761,1890.91,-3018.29,43160.8,133.083,43244.5,5.34483e+13
20230101T000020.900000,6,2219,5277.62,-318.715,245.879,0,0,0,322.535,2681.63,-2073.28,44565.8,125.205,44727.9,6.07652e+13
20230101T000020.900000,6,2220,1973.63,606.172,123.705,0,0,0,668.56,-1889.4,-386.984,6239.93,-118.857,6820.47,1.69305e+14
20230101T000020.900000,6,2221,11639.2,2759.15,1329.08,0,0,0,14916.4,-50734.1,-24744.1,216906,-5865.76,228934,1.4584e+14
20230101T000020.900000,6,2222,8224.6,4833.43,-1877.61,0,0,0,41617.8,-61114,24697.7,109694,14514.4,145612,1.04292e+14
20230101T000020.900000,6,2223,8174.2,5482.31,-457.024,0,0,0,48363.7,-71517.4,5974.83,107031,4007.22,154997,1.29545e+14
20230101T000020.900000,6,2224,4691.44,3119.12,119.243,0,0,0,15626.4,-23373,-893.945,35241.9,-594.342,50781.6,1.45826e+14
20230101T000020.900000,6,2225,4718.89,4017.8,836.437,0,0,0,26513.7,-29751.7,-6308.83,36125.5,-5371.52,61458.2,1.66355e+14
20230101T000020.900000,6,2226,671.938,575.458,-140.285,0,0,0,584.022,-572.274,143.301,762.138,122.725,1253.81,1.92942e+14
20230101T000020.900000,6,2227,4509.66,3367.47,275.397,0,0,0,18262.6,-24209,-1984.61,32605.5,-1481.96,50683.1,1.44705e+14
20230101T000020.900000,4,2051,6413.44,-2372.19,-660.238,10.317,-4.12044,0.441618,368.113,765.293,218.342,2157.19,-80.6534,2417.68,0
20230101T000020.900000,3,2057,9255.29,-6669.85,434.335,0,0,0,2500,0,0,2500,0,2500,0
20230101T000020.900000,3,2058,1267.51,-763.459,235.607,0,0,0,2500,0,0,2500,0,2500,0
20230101T000020.900000,3,2059,328.659,-204.098,55.693,0,0,0,2500,0,0,2500,0,2500,0
20230101T000020.900000,3,2060,4626.4,-1286.48,152.661,0,0,0,2500,0,0,2500,0,2500,0
20230101T000020.900000,3,2061,11844.4,2278.82,-388.118,0,0,0,2500,0,0,2500,0,2500,0
20230101T000020.900000,3,2062,8875.69,1257.13,1678.96,0,0,0,2500,0,0,2500,0,2500,0
20230101T000020.900000,3,2063,5193.76,-229.004,363.747,0,0,0,2500,0,0,2500,0,2500,0
20230101T000020.900000,3,2064,5277.62,-318.715,245.879,0,0,0,2500,0,0,2500,0,2500,0
20230101T000020.900000,3,2065,1973.63,606.172,123.705,0,0,0,2500,0,0,2500,0,2500,0
20230101T000020.900000,3,2066,11639.2,2759.15,1329.08,0,0,0,2500,0,0,2500,0,2500,0
20230101T000020.900000,3,2067,8224.6,4833.43,-1877.61,0,0,0,2500,0,0,2500,0,2500,0
20230101T000020.900000,3,2068,8174.2,5482.31,-457.024,0,0,0,2500,0,0,2500,0,2500,0
20230101T000020.900000,3,2069,4691.44,3119.12,119.243,0,0,0,2500,0,0,2500,0,2500,0
20230101T000020.900000,3,2070,4718.89,4017.8,836.437,0,0,0,2500,0,0,2500,0,2500,0
20230101T000020.900000,3,2071,671.938,575.458,-140.285,0,0,0,2500,0,0,2500,0,2500,0
20230101T000020.900000,3,2072,4509.66,3367.47,275.397,0,0,0,2500,0,0,2500,0,2500,0
20230101T000021,6,2228,1139.94,-951.391,211.609,0,0,0,1527.44,1669.14,-379.091,2134.3,316.389,3528.64,1.37228e+20
20230101T000021,6,2229,3071.95,-3520.75,-120.07,0,0,0,19870.7,17261.8,589.076,15148.5,-675.138,34932.2,7.37937e+13
20230101T000021,6,2230,4032.4,-1689.64,278.177,0,0,0,4727.36,10834.4,-1791.02,26044.5,750.464,30584.5,1.8577e+14
20230101T000021,6,2231,2882.21,43.7147,20.9574,0,0,0,67.742,-200.611,-96.1806,13291.5,-1.45878,13294.5,1.19236e+14
20230101T000021,6,2232,677.986,-84.6481,32.2678,0,0,0,75.9823,83.7692,-32.0109,736.47,3.99663,747.072,1.43818e+14
20230101T000021,6,2233,2763.8,2652.49,-313.248,0,0,0,11371.9,-11619.3,1381.46,12327.5,1325.82,23479.3,1.05693e+14
20230101T000021,6,2234,8488.51,7204.92,923.072,0,0,0,83886.9,-97150.5,-12532.8,115885,-10637.6,198346,9.23906e+13
20230101T000021,6,2235,1392.16,1386.87,-293.622,0,0,0,3178.1,-2988.92,647.404,3200.88,644.941,6179.83,1.16457e+14
20230101T000021,6,2236,9356.27,7798.61,-1797.89,0,0,0,100398,-114171,26907.4,142209,22427.8,237374,2.46018e+14
20230101T000021,6,2237,3624.5,2649.95,-697.687,0,0,0,11783.8,-14966.8,4038.19,21312.3,2952.41,32256.3,8.67183e+13
20230101T000021,6,2238,8902.65,5394.22,-1283.41,0,0,0,48529.9,-75640.5,18274.6,127536,11072.8,173368,1.52831e+14
20230101T000021,4,2055,2641.63,2778.21,-247.401,13.1586,8.44046,-2.37298,1269.84,-1127.9,97.0027,1132.77,103.076,2323.36,0
20230101T000021,4,2058,1221.05,-846.43,225.853,-4.60056,-8.21496,-0.965667,462.205,605.431,-188.933,1102.69,113.8,1447.59,0
20230101T000021,3,2073,3071.95,-3520.75,-120.07,0,0,0,2500,0,0,2500,0,2500,0
20230101T000021,3,2074,4032.4,-1689.64,278.177,0,0,0,2500,0,0,2500,0,2500,0
20230101T000021,3,2075,2882.21,43.7147,20.9574,0,0,0,2500,0,0,2500,0,2500,0
20230101T000021,3,2076,677.986,-84.6481,32.2678,0,0,0,2500,0,0,2500,0,2500,0
20230101T000021,3,2077,8488.51,7204.92,923.072,0,0,0,2500,0,0,2500,0,2500,0
20230101T000021,3,2078,1392.16,1386.87,-293.622,0,0,0,2500,0,0,2500,0,2500,0
20230101T000021,3,2079,9356.27,7798.61,-1797.89,0,0,0,2500,0,0,2500,0,2500,0
20230101T000021,3,2080,3624.5,2649.95,-697.687,0,0,0,2500,0,0,2500,0,2500,0
20230101T000021,3,2081,8902.65,5394.22,-1283.41,0,0,0,2500,0,0,2500,0,2500,0
