20230101T000000.100000,6,0,4894.16,-5172.79,415.769,0,0,0,42973.2,40336.4,-3253.18,38504.1,3438.39,81137.1,2.15683e+14
20230101T000000.100000,6,1,4673.01,-3525.13,332.734,0,0,0,20036,26240.9,-2484.9,35026.6,1874.51,54821.9,3.63724e+14
20230101T000000.100000,6,2,2042.92,-1050.97,-264.789,0,0,0,1905.92,3363.95,859.035,6714.31,-441.928,8445.72,9.10726e+14
20230101T000000.100000,6,3,3500.72,-2264.35,7.42549,0,0,0,8248.82,12653.7,-41.4955,19626.9,26.8403,27811.7,3.02569e+14
20230101T000000.100000,6,4,3700.5,162.77,-434.689,0,0,0,407.143,-947.684,2566.3,21910.6,112.882,21953.1,4.26006e+14
20230101T000000.100000,6,5,187.794,225.381,-63.2926,0,0,0,108.96,-34.4933,10.5718,96.3038,12.6877,140.547,3.52181e+27
20230101T000000.100000,3,0,4894.16,-5172.79,415.769,0,0,0,2500,0,0,2500,0,2500,0
20230101T000000.100000,3,1,4673.01,-3525.13,332.734,0,0,0,2500,0,0,2500,0,2500,0
20230101T000000.100000,3,2,2042.92,-1050.97,-264.789,0,0,0,2500,0,0,2500,0,2500,0
20230101T000000.100000,3,3,3500.72,-2264.35,7.42549,0,0,0,2500,0,0,2500,0,2500,0
20230101T000000.100000,3,4,3700.5,162.77,-434.689,0,0,0,2500,0,0,2500,0,2500,0
20230101T000000.100000,3,5,187.794,225.381,-63.2926,0,0,0,2500,0,0,2500,0,2500,0
20230101T000000.200000,6,6,1837.24,-2033.89,-652.694,0,0,0,6952.23,5609.62,1908.98,5809.42,-2113.31,12022.9,1.63934e+14
20230101T000000.200000,6,7,1507.62,-1764.78,335.429,0,0,0,5085.53,4137.13,-803.234,3776.98,940.246,8621.11,1.69858e+14
20230101T000000.200000,6,8,3163.6,-1232.87,-239.409,0,0,0,2566.85,6187.93,1207.65,16033.9,-470.626,18445.7,7.57428e+13
20230101T000000.200000,6,9,3969.94,-2372.51,553.005,0,0,0,9413.08,14826.7,-3506.16,25362.1,2095.34,34223.7,1.03912e+14
20230101T000000.200000,6,10,6479.6,-2675.64,-354.683,0,0,0,11681,27645.8,3674.14,67214.9,-1517.17,78630.9,9.03428e+13
20230101T000000.200000,6,11,8905.06,-4127.01,-330.078,0,0,0,27447.7,58711.2,4701.04,126922,-2178.68,154132,1.53215e+14
20230101T000000.200000,6,12,225.586,187.736,-62.7424,0,0,0,96.2724,-34.5717,12.5891,109.043,10.4768,140.611,3.06216e+26
20230101T000000.200000,4,5,226.774,193.05,-62.7723,3.85946,-3.20103,0.0515146,103.996,-31.9048,9.75376,92.2892,11.706,133.042,0
20230101T000000.200000,3,6,1837.24,-2033.89,-652.694,0,0,0,2500,0,0,2500,0,2500,0
20230101T000000.200000,3,7,1507.62,-1764.78,335.429,0,0,0,2500,0,0,2500,0,2500,0
20230101T000000.200000,3,8,3163.6,-1232.87,-239.409,0,0,0,2500,0,0,2500,0,2500,0
20230101T000000.200000,3,9,3969.94,-2372.51,553.005,0,0,0,2500,0,0,2500,0,2500,0
20230101T000000.200000,3,10,6479.6,-2675.64,-354.683,0,0,0,2500,0,0,2500,0,2500,0
20230101T000000.200000,3,11,8905.06,-4127.01,-330.078,0,0,0,2500,0,0,2500,0,2500,0
20230101T000000.300000,6,13,4157.2,-4606.36,-1431.2,0,0,0,35448,28979,9510.26,29491.4,-10537.8,61604.5,2.37212e+14
20230101T000000.300000,6,14,2145.97,-861.169,-277.436,0,0,0,1346.99,2892.49,945.566,7394.11,-379.452,8555.77,1.97481e+14
20230101T000000.300000,6,15,3580.98,-1330.21,-489.093,0,0,0,3222.79,7476.04,2794.74,20571.6,-1038.15,23349.7,6.98457e+14
20230101T000000.300000,6,16,253.95,146.744,-63.4937,0,0,0,85.1212,-30.347,14.3397,120.103,8.28615,140.504,5.86838e+26
20230101T000000.300000,4,2,2079.84,-1013.09,-269.105,7.10025,7.28467,-0.82995,485.435,772.965,195.377,1590.3,-100.511,1968.78,0
20230101T000000.300000,3,12,4157.2,-4606.36,-1431.2,0,0,0,2500,0,0,2500,0,2500,0
20230101T000000.300000,3,13,3580.98,-1330.21,-489.093,0,0,0,2500,0,0,2500,0,2500,0
20230101T000000.300000,3,14,253.95,146.744,-63.4937,0,0,0,2500,0,0,2500,0,2500,0
20230101T000000.400000,6,17,6189.76,-1055.91,-841.04,0,0,0,2944.76,10259.3,8321.04,61334.7,-1419.48,63086,5.57322e+14
20230101T000000.400000,6,18,5584.62,-1196.62,-493.562,0,0,0,2724.43,10599.4,4404.81,49920.7,-943.821,52192.3,2.70535e+14
20230101T000000.400000,6,19,276.048,99.553,-62.7664,0,0,0,75.5918,-22.4278,15.4086,129.693,5.55691,140.581,6.7939e+26
20230101T000000.400000,4,14,278.824,103.985,-62.8058,2.46284,-4.23351,0.0681148,81.9462,-28.0704,13.2302,114.303,7.64505,133.003,0
20230101T000000.400000,3,15,6189.76,-1055.91,-841.04,0,0,0,2500,0,0,2500,0,2500,0
20230101T000000.400000,3,16,5584.62,-1196.62,-493.562,0,0,0,2500,0,0,2500,0,2500,0
20230101T000000.500000,6,20,8525.51,-5507.1,962.339,0,0,0,49615.2,74417.1,-13122,116750,8476.24,164821,1.28677e+14
20230101T000000.500000,6,21,6550.95,-4178.56,-1225.07,0,0,0,29687.8,42680.6,12832.2,69376.4,-8185.11,96602,1.40714e+14
20230101T000000.500000,6,22,289.063,50.6887,-62.7525,0,0,0,69.5996,-11.9598,16.1332,135.705,2.82904,140.601,7.95578e+25
20230101T000000.500000,6,23,289.322,47.8573,-63.7415,0,0,0,69.4773,-11.2677,16.4016,135.732,2.71302,140.484,7.38093e+25
20230101T000000.500000,6,24,3982.99,2540.74,-671.136,0,0,0,10885.4,-15836.4,4269.49,25609.3,2723.5,35712.6,3.09588e+14
20230101T000000.500000,3,17,8525.51,-5507.1,962.339,0,0,0,2500,0,0,2500,0,2500,0
20230101T000000.500000,3,18,6550.95,-4178.56,-1225.07,0,0,0,2500,0,0,2500,0,2500,0
20230101T000000.500000,3,19,289.063,50.6887,-62.7525,0,0,0,2500,0,0,2500,0,2500,0
20230101T000000.500000,3,20,289.322,47.8573,-63.7415,0,0,0,2500,0,0,2500,0,2500,0
20230101T000000.500000,3,21,3982.99,2540.74,-671.136,0,0,0,2500,0,0,2500,0,2500,0
20230101T000000.600000,6,25,293.457,0.639132,-62.782,0,0,0,67.5058,-0.153071,16.3854,137.788,0.0356863,140.589,7.41989e+26
20230101T000000.600000,6,26,3323.19,2208.7,-723.046,0,0,0,8428.5,-11329.7,3835.16,17945,2548.97,25477.1,5.50846e+14
20230101T000000.600000,6,27,3784.46,4099.66,-1244.05,0,0,0,28058.9,-23559.4,7523.68,24285.3,8150.32,49810,2.8769e+14
20230101T000000.600000,6,28,5087.41,7189.85,-1538.15,0,0,0,83994,-56710.2,12514.1,43974.7,17685.7,124123,3.28165e+14
20230101T000000.600000,4,20,296.855,3.50975,-62.8341,0.745846,-4.39086,0.0898434,67.4758,-10.4226,15.1325,128.762,2.5031,132.984,0
20230101T000000.600000,3,22,3323.19,2208.7,-723.046,0,0,0,2500,0,0,2500,0,2500,0
20230101T000000.600000,3,23,3784.46,4099.66,-1244.05,0,0,0,2500,0,0,2500,0,2500,0
20230101T000000.600000,3,24,5087.41,7189.85,-1538.15,0,0,0,2500,0,0,2500,0,2500,0
20230101T000000.700000,6,29,5186.05,-3714.86,-1052.52,0,0,0,23292.9,29956.2,8725.15,43654.5,-6249.98,65114.3,5.13504e+14
20230101T000000.700000,6,30,3682.91,-728.046,-896.679,0,0,0,2144.42,4033.86,5269.63,21752.8,-1041.71,22553.6,4.8054e+15
20230101T000000.700000,6,31,288.766,-52.5578,-62.4419,0,0,0,69.7236,12.3972,16.0343,135.58,-2.91838,140.608,9.90271e+25
20230101T000000.700000,6,32,288.676,-52.3203,-63.0914,0,0,0,69.7717,12.3141,16.1968,135.483,-2.93554,140.543,1.01995e+26
20230101T000000.700000,6,33,3984.47,1930.74,-555.807,0,0,0,6415.74,-12090.1,3536.23,25507.5,1713.54,31367,6.94025e+14
20230101T000000.700000,6,34,2368.89,2594.9,-509.746,0,0,0,10991.1,-9597,1925.92,9239.55,2109.67,19753.5,2.68141e+14
20230101T000000.700000,6,35,2788.92,2918.05,140.904,0,0,0,13669.7,-12973.3,-627.209,12494.9,-656.25,26069,1.61478e+14
20230101T000000.700000,6,36,2340.16,3439.5,-275.333,0,0,0,18986.8,-12792.3,1028.55,8888.66,1511.73,27690.7,1.66604e+14
20230101T000000.700000,6,37,8104.25,6886.63,1176.08,0,0,0,77203,-88174.4,-15244.7,106041,-12954.3,180968,1.74637e+14
20230101T000000.700000,6,38,6252.49,7356.93,225.741,0,0,0,86660.2,-73526.8,-2257.34,62634.3,-2656.08,149149,1.01958e+14
20230101T000000.700000,4,19,305.962,-46.1987,-63.0736,3.2498,-18.6323,-0.0617439,67.6452,-11.0862,14.9187,128.923,2.61608,133.297,0
20230101T000000.700000,3,25,5186.05,-3714.86,-1052.52,0,0,0,2500,0,0,2500,0,2500,0
20230101T000000.700000,3,26,3682.91,-728.046,-896.679,0,0,0,2500,0,0,2500,0,2500,0
20230101T000000.700000,3,27,288.766,-52.5578,-62.4419,0,0,0,2500,0,0,2500,0,2500,0
20230101T000000.700000,3,28,3984.47,1930.74,-555.807,0,0,0,2500,0,0,2500,0,2500,0
20230101T000000.700000,3,29,2368.89,2594.9,-509.746,0,0,0,2500,0,0,2500,0,2500,0
20230101T000000.700000,3,30,2788.92,2918.05,140.904,0,0,0,2500,0,0,2500,0,2500,0
20230101T000000.700000,3,31,2340.16,3439.5,-275.333,0,0,0,2500,0,0,2500,0,2500,0
20230101T000000.700000,3,32,8104.25,6886.63,1176.08,0,0,0,2500,0,0,2500,0,2500,0
20230101T000000.700000,3,33,6252.49,7356.93,225.741,0,0,0,2500,0,0,2500,0,2500,0
20230101T000000.800000,6,39,275.836,-100.25,-62.6121,0,0,0,75.6924,22.5786,15.3593,129.611,-5.58221,140.603,3.81908e+26
20230101T000000.800000,6,40,3683.2,599.041,-920.665,0,0,0,1954.18,-3305.77,5410.9,21742,880.037,22283.4,7.63829e+14
20230101T000000.800000,6,41,4568.82,801.557,-164.212,0,0,0,1131.86,-5841.25,1198.18,33401.8,210.209,34426.7,2.74259e+14
20230101T000000.800000,6,42,2938.52,4295.62,269.518,0,0,0,29581.1,-20112.5,-1265.31,13938.5,-1849.67,43339.8,1.8077e+14
20230101T000000.800000,6,43,4793.87,3369.28,-202.498,0,0,0,18249.9,-25782.1,1551.39,36812.8,1090.37,54933.2,1.41735e+14
20230101T000000.800000,4,27,280.346,-98.7093,-62.603,-0.833634,-4.56947,-0.015955,67.7038,11.4662,14.7938,128.615,-2.6926,133.099,0
20230101T000000.800000,3,34,3683.2,599.041,-920.665,0,0,0,2500,0,0,2500,0,2500,0
20230101T000000.800000,3,35,4568.82,801.557,-164.212,0,0,0,2500,0,0,2500,0,2500,0
20230101T000000.800000,3,36,2938.52,4295.62,269.518,0,0,0,2500,0,0,2500,0,2500,0
20230101T000000.800000,3,37,4793.87,3369.28,-202.498,0,0,0,2500,0,0,2500,0,2500,0
20230101T000000.900000,6,44,3352.42,-2453.84,-349.687,0,0,0,9802.92,13038.6,1871.36,18072.4,-1369.76,27616.5,7.49252e+14
20230101T000000.900000,6,45,4252.09,-3093.67,-143.17,0,0,0,15376.5,21001.2,972.625,28961.9,-707.646,44241.7,4.68576e+14
20230101T000000.900000,6,46,7104.04,-4465.35,-1260.33,0,0,0,33769.6,49582,14317.6,81485.3,-8999.52,112652,7.91555e+14
20230101T000000.900000,6,47,3960.34,-2005.18,-594.341,0,0,0,6933.12,12452.8,3758.55,25223,-1903.02,31529.2,6.25149e+14
20230101T000000.900000,6,48,253.927,-147.208,-62.5925,0,0,0,85.1817,30.5266,14.1363,120.141,-8.1952,140.622,1.34449e+25
20230101T000000.900000,6,49,6269.91,-2918.46,-728.359,0,0,0,14377.6,28928.6,7300.76,63061.3,-3398.29,76527.5,4.52635e+14
20230101T000000.900000,6,50,9822.14,5072.69,893.492,0,0,0,42230.1,-79172.8,-14037,154641,-7249.5,195531,1.69762e+14
20230101T000000.900000,6,51,7645.3,2269.05,586.122,0,0,0,8801.43,-27588.8,-7165.24,93570.6,-2126.58,101759,8.51058e+13
20230101T000000.900000,6,52,5246.29,2422.04,-190.138,0,0,0,9486.46,-20284.5,1594.12,44059.1,735.953,53423.9,8.19004e+13
20230101T000000.900000,6,53,5200.76,2389.77,-1270.97,0,0,0,11322,-18882.1,10563.7,43737.8,4854.07,52417.2,1.13145e+14
20230101T000000.900000,6,54,2570.49,3144.25,-288.704,0,0,0,15897.1,-12835.1,1184.51,10690,1448.91,26390.3,1.43711e+14
20230101T000000.900000,4,31,2312.52,3343.07,-270.771,-5.31631,-18.5438,0.877374,1647.68,-1071.68,85.8214,801.708,126.138,2367.62,0
20230101T000000.900000,3,38,3352.42,-2453.84,-349.687,0,0,0,2500,0,0,2500,0,2500,0
20230101T000000.900000,3,39,4252.09,-3093.67,-143.17,0,0,0,2500,0,0,2500,0,2500,0
20230101T000000.900000,3,40,7104.04,-4465.35,-1260.33,0,0,0,2500,0,0,2500,0,2500,0
20230101T000000.900000,3,41,3960.34,-2005.18,-594.341,0,0,0,2500,0,0,2500,0,2500,0
20230101T000000.900000,3,42,253.927,-147.208,-62.5925,0,0,0,2500,0,0,2500,0,2500,0
20230101T000000.900000,3,43,6269.91,-2918.46,-728.359,0,0,0,2500,0,0,2500,0,2500,0
20230101T000000.900000,3,44,9822.14,5072.69,893.493,0,0,0,2500,0,0,2500,0,2500,0
20230101T000000.900000,3,45,7645.3,2269.05,586.122,0,0,0,2500,0,0,2500,0,2500,0
20230101T000000.900000,3,46,5246.29,2422.04,-190.138,0,0,0,2500,0,0,2500,0,2500,0
20230101T000000.900000,3,47,5200.76,2389.77,-1270.97,0,0,0,2500,0,0,2500,0,2500,0
20230101T000001,6,55,2639.43,-3311.67,-832.056,0,0,0,18001.7,13415.5,3506.29,11861.6,-4399.32,28696.3,4.84164e+14
20230101T000001,6,56,225.181,-188.192,-62.722,0,0,0,96.4073,34.5905,12.5608,108.888,-10.4975,140.592,4.05161e+24
20230101T000001,6,57,6573.53,-4998.52,-1154.49,0,0,0,41367.4,51514.9,12135.6,69942.4,-9227.91,109116,4.56267e+14
20230101T000001,6,58,7127.51,-6039.96,-2102.46,0,0,0,62521.6,65361.4,23966,84263.8,-20309.1,139655,7.25378e+14
20230101T000001,6,59,4680.3,-4443.81,-387.911,0,0,0,31756.1,33125.4,2902.09,35192.7,-2755.45,66644.5,2.60714e+14
20230101T000001,6,60,3500.71,-1871.67,-403.088,0,0,0,5856.49,10349.1,2252.08,19679.9,-1204.08,25213.7,3.18494e+14
20230101T000001,6,61,9014.42,-4363.25,-588.688,0,0,0,30961.7,62689.1,8487.32,130133,-4108.12,160477,5.47521e+14
20230101T000001,6,62,2306.8,-403.291,-126.105,0,0,0,346.841,1473.36,462.054,8516.78,-80.7794,8774.55,2.03926e+14
20230101T000001,6,63,4587.12,525.561,-475.089,0,0,0,860.908,-3809.29,3480.39,33672.2,398.759,34109.3,1.34351e+14
20230101T000001,6,64,6041.7,-997.682,9.62062,0,0,0,1655.04,9634,-92.9007,58405.2,15.3409,59996.1,1.37475e+14
20230101T000001,6,65,11320.7,3470.92,-865.79,0,0,0,20430.1,-62515.4,15677.8,205163,4806.78,224330,2.25102e+14
20230101T000001,6,66,987.641,968.26,57.8811,0,0,0,1535.35,-1495.45,-89.5559,1594.63,-87.7986,3060.85,1.90311e+14
20230101T000001,6,67,1232.52,793.235,7.27143,0,0,0,1052.07,-1535.13,-14.0725,2449.35,-9.05689,3437.34,1.37237e+14
20230101T000001,6,68,8436.16,5615.48,492.299,0,0,0,50766.7,-75588.6,-6642.41,114009,-4421.48,164324,1.10391e+14
20230101T000001,6,69,6827.67,6260.42,-816.755,0,0,0,63322.9,-67827.2,8918.32,75103.7,8177.38,137296,1.35376e+14
20230101T000001,4,35,4571.41,782.303,-186.059,0.498414,-3.7027,-4.2013,135.642,-400.318,82.019,2347.2,14.3895,2414.69,0
20230101T000001,4,42,230.051,-188.307,-62.7149,-2.36391,-4.06916,-0.0121194,82.001,28.2342,13.0425,114.335,-7.56109,133.112,0
20230101T000001,3,48,2639.43,-3311.67,-832.056,0,0,0,2500,0,0,2500,0,2500,0
20230101T000001,3,49,6573.53,-4998.52,-1154.49,0,0,0,2500,0,0,2500,0,2500,0
20230101T000001,3,50,7127.51,-6039.96,-2102.46,0,0,0,2500,0,0,2500,0,2500,0
20230101T000001,3,51,4680.3,-4443.81,-387.911,0,0,0,2500,0,0,2500,0,2500,0
20230101T000001,3,52,3500.71,-1871.67,-403.088,0,0,0,2500,0,0,2500,0,2500,0
20230101T000001,3,53,9014.43,-4363.25,-588.688,0,0,0,2500,0,0,2500,0,2500,0
20230101T000001,3,54,2306.8,-403.291,-126.105,0,0,0,2500,0,0,2500,0,2500,0
20230101T000001,3,55,6041.7,-997.682,9.62062,0,0,0,2500,0,0,2500,0,2500,0
20230101T000001,3,56,11320.7,3470.92,-865.79,0,0,0,2500,0,0,2500,0,2500,0
20230101T000001,3,57,987.64,968.26,57.8811,0,0,0,2500,0,0,2500,0,2500,0
20230101T000001,3,58,1232.52,793.235,7.27143,0,0,0,2500,0,0,2500,0,2500,0
20230101T000001,3,59,8436.16,5615.48,492.299,0,0,0,2500,0,0,2500,0,2500,0
20230101T000001,3,60,6827.67,6260.42,-816.755,0,0,0,2500,0,0,2500,0,2500,0
20230101T000001.100000,6,70,5140.15,-6351.02,591.492,0,0,0,64783.5,51927.4,-4861.67,42650.5,6006.94,106811,2.35433e+14
20230101T000001.100000,6,71,5461.95,-7782.96,1138.2,0,0,0,97623.9,67011.9,-9942.5,49163.8,14167.5,144653,6.21884e+14
20230101T000001.100000,6,72,9489.76,-1604.46,-1592.56,0,0,0,8124.63,23684.2,24170.7,144203,-4086.59,148209,8.56256e+14
20230101T000001.100000,6,73,5109.03,-1680.52,364.599,0,0,0,4768.04,13655.3,-2976.3,41790.5,978.996,46282.4,3.45165e+14
20230101T000001.100000,6,74,10294.7,612.389,-505.596,0,0,0,1071.22,-10059,8324.84,169572,495.209,170171,2.59627e+15
20230101T000001.100000,6,75,5856.11,679.381,-41.1346,0,0,0,804.312,-6358.01,384.978,54871.3,44.6623,55608.9,4.26957e+14
20230101T000001.100000,6,76,193.234,229.418,-9.74895,0,0,0,110.808,-39.3541,1.67551,97.2317,1.98925,144.023,6.49397e+27
20230101T000001.100000,3,61,5140.15,-6351.02,591.492,0,0,0,2500,0,0,2500,0,2500,0
20230101T000001.100000,3,62,5461.95,-7782.96,1138.2,0,0,0,2500,0,0,2500,0,2500,0
20230101T000001.100000,3,63,9489.76,-1604.46,-1592.56,0,0,0,2500,0,0,2500,0,2500,0
20230101T000001.100000,3,64,5109.03,-1680.52,364.599,0,0,0,2500,0,0,2500,0,2500,0
20230101T000001.100000,3,65,10294.7,612.389,-505.596,0,0,0,2500,0,0,2500,0,2500,0
20230101T000001.100000,3,66,5856.11,679.381,-41.1346,0,0,0,2500,0,0,2500,0,2500,0
20230101T000001.100000,3,67,193.234,229.418,-9.74895,0,0,0,2500,0,0,2500,0,2500,0
20230101T000001.200000,6,77,2457.59,-2997.29,-20.3694,0,0,0,14400,11754,79.882,9702.24,-97.4246,24037.5,2.43018e+14
20230101T000001.200000,6,78,3887.47,-5272.39,1791.84,0,0,0,46307,30311.8,-11135.5,27546.4,15102.5,68661.2,3.38702e+14
20230101T000001.200000,6,79,6841.92,-5818.89,-382.428,0,0,0,54348.1,63552.9,4184.39,75024.1,-3558.73,129074,1.88652e+14
20230101T000001.200000,6,80,2530.47,-1094.82,-251.723,0,0,0,2056.65,4372.55,1013.85,10271.2,-438.644,12163.5,3.19086e+14
20230101T000001.200000,6,81,10618.3,-3067.35,-921.099,0,0,0,16365.4,51733.1,15643.7,180506,-4519.07,195451,1.08008e+15
20230101T000001.200000,6,82,6778.54,-3009.71,380.271,0,0,0,14739.9,32532.8,-4121.3,73566.4,1829.88,88011.3,2.39782e+14
20230101T000001.200000,6,83,228.965,193.735,-10.2022,0,0,0,97.4043,-39.3694,2.07754,110.621,1.75788,144.007,2.90787e+27
20230101T000001.200000,4,67,229.804,198.587,-10.1777,3.6208,-3.05253,-0.0424551,105.606,-36.3111,1.54587,93.0801,1.83533,136.249,0
20230101T000001.200000,3,68,2457.59,-2997.29,-20.3694,0,0,0,2500,0,0,2500,0,2500,0
20230101T000001.200000,3,69,3887.47,-5272.39,1791.84,0,0,0,2500,0,0,2500,0,2500,0
20230101T000001.200000,3,70,6841.92,-5818.89,-382.428,0,0,0,2500,0,0,2500,0,2500,0
20230101T000001.200000,3,71,2530.47,-1094.82,-251.723,0,0,0,2500,0,0,2500,0,2500,0
20230101T000001.200000,3,72,10618.3,-3067.35,-921.099,0,0,0,2500,0,0,2500,0,2500,0
20230101T000001.200000,3,73,6778.54,-3009.71,380.271,0,0,0,2500,0,0,2500,0,2500,0
20230101T000001.300000,6,84,1736.71,-1294.26,-20.7795,0,0,0,2721.78,3565.43,57.2486,4848.96,-42.6638,7506.06,1.83733e+15
20230101T000001.300000,6,85,2861.37,-2794.16,236.912,0,0,0,12570.3,12715.4,-1081.93,13174.9,1056.51,25591.8,5.44269e+14
20230101T000001.300000,6,86,5103.21,-5539.91,608.542,0,0,0,49406.1,44907.2,-4965.35,42023.4,5390.25,90773.8,6.87199e+14
20230101T000001.300000,6,87,6023.58,-6163.97,475.352,0,0,0,60999,59194.1,-4578.86,58271.3,4685.57,118845,4.49769e+14
20230101T000001.300000,6,88,4951.55,-4401.61,-208.885,0,0,0,31073.4,34805.2,1653.38,39287.6,-1469.75,70227.3,3.51702e+14
20230101T000001.300000,6,89,3502.5,-4709.62,342.765,0,0,0,35578.4,26272.1,-1918.63,19790.1,2579.88,55117,2.66492e+14
20230101T000001.300000,6,90,1927,-988.373,-38.7286,0,0,0,1615.56,3020.4,118.39,5955.17,-60.7232,7504.37,1.84508e+15
20230101T000001.300000,6,91,4183.36,-1030.79,-250.911,0,0,0,1855.16,6861.28,1675.84,28010.3,-412.931,29701.1,3.68139e+14
20230101T000001.300000,6,92,4224.22,-1271.7,772.696,0,0,0,3520.38,8314.24,-5212.04,28635,1569.08,31139.9,5.14724e+14
20230101T000001.300000,6,93,8452.62,-1776.6,-426.99,0,0,0,5390.62,23955.6,5771.6,114330,-1213.1,119365,4.37387e+14
20230101T000001.300000,6,94,5318.09,-2096.3,-22.0841,0,0,0,7087.26,17815.2,187.683,45260,-73.9815,52282.5,5.78494e+14
20230101T000001.300000,6,95,260.061,149.384,-10.4309,0,0,0,83.8997,-34.4747,2.41248,124.113,1.38578,143.994,4.21917e+27
20230101T000001.300000,3,74,1736.71,-1294.26,-20.7795,0,0,0,2500,0,0,2500,0,2500,0
20230101T000001.300000,3,75,2861.37,-2794.16,236.912,0,0,0,2500,0,0,2500,0,2500,0
20230101T000001.300000,3,76,5103.21,-5539.91,608.542,0,0,0,2500,0,0,2500,0,2500,0
20230101T000001.300000,3,77,6023.58,-6163.97,475.352,0,0,0,2500,0,0,2500,0,2500,0
20230101T000001.300000,3,78,4951.55,-4401.61,-208.885,0,0,0,2500,0,0,2500,0,2500,0
20230101T000001.300000,3,79,3502.5,-4709.62,342.765,0,0,0,2500,0,0,2500,0,2500,0
20230101T000001.300000,3,80,1927,-988.373,-38.7286,0,0,0,2500,0,0,2500,0,2500,0
20230101T000001.300000,3,81,4183.36,-1030.79,-250.911,0,0,0,2500,0,0,2500,0,2500,0
20230101T000001.300000,3,82,4224.22,-1271.7,772.696,0,0,0,2500,0,0,2500,0,2500,0
20230101T000001.300000,3,83,8452.62,-1776.6,-426.99,0,0,0,2500,0,0,2500,0,2500,0
20230101T000001.300000,3,84,5318.09,-2096.3,-22.0841,0,0,0,2500,0,0,2500,0,2500,0
20230101T000001.300000,3,85,260.061,149.384,-10.4309,0,0,0,2500,0,0,2500,0,2500,0
20230101T000001.400000,6,96,4083,-3975.26,132.551,0,0,0,25331.5,25923.5,-864.862,26718.2,842.041,51957.7,2.01273e+14
20230101T000001.400000,6,97,281.697,102.918,-10.401,0,0,0,73.4955,-25.7268,2.60563,134.513,0.951966,143.989,5.6148e+27
20230101T000001.400000,4,85,284.242,107.282,-10.4026,2.39408,-4.16859,0.00279877,80.7792,-31.8095,2.22583,117.884,1.27856,136.222,0
20230101T000001.400000,3,86,4083,-3975.26,132.551,0,0,0,2500,0,0,2500,0,2500,0
20230101T000001.500000,6,98,2327.41,-3054.67,156.876,0,0,0,14967.5,11325.4,-582.599,8732.25,764.649,23596.6,8.33852e+14
20230101T000001.500000,6,99,295.246,52.5793,-10.9164,0,0,0,66.5587,-13.7727,2.8663,141.443,0.510448,143.981,7.17073e+27
20230101T000001.500000,4,68,2426.58,-2981.68,-2.01566,-8.53513,4.29426,5.05151,1488.74,1169.35,7.94686,1021.39,-9.69204,2447.48,0
20230101T000001.500000,3,87,295.246,52.5793,-10.9164,0,0,0,2500,0,0,2500,0,2500,0
20230101T000001.600000,6,100,299.902,1.31949,-10.5387,0,0,0,64.1003,-0.351136,2.81075,143.907,0.0123665,143.988,3.20196e+27
20230101T000001.600000,6,101,6064.48,5552.29,-1386.91,0,0,0,51032.8,-52311,13449.6,60276.4,12313.7,108171,4.90936e+14
20230101T000001.600000,4,87,303.807,4.58219,-10.5591,0.847611,-4.7522,0.0353802,64.7788,-12.708,2.64453,133.874,0.470955,136.21,0
20230101T000001.600000,3,88,6064.48,5552.29,-1386.91,0,0,0,2500,0,0,2500,0,2500,0
20230101T000001.700000,6,102,295.397,-51.9626,-9.70764,0,0,0,66.4805,13.6248,2.55019,141.538,-0.448599,144.002,4.24839e+27
20230101T000001.700000,6,103,295.311,-52.4037,-9.91353,0,0,0,66.5248,13.7354,2.60352,141.49,-0.462001,143.998,4.19432e+27
20230101T000001.700000,6,104,7398.47,7825.7,-507.997,0,0,0,98211.5,-92399.1,6011.37,87831.5,6358.5,185566,5.49965e+14
20230101T000001.700000,6,105,6624.53,7279.93,1079.55,0,0,0,85669.1,-76202.1,-11437.7,71269.7,-12569.3,155012,4.43513e+14
20230101T000001.700000,6,106,3173.78,4239.37,1090.85,0,0,0,29461.5,-20584.8,-5531.81,17376,-7389.1,44874.8,2.08642e+14
20230101T000001.700000,3,89,295.397,-51.9626,-9.70764,0,0,0,2500,0,0,2500,0,2500,0
20230101T000001.700000,3,90,295.311,-52.4037,-9.91353,0,0,0,2500,0,0,2500,0,2500,0
20230101T000001.700000,3,91,7398.47,7825.7,-507.997,0,0,0,2500,0,0,2500,0,2500,0
20230101T000001.700000,3,92,6624.53,7279.93,1079.55,0,0,0,2500,0,0,2500,0,2500,0
20230101T000001.700000,3,93,3173.78,4239.37,1090.85,0,0,0,2500,0,0,2500,0,2500,0
20230101T000001.800000,6,107,281.918,-102.398,-9.69168,0,0,0,73.391,25.6249,2.4299,134.633,-0.882584,144.007,1.30364e+26
20230101T000001.800000,6,108,7758.39,-3424.5,-274.502,0,0,0,18918,42441.7,3405.61,96338.3,-1503.22,115072,4.56026e+15
20230101T000001.800000,6,109,8285.24,-3403.95,31.2773,0,0,0,18595.1,45101.1,-414.418,109842,170.261,128371,4.24874e+15
20230101T000001.800000,6,110,4973.09,7074.01,-759.376,0,0,0,80392.7,-55823.5,6039.11,40230.6,8590.37,119638,1.60952e+14
20230101T000001.800000,4,90,286.758,-100.678,-9.70367,-0.846868,-4.7796,0.0207777,64.7475,12.6734,2.40209,133.917,-0.426257,136.226,0
20230101T000001.800000,3,94,7758.39,-3424.5,-274.502,0,0,0,2500,0,0,2500,0,2500,0
20230101T000001.800000,3,95,8285.24,-3403.95,31.2773,0,0,0,2500,0,0,2500,0,2500,0
20230101T000001.800000,3,96,4973.09,7074.01,-759.376,0,0,0,2500,0,0,2500,0,2500,0
20230101T000001.900000,6,111,7105.6,-4631.78,-228.818,0,0,0,34429.1,52590.9,2599.97,80827.2,-1694.79,115109,2.0821e+15
20230101T000001.900000,6,112,259.908,-149.666,-10.1182,0,0,0,83.9708,34.523,2.33873,124.043,-1.34673,143.996,5.71879e+25
20230101T000001.900000,6,113,7316.16,8818.72,1551.78,0,0,0,126028,-101307,-18159.5,87961.3,-21889,210075,5.84679e+14
20230101T000001.900000,6,114,1344.17,1636.66,318.062,0,0,0,4376.28,-3409.84,-678.08,3024.9,-825.632,7178.14,5.65046e+14
20230101T000001.900000,6,115,4697.21,4859.93,-1152.18,0,0,0,38846.2,-35432.5,8651.88,36432.3,8951.61,73094.1,1.24608e+14
20230101T000001.900000,6,116,5108.52,3913.96,420.483,0,0,0,24728.9,-31823.9,-3433.57,41883.3,-2630.68,66265.9,1.23207e+14
20230101T000001.900000,6,117,5039.15,7479.48,-1117.34,0,0,0,90151.5,-59349.6,9004.37,42046.1,13364.9,130138,1.95386e+14
20230101T000001.900000,4,89,278.234,-149.461,-10.0966,-3.30041,-18.7498,-0.0748073,64.7564,12.6,2.35824,134.168,-0.414833,136.442,0
20230101T000001.900000,3,97,7105.6,-4631.78,-228.818,0,0,0,2500,0,0,2500,0,2500,0
20230101T000001.900000,3,98,7316.16,8818.73,1551.78,0,0,0,2500,0,0,2500,0,2500,0
20230101T000001.900000,3,99,1344.17,1636.66,318.062,0,0,0,2500,0,0,2500,0,2500,0
20230101T000001.900000,3,100,4697.21,4859.93,-1152.18,0,0,0,2500,0,0,2500,0,2500,0
20230101T000001.900000,3,101,5108.52,3913.96,420.483,0,0,0,2500,0,0,2500,0,2500,0
20230101T000001.900000,3,102,5039.15,7479.48,-1117.34,0,0,0,2500,0,0,2500,0,2500,0
20230101T000002,6,118,229.608,-193.002,-10.0995,0,0,0,97.1552,39.3357,2.06257,110.887,-1.73374,144.024,7.70395e+25
20230101T000002,6,119,4017.69,-262.056,-483.967,0,0,0,545.869,1656.14,3103.52,25828.8,-202.429,25937.7,4.71195e+14
20230101T000002,6,120,4353.71,-680.015,591.957,0,0,0,1348.55,4641.87,-4115.18,30342.5,642.76,31068.6,3.50023e+14
20230101T000002,6,121,5832.83,107.88,1373.1,0,0,0,3094.86,-949.901,-12800.2,54436.1,-236.745,54457.1,2.50182e+14
20230101T000002,6,122,2779.72,762.555,-34.0858,0,0,0,991.627,-3374.71,150.869,12367.6,41.3875,13293.3,1.6784e+14
20230101T000002,6,123,9393.44,5893.45,-2099.68,0,0,0,60678.2,-85372.2,31547.2,143188,19792.7,196753,4.36486e+14
20230101T000002,6,124,7118.42,3308.02,72.1745,0,0,0,17568.3,-37648.9,-821.496,81087.9,-381.759,98583.8,1.64572e+14
20230101T000002,6,125,6903.09,8700.13,146.181,0,0,0,121146,-96044.7,-1614.04,76304.6,-2034.21,197352,1.93213e+14
20230101T000002,6,126,9310.72,5952.2,-2293.43,0,0,0,62703.6,-84823.8,34154.8,141163,21834.6,195392,4.22352e+14
20230101T000002,6,127,4656.61,2851.11,-1179.66,0,0,0,14670,-20223.6,8777.88,35318.2,5374.44,47703.4,1.83486e+14
20230101T000002,6,128,4366.18,4039,-1386.13,0,0,0,27790.9,-26653.3,9673.01,31947.3,8948.15,56606.6,1.29819e+14
20230101T000002,3,103,229.608,-193.002,-10.0995,0,0,0,2500,0,0,2500,0,2500,0
20230101T000002,3,104,4017.69,-262.056,-483.967,0,0,0,2500,0,0,2500,0,2500,0
20230101T000002,3,105,4353.71,-680.015,591.957,0,0,0,2500,0,0,2500,0,2500,0
20230101T000002,3,106,5832.83,107.88,1373.1,0,0,0,2500,0,0,2500,0,2500,0
20230101T000002,3,107,2779.72,762.555,-34.0858,0,0,0,2500,0,0,2500,0,2500,0
20230101T000002,3,108,9393.44,5893.45,-2099.68,0,0,0,2500,0,0,2500,0,2500,0
20230101T000002,3,109,7118.42,3308.02,72.1745,0,0,0,2500,0,0,2500,0,2500,0
20230101T000002,3,110,6903.09,8700.13,146.181,0,0,0,2500,0,0,2500,0,2500,0
20230101T000002,3,111,9310.72,5952.2,-2293.43,0,0,0,2500,0,0,2500,0,2500,0
20230101T000002,3,112,4656.61,2851.11,-1179.66,0,0,0,2500,0,0,2500,0,2500,0
20230101T000002,3,113,4366.18,4039,-1386.13,0,0,0,2500,0,0,2500,0,2500,0
20230101T000002.100000,6,129,5671.09,-8227.17,-685.864,0,0,0,108561,74269.7,6220.87,52011.4,-9024.75,159756,1.55452e+14
20230101T000002.100000,6,130,2305.75,-894.1,-109.765,0,0,0,1351.35,3270.49,402.304,8517.25,-156.001,9785.57,4.68826e+14
20230101T000002.100000,6,131,7393.05,-3200.51,-297.266,0,0,0,16562.2,37783.6,3514.16,87483.9,-1521.31,103841,1.61698e+14
20230101T000002.100000,6,132,8225.69,-1811.59,1025.39,0,0,0,6915.56,23475.9,-13487.7,108340,2970.47,113511,8.83147e+13
20230101T000002.100000,6,133,9459.45,1467.86,259.016,0,0,0,3614.65,-22190.3,-3918.53,143174,-608.054,146617,2.46015e+14
20230101T000002.100000,6,134,192.204,226.709,41.59,0,0,0,109.643,-37.3916,-7.10996,97.2391,-8.38636,142.572,6.35596e+26
20230101T000002.100000,3,114,5671.09,-8227.17,-685.864,0,0,0,2500,0,0,2500,0,2500,0
20230101T000002.100000,3,115,2305.75,-894.1,-109.765,0,0,0,2500,0,0,2500,0,2500,0
20230101T000002.100000,3,116,7393.05,-3200.51,-297.266,0,0,0,2500,0,0,2500,0,2500,0
20230101T000002.100000,3,117,8225.69,-1811.59,1025.39,0,0,0,2500,0,0,2500,0,2500,0
20230101T000002.100000,3,118,9459.45,1467.86,259.016,0,0,0,2500,0,0,2500,0,2500,0
20230101T000002.100000,3,119,192.204,226.709,41.59,0,0,0,2500,0,0,2500,0,2500,0
20230101T000002.200000,6,135,1511.79,-1316.66,243.114,0,0,0,2863.41,3106.77,-582.294,3724.83,507.136,6431.53,6.20168e+14
20230101T000002.200000,6,136,7653.23,-6470.26,-928.868,0,0,0,67824.9,78517.5,11369.7,94317,-9612.24,160698,3.09015e+14
20230101T000002.200000,6,137,2752.85,-3795.76,793.038,0,0,0,23420.7,16210.8,-3486.8,12825.3,4807.77,35179.3,1.52426e+14
20230101T000002.200000,6,138,3261.21,-4514.07,102.042,0,0,0,32630.6,23515.9,-531.76,17069.8,736.048,49619.8,2.7378e+14
20230101T000002.200000,6,139,3809.85,-1586.74,947.163,0,0,0,5303.4,9141.34,-5760.79,23445.1,2399.28,27255.5,2.17671e+14
20230101T000002.200000,6,140,228.939,189.156,43.2514,0,0,0,96.2719,-37.0455,-8.80667,110.501,-7.27634,142.438,2.84087e+27
20230101T000002.200000,4,119,230.067,194.309,43.1623,3.74877,-3.20798,0.155668,104.572,-34.5349,-6.55981,93.1161,-7.73744,134.911,0
20230101T000002.200000,3,120,1511.79,-1316.66,243.114,0,0,0,2500,0,0,2500,0,2500,0
20230101T000002.200000,3,121,7653.23,-6470.26,-928.869,0,0,0,2500,0,0,2500,0,2500,0
20230101T000002.200000,3,122,2752.85,-3795.76,793.038,0,0,0,2500,0,0,2500,0,2500,0
20230101T000002.200000,3,123,3261.21,-4514.07,102.042,0,0,0,2500,0,0,2500,0,2500,0
20230101T000002.200000,3,124,3809.85,-1586.74,947.163,0,0,0,2500,0,0,2500,0,2500,0
20230101T000002.300000,6,141,8429.68,-5699.19,-631.086,0,0,0,52450.3,76542.5,8508.49,113915,-5752.47,165665,3.92303e+14
20230101T000002.300000,6,142,10260.9,-2501.37,1379.21,0,0,0,12943.2,40351.1,-22635.1,168631,5517.92,178469,7.17866e+14
20230101T000002.300000,6,143,8426.94,-2964.99,-370.361,0,0,0,14318,39888.6,4991.12,113652,-1756.11,127687,2.75711e+14
20230101T000002.300000,6,144,8768.1,-3357.67,387.629,0,0,0,18303.7,47003.1,-5435.57,123046,2081.51,141046,2.47736e+14
20230101T000002.300000,6,145,3901.13,-1391.4,602.966,0,0,0,3669.23,8480.94,-3755.01,24422.9,1339.28,27449.1,2.99798e+14
20230101T000002.300000,6,146,257.356,148.154,43.3092,0,0,0,84.4417,-32.6112,-9.91247,122.317,-5.70637,142.423,2.31617e+27
20230101T000002.300000,4,124,3779.71,-1554.46,909.451,-2.98427,3.19603,-3.73387,491.075,757.923,-454.509,1995.23,189.295,2207.74,0
20230101T000002.300000,3,125,8429.68,-5699.19,-631.086,0,0,0,2500,0,0,2500,0,2500,0
20230101T000002.300000,3,126,10260.9,-2501.37,1379.21,0,0,0,2500,0,0,2500,0,2500,0
20230101T000002.300000,3,127,8426.94,-2964.99,-370.361,0,0,0,2500,0,0,2500,0,2500,0
20230101T000002.300000,3,128,8768.1,-3357.67,387.629,0,0,0,2500,0,0,2500,0,2500,0
20230101T000002.300000,3,129,257.356,148.154,43.3092,0,0,0,2500,0,0,2500,0,2500,0
20230101T000002.400000,6,147,2101.79,-2060.39,163.044,0,0,0,6846.57,6875.65,-545.77,7120.13,535.02,13860.6,3.62245e+14
20230101T000002.400000,6,148,1017.39,-1523.13,303.224,0,0,0,3776.51,2382.68,-487.869,1800.94,730.387,5369.75,1.86537e+15
20230101T000002.400000,6,149,279.427,100.926,42.3124,0,0,0,74.3204,-24.1652,-10.5147,132.497,-3.79782,142.497,2.87649e+27
20230101T000002.400000,4,129,282.131,105.389,42.3664,2.453,-4.23417,-0.0933498,81.2979,-30.1227,-9.14554,116.283,-5.26487,134.773,0
20230101T000002.400000,3,130,2101.79,-2060.39,163.044,0,0,0,2500,0,0,2500,0,2500,0
20230101T000002.400000,3,131,1017.39,-1523.13,303.224,0,0,0,2500,0,0,2500,0,2500,0
20230101T000002.500000,6,150,1397.88,-1432.69,-77.7212,0,0,0,3320.05,3167.6,172.099,3164.21,-176.385,6410.78,3.93478e+14
20230101T000002.500000,6,151,2247.58,-3517.01,886.395,0,0,0,20173.3,12049.4,-3180.59,9018.66,4976.98,27876.3,2.32282e+14
20230101T000002.500000,6,152,8700.46,-6074.99,-703.156,0,0,0,59623.4,84167.1,9784.98,121397,-6832.24,180166,3.68239e+14
20230101T000002.500000,6,153,292.543,50.8842,43.293,0,0,0,67.8811,-12.7309,-11.2624,138.859,-1.95894,142.406,7.64449e+26
20230101T000002.500000,3,132,1397.88,-1432.69,-77.7212,0,0,0,2500,0,0,2500,0,2500,0
20230101T000002.500000,3,133,2247.58,-3517.01,886.395,0,0,0,2500,0,0,2500,0,2500,0
20230101T000002.500000,3,134,8700.46,-6074.99,-703.156,0,0,0,2500,0,0,2500,0,2500,0
20230101T000002.500000,3,135,292.543,50.8842,43.293,0,0,0,2500,0,0,2500,0,2500,0
20230101T000002.600000,6,154,297.19,0.0280996,41.6035,0,0,0,65.5393,-0.00716465,-10.9955,141.315,-0.00103963,142.545,1.02911e+27
20230101T000002.600000,6,155,2038.26,1623.24,23.4217,0,0,0,4255.57,-5262.14,-75.9333,6672.39,-60.4723,10863.1,6.19504e+14
20230101T000002.600000,6,156,4810.15,4084.62,-3.53568,0,0,0,26731.8,-31404.6,27.1841,37046.8,23.0839,63714.6,7.95145e+14
20230101T000002.600000,6,157,3846.75,4629.74,-280.17,0,0,0,34372.5,-28402,1722.49,23788.1,2073.1,57971.2,3.4504e+14
20230101T000002.600000,6,158,3544.23,3662.98,-75.4926,0,0,0,21503.2,-20735.3,427.442,20136.2,441.763,41566.3,3.83887e+14
20230101T000002.600000,4,135,301.08,3.23807,41.6955,0.845176,-4.71744,-0.158171,66.0011,-11.7595,-10.3911,131.563,-1.80739,134.758,0
20230101T000002.600000,3,136,2038.26,1623.24,23.4217,0,0,0,2500,0,0,2500,0,2500,0
20230101T000002.600000,3,137,4810.15,4084.62,-3.53568,0,0,0,2500,0,0,2500,0,2500,0
20230101T000002.600000,3,138,3846.75,4629.74,-280.17,0,0,0,2500,0,0,2500,0,2500,0
20230101T000002.600000,3,139,3544.23,3662.98,-75.4926,0,0,0,2500,0,0,2500,0,2500,0
20230101T000002.700000,6,159,292.753,-51.1807,41.6397,0,0,0,67.7893,12.8546,-10.8412,139.07,1.89532,142.55,1.16175e+27
20230101T000002.700000,6,160,6544.67,7982.65,238.087,0,0,0,102019,-83514.3,-2492.19,68624.8,-3039.77,170489,2.31718e+14
20230101T000002.700000,6,161,5244.56,6523.44,113.575,0,0,0,68121.7,-54698.8,-952.499,44060,-1184.77,112097,2.46009e+14
20230101T000002.700000,6,162,4593.26,4328.86,303.732,0,0,0,30094.4,-31708.2,-2229.95,33856.3,-2101.59,63739.4,1.68042e+14
20230101T000002.700000,6,163,4650.29,4943.89,-524.81,0,0,0,39344,-36533.1,3901.46,34867.9,4147.78,73707.9,1.36918e+14
20230101T000002.700000,6,164,3327.79,3663.44,129.781,0,0,0,21514.4,-19460.6,-689.888,17768.5,-759.473,39192,2.05849e+14
20230101T000002.700000,4,137,4808.43,4099.5,8.16127,-0.169995,1.47296,1.15812,1053.84,-1167.53,1.01062,1437.32,0.858186,2428.75,0
20230101T000002.700000,3,140,292.753,-51.1807,41.6397,0,0,0,2500,0,0,2500,0,2500,0
20230101T000002.700000,3,141,6544.67,7982.65,238.087,0,0,0,2500,0,0,2500,0,2500,0
20230101T000002.700000,3,142,5244.56,6523.44,113.575,0,0,0,2500,0,0,2500,0,2500,0
20230101T000002.700000,3,143,4650.29,4943.89,-524.81,0,0,0,2500,0,0,2500,0,2500,0
20230101T000002.700000,3,144,3327.79,3663.44,129.781,0,0,0,2500,0,0,2500,0,2500,0
20230101T000002.800000,6,165,279.556,-100.876,41.5893,0,0,0,74.2693,24.1962,-10.3399,132.593,3.73109,142.553,4.1729e+26
20230101T000002.800000,6,166,10277.4,2720.64,645.751,0,0,0,12526.1,-44557.1,-10614.9,169049,-2809.98,180844,6.22019e+14
20230101T000002.800000,6,167,5886.35,1855.46,-80.8296,0,0,0,5576.06,-17453.6,760.467,55445.4,239.709,60947,1.91191e+14
20230101T000002.800000,6,168,4941.42,1201.7,350.646,0,0,0,2556.42,-9441.17,-2768.04,39082.7,-673.157,41379,2.0313e+14
20230101T000002.800000,6,169,7351.78,4572.25,-1449.74,0,0,0,35918.5,-52246.7,17044.2,87433.1,10600.2,119928,1.80712e+14
20230101T000002.800000,4,140,284.363,-99.2059,41.592,-0.830669,-4.75498,-0.00472984,65.9163,11.8727,-10.0024,131.752,1.74868,134.89,0
20230101T000002.800000,3,145,10277.4,2720.64,645.751,0,0,0,2500,0,0,2500,0,2500,0
20230101T000002.800000,3,146,5886.35,1855.46,-80.8296,0,0,0,2500,0,0,2500,0,2500,0
20230101T000002.800000,3,147,4941.42,1201.7,350.646,0,0,0,2500,0,0,2500,0,2500,0
20230101T000002.800000,3,148,7351.78,4572.25,-1449.74,0,0,0,2500,0,0,2500,0,2500,0
20230101T000002.900000,6,170,2780.11,-1961.42,97.3325,0,0,0,6208.27,8687.48,-431.458,12392.7,304.401,18522,8.74724e+14
20230101T000002.900000,6,171,3211.43,-2781.56,659.804,0,0,0,12813,13916.8,-3382.93,16826.6,2930.1,28882.1,3.40342e+14
20230101T000002.900000,6,172,6502.73,-4132.57,-477.454,0,0,0,27630.2,42802.8,4964.27,67780.1,-3154.86,94982,3.4325e+14
20230101T000002.900000,6,173,257.206,-148.644,42.5372,0,0,0,84.5348,32.7479,-9.73031,122.275,5.62332,142.486,4.52491e+24
20230101T000002.900000,6,174,8277.18,-4529.16,2346.61,0,0,0,39648,56246.4,-31064.1,111663,16997.9,142444,9.10709e+14
20230101T000002.900000,6,175,4879.91,-1352.41,-105.448,0,0,0,3002.35,10538.4,822.042,38107.5,-227.819,41028.1,2.4816e+14
20230101T000002.900000,6,176,4073.07,-567.177,447.47,0,0,0,891.024,3643.84,-2909.3,26551.1,405.122,27059.3,2.48177e+14
20230101T000002.900000,6,177,6109.67,-711.568,251.496,0,0,0,973.011,6936.94,-2455.9,59727.1,286.028,60535.1,1.56672e+14
20230101T000002.900000,6,178,4240.78,2417.52,-601.425,0,0,0,9835.4,-16127.3,4074.08,28932.2,2322.48,38126.8,1.14143e+14
20230101T000002.900000,3,149,2780.11,-1961.42,97.3325,0,0,0,2500,0,0,2500,0,2500,0
20230101T000002.900000,3,150,3211.43,-2781.56,659.804,0,0,0,2500,0,0,2500,0,2500,0
20230101T000002.900000,3,151,6502.73,-4132.57,-477.454,0,0,0,2500,0,0,2500,0,2500,0
20230101T000002.900000,3,152,257.206,-148.644,42.5372,0,0,0,2500,0,0,2500,0,2500,0
20230101T000002.900000,3,153,8277.18,-4529.16,2346.61,0,0,0,2500,0,0,2500,0,2500,0
20230101T000002.900000,3,154,4879.91,-1352.41,-105.448,0,0,0,2500,0,0,2500,0,2500,0
20230101T000002.900000,3,155,4073.07,-567.177,447.47,0,0,0,2500,0,0,2500,0,2500,0
20230101T000002.900000,3,156,6109.67,-711.568,251.496,0,0,0,2500,0,0,2500,0,2500,0
20230101T000002.900000,3,157,4240.78,2417.52,-601.425,0,0,0,2500,0,0,2500,0,2500,0
20230101T000003,6,179,228.157,-190.234,42.6108,0,0,0,96.6086,37.1725,-8.64639,110.198,7.20921,142.482,2.05368e+26
20230101T000003,6,180,5919.8,-1143,1160.55,0,0,0,4227.36,10413.5,-10980.7,56150.1,2120.16,58163,3.00412e+14
20230101T000003,6,181,3995.56,1132.21,-19.4938,0,0,0,2110.83,-7221.13,124.333,25548.1,35.2318,27594.3,2.00252e+14
20230101T000003,6,182,6019.87,3733.24,113.402,0,0,0,22360.4,-35919.9,-1091.39,58005.6,-676.828,80281.5,1.13437e+14
20230101T000003,6,183,6277.66,8352.14,-390.477,0,0,0,111724,-83743.1,3920.61,63251.1,5216.2,174668,1.76206e+14
20230101T000003,6,184,5175.34,5928.91,1590.16,0,0,0,58019.3,-47059.8,-13159.2,45185.7,-15075.3,99100.3,1.08913e+14
20230101T000003,6,185,5848.65,6847.8,-108.223,0,0,0,75062.6,-64039.8,1012.24,54778.6,1185.16,129758,1.90251e+14
20230101T000003,4,152,233.13,-190.288,42.6068,-2.38381,-4.12315,0.00690032,81.3832,30.2476,-8.97746,116.242,5.18823,134.831,0
20230101T000003,3,158,5919.8,-1143,1160.55,0,0,0,2500,0,0,2500,0,2500,0
20230101T000003,3,159,3995.56,1132.21,-19.4938,0,0,0,2500,0,0,2500,0,2500,0
20230101T000003,3,160,6019.87,3733.24,113.402,0,0,0,2500,0,0,2500,0,2500,0
20230101T000003,3,161,6277.66,8352.14,-390.477,0,0,0,2500,0,0,2500,0,2500,0
20230101T000003,3,162,5175.34,5928.91,1590.16,0,0,0,2500,0,0,2500,0,2500,0
20230101T000003,3,163,5848.65,6847.8,-108.223,0,0,0,2500,0,0,2500,0,2500,0
20230101T000003.100000,6,186,5001.92,-5039.27,80.2009,0,0,0,40667.6,40292.4,-641.344,40068.1,646.133,80661.4,1.27686e+14
20230101T000003.100000,6,187,2754.34,-1633.12,-199.972,0,0,0,4361.83,7141.02,877.841,12171.4,-520.495,16405.8,2.53489e+14
20230101T000003.100000,6,188,3662.97,-1624.33,354.732,0,0,0,4442.83,9421.65,-2073.86,21511.3,919.644,25689.8,1.59851e+14
20230101T000003.100000,6,189,9204.4,-5730.85,2482.92,0,0,0,59700.3,79945.4,-36554.2,138326,22759.4,188105,4.77624e+14
20230101T000003.100000,6,190,7526.11,-3259.42,-954.892,0,0,0,18279.8,38694.1,11491.8,90868.1,-4976.91,107627,1.4227e+14
20230101T000003.100000,6,191,4995.14,-10.4443,215.615,0,0,0,138.438,83.1836,-1720.48,39922.2,3.59733,39922.5,1.39323e+14
20230101T000003.100000,6,192,5337.28,620.865,-602.558,0,0,0,1252.28,-5228.03,5138.59,45587,597.752,46196,1.39906e+14
20230101T000003.100000,6,193,5471.54,-28.2984,428.718,0,0,0,358.959,245.887,-3748.21,47900.4,19.3855,47902,1.34005e+14
20230101T000003.100000,6,194,5153.27,3668.26,-574.165,0,0,0,21922,-29966.5,4729.43,42688.7,3366.55,64020.3,6.59356e+14
20230101T000003.100000,6,195,4781.06,6436.92,-1323.2,0,0,0,67312.5,-47869.7,10115.9,38419.2,13619.5,102870,1.57012e+15
20230101T000003.100000,6,196,312.084,374.333,-105.03,0,0,0,256.517,-148.156,44.0052,202.328,52.7826,382.876,5.14839e+25
20230101T000003.100000,6,197,349.589,418.663,-117.96,0,0,0,314.709,-193.143,57.505,244.681,68.8672,478.846,3.65992e+22
20230101T000003.100000,3,164,5001.92,-5039.27,80.2009,0,0,0,2500,0,0,2500,0,2500,0
20230101T000003.100000,3,165,2754.34,-1633.12,-199.972,0,0,0,2500,0,0,2500,0,2500,0
20230101T000003.100000,3,166,3662.97,-1624.33,354.732,0,0,0,2500,0,0,2500,0,2500,0
20230101T000003.100000,3,167,9204.4,-5730.85,2482.92,0,0,0,2500,0,0,2500,0,2500,0
20230101T000003.100000,3,168,7526.11,-3259.42,-954.892,0,0,0,2500,0,0,2500,0,2500,0
20230101T000003.100000,3,169,4995.14,-10.4443,215.615,0,0,0,2500,0,0,2500,0,2500,0
20230101T000003.100000,3,170,5337.28,620.865,-602.558,0,0,0,2500,0,0,2500,0,2500,0
20230101T000003.100000,3,171,5471.54,-28.2984,428.718,0,0,0,2500,0,0,2500,0,2500,0
20230101T000003.100000,3,172,5153.27,3668.26,-574.165,0,0,0,2500,0,0,2500,0,2500,0
20230101T000003.100000,3,173,4781.06,6436.92,-1323.2,0,0,0,2500,0,0,2500,0,2500,0
20230101T000003.100000,3,174,312.084,374.333,-105.03,0,0,0,2500,0,0,2500,0,2500,0
20230101T000003.100000,3,175,349.589,418.663,-117.96,0,0,0,2500,0,0,2500,0,2500,0
20230101T000003.200000,6,198,1085.1,-1400.74,-108.224,0,0,0,3170.26,2391.98,185.51,1935.48,-239.471,5023.48,1.4438e+14
20230101T000003.200000,6,199,1519.65,-1082.98,-159.749,0,0,0,1945.77,2583.88,383.992,3730.1,-273.652,5571.97,1.65529e+14
20230101T000003.200000,6,200,4101.34,-5542.24,1555.9,0,0,0,50538.5,34487.8,-10201.9,29455.7,13786,76063.1,1.47295e+14
20230101T000003.200000,6,201,3916.1,-4558.05,52.5608,0,0,0,33270.4,28525.9,-328.969,24576.7,382.895,57778.7,8.79657e+13
20230101T000003.200000,6,202,7743.73,-5459.96,611.013,0,0,0,48139.5,67337.4,-7567.08,96164.1,5335.41,143643,3.91621e+14
20230101T000003.200000,6,203,2560.1,-448.468,-186.326,0,0,0,437.469,1816.74,758.728,10490.2,-132.911,10808.7,1.46546e+14
20230101T000003.200000,6,204,3375.67,-2107.79,689.205,0,0,0,7699.95,11015,-3713.32,18462.9,2318.62,25342.5,2.26991e+14
20230101T000003.200000,6,205,7430,1357.25,-1338.9,0,0,0,5783.06,-15617,15906,88422.4,2905.57,91277.1,4.17127e+14
20230101T000003.200000,6,206,2747.82,1480.94,-584.633,0,0,0,3980.77,-6256.75,2560.15,12217.9,1379.79,15592.1,4.72065e+14
20230101T000003.200000,6,207,7196.05,2410.69,-1115.81,0,0,0,11145.6,-27137,12838.4,83060.4,4300.87,92152.7,4.46195e+14
20230101T000003.200000,6,208,374.75,311.823,-104.256,0,0,0,202.013,-148.328,52.4511,256.853,43.6436,383.073,4.48081e+24
20230101T000003.200000,6,209,418.985,349.798,-116.265,0,0,0,244.595,-193.737,67.9302,314.906,56.7129,479.429,3.09873e+21
20230101T000003.200000,6,210,3445.16,4103.15,-840.542,0,0,0,27430.6,-22030.2,4626.98,19690.2,5510.69,45929.5,3.88597e+14
20230101T000003.200000,4,174,371.332,325.109,-104.361,5.86611,-4.87368,0.066293,225.582,-125.628,37.0777,179.633,44.4733,331.095,0
20230101T000003.200000,4,175,412.999,366.135,-116.545,6.2782,-5.2008,0.140091,268.099,-158.549,46.8406,210.614,56.0956,400.33,0
20230101T000003.200000,3,176,1085.1,-1400.74,-108.224,0,0,0,2500,0,0,2500,0,2500,0
20230101T000003.200000,3,177,1519.65,-1082.98,-159.749,0,0,0,2500,0,0,2500,0,2500,0
20230101T000003.200000,3,178,4101.34,-5542.24,1555.9,0,0,0,2500,0,0,2500,0,2500,0
20230101T000003.200000,3,179,3916.1,-4558.05,52.5608,0,0,0,2500,0,0,2500,0,2500,0
20230101T000003.200000,3,180,7743.73,-5459.96,611.013,0,0,0,2500,0,0,2500,0,2500,0
20230101T000003.200000,3,181,2560.1,-448.468,-186.326,0,0,0,2500,0,0,2500,0,2500,0
20230101T000003.200000,3,182,3375.67,-2107.79,689.205,0,0,0,2500,0,0,2500,0,2500,0
20230101T000003.200000,3,183,7430,1357.25,-1338.9,0,0,0,2500,0,0,2500,0,2500,0
20230101T000003.200000,3,184,2747.82,1480.94,-584.633,0,0,0,2500,0,0,2500,0,2500,0
20230101T000003.200000,3,185,7196.05,2410.69,-1115.81,0,0,0,2500,0,0,2500,0,2500,0
20230101T000003.200000,3,186,3445.16,4103.15,-840.542,0,0,0,2500,0,0,2500,0,2500,0
20230101T000003.300000,6,211,6689.32,-9598.21,-1710.41,0,0,0,148952,100504,18301.2,74788,-26259.5,218998,2.61213e+14
20230101T000003.300000,6,212,2276.75,-1159.64,511.507,0,0,0,2532.87,4030.14,-1852.34,8392.63,943.469,10447.8,1.78265e+14
20230101T000003.300000,6,213,6547.25,-2291,686.527,0,0,0,9126.19,23744.7,-7185.86,68675.6,2514.46,76984.9,1.43028e+14
20230101T000003.300000,6,214,3113.12,514.154,-162.615,0,0,0,526.289,-2543.93,806.739,15509.2,133.239,15929.6,2.68161e+14
20230101T000003.300000,6,215,8407.73,365.18,-1843.87,0,0,0,5703.87,-4674.07,24791.1,113114,1076.77,113320,3.58046e+14
20230101T000003.300000,6,216,6496.85,4366.28,-588.725,0,0,0,30928.9,-45101.1,6115.8,67726.9,4110.19,98037.9,3.33696e+14
20230101T000003.300000,6,217,421.969,243.658,-105.425,0,0,0,154.177,-130.33,59.7224,304.627,34.4856,382.745,8.57753e+24
20230101T000003.300000,6,218,472.111,272.636,-118.812,0,0,0,181.685,-169.703,78.2171,377.55,45.1691,478.452,6.06458e+21
20230101T000003.300000,6,219,4518.16,5678.2,-1137.12,0,0,0,52413.4,-40009.6,8214.24,33967.1,10323.2,84250.6,3.66137e+14
20230101T000003.300000,3,187,6689.32,-9598.21,-1710.41,0,0,0,2500,0,0,2500,0,2500,0
20230101T000003.300000,3,188,2276.75,-1159.64,511.507,0,0,0,2500,0,0,2500,0,2500,0
20230101T000003.300000,3,189,6547.25,-2291,686.527,0,0,0,2500,0,0,2500,0,2500,0
20230101T000003.300000,3,190,3113.12,514.154,-162.615,0,0,0,2500,0,0,2500,0,2500,0
20230101T000003.300000,3,191,8407.73,365.18,-1843.87,0,0,0,2500,0,0,2500,0,2500,0
20230101T000003.300000,3,192,6496.85,4366.28,-588.725,0,0,0,2500,0,0,2500,0,2500,0
20230101T000003.300000,3,193,421.969,243.658,-105.425,0,0,0,2500,0,0,2500,0,2500,0
20230101T000003.300000,3,194,472.111,272.636,-118.812,0,0,0,2500,0,0,2500,0,2500,0
20230101T000003.300000,3,195,4518.16,5678.2,-1137.12,0,0,0,2500,0,0,2500,0,2500,0
20230101T000003.400000,6,220,2415.42,-1979.44,-158.566,0,0,0,6331.35,7598.86,610.299,9376.6,-500.142,15604,1.9775e+14
20230101T000003.400000,6,221,1178.28,-1756.49,-467.012,0,0,0,5063.67,3121.76,872.928,2504.11,-1301.3,7160.77,3.56942e+14
20230101T000003.400000,6,222,4972.44,-5479.79,-1170.55,0,0,0,49063.1,42474.6,9306.12,40796.8,-10255.6,87606.7,8.88426e+13
20230101T000003.400000,6,223,9370.28,-1712.98,-2250.81,0,0,0,12597.2,24237.2,33731,140748,-6166.38,145182,2.72432e+14
20230101T000003.400000,6,224,4509.3,-1893.42,334.035,0,0,0,5942.01,13574.4,-2406.01,32570.4,1010.27,38270.4,1.46355e+14
20230101T000003.400000,6,225,5288.44,-1392.8,-1289.15,0,0,0,5647.1,11115.4,10894.3,44924.6,-2869.2,47855.4,4.2695e+14
20230101T000003.400000,6,226,4386,907.846,-538.409,0,0,0,1823.95,-6266.33,3770.91,30800.9,780.531,32098.8,7.77883e+14
20230101T000003.400000,6,227,513.754,184.366,-116.073,0,0,0,127.728,-125.23,83.1572,431.754,29.8418,479.463,6.92968e+21
20230101T000003.400000,6,228,6993.29,2586.91,-1226.99,0,0,0,12881,-28141.5,13719.5,78547.2,5075,88958.8,9.74004e+14
20230101T000003.400000,6,229,6347.18,2614.07,-887.528,0,0,0,12064.8,-26081.2,9005.76,64650.6,3709,75393.2,5.96633e+14
20230101T000003.400000,6,230,458.683,165.31,-103.978,0,0,0,113.212,-96.2762,64.0271,345.65,23.0755,383.132,9.90156e+24
20230101T000003.400000,6,231,2867.43,1775.83,-315.131,0,0,0,5206.42,-8047.8,1440.75,13217.1,892.269,18201.8,6.83833e+14
20230101T000003.400000,6,232,5241.7,3387.17,604.854,0,0,0,18814.4,-28111.5,-5067.58,44151.8,-3274.66,62318,3.01062e+14
20230101T000003.400000,4,185,7089.14,2381.69,-1103.12,-20.5614,-5.57662,2.44133,358.253,-727.088,336.745,2285.08,112.81,2477.91,0
20230101T000003.400000,4,193,459.838,178.591,-104.175,3.74946,-6.44225,0.123761,138.807,-110.519,50.321,266.387,29.0569,330.987,0
20230101T000003.400000,4,194,513.699,201.742,-116.528,4.1177,-7.01922,0.226132,158.912,-139.329,63.7139,319.721,36.7938,400.022,0
20230101T000003.400000,3,196,2415.42,-1979.44,-158.566,0,0,0,2500,0,0,2500,0,2500,0
20230101T000003.400000,3,197,1178.28,-1756.49,-467.012,0,0,0,2500,0,0,2500,0,2500,0
20230101T000003.400000,3,198,4972.44,-5479.79,-1170.55,0,0,0,2500,0,0,2500,0,2500,0
20230101T000003.400000,3,199,9370.28,-1712.98,-2250.81,0,0,0,2500,0,0,2500,0,2500,0
20230101T000003.400000,3,200,4509.3,-1893.42,334.036,0,0,0,2500,0,0,2500,0,2500,0
20230101T000003.400000,3,201,5288.44,-1392.8,-1289.15,0,0,0,2500,0,0,2500,0,2500,0
20230101T000003.400000,3,202,4386,907.846,-538.409,0,0,0,2500,0,0,2500,0,2500,0
20230101T000003.400000,3,203,6347.18,2614.07,-887.528,0,0,0,2500,0,0,2500,0,2500,0
20230101T000003.400000,3,204,2867.43,1775.83,-315.131,0,0,0,2500,0,0,2500,0,2500,0
20230101T000003.400000,3,205,5241.7,3387.17,604.854,0,0,0,2500,0,0,2500,0,2500,0
20230101T000003.500000,6,233,6963.46,-9310.99,-1641.61,0,0,0,140280,101641,18284.7,80389,-24448.9,216296,1.20221e+14
20230101T000003.500000,6,234,6543.52,-4437.91,1300.27,0,0,0,33407.6,45177.7,-13604.9,69380.2,9227.05,100022,2.57541e+14
20230101T000003.500000,6,235,480.183,83.9081,-104.524,0,0,0,87.6012,-51.1268,67.381,371.252,11.7743,382.999,1.15619e+24
20230101T000003.500000,6,236,537.429,94.6659,-116.558,0,0,0,94.7874,-67.2313,87.3517,464.625,15.3866,479.26,7.87255e+20
20230101T000003.500000,6,237,9255.52,519.684,-1635.67,0,0,0,4761.22,-7452.85,24211.5,137077,1359.44,137498,2.98353e+14
20230101T000003.500000,6,238,480.685,79.5337,-105.675,0,0,0,87.0081,-48.4474,68.1944,371.798,11.2834,382.689,1.07029e+24
20230101T000003.500000,6,239,5929.06,2797.39,-557.779,0,0,0,12979.8,-26320.9,5286.48,56348.3,2494.22,68767.2,2.22731e+14
20230101T000003.500000,6,240,538.474,85.5279,-118.952,0,0,0,93.3751,-60.7152,89.3207,465.987,14.1872,478.539,7.26545e+20
20230101T000003.500000,6,241,4634.94,5343.02,-1789.64,0,0,0,47902.9,-37057,13261.9,37330.7,15287.9,80052.8,1.54164e+14
20230101T000003.500000,6,242,6101.15,6359.17,-2218.35,0,0,0,68505.2,-58113.6,21644.7,63689.6,22560.1,124265,1.97456e+14
20230101T000003.500000,6,243,3075.73,3772.22,149.678,0,0,0,22807.3,-18514.8,-735.348,15196.1,-901.867,37903.6,2.29236e+14
20230101T000003.500000,6,244,6763.68,6736.53,1095.22,0,0,0,73604.5,-71910.8,-11847.2,74183.1,-11799.7,145806,1.46524e+14
20230101T000003.500000,4,187,6648.18,-9531.15,-1698.26,-7.91117,12.8968,2.33775,1767.04,1151.41,205.235,917.394,-294.482,2517.65,0
20230101T000003.500000,4,195,4494.13,5633.19,-1149.34,-4.62133,-8.65518,-2.34956,1591.45,-1169.68,234.418,1052.17,294.604,2464.98,0
20230101T000003.500000,3,206,6543.52,-4437.91,1300.27,0,0,0,2500,0,0,2500,0,2500,0
20230101T000003.500000,3,207,480.183,83.9081,-104.524,0,0,0,2500,0,0,2500,0,2500,0
20230101T000003.500000,3,208,537.429,94.6659,-116.558,0,0,0,2500,0,0,2500,0,2500,0
20230101T000003.500000,3,209,9255.52,519.684,-1635.67,0,0,0,2500,0,0,2500,0,2500,0
20230101T000003.500000,3,210,480.685,79.5337,-105.675,0,0,0,2500,0,0,2500,0,2500,0
20230101T000003.500000,3,211,5929.06,2797.39,-557.779,0,0,0,2500,0,0,2500,0,2500,0
20230101T000003.500000,3,212,538.474,85.528,-118.952,0,0,0,2500,0,0,2500,0,2500,0
20230101T000003.500000,3,213,6101.15,6359.17,-2218.35,0,0,0,2500,0,0,2500,0,2500,0
20230101T000003.500000,3,214,3075.73,3772.22,149.678,0,0,0,2500,0,0,2500,0,2500,0
20230101T000003.500000,3,215,6763.68,6736.53,1095.22,0,0,0,2500,0,0,2500,0,2500,0
20230101T000003.600000,6,245,1800.92,-1268.01,-522.884,0,0,0,2905.52,3419.3,1494.92,5354.39,-1052.55,7765.29,4.11536e+14
20230101T000003.600000,6,246,1930.83,-1514.15,-163.794,0,0,0,3734.29,4625.93,502.666,6005.57,-394.19,9633.5,1.32686e+14
20230101T000003.600000,6,247,6354.49,-6030.01,-172.385,0,0,0,58236.3,61252.5,1751.76,64660.1,-1662.31,122785,1.30936e+14
20230101T000003.600000,6,248,487.553,0.880522,-104.023,0,0,0,78.5278,-0.545063,68.0866,380.333,0.122965,383.12,1.08393e+25
20230101T000003.600000,6,249,545.676,1.22609,-116.544,0,0,0,82.9421,-0.884115,88.6802,476.42,0.199257,479.214,7.57339e+21
20230101T000003.600000,6,250,6792.03,2444.47,-1061.25,0,0,0,11211.5,-25970.5,11524.2,74024.6,4147.57,83372.8,4.82083e+14
20230101T000003.600000,6,251,6220.66,8503.07,173.842,0,0,0,115723,-84578.1,-1729.64,61987.8,-2364.26,177598,1.30959e+14
20230101T000003.600000,6,252,6868.04,4684.64,-643.059,0,0,0,35608.4,-51141.3,7062.42,75702.2,4817.23,110586,1.17387e+14
20230101T000003.600000,4,210,492.181,11.8217,-104.248,1.13818,-6.70418,0.141278,81.8476,-41.0842,57.459,323.354,9.50712,330.938,0
20230101T000003.600000,4,212,550.018,15.2301,-116.94,1.14301,-6.9602,0.199212,86.4074,-49.847,72.7555,392.321,11.556,400.077,0
20230101T000003.600000,3,216,1800.92,-1268.01,-522.884,0,0,0,2500,0,0,2500,0,2500,0
20230101T000003.600000,3,217,1930.83,-1514.15,-163.794,0,0,0,2500,0,0,2500,0,2500,0
20230101T000003.600000,3,218,6354.49,-6030.01,-172.385,0,0,0,2500,0,0,2500,0,2500,0
20230101T000003.600000,3,219,6792.03,2444.47,-1061.25,0,0,0,2500,0,0,2500,0,2500,0
20230101T000003.600000,3,220,6220.66,8503.07,173.842,0,0,0,2500,0,0,2500,0,2500,0
20230101T000003.600000,3,221,6868.04,4684.64,-643.059,0,0,0,2500,0,0,2500,0,2500,0
20230101T000003.700000,6,253,1995.5,-1513.37,316.108,0,0,0,3805.95,4724.58,-1002.93,6452.61,760.616,10036.7,2.37355e+14
20230101T000003.700000,6,254,6086.33,-6093.98,778.07,0,0,0,59934,58828,-7572.89,59786.2,7582.41,118689,2.1587e+14
20230101T000003.700000,6,255,537.005,-97.5848,-115.825,0,0,0,95.2994,69.2967,86.7311,464.043,-15.7608,479.394,9.98432e+20
20230101T000003.700000,6,256,479.904,-86.9654,-103.379,0,0,0,87.9575,53.0297,66.6049,370.983,-12.0697,383.345,1.44273e+24
20230101T000003.700000,6,257,7583.42,-786.28,-680.816,0,0,0,1785.73,9457.72,8255.03,92021.9,-855.915,93003,1.95806e+14
20230101T000003.700000,6,258,536.677,-98.0592,-116.964,0,0,0,95.7775,69.5127,87.5303,463.519,-15.9931,479.032,1.02618e+21
20230101T000003.700000,6,259,479.495,-87.4756,-104.798,0,0,0,88.451,53.2078,67.4611,370.402,-12.3071,382.936,1.48701e+24
20230101T000003.700000,6,260,7906.86,2451.62,-1934.66,0,0,0,15135.5,-29304.2,24461.8,100560,7584.69,109650,2.70613e+14
20230101T000003.700000,6,261,10688.5,2279.32,579.145,0,0,0,8886.86,-38857.7,-9901.02,182817,-2111.39,191104,1.98901e+14
20230101T000003.700000,6,262,2349.44,2092.04,-292.927,0,0,0,7114.57,-7764.51,1096.73,8920.59,976.573,15835,8.36244e+13
20230101T000003.700000,3,222,1995.5,-1513.37,316.108,0,0,0,2500,0,0,2500,0,2500,0
20230101T000003.700000,3,223,6086.33,-6093.98,778.07,0,0,0,2500,0,0,2500,0,2500,0
20230101T000003.700000,3,224,537.005,-97.5848,-115.825,0,0,0,2500,0,0,2500,0,2500,0
20230101T000003.700000,3,225,479.904,-86.9654,-103.379,0,0,0,2500,0,0,2500,0,2500,0
20230101T000003.700000,3,226,7583.42,-786.28,-680.816,0,0,0,2500,0,0,2500,0,2500,0
20230101T000003.700000,3,227,536.677,-98.0592,-116.964,0,0,0,2500,0,0,2500,0,2500,0
20230101T000003.700000,3,228,479.495,-87.4756,-104.798,0,0,0,2500,0,0,2500,0,2500,0
20230101T000003.700000,3,229,7906.86,2451.62,-1934.66,0,0,0,2500,0,0,2500,0,2500,0
20230101T000003.700000,3,230,10688.5,2279.32,579.145,0,0,0,2500,0,0,2500,0,2500,0
20230101T000003.700000,3,231,2349.44,2092.04,-292.927,0,0,0,2500,0,0,2500,0,2500,0
20230101T000003.800000,6,263,4737.94,-3043.96,197.16,0,0,0,14914.4,23018.1,-1492.73,35953.8,959.028,50742.2,1.57078e+14
20230101T000003.800000,6,264,4903.62,-3340.4,-1376.96,0,0,0,19966.8,24768.3,10791.7,39453.6,-7351.44,56329.3,2.03603e+14
20230101T000003.800000,6,265,458.104,-166.761,-104.158,0,0,0,113.867,96.9774,64.0562,344.967,-23.3181,383.063,5.58762e+24
20230101T000003.800000,6,266,514.057,-183.278,-116.336,0,0,0,127.272,124.53,83.3936,432.154,-29.7325,479.334,3.93418e+21
20230101T000003.800000,6,267,6236.94,-1130.46,-405.701,0,0,0,2361.39,11223.6,4044.52,62249.5,-733.08,64284.1,2.97345e+14
20230101T000003.800000,6,268,1849.98,625.403,-76.2529,0,0,0,691.504,-1828.96,223.342,5483.37,75.503,6101.77,2.40664e+14
20230101T000003.800000,6,269,11219.6,2291.84,-1717.04,0,0,0,12992.3,-40204.5,30814.1,201600,6294.41,209814,4.12663e+14
20230101T000003.800000,6,270,5532.25,5270.75,-838.496,0,0,0,45072.2,-46061.3,7417.01,49534.7,7066.42,93419.5,2.0957e+14
20230101T000003.800000,4,227,523.496,-171.127,-116.441,-1.30504,-7.23448,0.0517332,88.3825,57.0571,71.3009,390.23,-13.0278,400.497,0
20230101T000003.800000,4,228,466.756,-157.784,-104.244,-1.26132,-6.96124,0.0548149,83.0717,45.1161,56.8411,322.144,-10.3697,331.146,0
20230101T000003.800000,3,232,4737.94,-3043.96,197.16,0,0,0,2500,0,0,2500,0,2500,0
20230101T000003.800000,3,233,4903.62,-3340.4,-1376.96,0,0,0,2500,0,0,2500,0,2500,0
20230101T000003.800000,3,234,6236.94,-1130.46,-405.701,0,0,0,2500,0,0,2500,0,2500,0
20230101T000003.800000,3,235,1849.98,625.403,-76.2529,0,0,0,2500,0,0,2500,0,2500,0
20230101T000003.800000,3,236,11219.6,2291.84,-1717.04,0,0,0,2500,0,0,2500,0,2500,0
20230101T000003.800000,3,237,5532.26,5270.75,-838.496,0,0,0,2500,0,0,2500,0,2500,0
20230101T000003.900000,6,271,1920.83,-1731.11,-138.073,0,0,0,4846.82,5273.34,421.813,5945.58,-380.151,10698.3,4.9477e+14
20230101T000003.900000,6,272,2665.35,-2873.42,-210.773,0,0,0,13272.8,12186.6,896.518,11439,-966.504,24577.1,2.06656e+14
20230101T000003.900000,6,273,8220.66,-6093.32,-1605.63,0,0,0,62108.3,78142.6,21111,109612,-15647.9,167534,3.2312e+14
20230101T000003.900000,6,274,4157.77,-5721.2,-1425.7,0,0,0,53516.6,36484,9477.06,29827.7,-13040.7,80033.2,2.12169e+14
20230101T000003.900000,6,275,6241.42,-6544.57,2021.28,0,0,0,71672.8,62060.6,-20175.6,65783.7,21155.6,130862,1.42482e+14
20230101T000003.900000,6,276,4992.61,-3746.6,-745.368,0,0,0,23068.3,29471.4,5948.1,40224.8,-4463.64,62341.9,1.25186e+14
20230101T000003.900000,6,277,421.621,-244.894,-103.852,0,0,0,154.638,131.119,58.7822,304.221,-34.1429,383.157,1.96603e+23
20230101T000003.900000,6,278,472.202,-273.267,-116.794,0,0,0,181.673,170.468,76.9019,377.587,-44.5039,479.043,1.34619e+20
20230101T000003.900000,6,279,7671.11,-4616.37,-1355.14,0,0,0,36300.4,55334.5,16624.5,94951.3,-10004.4,128252,2.0317e+14
20230101T000003.900000,6,280,5879.6,-2124.18,1122.58,0,0,0,9057.81,19318.8,-10550.1,55551.4,3811.53,62532.9,1.59402e+14
20230101T000003.900000,6,281,2768.25,-459.327,-394.965,0,0,0,641.554,1984.01,1740.67,12269.5,-288.823,12600,1.6448e+14
20230101T000003.900000,6,282,7998.7,-899.885,-1232.65,0,0,0,3758.11,11239.6,15765.8,102398,-1773.72,103664,1.15223e+14
20230101T000003.900000,6,283,2253.26,1463.29,-300.65,0,0,0,3572.13,-5180.54,1077.98,8185.12,700.049,11550.2,1.6456e+14
20230101T000003.900000,6,284,2282.63,1441.31,-144.955,0,0,0,3393.46,-5219.97,526.508,8364.39,332.451,11660.6,1.53305e+14
20230101T000003.900000,6,285,1061.52,1353.07,150.076,0,0,0,2967.22,-2249.76,-251.474,1864.55,-320.542,4732.71,1.49382e+14
20230101T000003.900000,6,286,1394.65,1174.12,251.306,0,0,0,2301.6,-2539.26,-554.15,3180.04,-466.526,5318.97,1.45298e+14
20230101T000003.900000,6,287,3572.95,3003.69,819.831,0,0,0,15101.9,-16611,-4678.4,20896.6,-3933.01,34862.9,8.5718e+13
20230101T000003.900000,6,288,5345.89,7937.77,-340.849,0,0,0,100891,-67779.3,2914.15,45897.4,4327.04,146539,1.16264e+14
20230101T000003.900000,4,217,2008.3,-1621.98,-165.097,21.3213,-29.6762,-0.358719,853.244,996.632,107.92,1342.58,-84.6309,2117.06,0
20230101T000003.900000,3,238,2665.35,-2873.42,-210.773,0,0,0,2500,0,0,2500,0,2500,0
20230101T000003.900000,3,239,8220.66,-6093.32,-1605.63,0,0,0,2500,0,0,2500,0,2500,0
20230101T000003.900000,3,240,4157.77,-5721.2,-1425.7,0,0,0,2500,0,0,2500,0,2500,0
20230101T000003.900000,3,241,6241.42,-6544.57,2021.28,0,0,0,2500,0,0,2500,0,2500,0
20230101T000003.900000,3,242,4992.61,-3746.6,-745.368,0,0,0,2500,0,0,2500,0,2500,0
20230101T000003.900000,3,243,421.621,-244.894,-103.852,0,0,0,2500,0,0,2500,0,2500,0
20230101T000003.900000,3,244,472.202,-273.267,-116.794,0,0,0,2500,0,0,2500,0,2500,0
20230101T000003.900000,3,245,7671.11,-4616.37,-1355.14,0,0,0,2500,0,0,2500,0,2500,0
20230101T000003.900000,3,246,5879.6,-2124.18,1122.58,0,0,0,2500,0,0,2500,0,2500,0
20230101T000003.900000,3,247,2768.25,-459.327,-394.965,0,0,0,2500,0,0,2500,0,2500,0
20230101T000003.900000,3,248,7998.7,-899.885,-1232.65,0,0,0,2500,0,0,2500,0,2500,0
20230101T000003.900000,3,249,2253.26,1463.29,-300.65,0,0,0,2500,0,0,2500,0,2500,0
20230101T000003.900000,3,250,2282.63,1441.31,-144.955,0,0,0,2500,0,0,2500,0,2500,0
20230101T000003.900000,3,251,1061.52,1353.07,150.076,0,0,0,2500,0,0,2500,0,2500,0
20230101T000003.900000,3,252,1394.65,1174.12,251.306,0,0,0,2500,0,0,2500,0,2500,0
20230101T000003.900000,3,253,3572.95,3003.69,819.831,0,0,0,2500,0,0,2500,0,2500,0
20230101T000003.900000,3,254,5345.89,7937.77,-340.849,0,0,0,2500,0,0,2500,0,2500,0
20230101T000004,6,289,422.672,-346.395,-112.502,0,0,0,240.827,194.23,66.3061,318.648,-54.3403,480.428,4.08634e+19
20230101T000004,6,290,373.962,-312.719,-104.223,0,0,0,202.714,148.441,52.3227,256.094,-43.754,383.023,5.99451e+22
20230101T000004,6,291,9120.53,-4477.62,-611.232,0,0,0,32611.5,65079.5,8916.18,133223,-4377.29,165173,2.30691e+14
20230101T000004,6,292,6570.21,-1494.02,-1177.87,0,0,0,5741.05,15212.3,12371.5,69180.5,-2813.2,72641.6,2.10706e+14
20230101T000004,6,293,4423.85,-1987.86,-178.189,0,0,0,6417.97,14027.5,1259.11,31332,-565.78,37635.3,1.3622e+14
20230101T000004,6,294,4165.69,-97.0056,-394.978,0,0,0,327.929,639.267,2626.56,27764.9,-61.1642,27780.4,1.26964e+14
20230101T000004,6,295,2681.35,2321.24,509.382,0,0,0,8894.24,-9722.05,-2178.52,11708.1,-1885.95,20125.8,7.07446e+13
20230101T000004,6,296,4275.57,5888.42,-1975.81,0,0,0,57654.5,-37284.1,13506.8,33377.7,18602,84730.8,1.76014e+14
20230101T000004,4,243,385.314,-307.228,-104.172,-3.59479,-6.17173,-0.0316468,139.188,111.167,49.5292,266.009,-28.7685,331.336,0
20230101T000004,4,244,435.644,-337.983,-113.212,-3.61955,-6.40747,0.354649,158.886,139.922,62.6442,319.695,-36.2528,400.512,0
20230101T000004,3,255,9120.53,-4477.62,-611.232,0,0,0,2500,0,0,2500,0,2500,0
20230101T000004,3,256,6570.21,-1494.02,-1177.87,0,0,0,2500,0,0,2500,0,2500,0
20230101T000004,3,257,4423.85,-1987.86,-178.189,0,0,0,2500,0,0,2500,0,2500,0
20230101T000004,3,258,4165.69,-97.0056,-394.978,0,0,0,2500,0,0,2500,0,2500,0
20230101T000004,3,259,2681.35,2321.24,509.382,0,0,0,2500,0,0,2500,0,2500,0
20230101T000004,3,260,4275.57,5888.42,-1975.81,0,0,0,2500,0,0,2500,0,2500,0
20230101T000004.100000,6,297,1958.9,-1413.8,-228.768,0,0,0,3294.9,4361.35,712.142,6190.04,-513.977,9338.34,3.25569e+14
20230101T000004.100000,6,298,6195.8,-7556.09,-39.9977,0,0,0,91378,74873,396.342,61460.4,-483.36,152772,9.99628e+13
20230101T000004.100000,6,299,4402.96,-3366.21,-697.869,0,0,0,18661.7,23307.7,4910,31328.4,-3753.86,49148.9,1.22826e+14
20230101T000004.100000,6,300,10498.8,-2924.37,-1558.63,0,0,0,17348.4,48102.7,26173.3,176643,-7290.42,190043,1.73053e+14
20230101T000004.100000,6,301,6212.13,-2063.42,120.729,0,0,0,6890.94,20483,-1198.86,61753.5,398.212,68557.1,1.80694e+14
20230101T000004.100000,6,302,6725.38,988.848,-366.161,0,0,0,1836.95,-10600.5,3936.71,72375.1,578.824,73933.9,1.79284e+14
20230101T000004.100000,6,303,320.994,381.115,-16.1042,0,0,0,259.102,-164.032,6.93987,202.504,8.23968,397.325,9.50479e+25
20230101T000004.100000,6,304,358.921,426.882,-18.1455,0,0,0,318.261,-213.396,9.08189,243.882,10.8015,497.752,6.70382e+22
20230101T000004.100000,3,261,1958.9,-1413.8,-228.768,0,0,0,2500,0,0,2500,0,2500,0
20230101T000004.100000,3,262,6195.8,-7556.09,-39.9977,0,0,0,2500,0,0,2500,0,2500,0
20230101T000004.100000,3,263,4402.96,-3366.21,-697.869,0,0,0,2500,0,0,2500,0,2500,0
20230101T000004.100000,3,264,10498.8,-2924.37,-1558.63,0,0,0,2500,0,0,2500,0,2500,0
20230101T000004.100000,3,265,6212.13,-2063.42,120.729,0,0,0,2500,0,0,2500,0,2500,0
20230101T000004.100000,3,266,6725.38,988.848,-366.161,0,0,0,2500,0,0,2500,0,2500,0
20230101T000004.100000,3,267,320.994,381.115,-16.1042,0,0,0,2500,0,0,2500,0,2500,0
20230101T000004.100000,3,268,358.921,426.882,-18.1455,0,0,0,2500,0,0,2500,0,2500,0
20230101T000004.200000,6,305,4369.67,-6164.41,-866.346,0,0,0,61222.7,42501.9,6052.84,31391.7,-8538.91,91351.1,1.43446e+14
20230101T000004.200000,6,306,4235.05,-5489.56,-1373.81,0,0,0,49366.1,35707.5,9301.6,30628.7,-12056.9,76915.9,1.63851e+14
20230101T000004.200000,6,307,9555.87,-2997.27,140.135,0,0,0,14460.6,45799.1,-2141.73,146112,671.767,160477,9.25997e+13
20230101T000004.200000,6,308,11051.8,-4012.25,145.647,0,0,0,25843.6,70916.8,-2574.71,195440,934.723,221185,1.72087e+14
20230101T000004.200000,6,309,8291.86,1287.75,-693.344,0,0,0,3466.41,-16958.3,9193.39,110028,1427.76,112662,2.65403e+14
20230101T000004.200000,6,310,426.154,359.698,-19.0621,0,0,0,244.682,-213.464,11.3276,317.409,9.56116,497.659,2.97974e+22
20230101T000004.200000,6,311,380.367,321.842,-16.9753,0,0,0,203.254,-164.12,8.66833,258.35,7.33459,397.292,4.23531e+25
20230101T000004.200000,6,312,4553.73,4271.72,-574.559,0,0,0,29510.9,-30828.4,4181.96,33455.3,3922.98,62375.1,1.41669e+15
20230101T000004.200000,4,240,4080.73,-5603.83,-1396.65,-21.2048,32.3033,7.99293,1780.88,1175.67,293.373,1017.52,-403.689,2538.07,0
20230101T000004.200000,4,267,376.493,334.345,-16.8568,5.49494,-4.63075,-0.0745129,226.83,-138.229,5.84739,179.135,6.94258,343.27,0
20230101T000004.200000,4,268,419.737,375.683,-18.911,6.02141,-5.06921,-0.0757866,269.565,-173.854,7.39773,208.968,8.79848,415.734,0
20230101T000004.200000,3,269,4369.67,-6164.41,-866.346,0,0,0,2500,0,0,2500,0,2500,0
20230101T000004.200000,3,270,9555.87,-2997.27,140.135,0,0,0,2500,0,0,2500,0,2500,0
20230101T000004.200000,3,271,11051.8,-4012.25,145.647,0,0,0,2500,0,0,2500,0,2500,0
20230101T000004.200000,3,272,8291.86,1287.75,-693.344,0,0,0,2500,0,0,2500,0,2500,0
20230101T000004.200000,3,273,4553.73,4271.72,-574.559,0,0,0,2500,0,0,2500,0,2500,0
20230101T000004.300000,6,313,8738.55,-7392.59,261.057,0,0,0,87541.5,103275,-3648.9,122252,3086.88,209620,1.72671e+14
20230101T000004.300000,6,314,6043.14,-6342.71,769.772,0,0,0,64849.3,60822.6,-7439.09,58961.5,7807.87,122800,9.40634e+13
20230101T000004.300000,6,315,5965.41,-5659.05,-173.811,0,0,0,51298.9,53957.6,1657.98,56990.9,-1572.83,108178,8.50484e+13
20230101T000004.300000,6,316,5203.6,-6378.83,1104.66,0,0,0,65908.5,52121.5,-9191.76,44533.9,11267.7,108428,1.91234e+14
20230101T000004.300000,6,317,9674.82,-2460.99,89.0983,0,0,0,9762.42,38077.1,-1378.66,149768,350.692,159454,2.06563e+14
20230101T000004.300000,6,318,7226.93,-1813.14,-1047.11,0,0,0,6969.43,20536.6,12099.3,83673.3,-3035.55,88826.9,1.8212e+14
20230101T000004.300000,6,319,9863.01,-3628,1129.23,0,0,0,22912.6,56571.2,-17813.8,155897,6552.61,176707,2.09296e+14
20230101T000004.300000,6,320,8245.28,-2578.59,658.477,0,0,0,11328.5,33802.2,-8682.3,108843,2715.26,119414,1.29435e+14
20230101T000004.300000,6,321,483.543,277.789,-19.4292,0,0,0,171.982,-187.046,13.1007,390.114,7.52615,497.647,4.37937e+22
20230101T000004.300000,6,322,432.047,248.142,-17.1871,0,0,0,146.942,-143.723,9.96886,314.636,5.72551,397.258,6.14181e+25
20230101T000004.300000,4,270,9528.12,-2979.64,138.905,-2.74753,1.74476,-0.121818,279.917,691.918,-32.3502,2268.86,10.1469,2485.42,0
20230101T000004.300000,3,274,8738.55,-7392.59,261.057,0,0,0,2500,0,0,2500,0,2500,0
20230101T000004.300000,3,275,6043.14,-6342.71,769.772,0,0,0,2500,0,0,2500,0,2500,0
20230101T000004.300000,3,276,5965.41,-5659.05,-173.811,0,0,0,2500,0,0,2500,0,2500,0
20230101T000004.300000,3,277,5203.6,-6378.83,1104.66,0,0,0,2500,0,0,2500,0,2500,0
20230101T000004.300000,3,278,7226.93,-1813.14,-1047.11,0,0,0,2500,0,0,2500,0,2500,0
20230101T000004.300000,3,279,9863.01,-3628,1129.23,0,0,0,2500,0,0,2500,0,2500,0
20230101T000004.300000,3,280,8245.28,-2578.59,658.477,0,0,0,2500,0,0,2500,0,2500,0
20230101T000004.300000,3,281,483.543,277.789,-19.4292,0,0,0,2500,0,0,2500,0,2500,0
20230101T000004.300000,3,282,432.047,248.142,-17.1871,0,0,0,2500,0,0,2500,0,2500,0
20230101T000004.400000,6,323,1873.25,-1691.91,24.6763,0,0,0,4615.89,5038.68,-73.4954,5643.67,66.3809,10194.6,1.51008e+14
20230101T000004.400000,6,324,7753.97,-7868.09,1875.03,0,0,0,101853,94770.9,-23254.9,99083.8,23597.1,195251,2.09224e+14
20230101T000004.400000,6,325,8308.91,-5855.82,-780.94,0,0,0,55559.5,77359.4,10378,110806,-7314.06,165326,1.209e+14
20230101T000004.400000,6,326,5183.22,-3783.36,1297.37,0,0,0,24699.2,30064.3,-10749.2,43942.8,7846.12,65889.9,1.813e+14
20230101T000004.400000,6,327,7628.03,2988.19,507.403,0,0,0,14699.2,-36308.8,-6189.09,93162.2,-2424.5,107386,2.24654e+15
20230101T000004.400000,6,328,467.966,171.019,-17.1923,0,0,0,103.606,-107.289,10.8009,357.975,3.9472,397.26,8.14178e+25
20230101T000004.400000,6,329,523.88,191.204,-19.0749,0,0,0,115.419,-139.493,13.9348,446.704,5.08587,497.69,5.66902e+22
20230101T000004.400000,4,281,523.36,208.527,-19.1334,3.94229,-6.85765,0.0292911,150.394,-152.392,10.6714,328.113,6.13056,415.653,0
20230101T000004.400000,4,282,468.705,184.317,-17.1916,3.62955,-6.31925,-0.000437775,132.315,-121.118,8.3996,273.634,4.82423,343.216,0
20230101T000004.400000,3,283,1873.25,-1691.91,24.6763,0,0,0,2500,0,0,2500,0,2500,0
20230101T000004.400000,3,284,7753.97,-7868.09,1875.03,0,0,0,2500,0,0,2500,0,2500,0
20230101T000004.400000,3,285,8308.92,-5855.82,-780.94,0,0,0,2500,0,0,2500,0,2500,0
20230101T000004.400000,3,286,5183.22,-3783.36,1297.37,0,0,0,2500,0,0,2500,0,2500,0
20230101T000004.400000,3,287,7628.03,2988.19,507.403,0,0,0,2500,0,0,2500,0,2500,0
20230101T000004.500000,6,330,6358.47,-7238.39,360.866,0,0,0,83949.5,73505.2,-3669.71,64842,4177.55,148519,1.152e+14
20230101T000004.500000,6,331,490.47,87.3741,-18.1338,0,0,0,74.6741,-57.4403,11.9402,386.88,2.12706,397.197,1.04612e+26
20230101T000004.500000,6,332,549.016,97.8164,-19.8148,0,0,0,77.8705,-74.778,15.1698,484.255,2.70276,497.659,7.35445e+22
20230101T000004.500000,6,333,9068.71,5944.13,267.557,0,0,0,56657.2,-86167.2,-3880.92,131640,-2543.77,188119,1.11821e+15
20230101T000004.500000,3,288,6358.47,-7238.39,360.866,0,0,0,2500,0,0,2500,0,2500,0
20230101T000004.500000,3,289,490.47,87.3741,-18.1338,0,0,0,2500,0,0,2500,0,2500,0
20230101T000004.500000,3,290,549.016,97.8164,-19.8148,0,0,0,2500,0,0,2500,0,2500,0
20230101T000004.500000,3,291,9068.71,5944.13,267.557,0,0,0,2500,0,0,2500,0,2500,0
20230101T000004.600000,6,334,2140.47,-2210.96,-66.5926,0,0,0,7855.76,7536.48,227.1,7367.25,-234.579,15152,2.17815e+14
20230101T000004.600000,6,335,4842.2,-4622.44,455.925,0,0,0,34394.5,35614.6,-3529.15,37704,3368.99,71702.6,1.33543e+14
20230101T000004.600000,6,336,8817.28,-1570.85,-144.982,0,0,0,4042.73,22144.2,2044.34,124394,-364.211,128339,1.1345e+15
20230101T000004.600000,6,337,498.214,2.15693,-17.554,0,0,0,64.4199,-1.44052,11.7409,397.148,0.0508303,397.234,4.66781e+25
20230101T000004.600000,6,338,557.646,2.29947,-19.8502,0,0,0,64.5568,-1.78549,15.4358,497.551,0.0636499,497.639,3.26526e+22
20230101T000004.600000,6,339,3330.08,4637.63,516.193,0,0,0,34578.8,-24477.8,-2746.99,18066.3,-3825.59,52155.8,1.74845e+14
20230101T000004.600000,6,340,3877.73,3224.3,469.892,0,0,0,16880.1,-19799.8,-2910.83,24229.2,-2420.33,40693.1,1.60172e+14
20230101T000004.600000,4,289,503.477,14.4968,-17.633,1.28778,-7.21559,0.0495928,71.4133,-48.4073,10.0606,334.522,1.79224,343.166,0
20230101T000004.600000,4,290,563.076,18.8404,-19.8443,1.39208,-7.81942,-0.00292999,73.7185,-60.9238,12.3567,404.812,2.20156,415.659,0
20230101T000004.600000,3,292,2140.47,-2210.96,-66.5926,0,0,0,2500,0,0,2500,0,2500,0
20230101T000004.600000,3,293,4842.2,-4622.44,455.925,0,0,0,2500,0,0,2500,0,2500,0
20230101T000004.600000,3,294,8817.28,-1570.85,-144.982,0,0,0,2500,0,0,2500,0,2500,0
20230101T000004.600000,3,295,3330.08,4637.63,516.193,0,0,0,2500,0,0,2500,0,2500,0
20230101T000004.600000,3,296,3877.73,3224.3,469.892,0,0,0,2500,0,0,2500,0,2500,0
20230101T000004.700000,6,341,490.752,-86.1956,-16.1388,0,0,0,74.3114,56.717,10.6327,387.266,-1.86752,397.295,6.20694e+25
20230101T000004.700000,6,342,549.113,-97.4818,-18.4719,0,0,0,77.7102,74.5493,14.1442,484.41,-2.51096,497.715,4.26526e+22
20230101T000004.700000,6,343,490.567,-87.1665,-16.5588,0,0,0,74.5549,57.3304,10.9053,387.02,-1.93771,397.278,6.12937e+25
20230101T000004.700000,6,344,549.347,-96.1816,-18.5606,0,0,0,77.364,73.5857,14.2182,484.77,-2.48937,497.724,4.20884e+22
20230101T000004.700000,6,345,7599.86,1862.59,-1295.38,0,0,0,8142.26,-22013.6,15741.5,92568.2,3857.97,97965.1,2.73819e+14
20230101T000004.700000,6,346,1765.11,1387.73,-98.4808,0,0,0,3130.32,-3880.61,275.925,5015.32,216.931,8066.37,1.1694e+14
20230101T000004.700000,6,347,2708.55,2573.48,-267.959,0,0,0,10690.3,-11063.5,1157.94,11822.7,1100.19,22334.8,1.13766e+14
20230101T000004.700000,6,348,3047.73,3538.14,-438.725,0,0,0,20187.6,-17069.6,2135.49,15075,2479.11,34891.8,1.01841e+14
20230101T000004.700000,6,349,6471.22,5462.59,50.4775,0,0,0,47783.6,-56525.8,-522.35,67031,-440.935,114747,1.22648e+14
20230101T000004.700000,6,350,4059.14,5450.26,618.621,0,0,0,47769.6,-35073.7,-4014.26,26797.3,-5390,73891.6,9.62948e+13
20230101T000004.700000,3,297,490.752,-86.1956,-16.1388,0,0,0,2500,0,0,2500,0,2500,0
20230101T000004.700000,3,298,549.113,-97.4819,-18.4719,0,0,0,2500,0,0,2500,0,2500,0
20230101T000004.700000,3,299,490.567,-87.1665,-16.5588,0,0,0,2500,0,0,2500,0,2500,0
20230101T000004.700000,3,300,549.347,-96.1816,-18.5606,0,0,0,2500,0,0,2500,0,2500,0
20230101T000004.700000,3,301,7599.86,1862.59,-1295.38,0,0,0,2500,0,0,2500,0,2500,0
20230101T000004.700000,3,302,1765.11,1387.73,-98.4808,0,0,0,2500,0,0,2500,0,2500,0
20230101T000004.700000,3,303,2708.55,2573.48,-267.959,0,0,0,2500,0,0,2500,0,2500,0
20230101T000004.700000,3,304,3047.73,3538.14,-438.725,0,0,0,2500,0,0,2500,0,2500,0
20230101T000004.700000,3,305,6471.22,5462.59,50.4775,0,0,0,2500,0,0,2500,0,2500,0
20230101T000004.700000,3,306,4059.14,5450.26,618.621,0,0,0,2500,0,0,2500,0,2500,0
20230101T000004.800000,6,351,468.289,-170.209,-15.9344,0,0,0,103.186,106.874,10.0174,358.379,-3.64103,397.29,1.89759e+24
20230101T000004.800000,6,352,524.041,-191.144,-17.3606,0,0,0,115.314,139.529,12.6868,446.954,-4.62753,497.909,1.30274e+21
20230101T000004.800000,6,353,8349.92,-3502.82,-46.6677,0,0,0,19689,46773.2,623.171,111564,-261.423,131186,2.24157e+14
20230101T000004.800000,6,354,2658.46,1478.17,-650.838,0,0,0,4060.41,-5973.6,2756.92,11482.4,1532.91,14806.6,2.02862e+14
20230101T000004.800000,6,355,9265.33,4928.3,-457.377,0,0,0,39171.7,-72894.5,6777.94,137442,3605.24,176215,7.46763e+13
20230101T000004.800000,6,356,1432.23,1321.6,146.503,0,0,0,2847.5,-2979.69,-332.206,3327.12,-306.544,6077,1.93242e+14
20230101T000004.800000,6,357,2390.78,3205.57,-243.676,0,0,0,16497.8,-12186,929.8,9247.37,1246.68,25586.6,1.41775e+14
20230101T000004.800000,6,358,4420.98,5916.98,336.309,0,0,0,56104.8,-41736.8,-2377.17,31429.3,-3181.57,87289.3,1.4797e+14
20230101T000004.800000,4,298,535.044,-177.343,-17.5443,-1.39296,-7.90704,0.0918419,73.5877,60.7361,11.5213,404.931,-2.04534,415.706,0
20230101T000004.800000,4,299,477.563,-160.405,-16.0193,-1.28758,-7.25133,0.0534175,71.3126,48.3131,9.18867,334.631,-1.63269,343.233,0
20230101T000004.800000,3,307,8349.92,-3502.82,-46.6677,0,0,0,2500,0,0,2500,0,2500,0
20230101T000004.800000,3,308,2658.46,1478.17,-650.838,0,0,0,2500,0,0,2500,0,2500,0
20230101T000004.800000,3,309,9265.33,4928.3,-457.377,0,0,0,2500,0,0,2500,0,2500,0
20230101T000004.800000,3,310,1432.23,1321.6,146.503,0,0,0,2500,0,0,2500,0,2500,0
20230101T000004.800000,3,311,2390.78,3205.57,-243.676,0,0,0,2500,0,0,2500,0,2500,0
20230101T000004.800000,3,312,4420.98,5916.98,336.309,0,0,0,2500,0,0,2500,0,2500,0
20230101T000004.900000,6,359,1631.86,-1103.69,-46.7848,0,0,0,1995.3,2850.4,120.896,4281.91,-81.7664,6209.78,1.23068e+15
20230101T000004.900000,6,360,482.992,-278.942,-18.3987,0,0,0,172.841,187.642,12.3921,389.376,-7.1568,497.814,6.08521e+20
20230101T000004.900000,6,361,431.622,-248.867,-16.8904,0,0,0,147.415,144.006,9.787,314.14,-5.64305,397.245,8.31725e+23
20230101T000004.900000,6,362,6719.39,-2750.18,-720.875,0,0,0,12868,29253.6,7744.33,72368.8,-3169.68,84342.6,3.51952e+14
20230101T000004.900000,6,363,2911.07,289.937,-187.524,0,0,0,253.325,-1338.61,869.367,13560.1,86.5872,13693.7,1.60761e+14
20230101T000004.900000,6,364,7807.78,-914.398,1633.13,0,0,0,5607.95,10923,-20389.1,97597,2387.84,98878.8,1.3083e+14
20230101T000004.900000,6,365,1994.51,471.923,100.299,0,0,0,432.042,-1488.1,-317.034,6369.15,-75.0137,6721.4,1.0184e+14
20230101T000004.900000,6,366,8120.86,3639.71,1383.82,0,0,0,23799.4,-46125.2,-17971.6,106040,-8054.72,126715,1.37804e+14
20230101T000004.900000,6,367,4736.21,2187.3,-337.564,0,0,0,7857.67,-16481.6,2554.29,35933.9,1179.64,43545.8,1.97385e+14
20230101T000004.900000,3,313,1631.86,-1103.69,-46.7848,0,0,0,2500,0,0,2500,0,2500,0
20230101T000004.900000,3,314,482.992,-278.942,-18.3987,0,0,0,2500,0,0,2500,0,2500,0
20230101T000004.900000,3,315,431.622,-248.867,-16.8904,0,0,0,2500,0,0,2500,0,2500,0
20230101T000004.900000,3,316,6719.39,-2750.18,-720.875,0,0,0,2500,0,0,2500,0,2500,0
20230101T000004.900000,3,317,2911.07,289.937,-187.524,0,0,0,2500,0,0,2500,0,2500,0
20230101T000004.900000,3,318,7807.78,-914.398,1633.13,0,0,0,2500,0,0,2500,0,2500,0
20230101T000004.900000,3,319,1994.51,471.923,100.299,0,0,0,2500,0,0,2500,0,2500,0
20230101T000004.900000,3,320,8120.86,3639.71,1383.82,0,0,0,2500,0,0,2500,0,2500,0
20230101T000004.900000,3,321,4736.21,2187.3,-337.564,0,0,0,2500,0,0,2500,0,2500,0
20230101T000005,6,368,3337.28,-2232.44,245.763,0,0,0,8084.85,11846.3,-1309.04,17869.5,875.67,25794.2,3.29936e+14
20230101T000005,6,369,381.752,-320.202,-16.7543,0,0,0,201.837,163.883,8.5866,259.761,-7.20218,397.293,1.12452e+24
20230101T000005,6,370,426.265,-359.382,-20.9456,0,0,0,244.415,213.266,12.4498,317.568,-10.4964,497.461,7.95739e+20
20230101T000005,6,371,3934.86,-2294.78,585.903,0,0,0,8882.49,14181,-3681.72,24928.4,2147.15,33199.7,2.1919e+14
20230101T000005,6,372,1987.79,208.152,-134.487,0,0,0,160.969,-652.423,423.466,6323.09,44.3434,6391.7,2.29573e+14
20230101T000005,6,373,8305.84,4253.15,-1356.79,0,0,0,31326,-55301.2,18022.7,111004,9228.86,139323,1.12413e+14
20230101T000005,6,374,2647.52,2198.81,276.601,0,0,0,7845.68,-9222.81,-1167.76,11290.9,-969.842,18951,7.74121e+13
20230101T000005,4,314,441.649,-350.156,-20.5259,-4.09343,-7.05088,-0.210612,151.089,152.869,10.0938,327.497,-5.82949,415.776,0
20230101T000005,4,315,394.034,-314.117,-16.7729,-3.72157,-6.46037,0.0116333,132.714,121.358,8.24644,273.216,-4.75479,343.208,0
20230101T000005,3,322,3337.28,-2232.44,245.763,0,0,0,2500,0,0,2500,0,2500,0
20230101T000005,3,323,3934.86,-2294.78,585.903,0,0,0,2500,0,0,2500,0,2500,0
20230101T000005,3,324,1987.79,208.152,-134.487,0,0,0,2500,0,0,2500,0,2500,0
20230101T000005,3,325,8305.84,4253.15,-1356.79,0,0,0,2500,0,0,2500,0,2500,0
20230101T000005,3,326,2647.52,2198.81,276.601,0,0,0,2500,0,0,2500,0,2500,0
20230101T000005.100000,6,375,2706.88,-2646.85,-751.575,0,0,0,11702.8,10981,3246.34,12195.4,-3174.34,22935.3,1.04919e+14
20230101T000005.100000,6,376,4052.09,-4020.79,526.617,0,0,0,26122.3,25814.5,-3410.08,26522.7,3383.74,52138.4,1.1113e+14
20230101T000005.100000,6,377,5171.06,-3872.49,-258.968,0,0,0,24103.6,31957.7,2140.57,42845.4,-1603.03,66777.9,1.05572e+14
20230101T000005.100000,6,378,6776.11,-1609.91,-553.498,0,0,0,4671.07,17329.7,5995.99,73494.6,-1424.56,77612.3,1.24656e+14
20230101T000005.100000,6,379,10206.1,1972.1,-2002.11,0,0,0,12464.8,-30997.6,32682.1,166895,6315.1,172887,1.11532e+14
20230101T000005.100000,6,380,9881.2,197.052,832.505,0,0,0,1234.11,-3092.01,-13156.5,156221,-262.369,156284,2.9842e+14
20230101T000005.100000,6,381,5199.98,3334.1,379.04,0,0,0,17994,-27606.2,-3150.31,43349.3,-2019.9,61049.9,2.85236e+14
20230101T000005.100000,6,382,3950.38,2798.55,-341.183,0,0,0,12697.4,-17570.6,2152.82,25052.3,1525.11,37500.1,2.37452e+14
20230101T000005.100000,6,383,319.08,376.769,69.0127,0,0,0,256.529,-157.635,-29.5623,203.893,-34.9072,391.254,9.2636e+24
20230101T000005.100000,6,384,356.464,422.4,77.1509,0,0,0,315.548,-205.277,-38.351,245.534,-45.4448,490.004,6.46789e+21
20230101T000005.100000,6,385,4935.64,4842.04,319.217,0,0,0,37628.2,-38124.3,-2518.75,39088.1,-2470.99,76489.6,4.74687e+14
20230101T000005.100000,3,327,2706.88,-2646.85,-751.575,0,0,0,2500,0,0,2500,0,2500,0
20230101T000005.100000,3,328,4052.09,-4020.79,526.617,0,0,0,2500,0,0,2500,0,2500,0
20230101T000005.100000,3,329,5171.06,-3872.49,-258.968,0,0,0,2500,0,0,2500,0,2500,0
20230101T000005.100000,3,330,6776.11,-1609.91,-553.498,0,0,0,2500,0,0,2500,0,2500,0
20230101T000005.100000,3,331,10206.1,1972.1,-2002.11,0,0,0,2500,0,0,2500,0,2500,0
20230101T000005.100000,3,332,9881.2,197.052,832.505,0,0,0,2500,0,0,2500,0,2500,0
20230101T000005.100000,3,333,5199.98,3334.1,379.04,0,0,0,2500,0,0,2500,0,2500,0
20230101T000005.100000,3,334,3950.38,2798.55,-341.183,0,0,0,2500,0,0,2500,0,2500,0
20230101T000005.100000,3,335,319.08,376.769,69.0127,0,0,0,2500,0,0,2500,0,2500,0
20230101T000005.100000,3,336,356.464,422.4,77.1509,0,0,0,2500,0,0,2500,0,2500,0
20230101T000005.100000,3,337,4935.63,4842.04,319.217,0,0,0,2500,0,0,2500,0,2500,0
20230101T000005.200000,6,386,10816.9,-3082.43,709.849,0,0,0,16006.8,53118.5,-12281.5,187274,3499.79,202411,1.52437e+14
20230101T000005.200000,6,387,10302,-6060.88,-648.093,0,0,0,59321.5,99581.2,10679.7,169999,-6283.07,228585,2.59748e+14
20230101T000005.200000,6,388,4515.84,-1541.69,20.9576,0,0,0,3860.82,11119.4,-151.16,32635.2,51.6054,36431.3,1.0583e+14
20230101T000005.200000,6,389,5024.71,-2682.76,481.72,0,0,0,11853.9,21387.5,-3868.07,40492.9,2065.22,51912.4,1.55533e+14
20230101T000005.200000,6,390,10314.5,1478.25,862.867,0,0,0,4725.93,-24219.8,-14234.9,170249,-2040.11,173721,3.41934e+14
20230101T000005.200000,6,391,7112.26,-235.662,-107.396,0,0,0,171.208,2679.01,1221.16,80934.9,-40.4626,81023.7,1.17216e+14
20230101T000005.200000,6,392,6314.36,214.942,651.641,0,0,0,815.805,-2146.3,-6576.99,63794.7,-223.882,63868.5,1.07135e+14
20230101T000005.200000,6,393,426.001,351.261,80.3843,0,0,0,240.876,-203.584,-47.7505,319.912,-39.3728,489.106,2.91893e+22
20230101T000005.200000,6,394,380.192,314.435,71.5972,0,0,0,200.283,-156.462,-36.5438,260.064,-30.2233,390.785,4.14156e+25
20230101T000005.200000,4,335,376.684,327.592,71.2465,5.70334,-4.86906,0.221171,225.058,-133.175,-24.9088,180.589,-29.4123,338.158,0
20230101T000005.200000,4,336,419.968,368.18,79.851,6.28752,-5.36832,0.267339,267.95,-167.744,-31.2381,210.738,-37.0163,409.413,0
20230101T000005.200000,3,338,10816.9,-3082.43,709.849,0,0,0,2500,0,0,2500,0,2500,0
20230101T000005.200000,3,339,10302,-6060.88,-648.093,0,0,0,2500,0,0,2500,0,2500,0
20230101T000005.200000,3,340,4515.84,-1541.69,20.9576,0,0,0,2500,0,0,2500,0,2500,0
20230101T000005.200000,3,341,5024.71,-2682.76,481.72,0,0,0,2500,0,0,2500,0,2500,0
20230101T000005.200000,3,342,10314.5,1478.25,862.867,0,0,0,2500,0,0,2500,0,2500,0
20230101T000005.200000,3,343,7112.26,-235.662,-107.396,0,0,0,2500,0,0,2500,0,2500,0
20230101T000005.200000,3,344,6314.36,214.942,651.641,0,0,0,2500,0,0,2500,0,2500,0
20230101T000005.300000,6,395,7988.53,-6562.25,-862.358,0,0,0,69649.4,83261.6,11018.3,102612,-9051.05,171008,1.7781e+14
20230101T000005.300000,6,396,8303.19,-4696.08,-628.617,0,0,0,35812.4,62089.6,8347.59,110477,-4721.19,145594,1.4875e+14
20230101T000005.300000,6,397,7679.63,-1460.26,-25.2212,0,0,0,3474.53,17930.9,309.701,94365.1,-58.8887,97774.6,2.29984e+14
20230101T000005.300000,6,398,7777.11,-2002.44,-703.995,0,0,0,7218.87,24710.3,8754.69,96826.7,-2254.15,103190,1.25888e+14
20230101T000005.300000,6,399,479.877,273.085,81.1006,0,0,0,174.593,-178.221,-54.2716,386.35,-30.8845,489.123,2.38573e+22
20230101T000005.300000,6,400,427.647,245.971,71.8553,0,0,0,150.102,-137.646,-41.2534,310.244,-23.7278,390.743,3.36727e+25
20230101T000005.300000,3,345,7988.53,-6562.25,-862.358,0,0,0,2500,0,0,2500,0,2500,0
20230101T000005.300000,3,346,8303.18,-4696.08,-628.617,0,0,0,2500,0,0,2500,0,2500,0
20230101T000005.300000,3,347,7679.63,-1460.26,-25.2212,0,0,0,2500,0,0,2500,0,2500,0
20230101T000005.300000,3,348,7777.11,-2002.44,-703.995,0,0,0,2500,0,0,2500,0,2500,0
20230101T000005.300000,3,349,479.877,273.085,81.1006,0,0,0,2500,0,0,2500,0,2500,0
20230101T000005.300000,3,350,427.647,245.971,71.8553,0,0,0,2500,0,0,2500,0,2500,0
20230101T000005.400000,6,401,1707,-2001.37,-203.602,0,0,0,6463.51,5401.98,552.883,4737.37,-648.228,11071.3,1.33624e+14
20230101T000005.400000,6,402,8108.67,-5041.55,-472.707,0,0,0,40971.4,65219.4,6130.16,105318,-3811.41,145869,1.27485e+14
20230101T000005.400000,6,403,6320.44,-5522.64,415.369,0,0,0,48992,55680.4,-4198.13,64063.9,3668.22,112716,9.2001e+13
20230101T000005.400000,6,404,5498.03,-6949.7,-504.298,0,0,0,77458.5,60906.4,4433.98,48654.8,-5604.7,125643,1.17039e+14
20230101T000005.400000,6,405,464.189,167.77,70.1009,0,0,0,107.476,-102.036,-43.6846,352.91,-15.7888,391.054,4.19608e+25
20230101T000005.400000,6,406,519.241,188.41,79.2925,0,0,0,121.098,-133.196,-57.4132,439.844,-20.8327,489.467,2.93868e+22
20230101T000005.400000,4,346,8300.01,-4702.04,-625.972,-0.314185,-0.590572,0.261904,656.727,1032.31,138.195,1898.11,-78.1597,2471.68,0
20230101T000005.400000,4,349,518.786,205.094,79.5901,3.85237,-6.73182,-0.149555,152.795,-145.686,-44.2061,325.895,-25.1565,408.696,0
20230101T000005.400000,4,350,465.15,181.181,70.3397,3.71319,-6.41486,-0.150055,135.159,-116.313,-34.7592,270.481,-19.9926,337.725,0
20230101T000005.400000,3,351,1707,-2001.37,-203.602,0,0,0,2500,0,0,2500,0,2500,0
20230101T000005.400000,3,352,6320.44,-5522.64,415.37,0,0,0,2500,0,0,2500,0,2500,0
20230101T000005.400000,3,353,5498.03,-6949.7,-504.298,0,0,0,2500,0,0,2500,0,2500,0
20230101T000005.500000,6,407,1331.22,-1407.35,-56.399,0,0,0,3201.63,2963.13,118.848,2871.87,-125.645,6004.52,1.73182e+14
20230101T000005.500000,6,408,5753.78,-1436.18,408.767,0,0,0,3611.8,13143.8,-3758.87,52989.1,938.236,56270.1,2.10847e+14
20230101T000005.500000,6,409,9257.09,-1727.92,-487.476,0,0,0,5206.2,25512.7,7216.94,137125,-1347.1,141887,2.4016e+14
20230101T000005.500000,6,410,4539.6,693.082,63.7437,0,0,0,837.464,-5023.59,-462.116,32974.4,-70.5533,33741.4,5.91319e+14
20230101T000005.500000,6,411,486.021,84.4851,71.8595,0,0,0,80.2721,-53.73,-46.8862,380.027,-8.15022,390.697,1.11605e+25
20230101T000005.500000,6,412,544.24,94.2245,79.0469,0,0,0,84.8021,-69.8267,-59.9888,476.031,-10.3859,489.405,7.76153e+21
20230101T000005.500000,6,413,2922.94,2857.28,-48.4363,0,0,0,13097.2,-13328.8,225.98,13702.8,220.904,26732.2,1.88546e+14
20230101T000005.500000,6,414,5118.95,4068.42,-981.987,0,0,0,27467.2,-32539.7,8035.43,42547.4,6386.37,68410.5,1.81153e+14
20230101T000005.500000,3,354,1331.22,-1407.35,-56.399,0,0,0,2500,0,0,2500,0,2500,0
20230101T000005.500000,3,355,5753.78,-1436.18,408.767,0,0,0,2500,0,0,2500,0,2500,0
20230101T000005.500000,3,356,9257.09,-1727.92,-487.477,0,0,0,2500,0,0,2500,0,2500,0
20230101T000005.500000,3,357,4539.6,693.082,63.7437,0,0,0,2500,0,0,2500,0,2500,0
20230101T000005.500000,3,358,486.021,84.4851,71.8595,0,0,0,2500,0,0,2500,0,2500,0
20230101T000005.500000,3,359,544.24,94.2245,79.0469,0,0,0,2500,0,0,2500,0,2500,0
20230101T000005.500000,3,360,2922.94,2857.28,-48.4363,0,0,0,2500,0,0,2500,0,2500,0
20230101T000005.500000,3,361,5118.95,4068.42,-981.987,0,0,0,2500,0,0,2500,0,2500,0
20230101T000005.600000,6,415,5821.75,-1338.81,1102.95,0,0,0,4775.27,12032.1,-10262.6,54329.3,2360.06,57098.4,4.70738e+14
20230101T000005.600000,6,416,493.758,0.233167,68.7741,0,0,0,70.3499,-0.150984,-45.5877,390.076,-0.0215278,391.294,1.50073e+25
20230101T000005.600000,6,417,552.387,-0.452321,78.8117,0,0,0,72.6615,0.340271,-60.7062,488.209,0.0497092,489.486,1.06055e+22
20230101T000005.600000,6,418,6231.5,-932.381,1375.49,0,0,0,4411.56,8844.25,-13701,62198.1,2050,63524.3,1.47145e+15
20230101T000005.600000,6,419,8706.81,2082.61,-295.64,0,0,0,7132.34,-28966.4,4116.47,121305,984.63,128233,5.43126e+14
20230101T000005.600000,6,420,3383.82,2769.98,460.988,0,0,0,12518,-14799.3,-2490.68,18482.2,-2038.86,30597.5,1.56524e+14
20230101T000005.600000,6,421,5357.15,5107.13,-608.021,0,0,0,42075.7,-43448.3,5207.84,46230.4,4964.79,87651.4,9.48016e+13
20230101T000005.600000,4,358,498.976,12.2784,69.1953,1.28263,-7.14919,-0.263781,76.1515,-45.4035,-39.5059,329.454,-6.86731,337.69,0
20230101T000005.600000,4,359,557.885,15.6734,78.8508,1.35098,-7.77735,-0.0194118,79.3963,-57.0723,-48.8659,399.165,-8.46018,408.946,0
20230101T000005.600000,3,362,5821.75,-1338.81,1102.95,0,0,0,2500,0,0,2500,0,2500,0
20230101T000005.600000,3,363,6231.5,-932.381,1375.49,0,0,0,2500,0,0,2500,0,2500,0
20230101T000005.600000,3,364,8706.8,2082.61,-295.64,0,0,0,2500,0,0,2500,0,2500,0
20230101T000005.600000,3,365,3383.82,2769.98,460.988,0,0,0,2500,0,0,2500,0,2500,0
20230101T000005.600000,3,366,5357.15,5107.13,-608.021,0,0,0,2500,0,0,2500,0,2500,0
20230101T000005.700000,6,422,6542.23,-4566.5,1035.81,0,0,0,34561.2,46964.9,-10835.7,69064.1,7563.33,101847,3.10829e+14
20230101T000005.700000,6,423,544.214,-95.3938,77.8105,0,0,0,84.843,70.7437,-59.0478,476.03,10.3503,489.675,1.18724e+22
20230101T000005.700000,6,424,486.405,-84.9064,68.8275,0,0,0,79.8137,54.1596,-44.944,380.625,7.84538,391.299,1.69486e+25
20230101T000005.700000,6,425,6687.96,6895.51,823.293,0,0,0,76633.5,-73213.3,-8806.05,72157.7,-9079.33,147644,1.07219e+14
20230101T000005.700000,3,367,6542.23,-4566.5,1035.81,0,0,0,2500,0,0,2500,0,2500,0
20230101T000005.700000,3,368,544.214,-95.3938,77.8105,0,0,0,2500,0,0,2500,0,2500,0
20230101T000005.700000,3,369,486.405,-84.9064,68.8275,0,0,0,2500,0,0,2500,0,2500,0
20230101T000005.700000,3,370,6687.96,6895.51,823.293,0,0,0,2500,0,0,2500,0,2500,0
20230101T000005.800000,6,426,464.478,-167.367,69.2362,0,0,0,107.16,101.918,-43.1731,353.278,15.5568,391.237,6.0952e+24
20230101T000005.800000,6,427,519.979,-187.352,77.5934,0,0,0,120.239,132.783,-56.2654,440.923,20.2729,490.003,4.17552e+21
20230101T000005.800000,6,428,5918,-3649.84,-962.284,0,0,0,22432.9,33869.6,9104.28,56461.9,-5614.92,77351.7,4.47653e+14
20230101T000005.800000,6,429,8438.91,-3227.24,602.485,0,0,0,17226.4,43359.9,-8130.93,114026,3109.46,130609,5.85912e+14
20230101T000005.800000,6,430,4634.74,-1313.6,1211.19,0,0,0,4989.24,9109.52,-8967.14,34548.3,2541.51,37134,4.91489e+14
20230101T000005.800000,6,431,2288.11,410.603,-140.348,0,0,0,362.062,-1486.64,510.023,8379.72,91.5237,8646.73,1.83171e+14
20230101T000005.800000,6,432,11217.2,2448.81,68.2311,0,0,0,9662.89,-43935.4,-1224.21,201325,-267.255,210917,2.35615e+14
20230101T000005.800000,6,433,5445.06,2972.62,127.952,0,0,0,14207.8,-25859.8,-1113.58,47458.6,-607.934,61576.3,2.08745e+14
20230101T000005.800000,6,434,4711.82,6111.52,539.754,0,0,0,59958.7,-45818,-4066.43,35854.3,-5274.42,95283.4,8.90643e+13
20230101T000005.800000,4,368,530.619,-173.996,77.6323,-1.34605,-7.78245,-0.0176483,79.4294,57.8157,-48.0994,399.129,8.4312,409.166,0
20230101T000005.800000,4,369,473.64,-157.802,69.1808,-1.26392,-7.21736,0.0349801,75.7634,45.7549,-37.8691,329.894,6.61039,338.194,0
20230101T000005.800000,3,371,5918,-3649.84,-962.284,0,0,0,2500,0,0,2500,0,2500,0
20230101T000005.800000,3,372,8438.91,-3227.24,602.485,0,0,0,2500,0,0,2500,0,2500,0
20230101T000005.800000,3,373,4634.74,-1313.6,1211.19,0,0,0,2500,0,0,2500,0,2500,0
20230101T000005.800000,3,374,2288.11,410.603,-140.348,0,0,0,2500,0,0,2500,0,2500,0
20230101T000005.800000,3,375,11217.2,2448.81,68.2311,0,0,0,2500,0,0,2500,0,2500,0
20230101T000005.800000,3,376,5445.06,2972.62,127.952,0,0,0,2500,0,0,2500,0,2500,0
20230101T000005.800000,3,377,4711.82,6111.52,539.754,0,0,0,2500,0,0,2500,0,2500,0
20230101T000005.900000,6,435,2843.18,-2119.49,-380.692,0,0,0,7377.32,9500.34,1726.36,13039.3,-1286.94,20122.2,1.60568e+14
20230101T000005.900000,6,436,3642.1,-4017.98,49.2557,0,0,0,25861.3,23380.4,-286.64,21261.1,316.223,47054.5,1.3959e+14
20230101T000005.900000,6,437,4578.1,-4763.71,-426.13,0,0,0,36478.7,34716.9,3118.53,33718.5,-3244.97,69843.3,3.5079e+14
20230101T000005.900000,6,438,10461.8,-2795.38,-2240.45,0,0,0,20056.2,44773.4,37490.5,175659,-10017.4,187625,2.79038e+14
20230101T000005.900000,6,439,427.252,-247.237,70.1185,0,0,0,150.692,138.406,-40.2203,309.781,23.2742,391.139,6.54717e+22
20230101T000005.900000,6,440,479.77,-271.841,85.0875,0,0,0,174.325,176.894,-56.9237,386.294,32.2534,488.012,4.4453e+19
20230101T000005.900000,6,441,7638.76,-4258.28,-535.319,0,0,0,29411.2,51822.7,6539.27,93484.9,-3645.36,122374,1.05979e+14
20230101T000005.900000,6,442,6821.71,2395.45,-114.882,0,0,0,9256.86,-26119.1,1252.95,74466.4,439.975,83638.2,1.51129e+14
20230101T000005.900000,6,443,2047.45,2264.74,747.374,0,0,0,8635.58,-6944.49,-2438.43,7232.29,-2697.21,14917.4,1.71105e+14
20230101T000005.900000,6,444,7100.52,7238.08,370.976,0,0,0,83963,-82088.5,-4212.96,80812.5,-4294.58,164492,1.28594e+14
20230101T000005.900000,6,445,4232.79,4144.47,-660.641,0,0,0,27871.4,-27687.6,4469.13,29039.2,4375.88,56149.8,1.11966e+14
20230101T000005.900000,3,378,2843.18,-2119.49,-380.692,0,0,0,2500,0,0,2500,0,2500,0
20230101T000005.900000,3,379,3642.1,-4017.98,49.2557,0,0,0,2500,0,0,2500,0,2500,0
20230101T000005.900000,3,380,4578.1,-4763.71,-426.13,0,0,0,2500,0,0,2500,0,2500,0
20230101T000005.900000,3,381,10461.8,-2795.38,-2240.45,0,0,0,2500,0,0,2500,0,2500,0
20230101T000005.900000,3,382,427.252,-247.237,70.1185,0,0,0,2500,0,0,2500,0,2500,0
20230101T000005.900000,3,383,479.77,-271.841,85.0875,0,0,0,2500,0,0,2500,0,2500,0
20230101T000005.900000,3,384,7638.76,-4258.28,-535.319,0,0,0,2500,0,0,2500,0,2500,0
20230101T000005.900000,3,385,6821.71,2395.45,-114.882,0,0,0,2500,0,0,2500,0,2500,0
20230101T000005.900000,3,386,2047.45,2264.74,747.374,0,0,0,2500,0,0,2500,0,2500,0
20230101T000005.900000,3,387,7100.52,7238.08,370.976,0,0,0,2500,0,0,2500,0,2500,0
20230101T000005.900000,3,388,4232.79,4144.47,-660.641,0,0,0,2500,0,0,2500,0,2500,0
20230101T000006,6,446,379.171,-315.927,70.4315,0,0,0,201.402,156.915,-35.8522,258.987,29.8722,391.006,2.99057e+24
20230101T000006,6,447,422.525,-355.497,80.3652,0,0,0,244.951,204.365,-47.3504,315.903,39.8389,489.175,2.17672e+21
20230101T000006,6,448,4183.01,-1682.87,-146.589,0,0,0,4615.88,11229.1,979.165,28009.8,-393.928,32527.4,2.44764e+14
20230101T000006,6,449,4395.28,-1567.13,-269.543,0,0,0,4089.17,10963.8,1892.08,30929.8,-674.618,34839.2,2.32052e+14
20230101T000006,6,450,3602.72,-544.097,-180.878,0,0,0,587.265,3119.21,1039.51,20769.9,-156.991,21241.2,9.31071e+13
20230101T000006,6,451,3069.72,782.168,-224.822,0,0,0,1114.6,-3807.07,1099.84,15085.9,280.241,16056.3,1.21958e+14
20230101T000006,6,452,1664.24,1049.48,110.383,0,0,0,1821.84,-2756.95,-290.897,4455.21,-183.441,6193.96,1.01445e+14
20230101T000006,6,453,3857.15,2108.28,395.701,0,0,0,7353.5,-12878.9,-2437.03,23876.4,-1332.06,30916.4,1.03988e+14
20230101T000006,6,454,5472.56,6523.22,-1077.81,0,0,0,68877.7,-56171.7,9432.31,49046.1,11243.2,116003,1.05761e+14
20230101T000006,6,455,2771.88,4084.2,1060.65,0,0,0,27276,-17248.6,-4696.61,13567.5,-6920.17,38985.1,1.26454e+14
20230101T000006,4,382,390.755,-310.141,70.3882,-3.61361,-6.22813,0.0267008,135.647,116.937,-33.888,270.059,19.6099,338.052,0
20230101T000006,4,383,438.407,-346.159,81.147,-4.09535,-7.35823,-0.390145,152.609,144.663,-46.3693,325.956,26.2732,407.812,0
20230101T000006,3,389,4183.01,-1682.87,-146.589,0,0,0,2500,0,0,2500,0,2500,0
20230101T000006,3,390,4395.28,-1567.13,-269.543,0,0,0,2500,0,0,2500,0,2500,0
20230101T000006,3,391,3602.72,-544.097,-180.878,0,0,0,2500,0,0,2500,0,2500,0
20230101T000006,3,392,3069.72,782.168,-224.822,0,0,0,2500,0,0,2500,0,2500,0
20230101T000006,3,393,1664.24,1049.48,110.383,0,0,0,2500,0,0,2500,0,2500,0
20230101T000006,3,394,3857.15,2108.28,395.701,0,0,0,2500,0,0,2500,0,2500,0
20230101T000006,3,395,5472.56,6523.22,-1077.81,0,0,0,2500,0,0,2500,0,2500,0
20230101T000006,3,396,2771.88,4084.19,1060.65,0,0,0,2500,0,0,2500,0,2500,0
20230101T000006.100000,6,456,5514.27,-6176.82,835.325,0,0,0,61568.2,53910.9,-7365.68,49308,8250.67,109697,1.52061e+14
20230101T000006.100000,6,457,6040.31,-7587.19,-1916.81,0,0,0,94409.2,70431.8,18517.4,62012.3,-23259.6,150484,3.2948e+14
20230101T000006.100000,6,458,11062,-2558.36,1914,0,0,0,16095.3,43980.6,-33866.1,196090,7832.38,206263,2.5916e+14
20230101T000006.100000,6,459,7919.95,-2553.78,103.123,0,0,0,10508.3,32337.7,-1306.02,100369,421.124,110796,1.40912e+14
20230101T000006.100000,6,460,5036.63,-1521.35,-871.786,0,0,0,4874.62,11906.1,7015.5,40695.2,-2119.08,44293.2,4.76154e+14
20230101T000006.100000,6,461,3607.03,-94.2356,-228.569,0,0,0,161.443,540.01,1315.09,20817.1,-34.3575,20831.5,1.61649e+14
20230101T000006.100000,6,462,7035.13,1250.15,245.138,0,0,0,2655.79,-14044.4,-2757.16,79193.8,-489.952,81689.6,1.1219e+14
20230101T000006.100000,6,463,5237.36,2930.05,-1217.58,0,0,0,15589.7,-23516.3,10192.2,44468,5702.04,57626.8,3.13085e+14
20230101T000006.100000,6,464,438.67,525.334,-147.031,0,0,0,480.904,-321.602,94.7734,364.314,113.497,752.275,3.32609e+24
20230101T000006.100000,6,465,3994.85,5504.08,-989.991,0,0,0,49034.5,-34405.5,6322.43,26602.3,8711,74007.3,4.52628e+14
20230101T000006.100000,6,466,4061,3660.32,-232.659,0,0,0,21519.8,-23708.5,1509.71,26454.2,1360.75,47823.6,2.99671e+14
20230101T000006.100000,3,397,5514.27,-6176.82,835.325,0,0,0,2500,0,0,2500,0,2500,0
20230101T000006.100000,3,398,6040.31,-7587.19,-1916.81,0,0,0,2500,0,0,2500,0,2500,0
20230101T000006.100000,3,399,11062,-2558.36,1914,0,0,0,2500,0,0,2500,0,2500,0
20230101T000006.100000,3,400,7919.95,-2553.78,103.123,0,0,0,2500,0,0,2500,0,2500,0
20230101T000006.100000,3,401,5036.63,-1521.35,-871.785,0,0,0,2500,0,0,2500,0,2500,0
20230101T000006.100000,3,402,3607.03,-94.2356,-228.569,0,0,0,2500,0,0,2500,0,2500,0
20230101T000006.100000,3,403,7035.13,1250.15,245.138,0,0,0,2500,0,0,2500,0,2500,0
20230101T000006.100000,3,404,5237.36,2930.05,-1217.58,0,0,0,2500,0,0,2500,0,2500,0
20230101T000006.100000,3,405,438.67,525.334,-147.031,0,0,0,2500,0,0,2500,0,2500,0
20230101T000006.100000,3,406,3994.85,5504.08,-989.991,0,0,0,2500,0,0,2500,0,2500,0
20230101T000006.100000,3,407,4061,3660.32,-232.659,0,0,0,2500,0,0,2500,0,2500,0
20230101T000006.200000,6,467,7958.12,-9461.12,1668.2,0,0,0,145091,118244,-21235.7,103975,25246.3,244552,1.64793e+14
20230101T000006.200000,6,468,3829.4,-695.503,-48.9171,0,0,0,839.611,4249.45,298.925,23465,-54.2914,24236.8,1.40986e+14
20230101T000006.200000,6,469,4610.08,-1961.8,244.105,0,0,0,6292.64,14413.1,-1797.69,34029,765,40162.6,3.08224e+14
20230101T000006.200000,6,470,8878.8,-403.985,-972.26,0,0,0,1833.58,5667.49,13805.1,126136,-628.131,126395,8.74569e+13
20230101T000006.200000,6,471,6000.48,1295.82,-903.656,0,0,0,3994.81,-12158.3,8666.79,57670.3,1871.61,60297.3,1.53121e+14
20230101T000006.200000,6,472,6029.59,2755.77,-923.716,0,0,0,13332,-26046,8903.45,58416.3,4069.24,70321.6,1.76959e+14
20230101T000006.200000,6,473,6044.92,4824.9,150.126,0,0,0,37308.6,-46617.1,-1451.03,58504.7,-1158.17,95713.2,1.47842e+14
20230101T000006.200000,6,474,526.324,437.728,-145.973,0,0,0,362.909,-321.762,112.89,482.196,93.8874,752.579,2.90239e+23
20230101T000006.200000,6,475,4691.37,4699.41,-842.646,0,0,0,35933.6,-34675.2,6319.42,35815,6330.24,70550.5,1.65476e+14
20230101T000006.200000,4,405,512.183,464.087,-146.221,7.27848,-6.06406,0.0802526,375.852,-241.987,70.5302,288.124,84.4641,574.631,0
20230101T000006.200000,3,408,7958.12,-9461.12,1668.2,0,0,0,2500,0,0,2500,0,2500,0
20230101T000006.200000,3,409,3829.4,-695.503,-48.9171,0,0,0,2500,0,0,2500,0,2500,0
20230101T000006.200000,3,410,4610.08,-1961.8,244.105,0,0,0,2500,0,0,2500,0,2500,0
20230101T000006.200000,3,411,8878.8,-403.985,-972.26,0,0,0,2500,0,0,2500,0,2500,0
20230101T000006.200000,3,412,6000.48,1295.82,-903.656,0,0,0,2500,0,0,2500,0,2500,0
20230101T000006.200000,3,413,6029.59,2755.77,-923.716,0,0,0,2500,0,0,2500,0,2500,0
20230101T000006.200000,3,414,6044.92,4824.9,150.126,0,0,0,2500,0,0,2500,0,2500,0
20230101T000006.200000,3,415,4691.37,4699.41,-842.646,0,0,0,2500,0,0,2500,0,2500,0
20230101T000006.300000,6,476,5257.15,-7051.87,-512.153,0,0,0,79738.9,59084.7,4305.73,44531,-5775.65,123787,1.48119e+14
20230101T000006.300000,6,477,6669.11,-6747.53,1302.59,0,0,0,74219.1,70611.3,-13893.3,72568.3,14056.7,144011,1.15412e+14
20230101T000006.300000,6,478,9017.5,-4881.8,890.653,0,0,0,39161.8,69876.6,-12845.5,130407,6954.16,168236,1.48126e+14
20230101T000006.300000,6,479,7455.57,-1502.3,46.043,0,0,0,3675.79,17907.7,-548.863,88939.4,110.596,92547.8,8.89691e+13
20230101T000006.300000,6,480,5035.16,-1599.31,526.637,0,0,0,4553.12,12738.1,-4236.7,40611,1345.7,44657.6,9.49463e+13
20230101T000006.300000,6,481,3604.53,732.053,136.178,0,0,0,947.319,-4203.68,-783.052,20791.9,-159.032,21645.7,1.62301e+14
20230101T000006.300000,6,482,8838.02,1372.32,489.148,0,0,0,3449.32,-19338,-6913.51,124987,-1073.49,127990,1.47484e+14
20230101T000006.300000,6,483,2655.22,1321.76,-529.503,0,0,0,3204.5,-5411.6,2239.6,11381.7,1114.87,14077.6,7.65693e+14
20230101T000006.300000,6,484,592.458,342.385,-147.496,0,0,0,259.505,-282.983,128.402,585.636,74.2047,752.015,5.55363e+23
20230101T000006.300000,6,485,4000.83,2621.9,-448.262,0,0,0,11268.3,-16607.2,2864.5,25726.3,1877.22,36610.2,2.72628e+14
20230101T000006.300000,6,486,4008.3,2553.87,-702.294,0,0,0,11041.5,-15992.7,4496.2,25952.3,2864.74,36143.3,2.54602e+14
20230101T000006.300000,3,416,5257.15,-7051.87,-512.153,0,0,0,2500,0,0,2500,0,2500,0
20230101T000006.300000,3,417,6669.11,-6747.53,1302.59,0,0,0,2500,0,0,2500,0,2500,0
20230101T000006.300000,3,418,9017.5,-4881.8,890.653,0,0,0,2500,0,0,2500,0,2500,0
20230101T000006.300000,3,419,7455.57,-1502.3,46.043,0,0,0,2500,0,0,2500,0,2500,0
20230101T000006.300000,3,420,5035.16,-1599.31,526.637,0,0,0,2500,0,0,2500,0,2500,0
20230101T000006.300000,3,421,3604.53,732.053,136.178,0,0,0,2500,0,0,2500,0,2500,0
20230101T000006.300000,3,422,8838.02,1372.32,489.148,0,0,0,2500,0,0,2500,0,2500,0
20230101T000006.300000,3,423,2655.22,1321.76,-529.503,0,0,0,2500,0,0,2500,0,2500,0
20230101T000006.300000,3,424,592.458,342.385,-147.496,0,0,0,2500,0,0,2500,0,2500,0
20230101T000006.300000,3,425,4000.83,2621.9,-448.262,0,0,0,2500,0,0,2500,0,2500,0
20230101T000006.300000,3,426,4008.3,2553.87,-702.294,0,0,0,2500,0,0,2500,0,2500,0
20230101T000006.400000,6,487,5853.88,-4650.38,-1206.71,0,0,0,36068.4,42391.3,11294.4,55754.2,-8972.42,89431.9,9.06616e+13
20230101T000006.400000,6,488,3379.93,1897.05,33.6634,0,0,0,5808.15,-10231,-181.563,18294.1,-101.906,24036.4,1.88843e+14
20230101T000006.400000,6,489,8878.73,4247.38,-2254.68,0,0,0,35532.9,-57148.1,32017.4,127657,15316.4,154999,3.37885e+14
20230101T000006.400000,6,490,644.245,231.546,-145.846,0,0,0,170.14,-208.357,138.063,674.98,49.6208,752.643,6.40548e+23
20230101T000006.400000,6,491,4558.69,3228.32,26.6197,0,0,0,16718.6,-23516.3,-193.913,33272.5,-137.323,49926,1.30203e+14
20230101T000006.400000,4,424,639.921,260.725,-146.236,4.69933,-8.08523,0.124791,209.272,-212.948,95.5586,454.689,55.224,574.447,0
20230101T000006.400000,3,427,5853.88,-4650.38,-1206.71,0,0,0,2500,0,0,2500,0,2500,0
20230101T000006.400000,3,428,3379.93,1897.05,33.6634,0,0,0,2500,0,0,2500,0,2500,0
20230101T000006.400000,3,429,8878.73,4247.38,-2254.68,0,0,0,2500,0,0,2500,0,2500,0
20230101T000006.400000,3,430,4558.69,3228.32,26.6197,0,0,0,2500,0,0,2500,0,2500,0
20230101T000006.500000,6,492,7390.18,-8506.73,875.574,0,0,0,116338,99947.4,-10349.8,88119,11913.5,203167,9.11186e+13
20230101T000006.500000,6,493,6154.85,-7782.72,751.203,0,0,0,97285,76172.1,-7394.68,61206.1,9350.46,157525,7.32144e+13
20230101T000006.500000,6,494,3423.75,-4306.13,191.105,0,0,0,29715.8,23529.4,-1045.49,18830.2,1314.94,48423.8,1.8414e+14
20230101T000006.500000,6,495,6734.27,-1491.56,327.857,0,0,0,3784.39,16021.5,-3529.64,72571.6,781.77,76120.3,1.2683e+14
20230101T000006.500000,6,496,5433.12,-1088.95,-370.151,0,0,0,2169.3,9411.71,3213.54,47241,-644.084,49127.6,1.96131e+14
20230101T000006.500000,6,497,9300.89,-2204.05,-163.887,0,0,0,7873.84,32775.5,2437.8,138416,-577.691,146183,1.23542e+14
20230101T000006.500000,6,498,674.227,117.147,-147.238,0,0,0,115.003,-110.207,145.869,730.14,25.3447,752.12,7.4648e+22
20230101T000006.500000,6,499,674.617,113.134,-148.71,0,0,0,114.334,-106.375,147.413,730.813,24.7213,751.54,6.91268e+22
20230101T000006.500000,6,500,7857.69,2462.71,1311.9,0,0,0,12268.2,-30158.3,-16484.2,99041.2,-5166.37,108495,2.45244e+14
20230101T000006.500000,6,501,2766.35,2570.25,-944.21,0,0,0,11367.8,-10635,4168.19,12933.1,3872.72,22818,1.23997e+14
20230101T000006.500000,6,502,7884.23,6579.14,399.157,0,0,0,69444.2,-82837.6,-5033.37,99588.7,-4200.19,168714,1.42361e+14
20230101T000006.500000,6,503,4608.45,5829.52,-949.891,0,0,0,54952.7,-42251.1,6999.05,34907.7,8853.53,88354.8,1.45012e+14
20230101T000006.500000,3,431,7390.18,-8506.73,875.574,0,0,0,2500,0,0,2500,0,2500,0
20230101T000006.500000,3,432,6154.85,-7782.72,751.203,0,0,0,2500,0,0,2500,0,2500,0
20230101T000006.500000,3,433,3423.75,-4306.13,191.105,0,0,0,2500,0,0,2500,0,2500,0
20230101T000006.500000,3,434,6734.27,-1491.56,327.857,0,0,0,2500,0,0,2500,0,2500,0
20230101T000006.500000,3,435,5433.12,-1088.95,-370.151,0,0,0,2500,0,0,2500,0,2500,0
20230101T000006.500000,3,436,9300.89,-2204.05,-163.887,0,0,0,2500,0,0,2500,0,2500,0
20230101T000006.500000,3,437,674.227,117.147,-147.238,0,0,0,2500,0,0,2500,0,2500,0
20230101T000006.500000,3,438,674.617,113.134,-148.71,0,0,0,2500,0,0,2500,0,2500,0
20230101T000006.500000,3,439,7857.69,2462.71,1311.9,0,0,0,2500,0,0,2500,0,2500,0
20230101T000006.500000,3,440,2766.35,2570.25,-944.21,0,0,0,2500,0,0,2500,0,2500,0
20230101T000006.500000,3,441,7884.23,6579.14,399.157,0,0,0,2500,0,0,2500,0,2500,0
20230101T000006.500000,3,442,4608.45,5829.52,-949.891,0,0,0,2500,0,0,2500,0,2500,0
20230101T000006.600000,6,504,8125.34,-8316.66,-637.229,0,0,0,111015,107764,8281.88,105999,-8476.88,216301,2.19857e+14
20230101T000006.600000,6,505,6912.38,-5121.38,-1274.11,0,0,0,43683,55369.2,14083.9,77392.3,-10434.8,118417,1.60576e+14
20230101T000006.600000,6,506,5740,-5587.21,197.424,0,0,0,50011.9,51249.8,-1812.01,52777.6,1763.78,102663,8.63602e+13
20230101T000006.600000,6,507,3842.36,-2777.61,368.745,0,0,0,12528.9,16942.7,-2262.95,23718.5,1635.87,35966.6,1.25081e+14
20230101T000006.600000,6,508,5792.47,-3630.52,-231.906,0,0,0,21196.8,33580,2147.46,53726.6,-1345.95,74773.5,6.91419e+13
20230101T000006.600000,6,509,4220.32,-3418.3,-1235.66,0,0,0,20207.6,21857.5,8333.06,29489.6,-6749.47,47196.6,1.42409e+14
20230101T000006.600000,6,510,7281.19,-1338.51,-1147.18,0,0,0,4963.82,15208,13355,84896.1,-2455.06,87693.3,2.45397e+14
20230101T000006.600000,6,511,4472.29,801.276,-51.354,0,0,0,1093.36,-5721.82,366.76,32004.3,65.7105,33029.5,2.76703e+14
20230101T000006.600000,6,512,4671.21,108.261,-122.746,0,0,0,106.768,-807.092,915.72,34912.4,21.2228,34931.1,4.18025e+14
20230101T000006.600000,6,513,3168,461.363,-210.666,0,0,0,472.503,-2319.34,1063.68,16060.7,154.905,16398.8,5.33954e+14
20230101T000006.600000,6,514,684.672,1.851,-145.624,0,0,0,95.165,-1.77046,146.504,750.043,0.396071,752.817,7.06976e+23
20230101T000006.600000,6,515,6398.46,-1221.37,-73.2501,0,0,0,2456.8,12490.4,749.193,65506.9,-143.009,67891.2,1.55348e+14
20230101T000006.600000,6,516,6561.32,4195.19,-677.688,0,0,0,28726.1,-43679.2,7109.78,69113.1,4545.87,97041.3,1.41544e+14
20230101T000006.600000,6,517,2139.6,1956.56,-616.122,0,0,0,6489.11,-6365.02,2099.6,7629.07,1919.98,13452.3,1.39222e+14
20230101T000006.600000,6,518,1476.14,1646.35,-127.62,0,0,0,4376.79,-3843.74,298.958,3536.21,333.429,7823.37,1.0605e+14
20230101T000006.600000,6,519,1321.82,1097.62,-167.863,0,0,0,1991.83,-2268.06,350.251,2839.82,290.842,4723.78,1.39645e+14
20230101T000006.600000,6,520,6347.65,4508.05,-703.238,0,0,0,33084.2,-45381.4,7137.59,64754.9,5069.05,96984.9,1.35405e+14
20230101T000006.600000,6,521,6268.74,7494.3,812.43,0,0,0,90324.1,-74616.7,-8145.27,63534.1,-9737.69,152739,1.97735e+14
20230101T000006.600000,4,438,689.36,28.1642,-146.355,1.45965,-8.41283,0.2332,100.027,-80.0627,109.705,564.016,18.3975,574.085,0
20230101T000006.600000,3,443,8125.34,-8316.66,-637.229,0,0,0,2500,0,0,2500,0,2500,0
20230101T000006.600000,3,444,6912.38,-5121.38,-1274.11,0,0,0,2500,0,0,2500,0,2500,0
20230101T000006.600000,3,445,5740,-5587.21,197.424,0,0,0,2500,0,0,2500,0,2500,0
20230101T000006.600000,3,446,3842.36,-2777.61,368.745,0,0,0,2500,0,0,2500,0,2500,0
20230101T000006.600000,3,447,5792.47,-3630.52,-231.906,0,0,0,2500,0,0,2500,0,2500,0
20230101T000006.600000,3,448,4220.32,-3418.3,-1235.66,0,0,0,2500,0,0,2500,0,2500,0
20230101T000006.600000,3,449,7281.19,-1338.51,-1147.18,0,0,0,2500,0,0,2500,0,2500,0
20230101T000006.600000,3,450,4472.29,801.276,-51.354,0,0,0,2500,0,0,2500,0,2500,0
20230101T000006.600000,3,451,4671.21,108.261,-122.746,0,0,0,2500,0,0,2500,0,2500,0
20230101T000006.600000,3,452,3168,461.363,-210.666,0,0,0,2500,0,0,2500,0,2500,0
20230101T000006.600000,3,453,6398.46,-1221.37,-73.2501,0,0,0,2500,0,0,2500,0,2500,0
20230101T000006.600000,3,454,6561.32,4195.19,-677.688,0,0,0,2500,0,0,2500,0,2500,0
20230101T000006.600000,3,455,2139.6,1956.56,-616.122,0,0,0,2500,0,0,2500,0,2500,0
20230101T000006.600000,3,456,1476.14,1646.35,-127.62,0,0,0,2500,0,0,2500,0,2500,0
20230101T000006.600000,3,457,1321.82,1097.62,-167.863,0,0,0,2500,0,0,2500,0,2500,0
20230101T000006.600000,3,458,6347.65,4508.05,-703.238,0,0,0,2500,0,0,2500,0,2500,0
20230101T000006.600000,3,459,6268.74,7494.3,812.43,0,0,0,2500,0,0,2500,0,2500,0
20230101T000006.700000,6,522,2426.04,-955.886,-578.209,0,0,0,1977.79,3507.18,2231.83,9497.15,-879.363,10882,2.57101e+14
20230101T000006.700000,6,523,673.769,-122.27,-145.343,0,0,0,115.93,115.114,143.895,729.374,-26.1128,753.023,9.29204e+22
20230101T000006.700000,6,524,6549.53,-3049.72,299.771,0,0,0,15051.9,31879.3,-3138.98,68671.2,1461.63,83515.6,1.42245e+14
20230101T000006.700000,6,525,673.688,-121.11,-146.426,0,0,0,115.983,113.913,144.947,729.159,-26.0574,752.438,9.58536e+22
20230101T000006.700000,6,526,4615.37,2979.56,-549.087,0,0,0,14589.6,-21754.1,4049.46,34243.2,2614.22,48287.6,1.15738e+14
20230101T000006.700000,6,527,2307.22,1639,-143.568,0,0,0,4362.45,-6004.75,527.349,8549.71,374.617,12815.5,9.06461e+13
20230101T000006.700000,6,528,5263.19,4456.19,-1621.75,0,0,0,34258.5,-35420.8,13646,46104.2,11553.7,76097.3,1.57439e+14
20230101T000006.700000,3,460,2426.04,-955.886,-578.208,0,0,0,2500,0,0,2500,0,2500,0
20230101T000006.700000,3,461,673.769,-122.27,-145.343,0,0,0,2500,0,0,2500,0,2500,0
20230101T000006.700000,3,462,6549.53,-3049.72,299.771,0,0,0,2500,0,0,2500,0,2500,0
20230101T000006.700000,3,463,673.688,-121.11,-146.426,0,0,0,2500,0,0,2500,0,2500,0
20230101T000006.700000,3,464,4615.37,2979.56,-549.087,0,0,0,2500,0,0,2500,0,2500,0
20230101T000006.700000,3,465,2307.22,1639,-143.568,0,0,0,2500,0,0,2500,0,2500,0
20230101T000006.700000,3,466,5263.19,4456.19,-1621.75,0,0,0,2500,0,0,2500,0,2500,0
20230101T000006.800000,6,529,643.26,-234.196,-146.064,0,0,0,171.946,210.387,138.059,673.214,-50.264,752.598,3.63831e+23
20230101T000006.800000,6,530,10206.5,-2388.53,-1794.55,0,0,0,14072.2,37848.6,29295.3,166947,-6855.7,175806,3.26685e+14
20230101T000006.800000,6,531,10652.6,1301.47,-602.709,0,0,0,3345.63,-22104.8,10269.1,181575,1254.62,184276,3.95456e+14
20230101T000006.800000,6,532,3266.67,944.417,597.995,0,0,0,2012.39,-4766.94,-3115.04,17122.7,-900.579,18502.8,1.83457e+14
20230101T000006.800000,4,461,657.613,-210.357,-145.891,-1.59964,-8.72149,-0.0542603,101.232,86.5926,107.085,562.687,-19.433,575.184,0
20230101T000006.800000,3,467,10206.5,-2388.53,-1794.55,0,0,0,2500,0,0,2500,0,2500,0
20230101T000006.800000,3,468,10652.6,1301.47,-602.709,0,0,0,2500,0,0,2500,0,2500,0
20230101T000006.800000,3,469,3266.67,944.417,597.995,0,0,0,2500,0,0,2500,0,2500,0
20230101T000006.900000,6,533,2148.87,-1665.16,-309.051,0,0,0,4571.4,5620.59,1056.9,7469.3,-818.993,11825.5,2.01751e+14
20230101T000006.900000,6,534,1536.34,-1606.79,189.81,0,0,0,4188.73,3889.21,-462.832,3839.87,484.055,7907.88,1.708e+14
20230101T000006.900000,6,535,6818.89,-4950.11,997.203,0,0,0,40289,53220.4,-10873.7,74966.5,7893.63,113602,1.06317e+14
20230101T000006.900000,6,536,10785.9,-5398.25,-2390.15,0,0,0,53984.6,89477.1,41236.9,187980,-20638.7,232765,1.13172e+15
20230101T000006.900000,6,537,590.943,-344.848,-147.364,0,0,0,261.817,284.306,127.956,583.104,-74.6693,751.85,1.27799e+22
20230101T000006.900000,6,538,6915.41,-1361.01,532.069,0,0,0,3461.07,14961.2,-5882.44,76535.9,1157.71,79480.7,1.76483e+14
20230101T000006.900000,6,539,11649,-1489.99,852.109,0,0,0,4757.79,27616.8,-15877.3,217138,2030.83,220671,1.41609e+14
20230101T000006.900000,6,540,6420.6,-1322.92,-319.544,0,0,0,3018.17,13545.4,3279.62,65967.7,-675.744,68758.8,1.81253e+14
20230101T000006.900000,6,541,5911.57,1733.19,-590.856,0,0,0,5379.08,-16225.5,5582.78,55963.9,1636.8,60721.5,1.57334e+14
20230101T000006.900000,6,542,1198.1,1309.78,16.6033,0,0,0,2774.19,-2478.7,-31.4238,2331.78,-34.353,5041.55,9.9476e+13
20230101T000006.900000,4,453,6444.55,-1233.9,-83.2024,12.687,-3.44897,-2.73917,152.748,470.931,28.2437,2529.95,-5.39129,2619.54,0
20230101T000006.900000,3,470,2148.87,-1665.16,-309.051,0,0,0,2500,0,0,2500,0,2500,0
20230101T000006.900000,3,471,1536.34,-1606.79,189.81,0,0,0,2500,0,0,2500,0,2500,0
20230101T000006.900000,3,472,6818.89,-4950.11,997.203,0,0,0,2500,0,0,2500,0,2500,0
20230101T000006.900000,3,473,10785.9,-5398.25,-2390.15,0,0,0,2500,0,0,2500,0,2500,0
20230101T000006.900000,3,474,590.943,-344.848,-147.364,0,0,0,2500,0,0,2500,0,2500,0
20230101T000006.900000,3,475,6915.41,-1361.01,532.069,0,0,0,2500,0,0,2500,0,2500,0
20230101T000006.900000,3,476,11649,-1489.99,852.109,0,0,0,2500,0,0,2500,0,2500,0
20230101T000006.900000,3,477,5911.57,1733.19,-590.856,0,0,0,2500,0,0,2500,0,2500,0
20230101T000006.900000,3,478,1198.1,1309.78,16.6033,0,0,0,2500,0,0,2500,0,2500,0
20230101T000007,6,543,526.868,-436.901,-146.6,0,0,0,362.047,321.339,113.493,483.088,-94.1131,752.363,3.78314e+21
20230101T000007,6,544,2965.85,-672.667,653.639,0,0,0,1432.3,3031.39,-3088.93,14110.4,700.582,14800.8,1.60721e+14
20230101T000007,6,545,9915.05,-3040.64,-1564.66,0,0,0,18430.3,47121.4,24812.9,157635,-7609.35,172087,1.04748e+14
20230101T000007,6,546,11021.4,1369.83,-2266.28,0,0,0,11155.4,-23142.5,39951.6,194479,4965.5,197358,1.67716e+14
20230101T000007,6,547,3197.2,647.823,-271.865,0,0,0,846.125,-3278.57,1385.54,16362.5,280.741,17027.3,2.0884e+14
20230101T000007,6,548,8714.3,4737.84,-1267.22,0,0,0,37947.1,-64954.5,17661.6,122103,9602.34,157419,1.2232e+14
20230101T000007,6,549,7070.51,3044.09,-286.069,0,0,0,14990.8,-34366.5,3234.06,80017.8,1392.37,94813.8,1.65374e+14
20230101T000007,6,550,4891.91,2488,37.4722,0,0,0,9956.86,-19446.9,-292.907,38302.8,-148.971,48193.4,1.20222e+14
20230101T000007,6,551,7615.13,8473.4,-1136.73,0,0,0,115830,-102182,13846,93963,15406.5,207662,1.18805e+14
20230101T000007,4,474,547.483,-419.731,-146.784,-4.30292,-7.41421,0.0573582,211.02,213.953,95.2327,452.804,-55.5735,574.358,0
20230101T000007,3,479,2965.85,-672.667,653.639,0,0,0,2500,0,0,2500,0,2500,0
20230101T000007,3,480,9915.05,-3040.64,-1564.66,0,0,0,2500,0,0,2500,0,2500,0
20230101T000007,3,481,11021.4,1369.83,-2266.28,0,0,0,2500,0,0,2500,0,2500,0
20230101T000007,3,482,3197.2,647.823,-271.865,0,0,0,2500,0,0,2500,0,2500,0
20230101T000007,3,483,8714.3,4737.84,-1267.22,0,0,0,2500,0,0,2500,0,2500,0
20230101T000007,3,484,7070.51,3044.09,-286.069,0,0,0,2500,0,0,2500,0,2500,0
20230101T000007,3,485,4891.91,2488,37.4722,0,0,0,2500,0,0,2500,0,2500,0
20230101T000007,3,486,7615.13,8473.4,-1136.73,0,0,0,2500,0,0,2500,0,2500,0
20230101T000007.100000,6,552,3606.52,-1704.93,82.8021,0,0,0,4712.13,9809.25,-476.604,20824.9,225.308,25462.1,1.20171e+14
20230101T000007.100000,6,553,8558.84,-1458.35,-1050.99,0,0,0,5181.64,19667.8,14384.9,117258,-2451.07,120610,1.57858e+14
20230101T000007.100000,6,554,6909.09,-1244.8,-1663.34,0,0,0,6825.47,12977.7,18373.3,76518,-3310.29,78859.6,1.49352e+14
20230101T000007.100000,6,555,7087.65,-862.848,-1035.61,0,0,0,2943.9,9571.53,11735.1,80401.6,-1428.62,81568.2,1.442e+14
20230101T000007.100000,6,556,5922.27,502.852,-98.0652,0,0,0,483.378,-4758.15,928.178,56117.7,78.8104,56521.8,8.79769e+13
20230101T000007.100000,6,557,9453.23,2889.17,1142.92,0,0,0,15324.9,-43097.3,-17279.9,143166,-5281.21,156338,4.00644e+14
20230101T000007.100000,6,558,451.056,534.821,-22.4753,0,0,0,484.563,-354.068,14.8961,363.355,17.6624,783.242,6.13034e+24
20230101T000007.100000,3,487,3606.52,-1704.93,82.8021,0,0,0,2500,0,0,2500,0,2500,0
20230101T000007.100000,3,488,8558.84,-1458.35,-1050.99,0,0,0,2500,0,0,2500,0,2500,0
20230101T000007.100000,3,489,6909.09,-1244.8,-1663.34,0,0,0,2500,0,0,2500,0,2500,0
20230101T000007.100000,3,490,7087.65,-862.848,-1035.61,0,0,0,2500,0,0,2500,0,2500,0
20230101T000007.100000,3,491,5922.27,502.852,-98.0652,0,0,0,2500,0,0,2500,0,2500,0
20230101T000007.100000,3,492,9453.23,2889.17,1142.92,0,0,0,2500,0,0,2500,0,2500,0
20230101T000007.100000,3,493,451.056,534.821,-22.4753,0,0,0,2500,0,0,2500,0,2500,0
20230101T000007.200000,6,559,7929.41,-6889.13,-832.719,0,0,0,76604.7,86822,10560.9,101105,-9175.43,176537,1.24739e+14
20230101T000007.200000,6,560,4153.84,-5394.24,460.969,0,0,0,46706.7,35655.7,-3061.03,27860.4,3975.1,74163.7,1.65666e+14
20230101T000007.200000,6,561,4473.98,-4291.83,-1303.51,0,0,0,30919.4,29333.7,9321.66,33358.5,-8942.16,61500.7,1.35852e+14
20230101T000007.200000,6,562,3511.84,-902.044,-402.076,0,0,0,1603.86,4990.97,2252.45,19752.7,-578.56,21035.5,1.52465e+14
20230101T000007.200000,6,563,9591.5,-4332.95,507.687,0,0,0,30434.7,66316.5,-7788.36,147276,3518.38,177234,1.15579e+14
20230101T000007.200000,6,564,4558.44,2742.14,-486.035,0,0,0,12355,-19804.8,3539.93,33364.2,2129.45,45278.4,2.36264e+14
20230101T000007.200000,6,565,533.9,452.081,-23.8371,0,0,0,364.764,-354.211,18.7003,483.153,15.8345,783.156,2.74094e+24
20230101T000007.200000,4,493,519.433,477.113,-23.5145,6.77002,-5.71364,-0.10289,375.482,-263.565,11.0858,285.256,13.1446,597.686,0
20230101T000007.200000,3,494,7929.41,-6889.13,-832.719,0,0,0,2500,0,0,2500,0,2500,0
20230101T000007.200000,3,495,4153.84,-5394.24,460.969,0,0,0,2500,0,0,2500,0,2500,0
20230101T000007.200000,3,496,4473.98,-4291.83,-1303.51,0,0,0,2500,0,0,2500,0,2500,0
20230101T000007.200000,3,497,3511.84,-902.044,-402.076,0,0,0,2500,0,0,2500,0,2500,0
20230101T000007.200000,3,498,9591.5,-4332.95,507.687,0,0,0,2500,0,0,2500,0,2500,0
20230101T000007.200000,3,499,4558.44,2742.14,-486.035,0,0,0,2500,0,0,2500,0,2500,0
20230101T000007.300000,6,566,3449.62,-2740.39,263.49,0,0,0,12122.8,15040.1,-1451.32,19107.4,1152.93,31055.6,1.2538e+14
20230101T000007.300000,6,567,5213.99,-6313.97,567.151,0,0,0,64020.4,52389.6,-4728.58,43840.9,5726.16,107283,1.15029e+14
20230101T000007.300000,6,568,5752.48,-7670.02,2200.28,0,0,0,96937.1,66847.3,-20242.9,57942,26990.7,147075,1.96679e+14
20230101T000007.300000,6,569,5940.04,-6660.67,541.268,0,0,0,71219.2,63038.9,-5141.67,56751.1,5765.45,127438,1.08731e+14
20230101T000007.300000,6,570,8281.96,1516.4,-60.8953,0,0,0,3746.81,-20081.6,806.476,109748,147.663,113424,2.26267e+14
20230101T000007.300000,6,571,6882.12,2554.78,1122.98,0,0,0,12271.4,-27453,-12356.7,76033.7,-4587.03,86226.2,3.31597e+14
20230101T000007.300000,6,572,606.676,348.344,-24.2213,0,0,0,242.929,-310.122,21.5918,604.971,12.3977,783.114,3.96764e+24
20230101T000007.300000,6,573,7826.61,6214.95,1321.22,0,0,0,63552.5,-76436.4,-16538.5,99113.8,-13132.9,159811,5.84501e+14
20230101T000007.300000,6,574,5197.71,5392.99,151.154,0,0,0,46583.4,-44799.7,-1256.15,43278,-1303.35,89760.9,2.9424e+14
20230101T000007.300000,6,575,6293.53,6892.91,-517.111,0,0,0,76243,-69164.3,5204.74,63641.7,5700.43,139393,3.49226e+14
20230101T000007.300000,3,500,3449.62,-2740.39,263.49,0,0,0,2500,0,0,2500,0,2500,0
20230101T000007.300000,3,501,5213.99,-6313.97,567.151,0,0,0,2500,0,0,2500,0,2500,0
20230101T000007.300000,3,502,5752.48,-7670.02,2200.28,0,0,0,2500,0,0,2500,0,2500,0
20230101T000007.300000,3,503,5940.04,-6660.67,541.268,0,0,0,2500,0,0,2500,0,2500,0
20230101T000007.300000,3,504,8281.96,1516.4,-60.8953,0,0,0,2500,0,0,2500,0,2500,0
20230101T000007.300000,3,505,6882.12,2554.78,1122.98,0,0,0,2500,0,0,2500,0,2500,0
20230101T000007.300000,3,506,606.676,348.344,-24.2213,0,0,0,2500,0,0,2500,0,2500,0
20230101T000007.300000,3,507,7826.61,6214.95,1321.22,0,0,0,2500,0,0,2500,0,2500,0
20230101T000007.300000,3,508,5197.71,5392.99,151.154,0,0,0,2500,0,0,2500,0,2500,0
20230101T000007.300000,3,509,6293.53,6892.91,-517.111,0,0,0,2500,0,0,2500,0,2500,0
20230101T000007.400000,6,576,4562.42,-1491.58,911.346,0,0,0,4816.05,10477.6,-6641.56,33439.3,2171.3,36867,1.93506e+14
20230101T000007.400000,6,577,8892.9,747.663,939.442,0,0,0,2359.43,-10515.1,-13360.3,126544,-1123.26,127429,3.71849e+14
20230101T000007.400000,6,578,656.924,240.429,-24.1086,0,0,0,149.683,-231.778,23.2712,698.141,8.51706,783.046,5.28121e+24
20230101T000007.400000,6,579,5955.54,2154.26,161.59,0,0,0,7518.82,-20493.8,-1538.23,56761.8,-556.415,64174.9,3.84584e+14
20230101T000007.400000,6,580,6752.44,1758.49,-763.118,0,0,0,5879.44,-18755.8,8237.96,73015.8,2145.35,77901,3.86605e+14
20230101T000007.400000,6,581,4410.86,2520.31,105.78,0,0,0,10224.9,-17751.5,-745.375,31149.3,-425.897,41292.3,3.97613e+14
20230101T000007.400000,6,582,6722.27,4838.28,-1096.97,0,0,0,38764.1,-51096.1,11791.9,72980.7,8487.07,109758,2.35254e+14
20230101T000007.400000,4,506,651.949,269.435,-24.135,4.48251,-7.8128,0.00854436,195.617,-230.862,16.0689,465.129,9.22652,597.592,0
20230101T000007.400000,3,510,4562.42,-1491.58,911.346,0,0,0,2500,0,0,2500,0,2500,0
20230101T000007.400000,3,511,8892.9,747.663,939.442,0,0,0,2500,0,0,2500,0,2500,0
20230101T000007.400000,3,512,5955.54,2154.26,161.59,0,0,0,2500,0,0,2500,0,2500,0
20230101T000007.400000,3,513,6752.44,1758.49,-763.118,0,0,0,2500,0,0,2500,0,2500,0
20230101T000007.400000,3,514,4410.86,2520.31,105.78,0,0,0,2500,0,0,2500,0,2500,0
20230101T000007.400000,3,515,6722.27,4838.28,-1096.97,0,0,0,2500,0,0,2500,0,2500,0
20230101T000007.500000,6,583,8595.06,-8300.78,343.732,0,0,0,110376,114027,-4725.72,118322,4563.92,228445,1.85296e+14
20230101T000007.500000,6,584,7195.7,-8069.86,199.038,0,0,0,104253,92846,-2290.76,82915.8,2569.06,187041,1.31511e+14
20230101T000007.500000,6,585,4085.39,-744.778,41.6081,0,0,0,952.127,4856.55,-271.346,26706.7,49.4671,27592.1,2.83173e+14
20230101T000007.500000,6,586,8249.77,-2644.27,-546.779,0,0,0,11679,34745.8,7213.45,108945,-2312.1,120082,2.77612e+14
20230101T000007.500000,6,587,3327.14,-206.089,-184.602,0,0,0,185.833,1089.8,979.191,17712.3,-60.6527,17780,1.4352e+15
20230101T000007.500000,6,588,688.658,122.848,-25.4163,0,0,0,87.0927,-124.132,25.7188,760.804,4.58792,783.032,6.78506e+24
20230101T000007.500000,6,589,8937.8,1742.64,-922.67,0,0,0,6232.13,-24652.8,13188.3,127867,2571.38,132674,7.55675e+14
20230101T000007.500000,6,590,3617.66,1139.35,117.088,0,0,0,2155.1,-6570.22,-675.851,20947.6,-212.853,23016.9,9.6839e+14
20230101T000007.500000,6,591,4875.6,1709.91,-1148.9,0,0,0,6613.04,-12660.4,8949.75,38272.4,3138.75,42715.5,7.97368e+14
20230101T000007.500000,6,592,5591.73,1335.1,-21.908,0,0,0,2913.27,-11930.2,195.769,50031.5,46.7425,52880,6.00934e+14
20230101T000007.500000,6,593,8414.26,7310.55,-458.499,0,0,0,85738.8,-98222.4,6170.7,113452,5361.28,198790,4.08088e+14
20230101T000007.500000,6,594,8144.01,5815.97,-409.32,0,0,0,54340.7,-75627.5,5331.48,106232,3807.43,160241,2.9578e+14
20230101T000007.500000,6,595,6458.92,4816.26,-775.296,0,0,0,37772.9,-49281.2,8007.22,67114.5,5970.79,103863,2.22889e+14
20230101T000007.500000,6,596,4359.93,3638.72,237.554,0,0,0,21275.4,-25307.5,-1655.1,30477.6,-1381.32,51599,3.00418e+14
20230101T000007.500000,3,516,8595.06,-8300.78,343.732,0,0,0,2500,0,0,2500,0,2500,0
20230101T000007.500000,3,517,7195.7,-8069.86,199.038,0,0,0,2500,0,0,2500,0,2500,0
20230101T000007.500000,3,518,4085.39,-744.778,41.6081,0,0,0,2500,0,0,2500,0,2500,0
20230101T000007.500000,3,519,8249.77,-2644.27,-546.779,0,0,0,2500,0,0,2500,0,2500,0
20230101T000007.500000,3,520,3327.14,-206.089,-184.602,0,0,0,2500,0,0,2500,0,2500,0
20230101T000007.500000,3,521,688.658,122.848,-25.4163,0,0,0,2500,0,0,2500,0,2500,0
20230101T000007.500000,3,522,8937.8,1742.64,-922.67,0,0,0,2500,0,0,2500,0,2500,0
20230101T000007.500000,3,523,3617.66,1139.35,117.088,0,0,0,2500,0,0,2500,0,2500,0
20230101T000007.500000,3,524,4875.6,1709.91,-1148.9,0,0,0,2500,0,0,2500,0,2500,0
20230101T000007.500000,3,525,5591.73,1335.1,-21.908,0,0,0,2500,0,0,2500,0,2500,0
20230101T000007.500000,3,526,8414.26,7310.55,-458.499,0,0,0,2500,0,0,2500,0,2500,0
20230101T000007.500000,3,527,8144.01,5815.97,-409.32,0,0,0,2500,0,0,2500,0,2500,0
20230101T000007.500000,3,528,6458.92,4816.26,-775.296,0,0,0,2500,0,0,2500,0,2500,0
20230101T000007.500000,3,529,4359.93,3638.72,237.554,0,0,0,2500,0,0,2500,0,2500,0
20230101T000007.600000,6,597,5132.62,-5799.04,350.489,0,0,0,53920.6,47493.6,-2876.37,42296.1,3249.83,95956.4,9.93116e+13
20230101T000007.600000,6,598,7075.92,-5946.38,-863.852,0,0,0,57312.2,66702.5,9775.54,80630.2,-8215.06,136686,3.06898e+14
20230101T000007.600000,6,599,3104.39,-733.818,-116.219,0,0,0,942.582,3625.74,574.995,15424.1,-135.918,16281.2,4.40687e+14
20230101T000007.600000,6,600,4058.92,443.247,196.625,0,0,0,438.578,-2865,-1273.88,26361.2,-139.112,26674.2,4.73582e+14
20230101T000007.600000,6,601,4549.16,-695.301,252.887,0,0,0,935.848,5036.05,-1837.21,33115.6,280.802,33885.5,6.42718e+14
20230101T000007.600000,6,602,10821.2,319.912,303.727,0,0,0,375.115,-5532.68,-5256.91,187357,-155.413,187521,1.67639e+15
20230101T000007.600000,6,603,699.541,3.00464,-24.2816,0,0,0,64.8796,-3.08439,24.9589,782.974,0.107202,783.064,3.02727e+24
20230101T000007.600000,6,604,6909.1,1193.13,-332.832,0,0,0,2511.82,-13149.1,3676.32,76384.1,634.864,78654.9,3.59553e+14
20230101T000007.600000,6,605,6139.85,-199.462,874.088,0,0,0,1347.48,1917.76,-8577.91,60317.8,278.666,60381.3,4.34785e+14
20230101T000007.600000,6,606,5895.59,1998.96,1175.38,0,0,0,8431.3,-18165.2,-11076.2,55847.1,-3755.51,62008.4,2.00511e+14
20230101T000007.600000,6,607,5138.74,3308.51,-380.475,0,0,0,17722.8,-27068.1,3124.92,42337.1,2011.94,59764.9,2.04366e+14
20230101T000007.600000,6,608,4689.92,1732.75,14.1886,0,0,0,4860.45,-12981.4,-106.299,35200.3,-39.2735,39996.5,2.80294e+14
20230101T000007.600000,4,513,6758.64,1740.6,-749.417,1.19371,-3.44034,2.63481,245.463,-591.305,256.706,2362.04,66.8521,2487.97,0
20230101T000007.600000,4,521,704.819,32.3121,-24.5503,1.60003,-8.96397,0.0857403,79.609,-92.4092,19.1402,581.149,3.41438,597.53,0
20230101T000007.600000,3,530,5132.62,-5799.04,350.489,0,0,0,2500,0,0,2500,0,2500,0
20230101T000007.600000,3,531,7075.92,-5946.38,-863.852,0,0,0,2500,0,0,2500,0,2500,0
20230101T000007.600000,3,532,3104.39,-733.818,-116.219,0,0,0,2500,0,0,2500,0,2500,0
20230101T000007.600000,3,533,4058.92,443.247,196.625,0,0,0,2500,0,0,2500,0,2500,0
20230101T000007.600000,3,534,4549.16,-695.301,252.887,0,0,0,2500,0,0,2500,0,2500,0
20230101T000007.600000,3,535,10821.2,319.912,303.727,0,0,0,2500,0,0,2500,0,2500,0
20230101T000007.600000,3,536,6139.85,-199.462,874.088,0,0,0,2500,0,0,2500,0,2500,0
20230101T000007.600000,3,537,5895.59,1998.96,1175.38,0,0,0,2500,0,0,2500,0,2500,0
20230101T000007.600000,3,538,5138.74,3308.51,-380.475,0,0,0,2500,0,0,2500,0,2500,0
20230101T000007.600000,3,539,4689.92,1732.75,14.1886,0,0,0,2500,0,0,2500,0,2500,0
20230101T000007.700000,6,609,6083.69,-5327.07,1587.57,0,0,0,47721.7,49824,-15444.2,60994.8,13523.4,104625,2.45374e+14
20230101T000007.700000,6,610,689.079,-121.069,-22.8842,0,0,0,86.2823,122.443,23.1708,761.668,-4.07104,783.249,4.0257e+24
20230101T000007.700000,6,611,5102.15,-1403.34,-118.364,0,0,0,3231.31,11434,964.875,41657.1,-265.389,44802.1,5.19241e+14
20230101T000007.700000,6,612,688.85,-122.266,-23.2603,0,0,0,86.7344,123.607,23.5438,761.201,-4.17886,783.211,3.97511e+24
20230101T000007.700000,6,613,6931.22,350.027,-442.049,0,0,0,571.466,-3862.82,4898.25,76867.9,247.362,77063.2,3.50165e+14
20230101T000007.700000,6,614,6994.36,-334.961,-91.7604,0,0,0,256.802,3744.84,1026.05,78273.8,-49.1378,78453.2,3.64753e+14
20230101T000007.700000,6,615,9584.4,-1199.99,-1772.14,0,0,0,7312.17,17774.9,27164.6,147056,-3401.09,149283,9.41457e+14
20230101T000007.700000,6,616,7749.98,8647.82,-606.662,0,0,0,119946,-106908,7520.37,96461.4,8391.61,215755,1.73118e+14
20230101T000007.700000,6,617,3173.91,3038.29,-174.926,0,0,0,14828.8,-15372.8,886.482,16171.9,848.603,30888,9.92966e+13
20230101T000007.700000,6,618,6990.96,7972.73,-1548.71,0,0,0,103398,-87245.9,17317.1,80402.6,19749,179902,1.05558e+14
20230101T000007.700000,6,619,4093.44,2802.79,741.089,0,0,0,13209.9,-17918.1,-4846.05,27110.5,-3318.1,39380.4,1.84034e+14
20230101T000007.700000,3,540,6083.69,-5327.07,1587.57,0,0,0,2500,0,0,2500,0,2500,0
20230101T000007.700000,3,541,689.079,-121.069,-22.8842,0,0,0,2500,0,0,2500,0,2500,0
20230101T000007.700000,3,542,5102.15,-1403.34,-118.364,0,0,0,2500,0,0,2500,0,2500,0
20230101T000007.700000,3,543,688.85,-122.266,-23.2603,0,0,0,2500,0,0,2500,0,2500,0
20230101T000007.700000,3,544,6931.22,350.027,-442.049,0,0,0,2500,0,0,2500,0,2500,0
20230101T000007.700000,3,545,6994.36,-334.961,-91.7604,0,0,0,2500,0,0,2500,0,2500,0
20230101T000007.700000,3,546,9584.4,-1199.99,-1772.14,0,0,0,2500,0,0,2500,0,2500,0
20230101T000007.700000,3,547,7749.98,8647.82,-606.662,0,0,0,2500,0,0,2500,0,2500,0
20230101T000007.700000,3,548,3173.91,3038.29,-174.926,0,0,0,2500,0,0,2500,0,2500,0
20230101T000007.700000,3,549,6990.96,7972.73,-1548.71,0,0,0,2500,0,0,2500,0,2500,0
20230101T000007.700000,3,550,4093.44,2802.79,741.089,0,0,0,2500,0,0,2500,0,2500,0
20230101T000007.800000,6,620,3207.86,-5069.01,1055.7,0,0,0,41639.5,25183.3,-5412.64,17782.2,8552.96,57578.4,2.00125e+14
20230101T000007.800000,6,621,4511.46,-4359,883.88,0,0,0,31080.3,30808.7,-6373.79,33199.1,6158.38,62967.9,1.26657e+14
20230101T000007.800000,6,622,4412.26,-4747.43,89.2239,0,0,0,36096.4,33476.7,-629.287,31190,677.089,67209.7,1.36781e+14
20230101T000007.800000,6,623,3542.89,-1215.88,-19.5515,0,0,0,2423.18,6872.53,110.515,20090.2,-37.9273,22448.7,1.70021e+14
20230101T000007.800000,6,624,4112.43,-1770.22,-111.896,0,0,0,5084.75,11617.4,734.798,27072.5,-316.298,32073.3,1.48994e+14
20230101T000007.800000,6,625,657.696,-238.493,-22.3601,0,0,0,148.218,230.223,21.6088,699.626,-7.83575,783.175,1.226e+23
20230101T000007.800000,6,626,3253.45,75.5292,-353.633,0,0,0,272.328,-387.059,1833.97,16936,42.5758,16945.8,2.25866e+14
20230101T000007.800000,6,627,9864.89,-1101.82,697.983,0,0,0,2775.19,17297.9,-11012.4,155716,1229.98,157648,1.76905e+14
20230101T000007.800000,6,628,8465.47,-189.367,-137.797,0,0,0,151.692,2562.82,1865.38,114663,-41.7274,114720,9.68554e+13
20230101T000007.800000,6,629,4764.96,-817.165,-582.705,0,0,0,1657.44,6129,4435.01,36345.1,-760.58,37397.1,1.76778e+14
20230101T000007.800000,6,630,4040.23,1544.92,-444.935,0,0,0,4150.44,-9860.14,2870.14,26166.1,1097.5,29937.1,1.40036e+14
20230101T000007.800000,6,631,12146.7,2782.88,-583.421,0,0,0,12969.2,-53952,11335.7,236098,2597.07,248459,2.99792e+14
20230101T000007.800000,6,632,1145.46,1036.82,-81.5689,0,0,0,1760.92,-1863.17,146.997,2132.87,133.054,3819.5,2.04043e+14
20230101T000007.800000,6,633,5415.48,4640.57,145.356,0,0,0,34512.2,-40161.1,-1258.48,46965.3,-1078.4,81379.7,9.89015e+13
20230101T000007.800000,4,520,3264.75,-164.463,-204.465,-17.1718,11.4566,-5.46678,78.3323,141.507,126.807,2354.09,-7.85465,2356.78,0
20230101T000007.800000,4,543,672.76,-212.806,-22.573,-1.59305,-8.96436,0.06805,79.3413,92.0132,17.5215,581.415,-3.10993,597.659,0
20230101T000007.800000,3,551,3207.86,-5069.01,1055.7,0,0,0,2500,0,0,2500,0,2500,0
20230101T000007.800000,3,552,4511.46,-4359,883.88,0,0,0,2500,0,0,2500,0,2500,0
20230101T000007.800000,3,553,4412.26,-4747.43,89.2239,0,0,0,2500,0,0,2500,0,2500,0
20230101T000007.800000,3,554,3542.89,-1215.88,-19.5515,0,0,0,2500,0,0,2500,0,2500,0
20230101T000007.800000,3,555,4112.43,-1770.22,-111.896,0,0,0,2500,0,0,2500,0,2500,0
20230101T000007.800000,3,556,9864.89,-1101.82,697.983,0,0,0,2500,0,0,2500,0,2500,0
20230101T000007.800000,3,557,8465.47,-189.367,-137.797,0,0,0,2500,0,0,2500,0,2500,0
20230101T000007.800000,3,558,4764.96,-817.165,-582.705,0,0,0,2500,0,0,2500,0,2500,0
20230101T000007.800000,3,559,4040.23,1544.92,-444.935,0,0,0,2500,0,0,2500,0,2500,0
20230101T000007.800000,3,560,12146.7,2782.88,-583.421,0,0,0,2500,0,0,2500,0,2500,0
20230101T000007.800000,3,561,1145.46,1036.82,-81.5689,0,0,0,2500,0,0,2500,0,2500,0
20230101T000007.800000,3,562,5415.48,4640.57,145.355,0,0,0,2500,0,0,2500,0,2500,0
20230101T000007.900000,6,634,3160.03,-4061.48,713.466,0,0,0,26723.8,20109.9,-3601.97,16523.7,4629.5,42371.4,1.3659e+14
20230101T000007.900000,6,635,1892.12,-653.761,-72.0898,0,0,0,748.374,1956.89,216.069,5735.89,-74.6555,6412.12,4.54549e+14
20230101T000007.900000,6,636,4321.05,-1212.87,456.726,0,0,0,2721.77,8282.04,-3151.45,29903.3,884.573,32228.7,2.847e+14
20230101T000007.900000,6,637,7670.71,-3721.55,-644.423,0,0,0,22749.3,45389.2,7904.76,94282.3,-3835.11,116304,1.74813e+14
20230101T000007.900000,6,638,605.826,-349.811,-23.4582,0,0,0,244.392,311.015,20.8821,603.445,-12.0576,783.101,5.41099e+22
20230101T000007.900000,6,639,7404.06,-2785.57,-1274.32,0,0,0,14745.7,32122.4,15086.8,88042.2,-5675.98,100129,1.55013e+14
20230101T000007.900000,6,640,8475.45,-4472.81,-1320.85,0,0,0,34242.2,59476.4,17904,115555,-9448.64,146944,2.2811e+14
20230101T000007.900000,6,641,5952.96,-1575.97,420.642,0,0,0,4297.96,14924.9,-4002.3,56723.2,1059.55,60674.6,1.04309e+14
20230101T000007.900000,6,642,3356.88,162.87,424.168,0,0,0,392.485,-857.794,-2270.26,18030.6,-110.15,18073.2,1.43879e+14
20230101T000007.900000,6,643,6309.58,3671.31,-426.655,0,0,0,21830.9,-36908.7,4304,63787,2504.34,85263.1,9.04411e+13
20230101T000007.900000,6,644,8600.02,5052.95,-1216.01,0,0,0,42657.4,-68467.9,16725.8,118960,9827.23,159189,1.51333e+14
20230101T000007.900000,6,645,4096.25,3773.27,-77.1242,0,0,0,22819.9,-24693.4,504.82,26880.5,465.017,49626.9,1.05669e+14
20230101T000007.900000,6,646,4744.41,3943.49,194.629,0,0,0,24955.5,-29874,-1475.89,36065.9,-1226.74,60896.9,1.00865e+14
20230101T000007.900000,3,563,3160.03,-4061.48,713.466,0,0,0,2500,0,0,2500,0,2500,0
20230101T000007.900000,3,564,1892.12,-653.761,-72.0898,0,0,0,2500,0,0,2500,0,2500,0
20230101T000007.900000,3,565,4321.05,-1212.87,456.726,0,0,0,2500,0,0,2500,0,2500,0
20230101T000007.900000,3,566,7670.71,-3721.55,-644.423,0,0,0,2500,0,0,2500,0,2500,0
20230101T000007.900000,3,567,605.826,-349.811,-23.4582,0,0,0,2500,0,0,2500,0,2500,0
20230101T000007.900000,3,568,7404.06,-2785.57,-1274.32,0,0,0,2500,0,0,2500,0,2500,0
20230101T000007.900000,3,569,8475.45,-4472.81,-1320.85,0,0,0,2500,0,0,2500,0,2500,0
20230101T000007.900000,3,570,5952.96,-1575.97,420.642,0,0,0,2500,0,0,2500,0,2500,0
20230101T000007.900000,3,571,3356.88,162.87,424.168,0,0,0,2500,0,0,2500,0,2500,0
20230101T000007.900000,3,572,6309.58,3671.31,-426.655,0,0,0,2500,0,0,2500,0,2500,0
20230101T000007.900000,3,573,8600.02,5052.95,-1216.01,0,0,0,2500,0,0,2500,0,2500,0
20230101T000007.900000,3,574,4096.25,3773.27,-77.1242,0,0,0,2500,0,0,2500,0,2500,0
20230101T000007.900000,3,575,4744.41,3943.49,194.629,0,0,0,2500,0,0,2500,0,2500,0
20230101T000008,6,647,1376.26,-1852.84,-310.916,0,0,0,5570.16,3975.84,679.591,3170.71,-914.927,8524.48,2.95821e+14
20230101T000008,6,648,535.363,-450.377,-23.6763,0,0,0,362.503,353.851,18.6251,485.446,-15.6685,783.198,7.31608e+22
20230101T000008,6,649,7129.41,-3714.57,942.629,0,0,0,23244.6,41763.8,-10746.1,81642.6,5598.92,103403,1.08933e+14
20230101T000008,6,650,9241.74,-2490.58,-1512.09,0,0,0,13393.6,35892.9,22349.4,136908,-6023,146582,4.29635e+14
20230101T000008,6,651,8541.65,-665.708,1175.83,0,0,0,2970.26,8921.76,-16061,116749,1251.74,117446,1.51558e+14
20230101T000008,6,652,5188.15,853.043,-846.478,0,0,0,2341.29,-6887.62,7016.74,43098.9,1153.7,44233,1.68307e+14
20230101T000008,6,653,10629.9,2011.86,2585.81,0,0,0,16862.9,-32251.6,-43964.7,181163,-8320.97,187271,2.61539e+14
20230101T000008,6,654,5479.18,2039.09,64.9859,0,0,0,6714.77,-17853,-569.044,48042.9,-211.771,54686.9,1.44397e+14
20230101T000008,4,567,558.937,-431.104,-23.625,-4.64253,-8.04882,-0.0165113,196.706,231.528,15.541,463.995,-8.97358,597.593,0
20230101T000008,3,576,1376.26,-1852.84,-310.916,0,0,0,2500,0,0,2500,0,2500,0
20230101T000008,3,577,7129.41,-3714.57,942.629,0,0,0,2500,0,0,2500,0,2500,0
20230101T000008,3,578,9241.74,-2490.58,-1512.09,0,0,0,2500,0,0,2500,0,2500,0
20230101T000008,3,579,8541.65,-665.708,1175.83,0,0,0,2500,0,0,2500,0,2500,0
20230101T000008,3,580,5188.15,853.043,-846.478,0,0,0,2500,0,0,2500,0,2500,0
20230101T000008,3,581,10629.9,2011.86,2585.81,0,0,0,2500,0,0,2500,0,2500,0
20230101T000008,3,582,5479.18,2039.09,64.9859,0,0,0,2500,0,0,2500,0,2500,0
20230101T000008.100000,6,655,5026.98,-6380.27,-574.409,0,0,0,65359.2,51030,4617.28,40797.9,-5860.27,105566,1.82402e+14
20230101T000008.100000,6,656,6323.85,-6565.48,2071.61,0,0,0,72302.6,62969.2,-20951.2,67579.1,21751.8,132958,1.06397e+14
20230101T000008.100000,6,657,8122.24,-2005.74,-282.479,0,0,0,6617.4,26021.2,3668.88,105564,-906.011,111990,1.02628e+14
20230101T000008.100000,6,658,5906.57,3241.32,-257.231,0,0,0,16940.4,-30560.6,2428.83,55859.5,1332.86,72630.1,1.75312e+14
20230101T000008.100000,6,659,448.924,528.24,96.9072,0,0,0,479.086,-341.033,-63.9237,367.625,-75.2178,770.139,6.03509e+23
20230101T000008.100000,3,583,5026.98,-6380.27,-574.409,0,0,0,2500,0,0,2500,0,2500,0
20230101T000008.100000,3,584,6323.85,-6565.48,2071.61,0,0,0,2500,0,0,2500,0,2500,0
20230101T000008.100000,3,585,8122.24,-2005.74,-282.479,0,0,0,2500,0,0,2500,0,2500,0
20230101T000008.100000,3,586,5906.57,3241.32,-257.231,0,0,0,2500,0,0,2500,0,2500,0
20230101T000008.100000,3,587,448.924,528.24,96.9072,0,0,0,2500,0,0,2500,0,2500,0
20230101T000008.200000,6,660,4356.5,-4783.62,-602.689,0,0,0,36905.2,33022.9,4197.01,30719,-4608.49,66980.1,1.00129e+14
20230101T000008.200000,6,661,9838.44,-5095.59,-494.948,0,0,0,41903.5,80026.1,7788.69,154968,-4033.97,196416,1.29122e+14
20230101T000008.200000,6,662,2683.29,471.657,-251.897,0,0,0,515.973,-1996.82,1075.68,11525,189.079,11876.5,1.7668e+14
20230101T000008.200000,6,663,7816.09,-874.225,142.98,0,0,0,1318.32,10922.2,-1786.92,97747.3,199.866,98969,1.10337e+14
20230101T000008.200000,6,664,8704.42,4105.5,137.397,0,0,0,27045.2,-57141.2,-1912.72,121244,-902.145,148195,2.82188e+14
20230101T000008.200000,6,665,1850.66,1599.6,379.864,0,0,0,4261.89,-4591.37,-1117.46,5605.33,-965.866,9575.36,2.79485e+15
20230101T000008.200000,6,666,5116.28,5964.57,1292.46,0,0,0,58081.1,-47474.7,-10573.5,43457.8,-12326.6,98805.6,3.02527e+14
20230101T000008.200000,6,667,533.806,441.537,100.293,0,0,0,358.704,-338.421,-78.6659,487.921,-65.0684,769.16,2.67638e+24
20230101T000008.200000,4,587,519.68,467.635,99.4916,7.00559,-6.0005,0.255881,372.723,-254.985,-47.5734,289.386,-55.9787,587.941,0
20230101T000008.200000,3,588,4356.5,-4783.62,-602.689,0,0,0,2500,0,0,2500,0,2500,0
20230101T000008.200000,3,589,9838.44,-5095.59,-494.948,0,0,0,2500,0,0,2500,0,2500,0
20230101T000008.200000,3,590,2683.29,471.657,-251.897,0,0,0,2500,0,0,2500,0,2500,0
20230101T000008.200000,3,591,7816.09,-874.225,142.98,0,0,0,2500,0,0,2500,0,2500,0
20230101T000008.200000,3,592,8704.42,4105.5,137.397,0,0,0,2500,0,0,2500,0,2500,0
20230101T000008.200000,3,593,1850.66,1599.6,379.864,0,0,0,2500,0,0,2500,0,2500,0
20230101T000008.200000,3,594,5116.28,5964.57,1292.46,0,0,0,2500,0,0,2500,0,2500,0
20230101T000008.300000,6,668,1217.09,-1232.77,188.735,0,0,0,2490.91,2340.52,-362.691,2431,367.363,4802.42,2.42145e+14
20230101T000008.300000,6,669,3832.01,-2408.96,-398.313,0,0,0,9512.37,14626.8,2437.41,23584.8,-1532.26,32780.3,3.2396e+14
20230101T000008.300000,6,670,2385.02,1211.78,573.753,0,0,0,2816.74,-4386.8,-2177.76,9221.97,-1106.48,11453.6,1.24011e+15
20230101T000008.300000,6,671,6184.71,4000.87,1687.04,0,0,0,28864.3,-37486.3,-16682.5,62562.4,-10791.8,86815.3,3.58501e+14
20230101T000008.300000,6,672,6837.9,4300.5,22.4439,0,0,0,29637.3,-47021,-245.4,74829.4,-154.337,104402,3.28434e+14
20230101T000008.300000,6,673,600.612,345.177,100.362,0,0,0,249.871,-297.665,-88.5719,596.741,-50.903,769.127,2.18136e+24
20230101T000008.300000,3,595,1217.09,-1232.77,188.735,0,0,0,2500,0,0,2500,0,2500,0
20230101T000008.300000,3,596,3832.01,-2408.96,-398.313,0,0,0,2500,0,0,2500,0,2500,0
20230101T000008.300000,3,597,2385.02,1211.78,573.753,0,0,0,2500,0,0,2500,0,2500,0
20230101T000008.300000,3,598,6184.71,4000.87,1687.04,0,0,0,2500,0,0,2500,0,2500,0
20230101T000008.300000,3,599,6837.9,4300.5,22.4439,0,0,0,2500,0,0,2500,0,2500,0
20230101T000008.300000,3,600,600.612,345.177,100.362,0,0,0,2500,0,0,2500,0,2500,0
20230101T000008.400000,6,674,5439.37,-6508.44,-2062.51,0,0,0,70599.4,53264.1,17940.6,51381.8,-21466.7,115118,9.51801e+13
20230101T000008.400000,6,675,6039.72,-3893.9,420.015,0,0,0,24504.4,37471.3,-4055.7,58466.7,2614.77,82625.2,9.75157e+13
20230101T000008.400000,6,676,4526.41,-2985.94,-85.1793,0,0,0,14318,21590.2,616.052,32804.3,-406.391,47046.8,1.21036e+14
20230101T000008.400000,6,677,5711.38,1031.87,345.124,0,0,0,1949.93,-9384.98,-3150.08,52199.8,-569.125,53895.6,2.9119e+14
20230101T000008.400000,6,678,6470.8,3339.41,1373.69,0,0,0,20275.8,-33318.2,-14211.9,67642,-7334.39,84838.9,3.05621e+14
20230101T000008.400000,6,679,6633.9,3992.18,1720.16,0,0,0,29020.5,-40255.5,-18246.6,71688.8,-10980.5,95916.9,3.88294e+14
20230101T000008.400000,6,680,651.699,235.688,98.4064,0,0,0,158.059,-220.737,-94.2329,688.588,-34.0795,769.683,2.72714e+24
20230101T000008.400000,6,681,5440.27,1495.3,1103.64,0,0,0,5446.71,-12501.9,-9594.91,47495.7,-2637.23,50934.3,4.12097e+14
20230101T000008.400000,6,682,3303.92,3235.41,-94.0566,0,0,0,16788.5,-17064.2,496.279,17503.7,485.989,34214.1,3.09776e+14
20230101T000008.400000,4,600,647.008,264.868,98.8697,4.59363,-7.95138,-0.147736,201.384,-222.637,-65.9173,460.824,-37.8832,587.19,0
20230101T000008.400000,3,601,5439.37,-6508.44,-2062.51,0,0,0,2500,0,0,2500,0,2500,0
20230101T000008.400000,3,602,6039.72,-3893.9,420.015,0,0,0,2500,0,0,2500,0,2500,0
20230101T000008.400000,3,603,4526.41,-2985.94,-85.1794,0,0,0,2500,0,0,2500,0,2500,0
20230101T000008.400000,3,604,5711.38,1031.87,345.124,0,0,0,2500,0,0,2500,0,2500,0
20230101T000008.400000,3,605,6470.8,3339.41,1373.69,0,0,0,2500,0,0,2500,0,2500,0
20230101T000008.400000,3,606,6633.9,3992.18,1720.16,0,0,0,2500,0,0,2500,0,2500,0
20230101T000008.400000,3,607,5440.27,1495.3,1103.64,0,0,0,2500,0,0,2500,0,2500,0
20230101T000008.400000,3,608,3303.92,3235.41,-94.0566,0,0,0,2500,0,0,2500,0,2500,0
20230101T000008.500000,6,683,2096.38,-2899.82,710.356,0,0,0,13752.6,9314.02,-2375.52,7602.36,3285.94,20488.4,2.03495e+14
20230101T000008.500000,6,684,2828.54,-3387.93,-17.6802,0,0,0,18391.4,15300.9,79.8501,12839,-95.6419,31165.9,1.66341e+14
20230101T000008.500000,6,685,2855.17,-615.093,-251.454,0,0,0,762.734,2776,1143.36,13050.5,-246.317,13649,1.89512e+14
20230101T000008.500000,6,686,682.483,119.055,100.085,0,0,0,99.0726,-116.679,-100.368,747.578,-17.5086,769.24,7.2277e+23
20230101T000008.500000,6,687,3113.46,717.303,291.99,0,0,0,1013.05,-3529.55,-1448.91,15519.9,-333.81,16333.6,3.77171e+14
20230101T000008.500000,3,609,2096.38,-2899.82,710.356,0,0,0,2500,0,0,2500,0,2500,0
20230101T000008.500000,3,610,2828.54,-3387.93,-17.6802,0,0,0,2500,0,0,2500,0,2500,0
20230101T000008.500000,3,611,2855.17,-615.093,-251.454,0,0,0,2500,0,0,2500,0,2500,0
20230101T000008.500000,3,612,682.483,119.055,100.085,0,0,0,2500,0,0,2500,0,2500,0
20230101T000008.500000,3,613,3113.46,717.303,291.99,0,0,0,2500,0,0,2500,0,2500,0
20230101T000008.600000,6,688,1652.06,-1070.57,-88.7272,0,0,0,1887.64,2794.92,232.116,4389.48,-150.416,6200.78,1.47537e+14
20230101T000008.600000,6,689,2805.35,-2349.75,-799.72,0,0,0,9471.39,10013.2,3579.36,13039.1,-2998.06,21429,1.44244e+14
20230101T000008.600000,6,690,7457.99,-2695.99,1536.77,0,0,0,15025.9,30942.8,-18326.8,89438.5,6624.93,100626,1.90347e+14
20230101T000008.600000,6,691,7802.74,-2217.5,802.852,0,0,0,8880.55,27396.2,-10017.1,97494.1,2846.8,105281,6.36773e+14
20230101T000008.600000,6,692,4950.38,-1041.01,252.452,0,0,0,1892.71,8212.02,-1996.46,39217,419.832,40944,1.37159e+14
20230101T000008.600000,6,693,693.266,0.112729,96.8299,0,0,0,77.777,-0.112395,-98.6383,768.989,-0.0160391,770.214,9.71904e+23
20230101T000008.600000,6,694,4753.08,1190.66,584.228,0,0,0,2841.53,-8911.32,-4435.72,36182.9,-1111.16,38416.1,1.48837e+14
20230101T000008.600000,6,695,1775.87,2675.64,-634.75,0,0,0,11670.5,-7277.16,1796.84,5536.23,2707.24,16502.9,2.38575e+14
20230101T000008.600000,6,696,6258.65,4789.95,729.93,0,0,0,37287.4,-47523.7,-7304.73,63011.4,-5590.55,99383.4,1.55166e+14
20230101T000008.600000,4,612,698.602,28.823,97.6023,1.59594,-8.9339,-0.245775,88.5949,-87.2658,-74.6953,573.622,-13.0302,587.269,0
20230101T000008.600000,3,614,1652.06,-1070.57,-88.7272,0,0,0,2500,0,0,2500,0,2500,0
20230101T000008.600000,3,615,2805.35,-2349.75,-799.72,0,0,0,2500,0,0,2500,0,2500,0
20230101T000008.600000,3,616,7457.99,-2695.99,1536.77,0,0,0,2500,0,0,2500,0,2500,0
20230101T000008.600000,3,617,7802.74,-2217.5,802.852,0,0,0,2500,0,0,2500,0,2500,0
20230101T000008.600000,3,618,4950.38,-1041.01,252.452,0,0,0,2500,0,0,2500,0,2500,0
20230101T000008.600000,3,619,4753.08,1190.66,584.228,0,0,0,2500,0,0,2500,0,2500,0
20230101T000008.600000,3,620,1775.87,2675.64,-634.75,0,0,0,2500,0,0,2500,0,2500,0
20230101T000008.600000,3,621,6258.65,4789.95,729.93,0,0,0,2500,0,0,2500,0,2500,0
20230101T000008.700000,6,697,2615.86,-1170.24,60.6181,0,0,0,2249.33,4871.85,-252.475,10960,112.948,13139.5,5.70217e+14
20230101T000008.700000,6,698,10258.4,-3574.25,2235.05,0,0,0,27622.6,56163.1,-36672.8,169247,12777.6,188818,7.29333e+14
20230101T000008.700000,6,699,7151.07,-2316.96,1607.36,0,0,0,12385.7,25280,-18378.5,82219.1,5954.67,90412.6,2.43118e+14
20230101T000008.700000,6,700,6870.09,-1246.11,-539.162,0,0,0,2996.36,13604.6,5921.71,75533.9,-1074.09,78001.9,2.11559e+14
20230101T000008.700000,6,701,682.997,-119.066,96.3676,0,0,0,98.0382,116.978,-96.7124,748.666,16.8597,770.272,1.10135e+24
20230101T000008.700000,6,702,9275.58,1022.82,-34.8824,0,0,0,1739,-15172.4,517.45,137659,57.059,139332,1.87908e+14
20230101T000008.700000,6,703,9858.73,4516.75,1476.36,0,0,0,35575.9,-69902.6,-23280.3,156127,-10665.8,188154,2.90107e+14
20230101T000008.700000,6,704,6998.33,9730.68,-2954.77,0,0,0,156281,-102308,33076.8,87609.2,45991,229864,2.73654e+14
20230101T000008.700000,3,622,2615.86,-1170.24,60.6181,0,0,0,2500,0,0,2500,0,2500,0
20230101T000008.700000,3,623,10258.4,-3574.25,2235.05,0,0,0,2500,0,0,2500,0,2500,0
20230101T000008.700000,3,624,7151.07,-2316.96,1607.36,0,0,0,2500,0,0,2500,0,2500,0
20230101T000008.700000,3,625,6870.09,-1246.11,-539.162,0,0,0,2500,0,0,2500,0,2500,0
20230101T000008.700000,3,626,682.997,-119.066,96.3676,0,0,0,2500,0,0,2500,0,2500,0
20230101T000008.700000,3,627,9275.58,1022.82,-34.8824,0,0,0,2500,0,0,2500,0,2500,0
20230101T000008.700000,3,628,9858.73,4516.75,1476.36,0,0,0,2500,0,0,2500,0,2500,0
20230101T000008.700000,3,629,6998.33,9730.68,-2954.77,0,0,0,2500,0,0,2500,0,2500,0
20230101T000008.800000,6,705,6349,-5489.76,1350.76,0,0,0,49926,54292,-13713.9,65771.3,11858,112717,1.53094e+14
20230101T000008.800000,6,706,3749.74,-3134.71,1128.76,0,0,0,16958,17773.9,-6761.36,23360.5,5652.36,38222.4,2.53899e+14
20230101T000008.800000,6,707,5350.86,-3531.49,-265.871,0,0,0,20077.5,30153,2274.01,45864.4,-1500.81,65765,2.411e+14
20230101T000008.800000,6,708,652.156,-235.249,96.5583,0,0,0,157.301,220.669,-92.5284,689.438,33.3773,770.257,3.90442e+23
20230101T000008.800000,6,709,8415.09,-4609.73,514.125,0,0,0,34373.8,61861,-6919.25,113414,3790.32,147302,2.76637e+14
20230101T000008.800000,6,710,7809.72,-3988.7,1825.26,0,0,0,29731.9,47656.9,-22796.3,98702.4,11642.9,123045,2.19707e+14
20230101T000008.800000,6,711,7129.18,-664.44,1010.12,0,0,0,2387.08,7422.42,-11513.3,81335,1073.04,82028,3.12118e+14
20230101T000008.800000,6,712,5672.32,1810.19,-278.636,0,0,0,5413.58,-16374.3,2525.97,51497.7,806.108,56723.3,1.14871e+14
20230101T000008.800000,6,713,7658.62,9212.5,2695.34,0,0,0,140567,-107144,-33019.4,100757,-39718.8,229642,2.61849e+14
20230101T000008.800000,6,714,7098.35,8364.21,926.678,0,0,0,112538,-94286.1,-10521.1,81454.2,-12397.4,192555,1.3806e+14
20230101T000008.800000,6,715,6767.29,8725.66,842.985,0,0,0,122270,-93897,-9124.59,74023.6,-11765.1,195094,1.07334e+14
20230101T000008.800000,4,626,667.15,-209.953,96.5136,-1.56906,-8.9988,0.0144613,87.8198,87.4584,-71.9759,574.261,12.5474,588.044,0
20230101T000008.800000,3,630,6349,-5489.76,1350.76,0,0,0,2500,0,0,2500,0,2500,0
20230101T000008.800000,3,631,3749.74,-3134.71,1128.76,0,0,0,2500,0,0,2500,0,2500,0
20230101T000008.800000,3,632,5350.86,-3531.49,-265.871,0,0,0,2500,0,0,2500,0,2500,0
20230101T000008.800000,3,633,8415.09,-4609.73,514.125,0,0,0,2500,0,0,2500,0,2500,0
20230101T000008.800000,3,634,7809.72,-3988.7,1825.27,0,0,0,2500,0,0,2500,0,2500,0
20230101T000008.800000,3,635,7129.18,-664.44,1010.12,0,0,0,2500,0,0,2500,0,2500,0
20230101T000008.800000,3,636,5672.32,1810.19,-278.636,0,0,0,2500,0,0,2500,0,2500,0
20230101T000008.800000,3,637,7658.62,9212.5,2695.34,0,0,0,2500,0,0,2500,0,2500,0
20230101T000008.800000,3,638,7098.35,8364.21,926.678,0,0,0,2500,0,0,2500,0,2500,0
20230101T000008.800000,3,639,6767.29,8725.66,842.985,0,0,0,2500,0,0,2500,0,2500,0
20230101T000008.900000,6,716,8273.88,-5508.07,-738.758,0,0,0,49191.2,72484.7,9775.89,109819,-6507.98,158074,2.29599e+14
20230101T000008.900000,6,717,6021.31,-6441.56,-861.484,0,0,0,66973.3,61434.7,8295.4,58677.5,-8874.36,124401,1.39917e+14
20230101T000008.900000,6,718,9479.25,-5976.76,577.963,0,0,0,57582.8,90378.4,-8763.06,143940,5525.2,200925,1.6538e+14
20230101T000008.900000,6,719,3923.09,-2321.03,-128.505,0,0,0,8686.4,14529.3,805.068,24648.4,-476.304,33244.5,1.70438e+14
20230101T000008.900000,6,720,600.654,-346.171,97.3313,0,0,0,250.227,298.976,-85.9054,596.685,49.5093,770.229,4.28112e+21
20230101T000008.900000,6,721,6551.76,-2180.92,-26.0781,0,0,0,7668.87,22842.7,273.143,68687.3,-90.9227,76291.1,1.02034e+14
20230101T000008.900000,6,722,8170.11,-4590.33,694.355,0,0,0,34348.5,59649,-9072.61,107001,5097.4,140515,1.56951e+14
20230101T000008.900000,6,723,2084.24,34.4362,18.2834,0,0,0,66.4097,-113.772,-60.4099,6950.52,-0.998104,6952.41,2.00189e+14
20230101T000008.900000,6,724,5681.69,75.9669,135.322,0,0,0,102.48,-689.346,-1228.65,51650.6,-16.4277,51659.9,1.46053e+14
20230101T000008.900000,6,725,3669.08,1433.22,129.911,0,0,0,3365.5,-8382.95,-760.682,21551.4,-297.139,24826.1,1.1368e+14
20230101T000008.900000,6,726,10151.1,4416.18,1086.85,0,0,0,32846.8,-71011.9,-17646.6,165182,-7677.09,196076,1.4947e+14
20230101T000008.900000,6,727,9018.45,3315.56,49.4605,0,0,0,17648.5,-47819.9,-713.382,130140,-262.269,147720,1.31859e+14
20230101T000008.900000,6,728,2221.74,1321.76,-438.103,0,0,0,3068.05,-4536.3,1548.3,7994.36,921.117,10694.9,1.47764e+14
20230101T000008.900000,6,729,1039.57,1226.95,115.925,0,0,0,2444.25,-1998.8,-189.853,1778.71,-224.073,4138.12,1.39309e+14
20230101T000008.900000,6,730,4189.94,5564.27,-264.332,0,0,0,49601.3,-37217.9,1770.59,28201,2351.36,77626.7,1.33571e+14
20230101T000008.900000,6,731,4792.33,5960.07,-318.114,0,0,0,56924.6,-45589.9,2437.54,36883.4,3031.5,93582.3,1.48641e+14
20230101T000008.900000,6,732,7590.6,4918.95,2778.34,0,0,0,47452.9,-54077.2,-33727.8,95857.5,-21856.7,130907,2.66913e+14
20230101T000008.900000,3,640,8273.88,-5508.07,-738.758,0,0,0,2500,0,0,2500,0,2500,0
20230101T000008.900000,3,641,6021.31,-6441.56,-861.484,0,0,0,2500,0,0,2500,0,2500,0
20230101T000008.900000,3,642,9479.25,-5976.76,577.963,0,0,0,2500,0,0,2500,0,2500,0
20230101T000008.900000,3,643,3923.09,-2321.03,-128.505,0,0,0,2500,0,0,2500,0,2500,0
20230101T000008.900000,3,644,600.654,-346.171,97.3313,0,0,0,2500,0,0,2500,0,2500,0
20230101T000008.900000,3,645,6551.76,-2180.92,-26.0782,0,0,0,2500,0,0,2500,0,2500,0
20230101T000008.900000,3,646,8170.11,-4590.33,694.355,0,0,0,2500,0,0,2500,0,2500,0
20230101T000008.900000,3,647,2084.24,34.4362,18.2834,0,0,0,2500,0,0,2500,0,2500,0
20230101T000008.900000,3,648,5681.69,75.9669,135.322,0,0,0,2500,0,0,2500,0,2500,0
20230101T000008.900000,3,649,3669.08,1433.22,129.911,0,0,0,2500,0,0,2500,0,2500,0
20230101T000008.900000,3,650,10151.1,4416.18,1086.85,0,0,0,2500,0,0,2500,0,2500,0
20230101T000008.900000,3,651,9018.45,3315.56,49.4605,0,0,0,2500,0,0,2500,0,2500,0
20230101T000008.900000,3,652,2221.74,1321.76,-438.103,0,0,0,2500,0,0,2500,0,2500,0
20230101T000008.900000,3,653,1039.57,1226.95,115.925,0,0,0,2500,0,0,2500,0,2500,0
20230101T000008.900000,3,654,4189.94,5564.27,-264.332,0,0,0,2500,0,0,2500,0,2500,0
20230101T000008.900000,3,655,4792.33,5960.07,-318.114,0,0,0,2500,0,0,2500,0,2500,0
20230101T000008.900000,3,656,7590.6,4918.95,2778.34,0,0,0,2500,0,0,2500,0,2500,0
20230101T000009,6,733,2614.09,-1715.65,-25.8063,0,0,0,4755.01,7145.93,107.494,10953.1,-70.5496,15643.1,2.54725e+14
20230101T000009,6,734,532.003,-443.894,99.6006,0,0,0,361.592,339.192,-77.8596,485.095,64.9646,769.406,1.92539e+23
20230101T000009,6,735,5042.4,-4866.6,-400.576,0,0,0,38060,39102.8,3229.16,40835.8,-3116.58,78575.5,2.13846e+14
20230101T000009,6,736,4506.4,-2924.61,611.641,0,0,0,14151,20784.9,-4404.04,32688.4,2858.18,46178.4,1.12703e+14
20230101T000009,6,737,5134.04,-1860.56,351.795,0,0,0,5770.03,15199.6,-2885.95,42203.8,1045.86,47712.3,1.58478e+14
20230101T000009,6,738,2313.34,-1185.1,345.138,0,0,0,2447.94,4283.6,-1270.04,8615.14,650.631,10810.7,3.3065e+14
20230101T000009,6,739,7823.51,3908.56,-31.8163,0,0,0,24495.4,-48899.6,398.056,97944.7,198.866,122375,1.0101e+14
20230101T000009,6,740,8593.25,6846.12,2025.93,0,0,0,79046.2,-90898.1,-27846,120724,-22184.5,193144,2.3442e+14
20230101T000009,6,741,64.7582,93.3584,9.33073,0,0,0,34.6416,20.1637,2.00875,49.724,2.8959,21.0838,1.30383e+14
20230101T000009,6,742,5725.17,5685.41,-387.553,0,0,0,51871.3,-51927.8,3547.92,52595.2,3523.27,104162,7.91776e+13
20230101T000009,4,644,554.599,-425.45,99.0613,-4.55992,-7.84945,0.171289,201.605,223.535,-63.9286,460.64,36.8436,587.975,0
20230101T000009,3,657,2614.09,-1715.65,-25.8063,0,0,0,2500,0,0,2500,0,2500,0
20230101T000009,3,658,5042.4,-4866.6,-400.576,0,0,0,2500,0,0,2500,0,2500,0
20230101T000009,3,659,4506.4,-2924.61,611.641,0,0,0,2500,0,0,2500,0,2500,0
20230101T000009,3,660,5134.04,-1860.56,351.795,0,0,0,2500,0,0,2500,0,2500,0
20230101T000009,3,661,2313.34,-1185.1,345.138,0,0,0,2500,0,0,2500,0,2500,0
20230101T000009,3,662,7823.51,3908.56,-31.8163,0,0,0,2500,0,0,2500,0,2500,0
20230101T000009,3,663,8593.25,6846.12,2025.93,0,0,0,2500,0,0,2500,0,2500,0
20230101T000009,3,664,64.7582,93.3584,9.33073,0,0,0,2500,0,0,2500,0,2500,0
20230101T000009,3,665,5725.17,5685.41,-387.553,0,0,0,2500,0,0,2500,0,2500,0
20230101T000009.100000,6,743,6181.2,-5243.09,-1394.23,0,0,0,45828.9,50288.9,13780.6,62459.1,-11689.2,105117,1.86613e+14
20230101T000009.100000,6,744,3437.19,-3952.58,-637.131,0,0,0,25303.5,21384.4,3498.87,19308.6,-4023.51,43900.5,1.30169e+14
20230101T000009.100000,6,745,7226.11,-729.044,-104.663,0,0,0,931.1,8420.9,1209.18,83547.6,-121.994,84397.2,1.17862e+14
20230101T000009.100000,6,746,3592.14,2393.98,-363.664,0,0,0,9360.38,-13632.2,2085.68,20730.1,1390,29815.8,1.42068e+14
20230101T000009.100000,6,747,6038.18,2855.69,1227.45,0,0,0,15068.5,-26633.4,-11848.3,58787.3,-5603.5,71385.3,1.59496e+14
20230101T000009.100000,6,748,562.149,674.967,-188.671,0,0,0,777.31,-548.999,161.288,575.369,193.657,1237.37,3.50004e+23
20230101T000009.100000,6,749,605.514,720.799,-192.563,0,0,0,881.244,-638.852,178.477,657.432,212.458,1420.49,2.72377e+20
20230101T000009.100000,6,750,5500.69,4195.32,222.464,0,0,0,28251.7,-36854.4,-1956.29,48464.7,-1492.05,76573.3,2.36179e+14
20230101T000009.100000,3,666,6181.2,-5243.09,-1394.23,0,0,0,2500,0,0,2500,0,2500,0
20230101T000009.100000,3,667,3437.19,-3952.58,-637.131,0,0,0,2500,0,0,2500,0,2500,0
20230101T000009.100000,3,668,7226.11,-729.044,-104.663,0,0,0,2500,0,0,2500,0,2500,0
20230101T000009.100000,3,669,3592.14,2393.98,-363.664,0,0,0,2500,0,0,2500,0,2500,0
20230101T000009.100000,3,670,6038.18,2855.69,1227.45,0,0,0,2500,0,0,2500,0,2500,0
20230101T000009.100000,3,671,562.149,674.967,-188.671,0,0,0,2500,0,0,2500,0,2500,0
20230101T000009.100000,3,672,605.514,720.799,-192.563,0,0,0,2500,0,0,2500,0,2500,0
20230101T000009.100000,3,673,5500.69,4195.32,222.464,0,0,0,2500,0,0,2500,0,2500,0
20230101T000009.200000,6,751,3960.97,-4973.06,-358.6,0,0,0,39674.7,31385.6,2270.4,25267.8,-2850.52,64673.1,6.57708e+13
20230101T000009.200000,6,752,3623.09,-1683.49,-165.899,0,0,0,4623.37,9717.83,959.299,21022,-445.743,25537.5,2.44942e+14
20230101T000009.200000,6,753,4191.88,-1512.38,-231.21,0,0,0,3791.85,10095.9,1547.61,28132.2,-558.362,31774.9,7.31607e+13
20230101T000009.200000,6,754,8675.84,1462.93,-711.073,0,0,0,4272.71,-20164.3,9865.58,120457,1663.54,123857,1.30099e+14
20230101T000009.200000,6,755,4977.2,7.34591,250.722,0,0,0,164.502,-58.2566,-1993.41,39636,-2.9421,39636.2,8.64054e+13
20230101T000009.200000,6,756,9461.69,1100.35,187.672,0,0,0,2055.96,-16644.1,-2839.86,143239,-330.263,145175,9.59183e+13
20230101T000009.200000,6,757,675.505,561.764,-187.339,0,0,0,574.311,-549.458,192.441,778.078,160.038,1237.8,3.07348e+22
20230101T000009.200000,6,758,727.61,596.623,-194.683,0,0,0,642.493,-634.749,216.826,896.122,177.792,1419.23,2.57369e+19
20230101T000009.200000,4,671,644.981,606.079,-187.782,8.20122,-6.82058,0.0879938,529.434,-359.866,104.071,397.063,124.957,819.53,0
20230101T000009.200000,4,672,690.87,648.737,-193.901,8.4511,-7.13492,-0.132425,572.617,-399.259,109.817,432.743,130.725,897.065,0
20230101T000009.200000,3,674,3960.97,-4973.06,-358.6,0,0,0,2500,0,0,2500,0,2500,0
20230101T000009.200000,3,675,3623.09,-1683.49,-165.899,0,0,0,2500,0,0,2500,0,2500,0
20230101T000009.200000,3,676,4191.88,-1512.38,-231.21,0,0,0,2500,0,0,2500,0,2500,0
20230101T000009.200000,3,677,8675.84,1462.93,-711.073,0,0,0,2500,0,0,2500,0,2500,0
20230101T000009.200000,3,678,4977.2,7.34591,250.722,0,0,0,2500,0,0,2500,0,2500,0
20230101T000009.200000,3,679,9461.69,1100.35,187.672,0,0,0,2500,0,0,2500,0,2500,0
20230101T000009.300000,6,759,4663.49,-4986.69,-1232.19,0,0,0,40949.6,35965.8,9186.47,36126,-9823.14,74586.3,1.92951e+14
20230101T000009.300000,6,760,3134.59,118.623,199.92,0,0,0,150.021,-590.11,-998.605,15721.2,-37.7905,15743.8,1.5908e+14
20230101T000009.300000,6,761,2034.35,391.161,-349.506,0,0,0,493.3,-1225.44,1127.32,6630.93,216.759,6868.32,2.93461e+14
20230101T000009.300000,6,762,2843.78,33.5976,-185.886,0,0,0,120.803,-151.465,841.626,12939.4,9.94331,12941.4,2.48052e+14
20230101T000009.300000,6,763,760.206,439.705,-189.298,0,0,0,398.133,-483.471,218.837,954.366,126.576,1236.85,5.83544e+22
20230101T000009.300000,6,764,811.334,471.476,-206.697,0,0,0,452.395,-555.828,256.696,1085.89,149.169,1411.85,4.84648e+19
20230101T000009.300000,6,765,5249.29,2703.72,526.492,0,0,0,12096.9,-22501.8,-4416.91,44194.4,-2274.99,55784.8,1.21585e+14
20230101T000009.300000,6,766,5874.54,1148.5,-299.494,0,0,0,2310.19,-10756,2811.89,55224,549.735,57327,1.0885e+14
20230101T000009.300000,6,767,5804.99,2451,135.792,0,0,0,9691.16,-22731.3,-1259.96,53930.8,-531.985,63528.5,1.89675e+14
20230101T000009.300000,6,768,2953.51,2705.71,-370.876,0,0,0,11867.6,-12644.9,1748.28,14086.5,1601.61,25671.1,1.36882e+14
20230101T000009.300000,6,769,3247.56,4853.18,-523.677,0,0,0,37840.8,-24985.4,2717.91,17221.5,4061.67,54560.5,2.05922e+14
20230101T000009.300000,6,770,6999.69,5735.85,312.345,0,0,0,52771.7,-64130.8,-3496.4,78481.4,-2865.11,131033,1.05623e+14
20230101T000009.300000,3,680,4663.49,-4986.69,-1232.19,0,0,0,2500,0,0,2500,0,2500,0
20230101T000009.300000,3,681,3134.59,118.623,199.92,0,0,0,2500,0,0,2500,0,2500,0
20230101T000009.300000,3,682,2034.35,391.161,-349.506,0,0,0,2500,0,0,2500,0,2500,0
20230101T000009.300000,3,683,2843.78,33.5976,-185.886,0,0,0,2500,0,0,2500,0,2500,0
20230101T000009.300000,3,684,760.206,439.705,-189.298,0,0,0,2500,0,0,2500,0,2500,0
20230101T000009.300000,3,685,811.334,471.476,-206.697,0,0,0,2500,0,0,2500,0,2500,0
20230101T000009.300000,3,686,5249.29,2703.72,526.492,0,0,0,2500,0,0,2500,0,2500,0
20230101T000009.300000,3,687,5874.54,1148.5,-299.494,0,0,0,2500,0,0,2500,0,2500,0
20230101T000009.300000,3,688,5804.99,2451,135.792,0,0,0,2500,0,0,2500,0,2500,0
20230101T000009.300000,3,689,2953.51,2705.71,-370.876,0,0,0,2500,0,0,2500,0,2500,0
20230101T000009.300000,3,690,3247.56,4853.18,-523.677,0,0,0,2500,0,0,2500,0,2500,0
20230101T000009.300000,3,691,6999.69,5735.85,312.345,0,0,0,2500,0,0,2500,0,2500,0
20230101T000009.400000,6,771,2393.47,-2121.7,409.775,0,0,0,7388.29,7960.53,-1563.22,9311.81,1385.72,16369.5,8.91055e+13
20230101T000009.400000,6,772,6911.56,-5081.65,264.927,0,0,0,41431.5,56111.3,-2928.1,76493.3,2152.86,117749,2.27347e+14
20230101T000009.400000,6,773,7623.48,-4544.45,107.133,0,0,0,33104,55395,-1306.1,93009.5,778.58,126031,2.18313e+14
20230101T000009.400000,6,774,5427,-978.279,-657.432,0,0,0,2262.15,8362.84,5701.21,47147.5,-1027.71,48655.9,9.88227e+13
20230101T000009.400000,6,775,826.846,297.424,-187.008,0,0,0,245.295,-356.156,235.142,1107.3,84.5828,1238.19,6.79619e+22
20230101T000009.400000,6,776,886.172,313.724,-198.88,0,0,0,268.149,-405.641,269.771,1270.35,95.5046,1416.7,5.59496e+19
20230101T000009.400000,6,777,7337.64,5463.56,-988.725,0,0,0,48807.8,-63364,11602.4,86726.1,8639.05,133907,1.73343e+14
20230101T000009.400000,4,684,813.394,348.423,-187.784,5.26613,-9.03784,0.149857,280.911,-316.962,141.21,645.576,81.676,819.225,0
20230101T000009.400000,4,685,868.61,375.075,-201.77,5.67085,-9.54467,0.487813,305.027,-348.248,157.945,701.935,91.7837,891.749,0
20230101T000009.400000,3,692,2393.47,-2121.7,409.775,0,0,0,2500,0,0,2500,0,2500,0
20230101T000009.400000,3,693,6911.56,-5081.65,264.927,0,0,0,2500,0,0,2500,0,2500,0
20230101T000009.400000,3,694,7623.48,-4544.45,107.133,0,0,0,2500,0,0,2500,0,2500,0
20230101T000009.400000,3,695,5427,-978.279,-657.432,0,0,0,2500,0,0,2500,0,2500,0
20230101T000009.400000,3,696,7337.64,5463.56,-988.725,0,0,0,2500,0,0,2500,0,2500,0
20230101T000009.500000,6,778,6164.4,-8097.79,-1014.84,0,0,0,105546,79044,10005.6,61883,-13143.7,165719,8.66428e+13
20230101T000009.500000,6,779,6180.41,-3988.43,288.475,0,0,0,25591.3,39350.4,-2850.52,61173.8,1839.54,86568.1,7.98459e+13
20230101T000009.500000,6,780,3963.81,-3772.37,423.956,0,0,0,22953.5,23749.3,-2685.2,25305.7,2555.51,47908.4,1.17149e+14
20230101T000009.500000,6,781,3828,-4900.15,1124.41,0,0,0,39208.4,29001,-6879.87,24740.4,8806.79,61866,9.90391e+13
20230101T000009.500000,6,782,6589.74,-3230.41,-1238.35,0,0,0,18725.3,33065.8,13047.2,69966.9,-6395.96,86178.1,1.65842e+14
20230101T000009.500000,6,783,6128.86,-1818.26,-310.008,0,0,0,5489.7,17770.8,3037.02,60118.2,-900.998,65390.4,1.50192e+14
20230101T000009.500000,6,784,4338.67,-163.191,-957.522,0,0,0,1568.44,1075.46,6633.55,30120.7,-249.508,30164.1,1.97699e+14
20230101T000009.500000,6,785,864.834,152.549,-189.704,0,0,0,152.378,-190.777,249.492,1200.28,44.0082,1236.79,7.86449e+21
20230101T000009.500000,6,786,923.681,174.555,-199.056,0,0,0,169.103,-235.229,281.437,1369.4,53.1852,1416.6,6.10615e+18
20230101T000009.500000,6,787,865.977,142.54,-192.475,0,0,0,149.672,-178.214,253.472,1203.04,41.7217,1235.31,7.30179e+21
20230101T000009.500000,6,788,928.033,157.277,-193.124,0,0,0,157.286,-213.584,274.337,1381.37,46.4927,1420.15,5.72825e+18
20230101T000009.500000,6,789,7852.36,2867.82,-435.491,0,0,0,13483,-35912.2,5468.29,98698.6,1997.11,111814,9.85276e+13
20230101T000009.500000,6,790,9165.47,7259.41,-640.592,0,0,0,84761.1,-106107,9391.39,134687,7438.34,218728,1.03803e+14
20230101T000009.500000,6,791,3399.76,4557.27,-850.539,0,0,0,33666.2,-24205,4621,19277.2,6194.31,51724.7,1.93604e+14
20230101T000009.500000,4,690,3196.46,4752.36,-529.305,-9.82681,-19.3893,-1.08237,1739.46,-1109.26,119.739,824.044,178.939,2463.33,0
20230101T000009.500000,3,697,6164.4,-8097.79,-1014.84,0,0,0,2500,0,0,2500,0,2500,0
20230101T000009.500000,3,698,6180.41,-3988.43,288.475,0,0,0,2500,0,0,2500,0,2500,0
20230101T000009.500000,3,699,3963.81,-3772.37,423.956,0,0,0,2500,0,0,2500,0,2500,0
20230101T000009.500000,3,700,3828,-4900.15,1124.41,0,0,0,2500,0,0,2500,0,2500,0
20230101T000009.500000,3,701,6589.74,-3230.41,-1238.35,0,0,0,2500,0,0,2500,0,2500,0
20230101T000009.500000,3,702,6128.86,-1818.26,-310.008,0,0,0,2500,0,0,2500,0,2500,0
20230101T000009.500000,3,703,4338.68,-163.191,-957.522,0,0,0,2500,0,0,2500,0,2500,0
20230101T000009.500000,3,704,864.834,152.549,-189.704,0,0,0,2500,0,0,2500,0,2500,0
20230101T000009.500000,3,705,923.681,174.555,-199.056,0,0,0,2500,0,0,2500,0,2500,0
20230101T000009.500000,3,706,865.977,142.54,-192.475,0,0,0,2500,0,0,2500,0,2500,0
20230101T000009.500000,3,707,928.033,157.277,-193.124,0,0,0,2500,0,0,2500,0,2500,0
20230101T000009.500000,3,708,7852.36,2867.82,-435.491,0,0,0,2500,0,0,2500,0,2500,0
20230101T000009.500000,3,709,9165.47,7259.41,-640.592,0,0,0,2500,0,0,2500,0,2500,0
20230101T000009.600000,6,792,8000.54,-1767.45,-1457.91,0,0,0,8299.92,21895.5,18651.7,102575,-4120.48,107414,1.95728e+14
20230101T000009.600000,6,793,5199.08,-2052.56,1272.83,0,0,0,9036.04,16168.1,-10575.2,43606.4,4175,49992.6,2.6042e+14
20230101T000009.600000,6,794,10637.9,855.765,-1744.51,0,0,0,6071.66,-14171.5,29682.5,181095,2387.81,182237,2.5058e+14
20230101T000009.600000,6,795,10024.6,471.763,-2358.3,0,0,0,9295.51,-7146.05,37811.3,160807,1779.43,161147,2.7708e+14
20230101T000009.600000,6,796,879.027,2.13494,-185.619,0,0,0,116.402,-2.71999,248.125,1236.3,0.602636,1239.04,7.38507e+22
20230101T000009.600000,6,797,939.646,4.3797,-200.811,0,0,0,125.753,-5.9986,288.826,1412.7,1.34622,1415.52,6.0038e+19
20230101T000009.600000,6,798,9128.7,2882.94,241.531,0,0,0,13441.1,-42062.8,-3526.25,133347,-1113.62,146631,1.14366e+14
20230101T000009.600000,6,799,2587.39,2209.07,105.275,0,0,0,7855.19,-9104.83,-434.316,10745.8,-370.81,18519.4,9.08655e+13
20230101T000009.600000,4,706,882.28,49.166,-187.938,1.61421,-9.24502,0.449222,118.009,-116.893,163.546,808.929,26.9197,818.173,0
20230101T000009.600000,4,707,943.492,60.1016,-197.978,1.53064,-9.6213,-0.480587,120.169,-133.495,168.799,885.252,28.607,896.86,0
20230101T000009.600000,3,710,8000.54,-1767.45,-1457.91,0,0,0,2500,0,0,2500,0,2500,0
20230101T000009.600000,3,711,5199.08,-2052.56,1272.83,0,0,0,2500,0,0,2500,0,2500,0
20230101T000009.600000,3,712,10637.9,855.765,-1744.51,0,0,0,2500,0,0,2500,0,2500,0
20230101T000009.600000,3,713,10024.6,471.763,-2358.3,0,0,0,2500,0,0,2500,0,2500,0
20230101T000009.600000,3,714,9128.7,2882.94,241.531,0,0,0,2500,0,0,2500,0,2500,0
20230101T000009.600000,3,715,2587.39,2209.07,105.275,0,0,0,2500,0,0,2500,0,2500,0
20230101T000009.700000,6,800,3005.58,-3116.93,-134.662,0,0,0,15589.2,14942.6,646.198,14501.8,-670.138,29998,9.18951e+13
20230101T000009.700000,6,801,11090.2,-4796.18,-1416.23,0,0,0,39562,83913.1,25123.4,197305,-10865.1,233596,2.15528e+14
20230101T000009.700000,6,802,10196.8,-2767.21,2062.71,0,0,0,18650,43410.2,-33641.1,166829,9129.59,178612,2.71899e+14
20230101T000009.700000,6,803,864.488,-156.182,-188.037,0,0,0,153.075,195.424,247.2,1199.47,-44.6601,1237.58,9.77216e+21
20230101T000009.700000,6,804,921.195,-175.082,-209.819,0,0,0,175.852,233.955,295.856,1362.34,-56.2304,1409.86,7.75305e+18
20230101T000009.700000,6,805,863.424,-159.581,-190.231,0,0,0,155.845,199.185,249.776,1196.73,-46.1645,1236.42,1.00596e+22
20230101T000009.700000,6,806,924.187,-166.564,-203.501,0,0,0,167.772,224.062,287.88,1370.6,-51.8841,1413.86,7.82256e+18
20230101T000009.700000,6,807,5518.09,326.552,323.976,0,0,0,401.528,-2869.45,-2856.64,48719.8,-169.052,48889.8,1.14703e+14
20230101T000009.700000,6,808,5900.58,3790.79,-1210.12,0,0,0,24694.6,-34694.8,11415.7,56409.7,7333.92,78701,1.64968e+14
20230101T000009.700000,3,716,3005.58,-3116.93,-134.662,0,0,0,2500,0,0,2500,0,2500,0
20230101T000009.700000,3,717,11090.2,-4796.18,-1416.23,0,0,0,2500,0,0,2500,0,2500,0
20230101T000009.700000,3,718,10196.8,-2767.21,2062.71,0,0,0,2500,0,0,2500,0,2500,0
20230101T000009.700000,3,719,864.488,-156.182,-188.037,0,0,0,2500,0,0,2500,0,2500,0
20230101T000009.700000,3,720,921.195,-175.082,-209.819,0,0,0,2500,0,0,2500,0,2500,0
20230101T000009.700000,3,721,863.424,-159.581,-190.231,0,0,0,2500,0,0,2500,0,2500,0
20230101T000009.700000,3,722,924.187,-166.564,-203.501,0,0,0,2500,0,0,2500,0,2500,0
20230101T000009.700000,3,723,5518.1,326.552,323.976,0,0,0,2500,0,0,2500,0,2500,0
20230101T000009.700000,3,724,5900.58,3790.79,-1210.12,0,0,0,2500,0,0,2500,0,2500,0
20230101T000009.800000,6,809,8265.01,-7222.83,97.5265,0,0,0,83515.8,95475.6,-1289.26,109331,1126.69,192767,1.2257e+14
20230101T000009.800000,6,810,10358.9,-2153.89,-1224.02,0,0,0,9781.14,35208.7,20280.1,171793,-4216.77,179115,4.47349e+14
20230101T000009.800000,6,811,825.672,-301.106,-186.543,0,0,0,248.258,360.151,234.225,1104.5,-85.4172,1238.6,3.84858e+22
20230101T000009.800000,6,812,884.952,-318.131,-197.306,0,0,0,271.377,411.105,267.267,1267.17,-96.0796,1417.66,3.23514e+19
20230101T000009.800000,6,813,7639.9,-3796.39,1602.88,0,0,0,26406.5,44743.7,-19583,94215.2,9731.12,116451,2.37133e+14
20230101T000009.800000,6,814,3104.36,101.392,-481.998,0,0,0,450.196,-489.447,2384.38,15419.8,77.8769,15437.3,1.72259e+14
20230101T000009.800000,6,815,10535.7,-1198.06,-1004.46,0,0,0,3952.89,20007.5,16926.3,177622,-1924.77,179898,4.53481e+14
20230101T000009.800000,6,816,6431.16,386.498,289.223,0,0,0,436.009,-3965.17,-2973.2,66176.4,-178.683,66414.8,1.02986e+14
20230101T000009.800000,6,817,2059.12,670.53,270.117,0,0,0,881.904,-2156.19,-882.45,6801.17,-287.361,7504.29,1.69685e+14
20230101T000009.800000,6,818,11528.3,2546.13,-1767.2,0,0,0,15196.5,-45898.5,32587.4,212877,7197.22,223016,1.91821e+14
20230101T000009.800000,6,819,8853.72,7167.51,1562.16,0,0,0,84593.8,-99594.4,-22122.8,126992,-17909.4,207620,1.86394e+14
20230101T000009.800000,6,820,5215.86,6305.54,971.714,0,0,0,64255.2,-51849.1,-8104.54,44462.8,-9797.72,107145,1.41391e+14
20230101T000009.800000,6,821,4229.27,3280.59,-484.618,0,0,0,17493.9,-21986.5,3274.79,28783.8,2540.21,45839,1.0967e+14
20230101T000009.800000,4,720,905.243,-268.459,-201.936,-1.57943,-9.24523,0.780464,131.757,146.668,182.04,875.574,-34.5986,890.525,0
20230101T000009.800000,4,721,846.07,-256.51,-187.793,-1.71827,-9.59693,0.241294,122.065,130.603,161.169,804.562,-29.7878,818.926,0
20230101T000009.800000,3,725,8265.01,-7222.83,97.5265,0,0,0,2500,0,0,2500,0,2500,0
20230101T000009.800000,3,726,10358.9,-2153.89,-1224.02,0,0,0,2500,0,0,2500,0,2500,0
20230101T000009.800000,3,727,7639.9,-3796.39,1602.88,0,0,0,2500,0,0,2500,0,2500,0
20230101T000009.800000,3,728,3104.36,101.392,-481.998,0,0,0,2500,0,0,2500,0,2500,0
20230101T000009.800000,3,729,10535.7,-1198.06,-1004.46,0,0,0,2500,0,0,2500,0,2500,0
20230101T000009.800000,3,730,6431.16,386.498,289.223,0,0,0,2500,0,0,2500,0,2500,0
20230101T000009.800000,3,731,2059.12,670.53,270.117,0,0,0,2500,0,0,2500,0,2500,0
20230101T000009.800000,3,732,11528.3,2546.13,-1767.2,0,0,0,2500,0,0,2500,0,2500,0
20230101T000009.800000,3,733,8853.72,7167.51,1562.16,0,0,0,2500,0,0,2500,0,2500,0
20230101T000009.800000,3,734,5215.86,6305.54,971.714,0,0,0,2500,0,0,2500,0,2500,0
20230101T000009.800000,3,735,4229.27,3280.59,-484.618,0,0,0,2500,0,0,2500,0,2500,0
20230101T000009.900000,6,822,7317.36,-9879.36,-667.109,0,0,0,156438,115294,7808.3,86171,-10542.2,241833,1.12963e+14
20230101T000009.900000,6,823,761.227,-438.738,-187.935,0,0,0,396.346,483.441,217.557,956.499,-125.39,1237.93,1.33478e+21
20230101T000009.900000,6,824,822.956,-448.066,-212.74,0,0,0,424.023,534.01,267.985,1114.08,-145.907,1407.97,9.59117e+17
20230101T000009.900000,6,825,2725.59,-361.857,-442.629,0,0,0,578.851,1529,1920.32,11892.6,-254.948,12097.2,3.78732e+14
20230101T000009.900000,6,826,3688.71,356.449,-545.163,0,0,0,736.478,-2052.21,3208.34,21775.5,310.03,21975.2,1.06788e+14
20230101T000009.900000,6,827,4431.46,261.418,-247.805,0,0,0,270.835,-1844.02,1753.47,31421.1,103.44,31530.1,9.96062e+13
20230101T000009.900000,6,828,7796.21,74.0974,-568.681,0,0,0,589.83,-918.763,7089.04,97249.5,67.3763,97258.5,8.11011e+13
20230101T000009.900000,6,829,2466.33,1636.14,160.76,0,0,0,4356.13,-6407.97,-631.493,9764.62,-418.925,14015.8,1.35738e+14
20230101T000009.900000,6,830,7649.43,6650.14,454.594,0,0,0,70983.6,-81196.3,-5561.66,93791.9,-4835.11,164381,8.58107e+13
20230101T000009.900000,6,831,5862.98,6554.28,763.511,0,0,0,69176.5,-60989.1,-7158.65,55552.6,-8002.72,123733,9.92374e+13
20230101T000009.900000,6,832,5690.82,4692.91,1212.74,0,0,0,36675.2,-41544.8,-11034.5,52794.5,-9099.52,87055.9,1.07137e+14
20230101T000009.900000,6,833,4729.27,3594.89,-215.738,0,0,0,20764.9,-27135.2,1630.6,35836.2,1239.48,56462.8,1.04547e+14
20230101T000009.900000,3,736,7317.36,-9879.36,-667.109,0,0,0,2500,0,0,2500,0,2500,0
20230101T000009.900000,3,737,761.227,-438.738,-187.935,0,0,0,2500,0,0,2500,0,2500,0
20230101T000009.900000,3,738,822.956,-448.066,-212.74,0,0,0,2500,0,0,2500,0,2500,0
20230101T000009.900000,3,739,2725.59,-361.857,-442.629,0,0,0,2500,0,0,2500,0,2500,0
20230101T000009.900000,3,740,3688.71,356.449,-545.163,0,0,0,2500,0,0,2500,0,2500,0
20230101T000009.900000,3,741,4431.46,261.418,-247.805,0,0,0,2500,0,0,2500,0,2500,0
20230101T000009.900000,3,742,7796.21,74.0974,-568.681,0,0,0,2500,0,0,2500,0,2500,0
20230101T000009.900000,3,743,2466.33,1636.14,160.76,0,0,0,2500,0,0,2500,0,2500,0
20230101T000009.900000,3,744,7649.43,6650.14,454.594,0,0,0,2500,0,0,2500,0,2500,0
20230101T000009.900000,3,745,5862.98,6554.28,763.511,0,0,0,2500,0,0,2500,0,2500,0
20230101T000009.900000,3,746,5690.82,4692.91,1212.74,0,0,0,2500,0,0,2500,0,2500,0
20230101T000009.900000,3,747,4729.27,3594.89,-215.738,0,0,0,2500,0,0,2500,0,2500,0
20230101T000010,6,834,8861.28,-6587.27,1044.28,0,0,0,70592,92528.8,-14801.1,126279,11002.8,195064,1.28637e+14
20230101T000010,6,835,6332.18,-8360.92,-15.0999,0,0,0,111872,84677.7,152.929,64195.4,-201.925,176003,9.71228e+13
20230101T000010,6,836,679.148,-558.197,-184.365,0,0,0,567.581,549.809,190.405,784.63,-156.496,1239.22,3.83634e+20
20230101T000010,6,837,721.439,-597.384,-214.324,0,0,0,650.668,623.584,236.677,887.391,-195.979,1406.93,3.36094e+17
20230101T000010,6,838,2538.81,-586.87,-4.36231,0,0,0,611.848,2369.87,17.6157,10316.1,-4.07204,10863.9,1.29199e+14
20230101T000010,6,839,4396.61,-1183.47,460.758,0,0,0,2616.77,8224.08,-3235.05,30955.5,870.806,33169.9,1.44548e+14
20230101T000010,6,840,4634.28,-2768.78,789.371,0,0,0,13046.7,20063.6,-5845.2,34641.3,3492.25,46629.7,1.63872e+14
20230101T000010,6,841,2551.06,-514.703,-130.964,0,0,0,511.582,2083.17,531.405,10416.2,-107.217,10836.7,1.19645e+14
20230101T000010,6,842,3930.15,790.196,492.331,0,0,0,1432.41,-4881.82,-3088.31,24731.3,-620.935,25713.8,1.99146e+14
20230101T000010,6,843,5551.77,1010.21,-306.358,0,0,0,1839.95,-8935.79,2717.92,49322.2,494.556,50948.4,9.16335e+13
20230101T000010,6,844,2431.72,1516.92,-308.541,0,0,0,3836.88,-5805.15,1194.67,9521.58,745.247,13143.6,1.78458e+14
20230101T000010,6,845,8851.57,5770.24,-265.67,0,0,0,53397.2,-81640.2,3761.22,125413,2451.89,178634,1.03339e+14
20230101T000010,6,846,7100.4,7938.86,-58.4719,0,0,0,100872,-90156,664.044,80703.7,742.458,181506,1.13219e+14
20230101T000010,6,847,6859.55,6638.73,514.929,0,0,0,70768.3,-72617.9,-5649.02,75521.5,-5467.16,145802,1.02611e+14
20230101T000010,4,737,712.803,-523.262,-185.557,-4.79446,-8.36874,0.235532,279.686,316.84,140.372,646.802,-80.9045,819.865,0
20230101T000010,4,738,767.184,-550.025,-213.74,-5.52196,-10.095,-0.0989862,287.416,334.961,164.891,720.261,-89.7765,889.362,0
20230101T000010,3,748,8861.28,-6587.27,1044.28,0,0,0,2500,0,0,2500,0,2500,0
20230101T000010,3,749,6332.18,-8360.92,-15.0999,0,0,0,2500,0,0,2500,0,2500,0
20230101T000010,3,750,2538.81,-586.87,-4.36231,0,0,0,2500,0,0,2500,0,2500,0
20230101T000010,3,751,4396.61,-1183.47,460.758,0,0,0,2500,0,0,2500,0,2500,0
20230101T000010,3,752,4634.28,-2768.78,789.371,0,0,0,2500,0,0,2500,0,2500,0
20230101T000010,3,753,2551.06,-514.704,-130.964,0,0,0,2500,0,0,2500,0,2500,0
20230101T000010,3,754,3930.15,790.196,492.331,0,0,0,2500,0,0,2500,0,2500,0
20230101T000010,3,755,5551.77,1010.21,-306.358,0,0,0,2500,0,0,2500,0,2500,0
20230101T000010,3,756,2431.72,1516.92,-308.541,0,0,0,2500,0,0,2500,0,2500,0
20230101T000010,3,757,8851.57,5770.24,-265.67,0,0,0,2500,0,0,2500,0,2500,0
20230101T000010,3,758,7100.4,7938.86,-58.4719,0,0,0,2500,0,0,2500,0,2500,0
20230101T000010,3,759,6859.55,6638.72,514.929,0,0,0,2500,0,0,2500,0,2500,0
20230101T000010.100000,6,848,6649.88,-9239.61,-44.8423,0,0,0,136616,98275.8,476.966,70797.8,-662.716,207346,1.11702e+14
20230101T000010.100000,6,849,4078.79,-4372.87,-1318.76,0,0,0,31918.2,27119.3,8597.11,28139.1,-9216.96,57216.6,9.78947e+13
20230101T000010.100000,6,850,7999.55,-2421.36,-1018.9,0,0,0,10960.2,30513.7,13033.9,102533,-3945.19,111770,1.2309e+14
20230101T000010.100000,6,851,9727.93,-1037.52,-305.849,0,0,0,1933.52,16126.2,4758.45,151415,-507.507,153135,9.33557e+13
20230101T000010.100000,6,852,2164.39,1391.19,-35.8403,0,0,0,3143.4,-4787.7,123.366,7514.64,79.2954,10592,4.52042e+14
20230101T000010.100000,6,853,7691.64,5254.79,-76.9665,0,0,0,44230.6,-64634.5,946.761,94681.6,646.81,138839,2.06749e+14
20230101T000010.100000,6,854,1763.57,2660.57,-19.9012,0,0,0,11345.5,-7477.6,55.9351,5021.19,84.3851,16302.1,6.30661e+14
20230101T000010.100000,6,855,7938.35,7747.06,-1335.43,0,0,0,97520.9,-96940.4,16956.3,102251,16547.7,196856,6.35596e+14
20230101T000010.100000,6,856,7139.72,7451.07,-1962.04,0,0,0,91807.4,-82010,22405.3,84804.3,23382.4,170393,5.2387e+14
20230101T000010.100000,6,857,6905.53,5445.03,85.7782,0,0,0,47484.1,-60124.5,-947.26,76327.2,-746.917,123736,2.0666e+14
20230101T000010.100000,6,858,578.207,687.007,-29.0048,0,0,0,782.234,-603.412,25.5034,573.13,30.3024,1290.15,6.43998e+23
20230101T000010.100000,6,859,614.423,738.021,-32.9991,0,0,0,898.361,-693.241,31.0352,642.81,37.2783,1475.58,5.39347e+20
20230101T000010.100000,6,860,4594.41,4680.65,-243.317,0,0,0,35131.4,-34328.4,1786.97,33854.6,1820.52,68827.4,1.55286e+14
20230101T000010.100000,6,861,5188.29,4098.74,-44.1886,0,0,0,26920.9,-33992.1,366.486,43095.2,289.523,69948.9,1.68968e+14
20230101T000010.100000,3,760,6649.88,-9239.61,-44.8423,0,0,0,2500,0,0,2500,0,2500,0
20230101T000010.100000,3,761,4078.79,-4372.87,-1318.76,0,0,0,2500,0,0,2500,0,2500,0
20230101T000010.100000,3,762,7999.55,-2421.36,-1018.9,0,0,0,2500,0,0,2500,0,2500,0
20230101T000010.100000,3,763,9727.93,-1037.52,-305.849,0,0,0,2500,0,0,2500,0,2500,0
20230101T000010.100000,3,764,2164.39,1391.19,-35.8403,0,0,0,2500,0,0,2500,0,2500,0
20230101T000010.100000,3,765,7691.64,5254.79,-76.9665,0,0,0,2500,0,0,2500,0,2500,0
20230101T000010.100000,3,766,1763.57,2660.57,-19.9012,0,0,0,2500,0,0,2500,0,2500,0
20230101T000010.100000,3,767,7938.35,7747.06,-1335.43,0,0,0,2500,0,0,2500,0,2500,0
20230101T000010.100000,3,768,7139.72,7451.07,-1962.04,0,0,0,2500,0,0,2500,0,2500,0
20230101T000010.100000,3,769,6905.53,5445.03,85.7782,0,0,0,2500,0,0,2500,0,2500,0
20230101T000010.100000,3,770,578.207,687.007,-29.0048,0,0,0,2500,0,0,2500,0,2500,0
20230101T000010.100000,3,771,614.423,738.021,-32.9991,0,0,0,2500,0,0,2500,0,2500,0
20230101T000010.100000,3,772,4594.41,4680.65,-243.317,0,0,0,2500,0,0,2500,0,2500,0
20230101T000010.100000,3,773,5188.29,4098.74,-44.1886,0,0,0,2500,0,0,2500,0,2500,0
20230101T000010.200000,6,862,9731.7,-6591.83,1990,0,0,0,73909.7,99668.7,-30977.1,153542,20982.5,221055,1.21088e+14
20230101T000010.200000,6,863,9283.83,-7902.46,-1162.78,0,0,0,101209,116285,17267.5,138839,-14698.2,237822,1.52688e+14
20230101T000010.200000,6,864,4893.14,-4283.98,753.368,0,0,0,29913.7,33057.9,-5892.63,38729.9,5159.04,67673.2,1.49378e+14
20230101T000010.200000,6,865,7271.58,-2957.64,-713.482,0,0,0,14749.5,34104.3,8295.68,84726,-3374.18,98598.1,9.34272e+13
20230101T000010.200000,6,866,5535.42,-2037.28,397.746,0,0,0,6919.84,17940.8,-3518.67,49063.2,1295.03,55666.5,1.98364e+14
20230101T000010.200000,6,867,8385.37,5595.69,32.2276,0,0,0,50144.1,-75044.7,-432.215,112523,-288.424,162602,3.04852e+14
20230101T000010.200000,6,868,6502.19,4032.75,220.19,0,0,0,26123.1,-41891.4,-2289.18,67684.9,-1419.78,93666.6,1.92511e+14
20230101T000010.200000,6,869,8499.27,5183.62,-1587.31,0,0,0,45975.8,-68671.4,21577.1,116690,13159.6,158574,3.12249e+14
20230101T000010.200000,6,870,8988.9,5586.89,-626.586,0,0,0,50440.4,-80041.7,9008.5,129473,5599.07,179222,3.2781e+14
20230101T000010.200000,6,871,686.337,578.931,-30.7316,0,0,0,574.491,-603.497,32.0751,780.896,27.0557,1290.03,2.90072e+23
20230101T000010.200000,6,872,738.072,614.375,-32.7435,0,0,0,642.705,-693.248,36.9921,898.467,30.7924,1475.6,2.38346e+20
20230101T000010.200000,6,873,5781.28,5001.22,393.255,0,0,0,40197.6,-46107.5,-3635.14,53610.4,-3144.66,93496.8,2.11003e+14
20230101T000010.200000,6,874,5031.29,4982.17,230.087,0,0,0,39790.3,-40032.4,-1850.74,40575.7,-1832.67,80217.4,1.41238e+14
20230101T000010.200000,4,757,8879.88,5784.78,-271.62,5.44258,2.79631,-1.14407,809.205,-1143.08,52.6298,1817.54,34.3087,2561.14,0
20230101T000010.200000,4,770,655.7,621.752,-30.1474,7.67262,-6.46091,-0.113131,526.027,-389.494,16.4563,391.054,19.5528,853.602,0
20230101T000010.200000,4,771,699.365,667.311,-32.8379,8.41012,-7.00095,0.015966,576.024,-426.737,19.096,418.714,22.9373,930.963,0
20230101T000010.200000,3,774,9731.7,-6591.83,1990,0,0,0,2500,0,0,2500,0,2500,0
20230101T000010.200000,3,775,9283.83,-7902.46,-1162.78,0,0,0,2500,0,0,2500,0,2500,0
20230101T000010.200000,3,776,4893.14,-4283.97,753.368,0,0,0,2500,0,0,2500,0,2500,0
20230101T000010.200000,3,777,7271.58,-2957.64,-713.482,0,0,0,2500,0,0,2500,0,2500,0
20230101T000010.200000,3,778,5535.42,-2037.28,397.746,0,0,0,2500,0,0,2500,0,2500,0
20230101T000010.200000,3,779,8385.37,5595.69,32.2276,0,0,0,2500,0,0,2500,0,2500,0
20230101T000010.200000,3,780,6502.19,4032.75,220.19,0,0,0,2500,0,0,2500,0,2500,0
20230101T000010.200000,3,781,8499.27,5183.62,-1587.31,0,0,0,2500,0,0,2500,0,2500,0
20230101T000010.200000,3,782,5781.28,5001.22,393.255,0,0,0,2500,0,0,2500,0,2500,0
20230101T000010.200000,3,783,5031.29,4982.17,230.087,0,0,0,2500,0,0,2500,0,2500,0
20230101T000010.300000,6,875,3451.05,-4350.21,86.9547,0,0,0,30308.3,23983.4,-479.513,19102.3,604.449,49334.5,1.36016e+14
20230101T000010.300000,6,876,3304.16,-4516.35,-661.616,0,0,0,32902.1,23512.6,3493.33,17965.3,-4774.92,50104.8,1.79223e+14
20230101T000010.300000,6,877,3006.98,-3962.29,1037.85,0,0,0,25771.9,18203.8,-4985.57,15599.6,6569.46,39589.4,1.21934e+14
20230101T000010.300000,6,878,8516.44,-5339.35,-2057.35,0,0,0,50519.4,69680.1,28023.5,117976,-17569.2,161664,2.75959e+14
20230101T000010.300000,6,879,2971.96,-1711.68,-214.641,0,0,0,4790.98,8079.81,1017.19,14166.3,-585.845,18820.1,1.71598e+14
20230101T000010.300000,6,880,10568.3,-4784.75,2366.65,0,0,0,44118.3,77516.3,-40006.9,180237,18113,215335,1.48041e+14
20230101T000010.300000,6,881,11063.3,-5199.57,-747.521,0,0,0,44041.4,91670.2,13228.5,196007,-6217.21,239091,1.12925e+14
20230101T000010.300000,6,882,8610.91,-1750.94,-358.599,0,0,0,5164.18,24070.8,4938.02,118647,-1004.09,123542,1.48116e+14
20230101T000010.300000,6,883,3602.06,460.478,-490.477,0,0,0,779.826,-2597.55,2818.34,20766.9,360.29,21100.1,3.28164e+14
20230101T000010.300000,6,884,6185.12,-111.333,-917.697,0,0,0,1429.47,1076.4,9072.42,61209.6,-163.305,61230.3,1.35046e+14
20230101T000010.300000,6,885,7907.61,-144.738,-309.55,0,0,0,250.662,1827.28,3913.97,100049,-71.6402,100082,1.07526e+14
20230101T000010.300000,6,886,1915.74,1198.89,-131.064,0,0,0,2365.31,-3633.77,398.6,5897.81,249.446,8172.06,2.02762e+15
20230101T000010.300000,6,887,778.715,446.927,-31.4404,0,0,0,368.863,-528.567,37.2316,986.466,21.3683,1289.9,4.1707e+23
20230101T000010.300000,6,888,832.154,478.991,-36.9258,0,0,0,416.732,-609.178,47.0347,1124.42,27.0733,1475.16,3.46851e+20
20230101T000010.300000,6,889,3757.55,5658.26,-807.47,0,0,0,51564.1,-33508.1,4850.43,23358.5,7303.96,73817.1,2.64462e+14
20230101T000010.300000,6,890,7192.34,6266.28,-628.61,0,0,0,63221.7,-71766.1,7230.72,83068,6299.72,145594,2.02858e+14
20230101T000010.300000,3,784,3451.05,-4350.21,86.9547,0,0,0,2500,0,0,2500,0,2500,0
20230101T000010.300000,3,785,3304.16,-4516.35,-661.616,0,0,0,2500,0,0,2500,0,2500,0
20230101T000010.300000,3,786,3006.99,-3962.29,1037.85,0,0,0,2500,0,0,2500,0,2500,0
20230101T000010.300000,3,787,8516.44,-5339.35,-2057.35,0,0,0,2500,0,0,2500,0,2500,0
20230101T000010.300000,3,788,2971.96,-1711.68,-214.641,0,0,0,2500,0,0,2500,0,2500,0
20230101T000010.300000,3,789,10568.3,-4784.75,2366.65,0,0,0,2500,0,0,2500,0,2500,0
20230101T000010.300000,3,790,11063.3,-5199.57,-747.521,0,0,0,2500,0,0,2500,0,2500,0
20230101T000010.300000,3,791,8610.91,-1750.94,-358.599,0,0,0,2500,0,0,2500,0,2500,0
20230101T000010.300000,3,792,3602.06,460.478,-490.477,0,0,0,2500,0,0,2500,0,2500,0
20230101T000010.300000,3,793,6185.12,-111.333,-917.697,0,0,0,2500,0,0,2500,0,2500,0
20230101T000010.300000,3,794,7907.61,-144.738,-309.55,0,0,0,2500,0,0,2500,0,2500,0
20230101T000010.300000,3,795,1915.74,1198.89,-131.064,0,0,0,2500,0,0,2500,0,2500,0
20230101T000010.300000,3,796,778.715,446.927,-31.4404,0,0,0,2500,0,0,2500,0,2500,0
20230101T000010.300000,3,797,832.154,478.991,-36.9258,0,0,0,2500,0,0,2500,0,2500,0
20230101T000010.300000,3,798,3757.55,5658.26,-807.47,0,0,0,2500,0,0,2500,0,2500,0
20230101T000010.300000,3,799,7192.34,6266.28,-628.61,0,0,0,2500,0,0,2500,0,2500,0
20230101T000010.400000,6,891,4328.66,-2325.27,1008.4,0,0,0,9961.34,15400.7,-6972.92,30357.8,3745.72,38633.4,1.59755e+14
20230101T000010.400000,6,892,10316.9,-414.982,581.966,0,0,0,880.25,6825.78,-9602.92,170302,386.264,170576,2.95066e+14
20230101T000010.400000,6,893,5420.89,391.347,-636.088,0,0,0,951.868,-3343.29,5509.69,47021.3,397.758,47263.6,2.53327e+14
20230101T000010.400000,6,894,8974.82,-370.084,365.137,0,0,0,495.884,5302.89,-5240.67,128876,216.104,129095,3.79193e+14
20230101T000010.400000,6,895,3102.28,750.339,45.4267,0,0,0,964.383,-3709.04,-224.597,15402.3,-54.3226,16299.4,9.92711e+14
20230101T000010.400000,6,896,10489.5,3449.98,-1340.6,0,0,0,21695.6,-57029.4,22492.2,176333,7397.67,195091,9.36855e+14
20230101T000010.400000,6,897,11245.6,2805.48,-1122.11,0,0,0,14549.4,-49991,20184.2,202464,5035.42,214936,1.56581e+15
20230101T000010.400000,6,898,843.393,307.916,-31.6317,0,0,0,209.514,-394.402,40.5693,1145.8,14.8115,1289.88,5.55445e+23
20230101T000010.400000,6,899,902.018,329.521,-32.497,0,0,0,231.625,-454.426,44.8687,1309.54,16.3912,1475.63,4.54469e+20
20230101T000010.400000,6,900,6359.91,4510.46,1157.48,0,0,0,34018.7,-44856.7,-11770.8,65455.9,-8347.88,97269.8,2.06553e+14
20230101T000010.400000,6,901,3902.68,2876.57,219.479,0,0,0,13330.8,-17894.9,-1368.17,24419.1,-1008.44,37609.1,1.77324e+14
20230101T000010.400000,6,902,3618.8,4878.18,96.4053,0,0,0,38102.6,-28207.3,-557.59,21004,-751.636,59027.8,2.88965e+14
20230101T000010.400000,6,903,7325.65,5485.58,125.288,0,0,0,48203.6,-64253.9,-1467.8,85896.1,-1099.12,134011,1.88404e+14
20230101T000010.400000,4,796,829.286,358.799,-31.5669,5.00698,-8.72551,-0.0125255,259.216,-341.206,24.0242,657.897,13.7881,853.447,0
20230101T000010.400000,4,797,884.264,388.676,-34.1319,5.15935,-8.94204,0.276618,279.572,-375.032,28.9405,715.248,16.6582,930.703,0
20230101T000010.400000,3,800,4328.66,-2325.27,1008.4,0,0,0,2500,0,0,2500,0,2500,0
20230101T000010.400000,3,801,10316.9,-414.982,581.966,0,0,0,2500,0,0,2500,0,2500,0
20230101T000010.400000,3,802,5420.89,391.347,-636.088,0,0,0,2500,0,0,2500,0,2500,0
20230101T000010.400000,3,803,8974.82,-370.084,365.137,0,0,0,2500,0,0,2500,0,2500,0
20230101T000010.400000,3,804,3102.28,750.339,45.4267,0,0,0,2500,0,0,2500,0,2500,0
20230101T000010.400000,3,805,10489.5,3449.98,-1340.6,0,0,0,2500,0,0,2500,0,2500,0
20230101T000010.400000,3,806,11245.6,2805.48,-1122.11,0,0,0,2500,0,0,2500,0,2500,0
20230101T000010.400000,3,807,6359.91,4510.46,1157.48,0,0,0,2500,0,0,2500,0,2500,0
20230101T000010.400000,3,808,3902.68,2876.57,219.479,0,0,0,2500,0,0,2500,0,2500,0
20230101T000010.400000,3,809,3618.8,4878.18,96.4053,0,0,0,2500,0,0,2500,0,2500,0
20230101T000010.400000,3,810,7325.65,5485.58,125.288,0,0,0,2500,0,0,2500,0,2500,0
20230101T000010.500000,6,904,2387.24,-2796.37,-870.244,0,0,0,13047.8,10052.7,3314.66,9854.26,-3882.72,21633.2,1.30811e+14
20230101T000010.500000,6,905,6282.47,-4282.51,-532.21,0,0,0,29696.7,42807,5346.06,63315,-3644.19,92495.1,1.25516e+14
20230101T000010.500000,6,906,6412.27,-2724.08,220.57,0,0,0,11993.1,27897.1,-2261.11,65809.3,960.57,77660.6,1.03629e+14
20230101T000010.500000,6,907,883.779,158.052,-32.5301,0,0,0,103.545,-212.123,43.7194,1251.74,7.81863,1289.76,7.17066e+23
20230101T000010.500000,6,908,945.506,167.757,-33.9611,0,0,0,108.786,-242.472,49.1509,1432.38,8.72062,1475.48,5.69181e+20
20230101T000010.500000,6,909,2125.97,1591.39,285.405,0,0,0,4176.1,-5320.31,-965.375,7301.12,-722.628,11284.4,2.34015e+14
20230101T000010.500000,6,910,3435.75,2418.95,523.543,0,0,0,9697.48,-13061.4,-2871.6,19053.2,-2021.76,28250.1,2.31709e+14
20230101T000010.500000,6,911,7794.87,6096.68,-1317.93,0,0,0,61234.5,-74657.4,16430.3,98294.8,12850.8,156688,3.02766e+14
20230101T000010.500000,3,811,2387.24,-2796.37,-870.244,0,0,0,2500,0,0,2500,0,2500,0
20230101T000010.500000,3,812,6282.47,-4282.51,-532.21,0,0,0,2500,0,0,2500,0,2500,0
20230101T000010.500000,3,813,6412.27,-2724.08,220.57,0,0,0,2500,0,0,2500,0,2500,0
20230101T000010.500000,3,814,883.779,158.052,-32.5301,0,0,0,2500,0,0,2500,0,2500,0
20230101T000010.500000,3,815,945.506,167.757,-33.9611,0,0,0,2500,0,0,2500,0,2500,0
20230101T000010.500000,3,816,2125.97,1591.39,285.405,0,0,0,2500,0,0,2500,0,2500,0
20230101T000010.500000,3,817,3435.75,2418.95,523.543,0,0,0,2500,0,0,2500,0,2500,0
20230101T000010.500000,3,818,7794.87,6096.68,-1317.93,0,0,0,2500,0,0,2500,0,2500,0
20230101T000010.600000,6,912,2113.1,-1517.37,-327.905,0,0,0,3838.94,5018.81,1102.18,7224.23,-791.453,10829.1,1.7051e+14
20230101T000010.600000,6,913,9178.3,-6812.37,-241.832,0,0,0,74354.9,99966.1,3550.28,134842,-2635.11,209039,2.46156e+14
20230101T000010.600000,6,914,6708.24,-2064.04,-95.8814,0,0,0,6888.34,22131.7,1028.28,72007.7,-316.388,78817.3,2.07342e+14
20230101T000010.600000,6,915,3034.59,-573.591,192.886,0,0,0,645.437,2762.48,-932.613,14738.2,176.28,15260.6,5.69949e+14
20230101T000010.600000,6,916,9824.49,1661.8,-2157.86,0,0,0,11720.9,-24886.9,33906.8,154642,5735.28,158854,3.55522e+14
20230101T000010.600000,6,917,8370.07,508.788,-1669.73,0,0,0,4919.89,-6539.85,22349,112110,1358.52,112510,3.95245e+14
20230101T000010.600000,6,918,897.858,4.34514,-31.0055,0,0,0,65.4906,-5.92531,42.3343,1289.84,0.204875,1289.94,3.20493e+23
20230101T000010.600000,6,919,960.253,1.89195,-34.487,0,0,0,65.826,-2.77712,50.6904,1475.34,0.0998734,1475.43,2.60779e+20
20230101T000010.600000,6,920,3883.69,1468.09,1052.4,0,0,0,5051.61,-8516.6,-6525.26,24362,-2466.65,27585.3,3.07787e+14
20230101T000010.600000,6,921,1810.38,2002.89,-140.399,0,0,0,6461.4,-5754.16,404.457,5296.47,447.465,11662.7,1.04919e+14
20230101T000010.600000,6,922,2312.61,2159.11,702.553,0,0,0,7913.32,-7564.73,-2589.68,8953.29,-2417.78,16018.9,1.23533e+14
20230101T000010.600000,6,923,2582.06,3252.6,-19.637,0,0,0,16952,-13406,80.9381,10706.9,101.957,27594.3,1.43485e+14
20230101T000010.600000,6,924,5444.73,7050.5,-75.2756,0,0,0,79562.5,-61385.5,655.438,47477.8,848.741,126967,1.86069e+14
20230101T000010.600000,4,813,6465.25,-2721.98,212.148,5.24543,0.207755,-0.833929,428.77,856.748,-69.3736,2081.52,29.4715,2443.18,0
20230101T000010.600000,4,814,901.836,57.3688,-31.5216,1.78776,-9.96867,0.0998519,87.9457,-136.937,28.2108,829.169,5.04512,853.361,0
20230101T000010.600000,4,815,963.88,64.1353,-34.2929,1.81918,-10.2596,-0.0328459,89.987,-149.262,30.2426,904.77,5.3658,930.901,0
20230101T000010.600000,3,819,2113.1,-1517.37,-327.905,0,0,0,2500,0,0,2500,0,2500,0
20230101T000010.600000,3,820,9178.3,-6812.37,-241.832,0,0,0,2500,0,0,2500,0,2500,0
20230101T000010.600000,3,821,3034.59,-573.591,192.886,0,0,0,2500,0,0,2500,0,2500,0
20230101T000010.600000,3,822,9824.49,1661.8,-2157.86,0,0,0,2500,0,0,2500,0,2500,0
20230101T000010.600000,3,823,8370.07,508.788,-1669.73,0,0,0,2500,0,0,2500,0,2500,0
20230101T000010.600000,3,824,3883.69,1468.09,1052.4,0,0,0,2500,0,0,2500,0,2500,0
20230101T000010.600000,3,825,1810.38,2002.89,-140.399,0,0,0,2500,0,0,2500,0,2500,0
20230101T000010.600000,3,826,2312.61,2159.11,702.553,0,0,0,2500,0,0,2500,0,2500,0
20230101T000010.600000,3,827,2582.06,3252.6,-19.637,0,0,0,2500,0,0,2500,0,2500,0
20230101T000010.600000,3,828,5444.73,7050.5,-75.2756,0,0,0,2500,0,0,2500,0,2500,0
20230101T000010.700000,6,925,2738.63,-2287.18,-472.207,0,0,0,8617.11,9815.5,2062.73,12172.6,-1722.7,20371.2,2.97487e+14
20230101T000010.700000,6,926,5020.52,-5777.06,-100.41,0,0,0,53433.5,46366.4,806.028,40374.6,-927.488,93728,1.41885e+14
20230101T000010.700000,6,927,884.326,-155.689,-29.0109,0,0,0,102.1,209.141,39.0138,1253.21,-6.86855,1290.1,4.25136e+23
20230101T000010.700000,6,928,946.284,-162.707,-36.7505,0,0,0,106.528,235.313,53.2317,1434.62,-9.15281,1475.18,3.51292e+20
20230101T000010.700000,6,929,4986.21,-1720.63,142.404,0,0,0,4823.04,13697.3,-1134.46,39789.9,391.476,44516.6,1.76603e+14
20230101T000010.700000,6,930,884.058,-157.041,-29.9662,0,0,0,102.825,210.877,40.2864,1252.49,-7.15632,1290.02,4.1964e+23
20230101T000010.700000,6,931,944.33,-173.908,-35.6982,0,0,0,112.178,251.016,51.6005,1428.98,-9.50279,1475.29,3.46536e+20
20230101T000010.700000,6,932,8660.8,-1601.59,1223.02,0,0,0,6478.93,21754.5,-16939.1,120096,3132.44,124120,5.52872e+14
20230101T000010.700000,6,933,9695.96,-660.192,-633.348,0,0,0,1399.65,10194.1,9821.32,150422,-668.728,151116,2.24738e+14
20230101T000010.700000,6,934,7381.96,2652.72,299.572,0,0,0,11442.9,-31265.7,-3535.99,87213.2,-1270.67,98448.6,1.98843e+14
20230101T000010.700000,6,935,7252.45,2499.25,-1118.6,0,0,0,11839.5,-28365.1,12971.5,84376,4470.06,94152.2,1.53964e+14
20230101T000010.700000,6,936,8239.54,2633.07,-725.847,0,0,0,11915.5,-34449.6,9563.95,108708,3056.31,119717,1.70517e+14
20230101T000010.700000,6,937,4338.02,1844.27,-293.846,0,0,0,5613.12,-12728.1,2035.88,30140.4,865.535,35551.9,1.39996e+14
20230101T000010.700000,6,938,2058.44,1622.21,303.399,0,0,0,4340.32,-5240.45,-993.502,6860.09,-782.958,10990.8,1.5707e+14
20230101T000010.700000,6,939,3069.89,2077.19,221.273,0,0,0,7001.05,-10136.8,-1083.7,15123.3,-733.269,21982.5,1.71656e+14
20230101T000010.700000,6,940,8038.52,8924.2,93.0381,0,0,0,127461,-114741,-1196.29,103432,-1328.1,230815,4.34236e+14
20230101T000010.700000,4,816,2092.91,1582.08,286.043,-6.3576,-1.78916,0.122746,813.898,-972.51,-174.803,1385.13,-130.848,2094.16,0
20230101T000010.700000,3,829,2738.63,-2287.18,-472.207,0,0,0,2500,0,0,2500,0,2500,0
20230101T000010.700000,3,830,5020.52,-5777.06,-100.41,0,0,0,2500,0,0,2500,0,2500,0
20230101T000010.700000,3,831,884.326,-155.689,-29.0109,0,0,0,2500,0,0,2500,0,2500,0
20230101T000010.700000,3,832,946.284,-162.707,-36.7505,0,0,0,2500,0,0,2500,0,2500,0
20230101T000010.700000,3,833,4986.21,-1720.63,142.404,0,0,0,2500,0,0,2500,0,2500,0
20230101T000010.700000,3,834,884.058,-157.041,-29.9662,0,0,0,2500,0,0,2500,0,2500,0
20230101T000010.700000,3,835,944.33,-173.908,-35.6982,0,0,0,2500,0,0,2500,0,2500,0
20230101T000010.700000,3,836,8660.8,-1601.59,1223.02,0,0,0,2500,0,0,2500,0,2500,0
20230101T000010.700000,3,837,9695.96,-660.192,-633.348,0,0,0,2500,0,0,2500,0,2500,0
20230101T000010.700000,3,838,7381.96,2652.72,299.572,0,0,0,2500,0,0,2500,0,2500,0
20230101T000010.700000,3,839,7252.45,2499.25,-1118.6,0,0,0,2500,0,0,2500,0,2500,0
20230101T000010.700000,3,840,8239.54,2633.07,-725.847,0,0,0,2500,0,0,2500,0,2500,0
20230101T000010.700000,3,841,4338.02,1844.27,-293.846,0,0,0,2500,0,0,2500,0,2500,0
20230101T000010.700000,3,842,3069.89,2077.19,221.273,0,0,0,2500,0,0,2500,0,2500,0
20230101T000010.700000,3,843,8038.52,8924.2,93.0381,0,0,0,2500,0,0,2500,0,2500,0
20230101T000010.800000,6,941,2863.61,-2514.62,-498.866,0,0,0,10377.6,11292.8,2279.5,13321.2,-2001.7,23238.8,2.354e+14
20230101T000010.800000,6,942,9604.63,-6903.93,2037.98,0,0,0,80685.2,102917,-31309.7,149883,22505.8,223863,2.00367e+14
20230101T000010.800000,6,943,3295.36,-4044.4,-336.663,0,0,0,26269.3,21204.4,1772.48,17522.3,-2175.37,43546.8,1.55674e+14
20230101T000010.800000,6,944,10120.3,-3529.14,1437.22,0,0,0,22930.4,56098.3,-23264.1,164237,8112.66,183801,1.83619e+14
20230101T000010.800000,6,945,843.678,-307.374,-27.5269,0,0,0,208.684,393.965,35.3165,1146.5,-12.8667,1290.09,1.29124e+22
20230101T000010.800000,6,946,903.806,-325.23,-25.2664,0,0,0,226.768,449.611,34.9546,1314.43,-12.5782,1476.27,1.08606e+19
20230101T000010.800000,6,947,6503.56,-2612.38,-1237.16,0,0,0,13081.3,26315.1,12863.4,68022.9,-5167.01,78595.2,1.34591e+14
20230101T000010.800000,6,948,5375.73,-1022.35,8.18545,0,0,0,1734.2,8781.68,-70.3105,46239.9,13.3716,47910,1.44777e+14
20230101T000010.800000,6,949,2353.97,-371.782,-360.935,0,0,0,485.563,1358.5,1350.05,8872.49,-213.225,9088.48,1.9847e+14
20230101T000010.800000,6,950,3671.48,-361.124,815.937,0,0,0,1324.09,2011.66,-4779.68,21578.4,470.126,21779.3,2.71943e+14
20230101T000010.800000,6,951,5405.6,-832.127,175.609,0,0,0,1218.55,7180,-1516.8,46755.5,233.494,47860.8,1.35925e+14
20230101T000010.800000,6,952,3987.65,2431.3,-432.363,0,0,0,9722.28,-15351.1,2753.56,25540.4,1678.87,34900.7,1.88751e+14
20230101T000010.800000,6,953,3921.37,2501.51,-604.007,0,0,0,10471.7,-15401.7,3782.77,24790.5,2413.09,34616.6,1.78537e+14
20230101T000010.800000,6,954,5900.03,5586.15,167.317,0,0,0,49985.4,-52679.2,-1578.52,55748,-1494.55,105625,8.30326e+13
20230101T000010.800000,6,955,5605.98,4886.94,1512.54,0,0,0,40326.4,-41990.2,-13557.4,51890.3,-11818.5,88497.3,1.72153e+14
20230101T000010.800000,4,834,866.022,-258.607,-28.3518,-1.78574,-10.0561,0.159845,87.4794,136.123,25.9954,829.599,-4.61772,853.528,0
20230101T000010.800000,4,835,926.645,-271.291,-29.118,-1.75098,-9.6419,0.651499,92.0763,154.529,31.7498,902.717,-5.84707,930.787,0
20230101T000010.800000,3,844,2863.61,-2514.62,-498.866,0,0,0,2500,0,0,2500,0,2500,0
20230101T000010.800000,3,845,9604.63,-6903.93,2037.98,0,0,0,2500,0,0,2500,0,2500,0
20230101T000010.800000,3,846,3295.36,-4044.4,-336.663,0,0,0,2500,0,0,2500,0,2500,0
20230101T000010.800000,3,847,10120.3,-3529.14,1437.22,0,0,0,2500,0,0,2500,0,2500,0
20230101T000010.800000,3,848,6503.56,-2612.38,-1237.16,0,0,0,2500,0,0,2500,0,2500,0
20230101T000010.800000,3,849,5375.73,-1022.35,8.18545,0,0,0,2500,0,0,2500,0,2500,0
20230101T000010.800000,3,850,2353.97,-371.782,-360.935,0,0,0,2500,0,0,2500,0,2500,0
20230101T000010.800000,3,851,3671.48,-361.124,815.937,0,0,0,2500,0,0,2500,0,2500,0
20230101T000010.800000,3,852,5405.6,-832.127,175.609,0,0,0,2500,0,0,2500,0,2500,0
20230101T000010.800000,3,853,3987.65,2431.3,-432.363,0,0,0,2500,0,0,2500,0,2500,0
20230101T000010.800000,3,854,3921.37,2501.51,-604.006,0,0,0,2500,0,0,2500,0,2500,0
20230101T000010.800000,3,855,5900.03,5586.15,167.317,0,0,0,2500,0,0,2500,0,2500,0
20230101T000010.800000,3,856,5605.98,4886.94,1512.54,0,0,0,2500,0,0,2500,0,2500,0
20230101T000010.900000,6,956,1516.28,-1038.28,98.2128,0,0,0,1778.79,2481.96,-235.454,3703.85,161.229,5403.57,4.59785e+14
20230101T000010.900000,6,957,3429.89,-2303.59,202.777,0,0,0,8579.78,12581.7,-1110.21,18862.9,745.638,27313.2,1.00477e+14
20230101T000010.900000,6,958,3555.38,-2952.87,-428.255,0,0,0,14162.3,16622.3,2431.65,20370.9,-2019.57,34176.8,1.55274e+14
20230101T000010.900000,6,959,8605.36,-8207.23,1505.01,0,0,0,109705,111160,-20716,120240,19757.6,226258,2.01282e+14
20230101T000010.900000,6,960,4935.06,-3938.37,944.06,0,0,0,25726.6,30372,-7447.08,39546.9,5943.05,63786.3,1.03871e+14
20230101T000010.900000,6,961,778.566,-447.259,-30.3277,0,0,0,369.236,528.905,35.907,986.091,-20.6273,1290,5.59451e+21
20230101T000010.900000,6,962,834.164,-475.151,-40.9655,0,0,0,411.491,605.537,52.3064,1129.64,-29.7944,1474.67,5.09074e+18
20230101T000010.900000,6,963,5756.12,-2890.99,558.951,0,0,0,13822.5,26399.5,-5142.9,53126.1,2583,66385.7,1.07008e+14
20230101T000010.900000,6,964,8558.96,-2022.91,-1069.67,0,0,0,8341.07,27278.6,14640.9,117309,-3460.38,123758,1.48699e+14
20230101T000010.900000,6,965,10641.2,-771.813,-1002.4,0,0,0,2615.5,13020.3,17060.9,181186,-1237.44,182131,2.01973e+14
20230101T000010.900000,6,966,7740.4,-1271.47,1553.17,0,0,0,6404.91,15119.5,-19223.4,95965,3157.72,98451,1.29559e+14
20230101T000010.900000,6,967,2119.1,830.817,-133.157,0,0,0,1184.28,-2785.62,448.002,7197.22,175.644,8289.57,1.08324e+14
20230101T000010.900000,6,968,2902.11,1184.45,603.333,0,0,0,2796.84,-5274.52,-2790.51,13567.6,-1138.9,15722.6,1.19349e+14
20230101T000010.900000,6,969,4070.74,1328.2,104.34,0,0,0,2896.12,-8626.8,-678.104,26521.3,-221.251,29336.1,7.25475e+13
20230101T000010.900000,6,970,4365.94,1258.35,33.4979,0,0,0,2594.28,-8772.74,-233.547,30503.4,-67.313,33031.9,1.19542e+14
20230101T000010.900000,6,971,10090.7,5712.2,84.4126,0,0,0,52263.9,-92191.8,-1362.45,162934,-771.262,215122,1.12405e+14
20230101T000010.900000,6,972,10481.9,2492.57,-1620.22,0,0,0,13975.3,-40843.5,27163.7,176020,6459.45,185734,9.66246e+13
20230101T000010.900000,6,973,2616.72,2931.73,-301.472,0,0,0,13844.8,-12170.6,1258.93,11071.9,1410.49,24708,9.4062e+13
20230101T000010.900000,3,857,1516.28,-1038.28,98.2128,0,0,0,2500,0,0,2500,0,2500,0
20230101T000010.900000,3,858,3429.89,-2303.59,202.777,0,0,0,2500,0,0,2500,0,2500,0
20230101T000010.900000,3,859,3555.38,-2952.87,-428.255,0,0,0,2500,0,0,2500,0,2500,0
20230101T000010.900000,3,860,8605.36,-8207.23,1505.01,0,0,0,2500,0,0,2500,0,2500,0
20230101T000010.900000,3,861,4935.06,-3938.37,944.06,0,0,0,2500,0,0,2500,0,2500,0
20230101T000010.900000,3,862,778.566,-447.259,-30.3277,0,0,0,2500,0,0,2500,0,2500,0
20230101T000010.900000,3,863,834.164,-475.151,-40.9655,0,0,0,2500,0,0,2500,0,2500,0
20230101T000010.900000,3,864,5756.12,-2890.99,558.951,0,0,0,2500,0,0,2500,0,2500,0
20230101T000010.900000,3,865,8558.96,-2022.92,-1069.67,0,0,0,2500,0,0,2500,0,2500,0
20230101T000010.900000,3,866,10641.2,-771.813,-1002.4,0,0,0,2500,0,0,2500,0,2500,0
20230101T000010.900000,3,867,7740.4,-1271.47,1553.17,0,0,0,2500,0,0,2500,0,2500,0
20230101T000010.900000,3,868,2119.1,830.817,-133.157,0,0,0,2500,0,0,2500,0,2500,0
20230101T000010.900000,3,869,2902.11,1184.45,603.333,0,0,0,2500,0,0,2500,0,2500,0
20230101T000010.900000,3,870,4070.74,1328.2,104.34,0,0,0,2500,0,0,2500,0,2500,0
20230101T000010.900000,3,871,4365.94,1258.35,33.4979,0,0,0,2500,0,0,2500,0,2500,0
20230101T000010.900000,3,872,10090.7,5712.2,84.4126,0,0,0,2500,0,0,2500,0,2500,0
20230101T000010.900000,3,873,10481.9,2492.57,-1620.22,0,0,0,2500,0,0,2500,0,2500,0
20230101T000010.900000,3,874,2616.72,2931.73,-301.472,0,0,0,2500,0,0,2500,0,2500,0
20230101T000011,6,974,7209.8,-8330.75,425.951,0,0,0,111194,95925.7,-4912.02,83372.5,5675.72,194212,2.79538e+14
20230101T000011,6,975,2700.76,-2731.58,377.135,0,0,0,12082.3,11658.3,-1625.31,11817.7,1643.85,23609.7,1.20425e+14
20230101T000011,6,976,5855.79,-4432.95,-1100.13,0,0,0,32712.5,40571.4,10300,55592.6,-7797.27,86307.5,1.2369e+14
20230101T000011,6,977,5820.82,-6501.4,578.746,0,0,0,67895.8,60251.6,-5387.22,54544,6017.1,121840,1.09016e+14
20230101T000011,6,978,687.804,-577.11,-30.5573,0,0,0,571.282,602.89,31.9612,783.949,-26.8174,1289.88,7.73349e+21
20230101T000011,6,979,728.372,-625.71,-35.1981,0,0,0,664.337,696.629,39.2426,876.823,-33.7115,1475.35,6.22188e+18
20230101T000011,6,980,1489.83,-690.585,-95.6062,0,0,0,827.593,1616.25,224.53,3565.22,-104.077,4314.62,4.47907e+14
20230101T000011,6,981,5421.28,-1960.16,1310.34,0,0,0,8630.96,16104.7,-11352.9,47349.2,4104.86,53175.2,1.56929e+14
20230101T000011,6,982,8049.46,1676.39,-192.285,0,0,0,4614.48,-21565.9,2475.01,103675,515.449,108167,1.0125e+14
20230101T000011,6,983,4041.73,1540.81,583.5,0,0,0,4329.07,-9761.81,-3765.43,26214,-1435.48,29936.6,8.90333e+13
20230101T000011,6,984,10947,3993.72,-1153.14,0,0,0,27453.2,-69245,20191.5,191995,7366.35,217258,1.01768e+14
20230101T000011,6,985,7993.42,9347.36,-1654.74,0,0,0,141674,-117353,21157.8,104799,24741.5,242030,1.09866e+14
20230101T000011,6,986,3744.61,5664.82,1253.11,0,0,0,52127.2,-32755.8,-7501.53,24226.9,-11348.3,73781.8,1.09317e+14
20230101T000011,6,987,3029.92,3811.77,46.426,0,0,0,23273.4,-18446.1,-224.688,14730,-282.666,37936,9.79246e+13
20230101T000011,4,862,726.232,-538.284,-30.4792,-5.18161,-9.01241,-0.0150063,259.451,341.415,23.1695,657.638,-13.3101,853.511,0
20230101T000011,4,863,776.72,-576.314,-37.3274,-5.68752,-10.0161,0.360216,276.372,372.838,32.1842,718.544,-18.3325,930.406,0
20230101T000011,3,875,7209.8,-8330.75,425.951,0,0,0,2500,0,0,2500,0,2500,0
20230101T000011,3,876,2700.76,-2731.58,377.135,0,0,0,2500,0,0,2500,0,2500,0
20230101T000011,3,877,5855.79,-4432.95,-1100.13,0,0,0,2500,0,0,2500,0,2500,0
20230101T000011,3,878,5820.82,-6501.4,578.746,0,0,0,2500,0,0,2500,0,2500,0
20230101T000011,3,879,1489.83,-690.585,-95.6062,0,0,0,2500,0,0,2500,0,2500,0
20230101T000011,3,880,5421.28,-1960.16,1310.34,0,0,0,2500,0,0,2500,0,2500,0
20230101T000011,3,881,8049.46,1676.39,-192.285,0,0,0,2500,0,0,2500,0,2500,0
20230101T000011,3,882,4041.73,1540.81,583.5,0,0,0,2500,0,0,2500,0,2500,0
20230101T000011,3,883,10947,3993.72,-1153.14,0,0,0,2500,0,0,2500,0,2500,0
20230101T000011,3,884,7993.42,9347.36,-1654.74,0,0,0,2500,0,0,2500,0,2500,0
20230101T000011,3,885,3744.61,5664.82,1253.11,0,0,0,2500,0,0,2500,0,2500,0
20230101T000011,3,886,3029.92,3811.77,46.426,0,0,0,2500,0,0,2500,0,2500,0
20230101T000011.100000,6,988,9376.78,-8048.23,312.801,0,0,0,103765,120637,-4691.68,140772,4026.94,244317,1.06867e+14
20230101T000011.100000,6,989,8421.39,-2310.23,815.498,0,0,0,9588.08,30840.9,-10982.5,113551,3012.82,122012,5.67248e+14
20230101T000011.100000,6,990,8231.43,-3115.33,861.436,0,0,0,16622.4,40615.7,-11339.6,108567,4291.65,123939,1.39495e+14
20230101T000011.100000,6,991,3398.77,727.702,-255.837,0,0,0,1008.28,-3922.79,1386.67,18490,296.895,19330.2,1.6286e+14
20230101T000011.100000,6,992,4140.21,602.408,118.954,0,0,0,665.426,-3978.22,-786.19,27428,-114.392,28006.9,1.07333e+14
20230101T000011.100000,6,993,5514.15,1834.67,-178.513,0,0,0,5489.09,-16152.2,1573.09,48660.8,523.399,54035,1.42398e+14
20230101T000011.100000,6,994,4771.32,2095.22,-829.29,0,0,0,7998.71,-15567.1,6321.79,36612.8,2776.08,43450.3,9.63389e+13
20230101T000011.100000,6,995,4596.66,1823.82,-736.491,0,0,0,6126.02,-13094.6,5407.96,33933.4,2145.72,39130.3,1.25213e+14
20230101T000011.100000,6,996,574.817,679.044,125.053,0,0,0,774.405,-581.234,-109.312,579.801,-129.133,1267.66,6.33246e+22
20230101T000011.100000,6,997,617.383,724.323,132.184,0,0,0,877.616,-670.696,-124.916,662.419,-146.554,1450.5,5.43119e+19
20230101T000011.100000,3,887,9376.78,-8048.23,312.801,0,0,0,2500,0,0,2500,0,2500,0
20230101T000011.100000,3,888,8421.39,-2310.23,815.498,0,0,0,2500,0,0,2500,0,2500,0
20230101T000011.100000,3,889,8231.43,-3115.33,861.436,0,0,0,2500,0,0,2500,0,2500,0
20230101T000011.100000,3,890,3398.77,727.702,-255.837,0,0,0,2500,0,0,2500,0,2500,0
20230101T000011.100000,3,891,4140.21,602.408,118.954,0,0,0,2500,0,0,2500,0,2500,0
20230101T000011.100000,3,892,5514.15,1834.67,-178.513,0,0,0,2500,0,0,2500,0,2500,0
20230101T000011.100000,3,893,4771.32,2095.22,-829.29,0,0,0,2500,0,0,2500,0,2500,0
20230101T000011.100000,3,894,4596.66,1823.82,-736.491,0,0,0,2500,0,0,2500,0,2500,0
20230101T000011.100000,3,895,574.817,679.044,125.053,0,0,0,2500,0,0,2500,0,2500,0
20230101T000011.100000,3,896,617.383,724.323,132.184,0,0,0,2500,0,0,2500,0,2500,0
20230101T000011.200000,6,998,1612.19,-1542.24,22.9048,0,0,0,3839.45,3945.81,-58.6082,4189.61,56.0653,7964.23,1.16114e+14
20230101T000011.200000,6,999,1385.67,-971.281,-72.6808,0,0,0,1557.92,2119.41,158.892,3095.98,-111.375,4581.69,1.17159e+14
20230101T000011.200000,6,1000,6673.33,-5332.67,-1238.26,0,0,0,47035.3,55711.7,13214.2,72233.9,-10559.5,116755,1.47208e+14
20230101T000011.200000,6,1001,6056.6,-6388.65,-1467.45,0,0,0,66964.1,60158.2,14213.2,60539.2,-14992.5,123997,1.56073e+14
20230101T000011.200000,6,1002,5348.14,-1346.72,778.76,0,0,0,3873.36,11279.3,-6655.28,45825.8,1675.88,48667.3,1.57347e+14
20230101T000011.200000,6,1003,3207.41,226.123,-244.171,0,0,0,240.048,-1149.27,1248.23,16460.7,88.0005,16542.1,1.62679e+14
20230101T000011.200000,6,1004,4450.39,653.408,-343.811,0,0,0,930.532,-4616.34,2443.34,31694.8,358.732,32373,1.71185e+14
20230101T000011.200000,6,1005,7919.23,-893.422,-655.932,0,0,0,2019.64,11236.6,8305.97,100352,-937.053,101620,1.63144e+14
20230101T000011.200000,6,1006,7781.4,3065.77,630.421,0,0,0,15643.9,-37931,-7844.43,96974.2,-3090.61,111919,1.97329e+14
20230101T000011.200000,6,1007,6096.45,1594.2,124.769,0,0,0,4149.55,-15528.6,-1215.82,59472.4,-317.931,63533.1,1.73349e+14
20230101T000011.200000,6,1008,5899.26,5869.49,-75.9449,0,0,0,55158.3,-55364.5,716.416,55718.5,712.801,110804,1.78227e+14
20230101T000011.200000,6,1009,685.388,566.42,128.593,0,0,0,566.301,-577.373,-134.029,787.788,-110.765,1266.25,2.8133e+23
20230101T000011.200000,6,1010,731.748,606.112,143,0,0,0,644.317,-662.817,-160.171,895.509,-132.671,1445.94,2.36033e+20
20230101T000011.200000,4,895,654.949,610.76,127.395,7.93385,-6.76083,0.231936,523.793,-377.569,-70.5343,397.379,-83.3237,839.089,0
20230101T000011.200000,4,896,696.458,655.675,139.014,7.82919,-6.7968,0.676177,566.508,-415.639,-76.8611,433.148,-90.1745,915.532,0
20230101T000011.200000,3,897,1612.19,-1542.24,22.9048,0,0,0,2500,0,0,2500,0,2500,0
20230101T000011.200000,3,898,1385.67,-971.281,-72.6808,0,0,0,2500,0,0,2500,0,2500,0
20230101T000011.200000,3,899,6673.33,-5332.67,-1238.26,0,0,0,2500,0,0,2500,0,2500,0
20230101T000011.200000,3,900,6056.6,-6388.65,-1467.45,0,0,0,2500,0,0,2500,0,2500,0
20230101T000011.200000,3,901,5348.14,-1346.72,778.76,0,0,0,2500,0,0,2500,0,2500,0
20230101T000011.200000,3,902,3207.41,226.123,-244.171,0,0,0,2500,0,0,2500,0,2500,0
20230101T000011.200000,3,903,4450.39,653.408,-343.811,0,0,0,2500,0,0,2500,0,2500,0
20230101T000011.200000,3,904,7919.23,-893.422,-655.932,0,0,0,2500,0,0,2500,0,2500,0
20230101T000011.200000,3,905,7781.4,3065.77,630.421,0,0,0,2500,0,0,2500,0,2500,0
20230101T000011.200000,3,906,6096.45,1594.2,124.769,0,0,0,2500,0,0,2500,0,2500,0
20230101T000011.200000,3,907,5899.26,5869.49,-75.9449,0,0,0,2500,0,0,2500,0,2500,0
20230101T000011.300000,6,1011,3779.96,-991.441,-366.038,0,0,0,1832.66,5927.99,2208.02,22878.8,-579.14,24434.2,1.03814e+14
20230101T000011.300000,6,1012,8361.3,-2561.05,-1316.64,0,0,0,13087.3,33467.6,17605.1,112101,-5392.4,122354,1.23201e+14
20230101T000011.300000,6,1013,2465.12,461.2,27.6287,0,0,0,403.336,-1807.27,-108.28,9725.1,-20.2581,10063.2,2.31132e+14
20230101T000011.300000,6,1014,770.714,443.676,127.691,0,0,0,381.65,-508.722,-149.658,972.503,-86.1532,1266.65,2.27918e+23
20230101T000011.300000,6,1015,824.579,475.529,131.218,0,0,0,429.61,-588.275,-165.62,1110.44,-95.5118,1450.89,1.85406e+20
20230101T000011.300000,6,1016,9277.22,2985.65,-906.421,0,0,0,15511.3,-43915.8,13448.9,137836,4328.2,151970,2.12932e+14
20230101T000011.300000,6,1017,3084.84,3165.64,479.667,0,0,0,16244.2,-15409.2,-2362.72,15447.2,-2424.61,31260.7,2.5332e+14
20230101T000011.300000,6,1018,5799.54,4893.17,873.591,0,0,0,39059.2,-44772.1,-8100.73,54349.6,-6834.72,92125.4,1.41087e+14
20230101T000011.300000,3,908,3779.96,-991.441,-366.038,0,0,0,2500,0,0,2500,0,2500,0
20230101T000011.300000,3,909,8361.3,-2561.05,-1316.64,0,0,0,2500,0,0,2500,0,2500,0
20230101T000011.300000,3,910,2465.12,461.2,27.6287,0,0,0,2500,0,0,2500,0,2500,0
20230101T000011.300000,3,911,770.714,443.676,127.691,0,0,0,2500,0,0,2500,0,2500,0
20230101T000011.300000,3,912,824.579,475.529,131.218,0,0,0,2500,0,0,2500,0,2500,0
20230101T000011.300000,3,913,9277.22,2985.65,-906.421,0,0,0,2500,0,0,2500,0,2500,0
20230101T000011.300000,3,914,3084.84,3165.64,479.667,0,0,0,2500,0,0,2500,0,2500,0
20230101T000011.300000,3,915,5799.54,4893.17,873.591,0,0,0,2500,0,0,2500,0,2500,0
20230101T000011.400000,6,1019,5999.77,-5472.28,2098.43,0,0,0,51792.1,48994.2,-20132.7,60822.4,18362.7,105513,1.86799e+14
20230101T000011.400000,6,1020,6340.44,-5991.68,-314.776,0,0,0,57557.9,60672.8,3191.63,64426.8,-3016.08,121762,1.89398e+14
20230101T000011.400000,6,1021,2137.23,-952.676,156.616,0,0,0,1538.04,3219.46,-531.665,7325.48,236.991,8760.85,3.18703e+14
20230101T000011.400000,6,1022,6200.72,-2399.98,613.883,0,0,0,9795.45,23586.3,-6084.97,61605.2,2355.18,70734.8,9.0487e+13
20230101T000011.400000,6,1023,8251.66,-3398.87,768.685,0,0,0,19346.3,44518.9,-10143.6,109090,4178.18,127428,2.4412e+14
20230101T000011.400000,6,1024,10325.3,-581.058,5.79461,0,0,0,604.057,9595.74,-95.6936,170578,5.38519,171118,2.23806e+14
20230101T000011.400000,6,1025,6519,1102.75,-81.2571,0,0,0,2018.17,-11489.8,846.768,67997.8,143.239,69941.5,1.38164e+14
20230101T000011.400000,6,1026,9634.58,2795.35,72.7812,0,0,0,12569.2,-43071.8,-1121.5,148526,-325.388,161023,3.16063e+14
20230101T000011.400000,6,1027,836.465,302.232,126.621,0,0,0,224.326,-376.244,-161.063,1129.68,-58.1955,1266.9,2.8659e+23
20230101T000011.400000,6,1028,894.626,322.247,138.121,0,0,0,248.646,-431.549,-189.141,1291.27,-68.1292,1448.04,2.38169e+20
20230101T000011.400000,6,1029,5230.39,1765.24,88.5807,0,0,0,5054.45,-14749.5,-740.326,43779,-249.858,48756.9,1.68196e+14
20230101T000011.400000,6,1030,2392.45,2826.19,276.999,0,0,0,12857.6,-10726.5,-1057.25,9266.71,-1248.93,21938.2,2.85069e+14
20230101T000011.400000,6,1031,4169.9,3716.8,42.8672,0,0,0,22140.6,-24764.6,-285.636,27850.5,-254.599,49924.2,1.73692e+14
20230101T000011.400000,6,1032,7124.88,5143.35,1360.99,0,0,0,44316,-57197.1,-15507.2,82259,-11194.5,123550,2.0196e+14
20230101T000011.400000,6,1033,4360.36,4583.48,-338.145,0,0,0,33730.4,-31853.8,2356.74,30550,2477.34,64033.8,1.65343e+14
20230101T000011.400000,4,889,8333.37,-3159.77,870.102,28.0573,-12.2301,2.38516,410.387,853.819,-236.144,2343.23,89.3727,2642.21,0
20230101T000011.400000,4,911,822.658,353.535,126.98,5.14295,-8.9248,-0.0703406,268.711,-330.563,-96.5675,652.642,-55.5908,838.435,0
20230101T000011.400000,4,912,877.641,382.317,135.576,5.25362,-9.22894,0.431394,288.853,-364.523,-101.906,710.727,-58.7684,915.77,0
20230101T000011.400000,3,916,5999.77,-5472.28,2098.43,0,0,0,2500,0,0,2500,0,2500,0
20230101T000011.400000,3,917,6340.44,-5991.68,-314.776,0,0,0,2500,0,0,2500,0,2500,0
20230101T000011.400000,3,918,2137.23,-952.676,156.616,0,0,0,2500,0,0,2500,0,2500,0
20230101T000011.400000,3,919,6200.72,-2399.98,613.883,0,0,0,2500,0,0,2500,0,2500,0
20230101T000011.400000,3,920,10325.3,-581.058,5.79461,0,0,0,2500,0,0,2500,0,2500,0
20230101T000011.400000,3,921,6519,1102.75,-81.257,0,0,0,2500,0,0,2500,0,2500,0
20230101T000011.400000,3,922,9634.58,2795.35,72.7812,0,0,0,2500,0,0,2500,0,2500,0
20230101T000011.400000,3,923,5230.39,1765.24,88.5807,0,0,0,2500,0,0,2500,0,2500,0
20230101T000011.400000,3,924,2392.45,2826.19,276.999,0,0,0,2500,0,0,2500,0,2500,0
20230101T000011.400000,3,925,4169.9,3716.8,42.8672,0,0,0,2500,0,0,2500,0,2500,0
20230101T000011.400000,3,926,7124.88,5143.35,1360.99,0,0,0,2500,0,0,2500,0,2500,0
20230101T000011.400000,3,927,4360.36,4583.48,-338.145,0,0,0,2500,0,0,2500,0,2500,0
20230101T000011.500000,6,1034,7737.93,-8172.72,2352.21,0,0,0,111083,96733.6,-29113.2,100501,30749,202673,1.62339e+14
20230101T000011.500000,6,1035,3155.64,-3115.92,-989.468,0,0,0,16358.3,14918.7,4986.17,16736.3,-4923.4,31470.2,1.10413e+14
20230101T000011.500000,6,1036,4008.27,-2889.67,-647.272,0,0,0,13842.8,18184.3,4144.42,25956.7,-2987.83,39067.4,1.26378e+14
20230101T000011.500000,6,1037,10181.2,-4479.93,1478.42,0,0,0,35094.2,71665.2,-24075.7,166428,10593.8,197963,1.12696e+14
20230101T000011.500000,6,1038,3879.41,-2010.26,906.481,0,0,0,7550.64,11915.7,-5615.28,24371,2909.77,30548.2,9.21385e+13
20230101T000011.500000,6,1039,7867.12,-2788.41,-824.427,0,0,0,13462.8,34736.4,10371.5,99155.1,-3676.05,111468,2.25771e+14
20230101T000011.500000,6,1040,6561.25,-2543.23,458.668,0,0,0,10696.9,26563.9,-4811.22,68932.2,1864.9,79229,1.86039e+14
20230101T000011.500000,6,1041,9986.82,1093.29,1734.01,0,0,0,6727.76,-16942.4,-27697,159636,-3032.07,161493,3.38375e+14
20230101T000011.500000,6,1042,875.867,153.278,128.993,0,0,0,124.24,-199.637,-171.812,1230.08,-30.0673,1266.34,7.61167e+22
20230101T000011.500000,6,1043,935.285,168.167,142.266,0,0,0,137.254,-235.111,-203.672,1402.59,-36.6207,1446.26,6.77897e+19
20230101T000011.500000,6,1044,9612.16,3009.67,1576.99,0,0,0,18173.7,-45134.7,-24243.9,148191,-7591.03,162324,3.45962e+14
20230101T000011.500000,6,1045,4077.65,2514.66,-667.237,0,0,0,10679.2,-16060,4345.78,26817.2,2680.01,36722.5,1.65169e+14
20230101T000011.500000,6,1046,7469.34,7068.55,-430.275,0,0,0,80133,-84296.1,5140.25,89435.9,4864.43,169209,6.8205e+13
20230101T000011.500000,6,1047,4249.62,5910.02,-1296.66,0,0,0,56823.2,-38880,8810.06,30708.9,12252.3,84782,1.3578e+14
20230101T000011.500000,3,928,7737.93,-8172.72,2352.21,0,0,0,2500,0,0,2500,0,2500,0
20230101T000011.500000,3,929,3155.64,-3115.92,-989.468,0,0,0,2500,0,0,2500,0,2500,0
20230101T000011.500000,3,930,4008.27,-2889.67,-647.272,0,0,0,2500,0,0,2500,0,2500,0
20230101T000011.500000,3,931,10181.2,-4479.93,1478.42,0,0,0,2500,0,0,2500,0,2500,0
20230101T000011.500000,3,932,3879.41,-2010.26,906.481,0,0,0,2500,0,0,2500,0,2500,0
20230101T000011.500000,3,933,7867.12,-2788.41,-824.427,0,0,0,2500,0,0,2500,0,2500,0
20230101T000011.500000,3,934,6561.25,-2543.23,458.668,0,0,0,2500,0,0,2500,0,2500,0
20230101T000011.500000,3,935,9986.82,1093.29,1734.01,0,0,0,2500,0,0,2500,0,2500,0
20230101T000011.500000,3,936,875.867,153.278,128.993,0,0,0,2500,0,0,2500,0,2500,0
20230101T000011.500000,3,937,935.285,168.167,142.266,0,0,0,2500,0,0,2500,0,2500,0
20230101T000011.500000,3,938,9612.16,3009.67,1576.99,0,0,0,2500,0,0,2500,0,2500,0
20230101T000011.500000,3,939,4077.65,2514.66,-667.237,0,0,0,2500,0,0,2500,0,2500,0
20230101T000011.500000,3,940,7469.34,7068.55,-430.275,0,0,0,2500,0,0,2500,0,2500,0
20230101T000011.500000,3,941,4249.62,5910.02,-1296.66,0,0,0,2500,0,0,2500,0,2500,0
20230101T000011.600000,6,1048,8427.82,-8252.76,-2549.21,0,0,0,114312,106056,34365.5,118765,-33651.6,222621,3.81171e+14
20230101T000011.600000,6,1049,5930.04,-4736.12,28.4937,0,0,0,35929.2,44904.8,-270.162,56290.1,215.769,92153.9,1.67129e+14
20230101T000011.600000,6,1050,6777.12,-3447.02,-882.485,0,0,0,20051.2,36848.3,9562.6,73756,-4863.79,92498.9,1.62981e+14
20230101T000011.600000,6,1051,8272.13,-2241.8,-457.342,0,0,0,8412.28,29570.5,6049.83,109512,-1639.54,117526,1.13608e+14
20230101T000011.600000,6,1052,6797.03,-1867.29,982.347,0,0,0,7072.85,19896.8,-10674.8,74032.1,2932.6,79499.4,2.87536e+14
20230101T000011.600000,6,1053,2847.13,306.672,330.623,0,0,0,385.803,-1371.67,-1498.87,12972.5,-161.448,13121.1,3.64156e+14
20230101T000011.600000,6,1054,890.003,-0.82299,122.864,0,0,0,86.9569,1.09153,-166.288,1267.37,0.153768,1268.57,1.01681e+23
20230101T000011.600000,6,1055,952.261,3.07712,128.323,0,0,0,89.2198,-4.4001,-187.045,1450.88,-0.604414,1452.04,8.26308e+19
20230101T000011.600000,6,1056,5116.61,-1093.09,-545.003,0,0,0,2426.82,8838.65,4455.26,41911,-951.806,43799.9,2.51496e+14
20230101T000011.600000,6,1057,3273.92,1039.62,-679.003,0,0,0,2455.34,-5215.24,3545.2,17222.9,1125.76,18881.4,2.2208e+14
20230101T000011.600000,6,1058,7062.61,1670.87,569.019,0,0,0,5017.74,-18750.8,-6425.16,79839.5,-1520.07,84276,1.36537e+14
20230101T000011.600000,6,1059,4374.51,3680.55,-1058.76,0,0,0,22760.7,-24846.9,7401.69,31387.2,6227.5,52294.6,2.47485e+14
20230101T000011.600000,4,936,894.192,51.739,124.938,1.81439,-10.0533,-0.4015,101.448,-129.735,-110.857,820.082,-19.4001,838.193,0
20230101T000011.600000,4,937,955.263,64.4914,133.479,1.97799,-10.2649,-0.870012,107.708,-145.871,-125.319,892.765,-22.5327,912.925,0
20230101T000011.600000,3,942,8427.82,-8252.76,-2549.21,0,0,0,2500,0,0,2500,0,2500,0
20230101T000011.600000,3,943,5930.04,-4736.12,28.4937,0,0,0,2500,0,0,2500,0,2500,0
20230101T000011.600000,3,944,6777.12,-3447.02,-882.485,0,0,0,2500,0,0,2500,0,2500,0
20230101T000011.600000,3,945,8272.13,-2241.8,-457.342,0,0,0,2500,0,0,2500,0,2500,0
20230101T000011.600000,3,946,6797.03,-1867.29,982.347,0,0,0,2500,0,0,2500,0,2500,0
20230101T000011.600000,3,947,2847.13,306.672,330.623,0,0,0,2500,0,0,2500,0,2500,0
20230101T000011.600000,3,948,5116.61,-1093.09,-545.003,0,0,0,2500,0,0,2500,0,2500,0
20230101T000011.600000,3,949,3273.92,1039.62,-679.003,0,0,0,2500,0,0,2500,0,2500,0
20230101T000011.600000,3,950,7062.61,1670.87,569.019,0,0,0,2500,0,0,2500,0,2500,0
20230101T000011.600000,3,951,4374.51,3680.55,-1058.76,0,0,0,2500,0,0,2500,0,2500,0
20230101T000011.700000,6,1060,5023.87,-3237.92,-25.5195,0,0,0,16820.6,25997.4,204.901,40401.9,-132.06,57157.4,1.36114e+14
20230101T000011.700000,6,1061,8502.85,-3591.49,1258.12,0,0,0,22840.5,47930.4,-17108.2,116070,7226.28,136317,1.9194e+14
20230101T000011.700000,6,1062,5117.9,-2552.86,-846.219,0,0,0,11394.9,20421.8,6921.09,42149.4,-3452.3,52337.3,1.44532e+14
20230101T000011.700000,6,1063,2436.58,-410.355,150.455,0,0,0,366.65,1583.41,-582.725,9501.84,98.1392,9768.74,5.80548e+14
20230101T000011.700000,6,1064,3979.59,642.418,928.422,0,0,0,2063.68,-3863.96,-5897.76,25376,-952.066,26003,3.19603e+14
20230101T000011.700000,6,1065,876.629,-152.871,123.567,0,0,0,122.037,199.658,-164.726,1232.14,28.7259,1268.17,1.16133e+23
20230101T000011.700000,6,1066,936.376,-164.531,139.309,0,0,0,134.212,230.528,-199.671,1405.69,35.0841,1447.54,9.58962e+19
20230101T000011.700000,6,1067,6965.71,-101.695,234.546,0,0,0,168.461,1131.19,-2611.9,77633.9,38.1321,77650.5,1.77474e+14
20230101T000011.700000,6,1068,6118.32,-1284.69,-799.684,0,0,0,3680.97,12357.8,7820.47,59940,-1642.09,62535.8,1.86457e+14
20230101T000011.700000,6,1069,9230.46,259.198,-32.1916,0,0,0,173.1,-3826.19,475.207,136322,13.3442,136430,1.31065e+14
20230101T000011.700000,6,1070,3236.18,817.048,77.3645,0,0,0,1137.24,-4213.13,-399.148,16761,-100.774,17824.8,1.58193e+14
20230101T000011.700000,6,1071,6726.33,2741.34,-27.5055,0,0,0,12079.8,-29479.8,295.793,72398.8,120.552,84413.5,1.31894e+14
20230101T000011.700000,6,1072,5664.64,6431.55,-1270.62,0,0,0,67339.5,-56979.5,11510,52831,13068.3,117526,1.16238e+14
20230101T000011.700000,6,1073,4049.48,3471.23,295.161,0,0,0,19396.3,-22390.3,-1909.71,26323.3,-1637.02,45516.6,2.42278e+14
20230101T000011.700000,3,952,5023.87,-3237.92,-25.5195,0,0,0,2500,0,0,2500,0,2500,0
20230101T000011.700000,3,953,8502.85,-3591.49,1258.12,0,0,0,2500,0,0,2500,0,2500,0
20230101T000011.700000,3,954,5117.9,-2552.86,-846.219,0,0,0,2500,0,0,2500,0,2500,0
20230101T000011.700000,3,955,2436.58,-410.355,150.455,0,0,0,2500,0,0,2500,0,2500,0
20230101T000011.700000,3,956,3979.59,642.418,928.422,0,0,0,2500,0,0,2500,0,2500,0
20230101T000011.700000,3,957,876.629,-152.871,123.567,0,0,0,2500,0,0,2500,0,2500,0
20230101T000011.700000,3,958,936.376,-164.531,139.309,0,0,0,2500,0,0,2500,0,2500,0
20230101T000011.700000,3,959,6965.71,-101.695,234.546,0,0,0,2500,0,0,2500,0,2500,0
20230101T000011.700000,3,960,6118.32,-1284.69,-799.684,0,0,0,2500,0,0,2500,0,2500,0
20230101T000011.700000,3,961,9230.46,259.198,-32.1916,0,0,0,2500,0,0,2500,0,2500,0
20230101T000011.700000,3,962,3236.18,817.048,77.3645,0,0,0,2500,0,0,2500,0,2500,0
20230101T000011.700000,3,963,6726.33,2741.34,-27.5055,0,0,0,2500,0,0,2500,0,2500,0
20230101T000011.700000,3,964,5664.64,6431.55,-1270.62,0,0,0,2500,0,0,2500,0,2500,0
20230101T000011.700000,3,965,4049.48,3471.23,295.161,0,0,0,2500,0,0,2500,0,2500,0
20230101T000011.800000,6,1074,3458.56,-2763.68,153.207,0,0,0,12282.6,15243.9,-846.071,19178.2,676.081,31359.4,1.15206e+14
20230101T000011.800000,6,1075,7712.41,-6215.61,-504.918,0,0,0,62100,76469.2,6228.09,95355.9,-5019.36,156984,1.60694e+14
20230101T000011.800000,6,1076,2605.04,-1333.25,172.487,0,0,0,2932.37,5511.92,-715.59,10881.1,366.237,13702.3,3.24856e+14
20230101T000011.800000,6,1077,836.546,-302.918,124.493,0,0,0,224.233,377.415,-158.372,1129.85,57.3475,1267.74,4.13662e+22
20230101T000011.800000,6,1078,892.011,-331.024,134.222,0,0,0,255.815,442.573,-183.265,1284.18,68.0095,1449.67,3.23108e+19
20230101T000011.800000,6,1079,10146.6,-2600.1,-793.259,0,0,0,11821.4,41954.2,12873.6,164792,-3298.89,175544,2.24717e+14
20230101T000011.800000,6,1080,8432.22,255.995,-23.4208,0,0,0,169.671,-3451.8,315.806,113764,9.58758,113869,1.31461e+14
20230101T000011.800000,6,1081,8647.8,-751.791,-17.2239,0,0,0,968.293,10396.6,238.192,119656,-20.7071,120559,1.60591e+14
20230101T000011.800000,6,1082,4905.36,283.501,607.338,0,0,0,779.634,-2187.46,-4758.96,38502.3,-275.04,38629.7,2.19448e+14
20230101T000011.800000,6,1083,1324.2,1148.8,-368.888,0,0,0,2270.78,-2295.88,771.831,2925.43,669.595,4919.91,1.339e+14
20230101T000011.800000,6,1084,7289.77,6297.01,689.95,0,0,0,63916.3,-73037.7,-8043.87,85377.9,-6948.41,148469,1.81342e+14
20230101T000011.800000,4,957,858.728,-254.871,124.179,-1.7724,-10.099,0.0605718,100.015,129.678,-106.292,821.031,18.5358,839.426,0
20230101T000011.800000,4,958,917.861,-272.62,136.101,-1.83323,-10.7019,-0.317603,105.818,142.977,-122.857,894.409,21.5872,913.71,0
20230101T000011.800000,3,966,3458.56,-2763.68,153.207,0,0,0,2500,0,0,2500,0,2500,0
20230101T000011.800000,3,967,7712.41,-6215.61,-504.918,0,0,0,2500,0,0,2500,0,2500,0
20230101T000011.800000,3,968,2605.04,-1333.25,172.487,0,0,0,2500,0,0,2500,0,2500,0
20230101T000011.800000,3,969,10146.6,-2600.1,-793.259,0,0,0,2500,0,0,2500,0,2500,0
20230101T000011.800000,3,970,8432.22,255.995,-23.4208,0,0,0,2500,0,0,2500,0,2500,0
20230101T000011.800000,3,971,8647.8,-751.79,-17.2239,0,0,0,2500,0,0,2500,0,2500,0
20230101T000011.800000,3,972,4905.36,283.501,607.338,0,0,0,2500,0,0,2500,0,2500,0
20230101T000011.800000,3,973,1324.2,1148.8,-368.888,0,0,0,2500,0,0,2500,0,2500,0
20230101T000011.800000,3,974,7289.77,6297.01,689.95,0,0,0,2500,0,0,2500,0,2500,0
20230101T000011.900000,6,1085,3519.23,-5226.45,151.513,0,0,0,43736.7,29382.3,-852.278,19885.3,1265.73,63521.3,1.07221e+14
20230101T000011.900000,6,1086,3106.8,-891.982,-694.362,0,0,0,2042.2,4213.1,3438.96,15507,-987.346,16719.4,2.18796e+14
20230101T000011.900000,6,1087,68.3246,-44.1652,3.4692,0,0,0,48.1917,-24.3058,1.90854,26.3015,-1.23369,10.7063,2.72349e+14
20230101T000011.900000,6,1088,771.942,-441.808,127.635,0,0,0,379.18,507.408,-149.833,975.335,85.7542,1267.03,4.51205e+20
20230101T000011.900000,6,1089,826.953,-471.314,131.489,0,0,0,423.703,584.69,-166.439,1116.34,94.8606,1450.78,3.51901e+17
20230101T000011.900000,6,1090,5225.86,-2472.28,439.163,0,0,0,10083.6,20527.8,-3667.63,43763.4,1735.11,53475.2,1.92467e+14
20230101T000011.900000,6,1091,5894.14,-787.82,-602.105,0,0,0,1625.16,7345.14,5671.86,55596.6,-758.11,56579.1,1.22218e+14
20230101T000011.900000,6,1092,4364.46,1260.2,-96.8546,0,0,0,2613.87,-8779.1,675.039,30483.8,194.911,33018.7,1.28416e+14
20230101T000011.900000,6,1093,10469,5038.02,-1811.25,0,0,0,44923.4,-82313.4,30330.3,176358,14595.9,215972,1.75816e+14
20230101T000011.900000,6,1094,6622.49,1764.3,-200.273,0,0,0,5100.02,-18662.6,2120.28,70180.3,564.864,75152.2,9.09454e+13
20230101T000011.900000,6,1095,1200.26,1846,-591.812,0,0,0,5636.57,-3261.72,1127.78,2740.84,1734.52,7761.65,1.85025e+14
20230101T000011.900000,6,1096,1097,1067.6,-20.5721,0,0,0,1856.85,-1841.53,35.4918,1956.9,34.5407,3749.1,8.89968e+13
20230101T000011.900000,6,1097,8299.44,6494.99,2114.26,0,0,0,71969.5,-82746.5,-28065.8,112949,-21963.8,177707,1.32004e+14
20230101T000011.900000,3,975,3519.23,-5226.45,151.513,0,0,0,2500,0,0,2500,0,2500,0
20230101T000011.900000,3,976,3106.8,-891.982,-694.362,0,0,0,2500,0,0,2500,0,2500,0
20230101T000011.900000,3,977,68.3246,-44.1653,3.4692,0,0,0,2500,0,0,2500,0,2500,0
20230101T000011.900000,3,978,771.942,-441.808,127.635,0,0,0,2500,0,0,2500,0,2500,0
20230101T000011.900000,3,979,826.953,-471.314,131.489,0,0,0,2500,0,0,2500,0,2500,0
20230101T000011.900000,3,980,5225.86,-2472.28,439.163,0,0,0,2500,0,0,2500,0,2500,0
20230101T000011.900000,3,981,5894.14,-787.82,-602.105,0,0,0,2500,0,0,2500,0,2500,0
20230101T000011.900000,3,982,4364.46,1260.2,-96.8546,0,0,0,2500,0,0,2500,0,2500,0
20230101T000011.900000,3,983,10469,5038.02,-1811.25,0,0,0,2500,0,0,2500,0,2500,0
20230101T000011.900000,3,984,6622.49,1764.3,-200.273,0,0,0,2500,0,0,2500,0,2500,0
20230101T000011.900000,3,985,1200.26,1846,-591.812,0,0,0,2500,0,0,2500,0,2500,0
20230101T000011.900000,3,986,1097,1067.6,-20.5721,0,0,0,2500,0,0,2500,0,2500,0
20230101T000011.900000,3,987,8299.44,6494.99,2114.26,0,0,0,2500,0,0,2500,0,2500,0
20230101T000012,6,1098,2396.3,-2413.48,136.032,0,0,0,9366.25,9206.74,-519.758,9234.7,523.485,18507.6,1.5417e+14
20230101T000012,6,1099,682.925,-569.454,128.586,0,0,0,571.428,578.385,-133.541,782.78,111.353,1266.37,2.0195e+22
20230101T000012,6,1100,728.016,-613.309,130.848,0,0,0,654.599,669.95,-145.812,885.457,122.838,1451.04,1.67536e+19
20230101T000012,6,1101,3895.66,-4486.94,-781.148,0,0,0,32658.9,27452.9,4863.51,24874.4,-5601.7,56495.1,1.8301e+14
20230101T000012,6,1102,10857.7,-2315.26,1390.3,0,0,0,11595.1,39577.7,-24144.8,188759,5148.59,197199,1.22731e+14
20230101T000012,6,1103,3335.18,-2130.06,-34.656,0,0,0,7306.28,11336.7,184.462,17816.5,-117.81,25056.9,9.98071e+13
20230101T000012,6,1104,5950.38,-1248.29,-1280.17,0,0,0,5063.48,11345.3,12175.4,56764.3,-2554.19,59147.1,4.13919e+14
20230101T000012,6,1105,3448.67,2132.22,71.2712,0,0,0,7326.35,-11733.1,-392.308,19049.2,-242.554,26303.5,1.29128e+14
20230101T000012,6,1106,9136.67,4233.01,-1968.27,0,0,0,33823.3,-59493.2,28762.5,134672,13325.7,162238,1.38894e+14
20230101T000012,6,1107,7344.62,1950.65,309.802,0,0,0,6291.17,-22868.9,-3638.09,86323.9,-966.235,92397.7,1.16129e+14
20230101T000012,6,1108,5421.09,1896.52,-255.796,0,0,0,5905.06,-16397.4,2216.02,47039.6,775.256,52776.2,1.13879e+14
20230101T000012,6,1109,7428.34,4807.5,1494.27,0,0,0,39541.1,-55480.9,-17751,89361.3,-11488.2,125269,2.70287e+14
20230101T000012,6,1110,4117.48,4961.84,663.718,0,0,0,39705.1,-32311,-4368.39,27580.7,-5264.2,66518.3,8.68564e+13
20230101T000012,4,960,6030.89,-1266.28,-809.233,-24.062,5.06581,-2.62828,209.48,504.302,314.134,2505.33,-65.96,2571.91,0
20230101T000012,4,978,720.216,-531.807,128.26,-5.12141,-8.9108,0.061898,267.086,329.675,-96.6712,654.422,55.3281,838.608,0
20230101T000012,4,979,772.487,-566.99,131.085,-5.39264,-9.47283,-0.0400594,285.198,362.312,-102.41,714.403,58.3678,915.704,0
20230101T000012,3,988,2396.3,-2413.48,136.032,0,0,0,2500,0,0,2500,0,2500,0
20230101T000012,3,989,3895.66,-4486.94,-781.148,0,0,0,2500,0,0,2500,0,2500,0
20230101T000012,3,990,10857.7,-2315.26,1390.3,0,0,0,2500,0,0,2500,0,2500,0
20230101T000012,3,991,3335.18,-2130.06,-34.656,0,0,0,2500,0,0,2500,0,2500,0
20230101T000012,3,992,3448.67,2132.22,71.2712,0,0,0,2500,0,0,2500,0,2500,0
20230101T000012,3,993,9136.67,4233.01,-1968.27,0,0,0,2500,0,0,2500,0,2500,0
20230101T000012,3,994,7344.62,1950.65,309.802,0,0,0,2500,0,0,2500,0,2500,0
20230101T000012,3,995,5421.09,1896.52,-255.796,0,0,0,2500,0,0,2500,0,2500,0
20230101T000012,3,996,7428.34,4807.5,1494.27,0,0,0,2500,0,0,2500,0,2500,0
20230101T000012,3,997,4117.48,4961.84,663.718,0,0,0,2500,0,0,2500,0,2500,0
20230101T000012.100000,6,1111,11855.9,-3197.68,895.467,0,0,0,17615.5,60319.8,-16982.1,224993,4580.25,241262,1.09024e+14
20230101T000012.100000,6,1112,7380.03,-2431.76,-1114.32,0,0,0,11310.3,28105.2,13149.4,87344.6,-4332.82,96606.7,1.2457e+14
20230101T000012.100000,6,1113,2334.47,332.755,-126.671,0,0,0,264.868,-1230.39,469.742,8721.4,66.9569,8896.96,1.22355e+14
20230101T000012.100000,6,1114,7824.24,1004.8,-1661.48,0,0,0,6020.86,-12013.1,20786.9,98022.5,2669.49,99568,1.15186e+14
20230101T000012.100000,6,1115,5156.04,-634.902,826.824,0,0,0,1783.93,5097.48,-6811.17,42552.9,838.71,43182.2,1.76359e+14
20230101T000012.100000,6,1116,2413.09,1899.75,-377.994,0,0,0,5954.52,-7193.07,1453.32,9428.41,1144.15,15092.2,4.1043e+14
20230101T000012.100000,6,1117,690.164,828.333,-231.396,0,0,0,1157.99,-842.477,247.116,848.801,296.588,1862.76,5.04796e+22
20230101T000012.100000,6,1118,8070.66,7641.44,-2226.26,0,0,0,97640.4,-94684.5,28738.9,107994,27210.5,197646,4.47435e+14
20230101T000012.100000,6,1119,6054.16,7933.13,-281.137,0,0,0,100765,-76753.7,2722.18,58764.9,3567.04,159340,8.96899e+13
20230101T000012.100000,6,1120,7111.4,7549.16,-1190.6,0,0,0,92279.8,-84732.6,13542,82150.3,14375.6,172100,1.84382e+14
20230101T000012.100000,6,1121,655.811,794.197,-215.061,0,0,0,1064.06,-766.906,217.51,768.604,263.408,1700.01,1.16152e+20
20230101T000012.100000,6,1122,4017.42,4323.39,-1042.91,0,0,0,30741.8,-26891.4,6696.23,26790.6,7206.22,55732,2.09602e+14
20230101T000012.100000,3,998,11855.9,-3197.68,895.467,0,0,0,2500,0,0,2500,0,2500,0
20230101T000012.100000,3,999,7380.03,-2431.76,-1114.32,0,0,0,2500,0,0,2500,0,2500,0
20230101T000012.100000,3,1000,2334.47,332.755,-126.671,0,0,0,2500,0,0,2500,0,2500,0
20230101T000012.100000,3,1001,7824.24,1004.8,-1661.48,0,0,0,2500,0,0,2500,0,2500,0
20230101T000012.100000,3,1002,5156.04,-634.902,826.824,0,0,0,2500,0,0,2500,0,2500,0
20230101T000012.100000,3,1003,2413.09,1899.75,-377.994,0,0,0,2500,0,0,2500,0,2500,0
20230101T000012.100000,3,1004,690.164,828.333,-231.396,0,0,0,2500,0,0,2500,0,2500,0
20230101T000012.100000,3,1005,8070.66,7641.44,-2226.26,0,0,0,2500,0,0,2500,0,2500,0
20230101T000012.100000,3,1006,6054.16,7933.13,-281.137,0,0,0,2500,0,0,2500,0,2500,0
20230101T000012.100000,3,1007,7111.4,7549.16,-1190.6,0,0,0,2500,0,0,2500,0,2500,0
20230101T000012.100000,3,1008,655.811,794.197,-215.061,0,0,0,2500,0,0,2500,0,2500,0
20230101T000012.100000,3,1009,4017.42,4323.39,-1042.91,0,0,0,2500,0,0,2500,0,2500,0
20230101T000012.200000,6,1123,1978.69,-2210.09,-613.437,0,0,0,8110.36,6667.23,1933.62,6632.64,-2159.74,14082.2,1.43845e+14
20230101T000012.200000,6,1124,2498.51,-1824.51,59.7519,0,0,0,5371.58,7260.48,-237.867,10012.3,173.7,15314.2,1.00026e+14
20230101T000012.200000,6,1125,7847.37,-6473.34,-348.456,0,0,0,67200.3,81151.2,4373.45,98634.5,-3607.68,165577,8.64683e+13
20230101T000012.200000,6,1126,4787.52,-7348.99,-1250.67,0,0,0,87176.5,55120.2,9575.28,38473.6,-14698.4,123086,1.52552e+14
20230101T000012.200000,6,1127,5376.81,-3903.65,56.9388,0,0,0,24426.9,33549.8,-489.395,46280,355.308,70637.7,1.02818e+14
20230101T000012.200000,6,1128,2694.7,-954.558,369.994,0,0,0,1708.43,4026.85,-1587.56,11649.7,562.369,13077.2,1.35486e+14
20230101T000012.200000,6,1129,2581.08,-1680.88,295.987,0,0,0,4663.52,6848.47,-1217.24,10719.8,792.704,15180.3,9.16293e+13
20230101T000012.200000,6,1130,3205.01,-1751.38,-572.546,0,0,0,5359.74,8734.12,2927.43,16570.3,-1599.7,21344.6,1.00581e+14
20230101T000012.200000,6,1131,8728.62,-5076.73,2233.1,0,0,0,47244.6,67406.5,-31175.3,123934,18132.1,163142,1.42266e+14
20230101T000012.200000,6,1132,10755.4,-3945.05,1155.07,0,0,0,26838.8,67178.4,-19871.2,185347,7288.68,209989,1.1885e+14
20230101T000012.200000,6,1133,8423.83,-1857.16,-1440.53,0,0,0,8744.17,24319.9,19405.5,113694,-4278.24,119058,1.76084e+14
20230101T000012.200000,6,1134,8583.9,-2970.44,-1915.08,0,0,0,19412.9,38964.4,26289.9,118527,-9097.58,132014,1.30789e+14
20230101T000012.200000,6,1135,8029.38,-634.365,-339.834,0,0,0,890.992,8130.16,4363.16,103155,-344.713,103797,1.59453e+14
20230101T000012.200000,6,1136,5276.9,2806.7,-766.307,0,0,0,13385.6,-23281.4,6462.83,44774.1,3437.48,57158.2,1.39015e+14
20230101T000012.200000,6,1137,5555.22,2470.99,-576.322,0,0,0,10265.9,-21742.2,5117.06,49475.1,2276.1,59146.7,1.01796e+14
20230101T000012.200000,6,1138,828.977,690.156,-228.865,0,0,0,847.774,-844.074,293.572,1158.9,244.41,1864.39,4.36953e+21
20230101T000012.200000,6,1139,785.629,666.205,-214.297,0,0,0,788.554,-770.919,259.639,1043.94,220.172,1700.32,9.81557e+18
20230101T000012.200000,6,1140,5751.41,3817.8,1731.2,0,0,0,26691.3,-32895.1,-15918.3,54411.1,-10566.6,76250.7,2.48324e+14
20230101T000012.200000,4,1004,777.078,756.253,-229.963,8.60539,-7.13666,0.141892,676.438,-473.574,136.121,502.636,163.372,1053.24,0
20230101T000012.200000,4,1008,740.004,724.722,-214.608,8.33592,-6.87875,0.0449232,645.392,-447.632,124.673,472.936,150.981,1000.15,0
20230101T000012.200000,3,1010,1978.69,-2210.09,-613.437,0,0,0,2500,0,0,2500,0,2500,0
20230101T000012.200000,3,1011,2498.51,-1824.51,59.7519,0,0,0,2500,0,0,2500,0,2500,0
20230101T000012.200000,3,1012,7847.37,-6473.34,-348.456,0,0,0,2500,0,0,2500,0,2500,0
20230101T000012.200000,3,1013,4787.52,-7348.99,-1250.67,0,0,0,2500,0,0,2500,0,2500,0
20230101T000012.200000,3,1014,5376.81,-3903.65,56.9388,0,0,0,2500,0,0,2500,0,2500,0
20230101T000012.200000,3,1015,2694.7,-954.558,369.994,0,0,0,2500,0,0,2500,0,2500,0
20230101T000012.200000,3,1016,2581.08,-1680.88,295.987,0,0,0,2500,0,0,2500,0,2500,0
20230101T000012.200000,3,1017,3205.01,-1751.38,-572.546,0,0,0,2500,0,0,2500,0,2500,0
20230101T000012.200000,3,1018,8728.62,-5076.73,2233.1,0,0,0,2500,0,0,2500,0,2500,0
20230101T000012.200000,3,1019,10755.4,-3945.05,1155.07,0,0,0,2500,0,0,2500,0,2500,0
20230101T000012.200000,3,1020,8423.83,-1857.16,-1440.53,0,0,0,2500,0,0,2500,0,2500,0
20230101T000012.200000,3,1021,8583.9,-2970.44,-1915.08,0,0,0,2500,0,0,2500,0,2500,0
20230101T000012.200000,3,1022,8029.38,-634.365,-339.834,0,0,0,2500,0,0,2500,0,2500,0
20230101T000012.200000,3,1023,5276.9,2806.7,-766.307,0,0,0,2500,0,0,2500,0,2500,0
20230101T000012.200000,3,1024,5555.22,2470.99,-576.322,0,0,0,2500,0,0,2500,0,2500,0
20230101T000012.200000,3,1025,5751.41,3817.8,1731.2,0,0,0,2500,0,0,2500,0,2500,0
20230101T000012.300000,6,1141,7349.86,-9707.88,-368.448,0,0,0,150891,114027,4331.69,86611.4,-5721.41,237221,1.18846e+14
20230101T000012.300000,6,1142,1688.46,-672.938,152.83,0,0,0,811.641,1783.25,-407.911,4575.25,162.574,5286.42,1.60388e+14
20230101T000012.300000,6,1143,7439.72,-3690.77,126.465,0,0,0,21866.8,43897.6,-1504.51,88576.8,746.372,110354,1.49308e+14
20230101T000012.300000,6,1144,4477.06,-2828.85,-376.233,0,0,0,13011.2,20132.8,2691.24,32153.2,-1700.47,44874.6,1.53205e+14
20230101T000012.300000,6,1145,8173.38,133.38,-133.801,0,0,0,121.067,-1742.75,1748.72,106887,28.537,106915,1.01575e+14
20230101T000012.300000,6,1146,5928.58,-21.8194,-758.574,0,0,0,984.413,203.353,7187.58,56237,-26.4529,56238.8,1.32763e+14
20230101T000012.300000,6,1147,8879.39,-614.778,372.552,0,0,0,889.318,8714.45,-5290.18,126151,366.274,126754,2.03012e+14
20230101T000012.300000,6,1148,3840.32,1368.25,597.633,0,0,0,3558.05,-8206.74,-3663.51,23668.3,-1305.25,26593.6,1.87285e+14
20230101T000012.300000,6,1149,11281,4767.31,-1266.02,0,0,0,38593.2,-85105.6,22845,204015,9654.23,239981,2.54415e+14
20230101T000012.300000,6,1150,932.123,535.967,-233.561,0,0,0,571.142,-735.213,336.823,1427.04,193.672,1852.67,9.30624e+21
20230101T000012.300000,6,1151,8692.77,2605.37,1059.4,0,0,0,12566.4,-35725.4,-14727.5,121056,-4414.09,131764,1.37582e+14
20230101T000012.300000,6,1152,6903.68,8424.09,-1227.12,0,0,0,114538,-91839.4,13550.1,77736.3,16534.3,189803,1.34434e+14
20230101T000012.300000,6,1153,7027.43,7243.78,314.033,0,0,0,84063.3,-81337.4,-3529.56,79129.8,-3638.23,162971,1.37887e+14
20230101T000012.300000,6,1154,4792.45,5701.64,-635.144,0,0,0,52307.4,-43370.5,4866.75,37163.6,5790.03,88762.4,7.75903e+13
20230101T000012.300000,3,1026,7349.86,-9707.88,-368.448,0,0,0,2500,0,0,2500,0,2500,0
20230101T000012.300000,3,1027,1688.46,-672.938,152.83,0,0,0,2500,0,0,2500,0,2500,0
20230101T000012.300000,3,1028,7439.72,-3690.77,126.465,0,0,0,2500,0,0,2500,0,2500,0
20230101T000012.300000,3,1029,4477.06,-2828.85,-376.233,0,0,0,2500,0,0,2500,0,2500,0
20230101T000012.300000,3,1030,8173.38,133.38,-133.801,0,0,0,2500,0,0,2500,0,2500,0
20230101T000012.300000,3,1031,5928.58,-21.8194,-758.574,0,0,0,2500,0,0,2500,0,2500,0
20230101T000012.300000,3,1032,8879.38,-614.778,372.552,0,0,0,2500,0,0,2500,0,2500,0
20230101T000012.300000,3,1033,3840.32,1368.25,597.633,0,0,0,2500,0,0,2500,0,2500,0
20230101T000012.300000,3,1034,11281,4767.31,-1266.02,0,0,0,2500,0,0,2500,0,2500,0
20230101T000012.300000,3,1035,932.123,535.967,-233.561,0,0,0,2500,0,0,2500,0,2500,0
20230101T000012.300000,3,1036,8692.77,2605.37,1059.4,0,0,0,2500,0,0,2500,0,2500,0
20230101T000012.300000,3,1037,6903.68,8424.09,-1227.12,0,0,0,2500,0,0,2500,0,2500,0
20230101T000012.300000,3,1038,7027.43,7243.78,314.033,0,0,0,2500,0,0,2500,0,2500,0
20230101T000012.300000,3,1039,4792.45,5701.64,-635.144,0,0,0,2500,0,0,2500,0,2500,0
20230101T000012.400000,6,1155,3288.53,-2634,-421.189,0,0,0,11312.3,13689.8,2211.2,17438.7,-1771.1,28404.4,8.83518e+13
20230101T000012.400000,6,1156,8732.12,-8379.75,1650.35,0,0,0,114654,114868,-23051.5,124119,22121.3,234353,1.3914e+14
20230101T000012.400000,6,1157,197.72,-290.1,-71.5663,0,0,0,156.742,59.3639,15.5856,110.101,-22.8676,199.755,2.07884e+14
20230101T000012.400000,6,1158,5396.42,-3999.58,-884.395,0,0,0,26443,33904.8,7629.45,47060.2,-5654.6,72190,2.68191e+14
20230101T000012.400000,6,1159,3687.7,-4007.28,1168.49,0,0,0,26723,22525.2,-6885.59,22974.6,7482.31,47454.6,1.35828e+14
20230101T000012.400000,6,1160,5717.21,-1583.08,-1451.15,0,0,0,7195.34,13599.3,13260.2,52542.6,-3671.73,56311.8,1.63973e+14
20230101T000012.400000,6,1161,8216.23,-818.622,900.36,0,0,0,2419.14,10627.4,-11829.2,108024,1178.6,109083,1.44877e+14
20230101T000012.400000,6,1162,968.734,348.379,-217.054,0,0,0,315.195,-496.462,324.271,1517.16,116.615,1698.43,2.06476e+19
20230101T000012.400000,6,1163,6031.28,1167.71,981.855,0,0,0,3728.57,-10969,-9465.16,58260.1,-1832.55,60385.4,1.29644e+14
20230101T000012.400000,6,1164,1014.72,364.259,-231.523,0,0,0,342.465,-544.668,363.525,1664.23,130.496,1862.58,9.7678e+21
20230101T000012.400000,6,1165,5679.65,7383.41,83.383,0,0,0,87251.6,-67060,-757.388,51660.6,-984.587,138837,1.34658e+14
20230101T000012.400000,4,1035,989.187,441.939,-232.62,5.64995,-9.30979,0.0931741,347.192,-414.256,185.89,829.446,106.886,1049.57,0
20230101T000012.400000,3,1040,3288.53,-2634,-421.189,0,0,0,2500,0,0,2500,0,2500,0
20230101T000012.400000,3,1041,8732.12,-8379.75,1650.35,0,0,0,2500,0,0,2500,0,2500,0
20230101T000012.400000,3,1042,197.72,-290.1,-71.5663,0,0,0,2500,0,0,2500,0,2500,0
20230101T000012.400000,3,1043,5396.42,-3999.58,-884.395,0,0,0,2500,0,0,2500,0,2500,0
20230101T000012.400000,3,1044,3687.7,-4007.28,1168.49,0,0,0,2500,0,0,2500,0,2500,0
20230101T000012.400000,3,1045,5717.21,-1583.08,-1451.15,0,0,0,2500,0,0,2500,0,2500,0
20230101T000012.400000,3,1046,8216.23,-818.622,900.36,0,0,0,2500,0,0,2500,0,2500,0
20230101T000012.400000,3,1047,968.734,348.379,-217.054,0,0,0,2500,0,0,2500,0,2500,0
20230101T000012.400000,3,1048,6031.28,1167.71,981.855,0,0,0,2500,0,0,2500,0,2500,0
20230101T000012.400000,3,1049,5679.65,7383.41,83.383,0,0,0,2500,0,0,2500,0,2500,0
20230101T000012.500000,6,1166,1532.47,-1158.92,-39.2463,0,0,0,2191.23,2809.66,95.1878,3781.72,-71.9854,5906.54,1.01303e+14
20230101T000012.500000,6,1167,6107.9,-5815.2,-213.417,0,0,0,54178.2,56761.5,2084.47,59755.4,-1984.58,113797,1.16782e+14
20230101T000012.500000,6,1168,8366.9,-3661.95,-809.866,0,0,0,22389.8,48613.9,10836.6,112187,-4742.84,133464,1.85523e+14
20230101T000012.500000,6,1169,12243.1,-276.569,-1681.14,0,0,0,4704.82,5314.18,32923.1,239831,-743.727,239953,1.7786e+14
20230101T000012.500000,6,1170,1059.13,184.7,-234.521,0,0,0,199.275,-287.76,384.291,1799.2,67.0162,1852.29,1.28106e+21
20230101T000012.500000,6,1171,8318.37,1381.44,254.604,0,0,0,3216.56,-18359,-3386.72,110717,-562.436,113766,1.15526e+14
20230101T000012.500000,6,1172,6120.2,773.576,-494.424,0,0,0,1405.04,-7518.53,4836.5,59938.1,611.32,60888.8,1.73126e+14
20230101T000012.500000,6,1173,10205.9,3649.79,-1834.4,0,0,0,26142.2,-57872.3,29944.9,167275,10708.7,187973,1.26402e+14
20230101T000012.500000,6,1174,5669.89,7738.9,666.244,0,0,0,96095.1,-69837,-6041.43,51939.8,-8246.02,147261,4.42716e+14
20230101T000012.500000,4,1047,1047.22,263.661,-230.99,7.7712,-8.3879,-1.37982,208.32,-289.899,185.877,910.186,66.8456,999.297,0
20230101T000012.500000,3,1050,1532.47,-1158.92,-39.2463,0,0,0,2500,0,0,2500,0,2500,0
20230101T000012.500000,3,1051,6107.9,-5815.2,-213.417,0,0,0,2500,0,0,2500,0,2500,0
20230101T000012.500000,3,1052,8366.9,-3661.95,-809.866,0,0,0,2500,0,0,2500,0,2500,0
20230101T000012.500000,3,1053,12243.1,-276.569,-1681.14,0,0,0,2500,0,0,2500,0,2500,0
20230101T000012.500000,3,1054,8318.37,1381.44,254.604,0,0,0,2500,0,0,2500,0,2500,0
20230101T000012.500000,3,1055,6120.2,773.576,-494.424,0,0,0,2500,0,0,2500,0,2500,0
20230101T000012.500000,3,1056,10205.9,3649.79,-1834.4,0,0,0,2500,0,0,2500,0,2500,0
20230101T000012.500000,3,1057,5669.89,7738.9,666.244,0,0,0,2500,0,0,2500,0,2500,0
20230101T000012.600000,6,1175,1830.21,-1217.72,381.635,0,0,0,2577.15,3429.78,-1108.58,5450.05,737.587,7733.91,1.00431e+14
20230101T000012.600000,6,1176,9204.54,-7085.22,2026.09,0,0,0,84483.9,101141,-29830.2,138025,22961.9,215880,1.40869e+14
20230101T000012.600000,6,1177,6289.96,-7056.13,-698.794,0,0,0,80036.5,70592.8,7029.49,63772.6,-7885.74,142965,8.1561e+13
20230101T000012.600000,6,1178,3046.96,-1888.77,-469.447,0,0,0,6008.08,9021.9,2281.61,14969.7,-1414.34,20563.3,1.55328e+14
20230101T000012.600000,6,1179,5057.92,-2409.01,28.7392,0,0,0,9338.56,19469.9,-232.28,40944.1,110.631,50217.3,8.85145e+13
20230101T000012.600000,6,1180,1078.7,5.33754,-228.424,0,0,0,144.779,-8.49598,381.27,1861.75,1.88657,1864.53,1.06755e+22
20230101T000012.600000,6,1181,11674.4,848.676,696.24,0,0,0,1987.36,-15791.8,-13001.3,218072,-945.136,219220,1.4599e+14
20230101T000012.600000,6,1182,1028.5,4.32495,-221.396,0,0,0,139.619,-6.53015,351.163,1692.5,1.47668,1695.37,2.5599e+19
20230101T000012.600000,6,1183,11940.7,3035.28,-446.502,0,0,0,15100.3,-57897.7,8528.2,228150,2167.84,242868,2.08362e+14
20230101T000012.600000,6,1184,4944.12,5343.37,11.2419,0,0,0,45712.1,-42237.2,-88.8627,39145.5,-96.0386,84793.4,9.37491e+13
20230101T000012.600000,3,1058,1830.21,-1217.72,381.635,0,0,0,2500,0,0,2500,0,2500,0
20230101T000012.600000,3,1059,9204.54,-7085.22,2026.09,0,0,0,2500,0,0,2500,0,2500,0
20230101T000012.600000,3,1060,6289.96,-7056.13,-698.794,0,0,0,2500,0,0,2500,0,2500,0
20230101T000012.600000,3,1061,3046.96,-1888.77,-469.447,0,0,0,2500,0,0,2500,0,2500,0
20230101T000012.600000,3,1062,5057.92,-2409.01,28.7392,0,0,0,2500,0,0,2500,0,2500,0
20230101T000012.600000,3,1063,1078.7,5.33754,-228.424,0,0,0,2500,0,0,2500,0,2500,0
20230101T000012.600000,3,1064,11674.4,848.676,696.24,0,0,0,2500,0,0,2500,0,2500,0
20230101T000012.600000,3,1065,1028.5,4.32495,-221.396,0,0,0,2500,0,0,2500,0,2500,0
20230101T000012.600000,3,1066,11940.7,3035.28,-446.502,0,0,0,2500,0,0,2500,0,2500,0
20230101T000012.600000,3,1067,4944.12,5343.37,11.2419,0,0,0,2500,0,0,2500,0,2500,0
20230101T000012.700000,6,1185,6135.4,-4289.43,-284.7,0,0,0,29568.8,42016.9,2792.81,60292.5,-1952.53,89667.8,1.1206e+14
20230101T000012.700000,6,1186,4038.27,-2791.41,-1106.9,0,0,0,13834.9,17090.5,7140.64,26745.7,-4935.88,38562.4,1.35715e+14
20230101T000012.700000,6,1187,1012.6,-178.422,-222.275,0,0,0,186.906,265.115,347.104,1644.8,-61.1604,1694.37,3.30292e+18
20230101T000012.700000,6,1188,5937.96,-1418.84,161.387,0,0,0,3320.88,13456.1,-1531.65,56420.6,365.978,59635.9,8.41917e+13
20230101T000012.700000,6,1189,1061.92,-191.993,-227.309,0,0,0,198.374,301.008,373.512,1808.84,-67.5302,1865.98,1.4526e+21
20230101T000012.700000,6,1190,1060.75,-193.798,-230.986,0,0,0,201.918,303.003,379.133,1805.03,-69.2676,1863.2,1.49831e+21
20230101T000012.700000,6,1191,10855.6,1303.55,-481.504,0,0,0,3147.44,-22589.8,8360.44,188557,1003.93,191269,9.64122e+13
20230101T000012.700000,6,1192,1013.34,-176.632,-221.53,0,0,0,185.483,262.751,346.2,1647.09,-60.3449,1695.72,3.47715e+18
20230101T000012.700000,6,1193,10648.6,4722.2,-1020.77,0,0,0,37125,-79814.5,17386.7,181713,7710.24,217108,1.63374e+14
20230101T000012.700000,6,1194,10629.4,4798.53,2223.89,0,0,0,43466.1,-78618.1,-37811.1,182125,-17069.4,217619,1.51005e+14
20230101T000012.700000,6,1195,7789.8,1799.94,1456.93,0,0,0,8466.58,-21675.3,-18147.7,97264.8,-4193.29,102275,1.48054e+14
20230101T000012.700000,6,1196,6056.93,1342.3,115.587,0,0,0,2964.2,-12990.3,-1119,58702.3,-247.986,61581.1,1.37248e+14
20230101T000012.700000,6,1197,6682.04,10145.9,1098.6,0,0,0,165307,-107556,-11742.3,72830.7,-17829.3,236143,1.78804e+14
20230101T000012.700000,4,1063,1079.58,-108.789,-227.81,0.0872769,-11.2997,0.0607742,106.918,-4.77352,210.034,1071.61,1.03928,1054.3,0
20230101T000012.700000,4,1065,1029.07,-104.526,-221.486,0.0566569,-10.7774,-0.00889261,105.766,-3.81629,201.298,1013.29,0.846479,997.57,0
20230101T000012.700000,3,1068,6135.4,-4289.43,-284.7,0,0,0,2500,0,0,2500,0,2500,0
20230101T000012.700000,3,1069,4038.27,-2791.41,-1106.9,0,0,0,2500,0,0,2500,0,2500,0
20230101T000012.700000,3,1070,1012.6,-178.422,-222.275,0,0,0,2500,0,0,2500,0,2500,0
20230101T000012.700000,3,1071,5937.96,-1418.84,161.387,0,0,0,2500,0,0,2500,0,2500,0
20230101T000012.700000,3,1072,1060.75,-193.798,-230.986,0,0,0,2500,0,0,2500,0,2500,0
20230101T000012.700000,3,1073,10855.6,1303.55,-481.504,0,0,0,2500,0,0,2500,0,2500,0
20230101T000012.700000,3,1074,10648.6,4722.2,-1020.77,0,0,0,2500,0,0,2500,0,2500,0
20230101T000012.700000,3,1075,10629.4,4798.53,2223.89,0,0,0,2500,0,0,2500,0,2500,0
20230101T000012.700000,3,1076,7789.8,1799.94,1456.93,0,0,0,2500,0,0,2500,0,2500,0
20230101T000012.700000,3,1077,6056.93,1342.3,115.587,0,0,0,2500,0,0,2500,0,2500,0
20230101T000012.700000,3,1078,6682.04,10145.9,1098.6,0,0,0,2500,0,0,2500,0,2500,0
20230101T000012.800000,6,1198,1681.38,-1944.04,314.678,0,0,0,6141.65,5120.3,-841.501,4649.99,972.956,10571.1,2.30611e+14
20230101T000012.800000,6,1199,7414.18,-6339.96,-2043.61,0,0,0,68207.4,71878.1,24233,90800.5,-20721.9,152267,1.5658e+14
20230101T000012.800000,6,1200,5384.29,-6840.48,-1966.7,0,0,0,77258.2,55892.4,16934.4,50243.7,-21514.3,121255,1.6821e+14
20230101T000012.800000,6,1201,11613.6,-2080.74,-989.286,0,0,0,8505.94,38380.9,18377.4,215851,-3292.58,222728,2.53457e+14
20230101T000012.800000,6,1202,968.436,-349.786,-215.036,0,0,0,315.456,498.76,321.152,1516.2,-115.996,1699.02,1.20345e+19
20230101T000012.800000,6,1203,8907.42,-3164.89,-2474.95,0,0,0,24781.7,41994.8,35257.9,128053,-12527.5,142978,2.86192e+14
20230101T000012.800000,6,1204,1013.43,-369.332,-229.01,0,0,0,346.384,552.174,359.122,1660.29,-130.877,1864.29,5.46146e+21
20230101T000012.800000,6,1205,7248.08,-164.908,-444.161,0,0,0,422.722,1903.8,5147,84055.7,-117.104,84099.3,9.06387e+13
20230101T000012.800000,6,1206,2056.33,906.258,-36.1396,0,0,0,1369.41,-2957.32,117.962,6776.34,51.9878,8079.7,1.24417e+14
20230101T000012.800000,6,1207,2733.61,1067.16,-606.879,0,0,0,2386.73,-4447.09,2642.53,12042.2,1031.6,13780.9,2.76516e+14
20230101T000012.800000,6,1208,10243,4506.59,2340.8,0,0,0,39891.5,-70603.5,-38351.2,169303,-16873.3,200369,2.12163e+14
20230101T000012.800000,6,1209,10723.3,4678.98,1327.58,0,0,0,37450.6,-79222,-22771.1,184445,-9935.88,219013,1.30572e+14
20230101T000012.800000,6,1210,1681.13,1586.54,69.8415,0,0,0,4065.3,-4231.66,-186.455,4555.71,-175.964,8549.32,9.74661e+13
20230101T000012.800000,6,1211,2710.03,3441.86,-43.1512,0,0,0,18979.9,-14891.5,186.716,11792.2,237.137,30705.1,9.62322e+13
20230101T000012.800000,4,1070,995.042,-282.985,-218.017,-1.73853,-10.3528,0.421561,133.405,154.976,198.99,985.632,-35.0623,997.085,0
20230101T000012.800000,4,1072,1042.06,-296.903,-229.862,-1.84988,-10.2084,0.111246,139.008,170.305,208.834,1040.05,-38.154,1053.45,0
20230101T000012.800000,4,1075,10546.5,4759.24,2196.3,-8.21129,-3.89023,-2.7319,545.38,-880.603,-408.293,2098.5,-184.319,2411.62,0
20230101T000012.800000,3,1079,1681.38,-1944.04,314.678,0,0,0,2500,0,0,2500,0,2500,0
20230101T000012.800000,3,1080,7414.18,-6339.96,-2043.61,0,0,0,2500,0,0,2500,0,2500,0
20230101T000012.800000,3,1081,5384.29,-6840.48,-1966.7,0,0,0,2500,0,0,2500,0,2500,0
20230101T000012.800000,3,1082,11613.6,-2080.74,-989.286,0,0,0,2500,0,0,2500,0,2500,0
20230101T000012.800000,3,1083,8907.42,-3164.89,-2474.95,0,0,0,2500,0,0,2500,0,2500,0
20230101T000012.800000,3,1084,7248.08,-164.908,-444.161,0,0,0,2500,0,0,2500,0,2500,0
20230101T000012.800000,3,1085,2056.33,906.258,-36.1396,0,0,0,2500,0,0,2500,0,2500,0
20230101T000012.800000,3,1086,2733.61,1067.16,-606.879,0,0,0,2500,0,0,2500,0,2500,0
20230101T000012.800000,3,1087,10243,4506.59,2340.8,0,0,0,2500,0,0,2500,0,2500,0
20230101T000012.800000,3,1088,1681.13,1586.54,69.8415,0,0,0,2500,0,0,2500,0,2500,0
20230101T000012.800000,3,1089,2710.03,3441.86,-43.1512,0,0,0,2500,0,0,2500,0,2500,0
20230101T000012.900000,6,1212,3400.45,-4133.92,-637.881,0,0,0,27631.1,22141.1,3465.75,18926.8,-4213.31,45844.6,9.85011e+13
20230101T000012.900000,6,1213,5923.59,-6813.43,-1599.66,0,0,0,76065.8,62518.1,15154,58509.5,-17430.4,130421,1.76776e+14
20230101T000012.900000,6,1214,2831.94,-1765.11,104.632,0,0,0,5043.66,7961.34,-472.396,12854.6,294.439,17816.8,1.1638e+14
20230101T000012.900000,6,1215,906.188,-474.181,-233.115,0,0,0,475.776,626.806,325.707,1345.65,-170.433,1676.8,5.48991e+17
20230101T000012.900000,6,1216,5363.52,-2373.97,-595.071,0,0,0,9543.92,20139.4,5100.81,46131,-2257.69,55045.7,1.10055e+14
20230101T000012.900000,6,1217,930.483,-547.498,-223.004,0,0,0,584.307,753.493,321.075,1421.53,-188.921,1867.5,1.94083e+20
20230101T000012.900000,6,1218,8409.75,-449.945,-1033.9,0,0,0,2092.24,5959.67,13904.1,113163,-743.908,113483,8.25466e+13
20230101T000012.900000,6,1219,2187.01,356.587,-375.395,0,0,0,483.685,-1202.08,1303.19,7660.3,212.481,7858.08,1.37887e+14
20230101T000012.900000,6,1220,4702.98,2204.98,-929.069,0,0,0,8962.1,-16037.3,6980.99,35648.9,3273.01,43169.9,1.23271e+14
20230101T000012.900000,3,1090,3400.45,-4133.92,-637.881,0,0,0,2500,0,0,2500,0,2500,0
20230101T000012.900000,3,1091,5923.59,-6813.43,-1599.66,0,0,0,2500,0,0,2500,0,2500,0
20230101T000012.900000,3,1092,2831.94,-1765.11,104.632,0,0,0,2500,0,0,2500,0,2500,0
20230101T000012.900000,3,1093,906.188,-474.181,-233.115,0,0,0,2500,0,0,2500,0,2500,0
20230101T000012.900000,3,1094,5363.52,-2373.97,-595.071,0,0,0,2500,0,0,2500,0,2500,0
20230101T000012.900000,3,1095,930.483,-547.498,-223.004,0,0,0,2500,0,0,2500,0,2500,0
20230101T000012.900000,3,1096,8409.75,-449.945,-1033.9,0,0,0,2500,0,0,2500,0,2500,0
20230101T000012.900000,3,1097,2187.01,356.587,-375.395,0,0,0,2500,0,0,2500,0,2500,0
20230101T000012.900000,3,1098,4702.98,2204.98,-929.069,0,0,0,2500,0,0,2500,0,2500,0
20230101T000013,6,1221,1774.32,-2626.64,376.497,0,0,0,11129.6,7322.33,-1064.64,5236.2,1576.07,16076.8,1.3433e+14
20230101T000013,6,1222,826.081,-689.923,-237.48,0,0,0,850.698,837.47,303.549,1154.01,-253.517,1856.42,6.11511e+19
20230101T000013,6,1223,8190.62,-6866.5,502.665,0,0,0,75713,89754.9,-6585.11,107531,5520.54,182776,1.06113e+14
20230101T000013,6,1224,772.131,-669.809,-248.511,0,0,0,808.693,748.665,295.915,1022.27,-256.701,1675.3,1.4683e+17
20230101T000013,6,1225,4641.69,-1508.31,225.254,0,0,0,3771.2,11159.1,-1670.09,34486.3,542.693,38112.5,8.06271e+13
20230101T000013,6,1226,11230.5,779.033,-1798.03,0,0,0,6181,-13636.9,32298.5,201824,2240.46,202772,1.03138e+14
20230101T000013,6,1227,4941.38,3163.49,1222.33,0,0,0,17751.4,-23897.8,-9653.23,39780.3,-6180.04,55082.5,2.43902e+14
20230101T000013,6,1228,2113.34,1575.45,111.827,0,0,0,4025.22,-5286.96,-375.954,7175.93,-280.266,11117.4,1.76839e+14
20230101T000013,6,1229,1221.15,1551.74,337.08,0,0,0,3945.93,-2913.27,-652.035,2536.6,-828.553,6240.36,1.11982e+14
20230101T000013,6,1230,7243.63,8970.38,118.049,0,0,0,128782,-103923,-1367.76,84004.6,-1693.81,212701,2.24178e+14
20230101T000013,6,1231,4697.03,4423.26,-1655.66,0,0,0,33660.7,-31022.9,12431.5,37389,11706.9,66607.7,1.57205e+14
20230101T000013,4,1095,877.201,-634.291,-231.178,-5.27541,-8.59344,-0.80922,353.723,423.021,176.906,823.748,-104.092,1056.11,0
20230101T000013,3,1099,1774.32,-2626.64,376.497,0,0,0,2500,0,0,2500,0,2500,0
20230101T000013,3,1100,8190.62,-6866.5,502.665,0,0,0,2500,0,0,2500,0,2500,0
20230101T000013,3,1101,772.131,-669.809,-248.511,0,0,0,2500,0,0,2500,0,2500,0
20230101T000013,3,1102,4641.69,-1508.31,225.254,0,0,0,2500,0,0,2500,0,2500,0
20230101T000013,3,1103,11230.5,779.033,-1798.03,0,0,0,2500,0,0,2500,0,2500,0
20230101T000013,3,1104,4941.38,3163.49,1222.33,0,0,0,2500,0,0,2500,0,2500,0
20230101T000013,3,1105,2113.34,1575.45,111.827,0,0,0,2500,0,0,2500,0,2500,0
20230101T000013,3,1106,1221.15,1551.74,337.08,0,0,0,2500,0,0,2500,0,2500,0
20230101T000013,3,1107,7243.63,8970.38,118.049,0,0,0,2500,0,0,2500,0,2500,0
20230101T000013,3,1108,4697.03,4423.26,-1655.66,0,0,0,2500,0,0,2500,0,2500,0
20230101T000013.100000,6,1232,9038.62,-5076.69,2060.86,0,0,0,46449,70490.3,-29793.1,132359,16733.8,171954,1.42833e+14
20230101T000013.100000,6,1233,4429.23,-1417.74,-609.426,0,0,0,3812.08,9856.43,4311.01,31450.1,-1379.9,34606.1,9.01163e+13
20230101T000013.100000,6,1234,8723.07,186.578,-1225.57,0,0,0,2520.56,-2551.34,17096.3,121748,365.675,121804,1.05661e+14
20230101T000013.100000,6,1235,3669.12,2315.99,-473.181,0,0,0,8883.47,-13406,2772.02,21660,1749.73,30122.7,1.3683e+14
20230101T000013.100000,6,1236,1950.44,1941.75,26.391,0,0,0,6065.36,-6027.09,-81.9239,6119.17,-81.559,12119.4,4.16915e+14
20230101T000013.100000,6,1237,2209.91,2278.28,105.967,0,0,0,8344.6,-8014.75,-373.197,7856.13,-384.743,16118.9,3.22389e+14
20230101T000013.100000,6,1238,710.182,842.713,-36.7784,0,0,0,1163.71,-924.998,40.4161,845.619,47.9584,1943.31,9.44825e+22
20230101T000013.100000,6,1239,683.108,799.253,-36.1969,0,0,0,1049.96,-840.955,38.1324,784.771,44.6158,1768.78,2.14746e+20
20230101T000013.100000,6,1240,4449.59,4889.26,-481.533,0,0,0,38444.8,-34592,3425.08,31915.9,3763.52,69926.4,1.78294e+14
20230101T000013.100000,3,1109,9038.62,-5076.69,2060.86,0,0,0,2500,0,0,2500,0,2500,0
20230101T000013.100000,3,1110,4429.23,-1417.74,-609.426,0,0,0,2500,0,0,2500,0,2500,0
20230101T000013.100000,3,1111,8723.07,186.578,-1225.57,0,0,0,2500,0,0,2500,0,2500,0
20230101T000013.100000,3,1112,3669.12,2315.99,-473.181,0,0,0,2500,0,0,2500,0,2500,0
20230101T000013.100000,3,1113,1950.44,1941.75,26.391,0,0,0,2500,0,0,2500,0,2500,0
20230101T000013.100000,3,1114,2209.91,2278.28,105.967,0,0,0,2500,0,0,2500,0,2500,0
20230101T000013.100000,3,1115,710.182,842.713,-36.7784,0,0,0,2500,0,0,2500,0,2500,0
20230101T000013.100000,3,1116,683.109,799.253,-36.1969,0,0,0,2500,0,0,2500,0,2500,0
20230101T000013.100000,3,1117,4449.59,4889.27,-481.533,0,0,0,2500,0,0,2500,0,2500,0
20230101T000013.200000,6,1241,2645.69,-2401.29,-267.249,0,0,0,9323.47,10076.4,1127.77,11279.8,-1023.59,20425.7,1.11637e+14
20230101T000013.200000,6,1242,3848.93,-3092.11,974.369,0,0,0,16258.4,18270.3,-5990.96,24322.8,4812.95,39003,1.80569e+14
20230101T000013.200000,6,1243,3213.31,-1537.01,181.919,0,0,0,3874.89,7856.77,-932.36,16542.3,445.972,20300.6,1.15664e+14
20230101T000013.200000,6,1244,8035,-3062.79,31.714,0,0,0,15066.4,39353.3,-407.494,103306,155.329,118307,8.00582e+13
20230101T000013.200000,6,1245,4739.66,-2305.94,-483.246,0,0,0,8861.24,17315.1,3659.44,36026.7,-1780.39,44451.3,1.45988e+14
20230101T000013.200000,6,1246,10711.1,1707.36,-61.4924,0,0,0,4732.45,-29249.4,1053.48,183565,167.927,188227,1.57542e+14
20230101T000013.200000,6,1247,3210.29,1833.35,-9.84387,0,0,0,5426.24,-9389.3,50.4147,16505.3,28.7911,21867.4,1.35297e+14
20230101T000013.200000,6,1248,6377.65,3988.17,-180.623,0,0,0,25532.3,-40644,1841.81,65111.7,1151.75,90527.8,1.4789e+14
20230101T000013.200000,6,1249,841.864,711.148,-38.691,0,0,0,847.87,-925.212,50.4017,1161.59,42.5758,1943.23,4.20946e+22
20230101T000013.200000,6,1250,803.122,678.096,-41.4017,0,0,0,774.609,-838.499,51.2778,1059.74,43.2952,1767.81,9.57399e+19
20230101T000013.200000,6,1251,5281.57,5161.29,785.961,0,0,0,43160.2,-43089.8,-6636.95,45145.6,-6485.81,87254.9,2.36546e+14
20230101T000013.200000,6,1252,4180.58,2843.78,868.008,0,0,0,13806,-18432.3,-5797.23,28364.7,-3943.47,40904.8,1.30217e+14
20230101T000013.200000,4,1115,790.717,774.847,-37.8592,7.97379,-6.71941,-0.107013,668.502,-509.795,22.2638,493.192,26.4186,1097.66,0
20230101T000013.200000,4,1116,759.304,733.857,-39.2554,7.54412,-6.47487,-0.302824,627.897,-482.316,21.8595,475.803,25.5761,1039.69,0
20230101T000013.200000,3,1118,2645.69,-2401.29,-267.249,0,0,0,2500,0,0,2500,0,2500,0
20230101T000013.200000,3,1119,3848.93,-3092.11,974.369,0,0,0,2500,0,0,2500,0,2500,0
20230101T000013.200000,3,1120,3213.31,-1537.01,181.919,0,0,0,2500,0,0,2500,0,2500,0
20230101T000013.200000,3,1121,8035,-3062.79,31.714,0,0,0,2500,0,0,2500,0,2500,0
20230101T000013.200000,3,1122,4739.66,-2305.94,-483.246,0,0,0,2500,0,0,2500,0,2500,0
20230101T000013.200000,3,1123,10711.1,1707.36,-61.4924,0,0,0,2500,0,0,2500,0,2500,0
20230101T000013.200000,3,1124,3210.29,1833.35,-9.84387,0,0,0,2500,0,0,2500,0,2500,0
20230101T000013.200000,3,1125,6377.65,3988.17,-180.623,0,0,0,2500,0,0,2500,0,2500,0
20230101T000013.200000,3,1126,5281.57,5161.29,785.961,0,0,0,2500,0,0,2500,0,2500,0
20230101T000013.200000,3,1127,4180.58,2843.78,868.008,0,0,0,2500,0,0,2500,0,2500,0
20230101T000013.300000,6,1253,6899.2,-6882.87,1071.87,0,0,0,76751.1,75027.2,-11827.1,77106.7,11799.1,151957,9.72202e+13
20230101T000013.300000,6,1254,7000.84,-6045.31,-114.939,0,0,0,58522,67673.4,1286.87,78455.1,-1111.23,136892,7.72698e+13
20230101T000013.300000,6,1255,2713.84,-854.834,-164.615,0,0,0,1266.66,3681.11,711.261,11793.6,-224.04,12953.3,1.61119e+14
20230101T000013.300000,6,1256,3433.09,-1561.7,-225.585,0,0,0,4022.54,8523.6,1235.65,18882.7,-562.093,22760.3,1.17125e+14
20230101T000013.300000,6,1257,2226.05,454.664,-333.278,0,0,0,561.497,-1572.24,1178.03,7938.12,240.609,8260.59,5.0619e+14
20230101T000013.300000,6,1258,7027.86,-121.811,1116.11,0,0,0,2078.67,1334.09,-12540.3,79025.9,217.355,79050.6,9.52689e+13
20230101T000013.300000,6,1259,6505.39,708.068,203.27,0,0,0,930.702,-7356.02,-2113.79,67713.7,-230.072,68514.4,1.6625e+14
20230101T000013.300000,6,1260,9535.32,6101.59,-575.723,0,0,0,59988.7,-92819.3,8780.8,145648,5618.78,205043,2.49152e+14
20230101T000013.300000,6,1261,8210.07,5343.52,-1653.75,0,0,0,48802.6,-68164.1,21715.1,109169,14133.2,153535,2.63609e+14
20230101T000013.300000,6,1262,915.05,517.844,-32.2883,0,0,0,478.752,-730.043,45.5637,1355.62,25.7854,1768.83,1.36638e+20
20230101T000013.300000,6,1263,7282.51,4024.33,755.67,0,0,0,26660.9,-46477.9,-8800.04,85084.5,-4862.92,110769,1.61417e+14
20230101T000013.300000,6,1264,5997.88,2813.16,-217.308,0,0,0,12776.5,-26943.2,2083.52,57584.4,977.223,70221.5,9.0099e+13
20230101T000013.300000,6,1265,955.411,549.196,-38.5043,0,0,0,532.415,-810.889,56.9236,1476.96,32.7212,1943.16,6.03276e+22
20230101T000013.300000,6,1266,3437.9,2894.59,-81.4519,0,0,0,13449.5,-15885.3,447.15,18941.6,376.484,32316.5,1.5675e+14
20230101T000013.300000,6,1267,7177.87,7512.43,-1429.46,0,0,0,91888.8,-84612.9,16410.8,84176.9,17175.7,172735,1.57346e+14
20230101T000013.300000,3,1128,6899.2,-6882.87,1071.87,0,0,0,2500,0,0,2500,0,2500,0
20230101T000013.300000,3,1129,7000.84,-6045.31,-114.939,0,0,0,2500,0,0,2500,0,2500,0
20230101T000013.300000,3,1130,2713.84,-854.834,-164.615,0,0,0,2500,0,0,2500,0,2500,0
20230101T000013.300000,3,1131,3433.09,-1561.7,-225.585,0,0,0,2500,0,0,2500,0,2500,0
20230101T000013.300000,3,1132,2226.05,454.664,-333.278,0,0,0,2500,0,0,2500,0,2500,0
20230101T000013.300000,3,1133,7027.86,-121.811,1116.11,0,0,0,2500,0,0,2500,0,2500,0
20230101T000013.300000,3,1134,6505.39,708.068,203.27,0,0,0,2500,0,0,2500,0,2500,0
20230101T000013.300000,3,1135,9535.32,6101.59,-575.723,0,0,0,2500,0,0,2500,0,2500,0
20230101T000013.300000,3,1136,8210.07,5343.52,-1653.75,0,0,0,2500,0,0,2500,0,2500,0
20230101T000013.300000,3,1137,915.05,517.844,-32.2883,0,0,0,2500,0,0,2500,0,2500,0
20230101T000013.300000,3,1138,7282.51,4024.33,755.67,0,0,0,2500,0,0,2500,0,2500,0
20230101T000013.300000,3,1139,5997.88,2813.16,-217.308,0,0,0,2500,0,0,2500,0,2500,0
20230101T000013.300000,3,1140,955.411,549.196,-38.5043,0,0,0,2500,0,0,2500,0,2500,0
20230101T000013.300000,3,1141,3437.9,2894.59,-81.4519,0,0,0,2500,0,0,2500,0,2500,0
20230101T000013.300000,3,1142,7177.87,7512.43,-1429.46,0,0,0,2500,0,0,2500,0,2500,0
20230101T000013.400000,6,1268,7735.98,-9426.77,1296.31,0,0,0,143290,115331,-16040.9,97397.1,19546.8,237936,1.04294e+14
20230101T000013.400000,6,1269,10453.4,-4893.87,1769.21,0,0,0,42479,79904.9,-29582.1,175749,13849.2,213159,1.69658e+14
20230101T000013.400000,6,1270,6012.17,-1453.55,-201.831,0,0,0,3502.45,13952.8,1939.48,57841,-468.902,61214.4,1.23624e+14
20230101T000013.400000,6,1271,10011,1677.42,-951.129,0,0,0,5971.61,-26622.1,15229,160394,2551.73,164855,1.57078e+14
20230101T000013.400000,6,1272,3788.58,1900.84,-894.605,0,0,0,6853.02,-10984.5,5411.3,23235.2,2715,28749.2,4.26128e+14
20230101T000013.400000,6,1273,988.358,358.163,-38.297,0,0,0,263.82,-545.165,58.3727,1570.65,21.1532,1768.3,1.82777e+20
20230101T000013.400000,6,1274,5109.55,1521.31,1233.68,0,0,0,5995.64,-11754.5,-10072.2,41975.2,-2998.87,45478.2,1.97092e+14
20230101T000013.400000,6,1275,1034.6,379.677,-38.5803,0,0,0,289.081,-607.059,61.7636,1720.51,22.6659,1943.37,8.01333e+22
20230101T000013.400000,6,1276,2376.82,1909.55,280.625,0,0,0,5949.33,-7169.34,-1062.64,9113.19,-853.727,14873.6,3.3494e+14
20230101T000013.400000,6,1277,7219.25,6238.73,-202.056,0,0,0,62348.8,-71998.3,2332.89,83443.3,2016.03,145663,1.89166e+14
20230101T000013.400000,4,1137,965.94,427.772,-35.8211,5.03859,-8.91798,-0.349782,300.289,-418.698,26.1218,803.195,14.7828,1039.8,0
20230101T000013.400000,4,1140,1008.22,457.447,-38.5481,5.22843,-9.0841,-0.00433384,320.584,-446.922,31.3568,841.171,18.0247,1097.57,0
20230101T000013.400000,3,1143,7735.98,-9426.77,1296.31,0,0,0,2500,0,0,2500,0,2500,0
20230101T000013.400000,3,1144,10453.4,-4893.87,1769.21,0,0,0,2500,0,0,2500,0,2500,0
20230101T000013.400000,3,1145,6012.17,-1453.55,-201.831,0,0,0,2500,0,0,2500,0,2500,0
20230101T000013.400000,3,1146,10011,1677.42,-951.129,0,0,0,2500,0,0,2500,0,2500,0
20230101T000013.400000,3,1147,3788.58,1900.84,-894.605,0,0,0,2500,0,0,2500,0,2500,0
20230101T000013.400000,3,1148,5109.55,1521.31,1233.68,0,0,0,2500,0,0,2500,0,2500,0
20230101T000013.400000,3,1149,2376.82,1909.55,280.625,0,0,0,2500,0,0,2500,0,2500,0
20230101T000013.400000,3,1150,7219.25,6238.73,-202.056,0,0,0,2500,0,0,2500,0,2500,0
20230101T000013.500000,6,1278,2989.24,-3493.02,505.942,0,0,0,19721.7,16472.8,-2415.29,14569.8,2822.34,33819.5,1.73585e+14
20230101T000013.500000,6,1279,5988.83,-5807.95,-1548.17,0,0,0,55979.8,53705.1,14826.5,59274.5,-14378.7,111360,1.29174e+14
20230101T000013.500000,6,1280,5233.83,-5506.7,-1458.29,0,0,0,50162.1,44383.9,12203.7,45648.8,-12840,92349,1.2299e+14
20230101T000013.500000,6,1281,3849.23,-4443.83,35.2647,0,0,0,31624.5,27335.9,-216.936,23744.2,250.447,55302.8,9.90121e+13
20230101T000013.500000,6,1282,3658.11,-3469.94,-258.276,0,0,0,19354.5,20224.3,1509.31,21491.6,-1431.67,40675.7,1.03328e+14
20230101T000013.500000,6,1283,7215.45,-3014.82,-461.253,0,0,0,14886.8,34661.5,5321.56,83360.5,-2223.5,97843.3,1.46228e+14
20230101T000013.500000,6,1284,1084.79,193.869,-40.0855,0,0,0,124.565,-324.977,67.2861,1884.89,12.0251,1943.05,1.03958e+23
20230101T000013.500000,6,1285,1033.63,190.776,-41.7597,0,0,0,122.725,-303.604,66.5661,1711.63,12.286,1767.77,2.32687e+20
20230101T000013.500000,6,1286,6824.34,-218.678,-1135.08,0,0,0,2198.05,2319.75,12383.5,74516.7,-396.814,74592.7,1.94268e+14
20230101T000013.500000,6,1287,9185.11,-165.738,1084.86,0,0,0,1989.52,2400.61,-15935.9,134987,287.55,135031,1.8988e+14
20230101T000013.500000,6,1288,7271.04,1398.15,573.368,0,0,0,3696.33,-16156.3,-6665.53,84609.8,-1281.72,87716.9,1.96422e+14
20230101T000013.500000,6,1289,5822.25,2694.41,-123.682,0,0,0,11688.6,-25066.3,1151.05,54253.4,532.68,65853.6,1.90294e+14
20230101T000013.500000,6,1290,2218.56,1484.57,87.93,0,0,0,3579.04,-5234.53,-310.375,7898.83,-207.691,11401.6,1.66769e+14
20230101T000013.500000,6,1291,2983.67,2142.08,-646.781,0,0,0,7824.24,-9879.51,3078.77,14492.4,2210.35,21587.2,2.26568e+14
20230101T000013.500000,3,1151,2989.24,-3493.02,505.942,0,0,0,2500,0,0,2500,0,2500,0
20230101T000013.500000,3,1152,5988.83,-5807.95,-1548.17,0,0,0,2500,0,0,2500,0,2500,0
20230101T000013.500000,3,1153,5233.83,-5506.7,-1458.29,0,0,0,2500,0,0,2500,0,2500,0
20230101T000013.500000,3,1154,3849.23,-4443.83,35.2647,0,0,0,2500,0,0,2500,0,2500,0
20230101T000013.500000,3,1155,3658.11,-3469.94,-258.276,0,0,0,2500,0,0,2500,0,2500,0
20230101T000013.500000,3,1156,7215.45,-3014.82,-461.253,0,0,0,2500,0,0,2500,0,2500,0
20230101T000013.500000,3,1157,1084.79,193.869,-40.0855,0,0,0,2500,0,0,2500,0,2500,0
20230101T000013.500000,3,1158,1033.63,190.776,-41.7597,0,0,0,2500,0,0,2500,0,2500,0
20230101T000013.500000,3,1159,6824.34,-218.678,-1135.08,0,0,0,2500,0,0,2500,0,2500,0
20230101T000013.500000,3,1160,9185.11,-165.738,1084.86,0,0,0,2500,0,0,2500,0,2500,0
20230101T000013.500000,3,1161,7271.04,1398.15,573.368,0,0,0,2500,0,0,2500,0,2500,0
20230101T000013.500000,3,1162,5822.25,2694.41,-123.682,0,0,0,2500,0,0,2500,0,2500,0
20230101T000013.500000,3,1163,2218.56,1484.57,87.93,0,0,0,2500,0,0,2500,0,2500,0
20230101T000013.500000,3,1164,2983.67,2142.08,-646.781,0,0,0,2500,0,0,2500,0,2500,0
20230101T000013.600000,6,1292,1483.63,-1677.67,188.066,0,0,0,4556.05,3922.85,-442.897,3589.27,500.823,8025.63,2.34557e+14
20230101T000013.600000,6,1293,2780.46,-2813.76,521.928,0,0,0,12914,12268.3,-2316.09,12621.9,2343.83,25038.3,1.68434e+14
20230101T000013.600000,6,1294,5684.15,-6635.08,-660.508,0,0,0,70761.4,59967.4,6003.95,52134.6,-7008.39,122135,2.23449e+14
20230101T000013.600000,6,1295,2582.71,105.264,154.626,0,0,0,119.586,-430.833,-635.156,10672.8,-25.8871,10690.6,6.46804e+14
20230101T000013.600000,6,1296,1101.87,4.21227,-40.1926,0,0,0,66.5271,-7.17201,68.5279,1942.6,0.261971,1942.71,4.64779e+22
20230101T000013.600000,6,1297,10243.5,1454.94,488.695,0,0,0,3824.13,-23783.9,-8006.57,167897,-1137.21,171275,2.14419e+14
20230101T000013.600000,6,1298,1051.46,-5.97481,-32.958,0,0,0,65.7301,9.67845,53.4423,1768.91,-0.30368,1769.03,1.11285e+20
20230101T000013.600000,6,1299,5865.95,488.007,-331.238,0,0,0,618.744,-4560.43,3105.26,55056.7,258.337,55436.3,1.07117e+14
20230101T000013.600000,6,1300,9395.25,682.292,892.275,0,0,0,2075.1,-10159.9,-13407,141240,-973.631,141979,1.8519e+14
20230101T000013.600000,6,1301,2298.76,2814.38,-973.689,0,0,0,13304.1,-9578.9,3571.12,9400.57,4372.14,21132.4,1.70582e+14
20230101T000013.600000,6,1302,5140.18,6624.82,-764.417,0,0,0,70596.3,-54000.8,6283.24,42897.5,8098.03,112496,1.74363e+14
20230101T000013.600000,4,1157,1103.66,87.7789,-40.1446,1.8679,-10.504,-0.00585232,95.7984,-179.116,37.0644,1066.03,6.624,1097.49,0
20230101T000013.600000,3,1165,1483.63,-1677.67,188.066,0,0,0,2500,0,0,2500,0,2500,0
20230101T000013.600000,3,1166,2780.46,-2813.76,521.928,0,0,0,2500,0,0,2500,0,2500,0
20230101T000013.600000,3,1167,5684.15,-6635.08,-660.508,0,0,0,2500,0,0,2500,0,2500,0
20230101T000013.600000,3,1168,2582.71,105.264,154.626,0,0,0,2500,0,0,2500,0,2500,0
20230101T000013.600000,3,1169,10243.5,1454.94,488.695,0,0,0,2500,0,0,2500,0,2500,0
20230101T000013.600000,3,1170,1051.46,-5.97481,-32.958,0,0,0,2500,0,0,2500,0,2500,0
20230101T000013.600000,3,1171,5865.95,488.007,-331.238,0,0,0,2500,0,0,2500,0,2500,0
20230101T000013.600000,3,1172,9395.25,682.292,892.275,0,0,0,2500,0,0,2500,0,2500,0
20230101T000013.600000,3,1173,2298.76,2814.38,-973.689,0,0,0,2500,0,0,2500,0,2500,0
20230101T000013.600000,3,1174,5140.18,6624.82,-764.417,0,0,0,2500,0,0,2500,0,2500,0
20230101T000013.700000,6,1303,3204.09,-3080.17,-118.038,0,0,0,15224.7,15747.5,603.901,16467.4,-580.543,31605.9,9.6045e+13
20230101T000013.700000,6,1304,3267.18,-4258.2,-502.493,0,0,0,29184.8,22034,2623.16,17373.4,-3418.83,46091.3,1.07993e+14
20230101T000013.700000,6,1305,2703.62,-487.912,-166.407,0,0,0,485.556,2091.72,716.044,11698.7,-129.221,12076.4,6.38327e+14
20230101T000013.700000,6,1306,1035.98,-180.555,-31.3861,0,0,0,115.748,288.199,50.1444,1719.13,-8.73939,1769.42,1.38556e+20
20230101T000013.700000,6,1307,1085.44,-191.236,-35.8997,0,0,0,122.522,320.844,60.2963,1887.08,-10.6232,1943.67,6.1534e+22
20230101T000013.700000,6,1308,1084.98,-193.38,-37.8876,0,0,0,124.016,324.262,63.6083,1885.53,-11.3371,1943.4,6.06974e+22
20230101T000013.700000,6,1309,11539.7,-289.603,282.757,0,0,0,325.955,5342.26,-5219.1,213062,130.98,213197,3.44513e+14
20230101T000013.700000,6,1310,161.111,-22.825,6.76401,0,0,0,63.5378,-2.99972,0.885932,42.7892,-0.125512,42.4746,4.32947e+15
20230101T000013.700000,6,1311,1035.33,-184.591,-31.3733,0,0,0,118.018,294.46,50.093,1717.08,-8.93115,1769.64,1.37076e+20
20230101T000013.700000,6,1312,9448.77,393.717,313.463,0,0,0,468.782,-5943.03,-4736.82,142847,-197.377,143095,1.66166e+14
20230101T000013.700000,6,1313,4833.9,-633.259,-321.569,0,0,0,866.934,4868.26,2482.92,37390.4,-325.272,38028.4,1.48293e+14
20230101T000013.700000,6,1314,2729.24,1005.99,-649.353,0,0,0,2266.84,-4154.21,2822.81,12006,1040.48,13540.2,1.51336e+14
20230101T000013.700000,6,1315,5644.35,2544.3,882.125,0,0,0,11444.4,-22487.5,-7958.28,51194.7,-3587.35,61332.7,7.96349e+13
20230101T000013.700000,6,1316,4215.17,2387.24,-295.28,0,0,0,9272.16,-16013,1988.07,28477.6,1125.93,37546.8,1.61563e+14
20230101T000013.700000,6,1317,1971.59,2338.46,-137.273,0,0,0,8788.5,-7330.44,431.188,6274.43,511.422,14969,9.45435e+13
20230101T000013.700000,6,1318,5732.86,7045.33,-286.063,0,0,0,79496.2,-64528.4,2622.67,52702.3,3223.09,132004,9.82526e+13
20230101T000013.700000,4,1170,1050.97,-109.149,-32.035,-0.0483665,-10.2153,0.0913856,63.4098,5.55058,30.6367,1040.18,-0.17409,1039.85,0
20230101T000013.700000,4,1172,9396.57,677.296,882.272,0.129978,-0.49464,-0.99038,96.5019,-173.156,-226.483,2468.3,-16.4474,2459.76,0
20230101T000013.700000,3,1175,3204.09,-3080.17,-118.038,0,0,0,2500,0,0,2500,0,2500,0
20230101T000013.700000,3,1176,3267.18,-4258.2,-502.493,0,0,0,2500,0,0,2500,0,2500,0
20230101T000013.700000,3,1177,2703.62,-487.912,-166.407,0,0,0,2500,0,0,2500,0,2500,0
20230101T000013.700000,3,1178,1085.44,-191.236,-35.8997,0,0,0,2500,0,0,2500,0,2500,0
20230101T000013.700000,3,1179,1084.98,-193.38,-37.8876,0,0,0,2500,0,0,2500,0,2500,0
20230101T000013.700000,3,1180,11539.7,-289.603,282.757,0,0,0,2500,0,0,2500,0,2500,0
20230101T000013.700000,3,1181,161.111,-22.825,6.76401,0,0,0,2500,0,0,2500,0,2500,0
20230101T000013.700000,3,1182,1035.33,-184.591,-31.3733,0,0,0,2500,0,0,2500,0,2500,0
20230101T000013.700000,3,1183,4833.9,-633.259,-321.569,0,0,0,2500,0,0,2500,0,2500,0
20230101T000013.700000,3,1184,2729.24,1005.99,-649.353,0,0,0,2500,0,0,2500,0,2500,0
20230101T000013.700000,3,1185,5644.35,2544.3,882.125,0,0,0,2500,0,0,2500,0,2500,0
20230101T000013.700000,3,1186,4215.17,2387.24,-295.28,0,0,0,2500,0,0,2500,0,2500,0
20230101T000013.700000,3,1187,1971.59,2338.46,-137.273,0,0,0,2500,0,0,2500,0,2500,0
20230101T000013.700000,3,1188,5732.86,7045.33,-286.063,0,0,0,2500,0,0,2500,0,2500,0
20230101T000013.800000,6,1319,5852.67,-7773.49,-1920.7,0,0,0,98841.2,69927.3,17978.6,58612.4,-23879.1,151492,1.21187e+14
20230101T000013.800000,6,1320,11016.5,-2474.46,-509.267,0,0,0,10252.5,43513.5,8973.75,194205,-2015.63,203979,1.00601e+14
20230101T000013.800000,6,1321,9605.42,-2580.42,-647.314,0,0,0,11338.5,39473.7,9944.35,147672,-2671.48,158276,1.15492e+14
20230101T000013.800000,6,1322,9471.9,-2865.51,1545.93,0,0,0,16698.3,42349.8,-23419.3,143873,7084.96,156686,1.18891e+14
20230101T000013.800000,6,1323,982.827,-372.987,-32.8015,0,0,0,279.984,564.75,49.7158,1553.79,-18.8674,1768.17,4.1033e+18
20230101T000013.800000,6,1324,1036.89,-373.591,-33.3271,0,0,0,281.48,598.84,53.4715,1727.78,-19.2657,1943.6,1.91282e+21
20230101T000013.800000,6,1325,2574.19,-278.576,36.2376,0,0,0,189.491,1140.3,-148.361,10603.1,16.0555,10726.5,1.32955e+14
20230101T000013.800000,6,1326,4212.71,-97.0971,189.217,0,0,0,136.177,651.675,-1272.52,28395.1,29.3298,28410.2,1.11254e+14
20230101T000013.800000,6,1327,8041.96,1449,1294,0,0,0,6014.69,-18166.1,-16640.3,103563,-2998.25,106838,1.66331e+14
20230101T000013.800000,6,1328,7379.54,3453.43,-675.386,0,0,0,19732.7,-40470.9,7969.69,87274.7,3729.6,106214,1.07187e+14
20230101T000013.800000,4,1179,1066.47,-297.265,-35.3106,-1.83283,-10.2857,0.255153,95.4931,178.707,35.0377,1066.3,-6.24489,1097.66,0
20230101T000013.800000,4,1182,1014.71,-297.91,-32.2085,-2.04146,-11.2197,-0.0826897,93.3922,168.848,28.7136,1010.32,-5.11939,1040.1,0
20230101T000013.800000,3,1189,5852.67,-7773.49,-1920.7,0,0,0,2500,0,0,2500,0,2500,0
20230101T000013.800000,3,1190,11016.5,-2474.46,-509.267,0,0,0,2500,0,0,2500,0,2500,0
20230101T000013.800000,3,1191,9605.41,-2580.42,-647.315,0,0,0,2500,0,0,2500,0,2500,0
20230101T000013.800000,3,1192,9471.9,-2865.51,1545.93,0,0,0,2500,0,0,2500,0,2500,0
20230101T000013.800000,3,1193,2574.19,-278.576,36.2376,0,0,0,2500,0,0,2500,0,2500,0
20230101T000013.800000,3,1194,4212.71,-97.0971,189.217,0,0,0,2500,0,0,2500,0,2500,0
20230101T000013.800000,3,1195,8041.96,1449,1294,0,0,0,2500,0,0,2500,0,2500,0
20230101T000013.800000,3,1196,7379.54,3453.43,-675.386,0,0,0,2500,0,0,2500,0,2500,0
20230101T000013.900000,6,1329,2339.46,-2357.74,665.591,0,0,0,9276.5,8440.21,-2482.72,9145.12,2502.11,17653.7,1.55189e+14
20230101T000013.900000,6,1330,2232.06,-888.903,-193.475,0,0,0,1370.82,3132.09,686.199,7988.25,-273.274,9236,1.24183e+14
20230101T000013.900000,6,1331,10171.5,-5946.01,1707.57,0,0,0,60091.8,94707.9,-27781.8,166740,16240.5,222105,1.24465e+14
20230101T000013.900000,6,1332,910.636,-526.185,-29.139,0,0,0,491.955,738.37,40.9219,1343.16,-23.6456,1769.86,1.96197e+18
20230101T000013.900000,6,1333,954.409,-551.193,-35.4288,0,0,0,535.551,813.144,52.3219,1473.93,-30.2171,1943.6,8.03499e+20
20230101T000013.900000,6,1334,8351.04,1713.37,-1719.73,0,0,0,9296.81,-21949.7,22966.2,111777,4711.94,116283,1.77376e+14
20230101T000013.900000,6,1335,7957.67,-1666.09,1241.29,0,0,0,6863.04,20706.1,-15795.1,101425,3307,105762,1.37556e+14
20230101T000013.900000,6,1336,6132.87,590.031,-371.639,0,0,0,839.16,-5762.59,3642.92,60182,350.477,60736.7,9.59512e+13
20230101T000013.900000,6,1337,8795.65,1759.35,-1900.51,0,0,0,10568.2,-23636.1,26733.3,124006,5347.32,128737,1.15488e+14
20230101T000013.900000,6,1338,9178.48,62.3445,-1010.52,0,0,0,1703.23,-904.038,14833.2,134791,100.754,134798,1.2266e+14
20230101T000013.900000,6,1339,385.412,130.406,14.9197,0,0,0,84.8775,-60.9041,-6.98036,244.27,-2.36185,264.963,9.13455e+13
20230101T000013.900000,6,1340,448.901,186.838,-47.8401,0,0,0,113.002,-110.409,28.603,332.319,11.9049,378.887,1.08452e+14
20230101T000013.900000,6,1341,6068.58,3136.8,585.722,0,0,0,16226.6,-30207.7,-5682.36,59053.3,-2937.17,74667.9,1.01711e+14
20230101T000013.900000,6,1342,6803.13,4031.64,-1291.02,0,0,0,28026.4,-42687.5,14044,74761.5,8322.7,100060,9.84425e+13
20230101T000013.900000,6,1343,2764.94,2644.86,85.6595,0,0,0,11232,-11662.8,-377.914,12268,-361.503,23424.3,8.76861e+13
20230101T000013.900000,6,1344,7328.73,8102.61,1061.46,0,0,0,105883,-94082.5,-12442.6,86962.8,-13756.4,190981,9.48385e+13
20230101T000013.900000,6,1345,7614.49,8317.77,1780.49,0,0,0,113038,-98779.6,-21685.4,95562.3,-23688.2,203467,1.24667e+14
20230101T000013.900000,3,1197,2339.46,-2357.74,665.591,0,0,0,2500,0,0,2500,0,2500,0
20230101T000013.900000,3,1198,2232.06,-888.903,-193.475,0,0,0,2500,0,0,2500,0,2500,0
20230101T000013.900000,3,1199,10171.5,-5946.01,1707.57,0,0,0,2500,0,0,2500,0,2500,0
20230101T000013.900000,3,1200,910.636,-526.185,-29.139,0,0,0,2500,0,0,2500,0,2500,0
20230101T000013.900000,3,1201,954.409,-551.193,-35.4288,0,0,0,2500,0,0,2500,0,2500,0
20230101T000013.900000,3,1202,8351.04,1713.37,-1719.73,0,0,0,2500,0,0,2500,0,2500,0
20230101T000013.900000,3,1203,7957.67,-1666.09,1241.29,0,0,0,2500,0,0,2500,0,2500,0
20230101T000013.900000,3,1204,6132.87,590.031,-371.639,0,0,0,2500,0,0,2500,0,2500,0
20230101T000013.900000,3,1205,8795.65,1759.35,-1900.51,0,0,0,2500,0,0,2500,0,2500,0
20230101T000013.900000,3,1206,9178.48,62.3445,-1010.52,0,0,0,2500,0,0,2500,0,2500,0
20230101T000013.900000,3,1207,385.412,130.406,14.9197,0,0,0,2500,0,0,2500,0,2500,0
20230101T000013.900000,3,1208,448.901,186.838,-47.8401,0,0,0,2500,0,0,2500,0,2500,0
20230101T000013.900000,3,1209,6068.58,3136.8,585.722,0,0,0,2500,0,0,2500,0,2500,0
20230101T000013.900000,3,1210,6803.13,4031.64,-1291.02,0,0,0,2500,0,0,2500,0,2500,0
20230101T000013.900000,3,1211,2764.94,2644.86,85.6595,0,0,0,2500,0,0,2500,0,2500,0
20230101T000013.900000,3,1212,7328.73,8102.61,1061.46,0,0,0,2500,0,0,2500,0,2500,0
20230101T000013.900000,3,1213,7614.49,8317.77,1780.49,0,0,0,2500,0,0,2500,0,2500,0
20230101T000014,6,1346,9700.08,-6368.35,-972.831,0,0,0,65992,98113.8,15094,151022,-9909.61,215437,1.44965e+14
20230101T000014,6,1347,844.287,-708.256,-36.1972,0,0,0,841.357,924.243,47.2885,1167.79,-39.6694,1943.18,1.10568e+21
20230101T000014,6,1348,8277.26,-7015.1,-1431.96,0,0,0,80684.6,91256,18958,111018,-16067.2,188360,1.4483e+14
20230101T000014,6,1349,796.019,-687.293,-24.8852,0,0,0,793.009,843.228,30.549,1041.58,-26.3764,1769.67,2.62174e+18
20230101T000014,6,1350,7645.77,-6187,-587.528,0,0,0,61618.7,75385.8,7184.41,93776.4,-5813.67,154779,1.32358e+14
20230101T000014,6,1351,8649.25,-4631.5,-906.523,0,0,0,35392.4,63520.8,12540,120002,-6714.92,154017,1.30397e+14
20230101T000014,6,1352,5821.07,7571,-1059.62,0,0,0,92403,-69615.5,9864.71,55384.6,12830.2,145929,1.51844e+14
20230101T000014,4,1201,900.038,-645.126,-35.8616,-5.38331,-9.30037,-0.0428522,322.286,448.118,28.8213,839.42,-16.645,1097.79,0
20230101T000014,3,1214,9700.08,-6368.35,-972.831,0,0,0,2500,0,0,2500,0,2500,0
20230101T000014,3,1215,8277.26,-7015.1,-1431.96,0,0,0,2500,0,0,2500,0,2500,0
20230101T000014,3,1216,796.019,-687.293,-24.8852,0,0,0,2500,0,0,2500,0,2500,0
20230101T000014,3,1217,7645.77,-6187,-587.528,0,0,0,2500,0,0,2500,0,2500,0
20230101T000014,3,1218,8649.25,-4631.5,-906.522,0,0,0,2500,0,0,2500,0,2500,0
20230101T000014,3,1219,5821.07,7571,-1059.62,0,0,0,2500,0,0,2500,0,2500,0
20230101T000014.100000,6,1353,7235.87,-8976.93,-94.1912,0,0,0,128967,103891,1090.16,83820,-1352.47,212709,9.134e+13
20230101T000014.100000,6,1354,8181.34,-6476.49,1579.02,0,0,0,69602.7,82806.4,-20662.1,108656,16356.5,174208,1.31538e+14
20230101T000014.100000,6,1355,5736.22,-1961.44,1070.56,0,0,0,7852.97,17421.6,-9815.22,52845.3,3356.21,58804.4,1.207e+14
20230101T000014.100000,6,1356,11213.3,-1028.57,1557.44,0,0,0,5603.59,18095.1,-27933.9,201216,2562.29,202877,1.38415e+14
20230101T000014.100000,6,1357,5929.23,-365.566,-1269.73,0,0,0,2844.59,3305.84,12032.6,56259.3,-741.869,56465.9,1.39093e+14
20230101T000014.100000,6,1358,6084.36,-447.13,823.541,0,0,0,1461.72,4268.89,-8008.69,59237.3,588.546,59552.2,1.16631e+14
20230101T000014.100000,6,1359,9681.15,406.725,-95.2923,0,0,0,343.065,-6296.81,1475.43,149960,61.986,150224,7.66197e+13
20230101T000014.100000,6,1360,2978.9,1870.8,-340.367,0,0,0,5778.24,-8804.64,1617.08,14268.5,1015.55,19798.5,2.01238e+14
20230101T000014.100000,6,1361,7253.04,3275.42,779.574,0,0,0,18025.7,-37622.3,-9041.19,84346.1,-4082.93,101337,1.10325e+14
20230101T000014.100000,6,1362,9491,7350.82,586.519,0,0,0,86839.3,-111329,-8904.18,144357,-6896.32,230582,3.36607e+14
20230101T000014.100000,6,1363,705.351,833.609,152.979,0,0,0,1153.66,-891.364,-166.966,854.431,-197.326,1909.11,9.16168e+21
20230101T000014.100000,6,1364,679.758,791.215,136.517,0,0,0,1041.02,-814.695,-143.112,792.672,-166.577,1742.03,2.02741e+19
20230101T000014.100000,3,1220,7235.87,-8976.93,-94.1912,0,0,0,2500,0,0,2500,0,2500,0
20230101T000014.100000,3,1221,8181.35,-6476.49,1579.02,0,0,0,2500,0,0,2500,0,2500,0
20230101T000014.100000,3,1222,5736.22,-1961.44,1070.56,0,0,0,2500,0,0,2500,0,2500,0
20230101T000014.100000,3,1223,11213.3,-1028.57,1557.44,0,0,0,2500,0,0,2500,0,2500,0
20230101T000014.100000,3,1224,5929.23,-365.566,-1269.73,0,0,0,2500,0,0,2500,0,2500,0
20230101T000014.100000,3,1225,6084.36,-447.13,823.541,0,0,0,2500,0,0,2500,0,2500,0
20230101T000014.100000,3,1226,9681.15,406.725,-95.2923,0,0,0,2500,0,0,2500,0,2500,0
20230101T000014.100000,3,1227,2978.9,1870.8,-340.367,0,0,0,2500,0,0,2500,0,2500,0
20230101T000014.100000,3,1228,7253.04,3275.42,779.574,0,0,0,2500,0,0,2500,0,2500,0
20230101T000014.100000,3,1229,9491,7350.82,586.519,0,0,0,2500,0,0,2500,0,2500,0
20230101T000014.100000,3,1230,705.351,833.609,152.979,0,0,0,2500,0,0,2500,0,2500,0
20230101T000014.100000,3,1231,679.758,791.215,136.517,0,0,0,2500,0,0,2500,0,2500,0
20230101T000014.200000,6,1365,2152.17,-1307.82,-335.413,0,0,0,2913.99,4395.64,1147.83,7476.45,-697.503,10148.7,2.16686e+14
20230101T000014.200000,6,1366,3687.84,-2362.81,97.5586,0,0,0,8988.77,13905.9,-574.449,21783.3,368.052,30692.9,1.32679e+14
20230101T000014.200000,6,1367,10732.2,-4812.7,1035.42,0,0,0,38540.4,81976.9,-17774.5,184584,7970.75,221346,1.38101e+14
20230101T000014.200000,6,1368,7971.48,-2706.7,545.724,0,0,0,12206.4,34357.8,-6956.45,101727,2362.05,113393,9.09334e+13
20230101T000014.200000,6,1369,3421.09,-656.283,-685.845,0,0,0,1474.46,3441.67,3742.22,18755.1,-717.888,19417.7,1.71878e+14
20230101T000014.200000,6,1370,3017.52,-165.421,-207.818,0,0,0,176.184,791.399,998.978,14569.1,-54.7639,14612.8,1.77849e+14
20230101T000014.200000,6,1371,8247.77,217.861,1414.38,0,0,0,3336.59,-2788.86,-18654.1,108843,-492.74,108919,1.54201e+14
20230101T000014.200000,6,1372,5068.83,621.626,861.42,0,0,0,1849.26,-4890.5,-6975.8,41127.3,-855.493,41728.9,1.31293e+14
20230101T000014.200000,6,1373,9526.18,6604.36,-304.686,0,0,0,69931.5,-100563,4642.61,145266,3218.65,214985,2.76379e+14
20230101T000014.200000,6,1374,5471.86,2907.3,-328.511,0,0,0,13708.3,-25355.3,2873.12,47958,1526.54,61430,1.80892e+14
20230101T000014.200000,6,1375,5388.99,1550.74,-1022.29,0,0,0,5449.13,-12910.2,8803.77,46598.5,2533.38,50315.6,2.26416e+14
20230101T000014.200000,6,1376,8196.33,3880.45,588.521,0,0,0,24597.4,-50649.8,-7714.21,107601,-3652.2,131581,1.22009e+14
20230101T000014.200000,6,1377,841.057,695.716,156.4,0,0,0,834.905,-886.197,-203.543,1173.18,-168.369,1907.52,4.05769e+22
20230101T000014.200000,6,1378,7281.91,9381.82,1847.46,0,0,0,142906,-106633,-21518.9,88288.8,-27724.3,225673,4.54316e+14
20230101T000014.200000,6,1379,798.787,668.378,147.95,0,0,0,772.267,-806.115,-182.254,1061.15,-152.5,1736.93,9.6295e+19
20230101T000014.200000,4,1230,789.441,762.121,154.913,8.3258,-7.07803,0.191473,667.682,-495.26,-91.9771,501.425,-108.702,1078.84,0
20230101T000014.200000,4,1231,756.104,724.433,143.241,7.55898,-6.61209,0.66571,626.367,-470.352,-82.0399,482.988,-95.4917,1024.36,0
20230101T000014.200000,3,1232,2152.17,-1307.82,-335.413,0,0,0,2500,0,0,2500,0,2500,0
20230101T000014.200000,3,1233,3687.84,-2362.81,97.5586,0,0,0,2500,0,0,2500,0,2500,0
20230101T000014.200000,3,1234,10732.2,-4812.7,1035.42,0,0,0,2500,0,0,2500,0,2500,0
20230101T000014.200000,3,1235,7971.48,-2706.7,545.724,0,0,0,2500,0,0,2500,0,2500,0
20230101T000014.200000,3,1236,3421.09,-656.283,-685.845,0,0,0,2500,0,0,2500,0,2500,0
20230101T000014.200000,3,1237,3017.53,-165.421,-207.818,0,0,0,2500,0,0,2500,0,2500,0
20230101T000014.200000,3,1238,8247.77,217.861,1414.38,0,0,0,2500,0,0,2500,0,2500,0
20230101T000014.200000,3,1239,5068.83,621.626,861.42,0,0,0,2500,0,0,2500,0,2500,0
20230101T000014.200000,3,1240,9526.18,6604.36,-304.686,0,0,0,2500,0,0,2500,0,2500,0
20230101T000014.200000,3,1241,5471.86,2907.3,-328.511,0,0,0,2500,0,0,2500,0,2500,0
20230101T000014.200000,3,1242,5388.99,1550.74,-1022.29,0,0,0,2500,0,0,2500,0,2500,0
20230101T000014.200000,3,1243,8196.33,3880.45,588.521,0,0,0,2500,0,0,2500,0,2500,0
20230101T000014.200000,3,1244,7281.91,9381.82,1847.46,0,0,0,2500,0,0,2500,0,2500,0
20230101T000014.300000,6,1380,9578.29,-6596.75,1941.18,0,0,0,73759.1,98251.5,-29740.5,148750,20482.9,216419,1.46924e+14
20230101T000014.300000,6,1381,6476.77,-7831.1,-29.8366,0,0,0,98148.4,81120.2,309.072,67156.5,-373.701,165239,6.98203e+13
20230101T000014.300000,6,1382,4130.36,-3324.89,1352.41,0,0,0,19500,20514,-8925.59,28470.1,7184.99,44987.5,1.15218e+14
20230101T000014.300000,6,1383,2905.75,-985.078,-401.48,0,0,0,1840.36,4482.27,1858.76,13542.5,-630.139,15063.1,1.89432e+14
20230101T000014.300000,6,1384,10401,-5214.53,990.72,0,0,0,44811.9,86123.4,-16482.3,173417,8263.4,216596,1.0186e+14
20230101T000014.300000,6,1385,10387.4,-5339.02,1620.45,0,0,0,48981.2,86999.9,-26923.8,173528,13838.6,218246,1.61076e+14
20230101T000014.300000,6,1386,4360.24,-1603.19,-514.855,0,0,0,4541.67,11026.6,3585.25,30476.8,-1318.24,34531.9,1.32022e+14
20230101T000014.300000,6,1387,7066.71,-3771.22,-207.521,0,0,0,22858.7,42584.9,2344.92,79930.8,-1251.39,102657,1.19492e+14
20230101T000014.300000,6,1388,9176.36,-2179.47,-1657.47,0,0,0,11819.7,30997.1,24324.6,134967,-5777.31,142331,8.58137e+13
20230101T000014.300000,6,1389,3050.97,-112.97,-503.742,0,0,0,488.091,534.152,2448.77,14894.1,-90.6719,14915.6,1.77841e+14
20230101T000014.300000,6,1390,10377.7,-510.023,67.2632,0,0,0,487.261,8465.1,-1116.45,172315,54.8688,172731,2.65659e+14
20230101T000014.300000,6,1391,8665.81,-135.496,-485.137,0,0,0,469.64,1871.81,6722.99,120154,-105.119,120183,1.13352e+14
20230101T000014.300000,6,1392,8822.81,130.771,-1338.52,0,0,0,2955.88,-1802.63,18885.7,124548,279.923,124576,1.8444e+14
20230101T000014.300000,6,1393,8846.73,4941.42,1501.67,0,0,0,41865.9,-68381.9,-21247.6,126096,-11868,164293,1.90864e+14
20230101T000014.300000,6,1394,7913.94,1414.88,-1070.79,0,0,0,5041.65,-17586.9,13550.4,100268,2422.57,103413,1.48983e+14
20230101T000014.300000,6,1395,903.094,518.892,148.776,0,0,0,504.577,-707.382,-207.205,1329.28,-119.054,1737,7.80898e+19
20230101T000014.300000,6,1396,5063.23,2838.5,1281.56,0,0,0,14937.2,-21848.2,-10370.4,41661,-5813.75,53912.3,3.37849e+14
20230101T000014.300000,6,1397,944.997,546.489,156.11,0,0,0,554.06,-782.211,-228.273,1454.32,-132.01,1907.95,3.35261e+22
20230101T000014.300000,6,1398,7127.06,5881.03,700.452,0,0,0,55843.3,-66646.6,-7983.75,81615.9,-6587.94,136611,1.782e+14
20230101T000014.300000,4,1234,10714.3,-4812.43,1040.61,-1.76788,0.0266487,0.51463,485.539,901.8,-194.033,2092.12,87.0117,2478.02,0
20230101T000014.300000,4,1237,3078.36,-160.838,-254.246,6.02318,0.4537,-4.59687,78.4987,113.723,142.972,2146.74,-7.83772,2144.62,0
20230101T000014.300000,3,1245,9578.29,-6596.75,1941.18,0,0,0,2500,0,0,2500,0,2500,0
20230101T000014.300000,3,1246,6476.77,-7831.1,-29.8366,0,0,0,2500,0,0,2500,0,2500,0
20230101T000014.300000,3,1247,4130.36,-3324.89,1352.41,0,0,0,2500,0,0,2500,0,2500,0
20230101T000014.300000,3,1248,2905.75,-985.078,-401.48,0,0,0,2500,0,0,2500,0,2500,0
20230101T000014.300000,3,1249,10401,-5214.53,990.72,0,0,0,2500,0,0,2500,0,2500,0
20230101T000014.300000,3,1250,4360.24,-1603.19,-514.855,0,0,0,2500,0,0,2500,0,2500,0
20230101T000014.300000,3,1251,7066.71,-3771.22,-207.521,0,0,0,2500,0,0,2500,0,2500,0
20230101T000014.300000,3,1252,9176.36,-2179.47,-1657.47,0,0,0,2500,0,0,2500,0,2500,0
20230101T000014.300000,3,1253,10377.7,-510.023,67.2632,0,0,0,2500,0,0,2500,0,2500,0
20230101T000014.300000,3,1254,8665.8,-135.496,-485.137,0,0,0,2500,0,0,2500,0,2500,0
20230101T000014.300000,3,1255,8822.81,130.771,-1338.52,0,0,0,2500,0,0,2500,0,2500,0
20230101T000014.300000,3,1256,8846.73,4941.42,1501.67,0,0,0,2500,0,0,2500,0,2500,0
20230101T000014.300000,3,1257,7913.94,1414.88,-1070.79,0,0,0,2500,0,0,2500,0,2500,0
20230101T000014.300000,3,1258,903.094,518.892,148.776,0,0,0,2500,0,0,2500,0,2500,0
20230101T000014.300000,3,1259,5063.23,2838.5,1281.56,0,0,0,2500,0,0,2500,0,2500,0
20230101T000014.300000,3,1260,944.997,546.489,156.11,0,0,0,2500,0,0,2500,0,2500,0
20230101T000014.300000,3,1261,7127.06,5881.03,700.452,0,0,0,2500,0,0,2500,0,2500,0
20230101T000014.400000,6,1399,1254.75,-1814.36,198.615,0,0,0,5308,3583.29,-395.49,2604.7,571.873,7786.61,1.71685e+14
20230101T000014.400000,6,1400,54.3925,-35.1471,7.06307,0,0,0,46.6506,-25.8085,5.1791,23.3871,-3.34661,7.46253,1.51643e+14
20230101T000014.400000,6,1401,10315.5,2015.65,-746.467,0,0,0,7420.65,-33088,12315.8,170290,2406.52,176755,1.98643e+14
20230101T000014.400000,6,1402,7604.15,1589.84,-871.285,0,0,0,5268.44,-19087,10593.7,92570.4,2214.87,96561.8,2.35857e+14
20230101T000014.400000,6,1403,979.183,355.039,147.247,0,0,0,287.799,-525.013,-222.351,1545.4,-80.6216,1737.02,9.60843e+19
20230101T000014.400000,6,1404,1027.24,370.164,154.105,0,0,0,308.402,-576.265,-244.953,1699.94,-88.268,1908.85,4.14906e+22
20230101T000014.400000,6,1405,7540.88,1956.46,-645.922,0,0,0,6809.35,-23427.7,7788.2,91029.9,2020.62,97108.5,2.46294e+14
20230101T000014.400000,6,1406,3536.6,2378.39,-426.242,0,0,0,9294.54,-13294.3,2406.66,20122.3,1618.49,29063.5,1.36446e+14
20230101T000014.400000,6,1407,6483.03,6147.64,2201.37,0,0,0,64583.9,-59867,-22823.7,70947.1,-21642.9,127721,2.53201e+14
20230101T000014.400000,4,1258,956.437,425.911,147.866,5.28152,-9.20609,-0.0900841,316.937,-408.918,-118.772,793.676,-68.2429,1021.4,0
20230101T000014.400000,4,1260,1000.68,450.481,154.976,5.51351,-9.50577,-0.112225,334.597,-434.737,-125.74,834.943,-72.7151,1078.13,0
20230101T000014.400000,3,1262,1254.75,-1814.36,198.615,0,0,0,2500,0,0,2500,0,2500,0
20230101T000014.400000,3,1263,54.3925,-35.1471,7.06307,0,0,0,2500,0,0,2500,0,2500,0
20230101T000014.400000,3,1264,10315.5,2015.65,-746.467,0,0,0,2500,0,0,2500,0,2500,0
20230101T000014.400000,3,1265,7604.15,1589.84,-871.285,0,0,0,2500,0,0,2500,0,2500,0
20230101T000014.400000,3,1266,7540.88,1956.46,-645.922,0,0,0,2500,0,0,2500,0,2500,0
20230101T000014.400000,3,1267,3536.6,2378.39,-426.242,0,0,0,2500,0,0,2500,0,2500,0
20230101T000014.400000,3,1268,6483.03,6147.64,2201.37,0,0,0,2500,0,0,2500,0,2500,0
20230101T000014.500000,6,1408,622.821,-845.548,9.20302,0,0,0,1166.48,811.978,-8.83834,662.224,11.999,1764.58,4.77751e+15
20230101T000014.500000,6,1409,5039.51,-5320.85,-41.1082,0,0,0,45329.8,42869.8,331.218,40669.8,-349.708,85932.9,9.84221e+13
20230101T000014.500000,6,1410,3753.62,-4542.88,-172.622,0,0,0,33065.7,27228.8,1035.54,22609.8,-1253.28,55564,1.75763e+14
20230101T000014.500000,6,1411,4682.04,-4266.37,-652.499,0,0,0,29529.8,31589.8,4883.22,35412.1,-4449.69,64198.1,2.23018e+14
20230101T000014.500000,6,1412,2494.75,-554.794,-78.6479,0,0,0,562.832,2198.87,312.01,9961.5,-69.3864,10450.6,1.54995e+14
20230101T000014.500000,6,1413,3063.84,-1229.47,-497.735,0,0,0,2813.86,5868.4,2431.21,15083,-975.607,17439.3,1.11144e+14
20230101T000014.500000,6,1414,7583.31,-5053.43,1274.89,0,0,0,42703.8,60085.8,-15461.3,92829.6,10303.2,132871,1.51614e+14
20230101T000014.500000,6,1415,3818.76,159.282,-736.255,0,0,0,968.004,-934.535,4486.66,23334.3,187.14,23375.6,2.15194e+14
20230101T000014.500000,6,1416,1073.35,182.514,159.599,0,0,0,153.801,-296.352,-265.034,1846.23,-45.0668,1897.97,1.20832e+22
20230101T000014.500000,6,1417,5738.28,1979.57,234.699,0,0,0,6405.81,-18128.1,-2152.5,52700.8,-742.562,58954.6,9.95536e+13
20230101T000014.500000,6,1418,5820.97,1942.21,-203.718,0,0,0,6152.76,-18049.7,1895.33,54226.9,632.39,60249.4,8.61318e+13
20230101T000014.500000,6,1419,4369.45,2832.09,216.998,0,0,0,12931.2,-19735.9,-1514.82,30588.5,-981.843,43380.6,1.14246e+14
20230101T000014.500000,6,1420,8988.55,6320.72,318.453,0,0,0,64073.8,-90796.1,-4578.37,129345,-3219.5,193193,1.09409e+14
20230101T000014.500000,6,1421,4338.55,5316.63,770.107,0,0,0,45631,-36410.5,-5341.36,30724.4,-6545.5,75344,1.19323e+14
20230101T000014.500000,6,1422,3460.46,5125.44,-677.509,0,0,0,42282,-28008.3,3747.31,19707.6,5550.31,61192.6,1.17728e+14
20230101T000014.500000,3,1269,622.821,-845.548,9.20302,0,0,0,2500,0,0,2500,0,2500,0
20230101T000014.500000,3,1270,5039.51,-5320.85,-41.1082,0,0,0,2500,0,0,2500,0,2500,0
20230101T000014.500000,3,1271,3753.62,-4542.88,-172.622,0,0,0,2500,0,0,2500,0,2500,0
20230101T000014.500000,3,1272,4682.04,-4266.37,-652.499,0,0,0,2500,0,0,2500,0,2500,0
20230101T000014.500000,3,1273,2494.75,-554.794,-78.6479,0,0,0,2500,0,0,2500,0,2500,0
20230101T000014.500000,3,1274,3063.84,-1229.47,-497.735,0,0,0,2500,0,0,2500,0,2500,0
20230101T000014.500000,3,1275,7583.31,-5053.43,1274.89,0,0,0,2500,0,0,2500,0,2500,0
20230101T000014.500000,3,1276,3818.76,159.282,-736.255,0,0,0,2500,0,0,2500,0,2500,0
20230101T000014.500000,3,1277,1073.35,182.514,159.599,0,0,0,2500,0,0,2500,0,2500,0
20230101T000014.500000,3,1278,5738.28,1979.57,234.699,0,0,0,2500,0,0,2500,0,2500,0
20230101T000014.500000,3,1279,5820.97,1942.21,-203.718,0,0,0,2500,0,0,2500,0,2500,0
20230101T000014.500000,3,1280,4369.45,2832.09,216.998,0,0,0,2500,0,0,2500,0,2500,0
20230101T000014.500000,3,1281,8988.55,6320.72,318.453,0,0,0,2500,0,0,2500,0,2500,0
20230101T000014.500000,3,1282,4338.55,5316.63,770.107,0,0,0,2500,0,0,2500,0,2500,0
20230101T000014.500000,3,1283,3460.46,5125.44,-677.509,0,0,0,2500,0,0,2500,0,2500,0
20230101T000014.600000,6,1423,2970.97,-3837.5,26.2785,0,0,0,23586.7,18210.3,-124.704,14163.4,161.076,37685,9.8138e+13
20230101T000014.600000,6,1424,1092.17,0.0387974,151.367,0,0,0,99.4532,-0.0642641,-255.807,1908.52,-0.00908709,1909.73,1.49112e+22
20230101T000014.600000,6,1425,1041.54,2.41765,147.235,0,0,0,97.4401,-3.80275,-236.492,1735.68,-0.548951,1736.94,3.37765e+19
20230101T000014.600000,6,1426,5715.9,1045.54,197.61,0,0,0,1871.35,-9539.53,-1805.09,52278.5,-330.182,54023.6,1.22702e+14
20230101T000014.600000,6,1427,5573.49,2714.47,688.964,0,0,0,12454.3,-23882.7,-6137.58,49859.8,-2989.2,61492.2,1.0329e+14
20230101T000014.600000,6,1428,6276.24,1499.77,1004.66,0,0,0,5185.73,-14681.5,-10079.4,63116.4,-2408.56,66626.2,1.36402e+14
20230101T000014.600000,6,1429,4432.02,1672.7,696.399,0,0,0,5210.72,-11584.5,-4929.71,31533.1,-1860.53,35906.5,1.70503e+14
20230101T000014.600000,6,1430,7552.74,1768.39,968.854,0,0,0,6487.1,-21022.5,-11700.3,91351.6,-2739.51,96274.7,2.20359e+14
20230101T000014.600000,6,1431,8143.71,8898.94,-954.337,0,0,0,127399,-115195,12431.6,106940,13584.4,232818,1.29761e+14
20230101T000014.600000,6,1432,285.751,266.62,5.87942,0,0,0,147.973,-89.9552,-1.98427,160.451,-1.85142,244.398,2.48833e+14
20230101T000014.600000,4,1277,1093.7,79.774,155.085,2.01541,-10.1723,-0.44691,112.237,-165.084,-146.26,1055.01,-24.8703,1074.5,0
20230101T000014.600000,3,1284,2970.97,-3837.5,26.2785,0,0,0,2500,0,0,2500,0,2500,0
20230101T000014.600000,3,1285,1041.54,2.41765,147.235,0,0,0,2500,0,0,2500,0,2500,0
20230101T000014.600000,3,1286,5715.9,1045.54,197.61,0,0,0,2500,0,0,2500,0,2500,0
20230101T000014.600000,3,1287,5573.49,2714.47,688.964,0,0,0,2500,0,0,2500,0,2500,0
20230101T000014.600000,3,1288,6276.24,1499.77,1004.66,0,0,0,2500,0,0,2500,0,2500,0
20230101T000014.600000,3,1289,4432.02,1672.7,696.398,0,0,0,2500,0,0,2500,0,2500,0
20230101T000014.600000,3,1290,7552.74,1768.39,968.854,0,0,0,2500,0,0,2500,0,2500,0
20230101T000014.600000,3,1291,8143.71,8898.94,-954.337,0,0,0,2500,0,0,2500,0,2500,0
20230101T000014.600000,3,1292,285.751,266.62,5.87942,0,0,0,2500,0,0,2500,0,2500,0
20230101T000014.700000,6,1433,3718.43,-1852.27,819.831,0,0,0,6400.42,10566.3,-4866.69,22348.8,2424.26,27614.6,1.96915e+14
20230101T000014.700000,6,1434,9595.66,-2730.85,1658.48,0,0,0,16060.9,40752,-25452.8,147657,7243.67,159257,2.5634e+14
20230101T000014.700000,6,1435,8869.97,-3581.51,-715.229,0,0,0,21282,50522.3,10146.1,126006,-4096.78,146406,1.39611e+14
20230101T000014.700000,6,1436,1075.4,-187.872,154.478,0,0,0,154.409,306.151,-257.055,1853.37,44.9073,1908.11,1.68513e+22
20230101T000014.700000,6,1437,1030.04,-162.41,139.662,0,0,0,134.002,253.188,-221.855,1699.87,34.9804,1740.92,3.71563e+19
20230101T000014.700000,6,1438,7474.68,2842.35,503.64,0,0,0,13336.6,-33837.1,-6019.52,89452.6,-2289.01,102320,1.13504e+14
20230101T000014.700000,6,1439,1692.81,2562.43,-206.75,0,0,0,10545.8,-6879.58,557.617,4676.94,844.072,15091,8.23286e+13
20230101T000014.700000,6,1440,8570.05,7114.82,-2648.47,0,0,0,87672.8,-92013.5,36304.9,122117,30140.2,198510,1.47605e+14
20230101T000014.700000,4,1285,1042.57,-95.5408,142.797,0.10277,-9.69887,-0.439477,81.5895,-2.19827,-135.583,1028.61,-0.31472,1021.53,0
20230101T000014.700000,3,1293,3718.43,-1852.27,819.831,0,0,0,2500,0,0,2500,0,2500,0
20230101T000014.700000,3,1294,9595.66,-2730.85,1658.48,0,0,0,2500,0,0,2500,0,2500,0
20230101T000014.700000,3,1295,8869.97,-3581.51,-715.229,0,0,0,2500,0,0,2500,0,2500,0
20230101T000014.700000,3,1296,1075.4,-187.872,154.478,0,0,0,2500,0,0,2500,0,2500,0
20230101T000014.700000,3,1297,7474.68,2842.35,503.64,0,0,0,2500,0,0,2500,0,2500,0
20230101T000014.700000,3,1298,1692.81,2562.43,-206.75,0,0,0,2500,0,0,2500,0,2500,0
20230101T000014.700000,3,1299,8570.05,7114.82,-2648.47,0,0,0,2500,0,0,2500,0,2500,0
20230101T000014.800000,6,1441,6245.86,-4340.93,1111.44,0,0,0,31524.9,42424.9,-11099.5,63081.4,7714.28,92568.5,1.2344e+14
20230101T000014.800000,6,1442,4872.72,-4896.62,-432.95,0,0,0,38544,37994,3372.61,38172.2,-3389.15,76352.8,1.47617e+14
20230101T000014.800000,6,1443,3731.03,-699.417,-602.234,0,0,0,1403.6,4058.88,3585.39,22294.7,-672.116,23057.2,1.45372e+14
20230101T000014.800000,6,1444,1026.41,-366.347,151.023,0,0,0,302.804,570.202,-239.823,1696.84,85.5981,1901.57,6.621e+21
20230101T000014.800000,6,1445,3796.83,-550.231,-231.851,0,0,0,631.101,3321.36,1404.67,23068.6,-203.562,23550.1,1.41659e+14
20230101T000014.800000,6,1446,9928.76,-871.75,-571.272,0,0,0,1797.39,13797.6,9071.59,157733,-796.491,158944,1.72869e+14
20230101T000014.800000,6,1447,7125.35,1518.17,-629.141,0,0,0,4354.34,-17166,7167.2,81263.3,1527.09,84921.3,2.48691e+14
20230101T000014.800000,6,1448,4879.17,773.727,1117.43,0,0,0,2966.09,-5721.77,-8709.85,38140.6,-1381.19,39051.1,2.11236e+14
20230101T000014.800000,6,1449,9204.41,199.271,-899.863,0,0,0,1421.9,-2905.26,13246.1,135555,286.772,135618,2.64402e+14
20230101T000014.800000,6,1450,10781.5,3934.9,922.935,0,0,0,26032.4,-67419.4,-15916.2,186154,-5808.9,210760,1.37993e+14
20230101T000014.800000,6,1451,7584.86,2962.78,14.7265,0,0,0,14100.8,-35933.9,-178.609,92056.6,-69.768,106093,1.36939e+14
20230101T000014.800000,6,1452,4911.22,983.958,751.915,0,0,0,2478.94,-7545.6,-5899.3,38629.5,-1181.92,40142.6,2.13807e+14
20230101T000014.800000,6,1453,1908.97,1309.97,-465.137,0,0,0,3022.79,-3810.91,1410.5,5961.17,967.911,8578.76,1.55362e+14
20230101T000014.800000,6,1454,2609.88,3072.13,-251.812,0,0,0,15170.1,-12747.1,1048.94,10994.3,1234.72,25999.5,1.00998e+14
20230101T000014.800000,6,1455,7094.6,8268.84,-32.1593,0,0,0,109426,-93830.1,364.929,80571.2,425.329,189931,9.50354e+13
20230101T000014.800000,6,1456,228.049,179.454,41.5397,0,0,0,91.9625,-33.6591,-8.10192,108.25,-6.37549,136.021,1.14755e+14
20230101T000014.800000,6,1457,738.961,718.287,199.401,0,0,0,889.928,-786.629,-227.2,934.579,-220.843,1701.51,6.58218e+15
20230101T000014.800000,6,1458,3366.71,3906.34,-629.448,0,0,0,24712.3,-20697.7,3385.64,18535.5,3928.31,42551.7,9.92649e+13
20230101T000014.800000,4,1292,236.019,179.141,49.8629,-9.56391,-16.8228,8.45839,137.377,-80.251,-1.77018,148.508,-1.65166,223.396,0
20230101T000014.800000,4,1296,1055.26,-291.61,152.39,-1.99459,-10.2712,-0.206758,112.484,170.144,-141.614,1056.69,24.7398,1078.36,0
20230101T000014.800000,4,1297,7593.29,2889.31,499.907,11.7434,4.6495,-0.369583,374.132,-794.774,-140.841,2161.97,-53.5567,2454.93,0
20230101T000014.800000,3,1300,6245.86,-4340.93,1111.44,0,0,0,2500,0,0,2500,0,2500,0
20230101T000014.800000,3,1301,4872.72,-4896.62,-432.95,0,0,0,2500,0,0,2500,0,2500,0
20230101T000014.800000,3,1302,3731.03,-699.417,-602.234,0,0,0,2500,0,0,2500,0,2500,0
20230101T000014.800000,3,1303,3796.83,-550.231,-231.851,0,0,0,2500,0,0,2500,0,2500,0
20230101T000014.800000,3,1304,9928.76,-871.75,-571.272,0,0,0,2500,0,0,2500,0,2500,0
20230101T000014.800000,3,1305,7125.35,1518.17,-629.141,0,0,0,2500,0,0,2500,0,2500,0
20230101T000014.800000,3,1306,4879.17,773.727,1117.43,0,0,0,2500,0,0,2500,0,2500,0
20230101T000014.800000,3,1307,9204.41,199.271,-899.863,0,0,0,2500,0,0,2500,0,2500,0
20230101T000014.800000,3,1308,10781.5,3934.9,922.935,0,0,0,2500,0,0,2500,0,2500,0
20230101T000014.800000,3,1309,4911.22,983.958,751.915,0,0,0,2500,0,0,2500,0,2500,0
20230101T000014.800000,3,1310,1908.97,1309.97,-465.137,0,0,0,2500,0,0,2500,0,2500,0
20230101T000014.800000,3,1311,2609.88,3072.13,-251.812,0,0,0,2500,0,0,2500,0,2500,0
20230101T000014.800000,3,1312,7094.6,8268.84,-32.1593,0,0,0,2500,0,0,2500,0,2500,0
20230101T000014.800000,3,1313,738.961,718.287,199.401,0,0,0,2500,0,0,2500,0,2500,0
20230101T000014.800000,3,1314,3366.71,3906.34,-629.448,0,0,0,2500,0,0,2500,0,2500,0
20230101T000014.900000,6,1459,9012.11,-7839.41,-1720.47,0,0,0,101062,110663,24801.4,132016,-21574.1,228281,1.84917e+14
20230101T000014.900000,6,1460,937.731,-465.8,101.265,0,0,0,411.17,667.073,-146.443,1422.74,72.7428,1754.69,1.49059e+17
20230101T000014.900000,6,1461,7675.03,-3675.88,1712.24,0,0,0,25484.9,43288.5,-21015.2,95136.4,10065,115871,1.03106e+14
20230101T000014.900000,6,1462,7472.08,-4128.14,-1900.39,0,0,0,31740.3,46881.6,22708,90696.8,-12545.6,116601,9.1124e+13
20230101T000014.900000,6,1463,5661.21,-2020.59,-1079.97,0,0,0,8242.75,17692,9771.81,51496.8,-3487.75,57813.4,9.86025e+13
20230101T000014.900000,6,1464,941.136,-551.506,158.258,0,0,0,563.143,785.646,-230.462,1443.45,135.051,1905.15,6.73782e+19
20230101T000014.900000,6,1465,5350.51,-1090.29,-696.162,0,0,0,2706.95,9169.75,5951.84,45838.1,-1212.83,47707.7,2.15006e+14
20230101T000014.900000,6,1466,9504.75,3967.46,-728.854,0,0,0,25963.2,-60010.7,11080,144680,4624.98,169730,8.23363e+13
20230101T000014.900000,6,1467,7449.94,2973.67,346.982,0,0,0,14369.6,-35357.5,-4133.43,88837.9,-1649.87,102951,2.11423e+14
20230101T000014.900000,6,1468,6708.14,7347.04,-1411.83,0,0,0,87844.9,-77236.7,15147.2,73772.1,16589.9,158366,1.6937e+14
20230101T000014.900000,6,1469,3898.9,4647.67,1046.62,0,0,0,35310.9,-28099.6,-6522.17,25387.4,-7774.73,58885.4,1.05083e+14
20230101T000014.900000,3,1315,9012.11,-7839.41,-1720.47,0,0,0,2500,0,0,2500,0,2500,0
20230101T000014.900000,3,1316,937.731,-465.8,101.265,0,0,0,2500,0,0,2500,0,2500,0
20230101T000014.900000,3,1317,7675.03,-3675.88,1712.24,0,0,0,2500,0,0,2500,0,2500,0
20230101T000014.900000,3,1318,7472.08,-4128.14,-1900.39,0,0,0,2500,0,0,2500,0,2500,0
20230101T000014.900000,3,1319,5661.21,-2020.59,-1079.97,0,0,0,2500,0,0,2500,0,2500,0
20230101T000014.900000,3,1320,941.136,-551.506,158.258,0,0,0,2500,0,0,2500,0,2500,0
20230101T000014.900000,3,1321,5350.51,-1090.29,-696.162,0,0,0,2500,0,0,2500,0,2500,0
20230101T000014.900000,3,1322,9504.75,3967.46,-728.854,0,0,0,2500,0,0,2500,0,2500,0
20230101T000014.900000,3,1323,7449.94,2973.67,346.982,0,0,0,2500,0,0,2500,0,2500,0
20230101T000014.900000,3,1324,6708.14,7347.04,-1411.83,0,0,0,2500,0,0,2500,0,2500,0
20230101T000014.900000,3,1325,3898.9,4647.67,1046.62,0,0,0,2500,0,0,2500,0,2500,0
20230101T000015,6,1470,837.693,-700.844,151.932,0,0,0,844.551,890.271,-196.937,1163.83,164.765,1909.87,2.90908e+21
20230101T000015,6,1471,6259.88,-7863.81,-1122.19,0,0,0,99749.3,77749.8,11235.2,63969.8,-14113.9,161642,1.26556e+14
20230101T000015,6,1472,6407.44,-7672.41,-1831.48,0,0,0,96416.1,75985.9,18768.9,68886.6,-22474.3,159876,1.23124e+14
20230101T000015,6,1473,797.56,-672.516,134.812,0,0,0,777.43,812.843,-165.814,1056.01,139.817,1742.46,6.37911e+18
20230101T000015,6,1474,5063.87,-6586.47,1367.34,0,0,0,70545,51889.3,-11072.2,42947.7,14401.4,110441,1.42829e+14
20230101T000015,6,1475,5416.5,-3854.52,-779.49,0,0,0,24459,32915.8,6749.35,47289.7,-4803.01,70714.3,1.32085e+14
20230101T000015,6,1476,8231.42,-4580.77,-1628.36,0,0,0,36860.2,58500.8,21436.6,109428,-11929.4,141985,2.56641e+14
20230101T000015,6,1477,2327.21,215.736,337.76,0,0,0,317.599,-780.761,-1248.64,8667.54,-115.751,8741.22,2.26082e+14
20230101T000015,6,1478,10793.4,-1022.24,321.832,0,0,0,1899.59,17632,-5555.97,186398,526.205,188068,1.27325e+14
20230101T000015,6,1479,6755.89,1229.13,-727.89,0,0,0,3299.05,-13125.8,7861.46,73056.4,1430.28,75445.1,1.48761e+14
20230101T000015,6,1480,6277.19,-36.2075,1548.78,0,0,0,3900.26,341.165,-15540.3,63045.1,89.6382,63050.8,1.30549e+14
20230101T000015,6,1481,9162.74,65.827,-640.006,0,0,0,725.958,-959.883,9378.28,134329,67.3755,134336,1.23614e+14
20230101T000015,6,1482,2266.95,544.897,374.903,0,0,0,746.639,-1911.13,-1350.06,8238.2,-324.509,8699.18,2.11982e+14
20230101T000015,6,1483,3916.97,1268.12,162.896,0,0,0,2669.29,-7916.36,-1018.49,24558.3,-329.737,27121.4,9.39565e+13
20230101T000015,6,1484,6774.17,4370.15,-33.7608,0,0,0,30603.7,-47336.7,365.697,73442.5,235.918,103980,8.40608e+13
20230101T000015,6,1485,5307.69,2356.16,-1414.56,0,0,0,11607.4,-18799.5,11999.5,45611.5,5326.73,53960.5,8.66287e+13
20230101T000015,6,1486,2928.75,2427.39,-654.275,0,0,0,9870.43,-11007.7,3057.7,14028.4,2534.27,23153.6,1.38665e+14
20230101T000015,6,1487,7184.44,5401.03,-568.676,0,0,0,47045.1,-61806.3,6533.77,82795.8,4911.88,129260,2.00226e+14
20230101T000015,4,1307,9141.67,195.407,-888.926,-12.0663,-0.742997,2.10332,87.1714,-53.3426,240.928,2549.94,5.21596,2527.99,0
20230101T000015,4,1320,889.595,-641.408,154.715,-5.10309,-8.90119,-0.350784,339.814,436.93,-126.995,829.387,74.4193,1076.98,0
20230101T000015,3,1326,6259.88,-7863.81,-1122.19,0,0,0,2500,0,0,2500,0,2500,0
20230101T000015,3,1327,6407.44,-7672.42,-1831.48,0,0,0,2500,0,0,2500,0,2500,0
20230101T000015,3,1328,797.56,-672.516,134.812,0,0,0,2500,0,0,2500,0,2500,0
20230101T000015,3,1329,5063.87,-6586.47,1367.34,0,0,0,2500,0,0,2500,0,2500,0
20230101T000015,3,1330,5416.5,-3854.52,-779.491,0,0,0,2500,0,0,2500,0,2500,0
20230101T000015,3,1331,8231.42,-4580.77,-1628.36,0,0,0,2500,0,0,2500,0,2500,0
20230101T000015,3,1332,2327.21,215.736,337.76,0,0,0,2500,0,0,2500,0,2500,0
20230101T000015,3,1333,10793.4,-1022.24,321.832,0,0,0,2500,0,0,2500,0,2500,0
20230101T000015,3,1334,6755.89,1229.13,-727.89,0,0,0,2500,0,0,2500,0,2500,0
20230101T000015,3,1335,6277.19,-36.2075,1548.78,0,0,0,2500,0,0,2500,0,2500,0
20230101T000015,3,1336,2266.95,544.896,374.903,0,0,0,2500,0,0,2500,0,2500,0
20230101T000015,3,1337,3916.97,1268.12,162.896,0,0,0,2500,0,0,2500,0,2500,0
20230101T000015,3,1338,6774.17,4370.15,-33.7608,0,0,0,2500,0,0,2500,0,2500,0
20230101T000015,3,1339,5307.69,2356.16,-1414.56,0,0,0,2500,0,0,2500,0,2500,0
20230101T000015,3,1340,2928.75,2427.39,-654.275,0,0,0,2500,0,0,2500,0,2500,0
20230101T000015,3,1341,7184.44,5401.03,-568.676,0,0,0,2500,0,0,2500,0,2500,0
20230101T000015.100000,6,1488,3707.1,-3539.25,-619.765,0,0,0,20396.6,20654.1,3670.54,22311.3,-3504.34,42031.2,1.02185e+14
20230101T000015.100000,6,1489,10121.8,-1860.78,-603.12,0,0,0,6164.69,30020.1,9763.74,163941,-1794.96,169460,1.92544e+14
20230101T000015.100000,6,1490,4354.43,366.559,311.638,0,0,0,432.508,-2535.54,-2166.68,30339.3,-182.393,30553,1.701e+14
20230101T000015.100000,6,1491,813.122,976.398,-276.163,0,0,0,1600.36,-1180.23,350.787,1166.01,421.225,2586.12,1.09841e+22
20230101T000015.100000,6,1492,3600.96,2722.35,-517.621,0,0,0,12170.9,-15448.3,2976.51,20925.9,2250.27,32605.8,1.95627e+14
20230101T000015.100000,6,1493,2217.25,2964.41,-571.739,0,0,0,14270.5,-10235.7,2022.52,8241.4,2704.06,21927.8,1.25215e+14
20230101T000015.100000,6,1494,6773.2,7935.09,-370.84,0,0,0,100865,-85853.3,4017.36,73566.2,4706.51,174147,1.14487e+14
20230101T000015.100000,3,1342,3707.1,-3539.25,-619.765,0,0,0,2500,0,0,2500,0,2500,0
20230101T000015.100000,3,1343,10121.8,-1860.78,-603.121,0,0,0,2500,0,0,2500,0,2500,0
20230101T000015.100000,3,1344,4354.43,366.559,311.638,0,0,0,2500,0,0,2500,0,2500,0
20230101T000015.100000,3,1345,813.122,976.398,-276.163,0,0,0,2500,0,0,2500,0,2500,0
20230101T000015.100000,3,1346,3600.96,2722.35,-517.621,0,0,0,2500,0,0,2500,0,2500,0
20230101T000015.100000,3,1347,2217.25,2964.41,-571.739,0,0,0,2500,0,0,2500,0,2500,0
20230101T000015.100000,3,1348,6773.2,7935.09,-370.84,0,0,0,2500,0,0,2500,0,2500,0
20230101T000015.200000,6,1495,3911.11,-6517.52,1960.92,0,0,0,69609.8,38044.2,-12263,29042.3,20435.3,92443.8,1.29995e+14
20230101T000015.200000,6,1496,4654.6,-4038.4,965.811,0,0,0,26981.1,29305.8,-7185.36,35332.4,6234.12,60760,1.24802e+14
20230101T000015.200000,6,1497,3456.55,-1642.17,55.5034,0,0,0,4370.96,9055.25,-306.122,19129.1,145.435,23431.1,1.56542e+14
20230101T000015.200000,6,1498,4765.88,-2478.45,-745.058,0,0,0,10576.8,18509.9,5673.65,36544.3,-2950.52,46171.4,1.30988e+14
20230101T000015.200000,6,1499,2985.42,923.049,466.465,0,0,0,1738.14,-4293.18,-2219.22,14296.2,-686.151,15625,1.21715e+14
20230101T000015.200000,6,1500,9739.25,3945.81,-778.898,0,0,0,25799.5,-61126.7,12133,151911,4915.64,176676,1.1469e+14
20230101T000015.200000,6,1501,6178.56,3398.7,-51.1693,0,0,0,18534.2,-33569.7,505.437,61095.1,278.031,79561.2,8.78435e+13
20230101T000015.200000,6,1502,976.487,815.094,-271.641,0,0,0,1168.66,-1185.29,414.371,1599.26,345.884,2591.44,9.38978e+20
20230101T000015.200000,6,1503,4943.57,5610.34,1090.34,0,0,0,51220.3,-43401.6,-8618.25,40208.3,-9780.64,89465.1,1.02853e+14
20230101T000015.200000,3,1349,3911.11,-6517.52,1960.92,0,0,0,2500,0,0,2500,0,2500,0
20230101T000015.200000,3,1350,4654.6,-4038.4,965.811,0,0,0,2500,0,0,2500,0,2500,0
20230101T000015.200000,3,1351,3456.55,-1642.17,55.5034,0,0,0,2500,0,0,2500,0,2500,0
20230101T000015.200000,3,1352,4765.88,-2478.45,-745.058,0,0,0,2500,0,0,2500,0,2500,0
20230101T000015.200000,3,1353,2985.42,923.049,466.465,0,0,0,2500,0,0,2500,0,2500,0
20230101T000015.200000,3,1354,9739.25,3945.81,-778.898,0,0,0,2500,0,0,2500,0,2500,0
20230101T000015.200000,3,1355,6178.56,3398.7,-51.1693,0,0,0,2500,0,0,2500,0,2500,0
20230101T000015.200000,3,1356,976.487,815.094,-271.641,0,0,0,2500,0,0,2500,0,2500,0
20230101T000015.200000,3,1357,4943.57,5610.34,1090.34,0,0,0,2500,0,0,2500,0,2500,0
20230101T000015.300000,6,1504,1712.53,-1161.49,252.567,0,0,0,2271.58,3105.81,-685.673,4744.42,465.044,6851.81,2.10442e+14
20230101T000015.300000,6,1505,1592.08,-2005.39,-254.918,0,0,0,6499.25,5026.89,645.436,4158.18,-812.996,10490.7,1.18763e+14
20230101T000015.300000,6,1506,2956.1,-2616.48,277.948,0,0,0,11058.6,12282.4,-1311.27,14063.9,1160.62,24935.5,1.36301e+14
20230101T000015.300000,6,1507,7461.8,-8402.17,-50.8549,0,0,0,112985,100279,606.959,89123.7,-683.451,202040,1.59917e+14
20230101T000015.300000,6,1508,9556.21,-7302.73,1719.2,0,0,0,88353,109346,-26279.3,147880,20082.3,231443,1.20145e+14
20230101T000015.300000,6,1509,5698.92,-5085.12,-69.5228,0,0,0,41413.4,46331.9,633.493,51996.2,-565.263,93337.9,7.82374e+13
20230101T000015.300000,6,1510,4704.13,-5369.15,-927.599,0,0,0,46749.7,39697.9,6976.28,36220.6,-7962.52,81531.7,1.48685e+14
20230101T000015.300000,6,1511,3811.93,-4169.65,140.291,0,0,0,27861,25383.5,-854.577,23301.3,934.772,51066.9,1.22214e+14
20230101T000015.300000,6,1512,5043.89,-4407.22,-771.686,0,0,0,31653.8,35063.9,6222.21,41145.2,-5436.79,71783.9,1.18006e+14
20230101T000015.300000,6,1513,1265.63,-516.734,51.5224,0,0,0,485.64,1022.54,-102.103,2572.65,41.6869,2990.22,2.11539e+14
20230101T000015.300000,6,1514,565.212,-202.626,-50.8308,0,0,0,125.663,161.743,40.9043,518.85,-14.664,577.29,9.07307e+13
20230101T000015.300000,6,1515,81.791,-52.6481,-9.31347,0,0,0,49.3728,-22.0363,-3.88705,29.3231,2.50206,15.7199,1.05002e+14
20230101T000015.300000,6,1516,5427.91,-1979.56,-483.434,0,0,0,6655.99,17051,4193.47,47191,-1529.36,53409.9,8.65757e+13
20230101T000015.300000,6,1517,7041.42,-3496.64,1925.34,0,0,0,24368.6,37007.4,-21678.1,80515.8,10764.9,98896.6,1.46245e+14
20230101T000015.300000,6,1518,2082.68,333.849,-182.893,0,0,0,292.439,-1094.19,604.011,6943,96.822,7118.87,2.28667e+14
20230101T000015.300000,6,1519,11518.1,1005.15,162.276,0,0,0,1721.85,-18514.8,-2989.69,212269,-260.901,213885,1.07636e+14
20230101T000015.300000,6,1520,1102.63,633.9,-273.796,0,0,0,779.047,-1040.08,471.62,1990.27,271.133,2591.05,1.81209e+21
20230101T000015.300000,6,1521,9369.36,4486.48,1558.96,0,0,0,35419.8,-65717.6,-23361.9,141193,-11186.8,172663,1.252e+14
20230101T000015.300000,6,1522,1879.89,1482.38,4.3604,0,0,0,3555.38,-4427.58,-13.0238,5678.91,-10.2698,9170.26,2.23099e+14
20230101T000015.300000,4,1330,5440.93,-3902.08,-784.559,6.72218,-13.0874,-1.39504,946.655,1193.56,241.497,1774.52,-171.856,2590.45,0
20230101T000015.300000,3,1358,1712.53,-1161.49,252.567,0,0,0,2500,0,0,2500,0,2500,0
20230101T000015.300000,3,1359,1592.08,-2005.39,-254.918,0,0,0,2500,0,0,2500,0,2500,0
20230101T000015.300000,3,1360,2956.1,-2616.48,277.948,0,0,0,2500,0,0,2500,0,2500,0
20230101T000015.300000,3,1361,7461.8,-8402.17,-50.8549,0,0,0,2500,0,0,2500,0,2500,0
20230101T000015.300000,3,1362,9556.21,-7302.73,1719.2,0,0,0,2500,0,0,2500,0,2500,0
20230101T000015.300000,3,1363,5698.92,-5085.12,-69.5228,0,0,0,2500,0,0,2500,0,2500,0
20230101T000015.300000,3,1364,4704.13,-5369.15,-927.599,0,0,0,2500,0,0,2500,0,2500,0
20230101T000015.300000,3,1365,3811.93,-4169.65,140.291,0,0,0,2500,0,0,2500,0,2500,0
20230101T000015.300000,3,1366,1265.63,-516.734,51.5224,0,0,0,2500,0,0,2500,0,2500,0
20230101T000015.300000,3,1367,565.212,-202.626,-50.8308,0,0,0,2500,0,0,2500,0,2500,0
20230101T000015.300000,3,1368,81.791,-52.6481,-9.31347,0,0,0,2500,0,0,2500,0,2500,0
20230101T000015.300000,3,1369,5427.91,-1979.56,-483.434,0,0,0,2500,0,0,2500,0,2500,0
20230101T000015.300000,3,1370,7041.42,-3496.64,1925.34,0,0,0,2500,0,0,2500,0,2500,0
20230101T000015.300000,3,1371,2082.68,333.849,-182.893,0,0,0,2500,0,0,2500,0,2500,0
20230101T000015.300000,3,1372,11518.1,1005.15,162.276,0,0,0,2500,0,0,2500,0,2500,0
20230101T000015.300000,3,1373,1102.63,633.9,-273.796,0,0,0,2500,0,0,2500,0,2500,0
20230101T000015.300000,3,1374,9369.36,4486.48,1558.96,0,0,0,2500,0,0,2500,0,2500,0
20230101T000015.300000,3,1375,1879.89,1482.38,4.3604,0,0,0,2500,0,0,2500,0,2500,0
20230101T000015.400000,6,1523,2494.28,-1671.82,247.42,0,0,0,4583.43,6597.27,-983.063,10004.3,658.911,14426.7,1.0597e+14
20230101T000015.400000,6,1524,597.852,-158.69,-19.7073,0,0,0,100.6,135.79,16.8825,576.132,-4.48119,612.24,1.1941e+14
20230101T000015.400000,6,1525,8460.56,-2266.63,953.956,0,0,0,9637.73,30303.4,-12907,114632,3457.84,122751,8.07558e+13
20230101T000015.400000,6,1526,5496.29,-3513.08,-1081.21,0,0,0,21119,30017.3,9499.57,48895.3,-6071.87,68083.3,1.12697e+14
20230101T000015.400000,6,1527,8243.65,-5148.44,-619.856,0,0,0,42898.5,67602.4,8172.35,108923,-5103.91,151143,9.41857e+13
20230101T000015.400000,6,1528,4528.92,-2409.58,820.495,0,0,0,10177.9,16988,-5936.72,33069.2,3158.59,42109.1,1.3576e+14
20230101T000015.400000,6,1529,1198.04,427.479,-271.895,0,0,0,451.597,-762.61,508.864,2316.76,181.57,2591.67,2.16337e+21
20230101T000015.400000,6,1530,9986.37,3128.37,-2306.99,0,0,0,23468.8,-47539,36848.7,160331,11543.4,175226,1.32599e+14
20230101T000015.400000,6,1531,7334.07,1808.04,214.733,0,0,0,5360.23,-21184.4,-2518.02,86069.6,-620.758,91292.2,1.46284e+14
20230101T000015.400000,6,1532,4812,4861.13,-34.1309,0,0,0,37841.6,-37393.9,262.556,37081.9,265.237,74857.6,1.09135e+14
20230101T000015.400000,4,1367,596.139,-169.697,-26.4925,3.06212,3.26032,2.40973,111.369,128.411,32.4312,423.528,-11.6265,469.382,0
20230101T000015.400000,3,1376,2494.28,-1671.82,247.42,0,0,0,2500,0,0,2500,0,2500,0
20230101T000015.400000,3,1377,8460.56,-2266.63,953.956,0,0,0,2500,0,0,2500,0,2500,0
20230101T000015.400000,3,1378,5496.29,-3513.08,-1081.21,0,0,0,2500,0,0,2500,0,2500,0
20230101T000015.400000,3,1379,8243.65,-5148.44,-619.856,0,0,0,2500,0,0,2500,0,2500,0
20230101T000015.400000,3,1380,4528.92,-2409.58,820.495,0,0,0,2500,0,0,2500,0,2500,0
20230101T000015.400000,3,1381,1198.04,427.479,-271.895,0,0,0,2500,0,0,2500,0,2500,0
20230101T000015.400000,3,1382,9986.37,3128.37,-2306.99,0,0,0,2500,0,0,2500,0,2500,0
20230101T000015.400000,3,1383,7334.07,1808.04,214.733,0,0,0,2500,0,0,2500,0,2500,0
20230101T000015.400000,3,1384,4812,4861.13,-34.1309,0,0,0,2500,0,0,2500,0,2500,0
20230101T000015.500000,6,1533,3171.23,-4631.69,245.238,0,0,0,34375.2,23426.4,-1242.76,16199.7,1815.09,50415,1.2142e+14
20230101T000015.500000,6,1534,5385.85,-4049.7,-229.153,0,0,0,26334.7,34826.7,1972.96,46465.2,-1483.5,72652,1.06044e+14
20230101T000015.500000,6,1535,2932.92,-1227.33,-430.223,0,0,0,2715.63,5631.61,2011.05,13816.7,-841.556,16174.5,9.3498e+13
20230101T000015.500000,6,1536,6022.04,-1620.21,129.474,0,0,0,4284.79,15588.4,-1246.24,58030.1,335.296,62224.1,1.87488e+14
20230101T000015.500000,6,1537,1252.39,219.301,-271.405,0,0,0,250.69,-409.019,530.979,2514.91,92.9775,2589.32,2.52536e+20
20230101T000015.500000,6,1538,10556.7,-212.683,476.599,0,0,0,499.505,3583.77,-8047.23,178311,162.125,178383,1.02106e+14
20230101T000015.500000,6,1539,5657.7,-299.736,874.105,0,0,0,1425.16,2645.42,-7903.05,51218.9,418.691,51360.6,1.11784e+14
20230101T000015.500000,6,1540,8817.64,1485.68,524.482,0,0,0,4021.62,-20877.8,-7395.82,124415,-1246.12,127933,1.9053e+14
20230101T000015.500000,6,1541,1979.95,919.35,-261.653,0,0,0,1494.34,-2846.49,822.038,6302.97,381.696,7625.58,1.11142e+14
20230101T000015.500000,6,1542,1254.31,203.091,-274.908,0,0,0,243.4,-378.857,538.654,2521.91,87.2162,2586.11,2.32941e+20
20230101T000015.500000,6,1543,3197.11,1141.43,-788.835,0,0,0,3021.5,-5504.35,4021.9,16473.8,1435.9,18442.3,1.85518e+14
20230101T000015.500000,6,1544,4812.97,1741.82,216.087,0,0,0,4976.83,-13369,-1661.49,37079.5,-601.295,41917.9,4.36243e+14
20230101T000015.500000,4,1330,5440,-3910.4,-762.695,3.46394,-13.7359,7.91235,1035.24,1328.2,267.747,1939.77,-191.66,2855.47,0
20230101T000015.500000,3,1385,3171.23,-4631.69,245.238,0,0,0,2500,0,0,2500,0,2500,0
20230101T000015.500000,3,1386,2932.92,-1227.33,-430.223,0,0,0,2500,0,0,2500,0,2500,0
20230101T000015.500000,3,1387,6022.04,-1620.21,129.474,0,0,0,2500,0,0,2500,0,2500,0
20230101T000015.500000,3,1388,1252.39,219.301,-271.405,0,0,0,2500,0,0,2500,0,2500,0
20230101T000015.500000,3,1389,10556.7,-212.683,476.599,0,0,0,2500,0,0,2500,0,2500,0
20230101T000015.500000,3,1390,5657.7,-299.736,874.105,0,0,0,2500,0,0,2500,0,2500,0
20230101T000015.500000,3,1391,8817.64,1485.68,524.482,0,0,0,2500,0,0,2500,0,2500,0
20230101T000015.500000,3,1392,1979.95,919.35,-261.653,0,0,0,2500,0,0,2500,0,2500,0
20230101T000015.500000,3,1393,1254.31,203.091,-274.908,0,0,0,2500,0,0,2500,0,2500,0
20230101T000015.500000,3,1394,3197.11,1141.43,-788.835,0,0,0,2500,0,0,2500,0,2500,0
20230101T000015.500000,3,1395,4812.97,1741.82,216.087,0,0,0,2500,0,0,2500,0,2500,0
20230101T000015.600000,6,1545,9429.77,-7765.61,1779.97,0,0,0,99545.4,114646,-26848.5,144347,22110.3,238762,1.62973e+14
20230101T000015.600000,6,1546,4699.53,-6454.22,991.988,0,0,0,67218.4,47751.6,-7454.39,36407,10237.7,101989,1.09248e+14
20230101T000015.600000,6,1547,11785.4,-3012.57,-2286.2,0,0,0,22428.8,54785.8,43098.9,222751,-11016.9,236758,1.78534e+14
20230101T000015.600000,6,1548,9631.83,-1661.95,-1107.76,0,0,0,6387.35,25272.7,17064.6,148494,-2944.46,152856,1.66715e+14
20230101T000015.600000,6,1549,1272.82,11.1294,-268.351,0,0,0,176.681,-21.1222,533.584,2592.14,4.6656,2595.05,2.36463e+21
20230101T000015.600000,6,1550,7386.64,1524,-467.651,0,0,0,4112.91,-17929.7,5523.12,87316.8,1139.52,91016.2,1.03022e+14
20230101T000015.600000,6,1551,7604.49,-777.15,-397.235,0,0,0,1279.37,9423.74,4829.94,92528.5,-493.601,93491.8,8.09199e+13
20230101T000015.600000,6,1552,3654.22,2509.73,-510.533,0,0,0,10404.2,-14449.6,2978.96,21519.2,2045.96,31444.1,1.68301e+14
20230101T000015.600000,6,1553,5272.61,2499.64,-718.939,0,0,0,10723.8,-20742.9,6058.08,44644,2872.02,54478.7,2.31739e+14
20230101T000015.600000,6,1554,1949.28,2229.53,-122.926,0,0,0,7991.41,-6909.92,381.642,6129.42,436.51,14032.9,8.67456e+13
20230101T000015.600000,6,1555,3423.38,4346.45,978.908,0,0,0,30837.4,-23031.8,-5355.08,19735.8,-6799.01,48979.8,1.32841e+14
20230101T000015.600000,4,1383,7336.51,1800.4,195.85,0.46844,-1.46889,-3.63131,205.598,-572.533,-67.9989,2386.86,-16.7635,2526.07,0
20230101T000015.600000,4,1393,1271,109.224,-271.83,1.65283,-9.29378,0.304754,147.621,-182.847,253.669,1247.29,41.0729,1250.16,0
20230101T000015.600000,3,1396,9429.77,-7765.61,1779.97,0,0,0,2500,0,0,2500,0,2500,0
20230101T000015.600000,3,1397,4699.53,-6454.22,991.988,0,0,0,2500,0,0,2500,0,2500,0
20230101T000015.600000,3,1398,11785.4,-3012.57,-2286.2,0,0,0,2500,0,0,2500,0,2500,0
20230101T000015.600000,3,1399,9631.83,-1661.95,-1107.76,0,0,0,2500,0,0,2500,0,2500,0
20230101T000015.600000,3,1400,7604.49,-777.15,-397.235,0,0,0,2500,0,0,2500,0,2500,0
20230101T000015.600000,3,1401,3654.22,2509.73,-510.533,0,0,0,2500,0,0,2500,0,2500,0
20230101T000015.600000,3,1402,5272.61,2499.64,-718.939,0,0,0,2500,0,0,2500,0,2500,0
20230101T000015.600000,3,1403,1949.28,2229.53,-122.926,0,0,0,2500,0,0,2500,0,2500,0
20230101T000015.600000,3,1404,3423.38,4346.45,978.908,0,0,0,2500,0,0,2500,0,2500,0
20230101T000015.700000,6,1556,7673.73,-6500.65,392.818,0,0,0,67794.5,79661.6,-4821.11,94347.8,4084.1,161832,1.13384e+14
20230101T000015.700000,6,1557,3719.58,-4166.76,610.137,0,0,0,28071.2,24470.4,-3626.52,22503.1,4062.52,49916.2,1.11054e+14
20230101T000015.700000,6,1558,1250.5,-227.362,-277.808,0,0,0,261.369,422.424,542.704,2507.92,-98.6726,2587.64,3.00131e+20
20230101T000015.700000,6,1559,7940.24,-3502.47,-1521.19,0,0,0,22779,43106.7,19315.8,101489,-8520.26,120506,2.10655e+14
20230101T000015.700000,6,1560,4241.34,-2031.81,-187.925,0,0,0,6703.12,13741.2,1272.98,28804.9,-609.821,35387.7,9.90537e+13
20230101T000015.700000,6,1561,3309.03,125.849,538.442,0,0,0,550.804,-646.315,-2840.62,17520.3,-108.034,17546.5,1.54443e+14
20230101T000015.700000,6,1562,1252.55,-226.54,-268.467,0,0,0,253.112,423.076,525.311,2515.8,-95.0093,2595.05,3.05769e+20
20230101T000015.700000,6,1563,8297,-1565.3,1121.93,0,0,0,5925.74,20401.4,-14885.6,110216,2808.3,114066,1.54468e+14
20230101T000015.700000,6,1564,8864.46,4915.02,-2052.49,0,0,0,43854.3,-66825.8,29099.9,127325,16134.8,164380,9.81838e+13
20230101T000015.700000,6,1565,11486.5,3751.61,-895.19,0,0,0,23735.5,-68551.6,16447.7,211234,5371.98,233624,1.87064e+14
20230101T000015.700000,6,1566,5146.48,2754.78,-329.344,0,0,0,12326.6,-22585.2,2708.77,42430.9,1449.94,54520.3,9.57393e+13
20230101T000015.700000,6,1567,4667.01,1884.53,395.629,0,0,0,5952.32,-13963.1,-2949.61,34893.6,-1191.05,40532.3,9.89021e+13
20230101T000015.700000,6,1568,3181.99,4730.5,-740.1,0,0,0,36096.9,-23648.9,3763.43,16846.8,5594.89,52005.5,1.17022e+14
20230101T000015.700000,4,1395,4740.64,1727.26,223.844,-13.9092,-2.79991,1.49186,342.49,-762.04,-94.5473,2172.37,-34.2167,2444.16,0
20230101T000015.700000,4,1402,5240.6,2498.42,-698.18,-3.16934,-0.121267,2.05532,522.518,-896.313,257.973,1988.23,122.3,2379.58,0
20230101T000015.700000,3,1405,7673.73,-6500.65,392.818,0,0,0,2500,0,0,2500,0,2500,0
20230101T000015.700000,3,1406,3719.58,-4166.76,610.137,0,0,0,2500,0,0,2500,0,2500,0
20230101T000015.700000,3,1407,1250.5,-227.362,-277.808,0,0,0,2500,0,0,2500,0,2500,0
20230101T000015.700000,3,1408,7940.25,-3502.47,-1521.19,0,0,0,2500,0,0,2500,0,2500,0
20230101T000015.700000,3,1409,4241.34,-2031.81,-187.925,0,0,0,2500,0,0,2500,0,2500,0
20230101T000015.700000,3,1410,3309.03,125.849,538.442,0,0,0,2500,0,0,2500,0,2500,0
20230101T000015.700000,3,1411,1252.55,-226.54,-268.467,0,0,0,2500,0,0,2500,0,2500,0
20230101T000015.700000,3,1412,8297,-1565.3,1121.93,0,0,0,2500,0,0,2500,0,2500,0
20230101T000015.700000,3,1413,8864.46,4915.02,-2052.49,0,0,0,2500,0,0,2500,0,2500,0
20230101T000015.700000,3,1414,11486.5,3751.61,-895.19,0,0,0,2500,0,0,2500,0,2500,0
20230101T000015.700000,3,1415,3181.99,4730.5,-740.1,0,0,0,2500,0,0,2500,0,2500,0
20230101T000015.800000,6,1569,1196.69,-431.163,-273.221,0,0,0,457.307,767.952,510.775,2312.06,-184.03,2591.58,1.179e+21
20230101T000015.800000,6,1570,260.639,-86.2152,-35.874,0,0,0,70.4683,16.5778,7.15346,115.101,-2.36625,121.659,3.25573e+14
20230101T000015.800000,6,1571,4489.3,-1551.46,-232.374,0,0,0,3985.44,11097.5,1666.16,32262.2,-575.808,36097.5,1.3138e+14
20230101T000015.800000,6,1572,2922.67,61.3676,-218.669,0,0,0,146.114,-284.03,1017.8,13667.2,21.3708,13673.6,1.39243e+14
20230101T000015.800000,6,1573,8756.35,-138.18,-1229.2,0,0,0,2510.2,1896.8,17212.5,122679,-271.624,122710,1.7029e+14
20230101T000015.800000,6,1574,9255.97,3867.41,-120.721,0,0,0,24005.4,-57243.6,1787.12,137090,746.71,161008,7.05073e+13
20230101T000015.800000,6,1575,2057.15,2182.87,-423.321,0,0,0,7788.27,-7010.37,1387.26,6956.09,1472.04,14396.1,8.74192e+13
20230101T000015.800000,6,1576,6547.88,8350.4,-384.572,0,0,0,111681,-87337.9,4027.58,68785.7,5136.3,180166,7.62321e+13
20230101T000015.800000,6,1577,4333.64,6145.07,-264.884,0,0,0,60477.5,-42525.9,1835.36,30166.4,2602.53,90467.8,1.08684e+14
20230101T000015.800000,4,1403,2002.85,2264.55,-171.198,10.3023,6.7355,-9.28316,1271.89,-1054.2,58.1398,987.816,66.4984,2190.5,0
20230101T000015.800000,4,1407,1232.33,-330.006,-275.595,-1.79938,-10.1627,0.219092,156.211,203.824,255.38,1240.2,-46.4322,1249.96,0
20230101T000015.800000,4,1409,4299.61,-2020.12,-192.625,5.76886,1.15667,-0.465369,493.652,892.553,82.5627,1929.26,-39.5515,2353.43,0
20230101T000015.800000,3,1416,260.639,-86.2152,-35.874,0,0,0,2500,0,0,2500,0,2500,0
20230101T000015.800000,3,1417,2922.67,61.3676,-218.669,0,0,0,2500,0,0,2500,0,2500,0
20230101T000015.800000,3,1418,8756.36,-138.18,-1229.2,0,0,0,2500,0,0,2500,0,2500,0
20230101T000015.800000,3,1419,9255.97,3867.41,-120.721,0,0,0,2500,0,0,2500,0,2500,0
20230101T000015.800000,3,1420,6547.88,8350.4,-384.572,0,0,0,2500,0,0,2500,0,2500,0
20230101T000015.800000,3,1421,4333.64,6145.07,-264.884,0,0,0,2500,0,0,2500,0,2500,0
20230101T000015.900000,6,1578,1615.86,-2241.76,458.425,0,0,0,8177.08,5606.75,-1179.16,4439.86,1635.91,12220.1,1.09273e+14
20230101T000015.900000,6,1579,1950.09,-2088.85,-222.992,0,0,0,7047.93,6446.1,692.38,6161.08,-741.645,13066.2,1.03068e+14
20230101T000015.900000,6,1580,7680.81,-9227.66,-1509.06,0,0,0,137757,111579,18540.2,96581.3,-22274.1,230632,1.92271e+14
20230101T000015.900000,6,1581,4859.04,-6707.24,-1422.17,0,0,0,73114.6,50578.2,11050.4,39939.6,-15253.5,109758,1.56499e+14
20230101T000015.900000,6,1582,2084.93,-1258.22,-194.236,0,0,0,2623.84,4142.42,643.606,6988.16,-388.404,9488.44,1.70862e+14
20230101T000015.900000,6,1583,1097.06,-647.446,-264.67,0,0,0,799.329,1060.55,453.597,1970.47,-267.697,2599.01,4.552e+19
20230101T000015.900000,6,1584,10359.7,-3725.05,-77.9793,0,0,0,22266.9,61721.1,1292.12,171726,-464.609,193919,1.55347e+14
20230101T000015.900000,6,1585,2588.58,-266.79,524.452,0,0,0,610.192,1053.82,-2159.81,10726.5,222.599,10837.6,2.05887e+14
20230101T000015.900000,6,1586,6178.93,-143.707,316.016,0,0,0,256.54,1415.53,-3120.96,61086.8,72.5859,61119.9,2.8455e+14
20230101T000015.900000,6,1587,3967.35,1057.23,724.361,0,0,0,2630.18,-6486.72,-4587.49,25243.6,-1222.49,26974.2,1.62167e+14
20230101T000015.900000,6,1588,8818.48,4582.33,1786.73,0,0,0,37667,-62539.4,-25200.1,125524,-13094.7,158023,1.3829e+14
20230101T000015.900000,6,1589,7797.36,2796.12,-955.104,0,0,0,13858.5,-34400,11908.8,97451.6,4270.48,109788,1.19505e+14
20230101T000015.900000,6,1590,6160.69,7047.82,-610.097,0,0,0,79760.4,-69144.4,6011.05,61100.2,6876.64,140202,1.15922e+14
20230101T000015.900000,3,1422,1615.86,-2241.76,458.425,0,0,0,2500,0,0,2500,0,2500,0
20230101T000015.900000,3,1423,1950.09,-2088.85,-222.992,0,0,0,2500,0,0,2500,0,2500,0
20230101T000015.900000,3,1424,7680.81,-9227.66,-1509.06,0,0,0,2500,0,0,2500,0,2500,0
20230101T000015.900000,3,1425,4859.04,-6707.24,-1422.17,0,0,0,2500,0,0,2500,0,2500,0
20230101T000015.900000,3,1426,2084.93,-1258.22,-194.236,0,0,0,2500,0,0,2500,0,2500,0
20230101T000015.900000,3,1427,1097.06,-647.446,-264.67,0,0,0,2500,0,0,2500,0,2500,0
20230101T000015.900000,3,1428,10359.7,-3725.05,-77.9793,0,0,0,2500,0,0,2500,0,2500,0
20230101T000015.900000,3,1429,2588.58,-266.79,524.452,0,0,0,2500,0,0,2500,0,2500,0
20230101T000015.900000,3,1430,6178.93,-143.707,316.016,0,0,0,2500,0,0,2500,0,2500,0
20230101T000015.900000,3,1431,3967.35,1057.23,724.361,0,0,0,2500,0,0,2500,0,2500,0
20230101T000015.900000,3,1432,8818.48,4582.33,1786.73,0,0,0,2500,0,0,2500,0,2500,0
20230101T000015.900000,3,1433,7797.36,2796.12,-955.104,0,0,0,2500,0,0,2500,0,2500,0
20230101T000015.900000,3,1434,6160.69,7047.82,-610.097,0,0,0,2500,0,0,2500,0,2500,0
20230101T000016,6,1591,2370.75,-2093.47,-431.452,0,0,0,7214.84,7761.99,1630.16,9150.73,-1439.5,16006.1,1.25665e+14
20230101T000016,6,1592,8769.88,-6681.74,1203.56,0,0,0,72939.5,92609.1,-16882.6,123932,12862.8,194491,1.04775e+14
20230101T000016,6,1593,987.311,-804.643,-277.383,0,0,0,1146.61,1180.88,427.866,1633.17,-348.705,2598.47,1.05304e+19
20230101T000016,6,1594,4927,-4782.71,555.294,0,0,0,36885.6,37424.7,-4373.8,39110.7,4245.72,75439.8,1.32836e+14
20230101T000016,6,1595,3211.45,-4197.49,-288.019,0,0,0,28262.8,21473.2,1477.82,16625.4,-1931.57,44691.9,9.55961e+13
20230101T000016,6,1596,10886.2,-2860.98,-2918.99,0,0,0,25904.5,46466.2,50827.6,190499,-13357.9,202715,3.91428e+14
20230101T000016,6,1597,377.235,-222.129,41.3234,0,0,0,128.078,105.141,-19.782,244.725,11.6483,307.201,1.57065e+14
20230101T000016,6,1598,7659.61,-2301.96,1010.04,0,0,0,10033.3,27744.1,-12370.7,94011.8,3717.81,102351,1.0361e+14
20230101T000016,6,1599,3456.93,274.794,-347.454,0,0,0,375.731,-1499.65,1915.48,19122.2,152.262,19242.1,1.37238e+14
20230101T000016,6,1600,12233.1,289.643,507.292,0,0,0,609.605,-5657.92,-9926.59,239439,-235.031,239573,7.02129e+13
20230101T000016,6,1601,6175.77,-711.979,1219.98,0,0,0,3222.01,6757.27,-12042.9,61056.2,1388.38,61837.6,1.69099e+14
20230101T000016,6,1602,3640.72,2869,-457.245,0,0,0,13415.3,-16518.9,2658.61,21360.1,2095.07,34378.1,1.05856e+14
20230101T000016,6,1603,113.874,115.932,-10.754,0,0,0,52.8851,10.8252,-0.995575,53.273,-1.01357,42.5312,2.34001e+14
20230101T000016,6,1604,5759.32,5983.76,744.442,0,0,0,57745.5,-54665.1,-6856.02,53564.9,-7123.2,110361,1.08975e+14
20230101T000016,4,1427,1049.94,-729.504,-271.045,-4.66581,-8.12454,-0.631176,415.161,510.452,213.439,978.842,-125.964,1255.26,0
20230101T000016,3,1435,2370.75,-2093.47,-431.452,0,0,0,2500,0,0,2500,0,2500,0
20230101T000016,3,1436,8769.88,-6681.74,1203.56,0,0,0,2500,0,0,2500,0,2500,0
20230101T000016,3,1437,4927,-4782.71,555.294,0,0,0,2500,0,0,2500,0,2500,0
20230101T000016,3,1438,3211.45,-4197.49,-288.019,0,0,0,2500,0,0,2500,0,2500,0
20230101T000016,3,1439,10886.2,-2860.98,-2918.99,0,0,0,2500,0,0,2500,0,2500,0
20230101T000016,3,1440,377.235,-222.129,41.3234,0,0,0,2500,0,0,2500,0,2500,0
20230101T000016,3,1441,7659.61,-2301.96,1010.04,0,0,0,2500,0,0,2500,0,2500,0
20230101T000016,3,1442,3456.93,274.794,-347.454,0,0,0,2500,0,0,2500,0,2500,0
20230101T000016,3,1443,12233.1,289.643,507.292,0,0,0,2500,0,0,2500,0,2500,0
20230101T000016,3,1444,6175.77,-711.979,1219.98,0,0,0,2500,0,0,2500,0,2500,0
20230101T000016,3,1445,3640.72,2869,-457.245,0,0,0,2500,0,0,2500,0,2500,0
20230101T000016,3,1446,113.874,115.932,-10.754,0,0,0,2500,0,0,2500,0,2500,0
20230101T000016,3,1447,5759.32,5983.76,744.442,0,0,0,2500,0,0,2500,0,2500,0
20230101T000016.100000,6,1605,2091.7,-2094.55,-152.444,0,0,0,7069.85,6959.37,507.866,7050.93,-508.557,14019.9,6.05149e+13
20230101T000016.100000,6,1606,8972.49,-7176.4,1565.98,0,0,0,84832.3,101080,-22474.5,130364,17975.6,211211,1.15044e+14
20230101T000016.100000,6,1607,2790.8,-2613.67,390.63,0,0,0,11093.9,11517.4,-1739.55,12605.4,1629.14,23392.4,1.28544e+14
20230101T000016.100000,6,1608,7659.26,-9238.26,-2187.82,0,0,0,139698,109420,26804.1,98438.1,-32329.9,230417,2.66586e+14
20230101T000016.100000,6,1609,6380.31,-3762.84,-533.154,0,0,0,23039,38186.1,5438.75,65267.1,-3207.55,87788,1.70852e+14
20230101T000016.100000,6,1610,8242.81,-4833.46,291.471,0,0,0,37528.5,63658.9,-3842.38,108761,2253.11,146090,1.9709e+14
20230101T000016.100000,6,1611,9894.4,97.5659,-679.291,0,0,0,817.151,-1536.66,10749.5,156639,105.998,156654,1.20871e+14
20230101T000016.100000,6,1612,533.816,50.5456,-36.3972,0,0,0,69.3289,-36.9938,26.7819,456.52,2.53591,460.317,1.33124e+14
20230101T000016.100000,6,1613,836.06,995.765,-42.5781,0,0,0,1614.11,-1299.12,55.6103,1157.59,66.2331,2704.94,2.02499e+22
20230101T000016.100000,6,1614,6975.31,8734.6,483.469,0,0,0,122240,-97269,-5394.02,78115.2,-6754.49,199917,1.42997e+14
20230101T000016.100000,6,1615,6475.74,6177.46,369.962,0,0,0,61205.7,-63864.5,-3831.33,67231.1,-3654.86,128154,2.09393e+14
20230101T000016.100000,6,1616,7926.47,5296.48,-713.856,0,0,0,45492,-66765.8,9049.41,100798,6046.83,145411,1.92224e+14
20230101T000016.100000,4,1423,2027.31,-2148.16,-217.943,14.8493,-11.407,0.970868,1193.68,1044.17,111.584,1050.03,-119.524,2157.91,0
20230101T000016.100000,4,1424,7740.56,-9299.85,-1528.24,11.4902,-13.8824,-3.68851,1560.3,1214.27,198.614,1112.2,-238.613,2532.44,0
20230101T000016.100000,3,1448,8972.49,-7176.4,1565.98,0,0,0,2500,0,0,2500,0,2500,0
20230101T000016.100000,3,1449,2790.8,-2613.67,390.63,0,0,0,2500,0,0,2500,0,2500,0
20230101T000016.100000,3,1450,6380.31,-3762.84,-533.153,0,0,0,2500,0,0,2500,0,2500,0
20230101T000016.100000,3,1451,8242.81,-4833.46,291.471,0,0,0,2500,0,0,2500,0,2500,0
20230101T000016.100000,3,1452,9894.4,97.5659,-679.291,0,0,0,2500,0,0,2500,0,2500,0
20230101T000016.100000,3,1453,533.816,50.5456,-36.3972,0,0,0,2500,0,0,2500,0,2500,0
20230101T000016.100000,3,1454,836.06,995.765,-42.5781,0,0,0,2500,0,0,2500,0,2500,0
20230101T000016.100000,3,1455,6975.31,8734.6,483.469,0,0,0,2500,0,0,2500,0,2500,0
20230101T000016.100000,3,1456,6475.74,6177.46,369.962,0,0,0,2500,0,0,2500,0,2500,0
20230101T000016.100000,3,1457,7926.47,5296.48,-713.856,0,0,0,2500,0,0,2500,0,2500,0
20230101T000016.200000,6,1617,3053.98,-2927.74,177.092,0,0,0,13774.1,14249,-863.406,14977.4,827.718,28637.6,9.43856e+13
20230101T000016.200000,6,1618,8307.4,-7756.45,217.63,0,0,0,96334.7,103028,-2891.8,110486,2700.02,206681,9.53852e+13
20230101T000016.200000,6,1619,6835.41,-5155.77,1430.06,0,0,0,44656.4,54783.9,-15631.8,75965.6,11790.7,117289,9.60716e+13
20230101T000016.200000,6,1620,6524.54,-6475.22,-686.35,0,0,0,67497.4,67187.8,7161.61,68516.9,-7107.48,135197,7.15593e+13
20230101T000016.200000,6,1621,10667.3,-3925.87,-141.688,0,0,0,24744.5,66974,2417.52,182076,-889.719,206724,1.04182e+14
20230101T000016.200000,6,1622,8721.04,-3199.86,-1711.41,0,0,0,20567.4,43114.3,23869.7,122254,-8758.1,138075,1.04635e+14
20230101T000016.200000,6,1623,2077.22,-175.288,-1.51483,0,0,0,112.713,577.217,4.98829,6904.22,-0.420941,6952.93,2.20404e+14
20230101T000016.200000,6,1624,11610.7,987.672,-2357.79,0,0,0,10452.6,-17591.7,43788.5,215758,3724.9,217256,1.08283e+14
20230101T000016.200000,6,1625,10412.4,-289.938,-904.078,0,0,0,1504.73,4792.16,15056.3,173470,-419.248,173604,1.11141e+14
20230101T000016.200000,6,1626,2590.11,1600.85,59.5199,0,0,0,4150.73,-6603.06,-245.598,10753.2,-151.794,14834.3,1.72047e+14
20230101T000016.200000,6,1627,8350.89,5103.38,-1706.29,0,0,0,45108,-66088.1,22789.2,112863,13926.9,153253,2.48053e+14
20230101T000016.200000,6,1628,11059.6,3640.47,-1641.51,0,0,0,25151.3,-63120.3,29038.7,196131,9558.65,216909,1.74279e+14
20230101T000016.200000,6,1629,993.088,838.928,-47.3035,0,0,0,1165.47,-1299.73,73.3858,1606.07,61.994,2704.12,8.90195e+21
20230101T000016.200000,3,1458,3053.97,-2927.74,177.092,0,0,0,2500,0,0,2500,0,2500,0
20230101T000016.200000,3,1459,8307.4,-7756.45,217.63,0,0,0,2500,0,0,2500,0,2500,0
20230101T000016.200000,3,1460,6835.41,-5155.77,1430.06,0,0,0,2500,0,0,2500,0,2500,0
20230101T000016.200000,3,1461,6524.53,-6475.22,-686.35,0,0,0,2500,0,0,2500,0,2500,0
20230101T000016.200000,3,1462,10667.3,-3925.87,-141.688,0,0,0,2500,0,0,2500,0,2500,0
20230101T000016.200000,3,1463,8721.04,-3199.86,-1711.41,0,0,0,2500,0,0,2500,0,2500,0
20230101T000016.200000,3,1464,2077.22,-175.288,-1.51483,0,0,0,2500,0,0,2500,0,2500,0
20230101T000016.200000,3,1465,11610.7,987.672,-2357.79,0,0,0,2500,0,0,2500,0,2500,0
20230101T000016.200000,3,1466,10412.4,-289.938,-904.078,0,0,0,2500,0,0,2500,0,2500,0
20230101T000016.200000,3,1467,2590.11,1600.85,59.5199,0,0,0,2500,0,0,2500,0,2500,0
20230101T000016.200000,3,1468,8350.89,5103.38,-1706.29,0,0,0,2500,0,0,2500,0,2500,0
20230101T000016.200000,3,1469,11059.6,3640.47,-1641.51,0,0,0,2500,0,0,2500,0,2500,0
20230101T000016.200000,3,1470,993.088,838.928,-47.3035,0,0,0,2500,0,0,2500,0,2500,0
20230101T000016.300000,6,1630,3177.04,-2015.21,-348.197,0,0,0,6681.31,10127.4,1765.02,16223.6,-1119.56,22648,1.33014e+14
20230101T000016.300000,6,1631,2118.76,-2378.24,385.023,0,0,0,9182.53,7913.16,-1300.16,7350.06,1459.39,16233.2,1.17402e+14
20230101T000016.300000,6,1632,3133.39,-3165.05,-277.421,0,0,0,16120.6,15774.3,1388.04,15803.4,-1402.06,31737.4,1.17199e+14
20230101T000016.300000,6,1633,8902.9,-7401.76,182.855,0,0,0,87727,105378,-2603.92,126867,2164.87,214476,7.4849e+13
20230101T000016.300000,6,1634,4762.63,-4937.04,-1141.34,0,0,0,40033.7,36548.8,8690.04,37404.1,-9008.27,75293.1,2.09936e+14
20230101T000016.300000,6,1635,2201.22,-1337.57,266.256,0,0,0,2991.65,4632.43,-932.149,7800.26,566.421,10615.8,1.06876e+14
20230101T000016.300000,6,1636,420.705,-248.361,5.90392,0,0,0,146.187,139.141,-3.30817,299.741,1.95296,381.891,1.55691e+14
20230101T000016.300000,6,1637,10059.1,-991.463,-1199.15,0,0,0,3913.9,15726.4,19292.4,161920,-1901.52,163471,1.34121e+14
20230101T000016.300000,6,1638,6656.68,-205.658,-121.887,0,0,0,155.338,2187.69,1297.01,70898.3,-40.0712,70965.9,1.5288e+14
20230101T000016.300000,6,1639,9565.5,-577.368,-804.864,0,0,0,1629.41,8770.34,12313,146402,-743.202,146932,4.33423e+14
20230101T000016.300000,6,1640,1127.18,647.657,-45.7894,0,0,0,721.713,-1138.98,80.6281,2049.54,46.3276,2704.05,1.30906e+22
20230101T000016.300000,6,1641,4562.73,2248.18,-334.379,0,0,0,8282.1,-16316.3,2437.34,33357.1,1200.94,41396.8,1.74236e+14
20230101T000016.300000,6,1642,8937.77,7572.98,-513.168,0,0,0,92042.4,-108057,7336.39,128017,6216.13,219574,2.26409e+14
20230101T000016.300000,4,1440,420.588,-248.168,13.5597,11.9321,-7.16687,-7.64143,118.805,92.3388,-17.3575,221.249,10.2207,275.925,0
20230101T000016.300000,3,1471,3177.04,-2015.21,-348.197,0,0,0,2500,0,0,2500,0,2500,0
20230101T000016.300000,3,1472,2118.76,-2378.24,385.023,0,0,0,2500,0,0,2500,0,2500,0
20230101T000016.300000,3,1473,3133.39,-3165.05,-277.421,0,0,0,2500,0,0,2500,0,2500,0
20230101T000016.300000,3,1474,8902.9,-7401.76,182.855,0,0,0,2500,0,0,2500,0,2500,0
20230101T000016.300000,3,1475,4762.63,-4937.04,-1141.34,0,0,0,2500,0,0,2500,0,2500,0
20230101T000016.300000,3,1476,2201.22,-1337.57,266.256,0,0,0,2500,0,0,2500,0,2500,0
20230101T000016.300000,3,1477,10059.1,-991.463,-1199.15,0,0,0,2500,0,0,2500,0,2500,0
20230101T000016.300000,3,1478,6656.68,-205.658,-121.887,0,0,0,2500,0,0,2500,0,2500,0
20230101T000016.300000,3,1479,9565.5,-577.368,-804.864,0,0,0,2500,0,0,2500,0,2500,0
20230101T000016.300000,3,1480,1127.18,647.657,-45.7894,0,0,0,2500,0,0,2500,0,2500,0
20230101T000016.300000,3,1481,4562.73,2248.18,-334.379,0,0,0,2500,0,0,2500,0,2500,0
20230101T000016.300000,3,1482,8937.77,7572.98,-513.168,0,0,0,2500,0,0,2500,0,2500,0
20230101T000016.400000,6,1643,5484.82,-3701.62,1599.17,0,0,0,24776.1,30559,-14021.8,49432.6,9463.09,70060,1.61621e+14
20230101T000016.400000,6,1644,2981.53,-1638.25,484.854,0,0,0,4631.27,7629.97,-2305.13,14325,1266.59,18518.7,7.43424e+13
20230101T000016.400000,6,1645,3287.08,-1242.73,159.467,0,0,0,2562.49,6501.35,-835.977,17300.9,316.054,19759,1.6803e+14
20230101T000016.400000,6,1646,5647.05,-2097.71,-782.338,0,0,0,7956.47,18613.2,7060.98,51149.1,-2622.94,58064.4,1.00917e+14
20230101T000016.400000,6,1647,5250.86,-1997.06,-98.3032,0,0,0,6450.59,16751.6,824.835,44124.4,-313.709,50495.6,9.6671e+13
20230101T000016.400000,6,1648,7391.37,754.995,-822.969,0,0,0,2047.05,-8812.77,9725.62,87423.6,993.428,88324.6,1.07553e+14
20230101T000016.400000,6,1649,8553.61,812.217,-344.894,0,0,0,1307.46,-11091.9,4717.59,117065,447.964,118118,1.37316e+14
20230101T000016.400000,6,1650,8594.58,1139.65,-1266.7,0,0,0,4662.57,-15329.1,17409.8,118232,2308.56,120266,2.22791e+14
20230101T000016.400000,6,1651,1220,449.365,-44.2934,0,0,0,382.139,-855.411,84.4172,2389.46,31.0935,2704.61,1.71878e+22
20230101T000016.400000,6,1652,7389.85,3135.16,160.165,0,0,0,15815.8,-37031.6,-1892.58,87391.8,-802.931,103103,2.00982e+14
20230101T000016.400000,6,1653,8434.98,2203.5,-875.22,0,0,0,8975.26,-29423.1,11805.8,113920,3084.06,121607,2.10072e+14
20230101T000016.400000,3,1483,5484.82,-3701.62,1599.17,0,0,0,2500,0,0,2500,0,2500,0
20230101T000016.400000,3,1484,2981.53,-1638.25,484.854,0,0,0,2500,0,0,2500,0,2500,0
20230101T000016.400000,3,1485,3287.08,-1242.73,159.467,0,0,0,2500,0,0,2500,0,2500,0
20230101T000016.400000,3,1486,5647.05,-2097.71,-782.338,0,0,0,2500,0,0,2500,0,2500,0
20230101T000016.400000,3,1487,5250.86,-1997.06,-98.3032,0,0,0,2500,0,0,2500,0,2500,0
20230101T000016.400000,3,1488,7391.37,754.995,-822.969,0,0,0,2500,0,0,2500,0,2500,0
20230101T000016.400000,3,1489,8553.61,812.217,-344.894,0,0,0,2500,0,0,2500,0,2500,0
20230101T000016.400000,3,1490,8594.58,1139.65,-1266.7,0,0,0,2500,0,0,2500,0,2500,0
20230101T000016.400000,3,1491,1220,449.365,-44.2934,0,0,0,2500,0,0,2500,0,2500,0
20230101T000016.400000,3,1492,7389.85,3135.16,160.165,0,0,0,2500,0,0,2500,0,2500,0
20230101T000016.400000,3,1493,8434.98,2203.5,-875.22,0,0,0,2500,0,0,2500,0,2500,0
20230101T000016.500000,6,1654,2247.4,-3229.23,-233.23,0,0,0,16733.9,11541.1,836.496,8182.86,-1201.94,24766.2,1.28115e+14
20230101T000016.500000,6,1655,6312.87,-5232.9,1763.77,0,0,0,46799.8,50379.9,-17805,65815.8,14759,107580,2.45245e+14
20230101T000016.500000,6,1656,5861.36,-6786.05,839.487,0,0,0,74189.7,63051.6,-7868.98,55651,9110.39,128650,1.35097e+14
20230101T000016.500000,6,1657,10570.3,-3875.61,2253.08,0,0,0,31246.5,62901.1,-38093.5,179739,13967,202804,5.30639e+14
20230101T000016.500000,6,1658,4715.71,-1705.66,-117.742,0,0,0,4731.02,12841.9,886.969,35590.7,-320.814,40235.6,1.19072e+14
20230101T000016.500000,6,1659,1279.98,227.831,-45.9481,0,0,0,148.283,-454.978,91.8759,2623.41,16.3536,2704.47,2.25386e+22
20230101T000016.500000,6,1660,7369.66,273.049,-204.502,0,0,0,249.975,-3214.81,2409.61,86899.2,89.2772,87018.4,1.7818e+14
20230101T000016.500000,6,1661,8084.05,3115.56,757.854,0,0,0,16386.1,-39968.4,-9797.26,104690,-3775.82,120094,1.33503e+14
20230101T000016.500000,6,1662,6280.57,3448.47,108.275,0,0,0,19090.7,-34618.5,-1087.2,63132,-596.949,82140,1.25006e+14
20230101T000016.500000,6,1663,2552.49,1802.56,651.742,0,0,0,5693.15,-7012.49,-2651.26,10670.9,-1872.31,15625.8,1.80876e+14
20230101T000016.500000,3,1494,2247.4,-3229.23,-233.23,0,0,0,2500,0,0,2500,0,2500,0
20230101T000016.500000,3,1495,6312.87,-5232.9,1763.77,0,0,0,2500,0,0,2500,0,2500,0
20230101T000016.500000,3,1496,5861.36,-6786.05,839.487,0,0,0,2500,0,0,2500,0,2500,0
20230101T000016.500000,3,1497,10570.3,-3875.61,2253.08,0,0,0,2500,0,0,2500,0,2500,0
20230101T000016.500000,3,1498,4715.71,-1705.66,-117.742,0,0,0,2500,0,0,2500,0,2500,0
20230101T000016.500000,3,1499,1279.98,227.831,-45.9481,0,0,0,2500,0,0,2500,0,2500,0
20230101T000016.500000,3,1500,7369.66,273.049,-204.502,0,0,0,2500,0,0,2500,0,2500,0
20230101T000016.500000,3,1501,8084.05,3115.56,757.854,0,0,0,2500,0,0,2500,0,2500,0
20230101T000016.500000,3,1502,6280.57,3448.47,108.275,0,0,0,2500,0,0,2500,0,2500,0
20230101T000016.500000,3,1503,2552.49,1802.56,651.742,0,0,0,2500,0,0,2500,0,2500,0
20230101T000016.600000,6,1664,3801.48,-3296.51,80.7876,0,0,0,17429.7,20013.8,-490.603,23153.9,425.435,40509.2,3.2611e+14
20230101T000016.600000,6,1665,3907.25,-5211.96,-78.9175,0,0,0,43489.8,32547.6,492.896,24473.9,-657.483,67889.8,1.17982e+14
20230101T000016.600000,6,1666,1300.11,4.54663,-45.1444,0,0,0,67.216,-9.22285,91.6887,2704.46,0.320646,2704.57,9.94274e+21
20230101T000016.600000,6,1667,11985.3,16.2411,-1262.92,0,0,0,2615.66,-307.903,24211.6,229835,32.809,229836,3.0452e+14
20230101T000016.600000,6,1668,9792.14,653.173,2375.5,0,0,0,9731.6,-9629.95,-37203.4,153458,-2481.61,154104,3.75533e+14
20230101T000016.600000,6,1669,10482.3,4664.41,438.821,0,0,0,35121.3,-78091.7,-7357.53,175867,-3273.95,210616,1.02704e+14
20230101T000016.600000,6,1670,10066.7,5875.46,1780.06,0,0,0,59061.9,-92400.5,-28662.9,163447,-16729.1,217378,1.9771e+14
20230101T000016.600000,6,1671,349.909,69.1723,33.9423,0,0,0,70.4699,-26.3089,-13.0817,198.353,-2.58607,204.129,4.70738e+14
20230101T000016.600000,6,1672,5649.73,1382.02,-404.934,0,0,0,3363.6,-12417.6,3656.12,51089.5,894.349,54127.4,1.91066e+14
20230101T000016.600000,6,1673,2812.47,2918.08,-139.753,0,0,0,13670.2,-13083.7,627.354,12705.3,650.912,26280.4,1.01836e+14
20230101T000016.600000,6,1674,64.972,48.7313,5.90294,0,0,0,44.5786,25.5199,3.08804,29.6946,2.31614,10.8901,1.38742e+14
20230101T000016.600000,6,1675,5305.87,3633.58,487.493,0,0,0,21426.8,-30640,-4134.54,45185.4,-2831.42,66168.7,1.83949e+14
20230101T000016.600000,3,1504,3801.48,-3296.51,80.7876,0,0,0,2500,0,0,2500,0,2500,0
20230101T000016.600000,3,1505,3907.25,-5211.96,-78.9175,0,0,0,2500,0,0,2500,0,2500,0
20230101T000016.600000,3,1506,1300.11,4.54663,-45.1444,0,0,0,2500,0,0,2500,0,2500,0
20230101T000016.600000,3,1507,11985.3,16.2411,-1262.92,0,0,0,2500,0,0,2500,0,2500,0
20230101T000016.600000,3,1508,9792.14,653.173,2375.5,0,0,0,2500,0,0,2500,0,2500,0
20230101T000016.600000,3,1509,10482.3,4664.41,438.821,0,0,0,2500,0,0,2500,0,2500,0
20230101T000016.600000,3,1510,10066.7,5875.46,1780.06,0,0,0,2500,0,0,2500,0,2500,0
20230101T000016.600000,3,1511,349.909,69.1723,33.9423,0,0,0,2500,0,0,2500,0,2500,0
20230101T000016.600000,3,1512,5649.73,1382.02,-404.934,0,0,0,2500,0,0,2500,0,2500,0
20230101T000016.600000,3,1513,2812.47,2918.08,-139.753,0,0,0,2500,0,0,2500,0,2500,0
20230101T000016.600000,3,1514,64.972,48.7313,5.90294,0,0,0,2500,0,0,2500,0,2500,0
20230101T000016.600000,3,1515,5305.87,3633.58,487.493,0,0,0,2500,0,0,2500,0,2500,0
20230101T000016.700000,6,1676,3119.96,-3098.54,-20.2952,0,0,0,15394.1,15435.4,101.103,15606.7,-100.409,30936.2,1.25791e+14
20230101T000016.700000,6,1677,2901.83,-3437.91,333.619,0,0,0,19011.3,15842.8,-1545.92,13614.1,1831.52,32384,1.06902e+14
20230101T000016.700000,6,1678,4898.16,-5362.05,-124.694,0,0,0,46043,41978.5,976.494,38435.6,-1068.98,84389.8,1.02433e+14
20230101T000016.700000,6,1679,1279.98,-227.677,-42.2967,0,0,0,147.685,454.758,84.5742,2623.39,-15.0438,2704.35,1.31924e+22
20230101T000016.700000,6,1680,2830.23,71.9009,694.95,0,0,0,840.825,-304.443,-3132.18,12816.9,-79.5717,12828.3,2.2705e+14
20230101T000016.700000,6,1681,1280.65,-221.229,-42.8007,0,0,0,143.232,442.091,85.6258,2626.05,-14.7916,2702.49,1.32301e+22
20230101T000016.700000,6,1682,11950.3,2450.64,-2093.61,0,0,0,16398.8,-45465.1,40020.4,228781,8206.95,238107,5.42736e+14
20230101T000016.700000,6,1683,6609.68,-413.912,276.454,0,0,0,459.561,4365.71,-2920.98,69901.4,182.917,70174.9,1.3018e+14
20230101T000016.700000,6,1684,4901.73,54.1439,23.4786,0,0,0,69.5631,-423.921,-183.831,38443.1,-2.03057,38447.8,1.14317e+14
20230101T000016.700000,6,1685,9599.05,-551.231,-713.495,0,0,0,1361.45,8415.82,10953.5,147430,-629.011,147913,1.02282e+14
20230101T000016.700000,6,1686,11063.4,2746.76,145.778,0,0,0,12163.8,-48598.7,-2579.69,195843,-640.473,207909,1.19472e+14
20230101T000016.700000,6,1687,5451.67,2042.31,-540.207,0,0,0,7138.74,-17640.2,4706.54,47618.4,1763.17,54227.3,1.62491e+14
20230101T000016.700000,6,1688,3265.56,2790.3,-563.222,0,0,0,12786.9,-14297.3,2936.51,17303,2509.13,29520.5,1.08362e+14
20230101T000016.700000,6,1689,7965.98,7056.8,1622.01,0,0,0,82071,-87822.4,-20666.2,103409,-18307.5,181210,9.37877e+13
20230101T000016.700000,4,1512,5657.42,1415.53,-411.977,0.761234,3.31826,-0.697334,205.797,-539.787,158.194,2280.42,38.6968,2401.64,0
20230101T000016.700000,3,1516,3119.96,-3098.54,-20.2952,0,0,0,2500,0,0,2500,0,2500,0
20230101T000016.700000,3,1517,2901.83,-3437.91,333.619,0,0,0,2500,0,0,2500,0,2500,0
20230101T000016.700000,3,1518,4898.16,-5362.05,-124.694,0,0,0,2500,0,0,2500,0,2500,0
20230101T000016.700000,3,1519,1279.98,-227.677,-42.2967,0,0,0,2500,0,0,2500,0,2500,0
20230101T000016.700000,3,1520,2830.23,71.9009,694.95,0,0,0,2500,0,0,2500,0,2500,0
20230101T000016.700000,3,1521,1280.65,-221.229,-42.8007,0,0,0,2500,0,0,2500,0,2500,0
20230101T000016.700000,3,1522,11950.3,2450.64,-2093.61,0,0,0,2500,0,0,2500,0,2500,0
20230101T000016.700000,3,1523,6609.68,-413.912,276.454,0,0,0,2500,0,0,2500,0,2500,0
20230101T000016.700000,3,1524,4901.73,54.1439,23.4786,0,0,0,2500,0,0,2500,0,2500,0
20230101T000016.700000,3,1525,9599.05,-551.231,-713.495,0,0,0,2500,0,0,2500,0,2500,0
20230101T000016.700000,3,1526,11063.4,2746.76,145.778,0,0,0,2500,0,0,2500,0,2500,0
20230101T000016.700000,3,1527,3265.56,2790.3,-563.222,0,0,0,2500,0,0,2500,0,2500,0
20230101T000016.700000,3,1528,7965.98,7056.8,1622.01,0,0,0,2500,0,0,2500,0,2500,0
20230101T000016.800000,6,1690,7796.86,-6475.54,1884.78,0,0,0,70492.5,77958.3,-23503.7,99611.1,19520.6,164360,1.10315e+14
20230101T000016.800000,6,1691,5770.75,-4786.2,635.017,0,0,0,37072.3,43843.7,-5859.09,53571.3,4859.47,89935.2,1.07108e+14
20230101T000016.800000,6,1692,4595.25,-3369.76,453.257,0,0,0,18423.6,24588.7,-3328.44,33923.2,2440.8,51954.9,1.1454e+14
20230101T000016.800000,6,1693,4117.4,-4917.51,-937.593,0,0,0,39296.6,31672.7,6170.83,27988.5,-7369.98,65817.3,2.86167e+14
20230101T000016.800000,6,1694,10787.5,-3288.03,-751.708,0,0,0,18183.3,56481.3,12970.4,186274,-3953.38,203490,1.91984e+14
20230101T000016.800000,6,1695,1223.15,-440.654,-43.3415,0,0,0,369.926,841.036,82.8163,2401.46,-29.8354,2704.52,3.91873e+20
20230101T000016.800000,6,1696,3898.8,211.002,179.65,0,0,0,186.401,-1310.01,-1117.74,24321.4,-60.4917,24392.4,9.24588e+13
20230101T000016.800000,6,1697,11266.4,-897.732,-92.3643,0,0,0,1366.63,16176.6,1664.46,203091,-132.628,204380,2.05113e+14
20230101T000016.800000,6,1698,2120.3,674.253,498.273,0,0,0,1143.49,-2155.07,-1677.38,7235.18,-533.403,7923.54,1.23161e+14
20230101T000016.800000,6,1699,8398.45,5420.82,-269.541,0,0,0,47143.6,-72760.3,3620.51,112907,2336.87,159871,9.42278e+13
20230101T000016.800000,6,1700,7718.57,2666.9,1839.8,0,0,0,16272.4,-31245,-22708,95906.3,-7846.02,106705,1.90354e+14
20230101T000016.800000,6,1701,6597.64,2711.39,54.172,0,0,0,11821.4,-28597.9,-571.402,69656.1,-234.825,81408.8,1.26862e+14
20230101T000016.800000,6,1702,8159.89,4161.73,-1695.96,0,0,0,31413.2,-52447.2,22131.9,107497,11287.8,134248,1.60083e+14
20230101T000016.800000,6,1703,2284.6,2903.92,122.708,0,0,0,13526,-10572.1,-447.229,8405.44,-568.465,21843.5,9.16434e+13
20230101T000016.800000,6,1704,6285.86,5855.23,-841.617,0,0,0,55494.7,-58291.4,8459.91,63775.1,7880.35,118074,1.98689e+14
20230101T000016.800000,4,1502,6265.12,3410.54,106.065,-4.25097,-10.4399,-0.608178,659.457,-1086.09,-34.1012,2041.16,-18.7239,2636.93,0
20230101T000016.800000,3,1529,7796.86,-6475.54,1884.78,0,0,0,2500,0,0,2500,0,2500,0
20230101T000016.800000,3,1530,5770.75,-4786.2,635.017,0,0,0,2500,0,0,2500,0,2500,0
20230101T000016.800000,3,1531,4595.25,-3369.76,453.257,0,0,0,2500,0,0,2500,0,2500,0
20230101T000016.800000,3,1532,4117.4,-4917.52,-937.593,0,0,0,2500,0,0,2500,0,2500,0
20230101T000016.800000,3,1533,10787.5,-3288.03,-751.708,0,0,0,2500,0,0,2500,0,2500,0
20230101T000016.800000,3,1534,1223.15,-440.654,-43.3415,0,0,0,2500,0,0,2500,0,2500,0
20230101T000016.800000,3,1535,3898.8,211.002,179.65,0,0,0,2500,0,0,2500,0,2500,0
20230101T000016.800000,3,1536,11266.4,-897.732,-92.3644,0,0,0,2500,0,0,2500,0,2500,0
20230101T000016.800000,3,1537,2120.3,674.253,498.273,0,0,0,2500,0,0,2500,0,2500,0
20230101T000016.800000,3,1538,8398.45,5420.82,-269.541,0,0,0,2500,0,0,2500,0,2500,0
20230101T000016.800000,3,1539,7718.57,2666.9,1839.8,0,0,0,2500,0,0,2500,0,2500,0
20230101T000016.800000,3,1540,8159.89,4161.73,-1695.96,0,0,0,2500,0,0,2500,0,2500,0
20230101T000016.800000,3,1541,2284.6,2903.92,122.708,0,0,0,2500,0,0,2500,0,2500,0
20230101T000016.800000,3,1542,6285.86,5855.23,-841.617,0,0,0,2500,0,0,2500,0,2500,0
20230101T000016.900000,6,1705,4542.81,-4353.59,978.931,0,0,0,31157.8,30846.9,-7108.33,33783.3,6812.25,63346.9,1.95124e+14
20230101T000016.900000,6,1706,1131.28,-640.94,-45.2054,0,0,0,708.152,1131.32,79.8906,2064.01,-45.2628,2705.05,1.71085e+20
20230101T000016.900000,6,1707,9267.16,-3416.93,-1336.39,0,0,0,21251.5,49716.5,19807.2,137758,-7303.21,156090,1.06114e+14
20230101T000016.900000,6,1708,5602.14,-319.991,670.931,0,0,0,944.618,2823.61,-6006.3,50216.9,343.076,50379,1.12558e+14
20230101T000016.900000,6,1709,7903.63,2923.34,393.882,0,0,0,13948,-36866.5,-4978.16,99985.4,-1841.29,113621,1.75465e+14
20230101T000016.900000,6,1710,5560.78,2262.13,-273.637,0,0,0,8345.19,-20062.7,2431.92,49501.8,989.308,57663.4,1.06102e+14
20230101T000016.900000,6,1711,6763.9,8776.85,470.563,0,0,0,123409,-94783,-5090.89,73462.9,-6605.95,196454,2.14722e+14
20230101T000016.900000,6,1712,9616.84,7790.35,160.272,0,0,0,97166.7,-119818,-2465.45,148015,-1997.2,245077,9.50985e+13
20230101T000016.900000,6,1713,2743.11,3582.99,-368.571,0,0,0,20644.3,-15590,1614.49,12216.5,2108.82,32580.4,1.1911e+14
20230101T000016.900000,6,1714,7151.64,7629.67,1644.18,0,0,0,95191.1,-85114.1,-18807,84169.2,-20064.1,174974,1.08228e+14
20230101T000016.900000,6,1715,8386.76,6387.14,-1520.29,0,0,0,67653,-83895.1,20393.3,113921,15531,177815,1.81826e+14
20230101T000016.900000,6,1716,5684.07,8245.82,-1285.89,0,0,0,109662,-73726,11690,53530,16958.5,160485,1.5735e+14
20230101T000016.900000,6,1717,5803.11,5406.39,5.76048,0,0,0,46800.7,-50166.2,-53.4519,53911.5,-49.7977,100648,9.28011e+13
20230101T000016.900000,6,1718,4043.64,5129.31,-1737.53,0,0,0,43970,-30808.2,11231.7,29177.5,14247.3,68261.5,1.8116e+14
20230101T000016.900000,3,1543,4542.81,-4353.59,978.931,0,0,0,2500,0,0,2500,0,2500,0
20230101T000016.900000,3,1544,1131.28,-640.94,-45.2054,0,0,0,2500,0,0,2500,0,2500,0
20230101T000016.900000,3,1545,9267.16,-3416.93,-1336.39,0,0,0,2500,0,0,2500,0,2500,0
20230101T000016.900000,3,1546,5602.14,-319.991,670.931,0,0,0,2500,0,0,2500,0,2500,0
20230101T000016.900000,3,1547,7903.63,2923.34,393.882,0,0,0,2500,0,0,2500,0,2500,0
20230101T000016.900000,3,1548,5560.78,2262.13,-273.637,0,0,0,2500,0,0,2500,0,2500,0
20230101T000016.900000,3,1549,6763.9,8776.85,470.563,0,0,0,2500,0,0,2500,0,2500,0
20230101T000016.900000,3,1550,9616.84,7790.35,160.272,0,0,0,2500,0,0,2500,0,2500,0
20230101T000016.900000,3,1551,2743.11,3582.99,-368.571,0,0,0,2500,0,0,2500,0,2500,0
20230101T000016.900000,3,1552,7151.64,7629.67,1644.18,0,0,0,2500,0,0,2500,0,2500,0
20230101T000016.900000,3,1553,8386.76,6387.14,-1520.29,0,0,0,2500,0,0,2500,0,2500,0
20230101T000016.900000,3,1554,5684.07,8245.82,-1285.89,0,0,0,2500,0,0,2500,0,2500,0
20230101T000016.900000,3,1555,5803.11,5406.39,5.76047,0,0,0,2500,0,0,2500,0,2500,0
20230101T000016.900000,3,1556,4043.64,5129.31,-1737.53,0,0,0,2500,0,0,2500,0,2500,0
20230101T000017,6,1719,2230.97,-2049.11,631.53,0,0,0,7097.59,6965.95,-2244.86,8283.64,2061.87,14684.4,2.1503e+14
20230101T000017,6,1720,1790.38,-1650.65,600.144,0,0,0,4703.56,4411.21,-1708.24,5421.23,1574.93,9491.84,2.57053e+14
20230101T000017,6,1721,2914.1,-2431.63,-343.978,0,0,0,9609.54,11213.3,1599.4,13690.9,-1334.6,23048.2,9.21008e+13
20230101T000017,6,1722,995.995,-834.536,-45.0355,0,0,0,1153.78,1296.84,70.07,1614.91,-58.7111,2701.61,2.393e+20
20230101T000017,6,1723,7851.6,-7244.83,66.423,0,0,0,84018.4,90978.1,-834.151,98668.8,769.688,182616,1.49355e+14
20230101T000017,6,1724,3930.09,-3260.14,277.185,0,0,0,17116.3,20408.5,-1740.31,24789.1,1443.65,41718.8,1.51305e+14
20230101T000017,6,1725,4191.46,-3064.85,734.039,0,0,0,15631.9,20113.3,-4915.55,28431.6,3594.31,43139.9,2.03614e+14
20230101T000017,6,1726,10201.8,-3997.95,2636.36,0,0,0,35266.4,61459.6,-43019.5,168011,16858.8,192100,1.02572e+14
20230101T000017,6,1727,7556.5,-4525.84,211.786,0,0,0,32873,54659.4,-2559.26,91397,1532.82,124134,1.04397e+14
20230101T000017,6,1728,4423.03,-291.661,-422.35,0,0,0,483.427,2041.14,2982.88,31302.7,-196.695,31437.8,5.81004e+14
20230101T000017,6,1729,705.057,-106.844,-70.5086,0,0,0,87.9983,109.962,73.3441,796.969,-11.1145,814.253,1.06461e+14
20230101T000017,6,1730,1767.93,1068.35,-280.411,0,0,0,1964.4,-2938.53,785.894,5051.38,474.914,6828.28,9.27319e+13
20230101T000017,6,1731,11143.9,5252.01,-1624.82,0,0,0,47641.6,-91991.6,28963.5,199478,13650.2,242834,9.32899e+13
20230101T000017,6,1732,9495.61,2345.9,-364.234,0,0,0,9065.52,-35577,5531.49,144282,1366.56,153072,1.39191e+14
20230101T000017,3,1557,2230.97,-2049.11,631.53,0,0,0,2500,0,0,2500,0,2500,0
20230101T000017,3,1558,1790.38,-1650.65,600.144,0,0,0,2500,0,0,2500,0,2500,0
20230101T000017,3,1559,2914.1,-2431.63,-343.978,0,0,0,2500,0,0,2500,0,2500,0
20230101T000017,3,1560,995.995,-834.536,-45.0355,0,0,0,2500,0,0,2500,0,2500,0
20230101T000017,3,1561,7851.6,-7244.82,66.423,0,0,0,2500,0,0,2500,0,2500,0
20230101T000017,3,1562,3930.09,-3260.14,277.185,0,0,0,2500,0,0,2500,0,2500,0
20230101T000017,3,1563,4191.46,-3064.85,734.039,0,0,0,2500,0,0,2500,0,2500,0
20230101T000017,3,1564,10201.8,-3997.95,2636.36,0,0,0,2500,0,0,2500,0,2500,0
20230101T000017,3,1565,7556.5,-4525.84,211.786,0,0,0,2500,0,0,2500,0,2500,0
20230101T000017,3,1566,4423.03,-291.661,-422.35,0,0,0,2500,0,0,2500,0,2500,0
20230101T000017,3,1567,705.057,-106.844,-70.5086,0,0,0,2500,0,0,2500,0,2500,0
20230101T000017,3,1568,1767.93,1068.35,-280.411,0,0,0,2500,0,0,2500,0,2500,0
20230101T000017,3,1569,11143.9,5252.01,-1624.82,0,0,0,2500,0,0,2500,0,2500,0
20230101T000017,3,1570,9495.61,2345.9,-364.234,0,0,0,2500,0,0,2500,0,2500,0
20230101T000017.100000,6,1733,7393.65,-7951.5,2261.06,0,0,0,104984,89955.4,-26739.2,91885.6,28756.7,188631,2.04176e+14
20230101T000017.100000,6,1734,7387.16,-5441.27,2105.38,0,0,0,52009,60897.2,-24873.3,89828.2,18321.3,134687,2.1662e+14
20230101T000017.100000,6,1735,2861.68,-3766.29,929.812,0,0,0,23224.8,16548.6,-4249.99,14018.8,5593.46,35801,1.79204e+14
20230101T000017.100000,6,1736,74.5115,-31.5679,9.07549,0,0,0,55.2929,-18.9866,5.44488,18.5215,-2.3068,11.2726,1.49899e+14
20230101T000017.100000,6,1737,11757.1,1233.94,-215.054,0,0,0,2572.64,-23197.8,4044.31,221168,424.461,223603,1.20572e+14
20230101T000017.100000,6,1738,7468.52,1154.44,-990.462,0,0,0,3726.8,-13548.6,11827.5,89284.1,1828.22,91379.4,1.3978e+14
20230101T000017.100000,6,1739,8553.73,421.814,-1076.97,0,0,0,2198.81,-5678.54,14731.4,117071,726.458,117352,8.51176e+13
20230101T000017.100000,6,1740,7975.5,3267.37,-468.837,0,0,0,17436.9,-41548.5,5979.52,101833,2449.67,118855,7.75677e+13
20230101T000017.100000,6,1741,1804.85,2253.2,-263.148,0,0,0,8191.18,-6421.68,756.292,5318.14,944.165,13335.6,1.08424e+14
20230101T000017.100000,6,1742,2827.17,2773.08,328.754,0,0,0,12424.5,-12425.7,-1483.34,12904.6,-1454.96,25093,1.91931e+14
20230101T000017.100000,6,1743,835.08,981.322,178.22,0,0,0,1588.51,-1255.09,-232.496,1181.67,-273.211,2657.76,1.94699e+21
20230101T000017.100000,6,1744,7871.06,8180.02,-1047.86,0,0,0,107936,-102107,13192.3,100071,13710.2,206187,1.28032e+14
20230101T000017.100000,6,1745,5959.06,8422.81,-1227.8,0,0,0,114336,-79140.3,11702.1,58466.1,16540.3,170328,1.08577e+14
20230101T000017.100000,6,1746,5925.62,5019.74,-539.202,0,0,0,40624.4,-47331.3,5108.79,56401.8,4327.79,96497.7,1.43571e+14
20230101T000017.100000,3,1571,7393.65,-7951.5,2261.06,0,0,0,2500,0,0,2500,0,2500,0
20230101T000017.100000,3,1572,7387.16,-5441.27,2105.38,0,0,0,2500,0,0,2500,0,2500,0
20230101T000017.100000,3,1573,2861.68,-3766.29,929.812,0,0,0,2500,0,0,2500,0,2500,0
20230101T000017.100000,3,1574,74.5115,-31.5679,9.07549,0,0,0,2500,0,0,2500,0,2500,0
20230101T000017.100000,3,1575,11757.1,1233.94,-215.054,0,0,0,2500,0,0,2500,0,2500,0
20230101T000017.100000,3,1576,7468.52,1154.44,-990.462,0,0,0,2500,0,0,2500,0,2500,0
20230101T000017.100000,3,1577,8553.73,421.814,-1076.97,0,0,0,2500,0,0,2500,0,2500,0
20230101T000017.100000,3,1578,7975.5,3267.37,-468.837,0,0,0,2500,0,0,2500,0,2500,0
20230101T000017.100000,3,1579,1804.85,2253.2,-263.148,0,0,0,2500,0,0,2500,0,2500,0
20230101T000017.100000,3,1580,2827.17,2773.08,328.754,0,0,0,2500,0,0,2500,0,2500,0
20230101T000017.100000,3,1581,835.08,981.322,178.22,0,0,0,2500,0,0,2500,0,2500,0
20230101T000017.100000,3,1582,7871.06,8180.02,-1047.86,0,0,0,2500,0,0,2500,0,2500,0
20230101T000017.100000,3,1583,5959.06,8422.81,-1227.8,0,0,0,2500,0,0,2500,0,2500,0
20230101T000017.100000,3,1584,5925.62,5019.74,-539.202,0,0,0,2500,0,0,2500,0,2500,0
20230101T000017.200000,6,1747,2649.99,-3549.43,-46.241,0,0,0,20181.7,15017.2,195.661,11279.2,-262.072,31393.4,1.02475e+14
20230101T000017.200000,6,1748,3416.93,-3447.43,793.835,0,0,0,19546.2,18312.1,-4332.79,19220.7,4371.47,37697.9,1.33467e+14
20230101T000017.200000,6,1749,6809.05,-6440.2,1038.13,0,0,0,67305.4,69270.3,-11304.9,75025.2,10692.5,140544,9.78458e+13
20230101T000017.200000,6,1750,2121.73,-1163.93,178.8,0,0,0,2255.81,3902.86,-602.863,7229.36,330.715,9370.71,9.73611e+13
20230101T000017.200000,6,1751,5760.07,-3039.14,935.706,0,0,0,15923.1,27405,-8615.6,53404.2,4545.78,67865,1.08529e+14
20230101T000017.200000,6,1752,11450.8,1201.56,-108.052,0,0,0,2391.77,-22005.6,1979.06,209795,207.667,212104,8.53404e+13
20230101T000017.200000,6,1753,10800.3,1078.32,-1268.7,0,0,0,4472.92,-18373.1,21916.5,186661,2188.18,188496,1.8758e+14
20230101T000017.200000,6,1754,7533.62,-535.315,-248.316,0,0,0,620.272,6441.09,2991.06,90809.6,-212.535,91267.3,9.36115e+13
20230101T000017.200000,6,1755,9326.81,-1796.33,743.865,0,0,0,6077.9,26630.2,-11095.7,139217,2137.02,144346,1.98982e+14
20230101T000017.200000,6,1756,6751.38,4643.1,-1143.54,0,0,0,35956.5,-49149.6,12345.5,73621.8,8490.32,107424,2.34956e+14
20230101T000017.200000,6,1757,5259.29,1580.19,-827.345,0,0,0,5057.1,-12978,6952.96,44352.1,2089.06,48252.8,1.23725e+14
20230101T000017.200000,6,1758,993.472,818.747,187.971,0,0,0,1143.54,-1242.94,-291.73,1627.39,-240.422,2653.07,8.73175e+21
20230101T000017.200000,3,1585,2649.99,-3549.43,-46.241,0,0,0,2500,0,0,2500,0,2500,0
20230101T000017.200000,3,1586,3416.93,-3447.43,793.835,0,0,0,2500,0,0,2500,0,2500,0
20230101T000017.200000,3,1587,6809.05,-6440.2,1038.13,0,0,0,2500,0,0,2500,0,2500,0
20230101T000017.200000,3,1588,2121.73,-1163.93,178.8,0,0,0,2500,0,0,2500,0,2500,0
20230101T000017.200000,3,1589,5760.07,-3039.14,935.706,0,0,0,2500,0,0,2500,0,2500,0
20230101T000017.200000,3,1590,11450.8,1201.56,-108.052,0,0,0,2500,0,0,2500,0,2500,0
20230101T000017.200000,3,1591,10800.3,1078.32,-1268.7,0,0,0,2500,0,0,2500,0,2500,0
20230101T000017.200000,3,1592,7533.62,-535.315,-248.316,0,0,0,2500,0,0,2500,0,2500,0
20230101T000017.200000,3,1593,9326.81,-1796.33,743.865,0,0,0,2500,0,0,2500,0,2500,0
20230101T000017.200000,3,1594,6751.38,4643.1,-1143.54,0,0,0,2500,0,0,2500,0,2500,0
20230101T000017.200000,3,1595,5259.29,1580.19,-827.345,0,0,0,2500,0,0,2500,0,2500,0
20230101T000017.200000,3,1596,993.472,818.747,187.971,0,0,0,2500,0,0,2500,0,2500,0
20230101T000017.300000,6,1759,2204.62,-1823.16,-177.877,0,0,0,5386.17,6374.8,624.385,7822.98,-516.35,13095,1.39155e+14
20230101T000017.300000,6,1760,1050.81,-875.51,27.841,0,0,0,1264.92,1439.91,-45.8083,1793.43,38.1665,2993.16,2.69455e+14
20230101T000017.300000,6,1761,7552,-8075.51,192.046,0,0,0,104399,97516.7,-2319.78,91318,2480.58,195595,1.78146e+14
20230101T000017.300000,6,1762,5072.33,-7020.5,226.674,0,0,0,78910.1,56907.2,-1838.65,41261.7,2544.83,120026,1.30466e+14
20230101T000017.300000,6,1763,4209.95,-2027.83,105.896,0,0,0,6645.86,13627.3,-712.004,28373.3,342.956,34937.3,9.99924e+13
20230101T000017.300000,6,1764,11110.5,-3374.05,-99.1393,0,0,0,18287.7,59957.4,1761.85,197515,-535.042,215723,1.48557e+14
20230101T000017.300000,6,1765,5878.98,-2055.34,1475.88,0,0,0,9918.62,18228.6,-13869.1,55686,4848.74,62062.3,1.42584e+14
20230101T000017.300000,6,1766,5618.91,-1424.02,-451.339,0,0,0,3610.55,12709.5,4052.85,50539,-1027.13,53760.4,2.42929e+14
20230101T000017.300000,6,1767,7287.79,-357.866,973.83,0,0,0,1781.34,4095.47,-11346.9,84982.7,557.189,85185,1.19296e+14
20230101T000017.300000,6,1768,1117.06,637.953,189.747,0,0,0,741.846,-1088.43,-331.112,2026.09,-189.098,2649.05,7.2136e+21
20230101T000017.300000,6,1769,9139.13,4384.93,439.851,0,0,0,31067.7,-63973.4,-6429.26,133708,-3084.74,164402,1.09832e+14
20230101T000017.300000,6,1770,9078.35,8113.41,1716.32,0,0,0,107979,-115477,-24923.6,133987,-22274.5,237191,3.56291e+14
20230101T000017.300000,6,1771,6792.78,6181.88,-110.146,0,0,0,61190.7,-67146,1196.55,73864.8,1088.94,134972,1.52883e+14
20230101T000017.300000,4,1560,1048.88,-876.489,-11.4662,14.5567,-11.5467,9.2393,597.221,636.283,34.3586,823.47,-28.7888,1355.87,0
20230101T000017.300000,3,1597,2204.62,-1823.16,-177.877,0,0,0,2500,0,0,2500,0,2500,0
20230101T000017.300000,3,1598,7552,-8075.51,192.046,0,0,0,2500,0,0,2500,0,2500,0
20230101T000017.300000,3,1599,5072.33,-7020.5,226.674,0,0,0,2500,0,0,2500,0,2500,0
20230101T000017.300000,3,1600,4209.95,-2027.83,105.896,0,0,0,2500,0,0,2500,0,2500,0
20230101T000017.300000,3,1601,11110.5,-3374.05,-99.1393,0,0,0,2500,0,0,2500,0,2500,0
20230101T000017.300000,3,1602,5878.98,-2055.34,1475.88,0,0,0,2500,0,0,2500,0,2500,0
20230101T000017.300000,3,1603,5618.91,-1424.02,-451.339,0,0,0,2500,0,0,2500,0,2500,0
20230101T000017.300000,3,1604,7287.79,-357.866,973.83,0,0,0,2500,0,0,2500,0,2500,0
20230101T000017.300000,3,1605,1117.06,637.953,189.747,0,0,0,2500,0,0,2500,0,2500,0
20230101T000017.300000,3,1606,9139.13,4384.93,439.851,0,0,0,2500,0,0,2500,0,2500,0
20230101T000017.300000,3,1607,9078.35,8113.41,1716.32,0,0,0,2500,0,0,2500,0,2500,0
20230101T000017.300000,3,1608,6792.78,6181.88,-110.146,0,0,0,2500,0,0,2500,0,2500,0
20230101T000017.400000,6,1772,2078.62,-1872.85,-331.56,0,0,0,5744.05,6109.86,1097.14,7020.14,-988.536,12526.1,1.09111e+14
20230101T000017.400000,6,1773,9809.2,-7541.96,311.919,0,0,0,91147.9,118263,-4894.21,154034,3762.99,244962,2.10922e+14
20230101T000017.400000,6,1774,6174.59,-7093.78,685.469,0,0,0,80866.2,69678,-6768.94,61464.8,7776.61,141516,2.05592e+14
20230101T000017.400000,6,1775,2897.91,-1905.17,-679.701,0,0,0,6366.64,8466.04,3141.45,13678.3,-2065.28,19246.5,1.29458e+14
20230101T000017.400000,6,1776,11829.6,795.082,1391.16,0,0,0,4156.91,-14837.4,-26323.7,223917,-1769.25,224916,2.14713e+14
20230101T000017.400000,6,1777,10002.2,1587.59,-1021.13,0,0,0,5721.83,-25138.9,16335.3,160112,2592.81,164103,1.50793e+14
20230101T000017.400000,6,1778,7254.12,869.033,-576.389,0,0,0,1795.09,-10016.2,6684.94,84204.1,800.845,85404.5,8.45511e+13
20230101T000017.400000,6,1779,1211.98,436.276,181.383,0,0,0,406.697,-809.238,-343.417,2363.46,-123.62,2656.01,8.89065e+21
20230101T000017.400000,6,1780,3482.96,1144.62,475.459,0,0,0,2479.49,-6252.71,-2641.85,19451,-868.202,21506.9,1.65983e+14
20230101T000017.400000,6,1781,11017.4,1981.13,1155.75,0,0,0,8411.44,-34539.8,-20367,194282,-3662.36,200494,2.12489e+14
20230101T000017.400000,6,1782,10179,3121.68,-295.507,0,0,0,15778,-50783.9,4811.06,165797,1475.45,181372,1.40046e+14
20230101T000017.400000,6,1783,8529.82,3858.85,-1676.59,0,0,0,27610,-50952.1,22871.5,117187,10346.9,140240,1.34044e+14
20230101T000017.400000,6,1784,7375.47,7390.91,1149.18,0,0,0,88486.7,-86130.2,-13556.3,88126.5,-13584.7,174438,1.77156e+14
20230101T000017.400000,6,1785,5270.35,3467.61,-358.29,0,0,0,19426.8,-29117.3,3018.27,44523.8,1985.87,63681.7,1.2894e+14
20230101T000017.400000,6,1786,4988.44,3582.19,425.479,0,0,0,20764.4,-28423.8,-3392.38,39935.4,-2436.06,60346.9,1.87519e+14
20230101T000017.400000,4,1587,6798.21,-6452.68,1031.82,-2.08428,-2.39951,-1.21496,1254.28,1228.16,-198.019,1391.15,187.292,2523.15,0
20230101T000017.400000,4,1597,2154.24,-1806.94,-200.668,-4.98808,1.60574,-2.25652,901.485,1005.05,98.1214,1285.67,-81.1437,2110.23,0
20230101T000017.400000,3,1609,9809.2,-7541.96,311.919,0,0,0,2500,0,0,2500,0,2500,0
20230101T000017.400000,3,1610,2897.91,-1905.17,-679.701,0,0,0,2500,0,0,2500,0,2500,0
20230101T000017.400000,3,1611,11829.6,795.082,1391.16,0,0,0,2500,0,0,2500,0,2500,0
20230101T000017.400000,3,1612,10002.2,1587.59,-1021.13,0,0,0,2500,0,0,2500,0,2500,0
20230101T000017.400000,3,1613,7254.12,869.033,-576.389,0,0,0,2500,0,0,2500,0,2500,0
20230101T000017.400000,3,1614,1211.98,436.276,181.383,0,0,0,2500,0,0,2500,0,2500,0
20230101T000017.400000,3,1615,3482.96,1144.62,475.459,0,0,0,2500,0,0,2500,0,2500,0
20230101T000017.400000,3,1616,11017.4,1981.13,1155.75,0,0,0,2500,0,0,2500,0,2500,0
20230101T000017.400000,3,1617,10179,3121.68,-295.507,0,0,0,2500,0,0,2500,0,2500,0
20230101T000017.400000,3,1618,8529.82,3858.85,-1676.59,0,0,0,2500,0,0,2500,0,2500,0
20230101T000017.400000,3,1619,7375.47,7390.91,1149.18,0,0,0,2500,0,0,2500,0,2500,0
20230101T000017.400000,3,1620,5270.35,3467.61,-358.29,0,0,0,2500,0,0,2500,0,2500,0
20230101T000017.400000,3,1621,4988.44,3582.19,425.479,0,0,0,2500,0,0,2500,0,2500,0
20230101T000017.500000,6,1787,7147.31,-4158.78,779.572,0,0,0,28446.6,47108.3,-8909.77,81996.4,5184.3,109408,1.1699e+14
20230101T000017.500000,6,1788,7833.34,-4628.83,-305.301,0,0,0,34439.6,57921.3,3824.6,98233,-2260.01,132460,9.75263e+13
20230101T000017.500000,6,1789,1269.87,215.006,183.91,0,0,0,187.546,-417.617,-364.836,2583.37,-61.7715,2655.36,2.37638e+21
20230101T000017.500000,6,1790,64.6513,-3.93311,-6.95939,0,0,0,63.1382,-3.43271,-6.06565,6.92124,0.369009,7.44284,1.24432e+14
20230101T000017.500000,6,1791,4853.11,-549.398,128.572,0,0,0,572.201,4255.95,-996.683,37685.4,112.83,38167.2,2.41655e+14
20230101T000017.500000,6,1792,10816.8,3170.39,-2184.83,0,0,0,23172.3,-52791.3,37801.1,187814,11079.5,203289,2.70117e+14
20230101T000017.500000,6,1793,11260.4,3027.62,98.1347,0,0,0,14740.5,-54527.9,-1767.54,202881,-475.244,217542,2.30338e+14
20230101T000017.500000,6,1794,6638.87,4110.73,1076.98,0,0,0,28423.8,-42806.2,-11432.5,71051.1,-7078.88,97557.4,1.7323e+14
20230101T000017.500000,6,1795,6432.12,2512.05,0.19924,0,0,0,10152.2,-25830.9,-2.04874,66204,-0.80013,76292.2,1.00329e+14
20230101T000017.500000,6,1796,6194.39,5642.41,-373.208,0,0,0,51095.6,-55779.3,3696.77,61522.7,3367.35,112332,8.1152e+13
20230101T000017.500000,6,1797,371.567,420.177,101.493,0,0,0,316.905,-210.866,-52.91,264.924,-59.8319,505.405,2.27319e+14
20230101T000017.500000,6,1798,6075.13,4963.41,768.039,0,0,0,40020.8,-47751.9,-7460.69,59454.7,-6095.42,98468.8,1.82051e+14
20230101T000017.500000,6,1799,4881.2,3922.67,1242.33,0,0,0,26157.6,-29399.9,-9693,39114.9,-7789.57,62743.9,1.23224e+14
20230101T000017.500000,3,1622,7147.31,-4158.78,779.572,0,0,0,2500,0,0,2500,0,2500,0
20230101T000017.500000,3,1623,7833.34,-4628.83,-305.301,0,0,0,2500,0,0,2500,0,2500,0
20230101T000017.500000,3,1624,1269.87,215.006,183.91,0,0,0,2500,0,0,2500,0,2500,0
20230101T000017.500000,3,1625,64.6513,-3.93311,-6.95939,0,0,0,2500,0,0,2500,0,2500,0
20230101T000017.500000,3,1626,4853.11,-549.398,128.572,0,0,0,2500,0,0,2500,0,2500,0
20230101T000017.500000,3,1627,10816.8,3170.39,-2184.83,0,0,0,2500,0,0,2500,0,2500,0
20230101T000017.500000,3,1628,11260.4,3027.62,98.1347,0,0,0,2500,0,0,2500,0,2500,0
20230101T000017.500000,3,1629,6638.87,4110.72,1076.98,0,0,0,2500,0,0,2500,0,2500,0
20230101T000017.500000,3,1630,6432.12,2512.05,0.19924,0,0,0,2500,0,0,2500,0,2500,0
20230101T000017.500000,3,1631,6194.39,5642.41,-373.208,0,0,0,2500,0,0,2500,0,2500,0
20230101T000017.500000,3,1632,371.567,420.177,101.493,0,0,0,2500,0,0,2500,0,2500,0
20230101T000017.500000,3,1633,6075.13,4963.41,768.039,0,0,0,2500,0,0,2500,0,2500,0
20230101T000017.500000,3,1634,4881.2,3922.67,1242.33,0,0,0,2500,0,0,2500,0,2500,0
20230101T000017.600000,6,1800,7525.12,-9160.49,-165.754,0,0,0,134307,110241,1995.14,90668.2,-2428.73,224867,1.45459e+14
20230101T000017.600000,6,1801,6784.62,-8905.53,-1292.75,0,0,0,127899,95353.6,14028.9,75381.6,-18414.3,200544,7.99256e+13
20230101T000017.600000,6,1802,7832.22,-2803.47,234.393,0,0,0,12709.7,35083.6,-2935.61,98167.1,1050.77,110725,1.53305e+14
20230101T000017.600000,6,1803,1288.34,-0.597374,177.238,0,0,0,113.073,1.17897,-356.708,2655.73,0.165397,2656.92,3.21608e+21
20230101T000017.600000,6,1804,7816.71,-1010.02,-106.641,0,0,0,1713.05,12621.6,1332.87,97763,-172.224,99393.8,1.87371e+14
20230101T000017.600000,6,1805,7147.57,551.951,436.436,0,0,0,853.781,-6283.89,-4987.26,81742.6,-385.127,82228,1.04017e+14
20230101T000017.600000,6,1806,4307.53,2370.61,-125.619,0,0,0,9060.11,-16300.6,864.34,29708.4,475.681,38679.4,1.06446e+14
20230101T000017.600000,6,1807,1829.65,2156.71,176.623,0,0,0,7489.78,-6257.57,-514.477,5422.31,-606.441,12798.7,1.42112e+14
20230101T000017.600000,6,1808,6921.33,7493.86,735.578,0,0,0,90280.6,-82524.7,-8142.77,77149.1,-8816.34,166501,1.49322e+14
20230101T000017.600000,3,1635,7525.12,-9160.49,-165.754,0,0,0,2500,0,0,2500,0,2500,0
20230101T000017.600000,3,1636,6784.62,-8905.53,-1292.75,0,0,0,2500,0,0,2500,0,2500,0
20230101T000017.600000,3,1637,7832.22,-2803.47,234.393,0,0,0,2500,0,0,2500,0,2500,0
20230101T000017.600000,3,1638,1288.34,-0.597374,177.238,0,0,0,2500,0,0,2500,0,2500,0
20230101T000017.600000,3,1639,7816.71,-1010.02,-106.641,0,0,0,2500,0,0,2500,0,2500,0
20230101T000017.600000,3,1640,7147.57,551.951,436.436,0,0,0,2500,0,0,2500,0,2500,0
20230101T000017.600000,3,1641,4307.53,2370.61,-125.619,0,0,0,2500,0,0,2500,0,2500,0
20230101T000017.600000,3,1642,1829.65,2156.71,176.623,0,0,0,2500,0,0,2500,0,2500,0
20230101T000017.600000,3,1643,6921.33,7493.86,735.578,0,0,0,2500,0,0,2500,0,2500,0
20230101T000017.700000,6,1809,6306.17,-7370.65,-347.682,0,0,0,87031.1,74241.8,3506.58,63777.1,-4098.49,150551,8.29551e+13
20230101T000017.700000,6,1810,7784.07,-5835.13,-918.409,0,0,0,55382.7,71995.6,11433.5,97455.2,-8570.87,151425,1.51832e+14
20230101T000017.700000,6,1811,2926.46,-889.974,-649.112,0,0,0,1940.43,3962.45,3026.93,13764.9,-920.527,14972.7,2.09129e+14
20230101T000017.700000,6,1812,1268.48,-222.066,183.176,0,0,0,191.856,430.923,-362.979,2577.93,63.5448,2654.63,3.64429e+21
20230101T000017.700000,6,1813,5818.51,-674.986,252.082,0,0,0,892.325,6264.92,-2344.05,54170.4,271.926,54897.3,1.20537e+14
20230101T000017.700000,6,1814,6546.79,1272.34,-1519.18,0,0,0,6207.05,-12624.7,15899.6,68713.3,3090.02,71170,1.24444e+14
20230101T000017.700000,6,1815,9436.48,-628.047,-301.455,0,0,0,839.52,9468.61,4549.45,142476,-302.789,143107,1.18284e+14
20230101T000017.700000,6,1816,3946.74,728.389,-272.668,0,0,0,1025.53,-4567.02,1717.58,24928.8,316.987,25772,1.96528e+14
20230101T000017.700000,6,1817,10838.3,3986.96,-581.773,0,0,0,25966.6,-68943.2,10085.7,188024,3710.1,213385,9.35138e+13
20230101T000017.700000,6,1818,4652.48,1714.85,-1033.12,0,0,0,6262.62,-12191.2,7678.53,34844.6,2830.22,39340.8,1.38518e+14
20230101T000017.700000,6,1819,4060.23,4666.58,-192.983,0,0,0,34896.4,-30254.7,1252.38,26447,1439.41,61220,7.39051e+13
20230101T000017.700000,3,1644,6306.17,-7370.65,-347.682,0,0,0,2500,0,0,2500,0,2500,0
20230101T000017.700000,3,1645,7784.07,-5835.13,-918.409,0,0,0,2500,0,0,2500,0,2500,0
20230101T000017.700000,3,1646,2926.46,-889.974,-649.112,0,0,0,2500,0,0,2500,0,2500,0
20230101T000017.700000,3,1647,1268.48,-222.066,183.176,0,0,0,2500,0,0,2500,0,2500,0
20230101T000017.700000,3,1648,5818.51,-674.986,252.082,0,0,0,2500,0,0,2500,0,2500,0
20230101T000017.700000,3,1649,6546.79,1272.34,-1519.18,0,0,0,2500,0,0,2500,0,2500,0
20230101T000017.700000,3,1650,9436.48,-628.047,-301.455,0,0,0,2500,0,0,2500,0,2500,0
20230101T000017.700000,3,1651,3946.74,728.389,-272.668,0,0,0,2500,0,0,2500,0,2500,0
20230101T000017.700000,3,1652,10838.3,3986.96,-581.773,0,0,0,2500,0,0,2500,0,2500,0
20230101T000017.700000,3,1653,4652.48,1714.85,-1033.12,0,0,0,2500,0,0,2500,0,2500,0
20230101T000017.700000,3,1654,4060.23,4666.58,-192.983,0,0,0,2500,0,0,2500,0,2500,0
20230101T000017.800000,6,1820,2135.12,-1553.57,-273.269,0,0,0,3981.25,5220.32,928.24,7357.25,-675.412,11156.4,1.35084e+14
20230101T000017.800000,6,1821,6671.53,-9253.9,-1434.52,0,0,0,138163,97188.5,15308,73422.8,-21233.4,208231,2.94181e+14
20230101T000017.800000,6,1822,4085.68,-3248.92,-502.186,0,0,0,17174.8,21011,3278.06,26889.4,-2606.7,43597.8,1.20284e+14
20230101T000017.800000,6,1823,1212.5,-437.556,174.285,0,0,0,404.938,813.273,-330.118,2365.09,119.13,2659.72,1.26309e+21
20230101T000017.800000,6,1824,8544.68,-3427.15,-2322.29,0,0,0,26277.4,43852.1,31735,118023,-12728.5,135615,1.68507e+14
20230101T000017.800000,6,1825,3275.32,1908.81,-167.405,0,0,0,5910.81,-9955.81,874.849,17191.9,509.849,22994.1,1.38422e+14
20230101T000017.800000,6,1826,9886.99,3990.31,901.454,0,0,0,26648.9,-62650.2,-14255.3,156595,-5753.33,181881,1.53626e+14
20230101T000017.800000,6,1827,467.933,319.357,-62.9296,0,0,0,210.636,-206.714,41.3146,372.441,28.1966,514.301,8.03813e+13
20230101T000017.800000,6,1828,9508.08,2404.96,-1102.66,0,0,0,11141.9,-36109,16767.8,144766,4241.21,153901,1.14745e+14
20230101T000017.800000,6,1829,9103.18,1816.52,-81.8494,0,0,0,5351.42,-26443.4,1191.59,132592,237.779,137868,1.80213e+14
20230101T000017.800000,3,1655,2135.12,-1553.57,-273.269,0,0,0,2500,0,0,2500,0,2500,0
20230101T000017.800000,3,1656,6671.53,-9253.9,-1434.52,0,0,0,2500,0,0,2500,0,2500,0
20230101T000017.800000,3,1657,4085.68,-3248.92,-502.186,0,0,0,2500,0,0,2500,0,2500,0
20230101T000017.800000,3,1658,1212.5,-437.556,174.285,0,0,0,2500,0,0,2500,0,2500,0
20230101T000017.800000,3,1659,8544.68,-3427.15,-2322.29,0,0,0,2500,0,0,2500,0,2500,0
20230101T000017.800000,3,1660,3275.32,1908.81,-167.405,0,0,0,2500,0,0,2500,0,2500,0
20230101T000017.800000,3,1661,9886.99,3990.32,901.454,0,0,0,2500,0,0,2500,0,2500,0
20230101T000017.800000,3,1662,467.933,319.357,-62.9296,0,0,0,2500,0,0,2500,0,2500,0
20230101T000017.800000,3,1663,9508.08,2404.96,-1102.66,0,0,0,2500,0,0,2500,0,2500,0
20230101T000017.800000,3,1664,9103.18,1816.52,-81.8494,0,0,0,2500,0,0,2500,0,2500,0
20230101T000017.900000,6,1830,5495.3,-6875.81,1142.71,0,0,0,76481.8,59405.8,-10042.2,49630.7,12564.9,123961,1.13981e+14
20230101T000017.900000,6,1831,1116.79,-641.938,181.248,0,0,0,746.015,1097.24,-316.211,2024.21,181.759,2656.15,1.28668e+19
20230101T000017.900000,6,1832,4129.15,-1337.81,963.287,0,0,0,4262.41,8385.22,-6351.22,27426.7,2057.74,30146.4,2.1918e+14
20230101T000017.900000,6,1833,9482.96,-5146.76,1514.09,0,0,0,45264.5,76526.4,-22965.2,144731,12464.1,186266,1.78169e+14
20230101T000017.900000,6,1834,2700.5,-410.907,156.152,0,0,0,370.629,1760.16,-671.095,11670.7,102.113,11938.7,1.22173e+14
20230101T000017.900000,6,1835,4290.26,-560.964,1023.04,0,0,0,2209.49,3627.62,-7008.32,29479.2,916.359,29957,2.11464e+14
20230101T000017.900000,6,1836,6240.61,-766.116,-1008.48,0,0,0,2603.67,7445.3,10059.7,62337.4,-1234.97,63253,1.69127e+14
20230101T000017.900000,6,1837,5170.76,-187.51,1115.08,0,0,0,2104.16,1477.05,-9212.1,42781.4,334.064,42837.9,1.16115e+14
20230101T000017.900000,6,1838,3932.36,4273.22,282.613,0,0,0,29304.6,-26790.7,-1776.03,24845.3,-1929.98,53958.3,1.04259e+14
20230101T000017.900000,3,1665,5495.3,-6875.81,1142.71,0,0,0,2500,0,0,2500,0,2500,0
20230101T000017.900000,3,1666,1116.79,-641.938,181.248,0,0,0,2500,0,0,2500,0,2500,0
20230101T000017.900000,3,1667,4129.15,-1337.81,963.287,0,0,0,2500,0,0,2500,0,2500,0
20230101T000017.900000,3,1668,9482.96,-5146.76,1514.09,0,0,0,2500,0,0,2500,0,2500,0
20230101T000017.900000,3,1669,2700.5,-410.907,156.152,0,0,0,2500,0,0,2500,0,2500,0
20230101T000017.900000,3,1670,4290.26,-560.964,1023.04,0,0,0,2500,0,0,2500,0,2500,0
20230101T000017.900000,3,1671,6240.61,-766.116,-1008.48,0,0,0,2500,0,0,2500,0,2500,0
20230101T000017.900000,3,1672,5170.76,-187.51,1115.08,0,0,0,2500,0,0,2500,0,2500,0
20230101T000017.900000,3,1673,3932.36,4273.22,282.613,0,0,0,2500,0,0,2500,0,2500,0
20230101T000018,6,1839,992.174,-821.366,182.181,0,0,0,1148.17,1247,-282.372,1622.16,233.76,2655.74,6.40617e+20
20230101T000018,6,1840,298.283,-196.728,26.4252,0,0,0,107.059,64.1205,-8.68188,161.99,5.726,204.628,2.107e+14
20230101T000018,6,1841,4266.74,-5990.79,1139.76,0,0,0,58143.9,39886.2,-7775.3,30548.5,10917.1,86553,1.36495e+14
20230101T000018,6,1842,5505.21,-2622.82,-1055.08,0,0,0,12508.9,22387,9283.77,48832.8,-4423.01,59500.3,8.95018e+13
20230101T000018,6,1843,3806.05,732.523,-35.8322,0,0,0,922.234,-4448.57,217.625,23180,41.8848,24036.2,2.08444e+14
20230101T000018,6,1844,748.433,-31.8386,8.31373,0,0,0,65.6088,35.4045,-9.24608,896.359,0.393332,897.873,1.29794e+14
20230101T000018,6,1845,8029.5,4624.39,-562.587,0,0,0,34644.1,-59163.8,7224.32,103299,4160.66,137373,2.09125e+14
20230101T000018,6,1846,6671.06,9630.38,-795.029,0,0,0,148739,-102288,8483.43,71931.2,12246.7,219596,8.94331e+13
20230101T000018,3,1674,992.174,-821.366,182.181,0,0,0,2500,0,0,2500,0,2500,0
20230101T000018,3,1675,298.283,-196.728,26.4252,0,0,0,2500,0,0,2500,0,2500,0
20230101T000018,3,1676,4266.74,-5990.79,1139.76,0,0,0,2500,0,0,2500,0,2500,0
20230101T000018,3,1677,5505.21,-2622.82,-1055.08,0,0,0,2500,0,0,2500,0,2500,0
20230101T000018,3,1678,3806.05,732.523,-35.8322,0,0,0,2500,0,0,2500,0,2500,0
20230101T000018,3,1679,748.433,-31.8386,8.31373,0,0,0,2500,0,0,2500,0,2500,0
20230101T000018,3,1680,8029.5,4624.39,-562.587,0,0,0,2500,0,0,2500,0,2500,0
20230101T000018,3,1681,6671.06,9630.38,-795.029,0,0,0,2500,0,0,2500,0,2500,0
20230101T000018.100000,6,1847,3391.47,-2949.71,38.8554,0,0,0,13959.1,15973.3,-210.426,18431.9,183.017,32324.6,8.3818e+13
20230101T000018.100000,6,1848,8083.4,-7303.74,-148.625,0,0,0,85406.1,94413.1,1921.59,104591,-1736.25,189898,1.04373e+14
20230101T000018.100000,6,1849,5021.2,-4544.55,-1649.6,0,0,0,35471.2,34314.3,13241.8,42327.6,-11984.8,73388.1,1.40294e+14
20230101T000018.100000,6,1850,5097.28,-3664.18,721.675,0,0,0,22073,29458.9,-5879.84,41877.1,4226.72,63054.4,1.25685e+14
20230101T000018.100000,6,1851,4226.41,-1683.76,495.522,0,0,0,4929.7,11229.2,-3344.45,28642.5,1332.39,33116.9,8.49412e+13
20230101T000018.100000,6,1852,11230.1,-693.149,-218.245,0,0,0,908.382,12446,3920.23,201786,-241.965,202554,1.07853e+14
20230101T000018.100000,6,1853,10121.3,-666.849,-244.275,0,0,0,870.246,10788.5,3954.27,163905,-260.53,164616,1.00198e+14
20230101T000018.100000,6,1854,7060.47,-897.967,1077.26,0,0,0,3178.94,9903.89,-12160.1,79790.9,1546.55,81052,1.02115e+14
20230101T000018.100000,6,1855,9907.22,6405.96,-1711.45,0,0,0,69007.1,-99379,27121.5,158445,17536.7,222704,2.45808e+14
20230101T000018.100000,6,1856,8902,2127.32,-35.226,0,0,0,7303.19,-30284.9,501.492,126797,119.842,134034,1.2355e+14
20230101T000018.100000,6,1857,5757.04,3455.39,-396.664,0,0,0,19335.5,-31689.3,3650.55,53113.2,2191.07,72133.4,1.10657e+14
20230101T000018.100000,6,1858,5539.4,1487.46,391.155,0,0,0,3827.82,-13106.2,-3462.63,49116.7,-929.799,52636.3,2.04974e+14
20230101T000018.100000,6,1859,936.232,1122.39,-321.992,0,0,0,2108.71,-1569.68,473.721,1536.26,567.913,3421.01,2.29484e+21
20230101T000018.100000,6,1860,978.718,1157.51,-320.751,0,0,0,2237.87,-1701.23,493.911,1664.33,584.136,3679.08,1.03873e+19
20230101T000018.100000,6,1861,515.459,536.53,-179.829,0,0,0,514.441,-386.435,138.185,483.467,143.834,889.232,1.01975e+15
20230101T000018.100000,4,1664,8977.03,1798.24,-79.8332,-34.7203,-5.02916,0.554941,162.661,-500.769,22.5639,2572.26,4.50257,2671.99,0
20230101T000018.100000,3,1682,3391.47,-2949.71,38.8554,0,0,0,2500,0,0,2500,0,2500,0
20230101T000018.100000,3,1683,8083.4,-7303.74,-148.625,0,0,0,2500,0,0,2500,0,2500,0
20230101T000018.100000,3,1684,5021.2,-4544.55,-1649.6,0,0,0,2500,0,0,2500,0,2500,0
20230101T000018.100000,3,1685,5097.28,-3664.18,721.675,0,0,0,2500,0,0,2500,0,2500,0
20230101T000018.100000,3,1686,4226.41,-1683.76,495.522,0,0,0,2500,0,0,2500,0,2500,0
20230101T000018.100000,3,1687,11230.1,-693.149,-218.245,0,0,0,2500,0,0,2500,0,2500,0
20230101T000018.100000,3,1688,10121.3,-666.849,-244.275,0,0,0,2500,0,0,2500,0,2500,0
20230101T000018.100000,3,1689,7060.47,-897.967,1077.26,0,0,0,2500,0,0,2500,0,2500,0
20230101T000018.100000,3,1690,9907.22,6405.96,-1711.45,0,0,0,2500,0,0,2500,0,2500,0
20230101T000018.100000,3,1691,5757.04,3455.39,-396.664,0,0,0,2500,0,0,2500,0,2500,0
20230101T000018.100000,3,1692,5539.4,1487.46,391.155,0,0,0,2500,0,0,2500,0,2500,0
20230101T000018.100000,3,1693,936.232,1122.39,-321.992,0,0,0,2500,0,0,2500,0,2500,0
20230101T000018.100000,3,1694,978.718,1157.51,-320.751,0,0,0,2500,0,0,2500,0,2500,0
20230101T000018.100000,3,1695,515.459,536.53,-179.829,0,0,0,2500,0,0,2500,0,2500,0
20230101T000018.200000,6,1862,5953.48,-7413.21,-608.2,0,0,0,88186,70295,5790.9,57108.9,-7210.76,144640,1.0114e+14
20230101T000018.200000,6,1863,2741.39,-1012.57,-584.691,0,0,0,2175.95,4243.59,2553.04,12097.4,-943.002,13667.3,1.4524e+14
20230101T000018.200000,6,1864,4636.68,501.267,-499.413,0,0,0,859.024,-3669.34,3698.25,34403.5,399.815,34800.9,1.6804e+14
20230101T000018.200000,6,1865,11618,1657.67,732.103,0,0,0,5299.51,-30685.2,-13605,215983,-1941.17,220362,1.22992e+14
20230101T000018.200000,6,1866,5975.8,-328.852,-701.526,0,0,0,1021.02,3097.58,6700.1,57138.9,-368.71,57310.2,1.24192e+14
20230101T000018.200000,6,1867,3425.57,1373.38,-408.924,0,0,0,3302.84,-7413.11,2234.77,18821,895.965,21793.9,1.13271e+14
20230101T000018.200000,6,1868,9239.73,4808.14,-1796.03,0,0,0,41099.5,-68942.6,26542.3,137709,13812,173587,1.58596e+14
20230101T000018.200000,6,1869,5705.29,3063.83,-961.969,0,0,0,16217.1,-27324.8,8773.11,52426,4711.3,67101.2,1.52607e+14
20230101T000018.200000,6,1870,4896.89,1732.34,-99.5521,0,0,0,4872.56,-13547.8,778.837,38376.1,275.524,43168.9,1.99027e+14
20230101T000018.200000,6,1871,1114.47,950.111,-307.827,0,0,0,1567.63,-1589.08,539.099,2076.88,459.594,3434.32,1.99424e+20
20230101T000018.200000,6,1872,1146.57,988.944,-317.966,0,0,0,1692.72,-1703.91,573.565,2198.55,494.714,3670.91,7.54836e+17
20230101T000018.200000,6,1873,4946.64,4223.89,-743.127,0,0,0,29093.6,-32963,5876.08,39550,5017.54,67697.7,1.51573e+14
20230101T000018.200000,3,1696,5953.48,-7413.21,-608.2,0,0,0,2500,0,0,2500,0,2500,0
20230101T000018.200000,3,1697,2741.39,-1012.57,-584.691,0,0,0,2500,0,0,2500,0,2500,0
20230101T000018.200000,3,1698,4636.68,501.267,-499.413,0,0,0,2500,0,0,2500,0,2500,0
20230101T000018.200000,3,1699,11618,1657.67,732.103,0,0,0,2500,0,0,2500,0,2500,0
20230101T000018.200000,3,1700,5975.8,-328.852,-701.526,0,0,0,2500,0,0,2500,0,2500,0
20230101T000018.200000,3,1701,3425.57,1373.38,-408.924,0,0,0,2500,0,0,2500,0,2500,0
20230101T000018.200000,3,1702,9239.73,4808.15,-1796.03,0,0,0,2500,0,0,2500,0,2500,0
20230101T000018.200000,3,1703,5705.29,3063.83,-961.969,0,0,0,2500,0,0,2500,0,2500,0
20230101T000018.200000,3,1704,4896.89,1732.34,-99.5521,0,0,0,2500,0,0,2500,0,2500,0
20230101T000018.200000,3,1705,1114.47,950.111,-307.827,0,0,0,2500,0,0,2500,0,2500,0
20230101T000018.200000,3,1706,1146.57,988.944,-317.966,0,0,0,2500,0,0,2500,0,2500,0
20230101T000018.200000,3,1707,4946.64,4223.89,-743.127,0,0,0,2500,0,0,2500,0,2500,0
20230101T000018.300000,6,1874,4657.58,-5615.22,-98.5521,0,0,0,50481.5,41806.2,733.871,34756,-884.761,85157.9,9.93969e+13
20230101T000018.300000,6,1875,4284.94,-7041.18,-1637.42,0,0,0,80501,46341.1,11219.7,32552.5,-18436.6,108705,3.21033e+14
20230101T000018.300000,6,1876,7476.54,-6054.92,2049.57,0,0,0,62755.3,69114.6,-24507.7,92124.2,19847.7,148100,2.06631e+14
20230101T000018.300000,6,1877,8682.43,-3345.05,454.049,0,0,0,18245.8,46337,-6304.69,120666,2428.98,138518,8.91927e+13
20230101T000018.300000,6,1878,11047,2314.22,594.805,0,0,0,9172.42,-40778,-10510,195285,-2201.73,203828,3.11315e+14
20230101T000018.300000,6,1879,10306.2,2014.47,-1573.58,0,0,0,10369.3,-32460.7,25938.9,170096,5070.08,176442,1.31435e+14
20230101T000018.300000,6,1880,10004.1,1699.19,-1140.98,0,0,0,6705.56,-26843.8,18256.2,160191,3100.81,164751,1.11761e+14
20230101T000018.300000,6,1881,676.406,130.025,-126.427,0,0,0,111.421,-124.501,125.666,735.159,24.1567,761.177,2.73233e+14
20230101T000018.300000,6,1882,1266.81,732.239,-314.233,0,0,0,1022.16,-1389.22,625.543,2622.58,361.575,3428.39,3.73343e+20
20230101T000018.300000,6,1883,1326.93,730.359,-325.361,0,0,0,1030.43,-1453.23,679.259,2870.81,373.871,3673.51,1.84575e+18
20230101T000018.300000,6,1884,11365.5,4077.2,-1008.76,0,0,0,28096.5,-73605.5,18339.1,206873,6578.85,233278,1.36137e+14
20230101T000018.300000,6,1885,5957.54,3318.44,245.548,0,0,0,17741.6,-31563.4,-2338.57,56825.7,-1302.62,74407,1.77698e+14
20230101T000018.300000,6,1886,217.597,143.126,-8.15145,0,0,0,77.4791,-20.4262,1.16611,95.098,0.767018,108.596,1.27285e+14
20230101T000018.300000,6,1887,5436.48,8240.27,955.359,0,0,0,109105,-70976.5,-8306.68,48350.2,-12590.7,155932,1.85399e+14
20230101T000018.300000,6,1888,8674.45,6867.21,-1553.41,0,0,0,77865.8,-93401.4,21553.1,121905,17062.7,195849,1.43713e+14
20230101T000018.300000,6,1889,5549.73,5449.68,-1173.68,0,0,0,48672.3,-47257.7,10415,50391.9,10227.3,96799.1,1.12967e+14
20230101T000018.300000,6,1890,3923.57,5697.56,526.182,0,0,0,52102.6,-35531,-3300.47,24974.7,-4792.74,76571,1.82388e+14
20230101T000018.300000,3,1708,4657.58,-5615.22,-98.5521,0,0,0,2500,0,0,2500,0,2500,0
20230101T000018.300000,3,1709,4284.94,-7041.17,-1637.42,0,0,0,2500,0,0,2500,0,2500,0
20230101T000018.300000,3,1710,7476.54,-6054.92,2049.57,0,0,0,2500,0,0,2500,0,2500,0
20230101T000018.300000,3,1711,8682.43,-3345.05,454.049,0,0,0,2500,0,0,2500,0,2500,0
20230101T000018.300000,3,1712,11047,2314.22,594.805,0,0,0,2500,0,0,2500,0,2500,0
20230101T000018.300000,3,1713,10306.2,2014.47,-1573.58,0,0,0,2500,0,0,2500,0,2500,0
20230101T000018.300000,3,1714,10004.1,1699.19,-1140.98,0,0,0,2500,0,0,2500,0,2500,0
20230101T000018.300000,3,1715,676.406,130.025,-126.427,0,0,0,2500,0,0,2500,0,2500,0
20230101T000018.300000,3,1716,1266.81,732.239,-314.233,0,0,0,2500,0,0,2500,0,2500,0
20230101T000018.300000,3,1717,1326.93,730.359,-325.361,0,0,0,2500,0,0,2500,0,2500,0
20230101T000018.300000,3,1718,11365.5,4077.2,-1008.76,0,0,0,2500,0,0,2500,0,2500,0
20230101T000018.300000,3,1719,5957.54,3318.44,245.548,0,0,0,2500,0,0,2500,0,2500,0
20230101T000018.300000,3,1720,217.597,143.126,-8.15145,0,0,0,2500,0,0,2500,0,2500,0
20230101T000018.300000,3,1721,5436.48,8240.27,955.359,0,0,0,2500,0,0,2500,0,2500,0
20230101T000018.300000,3,1722,8674.45,6867.21,-1553.41,0,0,0,2500,0,0,2500,0,2500,0
20230101T000018.300000,3,1723,5549.73,5449.68,-1173.68,0,0,0,2500,0,0,2500,0,2500,0
20230101T000018.300000,3,1724,3923.57,5697.56,526.182,0,0,0,2500,0,0,2500,0,2500,0
20230101T000018.400000,6,1891,72.9752,-85.1374,20.5601,0,0,0,38.1082,-20.9885,4.98788,44.6045,-5.81918,22.1996,2.69549e+14
20230101T000018.400000,6,1892,6726.98,-3937.27,-317.834,0,0,0,24971.3,42279.2,3418.66,72461.2,-2000.92,97207.1,1.38399e+14
20230101T000018.400000,6,1893,11015.5,1817.04,-734.768,0,0,0,6185.58,-31875.9,12946,194169,2135.48,199428,1.29087e+14
20230101T000018.400000,6,1894,4939.3,-1061.03,-1211.6,0,0,0,4104.24,7890.45,9560.91,39140.9,-2053.81,40839.4,1.54111e+14
20230101T000018.400000,6,1895,1375.67,500.443,-310.852,0,0,0,591.328,-1032.17,671.986,3053.17,244.456,3431.41,4.19206e+20
20230101T000018.400000,6,1896,1416.58,533.202,-320.516,0,0,0,652.51,-1134.13,714.318,3238.71,268.87,3668.35,1.81665e+18
20230101T000018.400000,6,1897,3890.92,1139.35,-734.792,0,0,0,2929.71,-6843.31,4563.65,24296,1336.34,26301.9,3.89972e+14
20230101T000018.400000,6,1898,8364.13,5897.1,-1488,0,0,0,58049.5,-77220.8,19905.9,113131,14034.6,167577,1.66069e+14
20230101T000018.400000,6,1899,5905.66,6142.3,-1028.8,0,0,0,61208.2,-57161.3,9715.88,56715.6,10105.2,116168,1.72602e+14
20230101T000018.400000,4,1717,1368.17,652.186,-323.189,4.08324,-7.73993,0.21498,445.188,-578.355,262.799,1177.62,144.647,1458.9,0
20230101T000018.400000,3,1725,72.9752,-85.1374,20.5601,0,0,0,2500,0,0,2500,0,2500,0
20230101T000018.400000,3,1726,6726.98,-3937.27,-317.834,0,0,0,2500,0,0,2500,0,2500,0
20230101T000018.400000,3,1727,11015.5,1817.04,-734.768,0,0,0,2500,0,0,2500,0,2500,0
20230101T000018.400000,3,1728,4939.3,-1061.03,-1211.6,0,0,0,2500,0,0,2500,0,2500,0
20230101T000018.400000,3,1729,1375.67,500.443,-310.852,0,0,0,2500,0,0,2500,0,2500,0
20230101T000018.400000,3,1730,3890.92,1139.35,-734.792,0,0,0,2500,0,0,2500,0,2500,0
20230101T000018.400000,3,1731,8364.14,5897.1,-1488,0,0,0,2500,0,0,2500,0,2500,0
20230101T000018.400000,3,1732,5905.66,6142.29,-1028.8,0,0,0,2500,0,0,2500,0,2500,0
20230101T000018.500000,6,1900,5488.16,-4527.39,-1542.37,0,0,0,35096.9,37856.8,13533.4,49757.9,-11164.2,80990.2,1.49577e+14
20230101T000018.500000,6,1901,5646.66,-7965.14,394.707,0,0,0,101614,71814.6,-3564.55,51224.1,5028.12,152525,1.69986e+14
20230101T000018.500000,6,1902,4573.28,-4266.09,-446.945,0,0,0,29324.2,31024.9,3267.08,33642.2,-3047.63,62583.5,1.07791e+14
20230101T000018.500000,6,1903,1440.87,256.491,-312.538,0,0,0,316.076,-553.784,707.651,3328.44,125.97,3429.81,5.26877e+19
20230101T000018.500000,6,1904,1502.3,233.146,-287.163,0,0,0,276.151,-531.051,678.715,3615.61,105.332,3700.23,2.09379e+17
20230101T000018.500000,6,1905,9396.07,751.477,1688.77,0,0,0,5499.28,-10929.9,-25377.4,141287,-2029.63,142163,1.21617e+14
20230101T000018.500000,6,1906,1442.39,241.315,-316.249,0,0,0,308.313,-520.919,716.806,3334.8,119.923,3424.81,4.90391e+19
20230101T000018.500000,6,1907,2460.94,2578.45,-127.481,0,0,0,10680.3,-10107.7,500.38,9736.99,524.273,20327.5,1.58861e+14
20230101T000018.500000,6,1908,2539.27,3310.97,177.506,0,0,0,17582.3,-13396.7,-719.523,10388.6,-938.189,27856.8,4.43953e+14
20230101T000018.500000,6,1909,4891.84,4537.74,1505.32,0,0,0,34927.2,-33678.6,-11772,39993.1,-10919.9,71237,1.1341e+14
20230101T000018.500000,3,1733,5488.16,-4527.39,-1542.37,0,0,0,2500,0,0,2500,0,2500,0
20230101T000018.500000,3,1734,5646.66,-7965.14,394.707,0,0,0,2500,0,0,2500,0,2500,0
20230101T000018.500000,3,1735,4573.28,-4266.09,-446.945,0,0,0,2500,0,0,2500,0,2500,0
20230101T000018.500000,3,1736,1440.87,256.491,-312.538,0,0,0,2500,0,0,2500,0,2500,0
20230101T000018.500000,3,1737,1502.3,233.146,-287.163,0,0,0,2500,0,0,2500,0,2500,0
20230101T000018.500000,3,1738,9396.07,751.477,1688.77,0,0,0,2500,0,0,2500,0,2500,0
20230101T000018.500000,3,1739,1442.39,241.315,-316.249,0,0,0,2500,0,0,2500,0,2500,0
20230101T000018.500000,3,1740,2460.94,2578.45,-127.481,0,0,0,2500,0,0,2500,0,2500,0
20230101T000018.500000,3,1741,2539.27,3310.97,177.506,0,0,0,2500,0,0,2500,0,2500,0
20230101T000018.500000,3,1742,4891.84,4537.74,1505.32,0,0,0,2500,0,0,2500,0,2500,0
20230101T000018.600000,6,1910,2864.19,-3688.06,440.612,0,0,0,21903.6,16720.1,-2015.53,13359.1,2595.28,34889.2,1.7488e+14
20230101T000018.600000,6,1911,10836.9,-3817.69,-969.041,0,0,0,24712.8,65704.3,16797.2,188074,-5917.43,211221,2.13256e+14
20230101T000018.600000,6,1912,5853.69,-2720.29,-878.439,0,0,0,12907,24982.1,8219.63,55055.6,-3819.77,66666.3,1.13123e+14
20230101T000018.600000,6,1913,2668.4,-1.83456,-115.531,0,0,0,85.2416,7.77397,490.489,11392.6,-0.337218,11392.7,3.11565e+14
20230101T000018.600000,6,1914,1463.28,2.49996,-313.894,0,0,0,218.841,-5.47914,721.778,3425.89,1.23313,3428.71,4.78772e+20
20230101T000018.600000,6,1915,1510.59,15.0251,-344.129,0,0,0,250.658,-33.8253,817.882,3651.05,8.13505,3654.55,2.28353e+18
20230101T000018.600000,6,1916,12024.1,1875.44,-1047.11,0,0,0,7402.27,-35804,20139.5,231371,3141.21,236956,9.51654e+13
20230101T000018.600000,6,1917,7514.1,1522.74,-243.455,0,0,0,3862.49,-18276.3,2924.96,90344.9,592.747,94048.7,1.34955e+14
20230101T000018.600000,6,1918,9255.06,-1776.62,1605.82,0,0,0,9089.46,25533.1,-23768.8,137199,4562.72,142102,8.75653e+13
20230101T000018.600000,6,1919,9885.78,5340.32,-1495.23,0,0,0,48448.2,-82947,23643.1,157188,12772,201997,8.50297e+13
20230101T000018.600000,6,1920,202.107,40.932,-47.9795,0,0,0,64.5398,-0.708058,1.66991,67.8926,0.338202,71.3228,1.88867e+14
20230101T000018.600000,4,1720,229.019,36.1205,-56.0791,3.14374,-29.4511,-13.1912,75.1967,-19.193,1.09567,91.7519,0.720685,104.434,0
20230101T000018.600000,4,1737,1513.8,145.029,-310.086,1.13892,-8.72448,-2.26957,145.33,-210.309,263.005,1467.84,40.8165,1471.48,0
20230101T000018.600000,3,1743,2864.19,-3688.06,440.612,0,0,0,2500,0,0,2500,0,2500,0
20230101T000018.600000,3,1744,10836.9,-3817.69,-969.041,0,0,0,2500,0,0,2500,0,2500,0
20230101T000018.600000,3,1745,5853.69,-2720.29,-878.439,0,0,0,2500,0,0,2500,0,2500,0
20230101T000018.600000,3,1746,2668.4,-1.83456,-115.531,0,0,0,2500,0,0,2500,0,2500,0
20230101T000018.600000,3,1747,1463.28,2.49996,-313.894,0,0,0,2500,0,0,2500,0,2500,0
20230101T000018.600000,3,1748,12024.1,1875.43,-1047.11,0,0,0,2500,0,0,2500,0,2500,0
20230101T000018.600000,3,1749,7514.1,1522.74,-243.455,0,0,0,2500,0,0,2500,0,2500,0
20230101T000018.600000,3,1750,9255.06,-1776.62,1605.82,0,0,0,2500,0,0,2500,0,2500,0
20230101T000018.600000,3,1751,9885.78,5340.32,-1495.23,0,0,0,2500,0,0,2500,0,2500,0
20230101T000018.700000,6,1921,6978.05,-6003.37,1320.35,0,0,0,59303.7,65616.9,-14734.7,79122.1,12676.6,135575,1.77072e+14
20230101T000018.700000,6,1922,1439.99,-269.42,-304.625,0,0,0,318.865,582.812,689.315,3324.83,-128.969,3436.53,6.54496e+19
20230101T000018.700000,6,1923,1476.79,-271.145,-373.24,0,0,0,391.565,590.382,867.179,3498.68,-159.218,3610.8,2.48393e+17
20230101T000018.700000,6,1924,2687.88,339.692,-238.785,0,0,0,336.929,-1441.63,1021.37,11561.9,129.08,11744.6,2.61537e+14
20230101T000018.700000,6,1925,1439.53,-265.606,-311.093,0,0,0,321.841,573.199,703.725,3322.69,-129.844,3431.22,6.65876e+19
20230101T000018.700000,6,1926,8266.78,992.293,-1455.77,0,0,0,4979.32,-12716.3,19244.5,109392,2309.99,110921,1.57435e+14
20230101T000018.700000,6,1927,11217.9,2017.01,2132.87,0,0,0,13619.8,-34924,-38270.6,201576,-6881.16,207857,2.77036e+14
20230101T000018.700000,6,1928,5114.42,3450.77,-660.654,0,0,0,19575.9,-27884.8,5400.56,42089.9,3643.84,60904.9,7.91815e+13
20230101T000018.700000,3,1752,6978.05,-6003.37,1320.35,0,0,0,2500,0,0,2500,0,2500,0
20230101T000018.700000,3,1753,1439.99,-269.42,-304.625,0,0,0,2500,0,0,2500,0,2500,0
20230101T000018.700000,3,1754,1476.79,-271.145,-373.24,0,0,0,2500,0,0,2500,0,2500,0
20230101T000018.700000,3,1755,2687.88,339.692,-238.785,0,0,0,2500,0,0,2500,0,2500,0
20230101T000018.700000,3,1756,1439.53,-265.606,-311.093,0,0,0,2500,0,0,2500,0,2500,0
20230101T000018.700000,3,1757,8266.78,992.293,-1455.77,0,0,0,2500,0,0,2500,0,2500,0
20230101T000018.700000,3,1758,11217.9,2017.01,2132.87,0,0,0,2500,0,0,2500,0,2500,0
20230101T000018.700000,3,1759,5114.42,3450.77,-660.654,0,0,0,2500,0,0,2500,0,2500,0
20230101T000018.800000,6,1929,1659.74,-1701.92,49.3914,0,0,0,4667.55,4485.67,-130.235,4442.37,133.545,9042.07,1.56775e+14
20230101T000018.800000,6,1930,1375.69,-500.566,-309.326,0,0,0,590.201,1032.92,668.696,3053.12,-243.315,3431.7,2.39719e+20
20230101T000018.800000,6,1931,1427.52,-495.036,-332.957,0,0,0,604.917,1056.88,747.775,3286.09,-259.314,3655.56,8.52469e+17
20230101T000018.800000,6,1932,10899.3,-3148.08,-1541.41,0,0,0,19423.4,53868.6,26872.2,190369,-7761.58,205929,1.52434e+14
20230101T000018.800000,6,1933,6287.9,-2257.65,-1612.19,0,0,0,11892.5,21371.5,16205.9,63742.1,-5818.68,71419,1.42585e+14
20230101T000018.800000,6,1934,7217.92,-4493.05,-1173.55,0,0,0,33933.4,50871.9,13545.5,83990.2,-8431.91,115658,2.99824e+14
20230101T000018.800000,6,1935,7366.81,-3187.8,1715.09,0,0,0,20275,35836.6,-20203.6,87583.8,8742.58,103094,1.63988e+14
20230101T000018.800000,6,1936,612.273,-68.4536,-58.5964,0,0,0,75.5665,59.4494,51.4081,600.656,-5.74755,607.877,2.31581e+14
20230101T000018.800000,6,1937,8848.34,5337.76,-2297.03,0,0,0,51821.1,-71807.6,32508.2,127538,19610.6,170859,2.71099e+14
20230101T000018.800000,6,1938,5729.37,3748.93,-1618.28,0,0,0,25463.5,-32418.8,14822.8,53795.4,9699.05,75011.5,1.78311e+14
20230101T000018.800000,6,1939,2361.14,2425.74,125.941,0,0,0,9458.16,-9119.39,-474.126,8965.85,-487.097,18334.8,1.26855e+14
20230101T000018.800000,6,1940,493.896,725.235,-59.3517,0,0,0,863.516,-540.843,44.4761,437.667,65.3084,1232.13,1.01698e+14
20230101T000018.800000,6,1941,3164.7,4300.33,-448.316,0,0,0,29723.8,-21590.9,2266.89,16274.3,3080.35,45613.5,1.29876e+14
20230101T000018.800000,4,1744,10764.3,-3783.6,-969.424,-13.9583,6.55615,-0.0736208,354.874,779.791,197.951,2293.67,-69.7356,2550.9,0
20230101T000018.800000,4,1754,1463.69,-364.427,-357.286,-1.2965,-9.23585,1.57968,190.979,237.64,336.036,1441.65,-61.6976,1436.82,0
20230101T000018.800000,3,1760,1659.74,-1701.92,49.3914,0,0,0,2500,0,0,2500,0,2500,0
20230101T000018.800000,3,1761,1375.69,-500.566,-309.326,0,0,0,2500,0,0,2500,0,2500,0
20230101T000018.800000,3,1762,6287.9,-2257.65,-1612.19,0,0,0,2500,0,0,2500,0,2500,0
20230101T000018.800000,3,1763,7217.92,-4493.05,-1173.55,0,0,0,2500,0,0,2500,0,2500,0
20230101T000018.800000,3,1764,7366.81,-3187.8,1715.09,0,0,0,2500,0,0,2500,0,2500,0
20230101T000018.800000,3,1765,612.273,-68.4536,-58.5964,0,0,0,2500,0,0,2500,0,2500,0
20230101T000018.800000,3,1766,8848.34,5337.76,-2297.03,0,0,0,2500,0,0,2500,0,2500,0
20230101T000018.800000,3,1767,5729.37,3748.93,-1618.28,0,0,0,2500,0,0,2500,0,2500,0
20230101T000018.800000,3,1768,2361.14,2425.74,125.941,0,0,0,2500,0,0,2500,0,2500,0
20230101T000018.800000,3,1769,493.896,725.235,-59.3517,0,0,0,2500,0,0,2500,0,2500,0
20230101T000018.800000,3,1770,3164.7,4300.33,-448.316,0,0,0,2500,0,0,2500,0,2500,0
20230101T000018.900000,6,1942,5698.84,-6981.66,429.011,0,0,0,78133,63484.2,-3909.87,52177.9,4789.98,129953,1.80946e+14
20230101T000018.900000,6,1943,1265.53,-726.984,-333.862,0,0,0,1025.43,1368.74,663.958,2621.85,-381.41,3411.31,8.11027e+18
20230101T000018.900000,6,1944,3375.49,-1522.93,-442.52,0,0,0,4023.68,8083.94,2383.08,18294,-1075.18,21942.2,1.78097e+14
20230101T000018.900000,6,1945,9446.83,-4274.32,670.274,0,0,0,29881.3,64312.1,-10127.4,142921,4582.24,172020,1.26802e+14
20230101T000018.900000,6,1946,10193.8,-4158.47,2484.13,0,0,0,36185.6,64350.8,-40503.8,167680,16523.1,193935,2.04745e+14
20230101T000018.900000,6,1947,6207.85,-2183.71,643.439,0,0,0,8275.61,21462.6,-6385.15,61739.8,2246.07,69290.2,1.34635e+14
20230101T000018.900000,6,1948,7576.51,823.552,-509.136,0,0,0,1558.06,-9932.04,6167.72,91851.3,670.419,92931.1,9.01197e+13
20230101T000018.900000,6,1949,10092.9,6071.64,3109.37,0,0,0,70386.1,-91189.1,-50198.4,167112,-30198.2,221974,1.72713e+14
20230101T000018.900000,6,1950,6885.44,3893.07,-583.043,0,0,0,24710,-42628.5,6419.12,76001.9,3629.41,100105,7.66783e+13
20230101T000018.900000,6,1951,3471.66,2711.69,601.614,0,0,0,12163.9,-14751.1,-3335,19527.1,-2604.94,31050.2,1.85247e+14
20230101T000018.900000,6,1952,6477.78,5275.76,-76.7424,0,0,0,44578,-54644.4,794.937,67167.9,647.428,111672,1.09529e+14
20230101T000018.900000,6,1953,3709.78,5103.79,-343.781,0,0,0,41765.2,-30174,2038.52,22185.5,2804.53,63698,7.24131e+13
20230101T000018.900000,4,1749,7486.62,1496.98,-249.985,-7.56297,-7.09032,-1.79742,167.034,-502.825,80.3937,2546.37,16.2919,2645.74,0
20230101T000018.900000,3,1771,5698.84,-6981.66,429.011,0,0,0,2500,0,0,2500,0,2500,0
20230101T000018.900000,3,1772,1265.53,-726.984,-333.862,0,0,0,2500,0,0,2500,0,2500,0
20230101T000018.900000,3,1773,3375.49,-1522.93,-442.52,0,0,0,2500,0,0,2500,0,2500,0
20230101T000018.900000,3,1774,9446.83,-4274.32,670.274,0,0,0,2500,0,0,2500,0,2500,0
20230101T000018.900000,3,1775,10193.8,-4158.47,2484.13,0,0,0,2500,0,0,2500,0,2500,0
20230101T000018.900000,3,1776,6207.85,-2183.71,643.439,0,0,0,2500,0,0,2500,0,2500,0
20230101T000018.900000,3,1777,10092.9,6071.64,3109.37,0,0,0,2500,0,0,2500,0,2500,0
20230101T000018.900000,3,1778,6885.44,3893.07,-583.043,0,0,0,2500,0,0,2500,0,2500,0
20230101T000018.900000,3,1779,3471.66,2711.69,601.614,0,0,0,2500,0,0,2500,0,2500,0
20230101T000018.900000,3,1780,6477.78,5275.76,-76.7424,0,0,0,2500,0,0,2500,0,2500,0
20230101T000018.900000,3,1781,3709.78,5103.79,-343.781,0,0,0,2500,0,0,2500,0,2500,0
20230101T000019,6,1954,1138.46,-923.32,-304.277,0,0,0,1490.4,1579.37,544.36,2156.87,-441.489,3440.43,2.69445e+18
20230101T000019,6,1955,1105.97,-1064,-196.104,0,0,0,1876.02,1820.61,341.218,2016.93,-328.269,3769.47,1.05248e+16
20230101T000019,6,1956,5480.95,-3811.43,-133.603,0,0,0,23305.6,33381.1,1170.58,48095.5,-814.018,71308.6,1.14168e+14
20230101T000019,6,1957,5683.34,-3478.01,-434.599,0,0,0,19620.7,31463.8,3948.41,51780.2,-2416.29,71035.2,1.10286e+14
20230101T000019,6,1958,12236.9,-339.304,-2402.02,0,0,0,9470.18,6385.79,47017.2,239595,-1303.69,239775,1.83135e+14
20230101T000019,6,1959,2480.9,1281.5,482.808,0,0,0,2971.07,-4909.43,-1906.93,9939.41,-985.02,12477.2,1.31447e+14
20230101T000019,6,1960,2658.96,1811.81,213.362,0,0,0,5345.5,-7644.48,-904.221,11355.4,-616.135,16564.6,1.96741e+14
20230101T000019,6,1961,6578.31,8969.44,-58.8319,0,0,0,128746,-94372.8,619.023,69283.8,844.03,197960,1.1039e+14
20230101T000019,6,1962,7783.21,6947.1,905.525,0,0,0,77985,-85829.8,-11272.5,97535.3,-10061.6,174145,1.11063e+14
20230101T000019,6,1963,2765.96,3795.82,306.139,0,0,0,23127.4,-16696.9,-1352.38,12380.5,-1855.92,35294.4,1.44122e+14
20230101T000019,6,1964,4107.26,3892.64,1184.84,0,0,0,25459.8,-24428.8,-7777,28083.2,-7370.62,51238.2,2.00805e+14
20230101T000019,3,1782,1138.46,-923.32,-304.277,0,0,0,2500,0,0,2500,0,2500,0
20230101T000019,3,1783,1105.97,-1064,-196.104,0,0,0,2500,0,0,2500,0,2500,0
20230101T000019,3,1784,5480.95,-3811.43,-133.603,0,0,0,2500,0,0,2500,0,2500,0
20230101T000019,3,1785,5683.34,-3478.01,-434.599,0,0,0,2500,0,0,2500,0,2500,0
20230101T000019,3,1786,12236.9,-339.304,-2402.02,0,0,0,2500,0,0,2500,0,2500,0
20230101T000019,3,1787,2480.9,1281.5,482.808,0,0,0,2500,0,0,2500,0,2500,0
20230101T000019,3,1788,2658.96,1811.81,213.362,0,0,0,2500,0,0,2500,0,2500,0
20230101T000019,3,1789,6578.31,8969.44,-58.8319,0,0,0,2500,0,0,2500,0,2500,0
20230101T000019,3,1790,7783.21,6947.1,905.525,0,0,0,2500,0,0,2500,0,2500,0
20230101T000019,3,1791,2765.96,3795.82,306.139,0,0,0,2500,0,0,2500,0,2500,0
20230101T000019,3,1792,4107.26,3892.64,1184.84,0,0,0,2500,0,0,2500,0,2500,0
20230101T000019.100000,6,1965,1290.37,-1860.79,544.206,0,0,0,5713.6,3591.54,-1115.27,3024.92,1608.3,8207.65,2.51431e+14
20230101T000019.100000,6,1966,3416.31,-1098.98,887.857,0,0,0,3130.04,5621.85,-4838.91,18797.8,1556.6,20610,2.21766e+14
20230101T000019.100000,6,1967,6018.5,-1131.63,-1095.87,0,0,0,3964.72,10537,10541.9,58023.5,-1982.15,60006.8,1.2994e+14
20230101T000019.100000,6,1968,10894.7,58.8663,-1038.11,0,0,0,1793.19,-1016.47,18089.8,189910,97.7428,189917,1.69689e+14
20230101T000019.100000,6,1969,7682.81,579.716,-1415.25,0,0,0,3785.84,-6881.07,17385.7,94459.5,1311.86,94980.8,1.84354e+14
20230101T000019.100000,6,1970,7775.13,-1278.79,549.219,0,0,0,3148.4,15820.9,-6828.01,96738.5,1123.01,99340.9,1.62474e+14
20230101T000019.100000,6,1971,6369.73,-107.277,616.485,0,0,0,689.716,1082.01,-6276.82,64917.7,105.712,64936.6,1.45215e+14
20230101T000019.100000,6,1972,8941,323.147,-2006.18,0,0,0,6659.15,-4388.18,28686,127915,1036.77,128077,1.16878e+14
20230101T000019.100000,6,1973,965.372,1142.61,-49.1617,0,0,0,2117.14,-1731.45,74.5789,1530.67,88.2714,3580.07,4.23306e+21
20230101T000019.100000,6,1974,981.397,1198.06,-47.5495,0,0,0,2323.68,-1848.11,73.4198,1581.45,89.6285,3837.63,2.14231e+19
20230101T000019.100000,6,1975,2319.45,3184.01,123.787,0,0,0,16251.4,-11774.2,-458.207,8665.58,-629,24828.6,2.21484e+14
20230101T000019.100000,6,1976,5906.12,5534.07,1264.18,0,0,0,50396.4,-50988.9,-11939.1,57036.4,-11187,104815,2.79962e+14
20230101T000019.100000,6,1977,4089.9,5029.64,790.699,0,0,0,40899,-32392.7,-5169.35,27403.8,-6357.12,67240.3,1.47287e+14
20230101T000019.100000,6,1978,3044.91,3617.51,-753.579,0,0,0,21340.9,-17145.6,3664.92,15402.7,4354.12,35774.1,1.28474e+14
20230101T000019.100000,6,1979,3208.56,4761.68,-676.46,0,0,0,36526,-24076.5,3468.59,17018.8,5147.56,52750.4,1.58999e+14
20230101T000019.100000,3,1793,1290.37,-1860.79,544.206,0,0,0,2500,0,0,2500,0,2500,0
20230101T000019.100000,3,1794,3416.31,-1098.98,887.857,0,0,0,2500,0,0,2500,0,2500,0
20230101T000019.100000,3,1795,6018.5,-1131.63,-1095.87,0,0,0,2500,0,0,2500,0,2500,0
20230101T000019.100000,3,1796,10894.7,58.8663,-1038.11,0,0,0,2500,0,0,2500,0,2500,0
20230101T000019.100000,3,1797,7682.81,579.716,-1415.25,0,0,0,2500,0,0,2500,0,2500,0
20230101T000019.100000,3,1798,7775.13,-1278.79,549.219,0,0,0,2500,0,0,2500,0,2500,0
20230101T000019.100000,3,1799,6369.73,-107.277,616.485,0,0,0,2500,0,0,2500,0,2500,0
20230101T000019.100000,3,1800,8941.01,323.147,-2006.18,0,0,0,2500,0,0,2500,0,2500,0
20230101T000019.100000,3,1801,965.372,1142.61,-49.1617,0,0,0,2500,0,0,2500,0,2500,0
20230101T000019.100000,3,1802,981.397,1198.06,-47.5495,0,0,0,2500,0,0,2500,0,2500,0
20230101T000019.100000,3,1803,2319.45,3184.01,123.787,0,0,0,2500,0,0,2500,0,2500,0
20230101T000019.100000,3,1804,5906.12,5534.07,1264.18,0,0,0,2500,0,0,2500,0,2500,0
20230101T000019.100000,3,1805,4089.9,5029.64,790.699,0,0,0,2500,0,0,2500,0,2500,0
20230101T000019.100000,3,1806,3044.91,3617.51,-753.579,0,0,0,2500,0,0,2500,0,2500,0
20230101T000019.100000,3,1807,3208.56,4761.68,-676.46,0,0,0,2500,0,0,2500,0,2500,0
20230101T000019.200000,6,1980,2938.19,-1811.12,-483.243,0,0,0,5564.49,8319.31,2264.29,13932.9,-1395.72,19062.2,1.55198e+14
20230101T000019.200000,6,1981,8770.55,-7896.48,1136.92,0,0,0,100944,109750,-15949.8,124030,14360.2,222844,9.35294e+13
20230101T000019.200000,6,1982,4302.21,-4051.61,-158.107,0,0,0,26319.9,27837.5,1087.09,29663.3,-1023.77,55879.3,7.97221e+13
20230101T000019.200000,6,1983,3315.47,199.509,576.925,0,0,0,656.215,-1022.69,-3049.68,17589.9,-183.515,17653.3,1.23571e+14
20230101T000019.200000,6,1984,10168.5,-748.546,-559.692,0,0,0,1458.49,12137.1,9102.43,165439,-670.072,166332,1.79264e+14
20230101T000019.200000,6,1985,7782.3,-1019.07,-131.774,0,0,0,1751.82,12677.3,1639.75,96904.3,-214.72,98564.4,8.8565e+13
20230101T000019.200000,6,1986,5638.32,-707.941,-117.902,0,0,0,886.763,6375.89,1062.31,50866.3,-133.382,51666.9,1.15408e+14
20230101T000019.200000,6,1987,8094.97,3054.4,880.366,0,0,0,16068,-39130,-11396.4,105008,-4300.11,119773,1.61562e+14
20230101T000019.200000,6,1988,5106.51,2659.29,-809.576,0,0,0,12189.3,-21272.2,6606.75,41959.5,3440.56,53038.5,1.05339e+14
20230101T000019.200000,6,1989,1137.79,971.085,-46.0874,0,0,0,1547.77,-1734.57,82.4019,2099.68,70.3288,3580.17,1.83703e+21
20230101T000019.200000,6,1990,1182.3,997.275,-36.5214,0,0,0,1629.91,-1853.95,67.9325,2264.03,57.3012,3827.87,6.45982e+18
20230101T000019.200000,6,1991,7630.05,9839.4,771.922,0,0,0,155284,-119628,-9421.26,93783.4,-12149.3,248051,1.33552e+14
20230101T000019.200000,4,1798,7730.42,-1264.94,529.115,-4.42673,1.371,-1.99054,136.929,382.475,-164.288,2399.51,27.0206,2451.1,0
20230101T000019.200000,3,1808,2938.19,-1811.12,-483.243,0,0,0,2500,0,0,2500,0,2500,0
20230101T000019.200000,3,1809,8770.55,-7896.48,1136.92,0,0,0,2500,0,0,2500,0,2500,0
20230101T000019.200000,3,1810,4302.21,-4051.61,-158.107,0,0,0,2500,0,0,2500,0,2500,0
20230101T000019.200000,3,1811,3315.47,199.509,576.925,0,0,0,2500,0,0,2500,0,2500,0
20230101T000019.200000,3,1812,10168.4,-748.546,-559.692,0,0,0,2500,0,0,2500,0,2500,0
20230101T000019.200000,3,1813,5638.32,-707.941,-117.902,0,0,0,2500,0,0,2500,0,2500,0
20230101T000019.200000,3,1814,8094.97,3054.4,880.366,0,0,0,2500,0,0,2500,0,2500,0
20230101T000019.200000,3,1815,5106.51,2659.29,-809.576,0,0,0,2500,0,0,2500,0,2500,0
20230101T000019.200000,3,1816,1137.79,971.085,-46.0874,0,0,0,2500,0,0,2500,0,2500,0
20230101T000019.200000,3,1817,1182.3,997.275,-36.5214,0,0,0,2500,0,0,2500,0,2500,0
20230101T000019.200000,3,1818,7630.05,9839.4,771.922,0,0,0,2500,0,0,2500,0,2500,0
20230101T000019.300000,6,1992,9262.64,-7790.63,-570.778,0,0,0,97453,115171,8456.75,137517,-7112.81,234385,1.01254e+14
20230101T000019.300000,6,1993,4559.06,-6217.24,390.411,0,0,0,61954.2,45204.9,-2845.94,33456.2,3881.04,95102.8,1.47007e+14
20230101T000019.300000,6,1994,5586.67,-6134.69,376.722,0,0,0,60346.9,54691.1,-3365.44,50096.5,3695.57,110153,1.90217e+14
20230101T000019.300000,6,1995,4287.98,-5672.93,287.099,0,0,0,51562.7,38826.5,-1968.16,29543.4,2603.85,80910.4,1.00972e+14
20230101T000019.300000,6,1996,11282.2,-2744.84,-120.449,0,0,0,12136.9,49528.4,2173.65,203665,-528.825,215715,9.11566e+13
20230101T000019.300000,6,1997,9775.53,-4148.45,-572.078,0,0,0,28033.2,64674,8944.62,152987,-3795.83,180433,1.73948e+14
20230101T000019.300000,6,1998,11397.3,-1101.55,-1488.4,0,0,0,5515.54,19742.1,27133.9,207872,-2622.48,209781,1.26794e+14
20230101T000019.300000,6,1999,6772.08,415.54,295.725,0,0,0,479.317,-4490.05,-3201.5,73378.4,-196.447,73654.1,1.74258e+14
20230101T000019.300000,6,2000,4980.56,-42.5657,-1084.82,0,0,0,1946.79,322.589,8631.51,39689.7,-73.7682,39695.4,1.53286e+14
20230101T000019.300000,6,2001,1297.16,744.857,-49.2042,0,0,0,938.69,-1516.64,100.297,2709.01,57.5929,3579.96,2.69552e+21
20230101T000019.300000,6,2002,1344.62,768.223,-44.1899,0,0,0,994.832,-1623.86,93.4854,2909.31,53.4111,3837.12,1.33914e+19
20230101T000019.300000,6,2003,7194.12,5242.33,1368.73,0,0,0,45969.9,-58885.8,-15747.1,83869.8,-11474.9,126781,2.65e+14
20230101T000019.300000,3,1819,9262.64,-7790.63,-570.778,0,0,0,2500,0,0,2500,0,2500,0
20230101T000019.300000,3,1820,4559.06,-6217.24,390.411,0,0,0,2500,0,0,2500,0,2500,0
20230101T000019.300000,3,1821,5586.67,-6134.69,376.722,0,0,0,2500,0,0,2500,0,2500,0
20230101T000019.300000,3,1822,4287.98,-5672.93,287.099,0,0,0,2500,0,0,2500,0,2500,0
20230101T000019.300000,3,1823,11282.2,-2744.84,-120.449,0,0,0,2500,0,0,2500,0,2500,0
20230101T000019.300000,3,1824,9775.53,-4148.45,-572.078,0,0,0,2500,0,0,2500,0,2500,0
20230101T000019.300000,3,1825,11397.3,-1101.55,-1488.4,0,0,0,2500,0,0,2500,0,2500,0
20230101T000019.300000,3,1826,6772.08,415.54,295.725,0,0,0,2500,0,0,2500,0,2500,0
20230101T000019.300000,3,1827,4980.56,-42.5657,-1084.82,0,0,0,2500,0,0,2500,0,2500,0
20230101T000019.300000,3,1828,1297.16,744.857,-49.2042,0,0,0,2500,0,0,2500,0,2500,0
20230101T000019.300000,3,1829,1344.62,768.223,-44.1899,0,0,0,2500,0,0,2500,0,2500,0
20230101T000019.300000,3,1830,7194.12,5242.33,1368.73,0,0,0,2500,0,0,2500,0,2500,0
20230101T000019.400000,6,2004,8159.07,-8326.03,916.977,0,0,0,111607,107988,-11967.2,107232,12212.1,217430,7.2145e+13
20230101T000019.400000,6,2005,8746.48,-5914.78,1732.7,0,0,0,59314.4,80515.6,-24239.6,123928,16391.9,178378,1.52858e+14
20230101T000019.400000,6,2006,349.477,-406.046,140.011,0,0,0,302.638,181.918,-68.0754,247.847,79.0945,463.304,1.40145e+14
20230101T000019.400000,6,2007,11459,-3525.19,-1055.36,0,0,0,21569.2,64113.6,19344,210254,-5950.91,229978,1.36733e+14
20230101T000019.400000,6,2008,9913.46,-369.28,777.194,0,0,0,1246.82,5819.03,-12322.5,157244,459.018,157461,1.36795e+14
20230101T000019.400000,6,2009,9221.07,-214.864,-1880.43,0,0,0,5789.81,3036.86,27730.7,136048,-646.167,136121,1.2208e+14
20230101T000019.400000,6,2010,1406.79,507.74,-52.2844,0,0,0,472.904,-1121.04,115.583,3174.35,41.7164,3579.03,3.58431e+21
20230101T000019.400000,6,2011,1451.11,539.641,-56.9359,0,0,0,526.646,-1230.35,129.99,3377.56,48.3407,3835.19,1.75294e+19
20230101T000019.400000,6,2012,10435.5,5091.73,624.524,0,0,0,42036.8,-84744.3,-10424.5,174371,-5086.35,215720,1.73516e+14
20230101T000019.400000,6,2013,3814.95,1840.84,-354.141,0,0,0,5636.22,-11132.9,2156.86,23336.1,1040.76,28708.5,2.16153e+14
20230101T000019.400000,6,2014,11289.1,5061.35,736.452,0,0,0,41763.2,-91072.7,-13298.7,204064,-5962.35,244896,2.06573e+14
20230101T000019.400000,6,2015,6300.19,2651.17,257.036,0,0,0,11390,-26664,-2588.79,63533.4,-1089.38,74753.9,1.32857e+14
20230101T000019.400000,6,2016,4727.57,3150.17,179.423,0,0,0,15957.7,-23775,-1355.49,35795.4,-903.221,51637.7,1.53063e+14
20230101T000019.400000,6,2017,3122.07,1908.69,192.406,0,0,0,5918.54,-9479.75,-958.267,15629.2,-585.841,21424.9,1.42729e+14
20230101T000019.400000,6,2018,3861.56,4217.7,403.492,0,0,0,28610.2,-25897.6,-2489.94,24035,-2719.58,52321.4,1.61776e+14
20230101T000019.400000,3,1831,8159.08,-8326.03,916.977,0,0,0,2500,0,0,2500,0,2500,0
20230101T000019.400000,3,1832,8746.48,-5914.78,1732.7,0,0,0,2500,0,0,2500,0,2500,0
20230101T000019.400000,3,1833,349.477,-406.046,140.011,0,0,0,2500,0,0,2500,0,2500,0
20230101T000019.400000,3,1834,11459,-3525.19,-1055.36,0,0,0,2500,0,0,2500,0,2500,0
20230101T000019.400000,3,1835,9913.46,-369.28,777.194,0,0,0,2500,0,0,2500,0,2500,0
20230101T000019.400000,3,1836,9221.07,-214.864,-1880.43,0,0,0,2500,0,0,2500,0,2500,0
20230101T000019.400000,3,1837,1406.79,507.74,-52.2844,0,0,0,2500,0,0,2500,0,2500,0
20230101T000019.400000,3,1838,1451.11,539.641,-56.9359,0,0,0,2500,0,0,2500,0,2500,0
20230101T000019.400000,3,1839,10435.5,5091.73,624.524,0,0,0,2500,0,0,2500,0,2500,0
20230101T000019.400000,3,1840,3814.95,1840.84,-354.141,0,0,0,2500,0,0,2500,0,2500,0
20230101T000019.400000,3,1841,11289.1,5061.35,736.452,0,0,0,2500,0,0,2500,0,2500,0
20230101T000019.400000,3,1842,6300.19,2651.17,257.036,0,0,0,2500,0,0,2500,0,2500,0
20230101T000019.400000,3,1843,4727.57,3150.17,179.423,0,0,0,2500,0,0,2500,0,2500,0
20230101T000019.400000,3,1844,3122.07,1908.69,192.406,0,0,0,2500,0,0,2500,0,2500,0
20230101T000019.400000,3,1845,3861.56,4217.7,403.492,0,0,0,2500,0,0,2500,0,2500,0
20230101T000019.500000,6,2019,3092.32,-3901.9,611.461,0,0,0,24614.8,18983.5,-3020.52,15706,3811.31,39660.5,1.53747e+14
20230101T000019.500000,6,2020,3477.44,-5284.26,1749.38,0,0,0,46175,27125.3,-9724.34,22806.5,14776.9,64030.1,2.31525e+14
20230101T000019.500000,6,2021,5453.97,-2232.98,159.015,0,0,0,8067.31,19449.1,-1386.02,47608.2,567.469,55571.2,9.53663e+13
20230101T000019.500000,6,2022,1472.31,263.228,-55.116,0,0,0,177.506,-608.173,127.518,3470.46,22.7984,3579.28,4.60222e+21
20230101T000019.500000,6,2023,1525.84,262.1,-61.103,0,0,0,177.786,-628.217,146.688,3727.1,25.1972,3835.11,2.23235e+19
20230101T000019.500000,6,2024,10028.5,1528.81,193.81,0,0,0,3860.89,-24512.1,-3108.57,160915,-473.894,164652,8.24273e+13
20230101T000019.500000,6,2025,4753.03,-779.746,198.48,0,0,0,1096.4,5909.57,-1506.81,36149.4,247.196,37119,1.70525e+14
20230101T000019.500000,6,2026,8541.01,4228.2,-503.595,0,0,0,28981.5,-57594.2,6878.91,116811,3405.39,145323,1.92508e+14
20230101T000019.500000,6,2027,2361.68,1456.56,-488.977,0,0,0,3716.6,-5305.21,1838.38,9046.54,1133.82,12320.4,2.44729e+14
20230101T000019.500000,6,2028,9177.84,7311.6,432.333,0,0,0,85757.3,-107191,-6346.77,134913,-5056.2,220308,8.59055e+13
20230101T000019.500000,3,1846,3092.32,-3901.9,611.461,0,0,0,2500,0,0,2500,0,2500,0
20230101T000019.500000,3,1847,3477.44,-5284.26,1749.38,0,0,0,2500,0,0,2500,0,2500,0
20230101T000019.500000,3,1848,5453.97,-2232.98,159.015,0,0,0,2500,0,0,2500,0,2500,0
20230101T000019.500000,3,1849,1472.31,263.228,-55.116,0,0,0,2500,0,0,2500,0,2500,0
20230101T000019.500000,3,1850,1525.84,262.1,-61.103,0,0,0,2500,0,0,2500,0,2500,0
20230101T000019.500000,3,1851,10028.5,1528.81,193.81,0,0,0,2500,0,0,2500,0,2500,0
20230101T000019.500000,3,1852,4753.03,-779.746,198.48,0,0,0,2500,0,0,2500,0,2500,0
20230101T000019.500000,3,1853,8541.01,4228.2,-503.595,0,0,0,2500,0,0,2500,0,2500,0
20230101T000019.500000,3,1854,2361.68,1456.56,-488.977,0,0,0,2500,0,0,2500,0,2500,0
20230101T000019.500000,3,1855,9177.84,7311.6,432.333,0,0,0,2500,0,0,2500,0,2500,0
20230101T000019.600000,6,2029,3069.15,-1434.66,328.242,0,0,0,3486.71,6954.64,-1606.31,15113.8,750.863,18365.3,1.23411e+14
20230101T000019.600000,6,2030,6555.23,-1420.64,-830.99,0,0,0,4344.67,14658.5,8708.1,68806.1,-1887.21,71983.8,1.41551e+14
20230101T000019.600000,6,2031,1495.57,-1.1012,-55.4411,0,0,0,68.832,2.5844,130.296,3578.76,-0.0959385,3578.85,2.00939e+21
20230101T000019.600000,6,2032,1546.2,0.0329622,-54.6621,0,0,0,68.7008,-0.0800813,132.97,3825.19,0.00283467,3825.27,7.63447e+18
20230101T000019.600000,6,2033,10668.1,409.081,2255.62,0,0,0,8457.48,-6668.54,-38488.1,182105,-1475.87,182363,1.53057e+14
20230101T000019.600000,6,2034,5924.43,-171.718,-118.222,0,0,0,133.444,1625.23,1119.36,56158.3,-32.4443,56205.4,8.50213e+13
20230101T000019.600000,6,2035,142.634,25.1845,-22.4774,0,0,0,62.4042,5.09189,-4.42103,34.465,-0.780608,35.071,1.48877e+14
20230101T000019.600000,6,2036,5115.62,2182.44,-1389.56,0,0,0,10285.5,-16726.4,11359.7,42356.3,4846.3,49495.9,1.27044e+14
20230101T000019.600000,6,2037,286.309,373.64,-38.4966,0,0,0,247.767,-139.324,14.4727,172.706,18.8872,354.952,1.33385e+14
20230101T000019.600000,6,2038,3940.39,3864.62,137.818,0,0,0,23944.5,-24317.8,-867.749,24888.9,-851.063,48739.1,9.30062e+13
20230101T000019.600000,3,1856,3069.15,-1434.66,328.242,0,0,0,2500,0,0,2500,0,2500,0
20230101T000019.600000,3,1857,6555.23,-1420.64,-830.99,0,0,0,2500,0,0,2500,0,2500,0
20230101T000019.600000,3,1858,1495.57,-1.1012,-55.4411,0,0,0,2500,0,0,2500,0,2500,0
20230101T000019.600000,3,1859,1546.2,0.0329622,-54.6621,0,0,0,2500,0,0,2500,0,2500,0
20230101T000019.600000,3,1860,10668.1,409.081,2255.62,0,0,0,2500,0,0,2500,0,2500,0
20230101T000019.600000,3,1861,5924.43,-171.718,-118.222,0,0,0,2500,0,0,2500,0,2500,0
20230101T000019.600000,3,1862,142.634,25.1845,-22.4774,0,0,0,2500,0,0,2500,0,2500,0
20230101T000019.600000,3,1863,5115.62,2182.44,-1389.56,0,0,0,2500,0,0,2500,0,2500,0
20230101T000019.600000,3,1864,286.309,373.64,-38.4966,0,0,0,2500,0,0,2500,0,2500,0
20230101T000019.600000,3,1865,3940.39,3864.62,137.818,0,0,0,2500,0,0,2500,0,2500,0
20230101T000019.700000,6,2039,3326.15,-2029.74,307.14,0,0,0,6748.1,10706.6,-1630.27,17759.4,994.854,24293.4,2.50122e+14
20230101T000019.700000,6,2040,1473.2,-258.982,-46.3902,0,0,0,172.676,598.961,107.394,3474.52,-18.8794,3579.88,2.73391e+21
20230101T000019.700000,6,2041,1523.15,-265.995,-54.7849,0,0,0,179.894,636.594,131.282,3714,-22.9264,3825.25,1.0558e+19
20230101T000019.700000,6,2042,9742.01,-3714.83,-1831.47,0,0,0,26819.7,56096.6,28537.4,152540,-10881.9,173933,1.88849e+14
20230101T000019.700000,6,2043,6674.02,-4036.46,140.725,0,0,0,26138.9,43060.8,-1501.74,71293.7,908.253,97337,2.02767e+14
20230101T000019.700000,6,2044,1472.89,-260.522,-48.025,0,0,0,174.168,602.355,111.156,3473.11,-19.661,3579.72,2.70152e+21
20230101T000019.700000,6,2045,1516.39,-300.471,-63.4184,0,0,0,212.123,715.6,151.296,3681.74,-29.9792,3823.64,1.02829e+19
20230101T000019.700000,6,2046,11492.7,2347.45,-818.247,0,0,0,9906.3,-42943.1,15041.8,211376,3072.38,220148,1.50431e+14
20230101T000019.700000,6,2047,9519.3,-650.619,-1868.48,0,0,0,6298.63,9525.29,28446.6,145014,-1944.25,145667,1.29941e+14
20230101T000019.700000,6,2048,4913.79,185.192,-413.737,0,0,0,391.831,-1443.29,3247.49,38633,122.392,38687.9,1.878e+14
20230101T000019.700000,6,2049,3139.84,1464.34,-174.72,0,0,0,3523.4,-7313.28,874.828,15793.8,407.997,19204.7,1.34757e+14
20230101T000019.700000,6,2050,4223.78,1257.7,238.472,0,0,0,2673.08,-8457.24,-1608.3,28557.1,-478.897,31075.6,2.33224e+14
20230101T000019.700000,6,2051,6906.11,2176.64,-301.1,0,0,0,7770.52,-23991.5,3324.56,76329.9,1047.82,83891.6,1.83935e+14
20230101T000019.700000,6,2052,4944.74,2923.88,784.251,0,0,0,14454.2,-22673.9,-6197.29,39392,-3664.53,52800.5,1.41461e+14
20230101T000019.700000,6,2053,5054.8,6360.32,-196.893,0,0,0,64774.6,-51378.8,1591.45,40958.8,2002.47,105607,1.51024e+14
20230101T000019.700000,6,2054,4023.61,4583.41,318.383,0,0,0,33710.5,-29394.9,-2047.48,26030.8,-2332.34,59515.5,1.28663e+14
20230101T000019.700000,3,1866,3326.15,-2029.74,307.14,0,0,0,2500,0,0,2500,0,2500,0
20230101T000019.700000,3,1867,1473.2,-258.982,-46.3902,0,0,0,2500,0,0,2500,0,2500,0
20230101T000019.700000,3,1868,1523.15,-265.995,-54.7849,0,0,0,2500,0,0,2500,0,2500,0
20230101T000019.700000,3,1869,9742.01,-3714.83,-1831.47,0,0,0,2500,0,0,2500,0,2500,0
20230101T000019.700000,3,1870,6674.02,-4036.46,140.725,0,0,0,2500,0,0,2500,0,2500,0
20230101T000019.700000,3,1871,1472.89,-260.522,-48.025,0,0,0,2500,0,0,2500,0,2500,0
20230101T000019.700000,3,1872,1516.39,-300.471,-63.4184,0,0,0,2500,0,0,2500,0,2500,0
20230101T000019.700000,3,1873,11492.7,2347.45,-818.247,0,0,0,2500,0,0,2500,0,2500,0
20230101T000019.700000,3,1874,9519.3,-650.619,-1868.48,0,0,0,2500,0,0,2500,0,2500,0
20230101T000019.700000,3,1875,4913.79,185.192,-413.737,0,0,0,2500,0,0,2500,0,2500,0
20230101T000019.700000,3,1876,3139.84,1464.34,-174.72,0,0,0,2500,0,0,2500,0,2500,0
20230101T000019.700000,3,1877,4223.78,1257.7,238.472,0,0,0,2500,0,0,2500,0,2500,0
20230101T000019.700000,3,1878,6906.11,2176.64,-301.1,0,0,0,2500,0,0,2500,0,2500,0
20230101T000019.700000,3,1879,4944.74,2923.88,784.251,0,0,0,2500,0,0,2500,0,2500,0
20230101T000019.700000,3,1880,5054.8,6360.32,-196.893,0,0,0,2500,0,0,2500,0,2500,0
20230101T000019.700000,3,1881,4023.61,4583.41,318.383,0,0,0,2500,0,0,2500,0,2500,0
20230101T000019.800000,6,2055,2554.92,-1896.11,-697.502,0,0,0,6293.7,7349.3,2840.54,10742.3,-2108.09,16199.5,2.03925e+14
20230101T000019.800000,6,2056,5311.39,-6193.41,-68.903,0,0,0,61403.6,52597.5,585.201,45178.6,-682.381,106511,1.3082e+14
20230101T000019.800000,6,2057,3674.27,-3502.88,-220.055,0,0,0,19706.3,20522.3,1291.66,21667.8,-1231.41,41232.9,1.77856e+14
20230101T000019.800000,6,2058,7506.41,-5816.74,-948.381,0,0,0,55074,69133.1,11385.3,90717.5,-8822.5,144290,1.62849e+14
20230101T000019.800000,6,2059,1409.32,-500.403,-56.5092,0,0,0,461.935,1106.6,125.147,3185.61,-44.4358,3578.62,8.50933e+19
20230101T000019.800000,6,2060,1466.26,-489.648,-104.407,0,0,0,456.617,1124.34,240.859,3448,-80.4334,3823.76,3.91576e+17
20230101T000019.800000,6,2061,6196.48,-4017.75,-609.287,0,0,0,26290.6,39533.3,6036.3,61628.9,-3913.88,87262.4,1.92235e+14
20230101T000019.800000,6,2062,8350.27,-2172.08,788.937,0,0,0,8540.91,28761.9,-10534.9,111630,2740.36,119113,9.74079e+13
20230101T000019.800000,6,2063,6046.79,-81.4534,365.661,0,0,0,288.265,784.311,-3533.87,58502,47.603,58512.8,1.69042e+14
20230101T000019.800000,6,2064,5748.2,3380.12,1197.15,0,0,0,20030.3,-30058.4,-11000.7,53472,-6468.77,71149.3,1.33164e+14
20230101T000019.800000,6,2065,9337.1,6252.27,2794.39,0,0,0,71213.1,-87601,-41733.9,143377,-27945.7,202040,1.49101e+14
20230101T000019.800000,6,2066,277.582,250.57,-21.7114,0,0,0,136.018,-79.1848,6.89371,152.26,6.22287,223.955,9.63459e+13
20230101T000019.800000,6,2067,9256.23,8249.34,-825.287,0,0,0,109526,-121600,12219.3,137595,10890.1,245968,1.02104e+14
20230101T000019.800000,6,2068,660.297,740.534,-50.5064,0,0,0,907.507,-748.62,51.1962,735.422,57.4174,1575.18,9.03847e+13
20230101T000019.800000,6,2069,5373.22,3838.9,1513.8,0,0,0,26047.2,-31240.5,-13003,47454,-9290.02,69777,1.33658e+14
20230101T000019.800000,4,1864,289.043,252.803,-20.9526,0.52586,-23.2379,3.37386,220.293,-119.661,12.4201,155.825,16.2086,312.151,0
20230101T000019.800000,4,1872,1502.7,-377.165,-79.7441,-1.35472,-7.59343,-1.61641,119.872,277.58,58.6278,1465.73,-11.6171,1519.3,0
20230101T000019.800000,3,1882,2554.92,-1896.11,-697.502,0,0,0,2500,0,0,2500,0,2500,0
20230101T000019.800000,3,1883,5311.39,-6193.41,-68.903,0,0,0,2500,0,0,2500,0,2500,0
20230101T000019.800000,3,1884,3674.27,-3502.88,-220.055,0,0,0,2500,0,0,2500,0,2500,0
20230101T000019.800000,3,1885,7506.41,-5816.74,-948.381,0,0,0,2500,0,0,2500,0,2500,0
20230101T000019.800000,3,1886,1409.32,-500.403,-56.5092,0,0,0,2500,0,0,2500,0,2500,0
20230101T000019.800000,3,1887,6196.48,-4017.75,-609.287,0,0,0,2500,0,0,2500,0,2500,0
20230101T000019.800000,3,1888,8350.27,-2172.08,788.937,0,0,0,2500,0,0,2500,0,2500,0
20230101T000019.800000,3,1889,6046.79,-81.4534,365.661,0,0,0,2500,0,0,2500,0,2500,0
20230101T000019.800000,3,1890,5748.2,3380.12,1197.15,0,0,0,2500,0,0,2500,0,2500,0
20230101T000019.800000,3,1891,9337.1,6252.27,2794.39,0,0,0,2500,0,0,2500,0,2500,0
20230101T000019.800000,3,1892,9256.23,8249.34,-825.287,0,0,0,2500,0,0,2500,0,2500,0
20230101T000019.800000,3,1893,660.297,740.535,-50.5064,0,0,0,2500,0,0,2500,0,2500,0
20230101T000019.800000,3,1894,5373.22,3838.9,1513.8,0,0,0,2500,0,0,2500,0,2500,0
20230101T000019.900000,6,2070,7465.25,-7935.82,-30.9023,0,0,0,100794,94755.9,368.985,89202.6,-392.244,189931,1.46739e+14
20230101T000019.900000,6,2071,5246.98,-5747.19,201.543,0,0,0,52906.8,48184.4,-1690.87,44119.6,1852.06,96897.6,1.53556e+14
20230101T000019.900000,6,2072,1300.73,-739.369,-43.9959,0,0,0,925.336,1509.95,89.9284,2723.43,-51.1175,3581.78,3.49575e+19
20230101T000019.900000,6,2073,1312.8,-815.285,-74.7558,0,0,0,1116.04,1679.87,154.399,2777.78,-95.8861,3821.18,2.05638e+17
20230101T000019.900000,6,2074,4287.46,-1658.43,331.035,0,0,0,4608.51,11296.3,-2266.6,29442.8,876.742,33812.6,8.57294e+13
20230101T000019.900000,6,2075,10228.9,-60.4187,-1521.35,0,0,0,3771.53,966.585,24889.5,167409,-147.014,167416,1.24686e+14
20230101T000019.900000,6,2076,7026.11,8657.9,-358.803,0,0,0,120042,-97198.1,4032.29,79148.7,4968.77,198921,1.22768e+14
20230101T000019.900000,6,2077,492.494,747.858,-22.121,0,0,0,914.451,-559.566,16.5621,433.24,25.1498,1282.99,1.06404e+14
20230101T000019.900000,4,1893,530.99,729.402,-29.6911,-12.8027,-1.1022,2.06093,569.051,-449.643,30.7193,465.691,34.4522,969.171,0
20230101T000019.900000,3,1895,7465.25,-7935.82,-30.9023,0,0,0,2500,0,0,2500,0,2500,0
20230101T000019.900000,3,1896,5246.98,-5747.19,201.543,0,0,0,2500,0,0,2500,0,2500,0
20230101T000019.900000,3,1897,1300.73,-739.369,-43.9959,0,0,0,2500,0,0,2500,0,2500,0
20230101T000019.900000,3,1898,1312.8,-815.285,-74.7558,0,0,0,2500,0,0,2500,0,2500,0
20230101T000019.900000,3,1899,4287.46,-1658.43,331.035,0,0,0,2500,0,0,2500,0,2500,0
20230101T000019.900000,3,1900,10228.9,-60.4187,-1521.35,0,0,0,2500,0,0,2500,0,2500,0
20230101T000019.900000,3,1901,7026.11,8657.9,-358.803,0,0,0,2500,0,0,2500,0,2500,0
20230101T000020,6,2078,8489.59,-7897.19,140.492,0,0,0,99836.2,107223,-1907.79,115361,1774.66,215102,1.12575e+14
20230101T000020,6,2079,1140.55,-967.653,-52.127,0,0,0,1537.86,1732.18,93.4269,2109.95,-79.2641,3579.62,4.42822e+19
20230101T000020,6,2080,1217.81,-953.448,-39.9941,0,0,0,1495.74,1825.51,76.6263,2398.19,-59.9922,3827.45,1.32771e+17
20230101T000020,6,2081,4585.14,-3082.49,-1334.33,0,0,0,17206.4,21266.8,9776.84,34543.2,-6572.74,48844,9.27787e+13
20230101T000020,6,2082,9029.68,-266.536,-2065.45,0,0,0,6994.21,3647.68,29826.6,130462,-880.417,130573,1.33638e+14
20230101T000020,6,2083,1671.78,1070.13,-87.7188,0,0,0,1886.33,-2827.85,232.258,4493.93,148.671,6304.19,1.73866e+14
20230101T000020,6,2084,3376.5,1337.06,-36.4756,0,0,0,2917.52,-7200.69,196.458,18250.1,77.7954,21101.5,1.65776e+14
20230101T000020,6,2085,7142.72,3171.36,-1027.9,0,0,0,17556.8,-35593.1,11739.7,81918.2,5212.4,97722.6,9.0965e+13
20230101T000020,6,2086,5107.43,6801.9,689.3,0,0,0,74322.3,-55188.7,-5629.78,42264.1,-7497.55,115763,9.63174e+13
20230101T000020,6,2087,4381.24,3942.22,-1402.74,0,0,0,26639,-26039.4,9822.45,32148.1,8838.19,55581.7,1.59815e+14
20230101T000020,4,1898,1278.17,-872.313,-60.9504,-3.42864,-5.64635,1.36687,470.658,651.878,59.8306,1115.5,-37.1563,1518.34,0
20230101T000020,3,1902,8489.59,-7897.19,140.492,0,0,0,2500,0,0,2500,0,2500,0
20230101T000020,3,1903,1140.55,-967.653,-52.1269,0,0,0,2500,0,0,2500,0,2500,0
20230101T000020,3,1904,4585.14,-3082.49,-1334.33,0,0,0,2500,0,0,2500,0,2500,0
20230101T000020,3,1905,9029.68,-266.536,-2065.45,0,0,0,2500,0,0,2500,0,2500,0
20230101T000020,3,1906,1671.78,1070.13,-87.7188,0,0,0,2500,0,0,2500,0,2500,0
20230101T000020,3,1907,3376.5,1337.06,-36.4756,0,0,0,2500,0,0,2500,0,2500,0
20230101T000020,3,1908,7142.72,3171.36,-1027.9,0,0,0,2500,0,0,2500,0,2500,0
20230101T000020,3,1909,5107.43,6801.9,689.3,0,0,0,2500,0,0,2500,0,2500,0
20230101T000020,3,1910,4381.24,3942.22,-1402.74,0,0,0,2500,0,0,2500,0,2500,0
20230101T000020.100000,6,2088,9841.25,-6670.17,39.0453,0,0,0,71231.5,104998,-614.633,154981,416.584,226146,1.43448e+14
20230101T000020.100000,6,2089,5273.36,-4378.12,-694.047,0,0,0,31162.5,36529.9,5851,44833.6,-4857.7,75162.6,2.11805e+14
20230101T000020.100000,6,2090,7507.13,-6188.58,714.414,0,0,0,61801.8,73901.6,-8577.51,90527.4,7070.96,151449,1.16059e+14
20230101T000020.100000,6,2091,707.576,-147.809,120.775,0,0,0,116.977,150.204,-126.549,804.642,26.4353,837.756,3.15998e+14
20230101T000020.100000,6,2092,5596.2,-2966.64,1451.56,0,0,0,16760.7,25142.8,-12984.8,50860.8,6883.47,64192.6,2.79051e+14
20230101T000020.100000,6,2093,2354.24,-115.805,143.771,0,0,0,118.058,431.459,-537.67,8868.16,26.4478,8889.62,1.42926e+14
20230101T000020.100000,6,2094,2779.87,-147.588,-78.9516,0,0,0,108.566,652.527,349.349,12364.5,-18.5475,12399.2,8.828e+13
20230101T000020.100000,6,2095,3147.13,232.041,-356.733,0,0,0,351.512,-1148.85,1789.17,15848.5,131.917,15934,1.0137e+14
20230101T000020.100000,6,2096,5113.64,40.509,-0.139111,0,0,0,66.6216,-330.931,1.13644,41838.9,0.00900262,41841.5,7.67159e+13
20230101T000020.100000,6,2097,962.695,1127.56,205.386,0,0,0,2089.17,-1672.46,-310.71,1558.21,-363.922,3518.3,3.95955e+20
20230101T000020.100000,6,2098,995.275,1171.85,192.313,0,0,0,2248.36,-1805.8,-301.144,1655.9,-354.569,3783.06,1.91757e+18
20230101T000020.100000,6,2099,5330.45,6326.56,90.0745,0,0,0,64072.6,-53919.5,-767.771,45506.9,-911.246,109503,7.60752e+13
20230101T000020.100000,6,2100,5208.67,5335.7,-190.958,0,0,0,45611.3,-44405.9,1590.28,43471,1629.06,88960,1.24972e+14
20230101T000020.100000,3,1911,9841.25,-6670.17,39.0453,0,0,0,2500,0,0,2500,0,2500,0
20230101T000020.100000,3,1912,5273.36,-4378.12,-694.047,0,0,0,2500,0,0,2500,0,2500,0
20230101T000020.100000,3,1913,7507.13,-6188.58,714.414,0,0,0,2500,0,0,2500,0,2500,0
20230101T000020.100000,3,1914,707.576,-147.809,120.775,0,0,0,2500,0,0,2500,0,2500,0
20230101T000020.100000,3,1915,5596.2,-2966.64,1451.56,0,0,0,2500,0,0,2500,0,2500,0
20230101T000020.100000,3,1916,2354.24,-115.805,143.771,0,0,0,2500,0,0,2500,0,2500,0
20230101T000020.100000,3,1917,2779.87,-147.588,-78.9516,0,0,0,2500,0,0,2500,0,2500,0
20230101T000020.100000,3,1918,3147.13,232.041,-356.733,0,0,0,2500,0,0,2500,0,2500,0
20230101T000020.100000,3,1919,5113.64,40.509,-0.139111,0,0,0,2500,0,0,2500,0,2500,0
20230101T000020.100000,3,1920,962.695,1127.56,205.386,0,0,0,2500,0,0,2500,0,2500,0
20230101T000020.100000,3,1921,995.275,1171.85,192.313,0,0,0,2500,0,0,2500,0,2500,0
20230101T000020.100000,3,1922,5330.45,6326.56,90.0745,0,0,0,2500,0,0,2500,0,2500,0
20230101T000020.100000,3,1923,5208.67,5335.7,-190.958,0,0,0,2500,0,0,2500,0,2500,0
20230101T000020.200000,6,2101,2616.12,-2305.87,-573.111,0,0,0,8838.12,9360.3,2391.24,11207.5,-2107.66,19459.5,1.13365e+14
20230101T000020.200000,6,2102,6115.01,-7133.46,-2012,0,0,0,84187.5,66563.2,19676.9,63598.1,-22954.1,141250,1.54929e+14
20230101T000020.200000,6,2103,10973.6,-3194.16,-291.426,0,0,0,16508.5,56028.9,5115.23,192688,-1488.92,208997,1.31241e+14
20230101T000020.200000,6,2104,4228.78,-319.443,471.243,0,0,0,579.426,2129.93,-3181.44,28614.5,240.327,28776.1,1.35727e+14
20230101T000020.200000,6,2105,9926.16,2020.6,56.2724,0,0,0,6598.83,-32077.3,-893.361,157648,-181.855,164178,1.4796e+14
20230101T000020.200000,6,2106,7591.09,123.218,-1567.07,0,0,0,4013.74,-1431.81,19020.5,92200.5,308.739,92226.3,1.58498e+14
20230101T000020.200000,6,2107,8072.34,177.495,239.702,0,0,0,206.207,-2289.05,-3094.04,104260,-68.0317,104311,1.17572e+14
20230101T000020.200000,6,2108,7124.2,1689.48,-318.068,0,0,0,4780.69,-19207.3,3622.87,81218.8,859.152,85773.9,1.11787e+14
20230101T000020.200000,6,2109,1904.85,2763.55,-736.753,0,0,0,12518.9,-7988.28,2237.84,6435.69,3246.65,18028,1.79447e+14
20230101T000020.200000,6,2110,1142.47,940.545,221.589,0,0,0,1499.53,-1650.01,-397.817,2145.41,-327.505,3505.19,1.83645e+21
20230101T000020.200000,6,2111,1176.97,976.335,250.083,0,0,0,1621.37,-1758.79,-463.099,2282.62,-384.156,3743.25,8.50129e+18
20230101T000020.200000,6,2112,3076.3,3488.25,-606.644,0,0,0,19753.8,-16846.1,2980.52,15508.4,3379.65,34611.5,9.03726e+13
20230101T000020.200000,6,2113,3341.45,4087.09,381.659,0,0,0,26845.7,-21705.5,-2037.56,18042.4,-2492.23,44591.7,2.05123e+14
20230101T000020.200000,6,2114,3441.46,3281.31,492.563,0,0,0,17463.7,-17842.5,-2707.47,19164.8,-2581.47,36177.7,4.11639e+14
20230101T000020.200000,3,1924,2616.12,-2305.87,-573.111,0,0,0,2500,0,0,2500,0,2500,0
20230101T000020.200000,3,1925,6115.01,-7133.46,-2012,0,0,0,2500,0,0,2500,0,2500,0
20230101T000020.200000,3,1926,10973.6,-3194.16,-291.426,0,0,0,2500,0,0,2500,0,2500,0
20230101T000020.200000,3,1927,4228.78,-319.443,471.243,0,0,0,2500,0,0,2500,0,2500,0
20230101T000020.200000,3,1928,9926.16,2020.6,56.2724,0,0,0,2500,0,0,2500,0,2500,0
20230101T000020.200000,3,1929,7591.09,123.218,-1567.07,0,0,0,2500,0,0,2500,0,2500,0
20230101T000020.200000,3,1930,8072.34,177.495,239.702,0,0,0,2500,0,0,2500,0,2500,0
20230101T000020.200000,3,1931,7124.2,1689.48,-318.068,0,0,0,2500,0,0,2500,0,2500,0
20230101T000020.200000,3,1932,1904.85,2763.55,-736.753,0,0,0,2500,0,0,2500,0,2500,0
20230101T000020.200000,3,1933,1142.47,940.545,221.589,0,0,0,2500,0,0,2500,0,2500,0
20230101T000020.200000,3,1934,1176.97,976.335,250.083,0,0,0,2500,0,0,2500,0,2500,0
20230101T000020.200000,3,1935,3076.3,3488.25,-606.644,0,0,0,2500,0,0,2500,0,2500,0
20230101T000020.200000,3,1936,3341.45,4087.09,381.659,0,0,0,2500,0,0,2500,0,2500,0
20230101T000020.200000,3,1937,3441.46,3281.31,492.563,0,0,0,2500,0,0,2500,0,2500,0
20230101T000020.300000,6,2115,9162.15,-6066.99,-306.036,0,0,0,59042,88840.2,4484.83,134377,-2969.76,193205,1.87122e+14
20230101T000020.300000,6,2116,279.67,-339.322,0.800531,0,0,0,210.112,120.426,-0.28411,163.256,0.344709,309.368,8.04002e+13
20230101T000020.300000,6,2117,343.956,-387.425,-56.5225,0,0,0,270.287,179.273,26.5249,227.517,-29.877,430.199,1.57084e+14
20230101T000020.300000,6,2118,6357.91,-5358.41,1921.25,0,0,0,49428.8,51569,-19533.5,67154.8,16462.7,110620,1.72404e+14
20230101T000020.300000,6,2119,4330.55,-4444.56,442.84,0,0,0,31790.4,30607.2,-3065.21,30199.6,3145.91,61612.8,1.01384e+14
20230101T000020.300000,6,2120,8786.66,-6129.67,2463.49,0,0,0,66688.8,81589.9,-34621.9,126727,24152.6,183648,1.81826e+14
20230101T000020.300000,6,2121,7329.52,-4128.99,1433.98,0,0,0,29822.3,46988.1,-16807.3,86762.6,9468.18,113235,1.72571e+14
20230101T000020.300000,6,2122,4215.66,-2127.34,403.524,0,0,0,7499.24,14218.7,-2716.94,28500.7,1371.05,35676.3,2.02214e+14
20230101T000020.300000,6,2123,3503.22,-282.453,-149.777,0,0,0,226.78,1575.2,836.805,19636.7,-67.469,19763.8,2.07149e+14
20230101T000020.300000,6,2124,2326.98,-89.9533,-28.4635,0,0,0,78.1359,332.392,105.193,8663.87,-4.06641,8676.73,1.56306e+14
20230101T000020.300000,6,2125,11045.6,-1341.17,1985.54,0,0,0,9155.26,22940.2,-35079.4,195300,4259.38,198088,1.4307e+14
20230101T000020.300000,6,2126,1283.38,739.275,215.557,0,0,0,977.323,-1458.77,-434.724,2669.45,-250.417,3511.08,1.48643e+21
20230101T000020.300000,6,2127,1333.38,756.582,223.534,0,0,0,1023.75,-1552.88,-468.942,2879.38,-266.086,3761.84,7.2734e+18
20230101T000020.300000,6,2128,2529.77,2522.7,-737.965,0,0,0,10650.1,-9744.61,2978.04,10704.7,2969.71,20424.6,2.43399e+14
20230101T000020.300000,6,2129,4682.57,5895.25,-818.332,0,0,0,56045.3,-43615.2,6126.76,35778.1,7713.45,90689.4,8.91758e+13
20230101T000020.300000,6,2130,3362.93,4328.71,504.216,0,0,0,30157.4,-23063.7,-2709.45,18388.1,-3487.56,48075.9,1.54374e+14
20230101T000020.300000,6,2131,2741.13,4007.09,1050.14,0,0,0,26272.8,-16723.6,-4598.23,13265.7,-6721.88,37715.7,2.03573e+14
20230101T000020.300000,4,1916,2325.19,-108.761,102.934,-5.58589,1.35444,-7.85335,74.381,95.2928,-118.409,2006.94,5.82449,2006.09,0
20230101T000020.300000,3,1938,9162.15,-6066.99,-306.036,0,0,0,2500,0,0,2500,0,2500,0
20230101T000020.300000,3,1939,279.67,-339.322,0.800531,0,0,0,2500,0,0,2500,0,2500,0
20230101T000020.300000,3,1940,343.956,-387.425,-56.5225,0,0,0,2500,0,0,2500,0,2500,0
20230101T000020.300000,3,1941,6357.91,-5358.41,1921.25,0,0,0,2500,0,0,2500,0,2500,0
20230101T000020.300000,3,1942,4330.56,-4444.56,442.84,0,0,0,2500,0,0,2500,0,2500,0
20230101T000020.300000,3,1943,8786.66,-6129.67,2463.49,0,0,0,2500,0,0,2500,0,2500,0
20230101T000020.300000,3,1944,7329.52,-4128.99,1433.98,0,0,0,2500,0,0,2500,0,2500,0
20230101T000020.300000,3,1945,4215.66,-2127.34,403.524,0,0,0,2500,0,0,2500,0,2500,0
20230101T000020.300000,3,1946,3503.22,-282.453,-149.777,0,0,0,2500,0,0,2500,0,2500,0
20230101T000020.300000,3,1947,11045.6,-1341.17,1985.54,0,0,0,2500,0,0,2500,0,2500,0
20230101T000020.300000,3,1948,1283.38,739.275,215.557,0,0,0,2500,0,0,2500,0,2500,0
20230101T000020.300000,3,1949,1333.38,756.582,223.534,0,0,0,2500,0,0,2500,0,2500,0
20230101T000020.300000,3,1950,2529.77,2522.7,-737.965,0,0,0,2500,0,0,2500,0,2500,0
20230101T000020.300000,3,1951,4682.57,5895.25,-818.332,0,0,0,2500,0,0,2500,0,2500,0
20230101T000020.300000,3,1952,3362.93,4328.71,504.216,0,0,0,2500,0,0,2500,0,2500,0
20230101T000020.300000,3,1953,2741.13,4007.09,1050.14,0,0,0,2500,0,0,2500,0,2500,0
20230101T000020.400000,6,2132,8201.01,-7950.5,-783.348,0,0,0,101676,103801,10275.7,108117,-9961.78,208748,1.19092e+14
20230101T000020.400000,6,2133,10038.7,-1934.26,296.408,0,0,0,6183.41,31029.9,-4759.03,161247,916.978,167226,1.50205e+14
20230101T000020.400000,6,2134,10057,-1845.96,-228.287,0,0,0,5594.68,29677.7,3672.02,161835,-673.997,167283,1.3669e+14
20230101T000020.400000,6,2135,1393.19,503.717,211.634,0,0,0,524.816,-1079.87,-463.328,3121.11,-167.519,3512.82,1.85361e+21
20230101T000020.400000,6,2136,1441.85,522.044,220.526,0,0,0,560.276,-1159.35,-500.265,3342.57,-181.129,3763.62,9.53439e+18
20230101T000020.400000,6,2137,2400.17,719.709,107.072,0,0,0,904.212,-2741.26,-408.57,9224.11,-122.513,10046.2,2.59962e+14
20230101T000020.400000,6,2138,3504.18,1411.58,-63.812,0,0,0,3248.76,-7889.87,356.771,19656.7,143.717,22835,1.81568e+14
20230101T000020.400000,6,2139,3686.47,2468.4,-290.811,0,0,0,9886.19,-14467.4,1711.83,21805.7,1146.21,31493.1,1.10321e+14
20230101T000020.400000,6,2140,10637.5,2170.14,-366.133,0,0,0,7802.47,-36881.1,6229.45,181061,1270.86,188585,1.47119e+14
20230101T000020.400000,6,2141,7605.33,2754.38,-295.647,0,0,0,12318.7,-33451.5,3595.4,92569.3,1302.12,104684,1.22748e+14
20230101T000020.400000,6,2142,5650.6,3295.12,965.855,0,0,0,18533.1,-29114.3,-8724.28,51481.6,-5087.51,68460.8,2.36623e+14
20230101T000020.400000,3,1954,8201.01,-7950.5,-783.348,0,0,0,2500,0,0,2500,0,2500,0
20230101T000020.400000,3,1955,10038.7,-1934.26,296.408,0,0,0,2500,0,0,2500,0,2500,0
20230101T000020.400000,3,1956,10057,-1845.96,-228.287,0,0,0,2500,0,0,2500,0,2500,0
20230101T000020.400000,3,1957,1393.19,503.717,211.634,0,0,0,2500,0,0,2500,0,2500,0
20230101T000020.400000,3,1958,1441.85,522.044,220.526,0,0,0,2500,0,0,2500,0,2500,0
20230101T000020.400000,3,1959,2400.17,719.709,107.072,0,0,0,2500,0,0,2500,0,2500,0
20230101T000020.400000,3,1960,3504.18,1411.58,-63.812,0,0,0,2500,0,0,2500,0,2500,0
20230101T000020.400000,3,1961,3686.47,2468.4,-290.811,0,0,0,2500,0,0,2500,0,2500,0
20230101T000020.400000,3,1962,10637.5,2170.14,-366.133,0,0,0,2500,0,0,2500,0,2500,0
20230101T000020.400000,3,1963,7605.33,2754.38,-295.647,0,0,0,2500,0,0,2500,0,2500,0
20230101T000020.400000,3,1964,5650.6,3295.12,965.855,0,0,0,2500,0,0,2500,0,2500,0
20230101T000020.500000,6,2143,4374.42,-3985.9,711.782,0,0,0,25897.2,27462.7,-4976.21,31013.3,4534.23,56037.7,1.7061e+14
20230101T000020.500000,6,2144,3580.07,-3425.02,-354.534,0,0,0,18907.5,19486.6,2027.52,20633.5,-1939.71,39276.5,9.75898e+13
20230101T000020.500000,6,2145,10717,-5291.92,-653.795,0,0,0,45408.3,90444.7,11207.6,183913,-5534.19,228573,1.3454e+14
20230101T000020.500000,6,2146,6993.65,-1703.27,-1690.13,0,0,0,9013.64,17994.6,18898.5,78517.2,-4602.64,82903,1.8152e+14
20230101T000020.500000,6,2147,5731.42,-2504.65,-775.445,0,0,0,10898,22592.2,7103.88,52723,-3104.42,62596.8,1.30935e+14
20230101T000020.500000,6,2148,8847.59,-3314.29,-759.268,0,0,0,18439.8,46593.7,10743.5,125369,-4024.5,142824,1.02037e+14
20230101T000020.500000,6,2149,3607.58,449.159,-755.957,0,0,0,1283.6,-2472.98,4350.83,20838.4,541.696,21148.9,2.10177e+14
20230101T000020.500000,6,2150,1459.83,256.698,206.709,0,0,0,232.642,-577.21,-474.194,3413.72,-83.3825,3516.44,4.93623e+20
20230101T000020.500000,6,2151,1510.57,287.626,190.711,0,0,0,249.349,-672.893,-453.254,3655.16,-86.3036,3784.25,2.36544e+18
20230101T000020.500000,6,2152,10562.5,-1183.86,359.326,0,0,0,2509.6,19977.4,-6070.49,178511,680.388,180750,2.64997e+14
20230101T000020.500000,6,2153,7412.54,295.277,-776.847,0,0,0,1166.76,-3461.08,9206.83,87914.8,366.753,88053.4,1.22316e+14
20230101T000020.500000,6,2154,1513.76,271.7,187.54,0,0,0,233.725,-637.309,-446.654,3670.06,-80.1686,3785.39,2.19813e+18
20230101T000020.500000,6,2155,8279.51,1389.44,-829.275,0,0,0,4220.7,-18216.3,10979.4,109712,1842.53,112770,1.28738e+14
20230101T000020.500000,6,2156,7522.01,8777.66,276.203,0,0,0,123354,-105549,-3323.17,90636.2,-3877.9,213805,1.2072e+14
20230101T000020.500000,6,2157,187.503,129.695,-2.75552,0,0,0,70.2038,-8.96501,0.190594,76.9638,0.131832,83.1741,1.45372e+14
20230101T000020.500000,6,2158,3767.68,3637.59,270.259,0,0,0,21264.8,-21838.1,-1626.83,22799.8,-1570.66,43884,1.9469e+14
20230101T000020.500000,6,2159,6794.44,7159.34,-551.834,0,0,0,82270.8,-77554.7,5996.59,74153,6318.63,155873,1.22605e+14
20230101T000020.500000,6,2160,3215.46,4876.77,-247.925,0,0,0,38101.8,-25015.2,1274.01,16655.8,1932.25,54595.5,1.09915e+14
20230101T000020.500000,3,1965,4374.42,-3985.9,711.782,0,0,0,2500,0,0,2500,0,2500,0
20230101T000020.500000,3,1966,3580.07,-3425.02,-354.534,0,0,0,2500,0,0,2500,0,2500,0
20230101T000020.500000,3,1967,10717,-5291.92,-653.795,0,0,0,2500,0,0,2500,0,2500,0
20230101T000020.500000,3,1968,6993.65,-1703.27,-1690.13,0,0,0,2500,0,0,2500,0,2500,0
20230101T000020.500000,3,1969,5731.42,-2504.65,-775.445,0,0,0,2500,0,0,2500,0,2500,0
20230101T000020.500000,3,1970,8847.59,-3314.29,-759.268,0,0,0,2500,0,0,2500,0,2500,0
20230101T000020.500000,3,1971,3607.59,449.159,-755.957,0,0,0,2500,0,0,2500,0,2500,0
20230101T000020.500000,3,1972,1459.83,256.698,206.709,0,0,0,2500,0,0,2500,0,2500,0
20230101T000020.500000,3,1973,1510.57,287.626,190.711,0,0,0,2500,0,0,2500,0,2500,0
20230101T000020.500000,3,1974,10562.5,-1183.86,359.326,0,0,0,2500,0,0,2500,0,2500,0
20230101T000020.500000,3,1975,7412.54,295.277,-776.847,0,0,0,2500,0,0,2500,0,2500,0
20230101T000020.500000,3,1976,1513.76,271.7,187.54,0,0,0,2500,0,0,2500,0,2500,0
20230101T000020.500000,3,1977,8279.51,1389.44,-829.275,0,0,0,2500,0,0,2500,0,2500,0
20230101T000020.500000,3,1978,7522.01,8777.66,276.203,0,0,0,2500,0,0,2500,0,2500,0
20230101T000020.500000,3,1979,187.503,129.695,-2.75552,0,0,0,2500,0,0,2500,0,2500,0
20230101T000020.500000,3,1980,3767.68,3637.59,270.259,0,0,0,2500,0,0,2500,0,2500,0
20230101T000020.500000,3,1981,6794.44,7159.34,-551.834,0,0,0,2500,0,0,2500,0,2500,0
20230101T000020.500000,3,1982,3215.46,4876.77,-247.925,0,0,0,2500,0,0,2500,0,2500,0
20230101T000020.600000,6,2161,6898.22,-6261.52,-2144.55,0,0,0,66798.5,65417,23659.4,79488.2,-21475.7,138871,2.00638e+14
20230101T000020.600000,6,2162,7883.83,-3821.34,112.952,0,0,0,23432.6,48169.8,-1424.05,99463.8,690.247,122812,1.34498e+14
20230101T000020.600000,6,2163,5790.43,-2549.59,325.324,0,0,0,10596,23535.2,-3011.03,53684.5,1325.79,64047.4,1.5188e+14
20230101T000020.600000,6,2164,1482.44,2.44014,204.505,0,0,0,129.729,-5.57427,-476.402,3516.22,-0.784172,3517.42,6.31983e+20
20230101T000020.600000,6,2165,1532.67,14.5673,225.966,0,0,0,144.662,-34.3511,-544.893,3758.51,-5.17896,3760.2,3.19285e+18
20230101T000020.600000,6,2166,10649.3,853.136,71.0703,0,0,0,1236.17,-14530.7,-1210.53,181451,-96.9783,182615,2.1881e+14
20230101T000020.600000,6,2167,80.6998,10.4889,2.90838,0,0,0,63.0458,6.81713,1.88978,11.482,0.245623,10.6776,1.76494e+14
20230101T000020.600000,6,2168,6625.14,-486.56,-150.255,0,0,0,478.338,5150.34,1591.3,70228.5,-116.867,70606.8,8.33393e+13
20230101T000020.600000,6,2169,3259.6,1172.43,-183.784,0,0,0,2303.73,-6077.13,955.315,17013.5,343.614,19199.5,8.93934e+13
20230101T000020.600000,6,2170,6706.41,3000,1084.26,0,0,0,16019.5,-31466.3,-11626,72285.6,-5200.67,86362.9,1.7659e+14
20230101T000020.600000,6,2171,2472.23,795.711,360.621,0,0,0,1258.49,-3068.49,-1418.16,9804.49,-456.449,10793.3,1.3432e+14
20230101T000020.600000,3,1983,6898.22,-6261.52,-2144.55,0,0,0,2500,0,0,2500,0,2500,0
20230101T000020.600000,3,1984,7883.83,-3821.34,112.952,0,0,0,2500,0,0,2500,0,2500,0
20230101T000020.600000,3,1985,5790.43,-2549.59,325.324,0,0,0,2500,0,0,2500,0,2500,0
20230101T000020.600000,3,1986,1482.44,2.44014,204.505,0,0,0,2500,0,0,2500,0,2500,0
20230101T000020.600000,3,1987,1532.67,14.5673,225.966,0,0,0,2500,0,0,2500,0,2500,0
20230101T000020.600000,3,1988,10649.3,853.136,71.0703,0,0,0,2500,0,0,2500,0,2500,0
20230101T000020.600000,3,1989,80.6998,10.4889,2.90838,0,0,0,2500,0,0,2500,0,2500,0
20230101T000020.600000,3,1990,6625.14,-486.56,-150.255,0,0,0,2500,0,0,2500,0,2500,0
20230101T000020.600000,3,1991,3259.6,1172.43,-183.784,0,0,0,2500,0,0,2500,0,2500,0
20230101T000020.600000,3,1992,6706.41,3000,1084.26,0,0,0,2500,0,0,2500,0,2500,0
20230101T000020.600000,3,1993,2472.23,795.711,360.621,0,0,0,2500,0,0,2500,0,2500,0
20230101T000020.700000,6,2172,3496.52,-3635.52,-613.393,0,0,0,21466.8,20006.4,3426.26,19906.5,-3562.48,40709.2,1.32382e+14
20230101T000020.700000,6,2173,1501.83,-307.217,225.674,0,0,0,289.351,709.919,-533.243,3614.57,109.081,3761.15,3.26695e+18
20230101T000020.700000,6,2174,7682.16,-2277.62,20.022,0,0,0,8359.49,27977.6,-245.946,94430,72.9184,102725,1.14804e+14
20230101T000020.700000,6,2175,1461.63,-252.32,197.702,0,0,0,223.656,569.055,-454.09,3421.83,78.3891,3521.18,7.34011e+20
20230101T000020.700000,6,2176,1520.2,-214.439,209.559,0,0,0,204.071,503.178,-501.223,3700.23,70.7022,3772.38,3.37689e+18
20230101T000020.700000,6,2177,6779.26,212.815,-885.125,0,0,0,1387.61,-2267.08,9592.58,73534.8,301.131,73607,1.61595e+14
20230101T000020.700000,6,2178,9822.69,4775.39,917.731,0,0,0,37628.3,-74496.6,-14418.5,154646,-7009.71,190864,1.8708e+14
20230101T000020.700000,6,2179,5881.31,3969.82,-265.439,0,0,0,25336.5,-37274.5,2495.83,55399.1,1684.66,80559.1,1.0967e+14
20230101T000020.700000,6,2180,2940.29,2894.42,-298.075,0,0,0,13508.8,-13513.8,1399.01,13933.8,1377.18,27237.1,1.51466e+14
20230101T000020.700000,6,2181,5860.52,5108.61,-1484.38,0,0,0,43795,-46125.8,13909.9,56502,12125.3,96712.1,1.80404e+14
20230101T000020.700000,6,2182,4081.65,3049.42,160.793,0,0,0,14945.9,-19864.2,-1048.46,26693.5,-783.313,41534.1,1.2891e+14
20230101T000020.700000,4,1966,3650.62,-3510.24,-377.653,13.5689,-16.3885,-4.44606,1204.27,1180.84,122.272,1308.87,-116.977,2427.24,0
20230101T000020.700000,4,1986,1533.92,-85.3232,210.695,5.09667,-8.68946,0.61293,88.9177,-2.27272,-192.068,1469.64,-0.31615,1454.71,0
20230101T000020.700000,3,1994,1501.83,-307.217,225.674,0,0,0,2500,0,0,2500,0,2500,0
20230101T000020.700000,3,1995,7682.16,-2277.62,20.022,0,0,0,2500,0,0,2500,0,2500,0
20230101T000020.700000,3,1996,1461.63,-252.32,197.702,0,0,0,2500,0,0,2500,0,2500,0
20230101T000020.700000,3,1997,6779.27,212.815,-885.125,0,0,0,2500,0,0,2500,0,2500,0
20230101T000020.700000,3,1998,9822.69,4775.39,917.731,0,0,0,2500,0,0,2500,0,2500,0
20230101T000020.700000,3,1999,5881.31,3969.82,-265.439,0,0,0,2500,0,0,2500,0,2500,0
20230101T000020.700000,3,2000,2940.29,2894.42,-298.075,0,0,0,2500,0,0,2500,0,2500,0
20230101T000020.700000,3,2001,5860.52,5108.61,-1484.38,0,0,0,2500,0,0,2500,0,2500,0
20230101T000020.700000,3,2002,4081.65,3049.42,160.793,0,0,0,2500,0,0,2500,0,2500,0
20230101T000020.800000,6,2183,1395.19,-503.791,197.789,0,0,0,517.091,1084.53,-433.637,3128.95,156.583,3521.68,2.65339e+20
20230101T000020.800000,6,2184,1430.88,-538.899,251.612,0,0,0,607.942,1179.79,-566.445,3296.17,213.335,3742.19,1.15541e+18
20230101T000020.800000,6,2185,5645.77,-2587.5,-735.121,0,0,0,11479,23022.1,6633.73,51160.5,-3040.3,61712.6,9.66102e+13
20230101T000020.800000,6,2186,6700.07,-142.112,-876.764,0,0,0,1324.6,1496.05,9390.78,71826,-199.184,71858.9,1.74498e+14
20230101T000020.800000,6,2187,9715.34,5931.49,151.545,0,0,0,56365.5,-92157.5,-2354.97,151048,-1437.77,207313,1.20928e+14
20230101T000020.800000,6,2188,3642.69,2331.17,958.904,0,0,0,9781.95,-12891.1,-5577.4,21675.9,-3569.29,29928.7,1.44816e+14
20230101T000020.800000,6,2189,485.6,215.805,80.3775,0,0,0,135.396,-140.616,-53.8016,389.315,-23.91,453.238,1.11447e+14
20230101T000020.800000,6,2190,2643.28,2660.29,-298.414,0,0,0,11425.8,-11148,1258.5,11282.8,1266.6,22502.9,1.5911e+14
20230101T000020.800000,6,2191,2735.02,3640.08,-461.051,0,0,0,21345.9,-15735.4,2013.72,12226.4,2680.1,33169.5,1.06383e+14
20230101T000020.800000,6,2192,4392.43,6541.85,-207.869,0,0,0,68514.7,-45913.8,1459.94,30961.2,2174.36,99342.9,9.7531e+13
20230101T000020.800000,6,2193,3120.72,3934.41,-326.06,0,0,0,24857.6,-19531.2,1625.49,15725.7,2049.33,40349.8,9.30073e+13
20230101T000020.800000,4,1969,5686.31,-2489.99,-768.151,-12.4137,4.03384,2.00765,503.646,921.062,285.35,2208.81,-124.699,2574.36,0
20230101T000020.800000,4,1994,1435.09,-384.555,209.875,-6.60782,-7.65726,-1.56425,150.332,278.248,-206.267,1453.63,42.1944,1492.54,0
20230101T000020.800000,4,1997,6700.92,198.519,-874.92,-7.75729,-1.4154,1.01038,104.577,-73.3531,305.262,2438.95,9.58279,2402.76,0
20230101T000020.800000,3,2003,1430.88,-538.899,251.612,0,0,0,2500,0,0,2500,0,2500,0
20230101T000020.800000,3,2004,9715.34,5931.49,151.545,0,0,0,2500,0,0,2500,0,2500,0
20230101T000020.800000,3,2005,3642.69,2331.17,958.904,0,0,0,2500,0,0,2500,0,2500,0
20230101T000020.800000,3,2006,485.6,215.805,80.3775,0,0,0,2500,0,0,2500,0,2500,0
20230101T000020.800000,3,2007,2643.28,2660.29,-298.414,0,0,0,2500,0,0,2500,0,2500,0
20230101T000020.800000,3,2008,2735.02,3640.08,-461.051,0,0,0,2500,0,0,2500,0,2500,0
20230101T000020.800000,3,2009,4392.43,6541.85,-207.869,0,0,0,2500,0,0,2500,0,2500,0
20230101T000020.800000,3,2010,3120.72,3934.41,-326.06,0,0,0,2500,0,0,2500,0,2500,0
20230101T000020.900000,6,2194,9505.18,-6256.47,918.795,0,0,0,63616.2,94500.6,-13969,144985,9194.63,207187,2.88764e+14
20230101T000020.900000,6,2195,1271.66,-750.777,239.119,0,0,0,1015.95,1460.22,-477.83,2627.17,282.106,3490.9,3.1293e+18
20230101T000020.900000,6,2196,6074.23,-3211.77,-148.865,0,0,0,16582.4,31173.3,1445.55,59055.7,-764.342,75538.7,3.08345e+14
20230101T000020.900000,6,2197,1954.89,-317.984,-158.23,0,0,0,262.764,978.172,489.901,6117.21,-79.6879,6276.73,1.52046e+14
20230101T000020.900000,6,2198,7627.05,-1338.17,1860.19,0,0,0,8294.98,15377.4,-22686.1,93242.1,3980.29,95943.6,1.59775e+14
20230101T000020.900000,6,2199,5284.07,-296.074,78.678,0,0,0,213.915,2499.04,-664.234,44674.5,37.218,44814.5,5.68814e+13
20230101T000020.900000,6,2200,9035.65,991.7,742.091,0,0,0,2507,-14234.6,-10723.3,130640,-1176.92,132203,1.06698e+14
20230101T000020.900000,6,2201,5197.56,-169.825,341.189,0,0,0,295.859,1404.12,-2833.18,43223.7,92.571,43269.9,6.15136e+13
20230101T000020.900000,6,2202,2140.11,989.323,-132.973,0,0,0,1641.89,-3352.55,452.057,7344.36,208.975,8894.36,8.59454e+13
20230101T000020.900000,6,2203,1135.23,206.18,76.0625,0,0,0,138.666,-361.668,-134.024,2064.32,-24.3415,2130.29,2.26671e+14
20230101T000020.900000,6,2204,8078.59,5084.04,-1849.46,0,0,0,45320.3,-63220.1,23895.6,105992,15038,145780,1.28933e+14
20230101T000020.900000,6,2205,686.984,551.874,-160.686,0,0,0,550.059,-556.194,167.817,795.614,134.812,1244.48,2.46352e+14
20230101T000020.900000,6,2206,4606.33,4062.51,1178.13,0,0,0,27690.3,-28808.9,-8674.11,34947.8,-7650.07,60357.9,1.6436e+14
20230101T000020.900000,6,2207,4179.04,3773.45,222.15,0,0,0,22861,-25160,-1483.53,28007.2,-1339.55,50725.4,1.29795e+14
20230101T000020.900000,3,2011,9505.18,-6256.47,918.795,0,0,0,2500,0,0,2500,0,2500,0
20230101T000020.900000,3,2012,1271.66,-750.777,239.119,0,0,0,2500,0,0,2500,0,2500,0
20230101T000020.900000,3,2013,6074.23,-3211.77,-148.865,0,0,0,2500,0,0,2500,0,2500,0
20230101T000020.900000,3,2014,1954.89,-317.984,-158.23,0,0,0,2500,0,0,2500,0,2500,0
20230101T000020.900000,3,2015,7627.05,-1338.17,1860.19,0,0,0,2500,0,0,2500,0,2500,0
20230101T000020.900000,3,2016,5284.07,-296.074,78.678,0,0,0,2500,0,0,2500,0,2500,0
20230101T000020.900000,3,2017,9035.65,991.7,742.091,0,0,0,2500,0,0,2500,0,2500,0
20230101T000020.900000,3,2018,5197.56,-169.825,341.189,0,0,0,2500,0,0,2500,0,2500,0
20230101T000020.900000,3,2019,2140.11,989.323,-132.973,0,0,0,2500,0,0,2500,0,2500,0
20230101T000020.900000,3,2020,1135.23,206.18,76.0625,0,0,0,2500,0,0,2500,0,2500,0
20230101T000020.900000,3,2021,8078.59,5084.04,-1849.46,0,0,0,2500,0,0,2500,0,2500,0
20230101T000020.900000,3,2022,686.984,551.874,-160.686,0,0,0,2500,0,0,2500,0,2500,0
20230101T000020.900000,3,2023,4606.33,4062.51,1178.13,0,0,0,2500,0,0,2500,0,2500,0
20230101T000020.900000,3,2024,4179.04,3773.45,222.15,0,0,0,2500,0,0,2500,0,2500,0
20230101T000021,6,2208,1136.1,-951.091,210.786,0,0,0,1526,1662.99,-376.314,2120.29,315.034,3513.74,1.28775e+20
20230101T000021,6,2209,1191.87,-973.612,179.314,0,0,0,1585.4,1800.52,-336.252,2318.73,274.678,3790.4,6.49365e+17
20230101T000021,6,2210,8060.99,-7468.94,-1496.79,0,0,0,91218.6,94512.8,19298.7,105652,-17881.3,193224,8.41297e+13
20230101T000021,6,2211,5893.47,-5128.24,-279.098,0,0,0,42185.5,48263.7,2630.05,55654.1,-2288.55,97651.1,8.70892e+13
20230101T000021,6,2212,4275.93,-4891,141.468,0,0,0,38316.6,33414.1,-966.937,29308.1,1106.03,67528.7,9.03756e+13
20230101T000021,6,2213,3918.72,-1938.85,277.614,0,0,0,6164.88,12082.1,-1737,24606.9,859.408,30585,1.55707e+14
20230101T000021,6,2214,663.695,-160.453,40.4539,0,0,0,103.92,155.222,-39.2859,708.453,9.49762,746.203,1.39785e+14
20230101T000021,6,2215,8827.97,-3994.7,-92.5276,0,0,0,25596.7,56395,1306.37,124706,-591.141,150225,1.09836e+14
20230101T000021,6,2216,2882.14,-6.1933,52.4667,0,0,0,68.4443,28.413,-240.781,13290.7,0.517405,13290.8,1.14395e+14
20230101T000021,6,2217,679.78,-75.8001,5.09734,0,0,0,72.4446,75.3909,-5.07013,740.148,0.565354,748.558,1.35087e+14
20230101T000021,6,2218,8998.4,-309.959,794.519,0,0,0,1225.97,4425.67,-11433.4,129555,393.836,129708,9.28872e+13
20230101T000021,6,2219,1260.75,1510.25,-278.191,0,0,0,3725.97,-2954.69,555.482,2653.15,665.408,6193.8,9.72858e+13
20230101T000021,6,2220,2717.25,2711.94,-185.328,0,0,0,11826.9,-11731,803.551,11872.8,801.979,23581.1,8.12568e+13
20230101T000021,6,2221,2872.25,3552.91,-264.791,0,0,0,20266.6,-16241.7,1214.55,13306.1,1502.37,33397,1.00678e+14
20230101T000021,6,2222,802.661,612.611,0.231483,0,0,0,640.909,-755.884,-0.285621,1054.38,-0.217993,1631.29,1.03081e+14
20230101T000021,4,2007,2700.95,2716.02,-292.68,11.09,10.7178,1.10274,1210.95,-1126.96,126.5,1196.5,127.314,2317.94,0
20230101T000021,4,2008,2745.26,3634.17,-446.946,1.97038,-1.13713,2.71256,1572.18,-1116.42,141.513,925.15,188.342,2388.93,0
20230101T000021,3,2025,1136.1,-951.091,210.786,0,0,0,2500,0,0,2500,0,2500,0
20230101T000021,3,2026,1191.87,-973.612,179.314,0,0,0,2500,0,0,2500,0,2500,0
20230101T000021,3,2027,8060.99,-7468.94,-1496.79,0,0,0,2500,0,0,2500,0,2500,0
20230101T000021,3,2028,5893.47,-5128.24,-279.098,0,0,0,2500,0,0,2500,0,2500,0
20230101T000021,3,2029,4275.93,-4891,141.468,0,0,0,2500,0,0,2500,0,2500,0
20230101T000021,3,2030,3918.72,-1938.85,277.614,0,0,0,2500,0,0,2500,0,2500,0
20230101T000021,3,2031,663.695,-160.453,40.4539,0,0,0,2500,0,0,2500,0,2500,0
20230101T000021,3,2032,8827.97,-3994.7,-92.5276,0,0,0,2500,0,0,2500,0,2500,0
20230101T000021,3,2033,2882.14,-6.1933,52.4667,0,0,0,2500,0,0,2500,0,2500,0
20230101T000021,3,2034,679.78,-75.8001,5.09734,0,0,0,2500,0,0,2500,0,2500,0
20230101T000021,3,2035,8998.4,-309.959,794.519,0,0,0,2500,0,0,2500,0,2500,0
20230101T000021,3,2036,1260.75,1510.25,-278.191,0,0,0,2500,0,0,2500,0,2500,0
20230101T000021,3,2037,802.661,612.611,0.231483,0,0,0,2500,0,0,2500,0,2500,0
