20230101T000000.100000,6,0,7638.9,-7989.31,-1507.4,0,0,0,103893,95799.9,18417.9,95296.7,-19262.8,195492,4.05717e+14
20230101T000000.100000,6,1,5954.01,-5637.45,902.763,0,0,0,51570.3,53022.2,-8595.04,57366.7,8138.07,107571,2.21797e+15
20230101T000000.100000,6,2,1241.87,-764.931,-145.025,0,0,0,1006.53,1476.58,282.798,2494.27,-174.19,3404.4,6.14299e+14
20230101T000000.100000,6,3,7291.69,-2890.24,1469.77,0,0,0,16406.1,32514.5,-17136.7,85547.8,6792.54,98437.9,7.00778e+14
20230101T000000.100000,6,4,3110.26,1248.37,-428.052,0,0,0,2800.21,-6089.31,2122.7,15527.4,851.992,17972.5,3.02031e+15
20230101T000000.100000,6,5,905.084,941.042,-188.305,0,0,0,1474.29,-1303.09,266.422,1372.72,277.007,2728.88,6.24367e+14
20230101T000000.100000,6,6,6266,8984.12,-2852.59,0,0,0,133423,-83934.1,28590,71619.6,40992,191967,5.92392e+14
20230101T000000.100000,6,7,187.61,225.235,-63.3663,0,0,0,108.846,-34.3832,10.562,96.207,12.6802,140.343,3.15699e+26
20230101T000000.100000,6,8,3734.16,4534.86,-909.273,0,0,0,33463.8,-26414.4,5426.44,23135.9,6590.02,55215.8,4.07527e+14
20230101T000000.100000,3,0,7638.9,-7989.31,-1507.4,0,0,0,2500,0,0,2500,0,2500,0
20230101T000000.100000,3,1,5954.01,-5637.45,902.763,0,0,0,2500,0,0,2500,0,2500,0
20230101T000000.100000,3,2,1241.87,-764.931,-145.025,0,0,0,2500,0,0,2500,0,2500,0
20230101T000000.100000,3,3,7291.69,-2890.24,1469.77,0,0,0,2500,0,0,2500,0,2500,0
20230101T000000.100000,3,4,3110.26,1248.37,-428.052,0,0,0,2500,0,0,2500,0,2500,0
20230101T000000.100000,3,5,905.084,941.042,-188.305,0,0,0,2500,0,0,2500,0,2500,0
20230101T000000.100000,3,6,6266,8984.12,-2852.59,0,0,0,2500,0,0,2500,0,2500,0
20230101T000000.100000,3,7,187.61,225.235,-63.3663,0,0,0,2500,0,0,2500,0,2500,0
20230101T000000.100000,3,8,3734.16,4534.86,-909.273,0,0,0,2500,0,0,2500,0,2500,0
20230101T000000.200000,6,9,1919.08,-1974.21,-28.3238,0,0,0,6267.71,6029.23,86.5102,5926.14,-88.9953,12128.6,4.92253e+15
20230101T000000.200000,6,10,2555.96,-2146.88,-66.143,0,0,0,7416.19,8744.81,269.524,10482.1,-226.387,17827.3,5.53956e+14
20230101T000000.200000,6,11,3335.09,-4679.56,706.404,0,0,0,35327.4,24563.7,-3764.98,18367.8,5282.75,52834.7,4.76635e+15
20230101T000000.200000,6,12,3607.28,-3951.03,58.4263,0,0,0,25008.6,22769.4,-336.745,20857.8,368.835,45797,3.00524e+15
20230101T000000.200000,6,13,3038.69,-1099.8,-245.6,0,0,0,2076.88,5295.86,1189.53,14792.4,-430.53,16709.5,4.15196e+14
20230101T000000.200000,6,14,3454.2,-2082.03,-215.921,0,0,0,7037.26,11445.6,1190.41,19127.2,-717.522,26026.3,1.07131e+15
20230101T000000.200000,6,15,4483.7,-1477.57,-748.304,0,0,0,4357.62,10315.1,5358.87,32259.5,-1765.98,35660.3,2.00551e+15
20230101T000000.200000,6,16,12224,-10.5555,407.67,0,0,0,330.019,206.163,-7971.23,239081,6.88319,239081,3.90354e+14
20230101T000000.200000,6,17,10458.9,-825.736,888.54,0,0,0,2409.47,13714,-14863.7,175030,1173.5,176113,3.13483e+15
20230101T000000.200000,6,18,8338.82,-457.441,-430.23,0,0,0,693.711,6083.54,5736.89,111258,-314.708,111592,4.08541e+15
20230101T000000.200000,6,19,10004.3,5963.17,-1839.52,0,0,0,60935.9,-93043,29436.4,161573,17545.9,217034,6.0362e+14
20230101T000000.200000,6,20,8252.15,1780.06,-1132.44,0,0,0,7090.47,-23067,14943.8,109051,3223.5,114028,6.7742e+14
20230101T000000.200000,6,21,2415.38,3030.35,82.3415,0,0,0,14721.9,-11674.7,-317.37,9380.24,-398.175,24027.4,4.8182e+14
20230101T000000.200000,6,22,2993.5,2840.89,-697.624,0,0,0,13355.5,-13186.9,3333.71,14736.2,3163.76,27252.5,6.38396e+14
20230101T000000.200000,6,23,225.359,187.772,-62.4235,0,0,0,96.2318,-34.5289,12.4982,108.903,10.4136,140.445,2.72197e+25
20230101T000000.200000,4,7,226.526,193.067,-62.4746,3.853,-3.18492,0.0882907,103.894,-31.8055,9.74546,92.2021,11.6999,132.859,0
20230101T000000.200000,3,9,1919.08,-1974.21,-28.3238,0,0,0,2500,0,0,2500,0,2500,0
20230101T000000.200000,3,10,2555.96,-2146.88,-66.143,0,0,0,2500,0,0,2500,0,2500,0
20230101T000000.200000,3,11,3335.09,-4679.56,706.404,0,0,0,2500,0,0,2500,0,2500,0
20230101T000000.200000,3,12,3607.28,-3951.03,58.4263,0,0,0,2500,0,0,2500,0,2500,0
20230101T000000.200000,3,13,3038.69,-1099.8,-245.6,0,0,0,2500,0,0,2500,0,2500,0
20230101T000000.200000,3,14,3454.2,-2082.03,-215.921,0,0,0,2500,0,0,2500,0,2500,0
20230101T000000.200000,3,15,4483.7,-1477.57,-748.304,0,0,0,2500,0,0,2500,0,2500,0
20230101T000000.200000,3,16,12224,-10.5555,407.67,0,0,0,2500,0,0,2500,0,2500,0
20230101T000000.200000,3,17,10458.9,-825.736,888.54,0,0,0,2500,0,0,2500,0,2500,0
20230101T000000.200000,3,18,8338.82,-457.441,-430.23,0,0,0,2500,0,0,2500,0,2500,0
20230101T000000.200000,3,19,10004.3,5963.17,-1839.52,0,0,0,2500,0,0,2500,0,2500,0
20230101T000000.200000,3,20,8252.15,1780.06,-1132.44,0,0,0,2500,0,0,2500,0,2500,0
20230101T000000.200000,3,21,2415.38,3030.35,82.3415,0,0,0,2500,0,0,2500,0,2500,0
20230101T000000.200000,3,22,2993.5,2840.89,-697.624,0,0,0,2500,0,0,2500,0,2500,0
20230101T000000.300000,6,24,5918.79,-6743.66,876.754,0,0,0,73325.9,63221.8,-8298.84,56782,9455.4,128815,2.84665e+15
20230101T000000.300000,6,25,2358.08,-1177,382.778,0,0,0,2454.38,4322.02,-1436.05,8956.14,716.781,11114.7,3.82102e+15
20230101T000000.300000,6,26,2829.65,-1155.74,282.97,0,0,0,2301.35,5165.47,-1275.69,12838.4,521.042,14948.8,2.35901e+15
20230101T000000.300000,6,27,9849.32,-5354.96,233.461,0,0,0,45997.7,84325,-3677.91,155249,1999.64,201096,3.26331e+15
20230101T000000.300000,6,28,9896.75,-3511.59,1779.78,0,0,0,24286.8,53988.5,-28172.6,157287,9996.28,176445,5.94416e+14
20230101T000000.300000,6,29,4615.15,-2239.96,27.371,0,0,0,8080.65,16514.8,-201.807,34091.8,97.9468,42107.3,3.0489e+14
20230101T000000.300000,6,30,1958.67,367.214,-278.681,0,0,0,396.436,-1116.93,864.723,6144.58,162.119,6355.21,2.44785e+15
20230101T000000.300000,6,31,3130.57,1529.74,-590.77,0,0,0,4245.15,-7417.51,2949.64,15800.4,1441.33,19426.7,6.11766e+14
20230101T000000.300000,6,32,3380.45,1214.41,-536.236,0,0,0,2822.6,-6402.09,2891.56,18343.7,1038.78,20645,4.62301e+14
20230101T000000.300000,6,33,253.649,146.803,-63.5937,0,0,0,85.1143,-30.2742,14.3297,119.901,8.29353,140.301,5.26969e+25
20230101T000000.300000,6,34,4929.45,2975.06,-420.425,0,0,0,14415.5,-23311.4,3311.97,38971.8,1998.86,53041.2,2.00727e+15
20230101T000000.300000,6,35,2536.72,1956.96,-169.728,0,0,0,6196.4,-7889.65,686.207,10336.9,529.376,16423.6,3.98089e+14
20230101T000000.300000,6,36,8012.92,7252.62,-1775.69,0,0,0,86968.1,-90442.4,22758,105031,20598.6,186893,2.85398e+15
20230101T000000.300000,6,37,9054.34,6907.54,-1163.57,0,0,0,77751.8,-98993.9,16851.4,131990,12855.9,207513,3.31039e+16
20230101T000000.300000,6,38,6465.97,4032.18,-1128.36,0,0,0,27525.4,-40772.4,11665.6,67481.9,7274.67,92908.9,5.60066e+14
20230101T000000.300000,6,39,7349.02,5987.92,2008.98,0,0,0,61286.2,-67216.3,-23612.4,89013.9,-19239.2,143784,1.31893e+15
20230101T000000.300000,3,23,5918.79,-6743.66,876.754,0,0,0,2500,0,0,2500,0,2500,0
20230101T000000.300000,3,24,2358.08,-1177,382.778,0,0,0,2500,0,0,2500,0,2500,0
20230101T000000.300000,3,25,2829.65,-1155.74,282.97,0,0,0,2500,0,0,2500,0,2500,0
20230101T000000.300000,3,26,9849.32,-5354.97,233.461,0,0,0,2500,0,0,2500,0,2500,0
20230101T000000.300000,3,27,9896.75,-3511.59,1779.78,0,0,0,2500,0,0,2500,0,2500,0
20230101T000000.300000,3,28,4615.15,-2239.96,27.371,0,0,0,2500,0,0,2500,0,2500,0
20230101T000000.300000,3,29,1958.67,367.214,-278.681,0,0,0,2500,0,0,2500,0,2500,0
20230101T000000.300000,3,30,3130.57,1529.74,-590.77,0,0,0,2500,0,0,2500,0,2500,0
20230101T000000.300000,3,31,3380.45,1214.41,-536.236,0,0,0,2500,0,0,2500,0,2500,0
20230101T000000.300000,3,32,253.649,146.803,-63.5937,0,0,0,2500,0,0,2500,0,2500,0
20230101T000000.300000,3,33,4929.46,2975.06,-420.425,0,0,0,2500,0,0,2500,0,2500,0
20230101T000000.300000,3,34,2536.72,1956.96,-169.728,0,0,0,2500,0,0,2500,0,2500,0
20230101T000000.300000,3,35,8012.92,7252.62,-1775.69,0,0,0,2500,0,0,2500,0,2500,0
20230101T000000.300000,3,36,9054.34,6907.54,-1163.57,0,0,0,2500,0,0,2500,0,2500,0
20230101T000000.300000,3,37,6465.97,4032.18,-1128.36,0,0,0,2500,0,0,2500,0,2500,0
20230101T000000.300000,3,38,7349.02,5987.92,2008.98,0,0,0,2500,0,0,2500,0,2500,0
20230101T000000.400000,6,40,3501.82,-3934.61,1146.88,0,0,0,25727,20969.8,-6417.04,20828.9,7210.11,44393.1,1.2649e+15
20230101T000000.400000,6,41,3593.38,-1675.94,-74.1623,0,0,0,4553.83,9607.81,425.305,20672.9,-198.361,25153.9,2.03192e+15
20230101T000000.400000,6,42,904.145,-455.197,110.646,0,0,0,397.609,625.232,-153.889,1324.71,77.4764,1640.25,3.68382e+15
20230101T000000.400000,6,43,7151.93,-2605.91,87.308,0,0,0,10932.5,29795.1,-998.384,81849.1,363.775,92705.4,1.64505e+15
20230101T000000.400000,6,44,1901.75,328.193,195.315,0,0,0,293.128,-977.78,-587.988,5790.25,-101.471,5959.63,7.22645e+15
20230101T000000.400000,6,45,8017.56,-114.339,-657.37,0,0,0,775.754,1455.99,8427.6,102850,-120.187,102871,2.89063e+14
20230101T000000.400000,6,46,275.866,99.5213,-62.6563,0,0,0,75.5629,-22.3843,15.355,129.535,5.53945,140.404,6.07709e+25
20230101T000000.400000,6,47,7703.2,3583.29,-304.251,0,0,0,20718.2,-44083.4,3747.86,94980.7,1743.38,115487,3.52396e+14
20230101T000000.400000,6,48,8319.38,3764.65,622.634,0,0,0,23243.9,-49854.4,-8283.93,110856,-3748.61,133416,2.9225e+14
20230101T000000.400000,6,49,9511.72,2699.62,535.314,0,0,0,12144.1,-40947.6,-8143.49,144795,-2311.29,156417,7.05153e+14
20230101T000000.400000,6,50,9543.56,4107.74,-93.0019,0,0,0,27063.3,-62695.7,1419.58,145739,611.018,172725,7.12775e+14
20230101T000000.400000,6,51,5503.67,4871.86,1608.43,0,0,0,40331.1,-40816.3,-14153.6,50310,-12528.8,86443.6,6.23175e+14
20230101T000000.400000,6,52,5147.04,3650.1,-62.5889,0,0,0,21363.9,-30026.4,514.918,42410.7,365.162,63704.4,2.19777e+15
20230101T000000.400000,4,32,278.657,103.976,-62.7071,2.47599,-4.24033,0.087778,81.9414,-28.0053,13.222,114.121,7.65242,132.82,0
20230101T000000.400000,3,39,3501.82,-3934.61,1146.88,0,0,0,2500,0,0,2500,0,2500,0
20230101T000000.400000,3,40,3593.38,-1675.94,-74.1623,0,0,0,2500,0,0,2500,0,2500,0
20230101T000000.400000,3,41,904.145,-455.197,110.646,0,0,0,2500,0,0,2500,0,2500,0
20230101T000000.400000,3,42,7151.93,-2605.91,87.308,0,0,0,2500,0,0,2500,0,2500,0
20230101T000000.400000,3,43,1901.75,328.193,195.315,0,0,0,2500,0,0,2500,0,2500,0
20230101T000000.400000,3,44,8017.56,-114.339,-657.37,0,0,0,2500,0,0,2500,0,2500,0
20230101T000000.400000,3,45,7703.2,3583.29,-304.251,0,0,0,2500,0,0,2500,0,2500,0
20230101T000000.400000,3,46,8319.38,3764.65,622.634,0,0,0,2500,0,0,2500,0,2500,0
20230101T000000.400000,3,47,9511.72,2699.62,535.314,0,0,0,2500,0,0,2500,0,2500,0
20230101T000000.400000,3,48,9543.56,4107.74,-93.0019,0,0,0,2500,0,0,2500,0,2500,0
20230101T000000.400000,3,49,5503.67,4871.86,1608.43,0,0,0,2500,0,0,2500,0,2500,0
20230101T000000.400000,3,50,5147.04,3650.1,-62.5889,0,0,0,2500,0,0,2500,0,2500,0
20230101T000000.500000,6,53,1614.04,-2117.78,6.83724,0,0,0,7199.5,5438.19,-17.5573,4208.73,23.0369,11344.2,1.95518e+15
20230101T000000.500000,6,54,5880.95,-9651.64,-2632.95,0,0,0,152066,85861.8,24767.4,63470,-40647.5,204387,4.32885e+15
20230101T000000.500000,6,55,2345.13,-480.678,26.8899,0,0,0,432.205,1790.79,-100.192,8802.07,20.5363,9169.14,5.04861e+14
20230101T000000.500000,6,56,11581.9,-2297.02,618.022,0,0,0,9091.51,42437.3,-11449.3,214649,2270.73,223066,5.40748e+14
20230101T000000.500000,6,57,1310.38,-40.2958,37.1532,0,0,0,68.6927,82.452,-76.0842,2747.42,2.33968,2750,4.1174e+15
20230101T000000.500000,6,58,288.736,51.22,-62.5993,0,0,0,69.6193,-12.0571,16.0536,135.448,2.84781,140.377,7.14674e+24
20230101T000000.500000,6,59,10834.7,779.484,15.231,0,0,0,1036.19,-13508.2,-263.948,187827,-18.9893,188799,6.27267e+14
20230101T000000.500000,6,60,4797.28,18.4699,260.151,0,0,0,172.641,-141.106,-1993.36,36822.3,-7.67462,36823,1.14871e+15
20230101T000000.500000,6,61,289.238,47.2745,-63.4852,0,0,0,69.3976,-11.1195,16.311,135.612,2.66596,140.298,6.639e+24
20230101T000000.500000,6,62,1856.08,1741.75,-242.96,0,0,0,4937.83,-5093.73,717.11,5585.97,672.937,10366.5,5.56527e+14
20230101T000000.500000,6,63,6229.26,4214.16,-1535.43,0,0,0,31044.6,-40222.6,15293,63289.6,10345.9,90503.2,2.04772e+16
20230101T000000.500000,6,64,4725.6,6572.95,1142.32,0,0,0,69858.7,-48678.5,-8631.87,37147.9,-12006.3,104857,9.80465e+14
20230101T000000.500000,6,65,7095.57,5311.54,1931.02,0,0,0,49002.7,-57409.9,-21912,82719.9,-16402.7,125698,7.73075e+14
20230101T000000.500000,4,37,6438.12,4023.91,-1135.5,-5.35421,-1.59023,-1.37346,791.271,-1083.79,303.47,1853.37,189.244,2477.74,0
20230101T000000.500000,3,51,1614.04,-2117.78,6.83724,0,0,0,2500,0,0,2500,0,2500,0
20230101T000000.500000,3,52,5880.95,-9651.64,-2632.95,0,0,0,2500,0,0,2500,0,2500,0
20230101T000000.500000,3,53,2345.13,-480.678,26.8899,0,0,0,2500,0,0,2500,0,2500,0
20230101T000000.500000,3,54,11581.9,-2297.02,618.022,0,0,0,2500,0,0,2500,0,2500,0
20230101T000000.500000,3,55,1310.38,-40.2958,37.1532,0,0,0,2500,0,0,2500,0,2500,0
20230101T000000.500000,3,56,288.736,51.22,-62.5993,0,0,0,2500,0,0,2500,0,2500,0
20230101T000000.500000,3,57,10834.7,779.484,15.231,0,0,0,2500,0,0,2500,0,2500,0
20230101T000000.500000,3,58,4797.28,18.4699,260.151,0,0,0,2500,0,0,2500,0,2500,0
20230101T000000.500000,3,59,289.238,47.2745,-63.4852,0,0,0,2500,0,0,2500,0,2500,0
20230101T000000.500000,3,60,1856.08,1741.75,-242.96,0,0,0,2500,0,0,2500,0,2500,0
20230101T000000.500000,3,61,4725.6,6572.95,1142.32,0,0,0,2500,0,0,2500,0,2500,0
20230101T000000.500000,3,62,7095.57,5311.54,1931.02,0,0,0,2500,0,0,2500,0,2500,0
20230101T000000.600000,6,66,9545.16,-7659.75,66.2862,0,0,0,93918.1,116947,-1012.07,145804,812.161,239651,2.81915e+15
20230101T000000.600000,6,67,2964.93,-2868.95,118.952,0,0,0,13214.1,13566.7,-562.968,14107.1,544.744,27234.7,1.93818e+15
20230101T000000.600000,6,68,850.271,-611.382,92.6024,0,0,0,648.966,795.142,-121.42,1183.06,87.3066,1755.29,3.74293e+15
20230101T000000.600000,6,69,5844.79,-6739.07,1771.87,0,0,0,74847.1,60504.7,-16561.9,57560.4,19096,127325,4.1149e+15
20230101T000000.600000,6,70,4595.08,-5107.75,173.079,0,0,0,41792.6,37497.2,-1271.42,33845.5,1413.27,75526.2,4.97337e+14
20230101T000000.600000,6,71,3218.41,-994.515,-133.399,0,0,0,1666.82,5095.15,684.515,16581.1,-211.521,18155.6,5.63688e+14
20230101T000000.600000,6,72,3981.26,-1330.39,186.171,0,0,0,2939.23,8438.71,-1183.22,25372.6,395.39,28192.7,4.58944e+14
20230101T000000.600000,6,73,7093.62,-2689.41,211.448,0,0,0,11691.1,30479.3,-2398.23,80528.1,909.242,92083.8,6.84589e+14
20230101T000000.600000,6,74,932.197,-436.471,103.583,0,0,0,370.858,620.079,-148.721,1404.87,69.6339,1695.84,3.53502e+15
20230101T000000.600000,6,75,7334.44,-2047.95,-1837.53,0,0,0,11778.4,22617.9,21549.6,86465.6,-6017.16,92784.5,1.11423e+15
20230101T000000.600000,6,76,4881.23,-1351.83,-814.79,0,0,0,3968.38,10268.5,6353.82,38202.4,-1759.65,41047.8,6.91009e+14
20230101T000000.600000,6,77,9183.03,-2096.5,-234.868,0,0,0,7177.18,30770.5,3449.32,134932,-787.485,141957,3.88815e+15
20230101T000000.600000,6,78,2681.06,-388.619,240.775,0,0,0,394.679,1644.87,-1027.27,11504.2,148.902,11743.1,1.07589e+15
20230101T000000.600000,6,79,3185.5,270.995,421.168,0,0,0,461.73,-1351.92,-2138.35,16238.3,-181.913,16354.4,6.45576e+14
20230101T000000.600000,6,80,11192.7,-1899.62,1658.69,0,0,0,10113.4,33282.7,-29695.3,200569,5039.88,206219,3.07464e+15
20230101T000000.600000,6,81,11931.4,1283.02,-286.165,0,0,0,2826.58,-24472.5,5461.47,227777,587.285,230409,7.9885e+15
20230101T000000.600000,6,82,293.217,0.487829,-62.8394,0,0,0,67.5079,-0.11655,16.3673,137.562,0.0272306,140.372,6.60764e+25
20230101T000000.600000,6,83,5853.05,671.48,-1007.43,0,0,0,2385.57,-6097.41,9423.95,54835.1,1081.14,55536.4,6.25594e+14
20230101T000000.600000,6,84,6556.14,4101.52,-744.839,0,0,0,27599.5,-42596.6,7808.06,69040.4,4884.72,95689.4,8.98672e+15
20230101T000000.600000,6,85,1033.49,848.05,135.209,0,0,0,1206.04,-1356.91,-218.626,1746.22,-179.398,2860.3,1.78929e+15
20230101T000000.600000,6,86,2104.09,2977.43,151.435,0,0,0,14217.7,-9976.26,-508.281,7150.61,-719.251,21267.8,6.83094e+15
20230101T000000.600000,6,87,5174.17,4230.94,753.455,0,0,0,29223.5,-34550.5,-6232.1,43224.6,-5096,71477.4,7.76125e+14
20230101T000000.600000,4,23,5967.75,-6801.1,902.472,13.473,-15.808,7.07832,1545.31,1279.78,-166.419,1210.42,189.612,2644.42,0
20230101T000000.600000,4,41,926.679,-446.728,107.065,4.3336,1.6287,-0.688541,262.102,374.252,-91.6864,817.05,46.16,1001.58,0
20230101T000000.600000,4,42,7129.77,-2600.7,90.4534,-4.26157,1.00137,0.604894,351.839,793.305,-26.5789,2240.02,9.68439,2528.76,0
20230101T000000.600000,4,59,296.56,3.31121,-62.8744,0.72492,-4.35281,0.0604822,67.4025,-10.2861,15.0502,128.654,2.45989,132.818,0
20230101T000000.600000,3,63,9545.16,-7659.75,66.2862,0,0,0,2500,0,0,2500,0,2500,0
20230101T000000.600000,3,64,2964.93,-2868.95,118.952,0,0,0,2500,0,0,2500,0,2500,0
20230101T000000.600000,3,65,850.271,-611.382,92.6024,0,0,0,2500,0,0,2500,0,2500,0
20230101T000000.600000,3,66,4595.08,-5107.75,173.079,0,0,0,2500,0,0,2500,0,2500,0
20230101T000000.600000,3,67,3218.41,-994.515,-133.399,0,0,0,2500,0,0,2500,0,2500,0
20230101T000000.600000,3,68,3981.26,-1330.39,186.171,0,0,0,2500,0,0,2500,0,2500,0
20230101T000000.600000,3,69,7334.44,-2047.95,-1837.53,0,0,0,2500,0,0,2500,0,2500,0
20230101T000000.600000,3,70,4881.23,-1351.83,-814.79,0,0,0,2500,0,0,2500,0,2500,0
20230101T000000.600000,3,71,9183.03,-2096.5,-234.868,0,0,0,2500,0,0,2500,0,2500,0
20230101T000000.600000,3,72,2681.06,-388.619,240.775,0,0,0,2500,0,0,2500,0,2500,0
20230101T000000.600000,3,73,3185.5,270.995,421.168,0,0,0,2500,0,0,2500,0,2500,0
20230101T000000.600000,3,74,11192.7,-1899.62,1658.69,0,0,0,2500,0,0,2500,0,2500,0
20230101T000000.600000,3,75,11931.4,1283.02,-286.165,0,0,0,2500,0,0,2500,0,2500,0
20230101T000000.600000,3,76,5853.05,671.48,-1007.43,0,0,0,2500,0,0,2500,0,2500,0
20230101T000000.600000,3,77,6556.14,4101.52,-744.839,0,0,0,2500,0,0,2500,0,2500,0
20230101T000000.600000,3,78,1033.49,848.05,135.209,0,0,0,2500,0,0,2500,0,2500,0
20230101T000000.600000,3,79,2104.09,2977.43,151.435,0,0,0,2500,0,0,2500,0,2500,0
20230101T000000.600000,3,80,5174.17,4230.94,753.455,0,0,0,2500,0,0,2500,0,2500,0
20230101T000000.700000,6,88,9410.95,-5159.5,2561.53,0,0,0,50711.3,73238.2,-38557.6,144146,21139,184302,3.36486e+15
20230101T000000.700000,6,89,288.558,-52.8562,-62.241,0,0,0,69.7221,12.4508,15.9551,135.414,-2.92255,140.452,8.87321e+24
20230101T000000.700000,6,90,5456.98,-3066.79,1168.48,0,0,0,16755.5,25817.2,-10192.1,48185,5727.91,62696.2,5.71953e+14
20230101T000000.700000,6,91,3408.41,-543.957,-86.7778,0,0,0,547.543,2954.61,471.65,18589.5,-75.2719,19061,4.97072e+14
20230101T000000.700000,6,92,288.441,-52.3545,-63.1606,0,0,0,69.7751,12.2931,16.1835,135.271,-2.93745,140.341,9.12633e+24
20230101T000000.700000,6,93,6969.35,428.493,-241.493,0,0,0,450.412,-4768.49,2690.67,77715.6,165.429,78008.9,4.18263e+14
20230101T000000.700000,6,94,5386.87,-417.446,-205.971,0,0,0,409.816,3587.81,1772.83,46430.2,-137.382,46708.3,7.49484e+14
20230101T000000.700000,6,95,4184.15,1870.26,295.737,0,0,0,5766.35,-12444.8,-1976.1,28045.3,-883.291,33608.2,7.818e+14
20230101T000000.700000,6,96,3610.75,4983.96,-142.359,0,0,0,39777,-28747.5,821.568,20923.2,1134.02,60603.8,8.2424e+14
20230101T000000.700000,4,56,305.928,-46.1777,-63.1314,3.30619,-18.7304,-0.102332,67.664,-11.1773,14.8465,128.689,2.63368,133.096,0
20230101T000000.700000,3,81,9410.95,-5159.5,2561.53,0,0,0,2500,0,0,2500,0,2500,0
20230101T000000.700000,3,82,288.558,-52.8562,-62.241,0,0,0,2500,0,0,2500,0,2500,0
20230101T000000.700000,3,83,5456.98,-3066.79,1168.48,0,0,0,2500,0,0,2500,0,2500,0
20230101T000000.700000,3,84,3408.41,-543.957,-86.7778,0,0,0,2500,0,0,2500,0,2500,0
20230101T000000.700000,3,85,6969.35,428.493,-241.493,0,0,0,2500,0,0,2500,0,2500,0
20230101T000000.700000,3,86,5386.87,-417.446,-205.971,0,0,0,2500,0,0,2500,0,2500,0
20230101T000000.700000,3,87,4184.15,1870.26,295.737,0,0,0,2500,0,0,2500,0,2500,0
20230101T000000.700000,3,88,3610.74,4983.96,-142.359,0,0,0,2500,0,0,2500,0,2500,0
20230101T000000.800000,6,97,6351.05,-4649.22,256.954,0,0,0,34694.8,47163.1,-2609.41,64596.6,1910.19,99121.9,2.8414e+15
20230101T000000.800000,6,98,3919.61,-4833.26,1188.11,0,0,0,38297.2,29176.1,-7443.66,25981.1,9178.76,61960.3,9.3936e+14
20230101T000000.800000,6,99,4659.75,-2965.13,-255.321,0,0,0,14186.9,22030.6,1901.08,34789.7,-1209.71,48808.5,3.56651e+15
20230101T000000.800000,6,100,275.659,-100.214,-62.5333,0,0,0,75.6661,22.5336,15.3145,129.457,-5.56751,140.432,3.41219e+25
20230101T000000.800000,6,101,4378.1,753.747,323.911,0,0,0,1133.88,-5241.26,-2264.41,30675.1,-389.847,31577.8,4.31118e+15
20230101T000000.800000,6,102,11354.3,2093.11,765.41,0,0,0,7977.93,-37846.7,-13901,206305,-2562.57,213282,2.88096e+15
20230101T000000.800000,6,103,10491.8,155.978,651.085,0,0,0,780.776,-2607.36,-10925.7,176125,-162.429,176164,4.53716e+15
20230101T000000.800000,6,104,6979.21,-576.355,-7.48945,0,0,0,595.152,6430.75,83.5645,77935.5,-6.9009,78466.6,8.78332e+14
20230101T000000.800000,6,105,2660.54,1082.23,321.643,0,0,0,2070.2,-4527.06,-1362.63,11358,-554.278,13200.3,4.648e+15
20230101T000000.800000,6,106,3340.75,895.717,545.43,0,0,0,1786.02,-4653.1,-2905.92,17893.1,-779.132,19142.2,1.72694e+15
20230101T000000.800000,6,107,6857.87,5444.53,-311.333,0,0,0,47563,-59634,3414.35,75333.2,2710.69,122677,8.08054e+14
20230101T000000.800000,6,108,4721.52,4254.26,-604.418,0,0,0,29315.6,-31816.3,4561.55,35958.7,4110.12,64627,9.00404e+14
20230101T000000.800000,4,82,280.116,-98.6888,-62.5176,-0.835832,-4.53789,-0.0273937,67.7029,11.5164,14.7217,128.465,-2.69663,132.96,0
20230101T000000.800000,3,89,6351.05,-4649.22,256.954,0,0,0,2500,0,0,2500,0,2500,0
20230101T000000.800000,3,90,3919.61,-4833.26,1188.11,0,0,0,2500,0,0,2500,0,2500,0
20230101T000000.800000,3,91,4659.75,-2965.13,-255.321,0,0,0,2500,0,0,2500,0,2500,0
20230101T000000.800000,3,92,4378.1,753.747,323.911,0,0,0,2500,0,0,2500,0,2500,0
20230101T000000.800000,3,93,11354.3,2093.11,765.41,0,0,0,2500,0,0,2500,0,2500,0
20230101T000000.800000,3,94,10491.8,155.978,651.085,0,0,0,2500,0,0,2500,0,2500,0
20230101T000000.800000,3,95,6979.21,-576.355,-7.48945,0,0,0,2500,0,0,2500,0,2500,0
20230101T000000.800000,3,96,2660.54,1082.23,321.643,0,0,0,2500,0,0,2500,0,2500,0
20230101T000000.800000,3,97,3340.75,895.717,545.43,0,0,0,2500,0,0,2500,0,2500,0
20230101T000000.800000,3,98,6857.87,5444.53,-311.333,0,0,0,2500,0,0,2500,0,2500,0
20230101T000000.800000,3,99,4721.52,4254.26,-604.418,0,0,0,2500,0,0,2500,0,2500,0
20230101T000000.900000,6,109,1865.34,-1526.75,-343.608,0,0,0,3880.25,4433.34,1018.59,5668.16,-833.703,9298.05,2.28296e+15
20230101T000000.900000,6,110,6044.47,-6495.66,584.001,0,0,0,67792.6,62516.6,-5645.11,58783.6,6066.49,125967,4.26741e+14
20230101T000000.900000,6,111,6192.91,-7037.9,1451.72,0,0,0,80750,68032.8,-14378.2,63299.1,16340,140616,3.58319e+15
20230101T000000.900000,6,112,1877.24,-631.216,239.009,0,0,0,776.284,1849.24,-710.666,5654.12,238.96,6276.84,2.24618e+15
20230101T000000.900000,6,113,3461.07,-2137.89,-400.48,0,0,0,7544.53,11695.9,2212.44,19254.8,-1366.61,26480,8.915e+14
20230101T000000.900000,6,114,4317.56,-1014.67,-824.779,0,0,0,2737.35,6753.24,5686.45,29886.3,-1336.37,31475.5,8.58989e+14
20230101T000000.900000,6,115,9250.3,-5183.66,-1431.58,0,0,0,45535.8,75295.4,21180.7,137707,-11869.2,179902,6.68774e+14
20230101T000000.900000,6,116,253.188,-148.055,-62.4121,0,0,0,85.3428,30.5811,14.0361,119.756,-8.20786,140.411,1.20272e+24
20230101T000000.900000,6,117,754.001,-197.596,-59.4722,0,0,0,127.307,221.389,67.051,914.08,-17.5716,972.468,5.30861e+14
20230101T000000.900000,6,118,3845.27,804.804,-186.267,0,0,0,1150.69,-4927.56,1143.03,23662.7,239.233,24694.2,2.34106e+15
20230101T000000.900000,6,119,764.683,-41.8091,156.879,0,0,0,103.296,45.6583,-179.376,935.884,9.80741,940.958,5.40815e+14
20230101T000000.900000,6,120,6819.47,2101.58,-653.72,0,0,0,7749.04,-22720.4,7127.28,74473.1,2196.44,81475.5,6.74951e+14
20230101T000000.900000,6,121,4581.28,1601.13,45.0549,0,0,0,4161.74,-11715.5,-329.694,33588.3,-115.226,37682.8,5.62018e+14
20230101T000000.900000,6,122,7499.15,8281.29,27.1057,0,0,0,109757,-99331.8,-325.127,90015.4,-359.037,199707,4.46081e+14
20230101T000000.900000,6,123,5161.17,4178.6,519.743,0,0,0,28236.7,-34263.9,-4288.1,42816.6,-3471.75,70557.8,4.08337e+14
20230101T000000.900000,4,80,5126.69,4190.57,738.045,-13.0693,-11.111,-4.24138,1108.58,-1239.92,-220.913,1611.04,-180.641,2593.97,0
20230101T000000.900000,3,100,1865.34,-1526.75,-343.608,0,0,0,2500,0,0,2500,0,2500,0
20230101T000000.900000,3,101,6044.47,-6495.66,584.001,0,0,0,2500,0,0,2500,0,2500,0
20230101T000000.900000,3,102,6192.91,-7037.9,1451.72,0,0,0,2500,0,0,2500,0,2500,0
20230101T000000.900000,3,103,1877.24,-631.216,239.009,0,0,0,2500,0,0,2500,0,2500,0
20230101T000000.900000,3,104,3461.07,-2137.89,-400.48,0,0,0,2500,0,0,2500,0,2500,0
20230101T000000.900000,3,105,4317.56,-1014.67,-824.779,0,0,0,2500,0,0,2500,0,2500,0
20230101T000000.900000,3,106,9250.3,-5183.66,-1431.58,0,0,0,2500,0,0,2500,0,2500,0
20230101T000000.900000,3,107,253.188,-148.055,-62.4121,0,0,0,2500,0,0,2500,0,2500,0
20230101T000000.900000,3,108,754,-197.596,-59.4722,0,0,0,2500,0,0,2500,0,2500,0
20230101T000000.900000,3,109,3845.27,804.804,-186.267,0,0,0,2500,0,0,2500,0,2500,0
20230101T000000.900000,3,110,764.683,-41.8091,156.879,0,0,0,2500,0,0,2500,0,2500,0
20230101T000000.900000,3,111,6819.47,2101.58,-653.72,0,0,0,2500,0,0,2500,0,2500,0
20230101T000000.900000,3,112,4581.28,1601.13,45.0549,0,0,0,2500,0,0,2500,0,2500,0
20230101T000000.900000,3,113,7499.15,8281.29,27.1057,0,0,0,2500,0,0,2500,0,2500,0
20230101T000001,6,124,6767.73,-9212.92,446.873,0,0,0,135939,99578.1,-4837.43,73532.6,6585.2,209088,4.45563e+15
20230101T000001,6,125,6017.26,-6278.44,81.8033,0,0,0,63105.9,60409.1,-787.154,57970.7,821.321,121002,6.73996e+14
20230101T000001,6,126,225.071,-188.012,-62.5304,0,0,0,96.2991,34.5079,12.5006,108.783,-10.4424,140.392,3.59802e+23
20230101T000001,6,127,4984.76,-1612.47,-1235.49,0,0,0,6425.93,12127.5,9840.16,39993.6,-3183.1,43920,2.5089e+15
20230101T000001,6,128,6399,-76.9415,109.19,0,0,0,92.5174,786.759,-1116.84,65515.5,13.4289,65525,2.96003e+14
20230101T000001,6,129,3479.92,1450.95,-40.2323,0,0,0,3425.12,-8055.04,223.378,19385.6,93.137,22744.1,2.01254e+15
20230101T000001,6,130,1742.2,1925.83,-354.913,0,0,0,6053.08,-5236.75,983.566,5001.78,1087.24,10791.7,7.19603e+15
20230101T000001,4,107,229.744,-188.085,-62.524,-2.32112,-3.96328,-0.0110813,82.1515,28.2866,12.9512,113.983,-7.57344,132.923,0
20230101T000001,3,114,6767.73,-9212.92,446.873,0,0,0,2500,0,0,2500,0,2500,0
20230101T000001,3,115,6017.26,-6278.44,81.8033,0,0,0,2500,0,0,2500,0,2500,0
20230101T000001,3,116,4984.76,-1612.47,-1235.49,0,0,0,2500,0,0,2500,0,2500,0
20230101T000001,3,117,6399,-76.9415,109.19,0,0,0,2500,0,0,2500,0,2500,0
20230101T000001,3,118,3479.92,1450.95,-40.2323,0,0,0,2500,0,0,2500,0,2500,0
20230101T000001,3,119,1742.2,1925.83,-354.913,0,0,0,2500,0,0,2500,0,2500,0
20230101T000001.100000,6,131,2386.9,-2169.59,314.784,0,0,0,7652.92,8175.29,-1197.6,9216.09,1088.56,16647.7,6.50886e+14
20230101T000001.100000,6,132,4798,-7087.48,533.411,0,0,0,80534.8,54168.2,-4092.66,37189.1,6045.57,117205,2.42319e+15
20230101T000001.100000,6,133,3890.34,-1766.38,301.849,0,0,0,5165.81,10916,-1874.77,24251.4,851.227,29208,7.76231e+14
20230101T000001.100000,6,134,5064.04,-2360.75,-411.155,0,0,0,9191.5,18999.9,3327.12,41090.8,-1551.03,49948.5,5.98821e+14
20230101T000001.100000,6,135,5551.12,-2400.96,1232.39,0,0,0,11322.3,20417.1,-10934.3,49696.6,4729.3,58529.9,4.80889e+14
20230101T000001.100000,6,136,8797.74,-3765.44,865.445,0,0,0,23752.1,52547.3,-12177.1,124036,5211.79,146527,4.64973e+14
20230101T000001.100000,6,137,7672.77,-4804.85,580.367,0,0,0,37371.5,58715.4,-7121.38,94364.1,4459.56,131133,4.47175e+15
20230101T000001.100000,6,138,4563.68,919.21,-931.81,0,0,0,2746.12,-6431.15,6791.9,33380,1368.01,34677.9,4.55447e+15
20230101T000001.100000,6,139,2431.88,799.743,260.1,0,0,0,1178.19,-3060.89,-1005.94,9479.22,-330.81,10486.5,7.34078e+14
20230101T000001.100000,6,140,10118.3,4665.76,-1579.3,0,0,0,38173.5,-73994,25559.7,164519,11786.1,198641,5.15645e+14
20230101T000001.100000,6,141,193.08,229.284,-9.69908,0,0,0,110.703,-39.258,1.66381,97.1426,1.97579,143.829,5.79536e+26
20230101T000001.100000,6,142,4265.64,6327.07,336.903,0,0,0,64127.6,-43068.6,-2297.8,29281.9,-3408.23,93164.1,4.86111e+14
20230101T000001.100000,3,120,2386.9,-2169.59,314.784,0,0,0,2500,0,0,2500,0,2500,0
20230101T000001.100000,3,121,4798,-7087.48,533.411,0,0,0,2500,0,0,2500,0,2500,0
20230101T000001.100000,3,122,3890.34,-1766.38,301.849,0,0,0,2500,0,0,2500,0,2500,0
20230101T000001.100000,3,123,5064.04,-2360.75,-411.155,0,0,0,2500,0,0,2500,0,2500,0
20230101T000001.100000,3,124,5551.12,-2400.96,1232.39,0,0,0,2500,0,0,2500,0,2500,0
20230101T000001.100000,3,125,8797.74,-3765.44,865.445,0,0,0,2500,0,0,2500,0,2500,0
20230101T000001.100000,3,126,7672.77,-4804.85,580.367,0,0,0,2500,0,0,2500,0,2500,0
20230101T000001.100000,3,127,4563.68,919.21,-931.81,0,0,0,2500,0,0,2500,0,2500,0
20230101T000001.100000,3,128,2431.88,799.743,260.1,0,0,0,2500,0,0,2500,0,2500,0
20230101T000001.100000,3,129,10118.3,4665.76,-1579.3,0,0,0,2500,0,0,2500,0,2500,0
20230101T000001.100000,3,130,193.08,229.284,-9.69908,0,0,0,2500,0,0,2500,0,2500,0
20230101T000001.100000,3,131,4265.64,6327.07,336.903,0,0,0,2500,0,0,2500,0,2500,0
20230101T000001.200000,6,143,4047.98,-887.872,-72.5868,0,0,0,1330.39,5735.39,469.034,26221.2,-102.876,27479.2,2.49536e+15
20230101T000001.200000,6,144,8969.99,-4946.35,1161.46,0,0,0,40849.7,70050.5,-16662.9,129255,9188.49,167884,5.9826e+14
20230101T000001.200000,6,145,8269.02,-1639.7,-2231.71,0,0,0,12026.7,20162.1,29511,109706,-5851.88,113709,4.84862e+15
20230101T000001.200000,6,146,4101,-516.601,310.255,0,0,0,641.258,3362.74,-2031.03,26912.5,255.848,27336.4,2.42843e+15
20230101T000001.200000,6,147,9400.31,-1642.47,-1375.24,0,0,0,7313.58,24179.8,20675.4,141477,-3612.51,145703,7.37024e+14
20230101T000001.200000,6,148,2406.06,799.017,-257.153,0,0,0,1173.84,-3025.37,983.861,9279.37,326.726,10284.7,2.25119e+15
20230101T000001.200000,6,149,10479.2,5917.53,1991.39,0,0,0,60885.6,-96474.1,-33380,177251,-18849.5,231731,7.18726e+14
20230101T000001.200000,6,150,5941.12,3953.82,262.539,0,0,0,25133.1,-37503.9,-2493.68,56528.5,-1659.55,81487.5,1.51796e+15
20230101T000001.200000,6,151,228.829,193.589,-10.12,0,0,0,97.318,-39.2754,2.05737,110.516,1.74054,143.816,2.59986e+26
20230101T000001.200000,4,130,229.673,198.445,-10.0973,3.6231,-3.05343,-0.0394301,105.513,-36.225,1.53518,93.0001,1.82304,136.075,0
20230101T000001.200000,3,132,4047.98,-887.872,-72.5868,0,0,0,2500,0,0,2500,0,2500,0
20230101T000001.200000,3,133,8969.99,-4946.35,1161.46,0,0,0,2500,0,0,2500,0,2500,0
20230101T000001.200000,3,134,8269.02,-1639.7,-2231.71,0,0,0,2500,0,0,2500,0,2500,0
20230101T000001.200000,3,135,4101,-516.601,310.255,0,0,0,2500,0,0,2500,0,2500,0
20230101T000001.200000,3,136,9400.31,-1642.47,-1375.24,0,0,0,2500,0,0,2500,0,2500,0
20230101T000001.200000,3,137,2406.06,799.017,-257.153,0,0,0,2500,0,0,2500,0,2500,0
20230101T000001.200000,3,138,10479.2,5917.53,1991.39,0,0,0,2500,0,0,2500,0,2500,0
20230101T000001.200000,3,139,5941.12,3953.82,262.539,0,0,0,2500,0,0,2500,0,2500,0
20230101T000001.300000,6,152,868.497,-1033.98,61.6104,0,0,0,1739.51,1402.37,-83.7393,1247.87,99.6948,2917.57,6.4568e+14
20230101T000001.300000,6,153,2962.91,-2965.79,-105.4,0,0,0,14114.2,14018.9,498.527,14087,-499.011,28119.6,2.63093e+15
20230101T000001.300000,6,154,4512.7,-3986.18,-502.868,0,0,0,25686.3,28549.2,3626.89,32788.4,-3203.72,58007,9.27318e+14
20230101T000001.300000,6,155,10150.7,-3642.02,-677.611,0,0,0,21930.3,58896.8,11001.4,164950,-3947.25,186082,2.02569e+15
20230101T000001.300000,6,156,2374.28,442.284,235.879,0,0,0,460.29,-1652.73,-889.98,9024.61,-165.787,9333.09,7.51807e+14
20230101T000001.300000,6,157,3297.59,2245.48,-65.9362,0,0,0,8115.93,-11814.5,347.015,17421.1,236.298,25466.1,8.1832e+14
20230101T000001.300000,6,158,259.858,149.302,-10.5291,0,0,0,83.8561,-34.3879,2.4305,123.95,1.39645,143.787,3.76897e+26
20230101T000001.300000,6,159,7409.58,2627.25,267.981,0,0,0,11202.7,-31090.5,-3174.94,87862.9,-1125.75,98886.8,4.66619e+14
20230101T000001.300000,6,160,762.984,616.466,239.545,0,0,0,700.14,-678.16,-280.957,991.55,-227.004,1543.08,8.23368e+14
20230101T000001.300000,6,161,4728.7,5757.32,-1108.41,0,0,0,53851.8,-42564.6,8380.22,36988.3,10203.1,88813.1,2.83835e+15
20230101T000001.300000,3,140,868.497,-1033.98,61.6104,0,0,0,2500,0,0,2500,0,2500,0
20230101T000001.300000,3,141,2962.91,-2965.79,-105.4,0,0,0,2500,0,0,2500,0,2500,0
20230101T000001.300000,3,142,4512.7,-3986.18,-502.868,0,0,0,2500,0,0,2500,0,2500,0
20230101T000001.300000,3,143,10150.7,-3642.02,-677.611,0,0,0,2500,0,0,2500,0,2500,0
20230101T000001.300000,3,144,2374.28,442.284,235.879,0,0,0,2500,0,0,2500,0,2500,0
20230101T000001.300000,3,145,3297.59,2245.48,-65.9362,0,0,0,2500,0,0,2500,0,2500,0
20230101T000001.300000,3,146,259.858,149.302,-10.5291,0,0,0,2500,0,0,2500,0,2500,0
20230101T000001.300000,3,147,7409.58,2627.25,267.981,0,0,0,2500,0,0,2500,0,2500,0
20230101T000001.300000,3,148,762.984,616.466,239.545,0,0,0,2500,0,0,2500,0,2500,0
20230101T000001.300000,3,149,4728.7,5757.32,-1108.41,0,0,0,2500,0,0,2500,0,2500,0
20230101T000001.400000,6,162,1028.5,-924.587,-60.3088,0,0,0,1406.33,1486.85,97.1726,1723.65,-87.3549,3060.4,8.41007e+14
20230101T000001.400000,6,163,5149.48,-4347.45,-838.899,0,0,0,30934.7,35233.2,6905.83,42922.2,-5830.25,72668.8,7.86015e+14
20230101T000001.400000,6,164,11458.6,-3364.56,-524.88,0,0,0,18577,61548.8,9620.35,210121,-2824.79,228193,3.81354e+14
20230101T000001.400000,6,165,10982.5,-2003.21,2310.15,0,0,0,14743.9,33682.1,-40581.3,193260,7402.05,199407,1.14207e+15
20230101T000001.400000,6,166,7513.96,85.6499,-939.802,0,0,0,1487.73,-1012.89,11290.7,90335.4,128.7,90348,7.25765e+14
20230101T000001.400000,6,167,9632.41,703.49,1778.49,0,0,0,5887.38,-10469.9,-27398.4,148480,-2001.01,149247,1.2733e+15
20230101T000001.400000,6,168,4079.09,1654.81,725.874,0,0,0,5158.84,-10484.8,-4727.93,26750.3,-1918.04,31005.5,5.18436e+15
20230101T000001.400000,6,169,11071.6,3934.87,445.706,0,0,0,25112.1,-69584,-7893.2,196171,-2805.26,220901,5.05846e+14
20230101T000001.400000,6,170,281.49,102.899,-10.3582,0,0,0,73.4811,-25.6757,2.59019,134.333,0.946849,143.796,5.02594e+26
20230101T000001.400000,6,171,4542.56,3722.56,-1194.43,0,0,0,23574.3,-25906.7,8671.58,33957.5,7106.23,55190.2,5.94754e+14
20230101T000001.400000,4,146,284.029,107.256,-10.3675,2.39316,-4.16297,0.016001,80.7404,-31.7318,2.24263,117.738,1.2885,136.037,0
20230101T000001.400000,3,150,1028.5,-924.587,-60.3088,0,0,0,2500,0,0,2500,0,2500,0
20230101T000001.400000,3,151,5149.48,-4347.45,-838.899,0,0,0,2500,0,0,2500,0,2500,0
20230101T000001.400000,3,152,11458.6,-3364.56,-524.88,0,0,0,2500,0,0,2500,0,2500,0
20230101T000001.400000,3,153,10982.5,-2003.21,2310.15,0,0,0,2500,0,0,2500,0,2500,0
20230101T000001.400000,3,154,7513.96,85.6499,-939.802,0,0,0,2500,0,0,2500,0,2500,0
20230101T000001.400000,3,155,9632.41,703.49,1778.49,0,0,0,2500,0,0,2500,0,2500,0
20230101T000001.400000,3,156,4079.09,1654.81,725.874,0,0,0,2500,0,0,2500,0,2500,0
20230101T000001.400000,3,157,11071.6,3934.87,445.706,0,0,0,2500,0,0,2500,0,2500,0
20230101T000001.400000,3,158,4542.56,3722.56,-1194.43,0,0,0,2500,0,0,2500,0,2500,0
20230101T000001.500000,6,172,632.078,-690.6,125.672,0,0,0,803.261,654.525,-121.398,687.197,132.637,1403.45,8.22992e+14
20230101T000001.500000,6,173,6487.31,-6816.96,-1731.2,0,0,0,76661.9,68332.4,17961.4,69885.1,-18874.2,141692,2.86604e+15
20230101T000001.500000,6,174,6066.37,-1808.86,690.17,0,0,0,5993.17,17331.2,-6692.31,58948.7,1995.51,64117.3,3.7567e+14
20230101T000001.500000,6,175,1476.01,-252.914,-226.804,0,0,0,243.082,573.17,526.284,3489.89,-90.1789,3589.54,9.64658e+14
20230101T000001.500000,6,176,11850.9,1549.1,-227.694,0,0,0,3983.99,-29354.3,4316.2,224714,564.194,228551,4.26943e+14
20230101T000001.500000,6,177,10474.3,-983.768,591.455,0,0,0,2166.53,16428.8,-9908.57,175544,930.631,177087,3.50592e+14
20230101T000001.500000,6,178,295.056,52.5124,-10.8126,0,0,0,66.5478,-13.732,2.83414,141.261,0.504404,143.788,6.39899e+26
20230101T000001.500000,6,179,1867.26,1043.21,-121.428,0,0,0,1807.84,-3079.49,359.619,5599.45,200.912,7320.11,3.02897e+15
20230101T000001.500000,6,180,10650.5,4440.73,741.599,0,0,0,32356.1,-75338.8,-12633.7,181634,-5267.61,213047,6.97787e+14
20230101T000001.500000,6,181,9866.75,3468.51,-526.376,0,0,0,19700.3,-54598.1,8306.76,155820,2920.12,175014,4.10359e+14
20230101T000001.500000,6,182,1759.92,2371.58,-124.086,0,0,0,9030.44,-6635.69,347.811,5012.78,468.693,13954.8,1.90481e+15
20230101T000001.500000,6,183,2046.77,2891.66,125.612,0,0,0,13408.5,-9427.66,-410.048,6762.24,-579.311,20081.6,1.83704e+16
20230101T000001.500000,6,184,3248.65,2861.38,-408.654,0,0,0,13286.2,-14709,2119.62,17030.4,1866.95,29986.5,6.06255e+14
20230101T000001.500000,6,185,3654.37,4526.28,584.717,0,0,0,33020.4,-26166.8,-3414.84,21736.6,-4229.59,54147.3,5.47387e+14
20230101T000001.500000,3,159,632.078,-690.6,125.672,0,0,0,2500,0,0,2500,0,2500,0
20230101T000001.500000,3,160,6487.31,-6816.96,-1731.2,0,0,0,2500,0,0,2500,0,2500,0
20230101T000001.500000,3,161,6066.37,-1808.86,690.17,0,0,0,2500,0,0,2500,0,2500,0
20230101T000001.500000,3,162,1476.01,-252.914,-226.804,0,0,0,2500,0,0,2500,0,2500,0
20230101T000001.500000,3,163,11850.9,1549.1,-227.694,0,0,0,2500,0,0,2500,0,2500,0
20230101T000001.500000,3,164,10474.3,-983.768,591.454,0,0,0,2500,0,0,2500,0,2500,0
20230101T000001.500000,3,165,295.056,52.5124,-10.8126,0,0,0,2500,0,0,2500,0,2500,0
20230101T000001.500000,3,166,1867.26,1043.21,-121.428,0,0,0,2500,0,0,2500,0,2500,0
20230101T000001.500000,3,167,10650.5,4440.73,741.599,0,0,0,2500,0,0,2500,0,2500,0
20230101T000001.500000,3,168,9866.75,3468.51,-526.376,0,0,0,2500,0,0,2500,0,2500,0
20230101T000001.500000,3,169,1759.92,2371.58,-124.086,0,0,0,2500,0,0,2500,0,2500,0
20230101T000001.500000,3,170,2046.77,2891.66,125.612,0,0,0,2500,0,0,2500,0,2500,0
20230101T000001.500000,3,171,3248.65,2861.38,-408.654,0,0,0,2500,0,0,2500,0,2500,0
20230101T000001.500000,3,172,3654.37,4526.28,584.717,0,0,0,2500,0,0,2500,0,2500,0
20230101T000001.600000,6,186,432.43,-631.525,9.05317,0,0,0,658.586,407.052,-5.83614,342.847,8.52316,937.319,5.40886e+14
20230101T000001.600000,6,187,2961.6,-627.337,-106.656,0,0,0,708.279,2956.03,503.193,14037.3,-106.588,14663.5,6.33157e+14
20230101T000001.600000,6,188,3676.19,-1376.03,-353.969,0,0,0,3261.07,8007.04,2076.65,21655.4,-777.311,24653.1,6.81666e+14
20230101T000001.600000,6,189,2025.34,422.02,-411.557,0,0,0,603.693,-1301.16,1321.68,6577.04,275.398,6850.6,2.26875e+15
20230101T000001.600000,6,190,3641.87,-285.976,-572.345,0,0,0,713.848,1620.6,3325.29,21224.7,-261.116,21353.5,6.12472e+15
20230101T000001.600000,6,191,4220.22,352.358,-365.411,0,0,0,473.899,-2356.27,2461.93,28498.4,205.553,28695.6,3.4351e+14
20230101T000001.600000,6,192,299.686,1.34295,-10.5737,0,0,0,64.1009,-0.356707,2.81485,143.7,0.0126139,143.782,2.86495e+26
20230101T000001.600000,6,193,5943.73,1226.34,517.6,0,0,0,2878.33,-11565,-4917.05,56544.8,-1014.51,58931.4,8.8929e+14
20230101T000001.600000,6,194,8650.03,1627.42,1010.24,0,0,0,5875.72,-22215.4,-13974.7,119775,-2629.2,123955,8.37325e+14
20230101T000001.600000,6,195,5045.82,-154.928,1195.83,0,0,0,2384.83,1178.74,-9640,40738.7,295.988,40778.3,4.26531e+15
20230101T000001.600000,6,196,2597.22,712.274,-92.7542,0,0,0,883.99,-2940.08,383.322,10798.3,105.124,11604.7,3.91169e+15
20230101T000001.600000,6,197,3103.74,629.867,-31.2599,0,0,0,697.737,-3115.13,154.617,15415.7,31.3777,16047.9,2.72031e+15
20230101T000001.600000,6,198,3264.46,1986.69,209.505,0,0,0,6412.94,-10317.2,-1091.28,17086.9,-664.137,23366,4.12578e+14
20230101T000001.600000,6,199,6895.84,9855.94,-1155.78,0,0,0,156147,-107710,12748.6,77561.6,18221.1,231508,5.30329e+14
20230101T000001.600000,6,200,6069.45,8861.87,-1186,0,0,0,126391,-84980,11513.5,60516.1,16810.6,184594,2.22138e+15
20230101T000001.600000,6,201,3566.59,4396.35,-1173.72,0,0,0,31823.8,-23979.5,6689.85,21719.2,8246.22,51280.1,6.68406e+14
20230101T000001.600000,4,165,303.581,4.593,-10.5866,0.8441,-4.7445,0.0223775,64.7689,-12.6714,2.61506,133.711,0.465413,136.038,0
20230101T000001.600000,3,173,432.43,-631.525,9.05317,0,0,0,2500,0,0,2500,0,2500,0
20230101T000001.600000,3,174,2961.6,-627.337,-106.656,0,0,0,2500,0,0,2500,0,2500,0
20230101T000001.600000,3,175,3676.19,-1376.03,-353.969,0,0,0,2500,0,0,2500,0,2500,0
20230101T000001.600000,3,176,2025.34,422.02,-411.557,0,0,0,2500,0,0,2500,0,2500,0
20230101T000001.600000,3,177,3641.87,-285.976,-572.344,0,0,0,2500,0,0,2500,0,2500,0
20230101T000001.600000,3,178,4220.22,352.358,-365.411,0,0,0,2500,0,0,2500,0,2500,0
20230101T000001.600000,3,179,5943.73,1226.34,517.6,0,0,0,2500,0,0,2500,0,2500,0
20230101T000001.600000,3,180,8650.03,1627.42,1010.24,0,0,0,2500,0,0,2500,0,2500,0
20230101T000001.600000,3,181,5045.82,-154.928,1195.83,0,0,0,2500,0,0,2500,0,2500,0
20230101T000001.600000,3,182,2597.22,712.274,-92.7542,0,0,0,2500,0,0,2500,0,2500,0
20230101T000001.600000,3,183,3103.74,629.867,-31.2599,0,0,0,2500,0,0,2500,0,2500,0
20230101T000001.600000,3,184,3264.46,1986.69,209.505,0,0,0,2500,0,0,2500,0,2500,0
20230101T000001.600000,3,185,6895.84,9855.94,-1155.78,0,0,0,2500,0,0,2500,0,2500,0
20230101T000001.600000,3,186,6069.45,8861.87,-1186,0,0,0,2500,0,0,2500,0,2500,0
20230101T000001.600000,3,187,3566.59,4396.35,-1173.72,0,0,0,2500,0,0,2500,0,2500,0
20230101T000001.700000,6,202,2439.8,-3075.31,-800.441,0,0,0,15551.8,11476,3116.87,10191,-3928.75,24658.8,5.47951e+14
20230101T000001.700000,6,203,8548.73,-5905.52,-712.767,0,0,0,56393.7,80365.7,9745.62,117213,-6732.34,172730,3.19986e+15
20230101T000001.700000,6,204,8407.93,-8311.21,1089.2,0,0,0,111514,110827,-14648.5,114079,14480,223632,5.30249e+14
20230101T000001.700000,6,205,8667.47,-5636.27,-1259.46,0,0,0,52656.2,76974.8,17459.8,120973,-11353.7,171029,3.07097e+15
20230101T000001.700000,6,206,295.179,-51.9116,-9.61668,0,0,0,66.4713,13.5854,2.52139,141.331,-0.443424,143.786,3.79589e+26
20230101T000001.700000,6,207,10071.9,-47.421,-1004.37,0,0,0,1680.95,756.296,16179.2,162310,-76.1756,162314,2.34516e+15
20230101T000001.700000,6,208,295.109,-52.253,-9.88503,0,0,0,66.5073,13.6701,2.59113,141.291,-0.458794,143.781,3.74945e+26
20230101T000001.700000,6,209,7479.79,601.9,891.151,0,0,0,1904.82,-7096.7,-10657.5,89524.2,-857.613,90096.1,4.62471e+14
20230101T000001.700000,6,210,6439.82,2413.38,-1321.32,0,0,0,11822.6,-23928.6,13603.4,66705.8,5098.01,75675.5,9.71088e+14
20230101T000001.700000,6,211,6725.39,6967.83,-343.012,0,0,0,77802.7,-74852.3,3689.46,72500,3822.45,150051,3.59357e+14
20230101T000001.700000,3,188,2439.8,-3075.31,-800.441,0,0,0,2500,0,0,2500,0,2500,0
20230101T000001.700000,3,189,8548.73,-5905.52,-712.767,0,0,0,2500,0,0,2500,0,2500,0
20230101T000001.700000,3,190,8407.93,-8311.21,1089.2,0,0,0,2500,0,0,2500,0,2500,0
20230101T000001.700000,3,191,8667.47,-5636.27,-1259.46,0,0,0,2500,0,0,2500,0,2500,0
20230101T000001.700000,3,192,295.179,-51.9116,-9.61668,0,0,0,2500,0,0,2500,0,2500,0
20230101T000001.700000,3,193,10071.9,-47.421,-1004.37,0,0,0,2500,0,0,2500,0,2500,0
20230101T000001.700000,3,194,295.109,-52.253,-9.88503,0,0,0,2500,0,0,2500,0,2500,0
20230101T000001.700000,3,195,7479.79,601.9,891.151,0,0,0,2500,0,0,2500,0,2500,0
20230101T000001.700000,3,196,6439.83,2413.38,-1321.32,0,0,0,2500,0,0,2500,0,2500,0
20230101T000001.700000,3,197,6725.39,6967.83,-343.012,0,0,0,2500,0,0,2500,0,2500,0
20230101T000001.800000,6,212,7006.71,-9743.36,-1414.53,0,0,0,153006,107683,15853.5,80702.1,-22045.6,230444,7.15723e+14
20230101T000001.800000,6,213,3290.07,-3034.86,-152.887,0,0,0,14791.3,15925.3,803.21,17365.8,-740.906,32055.9,5.89427e+14
20230101T000001.800000,6,214,1456.97,-650.743,-32.8938,0,0,0,732.322,1492.51,75.4762,3407.33,-33.7108,4073.98,4.12201e+14
20230101T000001.800000,6,215,281.753,-102.16,-9.75869,0,0,0,73.3369,25.5177,2.44221,134.461,-0.885512,143.782,1.1626e+25
20230101T000001.800000,6,216,940.34,-89.4435,-2.48347,0,0,0,76.2357,128.538,3.56897,1415.36,-0.339475,1427.58,1.29535e+15
20230101T000001.800000,6,217,9269.04,-1094.23,350.462,0,0,0,2172.58,16197.6,-5195.13,137468,613.295,139380,2.72441e+15
20230101T000001.800000,6,218,5876.59,1899.99,982.844,0,0,0,7231.75,-17394.1,-9231.79,55407.1,-2984.77,61032.4,8.3949e+14
20230101T000001.800000,6,219,8578.54,6670.16,2451.27,0,0,0,77215.1,-86864.1,-33634.5,121391,-26152.1,188935,6.91618e+14
20230101T000001.800000,6,220,8636.06,8032.9,1359.01,0,0,0,104862,-109491,-18773,120730,-17461.9,222575,6.21836e+14
20230101T000001.800000,6,221,6412.98,6396.73,1064.25,0,0,0,66409.2,-64697.8,-10914.8,66737.5,-10887.1,131272,6.20992e+14
20230101T000001.800000,4,194,286.578,-100.445,-9.7655,-0.844657,-4.77151,0.0118348,64.7315,12.6142,2.39085,133.739,-0.423332,136.033,0
20230101T000001.800000,3,198,7006.71,-9743.36,-1414.53,0,0,0,2500,0,0,2500,0,2500,0
20230101T000001.800000,3,199,3290.07,-3034.86,-152.887,0,0,0,2500,0,0,2500,0,2500,0
20230101T000001.800000,3,200,1456.97,-650.743,-32.8938,0,0,0,2500,0,0,2500,0,2500,0
20230101T000001.800000,3,201,940.34,-89.4435,-2.48347,0,0,0,2500,0,0,2500,0,2500,0
20230101T000001.800000,3,202,9269.04,-1094.23,350.462,0,0,0,2500,0,0,2500,0,2500,0
20230101T000001.800000,3,203,5876.59,1899.99,982.844,0,0,0,2500,0,0,2500,0,2500,0
20230101T000001.800000,3,204,8578.54,6670.16,2451.27,0,0,0,2500,0,0,2500,0,2500,0
20230101T000001.800000,3,205,8636.06,8032.9,1359.01,0,0,0,2500,0,0,2500,0,2500,0
20230101T000001.800000,3,206,6412.98,6396.73,1064.25,0,0,0,2500,0,0,2500,0,2500,0
20230101T000001.900000,6,222,3434.18,-2595.24,-311.745,0,0,0,10915.9,14154.6,1709.26,18949.4,-1291.7,29646.5,4.94017e+14
20230101T000001.900000,6,223,259.776,-149.473,-9.97857,0,0,0,83.8954,34.4235,2.30265,123.915,-1.32492,143.792,5.09132e+24
20230101T000001.900000,6,224,4173.05,-2333.3,-1154.01,0,0,0,10380.2,14645.8,7692.42,28384.8,-4301.1,36577.3,2.38526e+15
20230101T000001.900000,6,225,8419.53,-2785.59,-1472.96,0,0,0,15600.3,36471.7,19832.8,113770,-6561.66,125839,5.74187e+14
20230101T000001.900000,6,226,2480.76,323.511,-181.408,0,0,0,281.83,-1269.17,715.47,9848.6,93.3032,10014.4,6.93502e+15
20230101T000001.900000,6,227,10868.5,2158.04,-471.81,0,0,0,7855.51,-37447.3,8201.95,189016,1628.56,196452,8.37456e+14
20230101T000001.900000,6,228,9378.74,1482.58,-1035.34,0,0,0,5251.85,-21973.3,15529.5,140781,2454.89,144255,1.48462e+15
20230101T000001.900000,6,229,1464.92,734.069,-144.242,0,0,0,939.54,-1681.79,333.085,3453,166.909,4296.24,4.99383e+14
20230101T000001.900000,6,230,4035.5,1825.23,79.3124,0,0,0,5391.8,-11757.3,-511.061,26069,-231.149,31386.8,6.30793e+14
20230101T000001.900000,6,231,6995.06,1922.49,363.755,0,0,0,6169.77,-21446.3,-4068.09,78308.7,-1118.06,84203.1,6.77511e+14
20230101T000001.900000,6,232,4845.26,6857.35,-1525.43,0,0,0,76497.6,-51377.2,11819.3,40087.1,16727.5,112802,6.70108e+14
20230101T000001.900000,4,192,278.059,-149.265,-9.9596,-3.29222,-18.722,-0.0659456,64.7481,12.5645,2.33179,133.983,-0.41008,136.249,0
20230101T000001.900000,3,207,3434.18,-2595.24,-311.745,0,0,0,2500,0,0,2500,0,2500,0
20230101T000001.900000,3,208,4173.05,-2333.3,-1154.01,0,0,0,2500,0,0,2500,0,2500,0
20230101T000001.900000,3,209,8419.53,-2785.59,-1472.96,0,0,0,2500,0,0,2500,0,2500,0
20230101T000001.900000,3,210,2480.76,323.511,-181.408,0,0,0,2500,0,0,2500,0,2500,0
20230101T000001.900000,3,211,10868.5,2158.04,-471.81,0,0,0,2500,0,0,2500,0,2500,0
20230101T000001.900000,3,212,9378.74,1482.58,-1035.34,0,0,0,2500,0,0,2500,0,2500,0
20230101T000001.900000,3,213,1464.92,734.069,-144.242,0,0,0,2500,0,0,2500,0,2500,0
20230101T000001.900000,3,214,4035.5,1825.23,79.3124,0,0,0,2500,0,0,2500,0,2500,0
20230101T000001.900000,3,215,6995.06,1922.49,363.755,0,0,0,2500,0,0,2500,0,2500,0
20230101T000001.900000,3,216,4845.26,6857.35,-1525.43,0,0,0,2500,0,0,2500,0,2500,0
20230101T000002,6,233,1725.22,-1504.58,-383.751,0,0,0,3791.2,4005.62,1051.42,4890.9,-916.956,8385.98,2.21188e+15
20230101T000002,6,234,8134.75,-6266.48,1690.42,0,0,0,65738.4,79321.5,-21993.7,107604,16942.5,168710,7.87889e+14
20230101T000002,6,235,229.55,-192.697,-10.2227,0,0,0,97.0094,39.2118,2.08457,110.804,-1.74991,143.795,6.91624e+24
20230101T000002,6,236,3250.56,-1642.98,-633.779,0,0,0,4880.4,8261.23,3286.57,17049.3,-1661.18,21226.7,9.72951e+14
20230101T000002,6,237,10828.4,-5029.39,-386.652,0,0,0,40721,87020.9,6697.05,187662,-3110.53,228080,2.6043e+15
20230101T000002,6,238,8662.19,-5257.96,2370.8,0,0,0,50850,68856.8,-32845.9,122491,19937.5,164291,8.50945e+14
20230101T000002,6,239,6732.24,-1212.37,-1339.27,0,0,0,5191.11,12547.8,14414.2,72609,-2595.76,74871,1.16404e+15
20230101T000002,6,240,4157.13,-2304.28,152.945,0,0,0,8573.09,15283.8,-1015.5,27674.6,562.889,36146.4,6.11967e+14
20230101T000002,6,241,4955.77,-2523.54,-307.995,0,0,0,10360.4,19922.5,2439.02,39339.8,-1241.98,49484.8,3.49924e+14
20230101T000002,6,242,1912.27,120.869,-227.381,0,0,0,168.629,-360.634,688.229,5851.43,43.5009,5875.11,3.43032e+15
20230101T000002,6,243,5870.5,-703.07,-1118.82,0,0,0,2826.28,6360.04,10497.2,55169.7,-1257.18,55933.6,2.92103e+15
20230101T000002,6,244,6719.85,-1393.61,-1219.84,0,0,0,5449.55,14498,13104.6,72350.9,-2717.73,75359.6,1.11486e+15
20230101T000002,6,245,8703.65,3528.37,-317.728,0,0,0,20112.7,-49057.1,4422.63,121237,1792.89,141125,3.80382e+14
20230101T000002,6,246,863.56,963.587,-33.8052,0,0,0,1514.9,-1298.69,45.5933,1229.66,50.8744,2678.82,1.55466e+15
20230101T000002,6,247,3712.51,2286.36,-870.306,0,0,0,9287.15,-13012.4,5159.17,22402.5,3177.28,30418.7,1.02645e+15
20230101T000002,6,248,6415.94,8520.55,-1878.49,0,0,0,118225,-84724.8,19277.1,69505.5,25600.6,182024,1.09387e+15
20230101T000002,3,217,1725.22,-1504.58,-383.751,0,0,0,2500,0,0,2500,0,2500,0
20230101T000002,3,218,8134.75,-6266.48,1690.42,0,0,0,2500,0,0,2500,0,2500,0
20230101T000002,3,219,229.55,-192.697,-10.2227,0,0,0,2500,0,0,2500,0,2500,0
20230101T000002,3,220,3250.56,-1642.98,-633.779,0,0,0,2500,0,0,2500,0,2500,0
20230101T000002,3,221,10828.4,-5029.39,-386.652,0,0,0,2500,0,0,2500,0,2500,0
20230101T000002,3,222,8662.19,-5257.96,2370.8,0,0,0,2500,0,0,2500,0,2500,0
20230101T000002,3,223,6732.24,-1212.37,-1339.27,0,0,0,2500,0,0,2500,0,2500,0
20230101T000002,3,224,4157.13,-2304.28,152.945,0,0,0,2500,0,0,2500,0,2500,0
20230101T000002,3,225,4955.77,-2523.54,-307.995,0,0,0,2500,0,0,2500,0,2500,0
20230101T000002,3,226,1912.27,120.869,-227.381,0,0,0,2500,0,0,2500,0,2500,0
20230101T000002,3,227,5870.5,-703.07,-1118.82,0,0,0,2500,0,0,2500,0,2500,0
20230101T000002,3,228,6719.85,-1393.61,-1219.84,0,0,0,2500,0,0,2500,0,2500,0
20230101T000002,3,229,8703.65,3528.37,-317.728,0,0,0,2500,0,0,2500,0,2500,0
20230101T000002,3,230,863.56,963.587,-33.8052,0,0,0,2500,0,0,2500,0,2500,0
20230101T000002,3,231,3712.51,2286.36,-870.306,0,0,0,2500,0,0,2500,0,2500,0
20230101T000002,3,232,6415.94,8520.55,-1878.49,0,0,0,2500,0,0,2500,0,2500,0
20230101T000002.100000,6,249,1533.02,-2139.53,-617.268,0,0,0,7551.55,4930.56,1505.77,4203.15,-2101.5,11087.7,9.71247e+14
20230101T000002.100000,6,250,944.554,-243.973,55.9908,0,0,0,159.739,352.053,-81.0733,1431.8,20.9408,1522.94,1.12545e+15
20230101T000002.100000,6,251,4461.04,-12.7692,107.998,0,0,0,82.8845,90.906,-769.306,31841.3,2.20206,31841.6,4.52142e+14
20230101T000002.100000,6,252,8816.5,86.8652,421.662,0,0,0,360.372,-1221.92,-5945.08,124369,-58.5744,124381,2.96716e+14
20230101T000002.100000,6,253,6469.6,2826.48,-1404.39,0,0,0,15484,-28077.7,14526.1,67484.9,6346.26,79754,1.0119e+15
20230101T000002.100000,6,254,6453.62,1642.01,490.269,0,0,0,4734.92,-16848,-5057.87,66665.9,-1286.89,70952.9,8.34076e+14
20230101T000002.100000,6,255,5977.46,8873.09,-161.41,0,0,0,126004,-84812.6,1543.18,57240.7,2290.73,183139,9.0806e+14
20230101T000002.100000,6,256,192.065,226.521,41.7396,0,0,0,109.513,-37.278,-7.12234,97.1554,-8.40008,142.361,5.64585e+25
20230101T000002.100000,4,201,962.849,-189.924,34.5992,6.19508,-27.6554,10.2063,70.3764,82.4133,2.28828,928.967,-0.217657,936.804,0
20230101T000002.100000,3,233,1533.02,-2139.53,-617.268,0,0,0,2500,0,0,2500,0,2500,0
20230101T000002.100000,3,234,4461.04,-12.7692,107.998,0,0,0,2500,0,0,2500,0,2500,0
20230101T000002.100000,3,235,8816.5,86.8652,421.662,0,0,0,2500,0,0,2500,0,2500,0
20230101T000002.100000,3,236,6469.6,2826.48,-1404.39,0,0,0,2500,0,0,2500,0,2500,0
20230101T000002.100000,3,237,6453.62,1642.01,490.269,0,0,0,2500,0,0,2500,0,2500,0
20230101T000002.100000,3,238,5977.46,8873.09,-161.41,0,0,0,2500,0,0,2500,0,2500,0
20230101T000002.100000,3,239,192.065,226.521,41.7396,0,0,0,2500,0,0,2500,0,2500,0
20230101T000002.200000,6,257,5638.65,-6706.28,362.809,0,0,0,72072.4,60367.7,-3271.5,51031.7,3890.93,122830,2.95726e+15
20230101T000002.200000,6,258,9121.25,-4812.71,-2528.32,0,0,0,45107.2,65990.4,36885.2,135356,-19462,170179,3.90992e+14
20230101T000002.200000,6,259,6660.12,-1842.27,395.731,0,0,0,5722.33,19550.8,-4213.46,70993.9,1165.49,76402.1,1.35736e+15
20230101T000002.200000,6,260,6711.35,1697.31,878.046,0,0,0,5827.96,-17917.8,-9420.85,72145.5,-2382.54,76678,3.26148e+15
20230101T000002.200000,6,261,5955.94,2114.65,623.201,0,0,0,7762.94,-19935.7,-5932.9,56833.7,-2106.47,63912.5,4.68764e+15
20230101T000002.200000,6,262,228.812,188.955,43.2725,0,0,0,96.1661,-36.9367,-8.79573,110.391,-7.26359,142.227,2.54262e+26
20230101T000002.200000,6,263,6031.09,6016.52,-1537.32,0,0,0,59844,-56136.2,14826.9,60115.5,14791,116118,3.35452e+15
20230101T000002.200000,6,264,4506.23,6818.83,-660.527,0,0,0,74625.8,-48813.2,4759.54,33019.9,7202.14,106884,4.65791e+15
20230101T000002.200000,6,265,5333.98,7646.9,89.8883,0,0,0,93585.4,-65225.5,-766.787,45574,-1099.28,139082,1.47148e+15
20230101T000002.200000,4,239,229.946,194.11,43.1904,3.75059,-3.20903,0.143643,104.456,-34.4328,-6.57173,93.0413,-7.75069,134.721,0
20230101T000002.200000,3,240,5638.65,-6706.28,362.809,0,0,0,2500,0,0,2500,0,2500,0
20230101T000002.200000,3,241,9121.25,-4812.71,-2528.32,0,0,0,2500,0,0,2500,0,2500,0
20230101T000002.200000,3,242,6660.12,-1842.27,395.731,0,0,0,2500,0,0,2500,0,2500,0
20230101T000002.200000,3,243,6711.35,1697.31,878.046,0,0,0,2500,0,0,2500,0,2500,0
20230101T000002.200000,3,244,5955.94,2114.65,623.201,0,0,0,2500,0,0,2500,0,2500,0
20230101T000002.200000,3,245,6031.09,6016.52,-1537.32,0,0,0,2500,0,0,2500,0,2500,0
20230101T000002.200000,3,246,4506.23,6818.83,-660.527,0,0,0,2500,0,0,2500,0,2500,0
20230101T000002.200000,3,247,5333.98,7646.9,89.8883,0,0,0,2500,0,0,2500,0,2500,0
20230101T000002.300000,6,266,10780.7,-5465.87,-2208.12,0,0,0,54056.4,91109.7,38078,187565,-19305.8,233760,3.23057e+15
20230101T000002.300000,6,267,9623.09,-4081.4,240.593,0,0,0,26785.2,62784.8,-3703.04,148190,1570.55,174819,5.80617e+14
20230101T000002.300000,6,268,7807.04,-4959.84,-1109.14,0,0,0,40807.3,61035.2,13848.1,98104,-8797.76,136881,1.53893e+15
20230101T000002.300000,6,269,257.249,147.895,43.384,0,0,0,84.3548,-32.4969,-9.91444,122.197,-5.69991,142.219,2.06789e+26
20230101T000002.300000,6,270,1746.16,1887.96,88.3645,0,0,0,5738.27,-5236.6,-245.387,4919.72,-265.314,10581.6,6.30344e+14
20230101T000002.300000,6,271,536.632,601.806,-9.79135,0,0,0,607.884,-484.855,7.8898,496.491,8.84801,1040.24,1.79839e+15
20230101T000002.300000,3,248,10780.7,-5465.87,-2208.12,0,0,0,2500,0,0,2500,0,2500,0
20230101T000002.300000,3,249,9623.09,-4081.4,240.593,0,0,0,2500,0,0,2500,0,2500,0
20230101T000002.300000,3,250,7807.04,-4959.84,-1109.14,0,0,0,2500,0,0,2500,0,2500,0
20230101T000002.300000,3,251,257.249,147.895,43.384,0,0,0,2500,0,0,2500,0,2500,0
20230101T000002.300000,3,252,1746.16,1887.96,88.3645,0,0,0,2500,0,0,2500,0,2500,0
20230101T000002.300000,3,253,536.632,601.806,-9.79135,0,0,0,2500,0,0,2500,0,2500,0
20230101T000002.400000,6,272,1164.2,-948.593,-99.0768,0,0,0,1487.46,1728.06,181.293,2200.26,-147.718,3608.57,3.97594e+15
20230101T000002.400000,6,273,3677.9,-3200.47,1108.17,0,0,0,17541.6,17830.5,-6510.73,22516,5665.57,38035.1,4.73072e+14
20230101T000002.400000,6,274,10802.7,-3718.28,-2820.4,0,0,0,33554.2,60332.6,48734.6,188072,-16774.4,208842,3.66245e+15
20230101T000002.400000,6,275,9836.05,-2035.12,639.828,0,0,0,7315.97,31885.4,-10065.4,154826,2082.58,161424,1.0549e+15
20230101T000002.400000,6,276,7671.15,-359.038,338.013,0,0,0,452.395,4395.26,-4145.91,94155.1,194.044,94360.9,8.36392e+14
20230101T000002.400000,6,277,6054.43,449.179,1244.94,0,0,0,2850.14,-4163.73,-12047.3,58663.6,-893.791,58975.1,1.32834e+15
20230101T000002.400000,6,278,5434.89,-391.82,-888.479,0,0,0,1564.16,3312.14,7715.91,47267.6,-556.267,47508.1,6.30556e+14
20230101T000002.400000,6,279,6606.75,-1110.25,1009.17,0,0,0,3617.81,11459.7,-10658.4,69885.1,1791.12,71812.3,9.41122e+14
20230101T000002.400000,6,280,6953.5,1399.33,-1320.03,0,0,0,5871.87,-15017.2,14674.8,77472.8,2953.16,80497,8.78302e+14
20230101T000002.400000,6,281,4754.45,-720.256,-585.741,0,0,0,1428.31,5388.44,4448.21,36181.4,-673.863,36998.6,2.53936e+15
20230101T000002.400000,6,282,10092.6,2300.47,-797.622,0,0,0,9495.57,-36914,12875.3,163030,2934.76,171445,1.99371e+15
20230101T000002.400000,6,283,279.231,100.839,42.267,0,0,0,74.2898,-24.0989,-10.4839,132.319,-3.78605,142.293,2.57532e+26
20230101T000002.400000,6,284,2671.62,2095.78,-83.8597,0,0,0,7074.23,-8922.09,357.224,11448.8,280.227,18447.8,1.90476e+15
20230101T000002.400000,6,285,4511.92,4478.14,160.431,0,0,0,32138.9,-32275.4,-1157.01,32624,-1148.35,64657.8,4.86307e+15
20230101T000002.400000,6,286,4001.27,3509.92,-177.311,0,0,0,19775.8,-22414,1133.55,25665.9,994.353,45327.6,7.00601e+14
20230101T000002.400000,4,251,281.916,105.275,42.3274,2.4423,-4.21979,-0.104611,81.2192,-30.0194,-9.14804,116.177,-5.2593,134.591,0
20230101T000002.400000,3,254,1164.2,-948.593,-99.0768,0,0,0,2500,0,0,2500,0,2500,0
20230101T000002.400000,3,255,3677.9,-3200.47,1108.17,0,0,0,2500,0,0,2500,0,2500,0
20230101T000002.400000,3,256,10802.7,-3718.28,-2820.4,0,0,0,2500,0,0,2500,0,2500,0
20230101T000002.400000,3,257,9836.05,-2035.12,639.828,0,0,0,2500,0,0,2500,0,2500,0
20230101T000002.400000,3,258,7671.15,-359.038,338.013,0,0,0,2500,0,0,2500,0,2500,0
20230101T000002.400000,3,259,6054.43,449.179,1244.94,0,0,0,2500,0,0,2500,0,2500,0
20230101T000002.400000,3,260,5434.88,-391.82,-888.479,0,0,0,2500,0,0,2500,0,2500,0
20230101T000002.400000,3,261,6606.75,-1110.25,1009.17,0,0,0,2500,0,0,2500,0,2500,0
20230101T000002.400000,3,262,6953.5,1399.33,-1320.03,0,0,0,2500,0,0,2500,0,2500,0
20230101T000002.400000,3,263,4754.45,-720.256,-585.741,0,0,0,2500,0,0,2500,0,2500,0
20230101T000002.400000,3,264,10092.6,2300.47,-797.622,0,0,0,2500,0,0,2500,0,2500,0
20230101T000002.400000,3,265,2671.62,2095.78,-83.8597,0,0,0,2500,0,0,2500,0,2500,0
20230101T000002.400000,3,266,4511.92,4478.14,160.431,0,0,0,2500,0,0,2500,0,2500,0
20230101T000002.400000,3,267,4001.27,3509.92,-177.311,0,0,0,2500,0,0,2500,0,2500,0
20230101T000002.500000,6,287,2035.1,-1805.31,595.742,0,0,0,5566.61,5566.17,-1929.83,6903.57,1711.93,11844.2,7.03235e+14
20230101T000002.500000,6,288,3589.78,-4805.9,480.894,0,0,0,37109.9,27395.5,-2759.03,20896.7,3693.72,57573.4,3.59239e+15
20230101T000002.500000,6,289,2874.16,-1633.71,14.1073,0,0,0,4319.04,7485.25,-64.6371,13233,36.7406,17487.7,7.66555e+14
20230101T000002.500000,6,290,2180.49,-947.89,26.4337,0,0,0,1492.35,3283.17,-91.5688,7617.58,39.8063,9044.83,3.29093e+14
20230101T000002.500000,6,291,3392.16,-1606.48,-659.985,0,0,0,4749.19,8425.49,3572.18,18549.9,-1691.73,22542,9.75731e+14
20230101T000002.500000,6,292,8639.03,-4731.38,1162.4,0,0,0,37529.1,64461.9,-16060.7,119926,8796.05,155231,8.4169e+14
20230101T000002.500000,6,293,292.4,50.8268,43.1511,0,0,0,67.8621,-12.7011,-11.2098,138.722,-1.94855,142.255,6.77971e+25
20230101T000002.500000,6,294,3112.3,1097.43,764.402,0,0,0,2812.51,-5152.61,-3793.2,15608.3,-1337.53,17428.5,4.52279e+14
20230101T000002.500000,6,295,3481.81,4745.96,-829.771,0,0,0,36446.1,-25884,4617.34,20153.8,6293.77,55436.8,8.26328e+14
20230101T000002.500000,3,268,2035.1,-1805.31,595.742,0,0,0,2500,0,0,2500,0,2500,0
20230101T000002.500000,3,269,3589.78,-4805.9,480.894,0,0,0,2500,0,0,2500,0,2500,0
20230101T000002.500000,3,270,2874.16,-1633.71,14.1073,0,0,0,2500,0,0,2500,0,2500,0
20230101T000002.500000,3,271,2180.49,-947.89,26.4337,0,0,0,2500,0,0,2500,0,2500,0
20230101T000002.500000,3,272,3392.16,-1606.48,-659.985,0,0,0,2500,0,0,2500,0,2500,0
20230101T000002.500000,3,273,8639.03,-4731.38,1162.4,0,0,0,2500,0,0,2500,0,2500,0
20230101T000002.500000,3,274,292.4,50.8268,43.1511,0,0,0,2500,0,0,2500,0,2500,0
20230101T000002.500000,3,275,3112.3,1097.43,764.402,0,0,0,2500,0,0,2500,0,2500,0
20230101T000002.500000,3,276,3481.81,4745.96,-829.771,0,0,0,2500,0,0,2500,0,2500,0
20230101T000002.600000,6,296,2108.07,-1459.2,84.6672,0,0,0,3457.8,4886.47,-283.839,7134.77,196.473,10517.2,1.70267e+15
20230101T000002.600000,6,297,4803.85,-5483.46,-1278.74,0,0,0,49272.4,40819.2,9821.38,38438.4,-11210.9,85034.4,2.94397e+15
20230101T000002.600000,6,298,5542.56,-1001.73,-170.912,0,0,0,1712.73,8864.11,1513.75,49155.5,-273.588,50757.6,7.79821e+14
20230101T000002.600000,6,299,9324.2,-1794.57,779.944,0,0,0,6152.62,26580.3,-11630.6,139142,2238.48,144258,8.44468e+14
20230101T000002.600000,6,300,4341.47,814.888,-738.837,0,0,0,1966.29,-5490.85,5121.99,30189.2,961.39,31221.6,5.13754e+14
20230101T000002.600000,6,301,296.943,-0.190312,41.7551,0,0,0,65.5487,0.0484085,-11.0133,141.08,0.00705844,142.321,9.20173e+25
20230101T000002.600000,6,302,2918.37,1121.96,43.7144,0,0,0,2072.47,-5216.39,-203.284,13635.6,-78.152,15641.1,6.0035e+14
20230101T000002.600000,6,303,9204.47,4319.95,471.79,0,0,0,30203.4,-63459.1,-6945.44,135631,-3259.72,165415,4.8947e+14
20230101T000002.600000,6,304,6914.29,2419.12,-224,0,0,0,9491.92,-26717.5,2476.24,76507.6,866.367,85855.4,4.71278e+14
20230101T000002.600000,6,305,7892.16,8392.65,2049.47,0,0,0,115882,-102593,-25872.1,103258,-27512.8,212359,2.26723e+15
20230101T000002.600000,6,306,676.684,549.739,165.196,0,0,0,547.063,-543.595,-169.77,774.566,-137.922,1218.4,4.49185e+15
20230101T000002.600000,6,307,6819.84,5810.55,638.14,0,0,0,54434.4,-63050.2,-6959.77,74717.1,-5929.77,128437,2.44086e+15
20230101T000002.600000,4,274,300.866,3.01163,41.8304,0.838184,-4.73418,-0.13076,65.9838,-11.7326,-10.3432,131.44,-1.79792,134.623,0
20230101T000002.600000,3,277,2108.07,-1459.2,84.6672,0,0,0,2500,0,0,2500,0,2500,0
20230101T000002.600000,3,278,4803.85,-5483.46,-1278.74,0,0,0,2500,0,0,2500,0,2500,0
20230101T000002.600000,3,279,5542.56,-1001.73,-170.912,0,0,0,2500,0,0,2500,0,2500,0
20230101T000002.600000,3,280,9324.2,-1794.57,779.944,0,0,0,2500,0,0,2500,0,2500,0
20230101T000002.600000,3,281,4341.47,814.888,-738.837,0,0,0,2500,0,0,2500,0,2500,0
20230101T000002.600000,3,282,2918.37,1121.96,43.7144,0,0,0,2500,0,0,2500,0,2500,0
20230101T000002.600000,3,283,9204.47,4319.95,471.79,0,0,0,2500,0,0,2500,0,2500,0
20230101T000002.600000,3,284,6914.29,2419.12,-224,0,0,0,2500,0,0,2500,0,2500,0
20230101T000002.600000,3,285,7892.16,8392.65,2049.47,0,0,0,2500,0,0,2500,0,2500,0
20230101T000002.600000,3,286,676.684,549.739,165.196,0,0,0,2500,0,0,2500,0,2500,0
20230101T000002.600000,3,287,6819.84,5810.55,638.14,0,0,0,2500,0,0,2500,0,2500,0
20230101T000002.700000,6,308,1025.79,-772.746,77.1271,0,0,0,1002.17,1233.05,-123.527,1710.11,93.0552,2639.23,5.66176e+14
20230101T000002.700000,6,309,10740.7,-5027.99,-1364.98,0,0,0,42946.1,85237.9,23450.9,185128,-10977.9,225031,7.20048e+14
20230101T000002.700000,6,310,3767.3,-2200.08,610.52,0,0,0,8236.08,12974.3,-3672.43,22875.7,2144.68,30453.8,3.11176e+15
20230101T000002.700000,6,311,4990.69,-2183.89,61.1191,0,0,0,7689.73,17412.9,-487.385,39862.5,213.276,47482.3,4.33613e+15
20230101T000002.700000,6,312,292.456,-51.3422,41.7905,0,0,0,67.809,12.8607,-10.8555,138.809,1.90574,142.31,1.04441e+26
20230101T000002.700000,6,313,8294.24,1284.28,-1129.32,0,0,0,4693.17,-16725.3,14978.6,110120,2319.28,112711,6.73494e+14
20230101T000002.700000,3,288,1025.79,-772.746,77.1271,0,0,0,2500,0,0,2500,0,2500,0
20230101T000002.700000,3,289,10740.7,-5027.99,-1364.98,0,0,0,2500,0,0,2500,0,2500,0
20230101T000002.700000,3,290,3767.3,-2200.08,610.52,0,0,0,2500,0,0,2500,0,2500,0
20230101T000002.700000,3,291,4990.69,-2183.89,61.1191,0,0,0,2500,0,0,2500,0,2500,0
20230101T000002.700000,3,292,292.456,-51.3422,41.7905,0,0,0,2500,0,0,2500,0,2500,0
20230101T000002.700000,3,293,8294.24,1284.28,-1129.32,0,0,0,2500,0,0,2500,0,2500,0
20230101T000002.800000,6,314,1616.62,-681.657,-362.24,0,0,0,973.822,1666.03,925.287,4222.48,-390.153,4927.59,1.19419e+15
20230101T000002.800000,6,315,279.307,-100.949,41.4412,0,0,0,74.2601,24.167,-10.2815,132.391,3.71602,142.348,3.71963e+25
20230101T000002.800000,6,316,9007.23,-4867.87,-1267.72,0,0,0,39952.8,69051.7,18263,130404,-9870.08,167723,3.15221e+15
20230101T000002.800000,6,317,3702.52,142.064,27.3772,0,0,0,97.3914,-839.095,-161.711,21934,-6.20478,21966.2,3.03257e+15
20230101T000002.800000,6,318,8227.93,-1115.17,-926.711,0,0,0,3401.11,14489.5,12192.9,108344,-1652.55,110309,5.44812e+14
20230101T000002.800000,4,292,284.101,-99.2798,41.4602,-0.827287,-4.74631,-0.0327099,65.9347,11.8794,-10.0165,131.517,1.75844,134.675,0
20230101T000002.800000,3,294,1616.62,-681.657,-362.24,0,0,0,2500,0,0,2500,0,2500,0
20230101T000002.800000,3,295,9007.23,-4867.87,-1267.72,0,0,0,2500,0,0,2500,0,2500,0
20230101T000002.800000,3,296,3702.52,142.064,27.3772,0,0,0,2500,0,0,2500,0,2500,0
20230101T000002.800000,3,297,8227.93,-1115.17,-926.711,0,0,0,2500,0,0,2500,0,2500,0
20230101T000002.900000,6,319,6168.88,-5965.28,-152.664,0,0,0,56987.7,58828,1506.01,60937.1,-1456.3,117824,4.53824e+14
20230101T000002.900000,6,320,6166.75,-6792.55,-218.288,0,0,0,73885.3,66950.9,2152.78,60922.9,-2371.25,134668,1.48171e+15
20230101T000002.900000,6,321,5424.44,-3933.06,-1108.03,0,0,0,26078.6,33172.3,9608.33,47777.5,-6966.65,71831.2,1.15151e+15
20230101T000002.900000,6,322,4667.07,-4286.17,-544.86,0,0,0,29686.2,31737.9,4064.62,35096.9,-3732.89,64245,2.26333e+15
20230101T000002.900000,6,323,257.096,-148.55,42.2089,0,0,0,84.4755,32.6975,-9.64148,122.173,5.57084,142.333,4.05402e+23
20230101T000002.900000,6,324,7217.06,-1709.67,177,0,0,0,4784.8,19716.5,-2042.38,83343.6,483.827,88014.4,4.99674e+15
20230101T000002.900000,6,325,8833.34,-1732.47,-485.513,0,0,0,5226.96,24402.3,6858.55,124861,-1345.16,129647,2.63339e+15
20230101T000002.900000,6,326,10901.9,1939.09,-1816.8,0,0,0,11195.8,-32902.2,31680.5,190326,5634.91,196179,5.49995e+14
20230101T000002.900000,6,327,8958.32,-914.916,-410.352,0,0,0,1669.16,13080.1,5878.8,128406,-600.404,129742,2.79212e+15
20230101T000002.900000,6,328,7356.14,4086.49,-1087.66,0,0,0,28213.6,-47267.1,12794.4,87041.7,7107.58,113301,6.96279e+14
20230101T000002.900000,6,329,5162.03,1274.1,-27.1755,0,0,0,2658.75,-10507.9,224.131,42638.2,55.3203,45231.7,4.09651e+15
20230101T000002.900000,6,330,7695.98,8813.81,1162.63,0,0,0,125256,-107427,-14312,96028,-16390.8,219059,7.11122e+15
20230101T000002.900000,4,285,7927.21,8437.78,2048.35,9.64476,12.4192,-0.310374,1495.04,-1271.24,-310.564,1338.61,-330.258,2610.87,0
20230101T000002.900000,3,298,6168.88,-5965.28,-152.664,0,0,0,2500,0,0,2500,0,2500,0
20230101T000002.900000,3,299,6166.75,-6792.55,-218.288,0,0,0,2500,0,0,2500,0,2500,0
20230101T000002.900000,3,300,5424.44,-3933.06,-1108.03,0,0,0,2500,0,0,2500,0,2500,0
20230101T000002.900000,3,301,4667.07,-4286.17,-544.86,0,0,0,2500,0,0,2500,0,2500,0
20230101T000002.900000,3,302,257.096,-148.55,42.2089,0,0,0,2500,0,0,2500,0,2500,0
20230101T000002.900000,3,303,7217.06,-1709.67,177,0,0,0,2500,0,0,2500,0,2500,0
20230101T000002.900000,3,304,8833.34,-1732.47,-485.513,0,0,0,2500,0,0,2500,0,2500,0
20230101T000002.900000,3,305,10901.9,1939.09,-1816.8,0,0,0,2500,0,0,2500,0,2500,0
20230101T000002.900000,3,306,8958.32,-914.916,-410.352,0,0,0,2500,0,0,2500,0,2500,0
20230101T000002.900000,3,307,7356.14,4086.49,-1087.66,0,0,0,2500,0,0,2500,0,2500,0
20230101T000002.900000,3,308,5162.03,1274.1,-27.1755,0,0,0,2500,0,0,2500,0,2500,0
20230101T000003,6,331,6159.33,-9142.53,-2342.52,0,0,0,136498,86002.2,23078.1,66780.9,-34255.8,194440,1.02847e+15
20230101T000003,6,332,227.98,-190.145,42.5623,0,0,0,96.5416,37.087,-8.62074,110.076,7.19006,142.297,1.82714e+25
20230101T000003,6,333,6028.05,-4810.6,697.553,0,0,0,37541.4,45987.1,-6723.32,58467.4,5365.45,95167.2,1.63475e+15
20230101T000003,6,334,5188.99,-3986.04,-1410.47,0,0,0,27461.9,31526.3,11699.8,44284.9,-8987.48,68505.3,1.10443e+15
20230101T000003,6,335,1032.7,-352.274,-8.17762,0,0,0,255.977,562.482,13.0581,1713.03,-4.45437,1904.91,5.36068e+14
20230101T000003,6,336,3257.64,-791.59,-128.909,0,0,0,1088.03,4105.18,669.517,16984.6,-162.689,17982.2,7.13615e+14
20230101T000003,6,337,10713.2,-5033.96,263.831,0,0,0,40688.8,86220.4,-4521.07,183669,2124.37,224182,3.78629e+14
20230101T000003,6,338,5943.41,-2909.67,-1006.56,0,0,0,14904.1,27004.5,9563.34,56844.1,-4681.86,70066,1.09184e+15
20230101T000003,6,339,5422.21,1100.8,-880.073,0,0,0,3188.95,-9296.22,7625.38,47092.1,1548.08,48981,7.07557e+14
20230101T000003,6,340,5507.6,2767.67,-323.623,0,0,0,12440.7,-24296.3,2848.82,48580.5,1431.59,60790,5.8654e+14
20230101T000003,6,341,6025.44,7910.89,-524.316,0,0,0,100316,-76023.7,5052.73,58408.1,6633.81,158221,1.63242e+15
20230101T000003,6,342,7357.04,5604.49,881.42,0,0,0,51083.2,-65342.2,-10370.6,87081.5,-7900.19,136859,1.55156e+15
20230101T000003,4,300,5343.18,-3881.92,-1103.21,-8.045,5.06286,0.476627,922.912,1099.44,310.032,1642.09,-224.793,2378.13,0
20230101T000003,4,302,232.958,-190.213,42.5433,-2.38994,-4.12503,0.0331098,81.3295,30.2026,-8.8961,116.15,5.14016,134.695,0
20230101T000003,3,309,6159.33,-9142.53,-2342.52,0,0,0,2500,0,0,2500,0,2500,0
20230101T000003,3,310,6028.05,-4810.6,697.553,0,0,0,2500,0,0,2500,0,2500,0
20230101T000003,3,311,1032.7,-352.274,-8.17762,0,0,0,2500,0,0,2500,0,2500,0
20230101T000003,3,312,3257.64,-791.59,-128.909,0,0,0,2500,0,0,2500,0,2500,0
20230101T000003,3,313,10713.2,-5033.96,263.831,0,0,0,2500,0,0,2500,0,2500,0
20230101T000003,3,314,5943.41,-2909.67,-1006.56,0,0,0,2500,0,0,2500,0,2500,0
20230101T000003,3,315,5422.21,1100.8,-880.074,0,0,0,2500,0,0,2500,0,2500,0
20230101T000003,3,316,5507.6,2767.67,-323.623,0,0,0,2500,0,0,2500,0,2500,0
20230101T000003,3,317,6025.44,7910.89,-524.316,0,0,0,2500,0,0,2500,0,2500,0
20230101T000003,3,318,7357.04,5604.49,881.42,0,0,0,2500,0,0,2500,0,2500,0
20230101T000003.100000,6,343,4078.4,-1415.67,835.467,0,0,0,4258.37,8872.8,-5440.52,26740.1,1888.48,29822.3,6.50189e+14
20230101T000003.100000,6,344,9323.86,-5388.82,-1954.29,0,0,0,51090.1,77717,29144.7,140641,-16844.5,185560,6.58704e+15
20230101T000003.100000,6,345,9932.11,-1006.04,1280.66,0,0,0,4279.2,15717.9,-20343.4,157862,2060.61,159455,7.20352e+14
20230101T000003.100000,6,346,7756.75,-1017.65,540.617,0,0,0,2179.3,12561.3,-6705.13,96276.5,879.679,97924.8,3.31506e+15
20230101T000003.100000,6,347,2159.81,1167.75,138.383,0,0,0,2254.91,-3995.9,-475.048,7485.03,-256.846,9645.7,5.85275e+14
20230101T000003.100000,6,348,11168.5,5541.94,630.339,0,0,0,49702.3,-98753.4,-11261,199713,-5587.85,248716,3.69618e+15
20230101T000003.100000,6,349,7107.87,2891.81,453.164,0,0,0,13716.8,-32750.5,-5150.16,80890.6,-2095.32,94215.3,5.02808e+14
20230101T000003.100000,6,350,1884.25,1576.42,-110.029,0,0,0,4025.1,-4711.61,329.52,5714.92,275.686,9656.91,5.79431e+14
20230101T000003.100000,6,351,1183.45,745.035,381.168,0,0,0,1097.27,-1279.07,-708.005,2323.76,-445.723,3133.42,1.12985e+15
20230101T000003.100000,6,352,312.663,375.523,-105.43,0,0,0,257.946,-149.044,44.3002,203.033,53.2065,384.888,5.31743e+24
20230101T000003.100000,6,353,5992.95,5684.53,-781.588,0,0,0,52250,-53987.7,7490.07,57957.7,7104.6,109167,2.50819e+15
20230101T000003.100000,3,319,4078.4,-1415.67,835.467,0,0,0,2500,0,0,2500,0,2500,0
20230101T000003.100000,3,320,9323.86,-5388.82,-1954.29,0,0,0,2500,0,0,2500,0,2500,0
20230101T000003.100000,3,321,9932.11,-1006.04,1280.66,0,0,0,2500,0,0,2500,0,2500,0
20230101T000003.100000,3,322,7756.75,-1017.65,540.617,0,0,0,2500,0,0,2500,0,2500,0
20230101T000003.100000,3,323,2159.81,1167.75,138.383,0,0,0,2500,0,0,2500,0,2500,0
20230101T000003.100000,3,324,11168.5,5541.94,630.339,0,0,0,2500,0,0,2500,0,2500,0
20230101T000003.100000,3,325,7107.87,2891.81,453.164,0,0,0,2500,0,0,2500,0,2500,0
20230101T000003.100000,3,326,1884.25,1576.42,-110.029,0,0,0,2500,0,0,2500,0,2500,0
20230101T000003.100000,3,327,1183.45,745.035,381.168,0,0,0,2500,0,0,2500,0,2500,0
20230101T000003.100000,3,328,312.663,375.523,-105.43,0,0,0,2500,0,0,2500,0,2500,0
20230101T000003.100000,3,329,5992.95,5684.53,-781.588,0,0,0,2500,0,0,2500,0,2500,0
20230101T000003.200000,6,354,1934.17,-2427.76,296.169,0,0,0,9509.56,7413.82,-912.776,6110.27,1145.71,15416.6,3.06929e+15
20230101T000003.200000,6,355,6874.53,-6959.27,522.505,0,0,0,77737.6,76296.5,-5744.77,75868.1,5815.58,153105,1.53218e+15
20230101T000003.200000,6,356,4916.64,-1664.86,-680.681,0,0,0,5156.31,12852.5,5346.85,38760.1,-1810.53,43113.3,2.32181e+15
20230101T000003.200000,6,357,1611.81,976.563,452.076,0,0,0,1809.34,-2346.71,-1153.44,4260.74,-698.847,5686.04,9.10282e+14
20230101T000003.200000,6,358,11127.2,3916.54,-1267.91,0,0,0,26887.8,-68902.8,22566.8,198393,7943.04,222647,2.23244e+15
20230101T000003.200000,6,359,6449.68,3360.95,1084.88,0,0,0,19603.8,-33885.9,-11187.1,66973,-5829.66,84632.5,3.84534e+15
20230101T000003.200000,6,360,5479.8,1854.1,581.23,0,0,0,6042.18,-16072.8,-5090.01,48107.2,-1722.22,53546.1,4.87212e+14
20230101T000003.200000,6,361,2553.58,566.897,-339.847,0,0,0,750.291,-2263.77,1380.54,10444.9,306.481,10948.5,7.63603e+15
20230101T000003.200000,6,362,4906.56,5694.98,-324.695,0,0,0,51991.5,-44593.4,2547.21,38652.3,2956.52,90411.4,7.63948e+14
20230101T000003.200000,6,363,377.728,310.521,-103.695,0,0,0,201.09,-149.184,52.6368,259.923,43.2713,385.317,4.63736e+23
20230101T000003.200000,4,328,374.307,324.57,-103.932,6.10337,-5.04479,0.148349,226.68,-126.294,37.2989,180.149,44.7977,332.592,0
20230101T000003.200000,3,330,1934.17,-2427.76,296.169,0,0,0,2500,0,0,2500,0,2500,0
20230101T000003.200000,3,331,6874.53,-6959.27,522.505,0,0,0,2500,0,0,2500,0,2500,0
20230101T000003.200000,3,332,4916.64,-1664.86,-680.681,0,0,0,2500,0,0,2500,0,2500,0
20230101T000003.200000,3,333,1611.81,976.563,452.076,0,0,0,2500,0,0,2500,0,2500,0
20230101T000003.200000,3,334,11127.2,3916.54,-1267.91,0,0,0,2500,0,0,2500,0,2500,0
20230101T000003.200000,3,335,6449.68,3360.95,1084.88,0,0,0,2500,0,0,2500,0,2500,0
20230101T000003.200000,3,336,5479.8,1854.1,581.23,0,0,0,2500,0,0,2500,0,2500,0
20230101T000003.200000,3,337,2553.58,566.897,-339.847,0,0,0,2500,0,0,2500,0,2500,0
20230101T000003.200000,3,338,4906.56,5694.98,-324.695,0,0,0,2500,0,0,2500,0,2500,0
20230101T000003.300000,6,364,6104.14,-6164.83,290.259,0,0,0,60906.5,60110.2,-2833.34,59717.2,2861.51,120425,8.03487e+14
20230101T000003.300000,6,365,5456.73,-4245,10.2762,0,0,0,28872.1,37031,-89.6443,47665.6,69.7378,76473.4,1.45963e+15
20230101T000003.300000,6,366,2229.73,-549.442,-34.4787,0,0,0,545.134,1944.87,122.072,7958.49,-30.0806,8437.75,5.48278e+15
20230101T000003.300000,6,367,5533.59,-2182.04,491.621,0,0,0,8007.73,19165.5,-4347.8,49053.6,1714.45,56611.5,1.2947e+15
20230101T000003.300000,6,368,8612.19,-3838.7,-108.313,0,0,0,23646,52864.6,1491.83,118685,-664.952,142249,2.88151e+14
20230101T000003.300000,6,369,7897.65,-4826.97,-1311.37,0,0,0,39328.3,59742.5,16563.2,100562,-10123.3,137077,6.46343e+15
20230101T000003.300000,6,370,3350.06,1309.15,132.127,0,0,0,2821.88,-6986.05,-706.026,17968.9,-275.904,20699,5.95053e+14
20230101T000003.300000,6,371,422.892,244.613,-105.775,0,0,0,154.958,-131.256,60.1129,305.954,34.7711,384.743,8.87436e+23
20230101T000003.300000,6,372,4959.46,6599.65,-631.662,0,0,0,69942,-52031.9,5009.4,39802.6,6666.11,109043,2.93485e+16
20230101T000003.300000,3,339,6104.14,-6164.83,290.259,0,0,0,2500,0,0,2500,0,2500,0
20230101T000003.300000,3,340,5456.73,-4245,10.2762,0,0,0,2500,0,0,2500,0,2500,0
20230101T000003.300000,3,341,2229.73,-549.442,-34.4787,0,0,0,2500,0,0,2500,0,2500,0
20230101T000003.300000,3,342,5533.59,-2182.04,491.621,0,0,0,2500,0,0,2500,0,2500,0
20230101T000003.300000,3,343,8612.19,-3838.7,-108.313,0,0,0,2500,0,0,2500,0,2500,0
20230101T000003.300000,3,344,7897.65,-4826.97,-1311.37,0,0,0,2500,0,0,2500,0,2500,0
20230101T000003.300000,3,345,3350.06,1309.15,132.127,0,0,0,2500,0,0,2500,0,2500,0
20230101T000003.300000,3,346,422.892,244.613,-105.775,0,0,0,2500,0,0,2500,0,2500,0
20230101T000003.300000,3,347,4959.46,6599.65,-631.662,0,0,0,2500,0,0,2500,0,2500,0
20230101T000003.400000,6,373,1611.88,-1150.99,470.465,0,0,0,2394.33,2772.28,-1201.62,4297.09,858.04,6280.12,5.18091e+14
20230101T000003.400000,6,374,552.51,-805.595,-24.3154,0,0,0,1059.14,681.884,20.5947,532.57,-30.0284,1526.84,9.96557e+14
20230101T000003.400000,6,375,4395.58,-4049.18,-84.102,0,0,0,26274.1,28440.1,590.82,30948.3,-544.261,57147.1,4.92906e+14
20230101T000003.400000,6,376,5094.19,-4344.92,-865.531,0,0,0,30935.7,34791.3,7048.5,42052.6,-6011.78,71727.7,1.69743e+15
20230101T000003.400000,6,377,2036.51,-588.101,-241.699,0,0,0,697.971,1874.53,780.638,6647.88,-225.431,7190.03,3.82794e+14
20230101T000003.400000,6,378,1060.45,-473.003,163.368,0,0,0,445.932,763.319,-269.125,1816.78,120.041,2158.49,8.76877e+14
20230101T000003.400000,6,379,9895.1,-5591.43,2378.94,0,0,0,56932.5,84619.9,-37652.5,158867,21276.3,206686,5.94464e+14
20230101T000003.400000,6,380,7613.7,-4043.78,1861.85,0,0,0,30537.2,46938,-22669.2,93983.3,12040.1,118916,6.88446e+15
20230101T000003.400000,6,381,4846.71,-2476.61,563.936,0,0,0,10267.5,18973.6,-4367.33,37703.3,2231.66,47399.3,6.63574e+15
20230101T000003.400000,6,382,6640.18,-1498.47,569.585,0,0,0,4147.08,15795.1,-6046.25,70575.5,1364.44,74140.3,2.40539e+15
20230101T000003.400000,6,383,2587.6,60.6769,100.786,0,0,0,86.0021,-249.334,-414.781,10713.1,-9.72625,10719.1,6.67058e+15
20230101T000003.400000,6,384,3458.92,-148.797,217.029,0,0,0,174.28,817.508,-1197.11,19142.9,51.4974,19178.3,9.40108e+14
20230101T000003.400000,6,385,5075.04,250.329,-13.5908,0,0,0,164.403,-2029.53,110.187,41209.8,5.43503,41309.9,4.52611e+14
20230101T000003.400000,6,386,9183.35,697.501,-670.211,0,0,0,1556.28,-10189.6,9843.03,134939,747.606,135713,7.74535e+14
20230101T000003.400000,6,387,11137.5,2939.27,-2441.8,0,0,0,22798.9,-50008.9,43500.3,199095,11480.1,212295,7.25386e+14
20230101T000003.400000,6,388,459.546,166.194,-105.173,0,0,0,113.936,-96.9753,64.9513,347.014,23.4895,384.918,1.02559e+24
20230101T000003.400000,6,389,7792.87,3858.96,-1072.35,0,0,0,25354.7,-47359,13363.7,97540.7,6617.57,120993,6.27285e+14
20230101T000003.400000,6,390,3744.82,3051.9,364.702,0,0,0,15068.7,-18150.7,-2181.46,22548.2,-1777.82,37340.8,2.32663e+15
20230101T000003.400000,4,346,460.684,179.507,-105.256,3.74186,-6.44615,0.051481,139.416,-111.229,50.6134,267.372,29.2763,332.474,0
20230101T000003.400000,3,348,1611.88,-1150.99,470.465,0,0,0,2500,0,0,2500,0,2500,0
20230101T000003.400000,3,349,552.51,-805.595,-24.3154,0,0,0,2500,0,0,2500,0,2500,0
20230101T000003.400000,3,350,4395.58,-4049.18,-84.102,0,0,0,2500,0,0,2500,0,2500,0
20230101T000003.400000,3,351,5094.19,-4344.92,-865.531,0,0,0,2500,0,0,2500,0,2500,0
20230101T000003.400000,3,352,2036.51,-588.101,-241.699,0,0,0,2500,0,0,2500,0,2500,0
20230101T000003.400000,3,353,1060.45,-473.003,163.368,0,0,0,2500,0,0,2500,0,2500,0
20230101T000003.400000,3,354,9895.1,-5591.43,2378.94,0,0,0,2500,0,0,2500,0,2500,0
20230101T000003.400000,3,355,7613.7,-4043.78,1861.85,0,0,0,2500,0,0,2500,0,2500,0
20230101T000003.400000,3,356,4846.7,-2476.61,563.936,0,0,0,2500,0,0,2500,0,2500,0
20230101T000003.400000,3,357,6640.18,-1498.47,569.585,0,0,0,2500,0,0,2500,0,2500,0
20230101T000003.400000,3,358,2587.6,60.6769,100.786,0,0,0,2500,0,0,2500,0,2500,0
20230101T000003.400000,3,359,3458.92,-148.797,217.029,0,0,0,2500,0,0,2500,0,2500,0
20230101T000003.400000,3,360,5075.04,250.329,-13.5908,0,0,0,2500,0,0,2500,0,2500,0
20230101T000003.400000,3,361,9183.35,697.501,-670.211,0,0,0,2500,0,0,2500,0,2500,0
20230101T000003.400000,3,362,11137.5,2939.27,-2441.8,0,0,0,2500,0,0,2500,0,2500,0
20230101T000003.400000,3,363,7792.87,3858.96,-1072.35,0,0,0,2500,0,0,2500,0,2500,0
20230101T000003.400000,3,364,3744.82,3051.9,364.702,0,0,0,2500,0,0,2500,0,2500,0
20230101T000003.500000,6,391,3163.09,-2812.99,-108.255,0,0,0,12706.9,14195.3,546.649,16044.7,-486.146,28668.9,3.85101e+14
20230101T000003.500000,6,392,9981.8,-3213.17,233.804,0,0,0,16656.3,51272.9,-3732.7,159432,1201.56,175937,8.68674e+15
20230101T000003.500000,6,393,4981.43,-2385.47,719.516,0,0,0,9829.72,18665.7,-5727.35,39869.6,2742.67,48809.1,7.35028e+14
20230101T000003.500000,6,394,4686.14,15.2356,347.284,0,0,0,256.989,-113.399,-2599.16,35135.9,-8.45036,35136.6,2.63695e+15
20230101T000003.500000,6,395,481.36,85.1321,-104.357,0,0,0,87.8458,-52.0813,67.5053,373.117,11.9388,385.117,1.19982e+23
20230101T000003.500000,6,396,8936.61,1775.73,-103.044,0,0,0,5123.08,-25375,1472.68,127784,292.625,132826,2.98986e+15
20230101T000003.500000,6,397,1105.84,517.743,31.6158,0,0,0,482.663,-890.89,-54.4394,1968.39,-25.488,2385.54,6.70732e+14
20230101T000003.500000,6,398,481.882,79.7197,-106.412,0,0,0,87.2756,-48.7086,68.9119,373.646,11.4004,384.604,1.11704e+23
20230101T000003.500000,6,399,8809.07,2000.18,313.088,0,0,0,6611.11,-28143.9,-4410.66,124170,-1001.48,130561,6.27041e+14
20230101T000003.500000,6,400,9119.29,2990.27,-1558.32,0,0,0,17871.2,-42461.9,22727.6,133442,7452.52,147367,9.55034e+14
20230101T000003.500000,6,401,1518.25,1677.27,79.2089,0,0,0,4534.47,-4037.61,-190.912,3728.77,-210.908,8189.36,6.11352e+14
20230101T000003.500000,6,402,5072.33,5447.38,-690.814,0,0,0,47862.3,-43796.9,5602.44,41608.5,6016.69,88644.4,6.92382e+14
20230101T000003.500000,6,403,6673.44,6511.38,-2389.16,0,0,0,72546.4,-64930.2,25499.3,75739.3,24880,139097,6.59618e+14
20230101T000003.500000,4,338,4881.55,5652.95,-333.475,-6.88198,-11.5671,-2.41665,1546.97,-1274.79,72.685,1165.64,84.3646,2640.61,0
20230101T000003.500000,4,356,4933.81,-2513.15,580.94,8.62461,-3.6175,1.68352,565.523,936.013,-213.254,1919,108.97,2373.77,0
20230101T000003.500000,3,365,3163.09,-2812.99,-108.255,0,0,0,2500,0,0,2500,0,2500,0
20230101T000003.500000,3,366,9981.8,-3213.17,233.804,0,0,0,2500,0,0,2500,0,2500,0
20230101T000003.500000,3,367,4686.14,15.2356,347.284,0,0,0,2500,0,0,2500,0,2500,0
20230101T000003.500000,3,368,481.36,85.1321,-104.357,0,0,0,2500,0,0,2500,0,2500,0
20230101T000003.500000,3,369,8936.61,1775.73,-103.044,0,0,0,2500,0,0,2500,0,2500,0
20230101T000003.500000,3,370,1105.84,517.743,31.6158,0,0,0,2500,0,0,2500,0,2500,0
20230101T000003.500000,3,371,481.882,79.7197,-106.412,0,0,0,2500,0,0,2500,0,2500,0
20230101T000003.500000,3,372,8809.07,2000.18,313.088,0,0,0,2500,0,0,2500,0,2500,0
20230101T000003.500000,3,373,9119.29,2990.27,-1558.32,0,0,0,2500,0,0,2500,0,2500,0
20230101T000003.500000,3,374,1518.25,1677.27,79.2089,0,0,0,2500,0,0,2500,0,2500,0
20230101T000003.500000,3,375,6673.44,6511.38,-2389.16,0,0,0,2500,0,0,2500,0,2500,0
20230101T000003.600000,6,404,7525.76,-6878.14,54.6435,0,0,0,75731.5,82786.9,-657.721,90650.7,601.121,166313,2.54374e+15
20230101T000003.600000,6,405,3557.35,-5357.2,171.985,0,0,0,45953.3,30440.6,-977.953,20324.8,1472.75,66166.9,8.36556e+15
20230101T000003.600000,6,406,4597.45,-5256.3,525.714,0,0,0,44425.2,38414.3,-3863.96,34105.1,4417.69,78024.8,3.81695e+14
20230101T000003.600000,6,407,8162.15,-1741.06,-1050.22,0,0,0,6598.23,22364.3,13707.5,106673,-2923.93,111444,3.87732e+15
20230101T000003.600000,6,408,4966.42,-3326.09,-987.876,0,0,0,18821.5,25679.3,7841.37,39967.3,-5251.49,57166.8,8.66573e+14
20230101T000003.600000,6,409,9432.8,-1875.65,1906.61,0,0,0,11283.2,27183.9,-28763.5,142588,5719.43,147996,7.93545e+15
20230101T000003.600000,6,410,12165.8,-1245.36,-658.287,0,0,0,3230.79,24164.6,12810.3,236818,-1311.34,239292,7.48282e+14
20230101T000003.600000,6,411,488.615,1.2262,-105.509,0,0,0,78.9621,-0.760471,69.281,381.991,0.173864,384.844,1.12122e+24
20230101T000003.600000,6,412,2216.21,2151.61,-581.949,0,0,0,7717.87,-7327.77,2055.2,8151.43,1995.3,15267.8,1.09123e+15
20230101T000003.600000,6,413,3851.54,5577.75,1317.92,0,0,0,50695.2,-33044.4,-8114.86,25658.6,-11751.8,73515.4,7.85297e+14
20230101T000003.600000,4,371,493.218,12.1667,-105.632,1.12245,-6.68843,0.0772172,82.0595,-41.2791,58.021,324.75,9.59865,332.354,0
20230101T000003.600000,3,376,7525.77,-6878.14,54.6435,0,0,0,2500,0,0,2500,0,2500,0
20230101T000003.600000,3,377,3557.35,-5357.2,171.985,0,0,0,2500,0,0,2500,0,2500,0
20230101T000003.600000,3,378,4597.45,-5256.3,525.714,0,0,0,2500,0,0,2500,0,2500,0
20230101T000003.600000,3,379,8162.15,-1741.06,-1050.22,0,0,0,2500,0,0,2500,0,2500,0
20230101T000003.600000,3,380,4966.42,-3326.09,-987.876,0,0,0,2500,0,0,2500,0,2500,0
20230101T000003.600000,3,381,9432.8,-1875.65,1906.61,0,0,0,2500,0,0,2500,0,2500,0
20230101T000003.600000,3,382,12165.8,-1245.36,-658.287,0,0,0,2500,0,0,2500,0,2500,0
20230101T000003.600000,3,383,2216.21,2151.61,-581.949,0,0,0,2500,0,0,2500,0,2500,0
20230101T000003.600000,3,384,3851.54,5577.75,1317.92,0,0,0,2500,0,0,2500,0,2500,0
20230101T000003.700000,6,414,7988.33,-7640.15,-1086.75,0,0,0,94415.1,96675.8,13885.5,103035,-13280.3,195497,4.08837e+14
20230101T000003.700000,6,415,2727.02,-2133.12,663.968,0,0,0,7756.23,8935.04,-2887.72,12189.8,2258.82,19181.2,4.93767e+15
20230101T000003.700000,6,416,6970.71,-9219.6,1976.17,0,0,0,138297,99791.6,-22034,81760.5,29142.6,213749,4.91612e+14
20230101T000003.700000,6,417,5976.75,-6771.01,-942.099,0,0,0,74004.1,64013.8,9004.73,57988.2,-10201.4,130510,3.79522e+15
20230101T000003.700000,6,418,5294.67,-3904.73,-99.5816,0,0,0,24446.8,33040.6,842.823,44881.8,-621.567,69248.7,4.60924e+14
20230101T000003.700000,6,419,4247.33,-1196.97,-1012.88,0,0,0,3869.42,7689.85,6869.85,28989,-1936.04,31159.3,5.53386e+15
20230101T000003.700000,6,420,480.929,-87.6606,-104.222,0,0,0,88.3647,53.5882,67.3575,372.596,-12.2775,385.146,1.50296e+23
20230101T000003.700000,6,421,5578.56,-2004.15,-73.8218,0,0,0,6491,17865.3,658.161,49800.8,-236.451,56219.1,5.54946e+14
20230101T000003.700000,6,422,8338.22,-5179.98,288.176,0,0,0,43073.6,69018.8,-3843.01,111296,2387.4,154173,7.19334e+14
20230101T000003.700000,6,423,5994.63,-2467.62,-1025.45,0,0,0,11234.7,23053.8,9826.36,57749.8,-4044.91,67241.2,4.98698e+14
20230101T000003.700000,6,424,3593.66,-141.026,442.311,0,0,0,407.311,796.142,-2535.47,20663.6,99.4995,20695.8,4.93496e+15
20230101T000003.700000,6,425,11524,-750.869,724.062,0,0,0,1800.85,13786.3,-13346.6,212489,869.621,213387,4.34339e+15
20230101T000003.700000,6,426,480.28,-88.6459,-106.692,0,0,0,89.2584,53.9658,68.8644,371.683,-12.7104,384.558,1.54839e+23
20230101T000003.700000,3,385,7988.33,-7640.15,-1086.75,0,0,0,2500,0,0,2500,0,2500,0
20230101T000003.700000,3,386,2727.02,-2133.12,663.968,0,0,0,2500,0,0,2500,0,2500,0
20230101T000003.700000,3,387,6970.71,-9219.6,1976.17,0,0,0,2500,0,0,2500,0,2500,0
20230101T000003.700000,3,388,5976.75,-6771.01,-942.099,0,0,0,2500,0,0,2500,0,2500,0
20230101T000003.700000,3,389,5294.67,-3904.73,-99.5816,0,0,0,2500,0,0,2500,0,2500,0
20230101T000003.700000,3,390,4247.33,-1196.97,-1012.88,0,0,0,2500,0,0,2500,0,2500,0
20230101T000003.700000,3,391,480.929,-87.6606,-104.222,0,0,0,2500,0,0,2500,0,2500,0
20230101T000003.700000,3,392,5578.56,-2004.15,-73.8218,0,0,0,2500,0,0,2500,0,2500,0
20230101T000003.700000,3,393,8338.22,-5179.98,288.176,0,0,0,2500,0,0,2500,0,2500,0
20230101T000003.700000,3,394,5994.63,-2467.62,-1025.45,0,0,0,2500,0,0,2500,0,2500,0
20230101T000003.700000,3,395,3593.66,-141.026,442.311,0,0,0,2500,0,0,2500,0,2500,0
20230101T000003.700000,3,396,11524,-750.869,724.062,0,0,0,2500,0,0,2500,0,2500,0
20230101T000003.700000,3,397,480.28,-88.6459,-106.692,0,0,0,2500,0,0,2500,0,2500,0
20230101T000003.800000,6,427,459.058,-168.821,-103.2,0,0,0,114.584,98.6292,63.6661,346.505,-23.4136,385.504,5.70331e+23
20230101T000003.800000,6,428,1180.05,-9.37694,244.559,0,0,0,157.19,16.4565,-449.031,2228.04,3.56809,2230.81,7.7686e+14
20230101T000003.800000,6,429,3403.87,366.087,-447.527,0,0,0,593.422,-1953.02,2429.14,18542.6,261.255,18753.7,4.6368e+14
20230101T000003.800000,6,430,8104.32,182.475,-1653.44,0,0,0,4486.66,-2266.32,21427.5,105090,482.458,105144,9.34611e+14
20230101T000003.800000,6,431,9027.9,1544.07,-130.176,0,0,0,3903.14,-22288.3,1879.45,130407,321.447,134219,2.71627e+15
20230101T000003.800000,6,432,11326.3,2741.24,603.918,0,0,0,12634.6,-49528.7,-10941,205290,-2648,217278,2.74642e+15
20230101T000003.800000,6,433,22.2562,9.19544,3.8217,0,0,0,53.4802,21.7127,9.02052,9.89869,3.72694,2.50015,1.90983e+15
20230101T000003.800000,6,434,2025.52,1471.48,381.361,0,0,0,3657.68,-4628.43,-1228.22,6666.35,-892.266,10030.2,2.3405e+15
20230101T000003.800000,4,369,8983.57,1780.07,-104.106,12.9229,1.19267,-0.292325,161.901,-498.411,28.9224,2571.18,5.74698,2669.89,0
20230101T000003.800000,4,397,467.82,-159.641,-103.679,-1.23363,-7.02925,0.298305,83.7394,45.7356,57.9804,323.092,-10.7015,332.312,0
20230101T000003.800000,3,398,1180.05,-9.37694,244.559,0,0,0,2500,0,0,2500,0,2500,0
20230101T000003.800000,3,399,3403.87,366.087,-447.527,0,0,0,2500,0,0,2500,0,2500,0
20230101T000003.800000,3,400,8104.32,182.475,-1653.44,0,0,0,2500,0,0,2500,0,2500,0
20230101T000003.800000,3,401,11326.3,2741.24,603.918,0,0,0,2500,0,0,2500,0,2500,0
20230101T000003.800000,3,402,22.2562,9.19544,3.8217,0,0,0,2500,0,0,2500,0,2500,0
20230101T000003.800000,3,403,2025.52,1471.48,381.361,0,0,0,2500,0,0,2500,0,2500,0
20230101T000003.900000,6,435,3325.27,-2851.91,-42.1035,0,0,0,13051.9,15140.3,223.542,17720.2,-191.72,30705.3,5.83257e+14
20230101T000003.900000,6,436,5615.03,-3843.36,-400.019,0,0,0,23852,34379.8,3590.69,50547.7,-2457.75,74080.1,1.10718e+16
20230101T000003.900000,6,437,423.118,-246.15,-102.557,0,0,0,155.324,132.678,58.3272,306.204,-33.9321,386.081,2.02612e+22
20230101T000003.900000,6,438,8248.87,-2154.87,-92.4347,0,0,0,7502.26,28421.4,1219.3,108875,-318.521,116300,2.63968e+15
20230101T000003.900000,6,439,1284.67,-167.269,2.15886,0,0,0,107.707,335.622,-4.33173,2641.67,0.564009,2685.37,2.13661e+15
20230101T000003.900000,6,440,6464.53,9182.83,-1654.77,0,0,0,136392,-92888.5,17110.4,69835.4,24305.2,201785,5.41799e+14
20230101T000003.900000,3,404,3325.27,-2851.91,-42.1035,0,0,0,2500,0,0,2500,0,2500,0
20230101T000003.900000,3,405,5615.03,-3843.36,-400.019,0,0,0,2500,0,0,2500,0,2500,0
20230101T000003.900000,3,406,423.118,-246.15,-102.557,0,0,0,2500,0,0,2500,0,2500,0
20230101T000003.900000,3,407,8248.87,-2154.87,-92.4347,0,0,0,2500,0,0,2500,0,2500,0
20230101T000003.900000,3,408,1284.67,-167.269,2.15886,0,0,0,2500,0,0,2500,0,2500,0
20230101T000003.900000,3,409,6464.52,9182.83,-1654.77,0,0,0,2500,0,0,2500,0,2500,0
20230101T000004,6,441,376.741,-311.25,-105.752,0,0,0,201.973,148.812,53.5464,259.154,-44.2381,384.96,6.02282e+21
20230101T000004,6,442,4232.74,-6288.3,1005.39,0,0,0,63792.3,41808.5,-6804.2,29822,10108.6,91935.3,2.39193e+15
20230101T000004,6,443,5664.46,-6690.32,1334.02,0,0,0,72831.7,59200.2,-12084.3,53032.7,14272.8,122956,3.27627e+15
20230101T000004,6,444,5848.3,-2093.07,477.95,0,0,0,7389.89,19449.3,-4467.71,54773,1598.96,61734.1,9.62351e+14
20230101T000004,6,445,3536.23,-369.063,854.09,0,0,0,1432.36,1961.4,-4817.96,20021.1,502.832,20229.3,3.23099e+15
20230101T000004,6,446,1586.75,-44.0979,41.0432,0,0,0,69.7125,110.105,-102.547,4028.48,2.84993,4031.58,3.40776e+15
20230101T000004,6,447,5325,1846.62,734.916,0,0,0,6283.58,-15446.2,-6253.73,45468.4,-2168.69,50826,9.14625e+14
20230101T000004,6,448,1327.62,1832.44,64.6422,0,0,0,5396.83,-3858.89,-136.241,2866.43,-188.045,8192.69,8.71888e+14
20230101T000004,6,449,5746.57,8132.37,-33.1188,0,0,0,105839,-74742.3,304.388,52880.8,430.761,158654,1.79598e+15
20230101T000004,6,450,4651.91,3713.81,311.456,0,0,0,22201.5,-27535.3,-2315.58,34709.7,-1848.62,56692.3,5.16639e+14
20230101T000004,4,406,387.535,-305.885,-105.315,-3.52312,-5.91429,-0.273026,139.692,112.371,49.1025,267.479,-28.5655,333.561,0
20230101T000004,3,410,4232.74,-6288.3,1005.39,0,0,0,2500,0,0,2500,0,2500,0
20230101T000004,3,411,5664.46,-6690.32,1334.02,0,0,0,2500,0,0,2500,0,2500,0
20230101T000004,3,412,5848.3,-2093.07,477.95,0,0,0,2500,0,0,2500,0,2500,0
20230101T000004,3,413,3536.23,-369.063,854.09,0,0,0,2500,0,0,2500,0,2500,0
20230101T000004,3,414,1586.75,-44.0979,41.0432,0,0,0,2500,0,0,2500,0,2500,0
20230101T000004,3,415,5325,1846.62,734.916,0,0,0,2500,0,0,2500,0,2500,0
20230101T000004,3,416,1327.62,1832.44,64.6422,0,0,0,2500,0,0,2500,0,2500,0
20230101T000004,3,417,5746.57,8132.37,-33.1188,0,0,0,2500,0,0,2500,0,2500,0
20230101T000004,3,418,4651.91,3713.81,311.456,0,0,0,2500,0,0,2500,0,2500,0
20230101T000004.100000,6,451,3744.3,-2379.02,-615.466,0,0,0,9532.05,13949.6,3679.83,22624,-2338.05,31488.4,5.91264e+14
20230101T000004.100000,6,452,5472.01,-1683.07,-41.1828,0,0,0,4593.29,14716.9,360.124,47914.3,-110.766,52440.9,2.79778e+15
20230101T000004.100000,6,453,5595.55,-2942.98,-507.863,0,0,0,14230.9,26152,4542.32,50199.5,-2389.04,63954.5,1.28093e+15
20230101T000004.100000,6,454,10622.6,-546.623,553.207,0,0,0,1030.1,9262.09,-9399.08,180545,483.663,181022,6.19804e+14
20230101T000004.100000,6,455,7496.1,161.753,628.308,0,0,0,736.727,-1925.03,-7530.46,89906.8,-162.494,89948.8,7.22328e+14
20230101T000004.100000,6,456,6747.51,76.8932,-1303.49,0,0,0,2789.32,-798.461,14060.5,72846.5,160.231,72857.9,6.25064e+14
20230101T000004.100000,6,457,321.738,382.263,-16.2596,0,0,0,260.485,-165.076,7.03038,203.295,8.35292,399.492,9.73785e+24
20230101T000004.100000,3,419,3744.3,-2379.02,-615.466,0,0,0,2500,0,0,2500,0,2500,0
20230101T000004.100000,3,420,5472,-1683.07,-41.1828,0,0,0,2500,0,0,2500,0,2500,0
20230101T000004.100000,3,421,5595.55,-2942.98,-507.863,0,0,0,2500,0,0,2500,0,2500,0
20230101T000004.100000,3,422,10622.6,-546.623,553.207,0,0,0,2500,0,0,2500,0,2500,0
20230101T000004.100000,3,423,7496.1,161.753,628.308,0,0,0,2500,0,0,2500,0,2500,0
20230101T000004.100000,3,424,6747.51,76.8932,-1303.49,0,0,0,2500,0,0,2500,0,2500,0
20230101T000004.100000,3,425,321.738,382.263,-16.2596,0,0,0,2500,0,0,2500,0,2500,0
20230101T000004.200000,6,458,5216.07,-6282.14,-1112.08,0,0,0,63977.5,51425.5,9275.62,44740.2,-11171.4,106677,9.06652e+14
20230101T000004.200000,6,459,7156.95,-2246.07,-1680.2,0,0,0,12239.1,24412.1,19227.2,82365.4,-6034.07,90029.7,8.9112e+14
20230101T000004.200000,6,460,7793.36,-4262.73,-33.3384,0,0,0,29124,53125.9,415.499,97193.5,-227.265,126252,2.73076e+15
20230101T000004.200000,6,461,2201.5,-1423.32,-51.8107,0,0,0,3289.47,4982.36,181.436,7774.68,-117.302,10995.9,7.16175e+14
20230101T000004.200000,6,462,9996.28,-2815.12,-888.29,0,0,0,13908.4,44679.2,14202.1,159978,-3999.55,172561,4.68335e+14
20230101T000004.200000,6,463,8260.13,1678.39,-62.7518,0,0,0,4574.7,-22168.2,828.874,109170,168.42,113675,3.63309e+15
20230101T000004.200000,6,464,3554.31,2192.18,988.105,0,0,0,8864.61,-11741.6,-5607.04,20660.1,-3458.23,27905.4,2.00358e+15
20230101T000004.200000,6,465,8673.35,6631.88,-154.175,0,0,0,70435.2,-91983.7,2138.82,120401,1635.4,190734,2.55952e+15
20230101T000004.200000,6,466,380.938,323.235,-16.8702,0,0,0,204.601,-165.25,8.63639,259.132,7.32819,399.424,4.38043e+24
20230101T000004.200000,6,467,6296.24,5049.89,-1019.23,0,0,0,41852.1,-50030.5,10261.5,64103.5,8230.26,104232,4.00059e+15
20230101T000004.200000,4,425,377.002,335.693,-16.7866,5.47168,-4.61082,-0.0521863,227.873,-139.006,5.91925,179.714,7.03276,344.886,0
20230101T000004.200000,3,426,5216.07,-6282.14,-1112.08,0,0,0,2500,0,0,2500,0,2500,0
20230101T000004.200000,3,427,7156.95,-2246.07,-1680.2,0,0,0,2500,0,0,2500,0,2500,0
20230101T000004.200000,3,428,7793.36,-4262.73,-33.3384,0,0,0,2500,0,0,2500,0,2500,0
20230101T000004.200000,3,429,2201.5,-1423.32,-51.8107,0,0,0,2500,0,0,2500,0,2500,0
20230101T000004.200000,3,430,9996.28,-2815.12,-888.29,0,0,0,2500,0,0,2500,0,2500,0
20230101T000004.200000,3,431,8260.13,1678.39,-62.7518,0,0,0,2500,0,0,2500,0,2500,0
20230101T000004.200000,3,432,3554.31,2192.18,988.105,0,0,0,2500,0,0,2500,0,2500,0
20230101T000004.200000,3,433,8673.35,6631.88,-154.175,0,0,0,2500,0,0,2500,0,2500,0
20230101T000004.200000,3,434,6296.24,5049.89,-1019.23,0,0,0,2500,0,0,2500,0,2500,0
20230101T000004.300000,6,468,2677.75,-2510.59,-271.403,0,0,0,10181.5,10665.8,1159.36,11557.5,-1086.99,21557.8,5.25217e+14
20230101T000004.300000,6,469,2895.44,-3341.81,75.7332,0,0,0,17899.7,15445.4,-350.132,13455.5,404.109,31282.1,6.60054e+15
20230101T000004.300000,6,470,2674.94,-656.515,-666.25,0,0,0,1416.52,2631.42,2837.28,11492.3,-696.359,12141.6,5.05972e+14
20230101T000004.300000,6,471,2788.02,-149.745,-484.511,0,0,0,472.349,644.544,2150.55,12438.1,-115.507,12474.6,5.09958e+14
20230101T000004.300000,6,472,9477.14,-1015.42,-262.825,0,0,0,1822.23,15378.8,3983.57,143708,-426.817,145356,4.1067e+15
20230101T000004.300000,6,473,3113.53,1224.42,709.585,0,0,0,3149.5,-5804.41,-3522.81,15626.6,-1385.38,17912,4.13871e+14
20230101T000004.300000,6,474,433.272,248.704,-17.8242,0,0,0,147.426,-144.594,10.3785,316.326,5.9574,399.406,6.29522e+24
20230101T000004.300000,6,475,8209.08,3542.98,0.741585,0,0,0,20138.3,-46512.1,-9.73549,107832,-4.20177,127907,4.10253e+14
20230101T000004.300000,6,476,7502.07,6099.87,2452.84,0,0,0,65364.7,-68477.3,-29430.4,93904.9,-23929.6,149587,2.335e+15
20230101T000004.300000,3,435,2677.75,-2510.59,-271.403,0,0,0,2500,0,0,2500,0,2500,0
20230101T000004.300000,3,436,2895.44,-3341.81,75.7332,0,0,0,2500,0,0,2500,0,2500,0
20230101T000004.300000,3,437,2674.94,-656.515,-666.25,0,0,0,2500,0,0,2500,0,2500,0
20230101T000004.300000,3,438,2788.02,-149.745,-484.511,0,0,0,2500,0,0,2500,0,2500,0
20230101T000004.300000,3,439,9477.14,-1015.42,-262.825,0,0,0,2500,0,0,2500,0,2500,0
20230101T000004.300000,3,440,3113.53,1224.42,709.585,0,0,0,2500,0,0,2500,0,2500,0
20230101T000004.300000,3,441,433.272,248.704,-17.8242,0,0,0,2500,0,0,2500,0,2500,0
20230101T000004.300000,3,442,8209.08,3542.98,0.741585,0,0,0,2500,0,0,2500,0,2500,0
20230101T000004.300000,3,443,7502.07,6099.87,2452.84,0,0,0,2500,0,0,2500,0,2500,0
20230101T000004.400000,6,477,699.019,-866.676,59.8867,0,0,0,1229.22,935.329,-64.8243,823.944,80.3722,1983.79,2.1683e+15
20230101T000004.400000,6,478,8267.1,-9235.53,1257.52,0,0,0,137626,120873,-16629.3,110792,18577.4,245824,7.65013e+14
20230101T000004.400000,6,479,5779.9,-6300.61,7.15794,0,0,0,63545.6,58235.1,-66.1592,53486.3,72.1196,116968,1.22148e+15
20230101T000004.400000,6,480,4866.07,-4779.76,-199.673,0,0,0,36618.8,37150,1553.26,37948.6,-1525.71,74439.7,7.76135e+14
20230101T000004.400000,6,481,3464.07,-1205.69,626.488,0,0,0,2941.51,6468.32,-3462.29,19274.3,1205.07,21527.4,2.20078e+15
20230101T000004.400000,6,482,7349.68,-1314.21,-510.542,0,0,0,3229.29,15371.1,5999.43,86443.3,-1072.77,89192.1,3.24993e+15
20230101T000004.400000,6,483,1914.53,1110.41,-85.4922,0,0,0,2029.38,-3368.66,259.749,5883.73,150.652,7837.61,7.47129e+14
20230101T000004.400000,6,484,469.509,170.822,-16.9489,0,0,0,103.548,-107.637,10.6944,360.229,3.89094,399.465,8.40054e+24
20230101T000004.400000,6,485,7242.55,7062.07,325.725,0,0,0,79916.4,-81719.1,-3773.06,84041.3,-3679.03,163724,1.94103e+15
20230101T000004.400000,6,486,5714.74,5166.83,-1116.81,0,0,0,43846.3,-46219.3,10204.9,53178.9,9226.49,94968.2,1.01456e+15
20230101T000004.400000,6,487,3950.43,4671.6,410.718,0,0,0,35057.3,-29363.2,-2593.26,25163.9,-3066.67,59887.9,6.58972e+15
20230101T000004.400000,6,488,7627.81,4907.29,679.302,0,0,0,39097.6,-59526.1,-8286.52,93328.2,-5331.07,131624,2.21839e+15
20230101T000004.400000,4,441,470.272,184.32,-17.0687,3.66344,-6.37465,0.074802,132.671,-121.763,8.73824,274.902,5.01587,344.815,0
20230101T000004.400000,3,444,699.019,-866.676,59.8867,0,0,0,2500,0,0,2500,0,2500,0
20230101T000004.400000,3,445,8267.1,-9235.53,1257.52,0,0,0,2500,0,0,2500,0,2500,0
20230101T000004.400000,3,446,5779.9,-6300.61,7.15794,0,0,0,2500,0,0,2500,0,2500,0
20230101T000004.400000,3,447,4866.07,-4779.76,-199.673,0,0,0,2500,0,0,2500,0,2500,0
20230101T000004.400000,3,448,3464.07,-1205.69,626.488,0,0,0,2500,0,0,2500,0,2500,0
20230101T000004.400000,3,449,7349.68,-1314.21,-510.542,0,0,0,2500,0,0,2500,0,2500,0
20230101T000004.400000,3,450,1914.53,1110.41,-85.4923,0,0,0,2500,0,0,2500,0,2500,0
20230101T000004.400000,3,451,7242.56,7062.07,325.725,0,0,0,2500,0,0,2500,0,2500,0
20230101T000004.400000,3,452,5714.74,5166.83,-1116.81,0,0,0,2500,0,0,2500,0,2500,0
20230101T000004.400000,3,453,3950.43,4671.6,410.718,0,0,0,2500,0,0,2500,0,2500,0
20230101T000004.400000,3,454,7627.81,4907.29,679.302,0,0,0,2500,0,0,2500,0,2500,0
20230101T000004.500000,6,489,1304.02,-1455.39,26.8095,0,0,0,3418.08,3004.21,-55.3504,2756.88,61.7756,6109.84,9.726e+14
20230101T000004.500000,6,490,9268.7,-3509.6,-1496.14,0,0,0,22894.8,50840.3,22178.8,137911,-8398.02,157163,5.46827e+15
20230101T000004.500000,6,491,491.803,87.6628,-18.1843,0,0,0,74.7555,-57.8471,12.0185,388.976,2.14227,399.372,1.07641e+25
20230101T000004.500000,6,492,1198.27,566.164,305.763,0,0,0,684.829,-1004.22,-573.54,2335.74,-270.99,2813.45,3.78326e+15
20230101T000004.500000,6,493,5980.6,2996.54,238.045,0,0,0,14490.3,-28611.8,-2275.81,57259.2,-1140.28,71595,4.09267e+14
20230101T000004.500000,6,494,2631.24,2986.57,-640.679,0,0,0,14585.6,-12216.7,2690.61,11482.4,3053.96,25350.5,3.00961e+15
20230101T000004.500000,6,495,7897.54,9208.96,-187.256,0,0,0,135739,-116306,2365.54,99862.9,2758.35,235482,6.19994e+14
20230101T000004.500000,6,496,5135.81,5351.31,862.151,0,0,0,46418.9,-43347.6,-7079.47,42854.4,-7376.52,88021.7,1.99586e+15
20230101T000004.500000,6,497,6499.13,6179.98,-506.316,0,0,0,61356.3,-64026.5,5262.37,67806.9,5003.95,128690,3.01289e+15
20230101T000004.500000,6,498,2905.95,3743.46,-271.267,0,0,0,22489.8,-17317.4,1259.03,13624.6,1621.88,35933.1,1.82481e+15
20230101T000004.500000,3,455,1304.02,-1455.39,26.8095,0,0,0,2500,0,0,2500,0,2500,0
20230101T000004.500000,3,456,9268.7,-3509.6,-1496.14,0,0,0,2500,0,0,2500,0,2500,0
20230101T000004.500000,3,457,491.803,87.6628,-18.1843,0,0,0,2500,0,0,2500,0,2500,0
20230101T000004.500000,3,458,1198.27,566.164,305.763,0,0,0,2500,0,0,2500,0,2500,0
20230101T000004.500000,3,459,5980.6,2996.54,238.045,0,0,0,2500,0,0,2500,0,2500,0
20230101T000004.500000,3,460,2631.24,2986.57,-640.679,0,0,0,2500,0,0,2500,0,2500,0
20230101T000004.500000,3,461,7897.54,9208.96,-187.256,0,0,0,2500,0,0,2500,0,2500,0
20230101T000004.500000,3,462,5135.81,5351.31,862.151,0,0,0,2500,0,0,2500,0,2500,0
20230101T000004.500000,3,463,6499.13,6179.98,-506.316,0,0,0,2500,0,0,2500,0,2500,0
20230101T000004.500000,3,464,2905.95,3743.46,-271.267,0,0,0,2500,0,0,2500,0,2500,0
20230101T000004.600000,6,499,7866.43,-6565.28,-347.084,0,0,0,69115.9,82506.2,4366.84,99114.5,-3644.54,167974,2.35758e+15
20230101T000004.600000,6,500,6211,-6782.27,-1378.86,0,0,0,75014.8,65853.2,13696.2,63410.9,-14955.9,135323,7.66223e+14
20230101T000004.600000,6,501,9284.81,-4131.05,1219.3,0,0,0,29343.2,60462.7,-18106.6,138336,8056.1,165238,2.30492e+15
20230101T000004.600000,6,502,10542.6,-2058.16,-1617.78,0,0,0,10871.7,33918,27279.7,177990,-5325.63,184613,1.0286e+15
20230101T000004.600000,6,503,499.586,1.77164,-17.2796,0,0,0,64.4055,-1.18776,11.6013,399.338,0.0411407,399.419,4.7633e+24
20230101T000004.600000,6,504,6605.71,1235.14,-546.839,0,0,0,2964.62,-12956.4,5774.53,69834.9,1079.72,72257.9,7.79436e+14
20230101T000004.600000,6,505,3444.86,1820.89,307.764,0,0,0,5473.19,-9947.46,-1691.89,19034.3,-894.3,24292.8,1.01235e+15
20230101T000004.600000,6,506,872.649,805.738,-51.943,0,0,0,1075.55,-1091.01,70.4724,1249.81,65.0689,2257.29,6.70279e+14
20230101T000004.600000,6,507,8400.94,9011.48,-1491.21,0,0,0,131614,-119322,20038.9,114859,21495.2,242853,5.77418e+14
20230101T000004.600000,6,508,6535.24,9788.31,1497.62,0,0,0,154424,-100664,-15655.2,70860.8,-23448,221634,3.08181e+15
20230101T000004.600000,6,509,4300.27,3918.04,-219.436,0,0,0,24638.7,-26887.7,1508.03,29651.7,1373.99,54149.5,2.6837e+15
20230101T000004.600000,6,510,4457.62,5367.74,-1073.16,0,0,0,46877.8,-37347.4,7647.85,32920.2,9209.32,77894.3,1.23805e+16
20230101T000004.600000,4,457,504.917,14.2676,-17.4033,1.2984,-7.26686,0.0773323,71.4752,-48.7138,10.1191,336.085,1.80371,344.788,0
20230101T000004.600000,3,465,7866.43,-6565.28,-347.084,0,0,0,2500,0,0,2500,0,2500,0
20230101T000004.600000,3,466,6211,-6782.27,-1378.86,0,0,0,2500,0,0,2500,0,2500,0
20230101T000004.600000,3,467,9284.81,-4131.05,1219.3,0,0,0,2500,0,0,2500,0,2500,0
20230101T000004.600000,3,468,10542.6,-2058.16,-1617.78,0,0,0,2500,0,0,2500,0,2500,0
20230101T000004.600000,3,469,6605.71,1235.14,-546.839,0,0,0,2500,0,0,2500,0,2500,0
20230101T000004.600000,3,470,3444.86,1820.89,307.764,0,0,0,2500,0,0,2500,0,2500,0
20230101T000004.600000,3,471,872.649,805.738,-51.943,0,0,0,2500,0,0,2500,0,2500,0
20230101T000004.600000,3,472,8400.94,9011.48,-1491.21,0,0,0,2500,0,0,2500,0,2500,0
20230101T000004.600000,3,473,6535.24,9788.31,1497.62,0,0,0,2500,0,0,2500,0,2500,0
20230101T000004.600000,3,474,4300.27,3918.04,-219.436,0,0,0,2500,0,0,2500,0,2500,0
20230101T000004.600000,3,475,4457.62,5367.74,-1073.16,0,0,0,2500,0,0,2500,0,2500,0
20230101T000004.700000,6,511,1945.73,-503.546,-323.797,0,0,0,621.38,1511.81,998.307,6071.84,-258.357,6464.71,1.0344e+15
20230101T000004.700000,6,512,491.993,-86.9567,-16.2969,0,0,0,74.5058,57.4212,10.7752,389.24,-1.90445,399.457,6.39079e+24
20230101T000004.700000,6,513,6363.13,-3259.83,12.1477,0,0,0,17053.3,33162.3,-123.579,64796.4,63.3095,81785.4,8.97079e+14
20230101T000004.700000,6,514,1916.25,136.847,255.416,0,0,0,196.383,-407.689,-774.764,5876.06,-55.3292,5906.29,9.88836e+14
20230101T000004.700000,6,515,11046.4,975.479,446.34,0,0,0,1902.18,-17207.2,-7886.13,195238,-696.407,196758,4.70224e+15
20230101T000004.700000,6,516,10989.8,-1368.88,1472.61,0,0,0,6476.8,23636.7,-25885.6,193295,3224.3,196240,8.05979e+14
20230101T000004.700000,6,517,491.872,-87.472,-16.1252,0,0,0,74.6189,57.7473,10.6587,389.074,-1.8955,399.41,6.29756e+24
20230101T000004.700000,6,518,5514.42,2461.59,-570.05,0,0,0,10181.5,-21501.6,5024.13,48751,2242.73,58349.7,7.21012e+15
20230101T000004.700000,6,519,4025.48,2512.47,-503.052,0,0,0,10436.9,-15971.9,3234.35,26058.4,2018.69,36027.9,5.78993e+14
20230101T000004.700000,6,520,2157.9,2026.82,266.666,0,0,0,6666.98,-6909.44,-916.537,7533.56,-860.861,14023.8,3.26158e+15
20230101T000004.700000,6,521,7173.17,8315.66,269.761,0,0,0,110717,-95350.1,-3095.03,82430.3,-3587.99,192967,2.39611e+15
20230101T000004.700000,6,522,6160.05,8914.33,-2124.19,0,0,0,129498,-84454.9,20929.3,65641.8,30287.2,187861,4.79243e+14
20230101T000004.700000,6,523,5482.67,7259.03,-2006.71,0,0,0,86672.2,-60550.2,17595.3,52237,23296.1,132408,6.02319e+14
20230101T000004.700000,3,476,1945.73,-503.546,-323.797,0,0,0,2500,0,0,2500,0,2500,0
20230101T000004.700000,3,477,491.993,-86.9567,-16.2969,0,0,0,2500,0,0,2500,0,2500,0
20230101T000004.700000,3,478,6363.13,-3259.83,12.1477,0,0,0,2500,0,0,2500,0,2500,0
20230101T000004.700000,3,479,1916.25,136.847,255.416,0,0,0,2500,0,0,2500,0,2500,0
20230101T000004.700000,3,480,11046.4,975.479,446.34,0,0,0,2500,0,0,2500,0,2500,0
20230101T000004.700000,3,481,10989.8,-1368.88,1472.61,0,0,0,2500,0,0,2500,0,2500,0
20230101T000004.700000,3,482,491.872,-87.472,-16.1252,0,0,0,2500,0,0,2500,0,2500,0
20230101T000004.700000,3,483,5514.42,2461.59,-570.05,0,0,0,2500,0,0,2500,0,2500,0
20230101T000004.700000,3,484,4025.48,2512.47,-503.052,0,0,0,2500,0,0,2500,0,2500,0
20230101T000004.700000,3,485,2157.9,2026.82,266.666,0,0,0,2500,0,0,2500,0,2500,0
20230101T000004.700000,3,486,7173.16,8315.66,269.761,0,0,0,2500,0,0,2500,0,2500,0
20230101T000004.700000,3,487,6160.05,8914.33,-2124.19,0,0,0,2500,0,0,2500,0,2500,0
20230101T000004.700000,3,488,5482.67,7259.03,-2006.71,0,0,0,2500,0,0,2500,0,2500,0
20230101T000004.800000,6,524,998.656,-1170.41,-40.7497,0,0,0,2219.85,1837.25,64.0125,1634.25,-75.0218,3787.53,1.91077e+15
20230101T000004.800000,6,525,3376.12,-1500.96,-133.6,0,0,0,3681.84,8073.57,719.571,18252.4,-319.908,21841.8,7.16208e+15
20230101T000004.800000,6,526,469.842,-170.171,-15.568,0,0,0,103.199,107.329,9.83034,360.663,-3.56041,399.598,1.93731e+23
20230101T000004.800000,6,527,8098.69,-3367.52,-329.276,0,0,0,18346.7,43551.9,4264.51,104977,-1773.23,123086,3.88981e+15
20230101T000004.800000,6,528,1055.3,-26.9545,145.289,0,0,0,97.6841,43.0466,-236.675,1781.9,6.0452,1784.19,4.73114e+15
20230101T000004.800000,6,529,11341.1,-1342.85,1703.78,0,0,0,7527.32,23817.6,-30907.2,205860,3659.59,208681,9.9939e+14
20230101T000004.800000,6,530,10763.1,-819.499,270.119,0,0,0,1254.19,14098.8,-4650.1,185351,354.058,186425,4.75937e+14
20230101T000004.800000,6,531,6089.02,1316.77,-36.9873,0,0,0,2837.46,-12814.9,359.975,59324.7,77.8459,62096,1.09732e+15
20230101T000004.800000,6,532,11806.4,2720.75,-2719.42,0,0,0,23137.5,-48792.8,51357.1,223624,11835.1,234872,3.0641e+15
20230101T000004.800000,6,533,8609.98,3630.79,-1067.62,0,0,0,22694.2,-49342,14700.8,118896,6199.27,139704,1.98316e+15
20230101T000004.800000,6,534,1797.9,1461.31,-125.525,0,0,0,3470.27,-4160.07,358.408,5207.3,291.309,8588.74,2.52929e+15
20230101T000004.800000,6,535,1973.71,2723.5,-662.969,0,0,0,12131.3,-8237.24,2086.49,6734.36,2879.12,18103.2,3.22711e+15
20230101T000004.800000,6,536,4106.29,4290.78,-598.9,0,0,0,29761.9,-27872.4,3930.4,27311.2,4106.98,56436.5,1.68311e+15
20230101T000004.800000,4,482,479.034,-160.327,-15.6446,-1.27113,-7.21334,0.0475791,71.36,48.6289,8.97443,336.162,-1.59597,344.825,0
20230101T000004.800000,3,489,998.656,-1170.41,-40.7497,0,0,0,2500,0,0,2500,0,2500,0
20230101T000004.800000,3,490,3376.12,-1500.96,-133.6,0,0,0,2500,0,0,2500,0,2500,0
20230101T000004.800000,3,491,8098.69,-3367.52,-329.276,0,0,0,2500,0,0,2500,0,2500,0
20230101T000004.800000,3,492,1055.3,-26.9545,145.289,0,0,0,2500,0,0,2500,0,2500,0
20230101T000004.800000,3,493,11341.1,-1342.85,1703.78,0,0,0,2500,0,0,2500,0,2500,0
20230101T000004.800000,3,494,10763.1,-819.499,270.119,0,0,0,2500,0,0,2500,0,2500,0
20230101T000004.800000,3,495,6089.02,1316.77,-36.9873,0,0,0,2500,0,0,2500,0,2500,0
20230101T000004.800000,3,496,11806.4,2720.75,-2719.42,0,0,0,2500,0,0,2500,0,2500,0
20230101T000004.800000,3,497,8609.98,3630.79,-1067.62,0,0,0,2500,0,0,2500,0,2500,0
20230101T000004.800000,3,498,1797.9,1461.31,-125.525,0,0,0,2500,0,0,2500,0,2500,0
20230101T000004.800000,3,499,1973.71,2723.5,-662.969,0,0,0,2500,0,0,2500,0,2500,0
20230101T000004.800000,3,500,4106.29,4290.78,-598.9,0,0,0,2500,0,0,2500,0,2500,0
20230101T000004.900000,6,537,1962.33,-2358.33,-683.531,0,0,0,9229.52,7007,2137.42,6638.95,-2568.74,15063,1.07983e+15
20230101T000004.900000,6,538,4383.81,-4430.82,-238.445,0,0,0,31488,31000.8,1670.76,30826.8,-1688.67,62160,4.65215e+14
20230101T000004.900000,6,539,2095.41,-537.999,-433.453,0,0,0,802.854,1716.5,1441.28,7047.6,-370.051,7490.78,3.93013e+15
20230101T000004.900000,6,540,10386.8,-6507.82,-1941.54,0,0,0,72138.7,105411,32257.7,174334,-20211.1,240380,5.92611e+14
20230101T000004.900000,6,541,432.408,-250.176,-17.2022,0,0,0,148.388,145.171,9.9961,315.313,-5.78339,399.38,8.65099e+22
20230101T000004.900000,6,542,6991.75,110.95,-1136.65,0,0,0,2148.66,-1207.39,12705.3,78215.8,201.617,78236.6,8.47537e+14
20230101T000004.900000,6,543,6512.27,-795.047,821.198,0,0,0,2136.58,8146.72,-8548.74,67872.1,1043.67,68867.7,7.9623e+15
20230101T000004.900000,6,544,12095.9,3052.33,637.412,0,0,0,15577.9,-58903.7,-12333,234140,-3112.15,249004,6.52156e+14
20230101T000004.900000,6,545,9757,2744.74,624.922,0,0,0,12691.8,-42669.1,-9751.99,152369,-2743.33,164372,3.39813e+15
20230101T000004.900000,6,546,1441.33,1398.3,-334.032,0,0,0,3252.45,-3104.33,762.888,3440.66,740.113,6454.04,7.87283e+14
20230101T000004.900000,6,547,3670.41,4813.44,677.212,0,0,0,37363.8,-27883.4,-3972.75,22059.1,-5209.93,58626.7,5.63848e+14
20230101T000004.900000,3,501,1962.33,-2358.33,-683.531,0,0,0,2500,0,0,2500,0,2500,0
20230101T000004.900000,3,502,4383.81,-4430.82,-238.445,0,0,0,2500,0,0,2500,0,2500,0
20230101T000004.900000,3,503,2095.41,-537.999,-433.453,0,0,0,2500,0,0,2500,0,2500,0
20230101T000004.900000,3,504,10386.8,-6507.82,-1941.54,0,0,0,2500,0,0,2500,0,2500,0
20230101T000004.900000,3,505,432.408,-250.176,-17.2022,0,0,0,2500,0,0,2500,0,2500,0
20230101T000004.900000,3,506,6991.75,110.95,-1136.65,0,0,0,2500,0,0,2500,0,2500,0
20230101T000004.900000,3,507,6512.27,-795.047,821.198,0,0,0,2500,0,0,2500,0,2500,0
20230101T000004.900000,3,508,12095.9,3052.33,637.412,0,0,0,2500,0,0,2500,0,2500,0
20230101T000004.900000,3,509,9757,2744.74,624.922,0,0,0,2500,0,0,2500,0,2500,0
20230101T000004.900000,3,510,1441.33,1398.3,-334.032,0,0,0,2500,0,0,2500,0,2500,0
20230101T000004.900000,3,511,3670.41,4813.44,677.212,0,0,0,2500,0,0,2500,0,2500,0
20230101T000005,6,548,7575.13,-8915.81,-2681.84,0,0,0,132037,102353,32495.4,98530.6,-38246.6,219002,7.11769e+14
20230101T000005,6,549,382.312,-321.723,-16.6988,0,0,0,203.295,165.083,8.57996,260.547,-7.2202,399.539,1.15865e+23
20230101T000005,6,550,4107.07,-3812.61,-846.642,0,0,0,23907.2,24450.8,5556.62,27548.7,-5158.23,50247.8,9.48341e+14
20230101T000005,6,551,3233.85,-1403.42,-100.251,0,0,0,3218.69,7232.29,517.047,16745.1,-224.388,19883.8,2.04412e+15
20230101T000005,6,552,4168.43,-737.14,-793.097,0,0,0,1905.24,4733.16,5278.14,27833.6,-933.38,28672.8,3.6189e+15
20230101T000005,6,553,3900.88,-2008.2,-292.923,0,0,0,6611.46,12452.2,1824.47,24389.1,-939.249,30799.8,5.04288e+14
20230101T000005,6,554,5318.35,-974.584,-20.9359,0,0,0,1582.3,8281.61,177.907,45257.9,-32.6014,46775.5,1.02985e+15
20230101T000005,6,555,11809.6,714.599,-1923.14,0,0,0,6775.15,-13142.1,36328.4,223169,2198.23,223965,6.95348e+14
20230101T000005,6,556,4473.8,1223.26,-179.729,0,0,0,2501.75,-8726.82,1284.13,32031.9,351.117,34418.1,4.78897e+14
20230101T000005,6,557,1690.24,468.638,-220.196,0,0,0,481.944,-1231.18,587.873,4581.1,162.994,4923.45,1.27116e+16
20230101T000005,6,558,5563.9,3536.81,219.975,0,0,0,20115.1,-31421.5,-1956.47,49571.8,-1243.67,69545.6,4.16278e+15
20230101T000005,6,559,1755.95,2029.01,443.656,0,0,0,6748.57,-5513.9,-1239.72,5149.08,-1432.5,11522.1,8.79009e+14
20230101T000005,6,560,6308.93,5630.97,-1147.31,0,0,0,51939.8,-55763.1,11574.9,64645.8,10331.1,114418,6.62563e+14
20230101T000005,6,561,3198.09,4796.11,-1235.62,0,0,0,37575,-23385.7,6315.33,18097.8,9470.96,53171.6,1.09685e+15
20230101T000005,6,562,6340.65,6550.49,-1044.73,0,0,0,69529.6,-65550.8,10593.7,65260.3,10944.3,132981,2.65261e+15
20230101T000005,4,505,394.682,-315.579,-16.768,-3.7353,-6.4756,0.0429834,133.482,122.25,8.41644,274.051,-4.86945,344.798,0
20230101T000005,3,512,7575.13,-8915.81,-2681.84,0,0,0,2500,0,0,2500,0,2500,0
20230101T000005,3,513,4107.07,-3812.61,-846.642,0,0,0,2500,0,0,2500,0,2500,0
20230101T000005,3,514,3233.85,-1403.42,-100.251,0,0,0,2500,0,0,2500,0,2500,0
20230101T000005,3,515,4168.43,-737.14,-793.097,0,0,0,2500,0,0,2500,0,2500,0
20230101T000005,3,516,3900.88,-2008.2,-292.923,0,0,0,2500,0,0,2500,0,2500,0
20230101T000005,3,517,5318.35,-974.584,-20.9359,0,0,0,2500,0,0,2500,0,2500,0
20230101T000005,3,518,11809.6,714.599,-1923.14,0,0,0,2500,0,0,2500,0,2500,0
20230101T000005,3,519,4473.8,1223.26,-179.729,0,0,0,2500,0,0,2500,0,2500,0
20230101T000005,3,520,1690.24,468.638,-220.196,0,0,0,2500,0,0,2500,0,2500,0
20230101T000005,3,521,5563.9,3536.81,219.975,0,0,0,2500,0,0,2500,0,2500,0
20230101T000005,3,522,1755.95,2029.01,443.656,0,0,0,2500,0,0,2500,0,2500,0
20230101T000005,3,523,6308.93,5630.97,-1147.31,0,0,0,2500,0,0,2500,0,2500,0
20230101T000005,3,524,3198.09,4796.11,-1235.62,0,0,0,2500,0,0,2500,0,2500,0
20230101T000005,3,525,6340.65,6550.49,-1044.73,0,0,0,2500,0,0,2500,0,2500,0
20230101T000005.100000,6,563,5303.5,-7534.53,-1202.3,0,0,0,91617.7,62816.8,10197.5,46592.1,-14487.3,135835,3.70004e+15
20230101T000005.100000,6,564,11302.1,-16.8305,-1927.62,0,0,0,6007.77,295.406,34847.3,204381,-51.8925,204383,6.4429e+14
20230101T000005.100000,6,565,7336.37,916.494,-497.667,0,0,0,1796.86,-10701.4,5837.45,86122.8,729.242,87459.9,6.01665e+14
20230101T000005.100000,6,566,5484.28,388.307,270.495,0,0,0,421.263,-3394.59,-2370.42,48124.7,-167.834,48365.2,6.31998e+14
20230101T000005.100000,6,567,9542.55,-368.036,-1333.12,0,0,0,3118.73,5507.29,20345.5,145701,-784.683,145914,7.90353e+15
20230101T000005.100000,6,568,10265.2,3865.21,-729.742,0,0,0,24705.8,-63181.5,11981.6,168713,4511.47,192503,1.03063e+15
20230101T000005.100000,6,569,971.25,875.267,-229.83,0,0,0,1306.64,-1287.26,349.049,1575.02,314.554,2736.99,2.70591e+15
20230101T000005.100000,6,570,7260.38,7272.53,-51.575,0,0,0,84657.7,-84448.1,598.899,84375.3,599.902,168965,4.57403e+14
20230101T000005.100000,6,571,321.524,376.345,70.1557,0,0,0,256.41,-158.732,-30.3147,206.224,-35.4835,393.281,9.50809e+23
20230101T000005.100000,6,572,6385.54,4249.71,933.864,0,0,0,29906.8,-42746.1,-9534.77,65687.9,-6345.59,94137.3,2.21375e+15
20230101T000005.100000,6,573,6161.21,7280.43,858.887,0,0,0,85326.5,-71156.7,-8463.16,61461.6,-10000.5,145545,4.28932e+14
20230101T000005.100000,3,526,5303.5,-7534.53,-1202.3,0,0,0,2500,0,0,2500,0,2500,0
20230101T000005.100000,3,527,11302.1,-16.8305,-1927.62,0,0,0,2500,0,0,2500,0,2500,0
20230101T000005.100000,3,528,7336.37,916.494,-497.667,0,0,0,2500,0,0,2500,0,2500,0
20230101T000005.100000,3,529,5484.28,388.307,270.495,0,0,0,2500,0,0,2500,0,2500,0
20230101T000005.100000,3,530,9542.55,-368.036,-1333.12,0,0,0,2500,0,0,2500,0,2500,0
20230101T000005.100000,3,531,10265.2,3865.21,-729.742,0,0,0,2500,0,0,2500,0,2500,0
20230101T000005.100000,3,532,971.25,875.267,-229.83,0,0,0,2500,0,0,2500,0,2500,0
20230101T000005.100000,3,533,7260.38,7272.53,-51.575,0,0,0,2500,0,0,2500,0,2500,0
20230101T000005.100000,3,534,321.524,376.345,70.1557,0,0,0,2500,0,0,2500,0,2500,0
20230101T000005.100000,3,535,6385.54,4249.71,933.864,0,0,0,2500,0,0,2500,0,2500,0
20230101T000005.100000,3,536,6161.21,7280.43,858.887,0,0,0,2500,0,0,2500,0,2500,0
20230101T000005.200000,6,574,6542.75,-6633.16,-373.425,0,0,0,70539.7,69295.1,3907.37,68637.6,-3961.36,138890,4.00621e+15
20230101T000005.200000,6,575,1381.69,-335.738,-95.172,0,0,0,254.199,724.272,206.253,3058.86,-50.1176,3235.14,3.75904e+15
20230101T000005.200000,6,576,3897.67,-853.102,-31.5751,0,0,0,1227.04,5306.48,196.416,24310,-42.9905,25471.4,1.1637e+15
20230101T000005.200000,6,577,4912.98,-3.38138,676.76,0,0,0,795.633,26.0326,-5311.21,38619.9,3.65545,38621.1,2.73032e+15
20230101T000005.200000,6,578,11554.6,4098.64,1444.26,0,0,0,29898.6,-74701.6,-26693.6,213994,-9468.72,240493,7.65221e+14
20230101T000005.200000,6,579,848.527,1051.47,-40.0637,0,0,0,1795.17,-1395.02,53.2015,1192.28,65.9258,2921,1.02266e+15
20230101T000005.200000,6,580,381.27,315.206,72.1137,0,0,0,201.135,-157.424,-36.9507,261.407,-30.5482,392.886,4.2885e+24
20230101T000005.200000,4,534,377.706,328.014,71.8463,5.56265,-4.78522,0.16739,224.847,-134.01,-25.5231,182.477,-29.8749,339.652,0
20230101T000005.200000,3,537,6542.75,-6633.16,-373.425,0,0,0,2500,0,0,2500,0,2500,0
20230101T000005.200000,3,538,1381.69,-335.738,-95.172,0,0,0,2500,0,0,2500,0,2500,0
20230101T000005.200000,3,539,3897.67,-853.102,-31.5751,0,0,0,2500,0,0,2500,0,2500,0
20230101T000005.200000,3,540,4912.98,-3.38138,676.76,0,0,0,2500,0,0,2500,0,2500,0
20230101T000005.200000,3,541,11554.6,4098.64,1444.26,0,0,0,2500,0,0,2500,0,2500,0
20230101T000005.200000,3,542,848.527,1051.47,-40.0637,0,0,0,2500,0,0,2500,0,2500,0
20230101T000005.300000,6,581,7804.51,-7174.61,-1673.43,0,0,0,84822.3,87327.5,20889.2,99537.4,-19203.2,179818,5.68294e+14
20230101T000005.300000,6,582,6245.78,-7976.06,-715.778,0,0,0,102124,79277.9,7150.17,62963.3,-9130.99,164204,4.11022e+15
20230101T000005.300000,6,583,7509.83,-4970.91,-654.804,0,0,0,40057.3,59384.1,7864.09,90464.4,-5205.41,129772,9.50124e+15
20230101T000005.300000,6,584,10046.8,-3756.67,-696.417,0,0,0,23316.9,60112.6,11190.9,161604,-4184.49,184081,5.84052e+14
20230101T000005.300000,6,585,4645.98,-2469.91,-921.542,0,0,0,10868.5,17771.3,6840.75,34849.4,-3636.7,44298.9,4.54075e+14
20230101T000005.300000,6,586,9335.89,-2414.58,1107.25,0,0,0,11226.2,35576.9,-16532.5,139581,4275.86,148783,7.33885e+14
20230101T000005.300000,6,587,3648.96,-139.384,-461.174,0,0,0,433.783,798.391,2684.54,21304.5,-102.545,21336,1.2595e+15
20230101T000005.300000,6,588,10645.7,-69.7947,675.29,0,0,0,801.131,1183.62,-11498.3,181329,75.3842,181337,1.10125e+15
20230101T000005.300000,6,589,12170.3,1178.83,-1132.6,0,0,0,4319.66,-22751.7,22048.8,237007,2135.66,239211,7.96571e+14
20230101T000005.300000,6,590,2960.46,1010.3,205.794,0,0,0,1750.9,-4745.33,-970.824,14036.6,-331.308,15656.3,2.85958e+15
20230101T000005.300000,6,591,428.58,247.257,71.0976,0,0,0,150.932,-138.908,-40.949,311.568,-23.6243,393.001,3.45141e+24
20230101T000005.300000,6,592,1198.15,1293.01,124.066,0,0,0,2715.78,-2434.71,-234.793,2344.4,-253.382,4972.18,2.36976e+15
20230101T000005.300000,6,593,6745.13,5252.54,403.236,0,0,0,44344.3,-56529.4,-4349.43,72917.1,-3386.97,116938,2.9737e+15
20230101T000005.300000,6,594,5663.33,6924.08,-713.443,0,0,0,77060.5,-62311,6461.52,51843.3,7899.97,128026,7.50351e+14
20230101T000005.300000,3,543,7804.51,-7174.61,-1673.43,0,0,0,2500,0,0,2500,0,2500,0
20230101T000005.300000,3,544,6245.78,-7976.06,-715.778,0,0,0,2500,0,0,2500,0,2500,0
20230101T000005.300000,3,545,7509.83,-4970.91,-654.804,0,0,0,2500,0,0,2500,0,2500,0
20230101T000005.300000,3,546,10046.8,-3756.67,-696.417,0,0,0,2500,0,0,2500,0,2500,0
20230101T000005.300000,3,547,4645.98,-2469.91,-921.542,0,0,0,2500,0,0,2500,0,2500,0
20230101T000005.300000,3,548,9335.89,-2414.58,1107.25,0,0,0,2500,0,0,2500,0,2500,0
20230101T000005.300000,3,549,3648.96,-139.384,-461.174,0,0,0,2500,0,0,2500,0,2500,0
20230101T000005.300000,3,550,10645.7,-69.7947,675.29,0,0,0,2500,0,0,2500,0,2500,0
20230101T000005.300000,3,551,12170.3,1178.83,-1132.6,0,0,0,2500,0,0,2500,0,2500,0
20230101T000005.300000,3,552,2960.46,1010.3,205.794,0,0,0,2500,0,0,2500,0,2500,0
20230101T000005.300000,3,553,428.58,247.257,71.0976,0,0,0,2500,0,0,2500,0,2500,0
20230101T000005.300000,3,554,1198.15,1293.01,124.066,0,0,0,2500,0,0,2500,0,2500,0
20230101T000005.300000,3,555,6745.13,5252.54,403.236,0,0,0,2500,0,0,2500,0,2500,0
20230101T000005.300000,3,556,5663.33,6924.08,-713.443,0,0,0,2500,0,0,2500,0,2500,0
20230101T000005.400000,6,595,2153.17,-2682.5,379.922,0,0,0,11628.5,9097.79,-1304.49,7596.73,1625.17,18931.9,4.13011e+15
20230101T000005.400000,6,596,1782.73,157.24,-307.297,0,0,0,251.171,-429.843,865.894,5086.67,76.3732,5126.42,3.45708e+15
20230101T000005.400000,6,597,6263.73,1108.45,-293.516,0,0,0,2161.43,-11074.2,2938.71,62781.1,520.042,64740.9,5.40582e+14
20230101T000005.400000,6,598,9659.7,5268.72,-1101.91,0,0,0,45961.2,-80587.5,17025,149756,9285.98,193711,5.14269e+14
20230101T000005.400000,6,599,465.621,167.945,69.7193,0,0,0,107.541,-102.606,-43.6256,355.005,-15.7353,393.259,4.30395e+24
20230101T000005.400000,6,600,6104.04,3957.84,-1077.35,0,0,0,26414.7,-37777.8,10514.1,60183.1,6817.3,84679.5,4.32291e+15
20230101T000005.400000,6,601,1162.8,826.264,-206.109,0,0,0,1179.16,-1475.55,376.077,2207.19,267.234,3257,3.24208e+15
20230101T000005.400000,6,602,5928.65,4115.39,-1408.64,0,0,0,29282.4,-37521.9,13352.2,57290.6,9268.49,83338.9,4.21313e+15
20230101T000005.400000,4,553,466.637,181.629,69.9079,3.76803,-6.4978,-0.117799,135.803,-117.287,-34.4778,271.436,-19.8909,339.426,0
20230101T000005.400000,3,557,2153.17,-2682.5,379.922,0,0,0,2500,0,0,2500,0,2500,0
20230101T000005.400000,3,558,1782.73,157.24,-307.297,0,0,0,2500,0,0,2500,0,2500,0
20230101T000005.400000,3,559,6263.73,1108.45,-293.516,0,0,0,2500,0,0,2500,0,2500,0
20230101T000005.400000,3,560,9659.7,5268.72,-1101.91,0,0,0,2500,0,0,2500,0,2500,0
20230101T000005.400000,3,561,6104.04,3957.84,-1077.35,0,0,0,2500,0,0,2500,0,2500,0
20230101T000005.400000,3,562,1162.8,826.264,-206.109,0,0,0,2500,0,0,2500,0,2500,0
20230101T000005.400000,3,563,5928.65,4115.39,-1408.64,0,0,0,2500,0,0,2500,0,2500,0
20230101T000005.500000,6,603,968.149,-980.511,250.905,0,0,0,1618.55,1437.52,-380.737,1582.07,385.598,3039.99,6.69473e+14
20230101T000005.500000,6,604,6003.96,-8987.04,2892.66,0,0,0,133377,80120.9,-27779,66973.9,41581,186907,5.48858e+14
20230101T000005.500000,6,605,8375.2,-8883.46,-1825.83,0,0,0,128805,116348,24460.3,115087,-25944.7,238497,1.08304e+15
20230101T000005.500000,6,606,2797.9,-1454.32,-197.591,0,0,0,3483.45,6458.82,880.999,12552,-457.935,15909.5,4.9813e+14
20230101T000005.500000,6,607,5159.6,-1408.22,736.817,0,0,0,4039.78,11388.7,-6074.35,42659,1657.88,45768.5,3.16234e+15
20230101T000005.500000,6,608,4233.96,-2136.57,-202.293,0,0,0,7407,14421.8,1367.97,28708.5,-690.315,35986.3,2.35359e+15
20230101T000005.500000,6,609,8465.01,-3459.08,-2017.73,0,0,0,24778.5,44547.5,27315.7,115591,-11162.1,133797,7.7692e+14
20230101T000005.500000,6,610,11085.8,2039.88,-1858.95,0,0,0,12066.1,-35186.7,32962.5,196814,6065.41,203290,2.628e+15
20230101T000005.500000,6,611,487.308,84.7768,72.3486,0,0,0,80.447,-54.1051,-47.3802,382.038,-8.24271,392.791,1.14455e+24
20230101T000005.500000,6,612,9138.78,-386.647,2357.47,0,0,0,9175.45,5275.5,-34455.5,133644,1457.76,133871,7.34913e+14
20230101T000005.500000,6,613,6585.64,271.712,-858.33,0,0,0,1357.72,-2811.9,9036.05,69395.1,372.813,69512.2,1.48504e+16
20230101T000005.500000,6,614,9176.94,4044.5,1370.99,0,0,0,28743.6,-58252.8,-20122.5,135245,-8868.46,160920,2.17848e+15
20230101T000005.500000,6,615,9583.3,4204.17,1595.74,0,0,0,31749.2,-62941.9,-24459.2,147611,-10730.2,175225,6.81681e+14
20230101T000005.500000,6,616,7524.81,1538.8,314.694,0,0,0,4002.07,-18483.1,-3786.26,90605.4,-774.278,94385.3,1.07674e+15
20230101T000005.500000,6,617,7936.86,8790.1,2852.97,0,0,0,129502,-105117,-36220,107998,-40113.8,224419,5.8649e+14
20230101T000005.500000,3,564,968.149,-980.511,250.905,0,0,0,2500,0,0,2500,0,2500,0
20230101T000005.500000,3,565,6003.96,-8987.04,2892.66,0,0,0,2500,0,0,2500,0,2500,0
20230101T000005.500000,3,566,8375.2,-8883.46,-1825.83,0,0,0,2500,0,0,2500,0,2500,0
20230101T000005.500000,3,567,2797.9,-1454.32,-197.591,0,0,0,2500,0,0,2500,0,2500,0
20230101T000005.500000,3,568,5159.6,-1408.22,736.817,0,0,0,2500,0,0,2500,0,2500,0
20230101T000005.500000,3,569,4233.96,-2136.57,-202.293,0,0,0,2500,0,0,2500,0,2500,0
20230101T000005.500000,3,570,8465.01,-3459.08,-2017.73,0,0,0,2500,0,0,2500,0,2500,0
20230101T000005.500000,3,571,11085.8,2039.88,-1858.95,0,0,0,2500,0,0,2500,0,2500,0
20230101T000005.500000,3,572,487.308,84.7768,72.3486,0,0,0,2500,0,0,2500,0,2500,0
20230101T000005.500000,3,573,9138.78,-386.647,2357.47,0,0,0,2500,0,0,2500,0,2500,0
20230101T000005.500000,3,574,6585.64,271.712,-858.33,0,0,0,2500,0,0,2500,0,2500,0
20230101T000005.500000,3,575,9176.94,4044.5,1370.99,0,0,0,2500,0,0,2500,0,2500,0
20230101T000005.500000,3,576,9583.3,4204.17,1595.74,0,0,0,2500,0,0,2500,0,2500,0
20230101T000005.500000,3,577,7524.81,1538.8,314.694,0,0,0,2500,0,0,2500,0,2500,0
20230101T000005.500000,3,578,7936.86,8790.1,2852.97,0,0,0,2500,0,0,2500,0,2500,0
20230101T000005.600000,6,618,7278.62,-8159.82,963.421,0,0,0,107218,94258.3,-11216.1,85627.7,12574,191298,3.58048e+14
20230101T000005.600000,6,619,7405.97,-6273.68,899.194,0,0,0,63764.7,73670.9,-10650.6,88324.3,9022.21,150732,2.6864e+15
20230101T000005.600000,6,620,10177.3,-4614.78,2670.56,0,0,0,43589.1,70830.9,-43473.4,167680,19712.5,199801,1.70864e+15
20230101T000005.600000,6,621,6040.77,-1790.38,-1029.79,0,0,0,6745.78,16825.2,9943.4,58527.5,-2947.05,63515.8,7.66328e+14
20230101T000005.600000,6,622,2782.74,-1317.62,632.393,0,0,0,3350.64,5595.3,-2804.26,12518.3,1327.81,15170.2,7.54775e+14
20230101T000005.600000,6,623,495.087,0.304275,68.8656,0,0,0,70.3733,-0.197778,-45.8179,392.178,-0.0281592,393.393,1.53351e+24
20230101T000005.600000,6,624,10751.7,71.1816,530.434,0,0,0,522.106,-1221.12,-9121.79,184959,-60.3906,184968,3.78684e+14
20230101T000005.600000,6,625,8541.18,-209.781,-622.886,0,0,0,754.441,2850.04,8507.65,116723,-208.957,116794,3.7909e+14
20230101T000005.600000,6,626,6372.95,924.578,869.525,0,0,0,2614.09,-9246.85,-8857.9,65009.4,-1285.09,66352.1,6.09979e+14
20230101T000005.600000,6,627,2645.91,1482.55,522.23,0,0,0,3896.14,-6063.73,-2201.5,11320.5,-1233.54,14719.9,6.61178e+15
20230101T000005.600000,6,628,9681.76,6001.17,-765.176,0,0,0,58345.2,-92514.9,11849.6,150256,7344.86,207601,7.8572e+14
20230101T000005.600000,6,629,3725.4,4818.52,449.121,0,0,0,37293.6,-28534.5,-2674.18,22447.6,-3458.84,59355.1,7.58318e+14
20230101T000005.600000,4,550,10741.1,-68.3436,679.128,26.266,0.399393,1.05624,73.1524,17.1214,-165.666,2684.55,1.08613,2674.31,0
20230101T000005.600000,4,572,500.303,12.4346,69.3425,1.28662,-7.1626,-0.29764,76.2889,-45.6879,-39.8922,330.961,-6.94002,339.246,0
20230101T000005.600000,3,579,7278.62,-8159.82,963.421,0,0,0,2500,0,0,2500,0,2500,0
20230101T000005.600000,3,580,7405.96,-6273.68,899.194,0,0,0,2500,0,0,2500,0,2500,0
20230101T000005.600000,3,581,10177.3,-4614.78,2670.56,0,0,0,2500,0,0,2500,0,2500,0
20230101T000005.600000,3,582,6040.77,-1790.38,-1029.79,0,0,0,2500,0,0,2500,0,2500,0
20230101T000005.600000,3,583,2782.74,-1317.62,632.393,0,0,0,2500,0,0,2500,0,2500,0
20230101T000005.600000,3,584,8541.18,-209.781,-622.886,0,0,0,2500,0,0,2500,0,2500,0
20230101T000005.600000,3,585,6372.95,924.578,869.525,0,0,0,2500,0,0,2500,0,2500,0
20230101T000005.600000,3,586,2645.91,1482.55,522.23,0,0,0,2500,0,0,2500,0,2500,0
20230101T000005.600000,3,587,9681.76,6001.17,-765.176,0,0,0,2500,0,0,2500,0,2500,0
20230101T000005.600000,3,588,3725.4,4818.52,449.121,0,0,0,2500,0,0,2500,0,2500,0
20230101T000005.700000,6,630,1894.19,-1468.42,326.932,0,0,0,3596.06,4337.1,-984.062,5828.51,762.865,9191.9,1.99175e+15
20230101T000005.700000,6,631,2771.92,-2677.62,651.388,0,0,0,11854.8,11505.1,-2881.38,12651.4,2783.36,23766.8,4.97426e+14
20230101T000005.700000,6,632,8060.82,-6331.47,-1843.06,0,0,0,67539.6,78988.6,23761.8,106060,-18664,168105,2.6847e+15
20230101T000005.700000,6,633,3592.05,-4043.8,-577.273,0,0,0,26426.8,22944.7,3313.27,20977.9,-3729.95,46809,7.30616e+14
20230101T000005.700000,6,634,2671.63,-1182.25,-241.305,0,0,0,2367.4,4995.65,1026.69,11445.9,-454.327,13657,5.42834e+14
20230101T000005.700000,6,635,7800.65,-3190.68,-829.758,0,0,0,17286.7,39414.8,10350.5,97527.2,-4233.63,113650,6.351e+14
20230101T000005.700000,6,636,2686.39,-278.485,-120.636,0,0,0,210.317,1188.05,515.68,11547.6,-53.4582,11670.9,4.2322e+14
20230101T000005.700000,6,637,1564.19,64.104,-137.748,0,0,0,100.285,-156.593,339.159,3914.87,13.8995,3921.77,3.768e+15
20230101T000005.700000,6,638,487.57,-85.4475,69.5565,0,0,0,80.0829,54.6711,-45.5751,382.459,7.98713,393.28,1.75809e+24
20230101T000005.700000,6,639,5350.32,105.498,-496.824,0,0,0,476.017,-894.084,4247.18,45801.7,83.7463,45819.9,7.58798e+14
20230101T000005.700000,6,640,9785.67,5739.07,-597.222,0,0,0,53171.2,-89580.1,9347.85,153377,5482.3,205914,1.92318e+15
20230101T000005.700000,6,641,5483.12,2554.19,-644.87,0,0,0,11037,-22129,5651.32,48233.3,2632.55,58542.4,7.81859e+15
20230101T000005.700000,6,642,5341.86,6232.39,636.353,0,0,0,62449.7,-52916.5,-5435.68,46066.9,-6341.86,107805,2.30066e+15
20230101T000005.700000,6,643,5668.08,3852.2,1027.75,0,0,0,24942,-34120.6,-9312.82,51957.1,-6329.29,75148,1.76406e+15
20230101T000005.700000,4,587,9637.04,5969.51,-759.521,-4.4272,-3.13426,0.559924,745.413,-1084.26,138.255,1822.59,85.6965,2483.87,0
20230101T000005.700000,3,589,1894.19,-1468.42,326.932,0,0,0,2500,0,0,2500,0,2500,0
20230101T000005.700000,3,590,2771.92,-2677.62,651.388,0,0,0,2500,0,0,2500,0,2500,0
20230101T000005.700000,3,591,8060.82,-6331.47,-1843.06,0,0,0,2500,0,0,2500,0,2500,0
20230101T000005.700000,3,592,3592.05,-4043.8,-577.273,0,0,0,2500,0,0,2500,0,2500,0
20230101T000005.700000,3,593,2671.63,-1182.25,-241.305,0,0,0,2500,0,0,2500,0,2500,0
20230101T000005.700000,3,594,7800.65,-3190.68,-829.758,0,0,0,2500,0,0,2500,0,2500,0
20230101T000005.700000,3,595,2686.39,-278.485,-120.636,0,0,0,2500,0,0,2500,0,2500,0
20230101T000005.700000,3,596,1564.19,64.104,-137.748,0,0,0,2500,0,0,2500,0,2500,0
20230101T000005.700000,3,597,487.57,-85.4474,69.5565,0,0,0,2500,0,0,2500,0,2500,0
20230101T000005.700000,3,598,5350.32,105.498,-496.824,0,0,0,2500,0,0,2500,0,2500,0
20230101T000005.700000,3,599,5483.12,2554.19,-644.87,0,0,0,2500,0,0,2500,0,2500,0
20230101T000005.700000,3,600,5341.86,6232.39,636.353,0,0,0,2500,0,0,2500,0,2500,0
20230101T000005.700000,3,601,5668.08,3852.2,1027.75,0,0,0,2500,0,0,2500,0,2500,0
20230101T000005.800000,6,644,1504.98,-1014.33,13.5453,0,0,0,1690.4,2412.69,-32.2205,3644.04,21.7161,5270.15,3.77905e+15
20230101T000005.800000,6,645,3713.96,-1148.73,-540.296,0,0,0,2594.94,6676.6,3202.28,22115.9,-990.472,24182.2,9.84561e+14
20230101T000005.800000,6,646,465.703,-167.944,69.2854,0,0,0,107.472,102.657,-43.3623,355.115,15.6375,393.365,6.24862e+23
20230101T000005.800000,6,647,6946.15,-3286.39,-820.281,0,0,0,18211.9,36083.7,9110.36,77406.9,-4310.33,94479.7,3.68645e+15
20230101T000005.800000,6,648,8981.29,-1694.53,-1197.58,0,0,0,6870.91,23921,17201.2,129143,-3245.42,133657,1.02955e+15
20230101T000005.800000,6,649,3210.05,-397.861,-300.327,0,0,0,457.893,2018.08,1536.66,16490.2,-190.457,16740.9,3.10486e+15
20230101T000005.800000,6,650,10066.2,465.007,-641.208,0,0,0,1066.01,-7456.1,10323.2,162127,476.879,162472,7.28283e+14
20230101T000005.800000,6,651,4725.55,710.875,-634.432,0,0,0,1499.8,-5270.86,4788.61,35745,720.361,36539,7.69453e+14
20230101T000005.800000,6,652,2210.58,1294.77,-129.718,0,0,0,2749.84,-4539.92,456.016,7841.87,267.094,10501.1,2.33355e+15
20230101T000005.800000,6,653,9600.51,4377.4,1036.7,0,0,0,32134.7,-66567.4,-15918.9,147779,-7258.3,178131,5.22535e+14
20230101T000005.800000,6,654,9351.57,3196.58,234.564,0,0,0,16485.1,-47782.4,-3508.22,139939,-1199.19,156272,4.95521e+14
20230101T000005.800000,6,655,8135.65,2817.72,2088.97,0,0,0,18991.5,-34500.5,-27178.3,106656,-9413,118609,1.0131e+15
20230101T000005.800000,6,656,1676.95,1087.23,-135.996,0,0,0,1956.99,-2874.58,361.257,4527.06,234.217,6391.05,5.16069e+14
20230101T000005.800000,6,657,3706.85,5377.66,-645.225,0,0,0,46505.8,-31553.8,3823.25,22479.6,5546.53,68256.6,5.42263e+14
20230101T000005.800000,4,576,9597.95,4213.11,1589.77,4.03117,2.46106,-1.6416,535.462,-942.239,-357.767,2269.91,-156.952,2624.63,0
20230101T000005.800000,4,597,474.856,-158.309,69.3228,-1.2588,-7.21403,-0.0231379,75.9811,46.1561,-38.373,331.263,6.72493,339.662,0
20230101T000005.800000,3,602,1504.98,-1014.33,13.5453,0,0,0,2500,0,0,2500,0,2500,0
20230101T000005.800000,3,603,3713.96,-1148.74,-540.296,0,0,0,2500,0,0,2500,0,2500,0
20230101T000005.800000,3,604,6946.15,-3286.39,-820.281,0,0,0,2500,0,0,2500,0,2500,0
20230101T000005.800000,3,605,8981.28,-1694.53,-1197.58,0,0,0,2500,0,0,2500,0,2500,0
20230101T000005.800000,3,606,3210.05,-397.861,-300.327,0,0,0,2500,0,0,2500,0,2500,0
20230101T000005.800000,3,607,10066.2,465.007,-641.208,0,0,0,2500,0,0,2500,0,2500,0
20230101T000005.800000,3,608,4725.55,710.875,-634.432,0,0,0,2500,0,0,2500,0,2500,0
20230101T000005.800000,3,609,2210.58,1294.77,-129.718,0,0,0,2500,0,0,2500,0,2500,0
20230101T000005.800000,3,610,9351.57,3196.58,234.564,0,0,0,2500,0,0,2500,0,2500,0
20230101T000005.800000,3,611,8135.65,2817.72,2088.97,0,0,0,2500,0,0,2500,0,2500,0
20230101T000005.800000,3,612,1676.95,1087.23,-135.996,0,0,0,2500,0,0,2500,0,2500,0
20230101T000005.800000,3,613,3706.85,5377.66,-645.225,0,0,0,2500,0,0,2500,0,2500,0
20230101T000005.900000,6,658,3417.29,-3147.79,-510.479,0,0,0,16113.5,16971.8,2786.02,18904.9,-2566.3,34539,5.85223e+14
20230101T000005.900000,6,659,6538.04,-5378.57,210.116,0,0,0,46366.7,56198.4,-2196.77,68447.9,1807.19,114680,7.28069e+14
20230101T000005.900000,6,660,3658.1,-756.95,-131.725,0,0,0,1004.67,4412.21,768.774,21414.5,-159.078,22327.6,3.35399e+15
20230101T000005.900000,6,661,428.448,-247.722,69.5567,0,0,0,151.024,139.268,-40.0462,311.372,23.154,393.134,6.97146e+21
20230101T000005.900000,6,662,3086.36,53.533,-215.441,0,0,0,142.497,-261.964,1059.44,15241.1,18.376,15245.9,5.50596e+14
20230101T000005.900000,6,663,11420.5,108.551,888.749,0,0,0,1346.15,-1970.92,-16235,208684,-154.313,208703,1.13093e+16
20230101T000005.900000,6,664,10601.2,1676.46,-1179.71,0,0,0,6730.97,-28082.8,20003.4,179874,3163.31,184315,5.2517e+14
20230101T000005.900000,6,665,6087.62,35.781,-580.014,0,0,0,603.718,-344.977,5643.4,59294.6,33.1701,59297.2,3.19987e+15
20230101T000005.900000,6,666,7707.59,-1816.64,-1510.55,0,0,0,8797.44,21574.1,18616.8,95246.4,-4387.88,100334,6.39956e+14
20230101T000005.900000,6,667,8669.61,4817.37,-30.4745,0,0,0,37181.3,-66795.7,422.551,120275,234.795,157391,4.97303e+14
20230101T000005.900000,6,668,5837.72,3306,-1414.78,0,0,0,19958.7,-29479.7,13203.3,55319,7477.23,72016.5,5.49626e+14
20230101T000005.900000,6,669,2700.55,2911.31,-149.335,0,0,0,13607.2,-12529.7,643.624,11722.2,693.854,25229.9,5.67787e+14
20230101T000005.900000,6,670,5560.95,7470.13,1255.72,0,0,0,90206.7,-65227.1,-11167.7,51142.4,-15001.8,138764,3.86818e+14
20230101T000005.900000,3,614,3417.28,-3147.79,-510.479,0,0,0,2500,0,0,2500,0,2500,0
20230101T000005.900000,3,615,6538.04,-5378.57,210.116,0,0,0,2500,0,0,2500,0,2500,0
20230101T000005.900000,3,616,3658.1,-756.95,-131.725,0,0,0,2500,0,0,2500,0,2500,0
20230101T000005.900000,3,617,428.448,-247.722,69.5567,0,0,0,2500,0,0,2500,0,2500,0
20230101T000005.900000,3,618,3086.36,53.533,-215.441,0,0,0,2500,0,0,2500,0,2500,0
20230101T000005.900000,3,619,11420.5,108.551,888.749,0,0,0,2500,0,0,2500,0,2500,0
20230101T000005.900000,3,620,10601.2,1676.46,-1179.71,0,0,0,2500,0,0,2500,0,2500,0
20230101T000005.900000,3,621,6087.62,35.781,-580.014,0,0,0,2500,0,0,2500,0,2500,0
20230101T000005.900000,3,622,7707.59,-1816.64,-1510.55,0,0,0,2500,0,0,2500,0,2500,0
20230101T000005.900000,3,623,8669.61,4817.37,-30.4745,0,0,0,2500,0,0,2500,0,2500,0
20230101T000005.900000,3,624,5837.72,3306,-1414.78,0,0,0,2500,0,0,2500,0,2500,0
20230101T000005.900000,3,625,2700.55,2911.31,-149.335,0,0,0,2500,0,0,2500,0,2500,0
20230101T000005.900000,3,626,5560.95,7470.14,1255.72,0,0,0,2500,0,0,2500,0,2500,0
20230101T000006,6,671,8992.32,-6644.63,-595.17,0,0,0,71049.7,95299.7,8560.4,129602,-6325.48,200021,2.13671e+15
20230101T000006,6,672,380.228,-316.439,71.627,0,0,0,202.099,157.653,-36.5987,260.327,30.4588,392.846,3.11809e+23
20230101T000006,6,673,8412.46,-2855.23,-1989.6,0,0,0,18777.8,36485.1,26767,113892,-9084.84,126278,1.27508e+15
20230101T000006,6,674,5363.62,-2748.65,1254.3,0,0,0,14130.3,22541.7,-10752.8,46565.8,5510.39,58120.2,7.36257e+15
20230101T000006,6,675,1359.27,-803.203,53.0942,0,0,0,1082.94,1716.86,-113.62,2973.91,67.139,3988.49,7.47606e+14
20230101T000006,6,676,3394.33,-278.407,-312.748,0,0,0,342.51,1494.09,1692.7,18435.8,-138.838,18558.9,8.12601e+14
20230101T000006,6,677,8409.21,291.209,958.945,0,0,0,1668.35,-3865.06,-12895.1,113145,-446.556,113280,6.97415e+14
20230101T000006,6,678,7884.6,1107.07,900.476,0,0,0,3295.23,-13778.8,-11352.8,99493.5,-1594.03,101429,7.39118e+14
20230101T000006,6,679,1394.64,590.023,29.2922,0,0,0,612.431,-1293.14,-64.2236,3121.95,-27.1708,3669.06,6.88054e+14
20230101T000006,6,680,5511.67,1000.56,-83.8446,0,0,0,1674.62,-8810.38,738.456,48608,134.055,50207.4,5.28654e+14
20230101T000006,4,617,391.86,-310.629,71.3454,-3.62255,-6.22845,0.177098,135.876,117.583,-33.7194,271.258,19.496,339.553,0
20230101T000006,3,627,8992.32,-6644.63,-595.17,0,0,0,2500,0,0,2500,0,2500,0
20230101T000006,3,628,8412.46,-2855.23,-1989.6,0,0,0,2500,0,0,2500,0,2500,0
20230101T000006,3,629,5363.62,-2748.65,1254.3,0,0,0,2500,0,0,2500,0,2500,0
20230101T000006,3,630,1359.27,-803.203,53.0942,0,0,0,2500,0,0,2500,0,2500,0
20230101T000006,3,631,3394.33,-278.407,-312.748,0,0,0,2500,0,0,2500,0,2500,0
20230101T000006,3,632,8409.21,291.209,958.945,0,0,0,2500,0,0,2500,0,2500,0
20230101T000006,3,633,7884.6,1107.07,900.476,0,0,0,2500,0,0,2500,0,2500,0
20230101T000006,3,634,1394.64,590.023,29.2922,0,0,0,2500,0,0,2500,0,2500,0
20230101T000006,3,635,5511.67,1000.56,-83.8446,0,0,0,2500,0,0,2500,0,2500,0
20230101T000006.100000,6,681,9003.71,-7367.24,-1331.27,0,0,0,88578.3,104711,19172.6,130869,-15687.9,216550,6.68606e+14
20230101T000006.100000,6,682,6801.47,-7268.94,288.45,0,0,0,84632.1,79004.9,-3137.75,74121.1,3353.41,158556,1.87939e+15
20230101T000006.100000,6,683,4353.96,-3519.4,554.558,0,0,0,20153.8,24245.8,-3858.35,30550.7,3118.78,50149.6,4.42651e+15
20230101T000006.100000,6,684,7135.16,-3946.25,300.587,0,0,0,25076.3,44963.2,-3429.51,81505.7,1896.77,106374,6.34506e+14
20230101T000006.100000,6,685,2300.77,524.202,90.6715,0,0,0,512.917,-1913.01,-331.388,8473.44,-75.5027,8909.39,7.8067e+14
20230101T000006.100000,6,686,4638.03,1768.66,512.698,0,0,0,5427.52,-12963.8,-3798.54,34479.5,-1448.53,39423.8,3.63269e+15
20230101T000006.100000,6,687,7594.82,7631.2,-2794.98,0,0,0,99425.9,-86452.8,33952.8,98599.7,34115.4,185471,6.73304e+14
20230101T000006.100000,6,688,8171.59,7713.75,27.4902,0,0,0,95237.7,-100821,-359.308,106871,-339.177,202043,5.16566e+14
20230101T000006.100000,6,689,9746.02,5807.36,-2317.48,0,0,0,60347.6,-86752.1,36127.2,154244,21527.1,205939,1.17469e+15
20230101T000006.100000,6,690,6477.58,5568.32,-381.302,0,0,0,49780.5,-57564.2,3949.7,67260.4,3395.28,116745,3.85084e+15
20230101T000006.100000,6,691,439.206,524.566,-147.707,0,0,0,479.859,-321.347,95.3225,365.113,113.849,751.764,3.58228e+23
20230101T000006.100000,6,692,5829.9,7368.27,-157.533,0,0,0,86906.1,-68679.5,1468.78,54444.1,1856.35,141247,5.91136e+14
20230101T000006.100000,6,693,5401.54,3879.4,-599.428,0,0,0,24500.8,-33225.1,5175.89,46899.9,3717.34,70762.8,3.68318e+14
20230101T000006.100000,6,694,4221.33,3755.33,553.858,0,0,0,22873.4,-25088.8,-3736.19,28756.3,-3323.74,51076.1,4.59576e+15
20230101T000006.100000,3,636,9003.71,-7367.24,-1331.27,0,0,0,2500,0,0,2500,0,2500,0
20230101T000006.100000,3,637,6801.47,-7268.94,288.45,0,0,0,2500,0,0,2500,0,2500,0
20230101T000006.100000,3,638,4353.96,-3519.4,554.557,0,0,0,2500,0,0,2500,0,2500,0
20230101T000006.100000,3,639,7135.16,-3946.25,300.587,0,0,0,2500,0,0,2500,0,2500,0
20230101T000006.100000,3,640,2300.77,524.202,90.6715,0,0,0,2500,0,0,2500,0,2500,0
20230101T000006.100000,3,641,4638.03,1768.66,512.698,0,0,0,2500,0,0,2500,0,2500,0
20230101T000006.100000,3,642,7594.82,7631.2,-2794.98,0,0,0,2500,0,0,2500,0,2500,0
20230101T000006.100000,3,643,8171.59,7713.75,27.4902,0,0,0,2500,0,0,2500,0,2500,0
20230101T000006.100000,3,644,9746.02,5807.36,-2317.48,0,0,0,2500,0,0,2500,0,2500,0
20230101T000006.100000,3,645,6477.58,5568.32,-381.302,0,0,0,2500,0,0,2500,0,2500,0
20230101T000006.100000,3,646,439.206,524.566,-147.707,0,0,0,2500,0,0,2500,0,2500,0
20230101T000006.100000,3,647,5829.9,7368.27,-157.533,0,0,0,2500,0,0,2500,0,2500,0
20230101T000006.100000,3,648,5401.54,3879.4,-599.428,0,0,0,2500,0,0,2500,0,2500,0
20230101T000006.100000,3,649,4221.33,3755.33,553.858,0,0,0,2500,0,0,2500,0,2500,0
20230101T000006.200000,6,695,3102.88,-2071.06,-418.912,0,0,0,7100.83,10123.2,2073.83,15510.6,-1384.21,22268.2,2.29028e+15
20230101T000006.200000,6,696,7153.13,-8075.09,752.377,0,0,0,104758,91938.2,-8608.01,82410.7,9717.49,186199,3.77829e+14
20230101T000006.200000,6,697,3854.75,-5001.59,510.266,0,0,0,40204.4,30615.7,-3143.98,24075.8,4079.35,63800.4,1.06048e+15
20230101T000006.200000,6,698,1493.27,-590.222,146.098,0,0,0,641.815,1376.8,-343.691,3580.94,135.846,4125.65,4.95453e+14
20230101T000006.200000,6,699,4781.55,-2576.77,-292.295,0,0,0,10779,19629.8,2233.18,36626.2,-1203.46,47204.9,7.99262e+14
20230101T000006.200000,6,700,8089,-4064.91,792.954,0,0,0,27291.5,52180.5,-10257.7,104907,5154.76,131129,5.62415e+14
20230101T000006.200000,6,701,8295.39,-3814.06,337.712,0,0,0,23478.7,50529.1,-4480.17,110144,2059.9,133377,5.9051e+14
20230101T000006.200000,6,702,3388.46,539.516,301.574,0,0,0,669.58,-2892.55,-1629.48,18375.8,-259.448,18836.9,4.64129e+15
20230101T000006.200000,6,703,6087.14,48.6095,975.117,0,0,0,1587.44,-460.782,-9487.07,59285.3,-75.76,59290.5,2.27115e+15
20230101T000006.200000,6,704,5058.62,-534.953,-664.831,0,0,0,1219.49,4249.26,5372.82,40951.9,-568.18,41402.3,7.84834e+14
20230101T000006.200000,6,705,3798.54,1632.54,748.929,0,0,0,5074.09,-9573.97,-4541.43,23235.9,-1951.81,27352.6,7.29948e+14
20230101T000006.200000,6,706,10019.1,2909.16,-1301.32,0,0,0,16098.1,-45893,20853.2,160826,6055,174153,2.78991e+15
20230101T000006.200000,6,707,1487.89,1263.27,98.3694,0,0,0,2599.47,-2968.25,-231.728,3575.34,-196.746,6095.65,6.36056e+14
20230101T000006.200000,6,708,9388.35,7987.79,214.253,0,0,0,102167,-119920,-3217.53,141083,-2737.53,243113,6.00597e+14
20230101T000006.200000,6,709,525.633,438.463,-145.98,0,0,0,363.804,-321.87,112.746,481.173,94.0485,752.448,3.18577e+22
20230101T000006.200000,4,646,511.591,464.296,-146.388,7.16685,-5.96739,0.130526,375.115,-241.837,70.9436,288.76,84.7316,574.285,0
20230101T000006.200000,3,650,3102.88,-2071.06,-418.912,0,0,0,2500,0,0,2500,0,2500,0
20230101T000006.200000,3,651,7153.13,-8075.09,752.377,0,0,0,2500,0,0,2500,0,2500,0
20230101T000006.200000,3,652,3854.75,-5001.59,510.266,0,0,0,2500,0,0,2500,0,2500,0
20230101T000006.200000,3,653,1493.27,-590.222,146.098,0,0,0,2500,0,0,2500,0,2500,0
20230101T000006.200000,3,654,4781.55,-2576.77,-292.295,0,0,0,2500,0,0,2500,0,2500,0
20230101T000006.200000,3,655,8089,-4064.91,792.954,0,0,0,2500,0,0,2500,0,2500,0
20230101T000006.200000,3,656,8295.38,-3814.06,337.712,0,0,0,2500,0,0,2500,0,2500,0
20230101T000006.200000,3,657,3388.46,539.516,301.574,0,0,0,2500,0,0,2500,0,2500,0
20230101T000006.200000,3,658,6087.14,48.6095,975.117,0,0,0,2500,0,0,2500,0,2500,0
20230101T000006.200000,3,659,5058.62,-534.953,-664.831,0,0,0,2500,0,0,2500,0,2500,0
20230101T000006.200000,3,660,3798.54,1632.54,748.929,0,0,0,2500,0,0,2500,0,2500,0
20230101T000006.200000,3,661,10019.1,2909.16,-1301.32,0,0,0,2500,0,0,2500,0,2500,0
20230101T000006.200000,3,662,1487.89,1263.27,98.3694,0,0,0,2500,0,0,2500,0,2500,0
20230101T000006.200000,3,663,9388.35,7987.79,214.253,0,0,0,2500,0,0,2500,0,2500,0
20230101T000006.300000,6,710,858.706,-1063.76,-161.405,0,0,0,1851.9,1410.31,217.078,1243.26,-268.916,2991.23,3.01978e+15
20230101T000006.300000,6,711,7590.19,-9209.76,1493.5,0,0,0,137181,110064,-18132.5,94340.5,22001.6,227890,3.23691e+15
20230101T000006.300000,6,712,6602.83,-8046.97,1424.36,0,0,0,104937,83389.8,-15042.2,71733.3,18332.2,173363,8.30738e+15
20230101T000006.300000,6,713,4518.79,-3008.23,345.572,0,0,0,14655.7,21632.2,-2495.14,32749.5,1661.05,47150.6,4.71786e+14
20230101T000006.300000,6,714,2642.84,-1442.78,331.311,0,0,0,3514.62,6000.42,-1394.86,11230.2,761.482,14506.8,1.09786e+15
20230101T000006.300000,6,715,6759.24,-1979.25,-836.433,0,0,0,7356.98,21086.2,9038.65,73193,-2646.71,79368.4,2.42541e+15
20230101T000006.300000,6,716,5818.86,-1042.67,-1398.34,0,0,0,4829.42,9153.72,13004.7,54273.9,-2330.28,55917.5,1.48707e+15
20230101T000006.300000,6,717,3037.28,1216,-109.377,0,0,0,2437.43,-5880.65,529.549,14771.6,212.008,17126,1.0688e+15
20230101T000006.300000,6,718,592.156,341.609,-149.951,0,0,0,259.523,-281.656,130.469,585.27,75.2665,750.692,6.01443e+22
20230101T000006.300000,6,719,5758.23,2558.27,-476.84,0,0,0,10828.5,-23411.1,4388.8,53122,1949.86,63523.4,7.02254e+14
20230101T000006.300000,6,720,927.219,1397.9,-0.272154,0,0,0,3146.16,-2044.38,0.398015,1420.02,0.600059,4502.18,6.76329e+14
20230101T000006.300000,6,721,3201.22,2950.8,-308.457,0,0,0,14048.2,-15006.2,1576.59,16495.6,1453.25,30328.3,7.87519e+14
20230101T000006.300000,6,722,7201.69,9511.7,-412.521,0,0,0,144878,-109439,4752.03,83196.7,6276.28,227739,5.82633e+14
20230101T000006.300000,3,664,858.706,-1063.76,-161.405,0,0,0,2500,0,0,2500,0,2500,0
20230101T000006.300000,3,665,7590.19,-9209.76,1493.5,0,0,0,2500,0,0,2500,0,2500,0
20230101T000006.300000,3,666,6602.83,-8046.97,1424.36,0,0,0,2500,0,0,2500,0,2500,0
20230101T000006.300000,3,667,4518.8,-3008.23,345.572,0,0,0,2500,0,0,2500,0,2500,0
20230101T000006.300000,3,668,2642.84,-1442.78,331.311,0,0,0,2500,0,0,2500,0,2500,0
20230101T000006.300000,3,669,6759.24,-1979.25,-836.433,0,0,0,2500,0,0,2500,0,2500,0
20230101T000006.300000,3,670,5818.86,-1042.67,-1398.34,0,0,0,2500,0,0,2500,0,2500,0
20230101T000006.300000,3,671,3037.28,1216,-109.377,0,0,0,2500,0,0,2500,0,2500,0
20230101T000006.300000,3,672,592.156,341.609,-149.951,0,0,0,2500,0,0,2500,0,2500,0
20230101T000006.300000,3,673,5758.23,2558.27,-476.84,0,0,0,2500,0,0,2500,0,2500,0
20230101T000006.300000,3,674,927.219,1397.9,-0.272154,0,0,0,2500,0,0,2500,0,2500,0
20230101T000006.300000,3,675,3201.22,2950.8,-308.457,0,0,0,2500,0,0,2500,0,2500,0
20230101T000006.300000,3,676,7201.69,9511.7,-412.521,0,0,0,2500,0,0,2500,0,2500,0
20230101T000006.400000,6,723,8629.81,-6165.99,-507.448,0,0,0,61146.1,84913,7004.2,119319,-5004.5,179989,2.9276e+16
20230101T000006.400000,6,724,6661.25,-6508.95,-233.974,0,0,0,67863.9,69296.7,2492.55,71069.7,-2435.56,138782,4.07034e+15
20230101T000006.400000,6,725,3595.16,-3445.9,189.751,0,0,0,19062.1,19761,-1089.74,20738.4,1044.49,39679.1,7.09578e+14
20230101T000006.400000,6,726,7727.44,-2692.38,95.9664,0,0,0,11668.4,33263.8,-1185.81,95549.7,413.158,107139,1.36815e+15
20230101T000006.400000,6,727,9911.35,5993.7,-2292.14,0,0,0,63679.5,-91299.6,36338.8,159443,21975.2,214657,1.41622e+15
20230101T000006.400000,6,728,643.403,234.4,-144.284,0,0,0,171.415,-210.88,136.401,673.432,49.6927,752.979,6.60794e+22
20230101T000006.400000,6,729,4365.05,2217.35,469.13,0,0,0,8196.92,-15318.3,-3271.02,30571.1,-1661.61,38353,7.90669e+14
20230101T000006.400000,6,730,5970.85,2145.42,-296.866,0,0,0,7545.96,-20430.8,2833.26,57065.1,1018.03,64406.3,5.28312e+14
20230101T000006.400000,6,731,2927.43,1811.75,-263.259,0,0,0,5378.08,-8407.92,1228.94,13760,760.573,18964,3.52175e+15
20230101T000006.400000,6,732,2863,3422.33,-1087.77,0,0,0,19544.1,-14715.6,4973.43,14264.2,5945.07,31858.2,6.49298e+14
20230101T000006.400000,6,733,7011.87,4790.38,113.514,0,0,0,36774.1,-53703.8,-1272.81,78693,-869.56,115382,1.84968e+15
20230101T000006.400000,4,641,4560.92,1775.56,503.135,-21.223,1.89834,-2.63184,401.112,-819.005,-237.58,2236.5,-90.5986,2524.3,0
20230101T000006.400000,4,672,638.744,262.605,-145.627,4.61262,-7.82217,0.428144,209.336,-212.049,97.1042,454.579,56.0185,573.501,0
20230101T000006.400000,4,673,5794.81,2555.24,-472.343,3.62154,-0.299751,0.445229,463.708,-872.904,162.739,2040.66,72.3016,2415.52,0
20230101T000006.400000,3,677,8629.81,-6165.99,-507.448,0,0,0,2500,0,0,2500,0,2500,0
20230101T000006.400000,3,678,6661.26,-6508.95,-233.974,0,0,0,2500,0,0,2500,0,2500,0
20230101T000006.400000,3,679,3595.16,-3445.9,189.751,0,0,0,2500,0,0,2500,0,2500,0
20230101T000006.400000,3,680,7727.44,-2692.38,95.9664,0,0,0,2500,0,0,2500,0,2500,0
20230101T000006.400000,3,681,9911.35,5993.7,-2292.14,0,0,0,2500,0,0,2500,0,2500,0
20230101T000006.400000,3,682,2927.43,1811.75,-263.259,0,0,0,2500,0,0,2500,0,2500,0
20230101T000006.400000,3,683,2863,3422.33,-1087.77,0,0,0,2500,0,0,2500,0,2500,0
20230101T000006.400000,3,684,7011.87,4790.38,113.514,0,0,0,2500,0,0,2500,0,2500,0
20230101T000006.500000,6,734,1205.79,-1302.78,-9.53178,0,0,0,2745.16,2481.42,18.1558,2360.82,-19.6163,5041.84,6.98454e+14
20230101T000006.500000,6,735,3641.44,-3526.7,-787.479,0,0,0,20444.4,20020.5,4581.12,21726.6,-4436.77,41117.8,9.41069e+14
20230101T000006.500000,6,736,2877.57,-675.958,-18.2622,0,0,0,792.227,3097.82,83.6965,13252,-19.6608,13979.7,1.42178e+15
20230101T000006.500000,6,737,8645.74,-4831.87,-1038.77,0,0,0,38719,66078,14363.7,120024,-8027.51,156954,2.74136e+15
20230101T000006.500000,6,738,4439.65,-2758.49,100.888,0,0,0,12232.7,19558.8,-715.606,31559.1,444.627,43711.6,6.00108e+14
20230101T000006.500000,6,739,674.501,118.47,-144.389,0,0,0,114.257,-111.729,143.1,730.755,25.1342,753.103,7.68888e+21
20230101T000006.500000,6,740,9160.64,-1029.42,1451.48,0,0,0,5086.04,14707.2,-21264.6,134311,2389.59,135965,4.94942e+14
20230101T000006.500000,6,741,674.476,111.563,-149.569,0,0,0,114.204,-104.799,148.226,730.449,24.5177,750.707,7.17746e+21
20230101T000006.500000,6,742,7664.06,4792.23,538.443,0,0,0,37124.1,-58527.5,-6599.43,94128.8,-4126.53,130725,5.98563e+14
20230101T000006.500000,6,743,4641.53,1576.89,3.42338,0,0,0,4035.92,-11691.2,-25.3813,34476.8,-8.62289,38448.7,6.72537e+14
20230101T000006.500000,6,744,4513.76,5691.56,1659.68,0,0,0,53555.3,-38929.2,-11977.6,35341.3,-15103,84431.7,2.81951e+15
20230101T000006.500000,4,641,4559,1758.61,469.402,-42.175,-12.1198,-16.6722,383.85,-829.659,-237.774,2211.94,-91.663,2511.49,0
20230101T000006.500000,3,685,1205.79,-1302.78,-9.53178,0,0,0,2500,0,0,2500,0,2500,0
20230101T000006.500000,3,686,3641.44,-3526.7,-787.479,0,0,0,2500,0,0,2500,0,2500,0
20230101T000006.500000,3,687,2877.57,-675.958,-18.2622,0,0,0,2500,0,0,2500,0,2500,0
20230101T000006.500000,3,688,8645.74,-4831.87,-1038.77,0,0,0,2500,0,0,2500,0,2500,0
20230101T000006.500000,3,689,4439.65,-2758.49,100.888,0,0,0,2500,0,0,2500,0,2500,0
20230101T000006.500000,3,690,674.501,118.47,-144.389,0,0,0,2500,0,0,2500,0,2500,0
20230101T000006.500000,3,691,9160.64,-1029.42,1451.48,0,0,0,2500,0,0,2500,0,2500,0
20230101T000006.500000,3,692,674.476,111.563,-149.569,0,0,0,2500,0,0,2500,0,2500,0
20230101T000006.500000,3,693,7664.06,4792.23,538.443,0,0,0,2500,0,0,2500,0,2500,0
20230101T000006.500000,3,694,4513.76,5691.56,1659.68,0,0,0,2500,0,0,2500,0,2500,0
20230101T000006.600000,6,745,6725.5,-1952.61,1517.96,0,0,0,9556.81,20008.1,-16321.7,72663,4738.69,78474.8,5.92983e+14
20230101T000006.600000,6,746,8724.1,-3976.88,2340.46,0,0,0,32611.4,52180.9,-32656,123294,14886.2,147084,9.12151e+14
20230101T000006.600000,6,747,6535.14,-1123.88,-630.387,0,0,0,2700.13,11634.7,6585.53,68352.9,-1132.54,70354.4,4.35567e+14
20230101T000006.600000,6,748,11511.9,1506.36,-894.958,0,0,0,4953.08,-27572.6,16479.4,212061,2156.37,215669,9.84102e+14
20230101T000006.600000,6,749,684.905,2.06529,-144.356,0,0,0,94.6257,-1.97793,145.277,750.553,0.438074,753.281,7.36956e+22
20230101T000006.600000,6,750,8178.28,1019.5,-1096.43,0,0,0,3618.96,-13096.6,14338.7,107045,1787.47,108679,1.39164e+15
20230101T000006.600000,6,751,3001.89,1340.24,-122.412,0,0,0,2947.27,-6404.49,585.777,14432.8,261.529,17292.3,5.72076e+14
20230101T000006.600000,6,752,8629.94,4895.4,-2159.46,0,0,0,44035,-64366.9,29806,120993,16907.7,157508,3.49651e+15
20230101T000006.600000,6,753,7899.28,7564.33,2074.67,0,0,0,95175.2,-92133.4,-26213,103162,-25101.5,191391,1.96645e+15
20230101T000006.600000,4,671,3045.47,1238.19,-111.613,2.25307,6.10761,-0.615531,380.86,-788.731,70.9562,2035.16,28.4078,2348.74,0
20230101T000006.600000,4,692,689.325,27.9973,-145.601,1.47017,-8.27389,0.392844,99.9335,-78.8981,110.325,563.875,18.2486,573.536,0
20230101T000006.600000,3,695,6725.5,-1952.61,1517.96,0,0,0,2500,0,0,2500,0,2500,0
20230101T000006.600000,3,696,8724.1,-3976.88,2340.46,0,0,0,2500,0,0,2500,0,2500,0
20230101T000006.600000,3,697,6535.14,-1123.88,-630.387,0,0,0,2500,0,0,2500,0,2500,0
20230101T000006.600000,3,698,11511.9,1506.36,-894.958,0,0,0,2500,0,0,2500,0,2500,0
20230101T000006.600000,3,699,8178.28,1019.5,-1096.43,0,0,0,2500,0,0,2500,0,2500,0
20230101T000006.600000,3,700,8629.94,4895.4,-2159.46,0,0,0,2500,0,0,2500,0,2500,0
20230101T000006.600000,3,701,7899.28,7564.33,2074.67,0,0,0,2500,0,0,2500,0,2500,0
20230101T000006.700000,6,754,673.165,-124.777,-145.401,0,0,0,116.817,117.357,143.818,728.199,-26.658,752.714,9.277e+21
20230101T000006.700000,6,755,2121,-275.017,112.154,0,0,0,203.577,922.594,-377.288,7199.22,48.9206,7319.02,2.81175e+15
20230101T000006.700000,6,756,3176.79,-533.467,-479.854,0,0,0,874.544,2641.14,2429.83,16159,-408.033,16603.9,5.9722e+15
20230101T000006.700000,6,757,3888.41,520.824,377.042,0,0,0,719.758,-3202.01,-2339.71,24196.7,-313.387,24626.1,6.56039e+14
20230101T000006.700000,6,758,674.36,-115.934,-147.339,0,0,0,114.65,109.077,145.995,730.372,-25.0991,751.96,9.62676e+21
20230101T000006.700000,6,759,2044.39,1001.94,299.454,0,0,0,1772.64,-3195.83,-972.092,6727.24,-476.416,8294.58,9.69946e+14
20230101T000006.700000,6,760,10327.3,6153.29,357.257,0,0,0,60778.7,-101557,-5901.56,170715,-3516.32,231225,3.16953e+15
20230101T000006.700000,6,761,4804.66,1705.97,-568.035,0,0,0,5171.16,-12931.9,4360.1,37000.5,1548.13,41593,3.51401e+14
20230101T000006.700000,6,762,4866.16,6976.96,-864.559,0,0,0,78296.9,-53730.7,6727.65,38734.3,9645.92,115773,7.22035e+14
20230101T000006.700000,6,763,3928.54,5016.74,-394.604,0,0,0,40387.2,-31381.7,2477.92,24887.5,3164.29,64962,5.29135e+14
20230101T000006.700000,6,764,4707.44,4422.13,-445.474,0,0,0,31490.9,-33116.8,3352.06,35634.6,3148.9,66744.6,1.56536e+15
20230101T000006.700000,3,702,673.165,-124.777,-145.401,0,0,0,2500,0,0,2500,0,2500,0
20230101T000006.700000,3,703,2121,-275.017,112.154,0,0,0,2500,0,0,2500,0,2500,0
20230101T000006.700000,3,704,3176.79,-533.467,-479.854,0,0,0,2500,0,0,2500,0,2500,0
20230101T000006.700000,3,705,3888.41,520.824,377.042,0,0,0,2500,0,0,2500,0,2500,0
20230101T000006.700000,3,706,674.36,-115.934,-147.339,0,0,0,2500,0,0,2500,0,2500,0
20230101T000006.700000,3,707,2044.39,1001.94,299.454,0,0,0,2500,0,0,2500,0,2500,0
20230101T000006.700000,3,708,10327.3,6153.29,357.257,0,0,0,2500,0,0,2500,0,2500,0
20230101T000006.700000,3,709,4804.66,1705.97,-568.034,0,0,0,2500,0,0,2500,0,2500,0
20230101T000006.700000,3,710,4866.16,6976.96,-864.559,0,0,0,2500,0,0,2500,0,2500,0
20230101T000006.700000,3,711,3928.54,5016.74,-394.604,0,0,0,2500,0,0,2500,0,2500,0
20230101T000006.700000,3,712,4707.44,4422.13,-445.474,0,0,0,2500,0,0,2500,0,2500,0
20230101T000006.800000,6,765,1889.31,-526.999,-480.65,0,0,0,843.336,1481.77,1438.7,5742.21,-401.308,6159.16,6.80207e+14
20230101T000006.800000,6,766,641.875,-237.696,-146.203,0,0,0,174.301,213.044,137.89,670.711,-51.0627,752.397,3.87676e+22
20230101T000006.800000,6,767,8511.42,-3651.83,-484.342,0,0,0,21708.3,49572.5,6592.84,115979,-2828.67,137248,1.28613e+15
20230101T000006.800000,6,768,11059.6,361.324,747.642,0,0,0,1165.93,-6362.5,-13225.5,195706,-432.085,195914,8.98986e+14
20230101T000006.800000,6,769,10155.9,-320.016,1641.88,0,0,0,4535.13,5062.34,-26669.6,165032,840.368,165193,7.74041e+14
20230101T000006.800000,6,770,8658.42,469.786,-666.29,0,0,0,1124.78,-6466.29,9225.55,119951,500.556,120303,4.01048e+14
20230101T000006.800000,6,771,7734.25,424.983,2023.24,0,0,0,6878.61,-4897,-25021.6,95729.7,-1374.89,96002.9,4.8625e+15
20230101T000006.800000,6,772,5300.39,3117.17,-763.045,0,0,0,16285.8,-26001,6464.36,45206.2,3801.7,60498.4,3.17797e+15
20230101T000006.800000,6,773,4907.3,2264.18,-538.687,0,0,0,8637.44,-17576.9,4223.86,38623.2,1948.84,46733.6,2.90832e+15
20230101T000006.800000,6,774,3598.42,663.308,-386.865,0,0,0,996.771,-3765.01,2220.79,20727.8,409.364,21422.5,6.33704e+15
20230101T000006.800000,6,775,967.547,1239.79,-149.532,0,0,0,2496.86,-1871.17,227.777,1559.49,291.867,3957.73,5.8299e+14
20230101T000006.800000,6,776,1721.8,2064.81,200.089,0,0,0,6873.87,-5625.48,-548.187,4818.67,-657.395,11565.2,1.86066e+15
20230101T000006.800000,6,777,4222.04,6197.36,152.536,0,0,0,61483.8,-41817.7,-1029.68,28590.1,-1511.43,89972.7,2.91529e+15
20230101T000006.800000,6,778,7261.95,4994.4,619.469,0,0,0,40370.5,-57714.1,-7194,84595.1,-4947.67,124288,4.1965e+15
20230101T000006.800000,4,702,656.561,-213.703,-146.013,-1.64391,-8.80456,-0.0606541,101.903,88.2891,107.038,561.851,-19.8404,574.998,0
20230101T000006.800000,3,713,1889.31,-526.999,-480.65,0,0,0,2500,0,0,2500,0,2500,0
20230101T000006.800000,3,714,8511.42,-3651.83,-484.342,0,0,0,2500,0,0,2500,0,2500,0
20230101T000006.800000,3,715,11059.6,361.323,747.642,0,0,0,2500,0,0,2500,0,2500,0
20230101T000006.800000,3,716,10155.9,-320.016,1641.88,0,0,0,2500,0,0,2500,0,2500,0
20230101T000006.800000,3,717,8658.42,469.786,-666.29,0,0,0,2500,0,0,2500,0,2500,0
20230101T000006.800000,3,718,7734.25,424.983,2023.24,0,0,0,2500,0,0,2500,0,2500,0
20230101T000006.800000,3,719,5300.39,3117.17,-763.045,0,0,0,2500,0,0,2500,0,2500,0
20230101T000006.800000,3,720,4907.3,2264.18,-538.687,0,0,0,2500,0,0,2500,0,2500,0
20230101T000006.800000,3,721,3598.42,663.308,-386.865,0,0,0,2500,0,0,2500,0,2500,0
20230101T000006.800000,3,722,967.547,1239.79,-149.532,0,0,0,2500,0,0,2500,0,2500,0
20230101T000006.800000,3,723,1721.8,2064.81,200.089,0,0,0,2500,0,0,2500,0,2500,0
20230101T000006.800000,3,724,4222.04,6197.36,152.536,0,0,0,2500,0,0,2500,0,2500,0
20230101T000006.800000,3,725,7261.95,4994.4,619.469,0,0,0,2500,0,0,2500,0,2500,0
20230101T000006.900000,6,779,2708.21,-1067.78,-745.359,0,0,0,2645.54,4303.02,3215.43,11862.7,-1267.77,13563.2,5.13429e+15
20230101T000006.900000,6,780,9430.32,-4202.59,-1544.9,0,0,0,31497,61967.7,23301.6,142933,-10384.3,170550,4.64233e+14
20230101T000006.900000,6,781,8529.01,-4931.38,-1613.67,0,0,0,42078.8,65463.3,22012,117450,-12727.1,155302,5.2103e+14
20230101T000006.900000,6,782,589.685,-347.53,-146.45,0,0,0,264.134,286.113,126.894,580.989,-74.7847,752.411,1.339e+21
20230101T000006.900000,6,783,9283.74,1562.92,-535.36,0,0,0,4416.31,-23130,7948.65,137915,1338.15,141809,5.83259e+14
20230101T000006.900000,6,784,4896.13,455.141,-414.231,0,0,0,666.636,-3534.32,3239.67,38358.2,301.158,38687.2,8.76581e+14
20230101T000006.900000,6,785,1470.69,474.725,73.7742,0,0,0,426.298,-1095.86,-170.697,3467.53,-55.0996,3821.41,1.04669e+15
20230101T000006.900000,6,786,4053.52,1617.77,267.038,0,0,0,4340.89,-10431,-1728.29,26314.1,-689.761,30477.4,1.7151e+15
20230101T000006.900000,6,787,7112.52,3243.45,43.4074,0,0,0,16887.4,-36885.3,-493.654,80952.2,-225.116,97772.6,6.59007e+14
20230101T000006.900000,6,788,8219.61,3293.87,-283.698,0,0,0,17525.4,-43252.4,3729.12,108126,1494.38,125459,6.08618e+14
20230101T000006.900000,6,789,1457.69,1610.52,-339.475,0,0,0,4261.19,-3633.4,785.209,3535.49,867.531,7551.34,8.88815e+14
20230101T000006.900000,6,790,5186.67,5076.06,751.97,0,0,0,41720.8,-41640.7,-6235.66,43516,-6102.69,84269.4,8.29125e+14
20230101T000006.900000,6,791,2750.12,3839.14,929.994,0,0,0,24072.6,-16208.7,-4085.09,13056.3,-5702.74,35685.9,6.01605e+15
20230101T000006.900000,3,726,2708.21,-1067.78,-745.359,0,0,0,2500,0,0,2500,0,2500,0
20230101T000006.900000,3,727,9430.32,-4202.59,-1544.9,0,0,0,2500,0,0,2500,0,2500,0
20230101T000006.900000,3,728,8529.01,-4931.38,-1613.67,0,0,0,2500,0,0,2500,0,2500,0
20230101T000006.900000,3,729,589.685,-347.53,-146.45,0,0,0,2500,0,0,2500,0,2500,0
20230101T000006.900000,3,730,9283.74,1562.92,-535.36,0,0,0,2500,0,0,2500,0,2500,0
20230101T000006.900000,3,731,4896.13,455.141,-414.231,0,0,0,2500,0,0,2500,0,2500,0
20230101T000006.900000,3,732,1470.69,474.725,73.7742,0,0,0,2500,0,0,2500,0,2500,0
20230101T000006.900000,3,733,4053.52,1617.77,267.038,0,0,0,2500,0,0,2500,0,2500,0
20230101T000006.900000,3,734,7112.52,3243.45,43.4074,0,0,0,2500,0,0,2500,0,2500,0
20230101T000006.900000,3,735,8219.61,3293.87,-283.698,0,0,0,2500,0,0,2500,0,2500,0
20230101T000006.900000,3,736,1457.69,1610.52,-339.475,0,0,0,2500,0,0,2500,0,2500,0
20230101T000006.900000,3,737,5186.67,5076.06,751.97,0,0,0,2500,0,0,2500,0,2500,0
20230101T000006.900000,3,738,2750.12,3839.14,929.994,0,0,0,2500,0,0,2500,0,2500,0
20230101T000007,6,792,525.962,-441.029,-138.676,0,0,0,365.382,325.72,107.182,480.706,-89.8739,756.338,4.01958e+20
20230101T000007,6,793,2778.21,-695.711,-115.865,0,0,0,854.76,3072.41,512.529,12354.5,-128.346,13124,4.76508e+14
20230101T000007,6,794,3610.95,-1043.22,160.758,0,0,0,1838.43,5999.18,-926.156,20870.4,267.572,22603.8,3.20937e+14
20230101T000007,6,795,7420.14,-1769.23,-736.803,0,0,0,5890.13,20794.4,8741.54,88143.8,-2084.29,93102.5,2.53783e+15
20230101T000007,6,796,6215.84,501.283,575.964,0,0,0,992.449,-4937.82,-5722.32,61822.6,-461.482,62221.3,2.00059e+15
20230101T000007,6,797,3539.27,1640.04,948.733,0,0,0,5538.87,-8714.81,-5359.18,20307.5,-2483.35,24349.4,5.87182e+15
20230101T000007,6,798,7053.62,5279.54,-40.7165,0,0,0,44640.5,-59551.9,459.281,79629.6,343.766,124203,5.2002e+14
20230101T000007,4,725,7238.86,4987.3,604.341,-4.44079,-1.3649,-2.90931,868.482,-1154.21,-143.175,1752.92,-98.4683,2534.77,0
20230101T000007,4,729,546.752,-423.458,-140.541,-4.25083,-7.51769,0.585052,212.741,215.271,94.4376,451.142,-55.6566,574.75,0
20230101T000007,3,739,2778.21,-695.711,-115.865,0,0,0,2500,0,0,2500,0,2500,0
20230101T000007,3,740,3610.95,-1043.22,160.758,0,0,0,2500,0,0,2500,0,2500,0
20230101T000007,3,741,7420.14,-1769.23,-736.803,0,0,0,2500,0,0,2500,0,2500,0
20230101T000007,3,742,6215.84,501.283,575.964,0,0,0,2500,0,0,2500,0,2500,0
20230101T000007,3,743,3539.27,1640.04,948.733,0,0,0,2500,0,0,2500,0,2500,0
20230101T000007.100000,6,799,7960.9,-8215.28,766.357,0,0,0,108471,104140,-9758.46,101919,10070.3,209387,1.00572e+15
20230101T000007.100000,6,800,10495.6,-1995.35,-19.2674,0,0,0,6432.6,33495.9,323.443,176255,-61.4905,182623,6.10113e+14
20230101T000007.100000,6,801,7102.15,-4422.47,-273.507,0,0,0,31425.5,50172.1,3106.21,80756.2,-1934.22,111998,5.77072e+14
20230101T000007.100000,6,802,5279.28,-2923.69,532.378,0,0,0,14072.4,24476.9,-4492.01,44714.6,2487.7,58270.5,4.8753e+15
20230101T000007.100000,6,803,4925.33,481.997,586.661,0,0,0,979.679,-3738.9,-4615.76,38820.1,-451.702,39186.8,1.03078e+15
20230101T000007.100000,6,804,2264.97,1209.09,-171.087,0,0,0,2425.08,-4335.77,616.268,8232.69,328.977,10547.5,7.35655e+14
20230101T000007.100000,6,805,1843.58,846.509,403.198,0,0,0,1412.19,-2374.99,-1178.21,5494.1,-540.992,6587.04,5.59289e+14
20230101T000007.100000,6,806,4244.82,1664.55,-71.4509,0,0,0,4495.71,-11280.6,484.34,28839.2,189.928,33262.7,5.96323e+14
20230101T000007.100000,6,807,6657.35,2839.65,1250.94,0,0,0,15072.7,-29321.3,-13314.8,71307.4,-5679.36,83816.1,6.74964e+14
20230101T000007.100000,6,808,6768.03,3606.98,880.407,0,0,0,21831.5,-38518.4,-9527.39,73578.2,-5077.56,94107.2,4.65068e+14
20230101T000007.100000,6,809,5.74334,5.59464,-1.25066,0,0,0,32.1106,31.179,-6.96965,30.4746,-6.78919,1.62305,6.47923e+15
20230101T000007.100000,6,810,450.726,534.945,-22.8069,0,0,0,484.755,-353.869,15.1044,362.922,17.9267,782.981,6.60614e+23
20230101T000007.100000,6,811,5751.99,7426.6,253.139,0,0,0,88309.5,-68267.8,-2328.63,53040.7,-3006.58,141184,5.93578e+14
20230101T000007.100000,3,744,7960.9,-8215.28,766.357,0,0,0,2500,0,0,2500,0,2500,0
20230101T000007.100000,3,745,10495.6,-1995.35,-19.2673,0,0,0,2500,0,0,2500,0,2500,0
20230101T000007.100000,3,746,7102.15,-4422.47,-273.507,0,0,0,2500,0,0,2500,0,2500,0
20230101T000007.100000,3,747,5279.28,-2923.69,532.378,0,0,0,2500,0,0,2500,0,2500,0
20230101T000007.100000,3,748,4925.33,481.997,586.661,0,0,0,2500,0,0,2500,0,2500,0
20230101T000007.100000,3,749,2264.97,1209.09,-171.087,0,0,0,2500,0,0,2500,0,2500,0
20230101T000007.100000,3,750,1843.58,846.509,403.198,0,0,0,2500,0,0,2500,0,2500,0
20230101T000007.100000,3,751,4244.82,1664.55,-71.4509,0,0,0,2500,0,0,2500,0,2500,0
20230101T000007.100000,3,752,6657.35,2839.65,1250.94,0,0,0,2500,0,0,2500,0,2500,0
20230101T000007.100000,3,753,6768.03,3606.98,880.407,0,0,0,2500,0,0,2500,0,2500,0
20230101T000007.100000,3,754,5.74334,5.59464,-1.25066,0,0,0,2500,0,0,2500,0,2500,0
20230101T000007.100000,3,755,450.726,534.945,-22.8069,0,0,0,2500,0,0,2500,0,2500,0
20230101T000007.100000,3,756,5751.99,7426.6,253.139,0,0,0,2500,0,0,2500,0,2500,0
20230101T000007.200000,6,812,1802.55,-1697.35,-188.412,0,0,0,4673.44,4835.19,539.869,5255.29,-508.362,9808.67,2.42401e+15
20230101T000007.200000,6,813,2338.89,-2254.67,38.1053,0,0,0,8168.02,8404.32,-142.058,8784.56,136.943,16886.3,3.36465e+15
20230101T000007.200000,6,814,2818.03,-3752.87,-356.721,0,0,0,22630.8,16792.8,1605.5,12876.9,-2138.1,35240.9,6.64522e+14
20230101T000007.200000,6,815,2977.14,-1667.15,-669.345,0,0,0,5039.65,7609.47,3177.82,14367.2,-1779.53,18630.7,4.0017e+15
20230101T000007.200000,6,816,9775.8,-2248.12,-414.56,0,0,0,8408.32,35089.5,6481.67,152923,-1490.58,160993,2.73058e+15
20230101T000007.200000,6,817,6738.78,-3133.61,1275.58,0,0,0,17902.9,32767.6,-13743.7,73131.8,6390.99,88371,6.5026e+14
20230101T000007.200000,6,818,6572.52,53.9647,299.04,0,0,0,211.594,-565.796,-3141.81,69116.8,-25.7964,69121.6,7.96803e+14
20230101T000007.200000,6,819,10195.3,2278.32,1606.77,0,0,0,12299,-36272.6,-26201,166510,-5855.08,174617,3.14408e+14
20230101T000007.200000,6,820,533.862,451.947,-22.5299,0,0,0,364.526,-354.115,17.6729,483.044,14.9612,782.89,2.93485e+23
20230101T000007.200000,4,755,519.358,477.066,-22.5952,6.79524,-5.73068,0.0209633,375.65,-263.439,11.2416,284.951,13.3422,597.53,0
20230101T000007.200000,3,757,1802.55,-1697.35,-188.412,0,0,0,2500,0,0,2500,0,2500,0
20230101T000007.200000,3,758,2338.89,-2254.67,38.1053,0,0,0,2500,0,0,2500,0,2500,0
20230101T000007.200000,3,759,2818.03,-3752.87,-356.721,0,0,0,2500,0,0,2500,0,2500,0
20230101T000007.200000,3,760,2977.14,-1667.15,-669.345,0,0,0,2500,0,0,2500,0,2500,0
20230101T000007.200000,3,761,9775.8,-2248.12,-414.56,0,0,0,2500,0,0,2500,0,2500,0
20230101T000007.200000,3,762,6738.78,-3133.61,1275.58,0,0,0,2500,0,0,2500,0,2500,0
20230101T000007.200000,3,763,6572.52,53.9647,299.04,0,0,0,2500,0,0,2500,0,2500,0
20230101T000007.200000,3,764,10195.3,2278.32,1606.77,0,0,0,2500,0,0,2500,0,2500,0
20230101T000007.300000,6,821,3240.45,-2109.25,-448.276,0,0,0,7388.52,10760,2318.05,16915.3,-1508.85,23920,6.53279e+14
20230101T000007.300000,6,822,4356.81,-3238.79,164.049,0,0,0,16852.5,22526,-1142.02,30409,848.961,47154.6,2.38542e+15
20230101T000007.300000,6,823,4186.94,-793.119,-334.819,0,0,0,1241.02,5268.76,2238.08,28057.2,-423.952,29055.7,2.58786e+15
20230101T000007.300000,6,824,8082.05,-3965.07,1048.94,0,0,0,26624.6,50552.4,-13557.5,104865,6651.34,129667,3.33028e+15
20230101T000007.300000,6,825,2769.12,-290.99,-54.5556,0,0,0,203.467,1282.11,240.467,12269.6,-25.2692,12404.4,7.7007e+14
20230101T000007.300000,6,826,4706.5,320.968,228.072,0,0,0,311.23,-2407.03,-1714.39,35442.4,-116.916,35606.7,8.73731e+14
20230101T000007.300000,6,827,5679.11,274.231,661.529,0,0,0,881.886,-2455.05,-6003.69,51605.4,-289.905,51724.8,2.09822e+15
20230101T000007.300000,6,828,1350.05,663.802,-175.295,0,0,0,795.455,-1389.4,372.049,2938.1,182.931,3622.1,7.49914e+14
20230101T000007.300000,6,829,607.268,347.182,-22.851,0,0,0,241.669,-309.425,20.3896,605.994,11.6569,782.964,4.24421e+23
20230101T000007.300000,6,830,4660.98,4089.33,-232.663,0,0,0,26841.2,-30421.9,1733.3,34825.1,1520.71,61515.9,4.57e+14
20230101T000007.300000,6,831,5608.88,6823.32,-689.083,0,0,0,74824.4,-60830,6180.82,50826.6,7519.1,124828,4.82484e+14
20230101T000007.300000,6,832,4216.53,4586.04,-709.471,0,0,0,34048.7,-30506.7,4781.54,28917.2,5200.56,62098.2,8.3561e+14
20230101T000007.300000,3,765,3240.45,-2109.25,-448.276,0,0,0,2500,0,0,2500,0,2500,0
20230101T000007.300000,3,766,4356.81,-3238.79,164.049,0,0,0,2500,0,0,2500,0,2500,0
20230101T000007.300000,3,767,4186.94,-793.119,-334.819,0,0,0,2500,0,0,2500,0,2500,0
20230101T000007.300000,3,768,8082.05,-3965.07,1048.94,0,0,0,2500,0,0,2500,0,2500,0
20230101T000007.300000,3,769,2769.12,-290.99,-54.5556,0,0,0,2500,0,0,2500,0,2500,0
20230101T000007.300000,3,770,4706.49,320.968,228.072,0,0,0,2500,0,0,2500,0,2500,0
20230101T000007.300000,3,771,5679.11,274.231,661.529,0,0,0,2500,0,0,2500,0,2500,0
20230101T000007.300000,3,772,1350.05,663.802,-175.295,0,0,0,2500,0,0,2500,0,2500,0
20230101T000007.300000,3,773,607.268,347.182,-22.851,0,0,0,2500,0,0,2500,0,2500,0
20230101T000007.300000,3,774,4660.98,4089.33,-232.663,0,0,0,2500,0,0,2500,0,2500,0
20230101T000007.300000,3,775,5608.88,6823.32,-689.083,0,0,0,2500,0,0,2500,0,2500,0
20230101T000007.300000,3,776,4216.53,4586.04,-709.471,0,0,0,2500,0,0,2500,0,2500,0
20230101T000007.400000,6,833,1610.35,-2244.32,-187.251,0,0,0,8099.84,5725.87,479.946,4228.26,-668.892,12208.6,4.728e+14
20230101T000007.400000,6,834,194.905,-134.679,12.5989,0,0,0,72.3882,12.0328,-1.13676,81.4872,0.7855,89.9823,2.66638e+15
20230101T000007.400000,6,835,3166.58,-4299.68,-948.122,0,0,0,30107.2,21068.1,4797.16,17016.4,-6513.73,45625.2,1.22111e+16
20230101T000007.400000,6,836,10780.7,-5419.23,-207.212,0,0,0,47094.8,93423.8,3573.24,185985,-1796.19,232947,2.69504e+14
20230101T000007.400000,6,837,9437.07,-4427.86,-2186.39,0,0,0,37688.3,63893,33001.3,143884,-15484.2,173866,9.93084e+14
20230101T000007.400000,6,838,9720.41,-2285.98,1383.87,0,0,0,11324.2,34856.2,-21514.4,151342,5059.63,159540,1.13379e+15
20230101T000007.400000,6,839,10950.5,2003.45,1333.47,0,0,0,9236.02,-34587.2,-23356,191955,-4273.1,198284,4.97176e+15
20230101T000007.400000,6,840,1483.65,570.925,269.014,0,0,0,676.578,-1295.62,-628.773,3544.93,-241.958,4045.28,1.01753e+15
20230101T000007.400000,6,841,3842.7,1989.46,-339.046,0,0,0,6527.94,-12130.8,2080.14,23678.5,1076.94,29959.3,1.8074e+15
20230101T000007.400000,6,842,9610.44,2638.19,998.616,0,0,0,12678.8,-40143.2,-15349.3,147893,-4213.58,158914,8.48897e+14
20230101T000007.400000,6,843,656.794,240.535,-23.8886,0,0,0,149.742,-231.834,23.0538,697.874,8.44288,782.852,5.65637e+23
20230101T000007.400000,4,773,651.833,269.144,-23.6428,4.41233,-7.72649,-0.0783967,194.685,-230.354,15.1753,465.909,8.67589,597.52,0
20230101T000007.400000,3,777,1610.35,-2244.32,-187.251,0,0,0,2500,0,0,2500,0,2500,0
20230101T000007.400000,3,778,194.905,-134.679,12.5989,0,0,0,2500,0,0,2500,0,2500,0
20230101T000007.400000,3,779,3166.58,-4299.68,-948.122,0,0,0,2500,0,0,2500,0,2500,0
20230101T000007.400000,3,780,10780.7,-5419.23,-207.212,0,0,0,2500,0,0,2500,0,2500,0
20230101T000007.400000,3,781,9437.07,-4427.87,-2186.39,0,0,0,2500,0,0,2500,0,2500,0
20230101T000007.400000,3,782,9720.4,-2285.98,1383.87,0,0,0,2500,0,0,2500,0,2500,0
20230101T000007.400000,3,783,10950.5,2003.45,1333.47,0,0,0,2500,0,0,2500,0,2500,0
20230101T000007.400000,3,784,1483.65,570.925,269.014,0,0,0,2500,0,0,2500,0,2500,0
20230101T000007.400000,3,785,3842.7,1989.46,-339.046,0,0,0,2500,0,0,2500,0,2500,0
20230101T000007.400000,3,786,9610.44,2638.19,998.616,0,0,0,2500,0,0,2500,0,2500,0
20230101T000007.500000,6,844,1457.68,-1677,471.863,0,0,0,4679.43,3704.56,-1091.99,3637.56,1256.29,7902.26,3.49436e+15
20230101T000007.500000,6,845,7188.34,-8209.12,35.8616,0,0,0,107852,94383.2,-412.318,82713,470.869,190499,3.44382e+14
20230101T000007.500000,6,846,4506.37,-5653.82,919.698,0,0,0,51695.4,40074.8,-6626.2,33357.9,8313.43,83637.9,4.39925e+15
20230101T000007.500000,6,847,11847.9,-2884.16,322.382,0,0,0,13526.8,54621.3,-6109.66,224611,1487.28,237908,3.79697e+14
20230101T000007.500000,6,848,10203.8,-2743.61,-2376.59,0,0,0,20528.4,42510.9,38787.1,167201,-10429.1,178635,6.32431e+14
20230101T000007.500000,6,849,3913.07,104.933,-683.96,0,0,0,827.622,-635.258,4271.37,24500,114.542,24518.9,5.33891e+14
20230101T000007.500000,6,850,11186.2,713.366,2036.37,0,0,0,7483.96,-12342.4,-36435.5,200235,-2323.57,201025,2.52394e+15
20230101T000007.500000,6,851,688.659,122.284,-24.569,0,0,0,86.829,-123.569,24.8607,760.786,4.41447,782.807,7.22464e+23
20230101T000007.500000,6,852,8289.46,2251.77,1132.16,0,0,0,10081.2,-29330.8,-15008,110090,-4076.8,118058,4.96776e+14
20230101T000007.500000,6,853,6004.37,2266.53,635.012,0,0,0,8839.63,-21540.4,-6094.69,57772.3,-2300.62,65904,3.98283e+14
20230101T000007.500000,6,854,2355.98,2114.64,84.5616,0,0,0,7196.49,-7933.81,-317.49,8914.68,-284.967,16035.8,2.57902e+15
20230101T000007.500000,6,855,5416.03,6119.58,675.733,0,0,0,60267.5,-52635.9,-5852.17,47378.7,-6612.38,106853,1.45738e+15
20230101T000007.500000,3,787,1457.68,-1677,471.863,0,0,0,2500,0,0,2500,0,2500,0
20230101T000007.500000,3,788,7188.34,-8209.12,35.8616,0,0,0,2500,0,0,2500,0,2500,0
20230101T000007.500000,3,789,4506.37,-5653.83,919.698,0,0,0,2500,0,0,2500,0,2500,0
20230101T000007.500000,3,790,11847.9,-2884.16,322.382,0,0,0,2500,0,0,2500,0,2500,0
20230101T000007.500000,3,791,10203.8,-2743.61,-2376.59,0,0,0,2500,0,0,2500,0,2500,0
20230101T000007.500000,3,792,3913.07,104.933,-683.96,0,0,0,2500,0,0,2500,0,2500,0
20230101T000007.500000,3,793,11186.2,713.366,2036.37,0,0,0,2500,0,0,2500,0,2500,0
20230101T000007.500000,3,794,688.659,122.284,-24.569,0,0,0,2500,0,0,2500,0,2500,0
20230101T000007.500000,3,795,8289.46,2251.77,1132.16,0,0,0,2500,0,0,2500,0,2500,0
20230101T000007.500000,3,796,6004.37,2266.53,635.012,0,0,0,2500,0,0,2500,0,2500,0
20230101T000007.500000,3,797,2355.98,2114.64,84.5616,0,0,0,2500,0,0,2500,0,2500,0
20230101T000007.500000,3,798,5416.03,6119.58,675.733,0,0,0,2500,0,0,2500,0,2500,0
20230101T000007.600000,6,856,6629.78,-4740.28,-1039.71,0,0,0,37138.5,49435.1,11022.3,70932.9,-7880.92,106280,3.92281e+15
20230101T000007.600000,6,857,2741.02,-1597.99,-137.004,0,0,0,4155.79,6967.31,598.465,12044.9,-348.9,16106.9,5.55796e+14
20230101T000007.600000,6,858,7172.81,-2894.31,-880.533,0,0,0,14524.4,32764.1,10098.8,82501.3,-4074.96,95722.8,6.39188e+14
20230101T000007.600000,6,859,8124.15,-3397.89,285.16,0,0,0,18638.2,44098.9,-3704.78,105632,1549.51,124076,5.1462e+14
20230101T000007.600000,6,860,5785.05,-2774.85,570.349,0,0,0,12794.4,25456.5,-5274.1,53656,2529.77,65866.9,1.66113e+15
20230101T000007.600000,6,861,3582.74,35.1356,8.24979,0,0,0,66.0776,-200.782,-47.1436,20537.6,-0.462332,20539.6,4.85981e+14
20230101T000007.600000,6,862,699.457,2.56063,-24.7016,0,0,0,64.9062,-2.62811,25.3871,782.786,0.0929391,782.875,3.25178e+23
20230101T000007.600000,6,863,6665.87,2860.95,-1474.71,0,0,0,16086.3,-29229.7,15716.9,71644.9,6745.59,84192.7,3.67619e+15
20230101T000007.600000,6,864,9150.78,8084.74,-306.617,0,0,0,104701,-118264,4488.05,134073,3965.21,238560,9.24707e+14
20230101T000007.600000,6,865,6806.07,6288.37,781.473,0,0,0,63831.2,-67959.9,-8506.09,74595.5,-7859.07,137386,6.25768e+14
20230101T000007.600000,6,866,4221.61,2677.57,1443.78,0,0,0,13891.6,-16550.6,-9737.74,29489,-6176.19,39991.2,5.29788e+15
20230101T000007.600000,6,867,4587.48,3116.23,-794.246,0,0,0,16271,-22374.7,5822.31,34010.4,3955.04,49210.6,1.09652e+15
20230101T000007.600000,4,794,704.752,31.8296,-24.6705,1.59334,-8.9559,-0.0100453,79.4137,-91.9967,18.5032,581.17,3.28559,597.409,0
20230101T000007.600000,3,799,6629.78,-4740.28,-1039.71,0,0,0,2500,0,0,2500,0,2500,0
20230101T000007.600000,3,800,2741.02,-1597.99,-137.004,0,0,0,2500,0,0,2500,0,2500,0
20230101T000007.600000,3,801,7172.81,-2894.31,-880.533,0,0,0,2500,0,0,2500,0,2500,0
20230101T000007.600000,3,802,8124.15,-3397.89,285.16,0,0,0,2500,0,0,2500,0,2500,0
20230101T000007.600000,3,803,5785.05,-2774.85,570.349,0,0,0,2500,0,0,2500,0,2500,0
20230101T000007.600000,3,804,3582.74,35.1356,8.24979,0,0,0,2500,0,0,2500,0,2500,0
20230101T000007.600000,3,805,6665.87,2860.95,-1474.71,0,0,0,2500,0,0,2500,0,2500,0
20230101T000007.600000,3,806,9150.78,8084.74,-306.617,0,0,0,2500,0,0,2500,0,2500,0
20230101T000007.600000,3,807,6806.07,6288.37,781.473,0,0,0,2500,0,0,2500,0,2500,0
20230101T000007.600000,3,808,4221.61,2677.57,1443.78,0,0,0,2500,0,0,2500,0,2500,0
20230101T000007.600000,3,809,4587.48,3116.23,-794.246,0,0,0,2500,0,0,2500,0,2500,0
20230101T000007.700000,6,868,9015.35,-6735.21,66.421,0,0,0,72626.4,97118.3,-957.791,130068,715.549,202623,5.24803e+14
20230101T000007.700000,6,869,5777.78,-4534.97,1.34413,0,0,0,32945.1,41892.2,-12.4165,53436.9,9.74569,86318,6.47913e+14
20230101T000007.700000,6,870,2534.95,-1096.39,-192.901,0,0,0,2027.11,4401.96,778.309,10301,-336.625,12205.2,5.80004e+14
20230101T000007.700000,6,871,688.759,-122.325,-21.6351,0,0,0,86.6513,123.667,21.8952,761.001,-3.88863,783.026,4.22763e+23
20230101T000007.700000,6,872,689.159,-120.184,-21.2511,0,0,0,85.8656,121.577,21.5191,761.813,-3.75275,783.074,4.1743e+23
20230101T000007.700000,6,873,1680.87,455.938,-58.8823,0,0,0,397.32,-1208.64,156.271,4525.26,42.3889,4853.18,4.62905e+14
20230101T000007.700000,6,874,11964.2,1900.41,-1684.48,0,0,0,10268,-35666,32237,229142,5120.55,234808,7.32307e+14
20230101T000007.700000,6,875,8004.23,2130.29,617.529,0,0,0,7890.24,-27114.7,-7903.97,102553,-2103.61,109770,3.34918e+14
20230101T000007.700000,6,876,2370.64,1725.02,-619.788,0,0,0,5203.01,-6221.47,2340.39,9225.84,1703.01,13755.7,9.1392e+14
20230101T000007.700000,6,877,1604.17,2007.21,-433.253,0,0,0,6587.53,-4975.04,1105.47,4338.65,1383.21,10565.4,7.4906e+14
20230101T000007.700000,6,878,6634.8,9621.53,568.05,0,0,0,148305,-101868,-6028.48,70826.2,-8742.26,218551,3.68066e+15
20230101T000007.700000,3,810,9015.35,-6735.21,66.421,0,0,0,2500,0,0,2500,0,2500,0
20230101T000007.700000,3,811,5777.78,-4534.97,1.34413,0,0,0,2500,0,0,2500,0,2500,0
20230101T000007.700000,3,812,2534.95,-1096.39,-192.901,0,0,0,2500,0,0,2500,0,2500,0
20230101T000007.700000,3,813,688.759,-122.325,-21.6351,0,0,0,2500,0,0,2500,0,2500,0
20230101T000007.700000,3,814,689.159,-120.184,-21.2511,0,0,0,2500,0,0,2500,0,2500,0
20230101T000007.700000,3,815,1680.87,455.938,-58.8823,0,0,0,2500,0,0,2500,0,2500,0
20230101T000007.700000,3,816,11964.2,1900.41,-1684.48,0,0,0,2500,0,0,2500,0,2500,0
20230101T000007.700000,3,817,8004.23,2130.29,617.529,0,0,0,2500,0,0,2500,0,2500,0
20230101T000007.700000,3,818,2370.64,1725.02,-619.788,0,0,0,2500,0,0,2500,0,2500,0
20230101T000007.700000,3,819,1604.17,2007.21,-433.253,0,0,0,2500,0,0,2500,0,2500,0
20230101T000007.700000,3,820,6634.8,9621.53,568.05,0,0,0,2500,0,0,2500,0,2500,0
20230101T000007.800000,6,879,7765.55,-5754.22,126.71,0,0,0,53035.5,71452.6,-1573.68,96517.8,1166.08,149464,2.15985e+15
20230101T000007.800000,6,880,3822.37,-4161.47,-20.1082,0,0,0,27738.2,25418.5,122.823,23411.8,-133.72,51085.4,6.53358e+15
20230101T000007.800000,6,881,10010.2,-2624.8,464.103,0,0,0,11405.5,41939.5,-7430.47,160354,1948.35,171351,9.216e+15
20230101T000007.800000,6,882,658.026,-237.495,-21.1072,0,0,0,147.449,229.399,20.4079,700.249,-7.3656,783.101,1.27627e+22
20230101T000007.800000,6,883,3368.01,-73.591,486.584,0,0,0,449.968,386.926,-2613.06,18149.8,57.0953,18159.5,4.56134e+14
20230101T000007.800000,6,884,7139.79,-46.0258,-777.236,0,0,0,1033.15,519.145,8872,81562.7,-57.1923,81566.8,6.66493e+14
20230101T000007.800000,6,885,7170.65,4040.61,-536.908,0,0,0,26520.9,-46133.5,6156.35,82395.6,3469.06,108392,3.71135e+15
20230101T000007.800000,6,886,8860.65,4217.94,-541.83,0,0,0,28900.6,-59590.9,7678.37,125716,3655.14,154084,2.13702e+15
20230101T000007.800000,6,887,3494.25,2318.47,-1.89969,0,0,0,8644.96,-12932.6,10.5967,19555.2,7.031,28136.2,3.32541e+15
20230101T000007.800000,6,888,2011.21,1604.46,654.031,0,0,0,4573.82,-4800.07,-2092.68,6761.48,-1669.45,10594.7,7.13416e+14
20230101T000007.800000,6,889,959.179,998.872,-4.84703,0,0,0,1627.11,-1500.96,7.28352,1505.36,7.58492,3068.43,6.84869e+15
20230101T000007.800000,6,890,6268.65,8539.07,199.831,0,0,0,116710,-85584.6,-2003.56,62956.7,-2729.22,179539,3.51059e+15
20230101T000007.800000,6,891,4326.3,4410.1,-1017.17,0,0,0,31960.8,-29668.4,7033.76,30822.4,7170,61067.1,2.39971e+15
20230101T000007.800000,6,892,5030.5,4399.64,-375.048,0,0,0,31134.6,-35268.7,3016,40614.8,2637.77,71460.7,4.63461e+14
20230101T000007.800000,4,813,672.861,-212.021,-21.2324,-1.57415,-8.88083,0.0398755,79.2803,92.0626,16.296,581.294,-2.8942,597.569,0
20230101T000007.800000,3,821,7765.55,-5754.22,126.71,0,0,0,2500,0,0,2500,0,2500,0
20230101T000007.800000,3,822,3822.37,-4161.47,-20.1082,0,0,0,2500,0,0,2500,0,2500,0
20230101T000007.800000,3,823,10010.2,-2624.8,464.103,0,0,0,2500,0,0,2500,0,2500,0
20230101T000007.800000,3,824,3368.01,-73.591,486.584,0,0,0,2500,0,0,2500,0,2500,0
20230101T000007.800000,3,825,7139.79,-46.0258,-777.236,0,0,0,2500,0,0,2500,0,2500,0
20230101T000007.800000,3,826,7170.65,4040.61,-536.908,0,0,0,2500,0,0,2500,0,2500,0
20230101T000007.800000,3,827,8860.65,4217.94,-541.83,0,0,0,2500,0,0,2500,0,2500,0
20230101T000007.800000,3,828,3494.25,2318.47,-1.89969,0,0,0,2500,0,0,2500,0,2500,0
20230101T000007.800000,3,829,2011.21,1604.46,654.031,0,0,0,2500,0,0,2500,0,2500,0
20230101T000007.800000,3,830,959.179,998.872,-4.84703,0,0,0,2500,0,0,2500,0,2500,0
20230101T000007.800000,3,831,6268.65,8539.07,199.831,0,0,0,2500,0,0,2500,0,2500,0
20230101T000007.800000,3,832,4326.3,4410.1,-1017.17,0,0,0,2500,0,0,2500,0,2500,0
20230101T000007.800000,3,833,5030.5,4399.64,-375.048,0,0,0,2500,0,0,2500,0,2500,0
20230101T000007.900000,6,893,2962.75,-1017.01,-412.48,0,0,0,1954.7,4718.11,1947.48,14079.9,-668.504,15700.6,6.89936e+14
20230101T000007.900000,6,894,604.594,-351.707,-26.9526,0,0,0,246.533,311.944,23.9441,601.307,-13.9289,782.867,5.83764e+21
20230101T000007.900000,6,895,5563.67,-3034,897.45,0,0,0,15769.9,26440.3,-7981.19,49836.9,4352.33,64256.6,7.52389e+14
20230101T000007.900000,6,896,3987.19,1651.6,24.0459,0,0,0,4419.86,-10513.4,-153.071,25445.8,-63.4061,29800.7,3.66272e+14
20230101T000007.900000,6,897,9229.17,5031.33,146.278,0,0,0,40578.6,-74254.8,-2159.26,136307,-1177.13,176787,5.43841e+15
20230101T000007.900000,6,898,1183.51,895.508,135.013,0,0,0,1342.01,-1651.18,-251.059,2274.85,-189.964,3524.75,2.59809e+15
20230101T000007.900000,4,803,5742.26,-2769.03,579.96,-11.7754,1.60182,2.64539,556.555,988.186,-203.18,2142.75,97.4568,2597.53,0
20230101T000007.900000,3,834,2962.75,-1017.01,-412.48,0,0,0,2500,0,0,2500,0,2500,0
20230101T000007.900000,3,835,604.594,-351.707,-26.9526,0,0,0,2500,0,0,2500,0,2500,0
20230101T000007.900000,3,836,3987.19,1651.6,24.0459,0,0,0,2500,0,0,2500,0,2500,0
20230101T000007.900000,3,837,9229.17,5031.33,146.278,0,0,0,2500,0,0,2500,0,2500,0
20230101T000007.900000,3,838,1183.51,895.508,135.013,0,0,0,2500,0,0,2500,0,2500,0
20230101T000008,6,899,7084.91,-7287.37,552.303,0,0,0,85237.5,82332.8,-6258.42,80597.2,6437.26,165283,7.57572e+14
20230101T000008,6,900,6494.96,-4969.27,294.061,0,0,0,39637.3,51542.7,-3054.03,67569.9,2336.63,107005,1.91978e+15
20230101T000008,6,901,533.678,-452.113,-25.1289,0,0,0,364.849,354.03,19.7051,482.828,-16.6934,782.832,7.84207e+21
20230101T000008,6,902,10630.4,-6554.42,260.212,0,0,0,68861.4,111405,-4424.73,180857,2728.16,249546,7.63282e+14
20230101T000008,6,903,4506.77,-2774.26,-88.2842,0,0,0,12369.9,19970.6,635.693,32518.5,-391.318,44812,5.45119e+14
20230101T000008,6,904,6163.92,-2285.57,847.327,0,0,0,9423.34,22145.9,-8348.95,60936.7,3095.77,69149.3,4.86731e+14
20230101T000008,6,905,4762.22,-740.354,-394.986,0,0,0,1182.8,5593.62,3004.46,36293.3,-467.086,37163.4,8.36733e+15
20230101T000008,6,906,6939,424.39,-1276.12,0,0,0,2945.73,-4549.21,14156.7,77049.5,865.826,77329.8,5.80115e+14
20230101T000008,6,907,9034.69,3742.96,1880.3,0,0,0,27296.5,-52084.4,-27169.7,131439,-11256.1,153019,2.26759e+15
20230101T000008,6,908,5390.33,2932.21,-1024.93,0,0,0,15101.5,-24557.2,8830.37,46887,4803.5,60247.3,5.65561e+14
20230101T000008,6,909,7619.12,9583.44,-1382.21,0,0,0,148156,-115308,16845.5,94793.2,21188.6,239830,1.97152e+15
20230101T000008,6,910,6052.26,8522.35,1871.18,0,0,0,118108,-79853.2,-18113.3,62372.9,-25505.8,174818,1.23853e+16
20230101T000008,6,911,5000.33,6301.85,-731.506,0,0,0,63896.6,-49970.3,5848.84,40569.6,7371.23,103547,7.15638e+14
20230101T000008,6,912,2904.5,4009.45,3.00612,0,0,0,25743.2,-18602.3,-13.9472,13539.7,-19.2532,39218.9,8.67135e+14
20230101T000008,6,913,3376.62,4394.42,-195.248,0,0,0,30943.9,-23680.9,1053.47,18321.1,1371.02,49140.1,2.01083e+15
20230101T000008,4,835,557.33,-432.911,-25.5603,-4.6796,-8.03993,0.137858,198.31,232.237,17.8197,462.434,-10.3662,597.414,0
20230101T000008,3,839,7084.91,-7287.37,552.303,0,0,0,2500,0,0,2500,0,2500,0
20230101T000008,3,840,6494.96,-4969.27,294.061,0,0,0,2500,0,0,2500,0,2500,0
20230101T000008,3,841,10630.4,-6554.42,260.212,0,0,0,2500,0,0,2500,0,2500,0
20230101T000008,3,842,4506.77,-2774.26,-88.2842,0,0,0,2500,0,0,2500,0,2500,0
20230101T000008,3,843,6163.92,-2285.57,847.327,0,0,0,2500,0,0,2500,0,2500,0
20230101T000008,3,844,4762.22,-740.354,-394.986,0,0,0,2500,0,0,2500,0,2500,0
20230101T000008,3,845,6939,424.39,-1276.12,0,0,0,2500,0,0,2500,0,2500,0
20230101T000008,3,846,9034.69,3742.96,1880.3,0,0,0,2500,0,0,2500,0,2500,0
20230101T000008,3,847,5390.33,2932.21,-1024.93,0,0,0,2500,0,0,2500,0,2500,0
20230101T000008,3,848,7619.12,9583.43,-1382.21,0,0,0,2500,0,0,2500,0,2500,0
20230101T000008,3,849,6052.26,8522.35,1871.18,0,0,0,2500,0,0,2500,0,2500,0
20230101T000008,3,850,5000.33,6301.85,-731.506,0,0,0,2500,0,0,2500,0,2500,0
20230101T000008,3,851,2904.5,4009.45,3.00612,0,0,0,2500,0,0,2500,0,2500,0
20230101T000008,3,852,3376.62,4394.42,-195.248,0,0,0,2500,0,0,2500,0,2500,0
20230101T000008.100000,6,914,4059.74,-2291.31,339.773,0,0,0,8588.51,14777.1,-2202.98,26430.4,1243.36,34770.8,3.6388e+14
20230101T000008.100000,6,915,9637.59,-4569.21,-1037.16,0,0,0,34861.3,69767.1,15987.6,148940,-7579.8,182018,5.15353e+14
20230101T000008.100000,6,916,29.264,-13.1511,5.62239,0,0,0,51.9789,-22.6189,9.66202,11.8117,-4.34205,3.55384,6.03377e+14
20230101T000008.100000,6,917,118.233,-25.1446,13.4776,0,0,0,61.7684,-8.16449,4.34449,25.1144,-0.923944,24.1639,5.73432e+15
20230101T000008.100000,6,918,6858.3,-3156.63,-688.797,0,0,0,16621.7,34326.2,7553.11,75401.9,-3476.43,91201.6,3.06109e+15
20230101T000008.100000,6,919,5196,-1166.17,52.3942,0,0,0,2241.03,9680.47,-434.97,43200.8,97.6231,45373.4,5.93757e+14
20230101T000008.100000,6,920,1237.42,-9.97512,26.2929,0,0,0,65.2322,19.2248,-50.6972,2449.92,0.408683,2450.1,8.6808e+14
20230101T000008.100000,6,921,10405.3,-2481.41,-2533.49,0,0,0,19626.3,38980.9,42165,173789,-10055.3,183089,8.32446e+14
20230101T000008.100000,6,922,448.167,528.553,98.0859,0,0,0,479.67,-340.465,-64.5907,366.821,-76.1762,769.612,6.46379e+22
20230101T000008.100000,3,853,4059.74,-2291.31,339.773,0,0,0,2500,0,0,2500,0,2500,0
20230101T000008.100000,3,854,9637.59,-4569.21,-1037.16,0,0,0,2500,0,0,2500,0,2500,0
20230101T000008.100000,3,855,29.264,-13.1511,5.62239,0,0,0,2500,0,0,2500,0,2500,0
20230101T000008.100000,3,856,118.233,-25.1446,13.4776,0,0,0,2500,0,0,2500,0,2500,0
20230101T000008.100000,3,857,6858.3,-3156.63,-688.798,0,0,0,2500,0,0,2500,0,2500,0
20230101T000008.100000,3,858,5196,-1166.17,52.3942,0,0,0,2500,0,0,2500,0,2500,0
20230101T000008.100000,3,859,1237.42,-9.97512,26.2929,0,0,0,2500,0,0,2500,0,2500,0
20230101T000008.100000,3,860,10405.3,-2481.41,-2533.49,0,0,0,2500,0,0,2500,0,2500,0
20230101T000008.100000,3,861,448.167,528.553,98.0859,0,0,0,2500,0,0,2500,0,2500,0
20230101T000008.200000,6,923,1166.18,-1666.81,-77.5107,0,0,0,4469.36,3075.55,143.231,2225.33,-204.718,6621.26,7.4709e+15
20230101T000008.200000,6,924,2876.77,-2387.16,-235.446,0,0,0,9207.96,10912.8,1080.63,13303.5,-896.714,22359.2,3.96061e+15
20230101T000008.200000,6,925,5769.74,-6423.14,721.699,0,0,0,66411.3,58849.8,-6658.87,53760.1,7412.97,119275,3.67658e+14
20230101T000008.200000,6,926,3243.74,-3809.32,930.119,0,0,0,23825.3,19056.5,-4819.85,17673.2,5660.24,40054.6,3.43252e+15
20230101T000008.200000,6,927,12466.9,342.34,-293.346,0,0,0,389.01,-6823.14,5849.89,248679,160.637,248866,6.27631e+14
20230101T000008.200000,6,928,5122.51,-437.113,853.627,0,0,0,1525,3478.54,-6986.04,41993.1,596.131,42291.7,6.21214e+14
20230101T000008.200000,6,929,5199.68,1590.58,-147.494,0,0,0,4138.21,-13205.2,1225.42,43267.2,374.855,47306.6,5.34065e+14
20230101T000008.200000,6,930,6132.08,2558.19,70.7465,0,0,0,10532.3,-25073.7,-693.489,60174.6,-289.311,70634.9,6.65171e+14
20230101T000008.200000,6,931,8783.18,7037.66,-1035.9,0,0,0,80330.1,-98032,14553,124127,11660.8,202677,6.18177e+14
20230101T000008.200000,6,932,532.778,442.931,99.3702,0,0,0,360.324,-338.98,-77.7916,486.25,-64.6728,769.355,2.79538e+23
20230101T000008.200000,4,861,518.598,468.718,99.0676,6.97344,-5.92429,0.0971998,373.212,-254.605,-48.0725,288.822,-56.6952,587.579,0
20230101T000008.200000,3,862,1166.18,-1666.81,-77.5107,0,0,0,2500,0,0,2500,0,2500,0
20230101T000008.200000,3,863,2876.77,-2387.16,-235.446,0,0,0,2500,0,0,2500,0,2500,0
20230101T000008.200000,3,864,5769.74,-6423.14,721.699,0,0,0,2500,0,0,2500,0,2500,0
20230101T000008.200000,3,865,3243.74,-3809.32,930.119,0,0,0,2500,0,0,2500,0,2500,0
20230101T000008.200000,3,866,12466.9,342.34,-293.346,0,0,0,2500,0,0,2500,0,2500,0
20230101T000008.200000,3,867,5122.51,-437.113,853.627,0,0,0,2500,0,0,2500,0,2500,0
20230101T000008.200000,3,868,5199.68,1590.58,-147.494,0,0,0,2500,0,0,2500,0,2500,0
20230101T000008.200000,3,869,6132.08,2558.19,70.7465,0,0,0,2500,0,0,2500,0,2500,0
20230101T000008.200000,3,870,8783.18,7037.66,-1035.9,0,0,0,2500,0,0,2500,0,2500,0
20230101T000008.300000,6,933,4200.54,-6451.13,-1616.91,0,0,0,67851.1,41416.4,10860,31211.9,-16678.6,94821.3,8.86965e+14
20230101T000008.300000,6,934,4000.09,-2137.2,952.752,0,0,0,8485.73,13049.2,-6086.39,25937.3,3251.89,32912,3.81019e+15
20230101T000008.300000,6,935,10747.4,-3627.4,-2026.03,0,0,0,27004.6,60367.3,34828.7,185488,-11755.2,205864,2.70125e+15
20230101T000008.300000,6,936,7370.92,-3113.41,-1901.94,0,0,0,20472.3,34621.6,22417.2,87814.2,-9468.83,102441,6.18911e+14
20230101T000008.300000,6,937,5180.7,-1299.56,-79.5269,0,0,0,2771.9,10754.8,658.284,42947.9,-165.129,45645.7,2.96431e+14
20230101T000008.300000,6,938,6328.88,-3297.11,557.359,0,0,0,17834.4,33157.5,-5639.52,64207.2,2937.98,81481.4,2.06777e+15
20230101T000008.300000,6,939,8253.11,1162.05,780.641,0,0,0,3178.86,-15201.4,-10302.5,109002,-1450.6,111143,5.19048e+14
20230101T000008.300000,6,940,1934.04,775.916,-55.0541,0,0,0,1022.54,-2377.27,168.795,5994.36,67.7187,6948.13,6.46923e+14
20230101T000008.300000,6,941,600.152,345.745,100.54,0,0,0,250.467,-297.893,-88.6586,595.94,-51.076,768.876,2.29543e+23
20230101T000008.300000,6,942,4049.88,2509.06,-45.8873,0,0,0,10121.3,-16228,296.817,26261.1,183.89,36315,9.74123e+15
20230101T000008.300000,6,943,8739,7740.84,-784.263,0,0,0,96460.2,-107715,10962.7,122653,9710.54,218065,2.80463e+15
20230101T000008.300000,6,944,8277.42,6336.03,2022.58,0,0,0,68398.4,-80724.6,-26777.3,112066,-20496.9,173860,3.53692e+14
20230101T000008.300000,4,858,5210,-1176.71,45.4149,2.6919,-2.02612,-1.34219,177.616,512.045,-23.0055,2344.17,5.16327,2458.87,0
20230101T000008.300000,3,871,4200.54,-6451.13,-1616.91,0,0,0,2500,0,0,2500,0,2500,0
20230101T000008.300000,3,872,4000.09,-2137.2,952.752,0,0,0,2500,0,0,2500,0,2500,0
20230101T000008.300000,3,873,10747.4,-3627.4,-2026.03,0,0,0,2500,0,0,2500,0,2500,0
20230101T000008.300000,3,874,7370.92,-3113.41,-1901.94,0,0,0,2500,0,0,2500,0,2500,0
20230101T000008.300000,3,875,6328.88,-3297.11,557.359,0,0,0,2500,0,0,2500,0,2500,0
20230101T000008.300000,3,876,8253.11,1162.05,780.641,0,0,0,2500,0,0,2500,0,2500,0
20230101T000008.300000,3,877,1934.04,775.916,-55.0541,0,0,0,2500,0,0,2500,0,2500,0
20230101T000008.300000,3,878,600.152,345.745,100.54,0,0,0,2500,0,0,2500,0,2500,0
20230101T000008.300000,3,879,4049.88,2509.06,-45.8873,0,0,0,2500,0,0,2500,0,2500,0
20230101T000008.300000,3,880,8739,7740.84,-784.263,0,0,0,2500,0,0,2500,0,2500,0
20230101T000008.300000,3,881,8277.42,6336.03,2022.58,0,0,0,2500,0,0,2500,0,2500,0
20230101T000008.400000,6,945,4862.6,-3596.88,-1310.45,0,0,0,22515.5,26641.4,10184.9,38825.2,-7533.78,58534.7,3.28953e+14
20230101T000008.400000,6,946,3067.36,-900.805,-270.705,0,0,0,1464.76,4372.07,1323.4,15068.3,-388.648,16352.7,6.40773e+14
20230101T000008.400000,6,947,1688.08,-816.552,-376.847,0,0,0,1300.8,2092.27,1006.71,4614.16,-486.962,5628.7,3.42685e+15
20230101T000008.400000,6,948,5895.72,-2047.55,397.799,0,0,0,6990.75,19216.6,-3748.66,55649.4,1301.89,62323.5,3.21951e+14
20230101T000008.400000,6,949,12309.8,144.444,1282.82,0,0,0,2729.31,-2813.3,-25259.4,242452,-296.395,242486,9.26862e+14
20230101T000008.400000,6,950,5150.63,673.194,-830.28,0,0,0,1870.92,-5398.04,6832.45,42465.9,893.011,43173.1,5.68087e+14
20230101T000008.400000,6,951,652.118,233.82,99.4499,0,0,0,157.061,-219.014,-95.2912,689.359,-34.167,769.179,2.92027e+23
20230101T000008.400000,6,952,9096.5,3086.85,-1502.19,0,0,0,18539.5,-43809.6,21854.3,132773,7416.13,147642,1.04694e+15
20230101T000008.400000,4,878,647.547,263.702,99.7079,4.69266,-8.12312,-0.0823486,201.841,-222.825,-65.9858,460.255,-38.0142,587.035,0
20230101T000008.400000,3,882,4862.6,-3596.88,-1310.45,0,0,0,2500,0,0,2500,0,2500,0
20230101T000008.400000,3,883,3067.36,-900.805,-270.705,0,0,0,2500,0,0,2500,0,2500,0
20230101T000008.400000,3,884,1688.08,-816.552,-376.847,0,0,0,2500,0,0,2500,0,2500,0
20230101T000008.400000,3,885,5895.72,-2047.55,397.799,0,0,0,2500,0,0,2500,0,2500,0
20230101T000008.400000,3,886,12309.8,144.444,1282.82,0,0,0,2500,0,0,2500,0,2500,0
20230101T000008.400000,3,887,5150.63,673.194,-830.28,0,0,0,2500,0,0,2500,0,2500,0
20230101T000008.400000,3,888,9096.5,3086.85,-1502.19,0,0,0,2500,0,0,2500,0,2500,0
20230101T000008.500000,6,953,1307.88,-1625.84,-358.499,0,0,0,4334.6,3271.46,743.504,2899.47,-924.26,6968.1,9.49669e+14
20230101T000008.500000,6,954,8029.63,-2921.32,-612.095,0,0,0,14240.1,37318.3,7859.54,103237,-2859.43,116815,5.6797e+14
20230101T000008.500000,6,955,5915.61,-1757.27,-126.39,0,0,0,5023.07,16608.1,1195.02,55998.3,-354.988,60931.9,6.80489e+14
20230101T000008.500000,6,956,682.735,118.494,98.9623,0,0,0,98.5634,-116.232,-99.2786,748.096,-17.2306,769.548,7.56829e+22
20230101T000008.500000,6,957,7427.27,1871.54,961.514,0,0,0,7054.42,-21875.3,-11418.6,88355.1,-2877.29,93868.3,5.41732e+14
20230101T000008.500000,6,958,5940.65,1308.38,-41.3253,0,0,0,2802.62,-12422.2,392.374,56469.2,86.4173,59205.1,3.14413e+15
20230101T000008.500000,6,959,2745.37,3050.3,-44.2096,0,0,0,14917,-13365.4,193.734,12096.4,215.252,26946.3,5.84189e+14
20230101T000008.500000,4,885,5825.71,-2011.53,372.383,-6.9321,3.56658,-2.51651,325.425,729.754,-141.8,2173.24,49.2463,2417.5,0
20230101T000008.500000,3,889,1307.88,-1625.84,-358.499,0,0,0,2500,0,0,2500,0,2500,0
20230101T000008.500000,3,890,8029.63,-2921.32,-612.095,0,0,0,2500,0,0,2500,0,2500,0
20230101T000008.500000,3,891,682.735,118.494,98.9623,0,0,0,2500,0,0,2500,0,2500,0
20230101T000008.500000,3,892,7427.27,1871.54,961.514,0,0,0,2500,0,0,2500,0,2500,0
20230101T000008.500000,3,893,5940.65,1308.38,-41.3253,0,0,0,2500,0,0,2500,0,2500,0
20230101T000008.500000,3,894,2745.37,3050.3,-44.2096,0,0,0,2500,0,0,2500,0,2500,0
20230101T000008.600000,6,960,849.283,-1098.58,-99.9696,0,0,0,1960.8,1454.26,133.04,1203.91,-172.092,3085.38,2.45896e+15
20230101T000008.600000,6,961,10791.6,-2447.35,-1131.38,0,0,0,11591.4,41802,19528.7,186438,-4428.78,195918,6.59131e+14
20230101T000008.600000,6,962,10786.1,-996.866,-571.131,0,0,0,2170.75,17150,9853.11,186150,-910.635,187735,4.58239e+15
20230101T000008.600000,6,963,693.081,-0.118844,96.9306,0,0,0,77.8051,0.118448,-98.7103,768.578,0.016926,769.806,1.06493e+23
20230101T000008.600000,6,964,9364.56,4264.27,-635.532,0,0,0,29682.4,-63625,9518.78,140434,4334.5,169407,4.00805e+15
20230101T000008.600000,6,965,6605.75,4017.24,435.75,0,0,0,26089.5,-42295.8,-4602.46,69916.7,-2798.95,95638.8,1.88586e+15
20230101T000008.600000,6,966,5672.22,2119.18,1316.06,0,0,0,9670.89,-18304.2,-11931.5,51825.5,-4457.7,58667,4.53635e+15
20230101T000008.600000,4,891,698.44,28.4625,97.4076,1.55494,-8.91402,-0.153937,88.2137,-86.9229,-73.8852,573.958,-12.8233,587.502,0
20230101T000008.600000,3,895,849.283,-1098.58,-99.9696,0,0,0,2500,0,0,2500,0,2500,0
20230101T000008.600000,3,896,10791.6,-2447.35,-1131.38,0,0,0,2500,0,0,2500,0,2500,0
20230101T000008.600000,3,897,10786.1,-996.866,-571.131,0,0,0,2500,0,0,2500,0,2500,0
20230101T000008.600000,3,898,9364.56,4264.27,-635.532,0,0,0,2500,0,0,2500,0,2500,0
20230101T000008.600000,3,899,6605.75,4017.24,435.75,0,0,0,2500,0,0,2500,0,2500,0
20230101T000008.600000,3,900,5672.22,2119.18,1316.06,0,0,0,2500,0,0,2500,0,2500,0
20230101T000008.700000,6,967,2610.07,-3101.54,527.205,0,0,0,15601.7,12702.3,-2196.4,11197.2,2609.97,26292.3,9.07615e+14
20230101T000008.700000,6,968,7655.5,-6553.22,-635.858,0,0,0,69121.6,79918,7785.44,94071.3,-6664.45,162482,5.05293e+14
20230101T000008.700000,6,969,6438.19,-7079.34,368.028,0,0,0,80314.3,72785.4,-3789.44,66474.2,4166.81,146508,7.84313e+14
20230101T000008.700000,6,970,4956.62,-4854.1,-56.2624,0,0,0,37734.9,38461.3,445.823,39342.7,-436.602,77008.5,4.24319e+14
20230101T000008.700000,6,971,2965.78,-912.47,-386.149,0,0,0,1607.68,4245.13,1824.87,14099.4,-561.452,15406.5,8.46686e+14
20230101T000008.700000,6,972,3229.16,-1944.42,-830.457,0,0,0,6903.86,9531.54,4279.16,16993.8,-2576.68,22736.1,1.55916e+15
20230101T000008.700000,6,973,8067.25,-2251.46,-230.79,0,0,0,8248.91,29022.3,2977.25,104140,-830.911,112239,1.96734e+15
20230101T000008.700000,6,974,11023.2,217.937,604.621,0,0,0,724.456,-3830.96,-10660.3,194417,-210.762,194493,8.07533e+14
20230101T000008.700000,6,975,11008.9,1078.72,-1169.68,0,0,0,4092.76,-18782.4,20596.5,193936,2018.17,195777,6.80677e+14
20230101T000008.700000,6,976,682.278,-121.257,97.959,0,0,0,99.2337,118.914,-98.2034,747.196,17.4531,769.584,1.18165e+23
20230101T000008.700000,6,977,5744.22,408.647,-273.649,0,0,0,449.933,-3742.78,2512.02,52794.7,178.706,53061.1,4.25978e+14
20230101T000008.700000,6,978,7105.65,7756.35,614.603,0,0,0,96562.5,-87849.6,-6984.93,81147.8,-7624.58,177042,3.37005e+14
20230101T000008.700000,6,979,4190.45,6144.48,-1590.58,0,0,0,61711.9,-39284.3,10657,30900.5,15626.4,88506.1,6.67989e+14
20230101T000008.700000,6,980,5267.56,4117.55,989.192,0,0,0,28137.4,-33913,-8329.7,45013,-6511.16,71523.5,4.89556e+14
20230101T000008.700000,6,981,5333.01,6283.17,-633.639,0,0,0,63460.8,-53264.8,5403.56,45915.9,6366.29,108671,2.18712e+15
20230101T000008.700000,4,883,2988.2,-883.663,-281.844,-21.7889,4.718,-3.06557,257.933,610.205,183.569,2156.56,-53.9094,2321.94,0
20230101T000008.700000,3,901,2610.07,-3101.54,527.205,0,0,0,2500,0,0,2500,0,2500,0
20230101T000008.700000,3,902,7655.5,-6553.22,-635.858,0,0,0,2500,0,0,2500,0,2500,0
20230101T000008.700000,3,903,6438.19,-7079.34,368.028,0,0,0,2500,0,0,2500,0,2500,0
20230101T000008.700000,3,904,4956.62,-4854.1,-56.2624,0,0,0,2500,0,0,2500,0,2500,0
20230101T000008.700000,3,905,3229.16,-1944.42,-830.457,0,0,0,2500,0,0,2500,0,2500,0
20230101T000008.700000,3,906,8067.25,-2251.46,-230.79,0,0,0,2500,0,0,2500,0,2500,0
20230101T000008.700000,3,907,11023.2,217.937,604.621,0,0,0,2500,0,0,2500,0,2500,0
20230101T000008.700000,3,908,11008.9,1078.72,-1169.68,0,0,0,2500,0,0,2500,0,2500,0
20230101T000008.700000,3,909,682.278,-121.257,97.959,0,0,0,2500,0,0,2500,0,2500,0
20230101T000008.700000,3,910,5744.22,408.647,-273.649,0,0,0,2500,0,0,2500,0,2500,0
20230101T000008.700000,3,911,7105.65,7756.35,614.603,0,0,0,2500,0,0,2500,0,2500,0
20230101T000008.700000,3,912,4190.45,6144.48,-1590.58,0,0,0,2500,0,0,2500,0,2500,0
20230101T000008.700000,3,913,5267.56,4117.55,989.192,0,0,0,2500,0,0,2500,0,2500,0
20230101T000008.700000,3,914,5333.01,6283.17,-633.639,0,0,0,2500,0,0,2500,0,2500,0
20230101T000008.800000,6,982,4368.08,-6826.03,-1303.36,0,0,0,75359.2,46444.3,9103.7,32500.8,-14226.4,105081,7.92234e+14
20230101T000008.800000,6,983,1514.72,-733.549,190.517,0,0,0,959.178,1730.22,-455.29,3694.04,220.488,4532.76,1.05784e+15
20230101T000008.800000,6,984,3447.92,-2166.18,255.649,0,0,0,7628.39,11874.2,-1406.94,19068.7,883.921,26529,1.52978e+15
20230101T000008.800000,6,985,9245.38,-4302.48,1333.77,0,0,0,32009.5,62532,-19722.5,137281,9178.18,166382,4.00986e+15
20230101T000008.800000,6,986,653.804,-231.725,93.0679,0,0,0,154.079,218.245,-89.4065,692.498,31.688,770.981,4.09378e+22
20230101T000008.800000,6,987,7940.89,1374.73,551.385,0,0,0,3557.94,-17374.1,-7001.28,100908,-1212.06,103917,6.17141e+14
20230101T000008.800000,6,988,5003.5,-470.307,561.587,0,0,0,916.747,3712.18,-4488.8,40060.9,421.928,40410.7,2.70607e+15
20230101T000008.800000,6,989,2305.34,1001.98,-310.579,0,0,0,1789.17,-3616.37,1138.44,8537.86,494.805,10110.6,2.23068e+15
20230101T000008.800000,6,990,209.374,78.3259,44.8664,0,0,0,66.6103,-4.99262,-3.4653,78.0884,-1.29635,82.4344,7.0464e+14
20230101T000008.800000,6,991,5782.51,3455.57,1186.94,0,0,0,20812.2,-30951,-10972.2,54109.3,-6556.88,72607.3,8.62301e+14
20230101T000008.800000,6,992,4598.94,1872.39,-131.124,0,0,0,5687.82,-13745.7,963.289,33853.5,392.189,39449.9,4.29192e+14
20230101T000008.800000,4,909,667.493,-207.52,94.2286,-1.4638,-8.54086,-0.369353,88.7164,88.9265,-73.0907,573.275,12.99,587.569,0
20230101T000008.800000,3,915,4368.08,-6826.03,-1303.36,0,0,0,2500,0,0,2500,0,2500,0
20230101T000008.800000,3,916,1514.72,-733.549,190.517,0,0,0,2500,0,0,2500,0,2500,0
20230101T000008.800000,3,917,3447.92,-2166.18,255.649,0,0,0,2500,0,0,2500,0,2500,0
20230101T000008.800000,3,918,9245.38,-4302.48,1333.77,0,0,0,2500,0,0,2500,0,2500,0
20230101T000008.800000,3,919,7940.89,1374.73,551.385,0,0,0,2500,0,0,2500,0,2500,0
20230101T000008.800000,3,920,5003.5,-470.307,561.587,0,0,0,2500,0,0,2500,0,2500,0
20230101T000008.800000,3,921,2305.34,1001.98,-310.579,0,0,0,2500,0,0,2500,0,2500,0
20230101T000008.800000,3,922,209.374,78.3259,44.8664,0,0,0,2500,0,0,2500,0,2500,0
20230101T000008.800000,3,923,5782.51,3455.57,1186.94,0,0,0,2500,0,0,2500,0,2500,0
20230101T000008.800000,3,924,4598.94,1872.39,-131.124,0,0,0,2500,0,0,2500,0,2500,0
20230101T000008.900000,6,993,6217.89,-7964.81,-1780.67,0,0,0,103446,76748,17708.5,65050.2,-22683.7,163362,6.965e+14
20230101T000008.900000,6,994,4289.96,-1483.26,-799.062,0,0,0,4488.04,9846.29,5474.38,29561.7,-1892.77,32968,3.62612e+14
20230101T000008.900000,6,995,10786.7,-5494.56,1501.07,0,0,0,51216.8,93345.5,-25899.7,186920,13192.8,234470,6.79272e+14
20230101T000008.900000,6,996,133.173,-74.6231,23.0531,0,0,0,57.1775,-11.1463,3.33137,43.5316,-1.86673,38.7127,2.03872e+15
20230101T000008.900000,6,997,600.153,-345.02,102.982,0,0,0,250.277,296.917,-90.8122,596.061,52.2068,768.141,4.54483e+20
20230101T000008.900000,6,998,3863.28,226.844,484.877,0,0,0,520.003,-1376.48,-2989.26,23881.4,-175.523,23963.2,2.05531e+15
20230101T000008.900000,6,999,7552.09,196.621,-1278.46,0,0,0,2737.4,-2306.17,15437.6,91256.3,401.921,91318.1,3.33764e+15
20230101T000008.900000,6,1000,1950.44,1207.7,-101.876,0,0,0,2391.82,-3732.83,315.514,6109.03,195.364,8420.5,8.82769e+14
20230101T000008.900000,6,1001,1310.46,487.821,79.9679,0,0,0,445.765,-998.629,-164.252,2756.69,-61.1433,3128.64,6.12408e+14
20230101T000008.900000,6,1002,1916.91,504.152,137.904,0,0,0,494.701,-1523.11,-418.673,5885.37,-110.112,6286.26,9.22549e+14
20230101T000008.900000,3,925,6217.89,-7964.81,-1780.67,0,0,0,2500,0,0,2500,0,2500,0
20230101T000008.900000,3,926,4289.96,-1483.26,-799.062,0,0,0,2500,0,0,2500,0,2500,0
20230101T000008.900000,3,927,10786.7,-5494.56,1501.07,0,0,0,2500,0,0,2500,0,2500,0
20230101T000008.900000,3,928,133.173,-74.6231,23.0531,0,0,0,2500,0,0,2500,0,2500,0
20230101T000008.900000,3,929,600.153,-345.02,102.982,0,0,0,2500,0,0,2500,0,2500,0
20230101T000008.900000,3,930,3863.28,226.844,484.877,0,0,0,2500,0,0,2500,0,2500,0
20230101T000008.900000,3,931,7552.09,196.621,-1278.46,0,0,0,2500,0,0,2500,0,2500,0
20230101T000008.900000,3,932,1950.44,1207.7,-101.876,0,0,0,2500,0,0,2500,0,2500,0
20230101T000008.900000,3,933,1310.46,487.821,79.9679,0,0,0,2500,0,0,2500,0,2500,0
20230101T000008.900000,3,934,1916.91,504.152,137.904,0,0,0,2500,0,0,2500,0,2500,0
20230101T000009,6,1003,2314.48,-1887.41,-246.153,0,0,0,5796.13,6910.8,907.486,8635.03,-740.036,14271.1,4.92244e+14
20230101T000009,6,1004,533.793,-441.934,97.3591,0,0,0,358.725,339.163,-76.3596,487.587,63.2191,769.624,2.0594e+22
20230101T000009,6,1005,4531.47,-3482.06,-1273.01,0,0,0,21068.2,23964,9219.01,33840.1,-7084.03,52257.4,3.50213e+15
20230101T000009,6,1006,4725.49,-4219.29,52.5347,0,0,0,28521.9,31867.1,-396.807,35758.7,354.301,64212.2,3.89246e+14
20230101T000009,6,1007,1236.76,-699.598,-286.201,0,0,0,928.983,1301.85,555.556,2493.99,-314.262,3232.9,7.84586e+14
20230101T000009,6,1008,7934.26,-2276.73,-205.096,0,0,0,8414.88,28867.9,2602.12,100734,-746.678,109018,6.014e+14
20230101T000009,6,1009,2325.61,-125.128,-8.03255,0,0,0,88.9686,462.16,29.6686,8653.75,-1.5963,8678.61,1.28388e+16
20230101T000009,6,1010,10990.5,-1128.66,-1659.31,0,0,0,6459.46,19393.2,29169.2,193312,-2995.52,195305,1.02712e+15
20230101T000009,6,1011,5928.1,2454.88,70.4191,0,0,0,9703.68,-23259,-667.273,56238.3,-276.324,65870.1,8.1156e+14
20230101T000009,6,1012,5678.97,5252.31,-1128,0,0,0,45269.8,-46678.2,10242.7,52568.5,9473.16,95741.2,5.00793e+14
20230101T000009,6,1013,3802.75,4642.54,-445.114,0,0,0,34638,-28060.5,2705.26,23365.3,3302.69,57623,1.7696e+15
20230101T000009,4,906,7952.37,-2220.9,-226.978,-31.6185,8.41131,1.04939,252.085,672.131,68.8994,2472.83,-19.2289,2658.49,0
20230101T000009,4,929,555.707,-423.461,98.6905,-4.40058,-7.76641,-0.424863,201.728,222.151,-67.5888,460.441,38.8559,586.489,0
20230101T000009,3,935,2314.48,-1887.41,-246.153,0,0,0,2500,0,0,2500,0,2500,0
20230101T000009,3,936,4531.47,-3482.06,-1273.01,0,0,0,2500,0,0,2500,0,2500,0
20230101T000009,3,937,4725.49,-4219.29,52.5347,0,0,0,2500,0,0,2500,0,2500,0
20230101T000009,3,938,1236.76,-699.598,-286.201,0,0,0,2500,0,0,2500,0,2500,0
20230101T000009,3,939,2325.61,-125.128,-8.03255,0,0,0,2500,0,0,2500,0,2500,0
20230101T000009,3,940,10990.5,-1128.66,-1659.31,0,0,0,2500,0,0,2500,0,2500,0
20230101T000009,3,941,5928.1,2454.88,70.4191,0,0,0,2500,0,0,2500,0,2500,0
20230101T000009,3,942,5678.97,5252.31,-1128,0,0,0,2500,0,0,2500,0,2500,0
20230101T000009,3,943,3802.75,4642.54,-445.114,0,0,0,2500,0,0,2500,0,2500,0
20230101T000009.100000,6,1014,6225.74,-8215.87,-829.67,0,0,0,108426,81279.1,8261.41,62755.8,-10902.3,170017,3.79163e+14
20230101T000009.100000,6,1015,2824.58,-3320.2,-219.37,0,0,0,17697.1,14935.6,989.325,12846.9,-1162.92,30403.4,3.96737e+14
20230101T000009.100000,6,1016,8206.56,-7723.78,1720.44,0,0,0,97995.4,99022.3,-22583.3,110010,21254.7,203209,6.39736e+14
20230101T000009.100000,6,1017,3644.01,-3276.26,-648.694,0,0,0,17581.3,18735.9,3775.96,21575.1,-3394.9,38421.4,2.65639e+15
20230101T000009.100000,6,1018,264.537,-160.469,-4.38956,0,0,0,87.9982,39.5322,1.08176,129.188,-0.656198,153.181,7.62899e+14
20230101T000009.100000,6,1019,7573.44,-323.87,-1.14831,0,0,0,231.712,3921.76,13.9049,91771.2,-0.59463,91939,1.91791e+15
20230101T000009.100000,6,1020,5237.03,-458.996,-185.268,0,0,0,455.017,3835.71,1550.17,43883.4,-135.863,44219.6,2.8837e+14
20230101T000009.100000,6,1021,9058.65,1830.42,775.098,0,0,0,6345.28,-26330.8,-11228.9,131335,-2268.95,136656,4.20021e+15
20230101T000009.100000,6,1022,0.000132674,5.41928e-05,-2.17631e-05,0,0,0,53.6125,21.8988,-8.79427,8.94489,-3.59215,1.44256,6.0236e+14
20230101T000009.100000,6,1023,9510.26,4470.38,-296.025,0,0,0,32142.2,-67944.6,4502.81,144749,2116.59,176687,3.38943e+15
20230101T000009.100000,6,1024,5091.9,2756.8,295.235,0,0,0,12317.2,-22374.7,-2402.43,41530.1,-1300.7,53644.1,5.72458e+14
20230101T000009.100000,6,1025,8028.64,3433.02,-312.728,0,0,0,19043.3,-44020.2,4015.14,103168,1716.86,121991,1.62563e+16
20230101T000009.100000,6,1026,1382.29,1033.66,-31.0837,0,0,0,1751.56,-2254.7,67.8241,3080.68,50.7181,4766.73,9.91953e+14
20230101T000009.100000,6,1027,2037.36,2824.98,123.601,0,0,0,12799,-9166.89,-401.584,6699.49,-556.831,19410.2,8.30069e+14
20230101T000009.100000,6,1028,564.429,674.863,-189.286,0,0,0,777.476,-551.145,162.498,579.451,194.292,1241.26,4.41633e+22
20230101T000009.100000,6,1029,5889.56,7527.77,-1134.34,0,0,0,91473.4,-69906.6,10684.6,56815.3,13656.6,146168,7.61374e+14
20230101T000009.100000,4,925,6265.83,-8029.91,-1780.01,9.21846,-12.5201,0.127837,1642.3,1174.59,262.732,1054.67,-336.547,2485.23,0
20230101T000009.100000,3,944,2824.58,-3320.2,-219.37,0,0,0,2500,0,0,2500,0,2500,0
20230101T000009.100000,3,945,8206.56,-7723.78,1720.44,0,0,0,2500,0,0,2500,0,2500,0
20230101T000009.100000,3,946,3644.01,-3276.26,-648.694,0,0,0,2500,0,0,2500,0,2500,0
20230101T000009.100000,3,947,264.537,-160.469,-4.38956,0,0,0,2500,0,0,2500,0,2500,0
20230101T000009.100000,3,948,7573.44,-323.87,-1.14831,0,0,0,2500,0,0,2500,0,2500,0
20230101T000009.100000,3,949,5237.03,-458.996,-185.268,0,0,0,2500,0,0,2500,0,2500,0
20230101T000009.100000,3,950,9058.65,1830.42,775.098,0,0,0,2500,0,0,2500,0,2500,0
20230101T000009.100000,3,951,0.000132674,5.41928e-05,-2.17631e-05,0,0,0,2500,0,0,2500,0,2500,0
20230101T000009.100000,3,952,9510.26,4470.38,-296.025,0,0,0,2500,0,0,2500,0,2500,0
20230101T000009.100000,3,953,5091.9,2756.8,295.235,0,0,0,2500,0,0,2500,0,2500,0
20230101T000009.100000,3,954,8028.64,3433.02,-312.728,0,0,0,2500,0,0,2500,0,2500,0
20230101T000009.100000,3,955,1382.29,1033.66,-31.0837,0,0,0,2500,0,0,2500,0,2500,0
20230101T000009.100000,3,956,2037.36,2824.98,123.601,0,0,0,2500,0,0,2500,0,2500,0
20230101T000009.100000,3,957,564.429,674.863,-189.286,0,0,0,2500,0,0,2500,0,2500,0
20230101T000009.100000,3,958,5889.56,7527.77,-1134.34,0,0,0,2500,0,0,2500,0,2500,0
20230101T000009.200000,6,1030,4690.44,-4949.92,-1231.23,0,0,0,40379.5,35905.7,9232.31,36511,-9743.05,74405,4.90666e+15
20230101T000009.200000,6,1031,3800.31,-1753.48,-449.97,0,0,0,5238.74,10514.7,2729.86,23175.7,-1259.57,28028,2.69835e+15
20230101T000009.200000,6,1032,10943.1,-5688.83,690.372,0,0,0,52431,99267.6,-12084.6,191779,6282.2,243384,2.99843e+15
20230101T000009.200000,6,1033,8361.8,-2797.92,675.044,0,0,0,13238.3,37194.5,-9026.72,111951,3020.41,124397,5.58951e+14
20230101T000009.200000,6,1034,7301.57,-2585.19,1108.65,0,0,0,12496.4,29563.1,-12943.4,85526.8,4582.73,95995.1,2.89299e+15
20230101T000009.200000,6,1035,5684.41,1088.52,342.411,0,0,0,2138.27,-9853.68,-3110.54,51708.9,-595.643,53596,5.97168e+14
20230101T000009.200000,6,1036,9231.77,-1908.04,-2098.32,0,0,0,12639.5,26774.8,30980.6,136652,-6403.12,142189,6.88142e+14
20230101T000009.200000,6,1037,7581.76,2757.99,-402.623,0,0,0,12455.8,-33352.8,4881.15,92010.7,1775.6,104143,8.85268e+14
20230101T000009.200000,6,1038,8780.24,7242.37,-1239.39,0,0,0,85423.4,-100506,17406.1,124369,14357.4,207272,8.04347e+14
20230101T000009.200000,6,1039,681.486,559.956,-178.943,0,0,0,568.96,-555.281,185.48,788.5,152.403,1247.29,3.83758e+21
20230101T000009.200000,4,957,649.848,605.44,-182.465,8.45738,-6.87364,0.675313,529.057,-360.902,104.735,399.386,125.227,821.196,0
20230101T000009.200000,3,959,4690.44,-4949.92,-1231.23,0,0,0,2500,0,0,2500,0,2500,0
20230101T000009.200000,3,960,3800.31,-1753.48,-449.97,0,0,0,2500,0,0,2500,0,2500,0
20230101T000009.200000,3,961,10943.1,-5688.83,690.372,0,0,0,2500,0,0,2500,0,2500,0
20230101T000009.200000,3,962,8361.8,-2797.92,675.044,0,0,0,2500,0,0,2500,0,2500,0
20230101T000009.200000,3,963,7301.57,-2585.19,1108.65,0,0,0,2500,0,0,2500,0,2500,0
20230101T000009.200000,3,964,5684.41,1088.52,342.411,0,0,0,2500,0,0,2500,0,2500,0
20230101T000009.200000,3,965,9231.77,-1908.04,-2098.32,0,0,0,2500,0,0,2500,0,2500,0
20230101T000009.200000,3,966,7581.76,2757.99,-402.623,0,0,0,2500,0,0,2500,0,2500,0
20230101T000009.200000,3,967,8780.24,7242.37,-1239.39,0,0,0,2500,0,0,2500,0,2500,0
20230101T000009.300000,6,1040,4763.28,-7407.79,1227.24,0,0,0,88523.9,55331.8,-9348.4,38051.4,14538.5,124104,1.58186e+15
20230101T000009.300000,6,1041,3983.02,-5349.85,-1622.76,0,0,0,47317.5,32046.5,10332.8,28132.8,-13878.7,71180.1,2.28965e+15
20230101T000009.300000,6,1042,4051.98,-2482.97,176.629,0,0,0,9946.96,16046.8,-1143.09,26300.7,700.463,36134,5.62136e+14
20230101T000009.300000,6,1043,4823.9,-2325.71,173.857,0,0,0,8745.38,17906.4,-1340,37253.2,646.044,45886.3,5.43961e+14
20230101T000009.300000,6,1044,3020.81,-528.251,-689.461,0,0,0,1243.59,2413.8,3318.87,14624.8,-580.374,15050,9.6317e+14
20230101T000009.300000,6,1045,2695.12,-193.674,-309.704,0,0,0,275.539,819.672,1328.28,11623,-95.4518,11682.7,6.04836e+14
20230101T000009.300000,6,1046,1596.52,1018.78,-371.373,0,0,0,1861.27,-2474.39,938.458,4159.88,598.855,5741.22,4.23809e+15
20230101T000009.300000,6,1047,6834.58,3291.9,737.781,0,0,0,18096.9,-35632.8,-8062.33,74914.4,-3883.25,92077.7,6.34299e+14
20230101T000009.300000,6,1048,761.993,439.6,-189.607,0,0,0,398.241,-484.585,219.749,958.649,126.775,1241.05,7.34936e+21
20230101T000009.300000,6,1049,6376.38,1451.75,860.765,0,0,0,4558.98,-14540.8,-8773.62,65114.6,-1997.55,68426.3,7.78844e+15
20230101T000009.300000,6,1050,2177.73,2003.18,174.26,0,0,0,6481.22,-6923.82,-604.422,7639.51,-555.975,14008.6,5.105e+14
20230101T000009.300000,6,1051,4119.56,5800.3,518.867,0,0,0,53995.3,-37998.1,-3417.32,27481.9,-4811.55,80983.1,5.30739e+14
20230101T000009.300000,3,968,4763.28,-7407.79,1227.24,0,0,0,2500,0,0,2500,0,2500,0
20230101T000009.300000,3,969,3983.02,-5349.85,-1622.76,0,0,0,2500,0,0,2500,0,2500,0
20230101T000009.300000,3,970,4051.98,-2482.97,176.629,0,0,0,2500,0,0,2500,0,2500,0
20230101T000009.300000,3,971,4823.9,-2325.71,173.857,0,0,0,2500,0,0,2500,0,2500,0
20230101T000009.300000,3,972,3020.81,-528.251,-689.461,0,0,0,2500,0,0,2500,0,2500,0
20230101T000009.300000,3,973,2695.12,-193.674,-309.704,0,0,0,2500,0,0,2500,0,2500,0
20230101T000009.300000,3,974,1596.52,1018.78,-371.373,0,0,0,2500,0,0,2500,0,2500,0
20230101T000009.300000,3,975,6834.58,3291.9,737.781,0,0,0,2500,0,0,2500,0,2500,0
20230101T000009.300000,3,976,761.993,439.6,-189.607,0,0,0,2500,0,0,2500,0,2500,0
20230101T000009.300000,3,977,6376.38,1451.75,860.765,0,0,0,2500,0,0,2500,0,2500,0
20230101T000009.300000,3,978,2177.73,2003.18,174.26,0,0,0,2500,0,0,2500,0,2500,0
20230101T000009.300000,3,979,4119.56,5800.3,518.867,0,0,0,2500,0,0,2500,0,2500,0
20230101T000009.400000,6,1052,6028.03,-5593.95,38.0085,0,0,0,50103.3,53919.7,-366.369,58170.1,339.987,108207,3.65434e+15
20230101T000009.400000,6,1053,4572.72,-4972.05,1174.37,0,0,0,40593.7,35246.9,-8584.78,34684.8,9334.48,73011.6,5.85194e+14
20230101T000009.400000,6,1054,4020.74,-1278.69,636.607,0,0,0,3261.79,8020.72,-4086.42,25931.5,1299.58,28483.7,7.26699e+14
20230101T000009.400000,6,1055,8866.73,-857.145,766.876,0,0,0,2170.7,12063.9,-10874,125799,1051.19,126966,1.2609e+15
20230101T000009.400000,6,1056,1546.25,629.095,29.6593,0,0,0,689.318,-1533.56,-72.3242,3834.71,-29.4252,4458.66,1.93662e+15
20230101T000009.400000,6,1057,9835.28,5533.92,-2519.33,0,0,0,56758.5,-82718.3,39633.5,157229,22300.2,203774,1.17775e+15
20230101T000009.400000,6,1058,824.428,305.056,-191.482,0,0,0,254.237,-363.416,240.098,1101.91,88.8416,1239.28,8.64497e+21
20230101T000009.400000,6,1059,9075.96,2994.46,729.746,0,0,0,15172.6,-43211.7,-10592.4,131887,-3494.79,146144,3.6859e+15
20230101T000009.400000,6,1060,2016.51,3018.12,-439.022,0,0,0,14689.1,-9566.1,1412.23,6762.91,2113.69,21081.5,3.08253e+15
20230101T000009.400000,6,1061,7066.63,7110.35,-387.317,0,0,0,81042.4,-80242,4377.51,80052.5,4404.59,160791,3.81317e+14
20230101T000009.400000,4,976,811.369,353.012,-190.831,4.88869,-8.57308,-0.121175,280.736,-317.338,141.635,647.727,81.7104,821.065,0
20230101T000009.400000,3,980,6028.03,-5593.95,38.0085,0,0,0,2500,0,0,2500,0,2500,0
20230101T000009.400000,3,981,4572.72,-4972.05,1174.37,0,0,0,2500,0,0,2500,0,2500,0
20230101T000009.400000,3,982,4020.74,-1278.69,636.607,0,0,0,2500,0,0,2500,0,2500,0
20230101T000009.400000,3,983,8866.73,-857.145,766.876,0,0,0,2500,0,0,2500,0,2500,0
20230101T000009.400000,3,984,1546.25,629.095,29.6593,0,0,0,2500,0,0,2500,0,2500,0
20230101T000009.400000,3,985,9835.28,5533.92,-2519.33,0,0,0,2500,0,0,2500,0,2500,0
20230101T000009.400000,3,986,9075.96,2994.46,729.746,0,0,0,2500,0,0,2500,0,2500,0
20230101T000009.400000,3,987,2016.51,3018.12,-439.022,0,0,0,2500,0,0,2500,0,2500,0
20230101T000009.400000,3,988,7066.63,7110.35,-387.317,0,0,0,2500,0,0,2500,0,2500,0
20230101T000009.500000,6,1062,2728.89,-2131.33,577.473,0,0,0,7638.2,9016.83,-2513.19,12140.7,1962.87,19184.8,4.32188e+15
20230101T000009.500000,6,1063,4234.72,-4294.24,-179.898,0,0,0,29561.8,29038,1217.57,28751.2,-1234.68,58197.3,1.81859e+15
20230101T000009.500000,6,1064,5344.31,-7179.03,-847.041,0,0,0,82893.6,60806.9,7239.38,46478.1,-9724.69,128161,6.18902e+14
20230101T000009.500000,6,1065,8938.93,-2938.52,-1140.84,0,0,0,15752.1,41391.1,16309.3,128056,-5361.4,141664,5.36943e+14
20230101T000009.500000,6,1066,7971.75,-1734.14,1946.9,0,0,0,10660.1,20846.4,-24818.2,101955,5398.85,106493,9.79096e+14
20230101T000009.500000,6,1067,871.226,138.842,-175.9,0,0,0,139.151,-176.281,233.079,1217.21,37.1444,1247.75,9.49308e+20
20230101T000009.500000,6,1068,2586.55,1253.53,-486.572,0,0,0,2871.29,-5014.64,2004.19,10788.3,971.303,13220.3,9.1538e+14
20230101T000009.500000,6,1069,10028.8,1643.8,-1151.08,0,0,0,6449.39,-26028.1,18463.2,160980,3026.28,165247,7.02766e+14
20230101T000009.500000,6,1070,867.241,154.292,-182.117,0,0,0,149.021,-194.358,240.209,1206.88,42.736,1244.08,8.72763e+20
20230101T000009.500000,6,1071,6521.51,3564.29,-1120.31,0,0,0,21921.1,-36319.9,11681.5,68524.5,6384.44,88376.3,3.57804e+15
20230101T000009.500000,6,1072,6147.57,3036.1,824.396,0,0,0,15673.5,-29406.6,-8102.05,60693.7,-4001.35,75217.7,7.03186e+15
20230101T000009.500000,6,1073,2551.12,2580.98,-141.899,0,0,0,10705.8,-10487,577.448,10461.8,584.205,21071.5,5.21837e+14
20230101T000009.500000,6,1074,2727.49,3082.28,963.3,0,0,0,15879.4,-12684.1,-4194.42,12769.4,-4740.02,27106.8,1.46367e+16
20230101T000009.500000,6,1075,6820.79,8370,-1331.69,0,0,0,113249,-89923.7,14528.2,76180.1,17828,186529,9.02078e+14
20230101T000009.500000,6,1076,4709.44,6144.68,-1018.34,0,0,0,61048.6,-45469.3,7668.23,36570.9,10005.2,95898.5,2.22876e+15
20230101T000009.500000,6,1077,4257.47,3770.14,-842.87,0,0,0,23414.6,-25086.8,5734.65,29528.8,5078.23,51745.5,1.21115e+15
20230101T000009.500000,3,989,2728.89,-2131.33,577.473,0,0,0,2500,0,0,2500,0,2500,0
20230101T000009.500000,3,990,4234.72,-4294.24,-179.898,0,0,0,2500,0,0,2500,0,2500,0
20230101T000009.500000,3,991,5344.31,-7179.03,-847.041,0,0,0,2500,0,0,2500,0,2500,0
20230101T000009.500000,3,992,8938.93,-2938.52,-1140.84,0,0,0,2500,0,0,2500,0,2500,0
20230101T000009.500000,3,993,7971.75,-1734.14,1946.9,0,0,0,2500,0,0,2500,0,2500,0
20230101T000009.500000,3,994,871.226,138.842,-175.9,0,0,0,2500,0,0,2500,0,2500,0
20230101T000009.500000,3,995,2586.55,1253.53,-486.572,0,0,0,2500,0,0,2500,0,2500,0
20230101T000009.500000,3,996,10028.8,1643.8,-1151.08,0,0,0,2500,0,0,2500,0,2500,0
20230101T000009.500000,3,997,867.241,154.292,-182.117,0,0,0,2500,0,0,2500,0,2500,0
20230101T000009.500000,3,998,6521.51,3564.29,-1120.31,0,0,0,2500,0,0,2500,0,2500,0
20230101T000009.500000,3,999,6147.57,3036.1,824.396,0,0,0,2500,0,0,2500,0,2500,0
20230101T000009.500000,3,1000,2551.12,2580.98,-141.899,0,0,0,2500,0,0,2500,0,2500,0
20230101T000009.500000,3,1001,2727.49,3082.28,963.3,0,0,0,2500,0,0,2500,0,2500,0
20230101T000009.500000,3,1002,6820.79,8370,-1331.69,0,0,0,2500,0,0,2500,0,2500,0
20230101T000009.500000,3,1003,4709.44,6144.68,-1018.34,0,0,0,2500,0,0,2500,0,2500,0
20230101T000009.500000,3,1004,4257.47,3770.14,-842.87,0,0,0,2500,0,0,2500,0,2500,0
20230101T000009.600000,6,1078,4133.6,-5554.46,441.378,0,0,0,49497.1,36556.1,-2916.74,27580.3,3919.32,76702.2,9.72473e+14
20230101T000009.600000,6,1079,6931.12,-6320.75,76.0863,0,0,0,63963.1,70059.3,-843.398,76897.8,769.127,140788,8.58835e+14
20230101T000009.600000,6,1080,4775.33,-3912.19,-1348.65,0,0,0,26266.4,28434.6,10294.1,37679.3,-8433.45,60977.3,4.837e+15
20230101T000009.600000,6,1081,10883.9,-4278.89,2138.95,0,0,0,35688.2,71999.8,-37237.6,190522,14639.6,218830,1.20293e+15
20230101T000009.600000,6,1082,6807.77,-3090.38,980.655,0,0,0,16608.6,33058.9,-10674.2,74426.8,4845.54,89434.9,9.7126e+14
20230101T000009.600000,6,1083,5564.01,-2676.15,-1346.71,0,0,0,13865.1,22666.9,11977,50089.9,-5760.62,60995,4.64269e+15
20230101T000009.600000,6,1084,2879.1,-235.632,-101.322,0,0,0,168.648,1078.92,464.511,13263.3,-38.0166,13351.7,1.60801e+15
20230101T000009.600000,6,1085,7584.45,681.374,-775.805,0,0,0,1760.95,-8177.08,9408.06,92046.5,845.203,92781.8,4.86454e+14
20230101T000009.600000,6,1086,880.213,4.53033,-185.589,0,0,0,116.415,-5.78125,248.453,1239.64,1.27875,1242.4,8.69768e+21
20230101T000009.600000,6,1087,9357.33,1163.6,-1243.34,0,0,0,4664.08,-17110.5,18606.8,140134,2313.79,142263,7.12665e+14
20230101T000009.600000,6,1088,6752.21,-802.514,664.138,0,0,0,1788.86,8579.84,-7168.89,72958.4,852.038,73978.7,2.39726e+15
20230101T000009.600000,6,1089,2309.14,717.162,348.303,0,0,0,1057.13,-2576.9,-1278.22,8553.97,-396.985,9355.59,5.29115e+14
20230101T000009.600000,6,1090,5699.98,1901.67,-91.5083,0,0,0,5855.78,-17319.9,833.628,51991.3,278.121,57769.8,4.94593e+14
20230101T000009.600000,6,1091,35.9523,54.1034,-4.89962,0,0,0,24.1884,26.2401,-2.37471,46.2395,-3.57363,7.11363,1.3559e+15
20230101T000009.600000,6,1092,5398.79,3915.44,-328.769,0,0,0,24684.2,-33709.3,2837.38,46716.8,2057.79,71164.4,6.47907e+14
20230101T000009.600000,4,994,884.172,49.4344,-182.311,1.28174,-8.85229,-0.634776,111.115,-115.2,150.263,815.629,23.9465,825.565,0
20230101T000009.600000,3,1005,4133.6,-5554.46,441.378,0,0,0,2500,0,0,2500,0,2500,0
20230101T000009.600000,3,1006,6931.12,-6320.75,76.0863,0,0,0,2500,0,0,2500,0,2500,0
20230101T000009.600000,3,1007,4775.33,-3912.19,-1348.65,0,0,0,2500,0,0,2500,0,2500,0
20230101T000009.600000,3,1008,10883.9,-4278.89,2138.95,0,0,0,2500,0,0,2500,0,2500,0
20230101T000009.600000,3,1009,6807.77,-3090.38,980.655,0,0,0,2500,0,0,2500,0,2500,0
20230101T000009.600000,3,1010,5564.02,-2676.15,-1346.71,0,0,0,2500,0,0,2500,0,2500,0
20230101T000009.600000,3,1011,2879.1,-235.632,-101.322,0,0,0,2500,0,0,2500,0,2500,0
20230101T000009.600000,3,1012,7584.45,681.373,-775.805,0,0,0,2500,0,0,2500,0,2500,0
20230101T000009.600000,3,1013,9357.33,1163.6,-1243.34,0,0,0,2500,0,0,2500,0,2500,0
20230101T000009.600000,3,1014,6752.21,-802.514,664.138,0,0,0,2500,0,0,2500,0,2500,0
20230101T000009.600000,3,1015,2309.14,717.163,348.303,0,0,0,2500,0,0,2500,0,2500,0
20230101T000009.600000,3,1016,5699.98,1901.67,-91.5083,0,0,0,2500,0,0,2500,0,2500,0
20230101T000009.600000,3,1017,35.9523,54.1034,-4.89962,0,0,0,2500,0,0,2500,0,2500,0
20230101T000009.600000,3,1018,5398.79,3915.44,-328.769,0,0,0,2500,0,0,2500,0,2500,0
20230101T000009.700000,6,1093,6482.53,-8576.1,-1007.76,0,0,0,118293,88139.6,10449,68311.7,-13823.5,184917,7.87737e+14
20230101T000009.700000,6,1094,154.138,-101.606,-29.8967,0,0,0,60.9888,-4.25641,-1.05905,57.3375,0.698112,56.1673,3.8539e+15
20230101T000009.700000,6,1095,862.921,-164.29,-195.007,0,0,0,160.762,204.445,255.94,1195.67,-48.7278,1237.6,1.22405e+21
20230101T000009.700000,6,1096,7958.23,-2036.37,169.482,0,0,0,6738.04,25903,-2156.77,101340,551.878,107968,4.47978e+15
20230101T000009.700000,6,1097,865.963,-156.004,-189.556,0,0,0,153.862,195.447,249.67,1203.56,-44.9783,1241.61,1.23379e+21
20230101T000009.700000,6,1098,9276.46,1587.07,196.62,0,0,0,4152.33,-23535,-2916.98,137688,-499.054,141715,5.396e+14
20230101T000009.700000,6,1099,2758.5,1192.62,29.9252,0,0,0,2330.89,-5239.94,-131.493,12185.2,-56.8504,14450.7,2.14784e+15
20230101T000009.700000,6,1100,7757.29,4398,1262.08,0,0,0,32923.9,-53466.1,-15656.7,96916.1,-8876.59,127230,7.28547e+14
20230101T000009.700000,6,1101,4438.38,1608.55,-695.241,0,0,0,4878.84,-11155.1,4928.52,31615.8,1786.18,35660,6.27138e+14
20230101T000009.700000,6,1102,9875.29,5713.15,-1136.86,0,0,0,53821,-89346.6,17957.5,156569,10389,208259,6.27506e+14
20230101T000009.700000,6,1103,5625.02,6055.69,1220.26,0,0,0,59806.7,-53282.1,-10976,51937.9,-11816.4,109301,1.0565e+15
20230101T000009.700000,6,1104,6924.37,5748.52,344.109,0,0,0,53022.8,-63563.3,-3810.5,76818.4,-3163.43,129588,7.46422e+14
20230101T000009.700000,3,1019,6482.53,-8576.1,-1007.76,0,0,0,2500,0,0,2500,0,2500,0
20230101T000009.700000,3,1020,154.138,-101.606,-29.8967,0,0,0,2500,0,0,2500,0,2500,0
20230101T000009.700000,3,1021,862.921,-164.29,-195.007,0,0,0,2500,0,0,2500,0,2500,0
20230101T000009.700000,3,1022,7958.23,-2036.37,169.482,0,0,0,2500,0,0,2500,0,2500,0
20230101T000009.700000,3,1023,865.963,-156.004,-189.556,0,0,0,2500,0,0,2500,0,2500,0
20230101T000009.700000,3,1024,9276.46,1587.07,196.62,0,0,0,2500,0,0,2500,0,2500,0
20230101T000009.700000,3,1025,2758.5,1192.62,29.9252,0,0,0,2500,0,0,2500,0,2500,0
20230101T000009.700000,3,1026,7757.29,4398,1262.08,0,0,0,2500,0,0,2500,0,2500,0
20230101T000009.700000,3,1027,4438.38,1608.55,-695.241,0,0,0,2500,0,0,2500,0,2500,0
20230101T000009.700000,3,1028,9875.29,5713.15,-1136.86,0,0,0,2500,0,0,2500,0,2500,0
20230101T000009.700000,3,1029,5625.02,6055.69,1220.26,0,0,0,2500,0,0,2500,0,2500,0
20230101T000009.700000,3,1030,6924.37,5748.52,344.109,0,0,0,2500,0,0,2500,0,2500,0
20230101T000009.800000,6,1105,11247.8,-3007.04,-1918.06,0,0,0,20019.5,52631.9,34508.4,202818,-9225.64,216890,2.73122e+15
20230101T000009.800000,6,1106,823.543,-306.943,-194.123,0,0,0,257.263,364.748,243.161,1099.95,-90.6285,1238.88,5.03668e+21
20230101T000009.800000,6,1107,8039.12,4795.88,-254.807,0,0,0,36924.5,-61613.6,3275.99,103448,1954.35,140205,7.42271e+14
20230101T000009.800000,6,1108,4266.26,2244.11,-40.8651,0,0,0,8109.85,-15290.9,278.466,29136,146.477,37179.2,6.23293e+14
20230101T000009.800000,6,1109,7365.62,9396.43,860.508,0,0,0,141744,-110131,-10138.2,87577,-12933.5,228073,1.02779e+15
20230101T000009.800000,6,1110,4814.41,6722.73,1866.28,0,0,0,74222,-49118.8,-14368.1,40809.6,-20063.2,109401,5.12003e+15
20230101T000009.800000,6,1111,3597.44,5023.01,-729.181,0,0,0,40678.9,-28479.4,4192.76,21310.5,5854.24,61076.4,4.36226e+14
20230101T000009.800000,4,1021,844.695,-262.089,-194.441,-1.80461,-9.68312,0.0560421,125.216,134.025,164.974,803.657,-31.409,818.9,0
20230101T000009.800000,3,1031,11247.8,-3007.04,-1918.06,0,0,0,2500,0,0,2500,0,2500,0
20230101T000009.800000,3,1032,8039.12,4795.88,-254.807,0,0,0,2500,0,0,2500,0,2500,0
20230101T000009.800000,3,1033,4266.26,2244.11,-40.8651,0,0,0,2500,0,0,2500,0,2500,0
20230101T000009.800000,3,1034,7365.62,9396.43,860.508,0,0,0,2500,0,0,2500,0,2500,0
20230101T000009.800000,3,1035,4814.41,6722.73,1866.28,0,0,0,2500,0,0,2500,0,2500,0
20230101T000009.800000,3,1036,3597.44,5023.01,-729.181,0,0,0,2500,0,0,2500,0,2500,0
20230101T000009.900000,6,1112,7869.02,-8659.31,-882.616,0,0,0,120566,108372,11109.3,99791.8,-12225,219048,4.15314e+15
20230101T000009.900000,6,1113,6426.8,-4866.38,58.9018,0,0,0,37934.8,50006.9,-605.307,66111.3,458.339,103977,8.15253e+14
20230101T000009.900000,6,1114,756.1,-450.027,-190.618,0,0,0,412.108,492.007,219.221,945.897,-130.48,1241.61,1.77432e+20
20230101T000009.900000,6,1115,7354.37,-3139.85,1021.44,0,0,0,17239.1,36321,-12011.9,86806,5128.31,102314,8.4716e+14
20230101T000009.900000,6,1116,3121.92,-62.0181,-165.294,0,0,0,113.648,307.65,822.281,15594.3,-16.3349,15600.6,1.63539e+14
20230101T000009.900000,6,1117,2505.74,-93.5488,-215.918,0,0,0,151.932,369.905,860.19,10046.2,-32.1141,10060.5,3.04535e+15
20230101T000009.900000,6,1118,10783.3,-775.946,-2123.33,0,0,0,8201.16,12866.8,36622.3,186084,-2635.28,187012,5.11332e+15
20230101T000009.900000,6,1119,5474.82,2028.29,46.8774,0,0,0,6641.73,-17745.3,-410.15,47965.9,-151.951,54540.1,2.10742e+15
20230101T000009.900000,6,1120,1716.17,2484.92,236.562,0,0,0,9929.16,-6751.65,-646.737,4816.08,-936.438,14592.5,3.82942e+14
20230101T000009.900000,3,1037,7869.02,-8659.31,-882.616,0,0,0,2500,0,0,2500,0,2500,0
20230101T000009.900000,3,1038,6426.8,-4866.38,58.9018,0,0,0,2500,0,0,2500,0,2500,0
20230101T000009.900000,3,1039,756.1,-450.027,-190.618,0,0,0,2500,0,0,2500,0,2500,0
20230101T000009.900000,3,1040,7354.37,-3139.85,1021.44,0,0,0,2500,0,0,2500,0,2500,0
20230101T000009.900000,3,1041,3121.92,-62.0181,-165.294,0,0,0,2500,0,0,2500,0,2500,0
20230101T000009.900000,3,1042,2505.74,-93.5488,-215.918,0,0,0,2500,0,0,2500,0,2500,0
20230101T000009.900000,3,1043,10783.3,-775.946,-2123.33,0,0,0,2500,0,0,2500,0,2500,0
20230101T000009.900000,3,1044,5474.82,2028.29,46.8774,0,0,0,2500,0,0,2500,0,2500,0
20230101T000009.900000,3,1045,1716.17,2484.92,236.562,0,0,0,2500,0,0,2500,0,2500,0
20230101T000010,6,1121,1701.21,-1160.31,-78.1168,0,0,0,2204.37,3123.98,210.626,4653.97,-143.657,6784.77,2.73869e+15
20230101T000010,6,1122,4497.8,-5556.27,1951.32,0,0,0,51830.7,36977.1,-14032.4,36084.8,17334.7,81768.1,1.36561e+15
20230101T000010,6,1123,665.623,-578.428,-179.53,0,0,0,599.721,560.066,181.756,757.515,-157.946,1246.76,5.3399e+19
20230101T000010,6,1124,6067.83,-2935.36,-682.157,0,0,0,14440.8,28181.3,6616.97,59062.9,-3201.01,72696.5,6.93399e+14
20230101T000010,6,1125,4622.42,124.858,101.765,0,0,0,105.423,-921.258,-751.234,34186.8,-20.2919,34211.7,6.02114e+14
20230101T000010,6,1126,8568.55,-205.82,-946.314,0,0,0,1562.96,2785.81,12966.7,117473,-311.465,117541,2.04151e+15
20230101T000010,6,1127,10258.6,3001.3,1640.99,0,0,0,18438.9,-48084.8,-26925.7,168728,-7877.44,182798,1.32868e+15
20230101T000010,6,1128,7746.45,3766.35,-410.126,0,0,0,22965.9,-46550.3,5080.5,96075.6,2470.15,118709,1.88497e+15
20230101T000010,6,1129,8152.03,5102.86,-1043.6,0,0,0,42960.1,-65745.7,13606.2,106837,8516.95,147992,5.54276e+14
20230101T000010,6,1130,4626.18,2605.9,585.372,0,0,0,11329.3,-19027.1,-4326.78,34389.7,-2437.25,45108.3,7.10575e+14
20230101T000010,6,1131,3551.47,3899.84,734.457,0,0,0,24753.8,-21699.4,-4167.55,20686.8,-4576.36,44515.9,7.39656e+14
20230101T000010,4,1039,703.237,-541.214,-183.274,-5.2339,-9.02839,0.727109,289.776,322.158,141.253,639.292,-84.0732,821.196,0
20230101T000010,3,1046,1701.21,-1160.31,-78.1168,0,0,0,2500,0,0,2500,0,2500,0
20230101T000010,3,1047,4497.8,-5556.27,1951.32,0,0,0,2500,0,0,2500,0,2500,0
20230101T000010,3,1048,6067.83,-2935.36,-682.157,0,0,0,2500,0,0,2500,0,2500,0
20230101T000010,3,1049,4622.42,124.858,101.765,0,0,0,2500,0,0,2500,0,2500,0
20230101T000010,3,1050,8568.55,-205.82,-946.314,0,0,0,2500,0,0,2500,0,2500,0
20230101T000010,3,1051,10258.6,3001.3,1640.99,0,0,0,2500,0,0,2500,0,2500,0
20230101T000010,3,1052,7746.45,3766.35,-410.126,0,0,0,2500,0,0,2500,0,2500,0
20230101T000010,3,1053,8152.03,5102.86,-1043.6,0,0,0,2500,0,0,2500,0,2500,0
20230101T000010,3,1054,4626.18,2605.9,585.372,0,0,0,2500,0,0,2500,0,2500,0
20230101T000010,3,1055,3551.47,3899.84,734.457,0,0,0,2500,0,0,2500,0,2500,0
20230101T000010.100000,6,1132,5221.18,-932.802,-238.951,0,0,0,1542.62,7765.65,1993.33,43621.9,-356.124,45009.5,7.2553e+14
20230101T000010.100000,6,1133,2627.38,-1578.18,-697.05,0,0,0,4601.07,6264.37,2918.4,11267.3,-1752.99,15033.2,9.86449e+14
20230101T000010.100000,6,1134,12010.3,1993.37,-986.715,0,0,0,7935.53,-38043.6,18956.1,230838,3146.18,237153,1.28681e+15
20230101T000010.100000,6,1135,7427.68,136.561,-452.329,0,0,0,420.832,-1615.75,5371.73,88272.9,98.7617,88302.8,6.34209e+14
20230101T000010.100000,6,1136,1656.28,856.763,350.629,0,0,0,1378.41,-2164.96,-918.858,4443.79,-475.309,5565.87,5.92679e+15
20230101T000010.100000,6,1137,9222.08,4156.85,-974.325,0,0,0,28962.1,-60742.9,14370.9,136342,6477.69,163723,7.79823e+14
20230101T000010.100000,6,1138,9124,1654.65,1048.14,0,0,0,6143.55,-23835.5,-15294.1,133254,-2773.61,137577,8.6143e+14
20230101T000010.100000,6,1139,5367.1,1559.04,656.779,0,0,0,4583.67,-13186.3,-5632.87,46147.8,-1636.24,49979.1,4.12614e+15
20230101T000010.100000,6,1140,2186.07,3181.49,-499.586,0,0,0,16343.3,-10912.2,1742.8,7960.29,2536.37,23842.4,7.25839e+14
20230101T000010.100000,6,1141,578.233,689.001,-28.1873,0,0,0,786.503,-605.335,24.7901,573.226,29.539,1294.58,7.97299e+22
20230101T000010.100000,3,1056,5221.18,-932.802,-238.951,0,0,0,2500,0,0,2500,0,2500,0
20230101T000010.100000,3,1057,2627.38,-1578.18,-697.05,0,0,0,2500,0,0,2500,0,2500,0
20230101T000010.100000,3,1058,12010.3,1993.37,-986.714,0,0,0,2500,0,0,2500,0,2500,0
20230101T000010.100000,3,1059,7427.68,136.561,-452.329,0,0,0,2500,0,0,2500,0,2500,0
20230101T000010.100000,3,1060,1656.28,856.763,350.629,0,0,0,2500,0,0,2500,0,2500,0
20230101T000010.100000,3,1061,9222.08,4156.85,-974.325,0,0,0,2500,0,0,2500,0,2500,0
20230101T000010.100000,3,1062,9124,1654.65,1048.14,0,0,0,2500,0,0,2500,0,2500,0
20230101T000010.100000,3,1063,5367.1,1559.04,656.779,0,0,0,2500,0,0,2500,0,2500,0
20230101T000010.100000,3,1064,2186.07,3181.49,-499.586,0,0,0,2500,0,0,2500,0,2500,0
20230101T000010.100000,3,1065,578.233,689.001,-28.1873,0,0,0,2500,0,0,2500,0,2500,0
20230101T000010.200000,6,1142,2584.16,-3489.74,632.857,0,0,0,19734.4,14092.4,-2611.21,11138.9,3526.27,30171.2,2.08594e+15
20230101T000010.200000,6,1143,5268.21,-5730.31,-105.044,0,0,0,52575.8,48260.9,884.845,44450.8,-962.459,96944.9,7.01672e+14
20230101T000010.200000,6,1144,4395.31,-3067.62,1143.57,0,0,0,16504.7,20562.3,-8031.42,31615.5,5605.37,45969.3,4.13776e+15
20230101T000010.200000,6,1145,1550.57,-816.772,282.591,0,0,0,1216.24,1947.93,-692.183,3888.12,364.612,4915.83,1.01186e+15
20230101T000010.200000,6,1146,3887.07,-1177.9,-114.903,0,0,0,2297.82,7302.1,712.889,24182.1,-216.026,26394.9,2.09996e+15
20230101T000010.200000,6,1147,5304.81,-2975.33,133.152,0,0,0,14234.4,25214.3,-1128.93,45047.8,633.187,59189.8,8.1223e+14
20230101T000010.200000,6,1148,8874.16,-1492.78,-1623.69,0,0,0,7727.81,20495.3,23043.2,126119,-3876.24,129569,1.96857e+16
20230101T000010.200000,6,1149,10266.5,4587.05,-124.074,0,0,0,33739.5,-75316,2037.45,168658,910.322,202309,5.86886e+15
20230101T000010.200000,6,1150,10206.6,6555.78,-674.148,0,0,0,69325.2,-106700,11006.2,166909,7069.39,235444,9.40834e+14
20230101T000010.200000,6,1151,8374.82,4273.11,-602.065,0,0,0,29725.9,-56997.8,8063.86,112353,4114.44,141436,7.01962e+15
20230101T000010.200000,6,1152,1419.4,1896.31,-77.3137,0,0,0,5779.95,-4271.32,174.332,3270.61,232.906,8977.13,3.57609e+15
20230101T000010.200000,6,1153,1904.48,2053.12,225.001,0,0,0,6811.35,-6184.11,-682.142,5881,-735.381,12548.2,1.65387e+15
20230101T000010.200000,6,1154,686.211,581.239,-28.8882,0,0,0,578.546,-605.975,30.1503,780.683,25.5382,1294.03,3.54399e+22
20230101T000010.200000,6,1155,7088.66,4620.6,-346.529,0,0,0,34339.5,-52289,3928.09,80474.9,2560.45,114559,9.80493e+14
20230101T000010.200000,6,1156,4119.08,3367.74,-477.771,0,0,0,18403.6,-21985.1,3144.35,27318.6,2570.81,45294,5.6627e+15
20230101T000010.200000,4,1065,655.466,623.946,-28.6489,7.64683,-6.4411,-0.0457026,528.242,-390.281,15.9778,390.734,19.0385,855.555,0
20230101T000010.200000,3,1066,2584.16,-3489.74,632.857,0,0,0,2500,0,0,2500,0,2500,0
20230101T000010.200000,3,1067,5268.21,-5730.31,-105.044,0,0,0,2500,0,0,2500,0,2500,0
20230101T000010.200000,3,1068,4395.31,-3067.62,1143.57,0,0,0,2500,0,0,2500,0,2500,0
20230101T000010.200000,3,1069,1550.57,-816.772,282.591,0,0,0,2500,0,0,2500,0,2500,0
20230101T000010.200000,3,1070,3887.07,-1177.9,-114.903,0,0,0,2500,0,0,2500,0,2500,0
20230101T000010.200000,3,1071,5304.81,-2975.33,133.152,0,0,0,2500,0,0,2500,0,2500,0
20230101T000010.200000,3,1072,8874.16,-1492.78,-1623.69,0,0,0,2500,0,0,2500,0,2500,0
20230101T000010.200000,3,1073,10266.5,4587.05,-124.074,0,0,0,2500,0,0,2500,0,2500,0
20230101T000010.200000,3,1074,10206.6,6555.78,-674.148,0,0,0,2500,0,0,2500,0,2500,0
20230101T000010.200000,3,1075,8374.82,4273.11,-602.065,0,0,0,2500,0,0,2500,0,2500,0
20230101T000010.200000,3,1076,1419.4,1896.31,-77.3137,0,0,0,2500,0,0,2500,0,2500,0
20230101T000010.200000,3,1077,1904.48,2053.12,225.001,0,0,0,2500,0,0,2500,0,2500,0
20230101T000010.200000,3,1078,7088.66,4620.6,-346.529,0,0,0,2500,0,0,2500,0,2500,0
20230101T000010.200000,3,1079,4119.08,3367.74,-477.771,0,0,0,2500,0,0,2500,0,2500,0
20230101T000010.300000,6,1157,2534.38,-2392.19,31.6734,0,0,0,9190.8,9667.58,-128.013,10307.8,120.831,19433,3.15618e+14
20230101T000010.300000,6,1158,5410.69,-5607.86,1073.48,0,0,0,51236.1,47595.2,-9287.24,47828.4,9625.67,97159.1,4.6665e+14
20230101T000010.300000,6,1159,7780.63,-1636.5,-278.194,0,0,0,4464.79,20335,3461.05,96869.1,-727.962,101146,4.39027e+15
20230101T000010.300000,6,1160,2945.21,-251.347,23.5042,0,0,0,165.491,1178.93,-110.252,13879.3,9.40905,13979.9,2.44875e+15
20230101T000010.300000,6,1161,7413.97,329.521,-275.833,0,0,0,359.015,-3900.66,3269.66,87947.4,145.323,88120.9,5.27352e+14
20230101T000010.300000,6,1162,7853.18,-1016.12,768.388,0,0,0,2643.47,12639.3,-9648.76,98692.5,1248.45,100328,4.08589e+15
20230101T000010.300000,6,1163,9751.41,-1450.36,-221.049,0,0,0,3504.74,22608.2,3447.45,152147,-512.75,155510,2.15863e+15
20230101T000010.300000,6,1164,778.715,449.869,-30.2271,0,0,0,372.839,-532.189,35.8008,986.598,20.6824,1294.12,5.17103e+22
20230101T000010.300000,6,1165,1245.29,1412.61,-383.286,0,0,0,3322.4,-2667.48,755.41,2648.03,856.91,5676.47,9.81788e+14
20230101T000010.300000,6,1166,7871.86,8349.83,-2246.88,0,0,0,115381,-101103,28291.1,103455,30008.9,210700,5.80509e+14
20230101T000010.300000,6,1167,3112.9,3398.97,18.1493,0,0,0,18514.2,-16896.9,-90.2252,15539.4,-98.5165,33989,9.28246e+15
20230101T000010.300000,4,1059,7412.02,141.806,-446.353,-3.01137,1.0086,1.14916,72.3906,-45.104,149.413,2524.81,2.74703,2516.8,0
20230101T000010.300000,3,1080,2534.38,-2392.19,31.6734,0,0,0,2500,0,0,2500,0,2500,0
20230101T000010.300000,3,1081,5410.69,-5607.86,1073.48,0,0,0,2500,0,0,2500,0,2500,0
20230101T000010.300000,3,1082,7780.63,-1636.5,-278.194,0,0,0,2500,0,0,2500,0,2500,0
20230101T000010.300000,3,1083,2945.21,-251.347,23.5042,0,0,0,2500,0,0,2500,0,2500,0
20230101T000010.300000,3,1084,7853.18,-1016.12,768.388,0,0,0,2500,0,0,2500,0,2500,0
20230101T000010.300000,3,1085,9751.41,-1450.36,-221.049,0,0,0,2500,0,0,2500,0,2500,0
20230101T000010.300000,3,1086,778.715,449.869,-30.2271,0,0,0,2500,0,0,2500,0,2500,0
20230101T000010.300000,3,1087,1245.29,1412.61,-383.286,0,0,0,2500,0,0,2500,0,2500,0
20230101T000010.300000,3,1088,7871.86,8349.83,-2246.88,0,0,0,2500,0,0,2500,0,2500,0
20230101T000010.300000,3,1089,3112.9,3398.97,18.1493,0,0,0,2500,0,0,2500,0,2500,0
20230101T000010.400000,6,1168,4929.92,-4927.24,-69.2948,0,0,0,38880.1,38829.5,546.138,38922.3,-545.841,77730.8,5.74335e+14
20230101T000010.400000,6,1169,6348.93,-3263.48,1729.01,0,0,0,20871.8,31182,-17550.8,65506.6,9021.48,81538.3,9.85192e+14
20230101T000010.400000,6,1170,4895.99,187.623,-910.763,0,0,0,1443.33,-1416.61,7123.04,38355.2,272.968,38411.6,5.29557e+14
20230101T000010.400000,6,1171,10706.9,4064.04,-1023.43,0,0,0,27946.6,-69044.2,17527.1,183640,6652.78,209848,6.1957e+14
20230101T000010.400000,6,1172,845.386,306.822,-30.7597,0,0,0,208.446,-394.028,39.5509,1151.1,14.3545,1294.18,6.91599e+22
20230101T000010.400000,6,1173,1589.52,1191.85,-25.4132,0,0,0,2314.45,-2999.96,63.9768,4065.93,47.971,6315.36,8.33626e+14
20230101T000010.400000,4,1086,831.001,359.416,-30.5795,5.17687,-8.95581,-0.034886,261.562,-343.164,23.0761,657.324,13.3312,855.315,0
20230101T000010.400000,3,1090,4929.92,-4927.24,-69.2948,0,0,0,2500,0,0,2500,0,2500,0
20230101T000010.400000,3,1091,6348.93,-3263.48,1729.01,0,0,0,2500,0,0,2500,0,2500,0
20230101T000010.400000,3,1092,4895.99,187.623,-910.763,0,0,0,2500,0,0,2500,0,2500,0
20230101T000010.400000,3,1093,10706.9,4064.04,-1023.43,0,0,0,2500,0,0,2500,0,2500,0
20230101T000010.400000,3,1094,1589.52,1191.85,-25.4132,0,0,0,2500,0,0,2500,0,2500,0
20230101T000010.500000,6,1174,6399.89,-4282.94,-1604.31,0,0,0,32236.4,41924.8,16417.2,66826.6,-10986.7,94886.2,4.47123e+14
20230101T000010.500000,6,1175,4632.21,-3290.11,153.269,0,0,0,17387.2,24336.9,-1134.55,34365.9,805.834,51651.6,4.21356e+14
20230101T000010.500000,6,1176,4001.07,81.9261,-407.834,0,0,0,340.069,-517.724,2604.39,25613.9,53.3275,25625.1,1.31856e+15
20230101T000010.500000,6,1177,4079.94,221.608,-122.286,0,0,0,166.187,-1441.88,796.363,26633.7,43.2557,26712.1,7.84663e+14
20230101T000010.500000,6,1178,10633.4,-590.206,164.306,0,0,0,664.198,10035.5,-2794.43,180911,155.104,181468,5.22388e+14
20230101T000010.500000,6,1179,885.752,154.594,-32.6051,0,0,0,101.916,-207.977,43.9248,1257.23,7.66636,1293.61,8.75324e+22
20230101T000010.500000,6,1180,6060.19,980.574,-713.918,0,0,0,2394.66,-9369.41,6915.11,58783.9,1118.91,60300.7,2.60398e+15
20230101T000010.500000,6,1181,6931.02,1185.93,-1199.14,0,0,0,4545.96,-12758.8,13287.5,76929.7,2273.56,79114.6,8.39495e+14
20230101T000010.500000,6,1182,10375.1,5265.36,-2194.88,0,0,0,50537,-84270,36424.9,173819,18485.7,216588,7.40009e+14
20230101T000010.500000,6,1183,4421.19,2264.17,-569.733,0,0,0,8663.86,-15780.2,4023.79,31396.1,2060.66,39478.2,1.05901e+15
20230101T000010.500000,6,1184,3224.59,3205.61,646.91,0,0,0,16809.8,-16172.7,-3331.3,17000.8,-3311.69,33079.6,6.16302e+14
20230101T000010.500000,6,1185,4734.28,5461.56,-1630.41,0,0,0,49576.8,-39235.3,12341.1,38324.7,14237,83590.5,5.09354e+15
20230101T000010.500000,6,1186,5841.18,4662.6,142.64,0,0,0,34842.8,-43529.1,-1332.14,54628.6,-1063.35,89374.9,3.24434e+14
20230101T000010.500000,6,1187,5203.61,7878.39,1598.86,0,0,0,100572,-63684.1,-13305.9,46215.1,-20145.5,142636,9.31223e+14
20230101T000010.500000,6,1188,7003.35,6370.15,2214.9,0,0,0,69254.8,-67442.6,-24808.3,82056.4,-22565.3,143405,6.65778e+14
20230101T000010.500000,6,1189,3235.86,4153.79,343.964,0,0,0,27702,-21383.1,-1778.27,16910.8,-2282.72,44360,4.85658e+14
20230101T000010.500000,3,1095,6399.89,-4282.94,-1604.31,0,0,0,2500,0,0,2500,0,2500,0
20230101T000010.500000,3,1096,4632.21,-3290.11,153.269,0,0,0,2500,0,0,2500,0,2500,0
20230101T000010.500000,3,1097,4001.07,81.9261,-407.834,0,0,0,2500,0,0,2500,0,2500,0
20230101T000010.500000,3,1098,4079.94,221.608,-122.286,0,0,0,2500,0,0,2500,0,2500,0
20230101T000010.500000,3,1099,10633.4,-590.206,164.306,0,0,0,2500,0,0,2500,0,2500,0
20230101T000010.500000,3,1100,885.752,154.594,-32.6051,0,0,0,2500,0,0,2500,0,2500,0
20230101T000010.500000,3,1101,6060.19,980.575,-713.918,0,0,0,2500,0,0,2500,0,2500,0
20230101T000010.500000,3,1102,6931.02,1185.93,-1199.14,0,0,0,2500,0,0,2500,0,2500,0
20230101T000010.500000,3,1103,10375.1,5265.36,-2194.88,0,0,0,2500,0,0,2500,0,2500,0
20230101T000010.500000,3,1104,4421.19,2264.17,-569.733,0,0,0,2500,0,0,2500,0,2500,0
20230101T000010.500000,3,1105,3224.59,3205.61,646.91,0,0,0,2500,0,0,2500,0,2500,0
20230101T000010.500000,3,1106,4734.28,5461.56,-1630.41,0,0,0,2500,0,0,2500,0,2500,0
20230101T000010.500000,3,1107,5841.18,4662.6,142.64,0,0,0,2500,0,0,2500,0,2500,0
20230101T000010.500000,3,1108,5203.61,7878.39,1598.86,0,0,0,2500,0,0,2500,0,2500,0
20230101T000010.500000,3,1109,7003.35,6370.15,2214.9,0,0,0,2500,0,0,2500,0,2500,0
20230101T000010.500000,3,1110,3235.86,4153.79,343.964,0,0,0,2500,0,0,2500,0,2500,0
20230101T000010.600000,6,1190,3397.78,-1081.04,-351.763,0,0,0,2107.19,5801.53,1906.38,18495.9,-606.539,20342.3,5.00828e+14
20230101T000010.600000,6,1191,4627.1,-2103.1,-259.661,0,0,0,7219.17,15505.3,1919.39,34285.5,-872.399,41333.1,2.25338e+15
20230101T000010.600000,6,1192,3408.56,-38.3421,499.151,0,0,0,463.593,203.917,-2713.04,18589.3,30.5184,18592.9,3.9815e+15
20230101T000010.600000,6,1193,10363.9,-1460.69,894.648,0,0,0,4731.78,24035.7,-14829.8,171882,2090.13,175270,7.75332e+14
20230101T000010.600000,6,1194,7640.05,407.304,-232.036,0,0,0,415.096,-4970.94,2834.49,93392.9,151.112,93658,5.23659e+14
20230101T000010.600000,6,1195,899.131,3.81778,-34.3021,0,0,0,65.8117,-5.21295,46.9094,1293.5,0.199181,1293.62,4.11615e+22
20230101T000010.600000,6,1196,10688.6,5352.27,-46.3666,0,0,0,45888.8,-91506.6,792.732,182809,396.955,228630,3.85399e+14
20230101T000010.600000,6,1197,8432.13,2837.81,2005.78,0,0,0,18721.9,-36321.7,-27047.7,114423,-9102.84,126650,7.51102e+14
20230101T000010.600000,6,1198,4071.38,2373.37,-311.684,0,0,0,9176.16,-15365.2,2026.74,26577.4,1181.46,35534.7,6.10445e+14
20230101T000010.600000,6,1199,880.074,1311.72,-21.3684,0,0,0,2773.04,-1817.11,29.607,1283.88,44.128,3992.21,5.40827e+14
20230101T000010.600000,6,1200,4653.67,5387.35,1441.87,0,0,0,47885.3,-38437.6,-10727.8,36590.8,-12419.1,81090.8,8.64397e+14
20230101T000010.600000,4,1100,903,55.8783,-33.7274,1.70772,-9.77383,-0.111122,86.8696,-134.125,28.3146,831.936,4.94186,855.047,0
20230101T000010.600000,3,1111,3397.78,-1081.04,-351.763,0,0,0,2500,0,0,2500,0,2500,0
20230101T000010.600000,3,1112,4627.1,-2103.1,-259.661,0,0,0,2500,0,0,2500,0,2500,0
20230101T000010.600000,3,1113,3408.56,-38.3421,499.151,0,0,0,2500,0,0,2500,0,2500,0
20230101T000010.600000,3,1114,10363.9,-1460.69,894.648,0,0,0,2500,0,0,2500,0,2500,0
20230101T000010.600000,3,1115,7640.05,407.304,-232.036,0,0,0,2500,0,0,2500,0,2500,0
20230101T000010.600000,3,1116,10688.6,5352.27,-46.3666,0,0,0,2500,0,0,2500,0,2500,0
20230101T000010.600000,3,1117,8432.13,2837.81,2005.78,0,0,0,2500,0,0,2500,0,2500,0
20230101T000010.600000,3,1118,4071.38,2373.37,-311.684,0,0,0,2500,0,0,2500,0,2500,0
20230101T000010.600000,3,1119,880.074,1311.72,-21.3684,0,0,0,2500,0,0,2500,0,2500,0
20230101T000010.600000,3,1120,4653.67,5387.35,1441.87,0,0,0,2500,0,0,2500,0,2500,0
20230101T000010.700000,6,1201,6892.62,-7371.59,660.541,0,0,0,87300,80915.3,-7281.73,76419.6,7787.74,162958,4.59537e+14
20230101T000010.700000,6,1202,9930.52,-2678.87,566.474,0,0,0,12020.3,42419,-8997.21,157824,2427.1,169267,2.39392e+15
20230101T000010.700000,6,1203,885.169,-158.392,-26.8095,0,0,0,103.215,213.04,36.0929,1255.66,-6.45847,1293.84,5.25436e+22
20230101T000010.700000,6,1204,11546.5,2077.69,-1821.32,0,0,0,12108.5,-37448.2,33638.3,213483,6052.91,220223,5.97637e+14
20230101T000010.700000,6,1205,885.937,-153.713,-28.8343,0,0,0,101.162,206.895,38.8525,1257.72,-6.74103,1293.68,5.18626e+22
20230101T000010.700000,6,1206,7914.3,-89.1305,54.9713,0,0,0,81.5339,1127.87,-695.65,100218,7.83439,100230,4.07273e+14
20230101T000010.700000,6,1207,5362.99,1018.59,-379.138,0,0,0,1943.49,-8686.43,3248.96,46028.8,617.071,47679,5.22348e+15
20230101T000010.700000,6,1208,8255.34,3364.51,-424.365,0,0,0,18413.7,-44317.3,5602.43,109091,2283.3,127153,6.67616e+14
20230101T000010.700000,6,1209,2136.25,3248.56,536.938,0,0,0,17043.3,-10863,-1830.49,7667.57,-2783.6,24188,7.27924e+14
20230101T000010.700000,6,1210,7057.73,10040.2,-1250.94,0,0,0,162139,-112170,14122.4,81416.7,20090.3,240989,4.12373e+15
20230101T000010.700000,3,1121,6892.62,-7371.59,660.541,0,0,0,2500,0,0,2500,0,2500,0
20230101T000010.700000,3,1122,9930.52,-2678.87,566.474,0,0,0,2500,0,0,2500,0,2500,0
20230101T000010.700000,3,1123,885.169,-158.392,-26.8095,0,0,0,2500,0,0,2500,0,2500,0
20230101T000010.700000,3,1124,11546.5,2077.69,-1821.32,0,0,0,2500,0,0,2500,0,2500,0
20230101T000010.700000,3,1125,885.937,-153.713,-28.8343,0,0,0,2500,0,0,2500,0,2500,0
20230101T000010.700000,3,1126,7914.3,-89.1305,54.9713,0,0,0,2500,0,0,2500,0,2500,0
20230101T000010.700000,3,1127,5362.99,1018.59,-379.138,0,0,0,2500,0,0,2500,0,2500,0
20230101T000010.700000,3,1128,8255.34,3364.51,-424.365,0,0,0,2500,0,0,2500,0,2500,0
20230101T000010.700000,3,1129,2136.25,3248.56,536.938,0,0,0,2500,0,0,2500,0,2500,0
20230101T000010.700000,3,1130,7057.73,10040.2,-1250.94,0,0,0,2500,0,0,2500,0,2500,0
20230101T000010.800000,6,1211,1620.55,-2335.73,477.175,0,0,0,8867.62,5856.47,-1231.3,4489.83,1774.7,12932.6,5.37088e+14
20230101T000010.800000,6,1212,2438.31,-3796.3,-537.366,0,0,0,23212.4,14571.7,2092.37,9884.37,-3257.68,32572.5,1.05477e+15
20230101T000010.800000,6,1213,6479.17,-8134.09,-818.379,0,0,0,106302,83770.3,8480.75,67862,-10646.9,173029,2.66983e+15
20230101T000010.800000,6,1214,5567.38,-6620.49,-1673.98,0,0,0,72012.2,56735.1,14903.8,52255.5,-17723,119725,9.18507e+14
20230101T000010.800000,6,1215,4575.69,-6581.13,931.872,0,0,0,69771.3,47500.3,-6818.14,34478.3,9806.41,102798,2.5534e+15
20230101T000010.800000,6,1216,850.094,-295.129,-30.4561,0,0,0,197.737,381.153,39.381,1163.29,-13.672,1295.69,1.69272e+21
20230101T000010.800000,6,1217,8.49811,-1.32476,1.92982,0,0,0,59.4953,-9.25624,13.4825,1.5613,-2.10178,3.18604,4.45714e+15
20230101T000010.800000,6,1218,4885.54,-959.813,-456.327,0,0,0,1855.89,7427.7,3561.34,38204.4,-699.66,39664.1,5.99407e+14
20230101T000010.800000,6,1219,9977.66,4694.76,-1187.67,0,0,0,37164.8,-74054.4,18954.1,159706,8918.42,194552,4.00368e+14
20230101T000010.800000,6,1220,10334,6342.06,-70.0187,0,0,0,64407,-104830,1157.41,170887,710.308,235222,3.25576e+15
20230101T000010.800000,6,1221,9464.66,3623.86,-750.526,0,0,0,21853.3,-54555.6,11361.2,143451,4350,164340,6.39119e+14
20230101T000010.800000,6,1222,8655.88,3910.69,-2119.57,0,0,0,30489.8,-51440.8,29342.4,121108,13256.8,144351,2.61051e+15
20230101T000010.800000,6,1223,2694.18,3577.65,8.69886,0,0,0,20502.5,-15391.3,-37.4234,11654.7,-49.695,32093.1,6.63648e+14
20230101T000010.800000,6,1224,3510.92,3745.97,798.384,0,0,0,22957.8,-20502.8,-4478.25,20298.7,-4778.06,42175.6,5.72939e+15
20230101T000010.800000,6,1225,5010.3,6457.12,-1233.93,0,0,0,67650.1,-50553.2,9886.03,41724.7,12740.8,106878,2.44559e+15
20230101T000010.800000,4,1123,869.37,-250.449,-29.2252,-1.56421,-9.11453,-0.239175,87.7057,137.381,23.2679,830.871,-4.16357,855.252,0
20230101T000010.800000,3,1131,1620.55,-2335.73,477.175,0,0,0,2500,0,0,2500,0,2500,0
20230101T000010.800000,3,1132,2438.31,-3796.3,-537.366,0,0,0,2500,0,0,2500,0,2500,0
20230101T000010.800000,3,1133,6479.17,-8134.09,-818.379,0,0,0,2500,0,0,2500,0,2500,0
20230101T000010.800000,3,1134,5567.37,-6620.49,-1673.98,0,0,0,2500,0,0,2500,0,2500,0
20230101T000010.800000,3,1135,4575.69,-6581.13,931.872,0,0,0,2500,0,0,2500,0,2500,0
20230101T000010.800000,3,1136,8.49811,-1.32476,1.92982,0,0,0,2500,0,0,2500,0,2500,0
20230101T000010.800000,3,1137,4885.54,-959.813,-456.327,0,0,0,2500,0,0,2500,0,2500,0
20230101T000010.800000,3,1138,9977.66,4694.76,-1187.67,0,0,0,2500,0,0,2500,0,2500,0
20230101T000010.800000,3,1139,10334,6342.06,-70.0187,0,0,0,2500,0,0,2500,0,2500,0
20230101T000010.800000,3,1140,9464.67,3623.86,-750.526,0,0,0,2500,0,0,2500,0,2500,0
20230101T000010.800000,3,1141,8655.88,3910.69,-2119.57,0,0,0,2500,0,0,2500,0,2500,0
20230101T000010.800000,3,1142,2694.18,3577.65,8.69886,0,0,0,2500,0,0,2500,0,2500,0
20230101T000010.800000,3,1143,3510.92,3745.97,798.384,0,0,0,2500,0,0,2500,0,2500,0
20230101T000010.800000,3,1144,5010.3,6457.12,-1233.93,0,0,0,2500,0,0,2500,0,2500,0
20230101T000010.900000,6,1226,5685.42,-5083.75,-1677.82,0,0,0,43888,43976.8,15252.5,53746.7,-13638.4,93072.5,4.33661e+15
20230101T000010.900000,6,1227,5928.96,-7732.4,263.235,0,0,0,95728.6,73267.6,-2496.08,56354.1,3255.32,151908,2.05298e+15
20230101T000010.900000,6,1228,777.479,-451.781,-27.0024,0,0,0,375.244,533.718,31.9299,983.594,-18.554,1293.79,7.15762e+20
20230101T000010.900000,6,1229,5848.44,-3577.2,-98.399,0,0,0,20532,33438.2,919.985,54748.4,-562.709,75200.9,6.17546e+14
20230101T000010.900000,6,1230,8435.99,-3988.84,675.432,0,0,0,26106,53533.1,-9112.53,114010,4308.74,139323,4.2248e+15
20230101T000010.900000,6,1231,4262.35,-270.779,-725.218,0,0,0,1017.39,1789.47,4935.27,29071.8,-313.528,29187.3,5.92943e+14
20230101T000010.900000,6,1232,11956.2,-1497.89,-218.147,0,0,0,3727.82,28637.2,4171.98,228723,-522.671,232311,5.73344e+14
20230101T000010.900000,6,1233,7353.7,-187.087,276.313,0,0,0,241.95,2196.52,-3248.68,86523.2,82.6503,86579.1,7.90234e+14
20230101T000010.900000,6,1234,5187.46,768.282,-20.4811,0,0,0,1007.69,-6367.32,169.744,43057,25.1398,44000.1,5.54793e+14
20230101T000010.900000,6,1235,6181.66,-758.023,967.584,0,0,0,2456.68,7308.83,-9560.4,61163.8,1172.34,62061.5,5.7798e+14
20230101T000010.900000,6,1236,4810.34,6755.77,-1454.02,0,0,0,74183.6,-50368.5,11184.6,39308.8,15707.9,110050,7.76789e+14
20230101T000010.900000,3,1145,5685.42,-5083.75,-1677.82,0,0,0,2500,0,0,2500,0,2500,0
20230101T000010.900000,3,1146,5928.96,-7732.39,263.235,0,0,0,2500,0,0,2500,0,2500,0
20230101T000010.900000,3,1147,777.479,-451.781,-27.0024,0,0,0,2500,0,0,2500,0,2500,0
20230101T000010.900000,3,1148,5848.44,-3577.2,-98.399,0,0,0,2500,0,0,2500,0,2500,0
20230101T000010.900000,3,1149,8435.99,-3988.84,675.432,0,0,0,2500,0,0,2500,0,2500,0
20230101T000010.900000,3,1150,4262.35,-270.779,-725.218,0,0,0,2500,0,0,2500,0,2500,0
20230101T000010.900000,3,1151,11956.2,-1497.89,-218.147,0,0,0,2500,0,0,2500,0,2500,0
20230101T000010.900000,3,1152,7353.7,-187.087,276.313,0,0,0,2500,0,0,2500,0,2500,0
20230101T000010.900000,3,1153,5187.46,768.282,-20.4811,0,0,0,2500,0,0,2500,0,2500,0
20230101T000010.900000,3,1154,6181.66,-758.023,967.584,0,0,0,2500,0,0,2500,0,2500,0
20230101T000010.900000,3,1155,4810.34,6755.77,-1454.02,0,0,0,2500,0,0,2500,0,2500,0
20230101T000011,6,1237,1968.28,-1350.79,-347.251,0,0,0,3093.16,4134.7,1086.06,6280.42,-745.34,9119.3,1.35521e+16
20230101T000011,6,1238,5577.51,-5101.49,-302.414,0,0,0,41754.8,45421.1,2696.86,49869.5,-2466.69,91414.2,3.20734e+15
20230101T000011,6,1239,697.115,-567.539,-35.4748,0,0,0,555.002,600.752,37.6124,803.824,-30.6213,1293.01,9.19551e+20
20230101T000011,6,1240,4448.72,-4973.7,1121.96,0,0,0,40503.1,34370.8,-7979.05,32819.3,8920.63,71247.8,4.34874e+15
20230101T000011,6,1241,10259.6,-6179.61,1184.54,0,0,0,62794,100420,-19439.3,169029,11708.8,229515,5.5409e+14
20230101T000011,6,1242,10284.5,-2897.34,-1865.67,0,0,0,18648.5,46206.4,30689.5,169647,-8645.8,182666,9.92342e+14
20230101T000011,6,1243,5184.51,-2294.56,-729.989,0,0,0,9189.6,18695,6048.01,43156.6,-2676.72,51431.6,8.16189e+14
20230101T000011,6,1244,5822.57,-3385.47,1283.17,0,0,0,20353.3,30367.8,-11944,54924.9,6944.69,72584.2,8.36939e+14
20230101T000011,6,1245,5766.55,-1501.49,472.081,0,0,0,4000.66,13751,-4350.77,53231.6,1132.85,56812.5,7.13994e+15
20230101T000011,6,1246,12174,1052.4,935.262,0,0,0,3224.4,-20373.5,-18212.5,237140,-1574.41,238902,2.10548e+15
20230101T000011,6,1247,6522.62,-521.265,509.925,0,0,0,911.354,5401.93,-5316.73,68074.3,424.895,68506.4,7.25653e+14
20230101T000011,6,1248,4000.71,2161.27,342.798,0,0,0,7668.53,-13729.3,-2190.08,25666,-1183.13,33083.2,1.04574e+15
20230101T000011,6,1249,1431.89,1112.04,200.352,0,0,0,2058.11,-2485.97,-453.492,3328.45,-352.192,5259.89,5.69372e+14
20230101T000011,4,1147,730.473,-532.361,-32.6037,-4.65412,-7.97823,-0.554584,263.13,344.178,20.5843,655.436,-11.9612,855.228,0
20230101T000011,3,1156,1968.28,-1350.79,-347.251,0,0,0,2500,0,0,2500,0,2500,0
20230101T000011,3,1157,5577.51,-5101.49,-302.414,0,0,0,2500,0,0,2500,0,2500,0
20230101T000011,3,1158,4448.72,-4973.7,1121.96,0,0,0,2500,0,0,2500,0,2500,0
20230101T000011,3,1159,10259.6,-6179.61,1184.54,0,0,0,2500,0,0,2500,0,2500,0
20230101T000011,3,1160,10284.5,-2897.34,-1865.67,0,0,0,2500,0,0,2500,0,2500,0
20230101T000011,3,1161,5184.51,-2294.56,-729.989,0,0,0,2500,0,0,2500,0,2500,0
20230101T000011,3,1162,5822.57,-3385.47,1283.17,0,0,0,2500,0,0,2500,0,2500,0
20230101T000011,3,1163,5766.55,-1501.49,472.081,0,0,0,2500,0,0,2500,0,2500,0
20230101T000011,3,1164,12174,1052.4,935.262,0,0,0,2500,0,0,2500,0,2500,0
20230101T000011,3,1165,6522.62,-521.265,509.925,0,0,0,2500,0,0,2500,0,2500,0
20230101T000011,3,1166,4000.71,2161.27,342.798,0,0,0,2500,0,0,2500,0,2500,0
20230101T000011,3,1167,1431.89,1112.04,200.351,0,0,0,2500,0,0,2500,0,2500,0
20230101T000011.100000,6,1250,2443.41,-614.147,157.517,0,0,0,700.784,2376.52,-611.939,9558.53,153.81,10156.1,4.57742e+14
20230101T000011.100000,6,1251,3484.03,-1196.38,-631.6,0,0,0,2916.69,6454.01,3510.74,19495.4,-1205.55,21713.5,2.58402e+15
20230101T000011.100000,6,1252,151.833,-56.6721,16.0804,0,0,0,61.1282,-7.13072,1.98484,44.6855,-0.740848,42.6479,7.2692e+14
20230101T000011.100000,6,1253,7679.64,509.87,-1775.58,0,0,0,5498.58,-5927.54,21803.3,94385.4,1447.57,94782.2,8.49056e+14
20230101T000011.100000,6,1254,5318.14,-644.934,-102.91,0,0,0,745.252,5478.09,874.445,45253.3,-106.044,45917.7,5.16536e+14
20230101T000011.100000,6,1255,6978.92,-49.9549,-577.842,0,0,0,601.769,553.53,6447.08,77928.4,-46.148,77932.8,6.90885e+14
20230101T000011.100000,6,1256,10407.4,4460.75,-1997.62,0,0,0,37283.5,-71945,33253.9,174302,14253.1,205140,8.55431e+14
20230101T000011.100000,6,1257,6288.01,3684.26,347.188,0,0,0,21909.2,-36954.7,-3490.37,63328.1,-2045.07,84980.7,7.85893e+14
20230101T000011.100000,6,1258,2551.6,3303.67,396.867,0,0,0,17580.6,-13334.8,-1616.55,10614.6,-2093.02,27880.4,2.16705e+15
20230101T000011.100000,6,1259,581.477,675.17,122.895,0,0,0,766.403,-585.148,-108.684,590.918,-126.196,1271.55,7.93134e+21
20230101T000011.100000,6,1260,4569.87,6352.27,100.172,0,0,0,64589.5,-46408.5,-731.96,33466.7,-1017.45,97976.1,2.30302e+15
20230101T000011.100000,6,1261,4767.21,4761.69,244.925,0,0,0,36357.9,-36240,-1866.53,36441.9,-1864.36,72640,4.81336e+14
20230101T000011.100000,4,1136,153.569,-25.7032,33.8342,39.928,-6.70969,8.78107,58.1303,-9.04344,13.1725,1.52813,-2.05345,3.11564,0
20230101T000011.100000,3,1168,2443.41,-614.147,157.517,0,0,0,2500,0,0,2500,0,2500,0
20230101T000011.100000,3,1169,3484.03,-1196.38,-631.6,0,0,0,2500,0,0,2500,0,2500,0
20230101T000011.100000,3,1170,7679.64,509.87,-1775.58,0,0,0,2500,0,0,2500,0,2500,0
20230101T000011.100000,3,1171,5318.14,-644.934,-102.91,0,0,0,2500,0,0,2500,0,2500,0
20230101T000011.100000,3,1172,6978.92,-49.9549,-577.842,0,0,0,2500,0,0,2500,0,2500,0
20230101T000011.100000,3,1173,10407.4,4460.75,-1997.62,0,0,0,2500,0,0,2500,0,2500,0
20230101T000011.100000,3,1174,6288.01,3684.26,347.188,0,0,0,2500,0,0,2500,0,2500,0
20230101T000011.100000,3,1175,2551.6,3303.67,396.867,0,0,0,2500,0,0,2500,0,2500,0
20230101T000011.100000,3,1176,581.477,675.17,122.895,0,0,0,2500,0,0,2500,0,2500,0
20230101T000011.100000,3,1177,4569.87,6352.27,100.172,0,0,0,2500,0,0,2500,0,2500,0
20230101T000011.100000,3,1178,4767.21,4761.69,244.925,0,0,0,2500,0,0,2500,0,2500,0
20230101T000011.200000,6,1262,1201.71,-1698.79,-217.969,0,0,0,4663.9,3200.64,415.268,2403.43,-587.042,6928.7,2.54742e+15
20230101T000011.200000,6,1263,9572.71,-6482.81,201.512,0,0,0,67331.4,99233,-3085.5,146659,2089.56,213862,7.18681e+14
20230101T000011.200000,6,1264,8806.9,-5897.42,-259.592,0,0,0,55765.9,83021.3,3656.62,124151,-2448.61,179746,8.93298e+15
20230101T000011.200000,6,1265,7088.21,-2865.51,163.131,0,0,0,13229.4,32461.1,-1848.82,80403.3,747.412,93526.2,2.31004e+15
20230101T000011.200000,6,1266,7835.61,-1963.08,-34.6215,0,0,0,6227.9,24595.5,433.782,98238.8,-108.677,104401,6.14896e+14
20230101T000011.200000,6,1267,6018.31,-1791.55,952.321,0,0,0,6525.88,16837.5,-9161.09,58075.4,2727.11,63089.1,5.36882e+15
20230101T000011.200000,6,1268,6776.53,-831.078,-1182.81,0,0,0,3371.63,8732.95,12813.9,73508.2,-1571.51,74581.1,5.9732e+15
20230101T000011.200000,6,1269,4879.64,2824.06,-1037.89,0,0,0,14098,-21274.6,8093.36,38545.5,4683.98,50860.1,8.27905e+14
20230101T000011.200000,6,1270,688.799,563.619,132.049,0,0,0,562.485,-576.788,-138.338,795.413,-113.197,1268.76,3.62017e+22
20230101T000011.200000,6,1271,6971.49,4655.19,-272.221,0,0,0,34799.5,-51841.4,3034.73,77818.9,2026.43,112436,7.43913e+14
20230101T000011.200000,6,1272,3847.2,3687.94,694.344,0,0,0,22196.2,-22284.4,-4268.13,24081,-4091.44,45444,4.76386e+14
20230101T000011.200000,4,1176,659.276,607.406,128.961,7.70296,-6.70932,0.600558,518.126,-379.715,-70.0727,404.25,-81.3635,840.967,0
20230101T000011.200000,3,1179,1201.71,-1698.79,-217.969,0,0,0,2500,0,0,2500,0,2500,0
20230101T000011.200000,3,1180,9572.71,-6482.81,201.512,0,0,0,2500,0,0,2500,0,2500,0
20230101T000011.200000,3,1181,8806.9,-5897.42,-259.592,0,0,0,2500,0,0,2500,0,2500,0
20230101T000011.200000,3,1182,7088.21,-2865.51,163.131,0,0,0,2500,0,0,2500,0,2500,0
20230101T000011.200000,3,1183,7835.61,-1963.08,-34.6215,0,0,0,2500,0,0,2500,0,2500,0
20230101T000011.200000,3,1184,6018.31,-1791.55,952.321,0,0,0,2500,0,0,2500,0,2500,0
20230101T000011.200000,3,1185,6776.53,-831.078,-1182.81,0,0,0,2500,0,0,2500,0,2500,0
20230101T000011.200000,3,1186,4879.64,2824.06,-1037.89,0,0,0,2500,0,0,2500,0,2500,0
20230101T000011.200000,3,1187,6971.49,4655.19,-272.221,0,0,0,2500,0,0,2500,0,2500,0
20230101T000011.200000,3,1188,3847.2,3687.94,694.344,0,0,0,2500,0,0,2500,0,2500,0
20230101T000011.300000,6,1273,1751.39,-1298.98,88.3247,0,0,0,2749.03,3603.5,-245.427,4934.91,182.03,7607.67,7.94429e+14
20230101T000011.300000,6,1274,2623.49,-1887.75,-403.779,0,0,0,5915.15,7770.44,1688.5,11122.8,-1214.97,16715.1,1.4044e+15
20230101T000011.300000,6,1275,1434.86,-369.814,-222.13,0,0,0,351.543,814.804,500.875,3302.95,-129.093,3514.36,7.93472e+14
20230101T000011.300000,6,1276,3473.3,692.205,-248.995,0,0,0,923.297,-3815.55,1379.34,19308.3,274.894,20069,5.90654e+14
20230101T000011.300000,6,1277,4034.59,-8.20406,182.497,0,0,0,117.265,52.7218,-1175.19,26044.7,2.38967,26045,6.41282e+15
20230101T000011.300000,6,1278,7627.79,1078.52,-616.991,0,0,0,2520.62,-13069.5,7525,93106.3,1063.98,94954.6,4.26852e+15
20230101T000011.300000,6,1279,6418.43,885.586,818.119,0,0,0,2367.54,-8940.98,-8393.78,65935.1,-1158.14,67169.8,5.30748e+14
20230101T000011.300000,6,1280,770.979,444.683,132.823,0,0,0,384.547,-509.234,-155.753,973.729,-89.8345,1268.84,2.88233e+22
20230101T000011.300000,6,1281,1866.07,1773.57,-278.537,0,0,0,5131.35,-5201.8,826.671,5660.49,785.693,10605.2,8.36919e+14
20230101T000011.300000,3,1189,1751.39,-1298.98,88.3247,0,0,0,2500,0,0,2500,0,2500,0
20230101T000011.300000,3,1190,2623.49,-1887.75,-403.779,0,0,0,2500,0,0,2500,0,2500,0
20230101T000011.300000,3,1191,1434.86,-369.814,-222.13,0,0,0,2500,0,0,2500,0,2500,0
20230101T000011.300000,3,1192,3473.3,692.205,-248.995,0,0,0,2500,0,0,2500,0,2500,0
20230101T000011.300000,3,1193,4034.59,-8.20406,182.497,0,0,0,2500,0,0,2500,0,2500,0
20230101T000011.300000,3,1194,7627.79,1078.52,-616.991,0,0,0,2500,0,0,2500,0,2500,0
20230101T000011.300000,3,1195,6418.43,885.586,818.119,0,0,0,2500,0,0,2500,0,2500,0
20230101T000011.300000,3,1196,770.979,444.683,132.823,0,0,0,2500,0,0,2500,0,2500,0
20230101T000011.300000,3,1197,1866.07,1773.57,-278.537,0,0,0,2500,0,0,2500,0,2500,0
20230101T000011.400000,6,1282,6571.19,-9665.97,350.103,0,0,0,149572,101506,-3679.87,69266.7,5412.95,218579,6.3767e+14
20230101T000011.400000,6,1283,7942.34,-6686.72,108.516,0,0,0,71588.1,84932.4,-1378.48,100964,1160.55,172469,3.96899e+15
20230101T000011.400000,6,1284,5460.59,-5756.74,1599.03,0,0,0,54990.8,48223,-13962.1,49894.8,14719.3,100736,7.79888e+14
20230101T000011.400000,6,1285,6359.32,-4080.9,-368.97,0,0,0,26845.5,41394.7,3751.61,64787.7,-2407.48,91351.6,3.10388e+15
20230101T000011.400000,6,1286,10695.1,3635,-383.681,0,0,0,21409.6,-62111.5,6563.57,183048,2230.79,204158,8.5598e+14
20230101T000011.400000,6,1287,10324.2,2665.72,-1214.34,0,0,0,13640.8,-43447.7,20052.3,170693,5177.54,181912,7.78465e+15
20230101T000011.400000,6,1288,836.789,305.357,127.513,0,0,0,227.491,-380.257,-162.288,1130.77,-59.2213,1270.82,3.60849e+22
20230101T000011.400000,6,1289,5900.15,3259.25,892.454,0,0,0,18021,-30202.2,-8417.7,56011.5,-4649.95,72696.4,4.33495e+15
20230101T000011.400000,6,1290,1741.85,1358.33,-314.742,0,0,0,3089.67,-3678.33,870.124,4938.12,678.541,7807.83,7.65324e+14
20230101T000011.400000,6,1291,2647.78,3771.31,93.6208,0,0,0,22782.2,-15940.3,-395.873,11269.4,-563.853,33973.6,7.26146e+14
20230101T000011.400000,6,1292,5376.81,6075.25,1349.99,0,0,0,60362,-50786.6,-11607,47926.2,-13114.7,105312,4.99512e+14
20230101T000011.400000,6,1293,5234.1,4270.71,772.407,0,0,0,29793.3,-35266.8,-6462.97,44240,-5273.4,73016.4,4.21029e+15
20230101T000011.400000,6,1294,3475.49,4119.05,-317.812,0,0,0,27240.2,-22794.1,1764.86,19458.1,2091.66,46473.2,3.3638e+15
20230101T000011.400000,4,1196,822.697,355.982,129.313,5.12055,-8.78224,-0.347534,270.465,-330.721,-100.389,653.109,-57.9021,838.986,0
20230101T000011.400000,3,1198,6571.19,-9665.97,350.103,0,0,0,2500,0,0,2500,0,2500,0
20230101T000011.400000,3,1199,7942.34,-6686.72,108.516,0,0,0,2500,0,0,2500,0,2500,0
20230101T000011.400000,3,1200,5460.59,-5756.74,1599.03,0,0,0,2500,0,0,2500,0,2500,0
20230101T000011.400000,3,1201,6359.32,-4080.9,-368.97,0,0,0,2500,0,0,2500,0,2500,0
20230101T000011.400000,3,1202,10695.1,3635,-383.681,0,0,0,2500,0,0,2500,0,2500,0
20230101T000011.400000,3,1203,10324.2,2665.72,-1214.34,0,0,0,2500,0,0,2500,0,2500,0
20230101T000011.400000,3,1204,5900.15,3259.25,892.454,0,0,0,2500,0,0,2500,0,2500,0
20230101T000011.400000,3,1205,1741.85,1358.33,-314.742,0,0,0,2500,0,0,2500,0,2500,0
20230101T000011.400000,3,1206,2647.78,3771.31,93.6208,0,0,0,2500,0,0,2500,0,2500,0
20230101T000011.400000,3,1207,5376.81,6075.25,1349.99,0,0,0,2500,0,0,2500,0,2500,0
20230101T000011.400000,3,1208,5234.1,4270.71,772.407,0,0,0,2500,0,0,2500,0,2500,0
20230101T000011.400000,3,1209,3475.49,4119.04,-317.812,0,0,0,2500,0,0,2500,0,2500,0
20230101T000011.500000,6,1295,7909.95,-7228.31,-1034.52,0,0,0,84565.3,90596.6,13088.3,100916,-11960.4,183706,9.25524e+14
20230101T000011.500000,6,1296,6990.01,-5466.53,1094.74,0,0,0,49041.7,60176.6,-12237.4,78928,9570.26,125990,5.91799e+14
20230101T000011.500000,6,1297,4084.57,-5602.66,-1286.38,0,0,0,51164.1,35325.4,8400.14,28463.2,-11522.2,76919.8,8.95702e+14
20230101T000011.500000,6,1298,4947.05,-3983.92,-789.344,0,0,0,26037.6,31016.1,6241.78,39574.3,-5026.58,64552.9,2.80918e+15
20230101T000011.500000,6,1299,2433.08,-1139.9,299.156,0,0,0,2248.26,4358.27,-1158.22,9508.99,542.629,11551.6,6.14809e+14
20230101T000011.500000,6,1300,1856.04,-611.946,3.60406,0,0,0,656.909,1798.23,-10.5907,5518.07,3.49183,6110.96,5.97038e+14
20230101T000011.500000,6,1301,877.895,153.146,123.646,0,0,0,122.202,-200.343,-165.094,1235.7,-28.8002,1271.85,9.5087e+21
20230101T000011.500000,6,1302,7936.76,-269.663,598.294,0,0,0,751.983,3402.8,-7592.84,100788,257.977,100904,1.14445e+15
20230101T000011.500000,6,1303,1559.99,801.653,319.323,0,0,0,1206.31,-1909.41,-786.995,3940.75,-404.423,4924.02,2.78736e+15
20230101T000011.500000,6,1304,8387.17,4505.99,347.646,0,0,0,32686,-60360.8,-4663.17,112609,-2505.28,145038,7.57851e+14
20230101T000011.500000,6,1305,2351.76,2409.72,-372.872,0,0,0,9430.14,-8924.51,1398.15,8995.53,1432.61,18140.8,6.92679e+15
20230101T000011.500000,6,1306,7467.95,7089.91,-2309.87,0,0,0,84948.9,-80422.2,27590.1,93308.1,26193.5,169662,6.22743e+14
20230101T000011.500000,3,1210,7909.95,-7228.31,-1034.52,0,0,0,2500,0,0,2500,0,2500,0
20230101T000011.500000,3,1211,6990.01,-5466.53,1094.74,0,0,0,2500,0,0,2500,0,2500,0
20230101T000011.500000,3,1212,4084.57,-5602.66,-1286.38,0,0,0,2500,0,0,2500,0,2500,0
20230101T000011.500000,3,1213,4947.05,-3983.92,-789.344,0,0,0,2500,0,0,2500,0,2500,0
20230101T000011.500000,3,1214,2433.08,-1139.9,299.156,0,0,0,2500,0,0,2500,0,2500,0
20230101T000011.500000,3,1215,1856.04,-611.946,3.60406,0,0,0,2500,0,0,2500,0,2500,0
20230101T000011.500000,3,1216,877.895,153.146,123.646,0,0,0,2500,0,0,2500,0,2500,0
20230101T000011.500000,3,1217,7936.76,-269.663,598.294,0,0,0,2500,0,0,2500,0,2500,0
20230101T000011.500000,3,1218,1559.99,801.653,319.323,0,0,0,2500,0,0,2500,0,2500,0
20230101T000011.500000,3,1219,8387.17,4505.99,347.646,0,0,0,2500,0,0,2500,0,2500,0
20230101T000011.500000,3,1220,2351.76,2409.72,-372.872,0,0,0,2500,0,0,2500,0,2500,0
20230101T000011.500000,3,1221,7467.95,7089.91,-2309.88,0,0,0,2500,0,0,2500,0,2500,0
20230101T000011.600000,6,1307,7772.65,-8933.03,-2153.23,0,0,0,130902,107389,26770.6,100920,-30767.2,224343,6.56671e+14
20230101T000011.600000,6,1308,6489.62,-7552.08,-918.087,0,0,0,91854.1,77718.2,9529.03,68196.4,-11089.1,158639,5.43155e+14
20230101T000011.600000,6,1309,11747.6,-562.675,-726.928,0,0,0,1413.72,10532.7,13659.5,220811,-654.25,221316,3.72908e+15
20230101T000011.600000,6,1310,891.32,4.37623,124.93,0,0,0,87.7676,-5.81022,-169.367,1271.12,-0.831565,1272.38,1.32371e+22
20230101T000011.600000,6,1311,2361.56,793.781,42.3655,0,0,0,1068.21,-2979.11,-159.047,8929.93,-53.4596,9931.3,5.32479e+14
20230101T000011.600000,6,1312,11867.8,2951.21,-195.205,0,0,0,14053.1,-56009.7,3705.66,225358,921.502,239286,5.13742e+14
20230101T000011.600000,6,1313,2964.01,3095.15,-234.039,0,0,0,15400.4,-14602.9,1107.5,14135.6,1156.5,29384.8,4.69135e+15
20230101T000011.600000,4,1216,895.215,55.1894,124.51,1.71484,-9.69872,0.0855527,100.085,-129.997,-106.426,822.601,-18.5657,841.045,0
20230101T000011.600000,3,1222,7772.65,-8933.03,-2153.23,0,0,0,2500,0,0,2500,0,2500,0
20230101T000011.600000,3,1223,6489.62,-7552.08,-918.087,0,0,0,2500,0,0,2500,0,2500,0
20230101T000011.600000,3,1224,11747.6,-562.675,-726.928,0,0,0,2500,0,0,2500,0,2500,0
20230101T000011.600000,3,1225,2361.56,793.78,42.3655,0,0,0,2500,0,0,2500,0,2500,0
20230101T000011.600000,3,1226,11867.8,2951.21,-195.205,0,0,0,2500,0,0,2500,0,2500,0
20230101T000011.600000,3,1227,2964.01,3095.15,-234.039,0,0,0,2500,0,0,2500,0,2500,0
20230101T000011.700000,6,1314,7793.34,-9381.81,1684.03,0,0,0,142708,114724,-20993.2,99899.9,25272.2,238008,7.67953e+14
20230101T000011.700000,6,1315,3708.54,-3797.64,-112.126,0,0,0,23116.4,22491.9,664.375,22048.3,-680.337,45080.6,7.83845e+14
20230101T000011.700000,6,1316,2570.6,-1125.89,540.325,0,0,0,2471.94,4436.42,-2211.45,10657.9,968.591,12603.3,2.70173e+15
20230101T000011.700000,6,1317,7151.27,-2437.82,794.859,0,0,0,10471.1,27565.5,-9088.5,81936.9,3098.2,91334.5,3.86729e+15
20230101T000011.700000,6,1318,1999.65,-75.3163,91.7783,0,0,0,86.3094,238.062,-290.713,6397.9,10.9496,6407,7.62865e+14
20230101T000011.700000,6,1319,7631.07,-1441.88,-737.045,0,0,0,4226.87,17434.8,8993.19,93205.2,-1699.25,96500.1,7.03364e+14
20230101T000011.700000,6,1320,879.557,-149.194,117.757,0,0,0,118.325,195.93,-157.532,1240.17,26.7213,1274.5,1.36743e+22
20230101T000011.700000,6,1321,4695.43,-502.6,275.52,0,0,0,587.313,3756.28,-2066.2,35277.5,221.166,35679.8,2.09661e+15
20230101T000011.700000,6,1322,6485.97,-1001.14,-469.316,0,0,0,2010.04,10326.6,4865.85,67318.2,-751.065,68912.4,1.1768e+15
20230101T000011.700000,6,1323,1175.32,1394.89,-0.120604,0,0,0,3139.71,-2591.57,0.22407,2247.64,0.26593,5323.34,5.18047e+14
20230101T000011.700000,3,1228,7793.34,-9381.81,1684.03,0,0,0,2500,0,0,2500,0,2500,0
20230101T000011.700000,3,1229,3708.54,-3797.64,-112.126,0,0,0,2500,0,0,2500,0,2500,0
20230101T000011.700000,3,1230,2570.6,-1125.89,540.325,0,0,0,2500,0,0,2500,0,2500,0
20230101T000011.700000,3,1231,7151.27,-2437.82,794.859,0,0,0,2500,0,0,2500,0,2500,0
20230101T000011.700000,3,1232,1999.65,-75.3163,91.7783,0,0,0,2500,0,0,2500,0,2500,0
20230101T000011.700000,3,1233,7631.07,-1441.88,-737.045,0,0,0,2500,0,0,2500,0,2500,0
20230101T000011.700000,3,1234,879.557,-149.194,117.757,0,0,0,2500,0,0,2500,0,2500,0
20230101T000011.700000,3,1235,4695.43,-502.6,275.52,0,0,0,2500,0,0,2500,0,2500,0
20230101T000011.700000,3,1236,6485.97,-1001.14,-469.316,0,0,0,2500,0,0,2500,0,2500,0
20230101T000011.700000,3,1237,1175.32,1394.89,-0.120604,0,0,0,2500,0,0,2500,0,2500,0
20230101T000011.800000,6,1324,2300.33,-3017.78,-27.1391,0,0,0,14595.1,11075.6,99.6087,8507.66,-130.676,23037.6,7.99845e+14
20230101T000011.800000,6,1325,8365.97,-8558.59,-1907.09,0,0,0,120073,111621,25520.5,114991,-26108.1,229184,1.23234e+16
20230101T000011.800000,6,1326,7734.31,-8176.94,1342.18,0,0,0,108370,99718.3,-16604.2,97265.9,17554.4,202692,5.96853e+14
20230101T000011.800000,6,1327,5399.85,-6351.18,182.829,0,0,0,64589.3,54814.8,-1578.69,46721.6,1856.82,111194,5.26261e+14
20230101T000011.800000,6,1328,5313.49,-7378.52,-893.792,0,0,0,87566.1,62092.9,7595.01,46056.5,-10546.7,132282,6.75466e+14
20230101T000011.800000,6,1329,837.557,-302.945,128.12,0,0,0,225.515,377.518,-163.211,1132.7,59.0336,1270.54,5.08409e+21
20230101T000011.800000,6,1330,7325.9,-2202.27,832.99,0,0,0,8836.17,25490.2,-9757.24,85967.3,2933.16,93630.8,2.15732e+15
20230101T000011.800000,6,1331,6172.86,-3544.24,957.627,0,0,0,21249.4,34344.2,-9450.73,61346,5426.29,81066.4,9.11306e+14
20230101T000011.800000,6,1332,11240.9,1845.73,-1365.03,0,0,0,8415.22,-32709.7,24543.2,202253,4029.93,207625,2.11196e+15
20230101T000011.800000,6,1333,12161,-981.504,-582.681,0,0,0,2144.51,19049.1,11334.6,236629,-914.8,238167,4.68462e+14
20230101T000011.800000,6,1334,8537.87,1529.44,-1398.71,0,0,0,6836.02,-20338.9,19097.2,116732,3421,120377,2.24884e+15
20230101T000011.800000,6,1335,5856.81,-491.721,1535.12,0,0,0,4190.5,4288.53,-14369.8,54910.3,1206.45,55274.5,5.12181e+15
20230101T000011.800000,6,1336,8981.98,5016.8,1200.63,0,0,0,42075.4,-71088.6,-17248,129645,-9633.72,169352,5.82657e+14
20230101T000011.800000,6,1337,2545.71,588.633,-219.037,0,0,0,687.577,-2366.79,886.977,10376.2,205.091,10923.9,8.95867e+14
20230101T000011.800000,6,1338,1066.91,1130.5,-0.392294,0,0,0,2074.99,-1897.87,0.658582,1855.12,0.697833,3866.11,4.87719e+15
20230101T000011.800000,6,1339,4540.84,4906.13,742.432,0,0,0,38948.3,-35173.6,-5389.26,33499.9,-5822.79,71503.8,8.24549e+14
20230101T000011.800000,6,1340,4093.76,3699.27,1061.12,0,0,0,22921.1,-23303.4,-6941.56,27651.7,-6272.65,48711.8,6.45369e+14
20230101T000011.800000,4,1222,7831.8,-8989.04,-2165,11.3755,-10.7699,-2.26477,1524.29,1202.07,289.861,1188.69,-333.134,2490.86,0
20230101T000011.800000,4,1231,7243.48,-2461.41,805.582,9.12944,-2.33572,1.06174,335.216,723.325,-235.915,2210.5,80.4217,2431.57,0
20230101T000011.800000,4,1234,860.88,-253.718,124.61,-1.84922,-10.3489,0.678549,97.5609,127.038,-101.538,824.952,17.2234,842.654,0
20230101T000011.800000,3,1238,2300.33,-3017.78,-27.1391,0,0,0,2500,0,0,2500,0,2500,0
20230101T000011.800000,3,1239,7734.31,-8176.94,1342.18,0,0,0,2500,0,0,2500,0,2500,0
20230101T000011.800000,3,1240,5399.85,-6351.18,182.829,0,0,0,2500,0,0,2500,0,2500,0
20230101T000011.800000,3,1241,5313.49,-7378.51,-893.792,0,0,0,2500,0,0,2500,0,2500,0
20230101T000011.800000,3,1242,6172.86,-3544.24,957.627,0,0,0,2500,0,0,2500,0,2500,0
20230101T000011.800000,3,1243,11240.9,1845.73,-1365.03,0,0,0,2500,0,0,2500,0,2500,0
20230101T000011.800000,3,1244,12161,-981.504,-582.681,0,0,0,2500,0,0,2500,0,2500,0
20230101T000011.800000,3,1245,8537.87,1529.44,-1398.71,0,0,0,2500,0,0,2500,0,2500,0
20230101T000011.800000,3,1246,5856.81,-491.721,1535.12,0,0,0,2500,0,0,2500,0,2500,0
20230101T000011.800000,3,1247,8981.98,5016.8,1200.63,0,0,0,2500,0,0,2500,0,2500,0
20230101T000011.800000,3,1248,2545.71,588.633,-219.037,0,0,0,2500,0,0,2500,0,2500,0
20230101T000011.800000,3,1249,1066.91,1130.5,-0.392294,0,0,0,2500,0,0,2500,0,2500,0
20230101T000011.800000,3,1250,4540.84,4906.13,742.432,0,0,0,2500,0,0,2500,0,2500,0
20230101T000011.800000,3,1251,4093.76,3699.27,1061.12,0,0,0,2500,0,0,2500,0,2500,0
20230101T000011.900000,6,1341,1804.46,-461.334,316.357,0,0,0,549.222,1278.58,-903.128,5223.36,230.897,5552.04,7.93852e+14
20230101T000011.900000,6,1342,1653.3,-1015.81,-343.534,0,0,0,1833.11,2575.19,899.382,4442.2,-552.59,6026.37,1.0852e+15
20230101T000011.900000,6,1343,762.136,-463.903,119.365,0,0,0,406.841,527.642,-138.371,952.522,84.2247,1274.82,5.62217e+19
20230101T000011.900000,6,1344,8193.83,-1469.19,-1464.96,0,0,0,6840.57,18653.9,19195.1,107531,-3441.75,110878,9.06576e+14
20230101T000011.900000,6,1345,209.004,23.7319,-34.6541,0,0,0,64.3138,-0.735717,1.38885,70.7096,0.157701,72.4843,9.05486e+15
20230101T000011.900000,6,1346,9211.51,-673.878,-326.486,0,0,0,959.799,9914.83,4809.63,135764,-351.854,136490,2.5043e+15
20230101T000011.900000,6,1347,4592.1,-851.018,-653.29,0,0,0,1879.64,6119.14,4791.32,33764.6,-887.938,34899.8,4.21201e+15
20230101T000011.900000,6,1348,2499.58,1161.43,149.01,0,0,0,2239.98,-4607,-592.811,10014.3,-275.45,12155.1,2.20823e+15
20230101T000011.900000,6,1349,8932.57,4400.65,913.964,0,0,0,32111.7,-62339.6,-13057.3,127939,-6432.68,158651,4.65007e+14
20230101T000011.900000,6,1350,7433.61,3469.93,-450.068,0,0,0,19583.2,-41121.9,5349.83,88483,2497.25,107678,2.53233e+15
20230101T000011.900000,6,1351,1081.16,1204.05,80.7192,0,0,0,2352.71,-2045.91,-137.505,1911.37,-153.134,4189.98,3.55806e+15
20230101T000011.900000,6,1352,6909.17,7807.84,529.456,0,0,0,97764.8,-86058.9,-5850.81,76666,-6611.82,173919,6.47505e+14
20230101T000011.900000,6,1353,6493.78,6717.9,297.764,0,0,0,72307.6,-69696.5,-3092.36,67577.2,-3199.09,139679,7.32906e+14
20230101T000011.900000,4,1249,1099.87,1187.61,30.355,3.26386,5.65475,3.04429,837.279,-731.277,0.25376,752.562,0.268885,1527.42,0
20230101T000011.900000,3,1252,1804.46,-461.334,316.357,0,0,0,2500,0,0,2500,0,2500,0
20230101T000011.900000,3,1253,1653.3,-1015.81,-343.534,0,0,0,2500,0,0,2500,0,2500,0
20230101T000011.900000,3,1254,762.136,-463.903,119.365,0,0,0,2500,0,0,2500,0,2500,0
20230101T000011.900000,3,1255,8193.83,-1469.19,-1464.96,0,0,0,2500,0,0,2500,0,2500,0
20230101T000011.900000,3,1256,209.004,23.7319,-34.6541,0,0,0,2500,0,0,2500,0,2500,0
20230101T000011.900000,3,1257,9211.51,-673.878,-326.486,0,0,0,2500,0,0,2500,0,2500,0
20230101T000011.900000,3,1258,4592.1,-851.018,-653.29,0,0,0,2500,0,0,2500,0,2500,0
20230101T000011.900000,3,1259,2499.58,1161.43,149.01,0,0,0,2500,0,0,2500,0,2500,0
20230101T000011.900000,3,1260,8932.57,4400.65,913.964,0,0,0,2500,0,0,2500,0,2500,0
20230101T000011.900000,3,1261,7433.61,3469.93,-450.068,0,0,0,2500,0,0,2500,0,2500,0
20230101T000011.900000,3,1262,6909.17,7807.84,529.456,0,0,0,2500,0,0,2500,0,2500,0
20230101T000011.900000,3,1263,6493.78,6717.9,297.764,0,0,0,2500,0,0,2500,0,2500,0
20230101T000012,6,1354,2320.55,-2178.19,693.894,0,0,0,8033.21,7672.45,-2566.64,9005.4,2409.17,16210,8.08529e+15
20230101T000012,6,1355,5090.08,-5890.3,-618.872,0,0,0,55802.2,47636.7,5036.87,41841.5,-5828.72,96967.7,2.92276e+15
20230101T000012,6,1356,689.899,-564.961,121.142,0,0,0,562.359,581.312,-127.116,796.187,104.096,1273.39,2.49041e+21
20230101T000012,6,1357,7449.55,-4091.18,-1458.35,0,0,0,29442.5,47301.9,17373.2,89596.1,-9541.08,115575,3.86667e+15
20230101T000012,6,1358,7072.76,-1300.24,-1132.03,0,0,0,4748.73,14338.3,12800.8,80107.3,-2353.26,82744.8,6.91626e+14
20230101T000012,6,1359,1998.37,-384.975,-50.691,0,0,0,302.765,1218.27,160.515,6392.03,-30.9223,6626.76,6.71307e+14
20230101T000012,6,1360,9575.47,1078.8,-940.813,0,0,0,3323.14,-16363.4,14407.8,146722,1623.22,148566,3.90866e+15
20230101T000012,6,1361,3250.54,1787.8,383.222,0,0,0,5342.96,-9172.13,-1987.36,16974.9,-1093.05,22020.3,5.58057e+14
20230101T000012,6,1362,4906.33,1654.9,-103.446,0,0,0,4454.72,-12966.6,810.851,38523.6,273.499,42897.2,1.0684e+15
20230101T000012,6,1363,5266.66,7964.52,1079.01,0,0,0,102080,-66228.2,-9088.48,45720.4,-13744.1,145875,7.9673e+15
20230101T000012,4,1254,718.796,-534.291,120.528,-4.29106,-6.96912,0.115165,284.611,342.092,-89.1666,638.399,54.2747,842.673,0
20230101T000012,3,1264,2320.55,-2178.19,693.894,0,0,0,2500,0,0,2500,0,2500,0
20230101T000012,3,1265,5090.08,-5890.3,-618.872,0,0,0,2500,0,0,2500,0,2500,0
20230101T000012,3,1266,7449.55,-4091.18,-1458.35,0,0,0,2500,0,0,2500,0,2500,0
20230101T000012,3,1267,7072.76,-1300.24,-1132.03,0,0,0,2500,0,0,2500,0,2500,0
20230101T000012,3,1268,1998.37,-384.975,-50.691,0,0,0,2500,0,0,2500,0,2500,0
20230101T000012,3,1269,9575.47,1078.8,-940.813,0,0,0,2500,0,0,2500,0,2500,0
20230101T000012,3,1270,3250.54,1787.8,383.222,0,0,0,2500,0,0,2500,0,2500,0
20230101T000012,3,1271,4906.33,1654.9,-103.446,0,0,0,2500,0,0,2500,0,2500,0
20230101T000012,3,1272,5266.66,7964.52,1079.01,0,0,0,2500,0,0,2500,0,2500,0
20230101T000012.100000,6,1364,7445.58,-9183.34,1005.32,0,0,0,135601,108578,-11972.9,89712.7,14767.3,223633,1.96729e+15
20230101T000012.100000,6,1365,6220.78,-5574.67,-546.469,0,0,0,50023.4,55216.9,5436.04,62158.1,-4871.43,111640,6.90826e+14
20230101T000012.100000,6,1366,3937.56,-6331.43,1731.66,0,0,0,65494.3,37709.7,-10902.2,28310.5,17530.3,88949.5,6.84666e+14
20230101T000012.100000,6,1367,3736.88,-2177.14,-352.067,0,0,0,7779.42,12903.2,2100.54,22409.2,-1223.79,29927.1,2.59219e+15
20230101T000012.100000,6,1368,7406.32,-3236.72,-1484.3,0,0,0,19773.9,37039.3,17578.7,88340.9,-7682.26,104530,1.43833e+16
20230101T000012.100000,6,1369,4850.25,862.011,-493.809,0,0,0,1628.53,-6611.41,3825.9,37653.7,679.958,38829.4,7.90189e+14
20230101T000012.100000,6,1370,2008.75,885.833,118.706,0,0,0,1327.82,-2815.19,-378.366,6470.2,-166.854,7711.85,8.40424e+14
20230101T000012.100000,6,1371,362.283,215.052,-42.4471,0,0,0,122.976,-95.5806,19.1155,227.258,11.347,284.638,2.47284e+15
20230101T000012.100000,6,1372,5380.25,3035.54,-663.796,0,0,0,15326,-25802.3,5708.3,46500.8,3220.63,61059.2,2.75927e+15
20230101T000012.100000,6,1373,8625.54,2861.7,940.881,0,0,0,14435.9,-39051.7,-12978.8,119187,-4305.97,132144,4.28943e+14
20230101T000012.100000,6,1374,682.956,829.322,-235.926,0,0,0,1161.1,-832.562,249.28,835.738,302.704,1849.67,7.26021e+21
20230101T000012.100000,3,1273,7445.58,-9183.34,1005.32,0,0,0,2500,0,0,2500,0,2500,0
20230101T000012.100000,3,1274,6220.78,-5574.67,-546.469,0,0,0,2500,0,0,2500,0,2500,0
20230101T000012.100000,3,1275,3937.56,-6331.43,1731.66,0,0,0,2500,0,0,2500,0,2500,0
20230101T000012.100000,3,1276,3736.88,-2177.14,-352.067,0,0,0,2500,0,0,2500,0,2500,0
20230101T000012.100000,3,1277,7406.32,-3236.72,-1484.3,0,0,0,2500,0,0,2500,0,2500,0
20230101T000012.100000,3,1278,4850.25,862.011,-493.809,0,0,0,2500,0,0,2500,0,2500,0
20230101T000012.100000,3,1279,2008.75,885.833,118.706,0,0,0,2500,0,0,2500,0,2500,0
20230101T000012.100000,3,1280,362.283,215.052,-42.4471,0,0,0,2500,0,0,2500,0,2500,0
20230101T000012.100000,3,1281,5380.25,3035.54,-663.796,0,0,0,2500,0,0,2500,0,2500,0
20230101T000012.100000,3,1282,8625.54,2861.7,940.881,0,0,0,2500,0,0,2500,0,2500,0
20230101T000012.100000,3,1283,682.956,829.322,-235.926,0,0,0,2500,0,0,2500,0,2500,0
20230101T000012.200000,6,1375,3954.41,-4217.47,-39.8575,0,0,0,28490.4,26651,251.879,25055.2,-268.635,53479.1,8.41409e+14
20230101T000012.200000,6,1376,442.954,-157.606,44.8624,0,0,0,98.8976,90.6523,-26.0935,321.422,9.28428,354.254,7.09119e+14
20230101T000012.200000,6,1377,5906.7,-2322.94,238.411,0,0,0,8767.83,21900.8,-2250.92,55843.3,885.225,64456.3,5.14109e+14
20230101T000012.200000,6,1378,2365.75,-433.549,246.307,0,0,0,455.934,1612.63,-925.94,8960.02,169.689,9256.21,5.87438e+15
20230101T000012.200000,6,1379,7346.49,-456.795,-92.9893,0,0,0,411.383,5364.52,1092.23,86353.8,-67.9131,86687.4,4.78176e+14
20230101T000012.200000,6,1380,3145.23,625.206,-100.605,0,0,0,702.497,-3130.94,504.312,15831,100.247,16453.4,8.13716e+14
20230101T000012.200000,6,1381,9646.08,6148.51,-1996.34,0,0,0,65065.1,-91976.1,30801.8,150735,19633.4,209364,5.22179e+14
20230101T000012.200000,6,1382,11182,4535.58,-158.773,0,0,0,33004,-81111,2839.87,200075,1151.89,232975,6.00143e+14
20230101T000012.200000,6,1383,1568.31,1144.82,221.672,0,0,0,2189.49,-2805.17,-550.418,3984.67,-401.788,6033.18,4.45614e+14
20230101T000012.200000,6,1384,2557.91,3267.95,-399.941,0,0,0,17208.5,-13219.6,1633.05,10666.7,2086.36,27556.4,8.03448e+14
20230101T000012.200000,6,1385,815.767,696.634,-241.819,0,0,0,865.804,-832.984,305.189,1129.9,260.619,1844.33,5.89909e+20
20230101T000012.200000,6,1386,4592.6,5605.59,-91.1676,0,0,0,50307.2,-41152.8,669.403,33793.3,817.054,84023.3,9.90879e+14
20230101T000012.200000,4,1283,766.185,759.478,-239.24,8.24051,-6.91528,-0.328145,680.022,-469.455,137.615,496.559,167.108,1048.2,0
20230101T000012.200000,3,1284,3954.41,-4217.47,-39.8575,0,0,0,2500,0,0,2500,0,2500,0
20230101T000012.200000,3,1285,442.954,-157.606,44.8624,0,0,0,2500,0,0,2500,0,2500,0
20230101T000012.200000,3,1286,5906.7,-2322.94,238.411,0,0,0,2500,0,0,2500,0,2500,0
20230101T000012.200000,3,1287,2365.75,-433.549,246.307,0,0,0,2500,0,0,2500,0,2500,0
20230101T000012.200000,3,1288,7346.49,-456.795,-92.9893,0,0,0,2500,0,0,2500,0,2500,0
20230101T000012.200000,3,1289,3145.23,625.206,-100.605,0,0,0,2500,0,0,2500,0,2500,0
20230101T000012.200000,3,1290,9646.08,6148.51,-1996.34,0,0,0,2500,0,0,2500,0,2500,0
20230101T000012.200000,3,1291,11182,4535.58,-158.773,0,0,0,2500,0,0,2500,0,2500,0
20230101T000012.200000,3,1292,1568.31,1144.82,221.672,0,0,0,2500,0,0,2500,0,2500,0
20230101T000012.200000,3,1293,2557.91,3267.95,-399.941,0,0,0,2500,0,0,2500,0,2500,0
20230101T000012.200000,3,1294,4592.6,5605.59,-91.1676,0,0,0,2500,0,0,2500,0,2500,0
20230101T000012.300000,6,1387,8641.29,-2398.55,913.038,0,0,0,10502.1,32802.4,-12617.5,119575,3502.22,128681,3.36989e+15
20230101T000012.300000,6,1388,3568.3,-468.482,-345.693,0,0,0,601.467,2641.83,1967.62,20376.8,-258.329,20724.2,4.20003e+14
20230101T000012.300000,6,1389,4362.79,391.708,-71.7341,0,0,0,317.134,-2727.87,499.694,30454.9,44.8644,30699.9,8.58029e+14
20230101T000012.300000,6,1390,9799.6,-238.638,-819.933,0,0,0,1229.66,3713.96,12850.7,153652,-312.938,153743,5.14908e+14
20230101T000012.300000,6,1391,9861.44,3647.63,-2527.28,0,0,0,30331.1,-54208.7,39862.5,156834,14744.7,176889,1.24623e+15
20230101T000012.300000,6,1392,934.993,534.957,-221.923,0,0,0,563.505,-739.86,321.016,1433.31,183.67,1859.23,1.08628e+21
20230101T000012.300000,6,1393,8020.81,3932.62,5.63216,0,0,0,24796.4,-50443.2,-72.243,102946,-35.4209,127678,4.99781e+15
20230101T000012.300000,6,1394,6338.69,2155.48,1036.88,0,0,0,9031.68,-21317.3,-10506.8,64471.2,-3572.85,71721.7,4.76071e+14
20230101T000012.300000,3,1295,8641.29,-2398.55,913.038,0,0,0,2500,0,0,2500,0,2500,0
20230101T000012.300000,3,1296,3568.3,-468.482,-345.693,0,0,0,2500,0,0,2500,0,2500,0
20230101T000012.300000,3,1297,4362.79,391.708,-71.7341,0,0,0,2500,0,0,2500,0,2500,0
20230101T000012.300000,3,1298,9799.6,-238.638,-819.933,0,0,0,2500,0,0,2500,0,2500,0
20230101T000012.300000,3,1299,9861.44,3647.63,-2527.28,0,0,0,2500,0,0,2500,0,2500,0
20230101T000012.300000,3,1300,934.993,534.957,-221.923,0,0,0,2500,0,0,2500,0,2500,0
20230101T000012.300000,3,1301,8020.81,3932.62,5.63216,0,0,0,2500,0,0,2500,0,2500,0
20230101T000012.300000,3,1302,6338.69,2155.48,1036.88,0,0,0,2500,0,0,2500,0,2500,0
20230101T000012.400000,6,1395,2322.27,-2578.19,892.925,0,0,0,11233.6,8915.36,-3307.44,9366.1,3671.93,19267.9,7.50525e+14
20230101T000012.400000,6,1396,7428.36,-7909.52,-2214.26,0,0,0,103802,90062.3,26308.7,92489.7,-28012.8,188388,9.5576e+14
20230101T000012.400000,6,1397,119.34,-144.529,0.318472,0,0,0,59.3676,-3.82507,0.00842843,60.8415,-0.0102074,56.2093,2.6057e+15
20230101T000012.400000,6,1398,5947.11,-5586.06,39.9913,0,0,0,49961.9,53120.3,-380.304,56620.3,357.215,106516,8.01426e+14
20230101T000012.400000,6,1399,4905.06,-4349.19,22.9941,0,0,0,30301,34100.6,-180.292,38523.9,159.86,68760,1.49469e+15
20230101T000012.400000,6,1400,9764.22,-4091.16,1859.58,0,0,0,31539.6,61921.1,-29041.6,153380,12168.3,179326,5.74303e+14
20230101T000012.400000,6,1401,7921.23,-1655.81,-1467.49,0,0,0,7747.48,20283.2,18587.9,100540,-3885.51,104782,1.49732e+15
20230101T000012.400000,6,1402,11731.7,1850.58,-534.997,0,0,0,5988.61,-34656.4,10039.4,220224,1583.64,225691,1.02417e+15
20230101T000012.400000,6,1403,10234,-414.251,-585.27,0,0,0,885.422,6758.38,9579.79,167576,-387.77,167850,5.08131e+15
20230101T000012.400000,6,1404,7933.81,-1318.42,-1719.77,0,0,0,7445.71,15961,21818,100841,-3625.65,103496,1.4774e+15
20230101T000012.400000,6,1405,2821.99,1321.67,-259.112,0,0,0,2935.14,-5901.92,1165.15,12772.5,545.697,15537.1,5.21376e+14
20230101T000012.400000,6,1406,4252.34,1996.76,-100.703,0,0,0,6445.01,-13554.6,683.918,28946.3,321.146,35311.1,2.30468e+15
20230101T000012.400000,6,1407,1006.98,376.397,-232.982,0,0,0,356.517,-557.907,362.962,1640.55,135.671,1851.96,1.42039e+21
20230101T000012.400000,6,1408,6779.89,2945.75,156.259,0,0,0,13970.6,-31917.4,-1693.83,73563.5,-735.941,87431.1,4.02713e+14
20230101T000012.400000,6,1409,265.616,322.418,-69.2328,0,0,0,194.609,-102.69,22.8589,154.557,27.7473,280.918,7.13256e+14
20230101T000012.400000,6,1410,6786.33,7164.53,702.979,0,0,0,82532.7,-77366.8,-7629.92,74137.2,-8055.13,155816,7.29787e+15
20230101T000012.400000,6,1411,3915.54,3470.84,-541.6,0,0,0,19573.1,-21480,3388.15,24764.7,3003.35,43805.8,5.44207e+14
20230101T000012.400000,4,1280,292.791,327.318,-66.7763,-19.1265,30.8991,-6.69615,114.715,-84.574,16.8979,206.987,10.0306,257.573,0
20230101T000012.400000,4,1300,983.932,447.109,-228.201,4.84546,-8.6978,-0.621588,342.582,-416.146,177.232,831.82,101.403,1053.56,0
20230101T000012.400000,3,1303,2322.27,-2578.19,892.925,0,0,0,2500,0,0,2500,0,2500,0
20230101T000012.400000,3,1304,7428.36,-7909.52,-2214.26,0,0,0,2500,0,0,2500,0,2500,0
20230101T000012.400000,3,1305,119.34,-144.529,0.318472,0,0,0,2500,0,0,2500,0,2500,0
20230101T000012.400000,3,1306,5947.11,-5586.06,39.9913,0,0,0,2500,0,0,2500,0,2500,0
20230101T000012.400000,3,1307,4905.06,-4349.19,22.9941,0,0,0,2500,0,0,2500,0,2500,0
20230101T000012.400000,3,1308,9764.22,-4091.16,1859.58,0,0,0,2500,0,0,2500,0,2500,0
20230101T000012.400000,3,1309,7921.23,-1655.81,-1467.49,0,0,0,2500,0,0,2500,0,2500,0
20230101T000012.400000,3,1310,11731.7,1850.58,-534.997,0,0,0,2500,0,0,2500,0,2500,0
20230101T000012.400000,3,1311,10234,-414.251,-585.27,0,0,0,2500,0,0,2500,0,2500,0
20230101T000012.400000,3,1312,7933.81,-1318.42,-1719.77,0,0,0,2500,0,0,2500,0,2500,0
20230101T000012.400000,3,1313,2821.99,1321.67,-259.112,0,0,0,2500,0,0,2500,0,2500,0
20230101T000012.400000,3,1314,4252.34,1996.76,-100.703,0,0,0,2500,0,0,2500,0,2500,0
20230101T000012.400000,3,1315,6779.89,2945.75,156.259,0,0,0,2500,0,0,2500,0,2500,0
20230101T000012.400000,3,1316,6786.33,7164.53,702.979,0,0,0,2500,0,0,2500,0,2500,0
20230101T000012.400000,3,1317,3915.54,3470.84,-541.6,0,0,0,2500,0,0,2500,0,2500,0
20230101T000012.500000,6,1412,8174.91,-7782.71,-2360.3,0,0,0,101621,97314.7,30863.1,111194,-29382.4,203842,9.47738e+15
20230101T000012.500000,6,1413,7548.95,-7010.22,-550.235,0,0,0,78923.4,84398.3,6643.41,91432.5,-6169.3,169808,2.08494e+15
20230101T000012.500000,6,1414,2495.11,-1360.87,571.07,0,0,0,3412.73,5187.64,-2268.96,10094.6,1237.53,12926.5,3.56237e+14
20230101T000012.500000,6,1415,4011.3,-1342.17,419.566,0,0,0,3192.55,8510.31,-2686.84,25779.6,899.008,28627.7,3.78464e+14
20230101T000012.500000,6,1416,6387.4,-2728.68,1012.67,0,0,0,13353.7,27271.2,-10340.9,65541,4417.59,77192.6,6.47445e+14
20230101T000012.500000,6,1417,3591.34,-576.534,362.685,0,0,0,798.781,3269.99,-2077.8,20643.2,333.559,21168.8,3.05418e+15
20230101T000012.500000,6,1418,1059.07,203.148,-216.277,0,0,0,197.557,-319.009,354.367,1799.46,67.9733,1863.13,1.59026e+20
20230101T000012.500000,6,1419,8082.49,266.974,-617.3,0,0,0,786.63,-3430.29,7978.05,104523,263.524,104637,4.40222e+14
20230101T000012.500000,6,1420,4307.54,724.544,-505.596,0,0,0,1299.11,-4916.37,3477.4,29700.9,584.91,30528.7,8.29611e+14
20230101T000012.500000,6,1421,7329.3,2932.94,-564.223,0,0,0,14257.3,-34196.6,6612.35,86029,2646.04,99713.6,6.36394e+15
20230101T000012.500000,6,1422,8684.12,4051.75,-591.47,0,0,0,26778.8,-56058.6,8214.68,120774,3832.72,146929,5.71761e+15
20230101T000012.500000,6,1423,1057.75,198.474,-229.502,0,0,0,203.569,-309.525,375.577,1795.07,70.4727,1855.93,1.53954e+20
20230101T000012.500000,6,1424,8011.15,3575.93,1235.45,0,0,0,22548.4,-44903.4,-15827.7,103102,-7064.99,123146,9.18526e+14
20230101T000012.500000,6,1425,5801.79,6111.78,136.182,0,0,0,59810.6,-56688,-1263.45,53906.4,-1330.96,113623,2.75282e+15
20230101T000012.500000,3,1318,8174.91,-7782.71,-2360.3,0,0,0,2500,0,0,2500,0,2500,0
20230101T000012.500000,3,1319,7548.95,-7010.22,-550.235,0,0,0,2500,0,0,2500,0,2500,0
20230101T000012.500000,3,1320,2495.11,-1360.87,571.07,0,0,0,2500,0,0,2500,0,2500,0
20230101T000012.500000,3,1321,4011.3,-1342.17,419.566,0,0,0,2500,0,0,2500,0,2500,0
20230101T000012.500000,3,1322,6387.4,-2728.68,1012.67,0,0,0,2500,0,0,2500,0,2500,0
20230101T000012.500000,3,1323,3591.34,-576.534,362.685,0,0,0,2500,0,0,2500,0,2500,0
20230101T000012.500000,3,1324,1059.07,203.148,-216.277,0,0,0,2500,0,0,2500,0,2500,0
20230101T000012.500000,3,1325,8082.49,266.974,-617.3,0,0,0,2500,0,0,2500,0,2500,0
20230101T000012.500000,3,1326,4307.54,724.544,-505.596,0,0,0,2500,0,0,2500,0,2500,0
20230101T000012.500000,3,1327,7329.3,2932.94,-564.223,0,0,0,2500,0,0,2500,0,2500,0
20230101T000012.500000,3,1328,8684.12,4051.75,-591.47,0,0,0,2500,0,0,2500,0,2500,0
20230101T000012.500000,3,1329,1057.75,198.474,-229.502,0,0,0,2500,0,0,2500,0,2500,0
20230101T000012.500000,3,1330,8011.15,3575.93,1235.45,0,0,0,2500,0,0,2500,0,2500,0
20230101T000012.500000,3,1331,5801.79,6111.78,136.182,0,0,0,2500,0,0,2500,0,2500,0
20230101T000012.600000,6,1426,1368.12,-1864.46,-14.0294,0,0,0,5584.46,4050.61,30.4806,3036.6,-41.5387,8556.75,6.36434e+14
20230101T000012.600000,6,1427,2564.43,-2312.33,331.986,0,0,0,8687.24,9368.44,-1357.64,10629.6,1224.18,19077.6,7.78873e+14
20230101T000012.600000,6,1428,3367.15,-4746.25,-358.777,0,0,0,36133.4,25442.9,1930.62,18319.8,-2721.35,54183.7,1.06979e+15
20230101T000012.600000,6,1429,9616.8,-4140.39,1560.58,0,0,0,30768.6,62269.6,-24004,148592,10334.6,175403,5.61801e+14
20230101T000012.600000,6,1430,9287.57,-4399.54,-699.935,0,0,0,31661.7,65049.7,10397.2,138170,-4925.17,168984,2.57401e+15
20230101T000012.600000,6,1431,5490.63,-1480.35,-237.104,0,0,0,3649.71,12966.2,2080.38,48245.6,-560.901,51741.6,1.88258e+15
20230101T000012.600000,6,1432,4033.65,710.494,-22.2417,0,0,0,870.522,-4574.35,143.202,26034.5,25.2238,26840.2,3.5668e+15
20230101T000012.600000,6,1433,1076.62,16.1522,-223.615,0,0,0,141.745,-25.7035,372.459,1854.62,5.58786,1857.65,1.51845e+21
20230101T000012.600000,6,1434,7944.58,915.138,-1810.88,0,0,0,6578.18,-11029.2,23005,101056,2649.95,102329,2.75975e+15
20230101T000012.600000,6,1435,8233.96,805.651,9.7405,0,0,0,1102.06,-10607.7,-128.249,108477,-12.5486,109515,5.99991e+14
20230101T000012.600000,6,1436,2976.32,714.737,453.416,0,0,0,1187.57,-3314.75,-2150.2,14194.9,-516.351,14992.3,5.48166e+14
20230101T000012.600000,6,1437,1520.7,702.131,-91.2907,0,0,0,852.37,-1679.01,218.964,3713.62,101.099,4489.03,9.42926e+14
20230101T000012.600000,4,1329,1077.3,94.483,-226.112,1.93598,-10.2962,0.335599,140.085,-174.256,207.262,1036.07,38.8903,1051.29,0
20230101T000012.600000,3,1332,1368.12,-1864.46,-14.0294,0,0,0,2500,0,0,2500,0,2500,0
20230101T000012.600000,3,1333,2564.43,-2312.33,331.986,0,0,0,2500,0,0,2500,0,2500,0
20230101T000012.600000,3,1334,3367.15,-4746.25,-358.777,0,0,0,2500,0,0,2500,0,2500,0
20230101T000012.600000,3,1335,9616.8,-4140.39,1560.58,0,0,0,2500,0,0,2500,0,2500,0
20230101T000012.600000,3,1336,9287.57,-4399.54,-699.935,0,0,0,2500,0,0,2500,0,2500,0
20230101T000012.600000,3,1337,5490.63,-1480.35,-237.104,0,0,0,2500,0,0,2500,0,2500,0
20230101T000012.600000,3,1338,4033.65,710.494,-22.2417,0,0,0,2500,0,0,2500,0,2500,0
20230101T000012.600000,3,1339,7944.58,915.137,-1810.88,0,0,0,2500,0,0,2500,0,2500,0
20230101T000012.600000,3,1340,8233.96,805.651,9.7405,0,0,0,2500,0,0,2500,0,2500,0
20230101T000012.600000,3,1341,2976.32,714.737,453.416,0,0,0,2500,0,0,2500,0,2500,0
20230101T000012.600000,3,1342,1520.7,702.131,-91.2907,0,0,0,2500,0,0,2500,0,2500,0
20230101T000012.700000,6,1438,2362.74,-3295.33,-731.855,0,0,0,17686.7,12022.4,2760.17,9539,-3849.63,26308.8,1.01214e+15
20230101T000012.700000,6,1439,7567.32,-7789.36,-247.127,0,0,0,97157,94230.4,2991.12,91706,-3078.89,188701,7.07998e+14
20230101T000012.700000,6,1440,1894.34,-316.299,-259.65,0,0,0,326.162,930.95,778.602,5746.24,-130.004,5902.83,1.23655e+15
20230101T000012.700000,6,1441,10890,-4124.88,-2047.46,0,0,0,33143.5,69629.3,35664.6,190596,-13509,216972,7.82029e+14
20230101T000012.700000,6,1442,9762.06,-4574.01,-132.448,0,0,0,33550,71407.5,2068.03,152493,-968.973,185951,9.1673e+14
20230101T000012.700000,6,1443,1060.31,-199.698,-214.33,0,0,0,194.25,314.219,351.592,1803.44,-66.2184,1865.05,1.97572e+20
20230101T000012.700000,6,1444,9181.46,-3192.19,-1149.86,0,0,0,18247.7,46218.5,16884.7,135114,-5870.43,151184,4.88827e+15
20230101T000012.700000,6,1445,1068.62,-159.81,-207.173,0,0,0,168.414,254.167,342.517,1829.96,-51.2229,1870.24,2.04726e+20
20230101T000012.700000,6,1446,548.104,344.552,-72.3805,0,0,0,241.26,-269.903,57.4923,500.947,36.1411,671.406,6.83316e+14
20230101T000012.700000,6,1447,5429.75,7300.77,311.423,0,0,0,85360.1,-63321.2,-2704.21,47312.5,-3636.05,132454,9.10639e+14
20230101T000012.700000,3,1343,2362.74,-3295.33,-731.855,0,0,0,2500,0,0,2500,0,2500,0
20230101T000012.700000,3,1344,7567.32,-7789.36,-247.127,0,0,0,2500,0,0,2500,0,2500,0
20230101T000012.700000,3,1345,1894.34,-316.299,-259.65,0,0,0,2500,0,0,2500,0,2500,0
20230101T000012.700000,3,1346,10890,-4124.88,-2047.46,0,0,0,2500,0,0,2500,0,2500,0
20230101T000012.700000,3,1347,9762.06,-4574.01,-132.448,0,0,0,2500,0,0,2500,0,2500,0
20230101T000012.700000,3,1348,1060.31,-199.698,-214.33,0,0,0,2500,0,0,2500,0,2500,0
20230101T000012.700000,3,1349,9181.46,-3192.19,-1149.86,0,0,0,2500,0,0,2500,0,2500,0
20230101T000012.700000,3,1350,1068.62,-159.81,-207.173,0,0,0,2500,0,0,2500,0,2500,0
20230101T000012.700000,3,1351,548.104,344.552,-72.3805,0,0,0,2500,0,0,2500,0,2500,0
20230101T000012.700000,3,1352,5429.75,7300.77,311.423,0,0,0,2500,0,0,2500,0,2500,0
20230101T000012.800000,6,1448,7910.12,-6804.22,-672.508,0,0,0,74528.4,85726.3,8508.27,100447,-7318.75,174188,4.47139e+14
20230101T000012.800000,6,1449,6129.01,-7203.1,1872.24,0,0,0,85396.7,67838.2,-18352.1,63392.5,21568.2,143122,8.71999e+14
20230101T000012.800000,6,1450,2384.55,-442.918,78.8408,0,0,0,385.297,1676.59,-298.756,9100.15,55.4925,9411.64,1.02406e+15
20230101T000012.800000,6,1451,2703.15,-559.064,-34.3117,0,0,0,563.255,2404.91,147.621,11694,-30.5308,12191.4,3.96764e+15
20230101T000012.800000,6,1452,1015.92,-353.994,-227.518,0,0,0,328.982,530.637,357.591,1666.95,-124.601,1854.59,7.15795e+20
20230101T000012.800000,6,1453,7572.67,-5069.44,-1491.63,0,0,0,43620.1,59748.3,18064.5,92873.6,-12093.1,132873,1.31602e+15
20230101T000012.800000,6,1454,10039,-896.569,-2278.54,0,0,0,9587.6,13659.7,36585.3,161318,-3267.36,162541,5.32903e+15
20230101T000012.800000,6,1455,8886.11,611.786,-1019.42,0,0,0,2316.63,-8579.97,14486.7,126349,997.37,126940,3.07578e+15
20230101T000012.800000,6,1456,4808.32,-16.2385,178.841,0,0,0,115.507,124.539,-1373.5,36991.9,4.63854,36992.4,4.06039e+15
20230101T000012.800000,6,1457,6938.25,8014.65,-742.984,0,0,0,103181,-88503.7,8245.1,77564.3,9524.24,179799,3.28089e+15
20230101T000012.800000,4,1319,7652.46,-7097.89,-559.263,28.4892,-24.1318,-2.48491,1279.45,1302.42,102.232,1472.49,-94.9362,2674.63,0
20230101T000012.800000,4,1348,1041.32,-290.347,-221.774,-1.88073,-8.97522,-0.737005,134.887,176.477,194.082,1038.67,-36.5532,1056.62,0
20230101T000012.800000,3,1353,6129.01,-7203.1,1872.24,0,0,0,2500,0,0,2500,0,2500,0
20230101T000012.800000,3,1354,2384.54,-442.918,78.8408,0,0,0,2500,0,0,2500,0,2500,0
20230101T000012.800000,3,1355,2703.15,-559.064,-34.3117,0,0,0,2500,0,0,2500,0,2500,0
20230101T000012.800000,3,1356,7572.67,-5069.44,-1491.63,0,0,0,2500,0,0,2500,0,2500,0
20230101T000012.800000,3,1357,10039,-896.569,-2278.54,0,0,0,2500,0,0,2500,0,2500,0
20230101T000012.800000,3,1358,8886.11,611.786,-1019.42,0,0,0,2500,0,0,2500,0,2500,0
20230101T000012.800000,3,1359,4808.32,-16.2385,178.841,0,0,0,2500,0,0,2500,0,2500,0
20230101T000012.800000,3,1360,6938.25,8014.65,-742.984,0,0,0,2500,0,0,2500,0,2500,0
20230101T000012.900000,6,1458,154.132,-167.706,-10.1844,0,0,0,74.3234,9.45267,0.579061,72.7258,-0.630058,83.1387,7.81303e+14
20230101T000012.900000,6,1459,5065.26,-7179.22,-847.292,0,0,0,82868.8,57612.5,6863.29,41860.3,-9727.64,123518,8.71984e+14
20230101T000012.900000,6,1460,6416.46,-5067.56,1263.35,0,0,0,42699.5,50752.8,-12962.4,66878.5,10237.4,106963,3.70222e+14
20230101T000012.900000,6,1461,4685.85,-2879.29,-1226.85,0,0,0,15056.9,20485.7,9186.53,35808.3,-5644.79,48399.1,8.90091e+14
20230101T000012.900000,6,1462,933.975,-538.924,-213.454,0,0,0,565.597,747.129,308.417,1429.29,-177.964,1862.81,2.09374e+19
20230101T000012.900000,6,1463,2961.61,-211.101,-339.942,0,0,0,318.117,982.725,1603.63,14035,-114.305,14105.9,1.82562e+15
20230101T000012.900000,6,1464,1580.64,120.059,-185.695,0,0,0,140.69,-294.697,462.251,3998.13,35.1109,4021.38,5.41924e+14
20230101T000012.900000,6,1465,11433.6,-856.264,-606.594,0,0,0,1822.01,15615.6,11093.5,209166,-830.795,210336,4.60494e+14
20230101T000012.900000,6,1466,7887.92,82.2559,-185.58,0,0,0,129.881,-1036.88,2340.64,99550.9,24.4084,99561.8,1.47869e+15
20230101T000012.900000,6,1467,10072.5,3273.94,-1880.38,0,0,0,22322.7,-51081.2,30293.5,162873,9846.58,179479,3.07556e+15
20230101T000012.900000,6,1468,8793.25,2613.92,-1056.26,0,0,0,12630.4,-36271,14853.8,123864,4415.51,134647,5.68306e+14
20230101T000012.900000,6,1469,1494.23,1471.29,-433.104,0,0,0,3647.04,-3336.78,1026.42,3750.34,1010.66,7038.49,2.70388e+15
20230101T000012.900000,6,1470,2044.7,2650.9,-228.788,0,0,0,11298.6,-8601.16,745.824,6781.71,966.942,17933.2,4.61564e+15
20230101T000012.900000,6,1471,8062.86,8588.57,-505.716,0,0,0,118243,-110561,6522.15,104267,6947.41,222037,5.46952e+14
20230101T000012.900000,6,1472,7140.35,7613.53,169.837,0,0,0,92796.9,-86926.4,-1939.61,81634.1,-2068.14,174321,9.86771e+14
20230101T000012.900000,3,1361,154.132,-167.706,-10.1844,0,0,0,2500,0,0,2500,0,2500,0
20230101T000012.900000,3,1362,5065.26,-7179.22,-847.292,0,0,0,2500,0,0,2500,0,2500,0
20230101T000012.900000,3,1363,6416.46,-5067.56,1263.35,0,0,0,2500,0,0,2500,0,2500,0
20230101T000012.900000,3,1364,4685.85,-2879.29,-1226.85,0,0,0,2500,0,0,2500,0,2500,0
20230101T000012.900000,3,1365,933.975,-538.924,-213.454,0,0,0,2500,0,0,2500,0,2500,0
20230101T000012.900000,3,1366,2961.61,-211.101,-339.942,0,0,0,2500,0,0,2500,0,2500,0
20230101T000012.900000,3,1367,1580.63,120.059,-185.695,0,0,0,2500,0,0,2500,0,2500,0
20230101T000012.900000,3,1368,11433.6,-856.264,-606.594,0,0,0,2500,0,0,2500,0,2500,0
20230101T000012.900000,3,1369,7887.92,82.2559,-185.58,0,0,0,2500,0,0,2500,0,2500,0
20230101T000012.900000,3,1370,10072.5,3273.94,-1880.38,0,0,0,2500,0,0,2500,0,2500,0
20230101T000012.900000,3,1371,8793.25,2613.92,-1056.26,0,0,0,2500,0,0,2500,0,2500,0
20230101T000012.900000,3,1372,1494.23,1471.29,-433.104,0,0,0,2500,0,0,2500,0,2500,0
20230101T000012.900000,3,1373,2044.7,2650.9,-228.788,0,0,0,2500,0,0,2500,0,2500,0
20230101T000012.900000,3,1374,8062.86,8588.57,-505.716,0,0,0,2500,0,0,2500,0,2500,0
20230101T000012.900000,3,1375,7140.36,7613.53,169.837,0,0,0,2500,0,0,2500,0,2500,0
20230101T000013,6,1473,872.166,-628.985,-238.723,0,0,0,733.106,805.531,322.147,1269.14,-232.325,1853.08,6.77105e+18
20230101T000013,6,1474,9266.62,-7052.23,-1375.81,0,0,0,81532,103071,20392.6,138526,-15519.5,216968,8.52156e+14
20230101T000013,6,1475,9038.16,-5499.29,-2158.21,0,0,0,53871.4,76188.9,31199.3,132731,-18983.3,179091,9.47615e+14
20230101T000013,6,1476,221.998,-75.0336,29.6589,0,0,0,66.8039,7.11707,-2.98195,85.4552,1.00788,88.8698,2.02118e+15
20230101T000013,6,1477,7550.77,-4567.18,-206.679,0,0,0,33471.5,55118.6,2495.66,91258.2,-1509.53,124597,8.68807e+14
20230101T000013,6,1478,9649.97,5419.15,1188.88,0,0,0,48755,-82678.9,-18350.4,149552,-10305.1,195983,2.40337e+15
20230101T000013,6,1479,8078.66,4312.21,-1472.95,0,0,0,32502.5,-54271.1,19030.3,105207,10158,134178,2.74687e+15
20230101T000013,4,1361,242.122,-99.9739,27.0731,8.71197,6.70615,3.68887,72.1657,8.92557,0.546737,70.6572,-0.594887,80.4882,0
20230101T000013,4,1365,901.958,-593.166,-227.949,-3.16999,-5.37046,-1.43519,343.6,419.824,170.357,828.921,-98.2999,1056.01,0
20230101T000013,3,1376,9266.62,-7052.23,-1375.81,0,0,0,2500,0,0,2500,0,2500,0
20230101T000013,3,1377,9038.16,-5499.29,-2158.21,0,0,0,2500,0,0,2500,0,2500,0
20230101T000013,3,1378,7550.77,-4567.18,-206.679,0,0,0,2500,0,0,2500,0,2500,0
20230101T000013,3,1379,9649.97,5419.15,1188.88,0,0,0,2500,0,0,2500,0,2500,0
20230101T000013,3,1380,8078.66,4312.21,-1472.95,0,0,0,2500,0,0,2500,0,2500,0
20230101T000013.100000,6,1480,132.288,-94.8144,-5.78338,0,0,0,56.6461,-10.2224,-0.621985,49.7103,0.445795,42.4644,3.16254e+14
20230101T000013.100000,6,1481,1734.38,-608.92,-259.604,0,0,0,745.115,1636.44,712.042,4831.63,-249.99,5407.42,5.03779e+15
20230101T000013.100000,6,1482,10176.6,-3290.45,516.386,0,0,0,17767.4,53433.7,-8405.19,165749,2717.68,183026,1.93786e+15
20230101T000013.100000,6,1483,3264.97,245.826,868.665,0,0,0,1356.66,-1189.32,-4522.05,17063.2,-340.473,17157,9.55679e+14
20230101T000013.100000,6,1484,11348.7,-1190.17,-933.256,0,0,0,3707.66,21459.8,16940.8,206085,-1776.62,208336,4.65966e+14
20230101T000013.100000,6,1485,5111.04,573.793,-345.129,0,0,0,777.913,-4664.1,2818.11,41799.6,316.376,42323.5,2.66322e+15
20230101T000013.100000,6,1486,4023.3,831.614,-709.807,0,0,0,1939.22,-5181.21,4558.71,25934.6,942.284,27007.5,7.69981e+14
20230101T000013.100000,6,1487,2110.85,1607.59,83.3776,0,0,0,4182.46,-5393.23,-279.998,7156.65,-213.242,11264.1,1.07228e+15
20230101T000013.100000,6,1488,8255.2,7028.67,309.021,0,0,0,79169.1,-92729.8,-4080.26,109128,-3474.03,188081,7.29566e+14
20230101T000013.100000,6,1489,708.278,840.244,-41.9636,0,0,0,1157.33,-919.322,45.9822,841.661,54.5496,1932.36,1.29519e+22
20230101T000013.100000,6,1490,5891.55,6082.2,381.604,0,0,0,59332.8,-57185.4,-3595.18,55689.7,-3711.52,114726,1.46409e+16
20230101T000013.100000,6,1491,7152.6,5796.63,1054.36,0,0,0,54873.2,-65436.6,-12060.6,82585.6,-9774.21,135618,9.78826e+14
20230101T000013.100000,6,1492,4887.79,3997.32,-516.06,0,0,0,25859.1,-31020.9,4031.81,38421.1,3297.28,63790.9,1.98917e+14
20230101T000013.100000,4,1368,11401.4,-858.029,-608.928,-6.18818,-0.339479,-0.448869,83.3933,186.092,131.836,2554.32,-9.87323,2561.35,0
20230101T000013.100000,3,1381,132.288,-94.8144,-5.78338,0,0,0,2500,0,0,2500,0,2500,0
20230101T000013.100000,3,1382,1734.38,-608.92,-259.604,0,0,0,2500,0,0,2500,0,2500,0
20230101T000013.100000,3,1383,10176.6,-3290.45,516.386,0,0,0,2500,0,0,2500,0,2500,0
20230101T000013.100000,3,1384,3264.97,245.826,868.665,0,0,0,2500,0,0,2500,0,2500,0
20230101T000013.100000,3,1385,5111.04,573.793,-345.129,0,0,0,2500,0,0,2500,0,2500,0
20230101T000013.100000,3,1386,4023.3,831.614,-709.807,0,0,0,2500,0,0,2500,0,2500,0
20230101T000013.100000,3,1387,2110.85,1607.59,83.3776,0,0,0,2500,0,0,2500,0,2500,0
20230101T000013.100000,3,1388,8255.19,7028.67,309.021,0,0,0,2500,0,0,2500,0,2500,0
20230101T000013.100000,3,1389,708.278,840.244,-41.9636,0,0,0,2500,0,0,2500,0,2500,0
20230101T000013.100000,3,1390,5891.55,6082.2,381.604,0,0,0,2500,0,0,2500,0,2500,0
20230101T000013.100000,3,1391,7152.6,5796.63,1054.36,0,0,0,2500,0,0,2500,0,2500,0
20230101T000013.100000,3,1392,4887.79,3997.32,-516.06,0,0,0,2500,0,0,2500,0,2500,0
20230101T000013.200000,6,1493,3997.08,-2683.46,247.12,0,0,0,11632.9,17086.9,-1577.7,25612.8,1059.19,37084.4,4.84125e+14
20230101T000013.200000,6,1494,1949.24,-453.015,373.511,0,0,0,598.81,1350,-1153.66,6093.87,268.117,6409.77,1.33088e+15
20230101T000013.200000,6,1495,3427.41,581.25,-99.3802,0,0,0,618.083,-3174.35,543.185,18797.7,92.118,19336.1,3.29049e+15
20230101T000013.200000,6,1496,5716.29,-817.315,520.233,0,0,0,1555.37,7405.65,-4752.42,52291.5,679.501,53350.9,6.01027e+14
20230101T000013.200000,6,1497,10022,3211.04,2265.78,0,0,0,24002.1,-49085.4,-36319.9,161477,-11636.8,177206,7.86055e+14
20230101T000013.200000,6,1498,6794.21,2699.23,-403.503,0,0,0,11937.5,-29231.3,4383.1,73902.3,1741.33,85515.6,3.27055e+15
20230101T000013.200000,6,1499,8602.82,6967.04,1731.59,0,0,0,80598.5,-93521,-23827,120339,-19296.4,196079,6.86881e+14
20230101T000013.200000,6,1500,841.712,706.886,-36.8708,0,0,0,838.264,-919.437,48.0132,1160.91,40.3224,1933.14,5.76529e+21
20230101T000013.200000,6,1501,5097.16,3394.4,837.4,0,0,0,19255.9,-27136.3,-6822.24,41933.7,-4543.19,60006,2.5091e+15
20230101T000013.200000,4,1389,790.181,771.406,-39.0814,8.10914,-6.81571,0.285361,666.47,-507.914,25.3885,492.065,30.1189,1094.01,0
20230101T000013.200000,3,1393,3997.08,-2683.46,247.12,0,0,0,2500,0,0,2500,0,2500,0
20230101T000013.200000,3,1394,1949.24,-453.015,373.511,0,0,0,2500,0,0,2500,0,2500,0
20230101T000013.200000,3,1395,3427.41,581.25,-99.3802,0,0,0,2500,0,0,2500,0,2500,0
20230101T000013.200000,3,1396,5716.29,-817.315,520.233,0,0,0,2500,0,0,2500,0,2500,0
20230101T000013.200000,3,1397,10022,3211.04,2265.78,0,0,0,2500,0,0,2500,0,2500,0
20230101T000013.200000,3,1398,6794.21,2699.23,-403.503,0,0,0,2500,0,0,2500,0,2500,0
20230101T000013.200000,3,1399,8602.82,6967.04,1731.59,0,0,0,2500,0,0,2500,0,2500,0
20230101T000013.200000,3,1400,5097.16,3394.4,837.4,0,0,0,2500,0,0,2500,0,2500,0
20230101T000013.300000,6,1502,2973.75,-2423.89,539.168,0,0,0,9717.53,11274.4,-2558.53,14359.9,2085.44,23550.8,1.04732e+16
20230101T000013.300000,6,1503,6367.31,-7774.73,-1717.43,0,0,0,98633.7,76862.7,17490,67730.2,-21355.9,161584,8.66083e+14
20230101T000013.300000,6,1504,5789.05,-5337.86,1523.61,0,0,0,47629.2,47560.1,-14103.7,55356.1,13004.4,99211.7,1.95855e+15
20230101T000013.300000,6,1505,11535.1,1289.99,2165.98,0,0,0,10137.2,-22972.2,-39964.1,212986,-4469.26,215557,1.07491e+15
20230101T000013.300000,6,1506,10685,1168.63,39.8957,0,0,0,2250.87,-19971.6,-681.818,182670,-74.5715,184855,8.1591e+14
20230101T000013.300000,6,1507,954.886,544.488,-36.1465,0,0,0,524.169,-803.469,53.399,1475.09,30.4488,1933.31,8.35732e+21
20230101T000013.300000,6,1508,9358.72,2932.1,1241.85,0,0,0,16059.8,-43183.1,-18587.8,140363,-5823.57,153893,4.97764e+14
20230101T000013.300000,6,1509,7605.67,4818.59,-1288.03,0,0,0,39088.9,-57409.3,15666.6,93332.1,9925.6,129705,2.82517e+15
20230101T000013.300000,6,1510,4497.18,1874.83,-1046.8,0,0,0,7169.77,-12845.9,7520.14,32628,3135.07,37986.2,7.12013e+14
20230101T000013.300000,6,1511,1732.06,1672,-304.674,0,0,0,4582.43,-4527.92,838.607,4902.07,809.529,9273.99,7.93167e+14
20230101T000013.300000,6,1512,8692.86,7553.97,1037.28,0,0,0,92316.9,-104181,-14422.7,121673,-12533.1,212206,9.95814e+14
20230101T000013.300000,3,1401,2973.75,-2423.89,539.168,0,0,0,2500,0,0,2500,0,2500,0
20230101T000013.300000,3,1402,6367.31,-7774.73,-1717.44,0,0,0,2500,0,0,2500,0,2500,0
20230101T000013.300000,3,1403,5789.05,-5337.86,1523.61,0,0,0,2500,0,0,2500,0,2500,0
20230101T000013.300000,3,1404,11535.1,1289.99,2165.98,0,0,0,2500,0,0,2500,0,2500,0
20230101T000013.300000,3,1405,10685,1168.63,39.8957,0,0,0,2500,0,0,2500,0,2500,0
20230101T000013.300000,3,1406,954.886,544.488,-36.1465,0,0,0,2500,0,0,2500,0,2500,0
20230101T000013.300000,3,1407,9358.72,2932.1,1241.85,0,0,0,2500,0,0,2500,0,2500,0
20230101T000013.300000,3,1408,7605.67,4818.59,-1288.03,0,0,0,2500,0,0,2500,0,2500,0
20230101T000013.300000,3,1409,4497.18,1874.83,-1046.8,0,0,0,2500,0,0,2500,0,2500,0
20230101T000013.300000,3,1410,1732.06,1672,-304.674,0,0,0,2500,0,0,2500,0,2500,0
20230101T000013.300000,3,1411,8692.86,7553.97,1037.28,0,0,0,2500,0,0,2500,0,2500,0
20230101T000013.400000,6,1513,6853.72,-7678.69,69.6828,0,0,0,94371.5,84168.5,-763.85,75197.4,855.794,169497,4.37509e+14
20230101T000013.400000,6,1514,2926.96,-1867.34,179.4,0,0,0,5661.12,8692.73,-837.374,13740.7,534.229,19286.7,3.68954e+15
20230101T000013.400000,6,1515,7108.01,-4129.33,-257.048,0,0,0,27409,46888.4,2921.62,80880.8,-1697.29,108120,4.07572e+14
20230101T000013.400000,6,1516,10254.6,-1960.5,1232.22,0,0,0,8554.29,31706.8,-20210.1,168338,3863.81,174401,5.29919e+15
20230101T000013.400000,6,1517,8033.92,1215.46,-824.62,0,0,0,3489.32,-15453.5,10593.5,103296,1602.7,105635,2.68247e+15
20230101T000013.400000,6,1518,1805.51,818.657,462.822,0,0,0,1406.94,-2213.23,-1324.1,5284.59,-600.376,6291.42,9.86182e+14
20230101T000013.400000,6,1519,1032.41,376.575,-36.4083,0,0,0,285.188,-600.784,58.1516,1713.15,21.2109,1932.36,1.08541e+22
20230101T000013.400000,6,1520,7920.34,8945.4,-730.557,0,0,0,128436,-112906,9255.44,100885,10453.3,228403,1.20819e+15
20230101T000013.400000,6,1521,6003.87,8127.82,-125.062,0,0,0,105730,-78034.9,1200.9,57731.9,1625.73,163373,2.78844e+15
20230101T000013.400000,4,1406,1006.61,453.247,-36.2912,5.12157,-9.03381,-0.0143317,316.6,-443.81,29.482,841.857,16.811,1094.48,0
20230101T000013.400000,3,1412,6853.72,-7678.69,69.6828,0,0,0,2500,0,0,2500,0,2500,0
20230101T000013.400000,3,1413,2926.96,-1867.34,179.4,0,0,0,2500,0,0,2500,0,2500,0
20230101T000013.400000,3,1414,7108,-4129.33,-257.048,0,0,0,2500,0,0,2500,0,2500,0
20230101T000013.400000,3,1415,10254.6,-1960.5,1232.22,0,0,0,2500,0,0,2500,0,2500,0
20230101T000013.400000,3,1416,8033.92,1215.46,-824.62,0,0,0,2500,0,0,2500,0,2500,0
20230101T000013.400000,3,1417,1805.51,818.657,462.822,0,0,0,2500,0,0,2500,0,2500,0
20230101T000013.400000,3,1418,7920.34,8945.4,-730.557,0,0,0,2500,0,0,2500,0,2500,0
20230101T000013.400000,3,1419,6003.87,8127.82,-125.062,0,0,0,2500,0,0,2500,0,2500,0
20230101T000013.500000,6,1522,4091.92,-6009.11,1106.38,0,0,0,58415.2,38401.8,-7238.22,28170.9,10629.5,84566.5,1.76406e+15
20230101T000013.500000,6,1523,10122.5,-4212.59,-797.27,0,0,0,29314.6,67843.9,12908.3,164104,-5371.94,192338,5.32484e+14
20230101T000013.500000,6,1524,7274.43,-2608.26,-350.66,0,0,0,11115.7,30274.9,4078.63,84697.4,-1462.4,95552.6,5.56857e+14
20230101T000013.500000,6,1525,1081.44,196.687,-40.243,0,0,0,126.273,-328.621,67.3306,1873.36,12.2457,1933.22,1.41116e+22
20230101T000013.500000,6,1526,5919.89,-1172.98,270.727,0,0,0,2375.71,11075.7,-2561.47,56078.9,507.535,58273.6,1.09681e+16
20230101T000013.500000,6,1527,5843.96,1817.84,478.89,0,0,0,5679.81,-16875.3,-4473.03,54680.9,-1391.39,59930.6,4.08431e+15
20230101T000013.500000,6,1528,5101.7,2347.88,171.677,0,0,0,8911.75,-19122.9,-1399.58,41663.2,-644.107,50464,4.364e+14
20230101T000013.500000,6,1529,106.094,131.511,-21.7629,0,0,0,52.7905,8.81186,-1.39693,56.6047,-1.73161,46.7261,4.4389e+15
20230101T000013.500000,3,1420,4091.92,-6009.11,1106.38,0,0,0,2500,0,0,2500,0,2500,0
20230101T000013.500000,3,1421,10122.5,-4212.59,-797.27,0,0,0,2500,0,0,2500,0,2500,0
20230101T000013.500000,3,1422,7274.43,-2608.26,-350.66,0,0,0,2500,0,0,2500,0,2500,0
20230101T000013.500000,3,1423,1081.44,196.687,-40.243,0,0,0,2500,0,0,2500,0,2500,0
20230101T000013.500000,3,1424,5919.89,-1172.98,270.727,0,0,0,2500,0,0,2500,0,2500,0
20230101T000013.500000,3,1425,5843.96,1817.84,478.89,0,0,0,2500,0,0,2500,0,2500,0
20230101T000013.500000,3,1426,5101.7,2347.88,171.677,0,0,0,2500,0,0,2500,0,2500,0
20230101T000013.500000,3,1427,106.094,131.511,-21.7629,0,0,0,2500,0,0,2500,0,2500,0
20230101T000013.600000,6,1530,5258.05,-6188.94,305.46,0,0,0,61374.2,51961.6,-2568.24,44359.1,3022.93,105520,7.727e+14
20230101T000013.600000,6,1531,3550.49,-4863.8,-738.781,0,0,0,38176,27184.3,4192.29,20780.4,-5743,58021,3.47842e+15
20230101T000013.600000,6,1532,6647.77,-6021.4,1407.34,0,0,0,59786.7,62438.3,-14961.8,72164.8,13552.1,128722,1.83786e+15
20230101T000013.600000,6,1533,4220.97,-179.963,-284.271,0,0,0,244.476,1207.17,1915.56,28506.9,-81.6706,28558.6,4.30789e+14
20230101T000013.600000,6,1534,8440.13,-936.71,398.371,0,0,0,1717.79,12614.7,-5376.7,113981,596.723,115381,5.45977e+14
20230101T000013.600000,6,1535,1099.4,9.2478,-35.8366,0,0,0,66.1191,-15.7122,60.9541,1933.89,0.512728,1934.09,6.20994e+21
20230101T000013.600000,6,1536,6017.55,-23.3775,-97.4668,0,0,0,80.0561,224.773,937.383,57937.5,-3.64162,57938.4,3.62417e+15
20230101T000013.600000,6,1537,4646.25,1950.72,-1157.02,0,0,0,7961.14,-13715.5,8588.46,34870.4,3605.85,40632,2.76768e+15
20230101T000013.600000,6,1538,6582.59,7305.81,-2065.45,0,0,0,88485.6,-73521,21745,73130.1,24134.1,154731,6.63205e+14
20230101T000013.600000,4,1423,1100.73,91.6775,-37.7507,1.90993,-10.397,0.246765,96.8156,-181.524,37.1705,1061.87,6.76035,1094.34,0
20230101T000013.600000,3,1428,5258.05,-6188.94,305.46,0,0,0,2500,0,0,2500,0,2500,0
20230101T000013.600000,3,1429,3550.49,-4863.8,-738.781,0,0,0,2500,0,0,2500,0,2500,0
20230101T000013.600000,3,1430,6647.77,-6021.4,1407.34,0,0,0,2500,0,0,2500,0,2500,0
20230101T000013.600000,3,1431,4220.97,-179.963,-284.271,0,0,0,2500,0,0,2500,0,2500,0
20230101T000013.600000,3,1432,8440.13,-936.71,398.371,0,0,0,2500,0,0,2500,0,2500,0
20230101T000013.600000,3,1433,6017.55,-23.3775,-97.4668,0,0,0,2500,0,0,2500,0,2500,0
20230101T000013.600000,3,1434,4646.25,1950.72,-1157.02,0,0,0,2500,0,0,2500,0,2500,0
20230101T000013.600000,3,1435,6582.59,7305.81,-2065.45,0,0,0,2500,0,0,2500,0,2500,0
20230101T000013.700000,6,1539,4955.96,-4866.4,-59.7051,0,0,0,37926.4,38553.4,473.041,39332.7,-464.493,77189.4,2.41426e+15
20230101T000013.700000,6,1540,3807.93,-2294.47,51.7699,0,0,0,8473.45,13949.3,-314.779,23218.7,189.671,31623.8,7.26248e+14
20230101T000013.700000,6,1541,1081.32,-196.237,-38.5448,0,0,0,125.799,327.865,64.4812,1872.93,-11.7019,1932.51,8.35034e+21
20230101T000013.700000,6,1542,4562.7,-770.571,-220.963,0,0,0,1088.08,5602.11,1610.09,33313.2,-271.92,34259.4,4.58019e+15
20230101T000013.700000,6,1543,10745.4,-1363.73,-568.33,0,0,0,3547.02,23373.5,9767.75,184750,-1239.65,187717,5.87134e+14
20230101T000013.700000,6,1544,1083.11,-188.112,-36.0574,0,0,0,120.696,314.864,60.4206,1878.93,-10.4937,1933.69,8.19236e+21
20230101T000013.700000,6,1545,6764.94,1403.27,-1490.59,0,0,0,6617.64,-14469.7,16121.1,73372.2,3344.05,76376.6,7.96802e+15
20230101T000013.700000,6,1546,2306.29,3474.09,-360.685,0,0,0,19394,-12694.5,1327.91,8698.94,2000.31,27821.8,7.85527e+14
20230101T000013.700000,6,1547,4569.31,6091.55,-1362.96,0,0,0,60463.7,-43078.2,9957.84,35347.6,13275.2,92779,5.34778e+14
20230101T000013.700000,6,1548,2667.83,3906.78,484.333,0,0,0,24560.2,-16471.9,-2063.73,11686.9,-3022.14,35809.1,6.34713e+14
20230101T000013.700000,3,1436,4955.96,-4866.4,-59.7051,0,0,0,2500,0,0,2500,0,2500,0
20230101T000013.700000,3,1437,3807.93,-2294.47,51.7699,0,0,0,2500,0,0,2500,0,2500,0
20230101T000013.700000,3,1438,1081.32,-196.237,-38.5448,0,0,0,2500,0,0,2500,0,2500,0
20230101T000013.700000,3,1439,4562.7,-770.571,-220.963,0,0,0,2500,0,0,2500,0,2500,0
20230101T000013.700000,3,1440,10745.4,-1363.73,-568.33,0,0,0,2500,0,0,2500,0,2500,0
20230101T000013.700000,3,1441,1083.11,-188.112,-36.0574,0,0,0,2500,0,0,2500,0,2500,0
20230101T000013.700000,3,1442,6764.94,1403.27,-1490.59,0,0,0,2500,0,0,2500,0,2500,0
20230101T000013.700000,3,1443,2306.29,3474.09,-360.685,0,0,0,2500,0,0,2500,0,2500,0
20230101T000013.700000,3,1444,4569.31,6091.55,-1362.96,0,0,0,2500,0,0,2500,0,2500,0
20230101T000013.700000,3,1445,2667.83,3906.78,484.333,0,0,0,2500,0,0,2500,0,2500,0
20230101T000013.800000,6,1549,1039.03,-358.517,-45.5007,0,0,0,265.708,575.293,73.1424,1734.48,-25.2377,1933.09,2.63225e+20
20230101T000013.800000,6,1550,10328.3,-1588.59,885.25,0,0,0,5324.77,26054,-14623.7,170709,2249.27,174717,5.02273e+15
20230101T000013.800000,6,1551,8070.62,-799.176,-519.386,0,0,0,1512.44,10271.2,6702.76,104221,-663.727,105238,5.69446e+14
20230101T000013.800000,6,1552,5072.76,3127.06,135.204,0,0,0,15713.1,-25338.8,-1096.14,41198.2,-675.703,56818.2,6.42543e+14
20230101T000013.800000,6,1553,4393.34,2889.65,-437.692,0,0,0,13618.5,-20142.5,3072.27,30994.1,2020.74,44242.9,6.25069e+14
20230101T000013.800000,6,1554,5058.82,978.201,174.453,0,0,0,1639.57,-7896.68,-1409.91,40950.7,-272.629,42477.7,3.33199e+15
20230101T000013.800000,6,1555,1390.66,1694.5,-317.021,0,0,0,4684.06,-3660.75,699.637,3227.84,852.497,7689.72,9.36021e+14
20230101T000013.800000,6,1556,1844.1,1433.82,-291.345,0,0,0,3413.24,-4134.22,853.428,5516.06,663.551,8731.45,3.18937e+15
20230101T000013.800000,6,1557,8539.05,8311.86,-2053.57,0,0,0,114036,-110157,28049.2,119978,27302.9,227206,2.87834e+15
20230101T000013.800000,6,1558,390.735,367.682,-31.2272,0,0,0,250.96,-197.254,16.8189,274.966,15.8266,460.799,5.2615e+14
20230101T000013.800000,6,1559,3605.3,4883.52,-233.814,0,0,0,38211.4,-28098.2,1347.29,20895.1,1824.96,58955.3,6.43385e+14
20230101T000013.800000,4,1438,1064.62,-289.841,-42.488,-1.65427,-9.26773,-0.39042,96.559,181.134,35.6047,1061.79,-6.46148,1094.16,0
20230101T000013.800000,3,1446,10328.3,-1588.59,885.25,0,0,0,2500,0,0,2500,0,2500,0
20230101T000013.800000,3,1447,8070.62,-799.176,-519.386,0,0,0,2500,0,0,2500,0,2500,0
20230101T000013.800000,3,1448,5072.76,3127.06,135.204,0,0,0,2500,0,0,2500,0,2500,0
20230101T000013.800000,3,1449,4393.34,2889.65,-437.692,0,0,0,2500,0,0,2500,0,2500,0
20230101T000013.800000,3,1450,5058.82,978.201,174.453,0,0,0,2500,0,0,2500,0,2500,0
20230101T000013.800000,3,1451,1390.66,1694.5,-317.021,0,0,0,2500,0,0,2500,0,2500,0
20230101T000013.800000,3,1452,1844.1,1433.82,-291.345,0,0,0,2500,0,0,2500,0,2500,0
20230101T000013.800000,3,1453,8539.05,8311.86,-2053.57,0,0,0,2500,0,0,2500,0,2500,0
20230101T000013.800000,3,1454,390.735,367.682,-31.2272,0,0,0,2500,0,0,2500,0,2500,0
20230101T000013.800000,3,1455,3605.3,4883.52,-233.814,0,0,0,2500,0,0,2500,0,2500,0
20230101T000013.900000,6,1560,5905.73,-6906.71,2517.31,0,0,0,80631.6,60225.3,-23775.7,61695.3,27805.6,132133,7.87641e+14
20230101T000013.900000,6,1561,6903.7,-4519.09,-297.136,0,0,0,32819.1,49823.5,3280.21,76319.2,-2147.19,108933,6.12276e+15
20230101T000013.900000,6,1562,10874.8,-3408.4,-2544.77,0,0,0,28077.6,56330.4,44265.1,190149,-13873.7,207807,7.70846e+14
20230101T000013.900000,6,1563,962.619,-530.173,-29.9417,0,0,0,499.903,788.937,44.5897,1497.83,-24.5583,1932.4,1.11769e+20
20230101T000013.900000,6,1564,2111.57,402.786,-376.271,0,0,0,538.07,-1307.69,1260.56,7144.08,240.454,7395.43,5.71259e+14
20230101T000013.900000,6,1565,9085.22,1104.02,-2202.32,0,0,0,9657.19,-15111.9,31999.2,132180,3888.49,134020,8.4443e+14
20230101T000013.900000,6,1566,5021.31,-524.16,-25.2767,0,0,0,503.909,4204.44,202.757,40342.4,-21.1652,40781.3,1.2694e+15
20230101T000013.900000,6,1567,2012.58,861.615,-202.535,0,0,0,1296.9,-2727.8,646.792,6500.76,276.901,7669.12,5.60369e+14
20230101T000013.900000,6,1568,2284.77,2706.18,420.985,0,0,0,11861.8,-9721.95,-1534.13,8554.71,-1817.09,20070.7,4.41336e+14
20230101T000013.900000,6,1569,6439.28,8954.89,2017.34,0,0,0,130544,-89145.2,-20777.7,70675.9,-28894.8,194649,2.5376e+15
20230101T000013.900000,6,1570,100.814,92.5644,16.502,0,0,0,48.173,16.7131,2.94086,45.316,2.70022,30.8876,2.55379e+15
20230101T000013.900000,6,1571,306.127,379.134,-35.4172,0,0,0,255.905,-153.603,14.4406,189.696,17.8845,380.266,1.06784e+15
20230101T000013.900000,6,1572,5008.74,5845.21,294.047,0,0,0,54752,-46743.5,-2354.9,40256.6,-2748.17,94806.4,4.02938e+14
20230101T000013.900000,6,1573,5677.37,6870.87,-1041.02,0,0,0,76263.4,-61531.1,9451.73,52640,11438.7,127107,7.69911e+14
20230101T000013.900000,4,1454,313.361,379.938,-34.9971,-7.66081,1.21346,-0.373256,216.627,-162.701,13.8654,236.428,13.0474,389.536,0
20230101T000013.900000,3,1456,5905.73,-6906.71,2517.31,0,0,0,2500,0,0,2500,0,2500,0
20230101T000013.900000,3,1457,6903.7,-4519.09,-297.136,0,0,0,2500,0,0,2500,0,2500,0
20230101T000013.900000,3,1458,10874.8,-3408.4,-2544.77,0,0,0,2500,0,0,2500,0,2500,0
20230101T000013.900000,3,1459,962.619,-530.173,-29.9417,0,0,0,2500,0,0,2500,0,2500,0
20230101T000013.900000,3,1460,2111.57,402.786,-376.271,0,0,0,2500,0,0,2500,0,2500,0
20230101T000013.900000,3,1461,9085.22,1104.02,-2202.32,0,0,0,2500,0,0,2500,0,2500,0
20230101T000013.900000,3,1462,5021.31,-524.16,-25.2767,0,0,0,2500,0,0,2500,0,2500,0
20230101T000013.900000,3,1463,2012.58,861.615,-202.535,0,0,0,2500,0,0,2500,0,2500,0
20230101T000013.900000,3,1464,2284.77,2706.18,420.985,0,0,0,2500,0,0,2500,0,2500,0
20230101T000013.900000,3,1465,6439.28,8954.89,2017.34,0,0,0,2500,0,0,2500,0,2500,0
20230101T000013.900000,3,1466,100.814,92.5644,16.502,0,0,0,2500,0,0,2500,0,2500,0
20230101T000013.900000,3,1467,5008.74,5845.21,294.047,0,0,0,2500,0,0,2500,0,2500,0
20230101T000013.900000,3,1468,5677.37,6870.87,-1041.02,0,0,0,2500,0,0,2500,0,2500,0
20230101T000014,6,1574,2284.29,-2666.1,220.597,0,0,0,11432.9,9674.27,-803.647,8430.46,937.97,19722,1.00939e+15
20230101T000014,6,1575,852.402,-694.532,-33.4468,0,0,0,811.304,915.045,44.1083,1188.77,-35.9392,1934.4,1.58734e+20
20230101T000014,6,1576,11000.8,-3797.69,578.737,0,0,0,23611.8,66659.1,-10183.5,193692,3515.54,216704,2.64725e+15
20230101T000014,6,1577,8714.96,-5232.5,-1559.11,0,0,0,46711.2,71217.6,21731.9,122568,-13048,165329,3.9449e+15
20230101T000014,6,1578,12287.8,1393.2,516.861,0,0,0,3590.68,-27336,-10159.1,241591,-1151.84,244691,6.38482e+14
20230101T000014,6,1579,5514.86,407.5,1241.4,0,0,0,2778.63,-3410,-10940.2,48675.6,-808.386,48930.7,8.18383e+14
20230101T000014,6,1580,4969.61,313.915,350.342,0,0,0,416.703,-2479.69,-2781.23,39516.2,-175.682,39673.2,1.93957e+15
20230101T000014,6,1581,180.615,70.4143,24.7742,0,0,0,63.4488,1.2947,0.338594,60.6326,0.132004,61.1563,1.47311e+15
20230101T000014,6,1582,7318.99,4667.02,-33.699,0,0,0,34896.6,-54622.8,394.419,85727.3,251.505,120558,9.78909e+14
20230101T000014,6,1583,1065.9,1225.93,-115.255,0,0,0,2441.2,-2048.7,193.596,1866.21,222.661,4222.8,4.0302e+14
20230101T000014,6,1584,9089.07,7469.68,-1470.42,0,0,0,91376.3,-106900,21377.5,133598,17568.7,221453,9.32968e+14
20230101T000014,6,1585,8703.81,8652.46,984.42,0,0,0,120596,-119688,-13705.5,122012,-13624.6,240995,5.41077e+14
20230101T000014,6,1586,7539.43,5432.4,-854.261,0,0,0,48028,-64947.7,10300.3,91369.6,7421.7,138167,7.24437e+14
20230101T000014,4,1459,909,-628.763,-31.9329,-5.30876,-9.76134,-0.197154,303.244,435.869,24.6268,854.578,-13.5635,1094.33,0
20230101T000014,4,1466,175.735,93.2252,24.1862,7.41802,0.0654211,0.760806,47.1633,16.1088,2.83403,44.4096,2.60213,30.5083,0
20230101T000014,3,1469,2284.29,-2666.1,220.597,0,0,0,2500,0,0,2500,0,2500,0
20230101T000014,3,1470,11000.8,-3797.69,578.737,0,0,0,2500,0,0,2500,0,2500,0
20230101T000014,3,1471,8714.96,-5232.5,-1559.11,0,0,0,2500,0,0,2500,0,2500,0
20230101T000014,3,1472,12287.8,1393.2,516.861,0,0,0,2500,0,0,2500,0,2500,0
20230101T000014,3,1473,5514.86,407.5,1241.4,0,0,0,2500,0,0,2500,0,2500,0
20230101T000014,3,1474,4969.61,313.915,350.342,0,0,0,2500,0,0,2500,0,2500,0
20230101T000014,3,1475,7318.99,4667.02,-33.699,0,0,0,2500,0,0,2500,0,2500,0
20230101T000014,3,1476,1065.9,1225.93,-115.255,0,0,0,2500,0,0,2500,0,2500,0
20230101T000014,3,1477,9089.07,7469.68,-1470.42,0,0,0,2500,0,0,2500,0,2500,0
20230101T000014,3,1478,8703.81,8652.46,984.42,0,0,0,2500,0,0,2500,0,2500,0
20230101T000014,3,1479,7539.43,5432.4,-854.261,0,0,0,2500,0,0,2500,0,2500,0
20230101T000014.100000,6,1587,1210.88,-1597.17,247.035,0,0,0,4140.19,3017.03,-473.915,2448.02,625.1,6428.48,8.53336e+14
20230101T000014.100000,6,1588,5141.56,-5365.38,420.887,0,0,0,46225.9,43964.8,-3459.92,42478,3610.54,88356.9,9.3361e+15
20230101T000014.100000,6,1589,6237.41,-4833.81,1292.95,0,0,0,39095.2,46915.5,-12895.4,63275.5,9993.57,99635.3,6.51725e+14
20230101T000014.100000,6,1590,3123.01,-1113.86,-456.391,0,0,0,2336.47,5440.42,2272.36,15649.8,-810.463,17591.4,3.83019e+15
20230101T000014.100000,6,1591,8159.13,-2156.11,304.718,0,0,0,7636.73,28094.7,-3975.74,106528,1050.62,113952,2.47991e+15
20230101T000014.100000,6,1592,5580.08,-2473.9,-490.029,0,0,0,10166.5,21921.4,4370.38,49893.3,-1937.58,59612.4,3.743e+14
20230101T000014.100000,6,1593,4310.64,204.758,378.574,0,0,0,359.243,-1398.34,-2605.47,29731.2,-123.761,29798.1,5.50329e+14
20230101T000014.100000,6,1594,6126.5,157.919,-860.639,0,0,0,1286.95,-1515.85,8427.52,60055.3,217.231,60095.6,6.47222e+14
20230101T000014.100000,6,1595,10022.7,3590.02,319.33,0,0,0,20822.5,-57498.6,-5119.06,160753,-1833.59,181348,3.89233e+14
20230101T000014.100000,6,1596,2880.95,1272.72,-113.495,0,0,0,2662.43,-5835.37,521.051,13293.6,230.186,15871.5,2.50051e+15
20230101T000014.100000,6,1597,3510.16,3043.98,-185.408,0,0,0,14893.2,-17037,1039.37,19765,901.334,34539.4,1.74292e+15
20230101T000014.100000,6,1598,705.026,831.596,146.357,0,0,0,1147.11,-890.16,-159.639,851.815,-188.298,1902.92,1.26515e+21
20230101T000014.100000,6,1599,3691.12,4993.28,1258.21,0,0,0,40809.3,-28249.1,-7423.33,23476.7,-10042.2,61694.1,1.06296e+16
20230101T000014.100000,6,1600,6459.3,6069.34,-1645.01,0,0,0,61271.4,-60534.4,16992.7,68815.4,15966.8,125697,2.6528e+15
20230101T000014.100000,3,1480,1210.88,-1597.17,247.035,0,0,0,2500,0,0,2500,0,2500,0
20230101T000014.100000,3,1481,5141.56,-5365.38,420.887,0,0,0,2500,0,0,2500,0,2500,0
20230101T000014.100000,3,1482,6237.41,-4833.81,1292.95,0,0,0,2500,0,0,2500,0,2500,0
20230101T000014.100000,3,1483,3123.01,-1113.86,-456.391,0,0,0,2500,0,0,2500,0,2500,0
20230101T000014.100000,3,1484,8159.13,-2156.11,304.718,0,0,0,2500,0,0,2500,0,2500,0
20230101T000014.100000,3,1485,5580.08,-2473.9,-490.029,0,0,0,2500,0,0,2500,0,2500,0
20230101T000014.100000,3,1486,4310.64,204.758,378.574,0,0,0,2500,0,0,2500,0,2500,0
20230101T000014.100000,3,1487,6126.5,157.919,-860.638,0,0,0,2500,0,0,2500,0,2500,0
20230101T000014.100000,3,1488,10022.7,3590.02,319.33,0,0,0,2500,0,0,2500,0,2500,0
20230101T000014.100000,3,1489,2880.95,1272.72,-113.495,0,0,0,2500,0,0,2500,0,2500,0
20230101T000014.100000,3,1490,3510.16,3043.98,-185.408,0,0,0,2500,0,0,2500,0,2500,0
20230101T000014.100000,3,1491,705.026,831.596,146.357,0,0,0,2500,0,0,2500,0,2500,0
20230101T000014.100000,3,1492,3691.12,4993.28,1258.21,0,0,0,2500,0,0,2500,0,2500,0
20230101T000014.100000,3,1493,6459.3,6069.34,-1645.01,0,0,0,2500,0,0,2500,0,2500,0
20230101T000014.200000,6,1601,6554.21,-7264.04,2624.99,0,0,0,89400.5,70663,-27516.8,74842.5,30496.9,153163,7.136e+14
20230101T000014.200000,6,1602,3497.11,-3592.95,-527.083,0,0,0,20901.9,19850.1,2944.59,19828.5,-3025.28,40223.2,8.31677e+15
20230101T000014.200000,6,1603,8925.76,-5833.64,2237.77,0,0,0,60107.2,79614.1,-31947.3,129887,20879.9,181924,1.26276e+15
20230101T000014.200000,6,1604,7502.93,340.586,969.634,0,0,0,1749.63,-4017.63,-11632,90073.5,-528.021,90256.9,8.35639e+14
20230101T000014.200000,6,1605,3903.81,910.05,-430.313,0,0,0,1666.12,-5604.77,2681.16,24402.1,625.028,25709.4,2.33131e+15
20230101T000014.200000,6,1606,10204.9,3458.41,2627.63,0,0,0,29100.2,-53091.9,-42889.5,167768,-14535.1,185764,4.62287e+14
20230101T000014.200000,6,1607,5572.34,2013.84,953.825,0,0,0,7831.55,-17469.6,-8494.61,49856.9,-3069.95,56172,2.12151e+15
20230101T000014.200000,6,1608,838.382,694.167,159.211,0,0,0,832.224,-880.461,-206.508,1166.6,-170.986,1896.94,5.64976e+21
20230101T000014.200000,4,1491,787.9,760.093,153.64,8.20538,-7.07959,0.721112,664.882,-495.258,-88.1235,500.59,-103.944,1077.53,0
20230101T000014.200000,3,1494,6554.21,-7264.04,2624.98,0,0,0,2500,0,0,2500,0,2500,0
20230101T000014.200000,3,1495,3497.11,-3592.95,-527.083,0,0,0,2500,0,0,2500,0,2500,0
20230101T000014.200000,3,1496,8925.76,-5833.64,2237.77,0,0,0,2500,0,0,2500,0,2500,0
20230101T000014.200000,3,1497,7502.93,340.586,969.634,0,0,0,2500,0,0,2500,0,2500,0
20230101T000014.200000,3,1498,3903.81,910.05,-430.313,0,0,0,2500,0,0,2500,0,2500,0
20230101T000014.200000,3,1499,10204.9,3458.41,2627.63,0,0,0,2500,0,0,2500,0,2500,0
20230101T000014.200000,3,1500,5572.34,2013.84,953.825,0,0,0,2500,0,0,2500,0,2500,0
20230101T000014.300000,6,1609,10269.9,-2094.26,-697.931,0,0,0,7826.92,34247.5,11464.1,168787,-2337.79,175771,4.10676e+14
20230101T000014.300000,6,1610,2893.32,354.798,33.8512,0,0,0,266.26,-1634.52,-155.97,13395.1,-19.1261,13595.5,6.31228e+14
20230101T000014.300000,6,1611,3340.4,1151.17,-78.2275,0,0,0,2186.24,-6129.87,416.758,17861,143.624,19973.6,6.07941e+14
20230101T000014.300000,6,1612,4129.52,1602.07,-379.03,0,0,0,4361.63,-10486.3,2499.27,27323.1,969.607,31391.8,6.72589e+15
20230101T000014.300000,6,1613,944.17,539.806,163.814,0,0,0,545.747,-770.005,-239.286,1452.33,-136.806,1893.98,4.58057e+21
20230101T000014.300000,6,1614,6594.08,4462.2,-172.682,0,0,0,31934.5,-47026.7,1820.74,69606,1232.09,101429,7.31633e+14
20230101T000014.300000,6,1615,4566.23,3538.55,-391.231,0,0,0,20227,-25703.1,2854.91,33476.5,2212.38,53395.1,3.78791e+15
20230101T000014.300000,6,1616,5712.86,3953.44,305.281,0,0,0,25151.6,-36037.1,-2788.14,52287.9,-1929.46,77226.6,4.85531e+14
20230101T000014.300000,3,1501,10269.9,-2094.26,-697.931,0,0,0,2500,0,0,2500,0,2500,0
20230101T000014.300000,3,1502,2893.32,354.798,33.8512,0,0,0,2500,0,0,2500,0,2500,0
20230101T000014.300000,3,1503,3340.4,1151.17,-78.2275,0,0,0,2500,0,0,2500,0,2500,0
20230101T000014.300000,3,1504,4129.52,1602.07,-379.03,0,0,0,2500,0,0,2500,0,2500,0
20230101T000014.300000,3,1505,944.17,539.806,163.814,0,0,0,2500,0,0,2500,0,2500,0
20230101T000014.300000,3,1506,6594.08,4462.2,-172.682,0,0,0,2500,0,0,2500,0,2500,0
20230101T000014.300000,3,1507,4566.23,3538.55,-391.231,0,0,0,2500,0,0,2500,0,2500,0
20230101T000014.300000,3,1508,5712.86,3953.44,305.281,0,0,0,2500,0,0,2500,0,2500,0
20230101T000014.400000,6,1617,2743.82,-297.489,-434.245,0,0,0,501.533,1266.98,1896.62,12049.9,-205.634,12188.8,3.92002e+15
20230101T000014.400000,6,1618,8448.06,909.988,-272.218,0,0,0,1505.33,-12280.8,3677.51,114194,396.125,115516,5.96306e+14
20230101T000014.400000,6,1619,5231.96,377.917,-394.115,0,0,0,539.057,-3141.16,3294.42,43799,237.964,44026.3,7.73238e+14
20230101T000014.400000,6,1620,9765.62,6079.75,215.074,0,0,0,59240.8,-94934,-3359.51,152626,-2091.52,211729,2.79913e+15
20230101T000014.400000,6,1621,1022.32,377.999,148.037,0,0,0,314.743,-586.452,-234.141,1684,-86.5726,1902,5.45901e+21
20230101T000014.400000,6,1622,4188.28,2212.91,419.817,0,0,0,8105.25,-14686.5,-2808.32,28142,-1483.8,35902.3,7.85058e+14
20230101T000014.400000,6,1623,5523.22,3582.73,403.72,0,0,0,20766,-31513,-3564.45,48905.6,-2312.14,69347.3,1.06728e+15
20230101T000014.400000,6,1624,469.87,350.274,16.5324,0,0,0,237.694,-232.481,-10.9827,376.245,-8.18724,549.603,3.38717e+15
20230101T000014.400000,6,1625,3152.32,4542.6,850.768,0,0,0,33413.1,-22339.8,-4285.54,16723.2,-6175.61,48917.2,6.24406e+15
20230101T000014.400000,4,1505,996.412,451.368,154.9,5.1724,-8.7562,-0.882527,330.802,-429.338,-132.107,836.29,-75.5288,1072.73,0
20230101T000014.400000,3,1509,2743.82,-297.489,-434.246,0,0,0,2500,0,0,2500,0,2500,0
20230101T000014.400000,3,1510,8448.06,909.988,-272.218,0,0,0,2500,0,0,2500,0,2500,0
20230101T000014.400000,3,1511,5231.96,377.917,-394.115,0,0,0,2500,0,0,2500,0,2500,0
20230101T000014.400000,3,1512,9765.62,6079.75,215.074,0,0,0,2500,0,0,2500,0,2500,0
20230101T000014.400000,3,1513,4188.28,2212.91,419.817,0,0,0,2500,0,0,2500,0,2500,0
20230101T000014.400000,3,1514,5523.22,3582.73,403.72,0,0,0,2500,0,0,2500,0,2500,0
20230101T000014.400000,3,1515,469.87,350.274,16.5324,0,0,0,2500,0,0,2500,0,2500,0
20230101T000014.400000,3,1516,3152.32,4542.6,850.768,0,0,0,2500,0,0,2500,0,2500,0
20230101T000014.500000,6,1626,2384.24,-2320.9,-274.311,0,0,0,8712.99,8761.79,1042.68,9184.88,-1014.98,17714.3,4.2836e+14
20230101T000014.500000,6,1627,6782.96,-8406.99,-504.4,0,0,0,113270,91008.6,5472.25,73898.9,-6782.45,186698,5.77752e+14
20230101T000014.500000,6,1628,4159.06,-4371.05,17.4425,0,0,0,30600.4,29055,-115.943,27710.3,121.853,58246.2,1.01357e+15
20230101T000014.500000,6,1629,192.035,-66.197,-21.3316,0,0,0,64.2407,0.611592,0.269366,65.8041,-0.0928542,66.7131,2.224e+15
20230101T000014.500000,6,1630,7686.42,-1876.17,214.4,0,0,0,5761.8,23042,-2635.06,94537.5,643.19,100162,4.53423e+14
20230101T000014.500000,6,1631,4993.34,-1968.07,412.721,0,0,0,6488.25,15608.9,-3292.82,39938.7,1297.83,46091.1,8.69354e+15
20230101T000014.500000,6,1632,5949.05,-1887.08,814.067,0,0,0,6718.29,17638.4,-7740.86,56728.6,2455.45,62324.7,3.86678e+15
20230101T000014.500000,6,1633,10105.8,366.842,-425.141,0,0,0,567.931,-5918.76,6871.54,163404,249.438,163619,4.21771e+15
20230101T000014.500000,6,1634,1073.1,187.687,153.313,0,0,0,153.748,-305.22,-254.533,1845.46,-44.5181,1900.09,1.54215e+21
20230101T000014.500000,6,1635,6926.93,-833.703,374.883,0,0,0,1396.65,9205.76,-4151.46,76776,499.656,77884.1,4.04026e+15
20230101T000014.500000,6,1636,8764.88,3862.01,852.724,0,0,0,24891.6,-53707.3,-11953.3,123116,-5266.88,146782,4.34337e+15
20230101T000014.500000,6,1637,5669.91,4751.02,1902.88,0,0,0,39554.4,-40219,-17250.8,53851.2,-14455,87556.1,9.45188e+14
20230101T000014.500000,3,1517,2384.24,-2320.9,-274.311,0,0,0,2500,0,0,2500,0,2500,0
20230101T000014.500000,3,1518,6782.96,-8406.99,-504.4,0,0,0,2500,0,0,2500,0,2500,0
20230101T000014.500000,3,1519,4159.06,-4371.05,17.4425,0,0,0,2500,0,0,2500,0,2500,0
20230101T000014.500000,3,1520,192.035,-66.197,-21.3316,0,0,0,2500,0,0,2500,0,2500,0
20230101T000014.500000,3,1521,7686.42,-1876.17,214.4,0,0,0,2500,0,0,2500,0,2500,0
20230101T000014.500000,3,1522,4993.34,-1968.07,412.721,0,0,0,2500,0,0,2500,0,2500,0
20230101T000014.500000,3,1523,5949.05,-1887.08,814.067,0,0,0,2500,0,0,2500,0,2500,0
20230101T000014.500000,3,1524,10105.8,366.842,-425.141,0,0,0,2500,0,0,2500,0,2500,0
20230101T000014.500000,3,1525,1073.1,187.687,153.313,0,0,0,2500,0,0,2500,0,2500,0
20230101T000014.500000,3,1526,6926.93,-833.703,374.883,0,0,0,2500,0,0,2500,0,2500,0
20230101T000014.500000,3,1527,8764.88,3862.01,852.724,0,0,0,2500,0,0,2500,0,2500,0
20230101T000014.500000,3,1528,5669.91,4751.02,1902.88,0,0,0,2500,0,0,2500,0,2500,0
20230101T000014.600000,6,1638,3530.28,-2748.95,-791.489,0,0,0,12753.4,15011.3,4462.02,20342.4,-3474.47,32033.3,1.08928e+15
20230101T000014.600000,6,1639,4337.96,-6319.04,-302.436,0,0,0,63955.8,43760.7,2097.7,30251.5,-3055.69,93997.2,5.35567e+14
20230101T000014.600000,6,1640,5425.91,-6855.99,570.278,0,0,0,75432.2,59235.7,-4948.26,47463.9,6252.44,122312,6.03213e+14
20230101T000014.600000,6,1641,5311.7,-4537.44,-834.513,0,0,0,33622.1,37981,7086.56,45639.3,-6053.59,78084.9,7.11597e+14
20230101T000014.600000,6,1642,2919.86,-3916.39,-1102.02,0,0,0,25256.9,17336.2,5140.16,14929,-6894.47,38185,4.56964e+15
20230101T000014.600000,6,1643,11292.1,-1944.16,1883.01,0,0,0,11618,34166.6,-34010.9,204183,5855.65,210067,7.67613e+14
20230101T000014.600000,6,1644,1089.51,-0.259267,148.283,0,0,0,98.0167,0.428634,-249.938,1899.26,0.0594767,1900.42,2.13414e+21
20230101T000014.600000,6,1645,7748.82,468.003,-1316.18,0,0,0,3174.1,-5631.81,16307.7,96081.1,984.928,96423.1,3.45293e+15
20230101T000014.600000,6,1646,9095.26,-640.531,-583.536,0,0,0,1262,9278.62,8487.78,132361,-597.749,133015,9.2629e+14
20230101T000014.600000,6,1647,1963.86,570.135,-170.414,0,0,0,621.557,-1762.01,530.384,6179.36,153.977,6691.33,4.60305e+14
20230101T000014.600000,6,1648,3748.17,1817.37,-182.117,0,0,0,5379.23,-10853,1089.65,22500.3,528.339,27762.7,5.31541e+15
20230101T000014.600000,6,1649,8855.76,5235.3,665.725,0,0,0,44426.1,-73841.6,-9429.25,125679,-5574.33,169333,3.78794e+14
20230101T000014.600000,6,1650,9198.68,5733.31,-393.152,0,0,0,52817.4,-84242.4,5784.4,135472,3605.27,187978,5.61814e+15
20230101T000014.600000,6,1651,7380.79,2741.14,24.4345,0,0,0,12079.2,-32349.7,-288.367,87169.6,-107.096,99183.9,3.23928e+15
20230101T000014.600000,6,1652,4874.55,3663.41,-1057.29,0,0,0,22655.6,-27683.1,8237.51,38686,6190.8,59492.8,1.21559e+15
20230101T000014.600000,6,1653,6560.71,7257.29,-1229.76,0,0,0,85385.8,-74945.8,12903.7,70234.9,14273.7,153139,1.92659e+15
20230101T000014.600000,6,1654,4353.73,3652.46,534.595,0,0,0,21650.4,-25186.5,-3719.4,30543,-3120.31,51673.2,3.13033e+15
20230101T000014.600000,4,1525,1091.52,81.4604,150.433,1.82353,-10.5175,-0.285144,112.212,-169.933,-140.494,1054.08,-24.5726,1075.88,0
20230101T000014.600000,3,1529,3530.28,-2748.95,-791.489,0,0,0,2500,0,0,2500,0,2500,0
20230101T000014.600000,3,1530,4337.96,-6319.04,-302.436,0,0,0,2500,0,0,2500,0,2500,0
20230101T000014.600000,3,1531,5425.91,-6855.98,570.278,0,0,0,2500,0,0,2500,0,2500,0
20230101T000014.600000,3,1532,5311.7,-4537.44,-834.513,0,0,0,2500,0,0,2500,0,2500,0
20230101T000014.600000,3,1533,2919.86,-3916.39,-1102.02,0,0,0,2500,0,0,2500,0,2500,0
20230101T000014.600000,3,1534,11292.1,-1944.16,1883.01,0,0,0,2500,0,0,2500,0,2500,0
20230101T000014.600000,3,1535,7748.82,468.003,-1316.18,0,0,0,2500,0,0,2500,0,2500,0
20230101T000014.600000,3,1536,9095.26,-640.531,-583.536,0,0,0,2500,0,0,2500,0,2500,0
20230101T000014.600000,3,1537,1963.86,570.135,-170.414,0,0,0,2500,0,0,2500,0,2500,0
20230101T000014.600000,3,1538,3748.17,1817.37,-182.117,0,0,0,2500,0,0,2500,0,2500,0
20230101T000014.600000,3,1539,8855.76,5235.3,665.725,0,0,0,2500,0,0,2500,0,2500,0
20230101T000014.600000,3,1540,9198.68,5733.31,-393.152,0,0,0,2500,0,0,2500,0,2500,0
20230101T000014.600000,3,1541,7380.79,2741.14,24.4345,0,0,0,2500,0,0,2500,0,2500,0
20230101T000014.600000,3,1542,4874.55,3663.41,-1057.29,0,0,0,2500,0,0,2500,0,2500,0
20230101T000014.600000,3,1543,6560.71,7257.29,-1229.76,0,0,0,2500,0,0,2500,0,2500,0
20230101T000014.600000,3,1544,4353.73,3652.46,534.595,0,0,0,2500,0,0,2500,0,2500,0
20230101T000014.700000,6,1655,6228.14,-8573.4,677.472,0,0,0,117881,85054.5,-6748.62,62585.9,9289.88,179669,6.42622e+14
20230101T000014.700000,6,1656,1074.56,-186.793,137.612,0,0,0,146.387,305.409,-228.764,1850.21,39.7668,1904.3,2.2701e+21
20230101T000014.700000,6,1657,2884.09,875.499,-369.893,0,0,0,1484.57,-3961.66,1699.48,13332.6,515.898,14536.1,7.58846e+15
20230101T000014.700000,6,1658,6328.58,4321.51,-1170.14,0,0,0,31417.4,-42709,11840.7,64798,8085.48,93963.5,9.76701e+14
20230101T000014.700000,6,1659,5319.2,3200.28,410.146,0,0,0,16631.3,-27089.6,-3487.04,45358.7,-2097.96,61657.4,5.08819e+14
20230101T000014.700000,6,1660,9780.11,6938.63,-2323.51,0,0,0,82818.3,-104471,36349,155953,25788.3,230074,6.85071e+14
20230101T000014.700000,6,1661,128.11,115.07,-1.38623,0,0,0,56.6072,8.2294,-0.0991202,54.8369,-0.0890305,47.4493,1.58207e+15
20230101T000014.700000,3,1545,6228.14,-8573.4,677.472,0,0,0,2500,0,0,2500,0,2500,0
20230101T000014.700000,3,1546,1074.56,-186.793,137.612,0,0,0,2500,0,0,2500,0,2500,0
20230101T000014.700000,3,1547,2884.09,875.499,-369.893,0,0,0,2500,0,0,2500,0,2500,0
20230101T000014.700000,3,1548,6328.58,4321.51,-1170.14,0,0,0,2500,0,0,2500,0,2500,0
20230101T000014.700000,3,1549,5319.2,3200.28,410.146,0,0,0,2500,0,0,2500,0,2500,0
20230101T000014.700000,3,1550,9780.11,6938.63,-2323.51,0,0,0,2500,0,0,2500,0,2500,0
20230101T000014.700000,3,1551,128.11,115.07,-1.38623,0,0,0,2500,0,0,2500,0,2500,0
20230101T000014.800000,6,1662,3759.82,-4409.66,564.876,0,0,0,31353.7,26243.8,-3394.12,22950.3,3980.75,53730.7,2.26473e+15
20230101T000014.800000,6,1663,5392.6,-7712.57,-707.145,0,0,0,95457.7,66139.7,6098.62,47108.4,-8722.33,141703,2.8103e+15
20230101T000014.800000,6,1664,3648.39,-1555.67,-245.115,0,0,0,4007.47,9023.42,1427.21,21321.8,-608.563,25169.6,4.10951e+14
20230101T000014.800000,6,1665,1027.75,-361.108,150.2,0,0,0,296.673,562.877,-238.819,1700.91,83.9109,1899.88,8.87002e+20
20230101T000014.800000,6,1666,7650.84,-2133.13,-1281.01,0,0,0,9774.43,25417,15671.5,93850.3,-4369.37,100938,7.54928e+14
20230101T000014.800000,6,1667,8242.66,-1844.52,1815.02,0,0,0,10521.4,23189.7,-23924.1,108961,5353.66,114153,3.23718e+15
20230101T000014.800000,6,1668,3875.3,-39.8187,361.721,0,0,0,275.302,244.093,-2236.92,24028.8,22.9843,24031.9,4.25143e+14
20230101T000014.800000,6,1669,9848.58,1691.08,1661.43,0,0,0,8926.18,-25900.5,-26170.2,155319,-4493.63,159768,9.50812e+14
20230101T000014.800000,6,1670,5253.09,3243.25,998.323,0,0,0,18029.6,-26518.6,-8382.27,44609.2,-5175.2,60983.4,4.3565e+14
20230101T000014.800000,6,1671,8519.94,7412.51,459.524,0,0,0,88141.2,-100848,-6262.23,116316,-5448.26,204056,6.42375e+14
20230101T000014.800000,6,1672,8343.51,6029.88,-1215.8,0,0,0,59770.2,-79343.8,16224.4,112216,11725.4,169559,2.37084e+15
20230101T000014.800000,6,1673,7777.15,9327.35,-845.911,0,0,0,139695,-115470,10523.2,97487.4,12620.8,235974,4.12445e+15
20230101T000014.800000,6,1674,7002.6,9962.8,-1447.76,0,0,0,159942,-110017,16216.6,80745.1,23071.8,237271,6.30227e+14
20230101T000014.800000,4,1546,1056.34,-288.264,144.761,-1.8039,-10.0466,0.707824,108.126,169.857,-126.351,1055.73,21.9641,1078.86,0
20230101T000014.800000,4,1549,5343.62,3218.24,435.185,2.41739,1.77852,2.47911,698.05,-1039.41,-133.234,1800.3,-80.1598,2415.81,0
20230101T000014.800000,3,1552,3759.82,-4409.66,564.876,0,0,0,2500,0,0,2500,0,2500,0
20230101T000014.800000,3,1553,5392.6,-7712.57,-707.145,0,0,0,2500,0,0,2500,0,2500,0
20230101T000014.800000,3,1554,3648.39,-1555.67,-245.115,0,0,0,2500,0,0,2500,0,2500,0
20230101T000014.800000,3,1555,7650.84,-2133.13,-1281.01,0,0,0,2500,0,0,2500,0,2500,0
20230101T000014.800000,3,1556,8242.66,-1844.52,1815.02,0,0,0,2500,0,0,2500,0,2500,0
20230101T000014.800000,3,1557,3875.3,-39.8187,361.721,0,0,0,2500,0,0,2500,0,2500,0
20230101T000014.800000,3,1558,9848.58,1691.08,1661.43,0,0,0,2500,0,0,2500,0,2500,0
20230101T000014.800000,3,1559,8519.94,7412.51,459.524,0,0,0,2500,0,0,2500,0,2500,0
20230101T000014.800000,3,1560,8343.51,6029.88,-1215.8,0,0,0,2500,0,0,2500,0,2500,0
20230101T000014.800000,3,1561,7777.15,9327.35,-845.911,0,0,0,2500,0,0,2500,0,2500,0
20230101T000014.800000,3,1562,7002.6,9962.8,-1447.76,0,0,0,2500,0,0,2500,0,2500,0
20230101T000014.900000,6,1675,7627.66,-8152.86,-1200.9,0,0,0,107457,98316.8,14651.5,94354,-15660.3,199441,1.88401e+15
20230101T000014.900000,6,1676,11306.2,-3523.28,387.977,0,0,0,20139.3,63649.1,-7016.47,204554,2186.5,224389,2.46459e+15
20230101T000014.900000,6,1677,4310.95,-2366.76,-67.2391,0,0,0,9017.17,16294.7,463.016,29751.4,-254.201,38697.3,5.13411e+14
20230101T000014.900000,6,1678,6280.68,-2986.85,-1657.67,0,0,0,17909.1,28286.4,16645.1,63937.2,-7915.74,77392.5,7.64716e+14
20230101T000014.900000,6,1679,954.855,-521.308,162.219,0,0,0,515.487,752.397,-239.639,1482.84,130.832,1895.01,1.04106e+19
20230101T000014.900000,6,1680,8187.6,1059.1,139.878,0,0,0,1888.41,-13862.2,-1831.35,107260,-236.892,109053,6.84936e+14
20230101T000014.900000,6,1681,7295.35,4680.62,-311.785,0,0,0,35208.5,-54535,3637.39,85219.3,2333.71,120208,4.09909e+15
20230101T000014.900000,6,1682,1376.68,1867.24,55.787,0,0,0,5602.84,-4080.04,-121.969,3077.08,-165.431,8611.01,2.27127e+15
20230101T000014.900000,6,1683,8676.28,8822.43,-1139.12,0,0,0,125588,-121404,15809.3,121532,16075.6,244981,6.38565e+14
20230101T000014.900000,3,1563,7627.66,-8152.86,-1200.9,0,0,0,2500,0,0,2500,0,2500,0
20230101T000014.900000,3,1564,11306.2,-3523.27,387.977,0,0,0,2500,0,0,2500,0,2500,0
20230101T000014.900000,3,1565,4310.95,-2366.75,-67.2391,0,0,0,2500,0,0,2500,0,2500,0
20230101T000014.900000,3,1566,6280.68,-2986.85,-1657.67,0,0,0,2500,0,0,2500,0,2500,0
20230101T000014.900000,3,1567,954.855,-521.308,162.219,0,0,0,2500,0,0,2500,0,2500,0
20230101T000014.900000,3,1568,8187.6,1059.1,139.878,0,0,0,2500,0,0,2500,0,2500,0
20230101T000014.900000,3,1569,7295.35,4680.62,-311.785,0,0,0,2500,0,0,2500,0,2500,0
20230101T000014.900000,3,1570,1376.68,1867.24,55.787,0,0,0,2500,0,0,2500,0,2500,0
20230101T000014.900000,3,1571,8676.28,8822.43,-1139.12,0,0,0,2500,0,0,2500,0,2500,0
20230101T000015,6,1684,846.38,-685.583,155.031,0,0,0,813.135,878.932,-203.006,1186.26,164.439,1899.48,3.60927e+20
20230101T000015,6,1685,2034.9,-972.922,192.875,0,0,0,1614.68,3119.78,-623.066,6648.17,297.9,8140.26,9.88138e+14
20230101T000015,6,1686,7378.46,-3704.91,-99.3347,0,0,0,22025.9,43706.5,1172.01,87122.8,-588.497,109069,7.79686e+14
20230101T000015,6,1687,3553.22,-94.919,-565.558,0,0,0,588.194,524.302,3205.35,20201,-85.6262,20216.6,5.34425e+14
20230101T000015,6,1688,9828.57,1534.73,-1635.92,0,0,0,8009.51,-23472.6,25715.8,154665,4015.53,158332,7.62787e+15
20230101T000015,6,1689,3580.63,1041.83,52.539,0,0,0,1799.73,-5950.32,-300.131,20518.8,-87.327,22250.2,3.16944e+14
20230101T000015,6,1690,1642.08,504.03,-172.302,0,0,0,507.791,-1293.15,446.618,4323.83,137.088,4721.39,6.07332e+14
20230101T000015,6,1691,7146.13,3889.55,1021.32,0,0,0,25542,-43745.2,-11670.7,82103.4,-6352.2,105914,2.947e+15
20230101T000015,6,1692,1760.28,2167.16,-320.437,0,0,0,7604.95,-5992.39,897.925,5094.79,1105.47,12473.1,8.78411e+15
20230101T000015,6,1693,4079.23,5127.33,-1446.41,0,0,0,43384.4,-31804.3,9432.03,28711.5,11855.5,68690.4,8.20428e+14
20230101T000015,4,1567,901.672,-620.534,158.169,-5.26567,-9.82441,-0.400963,313.875,419.416,-132.295,853.117,72.2272,1073.24,0
20230101T000015,3,1572,2034.9,-972.922,192.875,0,0,0,2500,0,0,2500,0,2500,0
20230101T000015,3,1573,7378.46,-3704.91,-99.3347,0,0,0,2500,0,0,2500,0,2500,0
20230101T000015,3,1574,3553.22,-94.919,-565.557,0,0,0,2500,0,0,2500,0,2500,0
20230101T000015,3,1575,9828.57,1534.73,-1635.92,0,0,0,2500,0,0,2500,0,2500,0
20230101T000015,3,1576,3580.63,1041.83,52.539,0,0,0,2500,0,0,2500,0,2500,0
20230101T000015,3,1577,1642.08,504.03,-172.302,0,0,0,2500,0,0,2500,0,2500,0
20230101T000015,3,1578,7146.13,3889.55,1021.32,0,0,0,2500,0,0,2500,0,2500,0
20230101T000015,3,1579,1760.28,2167.16,-320.437,0,0,0,2500,0,0,2500,0,2500,0
20230101T000015,3,1580,4079.23,5127.33,-1446.41,0,0,0,2500,0,0,2500,0,2500,0
20230101T000015.100000,6,1694,4751.35,-3913.43,-781.854,0,0,0,25124.2,29239.6,5937.6,36541.3,-4890.49,60625.4,5.27859e+14
20230101T000015.100000,6,1695,4346.84,-3478.1,-174.801,0,0,0,19424.3,24135,1214.16,30276.1,-971.505,49587.6,5.18725e+14
20230101T000015.100000,6,1696,3185.71,-1378.9,310.67,0,0,0,3225.73,6949.01,-1578.31,16272.4,683.158,19280.7,8.71633e+14
20230101T000015.100000,6,1697,2485.26,-1251.17,-442.988,0,0,0,2804.96,4823.99,1752.63,9958.54,-882.334,12388.7,1.41289e+15
20230101T000015.100000,6,1698,9960.86,-1172.81,934.474,0,0,0,3641.45,18521.9,-14887.2,158770,1752.85,160951,1.83659e+15
20230101T000015.100000,6,1699,5919.14,1106.77,-665.49,0,0,0,2705.66,-10342.4,6295.74,56084.1,1177.19,58018.7,5.98021e+14
20230101T000015.100000,6,1700,5996.59,1238.45,-69.0617,0,0,0,2522.7,-11868.2,661.909,57537.5,136.701,59988.6,7.91903e+14
20230101T000015.100000,6,1701,9316.88,992.855,-1769.74,0,0,0,6593.22,-14266,26369.9,138944,2810.12,140466,1.96773e+15
20230101T000015.100000,6,1702,9538.89,5353.7,2501.87,0,0,0,53521.5,-77409,-38171.9,147998,-21424,191447,8.32591e+14
20230101T000015.100000,6,1703,7207.92,4511.75,-481.028,0,0,0,32881.3,-51837.4,5544.48,83248.9,3470.53,115696,4.29952e+15
20230101T000015.100000,6,1704,7008.4,3715.75,-328.34,0,0,0,22275.4,-41568.6,3679.49,78640.2,1950.81,100679,1.50365e+15
20230101T000015.100000,6,1705,6930.78,2724.84,219.297,0,0,0,12001.7,-30168.5,-2430.09,76876,-955.392,88736.8,3.1031e+15
20230101T000015.100000,6,1706,833.073,959.669,-273.336,0,0,0,1551.2,-1189.7,355.709,1213.47,409.764,2586.79,1.06149e+21
20230101T000015.100000,6,1707,8087.68,6827.48,190.014,0,0,0,74654.3,-88289.5,-2457.96,104707,-2074.97,179240,4.12089e+14
20230101T000015.100000,6,1708,5709.6,3842.07,311.196,0,0,0,23769,-34997.4,-2840.5,52227.5,-1911.41,75777.9,7.16372e+14
20230101T000015.100000,3,1581,4751.35,-3913.43,-781.854,0,0,0,2500,0,0,2500,0,2500,0
20230101T000015.100000,3,1582,4346.84,-3478.1,-174.801,0,0,0,2500,0,0,2500,0,2500,0
20230101T000015.100000,3,1583,3185.71,-1378.9,310.67,0,0,0,2500,0,0,2500,0,2500,0
20230101T000015.100000,3,1584,2485.26,-1251.17,-442.988,0,0,0,2500,0,0,2500,0,2500,0
20230101T000015.100000,3,1585,9960.86,-1172.81,934.474,0,0,0,2500,0,0,2500,0,2500,0
20230101T000015.100000,3,1586,5919.14,1106.77,-665.49,0,0,0,2500,0,0,2500,0,2500,0
20230101T000015.100000,3,1587,5996.59,1238.45,-69.0617,0,0,0,2500,0,0,2500,0,2500,0
20230101T000015.100000,3,1588,9316.88,992.855,-1769.74,0,0,0,2500,0,0,2500,0,2500,0
20230101T000015.100000,3,1589,9538.89,5353.7,2501.87,0,0,0,2500,0,0,2500,0,2500,0
20230101T000015.100000,3,1590,7207.92,4511.75,-481.028,0,0,0,2500,0,0,2500,0,2500,0
20230101T000015.100000,3,1591,7008.4,3715.75,-328.34,0,0,0,2500,0,0,2500,0,2500,0
20230101T000015.100000,3,1592,6930.78,2724.84,219.297,0,0,0,2500,0,0,2500,0,2500,0
20230101T000015.100000,3,1593,833.073,959.669,-273.336,0,0,0,2500,0,0,2500,0,2500,0
20230101T000015.100000,3,1594,8087.68,6827.48,190.014,0,0,0,2500,0,0,2500,0,2500,0
20230101T000015.100000,3,1595,5709.6,3842.07,311.196,0,0,0,2500,0,0,2500,0,2500,0
20230101T000015.200000,6,1709,1912.77,-2464.39,213.694,0,0,0,9768.56,7475.85,-651.32,5939.25,839.153,15571.3,8.23518e+14
20230101T000015.200000,6,1710,9978.77,-4857.5,-1479.3,0,0,0,40634,76152.4,23611.1,160004,-11493.5,197075,4.83117e+15
20230101T000015.200000,6,1711,548.784,-349.934,27.5018,0,0,0,242.205,277.751,-21.8719,500.68,13.9467,677.903,7.87268e+14
20230101T000015.200000,6,1712,8936.18,-3571.08,1069.5,0,0,0,22036.8,50406.5,-15285,128029,6108.21,148174,4.39386e+15
20230101T000015.200000,6,1713,46.895,-10.0454,-9.33066,0,0,0,59.255,-11.9047,-11.0312,6.23019,2.36299,6.01425,7.94963e+14
20230101T000015.200000,6,1714,8554.82,-945.439,-379.948,0,0,0,1721.46,12908.7,5197.82,117099,-574.439,118526,3.94952e+14
20230101T000015.200000,6,1715,9017.36,1374.3,-370.618,0,0,0,3299.13,-19785.8,5344.63,130107,814.551,133122,2.25482e+15
20230101T000015.200000,6,1716,6831.76,1370.65,-910.258,0,0,0,4340.8,-14714.5,9941.81,74730.5,1994.62,77683.8,5.31134e+15
20230101T000015.200000,6,1717,982.863,814.373,-252.942,0,0,0,1158.34,-1200.12,388.374,1612.37,321.796,2609.17,9.61823e+19
20230101T000015.200000,6,1718,8360.49,8030.88,-1650.01,0,0,0,105490,-105220,22065.3,113957,21195.4,215030,7.21663e+14
20230101T000015.200000,6,1719,268.939,372.444,-60.9955,0,0,0,245.537,-127.589,21.3581,160.975,29.578,338.777,3.09513e+15
20230101T000015.200000,6,1720,5537.22,4793.46,1455.21,0,0,0,38735.7,-40760.9,-12883.2,50535.1,-11152.8,85823.4,2.6746e+15
20230101T000015.200000,4,1593,913.094,894.746,-263.654,7.92293,-6.42805,0.958602,778.715,-574.087,167.536,615.743,192.996,1250.63,0
20230101T000015.200000,3,1596,1912.77,-2464.39,213.694,0,0,0,2500,0,0,2500,0,2500,0
20230101T000015.200000,3,1597,9978.77,-4857.5,-1479.3,0,0,0,2500,0,0,2500,0,2500,0
20230101T000015.200000,3,1598,548.784,-349.934,27.5018,0,0,0,2500,0,0,2500,0,2500,0
20230101T000015.200000,3,1599,8936.18,-3571.08,1069.5,0,0,0,2500,0,0,2500,0,2500,0
20230101T000015.200000,3,1600,46.895,-10.0454,-9.33066,0,0,0,2500,0,0,2500,0,2500,0
20230101T000015.200000,3,1601,8554.82,-945.439,-379.948,0,0,0,2500,0,0,2500,0,2500,0
20230101T000015.200000,3,1602,9017.36,1374.3,-370.618,0,0,0,2500,0,0,2500,0,2500,0
20230101T000015.200000,3,1603,6831.76,1370.65,-910.258,0,0,0,2500,0,0,2500,0,2500,0
20230101T000015.200000,3,1604,8360.49,8030.88,-1650.01,0,0,0,2500,0,0,2500,0,2500,0
20230101T000015.200000,3,1605,268.939,372.444,-60.9955,0,0,0,2500,0,0,2500,0,2500,0
20230101T000015.200000,3,1606,5537.22,4793.47,1455.21,0,0,0,2500,0,0,2500,0,2500,0
20230101T000015.300000,6,1721,5397.06,-2304.32,-564.926,0,0,0,8981.36,19691.2,4872.68,46693.7,-2080.44,55101.6,7.58572e+14
20230101T000015.300000,6,1722,8202.92,-4172.15,2128.33,0,0,0,33657.3,51804.9,-27921.1,109163,14201.2,135515,9.30693e+14
20230101T000015.300000,6,1723,4600.43,-247.335,303.091,0,0,0,307.979,1809.26,-2226.77,33862.9,119.719,33960.4,2.68998e+15
20230101T000015.300000,6,1724,741.242,41.1582,100.503,0,0,0,81.477,-44.4395,-110.7,879.347,-6.14672,882.966,4.36209e+14
20230101T000015.300000,6,1725,7130.49,276.244,739.928,0,0,0,1060,-3115.27,-8435.12,81351.6,-326.787,81473,2.70556e+15
20230101T000015.300000,6,1726,1102.49,636.149,-266.229,0,0,0,778.578,-1046.53,458.516,1988.43,264.568,2594.96,1.709e+20
20230101T000015.300000,6,1727,8196.5,4060.11,-324.579,0,0,0,26561.8,-53153.4,4254.62,107538,2107.52,133867,4.24223e+14
20230101T000015.300000,6,1728,1707.13,1427.67,-160.141,0,0,0,3322.78,-3848.01,433.896,4705.96,362.866,7924.36,8.17152e+14
20230101T000015.300000,6,1729,5741.6,8026.25,-1398.18,0,0,0,104153,-72223.8,12839.3,54856.1,17948.2,155820,4.87972e+14
20230101T000015.300000,6,1730,7351.68,9511.59,723.35,0,0,0,145090,-111446,-8506.2,87039.6,-11005.3,231228,2.47122e+15
20230101T000015.300000,3,1607,5397.06,-2304.32,-564.926,0,0,0,2500,0,0,2500,0,2500,0
20230101T000015.300000,3,1608,8202.92,-4172.15,2128.33,0,0,0,2500,0,0,2500,0,2500,0
20230101T000015.300000,3,1609,4600.43,-247.335,303.091,0,0,0,2500,0,0,2500,0,2500,0
20230101T000015.300000,3,1610,741.242,41.1582,100.503,0,0,0,2500,0,0,2500,0,2500,0
20230101T000015.300000,3,1611,7130.49,276.244,739.928,0,0,0,2500,0,0,2500,0,2500,0
20230101T000015.300000,3,1612,1102.49,636.149,-266.229,0,0,0,2500,0,0,2500,0,2500,0
20230101T000015.300000,3,1613,8196.5,4060.11,-324.579,0,0,0,2500,0,0,2500,0,2500,0
20230101T000015.300000,3,1614,1707.13,1427.67,-160.141,0,0,0,2500,0,0,2500,0,2500,0
20230101T000015.300000,3,1615,5741.6,8026.25,-1398.18,0,0,0,2500,0,0,2500,0,2500,0
20230101T000015.300000,3,1616,7351.68,9511.59,723.35,0,0,0,2500,0,0,2500,0,2500,0
20230101T000015.400000,6,1731,8002.1,-5900.63,-63.1052,0,0,0,55753.4,75514.2,807.632,102479,-595.536,158162,7.97832e+15
20230101T000015.400000,6,1732,5338.26,-1858.51,-517.778,0,0,0,5965.7,15721.1,4416.96,45648.5,-1537.76,51122.3,2.11605e+15
20230101T000015.400000,6,1733,7828.39,-3820.3,2086.8,0,0,0,29027.9,45080.8,-26125,99405.6,12749.2,121409,4.62495e+14
20230101T000015.400000,6,1734,2627.57,-161.545,496.923,0,0,0,496.924,651.167,-2077.47,11048.3,127.725,11090.5,3.77144e+15
20230101T000015.400000,6,1735,3333.12,370.385,-92.6769,0,0,0,296.242,-1966.73,492.488,17776.4,54.7266,17995,4.50725e+14
20230101T000015.400000,6,1736,10762.7,-510.219,559.805,0,0,0,980.489,8759.37,-9636.68,185337,456.84,185752,2.74434e+15
20230101T000015.400000,6,1737,1194.58,425.987,-280.262,0,0,0,455.976,-755.137,522.971,2304.3,186.491,2576.56,2.066e+20
20230101T000015.400000,6,1738,10762.7,5761.12,1541.06,0,0,0,56107.4,-97601.5,-26530.7,186198,-14201.5,238444,4.34311e+15
20230101T000015.400000,6,1739,445.422,156.768,9.16998,0,0,0,96.3661,-91.6477,-5.36331,324.508,-1.88763,356.788,9.30796e+14
20230101T000015.400000,6,1740,6800.8,8041.32,1696.5,0,0,0,105407,-85198.5,-18453.6,76722.4,-21819.7,177463,5.39827e+14
20230101T000015.400000,6,1741,4188.75,5161.67,-630.326,0,0,0,42906.1,-34251.4,4220.65,28494.5,5200.99,70702,7.52066e+14
20230101T000015.400000,3,1617,8002.1,-5900.63,-63.1052,0,0,0,2500,0,0,2500,0,2500,0
20230101T000015.400000,3,1618,5338.26,-1858.51,-517.778,0,0,0,2500,0,0,2500,0,2500,0
20230101T000015.400000,3,1619,7828.39,-3820.3,2086.8,0,0,0,2500,0,0,2500,0,2500,0
20230101T000015.400000,3,1620,2627.57,-161.545,496.923,0,0,0,2500,0,0,2500,0,2500,0
20230101T000015.400000,3,1621,3333.12,370.385,-92.6769,0,0,0,2500,0,0,2500,0,2500,0
20230101T000015.400000,3,1622,10762.7,-510.219,559.805,0,0,0,2500,0,0,2500,0,2500,0
20230101T000015.400000,3,1623,1194.58,425.987,-280.262,0,0,0,2500,0,0,2500,0,2500,0
20230101T000015.400000,3,1624,10762.7,5761.12,1541.06,0,0,0,2500,0,0,2500,0,2500,0
20230101T000015.400000,3,1625,445.423,156.768,9.16998,0,0,0,2500,0,0,2500,0,2500,0
20230101T000015.400000,3,1626,6800.8,8041.32,1696.5,0,0,0,2500,0,0,2500,0,2500,0
20230101T000015.400000,3,1627,4188.75,5161.67,-630.326,0,0,0,2500,0,0,2500,0,2500,0
20230101T000015.500000,6,1742,1428.15,-1641.1,172.315,0,0,0,4357.02,3694.97,-390.442,3326.63,448.659,7572.93,5.10183e+14
20230101T000015.500000,6,1743,6755.54,-7319.39,2357.4,0,0,0,89835.7,74652.5,-25471.1,77853.9,27597,158741,2.69385e+15
20230101T000015.500000,6,1744,467.327,-619.385,-150.318,0,0,0,649.313,416.089,105.199,411.777,-139.428,965.568,6.0185e+15
20230101T000015.500000,6,1745,5062.61,-6432.48,315.529,0,0,0,66288.3,51995.8,-2554.32,41145.9,3245.48,107211,5.13002e+14
20230101T000015.500000,6,1746,3789.25,-1756.91,-270.695,0,0,0,5087.72,10582.7,1637.42,23005.5,-759.202,27912.5,7.84795e+14
20230101T000015.500000,6,1747,1254.3,186.661,-276.475,0,0,0,235.172,-347.903,541.675,2521.18,80.6107,2575.86,2.23212e+19
20230101T000015.500000,6,1748,7829.37,422.894,-377.094,0,0,0,576.667,-5281.89,4720.79,98079.3,254.988,98364.8,6.48335e+14
20230101T000015.500000,6,1749,9647.64,-681.069,-207.619,0,0,0,874.447,10503.8,3203.48,148924,-226.148,149665,5.51312e+14
20230101T000015.500000,6,1750,6352.1,-573.421,-535.705,0,0,0,1044.59,5781.08,5439.25,64563,-491.015,65085.3,2.82565e+14
20230101T000015.500000,6,1751,669.076,205.294,-24.6795,0,0,0,126.744,-201.573,24.265,721.843,7.44529,783.772,7.59358e+14
20230101T000015.500000,6,1752,5141.64,2398.8,1309.17,0,0,0,11508.8,-18660.1,-10757.3,42799.4,-5018.78,51508.3,4.16955e+15
20230101T000015.500000,6,1753,5910,3077.99,271.411,0,0,0,15301.4,-29031,-2564.15,55923.8,-1335.44,71043.5,3.01217e+15
20230101T000015.500000,6,1754,6980.03,8397.9,6.87977,0,0,0,112866,-93756.6,-76.8078,77991.2,-92.41,190793,2.34141e+15
20230101T000015.500000,3,1628,1428.15,-1641.1,172.315,0,0,0,2500,0,0,2500,0,2500,0
20230101T000015.500000,3,1629,6755.54,-7319.39,2357.4,0,0,0,2500,0,0,2500,0,2500,0
20230101T000015.500000,3,1630,467.327,-619.385,-150.318,0,0,0,2500,0,0,2500,0,2500,0
20230101T000015.500000,3,1631,5062.61,-6432.48,315.529,0,0,0,2500,0,0,2500,0,2500,0
20230101T000015.500000,3,1632,3789.25,-1756.91,-270.695,0,0,0,2500,0,0,2500,0,2500,0
20230101T000015.500000,3,1633,1254.3,186.661,-276.475,0,0,0,2500,0,0,2500,0,2500,0
20230101T000015.500000,3,1634,7829.37,422.894,-377.094,0,0,0,2500,0,0,2500,0,2500,0
20230101T000015.500000,3,1635,9647.64,-681.069,-207.619,0,0,0,2500,0,0,2500,0,2500,0
20230101T000015.500000,3,1636,6352.1,-573.421,-535.705,0,0,0,2500,0,0,2500,0,2500,0
20230101T000015.500000,3,1637,669.076,205.294,-24.6795,0,0,0,2500,0,0,2500,0,2500,0
20230101T000015.500000,3,1638,5141.64,2398.8,1309.17,0,0,0,2500,0,0,2500,0,2500,0
20230101T000015.500000,3,1639,5910,3077.99,271.411,0,0,0,2500,0,0,2500,0,2500,0
20230101T000015.500000,3,1640,6980.03,8397.9,6.87977,0,0,0,2500,0,0,2500,0,2500,0
20230101T000015.600000,6,1755,1994.66,-2757.52,671.42,0,0,0,12435.2,8428.72,-2135.68,6879.82,2952.48,18534.5,7.20597e+14
20230101T000015.600000,6,1756,3176.96,-2914.61,943.906,0,0,0,14399.1,14074.8,-4788.15,16828.4,4392.75,29743.8,7.45784e+14
20230101T000015.600000,6,1757,3643.75,-4545.03,-243.242,0,0,0,33113.7,26420.2,1416.43,21339.6,-1766.79,54294.9,4.85105e+14
20230101T000015.600000,6,1758,1275.05,6.29006,-254.754,0,0,0,165.442,-12.0163,507.422,2601.2,2.50321,2603.71,2.34911e+20
20230101T000015.600000,6,1759,11906.5,1376.3,-2222.66,0,0,0,10891.9,-25310.3,42330.9,226927,4893.15,229855,2.86515e+15
20230101T000015.600000,6,1760,282.455,157.129,40.2863,0,0,0,89.6135,-43.1347,-11.3421,143.156,-6.30962,168.131,7.88859e+14
20230101T000015.600000,6,1761,8127.52,4040.61,1409.45,0,0,0,28721.2,-51252.3,-18319.9,106333,-9107.76,131814,6.63755e+14
20230101T000015.600000,6,1762,6007.54,6579.07,926.557,0,0,0,69907.9,-62522.8,-8901.68,58528.3,-9748.55,127000,8.23951e+14
20230101T000015.600000,6,1763,5181.57,3551.22,-1309.19,0,0,0,22085.5,-28134,10843.3,43853.9,7431.53,63138.3,8.46481e+14
20230101T000015.600000,6,1764,3764.8,3999.69,556.462,0,0,0,25858.5,-23814,-3347.55,22974.3,-3556.4,48274.7,7.41228e+14
20230101T000015.600000,4,1633,1272.04,98.6223,-266.256,1.7566,-8.71672,1.01178,143.781,-168.252,255.527,1249.34,38.0269,1247.35,0
20230101T000015.600000,3,1641,1994.66,-2757.52,671.42,0,0,0,2500,0,0,2500,0,2500,0
20230101T000015.600000,3,1642,3176.96,-2914.61,943.906,0,0,0,2500,0,0,2500,0,2500,0
20230101T000015.600000,3,1643,3643.75,-4545.03,-243.242,0,0,0,2500,0,0,2500,0,2500,0
20230101T000015.600000,3,1644,11906.5,1376.3,-2222.66,0,0,0,2500,0,0,2500,0,2500,0
20230101T000015.600000,3,1645,282.454,157.129,40.2863,0,0,0,2500,0,0,2500,0,2500,0
20230101T000015.600000,3,1646,8127.52,4040.61,1409.45,0,0,0,2500,0,0,2500,0,2500,0
20230101T000015.600000,3,1647,6007.54,6579.07,926.557,0,0,0,2500,0,0,2500,0,2500,0
20230101T000015.600000,3,1648,5181.57,3551.22,-1309.19,0,0,0,2500,0,0,2500,0,2500,0
20230101T000015.600000,3,1649,3764.8,3999.69,556.462,0,0,0,2500,0,0,2500,0,2500,0
20230101T000015.700000,6,1765,1909.93,-1388.34,280.017,0,0,0,3207.35,4152.92,-849.645,5901.71,617.612,8921.38,7.60208e+14
20230101T000015.700000,6,1766,2491.58,-2596.35,72.6941,0,0,0,10820.4,10314.2,-288.902,9970.44,301.05,20718.4,4.63784e+14
20230101T000015.700000,6,1767,6451.85,-7129.02,434.589,0,0,0,81481.5,73410.4,-4484.31,66803.4,4954.97,147919,1.32637e+16
20230101T000015.700000,6,1768,4508.36,-5576.53,1111.08,0,0,0,50561.8,39229.4,-8008.57,33752.7,9906.06,82278.3,1.61736e+15
20230101T000015.700000,6,1769,3723.88,-5199.31,1239.84,0,0,0,44107.4,29785.1,-7380.27,23854,10304.4,65442.5,7.43257e+14
20230101T000015.700000,6,1770,1252.83,-218.558,-275.508,0,0,0,253.615,407.197,539.22,2516.74,-94.0673,2590.65,3.25225e+19
20230101T000015.700000,6,1771,8507.21,-1660.93,-467.473,0,0,0,4812.19,22530.1,6359.65,115811,-1241.65,120210,8.2733e+14
20230101T000015.700000,6,1772,1243.79,-247.194,-292.324,0,0,0,287.76,454.173,568.004,2482.72,-112.887,2576.22,3.41756e+19
20230101T000015.700000,6,1773,3809.68,-90.4678,36.2144,0,0,0,79.1504,549.876,-220.136,23221.9,5.22754,23234.9,3.54315e+14
20230101T000015.700000,6,1774,6684.51,3863.97,694.684,0,0,0,24514.8,-40964,-7424.85,71701.5,-4291.93,95381.2,6.54696e+14
20230101T000015.700000,6,1775,5686.55,3344.16,-1469.53,0,0,0,20506.1,-28890.3,13358.8,52642.6,7856.07,69635.5,6.07535e+14
20230101T000015.700000,6,1776,1432.51,1534.03,-91.8277,0,0,0,3801.23,-3477.41,208.563,3324.65,223.344,7048.63,6.50556e+14
20230101T000015.700000,6,1777,6394.15,6551.43,750.514,0,0,0,69144.6,-66543.1,-7674.61,65910.4,-7863.38,134091,7.18016e+14
20230101T000015.700000,3,1650,1909.93,-1388.34,280.017,0,0,0,2500,0,0,2500,0,2500,0
20230101T000015.700000,3,1651,2491.58,-2596.35,72.6941,0,0,0,2500,0,0,2500,0,2500,0
20230101T000015.700000,3,1652,6451.85,-7129.02,434.589,0,0,0,2500,0,0,2500,0,2500,0
20230101T000015.700000,3,1653,4508.36,-5576.53,1111.08,0,0,0,2500,0,0,2500,0,2500,0
20230101T000015.700000,3,1654,3723.88,-5199.32,1239.84,0,0,0,2500,0,0,2500,0,2500,0
20230101T000015.700000,3,1655,1252.83,-218.558,-275.508,0,0,0,2500,0,0,2500,0,2500,0
20230101T000015.700000,3,1656,8507.21,-1660.93,-467.473,0,0,0,2500,0,0,2500,0,2500,0
20230101T000015.700000,3,1657,1243.79,-247.194,-292.324,0,0,0,2500,0,0,2500,0,2500,0
20230101T000015.700000,3,1658,3809.68,-90.4678,36.2144,0,0,0,2500,0,0,2500,0,2500,0
20230101T000015.700000,3,1659,6684.51,3863.97,694.684,0,0,0,2500,0,0,2500,0,2500,0
20230101T000015.700000,3,1660,5686.55,3344.16,-1469.53,0,0,0,2500,0,0,2500,0,2500,0
20230101T000015.700000,3,1661,1432.51,1534.03,-91.8277,0,0,0,2500,0,0,2500,0,2500,0
20230101T000015.700000,3,1662,6394.15,6551.43,750.514,0,0,0,2500,0,0,2500,0,2500,0
20230101T000015.800000,6,1778,1741.84,-1471.24,-4.64725,0,0,0,3500.65,4068.7,12.852,4881.07,-10.8554,8317.69,7.49497e+14
20230101T000015.800000,6,1779,2423.02,-2625.53,-554.335,0,0,0,11284.4,9902.58,2142.49,9692.95,-2321.55,20424.7,1.04295e+15
20230101T000015.800000,6,1780,8994.7,-8017.36,-243.049,0,0,0,102933,115303,3496.88,129518,-3116.92,232292,4.57815e+14
20230101T000015.800000,6,1781,5454.56,-4942.53,54.3258,0,0,0,39123.5,43100.7,-473.767,47634.5,429.294,86689.3,6.01446e+15
20230101T000015.800000,6,1782,1989.86,-1220.04,-453.486,0,0,0,2665.58,3710.25,1433.59,6442.04,-878.974,8719.23,1.05455e+15
20230101T000015.800000,6,1783,1187.77,-453.064,-274.036,0,0,0,486.709,800.644,508.471,2280.32,-193.951,2588.56,1.10552e+20
20230101T000015.800000,6,1784,598.565,-189.492,96.0872,0,0,0,127.717,159.233,-82.8987,580.289,26.2439,632.164,7.33329e+14
20230101T000015.800000,6,1785,5971.53,-2312.51,892.319,0,0,0,9718.76,21644.6,-8517.47,57229.1,3298.44,65612.3,7.80833e+14
20230101T000015.800000,6,1786,6075.29,-2216.64,1019.84,0,0,0,9385.35,20990.9,-9904.1,59257.6,3613.63,66917.9,9.07268e+14
20230101T000015.800000,6,1787,8626.78,-1541.27,826.027,0,0,0,4920.25,21074,-11395.6,119110,2035.96,122876,3.85554e+15
20230101T000015.800000,6,1788,9256.66,856.272,-713.239,0,0,0,2043.24,-12601.5,10558.7,137105,976.713,138271,1.58503e+15
20230101T000015.800000,6,1789,2447.25,1477.33,210.547,0,0,0,3590.66,-5725.1,-820.402,9618.39,-495.253,13074.8,5.16379e+14
20230101T000015.800000,6,1790,9402.89,5990.54,-719.006,0,0,0,58052.1,-89721.6,10813.7,141720,6889.36,198882,4.99792e+14
20230101T000015.800000,4,1657,1224.3,-351.044,-283.409,-1.92937,-10.2822,0.882753,168.885,219.71,267.208,1230.72,-53.1057,1244.25,0
20230101T000015.800000,3,1663,1741.84,-1471.24,-4.64725,0,0,0,2500,0,0,2500,0,2500,0
20230101T000015.800000,3,1664,2423.02,-2625.53,-554.335,0,0,0,2500,0,0,2500,0,2500,0
20230101T000015.800000,3,1665,8994.7,-8017.36,-243.049,0,0,0,2500,0,0,2500,0,2500,0
20230101T000015.800000,3,1666,5454.56,-4942.53,54.3258,0,0,0,2500,0,0,2500,0,2500,0
20230101T000015.800000,3,1667,1989.86,-1220.04,-453.486,0,0,0,2500,0,0,2500,0,2500,0
20230101T000015.800000,3,1668,598.565,-189.492,96.0872,0,0,0,2500,0,0,2500,0,2500,0
20230101T000015.800000,3,1669,5971.53,-2312.51,892.319,0,0,0,2500,0,0,2500,0,2500,0
20230101T000015.800000,3,1670,6075.29,-2216.64,1019.84,0,0,0,2500,0,0,2500,0,2500,0
20230101T000015.800000,3,1671,8626.78,-1541.27,826.027,0,0,0,2500,0,0,2500,0,2500,0
20230101T000015.800000,3,1672,9256.66,856.272,-713.239,0,0,0,2500,0,0,2500,0,2500,0
20230101T000015.800000,3,1673,2447.25,1477.33,210.547,0,0,0,2500,0,0,2500,0,2500,0
20230101T000015.800000,3,1674,9402.89,5990.54,-719.006,0,0,0,2500,0,0,2500,0,2500,0
20230101T000015.900000,6,1791,1553.42,-2349.88,55.7568,0,0,0,8856.09,5808.85,-137.884,3908.96,208.579,12696.1,7.80932e+14
20230101T000015.900000,6,1792,2793.79,-3349.9,-816.12,0,0,0,18417.4,14419.7,3640.7,13153.4,-4365.38,30445.5,4.68107e+15
20230101T000015.900000,6,1793,4939.29,-3265.26,1203.51,0,0,0,18714.6,24710.5,-9500.79,39758,6280.78,56096.2,1.67646e+15
20230101T000015.900000,6,1794,1092.13,-659.39,-252.768,0,0,0,815.72,1079.74,431.242,1952.15,-260.37,2606.48,4.73285e+18
20230101T000015.900000,6,1795,7739.94,-3475.45,1242.52,0,0,0,21433.8,42093.1,-15378.9,96275.7,6905.53,115178,2.06215e+15
20230101T000015.900000,6,1796,8608.02,-2151.63,1543.77,0,0,0,11054.6,28722.3,-21251.7,118785,5311.98,125966,1.0197e+15
20230101T000015.900000,6,1797,6663.98,1383.87,137.535,0,0,0,3154.51,-14736.6,-1465.18,71057.7,-304.266,74118,4.55201e+14
20230101T000015.900000,6,1798,2926.66,506.854,-245.299,0,0,0,566.229,-2346.55,1143.48,13709.2,198.033,14116,7.83339e+14
20230101T000015.900000,6,1799,1846.24,1095.52,-474.448,0,0,0,2231.76,-3051.31,1389.92,5563.47,824.745,7377.02,6.1727e+14
20230101T000015.900000,6,1800,6684.5,5985.38,-1091.4,0,0,0,58412.4,-63036.4,11667,72368.3,10446.8,128813,9.63206e+14
20230101T000015.900000,3,1675,1553.42,-2349.88,55.7568,0,0,0,2500,0,0,2500,0,2500,0
20230101T000015.900000,3,1676,2793.79,-3349.9,-816.12,0,0,0,2500,0,0,2500,0,2500,0
20230101T000015.900000,3,1677,4939.29,-3265.26,1203.51,0,0,0,2500,0,0,2500,0,2500,0
20230101T000015.900000,3,1678,1092.13,-659.39,-252.768,0,0,0,2500,0,0,2500,0,2500,0
20230101T000015.900000,3,1679,7739.94,-3475.45,1242.52,0,0,0,2500,0,0,2500,0,2500,0
20230101T000015.900000,3,1680,8608.02,-2151.63,1543.77,0,0,0,2500,0,0,2500,0,2500,0
20230101T000015.900000,3,1681,6663.98,1383.87,137.535,0,0,0,2500,0,0,2500,0,2500,0
20230101T000015.900000,3,1682,2926.66,506.854,-245.299,0,0,0,2500,0,0,2500,0,2500,0
20230101T000015.900000,3,1683,1846.24,1095.52,-474.448,0,0,0,2500,0,0,2500,0,2500,0
20230101T000015.900000,3,1684,6684.5,5985.38,-1091.4,0,0,0,2500,0,0,2500,0,2500,0
20230101T000016,6,1801,931.984,-874.588,-243.665,0,0,0,1307.2,1225.95,354.762,1463.15,-332.914,2615.84,1.49086e+18
20230101T000016,6,1802,9088.71,-8030.75,-584.924,0,0,0,103532,116479,8503.62,132436,-7513.77,235356,4.02638e+15
20230101T000016,6,1803,3846.66,-4105.76,24.1425,0,0,0,27002,25237.2,-148.401,23709.5,158.397,50646.6,1.9035e+15
20230101T000016,6,1804,6979.24,-251.937,704.786,0,0,0,958.552,2782.39,-7863.81,77936.8,283.868,78037.9,9.31742e+14
20230101T000016,6,1805,1498.46,854.723,65.0688,0,0,0,1222.21,-2018.81,-153.911,3609.96,-87.7908,4761.58,4.21951e+14
20230101T000016,6,1806,8069.95,9087.39,1127.92,0,0,0,133054,-116294,-14559.7,105372,-16395.4,236328,3.56682e+15
20230101T000016,6,1807,408.664,464.726,4.58134,0,0,0,373.474,-272.114,-2.68271,303.318,-3.05073,612.765,5.56297e+14
20230101T000016,6,1808,6126.74,7399.96,586.977,0,0,0,87865.2,-72238.2,-5751.53,60424.1,-6946.77,147675,7.16641e+14
20230101T000016,6,1809,5119.64,5793.07,1735.09,0,0,0,55834.5,-45033.1,-14203.8,44675.9,-16072.1,95635.7,2.90539e+15
20230101T000016,4,1665,9061.2,-8075.86,-248.573,12.7891,-11.2506,-1.0623,1173.76,1245.62,37.7615,1460.95,-33.6584,2570.21,0
20230101T000016,3,1685,931.984,-874.588,-243.665,0,0,0,2500,0,0,2500,0,2500,0
20230101T000016,3,1686,3846.66,-4105.76,24.1425,0,0,0,2500,0,0,2500,0,2500,0
20230101T000016,3,1687,6979.24,-251.937,704.786,0,0,0,2500,0,0,2500,0,2500,0
20230101T000016,3,1688,1498.46,854.723,65.0688,0,0,0,2500,0,0,2500,0,2500,0
20230101T000016,3,1689,8069.95,9087.39,1127.92,0,0,0,2500,0,0,2500,0,2500,0
20230101T000016,3,1690,408.664,464.726,4.58134,0,0,0,2500,0,0,2500,0,2500,0
20230101T000016,3,1691,6126.74,7399.96,586.977,0,0,0,2500,0,0,2500,0,2500,0
20230101T000016,3,1692,5119.64,5793.07,1735.09,0,0,0,2500,0,0,2500,0,2500,0
20230101T000016.100000,6,1810,12066.2,-2963.77,179.919,0,0,0,14163.4,57191.6,-3472.62,232958,852.961,247005,8.99015e+14
20230101T000016.100000,6,1811,9322.9,-4771.75,-694.469,0,0,0,37093.3,70839.6,10355.4,139240,-5300.2,175498,2.24321e+15
20230101T000016.100000,6,1812,9279.78,-2344.81,-634.513,0,0,0,9462.42,34646.8,9416.92,137825,-2379.46,146580,5.32519e+14
20230101T000016.100000,6,1813,8726.42,3198.88,1859.46,0,0,0,21303.6,-42856.1,-25950.7,122503,-9512.87,138216,7.51958e+14
20230101T000016.100000,6,1814,8533.98,1931.9,2029.56,0,0,0,12298.7,-24946.6,-27698.6,116850,-6270.35,122501,4.25786e+15
20230101T000016.100000,6,1815,5293.44,3465.32,18.8075,0,0,0,19258.7,-29320,-159.131,44852.3,-104.174,64046.4,1.91882e+15
20230101T000016.100000,6,1816,848.698,982.829,-40.7539,0,0,0,1573.97,-1301.66,54.0289,1190.61,62.5679,2698.05,1.93382e+21
20230101T000016.100000,6,1817,4537.64,3903.61,-1367.09,0,0,0,26134.6,-26832.7,9914.89,34242,8529.51,57328.6,1.06241e+15
20230101T000016.100000,3,1693,12066.2,-2963.77,179.919,0,0,0,2500,0,0,2500,0,2500,0
20230101T000016.100000,3,1694,9322.9,-4771.75,-694.469,0,0,0,2500,0,0,2500,0,2500,0
20230101T000016.100000,3,1695,9279.78,-2344.81,-634.513,0,0,0,2500,0,0,2500,0,2500,0
20230101T000016.100000,3,1696,8726.42,3198.88,1859.46,0,0,0,2500,0,0,2500,0,2500,0
20230101T000016.100000,3,1697,8533.98,1931.9,2029.56,0,0,0,2500,0,0,2500,0,2500,0
20230101T000016.100000,3,1698,5293.44,3465.32,18.8075,0,0,0,2500,0,0,2500,0,2500,0
20230101T000016.100000,3,1699,848.698,982.829,-40.7539,0,0,0,2500,0,0,2500,0,2500,0
20230101T000016.100000,3,1700,4537.64,3903.61,-1367.09,0,0,0,2500,0,0,2500,0,2500,0
20230101T000016.200000,6,1818,4538.68,-4636.03,364.686,0,0,0,34523.8,33528.1,-2645.8,33100.7,2702.55,67348.1,5.91756e+14
20230101T000016.200000,6,1819,2532.41,-895.747,304.903,0,0,0,1472.15,3562.81,-1228.66,10284.5,434.594,11545.5,5.34748e+15
20230101T000016.200000,6,1820,11213.1,-2616.45,-2859.7,0,0,0,23419.5,44033,51291.4,201854,-11968.2,212132,3.21088e+15
20230101T000016.200000,6,1821,2570.16,-46.9722,-115.683,0,0,0,88.7846,191.603,472.845,10569.1,-8.64171,10572.8,5.82698e+14
20230101T000016.200000,6,1822,3766.38,-197.244,740.217,0,0,0,997.983,1139.63,-4448.62,22699.5,232.973,22761.6,1.06199e+15
20230101T000016.200000,6,1823,8153.61,-1190.9,98.7087,0,0,0,2347.09,15524.8,-1286.97,106372,187.972,108639,9.33426e+14
20230101T000016.200000,6,1824,9062.61,-116.027,1275.93,0,0,0,2688.65,1648.27,-18492.4,131410,236.755,131432,5.36057e+14
20230101T000016.200000,6,1825,9310.42,3396.98,1329.88,0,0,0,21015.9,-49672.2,-19802.9,139034,-7225.24,157158,5.30392e+14
20230101T000016.200000,6,1826,986.508,844.926,-43.5092,0,0,0,1180.86,-1300.56,67.0491,1585.45,57.4263,2699.43,7.86272e+20
20230101T000016.200000,6,1827,9005.4,7135.98,1834.6,0,0,0,84821.8,-100168,-26426.3,131857,-20940.5,211233,3.06025e+15
20230101T000016.200000,6,1828,6903.45,8044.09,-1038.97,0,0,0,104291,-87966.3,11472,77283.4,13367.5,179785,4.67881e+14
20230101T000016.200000,6,1829,4551.96,4955.52,1032.05,0,0,0,40100,-35211.5,-7510.11,34110.8,-8175.92,72445.5,1.29777e+15
20230101T000016.200000,4,1699,920.331,921.457,-42.0914,7.09239,-6.07642,-0.13242,774.353,-613.718,25.4611,593.602,29.4851,1303.71,0
20230101T000016.200000,3,1701,4538.68,-4636.03,364.686,0,0,0,2500,0,0,2500,0,2500,0
20230101T000016.200000,3,1702,2532.41,-895.747,304.903,0,0,0,2500,0,0,2500,0,2500,0
20230101T000016.200000,3,1703,11213.1,-2616.45,-2859.7,0,0,0,2500,0,0,2500,0,2500,0
20230101T000016.200000,3,1704,2570.16,-46.9722,-115.683,0,0,0,2500,0,0,2500,0,2500,0
20230101T000016.200000,3,1705,3766.38,-197.244,740.217,0,0,0,2500,0,0,2500,0,2500,0
20230101T000016.200000,3,1706,8153.61,-1190.9,98.7087,0,0,0,2500,0,0,2500,0,2500,0
20230101T000016.200000,3,1707,9062.61,-116.027,1275.93,0,0,0,2500,0,0,2500,0,2500,0
20230101T000016.200000,3,1708,9310.42,3396.98,1329.88,0,0,0,2500,0,0,2500,0,2500,0
20230101T000016.200000,3,1709,9005.4,7135.98,1834.6,0,0,0,2500,0,0,2500,0,2500,0
20230101T000016.200000,3,1710,6903.46,8044.09,-1038.97,0,0,0,2500,0,0,2500,0,2500,0
20230101T000016.200000,3,1711,4551.96,4955.52,1032.05,0,0,0,2500,0,0,2500,0,2500,0
20230101T000016.300000,6,1830,2536.48,-3412.57,637.475,0,0,0,18886.6,13508.2,-2581.51,10753.1,3473.15,28928.4,3.86649e+14
20230101T000016.300000,6,1831,420.123,-595.382,78.2018,0,0,0,591.453,365.799,-48.652,331.176,68.9479,850.302,9.83271e+14
20230101T000016.300000,6,1832,1123.62,653.379,-45.2915,0,0,0,733.27,-1145.43,79.4989,2037,46.2284,2703.14,1.21715e+21
20230101T000016.300000,6,1833,10041.1,2195.29,-357.869,0,0,0,7967.47,-35212.9,5747.26,161330,1256.53,169029,2.10876e+15
20230101T000016.300000,6,1834,5569.87,1284.53,-60.052,0,0,0,2706.26,-11432.2,534.515,49641,123.27,52277.5,7.92486e+14
20230101T000016.300000,6,1835,6294.47,6137.28,-1335.57,0,0,0,61761.1,-60351.7,13444,64813.9,13108.2,123660,5.95094e+14
20230101T000016.300000,3,1712,2536.48,-3412.57,637.475,0,0,0,2500,0,0,2500,0,2500,0
20230101T000016.300000,3,1713,420.123,-595.382,78.2018,0,0,0,2500,0,0,2500,0,2500,0
20230101T000016.300000,3,1714,1123.62,653.379,-45.2915,0,0,0,2500,0,0,2500,0,2500,0
20230101T000016.300000,3,1715,10041.1,2195.29,-357.869,0,0,0,2500,0,0,2500,0,2500,0
20230101T000016.300000,3,1716,5569.87,1284.53,-60.052,0,0,0,2500,0,0,2500,0,2500,0
20230101T000016.300000,3,1717,6294.47,6137.28,-1335.57,0,0,0,2500,0,0,2500,0,2500,0
20230101T000016.400000,6,1836,8843.32,-7135.65,1259.48,0,0,0,83043.5,99693.2,-17815.4,126153,14375.2,206596,7.60528e+14
20230101T000016.400000,6,1837,2577.99,-106.972,363.979,0,0,0,292.557,429.858,-1492.49,10634.2,61.93,10653.2,6.39856e+14
20230101T000016.400000,6,1838,11621.2,-263.078,1771.9,0,0,0,5194.06,4776.59,-32937.1,216088,745.62,216197,7.6685e+14
20230101T000016.400000,6,1839,10805.9,449.65,568.454,0,0,0,903.34,-7750.07,-9824.91,186829,-408.829,187152,5.21311e+14
20230101T000016.400000,6,1840,1224.78,432.138,-41.6577,0,0,0,358.115,-825.908,79.7008,2407.53,28.1207,2699,1.62747e+21
20230101T000016.400000,6,1841,10805.7,4976.73,76.4767,0,0,0,39689.1,-86015.5,-1321.84,186834,-608.794,226450,2.22075e+15
20230101T000016.400000,6,1842,3265.14,2417.39,-374.935,0,0,0,9536.33,-12491.1,1954.04,17159.9,1446.7,26408.4,1.57428e+15
20230101T000016.400000,6,1843,3507.22,4152.36,-1289.09,0,0,0,28719.6,-21960.7,7224.54,21268.1,8553.46,47271.7,1.0798e+15
20230101T000016.400000,3,1718,8843.32,-7135.65,1259.48,0,0,0,2500,0,0,2500,0,2500,0
20230101T000016.400000,3,1719,2577.99,-106.972,363.979,0,0,0,2500,0,0,2500,0,2500,0
20230101T000016.400000,3,1720,11621.2,-263.078,1771.9,0,0,0,2500,0,0,2500,0,2500,0
20230101T000016.400000,3,1721,10805.9,449.65,568.454,0,0,0,2500,0,0,2500,0,2500,0
20230101T000016.400000,3,1722,1224.78,432.138,-41.6577,0,0,0,2500,0,0,2500,0,2500,0
20230101T000016.400000,3,1723,10805.7,4976.73,76.4767,0,0,0,2500,0,0,2500,0,2500,0
20230101T000016.400000,3,1724,3265.14,2417.39,-374.935,0,0,0,2500,0,0,2500,0,2500,0
20230101T000016.400000,3,1725,3507.22,4152.36,-1289.09,0,0,0,2500,0,0,2500,0,2500,0
20230101T000016.500000,6,1844,180.133,-163.39,23.0914,0,0,0,77.9804,15.1029,-2.19445,80.9319,1.99048,95.2028,3.67487e+14
20230101T000016.500000,6,1845,2726.28,-1760.65,538.593,0,0,0,5331.3,7440.14,-2340.69,12047.1,1511.63,16853.7,8.89145e+14
20230101T000016.500000,6,1846,10752.9,-4739.27,-1308.4,0,0,0,38283.6,80503.6,22504.1,185457,-9918.52,220939,7.49698e+14
20230101T000016.500000,6,1847,4912.46,-1542.46,-235.478,0,0,0,3945.58,12080,1848.06,38625.4,-580.269,42418.5,1.65704e+15
20230101T000016.500000,6,1848,1279.68,220.279,-48.7125,0,0,0,143.395,-439.701,97.3758,2622.09,16.7619,2697.87,1.99126e+21
20230101T000016.500000,6,1849,7070.01,1602.67,-1454.75,0,0,0,7388.8,-17386.2,16444.1,80144.6,3727.65,84088.3,1.18363e+16
20230101T000016.500000,6,1850,4336.98,1921.45,-200.374,0,0,0,6014.28,-13285.8,1387.96,30116,614.922,36002.3,1.31304e+15
20230101T000016.500000,3,1726,180.133,-163.39,23.0914,0,0,0,2500,0,0,2500,0,2500,0
20230101T000016.500000,3,1727,2726.28,-1760.65,538.593,0,0,0,2500,0,0,2500,0,2500,0
20230101T000016.500000,3,1728,10752.9,-4739.27,-1308.4,0,0,0,2500,0,0,2500,0,2500,0
20230101T000016.500000,3,1729,4912.46,-1542.46,-235.478,0,0,0,2500,0,0,2500,0,2500,0
20230101T000016.500000,3,1730,1279.68,220.279,-48.7126,0,0,0,2500,0,0,2500,0,2500,0
20230101T000016.500000,3,1731,7070.01,1602.67,-1454.75,0,0,0,2500,0,0,2500,0,2500,0
20230101T000016.500000,3,1732,4336.98,1921.45,-200.374,0,0,0,2500,0,0,2500,0,2500,0
20230101T000016.600000,6,1851,2075.24,-2282.76,-328.27,0,0,0,8444.23,7462.32,1085.45,7019.64,-1194,15228.9,2.18696e+15
20230101T000016.600000,6,1852,3545.63,-2677.16,565.355,0,0,0,11833.3,14911.3,-3200.87,20322.9,2416.85,31582.9,1.01672e+15
20230101T000016.600000,6,1853,6404.79,-7676.14,-217.714,0,0,0,94334.4,78593.8,2230.16,65716.6,-2672.85,159911,1.03071e+15
20230101T000016.600000,6,1854,5100.45,-3748.66,-261.472,0,0,0,22596.4,30509,2131.67,41684.1,-1566.71,64107.3,5.19596e+14
20230101T000016.600000,6,1855,5596.83,-4366.65,-509.109,0,0,0,30805.6,38871.1,4555.44,50300.2,-3554.15,80627.8,6.72652e+14
20230101T000016.600000,6,1856,4341.09,-2611.87,1150.45,0,0,0,12514.4,17179,-7978.86,30731.1,4800.58,41070.1,1.3328e+15
20230101T000016.600000,6,1857,1300.21,3.56424,-39.1994,0,0,0,66.4203,-7.23278,79.6201,2704.86,0.218262,2704.94,8.6803e+20
20230101T000016.600000,6,1858,8629.91,-1126.19,1009.32,0,0,0,3694.05,15333.1,-13929.2,119189,1817.75,121191,9.17694e+15
20230101T000016.600000,6,1859,1822.68,1993.66,527.712,0,0,0,6590.42,-5561.5,-1530.84,5591.76,-1674.44,11677.3,1.17948e+15
20230101T000016.600000,6,1860,1783.59,1841.86,-38.1156,0,0,0,5459.98,-5223.04,108.11,5124.11,111.642,10517.8,3.23883e+15
20230101T000016.600000,3,1733,2075.24,-2282.76,-328.27,0,0,0,2500,0,0,2500,0,2500,0
20230101T000016.600000,3,1734,3545.63,-2677.16,565.355,0,0,0,2500,0,0,2500,0,2500,0
20230101T000016.600000,3,1735,6404.79,-7676.14,-217.714,0,0,0,2500,0,0,2500,0,2500,0
20230101T000016.600000,3,1736,5100.45,-3748.66,-261.472,0,0,0,2500,0,0,2500,0,2500,0
20230101T000016.600000,3,1737,5596.83,-4366.65,-509.109,0,0,0,2500,0,0,2500,0,2500,0
20230101T000016.600000,3,1738,4341.09,-2611.87,1150.45,0,0,0,2500,0,0,2500,0,2500,0
20230101T000016.600000,3,1739,1300.21,3.56424,-39.1994,0,0,0,2500,0,0,2500,0,2500,0
20230101T000016.600000,3,1740,8629.91,-1126.19,1009.32,0,0,0,2500,0,0,2500,0,2500,0
20230101T000016.600000,3,1741,1822.68,1993.66,527.712,0,0,0,2500,0,0,2500,0,2500,0
20230101T000016.600000,3,1742,1783.59,1841.86,-38.1156,0,0,0,2500,0,0,2500,0,2500,0
20230101T000016.700000,6,1861,1278.6,-224.716,-42.017,0,0,0,145.553,448.335,83.9189,2617.72,-14.7489,2696.58,1.32527e+21
20230101T000016.700000,6,1862,3534.11,-1587.01,284.428,0,0,0,4190.45,8901.7,-1604.06,20016.3,720.309,24014,2.96445e+15
20230101T000016.700000,6,1863,136.792,-51.1086,-12.6465,0,0,0,60.1461,-9.72457,-2.38553,37.7518,0.891289,34.5949,6.41916e+14
20230101T000016.700000,6,1864,9128.68,-2700.58,-25.9104,0,0,0,11728.8,39426.6,378.277,133338,-111.907,145001,3.35938e+15
20230101T000016.700000,6,1865,1274.42,-246.074,-50.4288,0,0,0,162.413,489.111,100.39,2601.09,-19.384,2695.63,1.29398e+21
20230101T000016.700000,6,1866,4634.15,-2.73286,-668.705,0,0,0,778.172,19.8043,4949.16,34360.6,-2.91863,34361.9,3.42566e+15
20230101T000016.700000,6,1867,10194.2,-117.544,-817.928,0,0,0,1155.96,1904.15,13335.8,166274,-153.769,166296,5.72056e+14
20230101T000016.700000,6,1868,6942.09,1389.87,543.561,0,0,0,3606.46,-15334.5,-6032.73,77128.9,-1207.81,80199.3,5.93579e+14
20230101T000016.700000,6,1869,9195.94,6313.88,-2465.6,0,0,0,70436.1,-88332.2,36266.5,138440,24900.3,199092,4.92067e+15
20230101T000016.700000,6,1870,10783.4,6187.12,-503.076,0,0,0,61601.4,-106547,8677.57,186168,4978.86,247300,6.43154e+14
20230101T000016.700000,6,1871,5722.1,2186.69,-1175.9,0,0,0,9634.94,-19261.7,10754.8,52677.7,4109.92,60040.8,1.09362e+15
20230101T000016.700000,6,1872,8154.67,7089.37,111.923,0,0,0,80462.5,-92456.7,-1459.81,106434,-1269.11,186812,2.23314e+15
20230101T000016.700000,4,1726,172.569,-36.4174,-28.3951,-1.45461,24.4179,-9.9013,75.6278,14.2225,-2.06586,78.4072,1.87384,91.8369,0
20230101T000016.700000,3,1743,1278.6,-224.716,-42.017,0,0,0,2500,0,0,2500,0,2500,0
20230101T000016.700000,3,1744,3534.11,-1587.01,284.428,0,0,0,2500,0,0,2500,0,2500,0
20230101T000016.700000,3,1745,9128.68,-2700.58,-25.9104,0,0,0,2500,0,0,2500,0,2500,0
20230101T000016.700000,3,1746,1274.42,-246.074,-50.4288,0,0,0,2500,0,0,2500,0,2500,0
20230101T000016.700000,3,1747,4634.15,-2.73286,-668.705,0,0,0,2500,0,0,2500,0,2500,0
20230101T000016.700000,3,1748,10194.2,-117.544,-817.928,0,0,0,2500,0,0,2500,0,2500,0
20230101T000016.700000,3,1749,6942.09,1389.87,543.561,0,0,0,2500,0,0,2500,0,2500,0
20230101T000016.700000,3,1750,9195.94,6313.88,-2465.6,0,0,0,2500,0,0,2500,0,2500,0
20230101T000016.700000,3,1751,10783.4,6187.12,-503.076,0,0,0,2500,0,0,2500,0,2500,0
20230101T000016.700000,3,1752,5722.1,2186.69,-1175.9,0,0,0,2500,0,0,2500,0,2500,0
20230101T000016.700000,3,1753,8154.67,7089.37,111.923,0,0,0,2500,0,0,2500,0,2500,0
20230101T000016.800000,6,1873,334.186,-339.729,61.0106,0,0,0,218.56,147.195,-26.9689,213.717,27.4162,364.385,3.16856e+15
20230101T000016.800000,6,1874,7863.33,-5750.42,-764.713,0,0,0,53558.8,71871.8,9617.07,99279.2,-7032.93,151839,7.05138e+14
20230101T000016.800000,6,1875,1227.36,-421.197,-48.4441,0,0,0,344.388,806.363,92.8767,2417.39,-31.8728,2694.2,4.18354e+19
20230101T000016.800000,6,1876,5665.96,-2607.64,708.749,0,0,0,11595.1,23310.4,-6418.66,51516.5,2954.06,62245.5,6.26424e+15
20230101T000016.800000,6,1877,11637.7,-642.155,1125.78,0,0,0,2744.66,11842.1,-20956.3,216703,1156.35,217357,4.10113e+14
20230101T000016.800000,6,1878,10394.1,-187.975,1196.19,0,0,0,2408.31,3083.59,-19886,172860,359.634,172916,3.01859e+15
20230101T000016.800000,6,1879,6061.16,-240.825,62.4832,0,0,0,162.923,2332.7,-605.295,58780.4,24.0498,58873.1,1.85421e+15
20230101T000016.800000,6,1880,9574.53,303.479,501.287,0,0,0,612.778,-4634.32,-7676,146675,-243.302,146822,2.92329e+14
20230101T000016.800000,6,1881,4167.79,850.502,-502.07,0,0,0,1605.16,-5580.17,3340.74,27811.4,681.729,28951,8.50169e+14
20230101T000016.800000,6,1882,9330.05,1916.59,-215.362,0,0,0,6009.87,-28583.7,3213.53,139285,660.125,145157,4.31536e+14
20230101T000016.800000,6,1883,4459.77,2468.45,-43.2362,0,0,0,9800.46,-17585.6,308.042,31839,170.499,41572.5,7.80932e+14
20230101T000016.800000,6,1884,3683.83,4278.08,-252.809,0,0,0,29353.9,-25133.4,1488.22,21808.3,1728.3,50996.2,4.48332e+14
20230101T000016.800000,4,1746,1257.42,-332.201,-49.4614,-1.68374,-8.52748,0.095782,108.839,230.719,47.3184,1259.19,-9.13655,1302.82,0
20230101T000016.800000,3,1754,334.186,-339.729,61.0106,0,0,0,2500,0,0,2500,0,2500,0
20230101T000016.800000,3,1755,7863.33,-5750.42,-764.713,0,0,0,2500,0,0,2500,0,2500,0
20230101T000016.800000,3,1756,5665.96,-2607.64,708.749,0,0,0,2500,0,0,2500,0,2500,0
20230101T000016.800000,3,1757,11637.7,-642.155,1125.78,0,0,0,2500,0,0,2500,0,2500,0
20230101T000016.800000,3,1758,10394.1,-187.975,1196.19,0,0,0,2500,0,0,2500,0,2500,0
20230101T000016.800000,3,1759,6061.16,-240.825,62.4832,0,0,0,2500,0,0,2500,0,2500,0
20230101T000016.800000,3,1760,9574.53,303.479,501.287,0,0,0,2500,0,0,2500,0,2500,0
20230101T000016.800000,3,1761,4167.79,850.502,-502.07,0,0,0,2500,0,0,2500,0,2500,0
20230101T000016.800000,3,1762,9330.05,1916.59,-215.362,0,0,0,2500,0,0,2500,0,2500,0
20230101T000016.800000,3,1763,4459.77,2468.45,-43.2362,0,0,0,2500,0,0,2500,0,2500,0
20230101T000016.800000,3,1764,3683.83,4278.08,-252.809,0,0,0,2500,0,0,2500,0,2500,0
20230101T000016.900000,6,1885,4110.84,-3147.05,-321.61,0,0,0,15990.8,20588.6,2112.2,27123.1,-1616.99,42885,3.86209e+15
20230101T000016.900000,6,1886,2978.24,-561.051,-374.019,0,0,0,780.678,2621.32,1774.62,14201.7,-334.31,14696.5,5.25554e+15
20230101T000016.900000,6,1887,1130.17,-644.434,-22.7417,0,0,0,713.38,1137.42,40.1517,2059.55,-22.8949,2708.14,1.68763e+19
20230101T000016.900000,6,1888,11757,-2662.23,-956.985,0,0,0,12794.3,49750.4,17997.1,221237,-4075.23,232503,2.23651e+15
20230101T000016.900000,6,1889,6169.71,-3732.07,1777.04,0,0,0,26028.6,34577,-17529.4,62274.2,10603.6,83193.6,7.09847e+14
20230101T000016.900000,6,1890,7064.77,-2234.46,-1105.14,0,0,0,9821.86,24677.7,12483.2,80040.9,-3948.22,87847.4,6.88207e+15
20230101T000016.900000,6,1891,3793.58,561.568,-23.7587,0,0,0,568.083,-3399.16,143.816,23027.4,21.2893,23530.6,2.31239e+15
20230101T000016.900000,6,1892,11252.1,1590.75,1093.16,0,0,0,5985.5,-28365.2,-19674.5,202615,-2781.46,206626,7.65288e+14
20230101T000016.900000,6,1893,5922.72,1044.98,-662.166,0,0,0,2488.87,-9771.77,6268.06,56148.8,1105.91,57873.7,1.31649e+16
20230101T000016.900000,6,1894,3666.18,2134.1,58.3317,0,0,0,7338.87,-12488.2,-341.407,21522.9,-198.734,28792.4,2.23215e+15
20230101T000016.900000,6,1895,6075.69,1668.47,-161.14,0,0,0,4552.16,-16192.4,1564.88,59069.8,429.738,63516.5,4.72152e+14
20230101T000016.900000,3,1765,4110.84,-3147.05,-321.61,0,0,0,2500,0,0,2500,0,2500,0
20230101T000016.900000,3,1766,2978.24,-561.051,-374.019,0,0,0,2500,0,0,2500,0,2500,0
20230101T000016.900000,3,1767,1130.17,-644.434,-22.7417,0,0,0,2500,0,0,2500,0,2500,0
20230101T000016.900000,3,1768,11757,-2662.23,-956.985,0,0,0,2500,0,0,2500,0,2500,0
20230101T000016.900000,3,1769,6169.71,-3732.07,1777.04,0,0,0,2500,0,0,2500,0,2500,0
20230101T000016.900000,3,1770,7064.77,-2234.46,-1105.14,0,0,0,2500,0,0,2500,0,2500,0
20230101T000016.900000,3,1771,3793.58,561.568,-23.7587,0,0,0,2500,0,0,2500,0,2500,0
20230101T000016.900000,3,1772,11252.1,1590.75,1093.16,0,0,0,2500,0,0,2500,0,2500,0
20230101T000016.900000,3,1773,5922.72,1044.98,-662.166,0,0,0,2500,0,0,2500,0,2500,0
20230101T000016.900000,3,1774,3666.18,2134.1,58.3317,0,0,0,2500,0,0,2500,0,2500,0
20230101T000016.900000,3,1775,6075.69,1668.47,-161.14,0,0,0,2500,0,0,2500,0,2500,0
20230101T000017,6,1896,1386.26,-1625.46,-519.64,0,0,0,4434.77,3362.17,1143.04,3359.87,-1340.27,7305.75,1.3638e+15
20230101T000017,6,1897,1007.43,-816.363,-57.7927,0,0,0,1108.1,1282.04,90.944,1651.32,-73.6954,2690.32,2.48825e+19
20230101T000017,6,1898,3443.19,-2765.13,746.168,0,0,0,12812.9,14768.1,-4102.52,19342.6,3294.62,31204.2,7.85841e+14
20230101T000017,6,1899,5.38675,-6.41398,1.12233,0,0,0,26.0706,-30.9085,5.40824,36.9148,-6.43957,1.24107,2.39785e+15
20230101T000017,6,1900,3424.24,-4234.6,681.936,0,0,0,29010,22805.9,-3731.22,19248.7,4614.23,47452.6,5.56434e+14
20230101T000017,6,1901,3739.1,-942.215,-406.377,0,0,0,1728.4,5559.26,2424.71,22389,-611.001,23790.5,6.11339e+15
20230101T000017,6,1902,10653.3,-3244.55,-265.867,0,0,0,17005.4,55255,4530.33,181604,-1379.74,198433,9.90695e+14
20230101T000017,6,1903,6931,-4137.75,-596.061,0,0,0,27859.7,45607.8,6606.04,77028.1,-3943.76,104256,8.9939e+14
20230101T000017,6,1904,7977.26,-5233.86,1205.27,0,0,0,45498.2,65708,-15376.9,102537,10088.7,145649,2.32608e+15
20230101T000017,6,1905,2863.7,-14.889,-251.634,0,0,0,165.172,67.3634,1147.39,13121.3,-5.96553,13122.1,1.8381e+15
20230101T000017,6,1906,4655.19,385.755,-165.601,0,0,0,345.153,-2864.35,1231.18,34674,102.023,34911.4,9.01478e+14
20230101T000017,6,1907,3592.91,1880.07,33.202,0,0,0,5707.06,-10780.8,-190.402,20668.5,-99.6321,26309.8,7.16901e+14
20230101T000017,6,1908,9995.29,4261.33,-1232.28,0,0,0,31163.7,-67249.9,19700.6,160233,8399.03,188904,1.81557e+15
20230101T000017,6,1909,9598.69,6356.46,642.288,0,0,0,65150.6,-97288.7,-9861.23,147636,-6530.33,212063,8.86283e+14
20230101T000017,6,1910,7332.02,9730.39,1468.12,0,0,0,152761,-112462,-17218.3,88253.6,-22850.5,237503,2.88694e+15
20230101T000017,6,1911,309.15,431.79,82.6017,0,0,0,323.184,-178.836,-35.1999,201.447,-49.1636,452.738,1.1722e+15
20230101T000017,6,1912,5323.87,7369.82,-1991.79,0,0,0,89100.4,-59735.6,16958.6,49560.9,23475.8,132256,6.2513e+15
20230101T000017,4,1767,1076.56,-731.498,-39.6717,-5.30751,-8.62022,-1.67623,368,535.245,18.8914,1001.48,-10.7721,1306.49,0
20230101T000017,3,1776,1386.26,-1625.46,-519.64,0,0,0,2500,0,0,2500,0,2500,0
20230101T000017,3,1777,3443.19,-2765.13,746.168,0,0,0,2500,0,0,2500,0,2500,0
20230101T000017,3,1778,5.38675,-6.41398,1.12233,0,0,0,2500,0,0,2500,0,2500,0
20230101T000017,3,1779,3424.24,-4234.6,681.936,0,0,0,2500,0,0,2500,0,2500,0
20230101T000017,3,1780,3739.1,-942.215,-406.377,0,0,0,2500,0,0,2500,0,2500,0
20230101T000017,3,1781,10653.3,-3244.55,-265.867,0,0,0,2500,0,0,2500,0,2500,0
20230101T000017,3,1782,6931,-4137.75,-596.061,0,0,0,2500,0,0,2500,0,2500,0
20230101T000017,3,1783,7977.26,-5233.86,1205.27,0,0,0,2500,0,0,2500,0,2500,0
20230101T000017,3,1784,2863.7,-14.889,-251.634,0,0,0,2500,0,0,2500,0,2500,0
20230101T000017,3,1785,4655.19,385.755,-165.601,0,0,0,2500,0,0,2500,0,2500,0
20230101T000017,3,1786,3592.91,1880.07,33.202,0,0,0,2500,0,0,2500,0,2500,0
20230101T000017,3,1787,9995.29,4261.33,-1232.28,0,0,0,2500,0,0,2500,0,2500,0
20230101T000017,3,1788,9598.69,6356.46,642.288,0,0,0,2500,0,0,2500,0,2500,0
20230101T000017,3,1789,7332.02,9730.39,1468.12,0,0,0,2500,0,0,2500,0,2500,0
20230101T000017,3,1790,309.15,431.79,82.6017,0,0,0,2500,0,0,2500,0,2500,0
20230101T000017,3,1791,5323.87,7369.82,-1991.79,0,0,0,2500,0,0,2500,0,2500,0
20230101T000017.100000,6,1913,9165,-7836.12,908.563,0,0,0,99047.4,114225,-13319.5,134980,11388.3,232644,4.26601e+15
20230101T000017.100000,6,1914,8258.42,-5801.06,872.235,0,0,0,54701.3,76049.7,-11520.8,109546,8092.66,162967,6.53835e+14
20230101T000017.100000,6,1915,6762.12,-6151.47,-709.869,0,0,0,61020.9,66122.2,7676.7,73555.9,-6983.46,133707,9.87914e+14
20230101T000017.100000,6,1916,5158.18,-4247.01,838.676,0,0,0,29567.6,34467.8,-6915.56,43051.1,5693.95,71431.2,2.62578e+15
20230101T000017.100000,6,1917,10130.2,-4226.25,2445.81,0,0,0,36782.1,65077.6,-39629.8,165621,16533.3,192774,3.82818e+15
20230101T000017.100000,6,1918,5981.27,-1589.96,632.744,0,0,0,4702.23,15041.2,-6049.12,57287.4,1608,61286.4,8.65207e+14
20230101T000017.100000,6,1919,6446.04,2662.38,-1323.21,0,0,0,13787.2,-26448.7,13636.3,66899.5,5632.16,77825.8,1.37931e+16
20230101T000017.100000,6,1920,812.87,1005.35,153.113,0,0,0,1656.96,-1258.36,-194.439,1118.06,-240.481,2675.28,1.83937e+20
20230101T000017.100000,6,1921,2577.81,2859.69,109.649,0,0,0,13121.9,-11753.4,-451.026,10678,-500.347,23716.7,3.35724e+15
20230101T000017.100000,6,1922,3359.09,4761.83,-566.133,0,0,0,36471.5,-25321.2,3039.15,18438.3,4308.29,54334.1,2.36046e+15
20230101T000017.100000,6,1923,3037.37,4015.36,-748.553,0,0,0,26146.1,-19052.3,3632.2,15371.1,4801.72,40559.4,1.68462e+15
20230101T000017.100000,6,1924,5812.45,7232.59,1264.08,0,0,0,84724.4,-65983.4,-11750.5,55646.9,-14621.5,137753,1.03888e+15
20230101T000017.100000,3,1792,9165,-7836.12,908.563,0,0,0,2500,0,0,2500,0,2500,0
20230101T000017.100000,3,1793,8258.42,-5801.06,872.235,0,0,0,2500,0,0,2500,0,2500,0
20230101T000017.100000,3,1794,6762.12,-6151.47,-709.869,0,0,0,2500,0,0,2500,0,2500,0
20230101T000017.100000,3,1795,5158.18,-4247.01,838.676,0,0,0,2500,0,0,2500,0,2500,0
20230101T000017.100000,3,1796,10130.2,-4226.25,2445.81,0,0,0,2500,0,0,2500,0,2500,0
20230101T000017.100000,3,1797,5981.27,-1589.96,632.744,0,0,0,2500,0,0,2500,0,2500,0
20230101T000017.100000,3,1798,6446.04,2662.38,-1323.21,0,0,0,2500,0,0,2500,0,2500,0
20230101T000017.100000,3,1799,812.87,1005.35,153.113,0,0,0,2500,0,0,2500,0,2500,0
20230101T000017.100000,3,1800,2577.81,2859.69,109.649,0,0,0,2500,0,0,2500,0,2500,0
20230101T000017.100000,3,1801,3359.09,4761.83,-566.133,0,0,0,2500,0,0,2500,0,2500,0
20230101T000017.100000,3,1802,3037.37,4015.36,-748.553,0,0,0,2500,0,0,2500,0,2500,0
20230101T000017.100000,3,1803,5812.45,7232.59,1264.08,0,0,0,2500,0,0,2500,0,2500,0
20230101T000017.200000,6,1925,3939.61,-912.446,-1079.5,0,0,0,3158.39,5328.51,6788.96,24930.8,-1572.38,26169.2,9.41755e+14
20230101T000017.200000,6,1926,9643.31,696.947,-2173.12,0,0,0,8354.46,-10205.8,33516.1,148829,2422.3,149570,2.37591e+15
20230101T000017.200000,6,1927,2800.19,864.149,75.6639,0,0,0,1261.56,-3851.05,-337.42,12552.1,-104.129,13740.6,6.02859e+14
20230101T000017.200000,6,1928,10273.9,4318.51,-248.274,0,0,0,29977.4,-70930.4,4079.86,168908,1714.93,198723,1.98651e+15
20230101T000017.200000,6,1929,7855.64,2365.74,256.362,0,0,0,9109.78,-29688.3,-3220.31,98751.8,-969.802,107693,5.97178e+14
20230101T000017.200000,6,1930,5816.06,1723.05,-453.416,0,0,0,5111.12,-15927.2,4214.79,54154.2,1248.66,58873.1,2.36586e+15
20230101T000017.200000,6,1931,8987.38,3096.8,747.95,0,0,0,16201.3,-44236.2,-10750.6,129339,-3704.38,144581,1.94579e+15
20230101T000017.200000,6,1932,991.301,817.637,195.666,0,0,0,1143.33,-1236.07,-302.994,1622.41,-249.913,2643.38,8.37636e+20
20230101T000017.200000,6,1933,8643.62,6357.29,-492.147,0,0,0,64957.2,-87704.6,6803.93,119698,5004.22,184204,4.70403e+15
20230101T000017.200000,4,1773,5949.31,1080.81,-656.25,7.31823,9.86109,1.62822,168.73,-429.399,272.246,2526.7,48.034,2573.43,0
20230101T000017.200000,3,1804,3939.61,-912.446,-1079.5,0,0,0,2500,0,0,2500,0,2500,0
20230101T000017.200000,3,1805,9643.31,696.947,-2173.12,0,0,0,2500,0,0,2500,0,2500,0
20230101T000017.200000,3,1806,2800.19,864.149,75.6639,0,0,0,2500,0,0,2500,0,2500,0
20230101T000017.200000,3,1807,10273.9,4318.51,-248.274,0,0,0,2500,0,0,2500,0,2500,0
20230101T000017.200000,3,1808,7855.64,2365.74,256.362,0,0,0,2500,0,0,2500,0,2500,0
20230101T000017.200000,3,1809,8987.38,3096.8,747.95,0,0,0,2500,0,0,2500,0,2500,0
20230101T000017.200000,3,1810,991.301,817.637,195.666,0,0,0,2500,0,0,2500,0,2500,0
20230101T000017.200000,3,1811,8643.62,6357.29,-492.147,0,0,0,2500,0,0,2500,0,2500,0
20230101T000017.300000,6,1934,4631.81,-6133.9,1672.62,0,0,0,61847.3,43275.6,-12387.6,37215.5,16404.9,94528.3,7.36025e+14
20230101T000017.300000,6,1935,3714.33,-5813.34,1845.75,0,0,0,55669.3,32048.1,-10960.5,25987.1,17154.5,76150.1,5.58645e+15
20230101T000017.300000,6,1936,4384.88,-910.408,48.0057,0,0,0,1391.03,6373.77,-336.127,30766.2,69.7881,32089.6,5.42971e+14
20230101T000017.300000,6,1937,9754.51,-2721.67,-237.869,0,0,0,11995.3,42437.7,3711.02,152252,-1035.44,164093,5.58969e+14
20230101T000017.300000,6,1938,3761.45,358.958,-349.148,0,0,0,462.334,-2135.88,2095.45,22639.9,199.97,22844.3,8.20733e+14
20230101T000017.300000,6,1939,248.753,45.62,-8.84752,0,0,0,65.2929,-6.79328,1.32179,101.089,0.24241,102.413,3.92179e+15
20230101T000017.300000,6,1940,7553.65,86.0053,196.835,0,0,0,137.766,-1038.01,-2377.25,91292.1,-27.0672,91304,7.36855e+14
20230101T000017.300000,6,1941,3084.84,682.678,-7.03507,0,0,0,806.766,-3356,34.5841,15229,7.65351,15971.6,6.53991e+14
20230101T000017.300000,6,1942,1111.6,652.059,168.495,0,0,0,760.901,-1112.44,-292.583,2004.79,-171.628,2658.42,6.86196e+20
20230101T000017.300000,6,1943,4890.11,2729.8,1368.59,0,0,0,14253.8,-20057.2,-10695.2,38987.4,-5970.38,50187.5,7.61315e+14
20230101T000017.300000,6,1944,8778.67,7497.54,-896.103,0,0,0,90720.6,-104643,12582.8,123873,10746.5,213245,7.04501e+14
20230101T000017.300000,6,1945,7559.87,9299.36,1726.13,0,0,0,140287,-110119,-20873.2,94350.8,-25676,229809,3.2231e+15
20230101T000017.300000,6,1946,4969.5,4149.78,445.027,0,0,0,27777.3,-32808.5,-3535.13,39669.8,-2952.01,67066.8,3.52064e+15
20230101T000017.300000,4,1810,1056.37,741.73,182.555,6.44236,-7.51563,-1.29808,576.632,-589.279,-142.716,805.027,-117.714,1277.36,0
20230101T000017.300000,3,1812,4631.81,-6133.9,1672.62,0,0,0,2500,0,0,2500,0,2500,0
20230101T000017.300000,3,1813,3714.33,-5813.34,1845.75,0,0,0,2500,0,0,2500,0,2500,0
20230101T000017.300000,3,1814,4384.88,-910.408,48.0057,0,0,0,2500,0,0,2500,0,2500,0
20230101T000017.300000,3,1815,9754.51,-2721.67,-237.869,0,0,0,2500,0,0,2500,0,2500,0
20230101T000017.300000,3,1816,3761.45,358.958,-349.148,0,0,0,2500,0,0,2500,0,2500,0
20230101T000017.300000,3,1817,248.753,45.62,-8.84752,0,0,0,2500,0,0,2500,0,2500,0
20230101T000017.300000,3,1818,7553.64,86.0053,196.835,0,0,0,2500,0,0,2500,0,2500,0
20230101T000017.300000,3,1819,3084.84,682.678,-7.03507,0,0,0,2500,0,0,2500,0,2500,0
20230101T000017.300000,3,1820,4890.11,2729.8,1368.59,0,0,0,2500,0,0,2500,0,2500,0
20230101T000017.300000,3,1821,8778.67,7497.54,-896.103,0,0,0,2500,0,0,2500,0,2500,0
20230101T000017.300000,3,1822,7559.87,9299.36,1726.13,0,0,0,2500,0,0,2500,0,2500,0
20230101T000017.300000,3,1823,4969.5,4149.78,445.027,0,0,0,2500,0,0,2500,0,2500,0
20230101T000017.400000,6,1947,404.543,-507.397,57.1536,0,0,0,438.635,294.919,-33.5069,303.87,42.0259,674.264,3.85174e+14
20230101T000017.400000,6,1948,6486.85,-4389.79,1019.84,0,0,0,32017,44759.8,-10578.1,67869.2,7158.41,98160.2,5.6942e+14
20230101T000017.400000,6,1949,7417.08,-5418.16,-12.7731,0,0,0,47012.2,64268.5,151.51,88043.3,-110.678,134991,5.8575e+14
20230101T000017.400000,6,1950,1775.36,-617.152,-70.1579,0,0,0,673.449,1730.8,197.035,5050.79,-68.4936,5652.54,1.92776e+15
20230101T000017.400000,6,1951,3674.42,-853.556,-214.55,0,0,0,1296.1,4987.82,1257.82,21609.2,-292.188,22768,1.27425e+15
20230101T000017.400000,6,1952,558.108,-179.322,10.0659,0,0,0,109.591,141.449,-7.94261,504.378,2.55199,549.845,8.19823e+14
20230101T000017.400000,6,1953,2060.64,1411.96,-98.0725,0,0,0,3243.75,-4618.28,321.277,6819.3,220.14,9983.86,3.39493e+15
20230101T000017.400000,6,1954,1207.26,440.989,191.512,0,0,0,418.169,-812.732,-361.165,2346.24,-131.927,2644.51,7.67082e+20
20230101T000017.400000,6,1955,5972.88,2268.39,500.177,0,0,0,8638.33,-21524.1,-4775.34,57139,-1813.58,65313.8,2.48276e+15
20230101T000017.400000,6,1956,1592.54,1129.39,407.208,0,0,0,2258.16,-2723.61,-1027.16,4167.18,-728.433,6101.36,8.38529e+15
20230101T000017.400000,6,1957,7955.98,9042.63,-1825.5,0,0,0,133184,-112433,23231.6,104317,26404.6,232108,5.06424e+14
20230101T000017.400000,3,1824,404.543,-507.397,57.1536,0,0,0,2500,0,0,2500,0,2500,0
20230101T000017.400000,3,1825,6486.85,-4389.79,1019.84,0,0,0,2500,0,0,2500,0,2500,0
20230101T000017.400000,3,1826,7417.08,-5418.16,-12.7731,0,0,0,2500,0,0,2500,0,2500,0
20230101T000017.400000,3,1827,1775.36,-617.152,-70.1579,0,0,0,2500,0,0,2500,0,2500,0
20230101T000017.400000,3,1828,3674.42,-853.556,-214.55,0,0,0,2500,0,0,2500,0,2500,0
20230101T000017.400000,3,1829,558.108,-179.322,10.0659,0,0,0,2500,0,0,2500,0,2500,0
20230101T000017.400000,3,1830,2060.64,1411.96,-98.0725,0,0,0,2500,0,0,2500,0,2500,0
20230101T000017.400000,3,1831,1207.26,440.989,191.512,0,0,0,2500,0,0,2500,0,2500,0
20230101T000017.400000,3,1832,5972.88,2268.39,500.177,0,0,0,2500,0,0,2500,0,2500,0
20230101T000017.400000,3,1833,1592.54,1129.39,407.208,0,0,0,2500,0,0,2500,0,2500,0
20230101T000017.400000,3,1834,7955.98,9042.63,-1825.5,0,0,0,2500,0,0,2500,0,2500,0
20230101T000017.500000,6,1958,5459.81,-1109.85,-587.708,0,0,0,2562.34,9575.11,5127.49,47719.6,-1042.3,49666.7,5.46081e+14
20230101T000017.500000,6,1959,1271.76,218.939,161.389,0,0,0,178.37,-427.996,-320.631,2590.8,-55.198,2665.47,2.1439e+20
20230101T000017.500000,6,1960,6898.57,-735.041,-54.7891,0,0,0,932.483,8105.92,604.243,76145.1,-64.382,77008.8,6.39488e+14
20230101T000017.500000,6,1961,11751,2884.31,129.713,0,0,0,13396.5,-54208.5,-2438.14,220942,-598.447,234248,7.62486e+14
20230101T000017.500000,6,1962,7533.93,4437.65,-1323.21,0,0,0,33634.7,-52240.4,15942.2,91553.9,9390.29,122326,9.58781e+14
20230101T000017.500000,6,1963,7264.68,2489.14,-52.2847,0,0,0,9974.46,-28911.5,607.318,84448.1,208.089,94354.2,3.59935e+15
20230101T000017.500000,6,1964,2362.1,3329.09,-495.947,0,0,0,17885.4,-12366.3,1869.93,9230.95,2635.43,26660.7,2.58262e+15
20230101T000017.500000,6,1965,8010.53,6199.88,86.2047,0,0,0,61549.1,-79426.2,-1104.44,102698,-854.801,164171,3.14589e+14
20230101T000017.500000,6,1966,6847.74,5222.05,-2010.6,0,0,0,47759.7,-54066.7,22017.6,77427.1,16790.5,118661,9.06856e+14
20230101T000017.500000,3,1835,5459.81,-1109.85,-587.708,0,0,0,2500,0,0,2500,0,2500,0
20230101T000017.500000,3,1836,1271.76,218.939,161.389,0,0,0,2500,0,0,2500,0,2500,0
20230101T000017.500000,3,1837,6898.57,-735.041,-54.7891,0,0,0,2500,0,0,2500,0,2500,0
20230101T000017.500000,3,1838,11751,2884.31,129.713,0,0,0,2500,0,0,2500,0,2500,0
20230101T000017.500000,3,1839,7533.93,4437.65,-1323.21,0,0,0,2500,0,0,2500,0,2500,0
20230101T000017.500000,3,1840,7264.68,2489.14,-52.2847,0,0,0,2500,0,0,2500,0,2500,0
20230101T000017.500000,3,1841,2362.1,3329.09,-495.947,0,0,0,2500,0,0,2500,0,2500,0
20230101T000017.500000,3,1842,8010.53,6199.88,86.2047,0,0,0,2500,0,0,2500,0,2500,0
20230101T000017.500000,3,1843,6847.74,5222.05,-2010.6,0,0,0,2500,0,0,2500,0,2500,0
20230101T000017.600000,6,1967,7409.71,-7986.46,2163.14,0,0,0,105545,90920.1,-25636.9,91902.5,27632.4,189902,8.52544e+14
20230101T000017.600000,6,1968,6528.42,-7312.92,2351.19,0,0,0,89515.6,71962.6,-24549.7,73148.2,27499.7,153762,5.54772e+14
20230101T000017.600000,6,1969,5416.83,-1498.76,-405.351,0,0,0,3897.41,12905.8,3508.72,46970.6,-970.816,50541.8,6.95511e+14
20230101T000017.600000,6,1970,1285.03,6.83127,191.627,0,0,0,121.433,-13.4002,-384.658,2642.07,-2.04486,2643.54,3.14558e+20
20230101T000017.600000,6,1971,11774.3,-1073.98,2249.88,0,0,0,9939.04,19494.3,-42373.5,221882,3865.05,223662,1.33457e+15
20230101T000017.600000,6,1972,8794.77,2938.35,703.604,0,0,0,14584,-41090.1,-9896.28,123843,-3306.36,137571,5.03578e+14
20230101T000017.600000,6,1973,1766.6,2271.89,-261.576,0,0,0,8323.57,-6337.82,735.816,5101.16,946.28,13252.3,2.16862e+15
20230101T000017.600000,6,1974,2634.52,1648.88,-128.437,0,0,0,4414.94,-6909.79,539.155,11130.5,337.443,15455.3,6.36828e+14
20230101T000017.600000,6,1975,7737.06,6446.68,-1092.16,0,0,0,67659.4,-78835.7,13514.9,96587.2,11260.9,162276,5.69238e+14
20230101T000017.600000,4,1835,5487.95,-1134.66,-582.212,2.78668,-2.45618,0.544148,180.038,451.845,239.401,2310.99,-48.6647,2378.35,0
20230101T000017.600000,4,1836,1286.33,116.216,175.945,1.44318,-10.1706,1.44114,116.541,-203.124,-150.938,1261.46,-25.9846,1287.07,0
20230101T000017.600000,3,1844,7409.71,-7986.46,2163.14,0,0,0,2500,0,0,2500,0,2500,0
20230101T000017.600000,3,1845,6528.42,-7312.92,2351.19,0,0,0,2500,0,0,2500,0,2500,0
20230101T000017.600000,3,1846,11774.3,-1073.98,2249.88,0,0,0,2500,0,0,2500,0,2500,0
20230101T000017.600000,3,1847,8794.77,2938.35,703.604,0,0,0,2500,0,0,2500,0,2500,0
20230101T000017.600000,3,1848,1766.6,2271.89,-261.576,0,0,0,2500,0,0,2500,0,2500,0
20230101T000017.600000,3,1849,2634.52,1648.88,-128.437,0,0,0,2500,0,0,2500,0,2500,0
20230101T000017.600000,3,1850,7737.06,6446.68,-1092.16,0,0,0,2500,0,0,2500,0,2500,0
20230101T000017.700000,6,1976,1545.57,-1408.2,272.717,0,0,0,3272.26,3391.8,-668.341,3904.6,608.938,6996,4.96195e+15
20230101T000017.700000,6,1977,175.461,-167.653,-27.9898,0,0,0,78.6438,14.8932,2.59096,80.0002,-2.47566,95.0708,4.84361e+14
20230101T000017.700000,6,1978,541.572,-425.08,76.4781,0,0,0,334.02,333.089,-60.7452,496.949,47.679,759.17,1.63712e+15
20230101T000017.700000,6,1979,4477.52,-3046.7,719.595,0,0,0,15461.1,21412.1,-5148.3,32359.3,3503.12,46930,2.5283e+15
20230101T000017.700000,6,1980,9990.78,-6450.43,-1690.05,0,0,0,69842.7,101001,27008.4,161068,-17437.7,226279,5.10762e+15
20230101T000017.700000,6,1981,7292.16,-4561.91,506.424,0,0,0,33638.4,53012.7,-5905.5,85214.4,3694.43,118379,8.8493e+15
20230101T000017.700000,6,1982,10206.9,-2044.6,527.969,0,0,0,7178.77,33292.2,-8619.09,166708,1726.54,173378,9.10362e+14
20230101T000017.700000,6,1983,2215.68,213.389,152.904,0,0,0,173.034,-746.837,-537.704,7855.73,-51.7855,7927.96,5.41859e+14
20230101T000017.700000,6,1984,1269.04,-211.13,170.358,0,0,0,177.709,410.991,-337.69,2579.68,56.1814,2649.16,3.18148e+20
20230101T000017.700000,6,1985,2829.19,926.073,-143.144,0,0,0,1459.46,-4163.48,645.054,12816.2,211.144,14179.2,6.99184e+14
20230101T000017.700000,6,1986,4493,2142.91,1019.71,0,0,0,8752.69,-14734.6,-7319.15,32618.9,-3490.82,39649.1,9.40393e+14
20230101T000017.700000,6,1987,4311.77,4723.59,247.73,0,0,0,35773.4,-32506.5,-1707.38,29834.6,-1870.45,65446,4.88696e+14
20230101T000017.700000,4,1824,523.411,-462.66,72.5265,32.7162,12.3132,4.23111,356.004,231.031,-26.2077,250.433,32.8709,539.855,0
20230101T000017.700000,3,1851,1545.57,-1408.2,272.717,0,0,0,2500,0,0,2500,0,2500,0
20230101T000017.700000,3,1852,175.461,-167.653,-27.9898,0,0,0,2500,0,0,2500,0,2500,0
20230101T000017.700000,3,1853,4477.52,-3046.7,719.595,0,0,0,2500,0,0,2500,0,2500,0
20230101T000017.700000,3,1854,9990.78,-6450.43,-1690.05,0,0,0,2500,0,0,2500,0,2500,0
20230101T000017.700000,3,1855,7292.16,-4561.91,506.424,0,0,0,2500,0,0,2500,0,2500,0
20230101T000017.700000,3,1856,10206.9,-2044.6,527.969,0,0,0,2500,0,0,2500,0,2500,0
20230101T000017.700000,3,1857,2215.68,213.389,152.904,0,0,0,2500,0,0,2500,0,2500,0
20230101T000017.700000,3,1858,1269.04,-211.13,170.358,0,0,0,2500,0,0,2500,0,2500,0
20230101T000017.700000,3,1859,2829.19,926.073,-143.144,0,0,0,2500,0,0,2500,0,2500,0
20230101T000017.700000,3,1860,4493,2142.91,1019.71,0,0,0,2500,0,0,2500,0,2500,0
20230101T000017.700000,3,1861,4311.77,4723.59,247.73,0,0,0,2500,0,0,2500,0,2500,0
20230101T000017.800000,6,1988,9900.86,-7330.21,647.112,0,0,0,86445.1,115770,-10248.4,157103,7587.55,242814,3.04678e+15
20230101T000017.800000,6,1989,1212.25,-427.038,180.131,0,0,0,393.8,792.344,-341.086,2363.95,120.154,2644.3,1.31726e+20
20230101T000017.800000,6,1990,11996.7,2036.41,1591.55,0,0,0,10635.6,-38409.3,-30541.3,230389,-5184.3,236910,1.00852e+16
20230101T000017.800000,6,1991,7942.21,87.0285,-278.306,0,0,0,199.944,-1103.86,3534.35,100926,38.7284,100938,6.46929e+14
20230101T000017.800000,6,1992,3704.2,1246.06,-60.8057,0,0,0,2547.07,-7363.93,359.435,21960.8,120.911,24438,9.91269e+14
20230101T000017.800000,6,1993,6412.58,2779.78,806.576,0,0,0,13292.9,-28118,-8268.88,65968.5,-3584.47,78158.2,6.18918e+14
20230101T000017.800000,6,1994,8029.22,7609.69,-1880.44,0,0,0,95665.1,-94904,24149.9,105856,22888.1,195803,8.45459e+14
20230101T000017.800000,6,1995,3140.73,3712.02,-1014.9,0,0,0,22759.7,-17810.7,5091.77,16778.9,6017.94,37832,6.90097e+14
20230101T000017.800000,3,1862,9900.86,-7330.21,647.112,0,0,0,2500,0,0,2500,0,2500,0
20230101T000017.800000,3,1863,1212.25,-427.038,180.131,0,0,0,2500,0,0,2500,0,2500,0
20230101T000017.800000,3,1864,11996.7,2036.41,1591.55,0,0,0,2500,0,0,2500,0,2500,0
20230101T000017.800000,3,1865,7942.21,87.0285,-278.306,0,0,0,2500,0,0,2500,0,2500,0
20230101T000017.800000,3,1866,3704.2,1246.06,-60.8057,0,0,0,2500,0,0,2500,0,2500,0
20230101T000017.800000,3,1867,6412.58,2779.78,806.576,0,0,0,2500,0,0,2500,0,2500,0
20230101T000017.800000,3,1868,8029.22,7609.69,-1880.44,0,0,0,2500,0,0,2500,0,2500,0
20230101T000017.800000,3,1869,3140.73,3712.02,-1014.9,0,0,0,2500,0,0,2500,0,2500,0
20230101T000017.900000,6,1996,300.192,-210.763,-3.43533,0,0,0,113.951,71.1269,1.15948,165.32,-0.814062,215.263,2.91407e+15
20230101T000017.900000,6,1997,4979.31,-7101.94,904.645,0,0,0,81152.5,55935.2,-7203.43,40590.1,10274.2,120371,2.50234e+15
20230101T000017.900000,6,1998,1101.72,-667.641,152.411,0,0,0,786.538,1132.44,-262.277,1969,158.939,2656.14,7.1266e+17
20230101T000017.900000,6,1999,9049.36,-4329.9,-74.0863,0,0,0,30056,62664.1,1072.27,131039,-513.054,161022,4.80874e+14
20230101T000017.900000,6,2000,10666.3,-1559.78,-1123.33,0,0,0,5931.36,26321.1,19164.3,182075,-2802.48,185925,2.75123e+15
20230101T000017.900000,6,2001,6362.24,89.7396,404.062,0,0,0,337.789,-908.93,-4109.14,64765.1,-57.9595,64778.2,1.50127e+15
20230101T000017.900000,6,2002,6927.9,403.07,299.036,0,0,0,466.204,-4455.88,-3311.96,76793.9,-192.692,77053.3,2.15896e+15
20230101T000017.900000,6,2003,7343.9,4226.44,-252.158,0,0,0,28704.9,-49590.1,2961.27,86333.9,1704.22,114873,1.73618e+15
20230101T000017.900000,6,2004,710.699,932.631,-196.308,0,0,0,1437.2,-1000.77,216.908,886.54,284.643,2201.57,1.13126e+15
20230101T000017.900000,6,2005,6866.25,7698.02,-1103.88,0,0,0,95707.2,-83570.5,12122.8,76553.6,13591.3,170249,4.39743e+14
20230101T000017.900000,4,1852,287.756,-226.196,-17.003,21.5952,-11.2584,2.11286,76.2545,14.0272,2.43914,77.532,-2.33059,91.7126,0
20230101T000017.900000,3,1870,4979.32,-7101.94,904.645,0,0,0,2500,0,0,2500,0,2500,0
20230101T000017.900000,3,1871,1101.72,-667.641,152.411,0,0,0,2500,0,0,2500,0,2500,0
20230101T000017.900000,3,1872,9049.36,-4329.89,-74.0863,0,0,0,2500,0,0,2500,0,2500,0
20230101T000017.900000,3,1873,10666.3,-1559.78,-1123.33,0,0,0,2500,0,0,2500,0,2500,0
20230101T000017.900000,3,1874,6362.24,89.7396,404.062,0,0,0,2500,0,0,2500,0,2500,0
20230101T000017.900000,3,1875,6927.9,403.07,299.036,0,0,0,2500,0,0,2500,0,2500,0
20230101T000017.900000,3,1876,7343.9,4226.44,-252.158,0,0,0,2500,0,0,2500,0,2500,0
20230101T000017.900000,3,1877,710.698,932.631,-196.308,0,0,0,2500,0,0,2500,0,2500,0
20230101T000017.900000,3,1878,6866.25,7698.02,-1103.88,0,0,0,2500,0,0,2500,0,2500,0
20230101T000018,6,2006,969.043,-849.972,158.875,0,0,0,1214.38,1266.58,-240.49,1547.44,210.939,2659.35,5.24799e+19
20230101T000018,6,2007,3113.12,-4309.35,-314.896,0,0,0,29789,21359.2,1566.28,15652.6,-2168.13,45219.4,5.602e+14
20230101T000018,6,2008,5861.56,-1166.51,-1216.89,0,0,0,4515.36,10474.8,11400.3,55065.2,-2268.78,57152.4,4.14874e+15
20230101T000018,6,2009,8911.33,-3831.07,1309.05,0,0,0,25850.5,53606.3,-18656.7,127496,8020.72,150544,6.6259e+14
20230101T000018,6,2010,7656.51,-934.435,589.896,0,0,0,2008.36,11372.6,-7221.64,93804.5,881.361,95192.9,6.50186e+14
20230101T000018,6,2011,9172.98,3847.56,-264.319,0,0,0,23835.4,-56407.1,3877.78,134656,1626.51,158316,6.25453e+14
20230101T000018,6,2012,10366.9,1710.01,-987.913,0,0,0,6260.54,-28103,16380.7,171999,2701.97,176635,6.68457e+14
20230101T000018,6,2013,8443.33,6961.48,-151.731,0,0,0,77599.6,-93995.5,2049.1,114105,1689.47,191603,4.72822e+14
20230101T000018,6,2014,8061.91,9007.15,546.571,0,0,0,130047,-115914,-7048.33,104292,-7874.73,233797,7.07717e+14
20230101T000018,6,2015,5207.15,5105.98,801.949,0,0,0,42270.6,-41994.2,-6676.42,43918.4,-6546.72,85097.5,1.99454e+15
20230101T000018,3,1879,969.043,-849.972,158.875,0,0,0,2500,0,0,2500,0,2500,0
20230101T000018,3,1880,3113.12,-4309.35,-314.896,0,0,0,2500,0,0,2500,0,2500,0
20230101T000018,3,1881,5861.56,-1166.51,-1216.89,0,0,0,2500,0,0,2500,0,2500,0
20230101T000018,3,1882,8911.33,-3831.07,1309.05,0,0,0,2500,0,0,2500,0,2500,0
20230101T000018,3,1883,7656.51,-934.435,589.896,0,0,0,2500,0,0,2500,0,2500,0
20230101T000018,3,1884,9172.98,3847.56,-264.319,0,0,0,2500,0,0,2500,0,2500,0
20230101T000018,3,1885,10366.9,1710.01,-987.913,0,0,0,2500,0,0,2500,0,2500,0
20230101T000018,3,1886,8443.33,6961.48,-151.731,0,0,0,2500,0,0,2500,0,2500,0
20230101T000018,3,1887,8061.91,9007.15,546.571,0,0,0,2500,0,0,2500,0,2500,0
20230101T000018,3,1888,5207.15,5105.98,801.949,0,0,0,2500,0,0,2500,0,2500,0
20230101T000018.100000,6,2016,175.869,-151.722,-43.6528,0,0,0,74.0195,10.611,3.48681,77.1652,-3.00806,88.5027,3.10433e+15
20230101T000018.100000,6,2017,8881.75,-4641.26,1164.32,0,0,0,36219.5,65039.8,-16539.4,126695,8642.85,160684,1.79011e+15
20230101T000018.100000,6,2018,10236,-3461.2,611.378,0,0,0,19761.8,56485.3,-10009.5,167709,3384.61,186809,2.28761e+15
20230101T000018.100000,6,2019,7613.96,-2018.75,925.972,0,0,0,7861.35,24237.7,-11273.3,92850,2988.99,99277.2,6.72854e+14
20230101T000018.100000,6,2020,11549.7,-259.604,-1401.22,0,0,0,3310.73,4725.35,25886.1,213434,-581.846,213541,4.59296e+15
20230101T000018.100000,6,2021,8286.09,-1616.58,-1452.94,0,0,0,7495.01,20785.7,19252.2,109981,-3756.02,114038,1.59004e+15
20230101T000018.100000,6,2022,8023.04,-976.3,-675.781,0,0,0,2307.71,12437.4,8669.63,103002,-1054.98,104516,4.93646e+14
20230101T000018.100000,6,2023,8063.72,3717.14,899.986,0,0,0,23228.4,-47441.5,-11605.8,104276,-5349.91,126146,7.19781e+14
20230101T000018.100000,6,2024,7809.44,5090.33,-1308.25,0,0,0,43424.2,-62322.7,16339.3,98414.9,10650.3,139039,5.62612e+14
20230101T000018.100000,6,2025,1702.19,1592.25,546.533,0,0,0,4343.67,-4067.82,-1478.1,4887.28,-1382.63,8695.7,8.40519e+14
20230101T000018.100000,6,2026,963.049,1108.39,-296.88,0,0,0,2052.77,-1607.64,449.302,1599.34,517.11,3452.11,9.97952e+19
20230101T000018.100000,6,2027,7467.06,6567.51,-2172.01,0,0,0,73301.8,-74690.5,25939.6,92530.2,22814.7,158226,6.1721e+14
20230101T000018.100000,3,1889,175.869,-151.722,-43.6528,0,0,0,2500,0,0,2500,0,2500,0
20230101T000018.100000,3,1890,8881.75,-4641.26,1164.32,0,0,0,2500,0,0,2500,0,2500,0
20230101T000018.100000,3,1891,10236,-3461.2,611.378,0,0,0,2500,0,0,2500,0,2500,0
20230101T000018.100000,3,1892,7613.96,-2018.75,925.972,0,0,0,2500,0,0,2500,0,2500,0
20230101T000018.100000,3,1893,11549.7,-259.604,-1401.22,0,0,0,2500,0,0,2500,0,2500,0
20230101T000018.100000,3,1894,8286.09,-1616.58,-1452.94,0,0,0,2500,0,0,2500,0,2500,0
20230101T000018.100000,3,1895,8023.04,-976.3,-675.781,0,0,0,2500,0,0,2500,0,2500,0
20230101T000018.100000,3,1896,8063.72,3717.14,899.986,0,0,0,2500,0,0,2500,0,2500,0
20230101T000018.100000,3,1897,7809.44,5090.33,-1308.25,0,0,0,2500,0,0,2500,0,2500,0
20230101T000018.100000,3,1898,1702.19,1592.25,546.533,0,0,0,2500,0,0,2500,0,2500,0
20230101T000018.100000,3,1899,963.049,1108.39,-296.88,0,0,0,2500,0,0,2500,0,2500,0
20230101T000018.100000,3,1900,7467.06,6567.51,-2172.01,0,0,0,2500,0,0,2500,0,2500,0
20230101T000018.200000,6,2028,2009.75,-1707.83,554.902,0,0,0,4988.37,5218.34,-1774.52,6694.81,1507.94,11131.9,2.70458e+15
20230101T000018.200000,6,2029,4557.43,-6176.65,960.248,0,0,0,61583.9,44304.5,-6997.34,34228.4,9483.44,94274.9,1.29926e+15
20230101T000018.200000,6,2030,3866.43,-3502.24,-792.58,0,0,0,20211.6,21134.6,4896.08,24400,-4434.91,43545.4,5.62918e+14
20230101T000018.200000,6,2031,3733.56,-1465.75,-474.396,0,0,0,3804.16,8611.98,2826.95,22359.6,-1109.82,25741.5,5.83488e+14
20230101T000018.200000,6,2032,3428.77,683.105,-400.297,0,0,0,1053.97,-3686.3,2188.94,18822.5,436.098,19557.7,5.08834e+15
20230101T000018.200000,6,2033,194.608,16.9845,5.72122,0,0,0,63.9753,0.254679,0.0842606,61.0794,0.00735387,61.112,3.03304e+14
20230101T000018.200000,6,2034,6017.21,-359.321,-606.702,0,0,0,856.559,3420.56,5834.69,57933.3,-348.421,58138.2,4.8862e+14
20230101T000018.200000,6,2035,6586.34,-210.203,-284.408,0,0,0,263.802,2208.99,2994.38,69407.9,-95.5657,69478.6,6.80191e+14
20230101T000018.200000,6,2036,6476.93,3217.53,468.681,0,0,0,16897,-33178.2,-4853.28,67203.2,-2410.96,83685.4,7.46475e+14
20230101T000018.200000,6,2037,5589.05,3004.97,-765.495,0,0,0,15224,-26454.5,6838.72,50204.4,3676.86,64428.7,3.01301e+15
20230101T000018.200000,6,2038,1143.29,913.93,-326.416,0,0,0,1477.64,-1558.94,586.48,2181.61,468.825,3430.83,1.18235e+19
20230101T000018.200000,6,2039,465.196,351.446,-61.8149,0,0,0,241.807,-228.206,40.6557,371.47,30.7145,544.586,6.19057e+14
20230101T000018.200000,3,1901,2009.75,-1707.83,554.902,0,0,0,2500,0,0,2500,0,2500,0
20230101T000018.200000,3,1902,4557.43,-6176.65,960.248,0,0,0,2500,0,0,2500,0,2500,0
20230101T000018.200000,3,1903,3866.43,-3502.24,-792.58,0,0,0,2500,0,0,2500,0,2500,0
20230101T000018.200000,3,1904,3733.56,-1465.75,-474.396,0,0,0,2500,0,0,2500,0,2500,0
20230101T000018.200000,3,1905,3428.77,683.105,-400.297,0,0,0,2500,0,0,2500,0,2500,0
20230101T000018.200000,3,1906,194.608,16.9845,5.72122,0,0,0,2500,0,0,2500,0,2500,0
20230101T000018.200000,3,1907,6017.21,-359.321,-606.702,0,0,0,2500,0,0,2500,0,2500,0
20230101T000018.200000,3,1908,6586.34,-210.203,-284.408,0,0,0,2500,0,0,2500,0,2500,0
20230101T000018.200000,3,1909,6476.93,3217.53,468.681,0,0,0,2500,0,0,2500,0,2500,0
20230101T000018.200000,3,1910,5589.05,3004.97,-765.495,0,0,0,2500,0,0,2500,0,2500,0
20230101T000018.200000,3,1911,1143.29,913.93,-326.416,0,0,0,2500,0,0,2500,0,2500,0
20230101T000018.200000,3,1912,465.196,351.446,-61.8149,0,0,0,2500,0,0,2500,0,2500,0
20230101T000018.300000,6,2040,8414.51,-7208.11,-241.49,0,0,0,83221.7,96966.6,3250.17,113353,-2784.19,196417,1.26569e+15
20230101T000018.300000,6,2041,4943.3,-5920.59,1054.49,0,0,0,56842.1,45921.4,-8334.78,40183.3,9982.57,95184.6,5.14134e+14
20230101T000018.300000,6,2042,2110.51,-818.389,23.5039,0,0,0,1128.01,2741.69,-78.7489,7135.31,30.5363,8198.45,5.8749e+14
20230101T000018.300000,6,2043,8408.63,-2491.94,-367.337,0,0,0,10192.8,33449.8,4939.52,113151,-1463.85,123064,5.30161e+15
20230101T000018.300000,6,2044,1268.44,742.558,-305.591,0,0,0,1039.2,-1415.13,609.192,2628.1,356.627,3459.19,1.55236e+19
20230101T000018.300000,6,2045,9443.21,3987.87,440.272,0,0,0,25762.4,-60119.3,-6649.6,142735,-2808.13,168124,3.89165e+14
20230101T000018.300000,6,2046,107.052,97.0114,-24.7526,0,0,0,49.7353,14.8087,-3.654,46.8138,-3.3113,35.2192,8.77744e+14
20230101T000018.300000,6,2047,5102.86,6961.14,-86.1468,0,0,0,77558.4,-56798.6,702.975,41712.1,958.972,119195,4.43656e+14
20230101T000018.300000,4,1902,4595,-6207.34,968.416,3.72006,-3.03822,0.808706,1627.3,1127.38,-175.341,931.201,237.639,2423.18,0
20230101T000018.300000,4,1906,137.501,136.293,-33.6229,-5.65421,11.8128,-3.89547,62.3944,0.242519,0.0802359,59.6368,0.00700261,59.6679,0
20230101T000018.300000,4,1911,1202.11,845.899,-318.048,5.82348,-6.73575,0.828555,646.041,-645.848,235.863,937.688,188.546,1416.45,0
20230101T000018.300000,3,1913,8414.51,-7208.11,-241.49,0,0,0,2500,0,0,2500,0,2500,0
20230101T000018.300000,3,1914,2110.51,-818.389,23.5039,0,0,0,2500,0,0,2500,0,2500,0
20230101T000018.300000,3,1915,8408.63,-2491.94,-367.337,0,0,0,2500,0,0,2500,0,2500,0
20230101T000018.300000,3,1916,9443.21,3987.87,440.272,0,0,0,2500,0,0,2500,0,2500,0
20230101T000018.300000,3,1917,5102.86,6961.14,-86.1468,0,0,0,2500,0,0,2500,0,2500,0
20230101T000018.400000,6,2048,3071.34,-2983.39,-110.33,0,0,0,14283.9,14619.1,540.997,15133.5,-525.504,29334,5.15071e+14
20230101T000018.400000,6,2049,5942.24,-5563.67,-917.516,0,0,0,50278.4,52193.5,8718.16,57155.1,-8162.73,106024,4.6897e+14
20230101T000018.400000,6,2050,4330.6,-5091.58,129.737,0,0,0,41516.8,35234.5,-898.14,30059.3,1055.96,71485.2,2.53685e+15
20230101T000018.400000,6,2051,2885.66,-746.411,540.25,0,0,0,1387.19,3317.98,-2483.49,13356.4,642.385,14216.7,8.31244e+14
20230101T000018.400000,6,2052,9244.8,-3827.12,1230.45,0,0,0,25556.7,55731.1,-18193.3,137110,7531.58,160182,6.51937e+14
20230101T000018.400000,6,2053,6810.63,-2639.58,-1031.31,0,0,0,12681.9,28168.9,11229.9,74445.8,-4352.35,85364.5,5.1194e+15
20230101T000018.400000,6,2054,8386.17,-4683.46,-1964.44,0,0,0,39849,60187.4,26347.7,114007,-14714.5,147623,6.39372e+14
20230101T000018.400000,6,2055,11942.9,685.124,-1821.8,0,0,0,6106.29,-12784.6,34802.7,228231,1996.51,228966,6.51477e+14
20230101T000018.400000,6,2056,6065.19,71.6845,-331.731,0,0,0,248.07,-692.812,3215.73,58858.4,38.0067,58866.8,3.82162e+14
20230101T000018.400000,6,2057,2504.49,1390.98,-621.525,0,0,0,3614.78,-5285.6,2478.97,10196.1,1376.8,13134.5,7.80487e+14
20230101T000018.400000,6,2058,3041.4,1726.55,171.242,0,0,0,4853.33,-8354.25,-830.584,14827.2,-471.509,19569.9,8.04368e+14
20230101T000018.400000,6,2059,1386.74,477.974,-315.303,0,0,0,562.387,-992.67,687.158,3100.26,236.846,3445.24,2.27406e+19
20230101T000018.400000,6,2060,7669.48,3543.74,-455.525,0,0,0,20419.1,-43335.1,5586.7,94183.1,2581.37,114207,1.8712e+15
20230101T000018.400000,6,2061,92.136,124.731,-2.36966,0,0,0,47.4838,12.1957,-0.231615,54.9853,-0.313554,38.49,4.23255e+15
20230101T000018.400000,6,2062,5057.11,5072.74,787.654,0,0,0,41698.5,-40517.5,-6368.3,41448.6,-6387.97,82092,2.68999e+15
20230101T000018.400000,4,1890,8881.9,-4624.56,1164.55,0.0431522,4.59827,0.0650674,651.264,1059.91,-265.953,2125.69,138.977,2645.29,0
20230101T000018.400000,4,1907,6035.27,-341.926,-596.621,3.47304,3.34513,1.93862,95.3394,142.921,241.425,2480.17,-14.4168,2465.43,0
20230101T000018.400000,3,1918,3071.34,-2983.39,-110.33,0,0,0,2500,0,0,2500,0,2500,0
20230101T000018.400000,3,1919,5942.24,-5563.67,-917.515,0,0,0,2500,0,0,2500,0,2500,0
20230101T000018.400000,3,1920,4330.6,-5091.58,129.737,0,0,0,2500,0,0,2500,0,2500,0
20230101T000018.400000,3,1921,2885.66,-746.411,540.25,0,0,0,2500,0,0,2500,0,2500,0
20230101T000018.400000,3,1922,6810.63,-2639.58,-1031.31,0,0,0,2500,0,0,2500,0,2500,0
20230101T000018.400000,3,1923,8386.17,-4683.46,-1964.44,0,0,0,2500,0,0,2500,0,2500,0
20230101T000018.400000,3,1924,11942.9,685.124,-1821.8,0,0,0,2500,0,0,2500,0,2500,0
20230101T000018.400000,3,1925,2504.49,1390.98,-621.525,0,0,0,2500,0,0,2500,0,2500,0
20230101T000018.400000,3,1926,3041.4,1726.55,171.242,0,0,0,2500,0,0,2500,0,2500,0
20230101T000018.400000,3,1927,1386.74,477.974,-315.303,0,0,0,2500,0,0,2500,0,2500,0
20230101T000018.400000,3,1928,7669.48,3543.74,-455.525,0,0,0,2500,0,0,2500,0,2500,0
20230101T000018.400000,3,1929,92.136,124.731,-2.36966,0,0,0,2500,0,0,2500,0,2500,0
20230101T000018.400000,3,1930,5057.11,5072.74,787.654,0,0,0,2500,0,0,2500,0,2500,0
20230101T000018.500000,6,2063,6872.42,-7604.79,1101.4,0,0,0,93433.6,82624.3,-12106.3,76671.5,13396.4,168102,6.13679e+14
20230101T000018.500000,6,2064,425.707,-523.102,44.7833,0,0,0,464.483,323.535,-27.8327,330.225,34.2004,728.061,1.1933e+15
20230101T000018.500000,6,2065,5299.83,-6195.57,1080.64,0,0,0,62232.3,51582.8,-9158.09,46056.4,10705.9,106358,1.00829e+15
20230101T000018.500000,6,2066,4349.08,-5525.37,532.969,0,0,0,49045.8,38196.7,-3705.7,30583.2,4707.98,79111.2,3.70052e+14
20230101T000018.500000,6,2067,7249.68,-1274.95,-69.3371,0,0,0,2670.35,14776.6,803.681,84094.8,-141.338,86693.5,4.17753e+14
20230101T000018.500000,6,2068,8664.96,-3101.44,-932.805,0,0,0,16680.5,42536.3,12926.3,120296,-4626.7,135521,8.02368e+14
20230101T000018.500000,6,2069,1459.05,176.114,-302.339,0,0,0,254.299,-386.429,693.263,3409.1,83.6801,3458.34,1.65857e+18
20230101T000018.500000,6,2070,10351.2,5025.26,742.091,0,0,0,41169.7,-82856.9,-12286.8,171617,-5964.92,211842,1.01973e+15
20230101T000018.500000,6,2071,5377.71,5424.78,1501.19,0,0,0,48902.8,-44843,-12908.3,48121.3,-13021.2,93359.2,9.60133e+14
20230101T000018.500000,6,2072,4215.98,4663.86,-903.244,0,0,0,35417.8,-30779.9,6086.86,29192.1,6733.49,63243.1,4.55871e+14
20230101T000018.500000,3,1931,6872.42,-7604.79,1101.4,0,0,0,2500,0,0,2500,0,2500,0
20230101T000018.500000,3,1932,425.707,-523.102,44.7833,0,0,0,2500,0,0,2500,0,2500,0
20230101T000018.500000,3,1933,5299.83,-6195.57,1080.64,0,0,0,2500,0,0,2500,0,2500,0
20230101T000018.500000,3,1934,4349.08,-5525.37,532.969,0,0,0,2500,0,0,2500,0,2500,0
20230101T000018.500000,3,1935,7249.68,-1274.95,-69.3371,0,0,0,2500,0,0,2500,0,2500,0
20230101T000018.500000,3,1936,8664.96,-3101.44,-932.805,0,0,0,2500,0,0,2500,0,2500,0
20230101T000018.500000,3,1937,1459.05,176.114,-302.339,0,0,0,2500,0,0,2500,0,2500,0
20230101T000018.500000,3,1938,10351.2,5025.26,742.091,0,0,0,2500,0,0,2500,0,2500,0
20230101T000018.500000,3,1939,5377.71,5424.78,1501.19,0,0,0,2500,0,0,2500,0,2500,0
20230101T000018.500000,3,1940,4215.98,4663.86,-903.244,0,0,0,2500,0,0,2500,0,2500,0
20230101T000018.600000,6,2073,2313.08,-3201.07,673.557,0,0,0,16665.3,11472.8,-2486.58,9078.3,3441.17,24957.3,1.28513e+15
20230101T000018.600000,6,2074,6520.87,-4355.92,-1290.49,0,0,0,32244,44187.5,13455.7,68876.1,-8988.36,98394.9,7.83401e+15
20230101T000018.600000,6,2075,4943.07,-2232.12,591.213,0,0,0,8488.81,17420.1,-4669.57,39199.8,2108.61,47066.8,5.62709e+14
20230101T000018.600000,6,2076,1471.72,-4.62468,-293.286,0,0,0,199.214,10.2641,678.348,3465.53,-2.13162,3468,1.96253e+19
20230101T000018.600000,6,2077,4540.69,-285.886,307.78,0,0,0,345.194,2063.49,-2231.75,32989.4,140.513,33119.6,6.71308e+14
20230101T000018.600000,6,2078,10881.4,1099.08,-577.454,0,0,0,2524.07,-19075.4,10050.2,189453,1015.13,191380,2.1456e+15
20230101T000018.600000,6,2079,9868.19,1361.6,-2387.89,0,0,0,11978.5,-20255,37688.3,155982,5200.19,158780,8.82809e+14
20230101T000018.600000,6,2080,8918.26,-283.105,-688.369,0,0,0,949.194,4013.63,9817.58,127257,-311.654,127385,3.29102e+15
20230101T000018.600000,6,2081,6253.63,1102.44,736.958,0,0,0,2848.63,-10871.5,-7366.64,62600.8,-1298.65,64518.1,2.17113e+15
20230101T000018.600000,6,2082,10406.9,5113.95,-42.047,0,0,0,41897.8,-85126.4,699.921,173300,343.94,215131,6.78089e+14
20230101T000018.600000,6,2083,9240.23,2550.29,1418.97,0,0,0,13458.1,-36862.2,-20969.6,136843,-5787.58,147019,1.83912e+15
20230101T000018.600000,6,2084,1689.94,2003.61,-219.672,0,0,0,6481.61,-5348.18,590.537,4651.68,700.146,10993,1.65442e+15
20230101T000018.600000,4,1937,1469.21,100.304,-298.639,1.00644,-7.50598,0.366325,139.382,-159.281,278.639,1439.75,33.633,1426.68,0
20230101T000018.600000,4,1938,10408.5,5053.79,736.997,5.6719,2.82491,-0.50432,534.595,-951.851,-140.569,2033.16,-68.2427,2485.3,0
20230101T000018.600000,3,1941,2313.08,-3201.07,673.557,0,0,0,2500,0,0,2500,0,2500,0
20230101T000018.600000,3,1942,6520.87,-4355.92,-1290.49,0,0,0,2500,0,0,2500,0,2500,0
20230101T000018.600000,3,1943,4943.07,-2232.12,591.213,0,0,0,2500,0,0,2500,0,2500,0
20230101T000018.600000,3,1944,4540.69,-285.886,307.78,0,0,0,2500,0,0,2500,0,2500,0
20230101T000018.600000,3,1945,10881.4,1099.08,-577.454,0,0,0,2500,0,0,2500,0,2500,0
20230101T000018.600000,3,1946,9868.19,1361.6,-2387.89,0,0,0,2500,0,0,2500,0,2500,0
20230101T000018.600000,3,1947,8918.26,-283.105,-688.369,0,0,0,2500,0,0,2500,0,2500,0
20230101T000018.600000,3,1948,6253.63,1102.44,736.958,0,0,0,2500,0,0,2500,0,2500,0
20230101T000018.600000,3,1949,9240.23,2550.29,1418.97,0,0,0,2500,0,0,2500,0,2500,0
20230101T000018.600000,3,1950,1689.94,2003.61,-219.672,0,0,0,2500,0,0,2500,0,2500,0
20230101T000018.700000,6,2085,282.752,-315.133,86.6641,0,0,0,191.65,106.06,-30.8101,168.605,34.3386,289.386,3.18758e+15
20230101T000018.700000,6,2086,2062.38,-510.315,52.6161,0,0,0,481.119,1668,-172.085,6809.41,42.5808,7222.18,2.05385e+15
20230101T000018.700000,6,2087,1441.65,-325.272,-255.97,0,0,0,328.163,714.436,579.931,3333.45,-130.847,3496.51,2.06103e+18
20230101T000018.700000,6,2088,5444.27,-1483.02,-807.256,0,0,0,4547.95,12638,7023.21,47500.5,-1913.12,50944.4,6.93869e+14
20230101T000018.700000,6,2089,6654.45,-4609.81,1894.82,0,0,0,37923.2,46363.7,-20162.7,72733.1,13967.5,104854,3.40565e+15
20230101T000018.700000,6,2090,7143.46,-1426.98,645.776,0,0,0,3960.74,16169.4,-7375.4,81674.5,1473.31,84905,5.19426e+15
20230101T000018.700000,6,2091,1454.78,-224.192,-285.064,0,0,0,267.677,492.984,651.723,3390.68,-100.435,3468.96,2.07392e+18
20230101T000018.700000,6,2092,4116.4,695.806,-843.985,0,0,0,1942.45,-4385.34,5546.42,27144.9,937.528,27888.7,3.75915e+15
20230101T000018.700000,6,2093,2727.68,1025.71,77.7393,0,0,0,1747.84,-4452.24,-337.679,11913.5,-126.98,13587.7,4.58676e+14
20230101T000018.700000,6,2094,2176.39,791.381,-246.571,0,0,0,1143.86,-2704.2,852.282,7597.43,309.908,8581.46,3.97122e+14
20230101T000018.700000,4,1935,7202.78,-1271.73,-47.9269,-9.01945,0.620205,4.11736,136.53,419.921,22.837,2450.45,-4.0162,2524.08,0
20230101T000018.700000,3,1951,282.752,-315.133,86.6641,0,0,0,2500,0,0,2500,0,2500,0
20230101T000018.700000,3,1952,2062.38,-510.315,52.6161,0,0,0,2500,0,0,2500,0,2500,0
20230101T000018.700000,3,1953,1441.65,-325.272,-255.97,0,0,0,2500,0,0,2500,0,2500,0
20230101T000018.700000,3,1954,5444.27,-1483.01,-807.256,0,0,0,2500,0,0,2500,0,2500,0
20230101T000018.700000,3,1955,6654.45,-4609.81,1894.82,0,0,0,2500,0,0,2500,0,2500,0
20230101T000018.700000,3,1956,1454.78,-224.192,-285.064,0,0,0,2500,0,0,2500,0,2500,0
20230101T000018.700000,3,1957,4116.4,695.806,-843.985,0,0,0,2500,0,0,2500,0,2500,0
20230101T000018.700000,3,1958,2727.68,1025.71,77.7393,0,0,0,2500,0,0,2500,0,2500,0
20230101T000018.700000,3,1959,2176.39,791.381,-246.571,0,0,0,2500,0,0,2500,0,2500,0
20230101T000018.800000,6,2095,8857.93,-7052.08,-1182.6,0,0,0,80979.3,98825.7,16755.5,126433,-13339.6,205112,6.62411e+14
20230101T000018.800000,6,2096,8446.86,-7559.98,-2280.65,0,0,0,96100.3,98006.8,30813.7,117888,-27578.4,205607,8.74025e+14
20230101T000018.800000,6,2097,9109.7,-5917.57,-1189.39,0,0,0,57664.5,85188.8,17330.2,133469,-11257.5,188808,9.67586e+14
20230101T000018.800000,6,2098,5599.88,-7587.27,2158.38,0,0,0,94756.5,64390.1,-19330.4,55038.5,26190.7,142284,5.79912e+14
20230101T000018.800000,6,2099,3778.91,-1600.11,-53.1201,0,0,0,4154.66,9650.1,320.415,22858.7,-135.674,26944.9,4.71986e+14
20230101T000018.800000,6,2100,1409.78,-415.863,-284.928,0,0,0,452.949,886.055,631.23,3195.32,-186.203,3459.01,1.06851e+19
20230101T000018.800000,6,2101,11519.9,-2387.39,-1713.41,0,0,0,13683.3,43058.2,31572.2,212528,-6543.07,221453,5.63996e+14
20230101T000018.800000,6,2102,8063.52,-1716.85,692.308,0,0,0,5510.52,21981,-8926.68,104069,1900.63,108749,6.86571e+14
20230101T000018.800000,6,2103,3758.18,434.123,-678.278,0,0,0,1089.14,-2519.44,4067.5,22608.8,469.854,22901.8,7.68816e+14
20230101T000018.800000,6,2104,9142.74,57.5528,-1358.29,0,0,0,3019.72,-822.928,19860.3,133744,125.019,133750,2.64635e+15
20230101T000018.800000,6,2105,3736.98,838.593,-322.758,0,0,0,1344.37,-4964.91,1924.6,22355.1,431.887,23469.7,7.44588e+14
20230101T000018.800000,6,2106,4197.69,1093.68,-483.147,0,0,0,2322.76,-7238.92,3238.15,28220.7,843.676,30107.5,6.39903e+14
20230101T000018.800000,6,2107,606.654,144.417,120.56,0,0,0,113.764,-121.04,-105.418,593.403,-25.0953,624.523,6.51353e+14
20230101T000018.800000,6,2108,4789.37,1444.37,-226.255,0,0,0,3471.53,-11027.9,1731.02,36713.1,522.037,40039,2.4834e+15
20230101T000018.800000,6,2109,2559.75,2962.07,-374.516,0,0,0,14161.2,-11989.1,1529.91,10648.5,1770.36,24522.5,1.86985e+15
20230101T000018.800000,6,2110,8722.82,7753.05,-1625.83,0,0,0,98573.5,-106074,22684.4,123634,20162.4,217917,4.12562e+15
20230101T000018.800000,6,2111,7991.25,6821.66,-2188.78,0,0,0,78925.6,-83406.3,27976.1,105433,23881.5,176635,1.5586e+15
20230101T000018.800000,6,2112,6882.93,5317.8,1768.4,0,0,0,48418.2,-56112.8,-19465,77692.8,-15038.8,121048,7.14088e+14
20230101T000018.800000,4,1953,1428.21,-363.509,-267.694,-1.33038,-3.78587,-1.16083,169.799,292.424,233.184,1399.88,-52.612,1442.59,0
20230101T000018.800000,3,1960,8857.93,-7052.08,-1182.6,0,0,0,2500,0,0,2500,0,2500,0
20230101T000018.800000,3,1961,8446.86,-7559.99,-2280.65,0,0,0,2500,0,0,2500,0,2500,0
20230101T000018.800000,3,1962,9109.7,-5917.57,-1189.39,0,0,0,2500,0,0,2500,0,2500,0
20230101T000018.800000,3,1963,5599.88,-7587.27,2158.38,0,0,0,2500,0,0,2500,0,2500,0
20230101T000018.800000,3,1964,3778.91,-1600.11,-53.1201,0,0,0,2500,0,0,2500,0,2500,0
20230101T000018.800000,3,1965,11519.9,-2387.39,-1713.41,0,0,0,2500,0,0,2500,0,2500,0
20230101T000018.800000,3,1966,8063.52,-1716.85,692.308,0,0,0,2500,0,0,2500,0,2500,0
20230101T000018.800000,3,1967,3758.18,434.123,-678.278,0,0,0,2500,0,0,2500,0,2500,0
20230101T000018.800000,3,1968,9142.74,57.5528,-1358.29,0,0,0,2500,0,0,2500,0,2500,0
20230101T000018.800000,3,1969,3736.98,838.593,-322.758,0,0,0,2500,0,0,2500,0,2500,0
20230101T000018.800000,3,1970,4197.69,1093.68,-483.147,0,0,0,2500,0,0,2500,0,2500,0
20230101T000018.800000,3,1971,606.654,144.417,120.56,0,0,0,2500,0,0,2500,0,2500,0
20230101T000018.800000,3,1972,4789.37,1444.37,-226.255,0,0,0,2500,0,0,2500,0,2500,0
20230101T000018.800000,3,1973,2559.75,2962.07,-374.516,0,0,0,2500,0,0,2500,0,2500,0
20230101T000018.800000,3,1974,8722.82,7753.05,-1625.83,0,0,0,2500,0,0,2500,0,2500,0
20230101T000018.800000,3,1975,7991.25,6821.66,-2188.78,0,0,0,2500,0,0,2500,0,2500,0
20230101T000018.800000,3,1976,6882.93,5317.8,1768.4,0,0,0,2500,0,0,2500,0,2500,0
20230101T000018.900000,6,2113,1932.32,-1623.84,-38.9662,0,0,0,4257.88,4987.73,119.716,6001.68,-100.604,10193.2,7.2958e+14
20230101T000018.900000,6,2114,1241.22,-799.381,-250.205,0,0,0,1137.19,1513.62,488.032,2512.62,-314.306,3489.22,7.7056e+17
20230101T000018.900000,6,2115,3362.93,-3532.03,50.1684,0,0,0,19992.8,18970.8,-269.486,18130.6,283.037,38055.3,1.89394e+15
20230101T000018.900000,6,2116,1999.23,-874.281,35.3802,0,0,0,1278.38,2772.39,-112.222,6405.65,49.0759,7618.06,3.65123e+14
20230101T000018.900000,6,2117,4713.43,-3099.96,-692.47,0,0,0,15955.2,22997.1,5215.79,35797,-3430.35,50922.8,8.26055e+14
20230101T000018.900000,6,2118,12083.8,1145.96,525.689,0,0,0,2602.69,-22108.5,-10160.9,233632,-963.61,235729,4.12659e+14
20230101T000018.900000,6,2119,11315.1,-1217.27,1163.61,0,0,0,4575.02,21800.5,-21059.7,204874,2265.6,207220,1.36362e+16
20230101T000018.900000,6,2120,856.395,-176.281,94.5241,0,0,0,124.124,226.23,-122.821,1176.61,25.2816,1223.92,1.04283e+15
20230101T000018.900000,6,2121,3222.61,2107.69,-443.056,0,0,0,7372,-10694.8,2278.39,16729.4,1490.14,23725,8.12842e+14
20230101T000018.900000,6,2122,7655.73,8375.81,-2613.35,0,0,0,117248,-97124.7,32001.9,99762.9,35011.9,206026,5.15847e+14
20230101T000018.900000,6,2123,5398.89,6194.16,-1154.56,0,0,0,62336.1,-52419.1,9967.54,47884.5,11435.8,108026,1.79381e+15
20230101T000018.900000,6,2124,3970.3,3943.11,-899.648,0,0,0,25560.4,-24369.9,5707.88,25895.3,5668.79,50099.9,7.75622e+14
20230101T000018.900000,3,1977,1932.32,-1623.84,-38.9662,0,0,0,2500,0,0,2500,0,2500,0
20230101T000018.900000,3,1978,1241.22,-799.381,-250.205,0,0,0,2500,0,0,2500,0,2500,0
20230101T000018.900000,3,1979,3362.93,-3532.04,50.1684,0,0,0,2500,0,0,2500,0,2500,0
20230101T000018.900000,3,1980,1999.23,-874.281,35.3802,0,0,0,2500,0,0,2500,0,2500,0
20230101T000018.900000,3,1981,4713.43,-3099.96,-692.47,0,0,0,2500,0,0,2500,0,2500,0
20230101T000018.900000,3,1982,12083.8,1145.96,525.689,0,0,0,2500,0,0,2500,0,2500,0
20230101T000018.900000,3,1983,11315.1,-1217.27,1163.61,0,0,0,2500,0,0,2500,0,2500,0
20230101T000018.900000,3,1984,856.395,-176.281,94.5241,0,0,0,2500,0,0,2500,0,2500,0
20230101T000018.900000,3,1985,3222.61,2107.69,-443.056,0,0,0,2500,0,0,2500,0,2500,0
20230101T000018.900000,3,1986,7655.73,8375.81,-2613.35,0,0,0,2500,0,0,2500,0,2500,0
20230101T000018.900000,3,1987,5398.89,6194.16,-1154.56,0,0,0,2500,0,0,2500,0,2500,0
20230101T000018.900000,3,1988,3970.3,3943.11,-899.648,0,0,0,2500,0,0,2500,0,2500,0
20230101T000019,6,2125,1798.54,-1415.53,430.476,0,0,0,3427.19,3899.26,-1229.63,5312.63,967.769,8383.71,1.44677e+15
20230101T000019,6,2126,1180.39,-894.507,-242.891,0,0,0,1379.78,1613.94,450.583,2286.47,-341.456,3511.2,1.7777e+17
20230101T000019,6,2127,6088.47,-5297.54,1306.33,0,0,0,46491.7,50223.3,-12718.1,60514.5,11065.9,104215,6.15596e+14
20230101T000019,6,2128,4389.69,-4947.11,-294.81,0,0,0,39247.6,34645.3,2068.71,30944.6,-2331.4,69989.4,2.47783e+15
20230101T000019,6,2129,2664.86,-834.589,-436.483,0,0,0,1448.96,3453.74,1851.74,11395.1,-579.935,12478.3,3.01931e+15
20230101T000019,6,2130,2724.77,399.162,285.576,0,0,0,444.662,-1712.4,-1238.51,11883.1,-181.434,12134.6,5.46061e+14
20230101T000019,6,2131,1391.79,-266.236,145.797,0,0,0,207.315,574.911,-318.272,3102.78,60.8822,3213.43,2.92649e+15
20230101T000019,6,2132,4249.87,-674.292,-328.181,0,0,0,957.631,4548.53,2226.77,28904,-353.303,29626.1,3.9131e+15
20230101T000019,6,2133,2938.77,1433.11,434.239,0,0,0,3580.64,-6594.9,-2034.3,13888.3,-992.039,17105.4,5.55732e+15
20230101T000019,6,2134,5143.62,2474.05,814.671,0,0,0,10706.8,-19921.6,-6696.5,42542.2,-3220.98,52125.7,6.30151e+15
20230101T000019,6,2135,3122.98,3196.44,124.182,0,0,0,16390.8,-15927.5,-619.266,15650.1,-633.832,31952.4,2.21878e+15
20230101T000019,6,2136,416.915,602.727,-0.750014,0,0,0,601.961,-372.114,0.463047,321.397,0.66942,859.357,9.12086e+14
20230101T000019,4,1978,1218.82,-841.232,-247.513,-2.2184,-4.14364,0.266596,501.51,620.251,196.614,1065.13,-126.625,1442.34,0
20230101T000019,3,1989,1798.54,-1415.53,430.476,0,0,0,2500,0,0,2500,0,2500,0
20230101T000019,3,1990,6088.47,-5297.54,1306.33,0,0,0,2500,0,0,2500,0,2500,0
20230101T000019,3,1991,4389.69,-4947.11,-294.81,0,0,0,2500,0,0,2500,0,2500,0
20230101T000019,3,1992,2664.86,-834.589,-436.483,0,0,0,2500,0,0,2500,0,2500,0
20230101T000019,3,1993,2724.77,399.162,285.576,0,0,0,2500,0,0,2500,0,2500,0
20230101T000019,3,1994,1391.79,-266.236,145.797,0,0,0,2500,0,0,2500,0,2500,0
20230101T000019,3,1995,4249.87,-674.292,-328.181,0,0,0,2500,0,0,2500,0,2500,0
20230101T000019,3,1996,2938.77,1433.11,434.239,0,0,0,2500,0,0,2500,0,2500,0
20230101T000019,3,1997,5143.62,2474.05,814.671,0,0,0,2500,0,0,2500,0,2500,0
20230101T000019,3,1998,3122.98,3196.44,124.182,0,0,0,2500,0,0,2500,0,2500,0
20230101T000019,3,1999,416.915,602.727,-0.750014,0,0,0,2500,0,0,2500,0,2500,0
20230101T000019.100000,6,2137,8244.46,-5901.15,-568.297,0,0,0,56101.5,77568.1,7493.57,108950,-5363.68,164472,3.0163e+15
20230101T000019.100000,6,2138,11998.9,-2287.18,-1544.89,0,0,0,12115.5,43195.8,29651.2,230492,-5652.01,238727,8.32081e+14
20230101T000019.100000,6,2139,7923.7,-2773.62,-830.951,0,0,0,13349.4,34799.5,10528.8,100584,-3685.52,112765,4.20811e+14
20230101T000019.100000,6,2140,3976.77,-867.518,-975.269,0,0,0,2714.62,5190.36,6191.3,25375.3,-1350.61,26511.1,8.99712e+14
20230101T000019.100000,6,2141,11695.8,-1367.28,-1148.94,0,0,0,5137.3,25335.3,21494.3,218895,-2512.76,221857,3.4504e+15
20230101T000019.100000,6,2142,971.056,1138.99,-78.0871,0,0,0,2106.64,-1733.31,119.163,1551.33,139.77,3584.56,2.22373e+20
20230101T000019.100000,6,2143,8056.56,7484.26,-326.264,0,0,0,89748.4,-96359,4204.31,103962,3905.66,193476,2.44792e+15
20230101T000019.100000,6,2144,5908.07,6433.44,218.198,0,0,0,66286.7,-60744.9,-2061.52,55924.5,-2244.84,122071,2.48928e+15
20230101T000019.100000,6,2145,6191.17,4792.78,-251.623,0,0,0,36856.5,-47396.7,2490.93,61390.9,1928.3,98082.2,5.40777e+14
20230101T000019.100000,4,1965,11469,-2364,-1698.68,-14.0025,6.43808,4.05172,223.186,511.615,367.277,2585.85,-76.115,2637.93,0
20230101T000019.100000,3,2000,8244.46,-5901.15,-568.297,0,0,0,2500,0,0,2500,0,2500,0
20230101T000019.100000,3,2001,11998.9,-2287.18,-1544.89,0,0,0,2500,0,0,2500,0,2500,0
20230101T000019.100000,3,2002,7923.7,-2773.62,-830.951,0,0,0,2500,0,0,2500,0,2500,0
20230101T000019.100000,3,2003,3976.77,-867.518,-975.269,0,0,0,2500,0,0,2500,0,2500,0
20230101T000019.100000,3,2004,971.056,1138.99,-78.0871,0,0,0,2500,0,0,2500,0,2500,0
20230101T000019.100000,3,2005,8056.56,7484.26,-326.264,0,0,0,2500,0,0,2500,0,2500,0
20230101T000019.100000,3,2006,5908.07,6433.44,218.198,0,0,0,2500,0,0,2500,0,2500,0
20230101T000019.100000,3,2007,6191.17,4792.78,-251.623,0,0,0,2500,0,0,2500,0,2500,0
20230101T000019.200000,6,2146,3208.99,-3436.32,-339.564,0,0,0,19008.9,17519.6,1740.32,16608.8,-1863.6,35369.8,3.95667e+15
20230101T000019.200000,6,2147,2445.59,-1178.68,163.956,0,0,0,2309.5,4570.35,-638.082,9589.62,307.53,11792.6,7.88217e+14
20230101T000019.200000,6,2148,10800.2,-1930.09,-344.634,0,0,0,6206.52,33308.7,5953.44,186640,-1063.93,192593,4.97124e+14
20230101T000019.200000,6,2149,2873.87,7.51922,224.259,0,0,0,144.17,-34.1979,-1026.23,13214.6,-2.68502,13215.1,9.74644e+14
20230101T000019.200000,6,2150,4392.15,624.185,-148.883,0,0,0,720.798,-4372.58,1044.14,30867.6,148.387,31489.1,2.20893e+15
20230101T000019.200000,6,2151,9617.01,1069.39,1361.47,0,0,0,4821.28,-16122.2,-20940.5,148016,-2328.53,149810,6.10629e+14
20230101T000019.200000,6,2152,4636.91,2974.35,-702.804,0,0,0,14759.3,-21679.1,5207.38,34650.2,3340.28,48557.3,5.68e+14
20230101T000019.200000,6,2153,1135.74,977.619,-54.5374,0,0,0,1568.63,-1742.55,97.3412,2093.06,83.7894,3593.1,8.99776e+19
20230101T000019.200000,6,2154,6484.88,8361.52,-980.386,0,0,0,112466,-85982.1,10168.7,68285.7,13111.4,179151,2.52835e+15
20230101T000019.200000,6,2155,4229.9,3544.49,-621.388,0,0,0,20501.5,-23653.3,4200,28908.3,3519.43,48729.6,6.07681e+14
20230101T000019.200000,4,2004,1044.4,1078.09,-68.4003,7.26217,-6.02951,0.959094,885.766,-698.667,47.9557,661.93,56.249,1479.23,0
20230101T000019.200000,3,2008,3208.99,-3436.32,-339.564,0,0,0,2500,0,0,2500,0,2500,0
20230101T000019.200000,3,2009,2445.59,-1178.68,163.956,0,0,0,2500,0,0,2500,0,2500,0
20230101T000019.200000,3,2010,10800.2,-1930.09,-344.634,0,0,0,2500,0,0,2500,0,2500,0
20230101T000019.200000,3,2011,2873.87,7.51922,224.259,0,0,0,2500,0,0,2500,0,2500,0
20230101T000019.200000,3,2012,4392.15,624.185,-148.883,0,0,0,2500,0,0,2500,0,2500,0
20230101T000019.200000,3,2013,9617.01,1069.39,1361.47,0,0,0,2500,0,0,2500,0,2500,0
20230101T000019.200000,3,2014,4636.91,2974.35,-702.804,0,0,0,2500,0,0,2500,0,2500,0
20230101T000019.200000,3,2015,6484.88,8361.52,-980.386,0,0,0,2500,0,0,2500,0,2500,0
20230101T000019.200000,3,2016,4229.9,3544.49,-621.388,0,0,0,2500,0,0,2500,0,2500,0
20230101T000019.300000,6,2156,2350.29,-1720.9,243.142,0,0,0,4841.37,6396.01,-910.046,8893.35,666.345,13577,2.15089e+15
20230101T000019.300000,6,2157,370.813,-387.079,-38.8117,0,0,0,271.35,196.647,19.8381,254.46,-20.7084,460.067,6.46526e+14
20230101T000019.300000,6,2158,5915.2,-6009.02,1767.84,0,0,0,60264.4,54340.8,-16722.3,58554,16987.6,113759,5.60789e+14
20230101T000019.300000,6,2159,9736.04,881.434,-484.864,0,0,0,1679.5,-13691.2,7549.9,151668,683.515,152908,8.62855e+14
20230101T000019.300000,6,2160,2346.06,748.539,-514.222,0,0,0,1336.14,-2669.51,1918.03,8851.13,611.971,9705.54,6.2617e+15
20230101T000019.300000,6,2161,1304.72,732.62,-53.278,0,0,0,910.82,-1500.15,109.236,2740.06,61.3378,3582.51,1.34183e+20
20230101T000019.300000,6,2162,2537.8,2232.14,228.393,0,0,0,8054.88,-8990.59,-924.156,10368.9,-812.846,18276.9,9.63612e+14
20230101T000019.300000,6,2163,3207.04,2387.77,-616.226,0,0,0,9553.42,-11931.3,3154.29,16695.2,2348.5,25580,4.86019e+15
20230101T000019.300000,6,2164,6999.16,8016.33,-441.396,0,0,0,102981,-89586,4941.3,78594.3,5659.41,181200,7.26234e+14
20230101T000019.300000,6,2165,6631.43,6760.34,403.686,0,0,0,73282.6,-71566.8,-4281.31,70526.7,-4364.54,143485,7.83737e+14
20230101T000019.300000,4,2015,6506.45,8375.39,-975.135,2.13559,1.37318,0.519941,1585.94,-1165.56,136.678,987.046,176.232,2469.54,0
20230101T000019.300000,3,2017,2350.29,-1720.9,243.142,0,0,0,2500,0,0,2500,0,2500,0
20230101T000019.300000,3,2018,370.813,-387.079,-38.8117,0,0,0,2500,0,0,2500,0,2500,0
20230101T000019.300000,3,2019,5915.2,-6009.02,1767.84,0,0,0,2500,0,0,2500,0,2500,0
20230101T000019.300000,3,2020,9736.04,881.434,-484.864,0,0,0,2500,0,0,2500,0,2500,0
20230101T000019.300000,3,2021,2346.06,748.539,-514.222,0,0,0,2500,0,0,2500,0,2500,0
20230101T000019.300000,3,2022,1304.72,732.62,-53.278,0,0,0,2500,0,0,2500,0,2500,0
20230101T000019.300000,3,2023,2537.8,2232.14,228.393,0,0,0,2500,0,0,2500,0,2500,0
20230101T000019.300000,3,2024,3207.04,2387.77,-616.226,0,0,0,2500,0,0,2500,0,2500,0
20230101T000019.300000,3,2025,6631.43,6760.34,403.686,0,0,0,2500,0,0,2500,0,2500,0
20230101T000019.400000,6,2166,10581.8,-4906.16,-1983.09,0,0,0,43742.8,80640.7,33565.9,180284,-15562.6,217674,2.2074e+15
20230101T000019.400000,6,2167,10487.3,1846.94,2454.54,0,0,0,14866.5,-29334.1,-41172.5,176265,-7250.99,181434,9.75177e+14
20230101T000019.400000,6,2168,5860.89,684.833,398.123,0,0,0,1063.43,-6385.4,-3729.1,54964.4,-435.738,55710.8,1.47921e+16
20230101T000019.400000,6,2169,5354.04,-622.551,-77.1632,0,0,0,692.644,5324.62,660.105,45866.1,-76.755,46485.3,4.72997e+14
20230101T000019.400000,6,2170,1418.64,489.022,-45.8917,0,0,0,442.79,-1089.25,102.317,3227.2,35.27,3602.74,1.72269e+20
20230101T000019.400000,6,2171,6020.26,2092.98,-364.356,0,0,0,7255.33,-20074.8,3506.18,58019.4,1218.95,64998.7,5.10677e+14
20230101T000019.400000,6,2172,1953.33,1966.04,-279.481,0,0,0,6278.08,-6050.36,868.966,6199.55,874.623,12289.9,6.22788e+15
20230101T000019.400000,6,2173,2807.9,3087.66,-806.236,0,0,0,15752.5,-13323.4,3614.11,13217.9,3974.19,27871,6.32907e+14
20230101T000019.400000,3,2026,10581.8,-4906.16,-1983.09,0,0,0,2500,0,0,2500,0,2500,0
20230101T000019.400000,3,2027,10487.3,1846.94,2454.54,0,0,0,2500,0,0,2500,0,2500,0
20230101T000019.400000,3,2028,5860.89,684.833,398.123,0,0,0,2500,0,0,2500,0,2500,0
20230101T000019.400000,3,2029,5354.04,-622.551,-77.1632,0,0,0,2500,0,0,2500,0,2500,0
20230101T000019.400000,3,2030,1418.64,489.022,-45.8917,0,0,0,2500,0,0,2500,0,2500,0
20230101T000019.400000,3,2031,6020.26,2092.98,-364.356,0,0,0,2500,0,0,2500,0,2500,0
20230101T000019.400000,3,2032,1953.33,1966.04,-279.481,0,0,0,2500,0,0,2500,0,2500,0
20230101T000019.400000,3,2033,2807.9,3087.66,-806.236,0,0,0,2500,0,0,2500,0,2500,0
20230101T000019.500000,6,2174,1275.64,-1517.51,-132.812,0,0,0,3722.63,3051.99,268.326,2657.46,-319.204,6288.44,6.65746e+14
20230101T000019.500000,6,2175,5939.63,-3906.94,-961.576,0,0,0,25499.1,36421.1,9131.15,56912.5,-6006.23,80870.6,5.27926e+15
20230101T000019.500000,6,2176,1475.29,268.833,-62.9632,0,0,0,183.607,-622.187,145.984,3484.65,26.6017,3598.14,2.09742e+20
20230101T000019.500000,6,2177,10056.5,1863.26,1155.76,0,0,0,7682.19,-29586.5,-18589.5,161886,-3444.26,167368,8.52748e+14
20230101T000019.500000,6,2178,8117.51,-1733.67,-598.656,0,0,0,5418.27,22386.8,7770.86,105458,-1659.63,110240,8.20686e+14
20230101T000019.500000,6,2179,4969.67,-224.376,500.001,0,0,0,542.971,1763.24,-3969.39,39517.2,179.214,39597.4,3.41239e+14
20230101T000019.500000,6,2180,8197.96,1910.23,1190.11,0,0,0,8047.36,-24541.3,-15601.7,107650,-3635.4,113370,5.79904e+14
20230101T000019.500000,6,2181,6324.36,9060.68,-2217.48,0,0,0,133951,-87963.4,22431.6,69327.6,32136.9,195352,8.85188e+14
20230101T000019.500000,6,2182,5106.12,3251.94,1118.05,0,0,0,18387.1,-25633.4,-9124.63,42310.9,-5811.21,58638.2,7.75568e+14
20230101T000019.500000,4,2030,1448.68,400.155,-52.9194,2.97473,-8.79874,-0.695809,214.645,-437.748,41.0965,1333.64,14.1665,1483.78,0
20230101T000019.500000,3,2034,1275.64,-1517.51,-132.812,0,0,0,2500,0,0,2500,0,2500,0
20230101T000019.500000,3,2035,5939.63,-3906.94,-961.576,0,0,0,2500,0,0,2500,0,2500,0
20230101T000019.500000,3,2036,10056.5,1863.26,1155.76,0,0,0,2500,0,0,2500,0,2500,0
20230101T000019.500000,3,2037,8117.51,-1733.67,-598.656,0,0,0,2500,0,0,2500,0,2500,0
20230101T000019.500000,3,2038,4969.67,-224.376,500.001,0,0,0,2500,0,0,2500,0,2500,0
20230101T000019.500000,3,2039,8197.96,1910.23,1190.11,0,0,0,2500,0,0,2500,0,2500,0
20230101T000019.500000,3,2040,6324.36,9060.68,-2217.48,0,0,0,2500,0,0,2500,0,2500,0
20230101T000019.500000,3,2041,5106.12,3251.94,1118.05,0,0,0,2500,0,0,2500,0,2500,0
20230101T000019.600000,6,2183,1218.57,-1759.35,270.233,0,0,0,5010.83,3346.06,-522.349,2497.4,754.158,7329.4,2.41291e+15
20230101T000019.600000,6,2184,9823.39,-4230.82,-298.338,0,0,0,28813.8,66422.6,4687.46,154431,-2018.83,183038,5.98115e+14
20230101T000019.600000,6,2185,4340.55,-2561.01,-867.057,0,0,0,11432.4,17232.3,6012.4,30471.3,-3547.43,40640.5,1.20519e+15
20230101T000019.600000,6,2186,1498.56,-23.5603,-47.6135,0,0,0,68.4342,55.4287,112.132,3593.13,-1.76293,3594.07,1.05708e+20
20230101T000019.600000,6,2187,4718.66,-549.731,530.715,0,0,0,990.51,4091.32,-3999.8,35632,465.984,36109.5,2.80266e+15
20230101T000019.600000,6,2188,3759.47,2061.77,815.877,0,0,0,7667.69,-11926.8,-4897.32,22874.3,-2685.79,29417.4,7.22008e+14
20230101T000019.600000,6,2189,5326.62,2523.46,128.307,0,0,0,10262.3,-21471.5,-1092.25,45413.2,-517.45,55585.3,1.20266e+15
20230101T000019.600000,6,2190,1659.57,1740.48,324.041,0,0,0,4956.8,-4506.22,-854.582,4527.58,-896.25,9254.65,1.02746e+15
20230101T000019.600000,6,2191,2820.31,3232.13,133.011,0,0,0,16754.6,-14539.3,-598.908,12779,-686.362,29441.4,2.33705e+15
20230101T000019.600000,6,2192,6181.28,8507.96,-1211.42,0,0,0,116650,-82997.5,11976.8,62711.4,16484.9,176951,9.307e+14
20230101T000019.600000,3,2042,1218.57,-1759.35,270.233,0,0,0,2500,0,0,2500,0,2500,0
20230101T000019.600000,3,2043,9823.39,-4230.82,-298.338,0,0,0,2500,0,0,2500,0,2500,0
20230101T000019.600000,3,2044,4340.55,-2561.01,-867.057,0,0,0,2500,0,0,2500,0,2500,0
20230101T000019.600000,3,2045,1498.56,-23.5603,-47.6135,0,0,0,2500,0,0,2500,0,2500,0
20230101T000019.600000,3,2046,4718.66,-549.731,530.715,0,0,0,2500,0,0,2500,0,2500,0
20230101T000019.600000,3,2047,3759.47,2061.77,815.877,0,0,0,2500,0,0,2500,0,2500,0
20230101T000019.600000,3,2048,5326.62,2523.46,128.307,0,0,0,2500,0,0,2500,0,2500,0
20230101T000019.600000,3,2049,1659.57,1740.48,324.041,0,0,0,2500,0,0,2500,0,2500,0
20230101T000019.600000,3,2050,2820.31,3232.13,133.011,0,0,0,2500,0,0,2500,0,2500,0
20230101T000019.600000,3,2051,6181.28,8507.96,-1211.42,0,0,0,2500,0,0,2500,0,2500,0
20230101T000019.700000,6,2193,2478.6,-3090.24,-312.859,0,0,0,15365.6,12147.7,1237.58,9963.54,-1542.98,25109.3,7.96502e+14
20230101T000019.700000,6,2194,5752,-5608.33,270.456,0,0,0,50418.1,51524.2,-2487.52,53025.1,2425.39,103262,2.85247e+15
20230101T000019.700000,6,2195,3857.57,-5749.81,1049.02,0,0,0,53462.5,34644.9,-6469.41,25066.7,9642.83,76707.4,1.16424e+15
20230101T000019.700000,6,2196,1475.14,-265.918,-55.8087,0,0,0,179.867,615.596,129.379,3483.81,-23.3227,3594.87,1.28276e+20
20230101T000019.700000,6,2197,9886.56,-5838.43,1223.28,0,0,0,56361.7,91279.1,-19344.6,157026,11423.8,210931,5.6259e+14
20230101T000019.700000,6,2198,1477.68,-253.734,-47.0785,0,0,0,168.56,588.644,109.328,3495.59,-18.7729,3596.73,1.26383e+20
20230101T000019.700000,6,2199,10362.7,1409.26,1741.73,0,0,0,8004.45,-22709.7,-28868.3,171908,-3925.9,174998,8.88568e+14
20230101T000019.700000,6,2200,2236.39,1039.15,94.4123,0,0,0,1792,-3688.42,-335.61,8016.19,-155.942,9730.11,2.66169e+15
20230101T000019.700000,6,2201,7180.43,9766.73,-1626.17,0,0,0,154129,-110158,18677.6,85281,25405,235117,4.34413e+14
20230101T000019.700000,6,2202,8979.49,8370.01,838.373,0,0,0,112727,-119661,-12041.9,129562,-11224.5,241102,1.89809e+15
20230101T000019.700000,6,2203,7087.37,4720.45,-188.695,0,0,0,35736,-53473.1,2138.58,80406.4,1424.37,116021,5.96071e+14
20230101T000019.700000,6,2204,4167.19,3155.9,-68.7844,0,0,0,15981,-21007.6,457.949,27810.8,346.814,43720.3,4.88861e+14
20230101T000019.700000,4,2045,1497.6,-119.005,-47.4026,-0.0959518,-9.44997,0.0208875,64.2016,22.3072,45.1007,1482.71,-0.709069,1482.25,0
20230101T000019.700000,3,2052,2478.6,-3090.24,-312.859,0,0,0,2500,0,0,2500,0,2500,0
20230101T000019.700000,3,2053,5752,-5608.33,270.456,0,0,0,2500,0,0,2500,0,2500,0
20230101T000019.700000,3,2054,3857.57,-5749.81,1049.02,0,0,0,2500,0,0,2500,0,2500,0
20230101T000019.700000,3,2055,1475.14,-265.918,-55.8087,0,0,0,2500,0,0,2500,0,2500,0
20230101T000019.700000,3,2056,9886.56,-5838.43,1223.28,0,0,0,2500,0,0,2500,0,2500,0
20230101T000019.700000,3,2057,10362.7,1409.26,1741.73,0,0,0,2500,0,0,2500,0,2500,0
20230101T000019.700000,3,2058,2236.39,1039.15,94.4123,0,0,0,2500,0,0,2500,0,2500,0
20230101T000019.700000,3,2059,7180.43,9766.73,-1626.17,0,0,0,2500,0,0,2500,0,2500,0
20230101T000019.700000,3,2060,8979.49,8370.01,838.373,0,0,0,2500,0,0,2500,0,2500,0
20230101T000019.700000,3,2061,7087.37,4720.45,-188.695,0,0,0,2500,0,0,2500,0,2500,0
20230101T000019.700000,3,2062,4167.19,3155.9,-68.7844,0,0,0,2500,0,0,2500,0,2500,0
20230101T000019.800000,6,2205,5032.94,-4107.53,-152.056,0,0,0,27055.5,33027.3,1223.3,40569.2,-998.371,67523.7,5.73655e+14
20230101T000019.800000,6,2206,4822.39,-5008.9,491.876,0,0,0,40359.4,38422.6,-3792.1,37442.7,3938.77,77351.6,6.73663e+14
20230101T000019.800000,6,2207,4001.66,-2805.86,379.789,0,0,0,12794,17826.6,-2427.61,25718.3,1702.18,38218.2,5.24805e+14
20230101T000019.800000,6,2208,1427.44,-456.041,-13.552,0,0,0,391.092,1022.92,30.4001,3266.09,-9.71228,3592.9,4.19814e+18
20230101T000019.800000,6,2209,5691.95,-1809.25,-228.743,0,0,0,5371.48,16434.4,2080.85,51850.9,-661.421,57074.8,3.47769e+14
20230101T000019.800000,6,2210,5786.1,-2706.56,1192.09,0,0,0,13637,24160.3,-11025.6,53985.6,5157.42,65289.1,6.06168e+14
20230101T000019.800000,6,2211,1971.36,-296.901,-184.935,0,0,0,256.595,919.076,577.498,6220.64,-86.9753,6359.61,6.82179e+15
20230101T000019.800000,6,2212,921.726,108.649,-18.9898,0,0,0,82.5529,-152.726,26.7055,1360.21,3.14792,1378.24,4.33481e+14
20230101T000019.800000,6,2213,6557.87,2366.15,-1060.2,0,0,0,10604.5,-24232.9,11115.3,69023.4,4010.51,77768.4,1.30936e+15
20230101T000019.800000,6,2214,1997.15,645.514,-91.9442,0,0,0,736.784,-2040.05,291.14,6389.09,94.1015,7048.6,4.49795e+14
20230101T000019.800000,4,2055,1460.1,-345.455,-38.3501,-1.48874,-7.87496,1.72858,109.041,247.715,52.0193,1438.54,-9.37737,1482.07,0
20230101T000019.800000,3,2063,5032.94,-4107.53,-152.056,0,0,0,2500,0,0,2500,0,2500,0
20230101T000019.800000,3,2064,4822.39,-5008.9,491.876,0,0,0,2500,0,0,2500,0,2500,0
20230101T000019.800000,3,2065,4001.66,-2805.86,379.789,0,0,0,2500,0,0,2500,0,2500,0
20230101T000019.800000,3,2066,5691.95,-1809.25,-228.742,0,0,0,2500,0,0,2500,0,2500,0
20230101T000019.800000,3,2067,5786.1,-2706.56,1192.09,0,0,0,2500,0,0,2500,0,2500,0
20230101T000019.800000,3,2068,1971.36,-296.901,-184.935,0,0,0,2500,0,0,2500,0,2500,0
20230101T000019.800000,3,2069,921.726,108.649,-18.9898,0,0,0,2500,0,0,2500,0,2500,0
20230101T000019.800000,3,2070,6557.87,2366.15,-1060.2,0,0,0,2500,0,0,2500,0,2500,0
20230101T000019.800000,3,2071,1997.15,645.514,-91.9442,0,0,0,2500,0,0,2500,0,2500,0
20230101T000019.900000,6,2215,2257.68,-2269.1,-19.6966,0,0,0,8270.24,8164.32,70.8718,8187.84,-71.2303,16393.5,2.57282e+15
20230101T000019.900000,6,2216,7744.3,-6763.38,274.303,0,0,0,73293.9,83712.9,-3397.57,96038.4,2967.22,169148,2.92639e+15
20230101T000019.900000,6,2217,6924.77,-8718.46,356.44,0,0,0,121722,96467.2,-3947.95,76887.8,4970.56,198342,5.02548e+14
20230101T000019.900000,6,2218,5865.61,-5993.27,-208.539,0,0,0,57536.2,56179.9,1956.02,55116.8,-1998.59,112519,4.17758e+15
20230101T000019.900000,6,2219,4415.56,-6486.15,-421.88,0,0,0,67422.7,45661.9,2978.61,31433.7,-4375.37,98508,1.89665e+15
20230101T000019.900000,6,2220,1314.59,-719.276,-13.3364,0,0,0,877.243,1485.82,27.5514,2779.86,-15.0747,3592.83,1.24582e+18
20230101T000019.900000,6,2221,9979.83,-1307,-1403.66,0,0,0,5894.19,20455.8,22404.6,159409,-2934.2,162090,1.31389e+15
20230101T000019.900000,6,2222,6138.81,-10.6269,567.805,0,0,0,579.48,103.376,-5571.17,60296,9.64424,60296.7,8.30946e+15
20230101T000019.900000,6,2223,2387.67,734.243,463.317,0,0,0,1232.89,-2691.13,-1759.03,9156.53,-540.927,9986.22,5.36899e+14
20230101T000019.900000,6,2224,10761,4508.17,-640.09,0,0,0,33129.7,-77363.4,11017.6,185386,4615.66,217796,2.73277e+15
20230101T000019.900000,6,2225,6667.55,3206.98,411.122,0,0,0,16727,-34081.8,-4382.68,71192.7,-2108,87585.7,6.05017e+14
20230101T000019.900000,6,2226,5522.47,3568.75,-238.066,0,0,0,20486.6,-31462.8,2101.6,48841.9,1358.1,69173.9,6.00017e+14
20230101T000019.900000,6,2227,646.543,956.956,-57.1011,0,0,0,1486.87,-957.905,57.3021,716.244,84.8137,2134.21,8.85364e+14
20230101T000019.900000,6,2228,6815.65,5786.51,69.8825,0,0,0,53615.6,-63066.7,-761.69,74354.9,-646.678,127899,8.29008e+14
20230101T000019.900000,3,2072,2257.68,-2269.1,-19.6966,0,0,0,2500,0,0,2500,0,2500,0
20230101T000019.900000,3,2073,7744.3,-6763.38,274.303,0,0,0,2500,0,0,2500,0,2500,0
20230101T000019.900000,3,2074,6924.77,-8718.46,356.44,0,0,0,2500,0,0,2500,0,2500,0
20230101T000019.900000,3,2075,5865.61,-5993.27,-208.539,0,0,0,2500,0,0,2500,0,2500,0
20230101T000019.900000,3,2076,4415.56,-6486.15,-421.88,0,0,0,2500,0,0,2500,0,2500,0
20230101T000019.900000,3,2077,1314.59,-719.276,-13.3364,0,0,0,2500,0,0,2500,0,2500,0
20230101T000019.900000,3,2078,9979.83,-1307,-1403.66,0,0,0,2500,0,0,2500,0,2500,0
20230101T000019.900000,3,2079,6138.81,-10.6269,567.805,0,0,0,2500,0,0,2500,0,2500,0
20230101T000019.900000,3,2080,2387.67,734.243,463.317,0,0,0,2500,0,0,2500,0,2500,0
20230101T000019.900000,3,2081,10761,4508.17,-640.09,0,0,0,2500,0,0,2500,0,2500,0
20230101T000019.900000,3,2082,6667.55,3206.98,411.122,0,0,0,2500,0,0,2500,0,2500,0
20230101T000019.900000,3,2083,5522.47,3568.75,-238.066,0,0,0,2500,0,0,2500,0,2500,0
20230101T000019.900000,3,2084,646.543,956.956,-57.1011,0,0,0,2500,0,0,2500,0,2500,0
20230101T000019.900000,3,2085,6815.65,5786.51,69.8825,0,0,0,2500,0,0,2500,0,2500,0
20230101T000020,6,2229,1151.77,-962.886,-55.1425,0,0,0,1523.92,1740.59,99.8172,2150.82,-83.4477,3606.05,2.80128e+18
20230101T000020,6,2230,6206.06,-6877.73,1625.21,0,0,0,77609.5,66161,-16130.5,63988,17876.3,137311,3.63026e+15
20230101T000020,6,2231,10426.8,-3670.16,-794.863,0,0,0,22508.3,60892.1,13256.2,174066,-4666.12,195500,1.80557e+15
20230101T000020,6,2232,5092.73,-2237.08,-0.0517557,0,0,0,8060.93,18205,0.421179,41507.8,-0.185012,49504.7,1.86246e+15
20230101T000020,6,2233,1439.45,115.301,124.862,0,0,0,109.177,-258.512,-282.098,3315.81,-22.5963,3336.99,7.32225e+14
20230101T000020,6,2234,645.791,-85.5952,-1.0024,0,0,0,74.619,80.1061,0.938122,668.379,-0.124342,678.996,4.84532e+14
20230101T000020,6,2235,4880.42,-1.86852,-924.548,0,0,0,1429.45,14.0434,7207.8,38109.7,-2.75958,38111.9,5.48114e+14
20230101T000020,6,2236,1808.8,1009.47,-141.661,0,0,0,1703.51,-2880.72,406.173,5257.56,226.681,6865.56,3.58205e+15
20230101T000020,6,2237,10304,3219.88,-633.091,0,0,0,17230.5,-52883.3,10433.8,169938,3260.45,186463,4.83874e+14
20230101T000020,6,2238,4422.01,1911.92,170.642,0,0,0,5941.81,-13487,-1205.25,31304,-521.108,37135.4,6.06025e+14
20230101T000020,6,2239,1579.5,1262.45,-471.852,0,0,0,2804.46,-2987.14,1181.4,4154.25,944.264,6545.1,3.54764e+15
20230101T000020,3,2086,1151.77,-962.886,-55.1425,0,0,0,2500,0,0,2500,0,2500,0
20230101T000020,3,2087,6206.06,-6877.73,1625.21,0,0,0,2500,0,0,2500,0,2500,0
20230101T000020,3,2088,10426.8,-3670.16,-794.863,0,0,0,2500,0,0,2500,0,2500,0
20230101T000020,3,2089,5092.73,-2237.08,-0.0517557,0,0,0,2500,0,0,2500,0,2500,0
20230101T000020,3,2090,1439.45,115.301,124.862,0,0,0,2500,0,0,2500,0,2500,0
20230101T000020,3,2091,645.791,-85.5952,-1.0024,0,0,0,2500,0,0,2500,0,2500,0
20230101T000020,3,2092,4880.42,-1.86852,-924.548,0,0,0,2500,0,0,2500,0,2500,0
20230101T000020,3,2093,1808.8,1009.47,-141.661,0,0,0,2500,0,0,2500,0,2500,0
20230101T000020,3,2094,10304,3219.88,-633.091,0,0,0,2500,0,0,2500,0,2500,0
20230101T000020,3,2095,4422.01,1911.92,170.642,0,0,0,2500,0,0,2500,0,2500,0
20230101T000020,3,2096,1579.5,1262.45,-471.852,0,0,0,2500,0,0,2500,0,2500,0
20230101T000020.100000,6,2240,7566.74,-8331.52,1346.68,0,0,0,112403,99392.4,-16298.9,93233.6,17946.3,202673,5.3659e+14
20230101T000020.100000,6,2241,1904.52,-2905.75,-647.294,0,0,0,13729.5,8518.79,1966.14,6315.72,-2999.76,19315.1,7.83742e+14
20230101T000020.100000,6,2242,47.2513,-65.8073,8.22029,0,0,0,28.5153,-25.0883,3.12749,45.4419,-4.35569,11.1535,8.31191e+14
20230101T000020.100000,6,2243,5758.58,-6863,-1068.78,0,0,0,76142.5,62302.9,9842.62,54167.6,-11730.3,128420,8.10389e+14
20230101T000020.100000,6,2244,1840.17,-424.89,-355.454,0,0,0,539.456,1193.13,1035.22,5431.33,-239.029,5709.01,1.57004e+15
20230101T000020.100000,6,2245,4047.51,-1375.44,-459.941,0,0,0,3387.08,8784.98,2972.14,26253.3,-1010,29239.4,5.24787e+14
20230101T000020.100000,6,2246,6444.05,2162.81,-763.966,0,0,0,8380.51,-21998.9,7870.12,66542.2,2641.45,73926.4,4.58553e+14
20230101T000020.100000,6,2247,1864.38,1835.68,-339.357,0,0,0,5517.05,-5352.25,1006.49,5683.15,990.992,10954.1,4.36708e+14
20230101T000020.100000,6,2248,965.356,1136.02,180.47,0,0,0,2113.16,-1697.82,-273.804,1557.95,-322.209,3556.84,1.59683e+19
20230101T000020.100000,6,2249,4958.17,6009.71,111.253,0,0,0,57820.5,-47634.3,-881.993,39383.4,-1069.05,97120.1,4.09019e+15
20230101T000020.100000,4,2068,1882.01,-330.276,-233.281,-24.5919,-9.18574,-13.3061,118.887,269.388,168.247,1866.99,-25.3392,1896.68,0
20230101T000020.100000,3,2097,7566.74,-8331.52,1346.68,0,0,0,2500,0,0,2500,0,2500,0
20230101T000020.100000,3,2098,1904.52,-2905.75,-647.294,0,0,0,2500,0,0,2500,0,2500,0
20230101T000020.100000,3,2099,47.2513,-65.8073,8.22029,0,0,0,2500,0,0,2500,0,2500,0
20230101T000020.100000,3,2100,5758.58,-6863,-1068.78,0,0,0,2500,0,0,2500,0,2500,0
20230101T000020.100000,3,2101,4047.51,-1375.44,-459.941,0,0,0,2500,0,0,2500,0,2500,0
20230101T000020.100000,3,2102,6444.05,2162.81,-763.966,0,0,0,2500,0,0,2500,0,2500,0
20230101T000020.100000,3,2103,1864.38,1835.68,-339.357,0,0,0,2500,0,0,2500,0,2500,0
20230101T000020.100000,3,2104,965.356,1136.02,180.47,0,0,0,2500,0,0,2500,0,2500,0
20230101T000020.100000,3,2105,4958.17,6009.71,111.253,0,0,0,2500,0,0,2500,0,2500,0
20230101T000020.200000,6,2250,1321.57,-1407.64,167.28,0,0,0,3221.06,2922.42,-349.947,2852.02,372.739,5965.26,1.24971e+15
20230101T000020.200000,6,2251,6626.97,-8387.16,-2191.37,0,0,0,115528,85162.9,23227.6,75034.8,-29397.1,182820,8.55673e+14
20230101T000020.200000,6,2252,19.3745,-26.1815,-0.36584,0,0,0,23.7399,-29.7869,-0.416218,41.9496,0.562452,1.70542,6.72548e+14
20230101T000020.200000,6,2253,5449.54,-4735.39,-993.571,0,0,0,36814,40476,8656.68,48222.5,-7522.24,83395.4,3.77105e+15
20230101T000020.200000,6,2254,9123.71,-4044.87,251.622,0,0,0,26315.7,58985.6,-3671.7,133215,1627.8,159365,5.879e+14
20230101T000020.200000,6,2255,7528.37,-3145.7,517.795,0,0,0,16252.1,37715.9,-6233.31,90755.4,2604.56,106515,4.9678e+14
20230101T000020.200000,6,2256,3164.72,-469.193,240.547,0,0,0,505.088,2353.12,-1213.29,16028.1,179.879,16377.3,4.36746e+14
20230101T000020.200000,6,2257,10403.7,1850.2,-632.515,0,0,0,6159.51,-30677.1,10525.1,173202,1871.78,178658,1.5274e+15
20230101T000020.200000,6,2258,7453.27,4251.38,1513.59,0,0,0,31731.4,-49094.4,-18040.5,89797,-10290.4,117803,8.62733e+14
20230101T000020.200000,6,2259,1553.15,2067.43,-137.21,0,0,0,6872.7,-5092.54,338.94,3919.7,451.168,10698.6,5.27846e+14
20230101T000020.200000,6,2260,1143.37,946.962,226.507,0,0,0,1520.57,-1661.31,-407.019,2150.5,-337.102,3527.89,9.00329e+19
20230101T000020.200000,6,2261,2512,2384.96,-299.797,0,0,0,9209.92,-9482.13,1200.96,10194.5,1140.22,19197.6,2.00401e+15
20230101T000020.200000,6,2262,4680.44,3775.21,-590.205,0,0,0,23179.6,-27968,4415.02,35295,3561.12,57854.4,3.6039e+14
20230101T000020.200000,4,2099,21.0787,-27.3711,-5.654,-2.59135,3.80557,-1.3737,27.9537,-24.3668,3.03742,44.3935,-4.23024,11.0934,0
20230101T000020.200000,3,2106,1321.57,-1407.64,167.28,0,0,0,2500,0,0,2500,0,2500,0
20230101T000020.200000,3,2107,6626.97,-8387.16,-2191.37,0,0,0,2500,0,0,2500,0,2500,0
20230101T000020.200000,3,2108,5449.54,-4735.39,-993.571,0,0,0,2500,0,0,2500,0,2500,0
20230101T000020.200000,3,2109,9123.71,-4044.88,251.622,0,0,0,2500,0,0,2500,0,2500,0
20230101T000020.200000,3,2110,7528.37,-3145.7,517.795,0,0,0,2500,0,0,2500,0,2500,0
20230101T000020.200000,3,2111,3164.72,-469.193,240.547,0,0,0,2500,0,0,2500,0,2500,0
20230101T000020.200000,3,2112,10403.7,1850.2,-632.515,0,0,0,2500,0,0,2500,0,2500,0
20230101T000020.200000,3,2113,7453.27,4251.38,1513.59,0,0,0,2500,0,0,2500,0,2500,0
20230101T000020.200000,3,2114,1553.15,2067.43,-137.21,0,0,0,2500,0,0,2500,0,2500,0
20230101T000020.200000,3,2115,1143.37,946.962,226.507,0,0,0,2500,0,0,2500,0,2500,0
20230101T000020.200000,3,2116,2512,2384.96,-299.797,0,0,0,2500,0,0,2500,0,2500,0
20230101T000020.200000,3,2117,4680.43,3775.21,-590.205,0,0,0,2500,0,0,2500,0,2500,0
20230101T000020.300000,6,2263,9831.67,-6144.39,-207.997,0,0,0,60501.5,96595.5,3270.96,154696,-2044.22,215064,5.2271e+14
20230101T000020.300000,6,2264,7178.07,-2044.34,230.866,0,0,0,6824.96,23439.8,-2649.57,82450.7,754.608,89126.5,3.27493e+15
20230101T000020.300000,6,2265,5663.56,-2430.16,849.939,0,0,0,10478.2,21579.7,-7693.92,51510.9,3301.36,60771.6,6.84218e+14
20230101T000020.300000,6,2266,2096.72,49.3209,-122.792,0,0,0,91.7493,-163.393,408.203,7034.03,9.60209,7038.09,7.85586e+14
20230101T000020.300000,6,2267,3429.71,-263.348,448.434,0,0,0,493.389,1415.77,-2452.62,18823,188.323,18932.7,6.30386e+14
20230101T000020.300000,6,2268,10218.8,-119.57,912.349,0,0,0,1417.99,1938.67,-14911.4,167079,174.477,167102,3.51144e+14
20230101T000020.300000,6,2269,8574.69,381.031,1498.65,0,0,0,3880.7,-5065.44,-20549.8,117648,-913.168,117875,1.02906e+15
20230101T000020.300000,6,2270,1286.73,739.923,225.824,0,0,0,984.305,-1461.04,-456.67,2684.91,-262.604,3526.51,7.11811e+19
20230101T000020.300000,6,2271,7725.41,4209.3,1046.16,0,0,0,29748,-51267.5,-12924.7,95906.5,-7042.2,123841,8.94176e+15
20230101T000020.300000,3,2118,9831.67,-6144.39,-207.997,0,0,0,2500,0,0,2500,0,2500,0
20230101T000020.300000,3,2119,7178.07,-2044.34,230.866,0,0,0,2500,0,0,2500,0,2500,0
20230101T000020.300000,3,2120,5663.56,-2430.16,849.939,0,0,0,2500,0,0,2500,0,2500,0
20230101T000020.300000,3,2121,2096.72,49.3209,-122.792,0,0,0,2500,0,0,2500,0,2500,0
20230101T000020.300000,3,2122,3429.71,-263.348,448.434,0,0,0,2500,0,0,2500,0,2500,0
20230101T000020.300000,3,2123,10218.8,-119.57,912.349,0,0,0,2500,0,0,2500,0,2500,0
20230101T000020.300000,3,2124,8574.69,381.031,1498.65,0,0,0,2500,0,0,2500,0,2500,0
20230101T000020.300000,3,2125,1286.73,739.923,225.824,0,0,0,2500,0,0,2500,0,2500,0
20230101T000020.300000,3,2126,7725.41,4209.3,1046.16,0,0,0,2500,0,0,2500,0,2500,0
20230101T000020.400000,6,2272,4925.29,-5995.38,-1680.4,0,0,0,59356.5,45000.4,13233.9,41547.6,-16109.2,96327.8,1.7025e+15
20230101T000020.400000,6,2273,4820.01,-5168.84,-94.5902,0,0,0,42783.5,39823.1,728.896,37213.8,-781.648,79919,3.36097e+14
20230101T000020.400000,6,2274,4480.01,-4460.41,235.973,0,0,0,31909.3,31895.8,-1689.76,32188.9,1682.37,63945.3,1.53789e+15
20230101T000020.400000,6,2275,10709.5,537.247,-1836.32,0,0,0,5905.63,-8932.73,31455.1,183522,1577.96,183972,6.22195e+14
20230101T000020.400000,6,2276,3217.79,1798.7,750.764,0,0,0,5910.48,-8850.27,-3854.35,16796,-2154.53,21745.7,4.91844e+14
20230101T000020.400000,6,2277,1392.26,516.436,213.579,0,0,0,546.006,-1106.18,-467.316,3117.83,-173.343,3529.44,1.02637e+20
20230101T000020.400000,6,2278,8819.54,3568.49,-749.477,0,0,0,21201.6,-50021.3,10571.4,124590,4277.32,144830,8.32451e+14
20230101T000020.400000,6,2279,4785.02,1979.69,42.0407,0,0,0,6327.75,-15133,-321.384,36644,-132.966,42904.9,7.72966e+15
20230101T000020.400000,6,2280,2024.56,2305.36,246.748,0,0,0,8573.59,-7387.91,-795.915,6649.04,-906.306,15062,5.41597e+14
20230101T000020.400000,6,2281,174.931,118.991,8.06051,0,0,0,66.4167,-3.53639,-0.242831,69.2101,-0.165178,71.7084,5.99557e+14
20230101T000020.400000,3,2127,4925.29,-5995.38,-1680.4,0,0,0,2500,0,0,2500,0,2500,0
20230101T000020.400000,3,2128,4820.01,-5168.84,-94.5902,0,0,0,2500,0,0,2500,0,2500,0
20230101T000020.400000,3,2129,4480.01,-4460.41,235.973,0,0,0,2500,0,0,2500,0,2500,0
20230101T000020.400000,3,2130,10709.5,537.247,-1836.32,0,0,0,2500,0,0,2500,0,2500,0
20230101T000020.400000,3,2131,3217.79,1798.7,750.764,0,0,0,2500,0,0,2500,0,2500,0
20230101T000020.400000,3,2132,1392.26,516.436,213.579,0,0,0,2500,0,0,2500,0,2500,0
20230101T000020.400000,3,2133,8819.54,3568.49,-749.477,0,0,0,2500,0,0,2500,0,2500,0
20230101T000020.400000,3,2134,4785.02,1979.69,42.0407,0,0,0,2500,0,0,2500,0,2500,0
20230101T000020.400000,3,2135,2024.56,2305.36,246.748,0,0,0,2500,0,0,2500,0,2500,0
20230101T000020.400000,3,2136,174.931,118.991,8.06051,0,0,0,2500,0,0,2500,0,2500,0
20230101T000020.500000,6,2282,1253.8,-1815.09,-64.9831,0,0,0,5294.12,3608.16,129.291,2563.09,-187.17,7786.57,2.13599e+15
20230101T000020.500000,6,2283,2214.16,-2851.58,201.442,0,0,0,13058.9,10039.8,-711.457,7924.31,916.275,20854.6,7.482e+15
20230101T000020.500000,6,2284,2813.7,-3207.76,-8.44462,0,0,0,16491.4,14409.3,37.9334,12703.3,-43.2461,29130.6,6.65328e+14
20230101T000020.500000,6,2285,5172.86,-3669.72,-1075.97,0,0,0,22820.5,29469.2,8896.72,43454.6,-6311.48,64362.3,5.50821e+14
20230101T000020.500000,6,2286,2709.76,-68.2399,-73.6441,0,0,0,80.035,294.035,317.556,11748.6,-7.997,11756,1.99215e+15
20230101T000020.500000,6,2287,1463.88,254.445,214.345,0,0,0,235.799,-572.985,-493.13,3432.72,-85.7136,3533.62,1.99103e+19
20230101T000020.500000,6,2288,3354.71,34.7186,13.8036,0,0,0,66.2255,-185.687,-73.8281,18006.5,-0.764063,18008.4,4.74845e+14
20230101T000020.500000,6,2289,4511.01,-11.2908,-41.8036,0,0,0,66.9941,81.3255,301.129,32558.7,-0.753709,32558.9,8.47475e+14
20230101T000020.500000,6,2290,9859.89,-858.419,-1427.44,0,0,0,4476.86,13255.2,22510.1,155573,-1959.77,156728,9.46001e+14
20230101T000020.500000,6,2291,8342.84,1305.84,828.826,0,0,0,3863.08,-17253.5,-11057.5,111393,-1730.74,114094,7.31549e+14
20230101T000020.500000,6,2292,6679.9,108.227,-234.577,0,0,0,170.664,-1154.25,2504.88,71393.8,40.5836,71412.6,1.99446e+15
20230101T000020.500000,6,2293,2225.7,493.3,-38.3521,0,0,0,452.581,-1742.69,135.526,7929.12,30.0376,8315.38,1.10004e+15
20230101T000020.500000,6,2294,1458.03,315.573,166.672,0,0,0,262.179,-713.924,-381.917,3406.17,-82.6615,3561.48,1.83172e+19
20230101T000020.500000,6,2295,3087.7,1246.58,874.793,0,0,0,3590.62,-5712.65,-4307.17,15434.2,-1738.91,17744.6,3.83205e+15
20230101T000020.500000,6,2296,482.371,152.809,89.1406,0,0,0,105.327,-96.4058,-58.3733,379.111,-18.4919,411.578,4.47006e+15
20230101T000020.500000,4,2132,1426.22,435.185,194.364,3.36267,-8.04467,-1.9025,258.206,-450.135,-187.852,1304.75,-69.6805,1455.46,0
20230101T000020.500000,3,2137,1253.8,-1815.09,-64.9831,0,0,0,2500,0,0,2500,0,2500,0
20230101T000020.500000,3,2138,2214.16,-2851.58,201.442,0,0,0,2500,0,0,2500,0,2500,0
20230101T000020.500000,3,2139,2813.7,-3207.76,-8.44462,0,0,0,2500,0,0,2500,0,2500,0
20230101T000020.500000,3,2140,5172.86,-3669.72,-1075.97,0,0,0,2500,0,0,2500,0,2500,0
20230101T000020.500000,3,2141,2709.76,-68.24,-73.6441,0,0,0,2500,0,0,2500,0,2500,0
20230101T000020.500000,3,2142,1463.88,254.445,214.345,0,0,0,2500,0,0,2500,0,2500,0
20230101T000020.500000,3,2143,3354.71,34.7186,13.8036,0,0,0,2500,0,0,2500,0,2500,0
20230101T000020.500000,3,2144,4511.01,-11.2908,-41.8036,0,0,0,2500,0,0,2500,0,2500,0
20230101T000020.500000,3,2145,9859.89,-858.419,-1427.44,0,0,0,2500,0,0,2500,0,2500,0
20230101T000020.500000,3,2146,8342.84,1305.84,828.826,0,0,0,2500,0,0,2500,0,2500,0
20230101T000020.500000,3,2147,6679.9,108.227,-234.577,0,0,0,2500,0,0,2500,0,2500,0
20230101T000020.500000,3,2148,2225.7,493.3,-38.3521,0,0,0,2500,0,0,2500,0,2500,0
20230101T000020.500000,3,2149,3087.7,1246.58,874.794,0,0,0,2500,0,0,2500,0,2500,0
20230101T000020.500000,3,2150,482.371,152.809,89.1406,0,0,0,2500,0,0,2500,0,2500,0
20230101T000020.600000,6,2297,5678.33,-5082.56,-1285.53,0,0,0,42834.5,44831.8,11671.6,52793.2,-10447,92923.1,3.28773e+15
20230101T000020.600000,6,2298,4019.48,-4311.78,-97.8921,0,0,0,29783.2,27690.2,628.836,25892.4,-674.565,55596.3,6.19952e+14
20230101T000020.600000,6,2299,1486.07,31.0662,201.946,0,0,0,129.58,-71.19,-471.634,3533.51,-9.85948,3536.16,3.30382e+19
20230101T000020.600000,6,2300,11353.5,-246.592,1900.8,0,0,0,5937.66,4352.65,-34518.9,206247,749.728,206344,6.82561e+14
20230101T000020.600000,6,2301,5417.17,5994.61,-1195.39,0,0,0,58552.5,-50789.7,10354.8,48246.2,11458.5,104451,3.14705e+15
20230101T000020.600000,6,2302,5343.15,5263.72,-927.556,0,0,0,45061.4,-44280.1,7924.17,46387.9,7806.37,90010.7,8.17782e+15
20230101T000020.600000,6,2303,3536.63,5008.1,-36.5283,0,0,0,40151.8,-28307.7,206.479,20056.5,292.389,60142.2,1.73948e+15
20230101T000020.600000,4,2142,1479.53,162.116,209.144,1.54932,-9.14154,-0.514932,131.92,-233.005,-198.077,1431.95,-34.4288,1456.07,0
20230101T000020.600000,3,2151,5678.33,-5082.56,-1285.53,0,0,0,2500,0,0,2500,0,2500,0
20230101T000020.600000,3,2152,4019.48,-4311.78,-97.8921,0,0,0,2500,0,0,2500,0,2500,0
20230101T000020.600000,3,2153,11353.5,-246.592,1900.8,0,0,0,2500,0,0,2500,0,2500,0
20230101T000020.600000,3,2154,5417.17,5994.61,-1195.39,0,0,0,2500,0,0,2500,0,2500,0
20230101T000020.600000,3,2155,5343.15,5263.72,-927.556,0,0,0,2500,0,0,2500,0,2500,0
20230101T000020.600000,3,2156,3536.63,5008.1,-36.5283,0,0,0,2500,0,0,2500,0,2500,0
20230101T000020.700000,6,2304,7256.16,-9440.69,853.522,0,0,0,143059,109011,-9906.49,85015.8,12888.9,226846,7.04177e+14
20230101T000020.700000,6,2305,8120.99,-7470.46,724.73,0,0,0,89782.2,96617.6,-9413.75,105935,8659.67,194813,9.33071e+14
20230101T000020.700000,6,2306,442.689,-476.917,-3.60926,0,0,0,393.55,305.881,2.31495,347.947,-2.49394,677.479,4.44485e+15
20230101T000020.700000,6,2307,4849.67,-5191.51,1054.43,0,0,0,43981,39364.7,-8175.47,38614.2,8751.74,80755,7.14716e+14
20230101T000020.700000,6,2308,3111.75,-4009.44,245.434,0,0,0,25781.2,19884.6,-1220.07,15592.8,1572.04,41214,7.72543e+14
20230101T000020.700000,6,2309,3642.12,-3865.26,-394.875,0,0,0,24051.6,22368.1,2297.84,21389.9,-2438.62,45128.7,3.53541e+14
20230101T000020.700000,6,2310,10790.8,-5394.17,1130.06,0,0,0,48240.8,92289.6,-19505.5,186729,9750.49,232863,5.25122e+14
20230101T000020.700000,6,2311,9153.71,-4135.31,-497.047,0,0,0,27742.6,60393.3,7276.83,134142,-3287.41,161426,3.26525e+15
20230101T000020.700000,6,2312,8526.62,-3185.87,681.178,0,0,0,16946.9,43199.2,-9288.56,116424,3470.56,132565,4.06822e+15
20230101T000020.700000,6,2313,1478.38,-195.262,160.999,0,0,0,163.943,448.278,-374.057,3498.78,49.4047,3558.72,3.22103e+19
20230101T000020.700000,6,2314,11192.7,-625.652,493.916,0,0,0,1079.09,11179.1,-8842.39,200444,494.274,201069,1.14765e+15
20230101T000020.700000,6,2315,11371.1,4388.72,783.413,0,0,0,31727.6,-79495.8,-14249.4,207017,-5499.62,237699,4.82571e+15
20230101T000020.700000,6,2316,5944.18,3119.41,-714.692,0,0,0,16259.5,-29305.4,6791.24,56723.3,3563.93,72103,3.66249e+15
20230101T000020.700000,6,2317,7603.75,8270.05,-1379.68,0,0,0,110854,-99064.6,16780,94191.9,18250.4,201938,4.88242e+14
20230101T000020.700000,6,2318,106.62,122.662,10.4679,0,0,0,51.5792,10.719,0.907338,54.5938,1.04386,42.5265,5.97426e+14
20230101T000020.700000,6,2319,6550.5,6705.83,653.194,0,0,0,72313.5,-69909.4,-6842.89,69036.4,-7005.16,140604,7.80579e+14
20230101T000020.700000,4,2136,105.413,136.009,11.6519,-19.1334,4.68386,0.988455,64.8322,-3.36675,-0.231174,67.4915,-0.157249,69.8697,0
20230101T000020.700000,3,2157,7256.16,-9440.69,853.522,0,0,0,2500,0,0,2500,0,2500,0
20230101T000020.700000,3,2158,8120.99,-7470.46,724.73,0,0,0,2500,0,0,2500,0,2500,0
20230101T000020.700000,3,2159,442.689,-476.917,-3.60926,0,0,0,2500,0,0,2500,0,2500,0
20230101T000020.700000,3,2160,4849.67,-5191.51,1054.43,0,0,0,2500,0,0,2500,0,2500,0
20230101T000020.700000,3,2161,3111.75,-4009.44,245.434,0,0,0,2500,0,0,2500,0,2500,0
20230101T000020.700000,3,2162,3642.12,-3865.26,-394.875,0,0,0,2500,0,0,2500,0,2500,0
20230101T000020.700000,3,2163,10790.8,-5394.17,1130.06,0,0,0,2500,0,0,2500,0,2500,0
20230101T000020.700000,3,2164,9153.71,-4135.31,-497.047,0,0,0,2500,0,0,2500,0,2500,0
20230101T000020.700000,3,2165,8526.62,-3185.87,681.178,0,0,0,2500,0,0,2500,0,2500,0
20230101T000020.700000,3,2166,1478.38,-195.262,160.999,0,0,0,2500,0,0,2500,0,2500,0
20230101T000020.700000,3,2167,11192.7,-625.652,493.916,0,0,0,2500,0,0,2500,0,2500,0
20230101T000020.700000,3,2168,11371.1,4388.72,783.413,0,0,0,2500,0,0,2500,0,2500,0
20230101T000020.700000,3,2169,5944.18,3119.41,-714.692,0,0,0,2500,0,0,2500,0,2500,0
20230101T000020.700000,3,2170,7603.75,8270.05,-1379.68,0,0,0,2500,0,0,2500,0,2500,0
20230101T000020.700000,3,2171,6550.5,6705.83,653.194,0,0,0,2500,0,0,2500,0,2500,0
20230101T000020.800000,6,2320,6489.53,-9092.21,632.193,0,0,0,132507,94074.1,-6562.11,67848.2,9193.91,199652,5.80485e+14
20230101T000020.800000,6,2321,1409.5,-468.009,200.277,0,0,0,464.872,1017.47,-443.622,3191.34,147.3,3530.32,1.21039e+19
20230101T000020.800000,6,2322,11392.6,-3478.2,1003.89,0,0,0,20889.7,62932.8,-18293.9,207808,5585.19,227022,5.19307e+14
20230101T000020.800000,6,2323,10371.6,-1904.35,-1246.94,0,0,0,8270.16,31148.7,20685.1,172196,-3798.02,177916,8.64859e+14
20230101T000020.800000,6,2324,9160.35,-351.926,186.922,0,0,0,317.863,5153.42,-2738.34,134259,105.202,134457,5.26002e+14
20230101T000020.800000,6,2325,6930.25,2294.74,-945.572,0,0,0,9771.27,-24999.3,10477.1,76992.9,3469.18,85271.7,7.24978e+14
20230101T000020.800000,6,2326,1845.34,1000.8,-82.9714,0,0,0,1660.44,-2923.5,242.756,5465.46,131.656,7051.08,6.69528e+14
20230101T000020.800000,6,2327,9649.17,6130.35,142.785,0,0,0,60198.7,-94600.7,-2203.73,148998,-1400.08,209100,6.37033e+14
20230101T000020.800000,6,2328,5646.52,5230.07,-1168.22,0,0,0,44974.8,-46130.9,10547.2,52050.3,9769.35,94780.4,7.20121e+14
20230101T000020.800000,3,2172,6489.53,-9092.21,632.193,0,0,0,2500,0,0,2500,0,2500,0
20230101T000020.800000,3,2173,1409.5,-468.009,200.277,0,0,0,2500,0,0,2500,0,2500,0
20230101T000020.800000,3,2174,11392.6,-3478.2,1003.89,0,0,0,2500,0,0,2500,0,2500,0
20230101T000020.800000,3,2175,10371.6,-1904.35,-1246.94,0,0,0,2500,0,0,2500,0,2500,0
20230101T000020.800000,3,2176,9160.35,-351.926,186.922,0,0,0,2500,0,0,2500,0,2500,0
20230101T000020.800000,3,2177,6930.25,2294.74,-945.572,0,0,0,2500,0,0,2500,0,2500,0
20230101T000020.800000,3,2178,1845.34,1000.8,-82.9714,0,0,0,2500,0,0,2500,0,2500,0
20230101T000020.800000,3,2179,9649.17,6130.35,142.785,0,0,0,2500,0,0,2500,0,2500,0
20230101T000020.800000,3,2180,5646.52,5230.07,-1168.22,0,0,0,2500,0,0,2500,0,2500,0
20230101T000020.900000,6,2329,1629.4,-1541.52,145.961,0,0,0,3853.68,3969.97,-377.513,4294.09,357.154,8050.22,5.54902e+15
20230101T000020.900000,6,2330,6556.49,-8299.73,2003.23,0,0,0,112708,83914.1,-21007.4,72771.6,26592.9,178999,6.68635e+14
20230101T000020.900000,6,2331,1307.8,-709.685,208.923,0,0,0,908.28,1429.41,-429.42,2766.69,233.028,3543.61,9.78302e+16
20230101T000020.900000,6,2332,3238.17,13.4112,132.524,0,0,0,92.2795,-69.1035,-684.004,16777.2,-2.83287,16777.6,6.26238e+14
20230101T000020.900000,6,2333,11751.5,680.21,-1417.34,0,0,0,4006.61,-12600.5,26641.9,220968,1542.11,221698,5.18947e+14
20230101T000020.900000,6,2334,3613.59,-163.463,721.585,0,0,0,935.572,904.711,-4159.76,20894.7,188.169,20938.1,2.37863e+15
20230101T000020.900000,6,2335,10879.5,1655.04,-1086.91,0,0,0,6292.04,-28519.1,18913.8,189425,2877.26,193764,4.77656e+14
20230101T000020.900000,6,2336,5482.66,2635.95,824.671,0,0,0,12052.1,-22673.8,-7226.55,48311.4,-3474.38,59213.6,3.79369e+15
20230101T000020.900000,6,2337,6689.55,7565.73,-542.783,0,0,0,91819.1,-80712.5,5807.28,71900.5,6567.9,163185,4.2594e+14
20230101T000020.900000,6,2338,7827.82,6403.3,-1016.43,0,0,0,66631.8,-79357,12725.3,98727.7,10409.5,163644,6.17678e+15
20230101T000020.900000,3,2181,1629.4,-1541.52,145.961,0,0,0,2500,0,0,2500,0,2500,0
20230101T000020.900000,3,2182,6556.49,-8299.73,2003.23,0,0,0,2500,0,0,2500,0,2500,0
20230101T000020.900000,3,2183,1307.8,-709.685,208.923,0,0,0,2500,0,0,2500,0,2500,0
20230101T000020.900000,3,2184,3238.17,13.4112,132.524,0,0,0,2500,0,0,2500,0,2500,0
20230101T000020.900000,3,2185,11751.5,680.21,-1417.34,0,0,0,2500,0,0,2500,0,2500,0
20230101T000020.900000,3,2186,3613.59,-163.463,721.585,0,0,0,2500,0,0,2500,0,2500,0
20230101T000020.900000,3,2187,10879.5,1655.04,-1086.91,0,0,0,2500,0,0,2500,0,2500,0
20230101T000020.900000,3,2188,5482.66,2635.95,824.671,0,0,0,2500,0,0,2500,0,2500,0
20230101T000020.900000,3,2189,6689.55,7565.73,-542.783,0,0,0,2500,0,0,2500,0,2500,0
20230101T000020.900000,3,2190,7827.82,6403.3,-1016.43,0,0,0,2500,0,0,2500,0,2500,0
20230101T000021,6,2339,1166.92,-913.741,225.477,0,0,0,1425.08,1636.17,-413.489,2233.42,323.777,3516.05,5.90894e+18
20230101T000021,6,2340,9113.25,-4704.72,1327.8,0,0,0,37692,67424.9,-19353.7,133489,9991.37,168298,5.78057e+14
20230101T000021,6,2341,971.512,-216.953,-248.61,0,0,0,226.884,303.387,371.76,1517.69,-83.0196,1589.2,1.89094e+15
20230101T000021,6,2342,8318.45,-18.5311,-1302.67,0,0,0,2778.13,240.453,17328.2,110715,-38.6021,110717,8.84534e+14
20230101T000021,6,2343,4897.24,-376.518,-256.252,0,0,0,394.723,2937.33,2004.56,38373.7,-154.118,38599.7,9.02168e+14
20230101T000021,6,2344,3737.52,4148.04,-170.804,0,0,0,27579.5,-24750.4,1020.1,22411.5,1132.15,49880.5,9.74177e+14
20230101T000021,3,2191,1166.92,-913.741,225.477,0,0,0,2500,0,0,2500,0,2500,0
20230101T000021,3,2192,9113.25,-4704.72,1327.8,0,0,0,2500,0,0,2500,0,2500,0
20230101T000021,3,2193,971.512,-216.953,-248.61,0,0,0,2500,0,0,2500,0,2500,0
20230101T000021,3,2194,8318.45,-18.5311,-1302.67,0,0,0,2500,0,0,2500,0,2500,0
20230101T000021,3,2195,4897.24,-376.518,-256.252,0,0,0,2500,0,0,2500,0,2500,0
20230101T000021,3,2196,3737.52,4148.04,-170.804,0,0,0,2500,0,0,2500,0,2500,0
