20230101T000000.100000,6,0,187.799,225.356,-63.2827,0,0,0,108.946,-34.4874,10.5694,96.3015,12.6831,140.532,4.44138e+27
20230101T000000.100000,3,0,187.799,225.356,-63.2827,0,0,0,2500,0,0,2500,0,2500,0
20230101T000000.200000,6,1,225.503,187.776,-62.7682,0,0,0,96.2788,-34.5564,12.5874,109.003,10.4815,140.578,3.8677e+26
20230101T000000.200000,4,0,226.686,193.071,-62.7959,3.85017,-3.19652,0.048196,103.983,-31.8995,9.75164,92.2872,11.7018,133.028,0
20230101T000000.300000,6,2,253.936,146.715,-63.5491,0,0,0,85.1157,-30.3316,14.3504,120.09,8.29111,140.484,7.40371e+26
20230101T000000.300000,3,1,253.936,146.715,-63.5491,0,0,0,2500,0,0,2500,0,2500,0
20230101T000000.400000,6,3,276.029,99.5708,-62.7554,0,0,0,75.5928,-22.429,15.4037,129.679,5.55652,140.569,8.58125e+26
20230101T000000.400000,4,1,278.798,103.999,-62.7985,2.46161,-4.22927,0.0743166,81.9413,-28.0564,13.2401,114.292,7.64967,132.985,0
20230101T000000.500000,6,4,289.016,50.65,-62.8169,0,0,0,69.6019,-11.9435,16.1439,135.66,2.82921,140.558,1.00386e+26
20230101T000000.500000,6,5,289.3,47.8472,-63.7053,0,0,0,69.4717,-11.2635,16.3884,135.712,2.71046,140.459,9.30764e+25
20230101T000000.500000,3,2,289.016,50.65,-62.8169,0,0,0,2500,0,0,2500,0,2500,0
20230101T000000.500000,3,3,289.3,47.8472,-63.7053,0,0,0,2500,0,0,2500,0,2500,0
20230101T000000.600000,6,6,293.426,0.589716,-62.7843,0,0,0,67.5055,-0.141193,16.3816,137.759,0.0329231,140.561,9.36234e+26
20230101T000000.600000,4,3,296.831,3.46125,-62.8343,0.74562,-4.39465,0.0862388,67.4707,-10.4188,15.1205,128.743,2.50077,132.962,0
20230101T000000.700000,6,7,288.759,-52.5481,-62.4467,0,0,0,69.723,12.3939,16.0346,135.574,-2.91796,140.601,1.2493e+26
20230101T000000.700000,6,8,288.661,-52.3427,-63.0731,0,0,0,69.7712,12.3182,16.19,135.471,-2.93572,140.532,1.2866e+26
20230101T000000.700000,4,2,305.941,-46.2117,-63.0597,3.25477,-18.6273,-0.0466815,67.6474,-11.0713,14.9288,128.882,2.61627,133.259,0
20230101T000000.700000,3,4,288.759,-52.5481,-62.4467,0,0,0,2500,0,0,2500,0,2500,0
20230101T000000.800000,6,9,275.816,-100.27,-62.5794,0,0,0,75.6915,22.5809,15.3486,129.596,-5.57985,140.589,4.81382e+26
20230101T000000.800000,4,4,280.331,-98.7298,-62.5723,-0.834479,-4.57245,-0.0124335,67.7033,11.4632,14.7941,128.609,-2.69222,133.093,0
20230101T000000.900000,6,10,253.87,-147.275,-62.5136,0,0,0,85.189,30.5346,14.1129,120.11,-8.18721,140.601,1.69254e+25
20230101T000000.900000,3,5,253.87,-147.275,-62.5136,0,0,0,2500,0,0,2500,0,2500,0
20230101T000001,6,11,225.212,-188.155,-62.6821,0,0,0,96.3932,34.5908,12.554,108.898,-10.4884,140.589,5.10204e+24
20230101T000001,6,12,3361.71,3799.07,-500.604,0,0,0,23296.7,-20203.8,2688.47,18342.2,3038.25,41175.1,1.66959e+09
20230101T000001,4,5,230.061,-188.262,-62.673,-2.35727,-4.05808,-0.015789,82.0079,28.2417,13.0211,114.307,-7.55381,133.093,0
20230101T000001,3,6,3361.71,3799.07,-500.604,0,0,0,2500,0,0,2500,0,2500,0
20230101T000001.100000,6,13,193.229,229.399,-9.754,0,0,0,110.796,-39.3461,1.67618,97.2271,1.98994,144.006,8.18638e+27
20230101T000001.100000,3,7,193.229,229.399,-9.754,0,0,0,2500,0,0,2500,0,2500,0
20230101T000001.200000,6,14,228.941,193.735,-10.1931,0,0,0,97.4012,-39.3616,2.07526,110.607,1.75613,143.989,3.66835e+27
20230101T000001.200000,4,7,229.778,198.583,-10.1694,3.61873,-3.05104,-0.0411251,105.595,-36.304,1.5465,93.0759,1.83597,136.234,0
20230101T000001.300000,6,15,260.049,149.375,-10.4532,0,0,0,83.8959,-34.4678,2.41733,124.103,1.38854,143.979,5.31736e+27
20230101T000001.300000,3,8,260.049,149.375,-10.4532,0,0,0,2500,0,0,2500,0,2500,0
20230101T000001.400000,6,16,281.678,102.918,-10.3982,0,0,0,73.4946,-25.7228,2.6045,134.497,0.951624,143.972,7.08347e+27
20230101T000001.400000,4,8,284.222,107.28,-10.4012,2.39335,-4.1678,0.0051492,80.7757,-31.8033,2.23031,117.874,1.28112,136.209,0
20230101T000001.500000,6,17,295.228,52.5711,-10.9167,0,0,0,66.5577,-13.7683,2.86591,141.426,0.510331,143.962,9.04496e+27
20230101T000001.500000,3,9,295.228,52.5711,-10.9167,0,0,0,2500,0,0,2500,0,2500,0
20230101T000001.600000,6,18,299.879,1.29912,-10.5558,0,0,0,64.1006,-0.345645,2.81478,143.885,0.012194,143.966,4.03811e+27
20230101T000001.600000,4,9,303.787,4.56167,-10.5753,0.847397,-4.75342,0.0338038,64.7779,-12.704,2.64419,133.859,0.470851,136.194,0
20230101T000001.700000,6,19,295.379,-51.9517,-9.70955,0,0,0,66.4793,13.6197,2.55028,141.521,-0.448547,143.983,5.35779e+27
20230101T000001.700000,6,20,295.295,-52.3845,-9.92179,0,0,0,66.5229,13.7281,2.60529,141.474,-0.46217,143.979,5.29009e+27
20230101T000001.700000,3,10,295.379,-51.9517,-9.70955,0,0,0,2500,0,0,2500,0,2500,0
20230101T000001.700000,3,11,295.295,-52.3845,-9.92179,0,0,0,2500,0,0,2500,0,2500,0
20230101T000001.800000,6,21,281.895,-102.392,-9.71418,0,0,0,73.3892,25.6182,2.43505,134.613,-0.88448,143.985,1.64459e+26
20230101T000001.800000,4,11,286.738,-100.673,-9.7254,-0.847243,-4.78104,0.0194451,64.7458,12.6669,2.40374,133.903,-0.426415,136.21,0
20230101T000001.900000,6,22,259.859,-149.724,-10.133,0,0,0,83.985,34.5273,2.34155,124.017,-1.34914,143.983,7.20903e+25
20230101T000001.900000,4,10,278.212,-149.523,-10.1108,-3.30122,-18.7638,-0.0771592,64.7553,12.5953,2.35833,134.153,-0.414788,136.426,0
20230101T000002,6,23,229.65,-192.898,-10.1099,0,0,0,97.1137,39.3143,2.0647,110.895,-1.73428,143.991,9.71849e+25
20230101T000002,3,12,229.65,-192.898,-10.1099,0,0,0,2500,0,0,2500,0,2500,0
20230101T000002.100000,6,24,192.193,226.694,41.5955,0,0,0,109.632,-37.3824,-7.10977,97.2318,-8.38606,142.555,8.01124e+26
20230101T000002.100000,3,13,192.193,226.694,41.5955,0,0,0,2500,0,0,2500,0,2500,0
20230101T000002.200000,6,25,228.919,189.151,43.2405,0,0,0,96.2666,-37.0381,-8.8028,110.488,-7.27358,142.42,3.58257e+27
20230101T000002.200000,4,13,230.046,194.302,43.1523,3.7479,-3.20712,0.15414,104.562,-34.5267,-6.55967,93.1096,-7.73722,134.895,0
20230101T000002.300000,6,26,257.359,148.124,43.2744,0,0,0,84.4306,-32.604,-9.90372,122.313,-5.70011,142.41,2.9187e+27
20230101T000002.300000,3,14,257.359,148.124,43.2744,0,0,0,2500,0,0,2500,0,2500,0
20230101T000002.400000,6,27,279.399,100.952,42.2892,0,0,0,74.3223,-24.1671,-10.5068,132.476,-3.79629,142.48,3.62815e+27
20230101T000002.400000,4,14,282.096,105.405,42.3426,2.44922,-4.22954,-0.0922574,81.2878,-30.1162,-9.13752,116.28,-5.25912,134.762,0
20230101T000002.500000,6,28,292.538,50.8849,43.2885,0,0,0,67.8807,-12.7305,-11.2607,138.854,-1.95871,142.401,9.63952e+26
20230101T000002.500000,3,15,292.538,50.8849,43.2885,0,0,0,2500,0,0,2500,0,2500,0
20230101T000002.600000,6,29,297.172,0.0526046,41.5925,0,0,0,65.5383,-0.0134107,-10.9908,141.298,-0.00194556,142.527,1.29877e+27
20230101T000002.600000,4,15,301.058,3.25872,41.6847,0.843571,-4.71548,-0.158787,66.0007,-11.7592,-10.3895,131.559,-1.80718,134.753,0
20230101T000002.700000,6,30,292.734,-51.1457,41.6343,0,0,0,67.7853,12.8433,-10.8377,139.051,1.89353,142.527,1.46602e+27
20230101T000002.700000,3,16,292.734,-51.1457,41.6343,0,0,0,2500,0,0,2500,0,2500,0
20230101T000002.800000,6,31,279.527,-100.875,41.6247,0,0,0,74.2699,24.1888,-10.3464,132.569,3.73378,142.529,5.26484e+26
20230101T000002.800000,4,16,284.34,-99.2053,41.6252,-0.831047,-4.75839,-0.000905819,65.9126,11.8623,-9.99925,131.734,1.74704,134.869,0
20230101T000002.900000,6,32,257.223,-148.608,42.4193,0,0,0,84.5184,32.7453,-9.70291,122.278,5.60577,142.475,5.67394e+24
20230101T000002.900000,3,17,257.223,-148.608,42.4193,0,0,0,2500,0,0,2500,0,2500,0
20230101T000003,6,33,228.167,-190.194,42.6436,0,0,0,96.5937,37.1611,-8.65277,110.198,7.21272,142.467,2.59057e+26
20230101T000003,4,17,233.139,-190.25,42.6315,-2.38452,-4.12297,0.0210111,81.3682,30.2452,-8.95225,116.245,5.17208,134.822,0
20230101T000003.100000,6,34,312.973,375.484,-105.291,0,0,0,257.925,-149.221,44.2899,203.278,53.136,385.141,6.8477e+25
20230101T000003.100000,3,18,312.973,375.484,-105.291,0,0,0,2500,0,0,2500,0,2500,0
20230101T000003.200000,6,35,375.749,312.914,-104.468,0,0,0,203.117,-149.439,52.7577,258.115,43.9352,385.358,5.97492e+24
20230101T000003.200000,4,18,372.266,326.248,-104.58,5.87065,-4.87486,0.0703212,226.648,-126.433,37.2875,180.346,44.735,332.786,0
20230101T000003.300000,6,36,423.152,244.468,-105.754,0,0,0,154.877,-131.282,60.1442,306.27,34.7472,384.978,1.14084e+25
20230101T000003.300000,3,19,423.152,244.468,-105.754,0,0,0,2500,0,0,2500,0,2500,0
20230101T000003.400000,6,37,459.959,165.925,-104.438,0,0,0,113.652,-97.0019,64.5621,347.558,23.29,385.342,1.31969e+25
20230101T000003.400000,4,19,461.087,179.287,-104.618,3.75595,-6.45356,0.112454,139.34,-111.242,50.6358,267.622,29.2538,332.651,0
20230101T000003.500000,6,38,481.598,84.4451,-104.551,0,0,0,87.7535,-51.6832,67.6725,373.445,11.8659,385.306,1.54586e+24
20230101T000003.500000,6,39,482.089,79.6297,-106.057,0,0,0,87.1616,-48.7005,68.7171,373.957,11.3505,384.88,1.43336e+24
20230101T000003.500000,3,20,481.597,84.4451,-104.551,0,0,0,2500,0,0,2500,0,2500,0
20230101T000003.500000,3,21,482.089,79.6297,-106.057,0,0,0,2500,0,0,2500,0,2500,0
20230101T000003.600000,6,40,488.956,0.975528,-104.481,0,0,0,78.6728,-0.606226,68.6605,382.526,0.136986,385.321,1.44338e+25
20230101T000003.600000,4,21,493.561,11.9659,-104.697,1.1359,-6.6994,0.134625,81.9619,-41.2679,57.8536,324.987,9.55605,332.57,0
20230101T000003.700000,6,41,481.183,-87.5182,-103.926,0,0,0,88.257,53.5564,67.2101,372.974,-12.2243,385.48,1.92476e+24
20230101T000003.700000,6,42,480.994,-87.2743,-105.002,0,0,0,88.4927,53.3201,67.8787,372.68,-12.3163,385.177,1.98214e+24
20230101T000003.700000,3,22,481.183,-87.5182,-103.926,0,0,0,2500,0,0,2500,0,2500,0
20230101T000003.700000,3,23,480.994,-87.2743,-105.002,0,0,0,2500,0,0,2500,0,2500,0
20230101T000003.800000,6,43,459.6,-167.109,-104.14,0,0,0,114.082,97.6514,64.3277,347.147,-23.3893,385.429,7.42303e+24
20230101T000003.800000,4,22,468.32,-158.054,-104.111,-1.27361,-6.98376,-0.0182726,82.8912,45.3704,56.5849,324.09,-10.2917,333.075,0
20230101T000003.900000,6,44,423.011,-245.432,-104.085,0,0,0,155.154,132.011,59.1755,306.087,-34.3338,385.454,2.60442e+23
20230101T000003.900000,6,45,10382.9,3429.29,-1280.81,0,0,0,21239.6,-56169.2,21270.6,172752,7025.3,191305,3.83203e+09
20230101T000003.900000,6,46,6395.08,2595.8,-1085.64,0,0,0,12453.7,-25881.6,11099.3,65710.9,4505.26,76217.9,1.94693e+08
20230101T000003.900000,6,47,8153.74,3598.2,-1177.79,0,0,0,22625.7,-46099.1,15357.8,106745,6777.34,127090,4.62558e+08
20230101T000003.900000,6,48,1570.72,1955.21,-16.345,0,0,0,6141.82,-4882.29,40.8164,3986.62,50.8076,10064,1.36408e+09
20230101T000003.900000,6,49,5089.66,6805.15,-239.2,0,0,0,74151.8,-55342.8,1946.84,41547.1,2603.02,115543,1.55396e+08
20230101T000003.900000,3,24,423.011,-245.432,-104.085,0,0,0,2500,0,0,2500,0,2500,0
20230101T000003.900000,3,25,10382.9,3429.29,-1280.81,0,0,0,2500,0,0,2500,0,2500,0
20230101T000003.900000,3,26,6395.08,2595.8,-1085.64,0,0,0,2500,0,0,2500,0,2500,0
20230101T000003.900000,3,27,8153.74,3598.2,-1177.79,0,0,0,2500,0,0,2500,0,2500,0
20230101T000003.900000,3,28,1570.72,1955.21,-16.345,0,0,0,2500,0,0,2500,0,2500,0
20230101T000003.900000,3,29,5089.66,6805.14,-239.2,0,0,0,2500,0,0,2500,0,2500,0
20230101T000004,6,50,375.241,-313.548,-104.382,0,0,0,203.609,149.554,52.6427,257.623,-43.9877,385.378,7.86432e+22
20230101T000004,6,51,2327.19,923.489,-147.118,0,0,0,1449.55,-3404.87,544.309,8678.66,215.996,10030,5.67123e+08
20230101T000004,6,52,3812.22,1276.36,-139.594,0,0,0,2692.07,-7756.6,849.358,23262.5,284.371,25859.5,9.29269e+07
20230101T000004,6,53,10376.6,3620.67,-649.502,0,0,0,21633.4,-59882.7,10779.9,172359,3761.37,193254,9.96274e+08
20230101T000004,6,54,6382.41,2775.42,-612.921,0,0,0,12883.6,-28099.2,6253.93,65282,2719.55,77501.5,8.52836e+07
20230101T000004,6,55,8264.44,3512.65,-422.008,0,0,0,20037.4,-46322.5,5577.5,109335,2370.61,129023,3.1666e+08
20230101T000004,6,56,6098.96,2013.63,-583.832,0,0,0,7036.55,-19468.4,5691.74,59575.5,1879.19,66003.7,4.23251e+07
20230101T000004,6,57,1627.79,1907.59,-40.768,0,0,0,5850.32,-4935.35,105.504,4278.1,123.639,10061.8,5.90591e+08
20230101T000004,6,58,2849.2,3495.76,-113.425,0,0,0,19586.2,-15894.8,516.056,13039.5,633.163,32541.2,3.77413e+07
20230101T000004,6,59,6038.84,5980.1,-206.567,0,0,0,57285.2,-57714.5,1994.77,58413.7,1975.37,115567,2.81606e+07
20230101T000004,6,60,3559.59,4091.37,-38.5857,0,0,0,26811.5,-23268.9,219.46,20310.9,252.246,47056,5.34998e+07
20230101T000004,4,24,386.665,-307.977,-104.341,-3.59868,-6.19258,-0.0253621,139.564,111.835,49.8201,267.429,-28.9057,333.051,0
20230101T000004,4,25,10383.1,3431.85,-1272.71,0.0152589,0.253309,0.801108,331.051,-713.759,266.631,2256.36,88.0635,2459.66,0
20230101T000004,4,26,6395.18,2601.72,-1070.9,0.00990962,0.585808,1.45906,448.715,-809.91,339.004,2115.28,137.603,2388.37,0
20230101T000004,4,27,8156.44,3596.8,-1163.38,0.267563,-0.139229,1.42696,490.483,-876.116,286.877,2089.18,126.598,2435.2,0
20230101T000004,4,28,1582.32,1945.85,-21.2437,1.14878,-0.92705,-0.485014,1251.32,-955.042,7.98397,829.736,9.93832,2018.49,0
20230101T000004,3,30,2327.19,923.489,-147.118,0,0,0,2500,0,0,2500,0,2500,0
20230101T000004,3,31,3812.22,1276.36,-139.594,0,0,0,2500,0,0,2500,0,2500,0
20230101T000004,3,32,6098.96,2013.63,-583.832,0,0,0,2500,0,0,2500,0,2500,0
20230101T000004,3,33,2849.2,3495.76,-113.425,0,0,0,2500,0,0,2500,0,2500,0
20230101T000004,3,34,6038.84,5980.1,-206.567,0,0,0,2500,0,0,2500,0,2500,0
20230101T000004,3,35,3559.59,4091.37,-38.5857,0,0,0,2500,0,0,2500,0,2500,0
20230101T000004.100000,6,61,321.989,382.209,-16.2177,0,0,0,260.448,-165.198,7.01839,203.523,8.33102,399.685,1.26265e+26
20230101T000004.100000,3,36,321.989,382.21,-16.2177,0,0,0,2500,0,0,2500,0,2500,0
20230101T000004.200000,6,62,381.445,322.841,-16.9495,0,0,0,204.276,-165.284,8.68948,259.673,7.35447,399.636,5.64066e+25
20230101T000004.200000,4,36,377.515,335.393,-16.8495,5.49764,-4.63534,-0.062549,227.831,-139.1,5.90876,179.899,7.01386,345.03,0
20230101T000004.300000,6,63,433.32,248.873,-17.3719,0,0,0,147.531,-144.731,10.1171,316.401,5.81066,399.603,8.1733e+25
20230101T000004.300000,3,37,433.32,248.873,-17.3719,0,0,0,2500,0,0,2500,0,2500,0
20230101T000004.400000,6,64,469.352,171.493,-17.2907,0,0,0,103.872,-108.025,10.9071,360.051,3.98526,399.598,1.08657e+26
20230101T000004.400000,4,37,470.066,184.887,-17.3017,3.63828,-6.33529,0.00694309,132.754,-121.87,8.51765,274.951,4.89203,344.964,0
20230101T000004.500000,6,65,491.924,87.6184,-18.1541,0,0,0,74.7446,-57.8374,12.0025,389.165,2.13781,399.551,1.39266e+26
20230101T000004.500000,3,38,491.924,87.6184,-18.1541,0,0,0,2500,0,0,2500,0,2500,0
20230101T000004.600000,6,66,499.681,2.16192,-17.5503,0,0,0,64.4202,-1.44975,11.7862,399.491,0.0509943,399.577,6.21775e+25
20230101T000004.600000,4,38,504.948,14.5939,-17.6329,1.2895,-7.23017,0.0516113,71.4655,-48.7027,10.105,336.227,1.79984,344.922,0
20230101T000004.700000,6,67,492.188,-86.5478,-16.1382,0,0,0,74.4048,57.1803,10.6754,389.528,-1.87719,399.649,8.25276e+25
20230101T000004.700000,6,68,492.039,-87.3097,-16.4941,0,0,0,74.5976,57.6629,10.9075,389.328,-1.93549,399.63,8.14871e+25
20230101T000004.700000,3,39,492.188,-86.5478,-16.1382,0,0,0,2500,0,0,2500,0,2500,0
20230101T000004.700000,3,40,492.039,-87.3097,-16.4941,0,0,0,2500,0,0,2500,0,2500,0
20230101T000004.800000,6,69,469.706,-170.631,-16.1413,0,0,0,103.432,107.583,10.1898,360.5,-3.70166,399.649,2.52773e+24
20230101T000004.800000,4,40,479.023,-160.734,-16.1896,-1.28872,-7.26971,0.0301545,71.3415,48.5542,9.18317,336.356,-1.62951,344.988,0
20230101T000004.900000,6,70,432.994,-249.476,-16.8455,0,0,0,147.917,144.985,9.8032,316.02,-5.64826,399.628,1.10637e+24
20230101T000004.900000,3,41,432.994,-249.476,-16.8455,0,0,0,2500,0,0,2500,0,2500,0
20230101T000005,6,71,382.621,-321.455,-16.8063,0,0,0,203.075,165.085,8.64262,260.877,-7.26101,399.644,1.49929e+24
20230101T000005,4,41,395.087,-315.289,-16.8117,-3.75323,-6.5161,0.00334869,133.079,122.083,8.25337,274.628,-4.75531,344.985,0
20230101T000005.100000,6,72,320.247,377.733,69.1632,0,0,0,257.744,-158.809,-29.7692,205.069,-35.1129,393.609,1.23506e+25
20230101T000005.100000,3,42,320.247,377.733,69.1632,0,0,0,2500,0,0,2500,0,2500,0
20230101T000005.200000,6,73,381.408,315.239,71.8833,0,0,0,201.151,-157.537,-36.8487,261.55,-30.4559,393.079,5.52004e+25
20230101T000005.200000,4,42,377.854,328.451,71.5121,5.70367,-4.87938,0.232572,225.953,-134.058,-25.0626,181.487,-29.5615,339.915,0
20230101T000005.300000,6,74,428.84,246.834,71.9495,0,0,0,150.783,-138.686,-41.4692,311.904,-23.8691,393.055,4.4883e+25
20230101T000005.300000,3,43,428.84,246.834,71.9495,0,0,0,2500,0,0,2500,0,2500,0
20230101T000005.400000,6,75,465.562,168.258,70.3072,0,0,0,107.78,-102.754,-43.9924,354.958,-15.8992,393.36,5.58145e+25
20230101T000005.400000,4,43,466.51,181.791,70.532,3.72964,-6.43998,-0.140343,135.676,-117.099,-34.9131,271.718,-20.0955,339.451,0
20230101T000005.500000,6,76,487.465,84.8476,71.9443,0,0,0,80.3886,-54.1889,-47.1344,382.282,-8.20416,393.039,1.48298e+25
20230101T000005.500000,3,44,487.465,84.8476,71.9443,0,0,0,2500,0,0,2500,0,2500,0
20230101T000005.600000,6,77,495.195,0.115198,69.1194,0,0,0,70.4209,-0.0748907,-46.0018,392.35,-0.0107014,393.573,1.99933e+25
20230101T000005.600000,4,44,500.454,12.2824,69.5067,1.28608,-7.18469,-0.241349,76.2386,-45.7545,-39.6829,331.143,-6.90716,339.439,0
20230101T000005.700000,6,78,487.799,-85.228,69.1931,0,0,0,79.9703,54.5768,-45.3631,382.803,7.92582,393.564,2.2579e+25
20230101T000005.700000,3,45,487.799,-85.228,69.1931,0,0,0,2500,0,0,2500,0,2500,0
20230101T000005.800000,6,79,465.801,-168.057,69.1805,0,0,0,107.509,102.765,-43.3095,355.265,15.6257,393.567,8.09108e+24
20230101T000005.800000,4,45,475.018,-158.388,69.1822,-1.2654,-7.24359,-0.00107824,75.8849,46.0718,-38.1916,331.525,6.67282,339.881,0
20230101T000005.900000,6,80,428.614,-247.62,70.5816,0,0,0,151.11,139.192,-40.6593,311.628,23.4898,393.317,8.72205e+22
20230101T000005.900000,6,81,2272.15,1053.71,131.565,0,0,0,1851.8,-3795.77,-475.256,8276.46,-220.4,10036.9,9.50413e+08
20230101T000005.900000,6,82,9846.93,4801.98,1088.25,0,0,0,38476.4,-74884.1,-17139.8,155516,-8358.42,192034,1.6019e+09
20230101T000005.900000,6,83,7790.67,7766.24,443.15,0,0,0,96692.8,-96617.6,-5522.06,97299.6,-5504.75,193614,1.53703e+09
20230101T000005.900000,6,84,6308.19,5616.16,968.19,0,0,0,51337.8,-55908.2,-9766.63,64360.3,-8695.19,114136,1.116e+08
20230101T000005.900000,6,85,4802.94,5065.75,289.404,0,0,0,41152.6,-38830,-2222.16,37013.4,-2343.76,77968.2,1.85463e+08
20230101T000005.900000,6,86,4946.94,4137.56,34.5395,0,0,0,27429.8,-32716.8,-273.121,39182.7,-228.435,66546.6,7.50396e+07
20230101T000005.900000,6,87,6329.52,6376.25,313.615,0,0,0,65160.3,-64463.1,-3174.48,64211.9,-3197.92,129151,4.68708e+08
20230101T000005.900000,3,46,428.614,-247.621,70.5816,0,0,0,2500,0,0,2500,0,2500,0
20230101T000005.900000,3,47,2272.15,1053.71,131.565,0,0,0,2500,0,0,2500,0,2500,0
20230101T000005.900000,3,48,9846.93,4801.98,1088.25,0,0,0,2500,0,0,2500,0,2500,0
20230101T000005.900000,3,49,7790.67,7766.24,443.15,0,0,0,2500,0,0,2500,0,2500,0
20230101T000005.900000,3,50,6308.19,5616.16,968.19,0,0,0,2500,0,0,2500,0,2500,0
20230101T000005.900000,3,51,4802.94,5065.75,289.404,0,0,0,2500,0,0,2500,0,2500,0
20230101T000005.900000,3,52,4946.94,4137.56,34.5395,0,0,0,2500,0,0,2500,0,2500,0
20230101T000005.900000,3,53,6329.52,6376.25,313.615,0,0,0,2500,0,0,2500,0,2500,0
20230101T000006,6,88,380.19,-316.923,70.925,0,0,0,202.454,157.983,-36.2414,260.282,30.2104,393.263,3.97833e+24
20230101T000006,4,46,391.929,-311.05,70.8782,-3.63223,-6.28013,0.0293665,135.945,117.513,-34.2313,271.463,19.7762,339.672,0
20230101T000006.100000,6,89,438.117,525.598,-147.336,0,0,0,481.32,-321.273,94.8478,363.696,113.787,751.955,4.25858e+24
20230101T000006.100000,3,54,438.117,525.598,-147.336,0,0,0,2500,0,0,2500,0,2500,0
20230101T000006.200000,6,90,7478.04,-7201.66,420.36,0,0,0,83162.1,85993.7,-5027.69,89640.5,4841.87,172456,2.53969e+09
20230101T000006.200000,6,91,3773.12,-5011.46,-409.251,0,0,0,40303.6,30094.8,2468.15,22990,-3278.19,62962.2,3.00594e+08
20230101T000006.200000,6,92,5837.21,-6964.73,60.9295,0,0,0,77640.8,65012.9,-568.777,54557.9,678.643,132129,3.55623e+08
20230101T000006.200000,6,93,3149.75,-1481,-179.916,0,0,0,3604.05,7419.1,903.72,15894.4,-424.924,19383,5.28413e+08
20230101T000006.200000,6,94,6533.06,-3833.59,468.736,0,0,0,23823.2,39890.9,-4896.25,68395.8,2873.11,91803.9,9.6314e+07
20230101T000006.200000,6,95,525.994,438.004,-146.209,0,0,0,363.298,-321.703,113.001,481.74,94.098,752.42,3.7175e+23
20230101T000006.200000,4,54,511.819,464.391,-146.476,7.29728,-6.06006,0.0851602,376.196,-241.765,70.5896,287.682,84.6846,574.422,0
20230101T000006.200000,3,55,7478.04,-7201.66,420.36,0,0,0,2500,0,0,2500,0,2500,0
20230101T000006.200000,3,56,3773.12,-5011.46,-409.251,0,0,0,2500,0,0,2500,0,2500,0
20230101T000006.200000,3,57,5837.21,-6964.73,60.9295,0,0,0,2500,0,0,2500,0,2500,0
20230101T000006.200000,3,58,3149.75,-1481,-179.916,0,0,0,2500,0,0,2500,0,2500,0
20230101T000006.200000,3,59,6533.06,-3833.59,468.736,0,0,0,2500,0,0,2500,0,2500,0
20230101T000006.300000,6,96,592.302,342.287,-147.988,0,0,0,259.557,-282.713,128.794,585.393,74.4292,751.632,7.09668e+23
20230101T000006.300000,3,60,592.302,342.287,-147.988,0,0,0,2500,0,0,2500,0,2500,0
20230101T000006.400000,6,97,7762.41,-6901.27,-281.221,0,0,0,76310.5,85618.2,3491.43,96492.1,-3104.1,172612,2.0648e+09
20230101T000006.400000,6,98,3807.82,-4984,422.972,0,0,0,39873.4,30196.3,-2574.35,23420.2,3369.53,62944,6.78493e+08
20230101T000006.400000,6,99,643.87,232.261,-146.148,0,0,0,170.714,-208.828,138.267,674.292,49.8767,752.413,8.19537e+23
20230101T000006.400000,4,55,7482.6,-7197.53,409.963,0.877806,0.794523,-1.99943,1267.01,1246.53,-72.7618,1360.92,70.0726,2557.36,0
20230101T000006.400000,4,60,639.5,261.208,-146.584,4.67311,-8.02766,0.138952,209.327,-212.772,95.8549,454.554,55.3939,574.188,0
20230101T000006.400000,3,61,3807.82,-4984,422.972,0,0,0,2500,0,0,2500,0,2500,0
20230101T000006.500000,6,100,2443.15,-2484.46,-71.5384,0,0,0,9911.57,9675.77,278.725,9587.03,-283.439,19426.5,7.37014e+08
20230101T000006.500000,6,101,7406.11,-7270.18,505.716,0,0,0,84809.6,85913.5,-5990.4,87992.9,5880.45,172330,1.34331e+09
20230101T000006.500000,6,102,5526.35,-5180.91,463.369,0,0,0,43163.6,45607.2,-4094.34,49055.4,3838.41,91811.9,9.18259e+07
20230101T000006.500000,6,103,6111.62,-6722.91,-186.193,0,0,0,72370.2,65681.2,1819.83,59828.4,-2001.85,132079,1.4075e+08
20230101T000006.500000,6,104,4171.62,-4688.22,370.099,0,0,0,35292,31151.4,-2467.76,28001.7,2773.36,63011,9.73177e+07
20230101T000006.500000,6,105,674.141,118.283,-146.33,0,0,0,114.997,-111.333,144.947,729.996,25.432,752.328,9.60597e+22
20230101T000006.500000,6,106,674.859,111.302,-148.483,0,0,0,113.664,-104.704,147.237,731.248,24.2833,751.396,8.9074e+22
20230101T000006.500000,4,55,7481.52,-7198.57,411.232,0.54878,0.490226,-1.59364,1292.63,1300.22,-74.7752,1392.44,71.9986,2639.67,0
20230101T000006.500000,4,57,5842.89,-6960.01,55.9359,1.56519,1.29978,-1.37439,1594.16,1283.57,-11.2291,1138.43,13.3981,2669.82,0
20230101T000006.500000,4,61,3822.28,-4973.13,420.942,1.43086,1.07613,-0.200966,1559.82,1135.85,-96.4119,940.924,126.192,2417.33,0
20230101T000006.500000,3,62,2443.15,-2484.46,-71.5384,0,0,0,2500,0,0,2500,0,2500,0
20230101T000006.500000,3,63,5526.35,-5180.91,463.369,0,0,0,2500,0,0,2500,0,2500,0
20230101T000006.500000,3,64,674.141,118.283,-146.33,0,0,0,2500,0,0,2500,0,2500,0
20230101T000006.500000,3,65,674.859,111.302,-148.483,0,0,0,2500,0,0,2500,0,2500,0
20230101T000006.600000,6,107,684.461,1.36683,-146.21,0,0,0,95.4137,-1.30634,147.046,749.579,0.293642,752.375,8.98146e+23
20230101T000006.600000,4,65,689.089,27.3165,-146.749,1.40896,-8.31546,0.171659,99.5257,-78.8081,109.581,564.364,18.073,574.016,0
20230101T000006.700000,6,108,673.584,-122.45,-145.475,0,0,0,116.044,115.234,143.981,728.986,-26.1742,752.699,1.1965e+23
20230101T000006.700000,6,109,673.277,-122.295,-147.011,0,0,0,116.628,114.904,145.435,728.341,-26.4172,752.036,1.23216e+23
20230101T000006.700000,6,110,7184.23,7491.94,-468.392,0,0,0,90005.3,-85910.8,5382.06,82797.2,5612.58,172388,1.92432e+09
20230101T000006.700000,6,111,5328.92,5370.57,-597.134,0,0,0,46463.4,-45473.9,5087.8,45755.4,5127.56,91585.1,1.60365e+08
20230101T000006.700000,6,112,5017.56,7495.79,-1105.11,0,0,0,90523.2,-59244.6,8867.67,41674.5,13247.5,130182,3.16391e+08
20230101T000006.700000,6,113,3536.52,5193.18,-206.517,0,0,0,43192.4,-29323.8,1167.38,20101.5,1714.23,63161.8,2.94996e+08
20230101T000006.700000,3,66,673.584,-122.45,-145.475,0,0,0,2500,0,0,2500,0,2500,0
20230101T000006.700000,3,67,673.277,-122.295,-147.011,0,0,0,2500,0,0,2500,0,2500,0
20230101T000006.700000,3,68,7184.23,7491.94,-468.392,0,0,0,2500,0,0,2500,0,2500,0
20230101T000006.700000,3,69,5328.92,5370.57,-597.134,0,0,0,2500,0,0,2500,0,2500,0
20230101T000006.700000,3,70,5017.56,7495.79,-1105.11,0,0,0,2500,0,0,2500,0,2500,0
20230101T000006.700000,3,71,3536.52,5193.18,-206.517,0,0,0,2500,0,0,2500,0,2500,0
20230101T000006.800000,6,114,643.362,-233.931,-145.737,0,0,0,171.648,210.228,137.769,673.381,-50.0939,752.596,4.61426e+23
20230101T000006.800000,6,115,6750.35,7860.72,-776.863,0,0,0,99302.3,-84391.5,8387.45,73500,9767.1,171773,2.22088e+09
20230101T000006.800000,6,116,4036.53,4800.79,-421.373,0,0,0,37020.2,-30834.3,2718.66,26273.5,3233.4,62946.1,4.77654e+08
20230101T000006.800000,4,66,657.598,-210.17,-145.675,-1.58274,-8.68513,-0.0198276,101.321,86.6922,107.159,562.445,-19.4802,574.985,0
20230101T000006.800000,4,68,7178.15,7497.48,-472.839,-0.601477,0.549242,-0.440371,1328.69,-1209.54,75.6219,1227.21,78.8608,2483.69,0
20230101T000006.800000,4,71,3556.59,5179.18,-214.773,1.98659,-1.38537,-0.817505,1679.29,-1099.34,43.7193,813.617,64.1993,2425.49,0
20230101T000006.900000,6,117,592.036,-343.693,-145.78,0,0,0,260.223,284.219,126.815,584.814,-73.6198,752.588,1.61724e+22
20230101T000006.900000,6,118,9429.53,4347.52,28.0665,0,0,0,30295.3,-65567.3,-423.289,142277,-195.159,172507,3.83669e+09
20230101T000006.900000,6,119,6713.89,2486.91,-296.861,0,0,0,10075.8,-26648.2,3186.46,72146.8,1180.31,82017.8,2.20239e+07
20230101T000006.900000,6,120,8573.07,3262.94,-1527.29,0,0,0,20349.2,-43496,20940,118076,7969.84,134633,2.865e+07
20230101T000006.900000,6,121,4328.71,2034.55,-364.493,0,0,0,6849.27,-13984.9,2520.07,30030.4,1184.46,36603.9,1.09586e+08
20230101T000006.900000,6,122,2701.62,3109.09,382.904,0,0,0,15594.5,-13291.8,-1651.27,11847.8,-1900.32,27144.8,4.63864e+07
20230101T000006.900000,6,123,2104.06,2788.41,-19.9801,0,0,0,12463.8,-9356.07,67.0423,7124.48,88.8479,19523.6,2.90705e+08
20230101T000006.900000,6,124,3119.03,3292.65,610.92,0,0,0,17658.6,-16102.3,-3042.94,15913.2,-3212.32,32912.9,1.56326e+07
20230101T000006.900000,6,125,6550.52,7323.3,-1573.93,0,0,0,87598.5,-74753.6,16489.5,70891.4,18434.8,154465,4.94753e+07
20230101T000006.900000,6,126,7211.45,7471.15,-46.1457,0,0,0,89341.4,-86170.8,532.246,83243,551.413,172517,4.03743e+09
20230101T000006.900000,6,127,5267.59,5450.01,-383.35,0,0,0,47668.6,-45784,3228.69,44550.5,3340.5,91920.3,1.33403e+08
20230101T000006.900000,6,128,4411.08,6389.17,-759.122,0,0,0,65632.5,-44632.3,5354.15,31799.5,7755.16,96447.2,2.38739e+07
20230101T000006.900000,6,129,5498.1,5718.3,-1129.33,0,0,0,53328.8,-49252.8,9928.52,49459.5,10326.2,100686,1.15e+07
20230101T000006.900000,6,130,4701.43,5103.17,462.639,0,0,0,41854.2,-38185,-3477.22,35585.1,-3774.35,77033.4,1.62293e+07
20230101T000006.900000,6,131,3707.26,4802.74,-538.231,0,0,0,37102.9,-28233.1,3189.13,22320.2,4131.52,58896.7,9.30796e+06
20230101T000006.900000,6,132,7108.75,6567.42,-1160.75,0,0,0,70206.7,-73591.8,13196.8,81876.6,12191.9,149865,8.25303e+07
20230101T000006.900000,6,133,3464.42,5191.76,-802.508,0,0,0,43463.8,-28273.5,4443.87,19960.1,6659.55,62331.5,8.36702e+07
20230101T000006.900000,6,134,4378.04,5063.13,749.802,0,0,0,41428.4,-34990.3,-5247.64,31218.5,-6068.8,71685,5.80873e+07
20230101T000006.900000,6,135,4091.44,3500.53,646.42,0,0,0,20028.3,-22554.1,-4225.91,27093.1,-3615.57,46390.7,1.38279e+07
20230101T000006.900000,4,68,7176.17,7494.51,-466.43,-8.02627,-7.39137,1.2692,1336.95,-1240.37,77.9454,1230.54,81.3811,2520.31,0
20230101T000006.900000,4,69,5327.3,5372.83,-591.274,-0.311549,0.434567,1.12698,1312.52,-1225.21,136.251,1293.44,137.316,2513.39,0
20230101T000006.900000,4,71,3556.15,5183.09,-237.511,7.47741,7.65232,-5.58667,1650.67,-1102.45,45.1282,794.301,65.5969,2403.2,0
20230101T000006.900000,3,72,592.036,-343.693,-145.78,0,0,0,2500,0,0,2500,0,2500,0
20230101T000006.900000,3,73,9429.53,4347.52,28.0665,0,0,0,2500,0,0,2500,0,2500,0
20230101T000006.900000,3,74,6713.89,2486.91,-296.861,0,0,0,2500,0,0,2500,0,2500,0
20230101T000006.900000,3,75,8573.07,3262.94,-1527.29,0,0,0,2500,0,0,2500,0,2500,0
20230101T000006.900000,3,76,4328.71,2034.55,-364.493,0,0,0,2500,0,0,2500,0,2500,0
20230101T000006.900000,3,77,2701.62,3109.09,382.904,0,0,0,2500,0,0,2500,0,2500,0
20230101T000006.900000,3,78,2104.06,2788.41,-19.9801,0,0,0,2500,0,0,2500,0,2500,0
20230101T000006.900000,3,79,3119.03,3292.65,610.92,0,0,0,2500,0,0,2500,0,2500,0
20230101T000006.900000,3,80,6550.52,7323.3,-1573.93,0,0,0,2500,0,0,2500,0,2500,0
20230101T000006.900000,3,81,4411.08,6389.17,-759.122,0,0,0,2500,0,0,2500,0,2500,0
20230101T000006.900000,3,82,5498.1,5718.3,-1129.33,0,0,0,2500,0,0,2500,0,2500,0
20230101T000006.900000,3,83,4701.43,5103.17,462.639,0,0,0,2500,0,0,2500,0,2500,0
20230101T000006.900000,3,84,3707.26,4802.74,-538.231,0,0,0,2500,0,0,2500,0,2500,0
20230101T000006.900000,3,85,7108.75,6567.42,-1160.75,0,0,0,2500,0,0,2500,0,2500,0
20230101T000006.900000,3,86,4378.05,5063.13,749.802,0,0,0,2500,0,0,2500,0,2500,0
20230101T000006.900000,3,87,4091.44,3500.53,646.42,0,0,0,2500,0,0,2500,0,2500,0
20230101T000007,6,136,525.268,-438.873,-146.215,0,0,0,364.364,321.895,112.85,480.676,-94.2887,752.42,4.87871e+21
20230101T000007,6,137,3403.09,-622.448,-422.107,0,0,0,956.776,3327.58,2290.78,18540.9,-418.999,19150.5,1.42479e+09
20230101T000007,6,138,3797.05,1007.78,-186.712,0,0,0,1736.76,-6092.89,1131.39,23076,300.285,24693.3,8.46708e+07
20230101T000007,6,139,10394.7,2698.14,-1401.12,0,0,0,14649.7,-44095,23294.9,173082,6046.62,184529,3.98678e+07
20230101T000007,6,140,8945.34,4221.04,-1166.19,0,0,0,30338.8,-59549.6,16684.5,128438,7872.91,156539,1.17708e+08
20230101T000007,6,141,9402.29,4369.76,-616.706,0,0,0,31104.5,-65480.2,9274.08,141564,4310.17,171997,2.74841e+09
20230101T000007,6,142,7928.57,2197.2,307.724,0,0,0,7924.33,-27817.5,-3901.39,100595,-1081.17,108304,6.24906e+07
20230101T000007,6,143,5540.22,1883.52,364.154,0,0,0,5923.55,-16612.1,-3224.23,49139,-1096.15,54786.9,2.16744e+07
20230101T000007,6,144,6744.81,3476.77,-246.407,0,0,0,19467.9,-37454.7,2657.3,72821.8,1369.77,92128.8,2.00013e+08
20230101T000007,6,145,7248.84,2875.68,200.45,0,0,0,13342.1,-33308.6,-2323.32,84090.5,-921.684,97304.4,1.09751e+07
20230101T000007,6,146,4741.28,2585.62,650.529,0,0,0,11267.2,-19303.5,-4928.27,36137.3,-2687.59,46665.2,7.08675e+06
20230101T000007,6,147,8140.92,3011.03,-95.0644,0,0,0,14575.1,-39194.5,1237.6,106049,457.743,120545,1.27589e+07
20230101T000007,6,148,5943.85,3415.51,-1067,0,0,0,20081.5,-31668.1,10138.9,56994.6,5826.1,75193.5,7.94897e+06
20230101T000007,6,149,6885.7,1643.94,-1110.79,0,0,0,6250.85,-17651.4,12228.1,75970.3,2919.43,80186.1,9.93489e+06
20230101T000007,6,150,7947.87,3966.75,-8.89055,0,0,0,25227.5,-50417.9,113,101083,56.3979,126246,4.54454e+07
20230101T000007,6,151,7928.33,4447.84,-488.658,0,0,0,31992.3,-56232,6195.8,100680,3475.88,132227,8.19902e+06
20230101T000007,6,152,4403.74,1871.2,-323.086,0,0,0,5797.67,-13101.4,2272.5,31064,965.612,36631.2,6.92371e+07
20230101T000007,6,153,4466,2435.22,-1133.34,0,0,0,11119.6,-16511.7,8086.45,32397.2,4409.39,41403.7,8.49337e+06
20230101T000007,6,154,5888.34,2119.37,-665.098,0,0,0,7869.42,-19721.7,6259.79,55564.5,2253.07,62663.6,3.2099e+07
20230101T000007,6,155,6140.08,2482.05,-1204.71,0,0,0,11906.1,-23555.6,11824.7,60655.8,4780.01,70180,3.87704e+07
20230101T000007,6,156,2231.93,2095.53,318.841,0,0,0,7146.07,-7370.55,-1133.8,8076.28,-1064.51,14997.1,3.70019e+07
20230101T000007,6,157,2304.83,3445.7,-248.379,0,0,0,19046.8,-12631.7,913.83,8611.87,1366.17,27496.4,2.1915e+07
20230101T000007,6,158,3587.65,2485.64,22.0189,0,0,0,9929.25,-14237.9,-126.128,20615,-87.3858,30479.4,1.03732e+07
20230101T000007,6,159,3221.2,3248.44,-120.783,0,0,0,16927.1,-16698.6,621.315,16645.8,626.571,33485.6,2.04557e+07
20230101T000007,6,160,5989.84,5962.65,321.026,0,0,0,57000.1,-57030.1,-3074.91,57519,-3060.96,114290,5.37958e+07
20230101T000007,6,161,5236.63,7965.78,-29.0985,0,0,0,101546,-66712.1,243.697,43921.3,370.704,145402,1.04991e+08
20230101T000007,6,162,3487.56,4446.49,-46.6468,0,0,0,31659.7,-24779,259.968,19502.7,331.447,51094.9,1.51429e+07
20230101T000007,4,72,546.919,-421.287,-146.112,-4.46708,-7.68255,-0.0329487,209.793,213.831,94.3823,453.997,-54.7915,574.899,0
20230101T000007,4,73,9431.94,4349.14,18.7701,0.238704,0.159822,-0.920438,487.752,-922.487,-5.95535,2063.26,-2.74574,2488.56,0
20230101T000007,4,76,4332.79,2023.65,-361.754,0.403591,-1.07911,0.27121,489.395,-880.177,157.746,1948.36,74.1425,2349.66,0
20230101T000007,3,88,3403.09,-622.448,-422.107,0,0,0,2500,0,0,2500,0,2500,0
20230101T000007,3,89,3797.05,1007.78,-186.712,0,0,0,2500,0,0,2500,0,2500,0
20230101T000007,3,90,10394.7,2698.14,-1401.12,0,0,0,2500,0,0,2500,0,2500,0
20230101T000007,3,91,8945.34,4221.04,-1166.19,0,0,0,2500,0,0,2500,0,2500,0
20230101T000007,3,92,7928.57,2197.2,307.724,0,0,0,2500,0,0,2500,0,2500,0
20230101T000007,3,93,5540.22,1883.52,364.154,0,0,0,2500,0,0,2500,0,2500,0
20230101T000007,3,94,6744.81,3476.77,-246.407,0,0,0,2500,0,0,2500,0,2500,0
20230101T000007,3,95,7248.84,2875.68,200.45,0,0,0,2500,0,0,2500,0,2500,0
20230101T000007,3,96,4741.28,2585.62,650.529,0,0,0,2500,0,0,2500,0,2500,0
20230101T000007,3,97,8140.92,3011.03,-95.0644,0,0,0,2500,0,0,2500,0,2500,0
20230101T000007,3,98,5943.85,3415.51,-1067,0,0,0,2500,0,0,2500,0,2500,0
20230101T000007,3,99,6885.7,1643.94,-1110.79,0,0,0,2500,0,0,2500,0,2500,0
20230101T000007,3,100,7947.87,3966.75,-8.89055,0,0,0,2500,0,0,2500,0,2500,0
20230101T000007,3,101,7928.33,4447.84,-488.658,0,0,0,2500,0,0,2500,0,2500,0
20230101T000007,3,102,4466,2435.22,-1133.34,0,0,0,2500,0,0,2500,0,2500,0
20230101T000007,3,103,5888.34,2119.37,-665.098,0,0,0,2500,0,0,2500,0,2500,0
20230101T000007,3,104,6140.08,2482.05,-1204.71,0,0,0,2500,0,0,2500,0,2500,0
20230101T000007,3,105,2231.93,2095.53,318.841,0,0,0,2500,0,0,2500,0,2500,0
20230101T000007,3,106,2304.83,3445.7,-248.379,0,0,0,2500,0,0,2500,0,2500,0
20230101T000007,3,107,3587.65,2485.64,22.0189,0,0,0,2500,0,0,2500,0,2500,0
20230101T000007,3,108,3221.2,3248.44,-120.783,0,0,0,2500,0,0,2500,0,2500,0
20230101T000007,3,109,5989.84,5962.65,321.026,0,0,0,2500,0,0,2500,0,2500,0
20230101T000007,3,110,5236.63,7965.78,-29.0985,0,0,0,2500,0,0,2500,0,2500,0
20230101T000007,3,111,3487.56,4446.49,-46.6468,0,0,0,2500,0,0,2500,0,2500,0
20230101T000007.100000,6,163,450.73,535.008,-22.6812,0,0,0,484.856,-353.923,15.0215,362.926,17.8302,783.094,7.85315e+24
20230101T000007.100000,3,112,450.73,535.008,-22.6812,0,0,0,2500,0,0,2500,0,2500,0
20230101T000007.200000,6,164,533.947,451.918,-23.7038,0,0,0,364.538,-354.114,18.597,483.215,15.74,783,3.50356e+24
20230101T000007.200000,4,112,519.437,477.078,-23.4615,6.8027,-5.73568,-0.0772543,375.714,-263.47,11.1796,284.947,13.27,597.597,0
20230101T000007.300000,6,165,606.537,348.428,-24.2968,0,0,0,243.016,-310.118,21.6538,604.714,12.4391,782.94,5.08044e+24
20230101T000007.300000,3,113,606.537,348.428,-24.2968,0,0,0,2500,0,0,2500,0,2500,0
20230101T000007.400000,6,166,657.009,240.058,-24.1848,0,0,0,149.425,-231.445,23.3475,698.296,8.53069,782.938,6.74271e+24
20230101T000007.400000,4,113,652.047,269.203,-24.2113,4.50592,-7.84408,0.00847035,195.689,-230.871,16.1158,464.96,9.25783,597.489,0
20230101T000007.500000,6,167,688.602,122.676,-25.3917,0,0,0,87.0287,-123.946,25.6913,760.675,4.57698,782.841,8.66179e+24
20230101T000007.500000,3,114,688.602,122.676,-25.3917,0,0,0,2500,0,0,2500,0,2500,0
20230101T000007.600000,6,168,699.468,3.0223,-24.5445,0,0,0,64.8986,-3.10205,25.226,782.81,0.108998,782.902,3.86717e+24
20230101T000007.600000,4,114,704.731,32.278,-24.7452,1.59684,-8.95036,0.0640086,79.5622,-92.2762,19.1209,581.084,3.40644,597.419,0
20230101T000007.700000,6,169,688.974,-121.133,-22.5646,0,0,0,86.2837,122.489,22.8432,761.438,-4.0162,783.04,5.13342e+24
20230101T000007.700000,6,170,688.76,-122.259,-23.0682,0,0,0,86.7187,123.583,23.3458,761.002,-4.14402,783.009,5.06867e+24
20230101T000007.700000,3,115,688.974,-121.133,-22.5646,0,0,0,2500,0,0,2500,0,2500,0
20230101T000007.700000,3,116,688.76,-122.259,-23.0682,0,0,0,2500,0,0,2500,0,2500,0
20230101T000007.800000,6,171,657.502,-238.862,-22.5791,0,0,0,148.488,230.503,21.8137,699.243,-7.92464,783.048,1.56847e+23
20230101T000007.800000,6,172,7145.07,7542.59,-137.565,0,0,0,91069.7,-86180.7,1572.08,81733,1659.54,172708,2.21528e+09
20230101T000007.800000,6,173,5398.44,5333.9,-57.5598,0,0,0,45555.9,-46037,496.828,46663.3,490.888,92149.9,2.40712e+08
20230101T000007.800000,6,174,4350.23,4533.11,212.396,0,0,0,32943.8,-31484.1,-1476.86,30350.1,-1538.94,63157.8,2.96853e+08
20230101T000007.800000,4,116,672.65,-213.102,-22.695,-1.59503,-8.99438,0.0369539,79.3307,92.0013,17.3752,581.299,-3.08421,597.543,0
20230101T000007.800000,3,117,7145.07,7542.59,-137.565,0,0,0,2500,0,0,2500,0,2500,0
20230101T000007.800000,3,118,5398.44,5333.9,-57.5598,0,0,0,2500,0,0,2500,0,2500,0
20230101T000007.800000,3,119,4350.23,4533.11,212.396,0,0,0,2500,0,0,2500,0,2500,0
20230101T000007.900000,6,175,606.054,-349.32,-23.5556,0,0,0,243.891,310.688,20.9764,603.845,-12.0905,782.993,6.86505e+22
20230101T000007.900000,6,176,9128.72,5796.9,-52.2262,0,0,0,53815.2,-84638.3,762.553,133353,484.235,187100,3.10603e+08
20230101T000007.900000,6,177,9704.87,3708.56,153.892,0,0,0,22094.4,-57551.8,-2388.72,150708,-912.813,172701,2.22507e+09
20230101T000007.900000,6,178,7230.73,2301.53,-128.547,0,0,0,8557.37,-26600.7,1486.15,83661.9,473.04,92128.8,8.68185e+07
20230101T000007.900000,6,179,4168.94,2366.84,316.085,0,0,0,9132.17,-15691.6,-2104.73,27862.7,-1194.92,36771.5,7.83493e+07
20230101T000007.900000,6,180,7432.64,4855.11,-504.103,0,0,0,38045.1,-57522.7,5991.88,88531.2,3913.99,126106,1.15085e+08
20230101T000007.900000,6,181,2263.59,2646.74,-132.534,0,0,0,11247.2,-9540.37,478.423,8251.31,559.402,19406.6,5.55836e+08
20230101T000007.900000,6,182,6725.43,5813.28,211.161,0,0,0,54148.3,-62488,-2271.09,72428.2,-1963.07,126441,1.09396e+08
20230101T000007.900000,3,120,606.054,-349.32,-23.5556,0,0,0,2500,0,0,2500,0,2500,0
20230101T000007.900000,3,121,9128.72,5796.9,-52.2262,0,0,0,2500,0,0,2500,0,2500,0
20230101T000007.900000,3,122,9704.87,3708.56,153.892,0,0,0,2500,0,0,2500,0,2500,0
20230101T000007.900000,3,123,7230.73,2301.53,-128.547,0,0,0,2500,0,0,2500,0,2500,0
20230101T000007.900000,3,124,4168.94,2366.84,316.085,0,0,0,2500,0,0,2500,0,2500,0
20230101T000007.900000,3,125,7432.64,4855.11,-504.103,0,0,0,2500,0,0,2500,0,2500,0
20230101T000007.900000,3,126,2263.59,2646.74,-132.534,0,0,0,2500,0,0,2500,0,2500,0
20230101T000007.900000,3,127,6725.43,5813.28,211.161,0,0,0,2500,0,0,2500,0,2500,0
20230101T000008,6,183,535.589,-449.983,-23.5196,0,0,0,361.969,353.688,18.5092,485.787,-15.5508,783.016,9.31629e+22
20230101T000008,6,184,9467.35,4281.19,48.7592,0,0,0,29382.1,-64825,-738.318,143421,-333.872,172735,2.26181e+09
20230101T000008,6,185,6988.92,2997.81,-112.676,0,0,0,14450.2,-33491.8,1259.11,78165,540.078,92530.9,1.06638e+08
20230101T000008,6,186,2349.5,2570.18,143.802,0,0,0,10613.4,-9613.5,-538.798,8885.04,-589.406,19401.6,1.06784e+09
20230101T000008,4,120,559.164,-430.69,-23.5282,-4.64253,-8.05649,0.00271296,196.338,231.292,15.6117,464.305,-8.99835,597.529,0
20230101T000008,4,122,9701.7,3716.92,152.378,-0.313771,0.827061,-0.149957,372.028,-808.82,-33.5633,2179.54,-12.8257,2488.09,0
20230101T000008,4,123,7239.91,2325.07,-128.387,0.909118,2.33044,0.0159052,283.387,-692.062,38.654,2237.36,12.3035,2456.97,0
20230101T000008,4,126,2274.45,2639.04,-100.774,1.07463,-0.76176,3.14451,1318.12,-1071.24,53.651,981.729,62.7321,2231.52,0
20230101T000008.100000,6,187,6848.86,-7747.18,-1017.84,0,0,0,96785.1,84040.9,11149.5,76017,-12611.9,171082,3.219e+09
20230101T000008.100000,6,188,448.283,528.759,96.7572,0,0,0,479.854,-340.899,-63.733,366.771,-75.1744,770.092,7.67781e+23
20230101T000008.100000,3,128,6848.86,-7747.18,-1017.84,0,0,0,2500,0,0,2500,0,2500,0
20230101T000008.100000,3,129,448.283,528.759,96.7572,0,0,0,2500,0,0,2500,0,2500,0
20230101T000008.200000,6,189,533.888,441.298,100.551,0,0,0,358.438,-338.242,-78.8795,488.066,-65.1998,768.969,3.43164e+24
20230101T000008.200000,4,129,519.695,467.672,99.6531,7.07056,-6.04824,0.286729,373.302,-254.888,-47.4327,288.751,-55.9479,587.921,0
20230101T000008.300000,6,190,600.258,345.607,100.646,0,0,0,250.355,-297.815,-88.7686,596.134,-51.1098,768.929,2.79024e+24
20230101T000008.300000,3,130,600.258,345.607,100.646,0,0,0,2500,0,0,2500,0,2500,0
20230101T000008.400000,6,191,651.701,235.547,98.3462,0,0,0,157.947,-220.608,-94.1743,688.58,-34.0378,769.579,3.46779e+24
20230101T000008.400000,4,130,647.006,264.904,98.891,4.62858,-7.99038,-0.173719,201.754,-222.763,-66.066,460.395,-38.0385,587.061,0
20230101T000008.500000,6,192,682.367,118.826,100.631,0,0,0,99.1493,-116.401,-100.896,747.322,-17.5699,768.914,9.21709e+23
20230101T000008.500000,3,131,682.367,118.826,100.631,0,0,0,2500,0,0,2500,0,2500,0
20230101T000008.600000,6,193,693.196,0.173485,96.6772,0,0,0,77.7333,-0.172961,-98.4705,768.833,-0.0246441,770.054,1.24324e+24
20230101T000008.600000,4,131,698.484,28.8118,97.6149,1.59571,-8.91229,-0.298619,88.6537,-87.0672,-75.0926,573.484,-13.0764,587.053,0
20230101T000008.700000,6,194,682.829,-119.349,96.7897,0,0,0,98.2505,117.202,-97.1107,748.314,16.9735,770.023,1.40395e+24
20230101T000008.700000,3,132,682.829,-119.349,96.7898,0,0,0,2500,0,0,2500,0,2500,0
20230101T000008.800000,6,195,652.052,-235.233,96.7744,0,0,0,157.341,220.592,-92.7191,689.23,33.4491,770.034,5.02264e+23
20230101T000008.800000,6,196,7200.75,7490.71,10.3122,0,0,0,89808.1,-86269.9,-118.765,82994.6,-123.547,172738,2.77261e+09
20230101T000008.800000,6,197,4011.2,4830,316.296,0,0,0,37417.7,-30888.5,-2027.91,25876.1,-2441.86,63070,8.22209e+08
20230101T000008.800000,4,132,666.988,-210.005,96.7781,-1.5684,-8.9759,-0.00115491,87.9798,87.6331,-72.2752,574.038,12.6326,587.879,0
20230101T000008.800000,3,133,7200.75,7490.71,10.3122,0,0,0,2500,0,0,2500,0,2500,0
20230101T000008.800000,3,134,4011.2,4830,316.296,0,0,0,2500,0,0,2500,0,2500,0
20230101T000008.900000,6,198,599.895,-346.754,98.8387,0,0,0,251.113,298.877,-87.1222,595.42,50.3588,769.455,5.40881e+21
20230101T000008.900000,6,199,3267.62,1213.81,203.339,0,0,0,2471.54,-6303.65,-1059.61,17099.5,-393.609,19441.4,2.5546e+08
20230101T000008.900000,6,200,3549.5,2109.75,248.628,0,0,0,7241.89,-11910.2,-1408.71,20200.8,-837.308,27280.2,4.18908e+07
20230101T000008.900000,6,201,4035.43,1618.4,-65.9642,0,0,0,4251.85,-10425,425.009,26065.3,170.449,30246.2,1.77939e+07
20230101T000008.900000,6,202,4167.83,1885.48,131.475,0,0,0,5764.11,-12539,-875.068,27808.8,-395.872,33481.4,1.21531e+07
20230101T000008.900000,6,203,9284.6,4651.19,36.4987,0,0,0,34666.6,-69068.7,-542.001,137939,-271.519,172540,3.34749e+09
20230101T000008.900000,6,204,7118.27,2628.91,-126.998,0,0,0,11136.8,-29912,1445.41,81082.4,533.814,92129.5,1.14359e+08
20230101T000008.900000,6,205,7507.35,4188.59,-1202.18,0,0,0,29882.2,-49301.8,14432.7,90740.4,8052.45,118249,1.16958e+07
20230101T000008.900000,6,206,5202.91,2091.24,822.939,0,0,0,7984.06,-17012.3,-6842.15,43471.9,-2750.11,50311.1,1.61232e+07
20230101T000008.900000,6,207,8501.9,2376.63,922.11,0,0,0,10358,-31960.3,-12537.1,115755,-3504.64,124690,1.52963e+07
20230101T000008.900000,6,208,4393.74,1867.76,-363.582,0,0,0,5814.67,-13031.3,2551.52,30930.1,1084.64,36470,5.46934e+07
20230101T000008.900000,6,209,8123.83,3410.94,2225.54,0,0,0,25403.6,-41485.7,-28913.9,106791,-12140,124214,1.55274e+07
20230101T000008.900000,6,210,5915.37,2127.35,271.311,0,0,0,7401.85,-20076.7,-2565.26,56007.4,-922.546,63227.7,6.57896e+07
20230101T000008.900000,6,211,7158.47,3612.72,142.282,0,0,0,20959.7,-41339.8,-1628.62,82009.4,-821.93,102873,3.37075e+07
20230101T000008.900000,6,212,8644.21,5923.52,1715.06,0,0,0,59385.8,-79703,-23712.1,121079,-16248.9,175698,1.29672e+08
20230101T000008.900000,6,213,7671.24,6985.12,-430.926,0,0,0,78264.4,-85555.5,5287.22,94320.3,4814.32,172224,3.1281e+09
20230101T000008.900000,6,214,5618.24,5234.5,1429.49,0,0,0,45623.3,-45392.4,-12841.6,52051.5,-11964.4,94345.5,8.009e+07
20230101T000008.900000,6,215,4532.15,5265.14,40.1835,0,0,0,44383.1,-38146.9,-291.146,32902.8,-338.234,77219.3,5.02257e+07
20230101T000008.900000,6,216,5497.98,4569.31,97.9783,0,0,0,33452.8,-40156.2,-861.218,48396.9,-715.75,81770.3,3.64298e+07
20230101T000008.900000,6,217,4596.96,6783.2,-705.189,0,0,0,73889.3,-49492.3,5183.69,34400,7648.97,107431,1.22152e+07
20230101T000008.900000,4,133,7203.5,7479.21,3.9433,0.272434,-1.13911,-0.630586,1323.39,-1212.16,-1.66873,1227.65,-1.73593,2488.62,0
20230101T000008.900000,3,135,599.895,-346.754,98.8387,0,0,0,2500,0,0,2500,0,2500,0
20230101T000008.900000,3,136,3267.62,1213.81,203.339,0,0,0,2500,0,0,2500,0,2500,0
20230101T000008.900000,3,137,3549.5,2109.75,248.628,0,0,0,2500,0,0,2500,0,2500,0
20230101T000008.900000,3,138,4035.43,1618.4,-65.9642,0,0,0,2500,0,0,2500,0,2500,0
20230101T000008.900000,3,139,4167.83,1885.48,131.475,0,0,0,2500,0,0,2500,0,2500,0
20230101T000008.900000,3,140,9284.6,4651.19,36.4987,0,0,0,2500,0,0,2500,0,2500,0
20230101T000008.900000,3,141,7118.27,2628.91,-126.998,0,0,0,2500,0,0,2500,0,2500,0
20230101T000008.900000,3,142,7507.35,4188.59,-1202.18,0,0,0,2500,0,0,2500,0,2500,0
20230101T000008.900000,3,143,5202.91,2091.24,822.939,0,0,0,2500,0,0,2500,0,2500,0
20230101T000008.900000,3,144,8501.9,2376.63,922.11,0,0,0,2500,0,0,2500,0,2500,0
20230101T000008.900000,3,145,4393.74,1867.76,-363.582,0,0,0,2500,0,0,2500,0,2500,0
20230101T000008.900000,3,146,8123.83,3410.94,2225.54,0,0,0,2500,0,0,2500,0,2500,0
20230101T000008.900000,3,147,5915.37,2127.35,271.311,0,0,0,2500,0,0,2500,0,2500,0
20230101T000008.900000,3,148,7158.47,3612.72,142.282,0,0,0,2500,0,0,2500,0,2500,0
20230101T000008.900000,3,149,8644.21,5923.52,1715.06,0,0,0,2500,0,0,2500,0,2500,0
20230101T000008.900000,3,150,5618.24,5234.5,1429.49,0,0,0,2500,0,0,2500,0,2500,0
20230101T000008.900000,3,151,4532.15,5265.14,40.1835,0,0,0,2500,0,0,2500,0,2500,0
20230101T000008.900000,3,152,5497.98,4569.31,97.9783,0,0,0,2500,0,0,2500,0,2500,0
20230101T000008.900000,3,153,4596.96,6783.2,-705.189,0,0,0,2500,0,0,2500,0,2500,0
20230101T000009,6,218,532.204,-443.623,99.2429,0,0,0,361.183,339.162,-77.6077,485.356,64.6906,769.354,2.46813e+23
20230101T000009,6,219,3389.74,755.926,291.345,0,0,0,1104.2,-4057.47,-1574.93,18394,-351.216,19299.3,6.71098e+08
20230101T000009,6,220,4574.17,1111.51,960.979,0,0,0,3429.92,-7781.64,-7020.9,33562.6,-1706.06,35456.1,2.27417e+08
20230101T000009,6,221,6668.39,2022.93,1598.88,0,0,0,10348.9,-20430.4,-17045.8,71497.6,-5171.03,77698.6,1.51349e+08
20230101T000009,6,222,6841.89,7818.75,131.721,0,0,0,97852.3,-85546.6,-1441.42,74950.3,-1647.22,172711,2.83192e+09
20230101T000009,6,223,4439.11,5831.34,-1971.5,0,0,0,56710.8,-38391.6,13993,35504.2,18381.6,85940.7,2.4271e+08
20230101T000009,6,224,3847.91,5763.65,-327.758,0,0,0,53224.1,-35376,2016.22,23853.3,3020.02,76841.9,1.37618e+08
20230101T000009,4,133,7200.96,7486.75,5.68788,6.72499,7.57337,-0.270543,1328.91,-1243.2,-1.06637,1233.56,-1.14347,2525.37,0
20230101T000009,4,135,554.461,-425.282,99.1474,-4.49836,-7.77504,0.0305628,202.3,223.517,-64.8407,459.792,37.4796,587.453,0
20230101T000009,3,154,3389.74,755.926,291.345,0,0,0,2500,0,0,2500,0,2500,0
20230101T000009,3,155,4574.17,1111.51,960.979,0,0,0,2500,0,0,2500,0,2500,0
20230101T000009,3,156,6668.39,2022.93,1598.88,0,0,0,2500,0,0,2500,0,2500,0
20230101T000009,3,157,4439.11,5831.34,-1971.5,0,0,0,2500,0,0,2500,0,2500,0
20230101T000009,3,158,3847.91,5763.65,-327.758,0,0,0,2500,0,0,2500,0,2500,0
20230101T000009.100000,6,225,7046.8,-6787.87,264.602,0,0,0,73811.6,76444.5,-2982.11,79536.4,2872.53,153172,9.8221e+09
20230101T000009.100000,6,226,9682.17,1296.93,-613.344,0,0,0,3345.17,-20003.8,9497.63,150003,1272.21,152682,9.04984e+09
20230101T000009.100000,6,227,563.335,675.902,-189.44,0,0,0,779.558,-550.893,162.318,577.73,194.752,1241.54,5.02161e+23
20230101T000009.100000,3,159,7046.8,-6787.87,264.602,0,0,0,2500,0,0,2500,0,2500,0
20230101T000009.100000,3,160,9682.17,1296.93,-613.344,0,0,0,2500,0,0,2500,0,2500,0
20230101T000009.100000,3,161,563.335,675.902,-189.44,0,0,0,2500,0,0,2500,0,2500,0
20230101T000009.200000,6,228,6659.69,-7182.38,167.159,0,0,0,82588.8,76477.7,-1780.42,71020.9,1920.16,153501,4.68206e+09
20230101T000009.200000,6,229,4083.43,-5687.4,1080.71,0,0,0,52411.3,36243.6,-7055.14,27953.3,9826.41,78434.9,9.26043e+07
20230101T000009.200000,6,230,4172.66,-1677.85,237.12,0,0,0,4636.65,11148.5,-1579.95,27879.2,635.307,32362.3,2.37453e+08
20230101T000009.200000,6,231,7233.66,-3651.65,-88.2343,0,0,0,21396.2,42232.9,1020.59,83736.9,-515.207,105057,1.79115e+08
20230101T000009.200000,6,232,676.404,563.177,-188.066,0,0,0,577.039,-551.573,193.483,780.262,161.095,1242.3,4.38017e+22
20230101T000009.200000,4,159,7046.47,-6800,263.241,-0.0319441,-1.20074,-0.134769,1228.85,1209.08,-47.1326,1319.39,45.4008,2482.31,0
20230101T000009.200000,4,161,645.835,607.383,-188.531,8.16835,-6.78404,0.0899417,530.386,-360.712,104.608,398.234,125.511,821.301,0
20230101T000009.200000,3,162,4083.43,-5687.4,1080.71,0,0,0,2500,0,0,2500,0,2500,0
20230101T000009.200000,3,163,4172.66,-1677.85,237.12,0,0,0,2500,0,0,2500,0,2500,0
20230101T000009.200000,3,164,7233.66,-3651.65,-88.2343,0,0,0,2500,0,0,2500,0,2500,0
20230101T000009.300000,6,233,7042.2,-6794.81,-201.461,0,0,0,73937.9,76496.2,2269.02,79410.2,-2189.31,153219,3.94978e+09
20230101T000009.300000,6,234,761.6,440.217,-190.318,0,0,0,399.333,-484.833,220.462,957.881,127.43,1240.98,8.36436e+22
20230101T000009.300000,4,159,7043.28,-6796.85,255.504,-9.84684,8.29102,-1.9772,1232.58,1237.84,-48.0606,1322.59,46.3366,2514.54,0
20230101T000009.300000,3,165,761.6,440.217,-190.318,0,0,0,2500,0,0,2500,0,2500,0
20230101T000009.400000,6,235,5348.37,-6088.5,-322.614,0,0,0,59412,51987.4,2759.06,45898.2,-3140.86,105080,1.02134e+08
20230101T000009.400000,6,236,3606.8,-4982.66,-815.888,0,0,0,40110.8,28218.5,4703.5,21554.5,-6497.71,60538.5,1.37117e+08
20230101T000009.400000,6,237,6380.69,-7431.86,-146.134,0,0,0,88413.7,75824.1,1491.28,65197.6,-1736.96,153513,7.12064e+09
20230101T000009.400000,6,238,827.979,298.593,-187.955,0,0,0,246.836,-357.995,236.701,1110.43,85.3613,1242.32,9.65217e+22
20230101T000009.400000,4,159,7034.1,-6809.73,248.517,-3.0793,-4.27601,-3.53575,1269.88,1277.67,-48.6912,1361.37,46.9583,2592.41,0
20230101T000009.400000,4,165,814.46,349.428,-188.757,5.23358,-8.98904,0.154578,281.449,-317.511,142.082,647.235,82.1255,820.953,0
20230101T000009.400000,3,166,5348.37,-6088.5,-322.614,0,0,0,2500,0,0,2500,0,2500,0
20230101T000009.400000,3,167,3606.8,-4982.66,-815.888,0,0,0,2500,0,0,2500,0,2500,0
20230101T000009.500000,6,239,3172.29,-3159.86,465.026,0,0,0,16181,15833.8,-2355.66,16305.4,2346.43,32077.8,4.01175e+08
20230101T000009.500000,6,240,5253.88,-5886.15,-630.152,0,0,0,55744.7,49132.9,5293.8,44554.2,-5930.88,99600.4,2.19009e+07
20230101T000009.500000,6,241,5515.42,-5792.96,1239.65,0,0,0,54892.3,49861.9,-10932.8,49994.3,11483,102367,4.20475e+07
20230101T000009.500000,6,242,4031.84,-4690.09,-216.848,0,0,0,35254.2,30186.7,1397.41,26089.2,-1625.56,61204.4,6.72921e+07
20230101T000009.500000,6,243,6760.92,-7080.92,-361.27,0,0,0,80353.2,76461.4,3906.4,73278.6,-4091.3,153359,3.36782e+09
20230101T000009.500000,6,244,4427.16,-4610.56,328.786,0,0,0,34125.1,32540.3,-2326.66,31482.7,2423.05,65371.3,4.48552e+07
20230101T000009.500000,6,245,866.848,152.185,-188.258,0,0,0,151.437,-190.993,248.212,1205.81,43.5764,1242.14,1.13161e+22
20230101T000009.500000,6,246,867.8,142.949,-191.094,0,0,0,149.079,-179.311,252.227,1208.08,41.5484,1240.5,1.04941e+22
20230101T000009.500000,4,159,7030.51,-6816.59,237.374,-0.00471381,-10.6292,-7.185,1330.75,1338.38,-49.6559,1420.99,47.8881,2713.44,0
20230101T000009.500000,3,168,3172.29,-3159.86,465.026,0,0,0,2500,0,0,2500,0,2500,0
20230101T000009.500000,3,169,5253.88,-5886.15,-630.152,0,0,0,2500,0,0,2500,0,2500,0
20230101T000009.500000,3,170,5515.42,-5792.96,1239.65,0,0,0,2500,0,0,2500,0,2500,0
20230101T000009.500000,3,171,4031.84,-4690.09,-216.848,0,0,0,2500,0,0,2500,0,2500,0
20230101T000009.500000,3,172,4427.16,-4610.56,328.786,0,0,0,2500,0,0,2500,0,2500,0
20230101T000009.500000,3,173,866.848,152.185,-188.258,0,0,0,2500,0,0,2500,0,2500,0
20230101T000009.500000,3,174,867.8,142.949,-191.094,0,0,0,2500,0,0,2500,0,2500,0
20230101T000009.600000,6,247,8302.32,-5149.29,-598.992,0,0,0,42884.9,68116,7953.52,110463,-4932.95,152710,1.1651e+10
20230101T000009.600000,6,248,880.149,1.74156,-188.044,0,0,0,117.787,-2.21947,251.734,1239.46,0.498108,1242.26,1.05865e+23
20230101T000009.600000,4,174,883.702,49.0966,-189.079,1.57447,-9.29237,0.199456,117.56,-117.446,162.555,811.189,26.7771,820.649,0
20230101T000009.600000,3,175,8302.32,-5149.29,-598.992,0,0,0,2500,0,0,2500,0,2500,0
20230101T000009.700000,6,249,866.162,-157.404,-187.129,0,0,0,153.154,197.512,246.528,1204.13,-44.8005,1242.79,1.40958e+22
20230101T000009.700000,6,250,865.714,-157.456,-189.138,0,0,0,154.287,197.252,249.046,1202.93,-45.2964,1241.63,1.45149e+22
20230101T000009.700000,6,251,2865.69,3410.87,598.5,0,0,0,18877.7,-15326,-2738.75,13512.3,-3259.79,31755.1,1.28957e+08
20230101T000009.700000,6,252,6498.57,7283.42,-784.711,0,0,0,85342,-75209.9,8155.8,68154.3,9140.79,152448,2.79193e+09
20230101T000009.700000,3,176,866.162,-157.404,-187.129,0,0,0,2500,0,0,2500,0,2500,0
20230101T000009.700000,3,177,865.714,-157.456,-189.138,0,0,0,2500,0,0,2500,0,2500,0
20230101T000009.700000,3,178,2865.69,3410.87,598.5,0,0,0,2500,0,0,2500,0,2500,0
20230101T000009.700000,3,179,6498.57,7283.42,-784.711,0,0,0,2500,0,0,2500,0,2500,0
20230101T000009.800000,6,253,827.298,-300.789,-187.454,0,0,0,248.492,360.432,235.876,1108.79,-85.7597,1242.61,5.43743e+22
20230101T000009.800000,6,254,4879.04,6459.25,-502.035,0,0,0,66924.7,-50199.2,3916.73,38385.3,5185.28,104843,1.17523e+08
20230101T000009.800000,6,255,4414.79,4315.26,-624.208,0,0,0,30145.6,-30138.3,4404.62,31520.2,4305.32,60979.7,1.53465e+08
20230101T000009.800000,6,256,6770.98,7067.27,-415.501,0,0,0,80076.8,-76393.8,4499.48,73531.2,4696.37,153268,7.09348e+09
20230101T000009.800000,4,177,848.123,-255.539,-188.026,-1.74173,-9.71122,0.110103,120.974,129.152,160.505,807.579,-29.1926,821.377,0
20230101T000009.800000,4,179,6505.4,7282.6,-779.016,0.676228,-0.0812366,0.563831,1417.48,-1195.17,128.781,1144.35,144.334,2468.57,0
20230101T000009.800000,3,180,4879.04,6459.25,-502.035,0,0,0,2500,0,0,2500,0,2500,0
20230101T000009.800000,3,181,4414.79,4315.26,-624.208,0,0,0,2500,0,0,2500,0,2500,0
20230101T000009.900000,6,257,761.162,-442.122,-187.637,0,0,0,400.651,487.388,217.231,956.643,-126.179,1242.52,1.9012e+21
20230101T000009.900000,6,258,9655.93,-1425.61,-730.224,0,0,0,4149.04,21892.5,11276.9,149199,-1664.93,152431,5.51229e+09
20230101T000009.900000,6,259,3773.63,2454.31,-69.7733,0,0,0,9688.29,-14785.9,420.447,22805.8,273.452,32422.4,4.56211e+08
20230101T000009.900000,6,260,10861.7,2627.89,-1458.88,0,0,0,14325.7,-44876.6,25345.5,188954,6132.11,199813,3.72229e+07
20230101T000009.900000,6,261,10241.9,1846.49,-820.198,0,0,0,6559.3,-30059.5,13435.7,167871,2422.29,173291,1.65875e+07
20230101T000009.900000,6,262,6831.95,4346.79,-233.397,0,0,0,30338.9,-47446.9,2549.74,74724.5,1622.26,104912,1.8305e+08
20230101T000009.900000,6,263,5313.53,2055.9,-982.677,0,0,0,8160.71,-16937.7,8344.38,45383.1,3228.6,51938.5,1.08925e+07
20230101T000009.900000,6,264,4670.03,1892.95,-870.913,0,0,0,6828.91,-13700.1,6497.55,35074.8,2633.72,40629.8,1.32022e+07
20230101T000009.900000,6,265,8998.78,2591.13,27.8364,0,0,0,10802.6,-37289.9,-400.607,129570,-115.352,140307,6.8145e+06
20230101T000009.900000,6,266,5810.62,3169.34,73.6485,0,0,0,16127.6,-29434.8,-684.085,54038,-373.127,70092.9,2.27997e+07
20230101T000009.900000,6,267,6319.23,2360.79,-1028.87,0,0,0,10458.5,-23293.7,10393.8,64107.5,3882.99,72811.1,4.07208e+06
20230101T000009.900000,6,268,1829.91,2673.74,-78.0413,0,0,0,11461.7,-7793.94,227.623,5407.88,332.587,16795.9,3.40767e+07
20230101T000009.900000,6,269,3745.35,2496.03,-113.349,0,0,0,10026.8,-14918.6,677.911,22470.2,451.784,32412.5,4.35049e+08
20230101T000009.900000,6,270,6002.56,6141.37,-1654.66,0,0,0,62516.6,-56761.8,15883.2,59921.2,16250.5,117998,1.47481e+07
20230101T000009.900000,3,182,761.162,-442.122,-187.637,0,0,0,2500,0,0,2500,0,2500,0
20230101T000009.900000,3,183,9655.93,-1425.61,-730.224,0,0,0,2500,0,0,2500,0,2500,0
20230101T000009.900000,3,184,3773.63,2454.31,-69.7733,0,0,0,2500,0,0,2500,0,2500,0
20230101T000009.900000,3,185,10861.7,2627.89,-1458.88,0,0,0,2500,0,0,2500,0,2500,0
20230101T000009.900000,3,186,10241.9,1846.49,-820.198,0,0,0,2500,0,0,2500,0,2500,0
20230101T000009.900000,3,187,6831.95,4346.79,-233.397,0,0,0,2500,0,0,2500,0,2500,0
20230101T000009.900000,3,188,5313.53,2055.9,-982.677,0,0,0,2500,0,0,2500,0,2500,0
20230101T000009.900000,3,189,4670.03,1892.95,-870.913,0,0,0,2500,0,0,2500,0,2500,0
20230101T000009.900000,3,190,8998.78,2591.13,27.8364,0,0,0,2500,0,0,2500,0,2500,0
20230101T000009.900000,3,191,5810.62,3169.34,73.6486,0,0,0,2500,0,0,2500,0,2500,0
20230101T000009.900000,3,192,6319.23,2360.79,-1028.87,0,0,0,2500,0,0,2500,0,2500,0
20230101T000009.900000,3,193,1829.91,2673.74,-78.0413,0,0,0,2500,0,0,2500,0,2500,0
20230101T000009.900000,3,194,3745.35,2496.03,-113.349,0,0,0,2500,0,0,2500,0,2500,0
20230101T000009.900000,3,195,6002.56,6141.37,-1654.66,0,0,0,2500,0,0,2500,0,2500,0
20230101T000010,6,271,675.431,-564.27,-188.297,0,0,0,578.894,551.777,193.442,778.404,-161.606,1242.17,5.72375e+20
20230101T000010,6,272,7310.03,-6427.06,-1029.05,0,0,0,67082.7,74299.6,12030.8,86264.7,-10577.6,151590,9.67831e+09
20230101T000010,6,273,6369.08,-486.961,-403.424,0,0,0,701.673,4937.75,4107.09,64906.1,-314.016,65283.9,4.63269e+07
20230101T000010,6,274,1867.61,554.54,-154.47,0,0,0,585.555,-1629.3,456.75,5589.02,135.62,6073.2,2.09114e+08
20230101T000010,6,275,3967.8,2091.26,392.294,0,0,0,7239.76,-13148.5,-2485.56,25256.8,-1310.03,32187.3,1.58975e+08
20230101T000010,6,276,9743.77,4375.83,-1977.51,0,0,0,35894.9,-65857.9,30819,152966,13840.5,182544,6.55551e+06
20230101T000010,6,277,7248.72,3537.86,760.82,0,0,0,20825.6,-40641.9,-8818.58,84260.8,-4304.06,104097,6.20611e+07
20230101T000010,6,278,7837.68,3223.33,-1003.8,0,0,0,18056.8,-39832.2,12581.1,98529.1,5174.11,114911,1.06757e+07
20230101T000010,6,279,8373.56,2291.76,-912.001,0,0,0,9700.4,-30349.3,12212.3,112284,3342.38,120591,2.60389e+06
20230101T000010,6,280,7048.28,2384.43,-423.604,0,0,0,9411.65,-26783.3,4773.65,79521.3,1614.92,88582.3,3.1714e+07
20230101T000010,6,281,8724.43,2761.4,-176.809,0,0,0,12304.2,-38513.9,2466.92,121796,780.813,133986,1.23305e+07
20230101T000010,6,282,5630.66,1225.38,-179.29,0,0,0,2512.65,-11015.6,1613.29,50732.1,351.095,53129.4,5.51626e+06
20230101T000010,6,283,5058.22,1348.21,-978.72,0,0,0,4396.99,-10514.5,7909.76,41042.7,2108.26,43847.3,2.8646e+07
20230101T000010,6,284,5014.27,3235.63,-334.372,0,0,0,16922.3,-25848.4,2679.61,40300,1729.11,56979.8,1.45176e+07
20230101T000010,6,285,5204.64,1870.11,-274.593,0,0,0,5759.09,-15514.5,2283.67,43362.3,820.558,48937.1,3.93255e+06
20230101T000010,6,286,2987.73,2745.25,277.197,0,0,0,12159.5,-13030.3,-1321.89,14367.8,-1214.62,26341,5.48553e+07
20230101T000010,6,287,7895.59,7681.24,-1141.13,0,0,0,95505.3,-95963.6,14411.1,100788,14019.9,194147,4.86736e+06
20230101T000010,6,288,8535.51,6352.71,-482.419,0,0,0,64851.9,-86548.9,6585.98,116723,4901.74,181139,3.19125e+06
20230101T000010,6,289,5309.36,5498.95,-641.739,0,0,0,48730.1,-46352.5,5447.86,45476.8,5642.39,93484.9,9.43152e+06
20230101T000010,6,290,4444.25,5157.66,-1708,0,0,0,44576.9,-34337.1,12135.4,34315.4,14083.4,74168.2,870589
20230101T000010,6,291,7812.93,5151.78,234.561,0,0,0,42571.3,-64330.9,-2930.84,97713,-1932.57,140132,9.21898e+07
20230101T000010,6,292,3398.2,5107.15,-860.765,0,0,0,42115.8,-27192.5,4675.2,19341.6,7026.36,60210.4,1.14825e+08
20230101T000010,4,182,710.753,-528.738,-188.073,-4.99098,-8.57584,-0.0432247,282.241,319.033,140,646.181,-81.3191,821.946,0
20230101T000010,3,196,7310.03,-6427.06,-1029.05,0,0,0,2500,0,0,2500,0,2500,0
20230101T000010,3,197,6369.08,-486.961,-403.424,0,0,0,2500,0,0,2500,0,2500,0
20230101T000010,3,198,1867.61,554.54,-154.47,0,0,0,2500,0,0,2500,0,2500,0
20230101T000010,3,199,3967.8,2091.26,392.294,0,0,0,2500,0,0,2500,0,2500,0
20230101T000010,3,200,9743.77,4375.83,-1977.51,0,0,0,2500,0,0,2500,0,2500,0
20230101T000010,3,201,7248.72,3537.86,760.82,0,0,0,2500,0,0,2500,0,2500,0
20230101T000010,3,202,7837.68,3223.33,-1003.8,0,0,0,2500,0,0,2500,0,2500,0
20230101T000010,3,203,8373.56,2291.76,-912.001,0,0,0,2500,0,0,2500,0,2500,0
20230101T000010,3,204,7048.28,2384.43,-423.604,0,0,0,2500,0,0,2500,0,2500,0
20230101T000010,3,205,8724.43,2761.4,-176.809,0,0,0,2500,0,0,2500,0,2500,0
20230101T000010,3,206,5630.66,1225.38,-179.29,0,0,0,2500,0,0,2500,0,2500,0
20230101T000010,3,207,5058.22,1348.21,-978.72,0,0,0,2500,0,0,2500,0,2500,0
20230101T000010,3,208,5014.27,3235.63,-334.372,0,0,0,2500,0,0,2500,0,2500,0
20230101T000010,3,209,5204.64,1870.11,-274.593,0,0,0,2500,0,0,2500,0,2500,0
20230101T000010,3,210,2987.73,2745.25,277.197,0,0,0,2500,0,0,2500,0,2500,0
20230101T000010,3,211,7895.58,7681.24,-1141.13,0,0,0,2500,0,0,2500,0,2500,0
20230101T000010,3,212,8535.51,6352.71,-482.419,0,0,0,2500,0,0,2500,0,2500,0
20230101T000010,3,213,5309.36,5498.95,-641.739,0,0,0,2500,0,0,2500,0,2500,0
20230101T000010,3,214,4444.25,5157.66,-1708,0,0,0,2500,0,0,2500,0,2500,0
20230101T000010,3,215,7812.93,5151.78,234.561,0,0,0,2500,0,0,2500,0,2500,0
20230101T000010,3,216,3398.2,5107.15,-860.765,0,0,0,2500,0,0,2500,0,2500,0
20230101T000010.100000,6,293,579.566,687.991,-29.1651,0,0,0,784.432,-605.805,25.7095,575.626,30.5192,1294.83,9.26122e+23
20230101T000010.100000,3,217,579.566,687.991,-29.1651,0,0,0,2500,0,0,2500,0,2500,0
20230101T000010.200000,6,294,6771.8,-7065.69,145.718,0,0,0,79925.3,76507,-1578.18,73422.8,1646.67,153250,5.09012e+09
20230101T000010.200000,6,295,686.608,581.121,-30.4711,0,0,0,578.434,-606.147,31.8218,781.59,26.9328,1294.68,4.12694e+23
20230101T000010.200000,4,217,656.104,623.465,-30.028,7.57809,-6.38869,-0.0854415,526.877,-390.559,16.5689,392.26,19.6686,855.646,0
20230101T000010.200000,3,218,6771.8,-7065.69,145.718,0,0,0,2500,0,0,2500,0,2500,0
20230101T000010.300000,6,296,7114.38,-6722.21,6.54773,0,0,0,72334.8,76487,-74.5017,81013.3,70.3949,153284,1.09597e+10
20230101T000010.300000,6,297,9002.85,-3838.69,125.136,0,0,0,23652.2,55262.5,-1801.78,129696,768.253,153259,1.00583e+10
20230101T000010.300000,6,298,779.919,448.105,-31.2336,0,0,0,370.509,-530.891,37.0509,989.489,21.2877,1294.59,5.9868e+23
20230101T000010.300000,4,218,6777.51,-7060.27,143.463,0.564416,0.536335,-0.223286,1324.91,1209.47,-24.9433,1222.12,26.0258,2483.54,0
20230101T000010.300000,3,219,9002.85,-3838.69,125.136,0,0,0,2500,0,0,2500,0,2500,0
20230101T000010.300000,3,220,779.919,448.105,-31.2336,0,0,0,2500,0,0,2500,0,2500,0
20230101T000010.400000,6,299,7489.65,-6269.77,630.562,0,0,0,63307.6,74789,-7553.14,90040.2,6322.93,152648,8.22029e+09
20230101T000010.400000,6,300,844.87,308.639,-31.0936,0,0,0,210.175,-396.115,39.9566,1149.8,14.5965,1294.58,7.94125e+23
20230101T000010.400000,4,218,6790.1,-7048.03,151.443,2.97659,2.91961,1.32763,1328.38,1238.21,-25.3075,1225.51,26.3917,2515.73,0
20230101T000010.400000,4,220,830.644,359.808,-31.141,5.0223,-8.74232,0.00916995,260.035,-342.285,23.8783,659.115,13.7194,855.502,0
20230101T000010.500000,6,301,6602,-7225.18,113.72,0,0,0,83563.8,76278.9,-1200.75,69784.3,1314.09,153263,1.07035e+10
20230101T000010.500000,6,302,885.475,157.788,-32.6377,0,0,0,103.436,-212.215,43.9565,1256.53,7.83287,1294.42,1.02164e+24
20230101T000010.500000,4,218,6787.24,-7050.77,150.935,2.07792,2.08731,1.14811,1364.76,1278.01,-26.9085,1265.08,27.8844,2593.53,0
20230101T000010.500000,3,221,885.475,157.788,-32.6377,0,0,0,2500,0,0,2500,0,2500,0
20230101T000010.600000,6,303,899.452,3.87524,-31.5551,0,0,0,65.5373,-5.29468,43.1692,1294.42,0.185992,1294.52,4.55777e+23
20230101T000010.600000,4,221,903.445,57.0829,-31.9223,1.77918,-9.97084,0.0708329,87.8445,-136.829,28.329,831.318,5.04812,855.401,0
20230101T000010.700000,6,304,885.961,-155.757,-29.0034,0,0,0,102.139,209.659,39.0832,1257.84,-6.87104,1294.77,6.05459e+23
20230101T000010.700000,6,305,885.67,-157.283,-29.6498,0,0,0,102.92,211.633,39.9412,1257.06,-7.093,1294.71,5.97789e+23
20230101T000010.700000,6,306,6791.69,7037.15,392.466,0,0,0,79384.1,-76315.6,-4263.03,73963.9,-4417.11,153038,6.35992e+09
20230101T000010.700000,3,222,885.961,-155.757,-29.0034,0,0,0,2500,0,0,2500,0,2500,0
20230101T000010.700000,3,223,885.67,-157.283,-29.6498,0,0,0,2500,0,0,2500,0,2500,0
20230101T000010.700000,3,224,6791.69,7037.15,392.466,0,0,0,2500,0,0,2500,0,2500,0
20230101T000010.800000,6,307,845.499,-307.113,-29.0516,0,0,0,208.584,394.514,37.3603,1151.4,-13.5705,1294.77,1.84545e+22
20230101T000010.800000,6,308,9417.53,2644.98,-341.804,0,0,0,11426,-39789.4,5148.17,141922,1445.9,153097,5.02397e+09
20230101T000010.800000,6,309,5933.38,5525.76,199.693,0,0,0,48922.9,-52394.6,-1894.62,56387.4,-1764.46,105183,1.34766e+08
20230101T000010.800000,4,223,867.733,-258.375,-29.2545,-1.77597,-10.0091,0.0391394,87.5101,136.443,25.7412,831.6,-4.57129,855.583,0
20230101T000010.800000,3,225,9417.53,2644.98,-341.804,0,0,0,2500,0,0,2500,0,2500,0
20230101T000010.800000,3,226,5933.38,5525.76,199.693,0,0,0,2500,0,0,2500,0,2500,0
20230101T000010.900000,6,310,779.267,-449.3,-30.2778,0,0,0,372.071,531.902,35.8871,987.927,-20.6913,1294.68,8.07205e+21
20230101T000010.900000,6,311,4124.52,1805.2,61.2059,0,0,0,5272.74,-11887.2,-403.115,27229.9,-176.434,32432.7,3.82461e+08
20230101T000010.900000,6,312,10026.3,4485.85,-1412.54,0,0,0,34909,-70748.5,22652.5,161384,10135,193039,8.29572e+07
20230101T000010.900000,6,313,5486.11,2170.7,-1053.4,0,0,0,9127.81,-18425.3,9236.19,48404.6,3654.5,55696.9,4.40733e+07
20230101T000010.900000,6,314,6945.48,4149.08,425.168,0,0,0,27804,-45952.3,-4721.91,77276.3,-2820.77,104727,1.73153e+08
20230101T000010.900000,6,315,5695.72,3306.48,-588.166,0,0,0,17953.9,-29864.6,5355.15,52061.6,3108.76,69399,1.01697e+07
20230101T000010.900000,6,316,8438.12,3545.44,-18.0482,0,0,0,20167,-47843.9,243.552,113933,102.333,134035,2.9667e+07
20230101T000010.900000,6,317,5546.19,6754.61,-316.492,0,0,0,73089.8,-59829.8,2807.05,49350.3,3418.66,122216,3.06576e+07
20230101T000010.900000,6,318,6434.66,4923.4,195.717,0,0,0,38862.8,-50628.2,-2013.76,66293.9,-1540.81,105031,1.57901e+08
20230101T000010.900000,6,319,4357.68,5768.07,164.463,0,0,0,53271.9,-40165.1,-1145.81,30451.3,-1516.66,83616,1.51439e+07
20230101T000010.900000,6,320,5910.13,6919.05,-984.584,0,0,0,77278.2,-64630.8,9305.99,56820.8,10894.6,132485,2.91702e+07
20230101T000010.900000,6,321,5891.06,7826,19.3669,0,0,0,98017.5,-73734.5,-182.471,55568.6,-242.404,153522,3.9392e+09
20230101T000010.900000,6,322,4478.89,4592.91,135.748,0,0,0,33797.3,-32867.2,-971.853,32144.7,-996.593,65848.6,1.55079e+07
20230101T000010.900000,4,226,5941.69,5508.38,199.461,0.822542,-1.72135,-0.022967,1179.51,-1197.93,-43.2922,1350.17,-40.318,2464.38,0
20230101T000010.900000,3,227,779.267,-449.3,-30.2778,0,0,0,2500,0,0,2500,0,2500,0
20230101T000010.900000,3,228,4124.52,1805.2,61.2059,0,0,0,2500,0,0,2500,0,2500,0
20230101T000010.900000,3,229,10026.3,4485.85,-1412.54,0,0,0,2500,0,0,2500,0,2500,0
20230101T000010.900000,3,230,5486.11,2170.7,-1053.4,0,0,0,2500,0,0,2500,0,2500,0
20230101T000010.900000,3,231,6945.48,4149.08,425.168,0,0,0,2500,0,0,2500,0,2500,0
20230101T000010.900000,3,232,5695.72,3306.48,-588.166,0,0,0,2500,0,0,2500,0,2500,0
20230101T000010.900000,3,233,8438.12,3545.44,-18.0482,0,0,0,2500,0,0,2500,0,2500,0
20230101T000010.900000,3,234,5546.19,6754.61,-316.492,0,0,0,2500,0,0,2500,0,2500,0
20230101T000010.900000,3,235,4357.68,5768.07,164.463,0,0,0,2500,0,0,2500,0,2500,0
20230101T000010.900000,3,236,5910.13,6919.05,-984.584,0,0,0,2500,0,0,2500,0,2500,0
20230101T000010.900000,3,237,5891.06,7826,19.3669,0,0,0,2500,0,0,2500,0,2500,0
20230101T000010.900000,3,238,4478.89,4592.91,135.748,0,0,0,2500,0,0,2500,0,2500,0
20230101T000011,6,323,688.727,-578.617,-30.2396,0,0,0,574.01,605.409,31.6775,786.009,-26.6131,1294.7,1.09645e+22
20230101T000011,6,324,4347.77,1195.26,-139.188,0,0,0,2374.1,-8290.48,966.346,30251.6,265.662,32530.8,6.98691e+07
20230101T000011,6,325,7775.18,2175.82,-768.954,0,0,0,8510.9,-26805.9,9560.19,96798.8,2675.34,104301,8.78204e+07
20230101T000011,6,326,5096.67,2229.77,-273.489,0,0,0,8109.06,-18115.7,2227.34,41591.2,974.451,49516.9,2.23495e+07
20230101T000011,6,327,8914.08,4063.79,30.8231,0,0,0,26477.3,-57935.2,-439.433,127149,-200.33,153560,4.95241e+09
20230101T000011,6,328,5550.03,6480.52,-163.399,0,0,0,67240.6,-57494.7,1450.2,49346.2,1693.33,116480,4.95091e+07
20230101T000011,6,329,7066.78,6777.37,298.854,0,0,0,73600.2,-76527.3,-3377.68,80002,-3239.36,153395,4.59174e+09
20230101T000011,6,330,4307.13,4405.1,586.046,0,0,0,31347.4,-30050.9,-4034.46,29995.6,-4126.23,60730.6,6.13693e+07
20230101T000011,6,331,2937.71,4162.4,-441.887,0,0,0,27845.9,-19387.6,2073.84,14059.2,2938.39,41529.6,5.21376e+07
20230101T000011,4,224,6801.99,7038.31,391.145,2.83538,0.316956,-0.363706,1418.36,-1304.47,-72.7534,1325.71,-75.3829,2673.2,0
20230101T000011,4,227,727.082,-539.826,-30.2527,-5.1669,-8.96301,0.00249233,261.038,342.929,23.1283,658.094,-13.335,855.557,0
20230101T000011,3,239,4347.77,1195.26,-139.188,0,0,0,2500,0,0,2500,0,2500,0
20230101T000011,3,240,7775.18,2175.82,-768.954,0,0,0,2500,0,0,2500,0,2500,0
20230101T000011,3,241,5096.67,2229.77,-273.489,0,0,0,2500,0,0,2500,0,2500,0
20230101T000011,3,242,8914.08,4063.79,30.8231,0,0,0,2500,0,0,2500,0,2500,0
20230101T000011,3,243,5550.03,6480.52,-163.399,0,0,0,2500,0,0,2500,0,2500,0
20230101T000011,3,244,4307.13,4405.1,586.046,0,0,0,2500,0,0,2500,0,2500,0
20230101T000011,3,245,2937.71,4162.4,-441.887,0,0,0,2500,0,0,2500,0,2500,0
20230101T000011.100000,6,332,5643.94,-5823.88,85.1933,0,0,0,54304.8,52553.7,-768.853,51005.5,793.366,105235,1.4565e+08
20230101T000011.100000,6,333,9758.93,711.723,243.361,0,0,0,968.359,-11101.5,-3798.33,152380,-277.013,153189,6.51743e+09
20230101T000011.100000,6,334,576.372,679.989,124.439,0,0,0,776.42,-583.898,-109.09,582.476,-128.702,1272.57,9.04999e+22
20230101T000011.100000,3,246,5643.94,-5823.88,85.1933,0,0,0,2500,0,0,2500,0,2500,0
20230101T000011.100000,3,247,9758.93,711.723,243.361,0,0,0,2500,0,0,2500,0,2500,0
20230101T000011.100000,3,248,576.372,679.989,124.439,0,0,0,2500,0,0,2500,0,2500,0
20230101T000011.200000,6,335,6926.52,-6895.06,532.944,0,0,0,76327.2,76154.9,-5903.85,77020.7,5877.03,152830,2.24558e+09
20230101T000011.200000,6,336,4382.01,-4359.33,306.409,0,0,0,30513.6,30457.2,-2146.06,30829.7,2134.95,61129.4,6.3353e+08
20230101T000011.200000,6,337,9201.76,-3315.02,375.404,0,0,0,17839.1,48714.1,-5524.7,135509,1990.32,153059,2.46885e+09
20230101T000011.200000,6,338,686.535,567.466,129.265,0,0,0,568.35,-579.428,-134.981,790.422,-111.57,1270.68,4.04394e+23
20230101T000011.200000,4,248,656.11,611.806,127.629,7.89481,-6.75081,0.315852,524.503,-378.807,-70.3051,398.681,-82.9441,841.298,0
20230101T000011.200000,3,249,6926.52,-6895.06,532.944,0,0,0,2500,0,0,2500,0,2500,0
20230101T000011.200000,3,250,4382.01,-4359.33,306.409,0,0,0,2500,0,0,2500,0,2500,0
20230101T000011.200000,3,251,9201.76,-3315.02,375.404,0,0,0,2500,0,0,2500,0,2500,0
20230101T000011.300000,6,339,6454.46,-4909.81,-112.222,0,0,0,38623.3,50663.8,1158.23,66687,-881.049,105226,5.95607e+08
20230101T000011.300000,6,340,9105.03,-3564.86,439.037,0,0,0,20656,51806.7,-6393.24,132692,2503.12,152976,6.52759e+09
20230101T000011.300000,6,341,771.836,444.491,129.382,0,0,0,383.297,-510.231,-151.889,975.45,-87.4709,1270.61,3.28856e+23
20230101T000011.300000,4,251,9200.25,-3319.09,376.435,-0.149617,-0.403741,0.102114,343.758,771.049,-87.3185,2206.24,31.4573,2480.52,0
20230101T000011.300000,3,252,6454.46,-4909.81,-112.222,0,0,0,2500,0,0,2500,0,2500,0
20230101T000011.300000,3,253,771.836,444.491,129.382,0,0,0,2500,0,0,2500,0,2500,0
20230101T000011.400000,6,342,6899.41,-6941.56,124.299,0,0,0,77140.6,76583.9,-1371.57,76207.6,1379.95,153259,5.65978e+09
20230101T000011.400000,6,343,838.05,302.85,126.447,0,0,0,224.867,-377.857,-161.177,1133.93,-58.2455,1271.74,4.08619e+23
20230101T000011.400000,4,249,6926.17,-6895.94,526.134,-0.0674383,-0.168972,-1.30963,1307.52,1243.31,-96.105,1318.84,95.6684,2549.24,0
20230101T000011.400000,4,253,824.057,354.369,127.443,5.17036,-8.92305,-0.192017,269.562,-331.202,-97.8884,653.942,-56.3728,840.046,0
20230101T000011.500000,6,344,4573.55,-6655.89,748.782,0,0,0,71189.5,48257.4,-5476.01,34120.2,7969.25,104350,2.72758e+08
20230101T000011.500000,6,345,6705.14,-7108.5,559.467,0,0,0,81114.9,75979.7,-5999.58,72233,6360.49,152784,3.25625e+09
20230101T000011.500000,6,346,877.447,152.875,129.396,0,0,0,124.224,-199.496,-172.69,1234.5,-30.0874,1270.58,1.08647e+23
20230101T000011.500000,4,249,6922.41,-6899.67,526.578,-1.10813,-1.19608,-1.15073,1333.46,1294.41,-99.2848,1344.97,98.8403,2626.3,0
20230101T000011.500000,3,254,4573.55,-6655.89,748.782,0,0,0,2500,0,0,2500,0,2500,0
20230101T000011.500000,3,255,877.447,152.875,129.396,0,0,0,2500,0,0,2500,0,2500,0
20230101T000011.600000,6,347,7929.08,-5708.49,587.656,0,0,0,52544.9,72128.7,-7452.21,100803,5365.17,152732,1.57358e+10
20230101T000011.600000,6,348,891.391,0.233069,124.305,0,0,0,87.5019,-0.30953,-168.532,1271.33,-0.0440655,1272.55,1.46493e+23
20230101T000011.600000,4,255,895.452,52.3877,126.033,1.78269,-9.94929,-0.33296,101.393,-129.498,-111.295,822.101,-19.3907,840.032,0
20230101T000011.600000,3,256,7929.08,-5708.49,587.656,0,0,0,2500,0,0,2500,0,2500,0
20230101T000011.700000,6,349,878.038,-153.562,124.484,0,0,0,122.701,200.872,-166.247,1236.12,29.0752,1272.48,1.65541e+23
20230101T000011.700000,6,350,5192.77,6061.12,1441.18,0,0,0,60212.4,-48685.8,-11966.6,45095.9,-13967.7,101925,3.01385e+08
20230101T000011.700000,6,351,6835.75,6986.75,510.281,0,0,0,78338.5,-76175.3,-5578.72,75009.5,-5701.95,152868,3.7783e+09
20230101T000011.700000,3,257,878.038,-153.562,124.484,0,0,0,2500,0,0,2500,0,2500,0
20230101T000011.700000,3,258,5192.76,6061.12,1441.18,0,0,0,2500,0,0,2500,0,2500,0
20230101T000011.700000,3,259,6835.75,6986.75,510.281,0,0,0,2500,0,0,2500,0,2500,0
20230101T000011.800000,6,352,838.505,-302.423,124.442,0,0,0,223.812,377.791,-158.709,1135.02,57.2414,1272.51,5.91229e+22
20230101T000011.800000,6,353,9249.69,3199.33,99.9798,0,0,0,16448.6,-47323.8,-1479.03,136900,-511.576,153268,4.31008e+09
20230101T000011.800000,6,354,6294.48,5108.82,241.696,0,0,0,41855,-51374.8,-2432.68,63455.3,-1974.45,105153,1.3844e+08
20230101T000011.800000,6,355,6771.1,7060.42,422.22,0,0,0,79926.6,-76316.6,-4572.32,73538.4,-4767.69,153116,4.54016e+09
20230101T000011.800000,4,257,860.376,-254.601,124.457,-1.74873,-10.0039,-0.0027027,100.4,130.32,-107.143,822.755,18.7383,841.255,0
20230101T000011.800000,4,259,6837.21,6990.51,509.042,0.144772,0.372625,-0.12272,1302.86,-1207.2,-88.1723,1250.11,-90.12,2477.5,0
20230101T000011.800000,3,260,9249.7,3199.33,99.9798,0,0,0,2500,0,0,2500,0,2500,0
20230101T000011.800000,3,261,6294.48,5108.82,241.696,0,0,0,2500,0,0,2500,0,2500,0
20230101T000011.900000,6,356,771.286,-446.064,127.24,0,0,0,384.768,512.06,-149.268,974.025,86.327,1271.45,6.35134e+20
20230101T000011.900000,6,357,8875.44,-4107.85,393.208,0,0,0,27255.5,58215.8,-5581.5,126093,2583.3,153037,1.41833e+10
20230101T000011.900000,6,358,3767.05,2001.86,-384.454,0,0,0,6645.85,-11941.5,2312.16,22771.1,1228.71,29117.5,1.56184e+07
20230101T000011.900000,6,359,10690.6,3285.81,-1387.74,0,0,0,20147.4,-55320.5,23729.7,183133,7293.45,200137,2.22481e+07
20230101T000011.900000,6,360,6831.88,3137.58,1439.11,0,0,0,18538.6,-33016.8,-15720.2,75267.3,-7219.61,90432.7,3.60567e+06
20230101T000011.900000,6,361,7575.89,4071.39,1585.82,0,0,0,29691.9,-47647.4,-19212.3,92746.1,-10324.9,118355,2.32766e+07
20230101T000011.900000,6,362,7919.86,1971.12,-1589.41,0,0,0,10080.8,-24015.9,20129,100598,5009.77,106577,8.22808e+07
20230101T000011.900000,6,363,4642.96,2442.65,1088.8,0,0,0,11080.1,-17339,-8077.16,34915.8,-4249.38,44040.5,1.01735e+07
20230101T000011.900000,6,364,6062.41,3574.29,1660.91,0,0,0,23761.2,-32712.6,-16098.2,59958.7,-9491.24,79248.9,4.79626e+06
20230101T000011.900000,6,365,6182.52,1644.96,330.933,0,0,0,4552.68,-16212.6,-3270.41,61173.5,-870.147,65487.3,1.95222e+07
20230101T000011.900000,6,366,3504.23,2819.83,-135.155,0,0,0,12778.9,-15764.6,756.284,19684,608.577,32369.7,4.25259e+08
20230101T000011.900000,6,367,2752.84,2699.9,-174.026,0,0,0,11720.4,-11835.7,764.447,12180.1,749.745,23788.3,7.7931e+06
20230101T000011.900000,6,368,7023.99,7702,-567.524,0,0,0,95176.2,-86269.7,6375.72,79254.6,6991.15,173852,1.76516e+07
20230101T000011.900000,6,369,5141.7,6764.14,-797.482,0,0,0,73601.7,-55125.9,6557.06,42984.5,8626.11,115506,4.19421e+06
20230101T000011.900000,6,370,6824.53,4356.1,328.509,0,0,0,30529,-47458,-3584.88,74587.2,-2288.23,104880,1.54732e+08
20230101T000011.900000,6,371,3807.82,5653.78,-443.546,0,0,0,51262.5,-34270.3,2699.99,23459.5,4008.9,74343.8,2.0766e+07
20230101T000011.900000,6,372,4636.57,4736.82,-20.7365,0,0,0,35931.5,-35107.8,153.694,34429.5,157.017,70296.3,6.38805e+06
20230101T000011.900000,6,373,4019.13,3317.69,1244.45,0,0,0,19121,-20088.6,-7991.41,26874.2,-6596.7,43460.2,1.05549e+07
20230101T000011.900000,4,261,6302.39,5087.41,243.52,0.783378,-2.12016,0.1806,1018.17,-1174.94,-55.587,1512.17,-45.1164,2463.71,0
20230101T000011.900000,3,262,771.286,-446.064,127.24,0,0,0,2500,0,0,2500,0,2500,0
20230101T000011.900000,3,263,8875.44,-4107.85,393.208,0,0,0,2500,0,0,2500,0,2500,0
20230101T000011.900000,3,264,3767.05,2001.86,-384.454,0,0,0,2500,0,0,2500,0,2500,0
20230101T000011.900000,3,265,10690.6,3285.81,-1387.74,0,0,0,2500,0,0,2500,0,2500,0
20230101T000011.900000,3,266,6831.88,3137.58,1439.11,0,0,0,2500,0,0,2500,0,2500,0
20230101T000011.900000,3,267,7575.89,4071.39,1585.82,0,0,0,2500,0,0,2500,0,2500,0
20230101T000011.900000,3,268,7919.86,1971.12,-1589.41,0,0,0,2500,0,0,2500,0,2500,0
20230101T000011.900000,3,269,4642.96,2442.65,1088.8,0,0,0,2500,0,0,2500,0,2500,0
20230101T000011.900000,3,270,6062.41,3574.29,1660.91,0,0,0,2500,0,0,2500,0,2500,0
20230101T000011.900000,3,271,6182.52,1644.96,330.933,0,0,0,2500,0,0,2500,0,2500,0
20230101T000011.900000,3,272,3504.23,2819.83,-135.155,0,0,0,2500,0,0,2500,0,2500,0
20230101T000011.900000,3,273,2752.84,2699.9,-174.026,0,0,0,2500,0,0,2500,0,2500,0
20230101T000011.900000,3,274,7024,7702,-567.524,0,0,0,2500,0,0,2500,0,2500,0
20230101T000011.900000,3,275,5141.7,6764.14,-797.482,0,0,0,2500,0,0,2500,0,2500,0
20230101T000011.900000,3,276,3807.82,5653.78,-443.546,0,0,0,2500,0,0,2500,0,2500,0
20230101T000011.900000,3,277,4636.57,4736.82,-20.7365,0,0,0,2500,0,0,2500,0,2500,0
20230101T000011.900000,3,278,4019.13,3317.69,1244.45,0,0,0,2500,0,0,2500,0,2500,0
20230101T000012,6,374,684.369,-570.442,127.651,0,0,0,573.033,580.962,-132.874,785.775,110.754,1271.31,2.90319e+22
20230101T000012,6,375,9698.65,-1318.6,-10.474,0,0,0,2844.94,20453.2,162.466,150503,-22.0884,153284,7.60248e+09
20230101T000012,6,376,6985.65,2048.57,-11.0244,0,0,0,6773.76,-22879.6,123.127,78083.9,36.1075,84793.4,2.73324e+07
20230101T000012,6,377,2705.03,3589.57,-46.818,0,0,0,20640.5,-15503.4,202.23,11750.6,268.358,32323.6,1.02366e+08
20230101T000012,6,378,4645.85,6881.88,560.164,0,0,0,75953.6,-50893.1,-4161.49,34922.9,-6164.41,110311,3.35114e+07
20230101T000012,6,379,4229.99,4514.35,-166.054,0,0,0,32657.4,-30499.1,1122.68,28686,1198.15,61235.4,1.9104e+08
20230101T000012,4,262,720.655,-533.548,127.512,-5.01302,-8.66185,0.0269158,270.475,332.309,-96.1991,652.881,55.6355,840.587,0
20230101T000012,3,279,9698.65,-1318.6,-10.474,0,0,0,2500,0,0,2500,0,2500,0
20230101T000012,3,280,6985.65,2048.57,-11.0244,0,0,0,2500,0,0,2500,0,2500,0
20230101T000012,3,281,2705.03,3589.57,-46.818,0,0,0,2500,0,0,2500,0,2500,0
20230101T000012,3,282,4645.85,6881.88,560.164,0,0,0,2500,0,0,2500,0,2500,0
20230101T000012,3,283,4229.99,4514.35,-166.054,0,0,0,2500,0,0,2500,0,2500,0
20230101T000012.100000,6,380,8535.65,-3404.65,-263.137,0,0,0,18697.4,46437.4,3591.97,116596,-1432.74,135119,4.25695e+09
20230101T000012.100000,6,381,688.38,826.032,-231.543,0,0,0,1151.95,-837.53,246.592,844.906,295.902,1852.75,7.83889e+22
20230101T000012.100000,3,284,8535.65,-3404.65,-263.137,0,0,0,2500,0,0,2500,0,2500,0
20230101T000012.100000,3,285,688.38,826.032,-231.543,0,0,0,2500,0,0,2500,0,2500,0
20230101T000012.200000,6,382,6362.81,-8163.37,-399.957,0,0,0,106746,82952,4070.24,64975.5,-5222.04,171402,7.1532e+07
20230101T000012.200000,6,383,5314.21,-6941.66,240.205,0,0,0,77156.3,58947.6,-2041.33,45283.8,2666.48,122284,1.91099e+07
20230101T000012.200000,6,384,5464.28,-8131.37,-1321.94,0,0,0,106680,69767.8,11552.7,49742.8,-17191.6,153565,5.33721e+07
20230101T000012.200000,6,385,3872.87,-3907.24,108.943,0,0,0,24467.5,24170.1,-674.187,24040.5,680.169,48425.1,6.17868e+08
20230101T000012.200000,6,386,3671.11,-1685.14,-510.218,0,0,0,4939.58,9716.35,2989.68,21646.8,-1372.34,26107.8,3.72601e+07
20230101T000012.200000,6,387,8045.9,-2001.18,718.932,0,0,0,7246.17,25553.5,-9249.78,103630,2300.61,109986,2.23683e+07
20230101T000012.200000,6,388,8115.49,-2432.43,466.106,0,0,0,9844.25,31471.4,-6048.92,105412,1813.02,114845,4.26702e+07
20230101T000012.200000,6,389,6569.1,-2328.21,-684.123,0,0,0,9394.49,24215,7184.65,69135.5,-2546.37,77718.4,7.79892e+06
20230101T000012.200000,6,390,8770.83,-2626.87,-847.183,0,0,0,12152.8,36530.7,11883.2,123184,-3559.02,134125,1.57459e+09
20230101T000012.200000,6,391,5494.79,-2943.89,-1299.98,0,0,0,16014.9,24730.6,11417.7,48925.1,-6117.14,62177.4,8.16997e+06
20230101T000012.200000,6,392,4631.77,-1073.92,-564.913,0,0,0,2389.72,7832.39,4179.17,34354.5,-968.978,36171.4,9.59282e+07
20230101T000012.200000,6,393,826.593,688.231,-229.934,0,0,0,843.962,-838.527,294.045,1152.9,244.825,1853.86,6.83034e+21
20230101T000012.200000,4,284,8542.25,-3391.21,-273.898,0.652696,1.33064,-1.06549,395.787,830.812,64.2123,2147.29,-25.6126,2476.74,0
20230101T000012.200000,4,285,775.14,753.973,-230.632,8.59008,-7.13454,0.0902562,674.443,-471.877,136.134,501.45,163.356,1049.92,0
20230101T000012.200000,3,286,6362.81,-8163.37,-399.957,0,0,0,2500,0,0,2500,0,2500,0
20230101T000012.200000,3,287,5314.21,-6941.66,240.205,0,0,0,2500,0,0,2500,0,2500,0
20230101T000012.200000,3,288,5464.28,-8131.37,-1321.94,0,0,0,2500,0,0,2500,0,2500,0
20230101T000012.200000,3,289,3872.87,-3907.24,108.943,0,0,0,2500,0,0,2500,0,2500,0
20230101T000012.200000,3,290,3671.11,-1685.14,-510.218,0,0,0,2500,0,0,2500,0,2500,0
20230101T000012.200000,3,291,8045.9,-2001.18,718.932,0,0,0,2500,0,0,2500,0,2500,0
20230101T000012.200000,3,292,8115.49,-2432.43,466.106,0,0,0,2500,0,0,2500,0,2500,0
20230101T000012.200000,3,293,6569.1,-2328.21,-684.123,0,0,0,2500,0,0,2500,0,2500,0
20230101T000012.200000,3,294,5494.79,-2943.89,-1299.98,0,0,0,2500,0,0,2500,0,2500,0
20230101T000012.200000,3,295,4631.77,-1073.92,-564.913,0,0,0,2500,0,0,2500,0,2500,0
20230101T000012.300000,6,394,3670.79,-4063.4,-629.671,0,0,0,26731.5,23518.5,3693.36,21943.6,-4088.38,47978.4,5.7639e+08
20230101T000012.300000,6,395,3376.23,-3394.54,62.1397,0,0,0,18471.5,18302.1,-335.091,18273.6,336.908,36675,3.75289e+08
20230101T000012.300000,6,396,8598.4,-3259.91,-188.145,0,0,0,17108.6,44808,2587.16,118307,-980.87,135295,2.65637e+09
20230101T000012.300000,6,397,930.647,538.07,-232.699,0,0,0,573.982,-737.171,335.04,1422.79,193.709,1851.86,1.30481e+22
20230101T000012.300000,4,284,8544.8,-3389.15,-272.51,4.9968,0.16505,-0.894476,376.111,846.91,67.2363,2168.46,-26.6598,2503.34,0
20230101T000012.300000,3,296,3670.79,-4063.4,-629.671,0,0,0,2500,0,0,2500,0,2500,0
20230101T000012.300000,3,297,3376.23,-3394.54,62.1397,0,0,0,2500,0,0,2500,0,2500,0
20230101T000012.300000,3,298,930.647,538.07,-232.699,0,0,0,2500,0,0,2500,0,2500,0
20230101T000012.400000,6,398,6088.1,-5899.74,351.159,0,0,0,55825.8,57338.6,-3418.72,59430.5,3312.95,114995,5.98687e+07
20230101T000012.400000,6,399,5041.08,-6119.03,223.775,0,0,0,59966.3,49283.8,-1803.76,40745.8,2189.47,100568,3.21765e+07
20230101T000012.400000,6,400,4245.14,-4746.26,-30.1884,0,0,0,36072.3,32205.2,204.844,28870.3,-229.025,64877.2,4.56207e+07
20230101T000012.400000,6,401,3390.57,-3376.67,-166.954,0,0,0,18297.5,18263.9,904.131,18447.6,-900.422,36636.6,1.77635e+08
20230101T000012.400000,6,402,6744.54,-6250.65,23.7647,0,0,0,62547.9,67420,-256.33,72812.1,237.559,135295,3.24293e+09
20230101T000012.400000,6,403,1011.88,364.759,-229.791,0,0,0,341.817,-544.07,359.732,1655,129.675,1853.92,1.50538e+22
20230101T000012.400000,4,297,3377.41,-3393.64,47.3843,0.116458,0.0889533,-1.46093,1218.8,1149.76,-21.0475,1206.36,21.1616,2361.99,0
20230101T000012.400000,4,298,986.311,442.49,-231.053,5.51135,-9.46332,0.163014,348.854,-415.428,184.966,827.192,106.941,1049.44,0
20230101T000012.400000,3,299,6088.1,-5899.74,351.159,0,0,0,2500,0,0,2500,0,2500,0
20230101T000012.400000,3,300,5041.08,-6119.03,223.775,0,0,0,2500,0,0,2500,0,2500,0
20230101T000012.400000,3,301,4245.14,-4746.26,-30.1884,0,0,0,2500,0,0,2500,0,2500,0
20230101T000012.400000,3,302,6744.54,-6250.65,23.7647,0,0,0,2500,0,0,2500,0,2500,0
20230101T000012.500000,6,404,5621.44,-6135.01,138.124,0,0,0,60264.4,55133.1,-1241.61,50612.4,1355.04,110782,1.95899e+07
20230101T000012.500000,6,405,5178.11,-5223.01,1336.77,0,0,0,45095.7,41812.1,-11067.2,44373.7,11163.1,86550.3,7.47609e+06
20230101T000012.500000,6,406,6960.37,-6005.88,-162.143,0,0,0,57773.8,66832.6,1804.87,77560,-1557.36,135228,1.12031e+09
20230101T000012.500000,6,407,3796.47,-3977.34,29.7133,0,0,0,25341.9,24127.1,-180.25,23095.3,188.837,48371.8,4.047e+08
20230101T000012.500000,6,408,4145.17,-4832.84,101.619,0,0,0,37404.3,32013,-673.298,27538.3,784.996,64862.1,1.01291e+07
20230101T000012.500000,6,409,3430.4,-3330.57,-255.702,0,0,0,17835,18196.1,1401,18909.9,-1360.23,36576.7,8.33908e+07
20230101T000012.500000,6,410,1059.3,186.142,-230.192,0,0,0,197.044,-290.605,377.248,1799.75,66.2907,1853.62,1.76389e+21
20230101T000012.500000,6,411,1060.53,174.261,-233.785,0,0,0,193.239,-271.926,383.581,1803.46,63.0281,1851.04,1.63587e+21
20230101T000012.500000,4,289,3866.24,-3908.4,104.648,-1.82461,-0.318552,-1.18227,1332.79,1258.11,-35.0798,1310.56,35.3911,2578.89,0
20230101T000012.500000,4,297,3381.18,-3390.16,28.3836,0.769859,0.872739,-5.20967,1165.68,1122.6,-17.6269,1154.36,17.7616,2282.07,0
20230101T000012.500000,4,301,4241.46,-4749.58,-25.2507,-0.36409,-0.328758,0.488884,1378.01,1176.64,7.48395,1114.88,-8.3674,2430.36,0
20230101T000012.500000,4,302,6747.98,-6245.68,20.356,0.340067,0.492036,-0.337492,1178.89,1204.67,-4.5801,1362.29,4.2447,2478.72,0
20230101T000012.500000,3,303,5621.44,-6135.01,138.124,0,0,0,2500,0,0,2500,0,2500,0
20230101T000012.500000,3,304,5178.11,-5223.01,1336.77,0,0,0,2500,0,0,2500,0,2500,0
20230101T000012.500000,3,305,1059.3,186.142,-230.192,0,0,0,2500,0,0,2500,0,2500,0
20230101T000012.500000,3,306,1060.53,174.261,-233.785,0,0,0,2500,0,0,2500,0,2500,0
20230101T000012.600000,6,412,1075.58,2.15631,-229.902,0,0,0,145.779,-3.41863,382.564,1851.01,0.766957,1853.81,1.65179e+22
20230101T000012.600000,6,413,6244.05,6574.5,-1519.25,0,0,0,70939.5,-63807.3,15170.9,64355.4,15973.8,131541,4.84896e+09
20230101T000012.600000,4,306,1077.18,75.8407,-231.588,1.64895,-9.7446,0.217559,134.285,-153.275,211.765,1041.91,34.7962,1049,0
20230101T000012.600000,3,307,6244.05,6574.5,-1519.25,0,0,0,2500,0,0,2500,0,2500,0
20230101T000012.700000,6,414,1058.49,-192.248,-228.882,0,0,0,199.551,300.085,374.813,1797.27,-68.0756,1854.54,2.19742e+21
20230101T000012.700000,6,415,1057.87,-192.712,-231.342,0,0,0,201.505,300.3,378.62,1795.26,-68.9733,1852.8,2.26262e+21
20230101T000012.700000,6,416,5788.67,7999.9,-466.873,0,0,0,102539,-73898,4322.35,53884.7,5973.45,156011,2.23849e+07
20230101T000012.700000,6,417,7005.73,5945.81,-362.77,0,0,0,56723.8,-66512.1,4064.42,78643.3,3449.5,135093,8.20102e+08
20230101T000012.700000,6,418,3574.4,3113.4,-675.379,0,0,0,15959.9,-17413.1,3855.78,20784,3358.49,35952.6,8.00188e+07
20230101T000012.700000,6,419,3271.9,4422.33,67.8683,0,0,0,31316.4,-23116.9,-354.824,17174.7,-479.583,48419.7,8.52837e+08
20230101T000012.700000,3,308,1058.49,-192.248,-228.882,0,0,0,2500,0,0,2500,0,2500,0
20230101T000012.700000,3,309,1057.87,-192.712,-231.342,0,0,0,2500,0,0,2500,0,2500,0
20230101T000012.700000,3,310,5788.67,7999.9,-466.873,0,0,0,2500,0,0,2500,0,2500,0
20230101T000012.700000,3,311,7005.73,5945.81,-362.77,0,0,0,2500,0,0,2500,0,2500,0
20230101T000012.700000,3,312,3574.4,3113.4,-675.379,0,0,0,2500,0,0,2500,0,2500,0
20230101T000012.700000,3,313,3271.9,4422.33,67.8683,0,0,0,2500,0,0,2500,0,2500,0
20230101T000012.800000,6,420,1011.04,-367.482,-229.165,0,0,0,344.367,547.828,358.453,1652.46,-130.287,1854.36,8.478e+21
20230101T000012.800000,6,421,4935.77,6208.25,31.1459,0,0,0,61693.2,-48996,-245.81,39019.1,-309.182,100647,2.49517e+07
20230101T000012.800000,6,422,6572.8,6419.35,410.872,0,0,0,66103.8,-67342.1,-4318.89,69285.8,-4218.06,135056,2.22547e+09
20230101T000012.800000,6,423,3226.27,3531.63,210.895,0,0,0,20017.3,-18163.2,-1086.75,16727.8,-1189.6,36610.1,1.38199e+08
20230101T000012.800000,6,424,2888.1,4362.1,-550.021,0,0,0,30611.4,-19905.1,2537.95,13726.3,3833.24,43791.1,8.02826e+07
20230101T000012.800000,6,425,3460.62,4230.29,-712.09,0,0,0,28983,-22994.6,3937.64,19685.2,4813.4,47795,3.23505e+08
20230101T000012.800000,4,309,1039.4,-295.595,-230.11,-1.82861,-10.1864,0.121945,138.951,169.191,209.027,1036.88,-38.0784,1049.97,0
20230101T000012.800000,4,311,6999.11,5955.63,-348.634,-0.655591,0.972779,1.39961,1076.31,-1190.2,72.6193,1468.54,61.6324,2474.98,0
20230101T000012.800000,3,314,4935.77,6208.25,31.1459,0,0,0,2500,0,0,2500,0,2500,0
20230101T000012.800000,3,315,3226.27,3531.63,210.895,0,0,0,2500,0,0,2500,0,2500,0
20230101T000012.800000,3,316,2888.1,4362.1,-550.021,0,0,0,2500,0,0,2500,0,2500,0
20230101T000012.800000,3,317,3460.62,4230.29,-712.09,0,0,0,2500,0,0,2500,0,2500,0
20230101T000012.900000,6,426,929.992,-540.526,-229.593,0,0,0,576.267,741.06,330.336,1420.57,-191.996,1854.07,2.9567e+20
20230101T000012.900000,6,427,9160.92,-592.542,-489.801,0,0,0,1007.57,8656.33,7175.85,134278,-464.144,134838,3.25233e+09
20230101T000012.900000,6,428,4669.47,-994.542,-364.227,0,0,0,1846.5,7374.16,2716.45,34898.3,-578.571,36469.3,1.01805e+09
20230101T000012.900000,6,429,2543.52,811.895,-71.0163,0,0,0,1120.04,-3283.25,287.39,10357.9,91.7351,11405.9,3.3785e+07
20230101T000012.900000,6,430,3152.71,657.963,-160.309,0,0,0,793.243,-3298,805.541,15907.7,168.114,16596.2,2.18032e+07
20230101T000012.900000,6,431,3796.04,1055.76,-92.4055,0,0,0,1855.45,-6392.29,559.795,23061.5,155.691,24839.4,6.44777e+06
20230101T000012.900000,6,432,3955.42,920.579,290.307,0,0,0,1544.27,-5782.21,-1832.83,25042.8,-426.57,26388.8,5.59768e+06
20230101T000012.900000,6,433,9766.03,4508.02,151.995,0,0,0,32598.8,-70402.3,-2374.19,152618,-1095.93,185116,1.76635e+07
20230101T000012.900000,6,434,5877.77,1923.09,-505.069,0,0,0,6343.33,-17946.1,4744.95,55322.7,1552.45,61194.7,1.03038e+07
20230101T000012.900000,6,435,4908.65,2475.89,-204.804,0,0,0,9912.52,-19392.6,1606.38,38578.3,810.246,48359.9,1.86488e+08
20230101T000012.900000,6,436,5799.62,3660.19,-935.507,0,0,0,22481.6,-33304,8673.69,54233.7,5474.04,75253.3,3.85125e+06
20230101T000012.900000,6,437,6079.89,3601,-168.659,0,0,0,20828.6,-34982,1639.38,59172.6,970.971,79891.8,2.26679e+07
20230101T000012.900000,6,438,1741.83,2008.97,252.613,0,0,0,6528.55,-5516.91,-700.066,4948.84,-807.433,11312.4,3.32216e+07
20230101T000012.900000,6,439,9271.93,6451.48,-591.909,0,0,0,67015.3,-95415.6,8778.28,137753,6108,204145,2.04244e+07
20230101T000012.900000,6,440,7686.43,6469.2,-199.121,0,0,0,67035.5,-79497.3,2447.87,94582.7,2060.23,161491,2.95611e+06
20230101T000012.900000,6,441,5788.59,5944.15,-645.997,0,0,0,56888.6,-54687.7,5979.61,53987.8,6140.3,110146,1.56188e+06
20230101T000012.900000,6,442,4245.06,6292.6,-761.481,0,0,0,63665,-42280.4,5168.49,29514,7661.44,92188.4,9.48196e+06
20230101T000012.900000,6,443,5891.39,5087.62,-96.214,0,0,0,41459.3,-47918,906.336,55567.3,782.683,96947.7,884190
20230101T000012.900000,6,444,4850.92,4086.38,-475.471,0,0,0,26966.4,-31506.7,3686.71,37826.8,3105.66,64368.2,1.64263e+07
20230101T000012.900000,3,318,929.992,-540.526,-229.593,0,0,0,2500,0,0,2500,0,2500,0
20230101T000012.900000,3,319,9160.92,-592.542,-489.801,0,0,0,2500,0,0,2500,0,2500,0
20230101T000012.900000,3,320,4669.47,-994.542,-364.227,0,0,0,2500,0,0,2500,0,2500,0
20230101T000012.900000,3,321,2543.52,811.895,-71.0163,0,0,0,2500,0,0,2500,0,2500,0
20230101T000012.900000,3,322,3152.71,657.963,-160.309,0,0,0,2500,0,0,2500,0,2500,0
20230101T000012.900000,3,323,3796.05,1055.76,-92.4055,0,0,0,2500,0,0,2500,0,2500,0
20230101T000012.900000,3,324,3955.42,920.579,290.307,0,0,0,2500,0,0,2500,0,2500,0
20230101T000012.900000,3,325,9766.03,4508.02,151.995,0,0,0,2500,0,0,2500,0,2500,0
20230101T000012.900000,3,326,5877.77,1923.09,-505.069,0,0,0,2500,0,0,2500,0,2500,0
20230101T000012.900000,3,327,4908.65,2475.89,-204.804,0,0,0,2500,0,0,2500,0,2500,0
20230101T000012.900000,3,328,5799.62,3660.19,-935.507,0,0,0,2500,0,0,2500,0,2500,0
20230101T000012.900000,3,329,6079.89,3601,-168.659,0,0,0,2500,0,0,2500,0,2500,0
20230101T000012.900000,3,330,1741.83,2008.97,252.613,0,0,0,2500,0,0,2500,0,2500,0
20230101T000012.900000,3,331,9271.93,6451.48,-591.909,0,0,0,2500,0,0,2500,0,2500,0
20230101T000012.900000,3,332,7686.43,6469.2,-199.121,0,0,0,2500,0,0,2500,0,2500,0
20230101T000012.900000,3,333,5788.59,5944.15,-645.997,0,0,0,2500,0,0,2500,0,2500,0
20230101T000012.900000,3,334,4245.06,6292.6,-761.481,0,0,0,2500,0,0,2500,0,2500,0
20230101T000012.900000,3,335,5891.39,5087.62,-96.214,0,0,0,2500,0,0,2500,0,2500,0
20230101T000012.900000,3,336,4850.92,4086.38,-475.471,0,0,0,2500,0,0,2500,0,2500,0
20230101T000013,6,445,825.463,-689.388,-230.53,0,0,0,846.548,838.563,294.404,1150.3,-245.872,1853.44,8.88902e+19
20230101T000013,6,446,3726.79,-2895.01,-809.736,0,0,0,14102.8,16724.2,4819.92,22640.5,-3744.17,35633.9,3.50529e+09
20230101T000013,6,447,10315.3,-1945.37,-1600.55,0,0,0,10073.6,31349.6,26406.9,170392,-4980.11,176305,1.36847e+08
20230101T000013,6,448,6162.67,-720.117,66.4799,0,0,0,899.816,7092.36,-654.83,60766.7,76.5177,61595.4,4.18049e+07
20230101T000013,6,449,2786.1,1608.57,219.961,0,0,0,4245.81,-7109.49,-976.759,12455,-563.936,16560,1.45176e+07
20230101T000013,6,450,4387.78,1467.36,-220.776,0,0,0,3572.62,-10258.9,1547.06,30818.5,517.369,34249.4,2.11684e+07
20230101T000013,6,451,10502.1,3759.9,-1487.76,0,0,0,25813.9,-62035.1,24991.5,176879,8947.33,199090,2.10522e+06
20230101T000013,6,452,3810.63,1437.5,-225.548,0,0,0,3433.34,-8716.48,1371.86,23251.6,517.512,26539.9,7.91578e+07
20230101T000013,6,453,10138.9,4779.97,1514.34,0,0,0,39610.3,-76102,-24558.3,165153,-11578,201033,2.50627e+07
20230101T000013,6,454,10516.9,5102.81,-2795.23,0,0,0,51829.9,-80931.9,47022.5,179363,22815.3,218635,4.3707e+07
20230101T000013,6,455,7000.78,3347.07,489.001,0,0,0,18287.9,-37317.6,-5473.79,78500.5,-2617.02,96342.2,4.24247e+07
20230101T000013,6,456,5262.6,2025.76,-371.292,0,0,0,6813.54,-16961.9,3122.42,44348.6,1201.93,50878.1,7.86487e+06
20230101T000013,6,457,6629.01,1786.34,-837.967,0,0,0,6211.83,-18648.5,8880.4,70390.5,2393.02,75416.7,9.95835e+06
20230101T000013,6,458,6120.61,1973.96,484.186,0,0,0,6631.82,-19202.8,-4737.06,59980.4,-1527.75,66173.8,270117
20230101T000013,6,459,8373.85,3794.24,-196.366,0,0,0,23138.3,-50788.6,2629.7,112216,1191.53,135228,2.43663e+09
20230101T000013,6,460,10851.8,3480.78,-1255.53,0,0,0,21729.6,-59684.5,21793.1,188660,6990.26,207805,6.39439e+06
20230101T000013,6,461,1551.6,2106.32,-538.226,0,0,0,7283.16,-4978.4,1328.68,4192.19,1803.71,10953,4.06419e+07
20230101T000013,6,462,2665.97,1803.59,194.556,0,0,0,5290,-7635.62,-826.697,11410.9,-559.279,16576.8,1.332e+07
20230101T000013,6,463,2338.88,2413.16,-266.981,0,0,0,9403.38,-8941.77,995.584,8844.2,1027.2,18070.3,4.87783e+06
20230101T000013,6,464,7379.69,8774.5,-47.8472,0,0,0,123215,-103572,564.784,87175.3,671.532,210323,6.16208e+06
20230101T000013,6,465,9266.84,7352.71,-2126.26,0,0,0,90976.9,-105466,31517.3,140218,25007.2,223901,4.04473e+07
20230101T000013,6,466,8268.35,8924.59,620.627,0,0,0,127751,-117728,-8208.29,109751,-8859.75,236823,7.44116e+06
20230101T000013,6,467,2840.84,2485.67,-164.197,0,0,0,9946.33,-11245.2,744.24,12959,651.193,22798.5,5.13304e+06
20230101T000013,6,468,2216.82,3225.57,-294.018,0,0,0,16711.6,-11346.5,1040.15,8000.05,1513.46,24510.1,4.04928e+06
20230101T000013,6,469,5699.58,8256.08,568.691,0,0,0,109248,-75018.1,-5184.03,52369.9,-7509.28,161037,1.00968e+07
20230101T000013,6,470,153.685,189.67,-9.16159,0,0,0,82.9424,-15.3127,0.742818,76.4518,0.916747,95.4399,6.82062e+07
20230101T000013,6,471,6005.03,7852.18,447.688,0,0,0,98792.6,-75258.5,-4299.65,57939.2,-5622.22,156347,4.42161e+07
20230101T000013,6,472,5054.09,4874.71,-806.184,0,0,0,38592,-38868.4,6514.02,41401.7,6282.83,78891.5,5.16914e+07
20230101T000013,6,473,6654.33,6329.19,-409.377,0,0,0,64268.2,-67220.7,4356.54,71005.9,4143.67,134942,2.29964e+09
20230101T000013,6,474,3267.76,4420.65,251.768,0,0,0,31325.9,-23034,-1314.61,17192.1,-1778.42,48352.8,1.78169e+08
20230101T000013,4,310,5798.31,8005.55,-451.676,2.6526,1.55719,4.1828,1781.33,-1239.49,72.3395,965.253,99.9726,2672.49,0
20230101T000013,4,311,6990.42,5961.44,-349.501,-9.05849,-2.57472,1.392,1130.4,-1270.75,75.2267,1544.19,63.8915,2621.11,0
20230101T000013,4,313,3272.62,4423.51,77.6838,0.198371,0.325672,2.70151,1689.46,-1203.41,-18.4686,953.271,-24.9623,2579.45,0
20230101T000013,4,318,877.097,-631.327,-230.125,-5.23711,-8.99023,-0.0525978,350.028,417.379,182.369,825.555,-105.996,1050.67,0
20230101T000013,3,337,3726.79,-2895.01,-809.736,0,0,0,2500,0,0,2500,0,2500,0
20230101T000013,3,338,10315.3,-1945.37,-1600.55,0,0,0,2500,0,0,2500,0,2500,0
20230101T000013,3,339,6162.67,-720.117,66.4799,0,0,0,2500,0,0,2500,0,2500,0
20230101T000013,3,340,2786.1,1608.57,219.961,0,0,0,2500,0,0,2500,0,2500,0
20230101T000013,3,341,4387.79,1467.36,-220.776,0,0,0,2500,0,0,2500,0,2500,0
20230101T000013,3,342,10502.1,3759.9,-1487.76,0,0,0,2500,0,0,2500,0,2500,0
20230101T000013,3,343,3810.63,1437.5,-225.548,0,0,0,2500,0,0,2500,0,2500,0
20230101T000013,3,344,10138.9,4779.97,1514.34,0,0,0,2500,0,0,2500,0,2500,0
20230101T000013,3,345,10516.9,5102.81,-2795.23,0,0,0,2500,0,0,2500,0,2500,0
20230101T000013,3,346,7000.78,3347.07,489.001,0,0,0,2500,0,0,2500,0,2500,0
20230101T000013,3,347,5262.6,2025.76,-371.292,0,0,0,2500,0,0,2500,0,2500,0
20230101T000013,3,348,6629.01,1786.34,-837.967,0,0,0,2500,0,0,2500,0,2500,0
20230101T000013,3,349,6120.61,1973.96,484.186,0,0,0,2500,0,0,2500,0,2500,0
20230101T000013,3,350,8373.85,3794.24,-196.366,0,0,0,2500,0,0,2500,0,2500,0
20230101T000013,3,351,10851.8,3480.78,-1255.53,0,0,0,2500,0,0,2500,0,2500,0
20230101T000013,3,352,1551.6,2106.32,-538.226,0,0,0,2500,0,0,2500,0,2500,0
20230101T000013,3,353,2665.97,1803.59,194.556,0,0,0,2500,0,0,2500,0,2500,0
20230101T000013,3,354,2338.88,2413.16,-266.981,0,0,0,2500,0,0,2500,0,2500,0
20230101T000013,3,355,7379.69,8774.5,-47.8472,0,0,0,2500,0,0,2500,0,2500,0
20230101T000013,3,356,9266.84,7352.71,-2126.26,0,0,0,2500,0,0,2500,0,2500,0
20230101T000013,3,357,8268.35,8924.59,620.627,0,0,0,2500,0,0,2500,0,2500,0
20230101T000013,3,358,2840.84,2485.67,-164.197,0,0,0,2500,0,0,2500,0,2500,0
20230101T000013,3,359,2216.82,3225.57,-294.018,0,0,0,2500,0,0,2500,0,2500,0
20230101T000013,3,360,5699.58,8256.08,568.691,0,0,0,2500,0,0,2500,0,2500,0
20230101T000013,3,361,153.685,189.67,-9.16159,0,0,0,2500,0,0,2500,0,2500,0
20230101T000013,3,362,5054.09,4874.71,-806.184,0,0,0,2500,0,0,2500,0,2500,0
20230101T000013.100000,6,475,708.193,840.833,-35.6367,0,0,0,1158.57,-920.253,39.0452,841.05,46.358,1933.73,1.44622e+23
20230101T000013.100000,3,363,708.193,840.832,-35.6367,0,0,0,2500,0,0,2500,0,2500,0
20230101T000013.200000,6,476,3146.71,-3584.06,422.473,0,0,0,20704.7,17871.7,-2123.33,16040,2418.44,36396.1,6.46451e+08
20230101T000013.200000,6,477,8988.35,-1929.16,8.09265,0,0,0,6015.92,27730.8,-116.328,129268,24.9674,135219,2.50281e+09
20230101T000013.200000,6,478,839.096,710.148,-37.2619,0,0,0,845.439,-920.794,48.3721,1154.14,40.9385,1933.5,6.43632e+22
20230101T000013.200000,4,363,788.384,773.238,-36.5565,7.93967,-6.6925,-0.0910733,666.967,-508.269,21.5554,491.593,25.5926,1094.62,0
20230101T000013.200000,3,364,3146.71,-3584.06,422.473,0,0,0,2500,0,0,2500,0,2500,0
20230101T000013.200000,3,365,8988.35,-1929.16,8.09265,0,0,0,2500,0,0,2500,0,2500,0
20230101T000013.300000,6,479,953.088,547.665,-38.1677,0,0,0,529.708,-806.537,56.2791,1469.85,32.3392,1933.38,9.33979e+22
20230101T000013.300000,3,366,953.088,547.665,-38.1677,0,0,0,2500,0,0,2500,0,2500,0
20230101T000013.400000,6,480,1032.52,377.105,-37.9819,0,0,0,285.97,-601.648,60.6728,1713.56,22.1593,1933.37,1.23885e+23
20230101T000013.400000,4,366,1006.24,455.157,-38.0624,5.26261,-9.1593,0.0104239,319.655,-445.498,31.07,838.95,17.8535,1094.45,0
20230101T000013.500000,6,481,1082.11,192.846,-39.8733,0,0,0,123.917,-322.41,66.7531,1875.59,11.8963,1933.13,1.59519e+23
20230101T000013.500000,3,367,1082.11,192.846,-39.8733,0,0,0,2500,0,0,2500,0,2500,0
20230101T000013.600000,6,482,1099.2,4.71255,-38.5562,0,0,0,66.3342,-8.00379,65.5672,1933.18,0.281104,1933.29,7.1121e+22
20230101T000013.600000,4,367,1100.93,87.3868,-39.1277,1.86349,-10.4415,0.0738205,95.5149,-178.096,36.8528,1063.12,6.56764,1094.32,0
20230101T000013.700000,6,483,1082.71,-190.327,-35.4473,0,0,0,121.927,318.467,59.3764,1877.6,-10.4376,1933.65,9.45258e+22
20230101T000013.700000,6,484,1082.34,-192.276,-36.2372,0,0,0,123.164,321.601,60.6786,1876.36,-10.7795,1933.56,9.33257e+22
20230101T000013.700000,6,485,6446.04,6552.83,-166.724,0,0,0,68756.7,-67529.5,1718.73,66537.5,1747.2,135186,1.94803e+09
20230101T000013.700000,6,486,3316.25,3440.88,297.551,0,0,0,19042.3,-18154.7,-1576.05,17702.6,-1635.28,36539.7,9.35328e+08
20230101T000013.700000,3,368,1082.71,-190.327,-35.4473,0,0,0,2500,0,0,2500,0,2500,0
20230101T000013.700000,3,369,1082.34,-192.276,-36.2372,0,0,0,2500,0,0,2500,0,2500,0
20230101T000013.700000,3,370,6446.04,6552.83,-166.724,0,0,0,2500,0,0,2500,0,2500,0
20230101T000013.700000,3,371,3316.25,3440.88,297.551,0,0,0,2500,0,0,2500,0,2500,0
20230101T000013.800000,6,487,1033.28,-375.251,-35.5206,0,0,0,283.568,599.224,56.7829,1715.96,-20.6215,1933.65,2.87305e+21
20230101T000013.800000,6,488,4623.7,1243.74,-14.8939,0,0,0,2535.05,-9184.98,109.992,34210.1,29.587,36680.8,7.19532e+08
20230101T000013.800000,6,489,6631.35,5293.03,65.103,0,0,0,44869.1,-56125.4,-690.37,70387.2,-551.041,115186,3.18483e+07
20230101T000013.800000,6,490,4903.2,4878.69,-254.629,0,0,0,38166.8,-38190.1,1995.93,38549.6,1985.95,76548.8,2.06102e+07
20230101T000013.800000,6,491,4146.3,4828.24,213.193,0,0,0,37357,-31963.4,-1412.95,27585.5,-1645.33,64806,3.66132e+07
20230101T000013.800000,6,492,4078.79,5247.65,440.616,0,0,0,44201.6,-34065.1,-2872.89,26851.7,-3696.18,70679.3,2.59102e+07
20230101T000013.800000,6,493,5903.54,7049.79,-145.119,0,0,0,79559.6,-66541.9,1370.1,55820.2,1636.12,135282,2.18989e+09
20230101T000013.800000,6,494,3804.45,3987.4,-68.0862,0,0,0,25473,-24236.1,413.903,23195.5,433.807,48597.2,1.4146e+08
20230101T000013.800000,4,369,1063.57,-298.04,-35.8316,-1.85863,-10.4717,0.040156,95.0955,177.632,33.4991,1063.45,-5.95107,1094.55,0
20230101T000013.800000,4,370,6438.42,6564.32,-166.379,-0.754701,1.13752,0.0341956,1290.8,-1207.58,30.7248,1251.12,31.2338,2477.92,0
20230101T000013.800000,3,372,4623.7,1243.74,-14.8939,0,0,0,2500,0,0,2500,0,2500,0
20230101T000013.800000,3,373,6631.35,5293.03,65.103,0,0,0,2500,0,0,2500,0,2500,0
20230101T000013.800000,3,374,4903.2,4878.69,-254.629,0,0,0,2500,0,0,2500,0,2500,0
20230101T000013.800000,3,375,4146.3,4828.24,213.193,0,0,0,2500,0,0,2500,0,2500,0
20230101T000013.800000,3,376,4078.79,5247.65,440.616,0,0,0,2500,0,0,2500,0,2500,0
20230101T000013.800000,3,377,3804.45,3987.4,-68.0862,0,0,0,2500,0,0,2500,0,2500,0
20230101T000013.900000,6,495,952.196,-549.289,-37.0315,0,0,0,532.361,808.23,54.5525,1467.19,-31.4694,1933.51,1.25629e+21
20230101T000013.900000,6,496,3093.99,2074.73,-631.372,0,0,0,7370.08,-9946.91,3116.78,15533.6,2090.01,22205.5,4.34826e+07
20230101T000013.900000,6,497,4174.68,1765.91,-919.949,0,0,0,6190.21,-11287.5,6133.29,28099.5,2594.41,32876.7,2.3752e+07
20230101T000013.900000,6,498,9470.16,2831.72,149.651,0,0,0,12921.5,-42879.6,-2266.62,143502,-677.753,156324,1.94083e+07
20230101T000013.900000,6,499,8246.37,4067.04,-51.6753,0,0,0,26520.2,-53634.2,681.491,108817,336.106,135269,1.5303e+09
20230101T000013.900000,6,500,5874.43,2440.83,-287.384,0,0,0,9699.42,-22872.1,2698.48,55243.1,1121.22,64746.6,1.10715e+07
20230101T000013.900000,6,501,5889.95,2569.36,-547.481,0,0,0,11018.9,-24014.4,5154.46,55593.2,2248.52,66069.4,6.12378e+06
20230101T000013.900000,6,502,2857.21,2704.61,233.622,0,0,0,11783.6,-12288.8,-1065.26,13133.2,-1008.37,24765.9,2.85402e+07
20230101T000013.900000,6,503,6163.14,4211.81,-394.937,0,0,0,28596.6,-41386.8,3891.7,60874.7,2659.54,89158,1.13886e+07
20230101T000013.900000,6,504,5566.89,5365.85,752.067,0,0,0,46569.8,-47310,-6694.24,50050.9,-6452.49,95652.9,1.89187e+07
20230101T000013.900000,6,505,5261.75,6643.19,420.936,0,0,0,70745.1,-55758.7,-3541.81,44511.1,-4471.69,114909,1.02061e+07
20230101T000013.900000,6,506,6568.11,6414.46,-513.465,0,0,0,66081.1,-67166.7,5393.44,69261.3,5267.27,134857,1.52919e+09
20230101T000013.900000,6,507,3852.36,5455.66,-1036.81,0,0,0,48215.8,-32787.6,6385.06,24934.4,9042.45,71369.3,1.10562e+07
20230101T000013.900000,6,508,3522.18,4194.44,530.705,0,0,0,28362,-23384.6,-2986.83,20150.7,-3556.92,47999.2,3.44591e+08
20230101T000013.900000,6,509,3742.83,4154.75,815.92,0,0,0,28124.4,-24320,-4880.04,23036.6,-5417.12,50034.6,2.49169e+07
20230101T000013.900000,6,510,3184.16,3547.24,-451.543,0,0,0,20306.6,-17878.3,2296.45,16438,2558.3,36355.5,7.61325e+07
20230101T000013.900000,4,370,6440.4,6561.25,-172.795,-1.6904,-0.836687,-1.17704,1294.09,-1233.53,31.317,1249.25,31.8877,2504.72,0
20230101T000013.900000,3,378,952.196,-549.289,-37.0315,0,0,0,2500,0,0,2500,0,2500,0
20230101T000013.900000,3,379,3093.99,2074.73,-631.372,0,0,0,2500,0,0,2500,0,2500,0
20230101T000013.900000,3,380,4174.68,1765.91,-919.949,0,0,0,2500,0,0,2500,0,2500,0
20230101T000013.900000,3,381,9470.16,2831.72,149.651,0,0,0,2500,0,0,2500,0,2500,0
20230101T000013.900000,3,382,8246.37,4067.04,-51.6753,0,0,0,2500,0,0,2500,0,2500,0
20230101T000013.900000,3,383,5874.43,2440.83,-287.384,0,0,0,2500,0,0,2500,0,2500,0
20230101T000013.900000,3,384,5889.95,2569.36,-547.481,0,0,0,2500,0,0,2500,0,2500,0
20230101T000013.900000,3,385,2857.21,2704.61,233.622,0,0,0,2500,0,0,2500,0,2500,0
20230101T000013.900000,3,386,6163.14,4211.81,-394.937,0,0,0,2500,0,0,2500,0,2500,0
20230101T000013.900000,3,387,5566.89,5365.85,752.067,0,0,0,2500,0,0,2500,0,2500,0
20230101T000013.900000,3,388,5261.75,6643.19,420.936,0,0,0,2500,0,0,2500,0,2500,0
20230101T000013.900000,3,389,3852.36,5455.66,-1036.81,0,0,0,2500,0,0,2500,0,2500,0
20230101T000013.900000,3,390,3522.18,4194.44,530.705,0,0,0,2500,0,0,2500,0,2500,0
20230101T000013.900000,3,391,3742.83,4154.75,815.92,0,0,0,2500,0,0,2500,0,2500,0
20230101T000013.900000,3,392,3184.16,3547.24,-451.543,0,0,0,2500,0,0,2500,0,2500,0
20230101T000014,6,511,841.695,-707.083,-36.9595,0,0,0,838.705,919.675,48.128,1160.87,-40.4309,1933.54,1.70762e+21
20230101T000014,6,512,9193.21,-213.488,-240.911,0,0,0,229.656,3136.58,3541.92,135224,-82.2516,135297,4.54614e+09
20230101T000014,6,513,3339.47,1764.68,-98.7903,0,0,0,5044.76,-9396.09,526.373,17860.7,278.152,22825.9,5.64883e+07
20230101T000014,6,514,5192.06,2556.5,-557.304,0,0,0,10908.1,-21015.5,4624.21,43241.3,2276.9,53589.6,1.81849e+07
20230101T000014,6,515,8221.76,2094.5,104.478,0,0,0,7095.58,-27533.3,-1373.63,108161,-349.934,115175,2.28019e+07
20230101T000014,6,516,4024.91,2590.23,-128.519,0,0,0,10798.8,-16639.6,826.198,25946.3,531.7,36654.8,1.20626e+08
20230101T000014,6,517,4804.26,5373.79,-305.304,0,0,0,46298.8,-41201.5,2345.01,37047.9,2623,83133.8,1.31545e+07
20230101T000014,6,518,5488.01,8222.18,-49.5804,0,0,0,108188,-72166.1,435.179,48236.3,651.988,156356,5.47552e+07
20230101T000014,6,519,3625.98,4961.85,856.66,0,0,0,39822.6,-28197.2,-4964.8,21842.7,-6793.92,60429.5,3.28371e+07
20230101T000014,6,520,3839.29,2858.23,126.787,0,0,0,13128.8,-17514.8,-777.475,23616.3,-578.804,36655.5,1.31182e+08
20230101T000014,6,521,3232.37,4449.9,-184.011,0,0,0,31723.4,-22957.8,950.409,16794.5,1308.4,48399.9,6.71295e+08
20230101T000014,4,378,897.618,-643.916,-36.9908,-5.40381,-9.36906,0.00402576,321.113,446.42,30.1169,837.461,-17.3734,1094.52,0
20230101T000014,3,393,9193.21,-213.488,-240.911,0,0,0,2500,0,0,2500,0,2500,0
20230101T000014,3,394,3339.47,1764.68,-98.7903,0,0,0,2500,0,0,2500,0,2500,0
20230101T000014,3,395,5192.06,2556.5,-557.304,0,0,0,2500,0,0,2500,0,2500,0
20230101T000014,3,396,8221.76,2094.5,104.478,0,0,0,2500,0,0,2500,0,2500,0
20230101T000014,3,397,4024.91,2590.23,-128.519,0,0,0,2500,0,0,2500,0,2500,0
20230101T000014,3,398,4804.26,5373.79,-305.304,0,0,0,2500,0,0,2500,0,2500,0
20230101T000014,3,399,5488.01,8222.18,-49.5804,0,0,0,2500,0,0,2500,0,2500,0
20230101T000014,3,400,3625.98,4961.85,856.66,0,0,0,2500,0,0,2500,0,2500,0
20230101T000014,3,401,3839.3,2858.23,126.787,0,0,0,2500,0,0,2500,0,2500,0
20230101T000014,3,402,3232.37,4449.9,-184.011,0,0,0,2500,0,0,2500,0,2500,0
20230101T000014.100000,6,522,3555.5,-4167.34,-600.021,0,0,0,28056.1,23391.5,3408.91,20596.5,-3995.52,48014.1,4.65694e+08
20230101T000014.100000,6,523,8683.12,-3009.56,382.299,0,0,0,14757.8,41719.7,-5308.76,120666,1840.01,135127,2.5984e+09
20230101T000014.100000,6,524,6326.02,690.838,231,0,0,0,911.146,-6976.3,-2335.79,64031.4,-255.082,64793.3,1.48032e+08
20230101T000014.100000,6,525,4774.38,250.868,260.933,0,0,0,272.967,-1907.33,-1989.79,36472,-104.553,36572.4,8.09412e+08
20230101T000014.100000,6,526,704.307,831.034,152.119,0,0,0,1146.71,-887.26,-165.754,851.759,-195.578,1899.89,1.41149e+22
20230101T000014.100000,3,403,3555.5,-4167.34,-600.021,0,0,0,2500,0,0,2500,0,2500,0
20230101T000014.100000,3,404,8683.12,-3009.56,382.299,0,0,0,2500,0,0,2500,0,2500,0
20230101T000014.100000,3,405,6326.02,690.838,231,0,0,0,2500,0,0,2500,0,2500,0
20230101T000014.100000,3,406,4774.38,250.868,260.933,0,0,0,2500,0,0,2500,0,2500,0
20230101T000014.100000,3,407,704.307,831.034,152.119,0,0,0,2500,0,0,2500,0,2500,0
20230101T000014.200000,6,527,3727.64,-4050.43,7.44552,0,0,0,26279,24125.7,-44.3481,22267.1,48.1884,48482,2.557e+08
20230101T000014.200000,6,528,4376.5,-1939.85,94.5537,0,0,0,6086.26,13554.6,-660.948,30658.9,292.96,36666.9,5.09022e+08
20230101T000014.200000,6,529,8651.45,-3111.44,295.477,0,0,0,15670,43004.6,-4088.16,119779,1470.28,135246,3.11354e+09
20230101T000014.200000,6,530,839.018,693.456,157.964,0,0,0,830.37,-880.531,-205.044,1167.97,-169.47,1897.05,6.30915e+22
20230101T000014.200000,4,403,3561.62,-4158.67,-569.486,0.605992,0.858783,3.02327,1426.26,1139.96,164.234,1062.72,-192.496,2372.55,0
20230101T000014.200000,4,404,8683.33,-3011.71,380.743,0.0205132,-0.211977,-0.154015,325.283,746.367,-94.8125,2219.99,32.862,2474.59,0
20230101T000014.200000,4,407,787.988,759.496,155.428,8.28525,-7.08298,0.327639,665.073,-494.005,-91.5065,500.854,-107.971,1075.94,0
20230101T000014.200000,3,408,4376.5,-1939.85,94.5537,0,0,0,2500,0,0,2500,0,2500,0
20230101T000014.300000,6,531,6327.8,-4504.3,-136.35,0,0,0,32524.1,45559.4,1379.56,64097.1,-982.006,96527.5,1.50088e+08
20230101T000014.300000,6,532,7142.79,-5778.45,-330.052,0,0,0,53568.7,65922.3,3770.21,81725.4,-3050.06,135056,2.19003e+09
20230101T000014.300000,6,533,4538.91,-1483.6,350.604,0,0,0,3756.94,10697.4,-2541.74,32987.9,830.801,36484.8,9.14563e+08
20230101T000014.300000,6,534,943.189,543.281,158.135,0,0,0,549.352,-775.453,-230.752,1448.95,-132.914,1896.94,5.13073e+22
20230101T000014.300000,4,408,4388.86,-1911.16,111.061,1.22403,2.8412,1.63437,440.821,851.692,-41.5149,1984.82,18.4012,2361.49,0
20230101T000014.300000,3,409,6327.8,-4504.3,-136.35,0,0,0,2500,0,0,2500,0,2500,0
20230101T000014.300000,3,410,7142.79,-5778.45,-330.052,0,0,0,2500,0,0,2500,0,2500,0
20230101T000014.300000,3,411,943.189,543.281,158.135,0,0,0,2500,0,0,2500,0,2500,0
20230101T000014.400000,6,535,6433.04,-6567.45,374.198,0,0,0,69151.1,67453.9,-3849.75,66361.4,3930.19,135225,5.07345e+09
20230101T000014.400000,6,536,3269.51,-3476.06,391.161,0,0,0,19477.6,18030.1,-2042.68,17267.1,2171.73,36436.7,1.32042e+09
20230101T000014.400000,6,537,1024.17,370.067,154.53,0,0,0,308.406,-574.156,-244.852,1689.94,-88.473,1898.66,6.37662e+22
20230101T000014.400000,4,411,998.012,448.687,156.095,5.42799,-9.36571,-0.202024,332.647,-432.064,-127.391,833.881,-73.3779,1074.33,0
20230101T000014.400000,3,412,6433.04,-6567.45,374.198,0,0,0,2500,0,0,2500,0,2500,0
20230101T000014.400000,3,413,3269.51,-3476.06,391.161,0,0,0,2500,0,0,2500,0,2500,0
20230101T000014.500000,6,538,5028.75,-6834.21,-19.3411,0,0,0,74753.1,54957.3,155.532,40503.3,-211.373,115192,8.67337e+07
20230101T000014.500000,6,539,3250.64,-3514.74,75.4295,0,0,0,19799.1,18243.8,-391.626,16946,423.444,36672.1,3.51507e+08
20230101T000014.500000,6,540,3343.98,-4372.28,48.2538,0,0,0,30611.9,23360.6,-257.835,17934.2,337.121,48478.4,1.36449e+08
20230101T000014.500000,6,541,7033.35,-5922.84,217.649,0,0,0,56209.8,66583,-2448.12,79206.9,2061.58,135277,2.09941e+09
20230101T000014.500000,6,542,1072.28,186.897,158.18,0,0,0,155.57,-303.276,-262.409,1842.7,-45.7374,1896.88,1.69499e+22
20230101T000014.500000,4,410,7144.09,-5783.89,-319.874,0.249859,-1.04755,1.95749,1048.76,1215.21,69.4118,1567.8,-56.1535,2547.75,0
20230101T000014.500000,4,413,3268.76,-3479.06,370.867,-0.0745334,-0.29647,-2.00929,1289.42,1139.66,-128.303,1149.71,136.409,2347.03,0
20230101T000014.500000,3,414,5028.75,-6834.21,-19.3411,0,0,0,2500,0,0,2500,0,2500,0
20230101T000014.500000,3,415,3343.98,-4372.28,48.2538,0,0,0,2500,0,0,2500,0,2500,0
20230101T000014.500000,3,416,1072.28,186.897,158.18,0,0,0,2500,0,0,2500,0,2500,0
20230101T000014.600000,6,543,1089.33,0.270547,151.967,0,0,0,99.7289,-0.446777,-256.112,1898.64,-0.0636078,1899.86,2.28524e+22
20230101T000014.600000,6,544,3927.24,2716.7,349.37,0,0,0,11983.8,-16949.4,-2191.46,24761,-1515.96,36486.2,2.21918e+09
20230101T000014.600000,4,416,1091.18,81.4441,154.665,1.87122,-10.4409,-0.348034,113.242,-168.981,-144.869,1053.28,-25.2505,1074.31,0
20230101T000014.600000,3,417,3927.24,2716.7,349.37,0,0,0,2500,0,0,2500,0,2500,0
20230101T000014.700000,6,545,1073,-187.765,152.167,0,0,0,153.266,305.407,-252.604,1845.1,44.2032,1899.77,2.58335e+22
20230101T000014.700000,6,546,6964.48,6007.75,109.826,0,0,0,57796.6,-66904.2,-1223.23,77641.9,-1055.19,135355,2.33311e+09
20230101T000014.700000,6,547,3546.76,3203.39,290.684,0,0,0,16528.3,-18079.7,-1646.7,20216.6,-1487.28,36546.2,4.56766e+08
20230101T000014.700000,6,548,3383.91,4326.03,368.656,0,0,0,30050.1,-23285.8,-1993.36,18495.8,-2548.34,48265,1.53741e+08
20230101T000014.700000,3,418,1073,-187.765,152.167,0,0,0,2500,0,0,2500,0,2500,0
20230101T000014.700000,3,419,6964.48,6007.75,109.826,0,0,0,2500,0,0,2500,0,2500,0
20230101T000014.700000,3,420,3546.76,3203.39,290.684,0,0,0,2500,0,0,2500,0,2500,0
20230101T000014.700000,3,421,3383.91,4326.04,368.656,0,0,0,2500,0,0,2500,0,2500,0
20230101T000014.800000,6,549,1024.74,-369.482,152.109,0,0,0,306.741,573.956,-241.15,1691.64,86.9491,1899.81,9.21839e+21
20230101T000014.800000,6,550,4644.48,1134.65,259.04,0,0,0,2221.43,-8392.33,-1921.61,34523.5,-469.453,36574,1.7122e+09
20230101T000014.800000,6,551,6758,6232.85,267.52,0,0,0,62253.9,-67305.7,-2891.28,73155,-2666.6,135230,2.64217e+09
20230101T000014.800000,6,552,3461.17,4279.74,-74.0542,0,0,0,29334.6,-23665.1,409.561,19211.5,506.423,48473.4,8.56618e+07
20230101T000014.800000,4,418,1054.49,-293.613,152.134,-1.83313,-10.48,-0.00326342,111.951,170.048,-139.456,1053.95,24.4035,1075.9,0
20230101T000014.800000,4,419,6960.06,6011.32,112.703,-0.437878,0.353836,0.284825,1093.54,-1194.93,-21.8442,1447.98,-18.8434,2478.42,0
20230101T000014.800000,4,421,3388.31,4324.46,346.776,0.43532,-0.156025,-2.16634,1516.3,-1129.05,-96.2379,956.072,-123.032,2389.52,0
20230101T000014.800000,3,422,4644.48,1134.65,259.04,0,0,0,2500,0,0,2500,0,2500,0
20230101T000014.900000,6,553,3896.62,-2722.23,575.787,0,0,0,12255.7,16693.3,-3583.54,24488.5,2503.5,36151.6,2.93067e+09
20230101T000014.900000,6,554,942.248,-545.54,155.96,0,0,0,552.298,778.385,-227.351,1446.05,131.631,1898,9.86042e+19
20230101T000014.900000,6,555,9062.65,-1217.78,950.408,0,0,0,3854.59,17459,-13774.6,131437,1850.95,133784,2.71759e+09
20230101T000014.900000,6,556,3686.75,1388.52,114.298,0,0,0,3159.07,-8162.58,-672.481,21757.9,-253.272,24832.2,5.037e+06
20230101T000014.900000,6,557,5085.17,3130.11,1023.49,0,0,0,16936.8,-24691.5,-8318.29,41851.9,-5120.22,57052.3,3.49133e+06
20230101T000014.900000,6,558,4949.31,2382.19,-330.01,0,0,0,9272.98,-18771.3,2609.86,39237.8,1256.17,48273,9.62372e+08
20230101T000014.900000,6,559,6722.02,1613.53,165.216,0,0,0,4267.36,-17329.5,-1775.45,72302.6,-426.174,76462.4,3.06446e+07
20230101T000014.900000,6,560,5397.68,3364.57,131.083,0,0,0,18178.4,-29016.3,-1130.95,46641.5,-704.963,64728.4,3.03575e+07
20230101T000014.900000,6,561,9390.13,3513.27,-883.92,0,0,0,20901.2,-52353,13275,141241,4966.76,160829,3.35235e+06
20230101T000014.900000,6,562,2323.62,2464.9,-8.73571,0,0,0,9751.38,-9132.02,32.3644,8672.72,34.3322,18360,4.78294e+06
20230101T000014.900000,6,563,8527.16,8469.75,92.8787,0,0,0,114818,-115518,-1266.83,116378,-1258.31,231119,5.90409e+07
20230101T000014.900000,6,564,2544.88,3182.76,-194.614,0,0,0,16256.5,-12898.9,790.527,10438.2,988.673,26570.3,1.16356e+07
20230101T000014.900000,6,565,7982.28,8003.22,-379.703,0,0,0,102629,-102067,4847.91,102095,4860.63,204429,2.93817e+07
20230101T000014.900000,6,566,4530.82,6315.08,-154.013,0,0,0,63843,-45731.7,1115.75,32912.6,1555.13,96653.7,9.51908e+06
20230101T000014.900000,6,567,6974.93,7015.02,203.01,0,0,0,78801.4,-78221.8,-2264.65,77904.7,-2277.66,156576,1.11291e+08
20230101T000014.900000,6,568,4154.24,4587.22,448.657,0,0,0,33841.9,-30298.3,-2979.02,27824.2,-3289.51,61280.7,4.70582e+06
20230101T000014.900000,6,569,5114.85,3778.79,-201.089,0,0,0,22930,-30863.3,1644.04,41904.2,1214.6,64705.7,2.83081e+07
20230101T000014.900000,3,423,3896.62,-2722.23,575.787,0,0,0,2500,0,0,2500,0,2500,0
20230101T000014.900000,3,424,942.248,-545.54,155.96,0,0,0,2500,0,0,2500,0,2500,0
20230101T000014.900000,3,425,9062.65,-1217.78,950.408,0,0,0,2500,0,0,2500,0,2500,0
20230101T000014.900000,3,426,3686.75,1388.52,114.298,0,0,0,2500,0,0,2500,0,2500,0
20230101T000014.900000,3,427,5085.17,3130.11,1023.49,0,0,0,2500,0,0,2500,0,2500,0
20230101T000014.900000,3,428,4949.31,2382.19,-330.01,0,0,0,2500,0,0,2500,0,2500,0
20230101T000014.900000,3,429,6722.02,1613.53,165.216,0,0,0,2500,0,0,2500,0,2500,0
20230101T000014.900000,3,430,5397.68,3364.57,131.083,0,0,0,2500,0,0,2500,0,2500,0
20230101T000014.900000,3,431,9390.13,3513.27,-883.92,0,0,0,2500,0,0,2500,0,2500,0
20230101T000014.900000,3,432,2323.62,2464.9,-8.73571,0,0,0,2500,0,0,2500,0,2500,0
20230101T000014.900000,3,433,8527.16,8469.75,92.8787,0,0,0,2500,0,0,2500,0,2500,0
20230101T000014.900000,3,434,2544.88,3182.76,-194.614,0,0,0,2500,0,0,2500,0,2500,0
20230101T000014.900000,3,435,7982.28,8003.22,-379.703,0,0,0,2500,0,0,2500,0,2500,0
20230101T000014.900000,3,436,4530.82,6315.08,-154.013,0,0,0,2500,0,0,2500,0,2500,0
20230101T000014.900000,3,437,6974.93,7015.02,203.01,0,0,0,2500,0,0,2500,0,2500,0
20230101T000014.900000,3,438,4154.24,4587.22,448.657,0,0,0,2500,0,0,2500,0,2500,0
20230101T000014.900000,3,439,5114.85,3778.79,-201.089,0,0,0,2500,0,0,2500,0,2500,0
20230101T000015,6,570,836.349,-697.1,156.071,0,0,0,837.517,882.819,-201.942,1160.85,168.32,1897.97,4.52131e+21
20230101T000015,6,571,4730.96,-638.789,368.388,0,0,0,928.612,4798.1,-2783.66,35816.2,375.858,36464.4,1.2759e+09
20230101T000015,6,572,10364.6,2814.65,1927.44,0,0,0,18269.2,-45157.6,-31952.9,172294,-8677.21,184559,7.95121e+07
20230101T000015,6,573,7601.6,2251.88,223.312,0,0,0,8245.66,-27349.4,-2714.32,92466.5,-804.083,100568,1.49463e+07
20230101T000015,6,574,8290.04,1800.95,164.641,0,0,0,5291.97,-23865.6,-2182.6,109964,-474.153,115149,1.2764e+07
20230101T000015,6,575,9024.58,3308.36,2310.13,0,0,0,25092.8,-44991.5,-33343,131328,-12223.4,147825,2.47875e+07
20230101T000015,6,576,4887.3,2438.98,676.184,0,0,0,10154,-18754.6,-5280.57,38375.6,-2635.24,47736,3.0247e+08
20230101T000015,6,577,6917.84,1372.63,1268.31,0,0,0,5550.5,-14689.8,-14027.4,76670.2,-2783.3,79586.9,1.40703e+07
20230101T000015,6,578,8704.53,2932.38,-424.867,0,0,0,14074.9,-40733.3,5914.44,121266,1992.45,134988,1.98149e+09
20230101T000015,6,579,3774.76,3970.33,469.778,0,0,0,25419.4,-23771.2,-2833.53,23017,-2980.32,48020.2,3.04494e+08
20230101T000015,4,421,3406.39,4304.1,352.619,-2.11605,-15.7343,-1.21794,1547.33,-1168.06,-95.1129,970.748,-121.58,2452.85,0
20230101T000015,4,424,889.281,-637.022,156.023,-5.24433,-9.0576,0.00624062,334.229,433.585,-125.514,832.074,72.6696,1074.92,0
20230101T000015,3,440,4730.96,-638.789,368.388,0,0,0,2500,0,0,2500,0,2500,0
20230101T000015,3,441,10364.6,2814.65,1927.44,0,0,0,2500,0,0,2500,0,2500,0
20230101T000015,3,442,7601.6,2251.88,223.312,0,0,0,2500,0,0,2500,0,2500,0
20230101T000015,3,443,8290.04,1800.95,164.641,0,0,0,2500,0,0,2500,0,2500,0
20230101T000015,3,444,9024.58,3308.36,2310.13,0,0,0,2500,0,0,2500,0,2500,0
20230101T000015,3,445,4887.3,2438.98,676.184,0,0,0,2500,0,0,2500,0,2500,0
20230101T000015,3,446,6917.84,1372.63,1268.31,0,0,0,2500,0,0,2500,0,2500,0
20230101T000015,3,447,8704.53,2932.38,-424.867,0,0,0,2500,0,0,2500,0,2500,0
20230101T000015.100000,6,580,6302.44,-5842.14,49.3973,0,0,0,54645.5,58877.8,-497.848,63584.7,461.488,118162,2.27185e+09
20230101T000015.100000,6,581,7970.71,-3186.71,-387.596,0,0,0,16510.5,40535.7,4940.39,101694,-1975.18,117900,2.23231e+09
20230101T000015.100000,6,582,8575.59,269.543,-433.79,0,0,0,480.8,-3686.93,5948.79,117666,186.979,117782,2.15374e+09
20230101T000015.100000,6,583,813.789,976.711,-273.87,0,0,0,1600.58,-1182.64,348.162,1166.54,417.865,2588.79,1.39676e+22
20230101T000015.100000,3,448,6302.44,-5842.14,49.3973,0,0,0,2500,0,0,2500,0,2500,0
20230101T000015.100000,3,449,7970.71,-3186.71,-387.596,0,0,0,2500,0,0,2500,0,2500,0
20230101T000015.100000,3,450,8575.59,269.543,-433.79,0,0,0,2500,0,0,2500,0,2500,0
20230101T000015.100000,3,451,813.789,976.711,-273.87,0,0,0,2500,0,0,2500,0,2500,0
20230101T000015.200000,6,584,7308.25,-7792.62,-63.5654,0,0,0,97193,91085.5,743.023,85494.2,-792.269,182617,5.25138e+07
20230101T000015.200000,6,585,6180.89,-6061.36,352,0,0,0,58917.7,59812.3,-3479.22,61254,3411.93,119910,1.43136e+07
20230101T000015.200000,6,586,7874.05,-5095.99,-1476.5,0,0,0,44053,62582.2,18593.4,100249,-12033.4,140753,2.06242e+07
20230101T000015.200000,6,587,3261.1,-930.923,-163.006,0,0,0,1484.94,4829.26,847.577,17023.7,-241.952,18402.4,2.49337e+08
20230101T000015.200000,6,588,4306.9,-1027.69,554.199,0,0,0,2214.41,6956.7,-3811.33,29708.9,909.443,31369.8,2.21603e+07
20230101T000015.200000,6,589,8137.83,-2740.4,68.7566,0,0,0,12080,35659.8,-894.761,105966,301.309,117974,1.3001e+09
20230101T000015.200000,6,590,7005.44,-2474.16,-1701.41,0,0,0,13966.5,26258.7,19057.5,79042.3,-6730.67,88319.5,3.95528e+06
20230101T000015.200000,6,591,4721.64,-2632.02,-899.314,0,0,0,12118.8,19307.1,6784.93,35991.7,-3782.18,46756,3.5447e+07
20230101T000015.200000,6,592,8780.12,-3894.36,266.882,0,0,0,24414.4,54642.8,-3747.58,123374,1662.22,147610,1.82486e+07
20230101T000015.200000,6,593,5884.87,-2742.09,-317.869,0,0,0,12215.8,25732.6,2990.15,55450.9,-1393.28,67441.4,1.62637e+08
20230101T000015.200000,6,594,977.436,813.539,-271.978,0,0,0,1165.03,-1184.01,415.286,1602.09,345.651,2590.36,1.21563e+21
20230101T000015.200000,4,448,6349.27,-5892.45,56.0644,4.63668,-4.98059,0.660112,1176.14,1201.38,-10.1581,1358.53,9.41619,2472.09,0
20230101T000015.200000,4,449,7969.62,-3175.51,-377.799,-0.108589,1.10886,0.969968,398.727,828.923,100.825,2140.65,-40.3103,2467.26,0
20230101T000015.200000,3,452,7308.25,-7792.62,-63.5654,0,0,0,2500,0,0,2500,0,2500,0
20230101T000015.200000,3,453,7874.05,-5095.99,-1476.5,0,0,0,2500,0,0,2500,0,2500,0
20230101T000015.200000,3,454,3261.1,-930.923,-163.006,0,0,0,2500,0,0,2500,0,2500,0
20230101T000015.200000,3,455,4306.9,-1027.69,554.199,0,0,0,2500,0,0,2500,0,2500,0
20230101T000015.200000,3,456,7005.44,-2474.16,-1701.41,0,0,0,2500,0,0,2500,0,2500,0
20230101T000015.200000,3,457,4721.64,-2632.02,-899.314,0,0,0,2500,0,0,2500,0,2500,0
20230101T000015.200000,3,458,8780.12,-3894.36,266.882,0,0,0,2500,0,0,2500,0,2500,0
20230101T000015.200000,3,459,5884.87,-2742.09,-317.869,0,0,0,2500,0,0,2500,0,2500,0
20230101T000015.200000,3,460,977.436,813.539,-271.978,0,0,0,2500,0,0,2500,0,2500,0
20230101T000015.300000,6,595,4816.78,-4372.15,158.176,0,0,0,30642.1,33643.8,-1217.89,37169.2,1105.46,67707.4,1.90078e+08
20230101T000015.300000,6,596,10310.8,-2112.8,-1833.62,0,0,0,12364.6,33785.5,30239.2,170321,-6196.35,177246,1.37515e+08
20230101T000015.300000,6,597,8791.92,-4298.77,-158.783,0,0,0,29651.3,60430,2232.68,123697,-1091.66,153244,5.07808e+07
20230101T000015.300000,6,598,1100.29,636.208,-275.303,0,0,0,784.313,-1040.98,473.196,1982.72,273.612,2587.5,2.32272e+21
20230101T000015.300000,6,599,7028.34,4744.71,-1425.84,0,0,0,38296.9,-51818.6,16025.4,80073.9,10818.4,115057,7.49464e+10
20230101T000015.300000,3,461,4816.78,-4372.15,158.176,0,0,0,2500,0,0,2500,0,2500,0
20230101T000015.300000,3,462,10310.8,-2112.8,-1833.62,0,0,0,2500,0,0,2500,0,2500,0
20230101T000015.300000,3,463,8791.92,-4298.77,-158.783,0,0,0,2500,0,0,2500,0,2500,0
20230101T000015.300000,3,464,1100.29,636.208,-275.303,0,0,0,2500,0,0,2500,0,2500,0
20230101T000015.300000,3,465,7028.34,4744.71,-1425.84,0,0,0,2500,0,0,2500,0,2500,0
20230101T000015.400000,6,600,6220.92,-5920.76,-182.844,0,0,0,56150.2,58873.5,1818.95,61975.6,-1731.19,118008,2.43906e+09
20230101T000015.400000,6,601,4490.43,-4743.04,-449.853,0,0,0,36177.5,33883.8,3229.04,32466.6,-3410.69,68257,2.47387e+07
20230101T000015.400000,6,602,8237.61,-2223.89,-1067.18,0,0,0,9670.25,28836.9,14058,108701,-3795.22,116487,2.21783e+09
20230101T000015.400000,6,603,1196.38,431.194,-271.863,0,0,0,456.312,-768.151,508.095,2310.76,183.125,2590.41,2.67962e+21
20230101T000015.400000,3,466,6220.92,-5920.76,-182.844,0,0,0,2500,0,0,2500,0,2500,0
20230101T000015.400000,3,467,4490.43,-4743.04,-449.853,0,0,0,2500,0,0,2500,0,2500,0
20230101T000015.400000,3,468,8237.61,-2223.89,-1067.18,0,0,0,2500,0,0,2500,0,2500,0
20230101T000015.400000,3,469,1196.38,431.194,-271.863,0,0,0,2500,0,0,2500,0,2500,0
20230101T000015.500000,6,604,2416.94,-2364.78,306.705,0,0,0,9056.79,9037.87,-1181.94,9451.21,1156.43,18294.5,2.25953e+08
20230101T000015.500000,6,605,6674.63,-8136.62,-1839.63,0,0,0,108130,84208.7,19639.3,74555,-23941,177210,2.87584e+07
20230101T000015.500000,6,606,5276.31,-5100.41,1585.57,0,0,0,43733.7,41017.6,-13376,46515.7,12930.1,86168.7,8.0966e+06
20230101T000015.500000,6,607,4836.44,-4317.16,-517.381,0,0,0,30094.4,33163.1,3999.86,37643.9,-3570.41,67246.8,1.47804e+08
20230101T000015.500000,6,608,3563.63,-4172.19,-124.947,0,0,0,27889,23745.1,711.476,20370.6,-832.974,48170.7,7.2797e+06
20230101T000015.500000,6,609,1252.35,220.289,-272.467,0,0,0,252.214,-410.699,533.045,2514.81,93.7628,2589.86,3.13499e+20
20230101T000015.500000,6,610,8388.28,1052.43,-1572.25,0,0,0,5726.97,-13628.8,21090.2,112643,2646.08,114356,1.75322e+10
20230101T000015.500000,6,611,1253.89,205.592,-276.855,0,0,0,246.556,-383.124,542.294,2520.38,88.9166,2586.1,2.90772e+20
20230101T000015.500000,6,612,8086.2,2538.48,-1453.35,0,0,0,13443.2,-31859.2,18793.2,104927,5899.71,114931,1.72708e+10
20230101T000015.500000,4,467,4475.51,-4698.81,-449.468,-1.47715,4.37954,0.0381518,1318.83,1178.89,111.831,1189.72,-118.122,2424.13,0
20230101T000015.500000,3,470,2416.94,-2364.78,306.705,0,0,0,2500,0,0,2500,0,2500,0
20230101T000015.500000,3,471,6674.63,-8136.62,-1839.63,0,0,0,2500,0,0,2500,0,2500,0
20230101T000015.500000,3,472,5276.31,-5100.41,1585.57,0,0,0,2500,0,0,2500,0,2500,0
20230101T000015.500000,3,473,3563.63,-4172.19,-124.947,0,0,0,2500,0,0,2500,0,2500,0
20230101T000015.500000,3,474,1252.35,220.289,-272.467,0,0,0,2500,0,0,2500,0,2500,0
20230101T000015.500000,3,475,8388.28,1052.43,-1572.25,0,0,0,2500,0,0,2500,0,2500,0
20230101T000015.500000,3,476,1253.89,205.592,-276.855,0,0,0,2500,0,0,2500,0,2500,0
20230101T000015.500000,3,477,8086.2,2538.48,-1453.35,0,0,0,2500,0,0,2500,0,2500,0
20230101T000015.600000,6,613,1271.69,2.40935,-271.966,0,0,0,179.554,-4.56213,540.28,2587.5,1.02362,2590.3,2.93949e+21
20230101T000015.600000,6,614,6252.46,5785.56,-1127.12,0,0,0,54685.3,-56833.8,11269.5,63515.8,10428,116107,2.30832e+09
20230101T000015.600000,4,476,1270.72,106.121,-274.497,1.66673,-9.84858,0.233529,149.107,-184.914,255.302,1246.56,41.8603,1249.78,0
20230101T000015.600000,3,478,6252.46,5785.56,-1127.12,0,0,0,2500,0,0,2500,0,2500,0
20230101T000015.700000,6,615,1251.44,-227.232,-270.985,0,0,0,255.625,423.573,529.761,2511.47,-96.1922,2591.16,3.90873e+20
20230101T000015.700000,6,616,8126.75,-2364.87,-1518.6,0,0,0,12407.1,29743.4,19735.3,105963,-5742.94,114621,1.97036e+10
20230101T000015.700000,6,617,1250.65,-228.059,-273.922,0,0,0,258.599,424.372,535.163,2508.42,-97.5883,2588.64,4.02503e+20
20230101T000015.700000,6,618,8461.08,-554.754,-1430.12,0,0,0,3812.75,7292.4,19350.1,114558,-1268.7,115038,1.91326e+10
20230101T000015.700000,6,619,3170.86,3056.19,290.407,0,0,0,15047.5,-15405.9,-1470.32,16182.6,-1417.15,31031.7,1.55432e+07
20230101T000015.700000,6,620,5244.09,6683.92,-1700.64,0,0,0,73266.3,-53804.5,14261.7,46903.1,18177.4,115483,9.0348e+06
20230101T000015.700000,6,621,6023.98,7401.63,-1120.38,0,0,0,88480.1,-70325.5,10793.9,59307.4,13262.5,145717,2.0325e+07
20230101T000015.700000,6,622,4348.06,3323.81,841.226,0,0,0,18430.5,-22546.9,-5844.68,30689.6,-4467.88,47926.8,7.02337e+06
20230101T000015.700000,6,623,5180.58,3913.04,319.439,0,0,0,24643.6,-32325.6,-2645.3,43023.9,-1998.07,67440.5,2.39323e+08
20230101T000015.700000,4,468,8235.39,-2227.23,-1077.38,-0.611826,-0.918857,-2.80791,276.507,644.198,309.246,2488.8,-83.4863,2623.59,0
20230101T000015.700000,3,479,1251.44,-227.232,-270.985,0,0,0,2500,0,0,2500,0,2500,0
20230101T000015.700000,3,480,1250.65,-228.059,-273.922,0,0,0,2500,0,0,2500,0,2500,0
20230101T000015.700000,3,481,8461.08,-554.754,-1430.12,0,0,0,2500,0,0,2500,0,2500,0
20230101T000015.700000,3,482,3170.86,3056.19,290.407,0,0,0,2500,0,0,2500,0,2500,0
20230101T000015.700000,3,483,5244.09,6683.92,-1700.64,0,0,0,2500,0,0,2500,0,2500,0
20230101T000015.700000,3,484,6023.98,7401.63,-1120.38,0,0,0,2500,0,0,2500,0,2500,0
20230101T000015.700000,3,485,4348.06,3323.81,841.226,0,0,0,2500,0,0,2500,0,2500,0
20230101T000015.700000,3,486,5180.58,3913.04,319.439,0,0,0,2500,0,0,2500,0,2500,0
20230101T000015.800000,6,624,1195.37,-434.434,-271.147,0,0,0,459.957,773.48,506.328,2307.13,-184.015,2591.01,1.50931e+21
20230101T000015.800000,6,625,8077,2887.52,-521.938,0,0,0,13783.4,-37157.6,6741.46,104437,2410.06,117721,2.98518e+09
20230101T000015.800000,6,626,6564.67,8392.02,-786.512,0,0,0,113082,-87634.1,8258.21,69605.3,10557,181634,9.97744e+07
20230101T000015.800000,6,627,4625.54,5773.32,-427.918,0,0,0,53469.4,-42553.5,3164.66,34450.3,3949.93,87563.1,1.36085e+07
20230101T000015.800000,6,628,4302.58,4879.75,-70.6355,0,0,0,38130.6,-33557.1,485.805,29660.1,550.972,67718.7,9.26898e+07
20230101T000015.800000,4,477,8082.25,2545.3,-1431.64,-1.08861,1.87547,5.97765,363.356,-721.572,413.409,2435.37,129.78,2589.35,0
20230101T000015.800000,4,480,1231.98,-332.05,-272.583,-1.84826,-10.2962,0.132575,154.929,204.707,251.944,1240.19,-45.9426,1250.97,0
20230101T000015.800000,3,487,6564.67,8392.02,-786.512,0,0,0,2500,0,0,2500,0,2500,0
20230101T000015.800000,3,488,4625.54,5773.32,-427.918,0,0,0,2500,0,0,2500,0,2500,0
20230101T000015.800000,3,489,4302.58,4879.75,-70.6355,0,0,0,2500,0,0,2500,0,2500,0
20230101T000015.900000,6,629,6998.17,-4862.48,-1150.97,0,0,0,39301.9,53422.9,12880.5,79069.5,-8949.69,116190,5.56e+09
20230101T000015.900000,6,630,1099.17,-639.443,-272.274,0,0,0,788.561,1046.42,467.516,1978.55,-271.978,2590.1,5.24745e+19
20230101T000015.900000,6,631,7221.15,-4553.05,-1033.18,0,0,0,34435.7,51806.3,11930.8,83935.9,-7522.54,116602,5.06633e+09
20230101T000015.900000,6,632,3331.15,582.146,-298.129,0,0,0,741.849,-3067.85,1583.46,17760.5,276.723,18297.2,1.00191e+08
20230101T000015.900000,6,633,3913.69,2010.43,250.651,0,0,0,6596.91,-12522.3,-1566.32,24541.5,-804.605,30974.3,3.57244e+07
20230101T000015.900000,6,634,9993.3,6075.68,-1277.68,0,0,0,61015.3,-95958.2,20423.2,160508,12416.8,218848,4.50794e+07
20230101T000015.900000,6,635,9599.87,4415.1,-256.882,0,0,0,31328.9,-67750.6,3944.25,147482,1814.01,178641,1.84318e+06
20230101T000015.900000,6,636,6649.23,3406.14,604.377,0,0,0,19076.2,-35974.2,-6425.24,70874.2,-3291.41,89302.9,5.23596e+07
20230101T000015.900000,6,637,6722.46,3486.56,-50.6775,0,0,0,19503.4,-37473.3,544.704,72320.8,282.507,91756,2.14366e+06
20230101T000015.900000,6,638,5280.7,1250.42,-200.386,0,0,0,2623.05,-10536.2,1690.79,44624.1,400.363,47119.1,8.29441e+06
20230101T000015.900000,6,639,8889.67,7537.72,1009.52,0,0,0,91893.2,-106377,-14354.7,127151,-12171.6,217350,5.48538e+07
20230101T000015.900000,6,640,2988.26,3273.06,519.679,0,0,0,17365.8,-15402.6,-2479.71,14557.6,-2716.04,31429,1.38915e+06
20230101T000015.900000,6,641,5963.12,7342.4,-1386.22,0,0,0,87504.1,-68518.5,13220.1,58784.5,16277.9,143153,1.40354e+06
20230101T000015.900000,6,642,6669.02,6929.44,-708.745,0,0,0,77244.4,-73506.7,7559.36,71611.6,7854.55,147989,4.52098e+07
20230101T000015.900000,6,643,4746.04,4396.74,641.249,0,0,0,31318.2,-33027.8,-4864.82,36373,-4506.78,66970.5,1.44532e+08
20230101T000015.900000,4,482,3189.21,3104.08,310.797,3.52896,9.20895,3.92112,1192.97,-1162.42,-110.494,1278.61,-106.499,2389.68,0
20230101T000015.900000,4,484,5993.6,7364.58,-1119.55,-5.84217,-7.12541,0.159791,1574.99,-1203.42,182.206,1075.78,223.876,2521.14,0
20230101T000015.900000,4,486,5166.44,3932.66,331.428,-2.71794,3.77322,2.30565,952.964,-1171.15,-95.6153,1618.88,-72.221,2497.81,0
20230101T000015.900000,3,490,6998.17,-4862.48,-1150.97,0,0,0,2500,0,0,2500,0,2500,0
20230101T000015.900000,3,491,1099.17,-639.442,-272.274,0,0,0,2500,0,0,2500,0,2500,0
20230101T000015.900000,3,492,7221.15,-4553.05,-1033.18,0,0,0,2500,0,0,2500,0,2500,0
20230101T000015.900000,3,493,3331.15,582.146,-298.129,0,0,0,2500,0,0,2500,0,2500,0
20230101T000015.900000,3,494,3913.69,2010.43,250.651,0,0,0,2500,0,0,2500,0,2500,0
20230101T000015.900000,3,495,9993.3,6075.68,-1277.68,0,0,0,2500,0,0,2500,0,2500,0
20230101T000015.900000,3,496,9599.87,4415.1,-256.882,0,0,0,2500,0,0,2500,0,2500,0
20230101T000015.900000,3,497,6649.23,3406.14,604.377,0,0,0,2500,0,0,2500,0,2500,0
20230101T000015.900000,3,498,6722.46,3486.56,-50.6775,0,0,0,2500,0,0,2500,0,2500,0
20230101T000015.900000,3,499,5280.7,1250.42,-200.386,0,0,0,2500,0,0,2500,0,2500,0
20230101T000015.900000,3,500,8889.67,7537.72,1009.52,0,0,0,2500,0,0,2500,0,2500,0
20230101T000015.900000,3,501,6669.02,6929.44,-708.745,0,0,0,2500,0,0,2500,0,2500,0
20230101T000016,6,644,975.966,-814.821,-273.418,0,0,0,1168.82,1183.44,416.857,1598.27,-348.028,2589.14,1.57343e+19
20230101T000016,6,645,2245.06,733.343,-274.994,0,0,0,1026.85,-2579.89,980.818,8082.24,320.381,8925.81,3.38804e+07
20230101T000016,6,646,3215.86,647.632,-578.375,0,0,0,1245.1,-3216.72,2965.23,16570.1,597.158,17219.9,4.41058e+07
20230101T000016,6,647,3273.4,698.741,-549.982,0,0,0,1303.66,-3548.09,2870.49,17168.1,612.734,17927.1,1.78289e+08
20230101T000016,6,648,3245.21,1133.17,-248.672,0,0,0,2199.46,-5833.19,1286.84,16867.9,449.342,18905.1,2.20805e+07
20230101T000016,6,649,4111.57,1389.21,-270.808,0,0,0,3250.39,-9084.03,1777.74,27066.5,600.662,30136.1,694968
20230101T000016,6,650,4229.39,1149.76,-455.342,0,0,0,2482.98,-7680.43,3074.97,28647.6,835.928,30736.2,2.44905e+07
20230101T000016,6,651,9669.23,4324.75,-776.915,0,0,0,30783.4,-66523.6,12015.2,149762,5374.04,179516,2.41819e+07
20230101T000016,6,652,9724.9,4170.77,-1473.25,0,0,0,30818.7,-63615.8,22915.5,151867,9827.86,179152,649626
20230101T000016,6,653,6653.25,3585.65,232.308,0,0,0,20687.5,-38107.2,-2471.24,70859,-1331.83,91396.3,1.3098e+08
20230101T000016,6,654,7234.51,2361.17,-423.366,0,0,0,9237.02,-27227.6,4897.18,83774.8,1598.32,92661.4,711374
20230101T000016,6,655,8005.73,3058.69,-476.318,0,0,0,15341.4,-39037,6097.92,102601,2329.79,117516,2.73986e+09
20230101T000016,6,656,4523.78,3178.3,-307.881,0,0,0,16306.8,-22903.3,2225.55,32814.5,1563.62,48906.1,683788
20230101T000016,6,657,6292.42,1843.45,-275.658,0,0,0,5608.09,-18509.6,2772.71,63365.9,812.303,68788.7,1.22842e+07
20230101T000016,6,658,9161.2,2470.21,-1497.98,0,0,0,13168.3,-35289.9,21947.8,134532,5917.95,144049,2.97797e+07
20230101T000016,6,659,1849.62,2746.74,377.69,0,0,0,12162.3,-7993.69,-1113.71,5674.27,-1653.89,17546,4.15492e+07
20230101T000016,6,660,1690.7,1532.81,422.785,0,0,0,3950.14,-3973.32,-1135.19,4730.48,-1029.18,8334.86,7.98867e+07
20230101T000016,6,661,8569.07,7845.33,1496.89,0,0,0,100463,-105747,-20517.2,119150,-18784.3,215966,1.34154e+08
20230101T000016,6,662,162.749,215.71,-60.2868,0,0,0,98.6738,-24.0629,7.50652,84.9357,9.94922,119.863,4.08684e+07
20230101T000016,6,663,7242.27,7659.45,675.192,0,0,0,94241.9,-88359,-7821.08,84339.6,-8271.6,177789,1.1743e+06
20230101T000016,6,664,6041.75,6207.05,-192.849,0,0,0,61704.1,-59940.6,1863.24,58467.8,1914.22,120048,3.41211e+06
20230101T000016,6,665,3939.82,4999.61,1298.99,0,0,0,41051.6,-30173.8,-8180.7,26538.9,-10381.3,64831.8,3.57428e+08
20230101T000016,6,666,3241.32,4360.13,444.014,0,0,0,30552.1,-22430.6,-2299.6,17053.9,-3093.36,47227.4,1.15608e+08
20230101T000016,4,493,3323.26,596.293,-328.413,-0.780374,1.40074,-2.99845,142.477,-362.855,186.006,2155.39,32.506,2204.23,0
20230101T000016,4,496,9645.69,4434.47,-265.294,4.53659,1.91816,-0.832853,487.4,-920.932,53.5828,2066.26,24.6434,2488.39,0
20230101T000016,4,498,6711.1,3484.29,-43.0139,-1.12474,-0.224674,0.758769,570.167,-978.788,14.2268,1949.73,7.37864,2457.27,0
20230101T000016,4,500,8897.29,7550.86,1016.35,0.754092,1.30052,0.675811,1090.82,-1191.48,-159.589,1485.72,-135.318,2478.09,0
20230101T000016,3,502,975.966,-814.821,-273.418,0,0,0,2500,0,0,2500,0,2500,0
20230101T000016,3,503,2245.06,733.343,-274.994,0,0,0,2500,0,0,2500,0,2500,0
20230101T000016,3,504,3215.86,647.632,-578.375,0,0,0,2500,0,0,2500,0,2500,0
20230101T000016,3,505,3245.21,1133.17,-248.672,0,0,0,2500,0,0,2500,0,2500,0
20230101T000016,3,506,4111.57,1389.21,-270.808,0,0,0,2500,0,0,2500,0,2500,0
20230101T000016,3,507,4229.39,1149.76,-455.342,0,0,0,2500,0,0,2500,0,2500,0
20230101T000016,3,508,9724.9,4170.77,-1473.25,0,0,0,2500,0,0,2500,0,2500,0
20230101T000016,3,509,7234.51,2361.17,-423.366,0,0,0,2500,0,0,2500,0,2500,0
20230101T000016,3,510,8005.73,3058.69,-476.318,0,0,0,2500,0,0,2500,0,2500,0
20230101T000016,3,511,4523.78,3178.3,-307.881,0,0,0,2500,0,0,2500,0,2500,0
20230101T000016,3,512,6292.42,1843.45,-275.658,0,0,0,2500,0,0,2500,0,2500,0
20230101T000016,3,513,9161.2,2470.21,-1497.98,0,0,0,2500,0,0,2500,0,2500,0
20230101T000016,3,514,1849.62,2746.74,377.69,0,0,0,2500,0,0,2500,0,2500,0
20230101T000016,3,515,1690.7,1532.81,422.785,0,0,0,2500,0,0,2500,0,2500,0
20230101T000016,3,516,162.749,215.71,-60.2868,0,0,0,2500,0,0,2500,0,2500,0
20230101T000016,3,517,7242.27,7659.45,675.192,0,0,0,2500,0,0,2500,0,2500,0
20230101T000016,3,518,6041.75,6207.05,-192.849,0,0,0,2500,0,0,2500,0,2500,0
20230101T000016,3,519,3939.82,4999.61,1298.99,0,0,0,2500,0,0,2500,0,2500,0
20230101T000016,3,520,3241.32,4360.13,444.014,0,0,0,2500,0,0,2500,0,2500,0
20230101T000016.100000,6,667,6354.55,-5783.68,-102.581,0,0,0,53565.7,58764,1042.41,64645.1,-948.762,118130,3.65548e+09
20230101T000016.100000,6,668,8490.41,1153.73,-724.385,0,0,0,3016.5,-15552.6,9835.19,115356,1336.47,117469,3.69008e+09
20230101T000016.100000,6,669,837.293,994.177,-42.136,0,0,0,1609.13,-1298.97,55.1132,1160.76,65.4398,2703.19,2.57662e+22
20230101T000016.100000,3,521,6354.55,-5783.68,-102.581,0,0,0,2500,0,0,2500,0,2500,0
20230101T000016.100000,3,522,8490.41,1153.73,-724.385,0,0,0,2500,0,0,2500,0,2500,0
20230101T000016.100000,3,523,837.293,994.177,-42.136,0,0,0,2500,0,0,2500,0,2500,0
20230101T000016.200000,6,670,5819.76,-6324.31,35.8172,0,0,0,64025.4,58856.7,-333.335,54227.1,362.234,118187,1.77323e+09
20230101T000016.200000,6,671,4691.55,-4500.38,416.213,0,0,0,32583,33611.7,-3121.36,35380.5,2994.17,67622.8,9.83811e+07
20230101T000016.200000,6,672,7380.34,-1768.16,-34.3582,0,0,0,5064.56,20864.5,405.439,87154.7,-97.1341,92153.4,3.4216e+07
20230101T000016.200000,6,673,992.193,839.532,-44.001,0,0,0,1166.76,-1299.71,68.1998,1603.08,57.7064,2702.89,1.14615e+22
20230101T000016.200000,4,521,6344.96,-5796.47,-99.7035,-0.949921,-1.26646,0.284948,1154.39,1199.38,21.2727,1380.53,-19.3616,2471.82,0
20230101T000016.200000,3,524,4691.55,-4500.38,416.213,0,0,0,2500,0,0,2500,0,2500,0
20230101T000016.200000,3,525,7380.34,-1768.16,-34.3582,0,0,0,2500,0,0,2500,0,2500,0
20230101T000016.200000,3,526,992.193,839.532,-44.001,0,0,0,2500,0,0,2500,0,2500,0
20230101T000016.300000,6,674,8012.85,-3093.96,405.521,0,0,0,15600.7,39556.5,-5196.19,102772,2006.38,118046,1.62108e+09
20230101T000016.300000,6,675,1126.82,647.63,-45.1219,0,0,0,721.58,-1138.6,79.4266,2048.23,45.6498,2702.71,1.6633e+22
20230101T000016.300000,3,527,8012.85,-3093.96,405.521,0,0,0,2500,0,0,2500,0,2500,0
20230101T000016.300000,3,528,1126.82,647.631,-45.1219,0,0,0,2500,0,0,2500,0,2500,0
20230101T000016.400000,6,676,6451.58,-5674.55,156.642,0,0,0,51579,58524.5,-1616.07,66641.8,1421.43,118118,2.67281e+09
20230101T000016.400000,6,677,1220.82,445.792,-44.9238,0,0,0,377.22,-849.137,85.675,2392.56,31.2848,2702.7,2.20677e+22
20230101T000016.400000,4,521,6346.63,-5793.54,-93.9787,-2.14321,1.18137,1.89333,1211.84,1276.95,22.1513,1445.48,-20.1923,2610.71,0
20230101T000016.400000,3,529,1220.82,445.792,-44.9238,0,0,0,2500,0,0,2500,0,2500,0
20230101T000016.500000,6,678,5386.37,-6690.62,-406.681,0,0,0,71752.3,57500.6,3502.96,46620.1,-4351.17,118044,1.50278e+09
20230101T000016.500000,6,679,1279.43,228.025,-47.1575,0,0,0,148.589,-455.131,94.252,2621.18,16.798,2702.37,2.84225e+22
20230101T000016.500000,3,530,5386.37,-6690.62,-406.681,0,0,0,2500,0,0,2500,0,2500,0
20230101T000016.500000,3,531,1279.43,228.025,-47.1575,0,0,0,2500,0,0,2500,0,2500,0
20230101T000016.600000,6,680,7205.37,-4666.32,500.932,0,0,0,35167.1,53583.8,-5771.92,83205.2,3737.99,117907,4.65134e+09
20230101T000016.600000,6,681,1299.63,5.55555,-45.5694,0,0,0,67.2921,-11.2648,92.5163,2702.47,0.39548,2702.59,1.26633e+22
20230101T000016.600000,3,532,7205.37,-4666.32,500.932,0,0,0,2500,0,0,2500,0,2500,0
20230101T000016.600000,3,533,1299.63,5.55555,-45.5694,0,0,0,2500,0,0,2500,0,2500,0
20230101T000016.700000,6,682,1280.15,-224.971,-41.8792,0,0,0,145.72,449.418,83.7499,2624.06,-14.7181,2703.1,1.68408e+22
20230101T000016.700000,6,683,1279.68,-227.445,-42.8442,0,0,0,147.59,454.17,85.6482,2622.19,-15.2227,2702.98,1.66271e+22
20230101T000016.700000,6,684,5774.75,6363.99,-42.7175,0,0,0,64830.9,-58767.4,394.478,53393,434.73,118157,1.22186e+09
20230101T000016.700000,3,534,1280.15,-224.971,-41.8792,0,0,0,2500,0,0,2500,0,2500,0
20230101T000016.700000,3,535,1279.68,-227.445,-42.8442,0,0,0,2500,0,0,2500,0,2500,0
20230101T000016.700000,3,536,5774.75,6363.99,-42.7175,0,0,0,2500,0,0,2500,0,2500,0
20230101T000016.800000,6,685,1221.74,-443.555,-42.0263,0,0,0,373.771,845.643,80.2094,2396.03,-29.1201,2703.1,5.1078e+20
20230101T000016.800000,6,686,7858.56,3457.56,-354.262,0,0,0,19349.3,-43376.7,4451.96,98854.1,1958.75,117939,1.76648e+09
20230101T000016.800000,6,687,7382.4,7722.51,50.8783,0,0,0,95451.9,-91182.9,-600.755,87235.3,-628.432,182619,7.0378e+07
20230101T000016.800000,6,688,4146.6,4996.13,407.266,0,0,0,40072.3,-32985.4,-2699.48,27705.8,-3252.52,67449.2,1.19571e+08
20230101T000016.800000,6,689,4235.99,3622,-569.333,0,0,0,21326.4,-24261,3853.79,28955.6,3295.19,49700.7,3.52879e+07
20230101T000016.800000,3,537,1221.74,-443.555,-42.0263,0,0,0,2500,0,0,2500,0,2500,0
20230101T000016.800000,3,538,7858.56,3457.56,-354.262,0,0,0,2500,0,0,2500,0,2500,0
20230101T000016.800000,3,539,7382.4,7722.51,50.8783,0,0,0,2500,0,0,2500,0,2500,0
20230101T000016.800000,3,540,4146.6,4996.13,407.266,0,0,0,2500,0,0,2500,0,2500,0
20230101T000016.800000,3,541,4235.99,3622,-569.333,0,0,0,2500,0,0,2500,0,2500,0
20230101T000016.900000,6,690,1125.66,-649.738,-43.7743,0,0,0,725.706,1141.21,76.975,2044.11,-44.4305,2702.89,2.23008e+20
20230101T000016.900000,6,691,8281.89,-1641.89,-1630.11,0,0,0,8463.46,20933.9,21588.9,109907,-4280.01,114059,1.60982e+09
20230101T000016.900000,6,692,11127.1,3591.26,160.129,0,0,0,20730.5,-63905.5,-2849.98,198108,-919.833,218734,3.29997e+07
20230101T000016.900000,6,693,3872.43,2065.06,467.782,0,0,0,7145.04,-12623.3,-2892.37,24084.6,-1542.43,30817,1.58636e+07
20230101T000016.900000,6,694,10159.7,3338.35,1082.78,0,0,0,19581.6,-53691.3,-17594.9,165339,-5781.51,182982,7.76207e+06
20230101T000016.900000,6,695,7363.65,1937.07,-513.872,0,0,0,6458.31,-22702.6,6050.2,86788.9,1591.55,92761.3,1.05405e+07
20230101T000016.900000,6,696,4821.19,2324.2,-251.818,0,0,0,8777.16,-17863.9,1939.79,37221.3,935.133,45833.3,9.65968e+06
20230101T000016.900000,6,697,8511.81,4383.3,-814.549,0,0,0,31630.6,-59237.8,11088.5,116157,5710.19,146663,5.49508e+06
20230101T000016.900000,6,698,5851.03,2796.58,407.373,0,0,0,12781.4,-26052.5,-3810.07,54836.5,-1821.08,67288.9,3.18423e+08
20230101T000016.900000,6,699,3548.38,2438.22,610.213,0,0,0,9959.17,-13535.4,-3457.09,20356.7,-2375.49,29658.7,1.2477e+07
20230101T000016.900000,6,700,4656.9,5833.24,-1323.97,0,0,0,55558.5,-42066,9858.11,36449.6,12348.3,89143.4,1.67881e+07
20230101T000016.900000,6,701,7220.54,6256.75,-1022.08,0,0,0,63625.8,-71424.8,11802.9,84161.8,10227.4,146054,5.02799e+06
20230101T000016.900000,6,702,5227.23,6799.12,257.397,0,0,0,74028,-56782.8,-2151.59,43825.2,-2798.59,117683,1.50874e+09
20230101T000016.900000,6,703,3640.62,3931.28,-6.58997,0,0,0,24757.5,-22867.7,38.333,21241.1,41.3934,45934.5,1.02141e+07
20230101T000016.900000,6,704,3058.61,4448.43,-517.583,0,0,0,31819.6,-21539.9,2529.49,15302.2,3678.88,46630.3,1.17691e+07
20230101T000016.900000,4,536,5754.76,6364.4,-36.181,-3.84348,0.0777614,1.25702,1423.45,-1234.91,8.28921,1183.1,9.13503,2543.96,0
20230101T000016.900000,3,542,1125.66,-649.738,-43.7743,0,0,0,2500,0,0,2500,0,2500,0
20230101T000016.900000,3,543,8281.89,-1641.89,-1630.11,0,0,0,2500,0,0,2500,0,2500,0
20230101T000016.900000,3,544,11127.1,3591.26,160.129,0,0,0,2500,0,0,2500,0,2500,0
20230101T000016.900000,3,545,3872.43,2065.06,467.782,0,0,0,2500,0,0,2500,0,2500,0
20230101T000016.900000,3,546,10159.7,3338.35,1082.78,0,0,0,2500,0,0,2500,0,2500,0
20230101T000016.900000,3,547,7363.65,1937.07,-513.872,0,0,0,2500,0,0,2500,0,2500,0
20230101T000016.900000,3,548,4821.19,2324.2,-251.818,0,0,0,2500,0,0,2500,0,2500,0
20230101T000016.900000,3,549,8511.81,4383.3,-814.549,0,0,0,2500,0,0,2500,0,2500,0
20230101T000016.900000,3,550,5851.03,2796.58,407.373,0,0,0,2500,0,0,2500,0,2500,0
20230101T000016.900000,3,551,3548.38,2438.22,610.213,0,0,0,2500,0,0,2500,0,2500,0
20230101T000016.900000,3,552,4656.9,5833.24,-1323.97,0,0,0,2500,0,0,2500,0,2500,0
20230101T000016.900000,3,553,7220.54,6256.75,-1022.08,0,0,0,2500,0,0,2500,0,2500,0
20230101T000016.900000,3,554,3640.62,3931.28,-6.58997,0,0,0,2500,0,0,2500,0,2500,0
20230101T000016.900000,3,555,3058.61,4448.43,-517.583,0,0,0,2500,0,0,2500,0,2500,0
20230101T000017,6,705,995.234,-835.941,-43.6841,0,0,0,1157.35,1298.14,67.9163,1612.49,-57.0458,2702.93,3.0323e+20
20230101T000017,6,706,6549.99,-5567.58,-206.214,0,0,0,49673.3,58283,2159.95,68699.1,-1835.99,118241,1.58848e+10
20230101T000017,6,707,4083.84,1199.62,-478.636,0,0,0,2698.16,-7722.28,3120.66,26718.5,916.689,28987.7,2.27124e+07
20230101T000017,6,708,9230.33,2198.02,-345.957,0,0,0,7971.79,-32404,5107.01,136332,1216.13,144048,8.55594e+06
20230101T000017,6,709,6052.11,2382.53,-176.197,0,0,0,9180.67,-23032.2,1704.57,58620.1,671.035,67687.2,3.89507e+07
20230101T000017,6,710,2710.35,3386,-311.747,0,0,0,18429.6,-14576.7,1349.05,11887.2,1685.35,30098,1.58574e+07
20230101T000017,6,711,8820.71,6027.33,77.1505,0,0,0,58176,-85030.2,-1088.45,124511,-743.757,182614,3.65336e+07
20230101T000017,6,712,4640.98,6045.97,0.0265956,0,0,0,58509.8,-44863.9,-0.197352,34502.2,-0.257097,92948,9.37574e+06
20230101T000017,6,713,5388.68,7583.43,1539.75,0,0,0,93307.1,-63563,-13269.6,49022.5,-18674.1,138476,2.03081e+07
20230101T000017,6,714,3294,4130.15,894.745,0,0,0,27815.2,-21112.8,-4709.09,18181.6,-5904.45,44655.5,1.14524e+07
20230101T000017,4,550,5867.09,2785.85,386.923,1.59044,-1.06285,-2.02477,510.979,-918.98,-133.886,1994.44,-63.9927,2424.7,0
20230101T000017,3,556,995.234,-835.941,-43.6842,0,0,0,2500,0,0,2500,0,2500,0
20230101T000017,3,557,6549.99,-5567.58,-206.214,0,0,0,2500,0,0,2500,0,2500,0
20230101T000017,3,558,4083.84,1199.62,-478.636,0,0,0,2500,0,0,2500,0,2500,0
20230101T000017,3,559,9230.33,2198.02,-345.957,0,0,0,2500,0,0,2500,0,2500,0
20230101T000017,3,560,2710.35,3386,-311.747,0,0,0,2500,0,0,2500,0,2500,0
20230101T000017,3,561,8820.71,6027.33,77.1505,0,0,0,2500,0,0,2500,0,2500,0
20230101T000017,3,562,4640.98,6045.97,0.0265956,0,0,0,2500,0,0,2500,0,2500,0
20230101T000017,3,563,5388.68,7583.43,1539.75,0,0,0,2500,0,0,2500,0,2500,0
20230101T000017,3,564,3294,4130.15,894.745,0,0,0,2500,0,0,2500,0,2500,0
20230101T000017.100000,6,715,7251.16,-7843.19,-211.025,0,0,0,98487.3,90928.1,2447.42,84199.8,-2647.24,182552,6.34545e+07
20230101T000017.100000,6,716,6125.48,-2211.13,-163.566,0,0,0,7917.01,21636.7,1601.57,60046.7,-578.121,67857,3.54336e+07
20230101T000017.100000,6,717,8578.54,457.13,-192.225,0,0,0,457.089,-6267.88,2636.98,117746,140.519,118080,1.65384e+09
20230101T000017.100000,6,718,832.67,982.589,179.978,0,0,0,1592.67,-1252.55,-234.108,1176.04,-276.259,2655.34,2.51334e+21
20230101T000017.100000,3,565,7251.16,-7843.19,-211.025,0,0,0,2500,0,0,2500,0,2500,0
20230101T000017.100000,3,566,6125.48,-2211.13,-163.566,0,0,0,2500,0,0,2500,0,2500,0
20230101T000017.100000,3,567,8578.54,457.13,-192.225,0,0,0,2500,0,0,2500,0,2500,0
20230101T000017.100000,3,568,832.67,982.589,179.978,0,0,0,2500,0,0,2500,0,2500,0
20230101T000017.200000,6,719,5207.67,-3911.14,143.182,0,0,0,24537.1,32542.2,-1191.91,43426.6,895.166,67867,7.566e+07
20230101T000017.200000,6,720,7903.87,-3399.4,1019.97,0,0,0,19947.5,42362.4,-12891.9,100224,5544.72,118444,6.17027e+07
20230101T000017.200000,6,721,5700.37,-3149.9,145.747,0,0,0,15950,28687.5,-1328.05,52013.7,733.851,67865.8,7.18364e+07
20230101T000017.200000,6,722,8379.16,1670.1,971.219,0,0,0,5975.13,-22089.1,-13013.8,112397,-2593.85,116800,1.09192e+10
20230101T000017.200000,6,723,992.052,819.816,186.904,0,0,0,1145.81,-1243.06,-289.653,1622.78,-239.365,2651.35,1.12383e+22
20230101T000017.200000,3,569,5207.67,-3911.14,143.182,0,0,0,2500,0,0,2500,0,2500,0
20230101T000017.200000,3,570,7903.87,-3399.4,1019.97,0,0,0,2500,0,0,2500,0,2500,0
20230101T000017.200000,3,571,5700.37,-3149.9,145.747,0,0,0,2500,0,0,2500,0,2500,0
20230101T000017.200000,3,572,8379.16,1670.1,971.219,0,0,0,2500,0,0,2500,0,2500,0
20230101T000017.200000,3,573,992.052,819.816,186.904,0,0,0,2500,0,0,2500,0,2500,0
20230101T000017.300000,6,724,7832.53,-7265.09,96.6794,0,0,0,84492.9,91007.2,-1211.17,98194.2,1123.42,182608,3.21697e+08
20230101T000017.300000,6,725,6313.7,-5830.48,-53.5524,0,0,0,54428.2,58864.9,540.689,63812.1,-499.307,118172,2.24748e+09
20230101T000017.300000,6,726,5275.13,-3792.36,477.867,0,0,0,23294.1,31805,-4029.5,44669.3,2896.86,67534.7,8.9045e+07
20230101T000017.300000,6,727,7961.91,-3220.29,291.545,0,0,0,16764.2,40953.9,-3711.99,101455,1501.36,118020,2.43409e+09
20230101T000017.300000,6,728,1115.12,642.428,187.008,0,0,0,749.412,-1094.9,-325.766,2019.15,-187.676,2651.26,9.136e+21
20230101T000017.300000,4,557,6541.32,-5570.66,-202.666,-2.38638,-0.848498,0.976638,1154.44,1282.82,47.5142,1573.2,-40.3877,2662.15,0
20230101T000017.300000,4,565,7259.67,-7835.44,-206.706,1.63727,1.49109,0.830509,1411.37,1246.19,33.5294,1215.56,-36.267,2562.53,0
20230101T000017.300000,4,569,5210.38,-3907.09,155.194,0.26879,0.401431,1.18929,918.582,1138.45,-41.6782,1579.41,31.3018,2433.32,0
20230101T000017.300000,4,570,7844.13,-3369.44,996.962,-5.91433,2.96627,-2.27822,466.803,862.549,-258.881,2101.32,111.343,2439.6,0
20230101T000017.300000,3,574,1115.12,642.428,187.008,0,0,0,2500,0,0,2500,0,2500,0
20230101T000017.400000,6,729,7170.15,-7811.48,1307.34,0,0,0,98910.1,88221.5,-14992.9,83776.1,16333.9,179890,8.21236e+08
20230101T000017.400000,6,730,6063.49,-6071.36,459.433,0,0,0,59178.8,58701.1,-4454.81,59026.5,4460.6,117804,2.89951e+09
20230101T000017.400000,6,731,1210.95,437.455,182.762,0,0,0,408.955,-810.45,-345.729,2359.63,-124.895,2653.67,1.13573e+22
20230101T000017.400000,4,557,6530.3,-5582.86,-187.047,-7.49619,-3.87888,6.39926,1185.36,1347.38,49.3827,1622.09,-41.9985,2767.25,0
20230101T000017.400000,3,575,7170.15,-7811.48,1307.34,0,0,0,2500,0,0,2500,0,2500,0
20230101T000017.400000,3,576,1210.95,437.455,182.762,0,0,0,2500,0,0,2500,0,2500,0
20230101T000017.500000,6,732,6191.16,-5896.33,856.573,0,0,0,56275.6,57790.3,-8480.49,61917.2,8076.65,116956,1.3137e+09
20230101T000017.500000,6,733,1267.78,221.059,187.146,0,0,0,193.396,-428.317,-370.637,2575.13,-64.6266,2651.14,3.01885e+21
20230101T000017.500000,3,577,6191.16,-5896.33,856.573,0,0,0,2500,0,0,2500,0,2500,0
20230101T000017.500000,3,578,1267.78,221.059,187.146,0,0,0,2500,0,0,2500,0,2500,0
20230101T000017.600000,6,734,1287.97,0.338387,179.702,0,0,0,114.446,-0.667262,-361.561,2654.18,-0.0949927,2655.4,4.06665e+21
20230101T000017.600000,6,735,6200.97,5948.65,-25.4208,0,0,0,56652.2,-58987.4,252.077,61554.5,241.82,118142,2.22555e+09
20230101T000017.600000,3,579,1287.97,0.338387,179.702,0,0,0,2500,0,0,2500,0,2500,0
20230101T000017.600000,3,580,6200.97,5948.65,-25.4208,0,0,0,2500,0,0,2500,0,2500,0
20230101T000017.700000,6,736,1268.62,-222.117,180.043,0,0,0,190.166,431.377,-356.805,2578.44,62.4715,2655.19,4.6003e+21
20230101T000017.700000,6,737,5994.65,6150.68,257.149,0,0,0,60612.1,-58909.1,-2465.1,57584.4,-2529.26,118027,2.1298e+09
20230101T000017.700000,4,580,6196.54,5952.78,-19.5058,-0.438646,0.4084,0.585636,1217.28,-1203.82,5.14438,1317.32,4.93505,2472.14,0
20230101T000017.700000,3,581,1268.62,-222.117,180.043,0,0,0,2500,0,0,2500,0,2500,0
20230101T000017.800000,6,738,1211.62,-436.742,179.976,0,0,0,406.612,810.108,-340.649,2362.03,122.79,2655.26,1.64008e+21
20230101T000017.800000,6,739,8343.22,2071.12,209.568,0,0,0,6989.71,-27616.3,-2796.04,111383,-694.088,118238,1.7392e+09
20230101T000017.800000,6,740,7197.4,7763.2,1438.64,0,0,0,97987.4,-87717.4,-16561.4,84698.6,-17863.3,179313,1.58995e+08
20230101T000017.800000,6,741,5713.56,6415.7,127.96,0,0,0,65897.7,-58605.6,-1169.14,52282,-1312.82,118090,1.6207e+09
20230101T000017.800000,6,742,5770.34,6307.28,1410.22,0,0,0,65129.1,-56616.6,-13013,55041.1,-14223.9,116928,3.90175e+07
20230101T000017.800000,4,580,6186.47,5962.75,-16.3431,-3.0979,1.65679,1.1917,1214.82,-1226.6,4.52857,1314.7,4.32062,2492.36,0
20230101T000017.800000,3,582,1211.62,-436.742,179.976,0,0,0,2500,0,0,2500,0,2500,0
20230101T000017.800000,3,583,8343.22,2071.12,209.568,0,0,0,2500,0,0,2500,0,2500,0
20230101T000017.800000,3,584,7197.4,7763.2,1438.64,0,0,0,2500,0,0,2500,0,2500,0
20230101T000017.800000,3,585,5770.34,6307.28,1410.22,0,0,0,2500,0,0,2500,0,2500,0
20230101T000017.900000,6,743,6898.14,-5086.05,700.405,0,0,0,41938.3,55729.6,-7726.21,76433.8,5696.59,117524,2.72697e+09
20230101T000017.900000,6,744,1113.86,-645.292,184.672,0,0,0,754.049,1099.15,-321.333,2014.56,186.158,2652.62,1.7412e+19
20230101T000017.900000,6,745,3680.15,2300.61,268.183,0,0,0,8597.07,-13466.2,-1575.79,21719.9,-985.087,30138.3,2.06526e+06
20230101T000017.900000,6,746,3757.45,2311.58,100.772,0,0,0,8607.66,-13861.3,-604.592,22611.5,-371.945,31139,1.34446e+07
20230101T000017.900000,6,747,10531.5,5113.55,-195.601,0,0,0,41938.7,-86115.9,3294.98,177483,1599.87,219296,2.39922e+08
20230101T000017.900000,6,748,7367.84,4534.47,-470.141,0,0,0,33201,-53268.4,5539.33,86970.7,3409.13,119754,1.45905e+06
20230101T000017.900000,6,749,7236.21,2146.76,1058.81,0,0,0,9080.07,-24348.9,-12250.5,83930.7,-3634.33,91155.5,821912
20230101T000017.900000,6,750,5268.18,1287.52,-4.38454,0,0,0,2712.76,-10837.9,36.9074,44409.6,9.02002,47058.3,1.33945e+06
20230101T000017.900000,6,751,5835.27,2634.01,1043.32,0,0,0,12599.4,-23915.7,-9731.65,54785.9,-4392.81,65583,7.7127e+08
20230101T000017.900000,6,752,5503.68,3575.91,-62.203,0,0,0,20508.7,-31457,547.245,48485.7,355.561,68924.2,3.09964e+07
20230101T000017.900000,6,753,6458.58,9678.92,-28.0086,0,0,0,149911,-99989.2,289.348,66786.3,433.621,216632,1.2386e+07
20230101T000017.900000,6,754,2406.36,3641.65,-955.924,0,0,0,21681.6,-13320.4,3673.11,10325.1,5558.67,30486.5,2.42144e+07
20230101T000017.900000,6,755,5838.5,4725.08,289.158,0,0,0,35841.7,-44043.2,-2699.29,54619.1,-2184.53,90263.3,1.12159e+07
20230101T000017.900000,6,756,4809.8,7083.79,-748.101,0,0,0,80590.7,-54069,5754.03,37671.1,8474.43,117303,2.5704e+09
20230101T000017.900000,6,757,5223.82,7985.7,-1377.4,0,0,0,102963,-65326,11507.5,45831.1,17591.7,145697,2.95783e+08
20230101T000017.900000,3,586,6898.14,-5086.05,700.405,0,0,0,2500,0,0,2500,0,2500,0
20230101T000017.900000,3,587,1113.86,-645.292,184.672,0,0,0,2500,0,0,2500,0,2500,0
20230101T000017.900000,3,588,3680.15,2300.61,268.183,0,0,0,2500,0,0,2500,0,2500,0
20230101T000017.900000,3,589,3757.45,2311.58,100.772,0,0,0,2500,0,0,2500,0,2500,0
20230101T000017.900000,3,590,10531.5,5113.55,-195.601,0,0,0,2500,0,0,2500,0,2500,0
20230101T000017.900000,3,591,7367.84,4534.47,-470.141,0,0,0,2500,0,0,2500,0,2500,0
20230101T000017.900000,3,592,7236.21,2146.76,1058.81,0,0,0,2500,0,0,2500,0,2500,0
20230101T000017.900000,3,593,5268.18,1287.52,-4.38454,0,0,0,2500,0,0,2500,0,2500,0
20230101T000017.900000,3,594,5835.27,2634.01,1043.32,0,0,0,2500,0,0,2500,0,2500,0
20230101T000017.900000,3,595,5503.68,3575.91,-62.203,0,0,0,2500,0,0,2500,0,2500,0
20230101T000017.900000,3,596,6458.58,9678.92,-28.0086,0,0,0,2500,0,0,2500,0,2500,0
20230101T000017.900000,3,597,2406.36,3641.65,-955.924,0,0,0,2500,0,0,2500,0,2500,0
20230101T000017.900000,3,598,5838.5,4725.08,289.158,0,0,0,2500,0,0,2500,0,2500,0
20230101T000017.900000,3,599,4809.8,7083.79,-748.101,0,0,0,2500,0,0,2500,0,2500,0
20230101T000017.900000,3,600,5223.82,7985.7,-1377.4,0,0,0,2500,0,0,2500,0,2500,0
20230101T000018,6,758,988.898,-824.114,184.704,0,0,0,1155.88,1246.26,-285.333,1612.74,237.787,2652.62,8.0361e+20
20230101T000018,6,759,8582.64,-390.103,171.591,0,0,0,354.344,5351.95,-2355.05,117859,107.043,118102,2.88104e+09
20230101T000018,6,760,3856.97,2007.48,-45.1803,0,0,0,6500.9,-12360.9,278.225,23816.2,144.811,30249.9,1.98689e+07
20230101T000018,6,761,4337.21,1163.12,578.024,0,0,0,2721.99,-7921.99,-4003.39,30138.2,-1073.6,32263.7,2.10205e+07
20230101T000018,6,762,10768.3,4086.74,2019.15,0,0,0,32478.5,-68227,-34778.2,186358,-13198.9,212253,3.80257e+07
20230101T000018,6,763,6989.18,2061.28,1515.34,0,0,0,10234.6,-22037.2,-16933.3,78456.7,-4994.05,84958.6,7.12586e+06
20230101T000018,6,764,8313.95,2339.31,687.96,0,0,0,9516.42,-30904.2,-9146.58,110655,-2573.59,119351,1.75549e+07
20230101T000018,6,765,4940.73,1986.8,592.364,0,0,0,6853.51,-15489.8,-4676.21,39144.3,-1880.43,45374,1.31747e+07
20230101T000018,6,766,5202.35,1835.13,-478.397,0,0,0,5770.47,-15140.4,3976.86,43350.6,1402.84,48691.9,6.27481e+06
20230101T000018,6,767,8338.38,4901.53,174.13,0,0,0,38523.6,-65344.2,-2322.15,111275,-1365.02,149686,1.63531e+07
20230101T000018,6,768,6102.81,2017.72,259.894,0,0,0,6668.95,-19650.8,-2535.28,59607.8,-838.219,66104.9,5.43295e+06
20230101T000018,6,769,2261.78,2589.61,-314.522,0,0,0,10825.7,-9261.54,1134.39,8310.83,1298.81,18915.3,5.42913e+07
20230101T000018,6,770,2803.11,3262.19,-639.502,0,0,0,17331.5,-14276.4,2862.08,12984.3,3330.82,29600.2,2.02515e+07
20230101T000018,6,771,6662.78,8187,1154.23,0,0,0,108118,-86202.5,-12300.2,72348.5,-15114.1,178272,2.7224e+07
20230101T000018,6,772,7083.83,6423.17,943.353,0,0,0,66827.6,-72061,-10687.5,80960.2,-9690.71,146301,8.33388e+06
20230101T000018,6,773,4360.56,4829.68,78.9436,0,0,0,37354.5,-33659.4,-550.261,30463.9,-609.46,67744.5,2.72678e+07
20230101T000018,4,583,8403.29,2091.93,221.305,11.5513,4.00213,2.25723,207.898,-579.928,-58.6811,2400.1,-14.567,2542.62,0
20230101T000018,4,584,7147.77,7724.02,1426.19,-9.54382,-7.53434,-2.39383,1428.04,-1224.01,-226.889,1242.61,-244.725,2518.15,0
20230101T000018,4,589,3716.64,2258.65,88.3492,-4.04038,-5.24059,-1.23003,687.402,-1013.98,-44.2057,1711.81,-27.1953,2334.52,0
20230101T000018,3,601,988.898,-824.114,184.704,0,0,0,2500,0,0,2500,0,2500,0
20230101T000018,3,602,8582.64,-390.103,171.591,0,0,0,2500,0,0,2500,0,2500,0
20230101T000018,3,603,4337.21,1163.12,578.024,0,0,0,2500,0,0,2500,0,2500,0
20230101T000018,3,604,10768.3,4086.74,2019.14,0,0,0,2500,0,0,2500,0,2500,0
20230101T000018,3,605,6989.18,2061.28,1515.34,0,0,0,2500,0,0,2500,0,2500,0
20230101T000018,3,606,4940.73,1986.8,592.364,0,0,0,2500,0,0,2500,0,2500,0
20230101T000018,3,607,5202.35,1835.13,-478.397,0,0,0,2500,0,0,2500,0,2500,0
20230101T000018,3,608,8338.38,4901.53,174.13,0,0,0,2500,0,0,2500,0,2500,0
20230101T000018,3,609,6102.81,2017.72,259.894,0,0,0,2500,0,0,2500,0,2500,0
20230101T000018,3,610,2261.78,2589.61,-314.522,0,0,0,2500,0,0,2500,0,2500,0
20230101T000018,3,611,2803.11,3262.19,-639.502,0,0,0,2500,0,0,2500,0,2500,0
20230101T000018,3,612,7083.83,6423.17,943.353,0,0,0,2500,0,0,2500,0,2500,0
20230101T000018,3,613,4360.56,4829.68,78.9436,0,0,0,2500,0,0,2500,0,2500,0
20230101T000018.100000,6,774,7296.14,1203.4,-1200.66,0,0,0,4623.25,-13667.9,14006.3,85236.5,2310.16,87492.5,2.8739e+08
20230101T000018.100000,6,775,7932.81,690.114,-526.076,0,0,0,1264.74,-8715.53,6673.03,100691,580.519,101450,2.27763e+08
20230101T000018.100000,6,776,938.367,1126.31,-315.904,0,0,0,2120.2,-1582.43,465.858,1539.21,559.163,3441.41,2.36162e+21
20230101T000018.100000,3,614,7296.14,1203.4,-1200.66,0,0,0,2500,0,0,2500,0,2500,0
20230101T000018.100000,3,615,7932.81,690.114,-526.076,0,0,0,2500,0,0,2500,0,2500,0
20230101T000018.100000,3,616,938.367,1126.31,-315.904,0,0,0,2500,0,0,2500,0,2500,0
20230101T000018.200000,6,777,5689.03,-4818.78,791.489,0,0,0,37773.6,43337.2,-7199.35,52229.2,6098.08,88937.9,1.35938e+08
20230101T000018.200000,6,778,5081.22,-6116.52,-645.801,0,0,0,60157.4,49367.8,5247.03,41742.5,-6316.12,101169,5.01957e+08
20230101T000018.200000,6,779,3925.06,-4497.88,-820.612,0,0,0,32862.5,27682.3,5147.84,25297.1,-5899.12,57020.5,5.62752e+06
20230101T000018.200000,6,780,9173.07,-4958.53,-766.469,0,0,0,40116,72356.1,11245.3,134859,-6078.67,173972,8.71139e+06
20230101T000018.200000,6,781,7790.02,-1748.87,-330.818,0,0,0,5121.18,21746.8,4120.74,97106.5,-925.11,101989,4.9349e+08
20230101T000018.200000,6,782,6282.68,-2794.65,-632.815,0,0,0,13084,27831.2,6355.9,63271.6,-2827.22,75652,3.36045e+06
20230101T000018.200000,6,783,4936.24,-3007.21,-1316.29,0,0,0,16535.5,22492.1,10384.2,39753.1,-6326.19,53458.8,2.80209e+06
20230101T000018.200000,6,784,8627.68,-2441.38,-382.213,0,0,0,9812.09,33623.5,5273.56,119121,-1492.26,128636,3.92564e+07
20230101T000018.200000,6,785,8123.84,-5227.55,-509.7,0,0,0,44062.8,67730.3,6622.32,105735,-4261.35,149319,2.16592e+06
20230101T000018.200000,6,786,1127.25,937.861,-313.983,0,0,0,1536.71,-1583.89,556.227,2122.66,462.776,3443.25,2.05323e+20
20230101T000018.200000,3,617,5689.03,-4818.78,791.489,0,0,0,2500,0,0,2500,0,2500,0
20230101T000018.200000,3,618,5081.22,-6116.52,-645.801,0,0,0,2500,0,0,2500,0,2500,0
20230101T000018.200000,3,619,3925.06,-4497.88,-820.612,0,0,0,2500,0,0,2500,0,2500,0
20230101T000018.200000,3,620,9173.07,-4958.53,-766.469,0,0,0,2500,0,0,2500,0,2500,0
20230101T000018.200000,3,621,7790.02,-1748.87,-330.818,0,0,0,2500,0,0,2500,0,2500,0
20230101T000018.200000,3,622,6282.68,-2794.65,-632.815,0,0,0,2500,0,0,2500,0,2500,0
20230101T000018.200000,3,623,4936.24,-3007.21,-1316.29,0,0,0,2500,0,0,2500,0,2500,0
20230101T000018.200000,3,624,8627.68,-2441.38,-382.213,0,0,0,2500,0,0,2500,0,2500,0
20230101T000018.200000,3,625,8123.84,-5227.55,-509.7,0,0,0,2500,0,0,2500,0,2500,0
20230101T000018.200000,3,626,1127.25,937.861,-313.983,0,0,0,2500,0,0,2500,0,2500,0
20230101T000018.300000,6,787,3035.9,-3052.13,-613.202,0,0,0,15235.2,14493.4,2972.29,15080.7,-2988.18,29652.8,7.8539e+07
20230101T000018.300000,6,788,4431.93,-7020.38,-1751.41,0,0,0,80273.2,47539.1,12412.5,34980.4,-19661.9,110287,3.79826e+07
20230101T000018.300000,6,789,5234.18,-5872.33,-1012.06,0,0,0,55928.2,48333.6,8470.33,44783,-9503.03,99010.4,1.47763e+07
20230101T000018.300000,6,790,3446.26,-4009.06,-765.262,0,0,0,26140.8,21611.8,4213.75,19577.6,-4901.88,44720.1,3.93791e+07
20230101T000018.300000,6,791,5678.17,-6805.08,-1505.67,0,0,0,75608.9,60009.7,13672.3,53761.6,-16385.8,125683,1.7899e+07
20230101T000018.300000,6,792,7368.17,-3059.71,-282.592,0,0,0,15142.4,36003.2,3329.41,86892.2,-1382.57,101843,3.46114e+08
20230101T000018.300000,6,793,6852.54,-2985.09,-566.05,0,0,0,14741.6,32517.7,6201.8,75223.7,-2701.61,89389.3,1.47589e+08
20230101T000018.300000,6,794,1268.65,733.758,-317.77,0,0,0,1028.31,-1392.89,633.547,2630.96,366.43,3439.46,3.92403e+20
20230101T000018.300000,4,618,5056.94,-6076.75,-651.142,-2.40382,3.93767,-0.528847,1489.51,1172.46,123.813,1052.16,-149.04,2448.17,0
20230101T000018.300000,3,627,3035.9,-3052.13,-613.202,0,0,0,2500,0,0,2500,0,2500,0
20230101T000018.300000,3,628,4431.93,-7020.38,-1751.41,0,0,0,2500,0,0,2500,0,2500,0
20230101T000018.300000,3,629,3446.26,-4009.06,-765.262,0,0,0,2500,0,0,2500,0,2500,0
20230101T000018.300000,3,630,5678.17,-6805.08,-1505.67,0,0,0,2500,0,0,2500,0,2500,0
20230101T000018.300000,3,631,7368.17,-3059.71,-282.592,0,0,0,2500,0,0,2500,0,2500,0
20230101T000018.300000,3,632,6852.54,-2985.09,-566.05,0,0,0,2500,0,0,2500,0,2500,0
20230101T000018.300000,3,633,1268.65,733.758,-317.77,0,0,0,2500,0,0,2500,0,2500,0
20230101T000018.400000,6,795,5247.25,-5219.2,-1194.75,0,0,0,44763.5,42645.2,10023.5,45220.6,-9969.94,87639.5,1.23536e+08
20230101T000018.400000,6,796,5697.98,-5555.92,692.549,0,0,0,49815.1,50236.7,-6309.85,52352.2,6152.53,101337,3.49143e+08
20230101T000018.400000,6,797,1379.64,496.966,-313.768,0,0,0,588.759,-1027.28,680.299,3070.57,245.054,3443.41,4.53066e+20
20230101T000018.400000,3,634,5247.25,-5219.2,-1194.75,0,0,0,2500,0,0,2500,0,2500,0
20230101T000018.400000,3,635,5697.98,-5555.92,692.549,0,0,0,2500,0,0,2500,0,2500,0
20230101T000018.400000,3,636,1379.64,496.966,-313.768,0,0,0,2500,0,0,2500,0,2500,0
20230101T000018.500000,6,798,8211.11,-5781.42,352.583,0,0,0,53655.4,75831.3,-4630.32,107963,3260.19,161356,6.20622e+06
20230101T000018.500000,6,799,3711.93,-4680.54,-790.27,0,0,0,35462,27281.1,4688.32,22697.6,-5911.7,57098.6,4.31685e+06
20230101T000018.500000,6,800,5412.93,-5741.35,1214.59,0,0,0,53881.1,48514.7,-10512.6,48162.3,11150.4,99622,5.08557e+08
20230101T000018.500000,6,801,3265.04,-3773.53,-651.739,0,0,0,23101.2,19345.7,3399.34,17481.4,-3928.75,39841.1,3.29487e+06
20230101T000018.500000,6,802,3998.74,-5014.03,1046.42,0,0,0,40930.1,31195.3,-6688.65,26692.9,8386.91,65810.3,2.89204e+06
20230101T000018.500000,6,803,7842.49,-5269.03,1416.38,0,0,0,46675,64601,-17764.9,99425.2,11935.5,142829,1.3381e+07
20230101T000018.500000,6,804,1444.02,254.175,-314.667,0,0,0,316.375,-549.762,714.087,3342.92,125.693,3442.51,5.28889e+19
20230101T000018.500000,6,805,1445.89,236.249,-320.02,0,0,0,308.399,-510.745,727.174,3350.81,118.816,3437.17,4.90535e+19
20230101T000018.500000,6,806,7197.84,1827.62,-987.059,0,0,0,6867.85,-20661.1,11359.4,82992.5,2884.3,88239.7,3.64844e+09
20230101T000018.500000,4,619,3915.54,-4506.44,-819.253,-2.62017,-2.35472,0.374025,1523.81,1234.06,225.347,1186.55,-258.234,2555.8,0
20230101T000018.500000,4,635,5688.17,-5557.71,704.804,-0.971501,-0.17801,1.21339,1241.96,1191.19,-148.511,1302.12,144.808,2446.01,0
20230101T000018.500000,3,637,8211.11,-5781.42,352.583,0,0,0,2500,0,0,2500,0,2500,0
20230101T000018.500000,3,638,3265.04,-3773.53,-651.739,0,0,0,2500,0,0,2500,0,2500,0
20230101T000018.500000,3,639,3998.74,-5014.03,1046.42,0,0,0,2500,0,0,2500,0,2500,0
20230101T000018.500000,3,640,7842.49,-5269.03,1416.38,0,0,0,2500,0,0,2500,0,2500,0
20230101T000018.500000,3,641,1444.02,254.175,-314.667,0,0,0,2500,0,0,2500,0,2500,0
20230101T000018.500000,3,642,1445.89,236.249,-320.02,0,0,0,2500,0,0,2500,0,2500,0
20230101T000018.500000,3,643,7197.84,1827.62,-987.059,0,0,0,2500,0,0,2500,0,2500,0
20230101T000018.600000,6,807,5704.45,-5528.02,-918.17,0,0,0,49622.5,49749.2,8375,52749,-8115.97,100960,2.53293e+08
20230101T000018.600000,6,808,1466.4,2.84049,-313.821,0,0,0,218.784,-6.24071,723.204,3440.53,1.40088,3443.34,4.96791e+20
20230101T000018.600000,6,809,6051.99,4402.39,-340.258,0,0,0,31172.6,-42510.7,3292.43,58688.7,2395.01,89612.3,1.0592e+08
20230101T000018.600000,3,644,5704.45,-5528.02,-918.17,0,0,0,2500,0,0,2500,0,2500,0
20230101T000018.600000,3,645,1466.4,2.84049,-313.821,0,0,0,2500,0,0,2500,0,2500,0
20230101T000018.600000,3,646,6051.99,4402.39,-340.258,0,0,0,2500,0,0,2500,0,2500,0
20230101T000018.700000,6,810,1443.01,-261.79,-313.037,0,0,0,320.707,566.137,709.892,3338.61,-128.788,3444.11,6.59146e+19
20230101T000018.700000,6,811,7208.02,-1722.78,-1095.41,0,0,0,6624.1,19420.2,12624.1,83235.9,-3017.27,87878.9,4.17862e+09
20230101T000018.700000,6,812,1441.94,-263.579,-316.488,0,0,0,325.411,568.937,717.181,3333.85,-131.097,3440.7,6.78794e+19
20230101T000018.700000,6,813,5368.97,5715.42,-1461.26,0,0,0,53896.2,-47361.8,12544.8,47969.2,13354.3,98389.3,3.33716e+08
20230101T000018.700000,6,814,4412.84,5383.77,763.871,0,0,0,46776.6,-37523.6,-5388.94,31753.3,-6574.64,77533.8,3.31457e+06
20230101T000018.700000,6,815,4134.36,4377.7,-230.879,0,0,0,30733.1,-28883.9,1525.58,27427.5,1615.37,58011.5,2.30984e+06
20230101T000018.700000,6,816,6106.63,7408.66,-880.652,0,0,0,88349,-71746.9,8600.8,60442.1,10434.6,147487,1.54049e+06
20230101T000018.700000,6,817,4862.3,7449,-1734.02,0,0,0,90236.1,-55720.6,13483.5,41243.9,20656.7,126610,1.13791e+07
20230101T000018.700000,6,818,4382.91,3358.83,411.51,0,0,0,18261.6,-23392.8,-2882.01,30859.7,-2208.62,48787,3.07532e+06
20230101T000018.700000,6,819,3876.37,3053.54,-21.0409,0,0,0,14958.5,-18907.2,130.285,24066.8,102.63,38960.6,4.87878e+06
20230101T000018.700000,6,820,3372.47,3734.61,62.4644,0,0,0,22347.2,-20116.8,-336.523,18236.4,-372.658,40513.4,7.78514e+06
20230101T000018.700000,3,647,1443.01,-261.79,-313.037,0,0,0,2500,0,0,2500,0,2500,0
20230101T000018.700000,3,648,7208.02,-1722.78,-1095.41,0,0,0,2500,0,0,2500,0,2500,0
20230101T000018.700000,3,649,1441.94,-263.579,-316.488,0,0,0,2500,0,0,2500,0,2500,0
20230101T000018.700000,3,650,5368.97,5715.42,-1461.26,0,0,0,2500,0,0,2500,0,2500,0
20230101T000018.700000,3,651,4412.84,5383.77,763.871,0,0,0,2500,0,0,2500,0,2500,0
20230101T000018.700000,3,652,4134.36,4377.7,-230.879,0,0,0,2500,0,0,2500,0,2500,0
20230101T000018.700000,3,653,6106.63,7408.67,-880.652,0,0,0,2500,0,0,2500,0,2500,0
20230101T000018.700000,3,654,4862.3,7449,-1734.02,0,0,0,2500,0,0,2500,0,2500,0
20230101T000018.700000,3,655,4382.91,3358.83,411.51,0,0,0,2500,0,0,2500,0,2500,0
20230101T000018.700000,3,656,3876.37,3053.54,-21.0409,0,0,0,2500,0,0,2500,0,2500,0
20230101T000018.700000,3,657,3372.47,3734.61,62.4644,0,0,0,2500,0,0,2500,0,2500,0
20230101T000018.800000,6,821,1378.4,-500.921,-312.928,0,0,0,593.948,1034.81,677.867,3065.39,-246.343,3444.24,2.54917e+20
20230101T000018.800000,6,822,5118.18,5434.38,-628.626,0,0,0,47579,-44155.3,5144.2,42281.9,5462.01,89165.6,2.3332e+07
20230101T000018.800000,6,823,5769.22,6101.08,-1219.89,0,0,0,60710.7,-55097.6,11254.2,54544.3,11901.6,112813,1.12989e+07
20230101T000018.800000,6,824,5459.9,5813.92,-183.784,0,0,0,54137.9,-50730.6,1604.5,47759.5,1708.54,101779,7.98763e+08
20230101T000018.800000,3,658,1378.4,-500.921,-312.928,0,0,0,2500,0,0,2500,0,2500,0
20230101T000018.800000,3,659,5118.18,5434.38,-628.626,0,0,0,2500,0,0,2500,0,2500,0
20230101T000018.800000,3,660,5769.22,6101.08,-1219.89,0,0,0,2500,0,0,2500,0,2500,0
20230101T000018.800000,3,661,5459.9,5813.92,-183.784,0,0,0,2500,0,0,2500,0,2500,0
20230101T000018.900000,6,825,1267.21,-737.709,-314.343,0,0,0,1034.52,1400.39,626.006,2624.82,-364.43,3442.87,8.82227e+18
20230101T000018.900000,6,826,7196.02,-3378.08,-698.826,0,0,0,18950.6,38569,8040.97,83005,-3774.73,101111,3.95804e+08
20230101T000018.900000,6,827,6544.72,-3459.85,-1148.67,0,0,0,20851.8,35332,12019.8,69008.1,-6354.23,87687.8,9.15471e+08
20230101T000018.900000,6,828,3871.55,753.555,-483.928,0,0,0,1330.32,-4585.79,2990.09,23998.2,581.988,24891.8,1.80377e+06
20230101T000018.900000,6,829,3420.9,1956.24,-956.714,0,0,0,7272.11,-10050.2,5223.78,19099.9,2987.21,24850.7,1.19784e+06
20230101T000018.900000,6,830,5658.08,1562.43,-894.598,0,0,0,5153.77,-13799.9,8089.54,51317.3,2233.85,55129.4,6.29743e+06
20230101T000018.900000,6,831,5680.06,1990.2,-101.484,0,0,0,6409.12,-18062,921.277,51629.7,322.801,57958.4,9.50009e+06
20230101T000018.900000,6,832,8435.73,4298.62,185.766,0,0,0,29659.6,-57970.9,-2506.2,113883,-1277.09,143423,3.02218e+07
20230101T000018.900000,6,833,8601.57,2536.16,-332.301,0,0,0,10512.7,-34838.6,4571.03,118398,1347.76,128671,4.6919e+06
20230101T000018.900000,6,834,9155.87,2027.91,-1857.13,0,0,0,11898.8,-28529.5,27193.9,134389,6023.1,140710,3.87099e+06
20230101T000018.900000,6,835,15.656,3.48347,-2.82699,0,0,0,59.1752,13.0749,-10.6087,3.32076,-2.36043,2.33998,1.26698e+07
20230101T000018.900000,6,836,1921.75,2880.95,-200.92,0,0,0,13319.4,-8799.08,615.733,5997.83,923.065,19189,2.78681e+06
20230101T000018.900000,6,837,6245.67,8750.31,-2049.09,0,0,0,124797,-84236.6,20469.9,66905.1,28678.7,184924,480029
20230101T000018.900000,6,838,5933.39,9028.46,-2281.51,0,0,0,132952,-81860.5,21652.2,62187.3,32946.8,186752,1.66042e+06
20230101T000018.900000,6,839,9290.26,7481.69,1533.26,0,0,0,91881,-109343,-22784.7,139599,-18349.1,227657,6.92764e+06
20230101T000018.900000,6,840,6134.23,7957.95,-116.727,0,0,0,101358,-78064,1145.19,60259.9,1485.66,161532,482135
20230101T000018.900000,6,841,5926.44,8605.92,367.518,0,0,0,118589,-81473.2,-3483.65,56386.2,-5058.68,174695,725474
20230101T000018.900000,6,842,5216.41,6120.31,239.6,0,0,0,59998.6,-51004.7,-1998.53,43627.7,-2344.83,103471,191341
20230101T000018.900000,6,843,3975.19,5748.53,464.194,0,0,0,53005.1,-36371.3,-2950.01,25559.7,-4266.01,78156.6,7.63714e+06
20230101T000018.900000,6,844,4001.02,3557.45,961.658,0,0,0,21109.7,-22007.9,-6147.86,26293.7,-5466.28,45863.7,1.50242e+06
20230101T000018.900000,6,845,2957.19,3934.96,-1077,0,0,0,25466.1,-17697.6,5087.83,15217.1,6770.07,38769.1,1.53178e+07
20230101T000018.900000,4,651,4400.19,5397.42,754.439,-2.43126,2.62516,-1.81374,1541.55,-1188.41,-168.684,1065.75,-205.799,2487.41,0
20230101T000018.900000,4,661,5498.29,5868.39,-175.105,3.80137,5.39305,0.859284,1339.08,-1197.73,37.8619,1188.49,40.3169,2462.63,0
20230101T000018.900000,3,662,1267.21,-737.709,-314.343,0,0,0,2500,0,0,2500,0,2500,0
20230101T000018.900000,3,663,7196.02,-3378.08,-698.826,0,0,0,2500,0,0,2500,0,2500,0
20230101T000018.900000,3,664,6544.72,-3459.85,-1148.67,0,0,0,2500,0,0,2500,0,2500,0
20230101T000018.900000,3,665,3871.55,753.555,-483.928,0,0,0,2500,0,0,2500,0,2500,0
20230101T000018.900000,3,666,3420.9,1956.24,-956.714,0,0,0,2500,0,0,2500,0,2500,0
20230101T000018.900000,3,667,5658.08,1562.43,-894.598,0,0,0,2500,0,0,2500,0,2500,0
20230101T000018.900000,3,668,5680.06,1990.2,-101.484,0,0,0,2500,0,0,2500,0,2500,0
20230101T000018.900000,3,669,8435.73,4298.62,185.766,0,0,0,2500,0,0,2500,0,2500,0
20230101T000018.900000,3,670,8601.57,2536.16,-332.301,0,0,0,2500,0,0,2500,0,2500,0
20230101T000018.900000,3,671,9155.87,2027.91,-1857.13,0,0,0,2500,0,0,2500,0,2500,0
20230101T000018.900000,3,672,15.656,3.48347,-2.82699,0,0,0,2500,0,0,2500,0,2500,0
20230101T000018.900000,3,673,1921.75,2880.95,-200.92,0,0,0,2500,0,0,2500,0,2500,0
20230101T000018.900000,3,674,6245.68,8750.31,-2049.09,0,0,0,2500,0,0,2500,0,2500,0
20230101T000018.900000,3,675,5933.39,9028.46,-2281.51,0,0,0,2500,0,0,2500,0,2500,0
20230101T000018.900000,3,676,9290.26,7481.69,1533.26,0,0,0,2500,0,0,2500,0,2500,0
20230101T000018.900000,3,677,6134.23,7957.95,-116.727,0,0,0,2500,0,0,2500,0,2500,0
20230101T000018.900000,3,678,5926.44,8605.92,367.518,0,0,0,2500,0,0,2500,0,2500,0
20230101T000018.900000,3,679,4001.02,3557.45,961.658,0,0,0,2500,0,0,2500,0,2500,0
20230101T000018.900000,3,680,2957.19,3934.96,-1077,0,0,0,2500,0,0,2500,0,2500,0
20230101T000019,6,846,1125.44,-939.449,-315.705,0,0,0,1542.13,1583.14,558.382,2117.21,-466.102,3441.54,2.64013e+18
20230101T000019,6,847,5505.23,-4947.09,-1158.47,0,0,0,40380.5,42477.3,10197,49479.4,-9163.15,87651.7,3.29134e+08
20230101T000019,6,848,10415,-502.09,-704.923,0,0,0,1260.13,8325.51,11742.5,173557,-566.088,173959,4.91548e+07
20230101T000019,6,849,8103.79,-1680.56,-1846.14,0,0,0,9805.62,20693.9,23923.9,105302,-4961.32,109596,4.33851e+07
20230101T000019,6,850,2237.28,1079.25,75.2915,0,0,0,1922.87,-3834.76,-267.771,8022.45,-129.171,9872.37,8.75122e+07
20230101T000019,6,851,4328.59,1001.63,-166.283,0,0,0,1707.87,-6913.27,1149.3,29984.2,265.947,31584,419136
20230101T000019,6,852,3448.68,907.604,-61.1974,0,0,0,1383.43,-4990.83,336.618,19033.9,88.5894,20347.4,1.52938e+06
20230101T000019,6,853,3827.67,1386.58,58.5161,0,0,0,3137.58,-8469.56,-357.503,23449.8,-129.506,26517.9,465086
20230101T000019,6,854,10240.6,5016.75,-919.836,0,0,0,41411.5,-81639.4,15066.9,168066,7381.08,208061,5.35026e+06
20230101T000019,6,855,9481.5,3000.79,-499.96,0,0,0,14829.1,-45389.7,7581.53,143880,2399.47,158246,9.64722e+06
20230101T000019,6,856,11330,3883.69,-1084.3,0,0,0,25873,-69806.8,19650.7,205594,6735.86,229523,5.04076e+07
20230101T000019,6,857,9880.61,3469.43,-1168.62,0,0,0,21260.6,-54145.3,18468.1,156449,6484.78,175462,164673
20230101T000019,6,858,5258.55,929.426,-136.535,0,0,0,1473.08,-7803.83,1147.16,44246.7,202.755,45626,197653
20230101T000019,6,859,5905,1618.56,-94.002,0,0,0,4264.24,-15272.2,887.184,55795.9,243.177,59982.1,355266
20230101T000019,6,860,4996.2,2145.07,158.278,0,0,0,7449.93,-17109.8,-1263.55,39955.4,-542.493,47301.4,183240
20230101T000019,6,861,8892.48,3203.17,-529.048,0,0,0,16869.4,-45411.5,7523.93,126581,2710.2,142939,2.82184e+07
20230101T000019,6,862,6026.94,2425.95,457.685,0,0,0,9759.57,-23255.5,-4409.35,58174.1,-1774.84,67535.1,2.70482e+06
20230101T000019,6,863,7863.58,4285.14,576.078,0,0,0,29838.4,-53664.6,-7244.46,99073.5,-3947.76,128317,4.20891e+07
20230101T000019,6,864,6383.75,2601.47,-1253.86,0,0,0,13038.6,-25670.7,12796.5,65570.6,5214.75,76033.8,1.46219e+07
20230101T000019,6,865,6345.19,8355.87,-973.182,0,0,0,112290,-84070.9,9876.48,65419.6,13006.2,176132,171968
20230101T000019,6,866,13.5213,18.6515,1.37121,0,0,0,22.5277,29.9036,2.19834,42.0985,3.03241,1.07507,8.43506e+06
20230101T000019,6,867,5211.48,6053.01,198.852,0,0,0,58676.4,-50409.3,-1657.06,43528.3,-1924.64,102078,1.11796e+09
20230101T000019,4,668,5781.58,2007.28,-102.816,10.052,1.69035,-0.131856,320.759,-735.397,37.4996,2161.92,13.1393,2418.95,0
20230101T000019,4,672,20.1452,16.3862,-0.225595,0.444476,1.2775,0.257565,57.7132,12.7496,-10.3447,3.24831,-2.30169,2.29224,0
20230101T000019,3,681,1125.44,-939.449,-315.705,0,0,0,2500,0,0,2500,0,2500,0
20230101T000019,3,682,5505.23,-4947.09,-1158.47,0,0,0,2500,0,0,2500,0,2500,0
20230101T000019,3,683,10415,-502.09,-704.923,0,0,0,2500,0,0,2500,0,2500,0
20230101T000019,3,684,8103.79,-1680.56,-1846.14,0,0,0,2500,0,0,2500,0,2500,0
20230101T000019,3,685,2237.28,1079.25,75.2915,0,0,0,2500,0,0,2500,0,2500,0
20230101T000019,3,686,4328.59,1001.63,-166.283,0,0,0,2500,0,0,2500,0,2500,0
20230101T000019,3,687,3448.68,907.604,-61.1974,0,0,0,2500,0,0,2500,0,2500,0
20230101T000019,3,688,3827.67,1386.58,58.5161,0,0,0,2500,0,0,2500,0,2500,0
20230101T000019,3,689,10240.6,5016.75,-919.836,0,0,0,2500,0,0,2500,0,2500,0
20230101T000019,3,690,9481.5,3000.79,-499.96,0,0,0,2500,0,0,2500,0,2500,0
20230101T000019,3,691,11330,3883.69,-1084.3,0,0,0,2500,0,0,2500,0,2500,0
20230101T000019,3,692,9880.61,3469.43,-1168.62,0,0,0,2500,0,0,2500,0,2500,0
20230101T000019,3,693,5258.55,929.426,-136.535,0,0,0,2500,0,0,2500,0,2500,0
20230101T000019,3,694,4996.2,2145.07,158.278,0,0,0,2500,0,0,2500,0,2500,0
20230101T000019,3,695,8892.48,3203.17,-529.048,0,0,0,2500,0,0,2500,0,2500,0
20230101T000019,3,696,6026.94,2425.95,457.685,0,0,0,2500,0,0,2500,0,2500,0
20230101T000019,3,697,7863.58,4285.14,576.078,0,0,0,2500,0,0,2500,0,2500,0
20230101T000019,3,698,6383.75,2601.47,-1253.86,0,0,0,2500,0,0,2500,0,2500,0
20230101T000019,3,699,6345.19,8355.87,-973.182,0,0,0,2500,0,0,2500,0,2500,0
20230101T000019,3,700,5211.48,6053.01,198.852,0,0,0,2500,0,0,2500,0,2500,0
20230101T000019.100000,6,868,7289.5,-3188.37,-616.467,0,0,0,16828.9,36939.9,7185.46,85126.8,-3142.86,101284,2.47922e+08
20230101T000019.100000,6,869,7376.75,1150.97,-618.27,0,0,0,2778.71,-13481.8,7292.11,87082.3,1137.77,89186.2,9.22515e+08
20230101T000019.100000,6,870,965.463,1146.47,-48.6281,0,0,0,2131.14,-1737.64,73.7816,1531.01,87.6147,3594.5,4.35659e+21
20230101T000019.100000,4,663,7198.44,-3373.36,-696.778,0.464321,0.907395,0.393914,524.452,943.74,195.271,2091.79,-91.6675,2516.34,0
20230101T000019.100000,3,701,7376.75,1150.97,-618.27,0,0,0,2500,0,0,2500,0,2500,0
20230101T000019.100000,3,702,965.463,1146.47,-48.6281,0,0,0,2500,0,0,2500,0,2500,0
20230101T000019.200000,6,871,5998.99,-5264.51,-317.316,0,0,0,44471.2,50419.3,3043.81,57678.6,-2671.15,101925,3.82356e+08
20230101T000019.200000,6,872,7236.22,-1956.39,64.1873,0,0,0,6189.72,22633.2,-742.629,83785.4,200.778,89904.6,1.86397e+08
20230101T000019.200000,6,873,1144.22,968.006,-50.7831,0,0,0,1538.92,-1738.63,91.3177,2123.18,77.2543,3594.12,1.93735e+21
20230101T000019.200000,3,703,5998.99,-5264.51,-317.316,0,0,0,2500,0,0,2500,0,2500,0
20230101T000019.200000,3,704,7236.22,-1956.39,64.1873,0,0,0,2500,0,0,2500,0,2500,0
20230101T000019.200000,3,705,1144.22,968.006,-50.7831,0,0,0,2500,0,0,2500,0,2500,0
20230101T000019.300000,6,874,5455.76,-5819.48,225.511,0,0,0,54254.2,50727,-1967.29,47701.8,2098.45,101811,1.24647e+08
20230101T000019.300000,6,875,7062.18,-2488.19,-240.766,0,0,0,10045.1,28066.1,2718.59,79816.2,-957.83,89704.7,4.81186e+08
20230101T000019.300000,6,876,1299.37,746.852,-52.0778,0,0,0,943.771,-1523.2,106.343,2718.31,61.1242,3593.9,2.81158e+21
20230101T000019.300000,4,703,5981.44,-5274.1,-303.922,-1.73827,-0.94922,1.32612,1109.39,1188.72,71.6526,1420.78,-62.8798,2460.26,0
20230101T000019.300000,4,704,7227.83,-1969.97,55.8126,-0.830615,-1.34431,-0.829187,225.624,603.012,-19.7843,2292.99,5.3489,2455.85,0
20230101T000019.300000,3,706,1299.37,746.852,-52.0779,0,0,0,2500,0,0,2500,0,2500,0
20230101T000019.400000,6,877,5475.59,-5105.9,-266.622,0,0,0,41807.4,44643.9,2334.19,48054,-2176.6,89683.8,2.30984e+08
20230101T000019.400000,6,878,5430.83,-5828.5,466.025,0,0,0,54545.4,50440.6,-4046.9,47410.4,4343.23,101545,9.5322e+07
20230101T000019.400000,6,879,1407.82,513.989,-51.8004,0,0,0,482.888,-1135.79,114.606,3179.16,41.8419,3593.91,3.73277e+21
20230101T000019.400000,3,707,5475.59,-5105.9,-266.622,0,0,0,2500,0,0,2500,0,2500,0
20230101T000019.400000,3,708,5430.83,-5828.5,466.025,0,0,0,2500,0,0,2500,0,2500,0
20230101T000019.400000,3,709,1407.82,513.989,-51.8004,0,0,0,2500,0,0,2500,0,2500,0
20230101T000019.500000,6,880,4969.18,-5604.37,147.462,0,0,0,50297.8,44509.5,-1171.59,39563.6,1321.35,89762.7,6.07966e+08
20230101T000019.500000,6,881,5548.28,-5716.03,-475.523,0,0,0,52483.2,50529.9,4218.69,49472.6,-4346.24,101530,1.85094e+08
20230101T000019.500000,6,882,1475.36,263.029,-54.3776,0,0,0,177.227,-609.038,126.079,3484.8,22.4776,3593.47,4.80814e+21
20230101T000019.500000,4,703,5970.5,-5285.98,-308.035,-4.85829,-4.07595,0.111171,1160.93,1261.66,73.6326,1482.39,-64.696,2590.01,0
20230101T000019.500000,4,707,5462.61,-5120.41,-255.302,-1.28486,-1.43648,1.12077,1177.24,1192.29,62.2617,1344.07,-58.058,2452.91,0
20230101T000019.500000,3,710,1475.36,263.029,-54.3776,0,0,0,2500,0,0,2500,0,2500,0
20230101T000019.600000,6,883,1498.67,6.41786,-52.5678,0,0,0,68.4074,-15.0965,123.809,3593.62,0.530194,3593.76,2.1405e+21
20230101T000019.600000,6,884,5970.94,4494.39,-521.317,0,0,0,32637.5,-42697.6,4976.85,57223.6,3746.13,89362.9,5.77594e+08
20230101T000019.600000,3,711,1498.67,6.41786,-52.5678,0,0,0,2500,0,0,2500,0,2500,0
20230101T000019.600000,3,712,5970.94,4494.39,-521.317,0,0,0,2500,0,0,2500,0,2500,0
20230101T000019.700000,6,885,1476.23,-259.289,-48.3338,0,0,0,173.216,600.902,112.132,3488.83,-19.6952,3594.44,2.84753e+21
20230101T000019.700000,6,886,1475.65,-262.384,-49.4456,0,0,0,175.916,607.804,114.666,3486.13,-20.3888,3594.27,2.81161e+21
20230101T000019.700000,6,887,4532.41,5964.5,-73.1747,0,0,0,56947.1,-43218.8,530.274,32914.4,697.823,89788.9,2.41669e+08
20230101T000019.700000,6,888,5727.41,5554.72,156.042,0,0,0,49420.9,-50851.2,-1429.05,52535.1,-1385.96,101853,9.63843e+07
20230101T000019.700000,3,713,1476.23,-259.289,-48.3338,0,0,0,2500,0,0,2500,0,2500,0
20230101T000019.700000,3,714,1475.65,-262.384,-49.4456,0,0,0,2500,0,0,2500,0,2500,0
20230101T000019.700000,3,715,4532.41,5964.5,-73.1747,0,0,0,2500,0,0,2500,0,2500,0
20230101T000019.700000,3,716,5727.41,5554.72,156.042,0,0,0,2500,0,0,2500,0,2500,0
20230101T000019.800000,6,889,1408.9,-511.345,-48.4182,0,0,0,478.164,1130.99,107.205,3183.9,-38.9088,3594.44,8.61374e+19
20230101T000019.800000,6,890,7095.23,2418.42,-19.9826,0,0,0,9415.92,-27435.1,226.688,80554.4,77.2671,89905.7,2.87024e+08
20230101T000019.800000,6,891,7277.5,3275.88,-277.511,0,0,0,17325.8,-38074.3,3229.31,84770.8,1453.64,101910,1.69716e+08
20230101T000019.800000,6,892,7894.66,6595.76,1868.13,0,0,0,72931.4,-80536.2,-23588.5,102042,-19707.5,169330,2.19567e+07
20230101T000019.800000,6,893,5392.36,6646.98,-634.84,0,0,0,70973,-57002.1,5474.29,46951.4,6747.96,117216,1.03261e+07
20230101T000019.800000,6,894,4687.95,6385.39,-393.814,0,0,0,65346.4,-47746.2,2952.01,35365.7,4020.89,100400,2.56868e+06
20230101T000019.800000,6,895,5597.83,5688.72,-325.242,0,0,0,51893.2,-50834.7,2911.22,50255.6,2958.48,101916,1.5676e+08
20230101T000019.800000,6,896,5931.8,6623.78,-97.9417,0,0,0,70234.4,-62826.1,929.083,56342.1,1037.47,126497,1.20785e+07
20230101T000019.800000,4,716,5729.72,5563.24,144.555,0.228568,0.843492,-1.13734,1226.89,-1199.73,-33.7028,1300.36,-32.6866,2463.02,0
20230101T000019.800000,3,717,1408.9,-511.345,-48.4182,0,0,0,2500,0,0,2500,0,2500,0
20230101T000019.800000,3,718,7095.23,2418.42,-19.9826,0,0,0,2500,0,0,2500,0,2500,0
20230101T000019.800000,3,719,7277.5,3275.88,-277.511,0,0,0,2500,0,0,2500,0,2500,0
20230101T000019.800000,3,720,7894.66,6595.76,1868.13,0,0,0,2500,0,0,2500,0,2500,0
20230101T000019.800000,3,721,5392.36,6646.98,-634.84,0,0,0,2500,0,0,2500,0,2500,0
20230101T000019.800000,3,722,4687.95,6385.39,-393.814,0,0,0,2500,0,0,2500,0,2500,0
20230101T000019.800000,3,723,5931.8,6623.78,-97.9417,0,0,0,2500,0,0,2500,0,2500,0
20230101T000019.900000,6,897,1297.95,-749.391,-50.6188,0,0,0,949.559,1526.82,103.252,2712.5,-59.6137,3594.11,3.75473e+19
20230101T000019.900000,6,898,3172.79,1364.43,-324.258,0,0,0,3174.18,-6842.39,1640.61,16142.7,705.529,19085.7,7.45088e+06
20230101T000019.900000,6,899,4199.99,1426.69,303.644,0,0,0,3446.09,-9523.03,-2036.35,28245.7,-691.727,31480.9,4.64661e+06
20230101T000019.900000,6,900,9905.86,3507.44,-971.829,0,0,0,21082.6,-55095.3,15397.4,157177,5451.86,176686,2.43023e+06
20230101T000019.900000,6,901,6924.44,2561.7,1284.15,0,0,0,12875.1,-27502.5,-14217.1,77041.8,-5259.6,87218.2,2.78196e+08
20230101T000019.900000,6,902,6962.91,3615.7,-1484.95,0,0,0,23744.7,-38813,16532.9,78333.7,8585.22,98490.7,5.69809e+08
20230101T000019.900000,6,903,5036.24,2273.79,356.587,0,0,0,8494.11,-18221.9,-2869.63,40627.2,-1295.59,48854.4,2.1116e+06
20230101T000019.900000,6,904,7481.09,3573.63,-1804.89,0,0,0,24726.9,-40724.5,21592.1,90526.5,10314.3,109983,1.54436e+06
20230101T000019.900000,6,905,8741.98,3885.13,-143.766,0,0,0,24231.8,-54305.9,2010,122292,893.286,146426,2.02117e+07
20230101T000019.900000,6,906,5691.7,2778.51,-1524.96,0,0,0,15405.7,-23812.4,13874.3,52560.4,6772.98,64188.4,1.5059e+07
20230101T000019.900000,6,907,10611.1,2538.59,857.345,0,0,0,11483.6,-42819,-14550.9,180220,-3481.15,190465,3.13822e+06
20230101T000019.900000,6,908,2175.56,2707.86,809.495,0,0,0,12167.1,-8884.23,-2808.91,8246.97,-3496.17,19308.2,1.60193e+07
20230101T000019.900000,6,909,6806.27,8667.99,-681.366,0,0,0,120522,-94002.8,7417.65,74619.3,9446.61,194335,4.3946e+06
20230101T000019.900000,6,910,2548.73,3573,-710.815,0,0,0,20719.8,-14158.9,2892.81,10970.7,4055.36,30821.4,4.35629e+06
20230101T000019.900000,6,911,8324.82,5484.01,3153.18,0,0,0,59253.5,-65710.7,-41984.1,115716,-27657.2,159009,3.22337e+06
20230101T000019.900000,6,912,5799.03,5984.95,-1595.89,0,0,0,59314.6,-53463.7,14799.2,55939.5,15273.7,111120,1.51595e+06
20230101T000019.900000,6,913,5632.59,5508.6,-1292.16,0,0,0,49948.8,-48277.8,11637.8,52098.3,11381.6,99314.9,5.67925e+08
20230101T000019.900000,6,914,5740.57,3946.38,716.645,0,0,0,25519.3,-35834,-6576.96,53010.7,-4521.36,77645.6,2.23259e+06
20230101T000019.900000,6,915,6183.12,6377.64,1338.53,0,0,0,66498.1,-61630,-13235.5,62679.5,-13651.9,126250,5.00114e+06
20230101T000019.900000,6,916,4070,3608.51,46.0137,0,0,0,20871.9,-23465.2,-299.236,26533.5,-265.306,47338,9.76925e+06
20230101T000019.900000,6,917,3613.82,3379.25,140.973,0,0,0,18322,-19491.4,-813.79,20940.2,-760.966,39166.5,2.83996e+07
20230101T000019.900000,6,918,3661.92,3438.03,-308.304,0,0,0,19026.8,-20036,1803.52,21556.6,1693.26,40367.8,5.10939e+06
20230101T000019.900000,3,724,1297.95,-749.391,-50.6188,0,0,0,2500,0,0,2500,0,2500,0
20230101T000019.900000,3,725,3172.79,1364.43,-324.258,0,0,0,2500,0,0,2500,0,2500,0
20230101T000019.900000,3,726,4199.99,1426.69,303.644,0,0,0,2500,0,0,2500,0,2500,0
20230101T000019.900000,3,727,9905.86,3507.44,-971.829,0,0,0,2500,0,0,2500,0,2500,0
20230101T000019.900000,3,728,6924.44,2561.7,1284.15,0,0,0,2500,0,0,2500,0,2500,0
20230101T000019.900000,3,729,6962.91,3615.7,-1484.95,0,0,0,2500,0,0,2500,0,2500,0
20230101T000019.900000,3,730,5036.24,2273.79,356.587,0,0,0,2500,0,0,2500,0,2500,0
20230101T000019.900000,3,731,7481.09,3573.63,-1804.89,0,0,0,2500,0,0,2500,0,2500,0
20230101T000019.900000,3,732,8741.98,3885.13,-143.766,0,0,0,2500,0,0,2500,0,2500,0
20230101T000019.900000,3,733,5691.7,2778.51,-1524.96,0,0,0,2500,0,0,2500,0,2500,0
20230101T000019.900000,3,734,10611.1,2538.59,857.345,0,0,0,2500,0,0,2500,0,2500,0
20230101T000019.900000,3,735,2175.56,2707.86,809.495,0,0,0,2500,0,0,2500,0,2500,0
20230101T000019.900000,3,736,6806.27,8667.99,-681.366,0,0,0,2500,0,0,2500,0,2500,0
20230101T000019.900000,3,737,2548.73,3573,-710.815,0,0,0,2500,0,0,2500,0,2500,0
20230101T000019.900000,3,738,8324.82,5484.01,3153.18,0,0,0,2500,0,0,2500,0,2500,0
20230101T000019.900000,3,739,5799.03,5984.95,-1595.89,0,0,0,2500,0,0,2500,0,2500,0
20230101T000019.900000,3,740,5632.59,5508.6,-1292.16,0,0,0,2500,0,0,2500,0,2500,0
20230101T000019.900000,3,741,5740.57,3946.38,716.645,0,0,0,2500,0,0,2500,0,2500,0
20230101T000019.900000,3,742,6183.12,6377.64,1338.53,0,0,0,2500,0,0,2500,0,2500,0
20230101T000019.900000,3,743,4070,3608.51,46.0137,0,0,0,2500,0,0,2500,0,2500,0
20230101T000019.900000,3,744,3613.82,3379.25,140.973,0,0,0,2500,0,0,2500,0,2500,0
20230101T000019.900000,3,745,3661.92,3438.03,-308.304,0,0,0,2500,0,0,2500,0,2500,0
20230101T000020,6,919,1147.76,-963.831,-50.4883,0,0,0,1526.23,1736.5,91.068,2135.88,-76.4745,3594.18,5.11087e+19
20230101T000020,6,920,4045.06,2083.61,-128.106,0,0,0,7017.6,-13448.6,827.514,26198.9,426.253,33126.4,2.49533e+07
20230101T000020,6,921,9321.94,4727.64,-265.659,0,0,0,35901.6,-70441.9,3960.88,139074,2008.77,174799,5.85154e+06
20230101T000020,6,922,7514.59,2696.05,-3.18535,0,0,0,11686.6,-32395.2,38.2746,90357.8,13.732,101980,5.63368e+08
20230101T000020,6,923,8213.35,4661.89,690.961,0,0,0,35399,-60908.3,-9076.11,108136,-5151.59,142708,1.52203e+07
20230101T000020,6,924,6136.87,1681.45,-1146.59,0,0,0,6537.88,-15958.3,11247.6,60409.2,3081.74,64783.6,2.62818e+06
20230101T000020,6,925,6934.1,7749.13,-1090.32,0,0,0,96952.5,-84996.6,12092.2,78022.3,13513.5,173010,5.92588e+06
20230101T000020,6,926,4940.21,5639.35,103.222,0,0,0,50918.8,-44535.2,-815.321,39095,-930.705,89932.8,1.83662e+08
20230101T000020,6,927,4303.94,5529.16,232.556,0,0,0,48971.3,-38002.5,-1600.15,29731.9,-2055.67,78552.9,4.76142e+07
20230101T000020,6,928,4943.37,3153.69,871.595,0,0,0,16821.6,-24364.3,-6885.94,39468.8,-4392.98,55013.7,4.44391e+06
20230101T000020,6,929,3764.17,3851.57,764.729,0,0,0,24223.1,-22697.7,-4599.49,23181.1,-4706.28,46407,4.47788e+06
20230101T000020,6,930,3497.76,3600.88,-352.277,0,0,0,20873.5,-20020.9,1968.37,19709.8,2026.41,40321.4,6.7661e+06
20230101T000020,4,715,4548.42,5960.19,-68.0427,4.40798,-1.18596,1.41247,1699.58,-1243.8,15.2594,1007.94,20.0809,2644.5,0
20230101T000020,4,719,7282.3,3260.94,-270.628,0.921877,-2.87191,1.32372,481.584,-924.462,78.3169,2119.18,35.2534,2532.41,0
20230101T000020,4,745,3652.49,3447.85,-310.884,-0.934278,0.972074,-0.255458,1151.11,-1150.34,103.18,1296.35,96.8711,2368.2,0
20230101T000020,3,746,1147.76,-963.831,-50.4883,0,0,0,2500,0,0,2500,0,2500,0
20230101T000020,3,747,4045.06,2083.61,-128.106,0,0,0,2500,0,0,2500,0,2500,0
20230101T000020,3,748,9321.94,4727.64,-265.659,0,0,0,2500,0,0,2500,0,2500,0
20230101T000020,3,749,8213.35,4661.89,690.961,0,0,0,2500,0,0,2500,0,2500,0
20230101T000020,3,750,6136.87,1681.45,-1146.59,0,0,0,2500,0,0,2500,0,2500,0
20230101T000020,3,751,6934.1,7749.13,-1090.32,0,0,0,2500,0,0,2500,0,2500,0
20230101T000020,3,752,4303.94,5529.16,232.556,0,0,0,2500,0,0,2500,0,2500,0
20230101T000020,3,753,4943.37,3153.69,871.595,0,0,0,2500,0,0,2500,0,2500,0
20230101T000020,3,754,3764.17,3851.57,764.729,0,0,0,2500,0,0,2500,0,2500,0
20230101T000020.100000,6,931,5677.12,-4895.78,-16.3428,0,0,0,38386.9,44438.5,148.343,51595,-127.927,89917.5,3.77446e+08
20230101T000020.100000,6,932,7824.52,1024.65,795.029,0,0,0,2736.39,-12689.4,-9946.82,97975.2,-1302.57,99637.5,2.5818e+07
20230101T000020.100000,6,933,7981.51,-195.385,-193.35,0,0,0,184.783,2492.12,2467.61,101927,-60.4062,101988,4.09504e+08
20230101T000020.100000,6,934,8441.81,-301.9,799.922,0,0,0,1231.67,4038.9,-10798.5,114024,386.18,114169,3.08584e+07
20230101T000020.100000,6,935,960.018,1133.18,207.712,0,0,0,2109.64,-1675.6,-313.377,1551.35,-369.903,3530.41,4.24293e+20
20230101T000020.100000,3,755,5677.12,-4895.79,-16.3428,0,0,0,2500,0,0,2500,0,2500,0
20230101T000020.100000,3,756,7824.52,1024.65,795.029,0,0,0,2500,0,0,2500,0,2500,0
20230101T000020.100000,3,757,7981.51,-195.385,-193.35,0,0,0,2500,0,0,2500,0,2500,0
20230101T000020.100000,3,758,8441.81,-301.9,799.922,0,0,0,2500,0,0,2500,0,2500,0
20230101T000020.100000,3,759,960.018,1133.18,207.712,0,0,0,2500,0,0,2500,0,2500,0
20230101T000020.200000,6,936,5571.7,-4911.77,976.773,0,0,0,39495.2,42998.6,-8701.44,50365.1,7670.82,88272,1.91712e+08
20230101T000020.200000,6,937,5796.15,-5406.16,-973.513,0,0,0,47607.2,49348.1,9022.54,54487.4,-8415.47,100516,2.34638e+08
20230101T000020.200000,6,938,7228.94,-3244.82,344.598,0,0,0,17057.5,37435.7,-3983.19,83654.6,1787.92,100458,1.41663e+07
20230101T000020.200000,6,939,7446.17,-2867.85,-307.361,0,0,0,13346.6,34095.1,3659.56,88740.6,-1409.46,101872,2.29618e+08
20230101T000020.200000,6,940,6831.11,-3061.39,295.343,0,0,0,15164.8,33384.4,-3225.73,74696.5,1445.62,89658,1.8715e+08
20230101T000020.200000,6,941,1144.1,945.195,215.619,0,0,0,1510.89,-1662.94,-387.684,2149.96,-320.283,3525.11,1.90047e+21
20230101T000020.200000,3,760,5571.7,-4911.77,976.773,0,0,0,2500,0,0,2500,0,2500,0
20230101T000020.200000,3,761,5796.15,-5406.16,-973.513,0,0,0,2500,0,0,2500,0,2500,0
20230101T000020.200000,3,762,7228.94,-3244.82,344.598,0,0,0,2500,0,0,2500,0,2500,0
20230101T000020.200000,3,763,7446.17,-2867.85,-307.361,0,0,0,2500,0,0,2500,0,2500,0
20230101T000020.200000,3,764,6831.11,-3061.39,295.343,0,0,0,2500,0,0,2500,0,2500,0
20230101T000020.200000,3,765,1144.1,945.195,215.619,0,0,0,2500,0,0,2500,0,2500,0
20230101T000020.300000,6,942,5845.07,-5424.15,336.911,0,0,0,47206.1,50604.8,-3148.85,54777.3,2922.09,101738,5.48758e+08
20230101T000020.300000,6,943,7166.07,-2183.17,67.4076,0,0,0,7691.18,25011.7,-772.326,82170.2,235.292,89790.1,1.84679e+08
20230101T000020.300000,6,944,1285.82,740.904,215.801,0,0,0,981.293,-1464.93,-436.075,2679.54,-251.271,3524.97,1.5442e+21
20230101T000020.300000,3,766,5845.07,-5424.15,336.911,0,0,0,2500,0,0,2500,0,2500,0
20230101T000020.300000,3,767,7166.07,-2183.17,67.4076,0,0,0,2500,0,0,2500,0,2500,0
20230101T000020.300000,3,768,1285.82,740.904,215.801,0,0,0,2500,0,0,2500,0,2500,0
20230101T000020.400000,6,945,5398.9,-5181.72,353.657,0,0,0,43097.7,44629,-3052.79,46763.6,2929.99,89597.4,1.34753e+08
20230101T000020.400000,6,946,5353.25,-5924.82,155.32,0,0,0,56211.7,50696.3,-1329.52,45908.1,1471.47,102017,4.12244e+08
20230101T000020.400000,6,947,1396.41,504.376,210.905,0,0,0,525.482,-1084.12,-462.833,3135.38,-167.173,3528.22,1.92158e+21
20230101T000020.400000,4,755,5665.75,-4901.49,-5.43814,-3.12851,-1.56891,3.00131,1163.9,1277.13,4.26323,1543.49,-3.67649,2644.84,0
20230101T000020.400000,4,766,5837.46,-5440.26,332.74,-0.753401,-1.59553,-0.412989,1175.86,1195.24,-74.2432,1354.69,68.8968,2459.68,0
20230101T000020.400000,3,769,1396.41,504.376,210.905,0,0,0,2500,0,0,2500,0,2500,0
20230101T000020.500000,6,948,4533.9,-5935.75,660.908,0,0,0,56654,42691.7,-4790.98,33371.5,6272.32,89263.6,2.53003e+08
20230101T000020.500000,6,949,6436.13,-4685.44,-677.151,0,0,0,35646.4,47870.4,6968.8,66554.1,-5073.22,101404,2.83799e+08
20230101T000020.500000,6,950,1461.9,255.027,215.972,0,0,0,237.31,-573.272,-496.18,3423.48,-86.5584,3524.81,5.09763e+20
20230101T000020.500000,3,770,4533.9,-5935.75,660.908,0,0,0,2500,0,0,2500,0,2500,0
20230101T000020.500000,3,771,6436.13,-4685.44,-677.151,0,0,0,2500,0,0,2500,0,2500,0
20230101T000020.500000,3,772,1461.9,255.027,215.972,0,0,0,2500,0,0,2500,0,2500,0
20230101T000020.600000,6,951,1485.18,0.353416,207.475,0,0,0,131.648,-0.808493,-484.252,3529.23,-0.115233,3530.46,6.87032e+20
20230101T000020.600000,6,952,6208.71,4190.24,131.102,0,0,0,28155.8,-41583.1,-1301.43,61705.6,-878.333,89769.9,3.04043e+08
20230101T000020.600000,6,953,5682.54,5601.97,-96.0247,0,0,0,50251.3,-50894.1,872.514,51704.7,860.144,101877,1.0378e+08
20230101T000020.600000,3,773,1485.18,0.353416,207.475,0,0,0,2500,0,0,2500,0,2500,0
20230101T000020.600000,3,774,6208.71,4190.24,131.102,0,0,0,2500,0,0,2500,0,2500,0
20230101T000020.600000,3,775,5682.54,5601.97,-96.0247,0,0,0,2500,0,0,2500,0,2500,0
20230101T000020.700000,6,954,1462.81,-256.481,207.87,0,0,0,233.225,577.857,-477.867,3427.65,83.7865,3530.2,7.77474e+20
20230101T000020.700000,6,955,5163.48,6097.22,-1.66208,0,0,0,59508.5,-50341.1,13.7228,42695.7,16.2044,102140,3.30059e+08
20230101T000020.700000,6,956,5575.26,5014.25,-33.6973,0,0,0,40264.7,-44696.5,300.38,49763,270.155,89961.9,1.38524e+08
20230101T000020.700000,4,775,5677.12,5620.99,-93.8569,-0.535753,1.8832,0.214636,1246.21,-1200.46,20.5775,1280.49,20.2857,2463.59,0
20230101T000020.700000,3,776,1462.81,-256.481,207.87,0,0,0,2500,0,0,2500,0,2500,0
20230101T000020.700000,3,777,5575.26,5014.25,-33.6973,0,0,0,2500,0,0,2500,0,2500,0
20230101T000020.800000,6,957,1397.19,-503.529,207.742,0,0,0,522.336,1083.59,-456.146,3138.56,164.389,3530.31,2.76988e+20
20230101T000020.800000,6,958,7267.98,1773.52,393.035,0,0,0,5326.09,-20552.2,-4567.26,84535.1,-1114.49,89550.4,3.23858e+08
20230101T000020.800000,6,959,6922.73,8475.24,-145.807,0,0,0,114967,-93826.9,1614.48,76737.5,1976.54,191606,1.89597e+07
20230101T000020.800000,6,960,5785.14,8708.04,147.865,0,0,0,121358,-80558,-1368.17,53617.2,-2059.43,174876,2.12423e+07
20230101T000020.800000,6,961,4982.55,6222.13,-294.057,0,0,0,62022.8,-49504.6,2342.77,39844.6,2925.61,101665,7.12332e+08
20230101T000020.800000,6,962,4632.54,5100.42,1251.81,0,0,0,42784.2,-36525.9,-9270.95,35744.4,-10207.3,75961.4,7.88276e+06
20230101T000020.800000,3,778,1397.19,-503.529,207.742,0,0,0,2500,0,0,2500,0,2500,0
20230101T000020.800000,3,779,7267.98,1773.52,393.035,0,0,0,2500,0,0,2500,0,2500,0
20230101T000020.800000,3,780,6922.73,8475.24,-145.807,0,0,0,2500,0,0,2500,0,2500,0
20230101T000020.800000,3,781,5785.14,8708.04,147.865,0,0,0,2500,0,0,2500,0,2500,0
20230101T000020.800000,3,782,4982.55,6222.13,-294.057,0,0,0,2500,0,0,2500,0,2500,0
20230101T000020.800000,3,783,4632.54,5100.42,1251.81,0,0,0,2500,0,0,2500,0,2500,0
20230101T000020.900000,6,963,1283.81,-744.866,214.099,0,0,0,989.496,1470.98,-431.959,2671.33,250.622,3526.1,2.92615e+18
20230101T000020.900000,6,964,6991.56,-2689.23,-97.2089,0,0,0,11640.1,30056.6,1086.65,78221.4,-417.969,89782.3,2.91942e+08
20230101T000020.900000,6,965,7376.64,-1128.14,-710.876,0,0,0,2888.36,13184.7,8384.23,87083.7,-1282.23,89100.6,3.00283e+08
20230101T000020.900000,6,966,8475.47,59.5778,397.687,0,0,0,322.571,-805.692,-5389.94,114934,-37.8883,114939,3.91599e+07
20230101T000020.900000,6,967,2145.04,1154.78,-439.596,0,0,0,2421.41,-3808.36,1498.87,7445.29,806.92,9497.55,2.04965e+07
20230101T000020.900000,6,968,3316.73,1973.86,874.67,0,0,0,7182.68,-9910.12,-4629.82,17937.2,-2755.31,23838,1.72515e+07
20230101T000020.900000,6,969,11023,4785.5,478.582,0,0,0,37003.7,-84244,-8438.34,194480,-3663.39,231053,9.47999e+06
20230101T000020.900000,6,970,10962.6,2977.6,2017.99,0,0,0,20311.5,-50563.7,-35385.1,192737,-9611.13,206473,3.68613e+06
20230101T000020.900000,6,971,8810.88,4703.78,1101.93,0,0,0,36962,-65477.7,-15528.2,124656,-8289.88,159612,467468
20230101T000020.900000,6,972,7441.16,2853.36,548.802,0,0,0,13502.3,-33789.3,-6529.87,88663.4,-2503.92,101620,7.10819e+08
20230101T000020.900000,6,973,7386.23,3816.71,2106.59,0,0,0,28959.1,-42185.5,-24882.1,88799.3,-12857.4,110602,2.0032e+06
20230101T000020.900000,6,974,4750.31,1194.91,646.489,0,0,0,2972.58,-8908.83,-4905.59,36148.3,-1233.97,38390.3,1.57033e+06
20230101T000020.900000,6,975,6118.09,1350.36,1596.46,0,0,0,6863.32,-12347.7,-15612.7,60081.9,-3445.97,62811.1,259715
20230101T000020.900000,6,976,6063.17,2255.16,777.94,0,0,0,9043.24,-21540.5,-7539.74,58944.7,-2804.36,66957.4,3.24387e+07
20230101T000020.900000,6,977,15.7347,4.15178,-0.648254,0,0,0,59.7676,15.6586,-2.44488,4.55541,-0.645111,0.525108,2.0656e+06
20230101T000020.900000,6,978,1975.4,2214.27,206.31,0,0,0,7903.18,-6933.04,-649.123,6316.92,-727.615,14088.6,2.94068e+07
20230101T000020.900000,6,979,7768.55,6215.96,-505.992,0,0,0,62109.7,-77031.4,6286.78,96745.4,5030.33,158382,1.77031e+07
20230101T000020.900000,6,980,3552.2,2529.83,895.609,0,0,0,11132.3,-13742.9,-5079.94,20641.5,-3617.87,30431.7,1.6514e+07
20230101T000020.900000,6,981,6671.63,8612.89,1052.66,0,0,0,119380,-91050.2,-11233,72364.8,-14501.5,189909,1.15308e+07
20230101T000020.900000,6,982,5158.44,6109.68,888.112,0,0,0,60276.7,-49773.1,-7325.51,43348.9,-8676.37,102301,364887
20230101T000020.900000,6,983,7368.65,5593.39,-2010.03,0,0,0,54197.6,-62802.6,23687.4,89260.7,17980.6,136936,2.7988e+07
20230101T000020.900000,6,984,4766.9,3491.51,477.896,0,0,0,19784.2,-26425.4,-3640.79,36507.2,-2666.69,55862.8,825153
20230101T000020.900000,6,985,4331.56,4136.11,649.224,0,0,0,27757.7,-28296.9,-4494.48,30371.7,-4291.68,57392.5,2.14232e+07
20230101T000020.900000,6,986,7027.62,5559.03,-474.541,0,0,0,49705.3,-62300.4,5333.18,79183.2,4218.68,128465,1.3825e+06
20230101T000020.900000,6,987,3684.29,3360.65,718.226,0,0,0,18555.1,-19368.4,-4227.17,22121.7,-3855.85,39790,5.39324e+06
20230101T000020.900000,4,780,6920.73,8478.61,-130.219,-0.198021,0.333328,1.54343,1519.98,-1190.21,20.4763,1035.03,25.0683,2491.73,0
20230101T000020.900000,3,784,1283.81,-744.866,214.099,0,0,0,2500,0,0,2500,0,2500,0
20230101T000020.900000,3,785,6991.56,-2689.23,-97.2089,0,0,0,2500,0,0,2500,0,2500,0
20230101T000020.900000,3,786,7376.64,-1128.14,-710.876,0,0,0,2500,0,0,2500,0,2500,0
20230101T000020.900000,3,787,8475.47,59.5778,397.687,0,0,0,2500,0,0,2500,0,2500,0
20230101T000020.900000,3,788,2145.04,1154.78,-439.596,0,0,0,2500,0,0,2500,0,2500,0
20230101T000020.900000,3,789,3316.73,1973.86,874.67,0,0,0,2500,0,0,2500,0,2500,0
20230101T000020.900000,3,790,11023,4785.5,478.582,0,0,0,2500,0,0,2500,0,2500,0
20230101T000020.900000,3,791,10962.6,2977.6,2017.99,0,0,0,2500,0,0,2500,0,2500,0
20230101T000020.900000,3,792,8810.88,4703.78,1101.93,0,0,0,2500,0,0,2500,0,2500,0
20230101T000020.900000,3,793,7441.16,2853.36,548.802,0,0,0,2500,0,0,2500,0,2500,0
20230101T000020.900000,3,794,7386.23,3816.71,2106.59,0,0,0,2500,0,0,2500,0,2500,0
20230101T000020.900000,3,795,4750.31,1194.91,646.489,0,0,0,2500,0,0,2500,0,2500,0
20230101T000020.900000,3,796,6118.09,1350.36,1596.46,0,0,0,2500,0,0,2500,0,2500,0
20230101T000020.900000,3,797,6063.17,2255.16,777.94,0,0,0,2500,0,0,2500,0,2500,0
20230101T000020.900000,3,798,15.7347,4.15178,-0.648254,0,0,0,2500,0,0,2500,0,2500,0
20230101T000020.900000,3,799,1975.4,2214.27,206.31,0,0,0,2500,0,0,2500,0,2500,0
20230101T000020.900000,3,800,7768.55,6215.96,-505.992,0,0,0,2500,0,0,2500,0,2500,0
20230101T000020.900000,3,801,3552.2,2529.83,895.609,0,0,0,2500,0,0,2500,0,2500,0
20230101T000020.900000,3,802,5158.44,6109.68,888.112,0,0,0,2500,0,0,2500,0,2500,0
20230101T000020.900000,3,803,7368.65,5593.39,-2010.03,0,0,0,2500,0,0,2500,0,2500,0
20230101T000020.900000,3,804,4766.9,3491.51,477.896,0,0,0,2500,0,0,2500,0,2500,0
20230101T000020.900000,3,805,4331.56,4136.11,649.224,0,0,0,2500,0,0,2500,0,2500,0
20230101T000020.900000,3,806,7027.62,5559.03,-474.541,0,0,0,2500,0,0,2500,0,2500,0
20230101T000020.900000,3,807,3684.29,3360.65,718.226,0,0,0,2500,0,0,2500,0,2500,0
20230101T000021,6,988,1140.55,-950.035,213.148,0,0,0,1524.04,1667.12,-382.052,2136.85,318.233,3526.78,1.35636e+20
20230101T000021,6,989,7469.49,-532.005,216.912,0,0,0,591.372,6348.22,-2590.51,89270,184.506,89722.2,1.73561e+08
20230101T000021,6,990,10869.2,3242.49,1558.19,0,0,0,20446.9,-55307.7,-27089.8,189345,-8081.41,205846,2.09493e+07
20230101T000021,6,991,7275.72,3189.48,767.568,0,0,0,17120.3,-36759.3,-8929.76,84859.8,-3914.57,100975,5.78852e+08
20230101T000021,6,992,8545.95,2706.13,-209.986,0,0,0,11839.3,-36963.7,2869.82,116866,908.749,128570,9.45515e+06
20230101T000021,6,993,4543.55,2141.1,310.803,0,0,0,7513.53,-15480.9,-2255.87,33069.8,-1063.05,40365.3,3.23744e+06
20230101T000021,6,994,5744.18,6043.93,1536.31,0,0,0,60268.2,-53631.3,-14111.9,54809.7,-14848.3,111242,1.58786e+07
20230101T000021,6,995,4402.67,5423.95,488.839,0,0,0,47247.9,-37989.5,-3440.7,31282.4,-4238.84,78084.6,1.72067e+06
20230101T000021,6,996,3577.87,5338.64,284.18,0,0,0,45661.6,-30472.3,-1625.24,20615.1,-2425.07,66083.8,3.67067e+06
20230101T000021,6,997,3483.48,4250.36,678.797,0,0,0,29226.5,-23297.3,-3778.38,19894.1,-4610.19,48321.3,3.02544e+06
20230101T000021,4,791,10880.5,2958.82,1997.65,-8.12598,-1.85937,-2.01369,298.832,-596.375,-404.334,2332.51,-109.823,2420.99,0
20230101T000021,4,793,7430.99,2859.18,553.618,-1.00767,0.576175,0.476864,380.13,-798.988,-153.692,2157.4,-58.9341,2452.73,0
20230101T000021,3,808,1140.55,-950.035,213.148,0,0,0,2500,0,0,2500,0,2500,0
20230101T000021,3,809,7469.49,-532.005,216.912,0,0,0,2500,0,0,2500,0,2500,0
20230101T000021,3,810,8545.95,2706.13,-209.986,0,0,0,2500,0,0,2500,0,2500,0
20230101T000021,3,811,4543.55,2141.1,310.803,0,0,0,2500,0,0,2500,0,2500,0
20230101T000021,3,812,5744.18,6043.93,1536.31,0,0,0,2500,0,0,2500,0,2500,0
20230101T000021,3,813,4402.67,5423.95,488.839,0,0,0,2500,0,0,2500,0,2500,0
20230101T000021,3,814,3577.87,5338.64,284.18,0,0,0,2500,0,0,2500,0,2500,0
20230101T000021,3,815,3483.48,4250.36,678.797,0,0,0,2500,0,0,2500,0,2500,0
