20230101T000000.100000,6,0,187.759,225.308,-63.2693,0,0,0,108.911,-34.4602,10.5614,96.2761,12.6735,140.474,4.29582e+27
20230101T000000.100000,3,0,187.759,225.308,-63.2693,0,0,0,2500,0,0,2500,0,2500,0
20230101T000000.200000,6,1,225.459,187.739,-62.756,0,0,0,96.2554,-34.5313,12.5786,108.971,10.4742,140.525,3.74092e+26
20230101T000000.200000,4,0,226.642,193.033,-62.7838,3.84978,-3.19559,0.0480678,103.951,-31.8751,9.74446,92.2645,11.6932,132.976,0
20230101T000000.300000,6,2,253.885,146.686,-63.5365,0,0,0,85.1001,-30.309,14.3401,120.048,8.2852,140.43,7.161e+26
20230101T000000.300000,3,1,253.885,146.686,-63.5365,0,0,0,2500,0,0,2500,0,2500,0
20230101T000000.400000,6,3,275.971,99.5499,-62.7424,0,0,0,75.5838,-22.4114,15.3921,129.628,5.55234,140.512,8.29992e+26
20230101T000000.400000,4,1,278.741,103.976,-62.7854,2.46093,-4.22867,0.0743736,81.9273,-28.036,13.231,114.254,7.64438,132.936,0
20230101T000000.500000,6,4,288.959,50.6399,-62.8042,0,0,0,69.5978,-11.9346,16.1323,135.607,2.82717,140.503,9.70939e+25
20230101T000000.500000,6,5,289.242,47.8378,-63.6923,0,0,0,69.4676,-11.2551,16.3765,135.658,2.70851,140.404,9.00242e+25
20230101T000000.500000,3,2,288.959,50.6399,-62.8042,0,0,0,2500,0,0,2500,0,2500,0
20230101T000000.500000,3,3,289.242,47.8378,-63.6923,0,0,0,2500,0,0,2500,0,2500,0
20230101T000000.600000,6,6,293.367,0.589707,-62.7717,0,0,0,67.5029,-0.141112,16.3697,137.703,0.0329054,140.505,9.05533e+26
20230101T000000.600000,4,3,296.771,3.45967,-62.8216,0.745439,-4.39388,0.086206,67.4671,-10.4112,15.1099,128.695,2.49903,132.913,0
20230101T000000.700000,6,7,288.701,-52.5375,-62.4341,0,0,0,69.7188,12.3846,16.023,135.52,-2.91584,140.546,1.20833e+26
20230101T000000.700000,6,8,288.602,-52.3319,-63.0597,0,0,0,69.7668,12.3087,16.1779,135.415,-2.93352,140.475,1.2444e+26
20230101T000000.700000,4,2,305.878,-46.2048,-63.0463,3.25373,-18.624,-0.0465534,67.6438,-11.0633,14.9184,128.834,2.61444,133.209,0
20230101T000000.700000,3,4,288.701,-52.5375,-62.4341,0,0,0,2500,0,0,2500,0,2500,0
20230101T000000.800000,6,9,275.76,-100.25,-62.5668,0,0,0,75.6829,22.564,15.3375,129.547,-5.57582,140.534,4.65598e+26
20230101T000000.800000,4,4,280.275,-98.7111,-62.5596,-0.834332,-4.57166,-0.0124293,67.6996,11.4548,14.7837,128.561,-2.69033,133.043,0
20230101T000000.900000,6,10,253.816,-147.245,-62.5001,0,0,0,85.1725,30.5107,14.1022,120.066,-8.181,140.543,1.63706e+25
20230101T000000.900000,3,5,253.816,-147.245,-62.5001,0,0,0,2500,0,0,2500,0,2500,0
20230101T000001,6,11,225.168,-188.117,-62.6701,0,0,0,96.3691,34.565,12.5452,108.864,-10.4809,140.534,4.9349e+24
20230101T000001,6,12,3343.34,3812.73,-519.445,0,0,0,23474.3,-20150.2,2774.41,18164.5,3163.93,41144.4,1.31468e+09
20230101T000001,4,5,230.016,-188.224,-62.661,-2.35652,-4.05739,-0.0159327,81.993,28.2202,13.0115,114.267,-7.54824,133.041,0
20230101T000001,3,6,3343.34,3812.73,-519.446,0,0,0,2500,0,0,2500,0,2500,0
20230101T000001.100000,6,13,193.191,229.354,-9.75211,0,0,0,110.763,-39.3182,1.675,97.2034,1.98853,143.949,7.91814e+27
20230101T000001.100000,3,7,193.191,229.354,-9.75211,0,0,0,2500,0,0,2500,0,2500,0
20230101T000001.200000,6,14,228.894,193.696,-10.1911,0,0,0,97.3769,-39.333,2.07377,110.573,1.75488,143.931,3.54812e+27
20230101T000001.200000,4,7,229.733,198.542,-10.1674,3.61799,-3.05061,-0.0411229,105.566,-36.279,1.54544,93.0548,1.83472,136.183,0
20230101T000001.300000,6,15,259.995,149.344,-10.451,0,0,0,83.8811,-34.4423,2.41553,124.058,1.38751,143.92,5.14303e+27
20230101T000001.300000,3,8,259.995,149.344,-10.451,0,0,0,2500,0,0,2500,0,2500,0
20230101T000001.400000,6,16,281.621,102.898,-10.3961,0,0,0,73.4878,-25.7042,2.60261,134.446,0.950931,143.915,6.85119e+27
20230101T000001.400000,4,8,284.165,107.258,-10.399,2.39304,-4.16696,0.00514835,80.7626,-31.7804,2.2287,117.834,1.28019,136.156,0
20230101T000001.500000,6,17,295.167,52.5604,-10.9145,0,0,0,66.5558,-13.7581,2.8638,141.368,0.509956,143.903,8.74835e+27
20230101T000001.500000,3,9,295.167,52.5604,-10.9145,0,0,0,2500,0,0,2500,0,2500,0
20230101T000001.600000,6,18,299.819,1.29867,-10.5537,0,0,0,64.1005,-0.345343,2.81273,143.827,0.0121834,143.908,3.9057e+27
20230101T000001.600000,4,9,303.725,4.55967,-10.5732,0.847342,-4.75256,0.0337981,64.7762,-12.6949,2.64231,133.807,0.470515,136.141,0
20230101T000001.700000,6,19,295.319,-51.9412,-9.70758,0,0,0,66.4775,13.6098,2.54841,141.464,-0.448219,143.925,5.18208e+27
20230101T000001.700000,6,20,295.236,-52.3737,-9.91969,0,0,0,66.521,13.7181,2.60337,141.418,-0.461827,143.921,5.1166e+27
20230101T000001.700000,3,10,295.319,-51.9412,-9.70758,0,0,0,2500,0,0,2500,0,2500,0
20230101T000001.700000,3,11,295.236,-52.3737,-9.91969,0,0,0,2500,0,0,2500,0,2500,0
20230101T000001.800000,6,21,281.839,-102.372,-9.71223,0,0,0,73.3824,25.5997,2.4333,134.562,-0.883842,143.928,1.59067e+26
20230101T000001.800000,4,11,286.68,-100.654,-9.72343,-0.847045,-4.78021,0.0194314,64.7441,12.6579,2.40202,133.852,-0.426109,136.158,0
20230101T000001.900000,6,22,259.806,-149.693,-10.1313,0,0,0,83.9702,34.5017,2.3399,123.972,-1.34818,143.924,6.97271e+25
20230101T000001.900000,4,10,278.155,-149.494,-10.109,-3.30072,-18.7603,-0.0772025,64.7536,12.5864,2.35666,134.102,-0.414494,136.373,0
20230101T000002,6,23,229.603,-192.86,-10.1077,0,0,0,97.0897,39.2858,2.06317,110.861,-1.733,143.933,9.39994e+25
20230101T000002,3,12,229.603,-192.86,-10.1077,0,0,0,2500,0,0,2500,0,2500,0
20230101T000002.100000,6,24,192.152,226.646,41.5866,0,0,0,109.596,-37.3535,-7.10433,97.2062,-8.37964,142.495,7.74872e+26
20230101T000002.100000,3,13,192.152,226.646,41.5866,0,0,0,2500,0,0,2500,0,2500,0
20230101T000002.200000,6,25,228.873,189.113,43.2318,0,0,0,96.2428,-37.0107,-8.7964,110.453,-7.2683,142.363,3.46514e+27
20230101T000002.200000,4,13,230,194.262,43.1436,3.74734,-3.20626,0.154162,104.53,-34.5007,-6.55481,93.0865,-7.73147,134.841,0
20230101T000002.300000,6,26,257.308,148.094,43.2657,0,0,0,84.4158,-32.5803,-9.89664,122.271,-5.69603,142.354,2.82301e+27
20230101T000002.300000,3,14,257.308,148.094,43.2657,0,0,0,2500,0,0,2500,0,2500,0
20230101T000002.400000,6,27,279.344,100.932,42.2808,0,0,0,74.3148,-24.1496,-10.4993,132.427,-3.79358,142.423,3.50919e+27
20230101T000002.400000,4,14,282.041,105.384,42.3341,2.44878,-4.22878,-0.0922398,81.2745,-30.0949,-9.13118,116.242,-5.25547,134.711,0
20230101T000002.500000,6,28,292.479,50.8746,43.2797,0,0,0,67.8778,-12.7211,-11.2525,138.799,-1.95728,142.344,9.32341e+26
20230101T000002.500000,3,15,292.479,50.8746,43.2797,0,0,0,2500,0,0,2500,0,2500,0
20230101T000002.600000,6,29,297.112,0.0524348,41.5842,0,0,0,65.5372,-0.0133603,-10.9828,141.241,-0.00193827,142.471,1.25619e+27
20230101T000002.600000,4,15,300.998,3.25698,41.6763,0.843469,-4.71463,-0.158747,65.9982,-11.7507,-10.3822,131.509,-1.8059,134.702,0
20230101T000002.700000,6,30,292.672,-51.135,41.6256,0,0,0,67.7825,12.8334,-10.8295,138.993,1.8921,142.467,1.41795e+27
20230101T000002.700000,3,16,292.672,-51.135,41.6256,0,0,0,2500,0,0,2500,0,2500,0
20230101T000002.800000,6,31,279.471,-100.855,41.6163,0,0,0,74.2624,24.1711,-10.339,132.518,3.73109,142.473,5.0922e+26
20230101T000002.800000,4,16,284.283,-99.1861,41.6168,-0.830611,-4.75755,-0.000862257,65.91,11.8534,-9.99189,131.683,1.74576,134.816,0
20230101T000002.900000,6,32,257.17,-148.578,42.4112,0,0,0,84.5031,32.7206,-9.69589,122.234,5.60172,142.417,5.48791e+24
20230101T000002.900000,3,17,257.17,-148.578,42.4112,0,0,0,2500,0,0,2500,0,2500,0
20230101T000003,6,33,228.119,-190.155,42.6346,0,0,0,96.5691,37.133,-8.64628,110.163,7.20734,142.408,2.50566e+26
20230101T000003,4,17,233.09,-190.212,42.6225,-2.38414,-4.12222,0.0209231,81.3544,30.2231,-8.94596,116.206,5.16845,134.77,0
20230101T000003.100000,6,34,313.015,375.532,-105.304,0,0,0,257.986,-149.268,44.3037,203.323,53.1524,385.242,6.62142e+25
20230101T000003.100000,3,18,313.015,375.532,-105.304,0,0,0,2500,0,0,2500,0,2500,0
20230101T000003.200000,6,35,375.799,312.955,-104.482,0,0,0,203.161,-149.486,52.7743,258.177,43.9491,385.459,5.77744e+24
20230101T000003.200000,4,18,372.313,326.292,-104.594,5.87116,-4.87525,0.0702918,226.693,-126.468,37.2978,180.38,44.7472,332.861,0
20230101T000003.300000,6,36,423.21,244.5,-105.767,0,0,0,154.906,-131.325,60.1628,306.348,34.7577,385.081,1.10312e+25
20230101T000003.300000,3,19,423.21,244.5,-105.767,0,0,0,2500,0,0,2500,0,2500,0
20230101T000003.400000,6,37,460.019,165.946,-104.452,0,0,0,113.667,-97.0322,64.5821,347.646,23.2972,385.442,1.27605e+25
20230101T000003.400000,4,19,461.146,179.312,-104.632,3.75609,-6.45424,0.112384,139.362,-111.274,50.6495,267.682,29.2616,332.728,0
20230101T000003.500000,6,38,481.659,84.4574,-104.565,0,0,0,87.7612,-51.7001,67.6934,373.541,11.8698,385.405,1.49474e+24
20230101T000003.500000,6,39,482.152,79.6384,-106.07,0,0,0,87.1681,-48.7149,68.7377,374.054,11.3536,384.98,1.38595e+24
20230101T000003.500000,3,20,481.659,84.4574,-104.565,0,0,0,2500,0,0,2500,0,2500,0
20230101T000003.500000,3,21,482.152,79.6384,-106.07,0,0,0,2500,0,0,2500,0,2500,0
20230101T000003.600000,6,40,489.02,0.975542,-104.494,0,0,0,78.6771,-0.606345,68.6813,382.625,0.137012,385.42,1.39565e+25
20230101T000003.600000,4,21,493.625,11.9693,-104.71,1.13591,-6.69993,0.134585,81.9667,-41.2786,57.8689,325.06,9.55836,332.644,0
20230101T000003.700000,6,41,481.247,-87.5301,-103.941,0,0,0,88.2649,53.5735,67.2318,373.072,-12.2282,385.581,1.86113e+24
20230101T000003.700000,6,42,481.058,-87.2867,-105.016,0,0,0,88.5008,53.3377,67.9005,372.779,-12.3204,385.28,1.91661e+24
20230101T000003.700000,3,22,481.247,-87.5301,-103.941,0,0,0,2500,0,0,2500,0,2500,0
20230101T000003.700000,3,23,481.058,-87.2867,-105.016,0,0,0,2500,0,0,2500,0,2500,0
20230101T000003.800000,6,43,459.66,-167.129,-104.153,0,0,0,114.096,97.6809,64.3474,347.235,-23.3963,385.527,7.17752e+24
20230101T000003.800000,4,22,468.381,-158.071,-104.124,-1.27388,-6.98426,-0.0181579,82.8972,45.3833,56.601,324.164,-10.2947,333.15,0
20230101T000003.900000,6,44,423.065,-245.463,-104.097,0,0,0,155.181,132.052,59.1928,306.161,-34.3438,385.551,2.51834e+23
20230101T000003.900000,6,45,10380.7,3413.48,-1339.28,0,0,0,21289.7,-55824.8,22237,172702,7312.15,191060,3.13748e+09
20230101T000003.900000,6,46,8120.77,3656.57,-1224.82,0,0,0,23440.7,-46588.6,15906.5,105930,7162.27,126909,4.85466e+08
20230101T000003.900000,6,47,6382.12,2609.97,-1127.15,0,0,0,12694,-25917.4,11500.3,65470.5,4703.05,76071,1.90201e+08
20230101T000003.900000,6,48,1572.93,1953.49,-6.44828,0,0,0,6131,-4885.03,16.1251,3997.44,20.0265,10064.4,1.34658e+09
20230101T000003.900000,6,49,5107.78,6790.77,-260.449,0,0,0,73845.7,-55414.4,2127.33,41853.2,2828.27,115526,1.55279e+08
20230101T000003.900000,3,24,423.065,-245.463,-104.097,0,0,0,2500,0,0,2500,0,2500,0
20230101T000003.900000,3,25,10380.7,3413.48,-1339.28,0,0,0,2500,0,0,2500,0,2500,0
20230101T000003.900000,3,26,8120.77,3656.57,-1224.82,0,0,0,2500,0,0,2500,0,2500,0
20230101T000003.900000,3,27,6382.12,2609.97,-1127.15,0,0,0,2500,0,0,2500,0,2500,0
20230101T000003.900000,3,28,1572.93,1953.49,-6.44828,0,0,0,2500,0,0,2500,0,2500,0
20230101T000003.900000,3,29,5107.78,6790.77,-260.449,0,0,0,2500,0,0,2500,0,2500,0
20230101T000004,6,50,375.293,-313.59,-104.394,0,0,0,203.654,149.603,52.6591,257.687,-44.0012,385.482,7.60433e+22
20230101T000004,6,51,2319.49,940.547,-159.985,0,0,0,1505.31,-3454.09,589.961,8622.87,239.227,10023.7,6.20053e+08
20230101T000004,6,52,3801.46,1311.77,-98.7877,0,0,0,2824.29,-7954.08,599.375,23130.3,206.826,25875,8.60798e+07
20230101T000004,6,53,10419.6,3474.68,-751.102,0,0,0,20187,-57637.5,12517.7,173805,4174.36,193026,7.815e+08
20230101T000004,6,54,6331.78,2908.04,-515.382,0,0,0,13934.3,-29275.6,5216.98,64231.5,2396.04,77677.5,8.01842e+07
20230101T000004,6,55,8291.71,3449.67,-406.262,0,0,0,19319.9,-45649.5,5387.1,110052,2241.24,129044,3.14454e+08
20230101T000004,6,56,6056.3,2135.57,-594.453,0,0,0,7856.38,-20496.7,5754.76,58755.6,2029.24,65983.7,4.32606e+07
20230101T000004,6,57,1646.25,1891.3,-56.1227,0,0,0,5752.94,-4947.49,146.887,4375.47,168.751,10059.4,6.19714e+08
20230101T000004,6,58,2929.24,3425.38,-193.328,0,0,0,18825.4,-15993,904.308,13800.2,1057.47,32502.1,3.23612e+07
20230101T000004,6,59,6070.29,5951.49,-56.3845,0,0,0,56707.6,-57769.1,547.33,58991.4,536.618,115630,2.96442e+07
20230101T000004,6,60,3554.57,4095.05,-83.887,0,0,0,26863.5,-23252.6,476.443,20258.8,548.888,47047.1,5.68229e+07
20230101T000004,4,24,386.719,-308.016,-104.354,-3.59856,-6.19335,-0.025414,139.584,111.866,49.833,267.484,-28.9132,333.123,0
20230101T000004,4,25,10381.4,3414.34,-1331.74,0.0685283,0.0847472,0.746386,331.95,-710.307,278.745,2258.5,91.6592,2456.58,0
20230101T000004,4,26,8124.79,3652.89,-1209.22,0.397295,-0.364922,1.5447,506.491,-886.702,297.125,2076.48,133.788,2431.82,0
20230101T000004,4,27,6381.45,2619.83,-1108.1,-0.0662161,0.976306,1.88576,456.776,-812.625,351.252,2111.56,143.645,2383.89,0
20230101T000004,4,28,1587.94,1941.38,-16.4121,1.48581,-1.19949,-0.986522,1249.17,-955.551,3.15419,831.83,3.91732,2018.56,0
20230101T000004,3,30,2319.49,940.547,-159.985,0,0,0,2500,0,0,2500,0,2500,0
20230101T000004,3,31,3801.46,1311.77,-98.7877,0,0,0,2500,0,0,2500,0,2500,0
20230101T000004,3,32,6056.3,2135.57,-594.453,0,0,0,2500,0,0,2500,0,2500,0
20230101T000004,3,33,2929.24,3425.38,-193.328,0,0,0,2500,0,0,2500,0,2500,0
20230101T000004,3,34,6070.29,5951.49,-56.3845,0,0,0,2500,0,0,2500,0,2500,0
20230101T000004,3,35,3554.57,4095.06,-83.887,0,0,0,2500,0,0,2500,0,2500,0
20230101T000004.100000,6,61,322.033,382.262,-16.2203,0,0,0,260.512,-165.251,7.02085,203.568,8.33394,399.794,1.22093e+26
20230101T000004.100000,3,36,322.033,382.262,-16.2203,0,0,0,2500,0,0,2500,0,2500,0
20230101T000004.200000,6,62,381.496,322.885,-16.9517,0,0,0,204.321,-165.336,8.69217,259.735,7.35674,399.743,5.45421e+25
20230101T000004.200000,4,36,377.564,335.439,-16.8516,5.49814,-4.63589,-0.0625005,227.878,-139.14,5.91061,179.932,7.01606,345.111,0
20230101T000004.300000,6,63,433.378,248.906,-17.3741,0,0,0,147.557,-144.777,10.1203,316.482,5.81245,399.71,7.90307e+25
20230101T000004.300000,3,37,433.378,248.906,-17.3741,0,0,0,2500,0,0,2500,0,2500,0
20230101T000004.400000,6,64,469.413,171.516,-17.2931,0,0,0,103.885,-108.059,10.9106,360.144,3.98655,399.703,1.05064e+26
20230101T000004.400000,4,37,470.127,184.913,-17.3041,3.63846,-6.33592,0.00692285,132.774,-121.904,8.51999,275.011,4.89336,345.044,0
20230101T000004.500000,6,65,491.99,87.6301,-18.157,0,0,0,74.748,-57.8558,12.0066,389.269,2.13854,399.658,1.34661e+26
20230101T000004.500000,3,38,491.99,87.6301,-18.157,0,0,0,2500,0,0,2500,0,2500,0
20230101T000004.600000,6,66,499.75,2.16211,-17.5529,0,0,0,64.4204,-1.45015,11.7902,399.601,0.0510092,399.686,6.01216e+25
20230101T000004.600000,4,38,505.017,14.5987,-17.6356,1.28977,-7.23084,0.051624,71.468,-48.7164,10.1081,336.304,1.80039,345.001,0
20230101T000004.700000,6,67,492.249,-86.5583,-16.1397,0,0,0,74.4078,57.1972,10.6782,389.625,-1.87769,399.749,7.9799e+25
20230101T000004.700000,6,68,492.104,-87.3218,-16.4959,0,0,0,74.6011,57.6814,10.9107,389.43,-1.93606,399.735,7.87929e+25
20230101T000004.700000,3,39,492.249,-86.5584,-16.1397,0,0,0,2500,0,0,2500,0,2500,0
20230101T000004.700000,3,40,492.104,-87.3218,-16.4959,0,0,0,2500,0,0,2500,0,2500,0
20230101T000004.800000,6,69,469.769,-170.655,-16.1436,0,0,0,103.445,107.618,10.1931,360.595,-3.70288,399.756,2.44415e+24
20230101T000004.800000,4,40,479.087,-160.753,-16.1918,-1.28876,-7.27046,0.0301094,71.344,48.568,9.1855,336.432,-1.62993,345.067,0
20230101T000004.900000,6,70,433.053,-249.508,-16.8477,0,0,0,147.943,145.031,9.80632,316.101,-5.65003,399.736,1.06978e+24
20230101T000004.900000,3,41,433.053,-249.508,-16.8477,0,0,0,2500,0,0,2500,0,2500,0
20230101T000005,6,71,382.672,-321.499,-16.8091,0,0,0,203.119,165.138,8.64566,260.94,-7.26358,399.752,1.44972e+24
20230101T000005,4,41,395.141,-315.329,-16.8144,-3.75366,-6.51689,0.0032981,133.098,122.117,8.2557,274.689,-4.75662,345.065,0
20230101T000005.100000,6,72,320.29,377.785,69.1726,0,0,0,257.808,-158.86,-29.7788,205.115,-35.1243,393.716,1.19425e+25
20230101T000005.100000,3,42,320.29,377.785,69.1726,0,0,0,2500,0,0,2500,0,2500,0
20230101T000005.200000,6,73,381.457,315.279,71.8925,0,0,0,201.193,-157.586,-36.86,261.61,-30.4652,393.18,5.33757e+25
20230101T000005.200000,4,42,377.901,328.495,71.5212,5.70408,-4.88021,0.23254,226.001,-134.097,-25.0698,181.521,-29.57,339.995,0
20230101T000005.300000,6,74,428.896,246.866,71.9584,0,0,0,150.809,-138.728,-41.4817,311.981,-23.8762,393.156,4.3399e+25
20230101T000005.300000,3,43,428.896,246.866,71.9584,0,0,0,2500,0,0,2500,0,2500,0
20230101T000005.400000,6,75,465.62,168.279,70.3158,0,0,0,107.793,-102.785,-44.0054,355.045,-15.9039,393.458,5.3969e+25
20230101T000005.400000,4,43,466.567,181.816,70.5407,3.72981,-6.44059,-0.140373,135.696,-117.131,-34.9224,271.776,-20.1008,339.526,0
20230101T000005.500000,6,76,487.527,84.8587,71.953,0,0,0,80.3935,-54.2057,-47.1485,382.379,-8.20663,393.139,1.43394e+25
20230101T000005.500000,3,44,487.527,84.8587,71.953,0,0,0,2500,0,0,2500,0,2500,0
20230101T000005.600000,6,77,495.26,0.114962,69.1286,0,0,0,70.423,-0.0747511,-46.0162,392.452,-0.0106815,393.675,1.9332e+25
20230101T000005.600000,4,44,500.519,12.2864,69.5159,1.2863,-7.18539,-0.241296,76.2424,-45.7671,-39.6934,331.216,-6.909,339.514,0
20230101T000005.700000,6,78,487.861,-85.2388,69.2026,0,0,0,79.9752,54.5934,-45.3773,382.9,7.92829,393.664,2.18322e+25
20230101T000005.700000,3,45,487.861,-85.2388,69.2026,0,0,0,2500,0,0,2500,0,2500,0
20230101T000005.800000,6,79,465.864,-168.081,69.1901,0,0,0,107.524,102.799,-43.3237,355.36,15.6309,393.675,7.82354e+24
20230101T000005.800000,4,45,475.084,-158.407,69.1919,-1.2651,-7.24441,-0.00105813,75.8887,46.0842,-38.2022,331.598,6.67467,339.956,0
20230101T000005.900000,6,80,428.67,-247.655,70.5912,0,0,0,151.138,139.236,-40.6722,311.705,23.4974,393.421,8.43413e+22
20230101T000005.900000,6,81,2277.82,1041.08,134.063,0,0,0,1810.73,-3759.22,-485.488,8317.52,-221.893,10035.9,8.91436e+08
20230101T000005.900000,6,82,9763.04,4949.86,1177.82,0,0,0,41017.9,-76400.3,-18392.5,152974,-9325.01,191710,1.25003e+09
20230101T000005.900000,6,83,6384.54,6323.91,251.916,0,0,0,64070.4,-64517.7,-2572.12,65301.8,-2547.69,129207,4.65867e+08
20230101T000005.900000,6,84,4729.66,5135.66,263.069,0,0,0,42280.1,-38776.8,-1989.13,35886,-2159.88,77991.5,1.7231e+08
20230101T000005.900000,6,85,6303.02,5642.64,839.312,0,0,0,51603.8,-56313.4,-8459.63,64094.5,-7573.3,114508,1.14398e+08
20230101T000005.900000,3,46,428.67,-247.655,70.5912,0,0,0,2500,0,0,2500,0,2500,0
20230101T000005.900000,3,47,2277.82,1041.08,134.063,0,0,0,2500,0,0,2500,0,2500,0
20230101T000005.900000,3,48,9763.04,4949.86,1177.82,0,0,0,2500,0,0,2500,0,2500,0
20230101T000005.900000,3,49,6384.54,6323.91,251.916,0,0,0,2500,0,0,2500,0,2500,0
20230101T000005.900000,3,50,4729.66,5135.66,263.069,0,0,0,2500,0,0,2500,0,2500,0
20230101T000005.900000,3,51,6303.02,5642.64,839.312,0,0,0,2500,0,0,2500,0,2500,0
20230101T000006,6,86,380.242,-316.964,70.9343,0,0,0,202.497,158.034,-36.2529,260.346,30.2199,393.368,3.84683e+24
20230101T000006,4,46,391.983,-311.088,70.8875,-3.63237,-6.28053,0.0293339,135.966,117.547,-34.2409,271.52,19.7819,339.749,0
20230101T000006.100000,6,87,438.129,525.613,-147.34,0,0,0,481.345,-321.292,94.8537,363.714,113.794,751.996,3.86519e+24
20230101T000006.100000,3,52,438.129,525.613,-147.34,0,0,0,2500,0,0,2500,0,2500,0
20230101T000006.200000,6,88,7351.69,-7328.56,454.406,0,0,0,86130.3,86006.6,-5343.06,86672.2,5326.25,172408,2.31869e+09
20230101T000006.200000,6,89,3779.01,-5008.98,-384.565,0,0,0,40252.8,30142,2322.89,23040.9,-3078.93,62993.6,4.0987e+08
20230101T000006.200000,6,90,3141.58,-1496.57,-193.37,0,0,0,3684.32,7474.55,968.779,15814.1,-461.502,19375,7.02023e+08
20230101T000006.200000,6,91,526.01,438.014,-146.212,0,0,0,363.314,-321.723,113.007,481.768,94.1023,752.462,3.37396e+23
20230101T000006.200000,4,52,511.834,464.404,-146.479,7.29759,-6.06027,0.085297,376.211,-241.776,70.593,287.692,84.6888,574.446,0
20230101T000006.200000,3,53,7351.69,-7328.56,454.406,0,0,0,2500,0,0,2500,0,2500,0
20230101T000006.200000,3,54,3779.01,-5008.98,-384.565,0,0,0,2500,0,0,2500,0,2500,0
20230101T000006.200000,3,55,3141.58,-1496.57,-193.37,0,0,0,2500,0,0,2500,0,2500,0
20230101T000006.300000,6,92,592.319,342.296,-147.995,0,0,0,259.57,-282.73,128.805,585.426,74.4351,751.675,6.44104e+23
20230101T000006.300000,3,56,592.319,342.296,-147.995,0,0,0,2500,0,0,2500,0,2500,0
20230101T000006.400000,6,93,643.891,232.27,-146.154,0,0,0,170.723,-208.843,138.277,674.335,49.8805,752.462,7.4381e+23
20230101T000006.400000,4,56,639.52,261.218,-146.59,4.67333,-8.02752,0.139099,209.334,-212.782,95.8615,454.574,55.3975,574.212,0
20230101T000006.500000,6,94,2428.22,-2499.75,-40.0893,0,0,0,10030.3,9678.66,155.24,9468.28,-159.813,19432.1,8.84306e+08
20230101T000006.500000,6,95,7378.4,-7296.25,534.453,0,0,0,85439.7,85875,-6307.12,87362.8,6236.9,172282,1.34843e+09
20230101T000006.500000,6,96,6087.44,-6745.79,-146.831,0,0,0,72853.2,65654.3,1429.43,59345.4,-1584.02,132100,1.92629e+08
20230101T000006.500000,6,97,4216.55,-4648.09,367.036,0,0,0,34693.7,31219.2,-2473.69,28600,2726.86,63014.6,1.38191e+08
20230101T000006.500000,6,98,674.16,118.284,-146.336,0,0,0,115,-111.339,144.958,730.038,25.4335,752.37,8.71846e+22
20230101T000006.500000,6,99,674.876,111.307,-148.486,0,0,0,113.667,-104.712,147.244,731.286,24.2848,751.436,8.08437e+22
20230101T000006.500000,4,53,7352.11,-7328.07,455.649,0.115654,0.137238,0.342218,1370.95,1307.52,-81.0751,1379.19,80.8201,2677.67,0
20230101T000006.500000,3,57,2428.22,-2499.75,-40.0893,0,0,0,2500,0,0,2500,0,2500,0
20230101T000006.500000,3,58,6087.44,-6745.79,-146.831,0,0,0,2500,0,0,2500,0,2500,0
20230101T000006.500000,3,59,4216.55,-4648.09,367.035,0,0,0,2500,0,0,2500,0,2500,0
20230101T000006.500000,3,60,674.16,118.284,-146.336,0,0,0,2500,0,0,2500,0,2500,0
20230101T000006.500000,3,61,674.876,111.307,-148.486,0,0,0,2500,0,0,2500,0,2500,0
20230101T000006.600000,6,100,684.483,1.36693,-146.215,0,0,0,95.4157,-1.30649,147.056,749.628,0.293675,752.423,8.15168e+23
20230101T000006.600000,4,61,689.111,27.3192,-146.754,1.40938,-8.31561,0.171529,99.5274,-78.8126,109.586,564.387,18.0739,574.039,0
20230101T000006.700000,6,101,673.603,-122.452,-145.481,0,0,0,116.048,115.24,143.992,729.027,-26.1759,752.741,1.08598e+23
20230101T000006.700000,6,102,673.296,-122.299,-147.017,0,0,0,116.631,114.911,145.446,728.383,-26.4191,752.08,1.11835e+23
20230101T000006.700000,6,103,7080.98,7587.86,-495.759,0,0,0,92333.8,-85739.2,5614.65,80468.7,6016.57,172346,1.88025e+09
20230101T000006.700000,6,104,3625.96,5126.31,-303.482,0,0,0,42116.9,-29640.9,1758.88,21176.9,2486.67,63082.7,3.94588e+08
20230101T000006.700000,6,105,5141.5,7422.12,-1030.19,0,0,0,88711.6,-60232.9,8470.66,43486.2,12228,130437,4.03578e+08
20230101T000006.700000,3,62,673.603,-122.452,-145.481,0,0,0,2500,0,0,2500,0,2500,0
20230101T000006.700000,3,63,673.296,-122.299,-147.017,0,0,0,2500,0,0,2500,0,2500,0
20230101T000006.700000,3,64,7080.98,7587.86,-495.759,0,0,0,2500,0,0,2500,0,2500,0
20230101T000006.700000,3,65,3625.96,5126.31,-303.482,0,0,0,2500,0,0,2500,0,2500,0
20230101T000006.700000,3,66,5141.5,7422.12,-1030.19,0,0,0,2500,0,0,2500,0,2500,0
20230101T000006.800000,6,106,643.379,-233.937,-145.742,0,0,0,171.655,210.239,137.778,673.417,-50.097,752.636,4.18805e+23
20230101T000006.800000,6,107,3986.73,4843,-412.395,0,0,0,37663,-30727.6,2627.91,25630.6,3192.33,62958.1,6.70651e+08
20230101T000006.800000,4,62,657.616,-210.174,-145.68,-1.58284,-8.6853,-0.0197343,101.323,86.6955,107.165,562.47,-19.4812,575.009,0
20230101T000006.800000,4,65,3640.26,5115.94,-307.667,1.4164,-1.02638,-0.414282,1640.87,-1112.58,65.8717,854.883,93.1281,2422.53,0
20230101T000006.900000,6,108,592.055,-343.697,-145.783,0,0,0,260.229,284.232,126.823,584.85,-73.6228,752.627,1.46778e+22
20230101T000006.900000,6,109,6473.49,2539.79,55.6961,0,0,0,10380.6,-26282.6,-576.4,67059,-226.143,77370.6,2.04649e+07
20230101T000006.900000,6,110,6664.02,2602.4,-409.325,0,0,0,11123.9,-27635.4,4361,71098.6,1703.03,81890.8,2.8111e+07
20230101T000006.900000,6,111,2123.81,2773.34,-20.6466,0,0,0,12330.2,-9392.88,69.9295,7257.71,91.316,19523.2,3.19117e+08
20230101T000006.900000,6,112,2698.93,3117.4,330.689,0,0,0,15651.3,-13343.8,-1424.68,11791.1,-1645.57,27204.3,5.76103e+07
20230101T000006.900000,6,113,6431.88,7445.91,-1485.45,0,0,0,90242,-74848.4,15280.6,68248.1,17689.7,154898,6.56573e+07
20230101T000006.900000,6,114,7150.64,7523.99,-46.0437,0,0,0,90608.7,-86048.5,526.592,81846,554.087,172387,4.39368e+09
20230101T000006.900000,6,115,5359.58,5882.73,-933.772,0,0,0,56031.7,-49720.3,8002.41,46756.9,8783.53,101331,1.42756e+07
20230101T000006.900000,6,116,5263.5,5457.72,-325.328,0,0,0,47771.1,-45846.2,2737.89,44448,2838.91,91986,1.16495e+08
20230101T000006.900000,6,117,4278.4,6458.93,-912.683,0,0,0,67174.1,-43571.5,6243.6,30257.7,9425.72,96036.8,2.8892e+07
20230101T000006.900000,6,118,4652.91,5150.47,427.581,0,0,0,42603.9,-38166.2,-3180.56,34835.5,-3520.68,77083.3,2.096e+07
20230101T000006.900000,6,119,3054.93,3685.78,90.4048,0,0,0,21767.3,-17977.8,-441.117,14977.8,-532.209,36668.1,7.02007e+07
20230101T000006.900000,6,120,3473.37,5183.2,-820.988,0,0,0,43338.5,-28277.2,4557.95,20090.5,6801.67,62288.8,9.7793e+07
20230101T000006.900000,6,121,4058.35,3557.83,532.073,0,0,0,20545,-22846.3,-3450.24,26576.7,-3024.72,46606,1.63064e+07
20230101T000006.900000,6,122,4128.22,5329.4,123.845,0,0,0,45477.1,-35158.6,-817.297,27322.8,-1055.1,72711.4,2.16394e+07
20230101T000006.900000,6,123,3723.85,4798.85,-451.383,0,0,0,36992.8,-28403.6,2686.51,22430.5,3462.05,59034,1.17148e+07
20230101T000006.900000,4,64,7075.26,7579.67,-488.608,-1.09994,-1.57453,1.37513,1400.81,-1243.63,81.2564,1228.7,87.0731,2555.76,0
20230101T000006.900000,4,65,3636.87,5121.96,-327.526,6.75966,8.70822,-4.8046,1613.68,-1115.11,66.7143,834.277,93.8631,2400.31,0
20230101T000006.900000,3,67,592.055,-343.697,-145.783,0,0,0,2500,0,0,2500,0,2500,0
20230101T000006.900000,3,68,6473.49,2539.79,55.6961,0,0,0,2500,0,0,2500,0,2500,0
20230101T000006.900000,3,69,6664.02,2602.4,-409.325,0,0,0,2500,0,0,2500,0,2500,0
20230101T000006.900000,3,70,2123.81,2773.34,-20.6466,0,0,0,2500,0,0,2500,0,2500,0
20230101T000006.900000,3,71,2698.93,3117.4,330.689,0,0,0,2500,0,0,2500,0,2500,0
20230101T000006.900000,3,72,6431.88,7445.91,-1485.45,0,0,0,2500,0,0,2500,0,2500,0
20230101T000006.900000,3,73,5359.58,5882.73,-933.772,0,0,0,2500,0,0,2500,0,2500,0
20230101T000006.900000,3,74,5263.5,5457.72,-325.328,0,0,0,2500,0,0,2500,0,2500,0
20230101T000006.900000,3,75,4278.4,6458.93,-912.683,0,0,0,2500,0,0,2500,0,2500,0
20230101T000006.900000,3,76,4652.91,5150.47,427.581,0,0,0,2500,0,0,2500,0,2500,0
20230101T000006.900000,3,77,3054.93,3685.78,90.4048,0,0,0,2500,0,0,2500,0,2500,0
20230101T000006.900000,3,78,4058.35,3557.83,532.073,0,0,0,2500,0,0,2500,0,2500,0
20230101T000006.900000,3,79,4128.22,5329.39,123.845,0,0,0,2500,0,0,2500,0,2500,0
20230101T000006.900000,3,80,3723.85,4798.85,-451.383,0,0,0,2500,0,0,2500,0,2500,0
20230101T000007,6,124,525.278,-438.888,-146.228,0,0,0,364.387,321.911,112.863,480.695,-94.3008,752.456,4.42838e+21
20230101T000007,6,125,3787.08,1045.62,-177.717,0,0,0,1855.61,-6306.41,1074.06,22955.3,296.551,24696.7,9.67629e+07
20230101T000007,6,126,9516,4108.42,-571.931,0,0,0,27501.6,-62339.6,8704.77,144979,3758.18,171894,2.77281e+09
20230101T000007,6,127,6798.09,3367.12,-298.494,0,0,0,18305.8,-36541.8,3244.45,73983,1606.99,92082.4,1.99924e+08
20230101T000007,6,128,7947.5,2138.06,205.108,0,0,0,7436.5,-27154.7,-2606.62,101069,-701.241,108375,6.27956e+07
20230101T000007,6,129,10416.4,2641.93,-1345.97,0,0,0,13950.3,-43325.2,22424.6,173781,5687.59,184771,5.24057e+07
20230101T000007,6,130,5563.33,1787.32,478.648,0,0,0,5501.14,-15784.3,-4255.65,49561.2,-1367.21,54632.7,2.29228e+07
20230101T000007,6,131,8117.84,3067.16,-207.527,0,0,0,15168.2,-39794,2694.04,105456,1017.89,120491,1.45111e+07
20230101T000007,6,132,8014.81,3828.75,-64.5329,0,0,0,23512.5,-49071.3,827.131,102793,395.128,126235,5.36943e+07
20230101T000007,6,133,4423.22,1817.43,-360.93,0,0,0,5517.66,-12766.6,2549.91,31343,1047.72,36589,7.46994e+07
20230101T000007,6,134,5942.88,1944.05,-649.24,0,0,0,6713.36,-18267.2,6167.12,56579.9,2017.41,62556.2,1.04139e+07
20230101T000007,6,135,4806.13,2520.05,372.564,0,0,0,10385.2,-19261.2,-2861.07,37019.9,-1500.18,47119.6,8.31683e+06
20230101T000007,6,136,6035.87,3223.17,-1145.85,0,0,0,18305.2,-30228.7,11056.7,58770.6,5904.34,74914.6,8.72858e+06
20230101T000007,6,137,6960.94,1413.42,-946.989,0,0,0,4634.83,-15449.9,10538.9,77586.7,2139.92,80725,1.12883e+07
20230101T000007,6,138,2232.94,2102.21,262.859,0,0,0,7163.13,-7423.69,-935.154,8059.44,-880.403,15049,4.53895e+07
20230101T000007,6,139,2232.36,2684.18,8.62083,0,0,0,11554,-9555.76,-30.6906,8011.37,-36.9023,19501.2,6.27153e+08
20230101T000007,6,140,3178.13,3291.98,-73.8157,0,0,0,17374.5,-16703.4,374.637,16198.5,388.057,33500.3,2.41114e+07
20230101T000007,6,141,2357.44,3408.34,-269.34,0,0,0,18645,-12771.8,1013.57,9013.63,1465.39,27479.1,2.2721e+07
20230101T000007,6,142,8353.12,5081.57,-1935.11,0,0,0,45733.7,-65227.4,25852.3,113274,15727.1,152958,5.8859e+07
20230101T000007,6,143,6442.72,4350.64,820.426,0,0,0,31068,-44319,-8451.71,66771,-5707.26,96699.4,1.04293e+07
20230101T000007,6,144,5979.27,5973.78,294.255,0,0,0,57199.1,-57048.9,-2813.52,57303.8,-2810.93,114300,5.64754e+07
20230101T000007,6,145,5200.13,4284.83,242.437,0,0,0,29469.8,-35573.2,-2015.35,43330.1,-1660.62,72642,5.07782e+06
20230101T000007,6,146,5246.68,7958.32,-34.1854,0,0,0,101356,-66777.4,286.85,44090.2,435.102,145380,1.14876e+08
20230101T000007,6,147,3529.7,4412.75,73.3184,0,0,0,31184.1,-24885.7,-413.548,19978.3,-517.008,51089.8,1.46729e+07
20230101T000007,4,67,546.932,-421.299,-146.123,-4.46761,-7.68343,-0.0336601,209.795,213.838,94.387,454.019,-54.793,574.922,0
20230101T000007,4,70,2135.4,2762.01,-17.2828,1.14743,-1.12191,0.333053,1432.44,-1049.1,7.81023,865.889,10.1988,2235.77,0
20230101T000007,3,81,3787.08,1045.62,-177.717,0,0,0,2500,0,0,2500,0,2500,0
20230101T000007,3,82,9516,4108.42,-571.931,0,0,0,2500,0,0,2500,0,2500,0
20230101T000007,3,83,6798.09,3367.12,-298.494,0,0,0,2500,0,0,2500,0,2500,0
20230101T000007,3,84,7947.5,2138.06,205.108,0,0,0,2500,0,0,2500,0,2500,0
20230101T000007,3,85,10416.4,2641.93,-1345.97,0,0,0,2500,0,0,2500,0,2500,0
20230101T000007,3,86,5563.33,1787.32,478.648,0,0,0,2500,0,0,2500,0,2500,0
20230101T000007,3,87,8117.84,3067.16,-207.527,0,0,0,2500,0,0,2500,0,2500,0
20230101T000007,3,88,8014.81,3828.75,-64.5329,0,0,0,2500,0,0,2500,0,2500,0
20230101T000007,3,89,4423.22,1817.43,-360.93,0,0,0,2500,0,0,2500,0,2500,0
20230101T000007,3,90,5942.88,1944.05,-649.24,0,0,0,2500,0,0,2500,0,2500,0
20230101T000007,3,91,4806.13,2520.05,372.564,0,0,0,2500,0,0,2500,0,2500,0
20230101T000007,3,92,6035.87,3223.17,-1145.85,0,0,0,2500,0,0,2500,0,2500,0
20230101T000007,3,93,6960.94,1413.42,-946.989,0,0,0,2500,0,0,2500,0,2500,0
20230101T000007,3,94,2232.94,2102.21,262.859,0,0,0,2500,0,0,2500,0,2500,0
20230101T000007,3,95,3178.13,3291.98,-73.8157,0,0,0,2500,0,0,2500,0,2500,0
20230101T000007,3,96,2357.44,3408.34,-269.34,0,0,0,2500,0,0,2500,0,2500,0
20230101T000007,3,97,8353.12,5081.57,-1935.11,0,0,0,2500,0,0,2500,0,2500,0
20230101T000007,3,98,6442.72,4350.64,820.426,0,0,0,2500,0,0,2500,0,2500,0
20230101T000007,3,99,5979.27,5973.78,294.255,0,0,0,2500,0,0,2500,0,2500,0
20230101T000007,3,100,5200.13,4284.83,242.437,0,0,0,2500,0,0,2500,0,2500,0
20230101T000007,3,101,5246.68,7958.32,-34.1854,0,0,0,2500,0,0,2500,0,2500,0
20230101T000007,3,102,3529.7,4412.75,73.3184,0,0,0,2500,0,0,2500,0,2500,0
20230101T000007.100000,6,148,450.741,535.023,-22.6812,0,0,0,484.881,-353.943,15.0219,362.943,17.8308,783.135,7.12772e+24
20230101T000007.100000,3,103,450.741,535.023,-22.6812,0,0,0,2500,0,0,2500,0,2500,0
20230101T000007.200000,6,149,533.964,451.931,-23.7053,0,0,0,364.557,-354.137,18.5989,483.244,15.7416,783.048,3.1799e+24
20230101T000007.200000,4,103,519.452,477.093,-23.4627,6.80307,-5.73562,-0.0773724,375.729,-263.481,11.1798,284.956,13.2702,597.621,0
20230101T000007.300000,6,150,606.554,348.441,-24.298,0,0,0,243.03,-310.139,21.6556,604.748,12.4403,782.988,4.61118e+24
20230101T000007.300000,3,104,606.554,348.441,-24.298,0,0,0,2500,0,0,2500,0,2500,0
20230101T000007.400000,6,151,657.029,240.065,-24.1846,0,0,0,149.43,-231.46,23.3481,698.337,8.53094,782.985,6.11983e+24
20230101T000007.400000,4,104,652.065,269.213,-24.2114,4.50606,-7.84436,0.00857195,195.697,-230.884,16.117,464.979,9.25854,597.517,0
20230101T000007.500000,6,152,688.624,122.68,-25.3923,0,0,0,87.0302,-123.954,25.6929,760.723,4.57726,782.89,7.86161e+24
20230101T000007.500000,3,105,688.624,122.68,-25.3923,0,0,0,2500,0,0,2500,0,2500,0
20230101T000007.600000,6,153,699.488,3.02164,-24.5457,0,0,0,64.8987,-3.10148,25.228,782.855,0.10898,782.948,3.50993e+24
20230101T000007.600000,4,105,704.751,32.2796,-24.7462,1.59673,-8.95059,0.0639685,79.5632,-92.2811,19.1218,581.111,3.4066,597.447,0
20230101T000007.700000,6,154,688.994,-121.136,-22.5662,0,0,0,86.2851,122.497,22.8455,761.481,-4.01661,783.085,4.65918e+24
20230101T000007.700000,6,155,688.779,-122.26,-23.07,0,0,0,86.7193,123.588,23.3483,761.044,-4.14438,783.051,4.60042e+24
20230101T000007.700000,3,106,688.994,-121.136,-22.5662,0,0,0,2500,0,0,2500,0,2500,0
20230101T000007.700000,3,107,688.779,-122.26,-23.07,0,0,0,2500,0,0,2500,0,2500,0
20230101T000007.800000,6,156,657.52,-238.869,-22.575,0,0,0,148.493,230.518,21.8105,699.281,-7.92348,783.092,1.42352e+23
20230101T000007.800000,6,157,7332.71,7359.25,-185.494,0,0,0,86713.1,-86281.7,2175.47,86089.6,2183.34,172684,2.07291e+09
20230101T000007.800000,6,158,4368.11,4516.45,200.107,0,0,0,32699.1,-31501.4,-1397.13,30594.7,-1444.57,63165.9,4.02369e+08
20230101T000007.800000,4,107,672.669,-213.107,-22.6923,-1.595,-8.99475,0.0373931,79.3308,92.0036,17.3768,581.323,-3.08443,597.568,0
20230101T000007.800000,3,108,7332.71,7359.25,-185.494,0,0,0,2500,0,0,2500,0,2500,0
20230101T000007.800000,3,109,4368.11,4516.45,200.107,0,0,0,2500,0,0,2500,0,2500,0
20230101T000007.900000,6,159,606.071,-349.33,-23.5577,0,0,0,243.902,310.707,20.979,603.878,-12.092,783.037,6.23067e+22
20230101T000007.900000,6,160,9740.53,3615.93,94.1796,0,0,0,20988.6,-56328.2,-1467.23,151814,-544.673,172724,1.90607e+09
20230101T000007.900000,6,161,7328.67,1951.35,-282.468,0,0,0,6271.3,-22833.6,3309.88,85947.8,881.296,92027.7,8.04141e+07
20230101T000007.900000,6,162,4194.41,2332.13,223.562,0,0,0,8812.02,-15590,-1497.74,28182.9,-832.758,36851.3,1.11559e+08
20230101T000007.900000,6,163,7365.79,4941.59,-629.383,0,0,0,39551.9,-57915.3,7413.69,87024.2,4973.73,125879,1.42485e+08
20230101T000007.900000,6,164,2261.64,2649.51,-108.197,0,0,0,11266.7,-9546.77,390.234,8231.87,457.158,19415.9,6.04465e+08
20230101T000007.900000,3,110,606.071,-349.33,-23.5577,0,0,0,2500,0,0,2500,0,2500,0
20230101T000007.900000,3,111,9740.53,3615.93,94.1796,0,0,0,2500,0,0,2500,0,2500,0
20230101T000007.900000,3,112,7328.67,1951.35,-282.468,0,0,0,2500,0,0,2500,0,2500,0
20230101T000007.900000,3,113,4194.41,2332.13,223.562,0,0,0,2500,0,0,2500,0,2500,0
20230101T000007.900000,3,114,7365.79,4941.59,-629.383,0,0,0,2500,0,0,2500,0,2500,0
20230101T000007.900000,3,115,2261.64,2649.51,-108.197,0,0,0,2500,0,0,2500,0,2500,0
20230101T000008,6,165,535.602,-449.996,-23.5177,0,0,0,361.988,353.709,18.5083,485.81,-15.5501,783.057,8.45557e+22
20230101T000008,6,166,9453.85,4309.11,133.935,0,0,0,29786.3,-65145.3,-2025.17,143016,-923.082,172710,1.6987e+09
20230101T000008,4,110,559.179,-430.702,-23.5273,-4.64278,-8.05665,0.0030133,196.344,231.303,15.6134,464.325,-8.99934,597.555,0
20230101T000008,4,111,9736.76,3626.06,94.7524,-0.372979,1.00325,0.0567089,356.448,-791.516,-20.6157,2194.79,-7.65306,2488.42,0
20230101T000008.100000,6,167,448.294,528.778,96.7593,0,0,0,479.886,-340.922,-63.7363,366.788,-75.1791,770.141,6.96851e+23
20230101T000008.100000,3,116,448.294,528.778,96.7593,0,0,0,2500,0,0,2500,0,2500,0
20230101T000008.200000,6,168,533.904,441.311,100.554,0,0,0,358.457,-338.264,-78.8846,488.094,-65.2039,769.015,3.11459e+24
20230101T000008.200000,4,116,519.71,467.687,99.6557,7.07089,-6.04859,0.286777,373.321,-254.902,-47.4345,288.76,-55.9506,587.949,0
20230101T000008.300000,6,169,600.275,345.616,100.649,0,0,0,250.366,-297.832,-88.7747,596.168,-51.1132,768.972,2.53247e+24
20230101T000008.300000,3,117,600.275,345.616,100.649,0,0,0,2500,0,0,2500,0,2500,0
20230101T000008.400000,6,170,651.724,235.556,98.3503,0,0,0,157.955,-220.625,-94.182,688.627,-34.0407,769.632,3.14739e+24
20230101T000008.400000,4,117,647.027,264.916,98.8951,4.62894,-7.99016,-0.173652,201.761,-222.773,-66.0696,460.414,-38.0404,587.086,0
20230101T000008.500000,6,171,682.388,118.829,100.632,0,0,0,99.1509,-116.408,-100.901,747.367,-17.5706,768.961,8.36545e+23
20230101T000008.500000,3,118,682.388,118.829,100.632,0,0,0,2500,0,0,2500,0,2500,0
20230101T000008.600000,6,172,693.217,0.175038,96.6809,0,0,0,77.7345,-0.174515,-98.4779,768.881,-0.0248657,770.102,1.12842e+24
20230101T000008.600000,4,118,698.505,28.8151,97.6181,1.59577,-8.91228,-0.298413,88.6546,-87.0716,-75.095,573.51,-13.0768,587.08,0
20230101T000008.700000,6,173,682.853,-119.352,96.791,0,0,0,98.2523,117.211,-97.1159,748.365,16.9744,770.076,1.27424e+24
20230101T000008.700000,3,119,682.853,-119.352,96.791,0,0,0,2500,0,0,2500,0,2500,0
20230101T000008.800000,6,174,652.071,-235.238,96.7758,0,0,0,157.346,220.605,-92.7236,689.27,33.4505,770.078,4.55865e+23
20230101T000008.800000,6,175,4035.35,4804.69,386.757,0,0,0,37061.5,-30872.5,-2494.59,26232.2,-2970.19,62990.9,1.12089e+09
20230101T000008.800000,4,119,667.008,-210.009,96.7794,-1.56879,-8.97594,-0.00115328,87.9807,87.638,-72.2779,574.069,12.6331,587.91,0
20230101T000008.800000,3,120,4035.35,4804.69,386.757,0,0,0,2500,0,0,2500,0,2500,0
20230101T000008.900000,6,176,599.914,-346.766,98.8335,0,0,0,251.125,298.9,-87.1209,595.458,50.3581,769.506,4.90918e+21
20230101T000008.900000,6,177,3275.7,1187.88,220.696,0,0,0,2382.91,-6180.42,-1152.9,17184.8,-418.081,19426.3,2.94592e+08
20230101T000008.900000,6,178,3543.37,2114.73,290.265,0,0,0,7301.71,-11901.9,-1641.78,20140.9,-979.838,27244.4,4.9335e+07
20230101T000008.900000,6,179,4031.82,1628.35,-33.1685,0,0,0,4298.97,-10481.5,213.514,26018.2,86.2329,30251.4,2.65956e+07
20230101T000008.900000,6,180,4175.28,1850.4,293.472,0,0,0,5646.84,-12286.9,-1956.78,27925.9,-867.206,33371.4,1.76658e+07
20230101T000008.900000,6,181,9246.92,4714.51,126.402,0,0,0,35633.7,-69715.3,-1869.43,136827,-953.123,172371,4.11174e+09
20230101T000008.900000,6,182,7067.77,2761.55,-132.382,0,0,0,12281.6,-31197.6,1495.99,79937.6,584.518,92127.2,1.07251e+08
20230101T000008.900000,6,183,7594.57,4091.55,-965.263,0,0,0,27989.6,-49068.8,11723,92633.4,6315.72,119070,1.41634e+07
20230101T000008.900000,6,184,4320.78,2030.09,-367.818,0,0,0,6823.46,-13926.7,2538.38,29921.3,1192.64,36465,5.26756e+07
20230101T000008.900000,6,185,8479.7,2344.37,1174.56,0,0,0,10902.7,-31224.2,-15927.8,115210,-4403.52,123843,2.09747e+07
20230101T000008.900000,6,186,5916.59,2124.69,266.683,0,0,0,7380.25,-20056.9,-2522.01,56030,-905.671,63232.7,6.91202e+07
20230101T000008.900000,6,187,5158.05,2203.1,813.43,0,0,0,8714.21,-17776.9,-6704.78,42741.8,-2863.74,50336,1.99614e+07
20230101T000008.900000,6,188,7662.66,6994.4,-300.333,0,0,0,78388.1,-85649.3,3680.8,94040.7,3359.79,172221,3.90758e+09
20230101T000008.900000,6,189,6059.84,5242.26,-20.0582,0,0,0,44007.1,-50795.7,194.358,58782.4,168.136,102725,1.80203e+07
20230101T000008.900000,6,190,4807.81,6654.41,-494.94,0,0,0,71006.1,-50972.7,3805.07,37283.5,5266.53,107834,1.38757e+07
20230101T000008.900000,6,191,4537.83,5259.64,79.1482,0,0,0,44293.7,-38151.2,-574.182,32989.5,-665.513,77209.2,6.92699e+07
20230101T000008.900000,6,192,5456.98,4614.02,219.657,0,0,0,34145,-40216.2,-1916.36,47704.6,-1620.33,81708.5,4.40549e+07
20230101T000008.900000,6,193,3471.57,3296.05,-99.8161,0,0,0,17424.4,-18268,553.462,19320.7,525.48,36665.2,4.84076e+07
20230101T000008.900000,3,121,599.914,-346.766,98.8335,0,0,0,2500,0,0,2500,0,2500,0
20230101T000008.900000,3,122,3275.7,1187.88,220.696,0,0,0,2500,0,0,2500,0,2500,0
20230101T000008.900000,3,123,3543.37,2114.73,290.265,0,0,0,2500,0,0,2500,0,2500,0
20230101T000008.900000,3,124,4031.82,1628.35,-33.1685,0,0,0,2500,0,0,2500,0,2500,0
20230101T000008.900000,3,125,4175.28,1850.4,293.472,0,0,0,2500,0,0,2500,0,2500,0
20230101T000008.900000,3,126,9246.92,4714.51,126.402,0,0,0,2500,0,0,2500,0,2500,0
20230101T000008.900000,3,127,7067.77,2761.55,-132.382,0,0,0,2500,0,0,2500,0,2500,0
20230101T000008.900000,3,128,7594.56,4091.55,-965.263,0,0,0,2500,0,0,2500,0,2500,0
20230101T000008.900000,3,129,4320.78,2030.09,-367.818,0,0,0,2500,0,0,2500,0,2500,0
20230101T000008.900000,3,130,8479.7,2344.37,1174.56,0,0,0,2500,0,0,2500,0,2500,0
20230101T000008.900000,3,131,5916.59,2124.69,266.683,0,0,0,2500,0,0,2500,0,2500,0
20230101T000008.900000,3,132,5158.05,2203.1,813.43,0,0,0,2500,0,0,2500,0,2500,0
20230101T000008.900000,3,133,7662.66,6994.4,-300.333,0,0,0,2500,0,0,2500,0,2500,0
20230101T000008.900000,3,134,6059.84,5242.26,-20.0582,0,0,0,2500,0,0,2500,0,2500,0
20230101T000008.900000,3,135,4807.81,6654.41,-494.94,0,0,0,2500,0,0,2500,0,2500,0
20230101T000008.900000,3,136,4537.83,5259.64,79.1482,0,0,0,2500,0,0,2500,0,2500,0
20230101T000008.900000,3,137,5456.98,4614.02,219.657,0,0,0,2500,0,0,2500,0,2500,0
20230101T000008.900000,3,138,3471.57,3296.05,-99.8161,0,0,0,2500,0,0,2500,0,2500,0
20230101T000009,6,194,532.218,-443.638,99.2432,0,0,0,361.204,339.185,-77.6105,485.381,64.6933,769.4,2.24007e+23
20230101T000009,6,195,4592.49,1107.25,874.636,0,0,0,3176.84,-7843.09,-6415.67,33816.1,-1546.83,35709.2,3.24698e+08
20230101T000009,6,196,6729.04,7916.8,-77.7516,0,0,0,100312,-85199.5,836.799,72490.6,984.505,172729,2.4898e+09
20230101T000009,6,197,3800.92,5797.79,-268.442,0,0,0,53836.9,-35177,1631.17,23240.6,2488.13,76898.4,1.98806e+08
20230101T000009,4,121,554.478,-425.295,99.1463,-4.49868,-7.77517,0.0309787,202.306,223.531,-64.8388,459.814,37.4785,587.483,0
20230101T000009,3,139,4592.49,1107.25,874.636,0,0,0,2500,0,0,2500,0,2500,0
20230101T000009,3,140,6729.04,7916.8,-77.7516,0,0,0,2500,0,0,2500,0,2500,0
20230101T000009,3,141,3800.92,5797.79,-268.442,0,0,0,2500,0,0,2500,0,2500,0
20230101T000009.100000,6,198,7027.77,-6807.62,263.4,0,0,0,74240.1,76460.3,-2960.54,79107.9,2867.8,153173,1.07584e+10
20230101T000009.100000,6,199,562.673,675.104,-189.217,0,0,0,777.779,-549.526,161.917,576.458,194.27,1238.62,3.83932e+23
20230101T000009.100000,6,200,601.439,721.564,-202.224,0,0,0,884.946,-632.1,186.17,653.465,223.354,1414.65,9.88399e+19
20230101T000009.100000,3,142,7027.77,-6807.62,263.4,0,0,0,2500,0,0,2500,0,2500,0
20230101T000009.100000,3,143,562.673,675.104,-189.217,0,0,0,2500,0,0,2500,0,2500,0
20230101T000009.100000,3,144,601.439,721.564,-202.224,0,0,0,2500,0,0,2500,0,2500,0
20230101T000009.200000,6,201,5444.58,-6009.07,-162.896,0,0,0,57822.3,52294.1,1418.18,47488,-1565.21,105204,1.11863e+08
20230101T000009.200000,6,202,4223.89,-5615.33,903.109,0,0,0,50945.4,37292.5,-6098.55,29419.6,8107.54,78998.1,1.18237e+08
20230101T000009.200000,6,203,6801.54,-7043.47,85.0555,0,0,0,79413.2,76612.5,-925.227,74056.5,958.138,153394,3.34335e+09
20230101T000009.200000,6,204,4089.89,-1903.14,44.4049,0,0,0,5850.28,12428.1,-290.006,26775.5,134.948,32558.6,6.93084e+07
20230101T000009.200000,6,205,675.612,562.512,-187.845,0,0,0,575.761,-550.206,193.006,778.495,160.696,1239.39,3.34913e+22
20230101T000009.200000,6,206,722.116,601.305,-200.646,0,0,0,652.693,-632.966,221.78,885.761,184.676,1415.62,8.59117e+18
20230101T000009.200000,4,142,7026.86,-6814.11,260.612,-0.0901695,-0.642841,-0.276069,1235.62,1209.33,-46.7918,1312.61,45.326,2482.33,0
20230101T000009.200000,4,143,645.143,606.614,-188.309,8.16534,-6.78126,0.0898867,529.585,-360.095,104.433,397.662,125.3,820.027,0
20230101T000009.200000,4,144,685.612,651.682,-201.228,8.33403,-6.91902,0.0985773,575.679,-395.71,114.55,430.766,137.429,893.472,0
20230101T000009.200000,3,145,5444.58,-6009.07,-162.896,0,0,0,2500,0,0,2500,0,2500,0
20230101T000009.200000,3,146,4223.89,-5615.33,903.109,0,0,0,2500,0,0,2500,0,2500,0
20230101T000009.200000,3,147,4089.89,-1903.14,44.4049,0,0,0,2500,0,0,2500,0,2500,0
20230101T000009.300000,6,207,7031.6,-6805.67,-204.828,0,0,0,74175.2,76502.1,2303.46,79172.9,-2229.45,153217,3.92959e+09
20230101T000009.300000,6,208,760.705,439.697,-190.097,0,0,0,398.5,-483.628,219.921,955.666,127.117,1238.07,6.39561e+22
20230101T000009.300000,6,209,813.116,469.933,-203.184,0,0,0,448.684,-556.272,252.887,1089.7,146.153,1414.05,1.63884e+19
20230101T000009.300000,4,142,7025.53,-6812.64,252.91,-4.61298,3.78929,-1.92368,1238.95,1238.07,-47.5807,1316.18,46.1107,2514.53,0
20230101T000009.300000,3,148,760.705,439.697,-190.097,0,0,0,2500,0,0,2500,0,2500,0
20230101T000009.300000,3,149,813.116,469.933,-203.184,0,0,0,2500,0,0,2500,0,2500,0
20230101T000009.400000,6,210,3550.31,-5028.24,-783.34,0,0,0,40800.8,28070.6,4445.13,20864.7,-6295.57,60621.7,2.04343e+08
20230101T000009.400000,6,211,6312.41,-7477.78,-197.396,0,0,0,89520,75462.1,1992.84,63828.1,-2360.75,153222,3.07274e+09
20230101T000009.400000,6,212,827.008,298.24,-187.733,0,0,0,246.38,-357.106,236.115,1107.84,85.1488,1239.41,7.38008e+22
20230101T000009.400000,6,213,883.974,318.822,-200.549,0,0,0,273.746,-410.855,271.359,1264.71,97.8709,1415.68,1.88912e+19
20230101T000009.400000,4,142,7013.32,-6823.86,245.104,-9.39398,1.99516,-4.10739,1276.14,1277.88,-48.1227,1355.05,46.6438,2592.39,0
20230101T000009.400000,4,148,813.545,348.945,-188.534,5.23167,-8.98537,0.154837,281.075,-316.967,141.846,646.239,81.9888,819.679,0
20230101T000009.400000,4,149,867.054,377.323,-201.522,5.34036,-9.1693,0.164524,302.597,-348.301,155.601,703.959,89.9282,893.106,0
20230101T000009.400000,3,150,3550.31,-5028.24,-783.34,0,0,0,2500,0,0,2500,0,2500,0
20230101T000009.500000,6,214,3164.68,-3172.71,436.475,0,0,0,16289.4,15880.9,-2205.73,16208.9,2211.32,32130.8,3.65076e+08
20230101T000009.500000,6,215,5610.7,-5739.21,1047.12,0,0,0,53589.8,50613.2,-9394.42,51297.2,9609.6,103071,4.59674e+07
20230101T000009.500000,6,216,4022.49,-4699.26,-190.371,0,0,0,35384.4,30184.1,1223.95,25959.1,-1429.87,61221.6,6.06321e+07
20230101T000009.500000,6,217,4411.67,-4625.28,330.163,0,0,0,34342.6,32529.3,-2328.24,31265.3,2440.97,65369.8,5.32222e+07
20230101T000009.500000,6,218,6987.83,-6834.07,-599.153,0,0,0,75053.5,76089.5,6696.05,78439.5,-6548.72,152855,2.10886e+09
20230101T000009.500000,6,219,865.83,152.003,-188.041,0,0,0,151.221,-190.516,247.605,1202.98,43.4688,1239.23,8.65235e+21
20230101T000009.500000,6,220,925.481,162.348,-201.015,0,0,0,164.264,-218.983,284.761,1374.18,49.953,1415.4,2.21401e+18
20230101T000009.500000,6,221,866.779,142.789,-190.872,0,0,0,148.873,-178.876,251.608,1205.25,41.4486,1237.6,8.02384e+21
20230101T000009.500000,6,222,926.46,152.719,-204.029,0,0,0,161.657,-205.884,289.337,1376.7,47.6947,1413.53,2.05291e+18
20230101T000009.500000,4,142,7014.19,-6826.25,229.725,-2.46799,-5.01664,-9.15676,1337.26,1338.56,-48.9482,1414.34,47.4248,2713.37,0
20230101T000009.500000,3,151,3164.68,-3172.71,436.475,0,0,0,2500,0,0,2500,0,2500,0
20230101T000009.500000,3,152,5610.7,-5739.21,1047.12,0,0,0,2500,0,0,2500,0,2500,0
20230101T000009.500000,3,153,4022.49,-4699.26,-190.371,0,0,0,2500,0,0,2500,0,2500,0
20230101T000009.500000,3,154,4411.67,-4625.28,330.163,0,0,0,2500,0,0,2500,0,2500,0
20230101T000009.500000,3,155,865.83,152.003,-188.041,0,0,0,2500,0,0,2500,0,2500,0
20230101T000009.500000,3,156,925.481,162.348,-201.015,0,0,0,2500,0,0,2500,0,2500,0
20230101T000009.500000,3,157,866.779,142.789,-190.872,0,0,0,2500,0,0,2500,0,2500,0
20230101T000009.500000,3,158,926.46,152.719,-204.029,0,0,0,2500,0,0,2500,0,2500,0
20230101T000009.600000,6,223,879.116,1.73624,-187.823,0,0,0,117.655,-2.20982,251.113,1236.55,0.495944,1239.35,8.09463e+22
20230101T000009.600000,6,224,939.67,1.98257,-200.731,0,0,0,125.681,-2.71558,288.718,1412.77,0.609154,1415.57,2.06953e+19
20230101T000009.600000,6,225,7325.77,6431.02,-881.893,0,0,0,66911.4,-74731,10332.5,86436.2,9070.55,152040,9.56606e+09
20230101T000009.600000,4,157,882.678,48.9671,-188.856,1.57412,-9.28931,0.199548,117.47,-117.251,162.285,809.91,26.734,819.379,0
20230101T000009.600000,4,158,942.705,56.9394,-201.949,1.60848,-9.48315,0.205968,122.877,-128.931,178.029,883.776,29.3465,892.782,0
20230101T000009.600000,3,159,7325.77,6431.02,-881.893,0,0,0,2500,0,0,2500,0,2500,0
20230101T000009.700000,6,226,865.142,-157.227,-186.909,0,0,0,152.937,197.032,245.918,1201.3,-44.6921,1239.87,1.07775e+22
20230101T000009.700000,6,227,924.718,-168.147,-199.748,0,0,0,166.307,226.766,282.734,1372.17,-51.411,1416.17,2.75646e+18
20230101T000009.700000,6,228,864.699,-157.262,-188.918,0,0,0,154.061,196.753,248.434,1200.11,-45.1825,1238.72,1.10979e+22
20230101T000009.700000,6,229,924.324,-167.896,-201.77,0,0,0,167.384,226.093,285.474,1371.04,-51.8539,1414.93,2.83799e+18
20230101T000009.700000,6,230,6537.38,7240.09,-866.382,0,0,0,84438.1,-75100.9,9058.41,69076.3,10032.1,152250,2.6859e+09
20230101T000009.700000,4,159,7317.49,6448.31,-882.101,-0.819273,1.71262,-0.0206642,1127.37,-1190.72,163.307,1438.46,143.361,2464.42,0
20230101T000009.700000,3,160,865.142,-157.227,-186.909,0,0,0,2500,0,0,2500,0,2500,0
20230101T000009.700000,3,161,924.718,-168.147,-199.748,0,0,0,2500,0,0,2500,0,2500,0
20230101T000009.700000,3,162,864.699,-157.262,-188.918,0,0,0,2500,0,0,2500,0,2500,0
20230101T000009.700000,3,163,924.324,-167.896,-201.77,0,0,0,2500,0,0,2500,0,2500,0
20230101T000009.800000,6,231,826.329,-300.427,-187.23,0,0,0,248.026,359.532,235.289,1106.21,-85.5438,1239.7,4.1574e+22
20230101T000009.800000,6,232,883.28,-321.014,-200.106,0,0,0,275.555,413.45,270.548,1262.91,-98.3265,1415.95,1.06434e+19
20230101T000009.800000,6,233,9268.64,3115.02,-437.619,0,0,0,15858.1,-46083.4,6487.1,137490,2180.2,152978,5.98935e+09
20230101T000009.800000,6,234,4930.97,6402.85,-684.151,0,0,0,65896.8,-50122.8,5394.36,39413.1,7004.56,104498,1.53398e+08
20230101T000009.800000,6,235,4225.67,4502.13,-613.237,0,0,0,32742.2,-30107.4,4141.83,28923.7,4412.81,61001.4,1.77681e+08
20230101T000009.800000,4,161,906.482,-268.166,-199.974,-1.80554,-9.90298,-0.0223689,125.798,141.898,173.966,880.363,-31.6332,894.409,0
20230101T000009.800000,4,162,847.115,-255.306,-187.802,-1.74099,-9.70736,0.110467,120.874,128.924,160.238,806.312,-29.1424,820.106,0
20230101T000009.800000,3,164,9268.64,3115.02,-437.619,0,0,0,2500,0,0,2500,0,2500,0
20230101T000009.800000,3,165,4930.97,6402.85,-684.151,0,0,0,2500,0,0,2500,0,2500,0
20230101T000009.800000,3,166,4225.67,4502.13,-613.237,0,0,0,2500,0,0,2500,0,2500,0
20230101T000009.900000,6,236,760.269,-441.6,-187.41,0,0,0,399.811,486.181,216.688,954.436,-125.862,1239.61,1.45374e+21
20230101T000009.900000,6,237,812.791,-471.852,-200.011,0,0,0,449.897,559.25,248.838,1088.57,-144.459,1416.01,3.72193e+17
20230101T000009.900000,6,238,9633.28,-1550.28,-773.995,0,0,0,4841.7,23734.5,11924.8,148506,-1919.05,152326,5.7403e+09
20230101T000009.900000,6,239,3800.55,2413.72,-68.5883,0,0,0,9372.66,-14645.2,416.255,23131.3,264.363,32432.5,3.89305e+08
20230101T000009.900000,6,240,6853.52,4308.69,-288.345,0,0,0,29844.8,-47158.7,3159.95,75209.1,1986.61,104857,1.79372e+08
20230101T000009.900000,6,241,5366.22,1962.78,-881.619,0,0,0,7315.98,-16430.9,7560.48,46228.2,2765.36,52239.6,1.48573e+07
20230101T000009.900000,6,242,5904.97,2991.05,16.3321,0,0,0,14365.5,-28233.3,-154.164,55803,-78.0886,70104,2.4108e+07
20230101T000009.900000,6,243,1860.67,2652.01,-90.7791,0,0,0,11278.5,-7858.97,269.227,5591.05,383.729,16792.5,3.99391e+07
20230101T000009.900000,6,244,3745.72,2495.31,-138.84,0,0,0,10028.2,-14911,830.447,22477.8,553.225,32411.2,3.66376e+08
20230101T000009.900000,6,245,5931.39,6187.81,-1736.31,0,0,0,63601.6,-56283.3,16469.4,58836.1,17181.3,117555,1.56348e+07
20230101T000009.900000,6,246,4298.27,2740.28,-707.751,0,0,0,12629.1,-18453.8,4860.01,29810,3098.41,41576,1.84973e+07
20230101T000009.900000,3,167,760.269,-441.6,-187.41,0,0,0,2500,0,0,2500,0,2500,0
20230101T000009.900000,3,168,812.79,-471.852,-200.011,0,0,0,2500,0,0,2500,0,2500,0
20230101T000009.900000,3,169,9633.28,-1550.28,-773.995,0,0,0,2500,0,0,2500,0,2500,0
20230101T000009.900000,3,170,3800.55,2413.72,-68.5883,0,0,0,2500,0,0,2500,0,2500,0
20230101T000009.900000,3,171,6853.52,4308.69,-288.345,0,0,0,2500,0,0,2500,0,2500,0
20230101T000009.900000,3,172,5366.22,1962.78,-881.619,0,0,0,2500,0,0,2500,0,2500,0
20230101T000009.900000,3,173,5904.97,2991.05,16.3321,0,0,0,2500,0,0,2500,0,2500,0
20230101T000009.900000,3,174,1860.67,2652.01,-90.7791,0,0,0,2500,0,0,2500,0,2500,0
20230101T000009.900000,3,175,3745.72,2495.31,-138.84,0,0,0,2500,0,0,2500,0,2500,0
20230101T000009.900000,3,176,5931.39,6187.81,-1736.31,0,0,0,2500,0,0,2500,0,2500,0
20230101T000009.900000,3,177,4298.27,2740.28,-707.751,0,0,0,2500,0,0,2500,0,2500,0
20230101T000010,6,247,674.615,-563.626,-188.08,0,0,0,577.651,550.409,192.963,776.592,-161.216,1239.25,4.3766e+20
20230101T000010,6,248,721.183,-602.256,-201.148,0,0,0,654.532,632.982,222.048,883.908,-185.431,1415.31,1.12643e+17
20230101T000010,6,249,6342.56,-693.862,-505.438,0,0,0,1237.07,6990.31,5124.23,64370.6,-560.578,65135.7,6.78204e+07
20230101T000010,6,250,1868.02,548.941,-168.937,0,0,0,582.645,-1611.15,499.636,5591.85,146.825,6065.79,2.65642e+08
20230101T000010,6,251,3907.11,2205.16,383.997,0,0,0,8007.5,-13657.1,-2395.77,24497.2,-1352.17,32205.7,1.42304e+08
20230101T000010,6,252,7088.25,2276.31,-340.065,0,0,0,8516.16,-25743.6,3853.97,80412.5,1237.66,88679.9,3.02076e+07
20230101T000010,6,253,7231.43,3574.69,751.393,0,0,0,21222.4,-40976.2,-8688.53,83859.6,-4294.98,104116,6.0701e+07
20230101T000010,6,254,7925.97,3013.25,-962.29,0,0,0,15877.2,-37699.6,12196.6,100709,4636.84,115042,1.17991e+07
20230101T000010,6,255,8320.44,2466.14,-942.874,0,0,0,11096.6,-32426.1,12545.6,110887,3718.46,120499,3.21043e+06
20230101T000010,6,256,5636.59,1157.96,-354.95,0,0,0,2400,-10390.8,3197.28,50844.5,656.839,52979.4,6.17377e+06
20230101T000010,6,257,4979.69,3290.66,-313.556,0,0,0,17479.4,-26116.6,2495.46,39742.9,1649.04,57001.3,1.18251e+07
20230101T000010,6,258,5036.1,1530.04,-811.081,0,0,0,4766.49,-12018.5,6526.27,40673.8,1982.78,44326.8,2.59936e+07
20230101T000010,6,259,8739.01,2707.14,-270.994,0,0,0,11891.4,-37801.1,3787.34,122208,1173.23,133918,1.26737e+07
20230101T000010,6,260,7795.79,5172.94,398.86,0,0,0,43036.1,-64376.8,-4972.82,97336.3,-3299.75,140054,6.68977e+07
20230101T000010,6,261,3663.61,2563.63,529.768,0,0,0,10859.4,-14786.8,-3099.25,21643.6,-2168.72,31991.6,1.31189e+08
20230101T000010,6,262,2996.8,2740.18,231.252,0,0,0,12095.1,-13064.5,-1106.14,14437.3,-1011.42,26383.3,4.51161e+07
20230101T000010,6,263,5311.89,5488.51,-706.949,0,0,0,48615.4,-46215.6,6004.29,45591.5,6203.93,93344.3,8.14438e+06
20230101T000010,6,264,4410.07,5253.36,-1491.14,0,0,0,45652.4,-35286.3,10513.1,33240.8,12523.4,75277.3,901904
20230101T000010,6,265,3410.97,5102.9,-838.688,0,0,0,42030.4,-27300.4,4572.41,19436.9,6840.45,60280.1,9.9464e+07
20230101T000010,6,266,6265.84,7503.69,-589.768,0,0,0,90343.5,-74921.9,5910.16,63182.6,7077.75,152906,2.85796e+09
20230101T000010,4,167,709.867,-528.198,-187.854,-4.99036,-8.57406,-0.0439228,281.863,318.489,139.761,645.188,-81.1797,820.674,0
20230101T000010,4,168,761.291,-560.259,-200.729,-5.09894,-8.75319,-0.0710412,303.262,349.965,153.11,702.93,-88.8856,894.31,0
20230101T000010,4,170,3810.11,2399.76,-35.8764,0.945891,-1.38264,3.23881,718.168,-1031.68,29.3168,1687.4,18.619,2342.13,0
20230101T000010,3,178,6342.56,-693.862,-505.438,0,0,0,2500,0,0,2500,0,2500,0
20230101T000010,3,179,1868.02,548.941,-168.937,0,0,0,2500,0,0,2500,0,2500,0
20230101T000010,3,180,7088.25,2276.31,-340.065,0,0,0,2500,0,0,2500,0,2500,0
20230101T000010,3,181,7231.43,3574.69,751.392,0,0,0,2500,0,0,2500,0,2500,0
20230101T000010,3,182,7925.97,3013.25,-962.29,0,0,0,2500,0,0,2500,0,2500,0
20230101T000010,3,183,8320.44,2466.14,-942.874,0,0,0,2500,0,0,2500,0,2500,0
20230101T000010,3,184,5636.59,1157.96,-354.95,0,0,0,2500,0,0,2500,0,2500,0
20230101T000010,3,185,4979.69,3290.66,-313.556,0,0,0,2500,0,0,2500,0,2500,0
20230101T000010,3,186,5036.1,1530.04,-811.081,0,0,0,2500,0,0,2500,0,2500,0
20230101T000010,3,187,8739.01,2707.14,-270.994,0,0,0,2500,0,0,2500,0,2500,0
20230101T000010,3,188,7795.79,5172.94,398.86,0,0,0,2500,0,0,2500,0,2500,0
20230101T000010,3,189,3663.61,2563.63,529.768,0,0,0,2500,0,0,2500,0,2500,0
20230101T000010,3,190,2996.8,2740.18,231.252,0,0,0,2500,0,0,2500,0,2500,0
20230101T000010,3,191,5311.89,5488.51,-706.949,0,0,0,2500,0,0,2500,0,2500,0
20230101T000010,3,192,4410.07,5253.36,-1491.14,0,0,0,2500,0,0,2500,0,2500,0
20230101T000010,3,193,3410.97,5102.9,-838.687,0,0,0,2500,0,0,2500,0,2500,0
20230101T000010,3,194,6265.84,7503.69,-589.768,0,0,0,2500,0,0,2500,0,2500,0
20230101T000010.100000,6,267,578.88,687.181,-29.1323,0,0,0,782.65,-604.302,25.6471,574.354,30.4454,1291.78,7.08094e+23
20230101T000010.100000,6,268,618.781,734.45,-31.1599,0,0,0,890.252,-694.873,29.5133,650.924,35.0302,1475.76,1.8224e+20
20230101T000010.100000,3,195,578.88,687.181,-29.1323,0,0,0,2500,0,0,2500,0,2500,0
20230101T000010.100000,3,196,618.781,734.45,-31.1599,0,0,0,2500,0,0,2500,0,2500,0
20230101T000010.200000,6,269,6771.11,-7064.69,211.681,0,0,0,79920.7,76469.5,-2292.35,73427.3,2391.74,153212,5.20285e+09
20230101T000010.200000,6,270,685.799,580.436,-30.4343,0,0,0,577.16,-604.645,31.742,779.811,26.8654,1291.64,3.15538e+23
20230101T000010.200000,6,271,733.017,620.408,-32.5354,0,0,0,654.082,-695.272,36.5053,887.089,30.8972,1475.62,8.10166e+19
20230101T000010.200000,4,195,655.392,622.68,-29.9933,7.57539,-6.3863,-0.0852473,526.098,-389.902,16.5419,391.703,19.6367,854.312,0
20230101T000010.200000,4,196,696.768,668.708,-32.0277,7.72151,-6.50903,-0.0859271,571.008,-427.722,18.1595,423.692,21.5541,931.073,0
20230101T000010.200000,3,197,6771.11,-7064.69,211.681,0,0,0,2500,0,0,2500,0,2500,0
20230101T000010.300000,6,272,7117.69,-6718.69,16.5911,0,0,0,72259.4,76482.3,-188.865,81088.8,178.278,153284,1.27603e+10
20230101T000010.300000,6,273,779,447.576,-31.1951,0,0,0,369.748,-529.575,36.9571,987.197,21.2338,1291.54,4.57757e+23
20230101T000010.300000,6,274,832.664,478.371,-33.3255,0,0,0,415.538,-608.937,42.4748,1125.63,24.402,1475.55,1.17311e+20
20230101T000010.300000,4,197,6776.89,-7059.25,208.52,0.572231,0.539073,-0.312981,1325.14,1209.17,-36.2308,1222.47,37.8017,2482.95,0
20230101T000010.300000,3,198,779,447.576,-31.1951,0,0,0,2500,0,0,2500,0,2500,0
20230101T000010.300000,3,199,832.664,478.371,-33.3255,0,0,0,2500,0,0,2500,0,2500,0
20230101T000010.400000,6,275,7515.18,-6234.03,679.342,0,0,0,62656.2,74565.6,-8165.19,90691.6,6773.23,152546,8.93532e+09
20230101T000010.400000,6,276,843.879,308.281,-31.0541,0,0,0,209.817,-395.142,39.8541,1147.12,14.5592,1291.55,6.07195e+23
20230101T000010.400000,6,277,902,329.513,-33.1193,0,0,0,231.672,-454.384,45.727,1309.5,16.7047,1475.57,1.55341e+20
20230101T000010.400000,4,198,829.709,359.317,-31.1018,5.02071,-8.73851,0.00923727,259.702,-341.709,23.8369,658.113,13.6956,854.169,0
20230101T000010.400000,4,199,884.363,388.392,-33.1954,5.11872,-8.90887,0.0128774,278.815,-374.846,26.1347,715.929,15.0146,930.942,0
20230101T000010.400000,3,200,7515.18,-6234.03,679.342,0,0,0,2500,0,0,2500,0,2500,0
20230101T000010.500000,6,278,884.434,157.603,-32.5985,0,0,0,103.339,-211.691,43.8466,1253.58,7.81333,1291.38,7.81179e+23
20230101T000010.500000,6,279,945.346,168.475,-34.863,0,0,0,109.247,-243.451,50.4476,1431.91,8.9905,1475.39,1.9972e+20
20230101T000010.500000,3,201,884.434,157.603,-32.5985,0,0,0,2500,0,0,2500,0,2500,0
20230101T000010.500000,3,202,945.346,168.475,-34.863,0,0,0,2500,0,0,2500,0,2500,0
20230101T000010.600000,6,280,898.397,3.87219,-31.5188,0,0,0,65.5336,-5.28366,43.0637,1291.39,0.185609,1291.49,3.48495e+23
20230101T000010.600000,6,281,960.273,4.13562,-33.6768,0,0,0,65.7621,-6.07102,49.5006,1475.4,0.213185,1475.51,8.90904e+19
20230101T000010.600000,4,201,902.399,56.9372,-31.8844,1.77869,-9.96696,0.0706969,87.802,-136.6,28.2808,830.029,5.03954,854.072,0
20230101T000010.600000,4,202,963.668,65.8122,-34.1146,1.81407,-10.1646,0.0740958,90.2714,-149.868,31.0404,904.505,5.53185,930.843,0
20230101T000010.700000,6,282,884.92,-155.573,-28.9731,0,0,0,102.044,209.14,38.9917,1254.89,-6.85492,1291.73,4.62931e+23
20230101T000010.700000,6,283,945.859,-166.344,-30.9508,0,0,0,107.775,240.573,44.8108,1433.4,-7.88068,1475.78,1.18375e+20
20230101T000010.700000,6,284,884.63,-157.096,-29.6174,0,0,0,102.823,211.108,39.8458,1254.11,-7.07598,1291.67,4.57068e+23
20230101T000010.700000,6,285,945.564,-167.887,-31.6035,0,0,0,108.624,242.717,45.7416,1432.55,-8.1215,1475.71,1.16868e+20
20230101T000010.700000,6,286,6690.29,7128.09,482.633,0,0,0,81500,-76084.5,-5164.17,71848,-5502.1,152912,6.85505e+09
20230101T000010.700000,3,203,884.92,-155.573,-28.9731,0,0,0,2500,0,0,2500,0,2500,0
20230101T000010.700000,3,204,945.859,-166.344,-30.9508,0,0,0,2500,0,0,2500,0,2500,0
20230101T000010.700000,3,205,884.63,-157.096,-29.6174,0,0,0,2500,0,0,2500,0,2500,0
20230101T000010.700000,3,206,945.564,-167.887,-31.6035,0,0,0,2500,0,0,2500,0,2500,0
20230101T000010.700000,3,207,6690.29,7128.09,482.633,0,0,0,2500,0,0,2500,0,2500,0
20230101T000010.800000,6,287,844.508,-306.749,-29.0147,0,0,0,208.223,393.535,37.2646,1148.72,-13.5355,1291.73,1.41106e+22
20230101T000010.800000,6,288,902.659,-327.904,-31.0311,0,0,0,229.875,452.565,42.8752,1311.3,-15.575,1475.77,3.61329e+18
20230101T000010.800000,6,289,9465.07,2460.78,-399.423,0,0,0,9987.66,-37188.6,6046.39,143360,1571.97,153029,5.72217e+09
20230101T000010.800000,6,290,5874.66,5589.86,144.374,0,0,0,50045.5,-52493,-1356.21,55264.8,-1290.47,105213,1.40057e+08
20230101T000010.800000,4,205,866.7,-258.148,-29.2189,-1.77525,-10.0052,0.0394597,87.4676,136.213,25.7002,830.312,-4.56395,854.255,0
20230101T000010.800000,4,206,927.275,-270.968,-31.2424,-1.81086,-10.2061,0.0357544,89.8855,149.404,28.1448,904.824,-4.99717,931.046,0
20230101T000010.800000,3,208,9465.07,2460.78,-399.423,0,0,0,2500,0,0,2500,0,2500,0
20230101T000010.800000,3,209,5874.66,5589.86,144.374,0,0,0,2500,0,0,2500,0,2500,0
20230101T000010.900000,6,291,778.348,-448.775,-30.2496,0,0,0,371.315,530.588,35.8069,985.635,-20.6453,1291.63,6.17216e+21
20230101T000010.900000,6,292,831.966,-479.66,-32.1946,0,0,0,417.343,610.118,40.9991,1123.83,-23.6375,1475.66,1.58084e+18
20230101T000010.900000,6,293,4143.18,1765.21,34.2879,0,0,0,5041.28,-11677.9,-226.849,27475.6,-96.6493,32451,3.49964e+08
20230101T000010.900000,6,294,6953.34,4134.58,427.545,0,0,0,27614.8,-45842.1,-4753.68,77451.4,-2826.62,104710,1.69257e+08
20230101T000010.900000,6,295,5541.83,2082.54,-932.832,0,0,0,8213.87,-17986.7,8262.13,49318.9,3104.79,56079.6,4.70693e+07
20230101T000010.900000,6,296,5681.22,3341.06,-530.184,0,0,0,18241.7,-30145.7,4814.93,51773.9,2831.61,69502.7,1.39814e+07
20230101T000010.900000,6,297,8432.5,3557.16,-109.443,0,0,0,20316.1,-47963.4,1475.89,113784,622.59,134017,3.67065e+07
20230101T000010.900000,6,298,6319.04,5069.87,202.055,0,0,0,41204.4,-51195.7,-2041.62,63939.1,-1638.03,105014,1.62495e+08
20230101T000010.900000,6,299,5902.3,6942.76,-856.35,0,0,0,77641.9,-64954.9,8083.23,56457.3,9508.15,132863,3.95194e+07
20230101T000010.900000,6,300,3411.67,5175.75,271.435,0,0,0,42916.4,-28169.2,-1480.13,18749.9,-2245.47,61484.7,4.40609e+07
20230101T000010.900000,6,301,5922.96,7797.56,-1.39343,0,0,0,97306.6,-73864.6,13.1996,56170.9,17.3773,153414,2.85538e+09
20230101T000010.900000,4,207,6680.91,7142.96,474.765,-1.80378,2.86005,-1.51303,1391.28,-1241.51,-84.0641,1233.78,-89.5652,2550.57,0
20230101T000010.900000,4,209,5881.15,5573.9,145.618,0.643505,-1.58016,0.123134,1204.85,-1199.84,-30.9896,1324.15,-29.4872,2465.08,0
20230101T000010.900000,3,210,778.348,-448.775,-30.2496,0,0,0,2500,0,0,2500,0,2500,0
20230101T000010.900000,3,211,831.966,-479.66,-32.1946,0,0,0,2500,0,0,2500,0,2500,0
20230101T000010.900000,3,212,4143.18,1765.21,34.2879,0,0,0,2500,0,0,2500,0,2500,0
20230101T000010.900000,3,213,6953.34,4134.58,427.545,0,0,0,2500,0,0,2500,0,2500,0
20230101T000010.900000,3,214,5541.83,2082.54,-932.832,0,0,0,2500,0,0,2500,0,2500,0
20230101T000010.900000,3,215,5681.22,3341.06,-530.184,0,0,0,2500,0,0,2500,0,2500,0
20230101T000010.900000,3,216,8432.5,3557.16,-109.443,0,0,0,2500,0,0,2500,0,2500,0
20230101T000010.900000,3,217,5902.3,6942.76,-856.35,0,0,0,2500,0,0,2500,0,2500,0
20230101T000010.900000,3,218,3411.67,5175.75,271.435,0,0,0,2500,0,0,2500,0,2500,0
20230101T000011,6,302,687.917,-577.937,-30.2042,0,0,0,572.75,603.912,31.5993,784.223,-26.5473,1291.66,8.38278e+21
20230101T000011,6,303,735.336,-617.667,-32.3419,0,0,0,648.884,694.401,36.403,892.289,-30.5777,1475.64,2.15313e+18
20230101T000011,6,304,7736.65,2284.17,-840.088,0,0,0,9444.82,-27951.1,10392.8,95864.8,3068.38,104118,9.4902e+07
20230101T000011,6,305,8892.95,4108.52,31.9057,0,0,0,27061.9,-58433.9,-453.789,126547,-209.649,153543,4.33617e+09
20230101T000011,4,210,726.184,-539.264,-30.2196,-5.16474,-8.95937,0.00296815,260.708,342.355,23.0951,657.09,-13.316,854.226,0
20230101T000011,4,211,778.785,-571.897,-32.2876,-5.26548,-9.13239,-0.00920051,279.92,375.561,25.2267,714.802,-14.5442,931.011,0
20230101T000011,3,219,7736.65,2284.17,-840.088,0,0,0,2500,0,0,2500,0,2500,0
20230101T000011,3,220,8892.95,4108.52,31.9057,0,0,0,2500,0,0,2500,0,2500,0
20230101T000011.100000,6,306,9746.22,858.724,276.268,0,0,0,1364.48,-13374.6,-4306.31,151984,-379.422,153162,6.85785e+09
20230101T000011.100000,6,307,575.697,679.188,124.293,0,0,0,774.655,-582.454,-108.821,581.197,-128.384,1269.58,6.91926e+22
20230101T000011.100000,6,308,615.307,725.966,132.845,0,0,0,881.291,-669.816,-125.119,658.73,-147.621,1450.23,1.78082e+19
20230101T000011.100000,3,221,9746.22,858.724,276.268,0,0,0,2500,0,0,2500,0,2500,0
20230101T000011.100000,3,222,575.697,679.188,124.293,0,0,0,2500,0,0,2500,0,2500,0
20230101T000011.100000,3,223,615.307,725.966,132.845,0,0,0,2500,0,0,2500,0,2500,0
20230101T000011.200000,6,309,9210.47,-3289.07,389.68,0,0,0,17581,48373.1,-5740.22,135767,2049.84,153041,2.18891e+09
20230101T000011.200000,6,310,685.731,566.795,129.118,0,0,0,567.097,-577.992,-134.652,788.631,-111.298,1267.69,3.09202e+23
20230101T000011.200000,6,311,732.918,605.86,137.99,0,0,0,642.641,-664.732,-154.806,897.282,-127.969,1448.1,7.93993e+19
20230101T000011.200000,4,222,655.404,611.03,127.485,7.89179,-6.74832,0.316024,523.721,-378.168,-70.1876,398.116,-82.8051,839.993,0
20230101T000011.200000,4,223,696.629,656.445,136.092,8.0517,-6.88328,0.321506,568.821,-415.125,-76.9857,430.887,-90.831,915.366,0
20230101T000011.200000,3,224,9210.47,-3289.07,389.68,0,0,0,2500,0,0,2500,0,2500,0
20230101T000011.300000,6,312,9073.23,-3639.22,484.865,0,0,0,21569.3,52679.2,-7035.92,131779,2822.07,152908,7.46154e+09
20230101T000011.300000,6,313,770.93,443.969,129.23,0,0,0,382.507,-508.969,-151.514,973.198,-87.2548,1267.63,2.51439e+23
20230101T000011.300000,6,314,823.999,474.59,138.09,0,0,0,430.353,-585.396,-174.17,1109.57,-100.315,1448.06,6.44544e+19
20230101T000011.300000,4,224,9208.36,-3294.8,391.223,-0.209029,-0.567249,0.152759,339.703,765.738,-90.7249,2210.57,32.398,2480.24,0
20230101T000011.300000,3,225,770.93,443.969,129.23,0,0,0,2500,0,0,2500,0,2500,0
20230101T000011.300000,3,226,823.999,474.59,138.09,0,0,0,2500,0,0,2500,0,2500,0
20230101T000011.400000,6,315,6967.25,-6872.3,177.363,0,0,0,75623.6,76552.5,-1976.34,77724.5,1949.41,153234,5.89987e+09
20230101T000011.400000,6,316,837.064,302.497,126.298,0,0,0,224.471,-376.924,-160.779,1131.28,-58.1019,1268.75,3.12433e+23
20230101T000011.400000,6,317,894.698,323.386,134.967,0,0,0,248.591,-433.558,-184.837,1291.39,-66.8088,1449.36,7.99441e+19
20230101T000011.400000,4,225,823.128,353.883,127.291,5.16815,-8.91943,-0.191973,269.212,-330.642,-97.7246,652.944,-56.2783,838.744,0
20230101T000011.400000,4,226,877.264,382.682,136.12,5.27381,-9.09983,-0.195012,289.463,-363.021,-107.167,710.666,-61.7237,914.029,0
20230101T000011.400000,3,227,6967.25,-6872.3,177.363,0,0,0,2500,0,0,2500,0,2500,0
20230101T000011.500000,6,318,6600.36,-7203.27,592.249,0,0,0,83304.5,75759.4,-6251.88,70043.4,6822.95,152723,3.37462e+09
20230101T000011.500000,6,319,876.418,152.694,129.244,0,0,0,124.074,-199.001,-172.264,1231.61,-30.0128,1267.6,8.30737e+22
20230101T000011.500000,6,320,936.796,163.185,138.06,0,0,0,133.039,-228.841,-197.97,1406.88,-34.4853,1448.07,2.12355e+19
20230101T000011.500000,4,227,6961.54,-6877.92,184.091,-0.565739,-0.556363,0.666153,1257.03,1210.31,-31.2364,1290.25,30.8107,2483.29,0
20230101T000011.500000,3,228,876.418,152.694,129.244,0,0,0,2500,0,0,2500,0,2500,0
20230101T000011.500000,3,229,936.796,163.185,138.06,0,0,0,2500,0,0,2500,0,2500,0
20230101T000011.600000,6,321,890.342,0.235286,124.163,0,0,0,87.4453,-0.312067,-168.121,1268.33,-0.0444283,1269.55,1.12012e+23
20230101T000011.600000,6,322,951.672,0.300391,132.656,0,0,0,90.9365,-0.428694,-193.241,1449.09,-0.0609956,1450.31,2.86356e+19
20230101T000011.600000,6,323,7741.29,5964.93,542.725,0,0,0,57264.4,-73623.4,-6719.42,96083.5,-5177.55,152813,1.01536e+10
20230101T000011.600000,4,228,894.412,52.2478,125.885,1.78155,-9.9452,-0.332592,101.327,-129.278,-111.109,820.821,-19.358,838.731,0
20230101T000011.600000,4,229,955.143,60.7453,134.652,1.81656,-10.1426,-0.337435,105.09,-141.911,-121.811,895.035,-21.2188,914.035,0
20230101T000011.600000,3,230,7741.29,5964.93,542.725,0,0,0,2500,0,0,2500,0,2500,0
20230101T000011.700000,6,324,877.005,-153.382,124.339,0,0,0,122.556,200.376,-165.838,1233.22,29.0038,1269.49,1.26574e+23
20230101T000011.700000,6,325,937.429,-163.838,132.898,0,0,0,131.285,230.299,-190.696,1408.74,33.3287,1450.21,3.23538e+19
20230101T000011.700000,6,326,6768.43,7040.16,653.573,0,0,0,79661,-75868,-7074.9,73686.8,-7358.94,152601,3.89554e+09
20230101T000011.700000,3,231,877.005,-153.382,124.339,0,0,0,2500,0,0,2500,0,2500,0
20230101T000011.700000,3,232,937.429,-163.838,132.898,0,0,0,2500,0,0,2500,0,2500,0
20230101T000011.700000,3,233,6768.43,7040.16,653.573,0,0,0,2500,0,0,2500,0,2500,0
20230101T000011.800000,6,327,837.52,-302.064,124.293,0,0,0,223.411,376.851,-158.313,1132.38,57.0979,1269.52,4.52067e+22
20230101T000011.800000,6,328,895.223,-322.85,132.743,0,0,0,247.273,433.404,-181.898,1292.75,65.599,1450.27,1.15615e+19
20230101T000011.800000,6,329,6830.69,6990.06,532.148,0,0,0,78430.1,-76136.8,-5813.47,74917.8,-5949.11,152831,2.70846e+09
20230101T000011.800000,4,231,859.35,-254.379,124.309,-1.74805,-9.9997,-0.0029797,100.337,130.1,-106.964,821.471,18.7073,839.949,0
20230101T000011.800000,4,232,919.423,-266.938,132.8,-1.78277,-10.208,-0.00968375,103.998,142.731,-117.335,895.714,20.5071,915.353,0
20230101T000011.800000,4,233,6769.45,7039.36,651.606,0.101449,-0.0794529,-0.194755,1325.98,-1204.41,-111.82,1231.14,-116.309,2473.28,0
20230101T000011.900000,6,330,770.367,-445.559,127.101,0,0,0,384.004,510.805,-148.909,971.746,86.1249,1268.46,4.85626e+20
20230101T000011.900000,6,331,823.436,-476.158,136.031,0,0,0,431.951,587.328,-171.456,1108.01,99.1459,1448.92,1.24458e+17
20230101T000011.900000,6,332,8871.73,-4112.63,425.648,0,0,0,27353.2,58242.9,-6039.45,125995,2799.68,152994,1.66184e+10
20230101T000011.900000,6,333,3797.38,1947.29,-365.907,0,0,0,6287.05,-11718.6,2218.33,23130,1137.56,29139.7,1.73775e+07
20230101T000011.900000,6,334,3764.56,2466.06,162.648,0,0,0,9804.7,-14805.1,-977.748,22707,-640.497,32405.5,2.72629e+08
20230101T000011.900000,6,335,7902.39,2133.71,-1462.97,0,0,0,10533.9,-26100.9,18486.8,100153,4991.59,107203,7.78877e+07
20230101T000011.900000,6,336,6786.26,3236.41,1436.09,0,0,0,19497.6,-33834.9,-15582.5,74308.2,-7431.37,90446.6,3.55147e+06
20230101T000011.900000,6,337,7573.67,4118.12,1471.65,0,0,0,29856.7,-48422.5,-17823.9,92581.6,-9691.62,118913,2.41837e+07
20230101T000011.900000,6,338,5945.85,2356.79,239.53,0,0,0,9021.72,-22367.7,-2276.52,56586.2,-902.355,65452.3,7.65281e+06
20230101T000011.900000,6,339,6133.61,3431.58,1700.05,0,0,0,22409.2,-31680.6,-16671.1,61310.6,-9327.04,79038.6,5.12272e+06
20230101T000011.900000,6,340,7225.31,7527.07,-342.769,0,0,0,90771.7,-86890.8,3961.12,83659.2,4126.56,174179,1.94615e+07
20230101T000011.900000,6,341,3519.77,2802.83,-182.207,0,0,0,12640.9,-15727.5,1024.1,19867.5,815.5,32391.5,2.67223e+08
20230101T000011.900000,6,342,6701.52,4546.38,281.129,0,0,0,33201.7,-48659.8,-3012.56,71916.6,-2043.75,104928,1.46036e+08
20230101T000011.900000,6,343,3836.09,5642.81,88.2087,0,0,0,50970.2,-34598.6,-540.937,23597.2,-795.707,74491,7.85882e+06
20230101T000011.900000,6,344,5177.49,6767.78,-466.325,0,0,0,73436.6,-55865.5,3860.91,43150,5046.81,116175,4.86303e+06
20230101T000011.900000,6,345,4309.89,2697.47,1584.18,0,0,0,14569.3,-16769.2,-10908.8,30866.9,-6827.61,41368.1,1.35037e+07
20230101T000011.900000,6,346,4654.39,4719.2,38.305,0,0,0,35666,-35110.8,-284.998,34695,-288.966,70294.7,5.66168e+06
20230101T000011.900000,3,234,770.367,-445.559,127.101,0,0,0,2500,0,0,2500,0,2500,0
20230101T000011.900000,3,235,823.436,-476.158,136.031,0,0,0,2500,0,0,2500,0,2500,0
20230101T000011.900000,3,236,8871.73,-4112.63,425.648,0,0,0,2500,0,0,2500,0,2500,0
20230101T000011.900000,3,237,3797.38,1947.29,-365.907,0,0,0,2500,0,0,2500,0,2500,0
20230101T000011.900000,3,238,3764.56,2466.06,162.648,0,0,0,2500,0,0,2500,0,2500,0
20230101T000011.900000,3,239,7902.39,2133.71,-1462.97,0,0,0,2500,0,0,2500,0,2500,0
20230101T000011.900000,3,240,6786.26,3236.41,1436.09,0,0,0,2500,0,0,2500,0,2500,0
20230101T000011.900000,3,241,7573.67,4118.12,1471.65,0,0,0,2500,0,0,2500,0,2500,0
20230101T000011.900000,3,242,5945.85,2356.79,239.53,0,0,0,2500,0,0,2500,0,2500,0
20230101T000011.900000,3,243,6133.6,3431.58,1700.05,0,0,0,2500,0,0,2500,0,2500,0
20230101T000011.900000,3,244,7225.31,7527.07,-342.769,0,0,0,2500,0,0,2500,0,2500,0
20230101T000011.900000,3,245,3519.77,2802.83,-182.207,0,0,0,2500,0,0,2500,0,2500,0
20230101T000011.900000,3,246,6701.52,4546.38,281.129,0,0,0,2500,0,0,2500,0,2500,0
20230101T000011.900000,3,247,3836.09,5642.81,88.2087,0,0,0,2500,0,0,2500,0,2500,0
20230101T000011.900000,3,248,5177.49,6767.78,-466.325,0,0,0,2500,0,0,2500,0,2500,0
20230101T000011.900000,3,249,4309.89,2697.47,1584.18,0,0,0,2500,0,0,2500,0,2500,0
20230101T000011.900000,3,250,4654.39,4719.2,38.305,0,0,0,2500,0,0,2500,0,2500,0
20230101T000012,6,347,683.57,-569.766,127.497,0,0,0,571.764,579.524,-132.543,783.999,110.477,1268.33,2.21971e+22
20230101T000012,6,348,730.654,-609.002,136.158,0,0,0,647.923,666.519,-152.279,892.036,126.925,1448.87,5.6991e+18
20230101T000012,6,349,9666.54,-1536.33,17.3544,0,0,0,3839.37,23751.5,-268.3,149509,42.6415,153284,8.31726e+09
20230101T000012,6,350,2679.61,3608.88,-10.4543,0,0,0,20861.2,-15441.9,44.7329,11529.8,60.2461,32326.9,9.70892e+07
20230101T000012,6,351,4089.55,4643.01,-133.15,0,0,0,34532.5,-30334.7,870.328,26811,988.115,61251.2,2.11172e+08
20230101T000012,4,234,719.764,-532.991,127.363,-5.01025,-8.65664,0.0259336,270.142,331.756,-96.0446,651.867,55.5495,839.281,0
20230101T000012,4,235,771.807,-565.419,136.111,-5.11179,-8.83772,0.00791702,290.408,364.133,-105.497,709.553,61.0045,914.56,0
20230101T000012,3,251,9666.54,-1536.33,17.3544,0,0,0,2500,0,0,2500,0,2500,0
20230101T000012,3,252,2679.61,3608.88,-10.4543,0,0,0,2500,0,0,2500,0,2500,0
20230101T000012,3,253,4089.55,4643.01,-133.15,0,0,0,2500,0,0,2500,0,2500,0
20230101T000012.100000,6,352,8531.34,-3418.97,-233.34,0,0,0,18833.1,46617.2,3183.62,116475,-1275.85,135157,3.69315e+09
20230101T000012.100000,6,353,688.528,826.213,-231.594,0,0,0,1152.44,-837.906,246.703,845.255,296.036,1853.55,5.82678e+22
20230101T000012.100000,3,254,8531.34,-3418.97,-233.34,0,0,0,2500,0,0,2500,0,2500,0
20230101T000012.100000,3,255,688.528,826.213,-231.594,0,0,0,2500,0,0,2500,0,2500,0
20230101T000012.200000,6,354,6378.67,-8149.27,-433.406,0,0,0,106395,82993.5,4421.64,65325.9,-5649,171357,5.79967e+07
20230101T000012.200000,6,355,5980.63,-4304.93,357.577,0,0,0,29828.7,41066.7,-3419.15,57320.4,2461.14,86880.8,1.32747e+07
20230101T000012.200000,6,356,5229.7,-7008.96,99.4049,0,0,0,78629.3,58609.3,-831.337,43810.8,1114.18,122360,1.63915e+07
20230101T000012.200000,6,357,3085.25,-3660.67,-80.2485,0,0,0,21471.6,18033.9,395.448,15273.5,-469.201,36670.9,7.28525e+07
20230101T000012.200000,6,358,5587.26,-8080.28,-1102.99,0,0,0,105116,71294.4,9856.24,51307.6,-14254.1,154414,4.88045e+07
20230101T000012.200000,6,359,3831.77,-3934.51,263.871,0,0,0,24853.9,24034.2,-1615.61,23581.9,1658.93,48260.6,3.58186e+08
20230101T000012.200000,6,360,3677,-1664.3,-535.608,0,0,0,4864.96,9595.33,3143.49,21721.3,-1422.81,26065.5,3.57442e+07
20230101T000012.200000,6,361,8130.85,-2397.74,367.939,0,0,0,9456.73,31117,-4783.99,105800,1410.77,114976,3.40088e+07
20230101T000012.200000,6,362,8028.78,-2060.61,742.012,0,0,0,7679.82,26243.2,-9526.42,103196,2444.98,109932,1.889e+07
20230101T000012.200000,6,363,5502.76,-2957.65,-1233.31,0,0,0,15932.3,24999.8,10847.9,49007.9,-5830.56,62447.4,7.19754e+06
20230101T000012.200000,6,364,8795.57,-2543.15,-821.972,0,0,0,11404.4,35484.1,11562.1,123868,-3343.05,134128,1.06787e+09
20230101T000012.200000,6,365,4625.64,-1086.14,-591.203,0,0,0,2477.25,7900.05,4367.87,34266.9,-1025.61,36122.9,7.64257e+07
20230101T000012.200000,6,366,826.783,688.367,-229.977,0,0,0,844.284,-838.902,294.171,1153.41,244.923,1854.67,5.07713e+21
20230101T000012.200000,4,254,8536.24,-3402.83,-244.117,0.485179,1.59792,-1.06698,398.121,833.797,56.9063,2144.55,-22.8054,2477.17,0
20230101T000012.200000,4,255,775.298,754.144,-230.678,8.59114,-7.13552,0.0907017,674.608,-472.002,136.17,501.565,163.4,1050.18,0
20230101T000012.200000,3,256,6378.67,-8149.27,-433.406,0,0,0,2500,0,0,2500,0,2500,0
20230101T000012.200000,3,257,5980.63,-4304.93,357.577,0,0,0,2500,0,0,2500,0,2500,0
20230101T000012.200000,3,258,5229.7,-7008.96,99.4049,0,0,0,2500,0,0,2500,0,2500,0
20230101T000012.200000,3,259,3085.25,-3660.67,-80.2485,0,0,0,2500,0,0,2500,0,2500,0
20230101T000012.200000,3,260,5587.26,-8080.28,-1102.99,0,0,0,2500,0,0,2500,0,2500,0
20230101T000012.200000,3,261,3831.77,-3934.51,263.871,0,0,0,2500,0,0,2500,0,2500,0
20230101T000012.200000,3,262,3677,-1664.3,-535.608,0,0,0,2500,0,0,2500,0,2500,0
20230101T000012.200000,3,263,8130.85,-2397.74,367.939,0,0,0,2500,0,0,2500,0,2500,0
20230101T000012.200000,3,264,8028.78,-2060.61,742.012,0,0,0,2500,0,0,2500,0,2500,0
20230101T000012.200000,3,265,5502.76,-2957.65,-1233.31,0,0,0,2500,0,0,2500,0,2500,0
20230101T000012.200000,3,266,4625.64,-1086.14,-591.203,0,0,0,2500,0,0,2500,0,2500,0
20230101T000012.300000,6,367,3779.35,-3970.62,-502.009,0,0,0,25447.1,23777.1,3031.63,23098.5,-3185.05,48079.4,1.42881e+08
20230101T000012.300000,6,368,3377.47,-3392.97,78.5223,0,0,0,18456.4,18298.5,-423.59,18288.8,425.534,36671.3,3.08792e+08
20230101T000012.300000,6,369,8629.35,-3169.88,39.8578,0,0,0,16135.7,43744.9,-550.054,119153,202.055,135222,1.52421e+09
20230101T000012.300000,6,370,930.849,538.187,-232.75,0,0,0,574.213,-737.505,335.191,1423.4,193.797,1852.67,9.69891e+21
20230101T000012.300000,4,254,8538.42,-3398.5,-238.978,1.62761,2.11492,-0.0690451,378.268,849.735,59.7891,2165.83,-23.7901,2503.76,0
20230101T000012.300000,4,259,3104.89,-3644.34,-70.0241,1.9442,1.61652,1.01232,1407.41,1133.03,24.8385,1017.99,-29.471,2361.74,0
20230101T000012.300000,3,267,3779.35,-3970.62,-502.01,0,0,0,2500,0,0,2500,0,2500,0
20230101T000012.300000,3,268,930.85,538.187,-232.75,0,0,0,2500,0,0,2500,0,2500,0
20230101T000012.400000,6,371,6096.46,-5892.52,326.475,0,0,0,55676.1,57360.5,-3182.77,59580.2,3076.3,115022,4.97425e+07
20230101T000012.400000,6,372,6830.67,-6152.34,36.1411,0,0,0,60598.6,67206.6,-394.802,74682.6,355.595,135215,2.15977e+09
20230101T000012.400000,6,373,3391.72,-3374.36,-188.778,0,0,0,18278.9,18251.4,1022.66,18466.2,-1017.43,36624.2,1.47904e+08
20230101T000012.400000,6,374,4275.27,-4718.99,-48.4271,0,0,0,35660.8,32246.2,330.935,29281.9,-365.283,64874.9,3.89373e+07
20230101T000012.400000,6,375,1012.1,364.841,-229.835,0,0,0,341.941,-544.319,359.884,1655.71,129.731,1854.72,1.11891e+22
20230101T000012.400000,4,259,3123.66,-3628.21,-77.3275,5.438,5.02592,-0.454053,1342.65,1106.96,22.201,976.649,-26.7728,2281.98,0
20230101T000012.400000,4,268,986.514,442.605,-231.1,5.51138,-9.46361,0.163381,348.931,-415.54,185.014,827.397,106.969,1049.7,0
20230101T000012.400000,3,269,6096.46,-5892.52,326.475,0,0,0,2500,0,0,2500,0,2500,0
20230101T000012.400000,3,270,6830.67,-6152.34,36.1411,0,0,0,2500,0,0,2500,0,2500,0
20230101T000012.400000,3,271,4275.27,-4718.99,-48.4271,0,0,0,2500,0,0,2500,0,2500,0
20230101T000012.500000,6,376,5620.3,-6136.74,103.263,0,0,0,60292.2,55144.2,-928.058,50584.6,1013.33,110796,1.66567e+07
20230101T000012.500000,6,377,5113.74,-5294.5,1302.88,0,0,0,46191.6,41931.4,-10652.6,43277.9,11029.1,86693.4,6.06341e+06
20230101T000012.500000,6,378,6995.93,-5958.48,-117.735,0,0,0,56855.6,66653.7,1317.24,78345.1,-1121.9,135115,9.36087e+08
20230101T000012.500000,6,379,3430.25,-3329.14,-275.527,0,0,0,17828.4,18179.1,1509.56,18916.5,-1465.06,36559.9,6.62699e+07
20230101T000012.500000,6,380,4135.48,-4841.71,69.4459,0,0,0,37537.6,32001,-459.054,27405,537.448,64870.9,9.0461e+06
20230101T000012.500000,6,381,3821.39,-3953.65,27.8955,0,0,0,25041.7,24140.9,-170.334,23398.6,176.229,48375,3.30657e+08
20230101T000012.500000,6,382,1059.53,186.187,-230.239,0,0,0,197.104,-290.742,377.412,1800.53,66.3211,1854.43,1.31103e+21
20230101T000012.500000,6,383,1060.76,174.275,-233.848,0,0,0,193.293,-272.011,383.773,1804.25,63.0511,1851.83,1.21588e+21
20230101T000012.500000,4,259,3143.96,-3610.45,-89.5397,10.7053,10.701,-4.00673,1312.74,1093.16,22.5506,971.803,-26.5205,2250.42,0
20230101T000012.500000,4,261,3831.56,-3935.89,251.307,-0.0562804,-0.380123,-3.45797,1357.06,1255.08,-84.1834,1290.63,86.4405,2573.88,0
20230101T000012.500000,4,270,6831.83,-6147.09,33.3092,0.114029,0.519627,-0.280389,1144.68,1201.55,-7.05834,1396.48,6.3574,2478.68,0
20230101T000012.500000,4,271,4270.13,-4723.7,-44.0115,-0.509103,-0.465719,0.437186,1363.01,1178.18,12.0907,1129.95,-13.3455,2430.27,0
20230101T000012.500000,3,272,5620.3,-6136.74,103.263,0,0,0,2500,0,0,2500,0,2500,0
20230101T000012.500000,3,273,5113.74,-5294.5,1302.88,0,0,0,2500,0,0,2500,0,2500,0
20230101T000012.500000,3,274,1059.53,186.187,-230.239,0,0,0,2500,0,0,2500,0,2500,0
20230101T000012.500000,3,275,1060.76,174.275,-233.848,0,0,0,2500,0,0,2500,0,2500,0
20230101T000012.600000,6,384,1075.82,2.15207,-229.955,0,0,0,145.817,-3.4127,382.742,1851.82,0.765637,1854.62,1.22764e+22
20230101T000012.600000,6,385,6265.36,6542.44,-1570.97,0,0,0,70404.4,-63581.6,15740.8,64899.7,16437,131295,4.36208e+09
20230101T000012.600000,4,275,1077.42,75.8625,-231.645,1.64887,-9.74386,0.218052,134.302,-153.295,211.832,1042.18,34.8024,1049.25,0
20230101T000012.600000,3,276,6265.36,6542.44,-1570.97,0,0,0,2500,0,0,2500,0,2500,0
20230101T000012.700000,6,386,1058.72,-192.29,-228.926,0,0,0,199.607,300.221,374.972,1798.05,-68.1043,1855.35,1.63311e+21
20230101T000012.700000,6,387,1058.1,-192.733,-231.387,0,0,0,201.551,300.403,378.784,1796.05,-68.995,1853.6,1.68161e+21
20230101T000012.700000,6,388,7188.65,5723.21,-269.763,0,0,0,52518.5,-65739.5,3101.3,82752.8,2469.08,135091,5.09548e+08
20230101T000012.700000,6,389,3269.92,4419.51,102.256,0,0,0,31279.9,-23083.7,-534.283,17159.9,-722.119,48359.1,4.97156e+08
20230101T000012.700000,6,390,3560.28,3128.52,-680.097,0,0,0,16113.2,-17423.4,3867.37,20630.7,3398.37,35942.4,6.62009e+07
20230101T000012.700000,6,391,5790.9,8002.62,-385.33,0,0,0,102571,-74004.7,3568.79,53853.1,4931.82,156122,2.29908e+07
20230101T000012.700000,3,277,1058.72,-192.29,-228.926,0,0,0,2500,0,0,2500,0,2500,0
20230101T000012.700000,3,278,1058.1,-192.733,-231.387,0,0,0,2500,0,0,2500,0,2500,0
20230101T000012.700000,3,279,7188.65,5723.21,-269.763,0,0,0,2500,0,0,2500,0,2500,0
20230101T000012.700000,3,280,3269.92,4419.51,102.256,0,0,0,2500,0,0,2500,0,2500,0
20230101T000012.700000,3,281,3560.28,3128.52,-680.097,0,0,0,2500,0,0,2500,0,2500,0
20230101T000012.700000,3,282,5790.9,8002.62,-385.33,0,0,0,2500,0,0,2500,0,2500,0
20230101T000012.800000,6,392,1011.26,-367.566,-229.215,0,0,0,344.498,548.08,358.615,1653.17,-130.347,1855.17,6.30138e+21
20230101T000012.800000,6,393,6666.32,6300.83,612.843,0,0,0,63871.8,-66873.6,-6533.56,71417.3,-6175.35,134625,1.45478e+09
20230101T000012.800000,6,394,3228.53,3530.15,200.825,0,0,0,19997.6,-18171.6,-1035.58,16747.4,-1132.33,36616.7,1.12222e+08
20230101T000012.800000,6,395,2878.59,4368.21,-551.381,0,0,0,30696.5,-19866.2,2535.85,13641.3,3848.11,43788.7,6.31654e+07
20230101T000012.800000,6,396,3363.62,4246.29,-977.977,0,0,0,29463.5,-22077.6,5256.32,19080.6,6635.67,46953.8,1.17915e+08
20230101T000012.800000,4,278,1039.63,-295.634,-230.158,-1.82874,-10.1883,0.12164,138.962,169.218,209.078,1037.15,-38.0833,1050.23,0
20230101T000012.800000,3,283,6666.32,6300.83,612.843,0,0,0,2500,0,0,2500,0,2500,0
20230101T000012.800000,3,284,3228.53,3530.15,200.825,0,0,0,2500,0,0,2500,0,2500,0
20230101T000012.800000,3,285,2878.59,4368.21,-551.381,0,0,0,2500,0,0,2500,0,2500,0
20230101T000012.800000,3,286,3363.62,4246.29,-977.977,0,0,0,2500,0,0,2500,0,2500,0
20230101T000012.900000,6,397,930.178,-540.668,-229.657,0,0,0,576.544,741.41,330.498,1421.14,-192.103,1854.87,2.19787e+20
20230101T000012.900000,6,398,9160.87,-586.735,-507.211,0,0,0,1024.3,8569.69,7430.87,134276,-475.932,134826,2.81685e+09
20230101T000012.900000,6,399,2540.72,820.191,-75.7056,0,0,0,1142.56,-3312.83,306.029,10335.3,98.7918,11404.8,2.78154e+07
20230101T000012.900000,6,400,3811.63,992.712,-138.409,0,0,0,1665.33,-6031.09,841.928,23251.6,219.275,24822.4,5.70219e+06
20230101T000012.900000,6,401,3148.44,679.088,-156.218,0,0,0,836.179,-3399.7,783.923,15864.8,169.085,16598.2,1.80379e+07
20230101T000012.900000,6,402,3955.88,922.925,276.242,0,0,0,1539.07,-5800.46,-1744.23,25048,-406.936,26401.5,5.0376e+06
20230101T000012.900000,6,403,9782.3,4471.63,116.056,0,0,0,32063.6,-69956.2,-1815.85,153124,-830.051,185102,1.6719e+07
20230101T000012.900000,6,404,5886.6,1888.54,-531.919,0,0,0,6174.6,-17637.2,5004.71,55491.4,1605.61,61150.2,8.57239e+06
20230101T000012.900000,6,405,4890.61,2512.2,-183.285,0,0,0,10190.9,-19610.1,1432.31,38293.5,735.743,48366.8,1.48415e+08
20230101T000012.900000,6,406,5746.49,3754.47,-888.601,0,0,0,23483.2,-33912.7,8163.31,53232.2,5333.5,75390.1,3.29389e+06
20230101T000012.900000,6,407,6141.28,3491.7,-228.164,0,0,0,19618.4,-34246.3,2240.15,60380.5,1273.66,79851.7,1.73848e+07
20230101T000012.900000,6,408,4675.25,1031.33,-63.8972,0,0,0,1769.09,-7699.96,477.143,34976,105.255,36674.6,5.13015e+07
20230101T000012.900000,6,409,1732.97,2018.91,233.491,0,0,0,6585.57,-5523.45,-643.782,4891.89,-750.008,11327.2,2.79709e+07
20230101T000012.900000,6,410,9231.68,6507.92,-601.375,0,0,0,68193.9,-95823.9,8879.95,136572,6259.96,204123,1.7093e+07
20230101T000012.900000,6,411,7675.72,6482.02,-195.36,0,0,0,67299.5,-79545,2398.3,94318.7,2025.32,161493,2.37152e+06
20230101T000012.900000,6,412,5745.1,5999.31,-510.063,0,0,0,57816.3,-54906.8,4685.88,53060.3,4893.22,110397,1.30258e+06
20230101T000012.900000,6,413,4269.2,6283.67,-699.721,0,0,0,63442.6,-42528.3,4776.31,29741.1,7030.07,92337.4,7.91563e+06
20230101T000012.900000,6,414,5906.06,5070.54,-98.1246,0,0,0,41182.4,-47875.9,926.635,55844.2,795.547,96947.1,779496
20230101T000012.900000,6,415,4859.96,4076.54,-466.074,0,0,0,26830.5,-31496.4,3620.58,37960.5,3036.95,64380.1,1.36461e+07
20230101T000012.900000,3,287,930.178,-540.668,-229.657,0,0,0,2500,0,0,2500,0,2500,0
20230101T000012.900000,3,288,9160.87,-586.735,-507.211,0,0,0,2500,0,0,2500,0,2500,0
20230101T000012.900000,3,289,2540.72,820.191,-75.7056,0,0,0,2500,0,0,2500,0,2500,0
20230101T000012.900000,3,290,3811.63,992.713,-138.409,0,0,0,2500,0,0,2500,0,2500,0
20230101T000012.900000,3,291,3148.44,679.088,-156.218,0,0,0,2500,0,0,2500,0,2500,0
20230101T000012.900000,3,292,3955.88,922.925,276.242,0,0,0,2500,0,0,2500,0,2500,0
20230101T000012.900000,3,293,9782.3,4471.63,116.056,0,0,0,2500,0,0,2500,0,2500,0
20230101T000012.900000,3,294,5886.6,1888.54,-531.919,0,0,0,2500,0,0,2500,0,2500,0
20230101T000012.900000,3,295,4890.61,2512.2,-183.285,0,0,0,2500,0,0,2500,0,2500,0
20230101T000012.900000,3,296,5746.49,3754.47,-888.601,0,0,0,2500,0,0,2500,0,2500,0
20230101T000012.900000,3,297,6141.28,3491.7,-228.164,0,0,0,2500,0,0,2500,0,2500,0
20230101T000012.900000,3,298,4675.25,1031.33,-63.8972,0,0,0,2500,0,0,2500,0,2500,0
20230101T000012.900000,3,299,1732.97,2018.91,233.491,0,0,0,2500,0,0,2500,0,2500,0
20230101T000012.900000,3,300,9231.68,6507.92,-601.375,0,0,0,2500,0,0,2500,0,2500,0
20230101T000012.900000,3,301,7675.72,6482.02,-195.36,0,0,0,2500,0,0,2500,0,2500,0
20230101T000012.900000,3,302,5745.1,5999.31,-510.063,0,0,0,2500,0,0,2500,0,2500,0
20230101T000012.900000,3,303,4269.2,6283.67,-699.721,0,0,0,2500,0,0,2500,0,2500,0
20230101T000012.900000,3,304,5906.06,5070.54,-98.1246,0,0,0,2500,0,0,2500,0,2500,0
20230101T000012.900000,3,305,4859.96,4076.54,-466.074,0,0,0,2500,0,0,2500,0,2500,0
20230101T000013,6,416,825.66,-689.521,-230.569,0,0,0,846.862,838.944,294.528,1150.83,-245.964,1854.26,6.60765e+19
20230101T000013,6,417,3715.49,-2906.9,-818.995,0,0,0,14224.4,16729.9,4860.25,22518.9,-3802.54,35609.8,2.916e+09
20230101T000013,6,418,10284.5,-2096.79,-1607.84,0,0,0,11065.7,33681.1,26447.8,169400,-5392.18,176268,1.33342e+08
20230101T000013,6,419,6157.71,-763.278,39.677,0,0,0,997.66,7511.95,-390.505,60668.8,48.405,61600,3.81603e+07
20230101T000013,6,420,2782.83,1617.69,192.815,0,0,0,4279.2,-7149.25,-855.209,12421.7,-497.143,16577.9,1.1556e+07
20230101T000013,6,421,4405.23,1414.54,-206.911,0,0,0,3321.47,-9931.66,1455.66,31062.1,467.42,34251.3,1.90786e+07
20230101T000013,6,422,10524.7,5082.03,-2803.81,0,0,0,51572.2,-80630,47201.8,179621,22792.2,218558,3.73019e+07
20230101T000013,6,423,3824.02,1400.67,-225.412,0,0,0,3266.94,-8523.03,1375.85,23414.1,503.95,26536.2,7.05114e+07
20230101T000013,6,424,10491.2,3855.22,-1310.27,0,0,0,26256,-63803.3,21987,176437,8079.64,199884,1.83233e+06
20230101T000013,6,425,10165.7,4759.49,1393.55,0,0,0,38844.7,-76196.3,-22659.1,165916,-10608.8,201591,2.05124e+07
20230101T000013,6,426,8170.99,1348.93,-820.527,0,0,0,4021.72,-17452.1,10721,106854,1769.91,109736,892121
20230101T000013,6,427,7019.02,3303.54,523.077,0,0,0,17872,-36907,-5870.5,78917.5,-2762.98,96288.3,3.36005e+07
20230101T000013,6,428,6132.72,1945.91,442.765,0,0,0,6401.34,-18985.1,-4340.39,60210.9,-1377.2,66235.2,227075
20230101T000013,6,429,6610.57,1840.22,-866.954,0,0,0,6592.8,-19136.9,9162.04,70010.5,2550.48,75338.8,8.54205e+06
20230101T000013,6,430,5296.15,1966.48,-287.106,0,0,0,6359.3,-16599.8,2429.85,44902.4,902.213,51066.2,1.44902e+07
20230101T000013,6,431,8381.04,3774.26,-132.333,0,0,0,22868.5,-50577,1773.7,112402,798.754,135179,1.87873e+09
20230101T000013,6,432,10832.2,3539.14,-1261.78,0,0,0,22399.5,-60567.9,21861.9,187990,7142.8,207780,5.35813e+06
20230101T000013,6,433,2665.75,1807.22,161.111,0,0,0,5297.87,-7659.21,-684.525,11403.1,-464.068,16595.8,1.06054e+07
20230101T000013,6,434,2330.58,2420.64,-271.851,0,0,0,9462.65,-8935.53,1010.14,8784.92,1049.18,18066.2,3.84828e+06
20230101T000013,6,435,1542.73,2111.31,-544.126,0,0,0,7318.45,-4956.61,1335.57,4156.85,1827.8,10942.9,3.27218e+07
20230101T000013,6,436,7395.68,8760.98,-54.7615,0,0,0,122836,-103636,647.801,87553.9,767.39,210321,5.1667e+06
20230101T000013,6,437,9407.49,7186.74,-2075.5,0,0,0,87030.2,-104820,31231.7,144164,23859.1,224242,3.40823e+07
20230101T000013,6,438,8332.76,8858.73,697.955,0,0,0,125959,-117687,-9302.92,111543,-9890.13,236659,6.35917e+06
20230101T000013,6,439,2831.96,2496.63,-150.916,0,0,0,10029.6,-11262.8,681.903,12875.8,601.162,22805.2,4.2229e+06
20230101T000013,6,440,2212.41,3230.01,-278.088,0,0,0,16752.6,-11346.4,981.833,7959.15,1433.43,24524.6,3.36703e+06
20230101T000013,6,441,5694.62,8257.14,601.957,0,0,0,109296,-74933.3,-5482.5,52322.1,-7949.56,160975,7.80662e+06
20230101T000013,6,442,154.613,188.883,-9.7888,0,0,0,82.7807,-15.3318,0.798463,76.6006,0.975444,95.4336,5.89888e+07
20230101T000013,6,443,5064.11,4866.37,-795.041,0,0,0,38449.1,-38893.3,6436.73,41548.3,6185.38,78923.6,4.38155e+07
20230101T000013,6,444,3428.19,5076.69,1550.49,0,0,0,42460,-26034.3,-8496.1,21487.1,-12581.6,60044.3,256433
20230101T000013,6,445,3241.94,4432.13,317.737,0,0,0,31508.6,-22882.5,-1645.95,16963,-2250.22,48246.5,1.27587e+08
20230101T000013,6,446,5995.55,6962.8,-1069.35,0,0,0,78374.8,-65857.4,10253.4,58601.4,11907.5,135084,634430
20230101T000013,6,447,6001.1,7853.93,461.815,0,0,0,98844.1,-75216.2,-4432.42,57877,-5800.93,156316,3.8219e+07
20230101T000013,4,280,3269.56,4421.72,113.782,-0.0984159,0.608291,3.17212,1689.48,-1203.11,-27.8374,953.56,-37.6241,2578.82,0
20230101T000013,4,282,5800.19,8007.92,-371.191,2.55515,1.45852,3.89155,1780.66,-1240.41,59.7279,964.097,82.5397,2674.35,0
20230101T000013,4,287,877.297,-631.445,-230.174,-5.23571,-8.98786,-0.0512011,350.13,417.5,182.424,825.735,-106.034,1050.92,0
20230101T000013,3,306,3715.49,-2906.9,-818.995,0,0,0,2500,0,0,2500,0,2500,0
20230101T000013,3,307,10284.5,-2096.79,-1607.84,0,0,0,2500,0,0,2500,0,2500,0
20230101T000013,3,308,6157.71,-763.278,39.677,0,0,0,2500,0,0,2500,0,2500,0
20230101T000013,3,309,2782.83,1617.69,192.815,0,0,0,2500,0,0,2500,0,2500,0
20230101T000013,3,310,4405.23,1414.54,-206.911,0,0,0,2500,0,0,2500,0,2500,0
20230101T000013,3,311,10524.7,5082.03,-2803.81,0,0,0,2500,0,0,2500,0,2500,0
20230101T000013,3,312,3824.02,1400.67,-225.412,0,0,0,2500,0,0,2500,0,2500,0
20230101T000013,3,313,10491.2,3855.22,-1310.27,0,0,0,2500,0,0,2500,0,2500,0
20230101T000013,3,314,10165.7,4759.49,1393.55,0,0,0,2500,0,0,2500,0,2500,0
20230101T000013,3,315,8170.99,1348.93,-820.527,0,0,0,2500,0,0,2500,0,2500,0
20230101T000013,3,316,7019.02,3303.54,523.077,0,0,0,2500,0,0,2500,0,2500,0
20230101T000013,3,317,6132.72,1945.91,442.765,0,0,0,2500,0,0,2500,0,2500,0
20230101T000013,3,318,6610.57,1840.22,-866.954,0,0,0,2500,0,0,2500,0,2500,0
20230101T000013,3,319,5296.15,1966.48,-287.106,0,0,0,2500,0,0,2500,0,2500,0
20230101T000013,3,320,8381.04,3774.26,-132.333,0,0,0,2500,0,0,2500,0,2500,0
20230101T000013,3,321,10832.2,3539.14,-1261.78,0,0,0,2500,0,0,2500,0,2500,0
20230101T000013,3,322,2665.75,1807.22,161.111,0,0,0,2500,0,0,2500,0,2500,0
20230101T000013,3,323,2330.58,2420.64,-271.851,0,0,0,2500,0,0,2500,0,2500,0
20230101T000013,3,324,1542.73,2111.31,-544.126,0,0,0,2500,0,0,2500,0,2500,0
20230101T000013,3,325,7395.68,8760.98,-54.7615,0,0,0,2500,0,0,2500,0,2500,0
20230101T000013,3,326,9407.49,7186.74,-2075.5,0,0,0,2500,0,0,2500,0,2500,0
20230101T000013,3,327,8332.76,8858.73,697.955,0,0,0,2500,0,0,2500,0,2500,0
20230101T000013,3,328,2831.96,2496.63,-150.916,0,0,0,2500,0,0,2500,0,2500,0
20230101T000013,3,329,2212.41,3230.01,-278.088,0,0,0,2500,0,0,2500,0,2500,0
20230101T000013,3,330,5694.62,8257.14,601.957,0,0,0,2500,0,0,2500,0,2500,0
20230101T000013,3,331,154.613,188.883,-9.7888,0,0,0,2500,0,0,2500,0,2500,0
20230101T000013,3,332,5064.11,4866.37,-795.041,0,0,0,2500,0,0,2500,0,2500,0
20230101T000013,3,333,3428.19,5076.69,1550.49,0,0,0,2500,0,0,2500,0,2500,0
20230101T000013,3,334,5995.55,6962.8,-1069.35,0,0,0,2500,0,0,2500,0,2500,0
20230101T000013.100000,6,448,708.344,841.016,-35.6486,0,0,0,1159.07,-920.662,39.0671,841.392,46.3844,1934.56,1.075e+23
20230101T000013.100000,3,335,708.344,841.016,-35.6487,0,0,0,2500,0,0,2500,0,2500,0
20230101T000013.200000,6,449,3130.32,-3598.08,424.985,0,0,0,20865.8,17846.5,-2124.83,15878.8,2442.34,36392.7,5.6078e+08
20230101T000013.200000,6,450,8990.75,-1920.16,-9.93386,0,0,0,5960.56,27608.7,142.833,129336,-30.5049,135233,2.17849e+09
20230101T000013.200000,6,451,839.287,710.296,-37.263,0,0,0,845.776,-921.209,48.3853,1154.65,40.9489,1934.35,4.78411e+22
20230101T000013.200000,4,335,788.545,773.418,-36.5622,7.94071,-6.69288,-0.0904546,667.127,-508.4,21.5635,491.702,25.6023,1094.89,0
20230101T000013.200000,3,336,3130.32,-3598.08,424.985,0,0,0,2500,0,0,2500,0,2500,0
20230101T000013.200000,3,337,8990.75,-1920.16,-9.93386,0,0,0,2500,0,0,2500,0,2500,0
20230101T000013.300000,6,452,953.293,547.784,-38.1781,0,0,0,529.916,-806.896,56.3073,1470.47,32.3554,1934.21,6.94219e+22
20230101T000013.300000,3,338,953.293,547.784,-38.1781,0,0,0,2500,0,0,2500,0,2500,0
20230101T000013.400000,6,453,1032.75,377.182,-37.9877,0,0,0,286.064,-601.91,60.6961,1714.3,22.1675,1934.21,9.20792e+22
20230101T000013.400000,4,338,1006.45,455.27,-38.0702,5.26292,-9.1598,0.0106799,319.722,-445.613,31.0798,839.151,17.8591,1094.71,0
20230101T000013.500000,6,454,1082.35,192.892,-39.8859,0,0,0,123.947,-322.563,66.7898,1876.41,11.903,1933.98,1.18558e+23
20230101T000013.500000,3,339,1082.35,192.892,-39.8859,0,0,0,2500,0,0,2500,0,2500,0
20230101T000013.600000,6,455,1099.44,4.7148,-38.5627,0,0,0,66.335,-8.00947,65.5935,1934.02,0.28129,1934.13,5.28598e+22
20230101T000013.600000,4,339,1101.17,87.4281,-39.137,1.86339,-10.442,0.0741499,95.5252,-178.147,36.866,1063.39,6.57012,1094.59,0
20230101T000013.700000,6,456,1082.95,-190.369,-35.4552,0,0,0,121.952,318.609,59.4033,1878.41,-10.4424,1934.49,7.02559e+22
20230101T000013.700000,6,457,1082.58,-192.318,-36.2422,0,0,0,123.19,321.747,60.7012,1877.18,-10.7835,1934.4,6.93639e+22
20230101T000013.700000,6,458,6275.88,6729.18,24.5007,0,0,0,72481.3,-67538,-245.905,63053.3,-263.667,135470,5.09534e+08
20230101T000013.700000,6,459,3327.44,3430.15,296.472,0,0,0,18924.6,-18159.7,-1575.64,17820.3,-1624.27,36540.7,7.86092e+08
20230101T000013.700000,3,340,1082.95,-190.369,-35.4552,0,0,0,2500,0,0,2500,0,2500,0
20230101T000013.700000,3,341,1082.58,-192.318,-36.2422,0,0,0,2500,0,0,2500,0,2500,0
20230101T000013.700000,3,342,6275.88,6729.18,24.5007,0,0,0,2500,0,0,2500,0,2500,0
20230101T000013.700000,3,343,3327.44,3430.15,296.472,0,0,0,2500,0,0,2500,0,2500,0
20230101T000013.800000,6,460,1033.51,-375.337,-35.5193,0,0,0,283.671,599.501,56.7939,1716.71,-20.6257,1934.49,2.1354e+21
20230101T000013.800000,6,461,4627.37,1229.78,-27.663,0,0,0,2480.71,-9088.88,204.454,34264.4,54.3363,36679.9,6.17675e+08
20230101T000013.800000,6,462,6569.48,5369.57,69.9018,0,0,0,46174.7,-56405.2,-734.341,69081.7,-600.214,115185,2.61149e+07
20230101T000013.800000,6,463,4876.96,4907.09,-208.518,0,0,0,38593.7,-38224,1625.73,38122.7,1635.78,76582.9,1.87455e+07
20230101T000013.800000,6,464,5834.74,7102.33,-159.68,0,0,0,80751.2,-66253,1490,54533.2,1813.7,135180,1.39702e+09
20230101T000013.800000,6,465,4122.78,4850.18,165.995,0,0,0,37684.2,-31940.7,-1093.9,27258.4,-1286.9,64834.6,3.16432e+07
20230101T000013.800000,6,466,4194.62,5158.77,400.956,0,0,0,42708.4,-34465.4,-2688.55,28344.9,-3306.52,70732.6,2.10411e+07
20230101T000013.800000,6,467,4044.02,3730.89,-166.455,0,0,0,22329.7,-24086.5,1075.62,26216.4,992.33,48437.9,4.36867e+07
20230101T000013.800000,4,341,1063.8,-298.087,-35.8331,-1.85868,-10.4722,0.0405065,95.1039,177.679,33.5053,1063.71,-5.95216,1094.83,0
20230101T000013.800000,4,342,6262.49,6730.34,21.1057,-1.32514,0.114745,-0.336138,1354.74,-1205.25,-4.38827,1186.49,-4.70523,2478.78,0
20230101T000013.800000,3,344,4627.37,1229.78,-27.663,0,0,0,2500,0,0,2500,0,2500,0
20230101T000013.800000,3,345,6569.48,5369.57,69.9018,0,0,0,2500,0,0,2500,0,2500,0
20230101T000013.800000,3,346,4876.96,4907.09,-208.518,0,0,0,2500,0,0,2500,0,2500,0
20230101T000013.800000,3,347,4122.78,4850.18,165.995,0,0,0,2500,0,0,2500,0,2500,0
20230101T000013.800000,3,348,4194.62,5158.77,400.956,0,0,0,2500,0,0,2500,0,2500,0
20230101T000013.800000,3,349,4044.02,3730.89,-166.455,0,0,0,2500,0,0,2500,0,2500,0
20230101T000013.900000,6,468,952.415,-549.384,-37.0482,0,0,0,532.531,808.567,54.5905,1467.86,-31.4896,1934.34,9.33749e+20
20230101T000013.900000,6,469,3114.78,2036.24,-654.046,0,0,0,7157.05,-9806.01,3250.41,15746.5,2124.9,22159,3.59661e+07
20230101T000013.900000,6,470,4177.64,1748.8,-938.996,0,0,0,6145.91,-11165,6264.72,28143.7,2622.48,32820.2,1.95979e+07
20230101T000013.900000,6,471,7050.67,2923.87,-283.012,0,0,0,13842.3,-32916.4,3190.49,79567.2,1323.08,93217.5,3.66232e+06
20230101T000013.900000,6,472,9490.77,2765.7,33.027,0,0,0,12299.1,-41980.1,-501.318,144125,-146.089,156358,1.73042e+07
20230101T000013.900000,6,473,5879.71,2425.92,-305.183,0,0,0,9598.02,-22746.8,2868.19,55344.5,1183.39,64729.8,1.01571e+07
20230101T000013.900000,6,474,5819.77,2718.12,-578.742,0,0,0,12313.2,-25080.3,5383.85,54298.9,2514.53,66013.1,4.94668e+06
20230101T000013.900000,6,475,8260.8,4031.8,-115.214,0,0,0,26077.5,-53255.9,1522.09,109202,742.878,135194,1.08904e+09
20230101T000013.900000,6,476,2835.33,2725.52,256.159,0,0,0,11973.2,-12280.1,-1159.08,12943.6,-1114.19,24748.3,2.58561e+07
20230101T000013.900000,6,477,6077.42,4336.03,-378.828,0,0,0,30276.3,-42024.2,3681.04,59195,2626.29,89178,9.98536e+06
20230101T000013.900000,6,478,5636.34,5281.43,828.523,0,0,0,45248.1,-47049.1,-7466.79,51372.4,-6996.62,95459.7,1.53564e+07
20230101T000013.900000,6,479,5260.54,6642.46,446.83,0,0,0,70743.4,-55722.1,-3758.82,44512.8,-4746.24,114873,8.56124e+06
20230101T000013.900000,6,480,6583.17,6386.85,-612.987,0,0,0,65609.6,-66940.9,6453.59,69663.5,6261.13,134608,1.06311e+09
20230101T000013.900000,6,481,3798.48,5488.06,-1064.21,0,0,0,48797.2,-32476.9,6462.14,24352.9,9336.53,71277.2,8.50543e+06
20230101T000013.900000,6,482,3175.2,3555.36,-450.825,0,0,0,20397.4,-17869.3,2286.34,16347.2,2560.08,36356.5,6.42204e+07
20230101T000013.900000,6,483,3503.23,4215.74,484.235,0,0,0,28615.2,-23414.3,-2710.64,19895.7,-3261.94,48072.7,2.77989e+08
20230101T000013.900000,6,484,3722.2,4177.01,796.444,0,0,0,28392.8,-24341,-4737.3,22768.3,-5316.14,50084.8,2.09513e+07
20230101T000013.900000,4,342,6268.56,6724.21,9.31686,-0.65794,-1.65102,-2.61932,1358.95,-1231.08,-4.12538,1183.71,-4.40394,2505.56,0
20230101T000013.900000,3,350,952.415,-549.384,-37.0482,0,0,0,2500,0,0,2500,0,2500,0
20230101T000013.900000,3,351,3114.78,2036.24,-654.046,0,0,0,2500,0,0,2500,0,2500,0
20230101T000013.900000,3,352,4177.64,1748.8,-938.996,0,0,0,2500,0,0,2500,0,2500,0
20230101T000013.900000,3,353,7050.67,2923.87,-283.012,0,0,0,2500,0,0,2500,0,2500,0
20230101T000013.900000,3,354,9490.78,2765.7,33.027,0,0,0,2500,0,0,2500,0,2500,0
20230101T000013.900000,3,355,5879.71,2425.92,-305.183,0,0,0,2500,0,0,2500,0,2500,0
20230101T000013.900000,3,356,5819.77,2718.12,-578.742,0,0,0,2500,0,0,2500,0,2500,0
20230101T000013.900000,3,357,8260.8,4031.8,-115.214,0,0,0,2500,0,0,2500,0,2500,0
20230101T000013.900000,3,358,2835.33,2725.52,256.159,0,0,0,2500,0,0,2500,0,2500,0
20230101T000013.900000,3,359,6077.42,4336.03,-378.828,0,0,0,2500,0,0,2500,0,2500,0
20230101T000013.900000,3,360,5636.34,5281.43,828.523,0,0,0,2500,0,0,2500,0,2500,0
20230101T000013.900000,3,361,5260.54,6642.46,446.83,0,0,0,2500,0,0,2500,0,2500,0
20230101T000013.900000,3,362,3798.48,5488.06,-1064.21,0,0,0,2500,0,0,2500,0,2500,0
20230101T000013.900000,3,363,3175.2,3555.36,-450.825,0,0,0,2500,0,0,2500,0,2500,0
20230101T000013.900000,3,364,3503.23,4215.74,484.235,0,0,0,2500,0,0,2500,0,2500,0
20230101T000013.900000,3,365,3722.2,4177.01,796.444,0,0,0,2500,0,0,2500,0,2500,0
20230101T000014,6,485,841.88,-707.235,-36.9729,0,0,0,839.051,920.09,48.1569,1161.37,-40.4549,1934.38,1.26924e+21
20230101T000014,6,486,9189.52,248.225,-123.715,0,0,0,186.998,-3647.33,1818.15,135116,49.1116,135214,2.19888e+09
20230101T000014,6,487,3356.2,1733.4,-84.8929,0,0,0,4867.07,-9277.42,454.59,18038.4,234.785,22830,4.6232e+07
20230101T000014,6,488,5176.4,2599.73,-500.066,0,0,0,11184,-21345.6,4136.77,42965.5,2077.59,53686.3,1.5089e+07
20230101T000014,6,489,8236.62,2037.59,39.8178,0,0,0,6705.52,-26837,-524.451,108551,-129.74,115190,1.82819e+07
20230101T000014,6,490,5872.07,2653.89,261.767,0,0,0,11413.1,-24869,-2457.02,55199.3,-1110.46,66439,7.34231e+06
20230101T000014,6,491,4767.53,5405.17,-326.508,0,0,0,46847.9,-41114.6,2488.71,36498.8,2821.56,83112.4,1.08515e+07
20230101T000014,6,492,3637.48,4958.88,824.497,0,0,0,39747.3,-28311.8,-4793.57,21918.1,-6534.94,60515.9,2.61029e+07
20230101T000014,6,493,3209.07,4466.03,-192.153,0,0,0,31954.5,-22872.6,985.309,16558.1,1371.24,48389.7,5.24636e+08
20230101T000014,6,494,5513.92,8204.97,13.5546,0,0,0,107734,-72356.7,-119.533,48689.6,-177.871,156360,5.16723e+07
20230101T000014,6,495,3805.11,2903.35,132.18,0,0,0,13545.2,-17631.7,-803.332,23199.9,-612.953,36653.2,1.07604e+08
20230101T000014,4,350,897.833,-644.029,-37.0057,-5.40411,-9.37078,0.00420686,321.159,446.523,30.1322,837.684,-17.3812,1094.78,0
20230101T000014,4,355,5950.95,2463.88,-287.892,7.05393,3.75858,1.71202,411.503,-832.898,104.789,2086.56,43.235,2424.97,0
20230101T000014,3,366,9189.52,248.225,-123.715,0,0,0,2500,0,0,2500,0,2500,0
20230101T000014,3,367,3356.2,1733.4,-84.8929,0,0,0,2500,0,0,2500,0,2500,0
20230101T000014,3,368,5176.4,2599.73,-500.066,0,0,0,2500,0,0,2500,0,2500,0
20230101T000014,3,369,8236.62,2037.59,39.8178,0,0,0,2500,0,0,2500,0,2500,0
20230101T000014,3,370,4767.53,5405.17,-326.508,0,0,0,2500,0,0,2500,0,2500,0
20230101T000014,3,371,3637.48,4958.88,824.497,0,0,0,2500,0,0,2500,0,2500,0
20230101T000014,3,372,3209.07,4466.03,-192.153,0,0,0,2500,0,0,2500,0,2500,0
20230101T000014,3,373,5513.92,8204.97,13.5546,0,0,0,2500,0,0,2500,0,2500,0
20230101T000014,3,374,3805.11,2903.35,132.18,0,0,0,2500,0,0,2500,0,2500,0
20230101T000014.100000,6,496,3595.82,-4098.27,-758.674,0,0,0,27301.2,23090.9,4359.13,21243.8,-4968.23,47562.4,1.76576e+08
20230101T000014.100000,6,497,8652.48,-3070.3,470.676,0,0,0,15454.3,42373.3,-6512.93,119831,2311.09,134868,1.43499e+09
20230101T000014.100000,6,498,4774,229.836,285.964,0,0,0,278.682,-1746.23,-2180.5,36466.2,-104.976,36550.5,6.72276e+08
20230101T000014.100000,6,499,704.454,831.221,152.142,0,0,0,1147.21,-887.661,-165.816,852.098,-195.654,1900.72,1.04918e+22
20230101T000014.100000,3,375,3595.82,-4098.27,-758.674,0,0,0,2500,0,0,2500,0,2500,0
20230101T000014.100000,3,376,8652.48,-3070.3,470.676,0,0,0,2500,0,0,2500,0,2500,0
20230101T000014.100000,3,377,4774,229.836,285.964,0,0,0,2500,0,0,2500,0,2500,0
20230101T000014.100000,3,378,704.454,831.221,152.142,0,0,0,2500,0,0,2500,0,2500,0
20230101T000014.200000,6,500,3747.2,-4032.24,28.8434,0,0,0,26044.6,24142.8,-172.703,22501.5,185.84,48480.8,2.23488e+08
20230101T000014.200000,6,501,8705.33,-2949.32,194.305,0,0,0,14029.2,41041.9,-2705.11,121265,916.476,135170,1.55664e+09
20230101T000014.200000,6,502,4381.02,-1928.99,106.8,0,0,0,6022.46,13491.2,-747.322,30722.6,329.05,36662.9,4.28201e+08
20230101T000014.200000,6,503,839.195,693.608,158.003,0,0,0,830.72,-880.922,-205.141,1168.45,-169.552,1897.86,4.6894e+22
20230101T000014.200000,4,376,8653.8,-3068.2,465.627,0.130978,0.207499,-0.499839,338.254,759.491,-116.436,2209.09,41.3167,2472.38,0
20230101T000014.200000,4,378,788.138,759.677,155.46,8.28551,-7.0835,0.328493,665.239,-494.135,-91.5236,500.961,-107.993,1076.21,0
20230101T000014.200000,3,379,3747.2,-4032.24,28.8434,0,0,0,2500,0,0,2500,0,2500,0
20230101T000014.200000,3,380,4381.02,-1928.99,106.8,0,0,0,2500,0,0,2500,0,2500,0
20230101T000014.300000,6,504,7093.89,-5839.73,-321.309,0,0,0,54700.5,66169.8,3645.2,80609.8,-3000.75,135081,1.8775e+09
20230101T000014.300000,6,505,4532.28,-1498.37,372.869,0,0,0,3850.06,10780.4,-2699.19,32894.7,892.352,36459.1,8.01007e+08
20230101T000014.300000,6,506,943.394,543.402,158.176,0,0,0,549.577,-775.805,-230.864,1449.57,-132.979,1897.77,3.81356e+22
20230101T000014.300000,4,380,4392.53,-1901.88,123.955,1.14024,2.68369,1.69854,436.849,847.79,-46.9401,1989.02,20.668,2361.24,0
20230101T000014.300000,3,381,7093.89,-5839.73,-321.309,0,0,0,2500,0,0,2500,0,2500,0
20230101T000014.300000,3,382,943.394,543.402,158.176,0,0,0,2500,0,0,2500,0,2500,0
20230101T000014.400000,6,507,6560.13,-6440.46,111.245,0,0,0,66410,67558.6,-1167.09,68897.6,1145.8,135224,1.98516e+09
20230101T000014.400000,6,508,3267.6,-3477.9,390.797,0,0,0,19497.7,18029.4,-2039.58,17247.1,2170.85,36437.2,1.11047e+09
20230101T000014.400000,6,509,1024.4,370.146,154.563,0,0,0,308.514,-574.414,-244.962,1690.68,-88.5123,1899.49,4.73955e+22
20230101T000014.400000,4,381,7084.66,-5851.23,-313.381,-0.913589,-1.13902,0.784869,1040.18,1184.17,65.1558,1503.85,-53.6366,2475.77,0
20230101T000014.400000,4,382,998.219,448.803,156.131,5.42826,-9.3662,-0.202397,332.721,-432.178,-127.429,834.084,-73.4001,1074.59,0
20230101T000014.400000,3,383,3267.6,-3477.9,390.797,0,0,0,2500,0,0,2500,0,2500,0
20230101T000014.500000,6,510,5053.1,-6815.68,-88.4356,0,0,0,74352.8,55068,714.602,40903.6,-963.863,115180,6.86756e+07
20230101T000014.500000,6,511,3228.17,-3535.28,79.997,0,0,0,20030.9,18223,-412.47,16714.3,451.709,36670.9,3.04211e+08
20230101T000014.500000,6,512,7299.89,-5586.5,107.751,0,0,0,49986.4,65209.5,-1257.92,85292,962.667,135196,1.17578e+09
20230101T000014.500000,6,513,3332.89,-4380.47,68.5532,0,0,0,30727.8,23324.9,-365.085,17818.3,479.838,48474.6,1.27493e+08
20230101T000014.500000,6,514,1072.52,186.934,158.219,0,0,0,155.611,-303.406,-262.535,1843.5,-45.7582,1897.71,1.25977e+22
20230101T000014.500000,4,379,3726.09,-4051.85,30.9566,-5.81144,-5.39647,0.581625,1413.41,1255.32,-8.97954,1229.18,9.66259,2579.92,0
20230101T000014.500000,4,381,7088.37,-5846.24,-305.5,-1.38198,0.844055,2.35373,1038.16,1210.11,65.5694,1507.19,-54.0084,2502.55,0
20230101T000014.500000,4,383,3265.51,-3482.1,370.82,-0.20623,-0.415886,-1.97797,1290.68,1139.59,-128.108,1148.42,136.354,2347.06,0
20230101T000014.500000,3,384,5053.1,-6815.68,-88.4356,0,0,0,2500,0,0,2500,0,2500,0
20230101T000014.500000,3,385,1072.52,186.934,158.219,0,0,0,2500,0,0,2500,0,2500,0
20230101T000014.600000,6,515,1089.57,0.285914,151.994,0,0,0,99.742,-0.472264,-256.216,1899.46,-0.0672335,1900.68,1.6985e+22
20230101T000014.600000,6,516,3926.51,2720.95,323.503,0,0,0,12001.8,-16985.9,-2028.84,24743,-1405.92,36514,1.87521e+09
20230101T000014.600000,4,385,1091.41,81.4877,154.697,1.8707,-10.4402,-0.348682,113.255,-169.021,-144.911,1053.54,-25.2572,1074.57,0
20230101T000014.600000,3,386,3926.51,2720.95,323.503,0,0,0,2500,0,0,2500,0,2500,0
20230101T000014.700000,6,517,1073.23,-187.817,152.2,0,0,0,153.312,305.562,-252.716,1845.9,44.2256,1900.6,1.92006e+22
20230101T000014.700000,6,518,7051.66,5895.06,-201.41,0,0,0,55678.7,-66448.5,2271.36,79614.4,1898.82,135164,1.22564e+09
20230101T000014.700000,6,519,3557.92,3189.9,302.453,0,0,0,16397.2,-18054.6,-1718.76,20347.7,-1540.98,36535.1,3.89259e+08
20230101T000014.700000,6,520,3428.35,4290.57,372.487,0,0,0,29565.7,-23396,-2040.53,18980.1,-2553.71,48260.4,1.41355e+08
20230101T000014.700000,3,387,1073.23,-187.817,152.2,0,0,0,2500,0,0,2500,0,2500,0
20230101T000014.700000,3,388,7051.66,5895.06,-201.41,0,0,0,2500,0,0,2500,0,2500,0
20230101T000014.700000,3,389,3557.92,3189.9,302.453,0,0,0,2500,0,0,2500,0,2500,0
20230101T000014.700000,3,390,3428.35,4290.57,372.487,0,0,0,2500,0,0,2500,0,2500,0
20230101T000014.800000,6,521,1024.96,-369.566,152.144,0,0,0,306.856,574.219,-241.261,1692.37,86.9902,1900.63,6.85155e+21
20230101T000014.800000,6,522,4645.18,1131.05,262.15,0,0,0,2210.89,-8366.37,-1944.98,34534.1,-473.581,36571.4,1.45039e+09
20230101T000014.800000,6,523,6808.66,6175.65,151.772,0,0,0,61077.1,-67226.4,-1652.6,74218,-1498.96,135194,1.51851e+09
20230101T000014.800000,6,524,3508.54,4241.47,-37.1977,0,0,0,28811,-23777.7,208.54,19735.1,252.104,48479.9,7.24955e+07
20230101T000014.800000,4,387,1054.72,-293.663,152.168,-1.8332,-10.4799,-0.00314399,111.968,170.102,-139.492,1054.21,24.4112,1076.17,0
20230101T000014.800000,4,388,7047.45,5900.42,-194.938,-0.416423,0.530308,0.640707,1057.09,-1188.44,40.6043,1485.18,33.9445,2477.56,0
20230101T000014.800000,4,390,3432.82,4288.75,352.238,0.44282,-0.179908,-2.00478,1492.95,-1134.5,-98.5149,979.635,-123.291,2389.3,0
20230101T000014.800000,3,391,4645.18,1131.05,262.15,0,0,0,2500,0,0,2500,0,2500,0
20230101T000014.900000,6,525,942.446,-545.665,155.99,0,0,0,552.526,778.739,-227.445,1446.65,131.688,1898.81,7.32959e+19
20230101T000014.900000,6,526,9055.35,-1269.67,956.524,0,0,0,4077.08,18185.7,-13852.1,131228,1942.24,133779,2.33842e+09
20230101T000014.900000,6,527,3679.95,1408.33,87.7587,0,0,0,3239.98,-8266.67,-515.386,21677,-197.24,24840.7,4.27877e+06
20230101T000014.900000,6,528,3829.06,1310.11,446.134,0,0,0,3087.9,-7909.46,-2726.64,23498.7,-932.917,26205.7,4.87055e+06
20230101T000014.900000,6,529,6719.61,1623.99,157.372,0,0,0,4317.64,-17436.5,-1690.55,72250.8,-408.572,76464.9,2.47439e+07
20230101T000014.900000,6,530,4959.65,2354.04,-339.149,0,0,0,9068.67,-18584.4,2687.74,39402.6,1275.71,48223.7,6.81524e+08
20230101T000014.900000,6,531,4543.55,1085.33,1050.69,0,0,0,3613.31,-7477.06,-7624.88,33128.8,-1821.37,34917.9,4.46653e+07
20230101T000014.900000,6,532,5064.89,3175.21,984.397,0,0,0,17288.9,-25005.5,-7968.68,41499.9,-4995.61,57177.7,2.85522e+06
20230101T000014.900000,6,533,5375.21,3401.03,111.15,0,0,0,18567,-29212.2,-954.982,46252.6,-604.241,64735.9,2.53617e+07
20230101T000014.900000,6,534,9313.08,3722.89,-840.051,0,0,0,23204.2,-55063.5,12512.6,138938,5001.9,160950,2.97141e+06
20230101T000014.900000,6,535,2287.84,2498.17,-0.387984,0,0,0,10014.5,-9112.78,1.41528,8409.55,1.54539,18360.1,4.0869e+06
20230101T000014.900000,6,536,7967.91,8017.79,-376.518,0,0,0,103000,-102071,4798.6,101726,4828.64,204436,2.45892e+07
20230101T000014.900000,6,537,8603.51,8392.04,105.062,0,0,0,112724,-115481,-1445.84,118472,-1410.3,231115,4.9426e+07
20230101T000014.900000,6,538,4371.31,6420.61,-125.428,0,0,0,65987,-44864.8,876.671,30634.2,1287.66,96532.1,3.91635e+06
20230101T000014.900000,6,539,5148.55,3729.04,-259.715,0,0,0,22361.9,-30637,2137.33,42471.2,1548.05,64661.4,2.38074e+07
20230101T000014.900000,6,540,4880.47,3523.45,685.877,0,0,0,20399.8,-27126.5,-5350,38389.9,-3862.43,57974.7,2.70167e+06
20230101T000014.900000,6,541,6969.34,7017.23,285.217,0,0,0,78882.7,-78151.7,-3179.14,77812.5,-3200.99,156501,9.61572e+07
20230101T000014.900000,6,542,4113.57,4623.85,447.391,0,0,0,34377.5,-30242.1,-2941.54,27288.6,-3306.43,61282.6,4.12984e+06
20230101T000014.900000,3,392,942.446,-545.664,155.99,0,0,0,2500,0,0,2500,0,2500,0
20230101T000014.900000,3,393,9055.35,-1269.67,956.524,0,0,0,2500,0,0,2500,0,2500,0
20230101T000014.900000,3,394,3679.95,1408.33,87.7587,0,0,0,2500,0,0,2500,0,2500,0
20230101T000014.900000,3,395,3829.06,1310.11,446.134,0,0,0,2500,0,0,2500,0,2500,0
20230101T000014.900000,3,396,6719.61,1623.99,157.372,0,0,0,2500,0,0,2500,0,2500,0
20230101T000014.900000,3,397,4959.65,2354.04,-339.149,0,0,0,2500,0,0,2500,0,2500,0
20230101T000014.900000,3,398,4543.55,1085.33,1050.69,0,0,0,2500,0,0,2500,0,2500,0
20230101T000014.900000,3,399,5064.89,3175.21,984.397,0,0,0,2500,0,0,2500,0,2500,0
20230101T000014.900000,3,400,5375.21,3401.03,111.15,0,0,0,2500,0,0,2500,0,2500,0
20230101T000014.900000,3,401,9313.08,3722.89,-840.052,0,0,0,2500,0,0,2500,0,2500,0
20230101T000014.900000,3,402,2287.84,2498.17,-0.387984,0,0,0,2500,0,0,2500,0,2500,0
20230101T000014.900000,3,403,7967.91,8017.79,-376.518,0,0,0,2500,0,0,2500,0,2500,0
20230101T000014.900000,3,404,8603.51,8392.04,105.062,0,0,0,2500,0,0,2500,0,2500,0
20230101T000014.900000,3,405,4371.31,6420.61,-125.428,0,0,0,2500,0,0,2500,0,2500,0
20230101T000014.900000,3,406,5148.55,3729.04,-259.715,0,0,0,2500,0,0,2500,0,2500,0
20230101T000014.900000,3,407,4880.47,3523.45,685.877,0,0,0,2500,0,0,2500,0,2500,0
20230101T000014.900000,3,408,6969.34,7017.22,285.217,0,0,0,2500,0,0,2500,0,2500,0
20230101T000014.900000,3,409,4113.57,4623.85,447.391,0,0,0,2500,0,0,2500,0,2500,0
20230101T000015,6,543,836.539,-697.241,156.101,0,0,0,837.843,883.213,-202.03,1161.36,168.389,1898.8,3.36058e+21
20230101T000015,6,544,4728.78,-647.62,380.75,0,0,0,961.165,4860.19,-2875.75,35783.6,393.842,36449.6,1.11309e+09
20230101T000015,6,545,10346.4,2801.84,2041.03,0,0,0,18827.9,-44684.8,-33776.2,171735,-9146.74,183838,7.20225e+07
20230101T000015,6,546,7604.64,2236.01,273.64,0,0,0,8168.72,-27156.8,-3327.38,92543.4,-978.359,100528,1.27859e+07
20230101T000015,6,547,8282.45,1828.99,225.934,0,0,0,5491.21,-24207,-2992.4,109765,-660.804,115111,1.05385e+07
20230101T000015,6,548,4896.03,2427.89,650.479,0,0,0,10025.5,-18724.6,-5088.89,38499.8,-2523.53,47786.1,2.28722e+08
20230101T000015,6,549,8988.25,3383.46,2342.76,0,0,0,26061.2,-45742.9,-33677.9,130359,-12677.5,147582,2.39486e+07
20230101T000015,6,550,6883,1409.64,1409.41,0,0,0,6288.76,-14887.3,-15509.5,75931.5,-3176.35,78982.9,1.26379e+07
20230101T000015,6,551,8697.4,2941.23,-462.594,0,0,0,14205.9,-40806.4,6434.34,121073,2175.92,134873,1.37073e+09
20230101T000015,6,552,5882.71,7042.46,-547.16,0,0,0,79577,-66019,5147.62,55689.8,6162.45,134724,1.38581e+09
20230101T000015,6,553,3751.58,3993.22,464.425,0,0,0,25704.9,-23765.5,-2784.04,22736,-2963.36,48032.8,2.4665e+08
20230101T000015,4,390,3447.26,4271.23,357.539,-2.91644,-14.4579,-1.1927,1523.12,-1173.64,-97.7503,995.217,-122.307,2452.62,0
20230101T000015,4,392,889.484,-637.139,156.053,-5.24372,-9.05693,0.00627363,334.305,433.702,-125.543,832.267,72.6876,1075.18,0
20230101T000015,3,410,4728.78,-647.62,380.75,0,0,0,2500,0,0,2500,0,2500,0
20230101T000015,3,411,10346.4,2801.84,2041.03,0,0,0,2500,0,0,2500,0,2500,0
20230101T000015,3,412,7604.64,2236.01,273.64,0,0,0,2500,0,0,2500,0,2500,0
20230101T000015,3,413,8282.45,1828.99,225.934,0,0,0,2500,0,0,2500,0,2500,0
20230101T000015,3,414,4896.03,2427.89,650.479,0,0,0,2500,0,0,2500,0,2500,0
20230101T000015,3,415,8988.25,3383.46,2342.76,0,0,0,2500,0,0,2500,0,2500,0
20230101T000015,3,416,6883,1409.64,1409.41,0,0,0,2500,0,0,2500,0,2500,0
20230101T000015,3,417,8697.4,2941.23,-462.594,0,0,0,2500,0,0,2500,0,2500,0
20230101T000015,3,418,5882.71,7042.46,-547.16,0,0,0,2500,0,0,2500,0,2500,0
20230101T000015.100000,6,554,6420.13,-5712.53,-42.8505,0,0,0,52250.2,58647.1,439.932,65978.6,-391.444,118162,1.48741e+09
20230101T000015.100000,6,555,7933.46,-3280.31,-369.083,0,0,0,17457.4,41539.2,4682.43,100745,-1936.08,117921,1.5056e+09
20230101T000015.100000,6,556,813.733,976.644,-273.862,0,0,0,1600.37,-1182.47,348.126,1166.39,417.822,2588.43,1.14074e+22
20230101T000015.100000,3,419,6420.14,-5712.53,-42.8505,0,0,0,2500,0,0,2500,0,2500,0
20230101T000015.100000,3,420,7933.46,-3280.31,-369.083,0,0,0,2500,0,0,2500,0,2500,0
20230101T000015.100000,3,421,813.734,976.644,-273.862,0,0,0,2500,0,0,2500,0,2500,0
20230101T000015.200000,6,557,2999.78,-3467.51,-264.791,0,0,0,19313.1,16555.8,1268.49,14498.6,-1466.28,33635.9,9.07398e+06
20230101T000015.200000,6,558,7398.89,-7704.32,-198.279,0,0,0,95031.4,91142.1,2346.45,87655.7,-2443.32,182560,2.95895e+07
20230101T000015.200000,6,559,3478.78,-4142.21,389.405,0,0,0,27579.4,22904.9,-2164.5,19542.6,2577.28,46816,7.0453e+06
20230101T000015.200000,6,560,7893.83,-5075.38,-1441.52,0,0,0,43611.7,62561.8,18198.5,100691,-11700.8,140917,1.20817e+07
20230101T000015.200000,6,561,3093.67,-1150.19,-502.688,0,0,0,2526.87,5540.8,2479.31,15370,-921.779,17431.4,1.90565e+07
20230101T000015.200000,6,562,3266.12,-911.142,-172.139,0,0,0,1431.5,4732.65,896.44,17076.1,-250.077,18396.6,1.73624e+08
20230101T000015.200000,6,563,4173.99,-1151.05,-855.496,0,0,0,3265.37,7371.3,5701.6,27962.6,-1572.32,29997.8,1.00388e+07
20230101T000015.200000,6,564,4120.52,-1871.75,-127.025,0,0,0,5679.94,12306.4,835.819,27181.3,-379.672,32771.5,4.78442e+06
20230101T000015.200000,6,565,9723.05,-4397.12,516.858,0,0,0,31343.4,68221.1,-8037.87,151344,3635.03,182196,2.78351e+07
20230101T000015.200000,6,566,6972.64,-2580.73,-1677.65,0,0,0,14670.5,27305.5,18703.4,78338.3,-6922.56,88447.8,2.88967e+06
20230101T000015.200000,6,567,5783.64,-2947.93,-335.014,0,0,0,14097.7,27181.2,3097.23,53571.1,-1578.66,67425.5,1.67558e+08
20230101T000015.200000,6,568,7635.41,-4067.64,-346.156,0,0,0,26672.3,49586.9,4226.61,93335.6,-2251.66,119752,1.36776e+07
20230101T000015.200000,6,569,6050.1,-2318.97,988.334,0,0,0,10021.4,21904.8,-9558.33,58774.2,3663.66,67171.6,1.83162e+07
20230101T000015.200000,6,570,8865.46,-3679,443.052,0,0,0,21978.5,52051.9,-6281.86,125810,2606.85,147410,1.22259e+07
20230101T000015.200000,6,571,4619.34,-2731.31,-1109.71,0,0,0,13441.5,19296.9,8190.9,34667.6,-4843.09,46080,2.53844e+07
20230101T000015.200000,6,572,8484.56,1334.64,-291.963,0,0,0,3045.52,-18087.4,3961.33,115185,623.128,118030,2.68101e+09
20230101T000015.200000,6,573,977.382,813.463,-271.992,0,0,0,1164.84,-1183.81,415.282,1601.92,345.634,2590,9.92946e+20
20230101T000015.200000,4,413,8388.92,1840.74,217.415,20.4749,2.25906,-1.63825,179.458,-521.841,-64.4636,2427.33,-14.2353,2540.85,0
20230101T000015.200000,4,420,7985.69,-3320.88,-371.289,5.17092,-4.01653,-0.218406,418.03,849.298,95.5622,2120.9,-39.5129,2467.72,0
20230101T000015.200000,3,422,2999.78,-3467.51,-264.791,0,0,0,2500,0,0,2500,0,2500,0
20230101T000015.200000,3,423,7398.89,-7704.32,-198.279,0,0,0,2500,0,0,2500,0,2500,0
20230101T000015.200000,3,424,3478.78,-4142.21,389.405,0,0,0,2500,0,0,2500,0,2500,0
20230101T000015.200000,3,425,7893.83,-5075.38,-1441.52,0,0,0,2500,0,0,2500,0,2500,0
20230101T000015.200000,3,426,3093.67,-1150.19,-502.688,0,0,0,2500,0,0,2500,0,2500,0
20230101T000015.200000,3,427,3266.12,-911.142,-172.139,0,0,0,2500,0,0,2500,0,2500,0
20230101T000015.200000,3,428,4173.99,-1151.06,-855.496,0,0,0,2500,0,0,2500,0,2500,0
20230101T000015.200000,3,429,4120.52,-1871.75,-127.025,0,0,0,2500,0,0,2500,0,2500,0
20230101T000015.200000,3,430,9723.05,-4397.12,516.858,0,0,0,2500,0,0,2500,0,2500,0
20230101T000015.200000,3,431,6972.64,-2580.73,-1677.65,0,0,0,2500,0,0,2500,0,2500,0
20230101T000015.200000,3,432,5783.64,-2947.93,-335.014,0,0,0,2500,0,0,2500,0,2500,0
20230101T000015.200000,3,433,6050.1,-2318.97,988.334,0,0,0,2500,0,0,2500,0,2500,0
20230101T000015.200000,3,434,8865.46,-3679,443.052,0,0,0,2500,0,0,2500,0,2500,0
20230101T000015.200000,3,435,4619.34,-2731.31,-1109.71,0,0,0,2500,0,0,2500,0,2500,0
20230101T000015.200000,3,436,977.382,813.463,-271.992,0,0,0,2500,0,0,2500,0,2500,0
20230101T000015.300000,6,574,4860.32,-4324.7,111.367,0,0,0,29971.6,33589.5,-865.231,37833.4,769.88,67721.3,2.00833e+08
20230101T000015.300000,6,575,10348,-1964.7,-1788.18,0,0,0,11174.2,31580.2,29596.2,171511,-5619.19,177509,7.48386e+07
20230101T000015.300000,6,576,8727.53,-4430.75,35.5858,0,0,0,31462.9,61844.5,-496.714,121885,252.169,153282,2.94615e+07
20230101T000015.300000,6,577,1100.2,636.18,-275.272,0,0,0,784.234,-1040.85,473.106,1982.42,273.568,2587.15,1.89718e+21
20230101T000015.300000,6,578,6986.3,4812.76,-1404.18,0,0,0,39242,-52294.5,15687.5,79128.8,10806.9,115155,3.72257e+10
20230101T000015.300000,3,437,4860.32,-4324.7,111.367,0,0,0,2500,0,0,2500,0,2500,0
20230101T000015.300000,3,438,10348,-1964.7,-1788.18,0,0,0,2500,0,0,2500,0,2500,0
20230101T000015.300000,3,439,8727.53,-4430.75,35.5858,0,0,0,2500,0,0,2500,0,2500,0
20230101T000015.300000,3,440,1100.2,636.18,-275.272,0,0,0,2500,0,0,2500,0,2500,0
20230101T000015.300000,3,441,6986.3,4812.76,-1404.18,0,0,0,2500,0,0,2500,0,2500,0
20230101T000015.400000,6,579,7273.89,-7777.46,-860.846,0,0,0,97365.2,89892.6,10015.2,85321.6,-10708.6,181438,3.59892e+07
20230101T000015.400000,6,580,3929.67,-3944.73,-619.227,0,0,0,25234.5,24464,3888.41,25047.3,-3903.32,49605.9,1.06326e+07
20230101T000015.400000,6,581,4188.1,-4977.98,-101.992,0,0,0,39681.9,33317.5,682.801,28111.5,-811.579,67712.8,4.06918e+07
20230101T000015.400000,6,582,1196.31,431.139,-271.836,0,0,0,456.219,-768.01,508.013,2310.48,183.083,2590.06,2.1888e+21
20230101T000015.400000,6,583,7350.03,4365.15,-930.269,0,0,0,31557.6,-50698.7,10934.1,86814.2,6493.71,116925,9.09394e+09
20230101T000015.400000,4,423,7397.34,-7705.57,-207.591,-0.298144,-0.240237,-1.79075,1363.95,1249.06,32.1461,1262.87,-33.4732,2562.64,0
20230101T000015.400000,4,441,6994.6,4803.6,-1394.31,0.821368,-0.907243,0.976493,881.1,-1095.14,319.711,1716.4,220.244,2407.98,0
20230101T000015.400000,3,442,3929.67,-3944.73,-619.227,0,0,0,2500,0,0,2500,0,2500,0
20230101T000015.400000,3,443,4188.1,-4977.98,-101.992,0,0,0,2500,0,0,2500,0,2500,0
20230101T000015.400000,3,444,1196.31,431.139,-271.836,0,0,0,2500,0,0,2500,0,2500,0
20230101T000015.500000,6,584,2392.09,-2391.02,296.518,0,0,0,9249.28,9049.13,-1130.94,9257.37,1130.43,18302.9,1.49382e+08
20230101T000015.500000,6,585,2348.76,-2618.08,60.5129,0,0,0,10998.1,9804.11,-226.674,8865.41,252.665,19793.7,1.91241e+07
20230101T000015.500000,6,586,3524.16,-2527.76,-314.631,0,0,0,10369.9,14148,1770.34,19946.9,-1269.81,30095.1,4.28598e+06
20230101T000015.500000,6,587,9349.9,-6886,-1377.16,0,0,0,77875.5,101534,20596,140962,-15168.5,215741,2.308e+07
20230101T000015.500000,6,588,6795.85,-8022.96,-1894.22,0,0,0,105413,84374.6,20589.3,77272.5,-24307.1,176884,1.87815e+07
20230101T000015.500000,6,589,5205.52,-5146.37,1668.87,0,0,0,44660.5,40604.9,-13889.9,45588.6,13732,85735.2,5.67803e+06
20230101T000015.500000,6,590,3617.32,-4117.68,56.1286,0,0,0,27158.5,23797.7,-324.424,20975,369.299,48064.5,1.70869e+07
20230101T000015.500000,6,591,4769.21,-4397.59,-412.022,0,0,0,31123.4,33389.7,3141.05,36546.7,-2896.3,67334.9,1.96088e+08
20230101T000015.500000,6,592,1252.27,220.3,-272.427,0,0,0,252.187,-410.696,532.93,2514.48,93.7535,2589.54,2.56079e+20
20230101T000015.500000,6,593,8405.98,995.78,-1513.54,0,0,0,5262.25,-12957.4,20345.5,113108,2410.14,114645,9.00859e+09
20230101T000015.500000,6,594,1253.81,205.545,-276.819,0,0,0,246.495,-383.016,542.19,2520.09,88.8843,2585.78,2.37519e+20
20230101T000015.500000,6,595,8049.03,2681.29,-1402.37,0,0,0,14391.3,-33568.7,18050.6,103980,6013.02,115164,9.02717e+09
20230101T000015.500000,4,424,3521.01,-4182.22,375.225,11.6249,-11.0103,-3.90278,1541.26,1231.01,-115.76,1109.34,137.836,2562.88,0
20230101T000015.500000,4,437,4853.01,-4323.91,91.8903,-1.4056,0.152769,-3.74556,1141.68,1212.07,-31.213,1425.37,27.7732,2503.18,0
20230101T000015.500000,3,445,2392.09,-2391.02,296.518,0,0,0,2500,0,0,2500,0,2500,0
20230101T000015.500000,3,446,2348.76,-2618.08,60.5129,0,0,0,2500,0,0,2500,0,2500,0
20230101T000015.500000,3,447,3524.16,-2527.76,-314.631,0,0,0,2500,0,0,2500,0,2500,0
20230101T000015.500000,3,448,9349.9,-6886,-1377.16,0,0,0,2500,0,0,2500,0,2500,0
20230101T000015.500000,3,449,6795.85,-8022.96,-1894.22,0,0,0,2500,0,0,2500,0,2500,0
20230101T000015.500000,3,450,5205.52,-5146.37,1668.87,0,0,0,2500,0,0,2500,0,2500,0
20230101T000015.500000,3,451,1252.27,220.3,-272.427,0,0,0,2500,0,0,2500,0,2500,0
20230101T000015.500000,3,452,8405.98,995.78,-1513.54,0,0,0,2500,0,0,2500,0,2500,0
20230101T000015.500000,3,453,1253.81,205.545,-276.819,0,0,0,2500,0,0,2500,0,2500,0
20230101T000015.500000,3,454,8049.03,2681.29,-1402.37,0,0,0,2500,0,0,2500,0,2500,0
20230101T000015.600000,6,596,6705.86,-5262.88,-1085.42,0,0,0,45522.2,55521.4,11639.5,72692.2,-9134.91,116267,1.61692e+09
20230101T000015.600000,6,597,1271.6,2.44609,-271.955,0,0,0,179.545,-4.63135,540.219,2587.14,1.03918,2589.95,2.40098e+21
20230101T000015.600000,4,453,1270.63,106.108,-274.472,1.66534,-9.84527,0.232372,149.084,-184.874,255.27,1246.5,41.8479,1249.7,0
20230101T000015.600000,3,455,6705.86,-5262.88,-1085.42,0,0,0,2500,0,0,2500,0,2500,0
20230101T000015.700000,6,598,1251.36,-227.213,-270.941,0,0,0,255.575,423.513,529.638,2511.14,-96.1683,2590.82,3.19242e+20
20230101T000015.700000,6,599,8090.41,-2496.89,-1501.22,0,0,0,13324.1,31287.9,19422.3,105046,-5994.19,114705,1.02533e+10
20230101T000015.700000,6,600,1250.55,-228.072,-273.902,0,0,0,258.59,424.365,535.082,2508.05,-97.5866,2588.29,3.2874e+20
20230101T000015.700000,6,601,8474.53,-465.34,-1381.55,0,0,0,3453.35,6139.06,18722.7,114918,-1028.07,115256,9.7077e+09
20230101T000015.700000,6,602,2812.8,3179.03,-943.492,0,0,0,16822.2,-13570,4237.18,13492,4788.87,28831.9,8.92204e+06
20230101T000015.700000,6,603,3281.05,2934.46,320.414,0,0,0,13904.3,-15291.7,-1678.62,17325.8,-1501.3,31002.5,8.97236e+06
20230101T000015.700000,6,604,8758.22,7636.28,-1309.61,0,0,0,94895.3,-105618,18346.4,123943,15996.2,216031,2.89291e+07
20230101T000015.700000,6,605,7347.32,8927.93,-2695.33,0,0,0,132251,-99221.2,31676.5,93339.4,38491,213909,3.86385e+07
20230101T000015.700000,6,606,7363.81,7644.24,-1695.72,0,0,0,95739.6,-87735.3,19972.2,89179.9,20732.8,180258,7.43182e+06
20230101T000015.700000,6,607,5218.24,6706.39,-1691.66,0,0,0,73711,-53743.9,14116.4,46458.4,18142.2,115532,6.26774e+06
20230101T000015.700000,6,608,4348.22,3281.42,993.123,0,0,0,18273.2,-22040.7,-6900.29,30846.3,-5207.36,47481.6,4.59971e+06
20230101T000015.700000,6,609,6148.09,7324.27,-940.161,0,0,0,86442.6,-71320.7,9244.3,61345.2,11012.8,146311,1.04806e+07
20230101T000015.700000,6,610,5222.72,3859.66,285.32,0,0,0,23960.8,-32159.9,-2381.97,43711.4,-1760.31,67478.1,2.68012e+08
20230101T000015.700000,3,456,1251.36,-227.213,-270.941,0,0,0,2500,0,0,2500,0,2500,0
20230101T000015.700000,3,457,8090.41,-2496.89,-1501.22,0,0,0,2500,0,0,2500,0,2500,0
20230101T000015.700000,3,458,1250.55,-228.072,-273.902,0,0,0,2500,0,0,2500,0,2500,0
20230101T000015.700000,3,459,8474.53,-465.34,-1381.55,0,0,0,2500,0,0,2500,0,2500,0
20230101T000015.700000,3,460,2812.8,3179.03,-943.492,0,0,0,2500,0,0,2500,0,2500,0
20230101T000015.700000,3,461,3281.05,2934.46,320.414,0,0,0,2500,0,0,2500,0,2500,0
20230101T000015.700000,3,462,8758.22,7636.28,-1309.61,0,0,0,2500,0,0,2500,0,2500,0
20230101T000015.700000,3,463,7347.32,8927.93,-2695.33,0,0,0,2500,0,0,2500,0,2500,0
20230101T000015.700000,3,464,7363.81,7644.24,-1695.72,0,0,0,2500,0,0,2500,0,2500,0
20230101T000015.700000,3,465,5218.24,6706.39,-1691.66,0,0,0,2500,0,0,2500,0,2500,0
20230101T000015.700000,3,466,4348.22,3281.42,993.123,0,0,0,2500,0,0,2500,0,2500,0
20230101T000015.700000,3,467,6148.09,7324.27,-940.161,0,0,0,2500,0,0,2500,0,2500,0
20230101T000015.700000,3,468,5222.72,3859.66,285.32,0,0,0,2500,0,0,2500,0,2500,0
20230101T000015.800000,6,611,1195.29,-434.399,-271.135,0,0,0,459.899,773.361,506.269,2306.82,-183.991,2590.66,1.23273e+21
20230101T000015.800000,6,612,8115.24,-2683.91,-939.352,0,0,0,12855,34409.1,12190.3,105517,-4031.63,116897,2.13009e+10
20230101T000015.800000,6,613,6753.43,9192.92,-1567.81,0,0,0,136616,-97427.5,16935.9,75569.3,23053.5,208191,5.56931e+07
20230101T000015.800000,6,614,6659.48,8314.34,-813.939,0,0,0,111044,-88042.5,8669.62,71642.4,10824,181564,6.18809e+07
20230101T000015.800000,6,615,4861.32,5586.03,-271.692,0,0,0,50004.4,-43358.6,2111.71,37915.5,2426.52,87737.9,6.64468e+06
20230101T000015.800000,6,616,4258.27,4918.65,-14.1376,0,0,0,38736.5,-33480.1,96.2317,29049.4,111.155,67721.6,9.15599e+07
20230101T000015.800000,4,457,8091.31,-2501,-1489.54,0.0891774,-0.406418,1.15657,338.908,657.896,395.826,2267.57,-122.161,2398.79,0
20230101T000015.800000,4,458,1231.89,-332.046,-272.567,-1.84812,-10.2945,0.132189,154.931,204.718,251.924,1240.1,-45.9451,1250.89,0
20230101T000015.800000,3,469,6753.43,9192.92,-1567.81,0,0,0,2500,0,0,2500,0,2500,0
20230101T000015.800000,3,470,6659.48,8314.34,-813.939,0,0,0,2500,0,0,2500,0,2500,0
20230101T000015.800000,3,471,4861.32,5586.03,-271.692,0,0,0,2500,0,0,2500,0,2500,0
20230101T000015.800000,3,472,4258.27,4918.65,-14.1376,0,0,0,2500,0,0,2500,0,2500,0
20230101T000015.900000,6,617,6981.05,-4888.49,-1144.76,0,0,0,39684.8,53588.1,12779.7,78686.6,-8949.01,116213,3.36761e+09
20230101T000015.900000,6,618,1099.1,-639.392,-272.235,0,0,0,788.434,1046.27,467.417,1978.29,-271.916,2589.75,4.28434e+19
20230101T000015.900000,6,619,3114.32,1163.1,307.621,0,0,0,2353.04,-5725.2,-1527.35,15544.7,-570.415,17683.4,3.4094e+06
20230101T000015.900000,6,620,3318.83,653.875,-285.742,0,0,0,871.011,-3435.33,1512.06,17630.7,297.905,18308,8.16225e+07
20230101T000015.900000,6,621,3333.84,836.632,-325.903,0,0,0,1339.47,-4407.62,1732.58,17797,434.794,18903.7,3.24896e+06
20230101T000015.900000,6,622,3914.48,1998.51,318.248,0,0,0,6569.51,-12425.6,-1989.14,24563.7,-1015.54,30907.8,3.18633e+07
20230101T000015.900000,6,623,9898.91,6300.89,-846.743,0,0,0,64383.5,-99246.5,13407.1,157131,8533.9,220304,3.63952e+07
20230101T000015.900000,6,624,6746.04,3219.64,596.333,0,0,0,17100.9,-34505.8,-6432.04,72931.9,-3069.77,89400.7,3.42826e+07
20230101T000015.900000,6,625,6804.98,3319.23,-174.197,0,0,0,17718.5,-36095.3,1895.33,74114,924.476,91720,7.0715e+06
20230101T000015.900000,6,626,9685.3,4120.25,-878.254,0,0,0,28261.1,-63381.9,13605,150287,5787.72,177251,5.11134e+06
20230101T000015.900000,6,627,5279.82,1246.15,73.1434,0,0,0,2553.33,-10510.9,-617.055,44606.2,-145.638,47087,1.14663e+07
20230101T000015.900000,6,628,1921.6,2742.43,-559.187,0,0,0,12218.8,-8167.38,1713.28,6285.37,2445.14,17943.3,7.43507e+07
20230101T000015.900000,6,629,9153.08,7174.7,1274.36,0,0,0,84010.8,-103781,-18657.5,135059,-14624.8,216409,4.92307e+07
20230101T000015.900000,6,630,2981.98,3239.86,723.704,0,0,0,17207.6,-15009.3,-3445.98,14714.9,-3743.99,31023.9,569425
20230101T000015.900000,6,631,7207.63,7796.4,401.718,0,0,0,97402.7,-89749.2,-4631.06,83293.6,-5009.36,180374,1.95168e+06
20230101T000015.900000,6,632,4728.17,4412.98,658.162,0,0,0,31563.2,-33007.1,-4974.32,36121,-4642.73,66928.5,1.21818e+08
20230101T000015.900000,6,633,5565.98,7613.85,-1562.13,0,0,0,94134.8,-65915.9,13905.6,52153.4,19021.8,142323,1.06496e+06
20230101T000015.900000,6,634,6665.04,6921.73,-821.408,0,0,0,77206.5,-73242.6,8755.78,71669.5,9093,147733,4.26803e+07
20230101T000015.900000,4,455,6716.65,-5257.82,-1087.44,2.97036,1.3926,-0.557622,1079.27,1242.63,256.376,1687.36,-201.209,2622.07,0
20230101T000015.900000,4,467,6179,7343.38,-941.43,5.94464,3.67629,-0.243931,1534.32,-1215.47,156.048,1106.61,185.901,2531.17,0
20230101T000015.900000,3,473,1099.1,-639.392,-272.235,0,0,0,2500,0,0,2500,0,2500,0
20230101T000015.900000,3,474,3114.32,1163.1,307.621,0,0,0,2500,0,0,2500,0,2500,0
20230101T000015.900000,3,475,3318.83,653.875,-285.742,0,0,0,2500,0,0,2500,0,2500,0
20230101T000015.900000,3,476,3333.84,836.632,-325.903,0,0,0,2500,0,0,2500,0,2500,0
20230101T000015.900000,3,477,3914.48,1998.51,318.248,0,0,0,2500,0,0,2500,0,2500,0
20230101T000015.900000,3,478,9898.91,6300.89,-846.743,0,0,0,2500,0,0,2500,0,2500,0
20230101T000015.900000,3,479,6746.04,3219.64,596.332,0,0,0,2500,0,0,2500,0,2500,0
20230101T000015.900000,3,480,6804.98,3319.23,-174.197,0,0,0,2500,0,0,2500,0,2500,0
20230101T000015.900000,3,481,9685.3,4120.25,-878.254,0,0,0,2500,0,0,2500,0,2500,0
20230101T000015.900000,3,482,5279.82,1246.15,73.1434,0,0,0,2500,0,0,2500,0,2500,0
20230101T000015.900000,3,483,1921.6,2742.43,-559.187,0,0,0,2500,0,0,2500,0,2500,0
20230101T000015.900000,3,484,9153.08,7174.7,1274.36,0,0,0,2500,0,0,2500,0,2500,0
20230101T000015.900000,3,485,2981.98,3239.86,723.704,0,0,0,2500,0,0,2500,0,2500,0
20230101T000015.900000,3,486,7207.63,7796.4,401.718,0,0,0,2500,0,0,2500,0,2500,0
20230101T000015.900000,3,487,4728.17,4412.98,658.162,0,0,0,2500,0,0,2500,0,2500,0
20230101T000015.900000,3,488,5565.98,7613.85,-1562.13,0,0,0,2500,0,0,2500,0,2500,0
20230101T000016,6,635,975.939,-814.716,-273.404,0,0,0,1168.55,1183.25,416.822,1598.17,-347.964,2588.78,1.28517e+19
20230101T000016,6,636,9382.21,-221.765,-2062.22,0,0,0,6940.29,3166.84,30943.6,140845,-731.406,140923,2.86515e+07
20230101T000016,6,637,5336.82,-774.969,-573.789,0,0,0,1538.8,6533.48,4892.87,45582.8,-710.502,46532.3,5.59218e+06
20230101T000016,6,638,2052.87,1062.87,206.791,0,0,0,1911.55,-3437.25,-674.182,6770.75,-349.057,8550.89,7.04808e+07
20230101T000016,6,639,3203.52,691.121,-595.478,0,0,0,1365.56,-3412.7,3041.2,16448,656.102,17186.3,2.86139e+07
20230101T000016,6,640,3271.31,697.467,-577.99,0,0,0,1349.05,-3528.93,3014.75,17148.3,642.768,17902.5,9.85167e+07
20230101T000016,6,641,3290,992.724,-381.736,0,0,0,1848.45,-5143.73,2002.74,17343.3,604.306,18896.1,1.77086e+07
20230101T000016,6,642,4060.44,1493.32,-437.046,0,0,0,3893.03,-9582.16,2833.35,26423.5,1042.03,29948.2,497218
20230101T000016,6,643,4221.63,1182.98,-441.039,0,0,0,2586.42,-7893.25,2972.91,28542.7,833.065,30755.2,2.11266e+07
20230101T000016,6,644,6633.56,3636.53,379.784,0,0,0,21385.5,-38472.8,-4028.1,70474.6,-2208.21,91565.7,6.42694e+07
20230101T000016,6,645,215.344,97.1367,11.0614,0,0,0,68.3227,-9.45944,-1.08555,85.0265,-0.489667,89.4335,3.17058e+07
20230101T000016,6,646,8004.33,3079.74,-474.759,0,0,0,15545.4,-39299.7,6076.91,102566,2338.15,117687,2.06772e+09
20230101T000016,6,647,9479.2,4739.46,-704.685,0,0,0,36626.6,-71538.7,10684,143940,5341.83,179709,2.56287e+07
20230101T000016,6,648,9939.91,3137.67,-2312.99,0,0,0,23591.6,-47426.4,36772.6,158864,11607.8,173838,2.45926e+06
20230101T000016,6,649,4522.5,3158.57,-481.094,0,0,0,16254.1,-22651.7,3476.65,32867,2428.14,48687.7,509818
20230101T000016,6,650,9139.37,2484.31,-1607.38,0,0,0,13782.3,-35266,23494.6,133934,6386.43,143522,2.79245e+07
20230101T000016,6,651,8221.01,4936.83,1275.35,0,0,0,40954.6,-63760.9,-16768.4,108843,-10069.6,147133,645726
20230101T000016,6,652,1734.65,1475.69,446.022,0,0,0,3704.66,-3908.16,-1228.71,4973.91,-1045.28,8301.01,7.4358e+07
20230101T000016,6,653,1411.33,1898.21,288.092,0,0,0,5834.84,-4192.63,-645.967,3313.11,-868.809,8953.03,3.27154e+07
20230101T000016,6,654,1440,1947.05,321.183,0,0,0,6146.21,-4377.01,-735.043,3465.09,-993.869,9384.46,7.33112e+06
20230101T000016,6,655,8466.76,8022.5,1128.47,0,0,0,104084,-107630,-15282.7,115692,-14480.8,217675,1.17238e+08
20230101T000016,6,656,6749.56,7990.16,1472.4,0,0,0,103619,-84547.2,-15895.2,74951.3,-18816.9,175040,846979
20230101T000016,6,657,150.96,220.777,-71.5612,0,0,0,99.6258,-21.6808,8.26489,82.7425,12.0873,118.726,3.097e+07
20230101T000016,6,658,4991.54,5505.87,-1121.2,0,0,0,49439,-42940.4,8948.07,41003,9870.09,88369.5,2.11624e+07
20230101T000016,6,659,6064.83,6179.25,139.727,0,0,0,61139.7,-59914.1,-1355.14,58899.9,-1380.71,119944,4.47605e+06
20230101T000016,6,660,3939.51,4962.69,1451.11,0,0,0,40731.2,-29610.6,-9137.97,26935.6,-11511.3,64240,3.43014e+08
20230101T000016,6,661,4304.98,4869.81,894.642,0,0,0,38533.4,-32876.5,-6156.54,30406.7,-6964.3,67597.9,9.99891e+06
20230101T000016,4,475,3314.41,659.495,-321.1,-0.437833,0.556434,-3.50086,157.721,-406.104,177.625,2138.95,34.9955,2205.57,0
20230101T000016,4,476,3333.32,856.202,-332.833,-0.0518315,1.9376,-0.686091,208.855,-506.573,197.547,2100.34,49.5747,2210.49,0
20230101T000016,4,480,6802.05,3328.56,-159.389,-0.289831,0.923421,1.46615,523.723,-943.156,49.4987,1997.31,24.1437,2456.12,0
20230101T000016,4,481,9735.19,4151.34,-880.608,4.93988,3.07838,-0.233128,448.568,-868.253,185.092,2120.17,78.7403,2472.99,0
20230101T000016,4,484,9159.84,7195.96,1274.68,0.669027,2.10454,0.0313849,1006.45,-1167.5,-207.4,1580.73,-162.572,2467.34,0
20230101T000016,4,487,4754.8,4468.7,672.331,2.63698,5.51681,1.40292,1179.15,-1170.45,-174.631,1340.78,-162.99,2409.8,0
20230101T000016,3,489,975.939,-814.716,-273.404,0,0,0,2500,0,0,2500,0,2500,0
20230101T000016,3,490,9382.21,-221.765,-2062.22,0,0,0,2500,0,0,2500,0,2500,0
20230101T000016,3,491,5336.82,-774.969,-573.789,0,0,0,2500,0,0,2500,0,2500,0
20230101T000016,3,492,2052.87,1062.87,206.791,0,0,0,2500,0,0,2500,0,2500,0
20230101T000016,3,493,3203.52,691.121,-595.478,0,0,0,2500,0,0,2500,0,2500,0
20230101T000016,3,494,4060.44,1493.32,-437.046,0,0,0,2500,0,0,2500,0,2500,0
20230101T000016,3,495,4221.63,1182.98,-441.039,0,0,0,2500,0,0,2500,0,2500,0
20230101T000016,3,496,215.344,97.1367,11.0614,0,0,0,2500,0,0,2500,0,2500,0
20230101T000016,3,497,8004.33,3079.74,-474.759,0,0,0,2500,0,0,2500,0,2500,0
20230101T000016,3,498,9939.91,3137.67,-2312.99,0,0,0,2500,0,0,2500,0,2500,0
20230101T000016,3,499,4522.5,3158.57,-481.094,0,0,0,2500,0,0,2500,0,2500,0
20230101T000016,3,500,9139.37,2484.31,-1607.38,0,0,0,2500,0,0,2500,0,2500,0
20230101T000016,3,501,8221.01,4936.83,1275.35,0,0,0,2500,0,0,2500,0,2500,0
20230101T000016,3,502,1734.65,1475.69,446.022,0,0,0,2500,0,0,2500,0,2500,0
20230101T000016,3,503,1411.33,1898.21,288.092,0,0,0,2500,0,0,2500,0,2500,0
20230101T000016,3,504,1440,1947.05,321.183,0,0,0,2500,0,0,2500,0,2500,0
20230101T000016,3,505,6749.56,7990.16,1472.4,0,0,0,2500,0,0,2500,0,2500,0
20230101T000016,3,506,150.96,220.777,-71.5612,0,0,0,2500,0,0,2500,0,2500,0
20230101T000016,3,507,4991.54,5505.87,-1121.2,0,0,0,2500,0,0,2500,0,2500,0
20230101T000016,3,508,6064.83,6179.25,139.727,0,0,0,2500,0,0,2500,0,2500,0
20230101T000016,3,509,3939.51,4962.69,1451.11,0,0,0,2500,0,0,2500,0,2500,0
20230101T000016.100000,6,662,6457.89,-5667.56,-133.409,0,0,0,51446.2,58514.9,1377.72,66767.2,-1209.11,118121,2.0953e+09
20230101T000016.100000,6,663,7907.21,-3332.05,-479.552,0,0,0,18130.8,42001,6063.78,100103,-2555.24,117803,2.2521e+09
20230101T000016.100000,6,664,837.243,994.104,-42.128,0,0,0,1608.9,-1298.79,55.0993,1160.62,65.4224,2702.82,2.10449e+22
20230101T000016.100000,3,510,6457.89,-5667.56,-133.409,0,0,0,2500,0,0,2500,0,2500,0
20230101T000016.100000,3,511,7907.21,-3332.05,-479.552,0,0,0,2500,0,0,2500,0,2500,0
20230101T000016.100000,3,512,837.243,994.104,-42.128,0,0,0,2500,0,0,2500,0,2500,0
20230101T000016.200000,6,665,5816.62,-6327.2,21.2923,0,0,0,64083.1,58852.3,-198.051,54167.9,215.436,118186,1.20791e+09
20230101T000016.200000,6,666,7402.19,-1673.31,68.4021,0,0,0,4547.97,19802.5,-809.557,87671.3,183.006,92147.8,1.80727e+07
20230101T000016.200000,6,667,5869.23,-2805.26,190.89,0,0,0,12690.7,26296,-1790.91,55139.3,855.987,67707.9,1.32301e+08
20230101T000016.200000,6,668,992.112,839.489,-44.0096,0,0,0,1166.65,-1299.54,68.2073,1602.82,57.7146,2702.52,9.36089e+21
20230101T000016.200000,4,510,6446.23,-5682.95,-130.193,-1.15501,-1.52359,0.318411,1111.21,1194.39,28.1149,1423.94,-24.6741,2471.59,0
20230101T000016.200000,3,513,7402.19,-1673.31,68.4021,0,0,0,2500,0,0,2500,0,2500,0
20230101T000016.200000,3,514,5869.23,-2805.26,190.89,0,0,0,2500,0,0,2500,0,2500,0
20230101T000016.200000,3,515,992.112,839.489,-44.0096,0,0,0,2500,0,0,2500,0,2500,0
20230101T000016.300000,6,669,8082.12,-2910.68,216.379,0,0,0,13678.2,37594.9,-2796.57,104529,1007.15,118068,1.88215e+09
20230101T000016.300000,6,670,1126.74,647.584,-45.1221,0,0,0,721.482,-1138.43,79.4212,2047.96,45.6465,2702.34,1.35846e+22
20230101T000016.300000,4,511,7910.92,-3322.93,-464.533,0.713463,1.75394,2.88828,443.208,885.201,127.408,2170.84,-53.6889,2536.3,0
20230101T000016.300000,3,516,1126.74,647.584,-45.1221,0,0,0,2500,0,0,2500,0,2500,0
20230101T000016.400000,6,671,7720.81,-7256.78,1366.66,0,0,0,85877.6,88122.4,-16876.8,96808.6,15862.5,179636,2.81372e+08
20230101T000016.400000,6,672,8392.85,-1660.77,-863.003,0,0,0,5620.78,22062.8,11582.6,112751,-2291.96,117118,4.74108e+09
20230101T000016.400000,6,673,1220.74,445.756,-44.9226,0,0,0,377.17,-849.009,85.6667,2392.24,31.2814,2702.33,1.80241e+22
20230101T000016.400000,3,517,7720.81,-7256.78,1366.66,0,0,0,2500,0,0,2500,0,2500,0
20230101T000016.400000,3,518,8392.85,-1660.77,-863.003,0,0,0,2500,0,0,2500,0,2500,0
20230101T000016.400000,3,519,1220.74,445.756,-44.9226,0,0,0,2500,0,0,2500,0,2500,0
20230101T000016.500000,6,674,5418.07,-6661.1,-465.981,0,0,0,71156.1,57543.1,4037.36,47216.2,-4963.63,117961,9.1049e+08
20230101T000016.500000,6,675,1279.34,228.011,-47.1546,0,0,0,148.579,-455.07,94.2395,2620.81,16.7959,2702,2.32147e+22
20230101T000016.500000,3,520,5418.07,-6661.1,-465.981,0,0,0,2500,0,0,2500,0,2500,0
20230101T000016.500000,3,521,1279.34,228.011,-47.1546,0,0,0,2500,0,0,2500,0,2500,0
20230101T000016.600000,6,676,7101.53,-4814.08,579.429,0,0,0,37492.3,54420.6,-6580.17,80880,4460.65,117772,2.40898e+09
20230101T000016.600000,6,677,1299.54,5.56882,-45.5665,0,0,0,67.2919,-11.2909,92.5037,2702.1,0.396399,2702.22,1.03424e+22
20230101T000016.600000,3,522,7101.53,-4814.08,579.429,0,0,0,2500,0,0,2500,0,2500,0
20230101T000016.600000,3,523,1299.54,5.56882,-45.5665,0,0,0,2500,0,0,2500,0,2500,0
20230101T000016.700000,6,678,1280.07,-224.949,-41.873,0,0,0,145.703,449.343,83.7316,2623.71,-14.7144,2702.74,1.37545e+22
20230101T000016.700000,6,679,1279.59,-227.438,-42.8354,0,0,0,147.583,454.124,85.6245,2621.82,-15.2191,2702.61,1.358e+22
20230101T000016.700000,6,680,4476.87,4718.25,168.864,0,0,0,35670.9,-33742.1,-1208.43,32125.5,-1273.58,67686.8,2.44221e+08
20230101T000016.700000,6,681,5845.59,6297.59,-136.271,0,0,0,63498.8,-58854.2,1273.85,54723.8,1372.34,118129,8.25159e+08
20230101T000016.700000,3,524,1280.07,-224.949,-41.873,0,0,0,2500,0,0,2500,0,2500,0
20230101T000016.700000,3,525,1279.59,-227.438,-42.8354,0,0,0,2500,0,0,2500,0,2500,0
20230101T000016.700000,3,526,4476.87,4718.25,168.864,0,0,0,2500,0,0,2500,0,2500,0
20230101T000016.700000,3,527,5845.59,6297.59,-136.271,0,0,0,2500,0,0,2500,0,2500,0
20230101T000016.800000,6,682,1221.66,-443.517,-41.9959,0,0,0,373.714,845.513,80.1459,2395.71,-29.0965,2702.74,4.17205e+20
20230101T000016.800000,6,683,7796.33,3600.69,-295.754,0,0,0,20911.9,-44837.8,3687.27,97288.2,1702.95,117996,1.27958e+09
20230101T000016.800000,6,684,2224.68,2554.57,2.96971,0,0,0,10469,-9061.27,-10.5338,7955.14,-12.0958,18360.1,6.82435e+07
20230101T000016.800000,6,685,7384.37,7720.78,-3.70363,0,0,0,95407.4,-91189.1,43.7431,87279.8,45.7359,182623,3.97946e+07
20230101T000016.800000,6,686,6008.08,4703.65,-931.856,0,0,0,36299.5,-44510.9,8951.81,58307.2,7008.26,93155.2,4.89087e+06
20230101T000016.800000,6,687,3456.69,4240.56,-112.83,0,0,0,28805.5,-23412,623.193,19168.6,764.515,47889.7,1.04847e+07
20230101T000016.800000,6,688,4208.04,3641.18,-648.741,0,0,0,21634.3,-24151.1,4362.32,28647.5,3774.68,49546.1,2.24858e+07
20230101T000016.800000,6,689,4070.14,5053.32,467.631,0,0,0,41020.4,-32706.3,-3042.43,26756.4,-3777.36,67363.6,1.35928e+08
20230101T000016.800000,4,526,4462.3,4730.45,179.591,-1.44308,1.20804,1.06204,1311.28,-1183.46,-42.3565,1186.93,-44.6402,2432.66,0
20230101T000016.800000,3,528,1221.66,-443.517,-41.9959,0,0,0,2500,0,0,2500,0,2500,0
20230101T000016.800000,3,529,7796.33,3600.69,-295.754,0,0,0,2500,0,0,2500,0,2500,0
20230101T000016.800000,3,530,2224.68,2554.57,2.96971,0,0,0,2500,0,0,2500,0,2500,0
20230101T000016.800000,3,531,7384.37,7720.78,-3.70363,0,0,0,2500,0,0,2500,0,2500,0
20230101T000016.800000,3,532,6008.08,4703.65,-931.856,0,0,0,2500,0,0,2500,0,2500,0
20230101T000016.800000,3,533,3456.69,4240.57,-112.83,0,0,0,2500,0,0,2500,0,2500,0
20230101T000016.800000,3,534,4208.04,3641.18,-648.741,0,0,0,2500,0,0,2500,0,2500,0
20230101T000016.900000,6,690,1125.61,-649.653,-43.7544,0,0,0,725.53,1141,76.9362,2043.92,-44.4044,2702.53,1.82109e+20
20230101T000016.900000,6,691,8331.57,-1157.54,-1785.49,0,0,0,7208.06,14727,23788.5,111162,-3305.04,113211,8.67853e+08
20230101T000016.900000,6,692,3829.21,2114.34,539.643,0,0,0,7558.08,-12730.1,-3299.44,23584.1,-1821.82,30614.2,2.55187e+07
20230101T000016.900000,6,693,4351.02,986.663,88.1476,0,0,0,1630.28,-6852.31,-612.419,30294,-138.876,31847.9,3.23343e+06
20230101T000016.900000,6,694,10840.8,4377.9,449.451,0,0,0,30998.5,-75801.5,-7793.56,188090,-3147.33,218702,6.27556e+07
20230101T000016.900000,6,695,9786.35,3772.33,1657.91,0,0,0,26652,-57570.8,-25950.6,153813,-10003.1,176007,2.78413e+06
20230101T000016.900000,6,696,10105.4,3382.59,1405.09,0,0,0,21204.1,-53722.2,-22710.5,163716,-7601.88,181699,5.32104e+06
20230101T000016.900000,6,697,7357.91,1982.79,-509.001,0,0,0,6736.23,-23222.6,5988.18,86654.6,1613.68,92912.8,1.41711e+07
20230101T000016.900000,6,698,4751.35,2463.6,-253.989,0,0,0,9842.57,-18660.4,1928.18,36155.9,999.768,45831.6,6.26654e+06
20230101T000016.900000,6,699,8555.97,4328.63,-621.323,0,0,0,30521.8,-58982.5,8501.96,117266,4301.3,147107,3.36418e+06
20230101T000016.900000,6,700,5856.38,2793.05,396.937,0,0,0,12739.2,-26048.7,-3715.86,54933.9,-1772.19,67357.5,3.23214e+08
20230101T000016.900000,6,701,5440.1,6481.73,-1031.06,0,0,0,67949.5,-55549.3,8969.56,48386.4,10687,114573,1.64691e+07
20230101T000016.900000,6,702,5181.33,6851.7,130.112,0,0,0,75146.4,-56757.7,-1078.06,43011.9,-1425.61,118067,9.29259e+08
20230101T000016.900000,6,703,5010.87,5531.1,-1326.81,0,0,0,50246.6,-42912.6,10630.2,41755.2,11733.8,89125,1.10248e+07
20230101T000016.900000,6,704,4171.65,4555.77,376.871,0,0,0,33340.8,-30263.2,-2512.85,28002.5,-2744.23,61052.5,1.05559e+06
20230101T000016.900000,6,705,3758.28,3818.65,-48.9082,0,0,0,23364.7,-22928.6,293.687,22633.9,298.405,45930.8,6.62102e+06
20230101T000016.900000,6,706,4688.51,4495.93,866.088,0,0,0,32999.4,-33095.8,-6491.01,35776.5,-6224.39,67514,1.29078e+07
20230101T000016.900000,6,707,3006.55,4480.9,-541.911,0,0,0,32291,-21308.6,2603.31,14830.7,3879.91,46589.1,1.00059e+07
20230101T000016.900000,6,708,5979.15,7428.58,-112.931,0,0,0,88327.2,-71025.3,1079.9,57251.6,1341.68,145494,9.67679e+06
20230101T000016.900000,6,709,7145.25,6356.78,-929.79,0,0,0,65461.3,-71954.8,10625.1,82326.4,9452.66,146342,3.23027e+06
20230101T000016.900000,4,527,5830.44,6308.67,-130.499,-2.91336,2.13025,1.10996,1395.77,-1237.03,26.7677,1211.33,28.8375,2543.4,0
20230101T000016.900000,3,535,1125.61,-649.653,-43.7544,0,0,0,2500,0,0,2500,0,2500,0
20230101T000016.900000,3,536,8331.57,-1157.54,-1785.49,0,0,0,2500,0,0,2500,0,2500,0
20230101T000016.900000,3,537,3829.21,2114.34,539.643,0,0,0,2500,0,0,2500,0,2500,0
20230101T000016.900000,3,538,4351.02,986.663,88.1476,0,0,0,2500,0,0,2500,0,2500,0
20230101T000016.900000,3,539,10840.8,4377.9,449.451,0,0,0,2500,0,0,2500,0,2500,0
20230101T000016.900000,3,540,9786.35,3772.33,1657.91,0,0,0,2500,0,0,2500,0,2500,0
20230101T000016.900000,3,541,10105.4,3382.59,1405.09,0,0,0,2500,0,0,2500,0,2500,0
20230101T000016.900000,3,542,7357.91,1982.8,-509.001,0,0,0,2500,0,0,2500,0,2500,0
20230101T000016.900000,3,543,4751.35,2463.6,-253.989,0,0,0,2500,0,0,2500,0,2500,0
20230101T000016.900000,3,544,8555.97,4328.63,-621.323,0,0,0,2500,0,0,2500,0,2500,0
20230101T000016.900000,3,545,5856.38,2793.05,396.937,0,0,0,2500,0,0,2500,0,2500,0
20230101T000016.900000,3,546,5440.1,6481.73,-1031.06,0,0,0,2500,0,0,2500,0,2500,0
20230101T000016.900000,3,547,5010.87,5531.1,-1326.81,0,0,0,2500,0,0,2500,0,2500,0
20230101T000016.900000,3,548,4171.65,4555.77,376.871,0,0,0,2500,0,0,2500,0,2500,0
20230101T000016.900000,3,549,3758.28,3818.65,-48.9082,0,0,0,2500,0,0,2500,0,2500,0
20230101T000016.900000,3,550,4688.51,4495.93,866.088,0,0,0,2500,0,0,2500,0,2500,0
20230101T000016.900000,3,551,3006.55,4480.9,-541.911,0,0,0,2500,0,0,2500,0,2500,0
20230101T000016.900000,3,552,5979.15,7428.58,-112.931,0,0,0,2500,0,0,2500,0,2500,0
20230101T000016.900000,3,553,7145.25,6356.78,-929.79,0,0,0,2500,0,0,2500,0,2500,0
20230101T000017,6,710,995.192,-835.855,-43.6888,0,0,0,1157.12,1297.95,67.9204,1612.36,-57.0459,2702.57,2.47673e+20
20230101T000017,6,711,6522.33,-5599.97,-205.89,0,0,0,50251.3,58374.6,2147.45,68121.2,-1843.77,118241,8.05847e+09
20230101T000017,6,712,7554.99,-588.146,-416.203,0,0,0,892.378,7083.12,5027.56,91326.7,-391.389,91878.3,3.25766e+07
20230101T000017,6,713,2979.81,1603.36,276.448,0,0,0,4257.34,-7566.77,-1313.44,14248.5,-706.731,18320.4,1.1497e+08
20230101T000017,6,714,4126.35,1056.02,-451.609,0,0,0,2149.96,-6878.46,2975.1,27266.8,761.393,29027.9,1.53098e+07
20230101T000017,6,715,6066.98,2346.79,-119.995,0,0,0,8887.59,-22751.5,1163.72,58904.6,450.141,67705.2,3.68752e+07
20230101T000017,6,716,9195.74,2337.03,-355.669,0,0,0,8988.91,-34321.6,5230.7,135315,1329.34,144038,4.92302e+06
20230101T000017,6,717,8057.37,5234.65,-70.304,0,0,0,43893.1,-67451.2,905.952,103895,588.572,147716,3.52138e+06
20230101T000017,6,718,2686.64,3403.44,-326.759,0,0,0,18623.5,-14516.1,1401.64,11693.3,1775.61,30082.7,8.25941e+06
20230101T000017,6,719,6006.27,4290.84,1458.06,0,0,0,31751,-39597,-14002.1,58890.6,-10003,87180.9,3.30241e+06
20230101T000017,6,720,3111.84,4259.42,939.642,0,0,0,29541.5,-20504.9,-4671.9,16455.1,-6394.81,44523.9,6.69524e+06
20230101T000017,6,721,3821.32,3776.04,-741.956,0,0,0,23291,-22615.4,4530.23,23830.2,4476.55,46178.8,4.29331e+06
20230101T000017,6,722,5301.63,7640.16,1561.33,0,0,0,94683.3,-62952.5,-13238.2,47646.3,-19077.5,138369,1.35508e+07
20230101T000017,4,545,5870.08,2779.87,378.696,1.35728,-1.30533,-1.80606,509.052,-917.945,-130.473,1995.98,-62.2257,2425.25,0
20230101T000017,3,554,995.192,-835.855,-43.6888,0,0,0,2500,0,0,2500,0,2500,0
20230101T000017,3,555,6522.33,-5599.97,-205.89,0,0,0,2500,0,0,2500,0,2500,0
20230101T000017,3,556,7554.99,-588.146,-416.203,0,0,0,2500,0,0,2500,0,2500,0
20230101T000017,3,557,2979.81,1603.36,276.448,0,0,0,2500,0,0,2500,0,2500,0
20230101T000017,3,558,4126.35,1056.02,-451.609,0,0,0,2500,0,0,2500,0,2500,0
20230101T000017,3,559,9195.74,2337.03,-355.669,0,0,0,2500,0,0,2500,0,2500,0
20230101T000017,3,560,8057.37,5234.65,-70.304,0,0,0,2500,0,0,2500,0,2500,0
20230101T000017,3,561,2686.64,3403.44,-326.759,0,0,0,2500,0,0,2500,0,2500,0
20230101T000017,3,562,6006.27,4290.84,1458.06,0,0,0,2500,0,0,2500,0,2500,0
20230101T000017,3,563,3111.84,4259.42,939.642,0,0,0,2500,0,0,2500,0,2500,0
20230101T000017,3,564,3821.32,3776.04,-741.956,0,0,0,2500,0,0,2500,0,2500,0
20230101T000017,3,565,5301.63,7640.16,1561.33,0,0,0,2500,0,0,2500,0,2500,0
20230101T000017.100000,6,723,2020.62,-2738.37,63.8353,0,0,0,12022.8,8819.45,-205.666,6578.28,278.722,18530.6,1.19823e+08
20230101T000017.100000,6,724,7219.92,-7870.22,-268.161,0,0,0,99186.3,90826.6,3096.68,83500.8,-3375.6,182508,3.63355e+07
20230101T000017.100000,6,725,6150.92,-5993.7,-272.177,0,0,0,57572.6,58895.6,2677.17,60623,-2608.74,118013,1.07461e+09
20230101T000017.100000,6,726,10212.4,-3136.21,-98.449,0,0,0,15809.9,51223,1608.08,166877,-493.837,182608,3.72966e+07
20230101T000017.100000,6,727,7993.4,-3110.98,-522.481,0,0,0,15919.8,39618.5,6678.62,102297,-2599.27,117716,1.00005e+09
20230101T000017.100000,6,728,8578.51,391.854,-304.719,0,0,0,457.723,-5368.75,4180.2,117746,190.945,117991,1.07918e+09
20230101T000017.100000,6,729,6486.25,268.899,428.385,0,0,0,472.421,-2775.84,-4441.57,67314.9,-184.133,67430.2,1.45777e+08
20230101T000017.100000,6,730,832.607,982.534,179.953,0,0,0,1592.49,-1252.39,-234.058,1175.87,-276.205,2655,2.0527e+21
20230101T000017.100000,4,555,6510.17,-5604.45,-207.13,-1.20358,-0.44423,-0.122718,1085.81,1190.34,43.765,1450.2,-37.576,2470.85,0
20230101T000017.100000,3,566,2020.62,-2738.37,63.8353,0,0,0,2500,0,0,2500,0,2500,0
20230101T000017.100000,3,567,7219.92,-7870.22,-268.161,0,0,0,2500,0,0,2500,0,2500,0
20230101T000017.100000,3,568,10212.4,-3136.21,-98.449,0,0,0,2500,0,0,2500,0,2500,0
20230101T000017.100000,3,569,7993.4,-3110.98,-522.481,0,0,0,2500,0,0,2500,0,2500,0
20230101T000017.100000,3,570,8578.51,391.854,-304.719,0,0,0,2500,0,0,2500,0,2500,0
20230101T000017.100000,3,571,6486.25,268.898,428.385,0,0,0,2500,0,0,2500,0,2500,0
20230101T000017.100000,3,572,832.607,982.534,179.953,0,0,0,2500,0,0,2500,0,2500,0
20230101T000017.200000,6,731,4999.58,-4173.67,148.574,0,0,0,27929.7,33337.7,-1187.37,40034,991.219,67864.5,5.75928e+07
20230101T000017.200000,6,732,3717.44,-1881.62,149.947,0,0,0,5744.33,11151.5,-889.815,22131.3,450.39,27775.8,9.93542e+07
20230101T000017.200000,6,733,8951.07,-4023,-880.866,0,0,0,26980.9,57128.3,12610.3,128414,-5667.62,154090,3.75821e+07
20230101T000017.200000,6,734,7926.52,-3263.64,1259.51,0,0,0,19266,40475.2,-15965.2,100905,6573.43,117571,3.12802e+07
20230101T000017.200000,6,735,8417.98,1403.27,1054.14,0,0,0,4941.88,-18601.8,-14190.3,113430,-2365.51,116532,5.50504e+09
20230101T000017.200000,6,736,991.974,819.773,186.897,0,0,0,1145.7,-1242.89,-289.618,1622.53,-239.342,2650.98,9.17866e+21
20230101T000017.200000,3,573,4999.58,-4173.67,148.574,0,0,0,2500,0,0,2500,0,2500,0
20230101T000017.200000,3,574,3717.44,-1881.62,149.947,0,0,0,2500,0,0,2500,0,2500,0
20230101T000017.200000,3,575,8951.07,-4023,-880.866,0,0,0,2500,0,0,2500,0,2500,0
20230101T000017.200000,3,576,7926.52,-3263.64,1259.51,0,0,0,2500,0,0,2500,0,2500,0
20230101T000017.200000,3,577,8417.98,1403.27,1054.14,0,0,0,2500,0,0,2500,0,2500,0
20230101T000017.200000,3,578,991.974,819.773,186.897,0,0,0,2500,0,0,2500,0,2500,0
20230101T000017.300000,6,737,7762.4,-7340.55,-29.9463,0,0,0,86248.4,91135.8,371.799,96438.8,-351.593,182622,1.59031e+08
20230101T000017.300000,6,738,4320.94,-3461.4,95.7517,0,0,0,19218,23892,-661.116,29903.5,529.605,49042.9,4.81131e+07
20230101T000017.300000,6,739,6294.95,-5849.77,-115.177,0,0,0,54797.3,58875.9,1159.42,63441.7,-1077.43,118154,1.56697e+09
20230101T000017.300000,6,740,5579.22,-3189.13,1067.26,0,0,0,17693.5,27656.6,-9518.18,50268.5,5440.68,66079,8.31151e+07
20230101T000017.300000,6,741,7952.43,-3251.03,192.94,0,0,0,17016.5,41322.5,-2453.62,101204,1003.06,118097,1.57969e+09
20230101T000017.300000,6,742,1115.04,642.398,187.005,0,0,0,749.347,-1094.76,-325.736,2018.85,-187.664,2650.89,7.46212e+21
20230101T000017.300000,4,555,6506.09,-5610.78,-205.151,0.0381886,-4.16971,0.3631,1137.82,1267.36,46.7757,1520.69,-40.2492,2609.62,0
20230101T000017.300000,4,567,7227.82,-7863.08,-264.818,1.5201,1.37259,0.642925,1421.27,1245.09,42.4242,1206.25,-46.2454,2561.93,0
20230101T000017.300000,4,569,7993.24,-3114.28,-507.105,-0.0300437,-0.635566,2.9569,396.841,835.588,140.346,2218.61,-54.6219,2534.84,0
20230101T000017.300000,3,579,4320.94,-3461.4,95.7517,0,0,0,2500,0,0,2500,0,2500,0
20230101T000017.300000,3,580,5579.22,-3189.13,1067.26,0,0,0,2500,0,0,2500,0,2500,0
20230101T000017.300000,3,581,1115.04,642.398,187.005,0,0,0,2500,0,0,2500,0,2500,0
20230101T000017.400000,6,743,7216.16,-7769.01,1307.32,0,0,0,97867.6,88304.8,-15088.8,84818.6,16244.8,179890,4.29794e+08
20230101T000017.400000,6,744,6127.52,-6015.35,330.792,0,0,0,58016.7,58855.1,-3241.34,60191.6,3182,117969,1.73471e+09
20230101T000017.400000,6,745,1210.86,437.431,182.754,0,0,0,408.917,-810.346,-345.688,2359.31,-124.882,2653.31,9.2764e+21
20230101T000017.400000,4,555,6497.58,-5620.67,-192.78,-4.18363,-6.44024,4.7373,1180.22,1324.79,48.6494,1575.89,-41.9181,2716.18,0
20230101T000017.400000,3,582,7216.16,-7769.01,1307.32,0,0,0,2500,0,0,2500,0,2500,0
20230101T000017.400000,3,583,1210.86,437.431,182.754,0,0,0,2500,0,0,2500,0,2500,0
20230101T000017.500000,6,746,3092.22,-3306.6,53.8035,0,0,0,17525.8,16325.3,-265.676,15335.5,284.095,32792.7,4.3527e+07
20230101T000017.500000,6,747,6258.11,-5831.67,811.271,0,0,0,55011,57835.5,-8118.84,63181.2,7565.6,117076,9.26492e+08
20230101T000017.500000,6,748,5608.2,-7902.41,1379.34,0,0,0,100957,69442.9,-12371.9,52389.4,17432.9,150241,2.78885e+07
20230101T000017.500000,6,749,4434.65,-4708.64,-684.057,0,0,0,35855.7,33004.6,4849.09,31896.1,-5148.69,66940.5,1.49464e+08
20230101T000017.500000,6,750,1267.69,221.05,187.133,0,0,0,193.383,-428.27,-370.585,2574.77,-64.6197,2650.78,2.46543e+21
20230101T000017.500000,3,584,3092.22,-3306.6,53.8035,0,0,0,2500,0,0,2500,0,2500,0
20230101T000017.500000,3,585,6258.11,-5831.67,811.271,0,0,0,2500,0,0,2500,0,2500,0
20230101T000017.500000,3,586,5608.2,-7902.41,1379.34,0,0,0,2500,0,0,2500,0,2500,0
20230101T000017.500000,3,587,4434.65,-4708.64,-684.057,0,0,0,2500,0,0,2500,0,2500,0
20230101T000017.500000,3,588,1267.69,221.05,187.133,0,0,0,2500,0,0,2500,0,2500,0
20230101T000017.600000,6,751,1287.88,0.332605,179.708,0,0,0,114.45,-0.655809,-361.546,2653.8,-0.0933722,2655.02,3.32182e+21
20230101T000017.600000,6,752,6079.28,6071.98,-113.205,0,0,0,59032.5,-59019,1100.53,59174.5,1099.21,118123,1.39187e+09
20230101T000017.600000,3,589,1287.88,0.332605,179.708,0,0,0,2500,0,0,2500,0,2500,0
20230101T000017.600000,3,590,6079.28,6071.98,-113.205,0,0,0,2500,0,0,2500,0,2500,0
20230101T000017.700000,6,753,1268.53,-222.132,180.035,0,0,0,190.171,431.374,-356.764,2578.08,62.473,2654.84,3.75759e+21
20230101T000017.700000,6,754,8341.62,1588.71,1355.05,0,0,0,6933.66,-20652.5,-18075.5,111437,-3442.59,115372,8.31401e+09
20230101T000017.700000,6,755,7838.68,6906.56,2234.74,0,0,0,80853.7,-82627.5,-28018,101831,-24686.3,174636,7.91712e+07
20230101T000017.700000,6,756,4981.9,4921.13,1667.4,0,0,0,41030.1,-36972.2,-13280.7,41937.8,-13118.6,78462.4,2.47347e+07
20230101T000017.700000,6,757,5168.79,3661.05,1522.37,0,0,0,23954.9,-28499.6,-12578.2,44005.3,-8909.15,64195.1,2.61274e+07
20230101T000017.700000,3,591,1268.53,-222.132,180.035,0,0,0,2500,0,0,2500,0,2500,0
20230101T000017.700000,3,592,8341.62,1588.71,1355.05,0,0,0,2500,0,0,2500,0,2500,0
20230101T000017.700000,3,593,7838.68,6906.56,2234.74,0,0,0,2500,0,0,2500,0,2500,0
20230101T000017.700000,3,594,4981.9,4921.13,1667.4,0,0,0,2500,0,0,2500,0,2500,0
20230101T000017.700000,3,595,5168.79,3661.05,1522.37,0,0,0,2500,0,0,2500,0,2500,0
20230101T000017.800000,6,758,1211.54,-436.713,179.956,0,0,0,406.561,809.997,-340.587,2361.7,122.768,2654.9,1.33943e+21
20230101T000017.800000,6,759,8156.91,2700.59,195.437,0,0,0,11781.8,-35208.2,-2549.28,106469,-844.014,118125,1.93592e+09
20230101T000017.800000,6,760,6404.57,1188.12,-85.1007,0,0,0,2331.65,-12161.4,871.232,65632.1,161.623,67888.2,1.11657e+08
20230101T000017.800000,6,761,2224.34,2553.49,249.518,0,0,0,10502.9,-9006.83,-884.94,8009.1,-1015.89,18349.1,4.22217e+08
20230101T000017.800000,6,762,7107.77,7848.16,1423.19,0,0,0,100038,-87608.9,-16179.5,82647.6,-17864.8,179384,8.62841e+07
20230101T000017.800000,6,763,5871.3,6182.94,1538.35,0,0,0,62990.8,-56161.4,-14443.7,57179,-15210.4,116323,2.56083e+07
20230101T000017.800000,3,596,1211.54,-436.713,179.956,0,0,0,2500,0,0,2500,0,2500,0
20230101T000017.800000,3,597,8156.91,2700.59,195.437,0,0,0,2500,0,0,2500,0,2500,0
20230101T000017.800000,3,598,6404.57,1188.12,-85.1007,0,0,0,2500,0,0,2500,0,2500,0
20230101T000017.800000,3,599,2224.34,2553.49,249.518,0,0,0,2500,0,0,2500,0,2500,0
20230101T000017.800000,3,600,7107.77,7848.16,1423.19,0,0,0,2500,0,0,2500,0,2500,0
20230101T000017.800000,3,601,5871.3,6182.94,1538.35,0,0,0,2500,0,0,2500,0,2500,0
20230101T000017.900000,6,764,6853.96,-5155.95,618.27,0,0,0,42965.4,56217.5,-6776.48,75406.8,5097.67,117697,1.63898e+09
20230101T000017.900000,6,765,1113.74,-645.298,184.709,0,0,0,754.072,1099.03,-321.361,2014.14,186.196,2652.21,1.42206e+19
20230101T000017.900000,6,766,3616.19,2322.32,611.521,0,0,0,9097.12,-13136.2,-3530.7,21116,-2267.41,29553.3,7.29665e+06
20230101T000017.900000,6,767,3685.29,2423.85,91.5416,0,0,0,9454.08,-14256.6,-538.662,21753.5,-354.283,31130.2,1.11935e+07
20230101T000017.900000,6,768,11165.1,2762.64,1766.15,0,0,0,16973.4,-48174,-31541.5,199746,-7804.49,211668,1.57899e+07
20230101T000017.900000,6,769,10830.2,4435.75,-57.2165,0,0,0,31540.8,-76840.2,991.181,187681,405.959,219152,1.4952e+08
20230101T000017.900000,6,770,7356.72,4569.64,-254.127,0,0,0,33531.2,-53713,2989.67,86640.6,1857.04,120005,822133
20230101T000017.900000,6,771,5820.37,2778.63,800.461,0,0,0,13239.5,-25453.2,-7447.31,54404.7,-3555.33,66557,4.52927e+08
20230101T000017.900000,6,772,5374.12,3741.35,-461.055,0,0,0,22668.3,-31981,3960.75,46341.8,2757.39,68606.6,2.55263e+07
20230101T000017.900000,6,773,5215.75,1485.66,-15.0669,0,0,0,3591.03,-12381.2,125.566,43531.3,35.7663,47058,749738
20230101T000017.900000,6,774,5284.94,1212.52,1164.27,0,0,0,4470.83,-9766.92,-9832.12,44800.4,-2255.78,47044.1,1.5967e+06
20230101T000017.900000,6,775,3670.83,2405.04,-464.801,0,0,0,9540.85,-13938.1,2724.33,21682.8,1784.91,30815.5,1.02812e+07
20230101T000017.900000,6,776,7064.48,7744.01,1734.42,0,0,0,98166.1,-85104.4,-19597.5,82511.9,-21482.6,175804,8.53019e+06
20230101T000017.900000,6,777,239.709,263.395,39.1838,0,0,0,140.763,-68.3208,-10.3456,127.868,-11.3679,203.705,2.75871e+07
20230101T000017.900000,6,778,5783.6,4481.69,-1405.27,0,0,0,34149.7,-39912.8,12994.7,54728.6,10069.5,85659.2,2.53737e+06
20230101T000017.900000,6,779,5865.48,4692.92,255.032,0,0,0,35340,-43959.9,-2391.72,55111.7,-1913.59,90283.7,8.00714e+06
20230101T000017.900000,6,780,6337.18,5698.3,-256.582,0,0,0,52046.6,-57693.7,2600.18,64331.4,2338.05,116209,1.08797e+07
20230101T000017.900000,6,781,4748.26,7118.64,-838.508,0,0,0,81445.9,-53533.2,6366.88,36896,9545.28,117154,1.7423e+09
20230101T000017.900000,4,590,6040.27,6018.66,-115.624,-10.7358,-14.6746,-0.665739,1361.71,-1300.28,24.2424,1364.83,24.2133,2663.11,0
20230101T000017.900000,4,600,7069.56,7805.18,1419.93,-3.78299,-4.25526,-0.323242,1415.48,-1186.39,-215.197,1179.98,-237.613,2447.48,0
20230101T000017.900000,3,602,6853.96,-5155.95,618.27,0,0,0,2500,0,0,2500,0,2500,0
20230101T000017.900000,3,603,1113.74,-645.298,184.709,0,0,0,2500,0,0,2500,0,2500,0
20230101T000017.900000,3,604,3616.19,2322.32,611.521,0,0,0,2500,0,0,2500,0,2500,0
20230101T000017.900000,3,605,3685.29,2423.85,91.5416,0,0,0,2500,0,0,2500,0,2500,0
20230101T000017.900000,3,606,11165.1,2762.64,1766.15,0,0,0,2500,0,0,2500,0,2500,0
20230101T000017.900000,3,607,10830.2,4435.75,-57.2165,0,0,0,2500,0,0,2500,0,2500,0
20230101T000017.900000,3,608,7356.72,4569.64,-254.127,0,0,0,2500,0,0,2500,0,2500,0
20230101T000017.900000,3,609,5820.37,2778.63,800.461,0,0,0,2500,0,0,2500,0,2500,0
20230101T000017.900000,3,610,5374.12,3741.35,-461.055,0,0,0,2500,0,0,2500,0,2500,0
20230101T000017.900000,3,611,5215.75,1485.66,-15.0669,0,0,0,2500,0,0,2500,0,2500,0
20230101T000017.900000,3,612,5284.94,1212.52,1164.27,0,0,0,2500,0,0,2500,0,2500,0
20230101T000017.900000,3,613,3670.83,2405.04,-464.801,0,0,0,2500,0,0,2500,0,2500,0
20230101T000017.900000,3,614,239.709,263.395,39.1838,0,0,0,2500,0,0,2500,0,2500,0
20230101T000017.900000,3,615,5783.6,4481.69,-1405.27,0,0,0,2500,0,0,2500,0,2500,0
20230101T000017.900000,3,616,5865.48,4692.92,255.032,0,0,0,2500,0,0,2500,0,2500,0
20230101T000017.900000,3,617,4748.26,7118.64,-838.508,0,0,0,2500,0,0,2500,0,2500,0
20230101T000018,6,782,988.82,-824.063,184.719,0,0,0,1155.75,1246.07,-285.333,1612.5,237.791,2652.24,6.5641e+20
20230101T000018,6,783,7006.55,-4891.69,960.484,0,0,0,39320.6,54115.7,-10761.7,79051.1,7513.35,116833,1.649e+10
20230101T000018,6,784,3174.3,1150.31,-275.043,0,0,0,2280.32,-5783.15,1392.04,16143.4,504.45,18239.5,2.84565e+07
20230101T000018,6,785,3817.39,2074.42,-180.325,0,0,0,6974.66,-12621.6,1099.07,23342.4,597.247,30201.2,1.2639e+07
20230101T000018,6,786,4329.74,1202.52,552.781,0,0,0,2826.12,-8188.26,-3821.96,30034.2,-1061.49,32309.3,1.26511e+07
20230101T000018,6,787,10739,4129.09,2087.84,0,0,0,33409.3,-68590.6,-35863.5,185427,-13789.4,211802,1.98958e+07
20230101T000018,6,788,8345.88,2192.27,779.541,0,0,0,8658.59,-29019.7,-10404,111513,-2732.88,119136,1.08271e+07
20230101T000018,6,789,6038.04,2212.06,178.632,0,0,0,7930.52,-21333.2,-1724.07,58346.3,-631.621,66161.9,2.76816e+06
20230101T000018,6,790,4937.64,2022.24,489.251,0,0,0,6925.47,-15819.6,-3859.8,39072.6,-1580.81,45552.2,9.39541e+06
20230101T000018,6,791,5080.08,2148.34,-488.285,0,0,0,7762.03,-17302.3,3963.67,41359,1676.21,48676.6,3.41415e+06
20230101T000018,6,792,8446.2,4396.54,-642.056,0,0,0,31496.4,-59118.3,8672.88,114295,4514.54,145069,3.3944e+06
20230101T000018,6,793,8183.77,5157.06,120.242,0,0,0,42614.8,-67487.5,-1573.78,107183,-991.726,149711,1.08024e+07
20230101T000018,6,794,2372.63,2476.48,-397.887,0,0,0,9964.21,-9243.15,1505.39,9171.97,1571.29,18820.6,3.31599e+07
20230101T000018,6,795,2918.22,3148.75,-691.095,0,0,0,16245.3,-14289.9,3220,14070.2,3474.37,29490.6,1.25603e+07
20230101T000018,6,796,6793.65,8040.07,1398.33,0,0,0,104758,-85821,-15194.2,75707.9,-17981.9,177275,1.60528e+07
20230101T000018,6,797,4536.09,5835.71,940.171,0,0,0,55045.1,-41638.2,-6818.6,33842.6,-8772.17,87411.5,9.89187e+06
20230101T000018,6,798,4319.3,4865.49,100.349,0,0,0,37912.1,-33585,-692.845,29895,-780.457,67726.9,2.74408e+07
20230101T000018,6,799,6923.1,4848.81,-1112.96,0,0,0,38989.3,-52749.2,12321.4,77359.8,8629.67,114305,2.1296e+07
20230101T000018,6,800,7318.01,6157.26,928.804,0,0,0,61504.3,-71383,-10870.5,86283.5,-9146.25,146345,5.44693e+06
20230101T000018,4,597,8224.75,2710.8,209.439,13.0461,1.96339,2.69264,308.76,-740.045,-53.5564,2298.99,-17.7315,2542.75,0
20230101T000018,4,600,7062.62,7805.21,1419.01,-12.4394,-12.3223,-1.97464,1425.34,-1217.13,-221.249,1183.88,-244.28,2484.58,0
20230101T000018,4,602,6857.38,-5150.54,625.433,0.339366,0.536021,0.709247,941.154,1151.57,-138.104,1605.69,103.89,2459.78,0
20230101T000018,4,605,3649.16,2366.82,69.6696,-3.57629,-5.64657,-2.16555,749.498,-1043.17,-39.3987,1649.46,-25.9129,2334.66,0
20230101T000018,3,618,988.82,-824.063,184.719,0,0,0,2500,0,0,2500,0,2500,0
20230101T000018,3,619,3174.3,1150.31,-275.043,0,0,0,2500,0,0,2500,0,2500,0
20230101T000018,3,620,4329.74,1202.52,552.781,0,0,0,2500,0,0,2500,0,2500,0
20230101T000018,3,621,10739,4129.09,2087.84,0,0,0,2500,0,0,2500,0,2500,0
20230101T000018,3,622,6038.04,2212.06,178.632,0,0,0,2500,0,0,2500,0,2500,0
20230101T000018,3,623,4937.64,2022.24,489.251,0,0,0,2500,0,0,2500,0,2500,0
20230101T000018,3,624,5080.08,2148.34,-488.285,0,0,0,2500,0,0,2500,0,2500,0
20230101T000018,3,625,8446.2,4396.54,-642.056,0,0,0,2500,0,0,2500,0,2500,0
20230101T000018,3,626,8183.77,5157.06,120.242,0,0,0,2500,0,0,2500,0,2500,0
20230101T000018,3,627,2372.63,2476.48,-397.887,0,0,0,2500,0,0,2500,0,2500,0
20230101T000018,3,628,2918.22,3148.75,-691.095,0,0,0,2500,0,0,2500,0,2500,0
20230101T000018,3,629,4536.09,5835.71,940.171,0,0,0,2500,0,0,2500,0,2500,0
20230101T000018,3,630,4319.3,4865.49,100.349,0,0,0,2500,0,0,2500,0,2500,0
20230101T000018,3,631,6923.1,4848.81,-1112.96,0,0,0,2500,0,0,2500,0,2500,0
20230101T000018,3,632,7318,6157.26,928.804,0,0,0,2500,0,0,2500,0,2500,0
20230101T000018.100000,6,801,3660.4,-2131.92,-352.694,0,0,0,7468.18,12371.7,2061.03,21504.1,-1200.4,28710.2,1.46183e+08
20230101T000018.100000,6,802,8111.16,-2478.29,-249.651,0,0,0,9976.74,32117.1,3238.13,105280,-989.38,115093,2.84985e+07
20230101T000018.100000,6,803,7320.81,1121.64,-1127.39,0,0,0,4061.01,-12824.3,13196,85799,2021.8,87765.3,1.66737e+08
20230101T000018.100000,6,804,7964.22,429.04,-283.755,0,0,0,486.71,-5456.8,3613.55,101487,194.666,101781,9.0304e+08
20230101T000018.100000,6,805,938.44,1126.4,-315.919,0,0,0,2120.54,-1582.69,465.918,1539.43,559.238,3441.97,2.70705e+21
20230101T000018.100000,3,633,3660.4,-2131.92,-352.694,0,0,0,2500,0,0,2500,0,2500,0
20230101T000018.100000,3,634,8111.16,-2478.29,-249.651,0,0,0,2500,0,0,2500,0,2500,0
20230101T000018.100000,3,635,7320.81,1121.64,-1127.39,0,0,0,2500,0,0,2500,0,2500,0
20230101T000018.100000,3,636,7964.22,429.04,-283.755,0,0,0,2500,0,0,2500,0,2500,0
20230101T000018.100000,3,637,938.44,1126.4,-315.919,0,0,0,2500,0,0,2500,0,2500,0
20230101T000018.200000,6,806,2532.7,-2439.13,-597.422,0,0,0,9847.52,9567.75,2413.33,10568.1,-2324.17,19784.1,1.6467e+07
20230101T000018.200000,6,807,6316.72,-8837.86,1329.11,0,0,0,125949,87955.1,-13428.4,65754,18788,188815,7.00682e+06
20230101T000018.200000,6,808,7157.01,-7051.86,-141.034,0,0,0,79614.6,80704.5,1614.37,82003.7,-1590.65,161522,2.18325e+06
20230101T000018.200000,6,809,5261.57,-5918.25,-441.97,0,0,0,56207.3,49636,3718.36,44504.8,-4182.44,100336,1.27425e+06
20230101T000018.200000,6,810,5615.29,-4880.58,930.955,0,0,0,38938,43131.6,-8358.18,51074.2,7264.6,88563.5,1.35664e+08
20230101T000018.200000,6,811,3859.16,-4518.9,-998.411,0,0,0,33371.7,27084.3,6158.05,24787.3,-7210.81,56503.6,4.27939e+06
20230101T000018.200000,6,812,4342.82,-6990.04,-2043.61,0,0,0,80054.7,45548,14192.1,35040.8,-22843.1,108357,2.14521e+07
20230101T000018.200000,6,813,5959.55,-5825.01,-2053.3,0,0,0,57769.8,52141,19568.2,60151.3,-19126.4,111119,4.62432e+06
20230101T000018.200000,6,814,7379.06,-5223.18,510.887,0,0,0,43971.4,61440.5,-6028.84,87281.5,4267.45,130772,1.35963e+06
20230101T000018.200000,6,815,3818.11,-5108.37,-842.398,0,0,0,42182.2,30632.3,5141.21,24093.6,-6878.59,65078.6,1.59209e+06
20230101T000018.200000,6,816,9271.02,-4782.6,-703.253,0,0,0,37272.5,70595,10428,137703,-5379.43,174120,5.73588e+06
20230101T000018.200000,6,817,6353.66,-3977.38,236.152,0,0,0,25421.3,40364.6,-2398.98,64633.6,1501.75,89901.8,1.44559e+08
20230101T000018.200000,6,818,7761.1,-1838.15,-415.338,0,0,0,5727.86,22749.5,5154.33,96393.6,-1220.76,101782,8.21812e+08
20230101T000018.200000,6,819,4898.2,-3171.93,-1043.48,0,0,0,17369,24035.7,8168.58,38920.8,-5289.74,54487.6,1.99131e+06
20230101T000018.200000,6,820,8662.69,-2281.56,-541.776,0,0,0,8827.61,31491.7,7505.45,120102,-1976.77,128396,4.98302e+07
20230101T000018.200000,6,821,6615.29,-1872.49,-709.934,0,0,0,6415.15,19591.4,7507.98,70083.8,-2125.17,75629.9,8.16336e+06
20230101T000018.200000,6,822,1127.34,937.944,-313.998,0,0,0,1536.97,-1584.16,556.299,2122.99,462.84,3443.82,2.35324e+20
20230101T000018.200000,3,638,2532.7,-2439.13,-597.422,0,0,0,2500,0,0,2500,0,2500,0
20230101T000018.200000,3,639,6316.72,-8837.86,1329.11,0,0,0,2500,0,0,2500,0,2500,0
20230101T000018.200000,3,640,7157.01,-7051.86,-141.034,0,0,0,2500,0,0,2500,0,2500,0
20230101T000018.200000,3,641,5261.57,-5918.25,-441.97,0,0,0,2500,0,0,2500,0,2500,0
20230101T000018.200000,3,642,5615.29,-4880.58,930.955,0,0,0,2500,0,0,2500,0,2500,0
20230101T000018.200000,3,643,3859.16,-4518.9,-998.411,0,0,0,2500,0,0,2500,0,2500,0
20230101T000018.200000,3,644,4342.82,-6990.04,-2043.61,0,0,0,2500,0,0,2500,0,2500,0
20230101T000018.200000,3,645,5959.55,-5825.01,-2053.3,0,0,0,2500,0,0,2500,0,2500,0
20230101T000018.200000,3,646,7379.06,-5223.19,510.887,0,0,0,2500,0,0,2500,0,2500,0
20230101T000018.200000,3,647,3818.11,-5108.37,-842.398,0,0,0,2500,0,0,2500,0,2500,0
20230101T000018.200000,3,648,9271.02,-4782.6,-703.253,0,0,0,2500,0,0,2500,0,2500,0
20230101T000018.200000,3,649,6353.66,-3977.38,236.152,0,0,0,2500,0,0,2500,0,2500,0
20230101T000018.200000,3,650,7761.1,-1838.15,-415.338,0,0,0,2500,0,0,2500,0,2500,0
20230101T000018.200000,3,651,4898.2,-3171.93,-1043.48,0,0,0,2500,0,0,2500,0,2500,0
20230101T000018.200000,3,652,8662.69,-2281.56,-541.776,0,0,0,2500,0,0,2500,0,2500,0
20230101T000018.200000,3,653,6615.29,-1872.49,-709.934,0,0,0,2500,0,0,2500,0,2500,0
20230101T000018.200000,3,654,1127.34,937.944,-313.998,0,0,0,2500,0,0,2500,0,2500,0
20230101T000018.300000,6,823,3072.51,-3014.95,-614.803,0,0,0,14884,14487.9,3015.99,15431.9,-2959.49,29649.7,4.09754e+07
20230101T000018.300000,6,824,5643.47,-4932.26,-86.656,0,0,0,38966.6,44498.4,781.908,50991,-683.369,89881.5,1.13535e+08
20230101T000018.300000,6,825,5371.26,-5792.4,-709.143,0,0,0,54084.3,49347.1,6090.51,46627.4,-6568.04,99844.1,5.51851e+06
20230101T000018.300000,6,826,5715.71,-5570.19,-265.22,0,0,0,49733.7,50851.9,2423.96,52357,-2362.24,101914,6.69672e+08
20230101T000018.300000,6,827,5619.68,-6800.85,-1727.79,0,0,0,75965.7,58774.1,15527.7,53404.3,-18791.4,124534,1.08208e+07
20230101T000018.300000,6,828,3436.12,-4005.06,-829.13,0,0,0,26157.7,21444.5,4551.99,19560.6,-5305.7,44557.4,2.11081e+07
20230101T000018.300000,6,829,6848.28,-3016.68,-441.864,0,0,0,14875.6,32915.7,4838.17,75099.4,-2131.22,89599.1,1.15612e+08
20230101T000018.300000,6,830,6201.34,-2938.57,768.623,0,0,0,14639.8,28766.7,-7619.99,61715.5,3610.81,75347.7,6.53473e+06
20230101T000018.300000,6,831,6819.7,-1621.51,147.166,0,0,0,4300.23,17671,-1604.5,74418.5,381.501,78620.2,2.4725e+07
20230101T000018.300000,6,832,1268.76,733.797,-317.807,0,0,0,1028.43,-1393.09,633.679,2631.42,366.494,3440,4.4975e+20
20230101T000018.300000,4,641,5264.37,-5915.27,-448.516,0.277528,0.295135,-0.648126,1406.53,1188.34,88.7514,1126.36,-99.8283,2455.75,0
20230101T000018.300000,3,655,3072.51,-3014.95,-614.803,0,0,0,2500,0,0,2500,0,2500,0
20230101T000018.300000,3,656,5643.47,-4932.26,-86.656,0,0,0,2500,0,0,2500,0,2500,0
20230101T000018.300000,3,657,5715.71,-5570.19,-265.22,0,0,0,2500,0,0,2500,0,2500,0
20230101T000018.300000,3,658,5619.68,-6800.85,-1727.79,0,0,0,2500,0,0,2500,0,2500,0
20230101T000018.300000,3,659,3436.12,-4005.06,-829.13,0,0,0,2500,0,0,2500,0,2500,0
20230101T000018.300000,3,660,6848.28,-3016.68,-441.864,0,0,0,2500,0,0,2500,0,2500,0
20230101T000018.300000,3,661,6201.34,-2938.57,768.623,0,0,0,2500,0,0,2500,0,2500,0
20230101T000018.300000,3,662,6819.7,-1621.51,147.166,0,0,0,2500,0,0,2500,0,2500,0
20230101T000018.300000,3,663,1268.76,733.797,-317.807,0,0,0,2500,0,0,2500,0,2500,0
20230101T000018.400000,6,833,8142.7,-7391.33,994.128,0,0,0,88312.5,95478,-12947.6,106829,11752.8,193497,9.52355e+06
20230101T000018.400000,6,834,5341.37,-5088.17,-1336.74,0,0,0,42954.5,42025.8,11415.9,47038,-10874.7,87073.6,1.08426e+08
20230101T000018.400000,6,835,5092.1,-6070.56,352.125,0,0,0,59071,49329.9,-2867.06,41641.1,3417.98,100450,2.18239e+06
20230101T000018.400000,6,836,5676.95,-5587.22,620.522,0,0,0,50292.5,50409.5,-5632.74,51898.8,5543.71,101512,6.41783e+08
20230101T000018.400000,6,837,6265.43,-5721.8,23.0655,0,0,0,52417.8,57327,-231.096,62838.6,211.044,115192,3.26352e+06
20230101T000018.400000,6,838,5428.54,-3562.05,419.328,0,0,0,20542.3,30780.5,-3638.7,47254.4,2387.61,67451.9,1.43573e+07
20230101T000018.400000,6,839,1379.75,496.998,-313.793,0,0,0,588.833,-1027.43,680.412,3071.07,245.09,3443.96,5.19343e+20
20230101T000018.400000,4,641,5260.86,-5919.87,-428.916,-0.394526,-0.62394,3.17813,1400.99,1206.43,90.9413,1118.05,-102.203,2466.87,0
20230101T000018.400000,4,657,5718.32,-5574.05,-243.96,0.257577,-0.382484,2.105,1233.58,1199.04,57.0932,1295.44,-55.6395,2461.37,0
20230101T000018.400000,3,664,8142.7,-7391.33,994.128,0,0,0,2500,0,0,2500,0,2500,0
20230101T000018.400000,3,665,5341.37,-5088.17,-1336.74,0,0,0,2500,0,0,2500,0,2500,0
20230101T000018.400000,3,666,6265.43,-5721.8,23.0655,0,0,0,2500,0,0,2500,0,2500,0
20230101T000018.400000,3,667,5428.54,-3562.05,419.328,0,0,0,2500,0,0,2500,0,2500,0
20230101T000018.400000,3,668,1379.75,496.998,-313.793,0,0,0,2500,0,0,2500,0,2500,0
20230101T000018.500000,6,840,2366.45,-3172.5,-355.105,0,0,0,16198.5,11885,1341.13,9130.53,-1797.95,25064.3,3.6862e+06
20230101T000018.500000,6,841,7761.93,-7704.58,-408.66,0,0,0,95143.7,95518.3,5073.5,96560.5,-5036.01,191373,1.46253e+06
20230101T000018.500000,6,842,8504.13,-7294.78,-2355.14,0,0,0,90290.1,94841.3,32035.7,119500,-27480,200857,4.27859e+06
20230101T000018.500000,6,843,8155.49,-5641.44,1001.87,0,0,0,52050.5,72832.9,-13067.9,106959,9039.52,157341,1.66067e+06
20230101T000018.500000,6,844,8859.47,-5551.76,-85.8323,0,0,0,49369.6,78662.9,1216.24,125606,-762.153,174900,1.87663e+06
20230101T000018.500000,6,845,8353.64,-5577.46,429.211,0,0,0,50021,74381.7,-5734.48,111764,3828.73,161426,9.82533e+06
20230101T000018.500000,6,846,5401.23,-5742.25,1278.12,0,0,0,54013.8,48288.8,-11038.6,48097.1,11735.5,99436.4,6.74676e+08
20230101T000018.500000,6,847,3533.57,-4776.58,-1004.29,0,0,0,37098,26204.1,5671.7,21061,-7666.83,56484.8,3.38803e+06
20230101T000018.500000,6,848,3270.54,-3769.86,-645.355,0,0,0,23052.1,19366.2,3371.72,17530.5,-3886.48,39854.3,2.26856e+06
20230101T000018.500000,6,849,1444.14,254.215,-314.668,0,0,0,316.408,-549.898,714.148,3343.46,125.713,3443.07,6.06318e+19
20230101T000018.500000,6,850,7329.38,1202.25,-978.876,0,0,0,3866.85,-13843.8,11471.1,85993.5,1881.62,88265.4,1.77728e+09
20230101T000018.500000,6,851,1446.01,236.206,-320.069,0,0,0,308.417,-510.691,727.345,3351.35,118.812,3437.69,5.62363e+19
20230101T000018.500000,6,852,7173.02,1971.42,-885.785,0,0,0,7444.3,-22288.8,10158.8,82416.2,2792.02,88542.9,1.75863e+09
20230101T000018.500000,6,853,5473.37,3360.55,-987.086,0,0,0,19246.8,-28706.7,8636.11,48376.4,5302.41,66003.2,9.57187e+07
20230101T000018.500000,4,643,3844.6,-4531.28,-998.674,-4.00724,-3.40653,-0.0724999,1559.05,1218.47,269.569,1172.85,-315.653,2533.17,0
20230101T000018.500000,4,648,9265.43,-4794.82,-693.794,-1.53815,-3.36446,2.60316,622.678,1062.86,156.298,2134.72,-80.6286,2671.34,0
20230101T000018.500000,3,669,2366.45,-3172.5,-355.105,0,0,0,2500,0,0,2500,0,2500,0
20230101T000018.500000,3,670,7761.93,-7704.58,-408.66,0,0,0,2500,0,0,2500,0,2500,0
20230101T000018.500000,3,671,8504.13,-7294.78,-2355.14,0,0,0,2500,0,0,2500,0,2500,0
20230101T000018.500000,3,672,8155.49,-5641.44,1001.87,0,0,0,2500,0,0,2500,0,2500,0
20230101T000018.500000,3,673,8353.64,-5577.46,429.211,0,0,0,2500,0,0,2500,0,2500,0
20230101T000018.500000,3,674,5401.23,-5742.25,1278.12,0,0,0,2500,0,0,2500,0,2500,0
20230101T000018.500000,3,675,3270.54,-3769.86,-645.354,0,0,0,2500,0,0,2500,0,2500,0
20230101T000018.500000,3,676,1444.14,254.215,-314.668,0,0,0,2500,0,0,2500,0,2500,0
20230101T000018.500000,3,677,7329.38,1202.25,-978.876,0,0,0,2500,0,0,2500,0,2500,0
20230101T000018.500000,3,678,1446.01,236.206,-320.069,0,0,0,2500,0,0,2500,0,2500,0
20230101T000018.500000,3,679,7173.02,1971.42,-885.785,0,0,0,2500,0,0,2500,0,2500,0
20230101T000018.500000,3,680,5473.37,3360.55,-987.086,0,0,0,2500,0,0,2500,0,2500,0
20230101T000018.600000,6,854,5738.69,-5551.56,-280.879,0,0,0,49409.9,50878.8,2577.38,52784,-2493.34,102004,7.0338e+08
20230101T000018.600000,6,855,1466.52,2.84784,-313.833,0,0,0,218.795,-6.25742,723.292,3441.1,1.40456,3443.91,5.69407e+20
20230101T000018.600000,6,856,5907.98,4601.22,-218.93,0,0,0,33961.5,-43426.1,2068.02,55899.9,1610.6,89720.8,5.72494e+07
20230101T000018.600000,4,657,5718.93,-5573.59,-244.487,0.534122,-0.350946,1.83456,1288.59,1272.25,56.9294,1353.77,-55.4767,2591.29,0
20230101T000018.600000,3,681,1466.52,2.84784,-313.833,0,0,0,2500,0,0,2500,0,2500,0
20230101T000018.600000,3,682,5907.98,4601.22,-218.93,0,0,0,2500,0,0,2500,0,2500,0
20230101T000018.700000,6,857,5860.38,-5404.98,-359.558,0,0,0,46888.4,50545.5,3369.32,55074.9,-3107.5,101693,9.99925e+08
20230101T000018.700000,6,858,1443.14,-261.82,-313.032,0,0,0,320.727,566.26,709.943,3339.18,-128.801,3444.71,7.55604e+19
20230101T000018.700000,6,859,7184.3,-1868.18,-1009.52,0,0,0,7170.32,21062,11596,82689.9,-3015.39,88168,2.01509e+09
20230101T000018.700000,6,860,1442.06,-263.566,-316.511,0,0,0,325.426,568.962,717.297,3334.42,-131.101,3441.26,7.78158e+19
20230101T000018.700000,6,861,3301.59,2941.58,462.81,0,0,0,14071,-15337.4,-2439.87,17620.4,-2173.82,31286.1,3.80242e+06
20230101T000018.700000,6,862,2567.64,3029.81,135.749,0,0,0,14726.7,-12401.1,-556.274,10602.8,-656.404,25236.1,6.22358e+06
20230101T000018.700000,6,863,8382.49,6398.91,-400.502,0,0,0,65716.2,-85667.4,5369.59,112544,4098.96,177940,1.49396e+06
20230101T000018.700000,6,864,6193.43,5626.76,-1908.94,0,0,0,53884.1,-52826.1,18906.4,64037.5,17176.5,112033,1.04142e+06
20230101T000018.700000,6,865,4172.28,5605.13,564.234,0,0,0,50472.3,-37143.5,-3763.56,28221.4,-5056.05,78121.1,9.4661e+06
20230101T000018.700000,6,866,4208.06,4313.08,-10.0045,0,0,0,29795.5,-29007.4,67.2849,28365.2,68.9641,58096.6,1.37961e+06
20230101T000018.700000,6,867,4926.19,7370.04,-1886.59,0,0,0,88685.5,-55430.7,14862.7,42806.3,22236,125739,9.99508e+06
20230101T000018.700000,6,868,4435.77,4457.68,-1355.02,0,0,0,33285.5,-30137.8,9607.61,32988.5,9655.07,63278,1.13426e+06
20230101T000018.700000,6,869,3840.73,5029.82,-1612.27,0,0,0,42032.6,-28874,9898.42,26267.2,12963,64084.5,1.02339e+06
20230101T000018.700000,6,870,4039.48,2832.01,114.7,0,0,0,12889.5,-18263.8,-740.106,26135.8,-518.876,38940.3,3.25404e+06
20230101T000018.700000,6,871,3424.98,3682.94,173.908,0,0,0,21754.5,-20126.4,-951.504,18829,-1023.17,40471.3,5.30287e+06
20230101T000018.700000,6,872,6006.17,7505.39,-741.495,0,0,0,90497.6,-71665.6,7122.6,58293.6,8900.5,147848,728352
20230101T000018.700000,6,873,4362.66,3391.65,353.398,0,0,0,18569.5,-23546.9,-2463.59,30551.8,-1915.26,48858,2.86396e+06
20230101T000018.700000,4,657,5719.2,-5565.77,-247.204,-9.91599,12.6826,1.26763,1331.19,1325.25,58.1559,1399.23,-56.6699,2688.39,0
20230101T000018.700000,3,683,1443.14,-261.82,-313.032,0,0,0,2500,0,0,2500,0,2500,0
20230101T000018.700000,3,684,7184.3,-1868.18,-1009.52,0,0,0,2500,0,0,2500,0,2500,0
20230101T000018.700000,3,685,1442.06,-263.566,-316.511,0,0,0,2500,0,0,2500,0,2500,0
20230101T000018.700000,3,686,3301.59,2941.58,462.81,0,0,0,2500,0,0,2500,0,2500,0
20230101T000018.700000,3,687,2567.64,3029.81,135.749,0,0,0,2500,0,0,2500,0,2500,0
20230101T000018.700000,3,688,8382.49,6398.91,-400.502,0,0,0,2500,0,0,2500,0,2500,0
20230101T000018.700000,3,689,6193.43,5626.76,-1908.94,0,0,0,2500,0,0,2500,0,2500,0
20230101T000018.700000,3,690,4172.28,5605.13,564.234,0,0,0,2500,0,0,2500,0,2500,0
20230101T000018.700000,3,691,4208.06,4313.08,-10.0045,0,0,0,2500,0,0,2500,0,2500,0
20230101T000018.700000,3,692,4926.19,7370.04,-1886.59,0,0,0,2500,0,0,2500,0,2500,0
20230101T000018.700000,3,693,4435.77,4457.68,-1355.02,0,0,0,2500,0,0,2500,0,2500,0
20230101T000018.700000,3,694,3840.73,5029.82,-1612.27,0,0,0,2500,0,0,2500,0,2500,0
20230101T000018.700000,3,695,4039.48,2832.01,114.7,0,0,0,2500,0,0,2500,0,2500,0
20230101T000018.700000,3,696,3424.98,3682.94,173.908,0,0,0,2500,0,0,2500,0,2500,0
20230101T000018.700000,3,697,6006.17,7505.39,-741.495,0,0,0,2500,0,0,2500,0,2500,0
20230101T000018.700000,3,698,4362.66,3391.65,353.398,0,0,0,2500,0,0,2500,0,2500,0
20230101T000018.800000,6,874,1378.51,-500.939,-312.989,0,0,0,594.032,1034.91,678.057,3065.88,-246.4,3444.75,2.92255e+20
20230101T000018.800000,6,875,5692.2,8157.82,257.153,0,0,0,106536,-74217.8,-2341.08,51955.9,-3355.14,158322,4.88383e+06
20230101T000018.800000,6,876,5079.39,5495.8,-445.251,0,0,0,48501.6,-44474.6,3615.99,41485.8,3912.43,89606.7,3.28311e+07
20230101T000018.800000,6,877,5474.86,5809.45,-106.995,0,0,0,54038.3,-50848.4,936.663,48002.1,993.906,101958,1.11051e+09
20230101T000018.800000,6,878,6009.96,5877.25,-1109.58,0,0,0,56306.4,-55499.2,10663.8,58785.2,10428.3,113060,2.47357e+07
20230101T000018.800000,6,879,3932.19,2936.88,-513.247,0,0,0,14111.6,-18245,3223.79,24913,2407.78,38540.5,5.98102e+06
20230101T000018.800000,3,699,1378.51,-500.939,-312.989,0,0,0,2500,0,0,2500,0,2500,0
20230101T000018.800000,3,700,5692.2,8157.82,257.153,0,0,0,2500,0,0,2500,0,2500,0
20230101T000018.800000,3,701,5079.39,5495.8,-445.251,0,0,0,2500,0,0,2500,0,2500,0
20230101T000018.800000,3,702,5474.86,5809.45,-106.995,0,0,0,2500,0,0,2500,0,2500,0
20230101T000018.800000,3,703,6009.96,5877.25,-1109.58,0,0,0,2500,0,0,2500,0,2500,0
20230101T000018.800000,3,704,3932.19,2936.88,-513.247,0,0,0,2500,0,0,2500,0,2500,0
20230101T000018.900000,6,880,1267.33,-737.74,-314.372,0,0,0,1034.62,1400.58,626.126,2625.32,-364.481,3443.44,1.01106e+19
20230101T000018.900000,6,881,6572.94,-3439.97,-1042.33,0,0,0,20347.3,35437.2,10954.1,69512.9,-5732.86,88060.3,5.02677e+08
20230101T000018.900000,6,882,7118.35,-3511.47,-751.072,0,0,0,20505.6,39610.1,8548.84,81262.5,-4217.13,100803,1.09483e+09
20230101T000018.900000,6,883,3336.85,943.488,92.948,0,0,0,1496.29,-5016.88,-494.596,17821.1,-139.846,19239.6,1.72361e+06
20230101T000018.900000,6,884,3893.14,693.244,-392.161,0,0,0,1068.87,-4264.83,2436.6,24260,433.879,25020.1,908378
20230101T000018.900000,6,885,11297,2048.29,-968.917,0,0,0,8228.56,-36748.4,17508.1,204246,3174.44,210909,3.09529e+06
20230101T000018.900000,6,886,3449.25,1891.32,-954.875,0,0,0,6891.44,-9797.31,5256.9,19386.9,2882.5,24762.6,2.79455e+06
20230101T000018.900000,6,887,5558.01,1838.14,-988.234,0,0,0,6870.62,-15861.9,8778.21,49586.5,2903.12,54834.1,6.49575e+06
20230101T000018.900000,6,888,5677.23,2001.2,-21.3046,0,0,0,6465.23,-18157.7,193.308,51576.7,68.14,57977.2,8.86503e+06
20230101T000018.900000,6,889,8545.71,2721.89,-309.823,0,0,0,12051.4,-37154,4234.15,116867,1348.62,128701,5.2149e+06
20230101T000018.900000,6,890,8290.46,4569.4,229.711,0,0,0,33520.9,-60549.2,-3045.7,110005,-1678.68,143378,5.47149e+07
20230101T000018.900000,6,891,9177.2,1825.8,-1958.75,0,0,0,11297.6,-25622.6,28748.8,134990,5719.55,140090,3.51786e+06
20230101T000018.900000,6,892,5087.44,2141.66,110.067,0,0,0,7409.51,-17403.1,-894.763,41423.9,-376.667,48750.1,176247
20230101T000018.900000,6,893,15.6732,3.30113,-2.95109,0,0,0,59.3002,12.4035,-11.0858,3.02294,-2.33492,2.51174,8.4777e+06
20230101T000018.900000,6,894,1747.57,1696.37,-443.013,0,0,0,4797.86,-4555.35,1230.63,5068.8,1194.58,9492.75,1.04964e+07
20230101T000018.900000,6,895,2925.81,3475.69,-271.653,0,0,0,19404.1,-16181.1,1269.23,13803,1507.77,33025.4,626773
20230101T000018.900000,6,896,7835.39,7490.34,-1552.78,0,0,0,91816.7,-91945.3,19460.1,100101,18603.1,187999,841735
20230101T000018.900000,6,897,5981.2,8074.09,75.8627,0,0,0,104331,-77233.4,-725.712,57286.8,-979.647,161545,367393
20230101T000018.900000,6,898,9490.04,7256.47,1343.96,0,0,0,86113.7,-108758,-20401.1,145187,-15599.5,228348,1.16936e+07
20230101T000018.900000,6,899,3896.02,5814.34,282.758,0,0,0,54150,-36155.7,-1761.17,24418.7,-2628.34,78376.9,1.07113e+07
20230101T000018.900000,6,900,2982.17,3876.23,-1206.49,0,0,0,24928.7,-17340.6,5747.65,15730.2,7470.82,38273.3,1.89015e+07
20230101T000018.900000,6,901,4064.08,3487.6,953.057,0,0,0,20334,-21929.3,-6188.89,27069.4,-5311.02,45890.1,1.28268e+06
20230101T000018.900000,4,690,4160.53,5608.01,554.805,-2.26072,0.553299,-1.8133,1647.06,-1167.69,-117.569,947.553,-157.945,2500.88,0
20230101T000018.900000,4,700,5750.38,8233.47,256.761,5.76133,7.49066,-0.0388424,1692.51,-1136.28,-35.8186,856.889,-51.3338,2483.77,0
20230101T000018.900000,3,705,1267.33,-737.74,-314.372,0,0,0,2500,0,0,2500,0,2500,0
20230101T000018.900000,3,706,6572.94,-3439.97,-1042.33,0,0,0,2500,0,0,2500,0,2500,0
20230101T000018.900000,3,707,7118.35,-3511.47,-751.072,0,0,0,2500,0,0,2500,0,2500,0
20230101T000018.900000,3,708,3336.85,943.488,92.948,0,0,0,2500,0,0,2500,0,2500,0
20230101T000018.900000,3,709,3893.14,693.244,-392.161,0,0,0,2500,0,0,2500,0,2500,0
20230101T000018.900000,3,710,11297,2048.29,-968.917,0,0,0,2500,0,0,2500,0,2500,0
20230101T000018.900000,3,711,3449.25,1891.32,-954.875,0,0,0,2500,0,0,2500,0,2500,0
20230101T000018.900000,3,712,5558.01,1838.14,-988.234,0,0,0,2500,0,0,2500,0,2500,0
20230101T000018.900000,3,713,5677.23,2001.2,-21.3046,0,0,0,2500,0,0,2500,0,2500,0
20230101T000018.900000,3,714,8545.71,2721.89,-309.823,0,0,0,2500,0,0,2500,0,2500,0
20230101T000018.900000,3,715,8290.46,4569.4,229.711,0,0,0,2500,0,0,2500,0,2500,0
20230101T000018.900000,3,716,9177.2,1825.8,-1958.75,0,0,0,2500,0,0,2500,0,2500,0
20230101T000018.900000,3,717,5087.44,2141.66,110.067,0,0,0,2500,0,0,2500,0,2500,0
20230101T000018.900000,3,718,15.6732,3.30113,-2.95109,0,0,0,2500,0,0,2500,0,2500,0
20230101T000018.900000,3,719,1747.57,1696.37,-443.013,0,0,0,2500,0,0,2500,0,2500,0
20230101T000018.900000,3,720,2925.81,3475.69,-271.653,0,0,0,2500,0,0,2500,0,2500,0
20230101T000018.900000,3,721,7835.39,7490.34,-1552.78,0,0,0,2500,0,0,2500,0,2500,0
20230101T000018.900000,3,722,9490.04,7256.47,1343.96,0,0,0,2500,0,0,2500,0,2500,0
20230101T000018.900000,3,723,2982.17,3876.23,-1206.49,0,0,0,2500,0,0,2500,0,2500,0
20230101T000018.900000,3,724,4064.08,3487.6,953.057,0,0,0,2500,0,0,2500,0,2500,0
20230101T000019,6,902,1125.58,-939.468,-315.749,0,0,0,1542.23,1583.35,558.53,2117.7,-466.178,3442.09,3.02654e+18
20230101T000019,6,903,5461.17,-5021.2,-1042.38,0,0,0,41315.9,42977.1,9101.71,48544.2,-8368.43,88060.2,1.77556e+08
20230101T000019,6,904,10433.7,-67.0444,-590.226,0,0,0,628.35,1115.24,9849.58,174179,-63.291,174187,4.26206e+07
20230101T000019,6,905,8254.07,-1282.97,-1482.13,0,0,0,6126.05,16400.8,19562.9,109092,-3040.77,111643,6.8542e+07
20230101T000019,6,906,2772.76,1068.43,63.5319,0,0,0,1887.8,-4716.37,-280.578,12310.2,-108.115,14127.6,6.84727e+06
20230101T000019,6,907,3367.28,599.043,-569.464,0,0,0,1137.47,-3127.22,3057.86,18159.5,543.997,18717.6,1.05404e+07
20230101T000019,6,908,3445.71,920.429,-27.1191,0,0,0,1416.34,-5058.21,149.041,19001,39.8123,20352.2,1.22635e+06
20230101T000019,6,909,2271.21,1021.36,-9.77712,0,0,0,1722.43,-3687.55,35.3003,8264.21,15.8744,9922.49,1.49622e+08
20230101T000019,6,910,10289,4897.1,-976.17,0,0,0,39665.4,-80001.9,16065.2,169676,7646.3,207754,6.14824e+06
20230101T000019,6,911,3814.03,1418.13,138.399,0,0,0,3300.85,-8623.19,-842.538,23286.4,-313.272,26492.8,369832
20230101T000019,6,912,4341.3,983.19,-131.591,0,0,0,1633.84,-6809.58,912.201,30159.5,206.589,31701.8,934588
20230101T000019,6,913,11168.8,4374.17,-835.944,0,0,0,31638,-77765.4,14934.2,199745,5848.87,230201,6.29198e+07
20230101T000019,6,914,11113.6,2120.57,-2188.62,0,0,0,14649.3,-36285,38905.7,197890,7423.55,204816,1.46488e+06
20230101T000019,6,915,9554.6,2759.42,-491.533,0,0,0,12598.8,-42064.2,7511.21,146099,2169.28,158248,1.67456e+07
20230101T000019,6,916,5613.29,2187.47,-128.032,0,0,0,7734.33,-19615.7,1148.62,50426.3,447.613,58070.5,43584
20230101T000019,6,917,5922.74,1552.46,-93.0136,0,0,0,3929.04,-14692.6,880.492,56131.1,230.794,59982.4,262925
20230101T000019,6,918,8937.13,3085.85,-496.561,0,0,0,15645.5,-43984.4,7097.36,127844,2450.61,143032,4.40308e+07
20230101T000019,6,919,6005.96,2430.66,664.077,0,0,0,10113.7,-23090.1,-6375.45,57822.6,-2580.2,67168,2.96877e+06
20230101T000019,6,920,7839.48,4338.74,500.556,0,0,0,30475.2,-54224.7,-6275.45,98440.9,-3473.13,128452,5.23612e+07
20230101T000019,6,921,4804.95,817.439,-771.422,0,0,0,2055.17,-6116.65,5920.88,36968.6,1007.29,38010.7,96756.8
20230101T000019,6,922,6473.73,2374.11,-1240.72,0,0,0,11244,-23774.8,12840.9,67354.1,4709.14,76075,1.7236e+07
20230101T000019,6,923,5241.49,1029.55,-40.9769,0,0,0,1760.17,-8621.6,343.166,43959.6,67.4059,45653.1,148453
20230101T000019,6,924,4967.53,2200.56,263.703,0,0,0,7894.35,-17425.3,-2093.09,39510.9,-927.216,47230.3,148927
20230101T000019,6,925,13.9788,19.1237,1.11827,0,0,0,22.8238,29.9959,1.75398,41.9337,2.39953,1.04011,9.82347e+06
20230101T000019,6,926,6216.12,8481.66,-671.143,0,0,0,115376,-83982.8,6672.65,62334.5,9104.58,176926,149240
20230101T000019,6,927,5249.12,6021.61,183.007,0,0,0,58066.4,-50514.8,-1536.04,44151.9,-1762.09,102101,1.27722e+09
20230101T000019,4,702,5473.98,5819.75,-99.8799,-0.16888,1.97987,1.36825,1372.37,-1234.05,22.728,1225.88,24.117,2534.91,0
20230101T000019,4,708,3430.47,963.886,81.6706,9.26924,2.01955,-1.11657,224.476,-567.642,-55.9262,2071.56,-15.813,2230.69,0
20230101T000019,4,710,11297.3,2049.61,-983.483,0.0308645,0.131046,-1.44213,156.503,-424.021,200.595,2418.25,36.3704,2478.13,0
20230101T000019,4,713,5680.15,2010.94,-25.7749,0.289396,0.9643,-0.442605,322.963,-739.062,7.86799,2159.11,2.77343,2419.59,0
20230101T000019,4,717,5012.16,2115.44,116.244,-7.45359,-2.59585,0.611594,415.2,-835.816,-42.9565,2048.81,-18.0833,2399.78,0
20230101T000019,4,718,20.8907,16.3798,-0.590393,0.51659,1.29492,0.233732,57.8351,12.095,-10.8099,2.95788,-2.27682,2.45973,0
20230101T000019,3,725,1125.58,-939.468,-315.749,0,0,0,2500,0,0,2500,0,2500,0
20230101T000019,3,726,5461.17,-5021.2,-1042.38,0,0,0,2500,0,0,2500,0,2500,0
20230101T000019,3,727,10433.7,-67.0444,-590.226,0,0,0,2500,0,0,2500,0,2500,0
20230101T000019,3,728,8254.06,-1282.97,-1482.13,0,0,0,2500,0,0,2500,0,2500,0
20230101T000019,3,729,2772.76,1068.43,63.5319,0,0,0,2500,0,0,2500,0,2500,0
20230101T000019,3,730,3367.28,599.043,-569.464,0,0,0,2500,0,0,2500,0,2500,0
20230101T000019,3,731,2271.21,1021.36,-9.77712,0,0,0,2500,0,0,2500,0,2500,0
20230101T000019,3,732,10289,4897.1,-976.17,0,0,0,2500,0,0,2500,0,2500,0
20230101T000019,3,733,3814.03,1418.13,138.399,0,0,0,2500,0,0,2500,0,2500,0
20230101T000019,3,734,4341.3,983.19,-131.591,0,0,0,2500,0,0,2500,0,2500,0
20230101T000019,3,735,11168.8,4374.17,-835.944,0,0,0,2500,0,0,2500,0,2500,0
20230101T000019,3,736,9554.6,2759.42,-491.533,0,0,0,2500,0,0,2500,0,2500,0
20230101T000019,3,737,5922.74,1552.46,-93.0136,0,0,0,2500,0,0,2500,0,2500,0
20230101T000019,3,738,8937.13,3085.85,-496.561,0,0,0,2500,0,0,2500,0,2500,0
20230101T000019,3,739,6005.96,2430.66,664.077,0,0,0,2500,0,0,2500,0,2500,0
20230101T000019,3,740,7839.48,4338.74,500.556,0,0,0,2500,0,0,2500,0,2500,0
20230101T000019,3,741,4804.95,817.439,-771.422,0,0,0,2500,0,0,2500,0,2500,0
20230101T000019,3,742,6473.73,2374.11,-1240.72,0,0,0,2500,0,0,2500,0,2500,0
20230101T000019,3,743,5241.49,1029.55,-40.9769,0,0,0,2500,0,0,2500,0,2500,0
20230101T000019,3,744,6216.12,8481.66,-671.143,0,0,0,2500,0,0,2500,0,2500,0
20230101T000019.100000,6,928,7490.32,-2734.12,-309.548,0,0,0,12152.4,32697.2,3707.46,89793.4,-1353.3,101729,8.98477e+08
20230101T000019.100000,6,929,7948.93,-2943.69,-380.059,0,0,0,14123.9,37342.6,4831.01,101132,-1789.05,114961,5.5327e+07
20230101T000019.100000,6,930,7378.83,1098.27,-685.605,0,0,0,2727.78,-12847.5,8088.57,87133.1,1203.91,89045.9,4.86994e+08
20230101T000019.100000,6,931,965.544,1146.57,-48.6391,0,0,0,2131.48,-1737.93,73.8049,1531.26,87.6419,3595.09,4.9938e+21
20230101T000019.100000,3,745,7490.32,-2734.12,-309.548,0,0,0,2500,0,0,2500,0,2500,0
20230101T000019.100000,3,746,7948.93,-2943.69,-380.059,0,0,0,2500,0,0,2500,0,2500,0
20230101T000019.100000,3,747,7378.83,1098.27,-685.605,0,0,0,2500,0,0,2500,0,2500,0
20230101T000019.100000,3,748,965.545,1146.57,-48.6391,0,0,0,2500,0,0,2500,0,2500,0
20230101T000019.200000,6,932,5951.94,-5326.39,-108.182,0,0,0,45438.7,50682.7,1029.58,56717.7,-921.37,102074,7.73538e+08
20230101T000019.200000,6,933,7233.4,-1968.89,19.8504,0,0,0,6262.61,22770.4,-229.574,83719.8,62.4887,89917.8,1.48006e+08
20230101T000019.200000,6,934,8022.1,-5011.59,-249.792,0,0,0,40303.4,64251.9,3204.74,103012,-2002.07,143152,8.46759e+06
20230101T000019.200000,6,935,1144.33,968.064,-50.7873,0,0,0,1539.1,-1738.9,91.3343,2123.58,77.2655,3594.71,2.22092e+21
20230101T000019.200000,3,749,5951.94,-5326.39,-108.182,0,0,0,2500,0,0,2500,0,2500,0
20230101T000019.200000,3,750,7233.4,-1968.89,19.8504,0,0,0,2500,0,0,2500,0,2500,0
20230101T000019.200000,3,751,8022.1,-5011.59,-249.792,0,0,0,2500,0,0,2500,0,2500,0
20230101T000019.200000,3,752,1144.33,968.064,-50.7873,0,0,0,2500,0,0,2500,0,2500,0
20230101T000019.300000,6,936,7059.27,-2493.39,-270.425,0,0,0,10108,28105.6,3052.22,79753.3,-1078.07,89680.5,2.9734e+08
20230101T000019.300000,6,937,7619.53,-2369.29,108.266,0,0,0,9057.11,28861.2,-1319.07,92898.9,410.165,101873,1.4636e+08
20230101T000019.300000,6,938,1299.47,746.917,-52.0872,0,0,0,943.927,-1523.46,106.371,2718.74,61.1407,3594.48,3.22268e+21
20230101T000019.300000,4,745,7494.37,-2725.34,-299.172,0.778695,1.68965,1.99543,356.478,795.281,90.0425,2244.91,-32.8674,2531.58,0
20230101T000019.300000,4,750,7224.71,-1982.18,11.9023,-0.86095,-1.31574,-0.786948,227.542,606.581,-6.11558,2290.92,1.66463,2456.02,0
20230101T000019.300000,3,753,1299.47,746.917,-52.0872,0,0,0,2500,0,0,2500,0,2500,0
20230101T000019.400000,6,939,5911.15,-5302.6,856.948,0,0,0,45674.3,49535.7,-8099.8,56458.8,7265.93,100896,3.26974e+08
20230101T000019.400000,6,940,5425.5,-5139.4,-584.906,0,0,0,42583.5,44309.1,5073.84,47386.7,-4806.29,89359.6,3.08944e+08
20230101T000019.400000,6,941,1407.94,514.021,-51.8043,0,0,0,482.942,-1135.96,114.624,3179.69,41.8478,3594.49,4.27869e+21
20230101T000019.400000,4,749,5951.38,-5326.21,-84.16,-0.106792,0.034506,4.61955,1162.45,1228.67,24.955,1435.88,-22.3322,2534.98,0
20230101T000019.400000,3,754,5425.5,-5139.4,-584.906,0,0,0,2500,0,0,2500,0,2500,0
20230101T000019.400000,3,755,1407.94,514.021,-51.8043,0,0,0,2500,0,0,2500,0,2500,0
20230101T000019.500000,6,942,5512.5,-5749.74,-375.66,0,0,0,53033.9,50568,3311.24,48771.2,-3453.75,101516,4.30969e+08
20230101T000019.500000,6,943,5017.2,-5561.04,160.948,0,0,0,49527.6,44588.9,-1291.1,40333.8,1431.04,89756,3.69782e+08
20230101T000019.500000,6,944,1475.48,263.045,-54.3789,0,0,0,177.241,-609.126,126.093,3485.36,22.4796,3594.04,5.51109e+21
20230101T000019.500000,4,749,5935.38,-5332.68,-91.6938,-18.8519,11.0434,2.66148,1172.89,1268.62,22.3276,1455.12,-19.9763,2589.71,0
20230101T000019.500000,3,756,5017.2,-5561.04,160.948,0,0,0,2500,0,0,2500,0,2500,0
20230101T000019.500000,3,757,1475.48,263.045,-54.3789,0,0,0,2500,0,0,2500,0,2500,0
20230101T000019.600000,6,945,1498.79,6.42315,-52.5689,0,0,0,68.4077,-15.1103,123.822,3594.2,0.530645,3594.34,2.45349e+21
20230101T000019.600000,6,946,6031.19,5225.58,-24.4249,0,0,0,43727.8,-50394.2,235.55,58228.3,204.087,101891,1.62552e+08
20230101T000019.600000,6,947,5811.24,4706.29,-451.414,0,0,0,35674,-43568.3,4194.25,54187.2,3396.75,89471.6,3.07864e+08
20230101T000019.600000,3,758,1498.79,6.42315,-52.5689,0,0,0,2500,0,0,2500,0,2500,0
20230101T000019.600000,3,759,6031.19,5225.58,-24.4249,0,0,0,2500,0,0,2500,0,2500,0
20230101T000019.600000,3,760,5811.24,4706.29,-451.414,0,0,0,2500,0,0,2500,0,2500,0
20230101T000019.700000,6,948,1476.35,-259.303,-48.3279,0,0,0,173.226,600.983,112.128,3489.38,-19.6939,3595,3.26395e+21
20230101T000019.700000,6,949,1475.76,-262.401,-49.4452,0,0,0,175.93,607.892,114.674,3486.67,-20.3899,3594.83,3.22281e+21
20230101T000019.700000,6,950,5907.49,5360.91,236.061,0,0,0,46066.9,-50595,-2229.85,55906.6,-2023.53,101820,4.01549e+08
20230101T000019.700000,6,951,4463.61,6014.16,-298.298,0,0,0,57945.5,-42853.1,2128.86,32011.2,2868.38,89750.5,3.0105e+08
20230101T000019.700000,4,759,6028.81,5229.38,-18.1276,-0.235971,0.37643,0.623497,1092.2,-1188.51,5.55524,1434.18,4.8132,2463.92,0
20230101T000019.700000,3,761,1476.35,-259.303,-48.3279,0,0,0,2500,0,0,2500,0,2500,0
20230101T000019.700000,3,762,1475.76,-262.401,-49.4452,0,0,0,2500,0,0,2500,0,2500,0
20230101T000019.700000,3,763,4463.61,6014.16,-298.298,0,0,0,2500,0,0,2500,0,2500,0
20230101T000019.800000,6,952,1409.02,-511.376,-48.4142,0,0,0,478.214,1131.16,107.206,3184.42,-38.9081,3595.02,9.87343e+19
20230101T000019.800000,6,953,6996.87,-2656.81,-329.551,0,0,0,11501.5,29664.1,3686.69,78359.8,-1399.89,89623.8,2.59576e+09
20230101T000019.800000,6,954,7394.54,2981.51,-385.765,0,0,0,14482.8,-35170.4,4561.22,87529.1,1839.11,101710,3.36792e+08
20230101T000019.800000,6,955,8076.37,6292.45,2120.61,0,0,0,67867.4,-77794.2,-27392.8,107105,-21342.3,167719,1.51614e+07
20230101T000019.800000,6,956,4845,6271.1,-323.21,0,0,0,63009,-48501.7,2503.93,37703.1,3240.95,100481,1.25896e+06
20230101T000019.800000,6,957,5550.44,5735.13,-335.572,0,0,0,52744.8,-50810,2978.25,49417.9,3077.35,101919,3.20541e+08
20230101T000019.800000,6,958,5257.02,6649.1,385.155,0,0,0,70852.8,-55780.6,-3237.83,44403.4,-4095.22,114955,2.14802e+06
20230101T000019.800000,6,959,5266.07,6735.15,-754.434,0,0,0,72949.3,-56275.8,6353.2,44975.1,8125.56,116951,7.44967e+06
20230101T000019.800000,6,960,5871.38,6676.18,-160.714,0,0,0,71360.2,-62665.2,1509.02,55216.3,1715.86,126471,8.49033e+06
20230101T000019.800000,6,961,4620.66,4000.28,380.647,0,0,0,25772.5,-29428,-2811.14,34287.5,-2433.71,59764.6,1.58138e+06
20230101T000019.800000,4,759,6020.89,5245.05,-25.6916,6.91516,10.9463,-0.895942,1083.74,-1207.14,4.78715,1429.46,4.12716,2476.03,0
20230101T000019.800000,3,764,1409.02,-511.376,-48.4142,0,0,0,2500,0,0,2500,0,2500,0
20230101T000019.800000,3,765,6996.87,-2656.81,-329.551,0,0,0,2500,0,0,2500,0,2500,0
20230101T000019.800000,3,766,7394.54,2981.51,-385.765,0,0,0,2500,0,0,2500,0,2500,0
20230101T000019.800000,3,767,8076.37,6292.45,2120.61,0,0,0,2500,0,0,2500,0,2500,0
20230101T000019.800000,3,768,4845,6271.1,-323.21,0,0,0,2500,0,0,2500,0,2500,0
20230101T000019.800000,3,769,5257.02,6649.1,385.155,0,0,0,2500,0,0,2500,0,2500,0
20230101T000019.800000,3,770,5266.07,6735.15,-754.434,0,0,0,2500,0,0,2500,0,2500,0
20230101T000019.800000,3,771,5871.38,6676.18,-160.714,0,0,0,2500,0,0,2500,0,2500,0
20230101T000019.800000,3,772,4620.66,4000.28,380.647,0,0,0,2500,0,0,2500,0,2500,0
20230101T000019.900000,6,962,1298.08,-749.424,-50.6107,0,0,0,949.638,1527.04,103.245,2713.01,-59.607,3594.7,4.30349e+19
20230101T000019.900000,6,963,6738.41,-3272.23,98.9492,0,0,0,17196.4,35248.1,-1066.06,72665,517.686,89781.8,1.19709e+09
20230101T000019.900000,6,964,3219.4,1250.42,-324.512,0,0,0,2703.2,-6362.67,1666.02,16613.6,647.083,19085.5,4.81457e+06
20230101T000019.900000,6,965,4144.52,1552.14,494.847,0,0,0,4253.66,-10143.2,-3274.83,27539.3,-1226.44,31338.7,1.16788e+07
20230101T000019.900000,6,966,11377.8,4828.54,-1112.12,0,0,0,39034.3,-87166.6,20240.4,207439,8589.65,244432,9.51681e+06
20230101T000019.900000,6,967,6989.85,3582.3,-1451.49,0,0,0,23251.3,-38670.2,16223,78887,8314.26,98707.5,7.07759e+08
20230101T000019.900000,6,968,8857.01,5525.32,-586.423,0,0,0,49288.7,-78024.8,8307.29,125687,5182.38,174361,2.30558e+06
20230101T000019.900000,6,969,9873.03,3705.69,-85.5483,0,0,0,22037.8,-58513.4,1350.91,155972,507.043,177934,6.14463e+06
20230101T000019.900000,6,970,8804.82,3737.74,-207.807,0,0,0,22465.8,-52608.3,2926.25,124060,1242.22,146393,1.80357e+07
20230101T000019.900000,6,971,6028.85,2174.16,-555.919,0,0,0,8056.95,-20794.2,5357.29,58219.4,1931.98,65718.9,448012
20230101T000019.900000,6,972,5231.12,1640.33,736.754,0,0,0,5153.06,-13463.3,-6158.41,43866.7,-1931.1,48089.5,5.09774e+06
20230101T000019.900000,6,973,10669,2248.35,945.217,0,0,0,9517.64,-38078.8,-16129.8,182186,-3399.15,190211,2.48009e+06
20230101T000019.900000,6,974,9450.48,6293.11,-1471.71,0,0,0,65809.6,-93528.8,22246.6,143982,14814.1,206265,1.69669e+06
20230101T000019.900000,6,975,2141.76,2727.09,834.703,0,0,0,12347.6,-8774.34,-2851.38,8066.33,-3630.64,19242.1,1.08785e+07
20230101T000019.900000,6,976,6727.59,8704.53,-945.664,0,0,0,121789,-92973.7,10175.9,73352.3,13166.2,193647,2.99988e+06
20230101T000019.900000,6,977,8396.11,5859.02,2120.6,0,0,0,59805,-75303.3,-28477.2,115168,-19872.1,167719,2.31577e+06
20230101T000019.900000,6,978,5639.31,5516.27,-1247.71,0,0,0,49991.6,-48496.4,11250.9,52131.4,11005.4,99571.3,6.80047e+08
20230101T000019.900000,6,979,5858.42,3774.4,756.753,0,0,0,23485.9,-34933.2,-7087.63,55201.1,-4566.33,77708.2,6.7472e+06
20230101T000019.900000,6,980,6228.27,6277.62,1579.8,0,0,0,65065.2,-60530.4,-15735.2,64109.8,-15859.9,125122,3.70936e+06
20230101T000019.900000,6,981,4876.41,3534.91,188.335,0,0,0,20072.1,-27522.9,-1467.82,38088.6,-1064.02,58040,1.44181e+06
20230101T000019.900000,6,982,4174.02,4716.05,-1660.6,0,0,0,37550.2,-29276.4,11079.7,30383.6,12518.5,63465.9,1.7273e+07
20230101T000019.900000,6,983,3745.35,3232.54,132.456,0,0,0,16771.7,-19325.7,-792.451,22483.5,-683.951,39163.2,2.22475e+07
20230101T000019.900000,6,984,3719.86,3363.76,-415.311,0,0,0,18290.6,-19851.5,2467.93,22292.5,2231.68,40244.1,3.64585e+06
20230101T000019.900000,6,985,4122.73,3548.4,19.7777,0,0,0,20182.9,-23374.6,-130.285,27222.5,-112.135,47340.8,7.5878e+06
20230101T000019.900000,4,765,6990.86,-2674.09,-317.84,-0.59501,-1.71082,1.15951,368.067,792.747,98.3378,2154.79,-37.3403,2451.31,0
20230101T000019.900000,4,767,8081.28,6286.15,2120.61,0.486176,-0.624003,-1.28972e-05,1040.59,-1127.36,-380.176,1609.2,-296.203,2389.25,0
20230101T000019.900000,4,772,4563.11,3922.17,367.086,-5.69852,-7.73396,-1.34271,1078.77,-1163.44,-110.725,1415.41,-95.8589,2413.9,0
20230101T000019.900000,3,773,1298.08,-749.424,-50.6107,0,0,0,2500,0,0,2500,0,2500,0
20230101T000019.900000,3,774,3219.4,1250.42,-324.512,0,0,0,2500,0,0,2500,0,2500,0
20230101T000019.900000,3,775,4144.52,1552.14,494.847,0,0,0,2500,0,0,2500,0,2500,0
20230101T000019.900000,3,776,11377.8,4828.54,-1112.12,0,0,0,2500,0,0,2500,0,2500,0
20230101T000019.900000,3,777,6989.85,3582.3,-1451.49,0,0,0,2500,0,0,2500,0,2500,0
20230101T000019.900000,3,778,8857.01,5525.32,-586.423,0,0,0,2500,0,0,2500,0,2500,0
20230101T000019.900000,3,779,9873.03,3705.69,-85.5483,0,0,0,2500,0,0,2500,0,2500,0
20230101T000019.900000,3,780,8804.82,3737.74,-207.807,0,0,0,2500,0,0,2500,0,2500,0
20230101T000019.900000,3,781,6028.85,2174.16,-555.919,0,0,0,2500,0,0,2500,0,2500,0
20230101T000019.900000,3,782,5231.12,1640.33,736.754,0,0,0,2500,0,0,2500,0,2500,0
20230101T000019.900000,3,783,10669,2248.35,945.217,0,0,0,2500,0,0,2500,0,2500,0
20230101T000019.900000,3,784,9450.48,6293.11,-1471.71,0,0,0,2500,0,0,2500,0,2500,0
20230101T000019.900000,3,785,2141.76,2727.09,834.703,0,0,0,2500,0,0,2500,0,2500,0
20230101T000019.900000,3,786,6727.59,8704.53,-945.664,0,0,0,2500,0,0,2500,0,2500,0
20230101T000019.900000,3,787,5639.31,5516.27,-1247.71,0,0,0,2500,0,0,2500,0,2500,0
20230101T000019.900000,3,788,5858.42,3774.4,756.753,0,0,0,2500,0,0,2500,0,2500,0
20230101T000019.900000,3,789,6228.27,6277.62,1579.8,0,0,0,2500,0,0,2500,0,2500,0
20230101T000019.900000,3,790,4174.02,4716.05,-1660.6,0,0,0,2500,0,0,2500,0,2500,0
20230101T000019.900000,3,791,3745.35,3232.54,132.456,0,0,0,2500,0,0,2500,0,2500,0
20230101T000019.900000,3,792,3719.86,3363.76,-415.311,0,0,0,2500,0,0,2500,0,2500,0
20230101T000019.900000,3,793,4122.73,3548.4,19.7777,0,0,0,2500,0,0,2500,0,2500,0
20230101T000020,6,986,1147.84,-963.919,-50.5022,0,0,0,1526.51,1736.79,91.1,2136.18,-76.5029,3594.75,5.85729e+19
20230101T000020,6,987,5669.83,-4894.64,-137.44,0,0,0,38386,44356.3,1245.93,51475.4,-1075.58,89767.2,2.04186e+09
20230101T000020,6,988,6276.6,-1032.07,-960.272,0,0,0,3201.76,10118.4,9634.27,63073.7,-1584.18,64738.9,1.4909e+07
20230101T000020,6,989,4033.22,2106.96,-109.469,0,0,0,7168.16,-13562.4,705.059,26044.8,368.324,33129.8,2.0533e+07
20230101T000020,6,990,9301.06,4769.06,-256.835,0,0,0,36524.6,-70902.9,3820.75,138451,1959.07,174806,3.83984e+06
20230101T000020,6,991,7534.09,2654.51,-14.3206,0,0,0,11331.5,-31978.8,172.52,90827.1,60.7845,102094,6.98782e+08
20230101T000020,6,992,8157.3,4730.95,864.233,0,0,0,36752.8,-61200.8,-11274.7,106783,-6538.92,142278,1.21523e+07
20230101T000020,6,993,8723.78,3906.09,-171.339,0,0,0,24504.5,-54480,2390.51,121785,1070.35,146179,1.13998e+06
20230101T000020,6,994,8849.47,1982.14,218.235,0,0,0,6419.67,-28035.5,-3088.52,125308,-691.778,131587,1.11197e+07
20230101T000020,6,995,6250,8936.64,-921.465,0,0,0,128249,-88698.5,9211.58,63455.1,13171.3,190282,3.41467e+06
20230101T000020,6,996,6682.4,9206.04,-964.528,0,0,0,136138,-97691.7,10309.4,72463.6,14202.8,207049,4.4086e+06
20230101T000020,6,997,6944,7684.35,-1432.22,0,0,0,95982.5,-83712.4,15906.7,78991.8,17602.6,171631,3.62712e+06
20230101T000020,6,998,4364,5484.19,165.697,0,0,0,48164,-38240.3,-1156.02,30537.3,-1452.76,78593.4,3.9095e+07
20230101T000020,6,999,3596.42,3496.38,-407.229,0,0,0,19728.6,-19954.7,2339.61,20854.6,2274.53,40254.7,3.91102e+06
20230101T000020,6,1000,3901.98,3695.11,842.092,0,0,0,22477.2,-22471.5,-5250.22,24926.7,-4971.86,46208.3,3.56427e+06
20230101T000020,4,766,7403.45,2975.57,-376.805,1.71285,-1.14366,1.72311,413.216,-855.591,110.708,2190.22,44.6379,2529.57,0
20230101T000020,4,778,8863.86,5514.84,-581.736,0.67786,-1.03735,0.464041,747.699,-1086.26,115.294,1811.31,71.9246,2481.43,0
20230101T000020,4,780,8796.67,3737.72,-207.028,-0.806363,-0.00165835,0.0771278,432.866,-869.958,48.3675,2112.88,20.5325,2481.07,0
20230101T000020,4,786,6664.19,8633.54,-937.298,-6.27687,-7.02812,0.828309,1590.41,-1167.18,126.815,982.338,164.081,2474.91,0
20230101T000020,4,792,3712.72,3371.72,-414.837,-0.707423,0.788108,0.0469352,1111.84,-1143.08,141.19,1342.27,127.674,2361.12,0
20230101T000020,3,794,1147.84,-963.919,-50.5022,0,0,0,2500,0,0,2500,0,2500,0
20230101T000020,3,795,5669.83,-4894.64,-137.44,0,0,0,2500,0,0,2500,0,2500,0
20230101T000020,3,796,6276.6,-1032.07,-960.272,0,0,0,2500,0,0,2500,0,2500,0
20230101T000020,3,797,4033.22,2106.96,-109.469,0,0,0,2500,0,0,2500,0,2500,0
20230101T000020,3,798,8157.3,4730.95,864.233,0,0,0,2500,0,0,2500,0,2500,0
20230101T000020,3,799,8849.47,1982.14,218.235,0,0,0,2500,0,0,2500,0,2500,0
20230101T000020,3,800,6682.4,9206.04,-964.528,0,0,0,2500,0,0,2500,0,2500,0
20230101T000020,3,801,6944,7684.36,-1432.22,0,0,0,2500,0,0,2500,0,2500,0
20230101T000020,3,802,4364,5484.19,165.697,0,0,0,2500,0,0,2500,0,2500,0
20230101T000020,3,803,3901.98,3695.11,842.092,0,0,0,2500,0,0,2500,0,2500,0
20230101T000020.100000,6,1001,7362.8,-7399.05,602.331,0,0,0,87914.2,86842.3,-7093.15,87061.1,7128.08,174331,6.95496e+06
20230101T000020.100000,6,1002,5095.6,-6008.59,-914.807,0,0,0,58351.6,48296.1,7453.64,42359.8,-8789.12,99310.1,2.60393e+06
20230101T000020.100000,6,1003,4991.6,-5488.6,-332.774,0,0,0,48308.8,43715.1,2655.79,39997.6,-2920.22,88065.5,2.87107e+06
20230101T000020.100000,6,1004,5631.28,-4941.39,62.4399,0,0,0,39107.4,44487.3,-562.186,50768.6,493.312,89805.8,4.94762e+08
20230101T000020.100000,6,1005,5511.86,-8078.92,-1324.24,0,0,0,105342,69912.4,11673.7,50566.5,-17110.5,153041,6.16662e+06
20230101T000020.100000,6,1006,3324.41,-3776.82,-93.1514,0,0,0,22857,20050.5,494.695,17726.6,-562.016,40505.8,8.3405e+06
20230101T000020.100000,6,1007,9566.46,-4006.6,1322.74,0,0,0,28119.8,60306.4,-20238.9,146855,8476.41,172113,7.20522e+06
20230101T000020.100000,6,1008,7982.53,40.7314,13.5276,0,0,0,66.9454,-519.895,-172.667,101953,-0.881046,101956,6.61338e+08
20230101T000020.100000,6,1009,8445.68,-448.03,681.856,0,0,0,1126.37,6011.56,-9208.86,114130,488.516,114449,1.91848e+07
20230101T000020.100000,6,1010,960.099,1133.27,207.727,0,0,0,2109.97,-1675.88,-313.426,1551.6,-369.96,3530.99,4.86324e+20
20230101T000020.100000,4,795,5669.27,-4896.35,-131.985,-0.0552322,-0.169064,0.540096,1084.94,1183.53,33.2336,1434.2,-28.6898,2455.14,0
20230101T000020.100000,3,804,7362.8,-7399.05,602.331,0,0,0,2500,0,0,2500,0,2500,0
20230101T000020.100000,3,805,5095.6,-6008.59,-914.807,0,0,0,2500,0,0,2500,0,2500,0
20230101T000020.100000,3,806,4991.6,-5488.6,-332.774,0,0,0,2500,0,0,2500,0,2500,0
20230101T000020.100000,3,807,5511.86,-8078.92,-1324.24,0,0,0,2500,0,0,2500,0,2500,0
20230101T000020.100000,3,808,3324.41,-3776.82,-93.1514,0,0,0,2500,0,0,2500,0,2500,0
20230101T000020.100000,3,809,9566.46,-4006.6,1322.74,0,0,0,2500,0,0,2500,0,2500,0
20230101T000020.100000,3,810,7982.53,40.7314,13.5276,0,0,0,2500,0,0,2500,0,2500,0
20230101T000020.100000,3,811,8445.68,-448.03,681.856,0,0,0,2500,0,0,2500,0,2500,0
20230101T000020.100000,3,812,960.099,1133.27,207.727,0,0,0,2500,0,0,2500,0,2500,0
20230101T000020.200000,6,1011,5474.73,-5012.44,1046.65,0,0,0,41187,43002.6,-9161.68,48784.1,8388.07,88156.8,2.79326e+08
20230101T000020.200000,6,1012,5776.85,-5455.29,-768.066,0,0,0,48148.8,49920.3,7094.75,53870.1,-6699.83,101012,4.24274e+08
20230101T000020.200000,6,1013,6883.8,-2951.53,304.588,0,0,0,14117.8,32431.5,-3352.37,75851.6,1437.38,89757.2,2.71552e+08
20230101T000020.200000,6,1014,7205.4,-3291.43,392.322,0,0,0,17590.2,37828.5,-4520.07,83121.9,2064.77,100402,5.42739e+06
20230101T000020.200000,6,1015,7209.69,-4444.26,-513.96,0,0,0,31954.8,51049.5,5925.49,83301.3,-3652.64,114770,6.82373e+06
20230101T000020.200000,6,1016,1144.2,945.271,215.641,0,0,0,1511.13,-1663.22,-387.758,2150.32,-320.343,3525.69,2.1786e+21
20230101T000020.200000,4,765,6991.59,-2684.75,-298.631,7.29848,-8.14973,7.42843,399.105,894.541,107.017,2398.29,-40.8088,2735.57,0
20230101T000020.200000,4,805,5144.53,-6032.87,-916.874,4.84503,-2.40411,-0.204676,1471.77,1168.12,177.907,1084.98,-209.783,2431.27,0
20230101T000020.200000,3,813,5474.73,-5012.44,1046.65,0,0,0,2500,0,0,2500,0,2500,0
20230101T000020.200000,3,814,7205.4,-3291.43,392.322,0,0,0,2500,0,0,2500,0,2500,0
20230101T000020.200000,3,815,7209.69,-4444.26,-513.96,0,0,0,2500,0,0,2500,0,2500,0
20230101T000020.200000,3,816,1144.2,945.271,215.641,0,0,0,2500,0,0,2500,0,2500,0
20230101T000020.300000,6,1017,5853.37,-5417.24,319.021,0,0,0,47076.5,50621.6,-2985.89,54923.8,2763.41,101774,5.97421e+08
20230101T000020.300000,6,1018,5235.57,-5356.3,-297.87,0,0,0,46004.6,44766.4,2493.45,43963.2,-2550.95,89762,1.51638e+08
20230101T000020.300000,6,1019,6836.04,-5026.05,-51.0408,0,0,0,40462.2,54940.7,557.957,74794.2,-410.226,115188,1.28599e+07
20230101T000020.300000,6,1020,5643.99,-3799.13,233.612,0,0,0,23197.5,34237.6,-2107.79,51014.6,1418.81,74061,1.36685e+07
20230101T000020.300000,6,1021,1285.92,740.965,215.811,0,0,0,981.444,-1465.17,-436.131,2679.96,-251.304,3525.54,1.77001e+21
20230101T000020.300000,4,806,5042.94,-5533.68,-334.739,9.87372,-8.66831,-0.377898,1412.73,1223.5,74.1852,1180.12,-81.5717,2520.64,0
20230101T000020.300000,4,815,7202.4,-4457.24,-504.042,-0.721924,-1.2847,0.981979,731.937,1071.79,123.958,1809.96,-76.4113,2462,0
20230101T000020.300000,3,817,5853.37,-5417.24,319.021,0,0,0,2500,0,0,2500,0,2500,0
20230101T000020.300000,3,818,5643.99,-3799.13,233.612,0,0,0,2500,0,0,2500,0,2500,0
20230101T000020.300000,3,819,1285.92,740.965,215.811,0,0,0,2500,0,0,2500,0,2500,0
20230101T000020.400000,6,1022,5488.77,-5795.71,72.2993,0,0,0,53778.7,50862.1,-634.537,48240.8,670.021,101947,6.19429e+08
20230101T000020.400000,6,1023,5428.86,-5153.58,302.476,0,0,0,42605.6,44659.9,-2625.49,47255.8,2492.36,89651.1,8.61155e+07
20230101T000020.400000,6,1024,6025.45,-7436.76,1158.98,0,0,0,89365.5,70613.7,-11168.6,59425.2,13784.6,146579,3.04637e+07
20230101T000020.400000,6,1025,1396.52,504.421,210.913,0,0,0,525.56,-1084.31,-462.89,3135.88,-167.195,3528.8,2.20254e+21
20230101T000020.400000,4,795,5662.03,-4904.36,-118.564,-3.46297,-2.21487,5.21872,1201.24,1329.3,36.046,1592.48,-31.1252,2739.67,0
20230101T000020.400000,4,817,5845.44,-5427.23,313.089,-0.785027,-0.989245,-0.587322,1172.42,1195.22,-70.3895,1357.7,65.1449,2460.13,0
20230101T000020.400000,3,820,6025.45,-7436.76,1158.98,0,0,0,2500,0,0,2500,0,2500,0
20230101T000020.400000,3,821,1396.52,504.421,210.913,0,0,0,2500,0,0,2500,0,2500,0
20230101T000020.500000,6,1026,6393.76,-4753.49,-633.579,0,0,0,36607.7,48290.3,6477.46,65659.5,-4815.73,101562,4.94943e+08
20230101T000020.500000,6,1027,4633.21,-5854.38,735.139,0,0,0,55195.4,42947.7,-5445.82,34917.3,6881.16,89185.3,2.72837e+08
20230101T000020.500000,6,1028,3936.41,-5780.61,488.124,0,0,0,53605.7,36200.8,-3071.82,25096.5,4510.97,78257.5,3.27834e+07
20230101T000020.500000,6,1029,3500.15,-3607.69,241.547,0,0,0,20900.9,20125.3,-1350.59,19682.6,1392.08,40426.4,1.24226e+07
20230101T000020.500000,6,1030,1462.01,255.049,215.96,0,0,0,237.321,-573.373,-496.195,3424.03,-86.5616,3525.38,5.84292e+20
20230101T000020.500000,3,822,6393.76,-4753.49,-633.579,0,0,0,2500,0,0,2500,0,2500,0
20230101T000020.500000,3,823,4633.21,-5854.38,735.139,0,0,0,2500,0,0,2500,0,2500,0
20230101T000020.500000,3,824,3936.41,-5780.61,488.124,0,0,0,2500,0,0,2500,0,2500,0
20230101T000020.500000,3,825,3500.15,-3607.69,241.547,0,0,0,2500,0,0,2500,0,2500,0
20230101T000020.500000,3,826,1462.01,255.049,215.96,0,0,0,2500,0,0,2500,0,2500,0
20230101T000020.600000,6,1031,1485.3,0.33248,207.495,0,0,0,131.662,-0.760662,-484.339,3529.8,-0.108418,3531.02,7.87423e+20
20230101T000020.600000,6,1032,6079.32,4377.75,23.5085,0,0,0,30706.3,-42551.2,-228.502,59155.2,-164.545,89796.5,1.88504e+08
20230101T000020.600000,6,1033,5276.4,5994.56,123.359,0,0,0,57534.1,-50563.7,-1040.77,44594.5,-1182.43,102040,3.23604e+08
20230101T000020.600000,3,827,1485.3,0.33248,207.495,0,0,0,2500,0,0,2500,0,2500,0
20230101T000020.600000,3,828,6079.32,4377.75,23.5085,0,0,0,2500,0,0,2500,0,2500,0
20230101T000020.600000,3,829,5276.4,5994.56,123.359,0,0,0,2500,0,0,2500,0,2500,0
20230101T000020.700000,6,1034,1462.93,-256.522,207.892,0,0,0,233.271,577.996,-477.955,3428.19,83.8087,3530.77,8.91102e+20
20230101T000020.700000,6,1035,6530.23,7486.17,574.978,0,0,0,89924.5,-77924.6,-6005.16,68566.8,-6884.23,157899,8.90261e+06
20230101T000020.700000,6,1036,5214.38,6057.15,37.0069,0,0,0,58730.8,-50502.1,-308.556,43541.6,-358.426,102206,6.11234e+08
20230101T000020.700000,6,1037,5572.4,5025.18,-12.5852,0,0,0,40439.3,-44771.7,112.128,49711.4,101.116,90086.4,1.62153e+08
20230101T000020.700000,6,1038,3860.58,3187.12,512.772,0,0,0,16540.2,-19449,-3162.36,24042.8,-2610.7,40099.6,1.42181e+07
20230101T000020.700000,4,828,6075.73,4402.87,22.5587,-0.355824,2.48653,-0.0940305,879.769,-1135.01,-6.09499,1638.61,-4.38904,2455.92,0
20230101T000020.700000,4,829,5278.46,6000.1,121.358,0.203184,0.548734,-0.198069,1415.88,-1190.81,-24.5052,1111.14,-27.8405,2463.47,0
20230101T000020.700000,3,830,1462.93,-256.522,207.892,0,0,0,2500,0,0,2500,0,2500,0
20230101T000020.700000,3,831,6530.23,7486.17,574.978,0,0,0,2500,0,0,2500,0,2500,0
20230101T000020.700000,3,832,3860.58,3187.12,512.772,0,0,0,2500,0,0,2500,0,2500,0
20230101T000020.800000,6,1039,1397.29,-503.575,207.772,0,0,0,522.427,1083.77,-456.248,3139.05,164.429,3530.86,3.17479e+20
20230101T000020.800000,6,1040,7232.06,1923.16,349.564,0,0,0,6159.93,-22189,-4042.02,83701.4,-1074.86,89602,2.03577e+08
20230101T000020.800000,6,1041,8343.28,1541.34,96.1157,0,0,0,3877.32,-20561.6,-1282.36,111379,-236.903,115178,5.45082e+07
20230101T000020.800000,6,1042,6654.11,8671.86,-544.909,0,0,0,120521,-92065.3,5799.48,71182.7,7558.07,191165,1.29251e+07
20230101T000020.800000,6,1043,3554.31,4852.74,-358.021,0,0,0,37772.4,-27468.9,2033.79,20388,2776.75,57891.8,6.15649e+06
20230101T000020.800000,6,1044,5114.97,6119.97,-430.366,0,0,0,60074.6,-49908.3,3519.88,42072.7,4211.48,101787,7.0478e+08
20230101T000020.800000,6,1045,4515.55,5260.46,1045.86,0,0,0,45044.9,-37110.3,-7550.03,33667.9,-8795.52,76901.6,2.08553e+07
20230101T000020.800000,4,829,5273.11,6001.44,107.939,-5.76729,-4.79626,-2.92099,1412.14,-1209.4,-24.6366,1101.87,-27.9945,2475.77,0
20230101T000020.800000,3,833,1397.29,-503.575,207.772,0,0,0,2500,0,0,2500,0,2500,0
20230101T000020.800000,3,834,7232.06,1923.16,349.564,0,0,0,2500,0,0,2500,0,2500,0
20230101T000020.800000,3,835,8343.28,1541.34,96.1157,0,0,0,2500,0,0,2500,0,2500,0
20230101T000020.800000,3,836,6654.11,8671.86,-544.909,0,0,0,2500,0,0,2500,0,2500,0
20230101T000020.800000,3,837,3554.31,4852.74,-358.021,0,0,0,2500,0,0,2500,0,2500,0
20230101T000020.800000,3,838,4515.55,5260.46,1045.86,0,0,0,2500,0,0,2500,0,2500,0
20230101T000020.900000,6,1046,1283.93,-744.909,214.116,0,0,0,989.609,1471.2,-432.033,2671.82,250.657,3526.68,3.35441e+18
20230101T000020.900000,6,1047,7401.05,-855.346,-831.684,0,0,0,2325.09,9995.29,9841.52,87656.2,-1137.39,88812.1,2.30179e+08
20230101T000020.900000,6,1048,8435.98,787.396,346.035,0,0,0,1245.26,-10604.3,-4668.04,113867,-435.704,114857,6.80459e+07
20230101T000020.900000,6,1049,2308.57,796.309,-442.287,0,0,0,1349.66,-2825.75,1623.07,8567.04,559.855,9543.77,4.79146e+07
20230101T000020.900000,6,1050,3294.94,2019.62,853.64,0,0,0,7418.05,-10100.6,-4488.81,17705.7,-2751.4,23899.7,1.71735e+07
20230101T000020.900000,6,1051,11059.3,3083.62,1082.67,0,0,0,17012.9,-54062.5,-19151.9,195832,-5340.04,210907,4.64891e+06
20230101T000020.900000,6,1052,8857.6,4634.76,1016.58,0,0,0,35717.4,-64979.3,-14401.4,125900,-7535.58,159901,383889
20230101T000020.900000,6,1053,10865.2,5131.9,499.812,0,0,0,42517.2,-89035.6,-8686.49,188969,-4102.84,231023,8.05441e+06
20230101T000020.900000,6,1054,7438.81,2860.1,549.823,0,0,0,13565.2,-33857.9,-6539.94,88607.9,-2514.5,101626,7.80886e+08
20230101T000020.900000,6,1055,7718.02,2166.71,681.19,0,0,0,8258.52,-26546.6,-8406.71,95367.4,-2360.05,102820,178004
20230101T000020.900000,6,1056,7247.7,4118.68,2017.96,0,0,0,32112.4,-44936.8,-23388.2,85651.9,-13290.9,111192,1.54492e+06
20230101T000020.900000,6,1057,4779.29,1070.41,651.971,0,0,0,2540.74,-8026.82,-4977.36,36582.1,-1114.77,38381,1.17506e+06
20230101T000020.900000,6,1058,4658.09,2641.72,1125.76,0,0,0,12746.6,-18792.2,-8378.99,35224.8,-4751.94,45885.1,58945.9
20230101T000020.900000,6,1059,6059.68,2303.46,650.952,0,0,0,9137.21,-22086.9,-6305.35,58845.2,-2396.84,67241.7,3.57354e+07
20230101T000020.900000,6,1060,7746.79,4499.88,517.518,0,0,0,32766.3,-55561.5,-6411.38,96144.6,-3724.18,128419,1.5532e+06
20230101T000020.900000,6,1061,15.8916,3.31162,-1.32052,0,0,0,60.9534,12.6141,-5.02968,3.05024,-1.04812,0.84235,1.75182e+06
20230101T000020.900000,6,1062,1956.23,2233.21,175.278,0,0,0,8028.62,-6933.93,-546.134,6186.86,-623.46,14102.8,2.8052e+07
20230101T000020.900000,6,1063,3564.26,2473.37,1001.41,0,0,0,10912.1,-13325.2,-5699.31,20867.6,-3954.96,30117.7,1.62141e+07
20230101T000020.900000,6,1064,7769.1,6204.2,-593.996,0,0,0,61971,-76815.4,7380.73,96819,5894.05,158162,2.19491e+07
20230101T000020.900000,6,1065,6162.3,8996.29,942.161,0,0,0,129967,-88008.8,-9286.3,61768.2,-13557,190252,1.5727e+07
20230101T000020.900000,6,1066,5423.38,4017.84,1878.08,0,0,0,29510.9,-32136.6,-16283.6,49081.6,-12063.5,72894.3,1.63646e+07
20230101T000020.900000,6,1067,3833.78,3171.83,794.379,0,0,0,16733.2,-18929.6,-4865.09,23952.3,-4025.06,39615,5.16912e+06
20230101T000020.900000,6,1068,6943.71,5656.59,-555.653,0,0,0,51530.5,-62571.2,6170.2,77366.6,5026.46,128340,1.45072e+06
20230101T000020.900000,6,1069,4385.68,3352.42,290.414,0,0,0,18107.4,-23428.3,-2035.2,30848.1,-1555.71,48756.9,1.12052e+06
20230101T000020.900000,6,1070,7379.99,5538.26,-2129.36,0,0,0,53755.7,-61883.7,25132.3,89778.3,18860.4,136222,3.96793e+07
20230101T000020.900000,6,1071,4942.8,3242.02,447.654,0,0,0,17085.8,-25463.2,-3536.23,39205.6,-2319.44,55907.5,746522
20230101T000020.900000,6,1072,4287.55,4186.19,620.501,0,0,0,28386.5,-28378,-4251.99,29744.5,-4151.48,57452.3,2.53617e+07
20230101T000020.900000,4,832,3863.84,3190.23,530.388,0.626965,0.5981,3.38759,1041.48,-1155.95,-186.101,1487.39,-153.636,2418.51,0
20230101T000020.900000,4,835,8341.11,1524.35,101.424,-0.214557,-1.68186,0.525603,142.201,-430.191,-26.8262,2391.36,-4.95588,2470.53,0
20230101T000020.900000,3,839,1283.93,-744.909,214.116,0,0,0,2500,0,0,2500,0,2500,0
20230101T000020.900000,3,840,7401.05,-855.346,-831.684,0,0,0,2500,0,0,2500,0,2500,0
20230101T000020.900000,3,841,2308.57,796.309,-442.287,0,0,0,2500,0,0,2500,0,2500,0
20230101T000020.900000,3,842,3294.94,2019.62,853.64,0,0,0,2500,0,0,2500,0,2500,0
20230101T000020.900000,3,843,11059.3,3083.62,1082.67,0,0,0,2500,0,0,2500,0,2500,0
20230101T000020.900000,3,844,8857.6,4634.76,1016.58,0,0,0,2500,0,0,2500,0,2500,0
20230101T000020.900000,3,845,10865.2,5131.9,499.812,0,0,0,2500,0,0,2500,0,2500,0
20230101T000020.900000,3,846,7438.81,2860.1,549.823,0,0,0,2500,0,0,2500,0,2500,0
20230101T000020.900000,3,847,7718.02,2166.71,681.19,0,0,0,2500,0,0,2500,0,2500,0
20230101T000020.900000,3,848,7247.7,4118.68,2017.96,0,0,0,2500,0,0,2500,0,2500,0
20230101T000020.900000,3,849,4779.29,1070.41,651.971,0,0,0,2500,0,0,2500,0,2500,0
20230101T000020.900000,3,850,4658.09,2641.72,1125.76,0,0,0,2500,0,0,2500,0,2500,0
20230101T000020.900000,3,851,6059.68,2303.46,650.952,0,0,0,2500,0,0,2500,0,2500,0
20230101T000020.900000,3,852,7746.79,4499.88,517.518,0,0,0,2500,0,0,2500,0,2500,0
20230101T000020.900000,3,853,15.8916,3.31162,-1.32052,0,0,0,2500,0,0,2500,0,2500,0
20230101T000020.900000,3,854,1956.23,2233.21,175.278,0,0,0,2500,0,0,2500,0,2500,0
20230101T000020.900000,3,855,3564.26,2473.37,1001.41,0,0,0,2500,0,0,2500,0,2500,0
20230101T000020.900000,3,856,7769.1,6204.2,-593.996,0,0,0,2500,0,0,2500,0,2500,0
20230101T000020.900000,3,857,6162.3,8996.29,942.161,0,0,0,2500,0,0,2500,0,2500,0
20230101T000020.900000,3,858,5423.37,4017.84,1878.08,0,0,0,2500,0,0,2500,0,2500,0
20230101T000020.900000,3,859,6943.71,5656.59,-555.653,0,0,0,2500,0,0,2500,0,2500,0
20230101T000020.900000,3,860,4385.68,3352.42,290.414,0,0,0,2500,0,0,2500,0,2500,0
20230101T000020.900000,3,861,7379.99,5538.26,-2129.36,0,0,0,2500,0,0,2500,0,2500,0
20230101T000020.900000,3,862,4942.8,3242.02,447.654,0,0,0,2500,0,0,2500,0,2500,0
20230101T000020.900000,3,863,4287.55,4186.19,620.501,0,0,0,2500,0,0,2500,0,2500,0
20230101T000021,6,1073,1140.62,-950.142,213.154,0,0,0,1524.37,1667.42,-382.088,2137.1,318.28,3527.36,1.55465e+20
20230101T000021,6,1074,7490.92,-254.617,-166.639,0,0,0,212.001,3048.03,1995.82,89782.3,-67.8381,89885.9,2.51581e+08
20230101T000021,6,1075,3034.91,1679.79,31.6638,0,0,0,4564.95,-8129.04,-153.244,14752.4,-84.8191,19251.8,8.78256e+06
20230101T000021,6,1076,4276.34,1159.69,-368.244,0,0,0,2413.13,-7863.93,2514.48,29278.5,681.897,31411.6,2.16225e+06
20230101T000021,6,1077,4160.21,1743.3,479.342,0,0,0,5229.07,-11450.3,-3184.45,27756.1,-1334.41,32554.9,6.97691e+06
20230101T000021,6,1078,9721.22,3778.98,732.65,0,0,0,23650.5,-58466.5,-11391.4,151325,-4428.25,174053,2.47403e+06
20230101T000021,6,1079,4365.96,2500.83,94.8865,0,0,0,10065.7,-17435.8,-661.786,30517.9,-379.073,40505.2,2.511e+06
20230101T000021,6,1080,8403.28,3076.44,-646.599,0,0,0,15789.2,-41127,8689.37,113071,3181.18,128128,1.47922e+07
20230101T000021,6,1081,6522.09,2462.25,-740.505,0,0,0,10523.6,-25383.6,7721.13,68177.6,2914.91,77761.2,4.40728e+06
20230101T000021,6,1082,10917.1,3326.99,824.736,0,0,0,18764.2,-57792.6,-14401.6,190792,-4388.88,208404,3.71759e+07
20230101T000021,6,1083,2585.69,2312.47,-8.78082,0,0,0,8591.62,-9535.05,36.2064,10725.8,32.3805,19253.3,8.95398e+06
20230101T000021,6,1084,10.5255,12.2941,1.81828,0,0,0,26.9761,31.0193,4.58733,36.6506,5.35814,1.21684,3.96486e+07
20230101T000021,6,1085,5224.47,6039.02,116.741,0,0,0,58388.4,-50438.6,-975.244,43721.2,-1127.3,102024,8.82835e+08
20230101T000021,6,1086,4425.73,5941.21,-157.708,0,0,0,56513.7,-42021,1115.94,31406.1,1498.07,87816.1,1.58368e+06
20230101T000021,6,1087,5587.86,6270.57,1195.7,0,0,0,63952.3,-54895.1,-10684.3,51268.7,-11989.7,112872,2.8441e+07
20230101T000021,6,1088,3683.44,5268.77,235.474,0,0,0,44465.9,-30979.8,-1386.42,21810.8,-1983.13,66124.2,1.99808e+06
20230101T000021,6,1089,3650.31,4112.53,650.662,0,0,0,27386.9,-23651.6,-3795.23,21733.8,-4275.8,48381.1,2.08241e+06
20230101T000021,4,829,5269.79,6000.45,107.624,-9.25771,-7.9061,-2.8883,1541.15,-1313.76,-24.3771,1201.06,-27.6764,2695.27,0
20230101T000021,4,840,7405.46,-839.045,-813.64,0.437339,1.61396,1.78655,123.029,269.531,262.167,2424.05,-30.2989,2426.57,0
20230101T000021,4,843,10975,3063.48,1071.53,-8.34565,-1.99347,-1.10289,257.801,-623.825,-219.051,2321.19,-61.0771,2473.94,0
20230101T000021,4,853,13.9643,13.8073,1.81275,-0.190823,1.03918,0.310225,59.4472,12.3002,-4.90452,2.98476,-1.02204,0.831878,0
20230101T000021,3,864,1140.62,-950.142,213.154,0,0,0,2500,0,0,2500,0,2500,0
20230101T000021,3,865,3034.91,1679.79,31.6638,0,0,0,2500,0,0,2500,0,2500,0
20230101T000021,3,866,4276.34,1159.69,-368.244,0,0,0,2500,0,0,2500,0,2500,0
20230101T000021,3,867,4160.21,1743.3,479.342,0,0,0,2500,0,0,2500,0,2500,0
20230101T000021,3,868,9721.22,3778.98,732.65,0,0,0,2500,0,0,2500,0,2500,0
20230101T000021,3,869,4365.96,2500.83,94.8865,0,0,0,2500,0,0,2500,0,2500,0
20230101T000021,3,870,8403.28,3076.44,-646.599,0,0,0,2500,0,0,2500,0,2500,0
20230101T000021,3,871,6522.09,2462.25,-740.505,0,0,0,2500,0,0,2500,0,2500,0
20230101T000021,3,872,2585.69,2312.47,-8.78082,0,0,0,2500,0,0,2500,0,2500,0
20230101T000021,3,873,4425.73,5941.21,-157.708,0,0,0,2500,0,0,2500,0,2500,0
20230101T000021,3,874,5587.86,6270.57,1195.7,0,0,0,2500,0,0,2500,0,2500,0
20230101T000021,3,875,3683.44,5268.77,235.474,0,0,0,2500,0,0,2500,0,2500,0
20230101T000021,3,876,3650.31,4112.53,650.662,0,0,0,2500,0,0,2500,0,2500,0
