20230101T000000.100000,6,0,2082.16,-2121.99,-376.167,0,0,0,7346.49,6924.65,1247.6,7084.09,-1271.47,14142.2,1.13505e+17
20230101T000000.100000,6,1,1151.87,-1568.34,401.573,0,0,0,4047.4,2738.04,-732.596,2330.36,997.473,6060.97,1.88259e+17
20230101T000000.100000,6,2,5969.12,-6290.67,-998.799,0,0,0,64102.1,59251.1,9534.12,57881.8,-10047.7,120325,2.4866e+17
20230101T000000.100000,6,3,1274.53,-641.429,-134.609,0,0,0,732.038,1270.91,269.155,2617.75,-135.457,3257.92,1.73798e+17
20230101T000000.100000,6,4,2041.91,363.724,-111.258,0,0,0,292.722,-1173.87,360.115,6673.63,64.147,6882.91,9.11847e+17
20230101T000000.100000,6,5,7645.27,-369.565,57.9986,0,0,0,287.742,4517.33,-708.979,93520.3,34.2714,93738.7,2.29063e+17
20230101T000000.100000,6,6,2546.24,2125.5,-191.936,0,0,0,7300.74,-8598.89,779.109,10423.8,650.369,17602,1.14945e+17
20230101T000000.100000,6,7,2808.5,2553.27,490.548,0,0,0,10676,-11250.4,-2198.31,12823,-1998.53,23052.1,1.54124e+17
20230101T000000.100000,6,8,2755.27,3549.88,106.121,0,0,0,20193.5,-15609.7,-466.899,12197.6,-601.551,32309.1,1.23606e+17
20230101T000000.100000,6,9,6701.7,9640.44,-168.594,0,0,0,148736,-103320,1807.26,71934.2,2599.75,220561,2.27439e+17
20230101T000000.100000,6,10,187.61,225.311,-63.125,0,0,0,108.879,-34.4214,10.5221,96.2021,12.6366,140.376,7.41871e+26
20230101T000000.100000,3,0,2082.16,-2121.99,-376.167,0,0,0,2500,0,0,2500,0,2500,0
20230101T000000.100000,3,1,1151.87,-1568.34,401.573,0,0,0,2500,0,0,2500,0,2500,0
20230101T000000.100000,3,2,5969.12,-6290.67,-998.799,0,0,0,2500,0,0,2500,0,2500,0
20230101T000000.100000,3,3,1274.53,-641.429,-134.609,0,0,0,2500,0,0,2500,0,2500,0
20230101T000000.100000,3,4,2041.91,363.724,-111.258,0,0,0,2500,0,0,2500,0,2500,0
20230101T000000.100000,3,5,7645.27,-369.565,57.9986,0,0,0,2500,0,0,2500,0,2500,0
20230101T000000.100000,3,6,2546.24,2125.5,-191.936,0,0,0,2500,0,0,2500,0,2500,0
20230101T000000.100000,3,7,2808.5,2553.27,490.548,0,0,0,2500,0,0,2500,0,2500,0
20230101T000000.100000,3,8,2755.27,3549.88,106.121,0,0,0,2500,0,0,2500,0,2500,0
20230101T000000.100000,3,9,6701.7,9640.44,-168.594,0,0,0,2500,0,0,2500,0,2500,0
20230101T000000.100000,3,10,187.61,225.311,-63.125,0,0,0,2500,0,0,2500,0,2500,0
20230101T000000.200000,6,11,824.911,-900.056,36.8393,0,0,0,1326.34,1155.02,-47.3191,1124.7,51.6296,2384.99,9.50678e+16
20230101T000000.200000,6,12,2564.04,-1143.87,-235.48,0,0,0,2220.49,4636.02,961.181,10544.1,-428.801,12612.8,1.09069e+17
20230101T000000.200000,6,13,3013.53,-1535.56,382.697,0,0,0,4008.9,7283.57,-1838.86,14591.5,936.999,18303.7,9.8645e+17
20230101T000000.200000,6,14,10531.2,177.33,-1410.68,0,0,0,3296.29,-2933.35,23761.4,177451,400.108,177502,5.32457e+17
20230101T000000.200000,6,15,8206.62,1633.03,-241.182,0,0,0,4417.88,-21412.6,3165.05,107764,629.81,112025,2.02085e+17
20230101T000000.200000,6,16,5810.08,2552.1,406.139,0,0,0,10695.8,-23603.9,-3771.78,54064.2,-1656.77,64432.5,6.30021e+17
20230101T000000.200000,6,17,8401.99,8163.41,671.16,0,0,0,107029,-109350,-9019.9,113330,-8763.77,219576,7.76458e+17
20230101T000000.200000,6,18,225.633,187.663,-61.8843,0,0,0,96.1898,-34.6116,12.407,109.018,10.3191,140.529,6.45624e+25
20230101T000000.200000,6,19,6430.41,6186.99,147.169,0,0,0,61297.4,-63606.5,-1513.41,66207.7,-1456.12,127406,1.21377e+17
20230101T000000.200000,4,10,226.813,193.018,-61.9519,3.88148,-3.19735,0.116149,103.923,-31.8402,9.70865,92.197,11.6596,132.889,0
20230101T000000.200000,3,11,824.911,-900.056,36.8393,0,0,0,2500,0,0,2500,0,2500,0
20230101T000000.200000,3,12,2564.04,-1143.87,-235.48,0,0,0,2500,0,0,2500,0,2500,0
20230101T000000.200000,3,13,3013.53,-1535.56,382.697,0,0,0,2500,0,0,2500,0,2500,0
20230101T000000.200000,3,14,10531.2,177.33,-1410.68,0,0,0,2500,0,0,2500,0,2500,0
20230101T000000.200000,3,15,8206.62,1633.03,-241.182,0,0,0,2500,0,0,2500,0,2500,0
20230101T000000.200000,3,16,5810.08,2552.1,406.139,0,0,0,2500,0,0,2500,0,2500,0
20230101T000000.200000,3,17,8401.99,8163.41,671.16,0,0,0,2500,0,0,2500,0,2500,0
20230101T000000.200000,3,18,6430.41,6186.99,147.169,0,0,0,2500,0,0,2500,0,2500,0
20230101T000000.300000,6,20,1511.71,-1789.57,-297.801,0,0,0,5209.44,4227.51,715.136,3775.99,-846.584,8781.57,2.16175e+17
20230101T000000.300000,6,21,938.358,-803.365,77.9647,0,0,0,1075.03,1169.85,-113.998,1439.9,97.5981,2441.71,1.96538e+17
20230101T000000.300000,6,22,5600.57,-7688.35,-776.545,0,0,0,94933.7,68405.1,6955.49,50858,-9548.37,144764,2.67053e+17
20230101T000000.300000,6,23,3142.57,92.1235,-448.66,0,0,0,398.044,-451.936,2246.96,15801.5,65.8691,15816,1.70669e+17
20230101T000000.300000,6,24,5462.41,2596.26,1591.16,0,0,0,14138.1,-21097.2,-13892.3,48498.2,-6602.94,58529.7,1.26629e+17
20230101T000000.300000,6,25,253.849,146.349,-63.9607,0,0,0,85.0313,-30.1752,14.4257,119.975,8.31668,140.282,1.23365e+26
20230101T000000.300000,6,26,5421.62,2484.64,-862.026,0,0,0,10911.8,-21079.2,7469.48,47247.6,3423.14,56909.1,1.58098e+17
20230101T000000.300000,6,27,4810.92,4941.45,1011.74,0,0,0,39896.1,-37186.8,-7781.47,37905,-7992.58,76102,2.14279e+17
20230101T000000.300000,4,11,891.172,-860.02,57.945,6.56054,3.96404,2.08967,695.549,579.3,-23.7225,594.412,25.8835,1226,0
20230101T000000.300000,3,19,1511.71,-1789.57,-297.801,0,0,0,2500,0,0,2500,0,2500,0
20230101T000000.300000,3,20,5600.57,-7688.35,-776.545,0,0,0,2500,0,0,2500,0,2500,0
20230101T000000.300000,3,21,3142.57,92.1235,-448.66,0,0,0,2500,0,0,2500,0,2500,0
20230101T000000.300000,3,22,5462.41,2596.26,1591.16,0,0,0,2500,0,0,2500,0,2500,0
20230101T000000.300000,3,23,253.849,146.349,-63.9607,0,0,0,2500,0,0,2500,0,2500,0
20230101T000000.300000,3,24,5421.62,2484.64,-862.026,0,0,0,2500,0,0,2500,0,2500,0
20230101T000000.300000,3,25,4810.92,4941.45,1011.74,0,0,0,2500,0,0,2500,0,2500,0
20230101T000000.400000,6,28,1653.33,-1208.96,125.505,0,0,0,2396.51,3155.72,-328.848,4404.6,240.463,6712.39,1.44792e+17
20230101T000000.400000,6,29,11304,-2028.48,-554.596,0,0,0,7122.2,36591.1,10027.6,204465,-1799.44,211031,2.20914e+17
20230101T000000.400000,6,30,11133.3,-4439.64,-123.495,0,0,0,31612.9,79054.1,2199.24,198333,-876.995,229857,2.17907e+17
20230101T000000.400000,6,31,8012.29,-45.5325,67.8116,0,0,0,74.6677,583.306,-868.78,102715,4.93713,102718,1.53991e+17
20230101T000000.400000,6,32,6814.36,-561.475,-840.932,0,0,0,1690.86,6023.99,9160.94,74304.9,-754.823,74802.2,1.74046e+17
20230101T000000.400000,6,33,2465.3,1644.59,-56.6559,0,0,0,4375.3,-6455.14,222.46,9745.61,148.402,14051.8,1.6104e+17
20230101T000000.400000,6,34,276.028,99.162,-62.6208,0,0,0,75.5032,-22.3223,15.3572,129.62,5.51701,140.43,1.44015e+26
20230101T000000.400000,6,35,8005.88,3934.61,-605.308,0,0,0,25293.4,-50142.8,7749.75,102677,3808.73,127321,2.21074e+17
20230101T000000.400000,6,36,2394.79,1740.65,-143.904,0,0,0,4911.25,-6623.47,548.882,9209.54,398.955,14024,1.60226e+17
20230101T000000.400000,6,37,2498.97,2372.76,-213.988,0,0,0,9080.05,-9418.73,852.729,10056.8,809.662,19000,2.26204e+17
20230101T000000.400000,4,6,2625.51,2228.69,-201.158,21.8166,28.401,-2.53841,1010.41,-1126.32,101.755,1419.48,84.9413,2353.07,0
20230101T000000.400000,4,23,278.804,103.61,-62.6937,2.47077,-4.23153,0.125448,81.8648,-27.9144,13.3104,114.19,7.67371,132.803,0
20230101T000000.400000,3,26,1653.33,-1208.96,125.505,0,0,0,2500,0,0,2500,0,2500,0
20230101T000000.400000,3,27,11304,-2028.48,-554.596,0,0,0,2500,0,0,2500,0,2500,0
20230101T000000.400000,3,28,11133.3,-4439.64,-123.495,0,0,0,2500,0,0,2500,0,2500,0
20230101T000000.400000,3,29,8012.29,-45.5325,67.8116,0,0,0,2500,0,0,2500,0,2500,0
20230101T000000.400000,3,30,6814.36,-561.475,-840.932,0,0,0,2500,0,0,2500,0,2500,0
20230101T000000.400000,3,31,2465.3,1644.59,-56.6559,0,0,0,2500,0,0,2500,0,2500,0
20230101T000000.400000,3,32,8005.88,3934.61,-605.308,0,0,0,2500,0,0,2500,0,2500,0
20230101T000000.400000,3,33,2394.79,1740.65,-143.904,0,0,0,2500,0,0,2500,0,2500,0
20230101T000000.500000,6,38,2675.94,-3296.1,-824.035,0,0,0,17839,13550.4,3520.56,12149,-4336.47,28842.2,1.06541e+18
20230101T000000.500000,6,39,6617.22,-5564.85,-1138.81,0,0,0,50800.4,57865,12050.8,70945.8,-10134.3,119609,5.57669e+17
20230101T000000.500000,6,40,6109.67,-6859.5,1597.79,0,0,0,77118.8,64995.3,-15611.9,62037.3,17527.9,135011,4.70499e+17
20230101T000000.500000,6,41,4448.4,-4900.31,-592.022,0,0,0,38702.9,34567,4209.87,32003.5,-4637.54,70082.6,1.47752e+17
20230101T000000.500000,6,42,2197.65,-1445.11,-206.839,0,0,0,3433.56,5020.74,723.116,7767.31,-475.502,11069.2,1.1833e+17
20230101T000000.500000,6,43,10017.1,-4315.66,2703.93,0,0,0,39717.3,64895.5,-43323,162387,18664.9,190350,2.16411e+17
20230101T000000.500000,6,44,2065.74,273.161,-60.8255,0,0,0,188.052,-893.767,199.189,6828.83,26.3396,6947.07,1.99043e+17
20230101T000000.500000,6,45,8567.54,1536.94,-1136.22,0,0,0,5841.63,-20698.5,15567.2,117511,2792.62,121225,1.60386e+17
20230101T000000.500000,6,46,288.884,50.8019,-62.5605,0,0,0,69.5825,-11.9711,16.0573,135.551,2.82377,140.441,1.6966e+25
20230101T000000.500000,6,47,289.133,49.0623,-62.6923,0,0,0,69.454,-11.5649,16.1031,135.645,2.73249,140.405,1.57635e+25
20230101T000000.500000,6,48,6804.06,8355.58,1238.92,0,0,0,112709,-89729.6,-13482.9,75587.1,-16557.4,185778,2.41755e+17
20230101T000000.500000,6,49,5628.66,8043.84,236.956,0,0,0,103576,-72369.4,-2133.11,50794.1,-3048.4,154216,1.57266e+17
20230101T000000.500000,6,50,3215.74,3884.03,-626.266,0,0,0,24418,-19644.8,3217.26,16955.3,3885.87,40683.7,1.32528e+17
20230101T000000.500000,3,34,2675.94,-3296.1,-824.035,0,0,0,2500,0,0,2500,0,2500,0
20230101T000000.500000,3,35,6617.22,-5564.85,-1138.81,0,0,0,2500,0,0,2500,0,2500,0
20230101T000000.500000,3,36,6109.67,-6859.5,1597.79,0,0,0,2500,0,0,2500,0,2500,0
20230101T000000.500000,3,37,4448.4,-4900.31,-592.022,0,0,0,2500,0,0,2500,0,2500,0
20230101T000000.500000,3,38,2197.65,-1445.11,-206.839,0,0,0,2500,0,0,2500,0,2500,0
20230101T000000.500000,3,39,10017.1,-4315.66,2703.93,0,0,0,2500,0,0,2500,0,2500,0
20230101T000000.500000,3,40,2065.74,273.161,-60.8255,0,0,0,2500,0,0,2500,0,2500,0
20230101T000000.500000,3,41,8567.54,1536.94,-1136.22,0,0,0,2500,0,0,2500,0,2500,0
20230101T000000.500000,3,42,288.884,50.8019,-62.5605,0,0,0,2500,0,0,2500,0,2500,0
20230101T000000.500000,3,43,289.133,49.0623,-62.6923,0,0,0,2500,0,0,2500,0,2500,0
20230101T000000.500000,3,44,6804.06,8355.58,1238.92,0,0,0,2500,0,0,2500,0,2500,0
20230101T000000.500000,3,45,5628.66,8043.84,236.956,0,0,0,2500,0,0,2500,0,2500,0
20230101T000000.500000,3,46,3215.74,3884.03,-626.266,0,0,0,2500,0,0,2500,0,2500,0
20230101T000000.600000,6,51,1436.85,-1143.83,-204.833,0,0,0,2173.13,2566.11,465.387,3353.84,-370.478,5397.41,6.35726e+17
20230101T000000.600000,6,52,3362.5,-3348.54,132.148,0,0,0,17986.4,17969.1,-709.694,18136,706.747,36030.6,9.57284e+17
20230101T000000.600000,6,53,2727.85,-754.233,-142.074,0,0,0,999.495,3267.2,617.002,11912.7,-170.597,12816.2,1.70853e+17
20230101T000000.600000,6,54,8981.64,-3917.84,649.508,0,0,0,25179.8,56031.1,-9329.96,129190,4069.78,153631,1.45449e+17
20230101T000000.600000,6,55,11003.6,854.965,2510.71,0,0,0,11255.4,-14268.7,-44189.3,193788,-3433.44,194900,1.46699e+17
20230101T000000.600000,6,56,293.203,0.0165829,-62.8784,0,0,0,67.5119,-0.0039611,16.3762,137.548,0.000926202,140.362,1.58094e+26
20230101T000000.600000,6,57,10495.2,989.417,-1832.87,0,0,0,6955.61,-16106.6,30767.4,176287,2900.55,177807,1.32344e+17
20230101T000000.600000,6,58,11735.3,3107.55,-1349.13,0,0,0,18231.5,-57612.4,25325.2,220542,6706.2,235799,3.80518e+17
20230101T000000.600000,6,59,7175.61,2818.89,1718.74,0,0,0,16861.2,-30734.3,-19720.1,83023,-7746.93,95099.8,1.25675e+17
20230101T000000.600000,6,60,5073.61,3377.77,-1286.56,0,0,0,20132.4,-26170,10433.2,42018.6,6945.95,59444,5.60485e+17
20230101T000000.600000,6,61,6429.65,1430.48,-1046.63,0,0,0,5003.54,-14331.2,10757.5,66230.3,2393.34,69420.3,8.43094e+17
20230101T000000.600000,6,62,7895.67,5031.34,191.729,0,0,0,40590.3,-63505.7,-2421.02,99782.1,-1542.74,140250,2.17575e+17
20230101T000000.600000,4,43,296.891,2.98002,-62.8683,0.768154,-4.56261,-0.0174229,67.4548,-10.6973,14.8582,128.681,2.52126,132.916,0
20230101T000000.600000,3,47,1436.85,-1143.83,-204.833,0,0,0,2500,0,0,2500,0,2500,0
20230101T000000.600000,3,48,3362.49,-3348.54,132.148,0,0,0,2500,0,0,2500,0,2500,0
20230101T000000.600000,3,49,2727.85,-754.233,-142.074,0,0,0,2500,0,0,2500,0,2500,0
20230101T000000.600000,3,50,8981.64,-3917.84,649.508,0,0,0,2500,0,0,2500,0,2500,0
20230101T000000.600000,3,51,11003.6,854.965,2510.71,0,0,0,2500,0,0,2500,0,2500,0
20230101T000000.600000,3,52,10495.2,989.417,-1832.87,0,0,0,2500,0,0,2500,0,2500,0
20230101T000000.600000,3,53,11735.3,3107.55,-1349.13,0,0,0,2500,0,0,2500,0,2500,0
20230101T000000.600000,3,54,7175.61,2818.89,1718.74,0,0,0,2500,0,0,2500,0,2500,0
20230101T000000.600000,3,55,5073.61,3377.77,-1286.56,0,0,0,2500,0,0,2500,0,2500,0
20230101T000000.600000,3,56,6429.65,1430.48,-1046.63,0,0,0,2500,0,0,2500,0,2500,0
20230101T000000.600000,3,57,7895.67,5031.34,191.729,0,0,0,2500,0,0,2500,0,2500,0
20230101T000000.700000,6,63,1309.54,-1041.27,-121.331,0,0,0,1788.22,2139.25,250.606,2777.63,-199.267,4478.96,2.60187e+17
20230101T000000.700000,6,64,5444.62,-8667.42,-1476.71,0,0,0,121204,73905.5,12859.4,49977,-20471.2,167630,2.08589e+17
20230101T000000.700000,6,65,8218.19,-5100.93,-1135.97,0,0,0,43167.2,66119.2,14930.7,108654,-9267.29,149694,1.04808e+17
20230101T000000.700000,6,66,3669.88,-3445.53,51.2521,0,0,0,19030.9,20197.5,-300.468,21580.8,282.099,40543.6,2.56759e+18
20230101T000000.700000,6,67,2129.81,-1246.75,-193.563,0,0,0,2579.04,4194.68,655.298,7289.3,-383.598,9745.17,1.90462e+17
20230101T000000.700000,6,68,2284.77,-1070.14,228.932,0,0,0,1953.15,3855.45,-831.675,8378.8,389.54,10185.1,6.47126e+17
20230101T000000.700000,6,69,288.579,-52.6975,-62.422,0,0,0,69.7283,12.4101,16.0052,135.421,-2.92271,140.46,2.07984e+25
20230101T000000.700000,6,70,9975.79,-4494.49,241.428,0,0,0,32451.4,71678.9,-3852.21,159253,1735.57,191547,1.26541e+17
20230101T000000.700000,6,71,288.449,-52.7462,-62.9676,0,0,0,69.7895,12.3956,16.1377,135.309,-2.95096,140.397,2.13605e+25
20230101T000000.700000,6,72,7220.27,2096.74,-289.575,0,0,0,7216.81,-24169.5,3342.93,83427.1,970.778,90445.9,1.3047e+17
20230101T000000.700000,6,73,7720.35,3462,360.45,0,0,0,19402.9,-42663,-4449.99,95411.5,-1995.49,114543,1.36469e+17
20230101T000000.700000,6,74,6614.58,1656.62,858.358,0,0,0,5559.57,-17239.9,-9076.59,70077.6,-2273.23,74396.3,1.92026e+17
20230101T000000.700000,6,75,8641.87,2225.7,-943.121,0,0,0,9319.99,-30415.7,13034.1,119583,3356.9,127418,2.21271e+17
20230101T000000.700000,6,76,5996.29,6906.27,-346.848,0,0,0,76424.6,-66132.3,3326.1,57675.1,3830.85,133843,2.69895e+17
20230101T000000.700000,4,42,306.029,-46.5064,-62.4293,3.29706,-18.7132,0.0252315,67.6298,-11.0973,14.8496,128.783,2.61138,133.154,0
20230101T000000.700000,3,58,1309.54,-1041.27,-121.331,0,0,0,2500,0,0,2500,0,2500,0
20230101T000000.700000,3,59,5444.62,-8667.42,-1476.71,0,0,0,2500,0,0,2500,0,2500,0
20230101T000000.700000,3,60,8218.19,-5100.93,-1135.97,0,0,0,2500,0,0,2500,0,2500,0
20230101T000000.700000,3,61,3669.88,-3445.53,51.2521,0,0,0,2500,0,0,2500,0,2500,0
20230101T000000.700000,3,62,2129.81,-1246.75,-193.563,0,0,0,2500,0,0,2500,0,2500,0
20230101T000000.700000,3,63,2284.77,-1070.14,228.932,0,0,0,2500,0,0,2500,0,2500,0
20230101T000000.700000,3,64,9975.79,-4494.49,241.428,0,0,0,2500,0,0,2500,0,2500,0
20230101T000000.700000,3,65,288.449,-52.7462,-62.9676,0,0,0,2500,0,0,2500,0,2500,0
20230101T000000.700000,3,66,7220.27,2096.74,-289.575,0,0,0,2500,0,0,2500,0,2500,0
20230101T000000.700000,3,67,7720.35,3462,360.45,0,0,0,2500,0,0,2500,0,2500,0
20230101T000000.700000,3,68,6614.58,1656.62,858.358,0,0,0,2500,0,0,2500,0,2500,0
20230101T000000.700000,3,69,8641.87,2225.7,-943.121,0,0,0,2500,0,0,2500,0,2500,0
20230101T000000.700000,3,70,5996.29,6906.27,-346.848,0,0,0,2500,0,0,2500,0,2500,0
20230101T000000.800000,6,77,6680.93,-6112.04,-38.0107,0,0,0,59807.3,65301.5,406.117,71445.9,-371.536,131187,1.86897e+17
20230101T000000.800000,6,78,3908.98,-1027.8,490.508,0,0,0,2109.25,6318.04,-3060.41,24477.2,804.682,26139.3,1.3788e+17
20230101T000000.800000,6,79,275.833,-99.5853,-62.6448,0,0,0,75.5714,22.395,15.3493,129.516,-5.54165,140.394,8.01158e+25
20230101T000000.800000,6,80,7261.61,-3323.17,-410.191,0,0,0,17945,38484.5,4762.86,84427.2,-2179.66,102039,2.61707e+17
20230101T000000.800000,6,81,4793.35,-1622.49,736.402,0,0,0,5046.64,12160.9,-5639.09,36857.6,1908.76,40975.2,1.37547e+17
20230101T000000.800000,6,82,10715.2,-1680.18,84.0993,0,0,0,4590.29,28794,-1441.34,183707,226.006,188222,1.02541e+17
20230101T000000.800000,6,83,2589.06,1103.04,135.038,0,0,0,2025.47,-4535.81,-556.574,10739.5,-237.123,12672,2.25623e+17
20230101T000000.800000,6,84,1939.79,537.928,-303.513,0,0,0,657.961,-1615.48,932.91,6035.46,258.707,6484.87,2.43188e+17
20230101T000000.800000,6,85,8299.03,4795.28,-47.3943,0,0,0,36842.2,-63644.6,629.049,110215,363.472,146990,5.97053e+17
20230101T000000.800000,6,86,2066.14,373.923,-202.44,0,0,0,348.6,-1213.52,663.213,6834.36,120.026,7054.57,1.49376e+18
20230101T000000.800000,6,87,7088.93,1229.52,-1211.95,0,0,0,4760.65,-13539.3,13736,80475,2382.39,82825.1,1.66422e+17
20230101T000000.800000,6,88,4582.75,4321.14,-223.358,0,0,0,29951.7,-31612.6,1636.1,33670.2,1542.7,63478.2,2.37685e+17
20230101T000000.800000,4,40,2084.98,303.874,-100.804,5.29639,8.45314,-11.0034,96.6789,-246.032,54.7982,1924.72,7.24621,1956.11,0
20230101T000000.800000,4,65,280.189,-98.052,-62.662,-0.817805,-4.48573,0.0302554,67.765,11.4659,14.89,128.371,-2.72281,132.909,0
20230101T000000.800000,3,71,6680.93,-6112.04,-38.0107,0,0,0,2500,0,0,2500,0,2500,0
20230101T000000.800000,3,72,3908.98,-1027.8,490.508,0,0,0,2500,0,0,2500,0,2500,0
20230101T000000.800000,3,73,7261.61,-3323.17,-410.191,0,0,0,2500,0,0,2500,0,2500,0
20230101T000000.800000,3,74,4793.35,-1622.49,736.402,0,0,0,2500,0,0,2500,0,2500,0
20230101T000000.800000,3,75,10715.2,-1680.18,84.0993,0,0,0,2500,0,0,2500,0,2500,0
20230101T000000.800000,3,76,2589.06,1103.04,135.038,0,0,0,2500,0,0,2500,0,2500,0
20230101T000000.800000,3,77,1939.79,537.928,-303.513,0,0,0,2500,0,0,2500,0,2500,0
20230101T000000.800000,3,78,8299.03,4795.28,-47.3943,0,0,0,2500,0,0,2500,0,2500,0
20230101T000000.800000,3,79,7088.93,1229.52,-1211.95,0,0,0,2500,0,0,2500,0,2500,0
20230101T000000.800000,3,80,4582.75,4321.14,-223.358,0,0,0,2500,0,0,2500,0,2500,0
20230101T000000.900000,6,89,5986.77,-7249.05,-913.406,0,0,0,84645,68750.9,8745.45,58177.6,-10589.4,141425,1.70053e+17
20230101T000000.900000,6,90,4444.97,-3153.99,-645.614,0,0,0,16401.8,22086.5,4585.48,31857,-3253.69,47529.6,1.61361e+17
20230101T000000.900000,6,91,254.302,-145.904,-62.6834,0,0,0,84.8357,30.234,14.155,120.185,-8.12135,140.329,2.86808e+24
20230101T000000.900000,6,92,5606.92,-1999.66,39.8785,0,0,0,6456.87,17918.1,-357.349,50307.6,127.446,56697.9,6.77125e+17
20230101T000000.900000,6,93,4544.67,295.806,-229.744,0,0,0,287.665,-2141.33,1667.36,33047.1,108.526,33186.6,1.70762e+17
20230101T000000.900000,6,94,11892.2,-2334.79,2076.94,0,0,0,15427.6,43108.7,-39508.7,226538,7756.7,235003,1.60377e+17
20230101T000000.900000,6,95,877.725,-48.8045,-25.2406,0,0,0,68.5774,64.9378,33.6136,1232.84,-1.86903,1236.51,1.17343e+17
20230101T000000.900000,6,96,7477.96,-258.889,-511.002,0,0,0,588.161,3080.89,6109.66,89472.4,-211.518,89579.3,8.21333e+17
20230101T000000.900000,6,97,1199.61,502.882,-74.3983,0,0,0,466.413,-939.319,139.434,2313.37,58.4511,2707.34,1.88601e+17
20230101T000000.900000,6,98,10175.8,2987.87,984.921,0,0,0,15771.1,-48209.7,-16030.1,165804,-4706.84,179960,1.27666e+17
20230101T000000.900000,6,99,1754.23,1635.38,613.31,0,0,0,4633.29,-4260,-1710.19,5231.51,-1594.32,9206.82,1.59064e+17
20230101T000000.900000,6,100,2553.2,3036.93,422.921,0,0,0,14901.5,-12234.1,-1723.34,10634.8,-2049.85,25187.6,1.37198e+17
20230101T000000.900000,6,101,2211.87,2232.69,49.2235,0,0,0,8009.44,-7867.53,-173.496,7862.04,-175.129,15803.6,1.209e+17
20230101T000000.900000,6,102,8328.37,5605.93,1080.52,0,0,0,51611.5,-73806.6,-14392.7,111581,-9687.93,161262,2.2433e+17
20230101T000000.900000,3,81,5986.77,-7249.05,-913.406,0,0,0,2500,0,0,2500,0,2500,0
20230101T000000.900000,3,82,4444.98,-3153.99,-645.614,0,0,0,2500,0,0,2500,0,2500,0
20230101T000000.900000,3,83,254.302,-145.904,-62.6834,0,0,0,2500,0,0,2500,0,2500,0
20230101T000000.900000,3,84,5606.92,-1999.66,39.8785,0,0,0,2500,0,0,2500,0,2500,0
20230101T000000.900000,3,85,4544.67,295.806,-229.744,0,0,0,2500,0,0,2500,0,2500,0
20230101T000000.900000,3,86,11892.2,-2334.79,2076.94,0,0,0,2500,0,0,2500,0,2500,0
20230101T000000.900000,3,87,877.725,-48.8045,-25.2406,0,0,0,2500,0,0,2500,0,2500,0
20230101T000000.900000,3,88,7477.96,-258.889,-511.002,0,0,0,2500,0,0,2500,0,2500,0
20230101T000000.900000,3,89,1199.61,502.882,-74.3983,0,0,0,2500,0,0,2500,0,2500,0
20230101T000000.900000,3,90,10175.8,2987.87,984.921,0,0,0,2500,0,0,2500,0,2500,0
20230101T000000.900000,3,91,1754.23,1635.38,613.31,0,0,0,2500,0,0,2500,0,2500,0
20230101T000000.900000,3,92,2553.2,3036.93,422.921,0,0,0,2500,0,0,2500,0,2500,0
20230101T000000.900000,3,93,2211.87,2232.69,49.2235,0,0,0,2500,0,0,2500,0,2500,0
20230101T000000.900000,3,94,8328.37,5605.93,1080.52,0,0,0,2500,0,0,2500,0,2500,0
20230101T000001,6,103,226.305,-186.521,-63.2633,0,0,0,95.8934,34.3796,12.7267,109.27,-10.4894,140.452,8.36798e+23
20230101T000001,6,104,238.764,-265.954,-25.1591,0,0,0,142.044,69.439,6.61652,127.037,-7.36998,204.699,3.32115e+17
20230101T000001,6,105,1914.93,-976.275,36.6205,0,0,0,1577.46,2964.45,-111.23,5880.8,56.7075,7392.16,1.19091e+17
20230101T000001,6,106,3392.87,-1840.14,15.1274,0,0,0,5467.51,9962.39,-81.8998,18433.1,44.4188,23836.3,1.49137e+17
20230101T000001,6,107,5149.85,-1886.29,633.946,0,0,0,6315.58,15314.5,-5216.7,42517,1910.78,48127.2,1.69007e+17
20230101T000001,6,108,11022.6,-2090.61,-1617.25,0,0,0,11093,36092.6,28513.2,194543,-5407.98,201390,1.96718e+17
20230101T000001,6,109,8915.64,1578.68,110.974,0,0,0,4068.7,-22505.5,-1582.27,127184,-280.17,131169,1.21694e+17
20230101T000001,6,110,3255.01,930.265,120.861,0,0,0,1465.33,-4821.77,-627.251,16958.7,-179.265,18336.8,1.92043e+17
20230101T000001,6,111,1698.5,787.686,48.7269,0,0,0,1048.48,-2114.75,-130.91,4627.81,-60.7101,5608.58,1.07039e+17
20230101T000001,6,112,11103,5297.81,-657.788,0,0,0,45522.7,-93820.4,11682.4,197382,5574.27,242149,4.00853e+17
20230101T000001,6,113,5841.16,1459.45,-674.436,0,0,0,4152.52,-13453.8,6296.32,54637.2,1573.18,57999.5,1.71997e+17
20230101T000001,6,114,6337.91,1880.7,667.607,0,0,0,6372.91,-18859.8,-6763.84,64333.3,-2007.1,69930.4,2.18857e+17
20230101T000001,6,115,2178.94,2492.17,132.531,0,0,0,9977.32,-8642.86,-460.36,7648.57,-526.539,17534,6.66266e+17
20230101T000001,6,116,8270.8,7177.87,-2591.52,0,0,0,88598.7,-89637.5,34283.4,114092,29753.1,191888,2.15443e+17
20230101T000001,6,117,4907.57,4627.97,630.757,0,0,0,34639.5,-35990,-4948.46,38864.3,-4666.53,72804.4,2.91497e+17
20230101T000001,4,83,231.066,-186.565,-63.2331,-2.30054,-4.02586,-0.054422,81.6832,27.9668,13.0612,114.382,-7.49376,132.849,0
20230101T000001,3,95,238.764,-265.954,-25.1591,0,0,0,2500,0,0,2500,0,2500,0
20230101T000001,3,96,1914.93,-976.275,36.6204,0,0,0,2500,0,0,2500,0,2500,0
20230101T000001,3,97,3392.87,-1840.14,15.1274,0,0,0,2500,0,0,2500,0,2500,0
20230101T000001,3,98,5149.85,-1886.29,633.946,0,0,0,2500,0,0,2500,0,2500,0
20230101T000001,3,99,11022.6,-2090.61,-1617.25,0,0,0,2500,0,0,2500,0,2500,0
20230101T000001,3,100,8915.64,1578.68,110.974,0,0,0,2500,0,0,2500,0,2500,0
20230101T000001,3,101,3255.01,930.265,120.861,0,0,0,2500,0,0,2500,0,2500,0
20230101T000001,3,102,1698.5,787.686,48.7269,0,0,0,2500,0,0,2500,0,2500,0
20230101T000001,3,103,11103,5297.81,-657.788,0,0,0,2500,0,0,2500,0,2500,0
20230101T000001,3,104,5841.16,1459.45,-674.436,0,0,0,2500,0,0,2500,0,2500,0
20230101T000001,3,105,6337.91,1880.7,667.607,0,0,0,2500,0,0,2500,0,2500,0
20230101T000001,3,106,2178.94,2492.17,132.531,0,0,0,2500,0,0,2500,0,2500,0
20230101T000001,3,107,8270.8,7177.87,-2591.52,0,0,0,2500,0,0,2500,0,2500,0
20230101T000001,3,108,4907.57,4627.97,630.757,0,0,0,2500,0,0,2500,0,2500,0
20230101T000001.100000,6,118,7376.37,-8087.68,363.841,0,0,0,104782,95315,-4292.68,87207.8,4706.63,191714,7.09267e+17
20230101T000001.100000,6,119,7885.69,-6643.09,-1920.14,0,0,0,74095.7,80879.5,24217.9,101969,-20401.7,170106,2.49673e+17
20230101T000001.100000,6,120,4632.07,-4809.2,1407.21,0,0,0,38559.6,34028.7,-10420.3,36005.1,10818.7,71337.8,1.53745e+17
20230101T000001.100000,6,121,4356.22,-3149.56,-492.968,0,0,0,16168.6,21737.5,3431.25,30517.9,-2480.8,46234.7,8.6208e+17
20230101T000001.100000,6,122,1156.29,-1.84894,-5.86588,0,0,0,64.0587,3.31823,10.5276,2139.21,-0.0168339,2139.21,1.5291e+17
20230101T000001.100000,6,123,1335.43,246.767,-164.954,0,0,0,200.516,-508.218,344.922,2856.93,63.7362,2951.77,3.17797e+17
20230101T000001.100000,6,124,2665.92,479.078,-320.12,0,0,0,587.202,-2003.96,1358.12,11378.5,244.06,11739.5,5.92891e+17
20230101T000001.100000,6,125,6149.86,157.874,-502.727,0,0,0,507.521,-1541.44,4941.52,60513.5,126.855,60553.5,8.52047e+16
20230101T000001.100000,6,126,3894.93,2583.63,37.0997,0,0,0,10726.2,-16070.4,-230.778,24293,-153.082,34953,1.14184e+17
20230101T000001.100000,6,127,6798.85,9134.71,-1020.24,0,0,0,134125,-98540.7,11094.9,75071.5,14906.8,207468,3.87416e+17
20230101T000001.100000,6,128,193.218,229.203,-9.67766,0,0,0,110.676,-39.2778,1.66155,97.1945,1.971,143.854,1.36976e+27
20230101T000001.100000,6,129,7302.98,4328.57,-1213.28,0,0,0,31767.8,-49517.8,14169.2,85962.2,8398.25,115313,1.22664e+18
20230101T000001.100000,4,82,4372.87,-3105.91,-627.867,-13.8669,9.24741,3.41277,889.196,1118.24,229.071,1671.69,-162.541,2433.65,0
20230101T000001.100000,3,109,7376.37,-8087.68,363.841,0,0,0,2500,0,0,2500,0,2500,0
20230101T000001.100000,3,110,7885.69,-6643.09,-1920.14,0,0,0,2500,0,0,2500,0,2500,0
20230101T000001.100000,3,111,4632.07,-4809.2,1407.21,0,0,0,2500,0,0,2500,0,2500,0
20230101T000001.100000,3,112,1156.29,-1.84894,-5.86588,0,0,0,2500,0,0,2500,0,2500,0
20230101T000001.100000,3,113,1335.43,246.767,-164.954,0,0,0,2500,0,0,2500,0,2500,0
20230101T000001.100000,3,114,2665.92,479.078,-320.12,0,0,0,2500,0,0,2500,0,2500,0
20230101T000001.100000,3,115,6149.86,157.874,-502.727,0,0,0,2500,0,0,2500,0,2500,0
20230101T000001.100000,3,116,3894.93,2583.63,37.0997,0,0,0,2500,0,0,2500,0,2500,0
20230101T000001.100000,3,117,6798.85,9134.71,-1020.24,0,0,0,2500,0,0,2500,0,2500,0
20230101T000001.100000,3,118,193.218,229.203,-9.67766,0,0,0,2500,0,0,2500,0,2500,0
20230101T000001.100000,3,119,7302.98,4328.57,-1213.28,0,0,0,2500,0,0,2500,0,2500,0
20230101T000001.200000,6,130,746.1,-747.348,200.407,0,0,0,956.56,829.137,-230.955,953.788,231.342,1786.54,2.54403e+17
20230101T000001.200000,6,131,7941.62,-8379.48,-647.428,0,0,0,112693,106108,8224.14,101298,-8677.58,213256,1.36859e+17
20230101T000001.200000,6,132,3873.92,-3056.45,41.4352,0,0,0,14988.1,18912.2,-256.405,24037.2,202.299,38958.6,2.50343e+17
20230101T000001.200000,6,133,9226.42,-5247.98,289.26,0,0,0,44215.5,77387.1,-4268.62,136251,2427.99,180269,2.02204e+17
20230101T000001.200000,6,134,9823.6,-2383.88,-314.513,0,0,0,9302.49,37418.4,4941.5,154417,-1199.15,163498,1.44767e+17
20230101T000001.200000,6,135,811.936,-357.391,25.4982,0,0,0,258.805,440.323,-31.4424,1065.33,13.8401,1259.2,6.09283e+17
20230101T000001.200000,6,136,5767.86,-1917.15,395.091,0,0,0,6163.02,17598.7,-3642.19,53260.4,1210.61,59110.2,1.97708e+17
20230101T000001.200000,6,137,4257.66,-2492.54,-102.067,0,0,0,10000.4,16944.6,694.162,29024.8,-406.379,38944.7,2.39069e+17
20230101T000001.200000,6,138,10147.1,1520.02,1000.89,0,0,0,5326.41,-24433.9,-16243.8,164779,-2433.28,168440,2.3297e+17
20230101T000001.200000,6,139,9095.29,-1229.62,2163.54,0,0,0,9833.73,16891.6,-31470.7,132494,4254.63,134781,4.90028e+17
20230101T000001.200000,6,140,6596.53,445.322,86.5093,0,0,0,392.918,-4695.03,-912.222,69623.1,-61.5828,69940.1,2.23432e+17
20230101T000001.200000,6,141,2670.33,1065.69,571.995,0,0,0,2321.78,-4351.79,-2432.5,11489.5,-970.772,13228.7,1.75475e+17
20230101T000001.200000,6,142,5310.13,2444.9,-92.4049,0,0,0,9628.14,-20742.9,784.172,45129.5,361.05,54680,1.95927e+17
20230101T000001.200000,6,143,2081.1,2156.07,12.1647,0,0,0,7468.78,-7147.08,-40.325,6962.81,-41.7776,14367.4,1.58833e+17
20230101T000001.200000,6,144,228.885,193.528,-10.0472,0,0,0,97.297,-39.2743,2.0431,110.539,1.72749,143.818,6.13338e+26
20230101T000001.200000,6,145,7253.29,6429.31,765.064,0,0,0,66697.6,-74117.4,-8875.01,84616.5,-7866.79,150314,2.51561e+17
20230101T000001.200000,6,146,3649.41,3145.04,431.877,0,0,0,16033.7,-18185.1,-2517.44,21463.3,-2169.51,37135.6,1.50855e+17
20230101T000001.200000,6,147,4661.48,4186.56,-511.866,0,0,0,28310.9,-30984.9,3813.82,34982.6,3425.27,62811.2,9.40649e+16
20230101T000001.200000,4,93,2106.88,2135.25,41.6195,-28.8963,-26.8171,-2.09284,1204.25,-1130.53,-24.9253,1183.07,-25.1599,2323.76,0
20230101T000001.200000,4,118,229.729,198.37,-10.0273,3.61499,-3.05273,-0.03462,105.488,-36.243,1.53308,93.0476,1.8186,136.098,0
20230101T000001.200000,3,120,746.1,-747.348,200.407,0,0,0,2500,0,0,2500,0,2500,0
20230101T000001.200000,3,121,7941.62,-8379.48,-647.428,0,0,0,2500,0,0,2500,0,2500,0
20230101T000001.200000,3,122,3873.92,-3056.45,41.4352,0,0,0,2500,0,0,2500,0,2500,0
20230101T000001.200000,3,123,9226.42,-5247.98,289.26,0,0,0,2500,0,0,2500,0,2500,0
20230101T000001.200000,3,124,9823.6,-2383.88,-314.513,0,0,0,2500,0,0,2500,0,2500,0
20230101T000001.200000,3,125,811.936,-357.391,25.4982,0,0,0,2500,0,0,2500,0,2500,0
20230101T000001.200000,3,126,5767.86,-1917.15,395.091,0,0,0,2500,0,0,2500,0,2500,0
20230101T000001.200000,3,127,4257.66,-2492.54,-102.067,0,0,0,2500,0,0,2500,0,2500,0
20230101T000001.200000,3,128,10147.1,1520.02,1000.89,0,0,0,2500,0,0,2500,0,2500,0
20230101T000001.200000,3,129,9095.29,-1229.62,2163.54,0,0,0,2500,0,0,2500,0,2500,0
20230101T000001.200000,3,130,6596.53,445.322,86.5093,0,0,0,2500,0,0,2500,0,2500,0
20230101T000001.200000,3,131,2670.33,1065.69,571.995,0,0,0,2500,0,0,2500,0,2500,0
20230101T000001.200000,3,132,5310.13,2444.9,-92.4048,0,0,0,2500,0,0,2500,0,2500,0
20230101T000001.200000,3,133,7253.29,6429.31,765.064,0,0,0,2500,0,0,2500,0,2500,0
20230101T000001.200000,3,134,3649.41,3145.04,431.877,0,0,0,2500,0,0,2500,0,2500,0
20230101T000001.200000,3,135,4661.48,4186.56,-511.866,0,0,0,2500,0,0,2500,0,2500,0
20230101T000001.300000,6,148,2634.28,-1635.06,-412.27,0,0,0,4519.18,6741.49,1730.55,11196.2,-1074.13,15381.7,1.53962e+18
20230101T000001.300000,6,149,7411.17,-8747.08,-1943.75,0,0,0,124970,100710,23041.9,91435.8,-27195.3,210301,2.35064e+17
20230101T000001.300000,6,150,2977.72,-2563.32,-594.565,0,0,0,10873.8,11902,2825.55,14454.3,-2432.32,24701.3,1.21327e+17
20230101T000001.300000,6,151,5190.74,-4030.44,-319.43,0,0,0,26132.8,33363.6,2650.48,43195.5,-2058.01,69101.4,1.59369e+17
20230101T000001.300000,6,152,10860.1,-4367.03,-318.741,0,0,0,30708.5,75804.2,5536.91,188740,-2226.48,219222,1.1043e+17
20230101T000001.300000,6,153,5345.23,-1294.67,-642.888,0,0,0,3366.15,10906.7,5491.04,45754.6,-1329.98,48397.1,1.52222e+17
20230101T000001.300000,6,154,3419.46,737.616,-153.774,0,0,0,967.712,-4014.63,838.57,18712.8,180.889,19578.9,1.41676e+17
20230101T000001.300000,6,155,4200.57,-74.7797,-68.2352,0,0,0,80.3574,501.316,457.563,28231.6,-8.14567,28240.6,8.86216e+16
20230101T000001.300000,6,156,8883.81,889.389,721.14,0,0,0,2152.39,-12553.1,-10245.2,126284,-1025.69,127541,2.47949e+17
20230101T000001.300000,6,157,8942.23,1108.5,-460.585,0,0,0,2363.18,-15810.7,6586.62,127948,816.49,129908,1.84667e+17
20230101T000001.300000,6,158,5426.4,-386.205,590.594,0,0,0,856.852,3309.13,-5120.83,47116.5,364.457,47352.7,1.23421e+17
20230101T000001.300000,6,159,259.696,149.564,-10.6798,0,0,0,83.9266,-34.4238,2.46371,123.873,1.4189,143.78,8.87437e+26
20230101T000001.300000,6,160,7299.28,4088.34,-282.228,0,0,0,26888.9,-47665.4,3294.22,85292.8,1845.1,111990,2.60587e+17
20230101T000001.300000,6,161,8621.5,4120.13,630.153,0,0,0,27729.8,-56562.7,-8688.8,119058,-4152.29,146090,2.46505e+17
20230101T000001.300000,6,162,6460.12,7929.1,9.20545,0,0,0,100619,-81925.3,-95.1129,66811.6,-116.741,167366,2.13402e+17
20230101T000001.300000,6,163,5660.89,5128.88,488.859,0,0,0,42333.6,-46232.4,-4424.78,51474.2,-4008.94,93362,1.38067e+17
20230101T000001.300000,6,164,3127.11,3810.52,-928.576,0,0,0,23812.2,-18358.6,4638.63,16507.4,5652.37,38880.4,2.01929e+17
20230101T000001.300000,4,100,8886.12,1563.73,98.916,-8.12649,-4.11309,-3.31866,142.164,-447.518,-31.4586,2590.3,-5.57031,2669.16,0
20230101T000001.300000,3,136,2634.28,-1635.06,-412.27,0,0,0,2500,0,0,2500,0,2500,0
20230101T000001.300000,3,137,7411.17,-8747.08,-1943.75,0,0,0,2500,0,0,2500,0,2500,0
20230101T000001.300000,3,138,2977.72,-2563.32,-594.565,0,0,0,2500,0,0,2500,0,2500,0
20230101T000001.300000,3,139,5190.74,-4030.44,-319.43,0,0,0,2500,0,0,2500,0,2500,0
20230101T000001.300000,3,140,10860.1,-4367.03,-318.741,0,0,0,2500,0,0,2500,0,2500,0
20230101T000001.300000,3,141,5345.23,-1294.67,-642.888,0,0,0,2500,0,0,2500,0,2500,0
20230101T000001.300000,3,142,3419.46,737.616,-153.774,0,0,0,2500,0,0,2500,0,2500,0
20230101T000001.300000,3,143,4200.57,-74.7797,-68.2352,0,0,0,2500,0,0,2500,0,2500,0
20230101T000001.300000,3,144,8883.81,889.389,721.14,0,0,0,2500,0,0,2500,0,2500,0
20230101T000001.300000,3,145,5426.4,-386.205,590.594,0,0,0,2500,0,0,2500,0,2500,0
20230101T000001.300000,3,146,259.696,149.564,-10.6798,0,0,0,2500,0,0,2500,0,2500,0
20230101T000001.300000,3,147,7299.28,4088.34,-282.228,0,0,0,2500,0,0,2500,0,2500,0
20230101T000001.300000,3,148,8621.5,4120.13,630.153,0,0,0,2500,0,0,2500,0,2500,0
20230101T000001.300000,3,149,6460.12,7929.1,9.20545,0,0,0,2500,0,0,2500,0,2500,0
20230101T000001.300000,3,150,5660.89,5128.88,488.859,0,0,0,2500,0,0,2500,0,2500,0
20230101T000001.300000,3,151,3127.11,3810.52,-928.576,0,0,0,2500,0,0,2500,0,2500,0
20230101T000001.400000,6,165,7782.03,-7901.49,-106.583,0,0,0,99934.2,98342.3,1326.66,96937.6,-1347.03,196790,1.22326e+17
20230101T000001.400000,6,166,2243.3,-2907.93,-242.054,0,0,0,13588.5,10361.2,866.234,8150.56,-1122.88,21581.8,1.37524e+17
20230101T000001.400000,6,167,7456.91,-9538.88,-469.497,0,0,0,145743,113607,5600.06,89227.3,-7163.61,234553,9.49376e+16
20230101T000001.400000,6,168,2328.04,-2909.88,906.086,0,0,0,14084.1,10168.6,-3365.87,9509.39,4207.1,22223.1,1.04069e+18
20230101T000001.400000,6,169,3970.6,-3202.48,680.873,0,0,0,16896.9,19952.1,-4319.03,25542.2,3483.5,41635.6,2.4888e+17
20230101T000001.400000,6,170,7368.36,-1726.95,-567.383,0,0,0,5320.38,20231.1,6684.45,86898.5,-1566.66,91640.5,1.74192e+17
20230101T000001.400000,6,171,5755.06,-2292.76,-129.594,0,0,0,8489.2,21080.7,1192.07,53005.6,-474.909,61403.9,5.99334e+17
20230101T000001.400000,6,172,281.59,102.629,-10.3662,0,0,0,73.4321,-25.6176,2.59314,134.384,0.945104,143.797,1.1859e+27
20230101T000001.400000,6,173,6659.82,1404.57,129.03,0,0,0,3243.25,-14948.4,-1373.72,70968.9,-289.719,74121.6,2.12787e+17
20230101T000001.400000,6,174,8423.13,2528.25,-1519.71,0,0,0,13674.1,-33038.6,20470.9,113829,6144.45,123748,1.54666e+17
20230101T000001.400000,6,175,1800.91,1671.23,106.27,0,0,0,4512.84,-4774.72,-304.189,5227.18,-282.284,9658.19,1.5531e+17
20230101T000001.400000,6,176,8984.96,7443.59,-989.383,0,0,0,89617.7,-106208,14219.1,129830,11779.9,217819,1.62761e+17
20230101T000001.400000,6,177,3562.05,4191.04,877.319,0,0,0,28646.4,-23247.5,-4993.65,21052.4,-5875.43,48406.5,1.682e+17
20230101T000001.400000,4,109,7471.95,-8183.75,361.769,26.3065,-26.4405,-0.570151,1496.44,1305.16,-58.7161,1255.8,64.3781,2683.96,0
20230101T000001.400000,4,146,284.201,107.061,-10.3832,2.42619,-4.20822,0.0293724,80.8055,-31.765,2.27327,117.667,1.30922,136.031,0
20230101T000001.400000,3,152,2243.3,-2907.93,-242.054,0,0,0,2500,0,0,2500,0,2500,0
20230101T000001.400000,3,153,7456.91,-9538.88,-469.497,0,0,0,2500,0,0,2500,0,2500,0
20230101T000001.400000,3,154,2328.04,-2909.88,906.086,0,0,0,2500,0,0,2500,0,2500,0
20230101T000001.400000,3,155,3970.6,-3202.48,680.873,0,0,0,2500,0,0,2500,0,2500,0
20230101T000001.400000,3,156,7368.36,-1726.95,-567.383,0,0,0,2500,0,0,2500,0,2500,0
20230101T000001.400000,3,157,5755.06,-2292.76,-129.594,0,0,0,2500,0,0,2500,0,2500,0
20230101T000001.400000,3,158,6659.82,1404.57,129.03,0,0,0,2500,0,0,2500,0,2500,0
20230101T000001.400000,3,159,8423.13,2528.25,-1519.71,0,0,0,2500,0,0,2500,0,2500,0
20230101T000001.400000,3,160,1800.91,1671.23,106.27,0,0,0,2500,0,0,2500,0,2500,0
20230101T000001.400000,3,161,8984.96,7443.59,-989.383,0,0,0,2500,0,0,2500,0,2500,0
20230101T000001.400000,3,162,3562.05,4191.04,877.319,0,0,0,2500,0,0,2500,0,2500,0
20230101T000001.500000,6,178,3017.26,-2934.36,794.706,0,0,0,14327.9,13630.1,-3828.18,15087.4,3723,28345.2,2.04281e+17
20230101T000001.500000,6,179,6982.24,-9096.79,1926.6,0,0,0,134627,98726.9,-21516.8,81779,28033.1,210407,1.52087e+17
20230101T000001.500000,6,180,3936.37,-3029.36,35.5786,0,0,0,14724.7,19047.6,-223.718,24816.6,172.169,39475.3,1.27101e+17
20230101T000001.500000,6,181,1335.06,-675.415,-324.1,0,0,0,912.386,1350.43,680.491,2898.51,-344.265,3584.57,1.6519e+17
20230101T000001.500000,6,182,3609.69,-715.466,-926.004,0,0,0,2197.05,3859.04,5333.29,20901.9,-1057.09,21670.6,2.81672e+17
20230101T000001.500000,6,183,11085.6,-4078.8,-921.295,0,0,0,27870.7,71884.4,16336.3,196793,-6010.72,223242,4.27438e+17
20230101T000001.500000,6,184,8816.73,-2333.61,1730.26,0,0,0,13247.4,31719.6,-24397.1,124693,6457.42,133091,1.64213e+17
20230101T000001.500000,6,185,6117.43,-1500.02,-506.225,0,0,0,4046.84,14572.5,4949.91,59903.6,-1213.74,63477.3,1.62826e+17
20230101T000001.500000,6,186,11058.1,-89.6841,-2413.31,0,0,0,9391.85,1510.72,42685.4,195652,-346.189,195667,2.61664e+17
20230101T000001.500000,6,187,294.975,53.0018,-10.9307,0,0,0,66.5959,-13.8563,2.86448,141.221,0.514697,143.796,1.50365e+27
20230101T000001.500000,6,188,8053.72,458.132,1762.32,0,0,0,5349.91,-5618.24,-22695.8,103796,-1291.04,104118,3.23767e+17
20230101T000001.500000,6,189,6997.15,-625.608,915.055,0,0,0,2017.74,6879.54,-10236.3,78347.2,915.215,78963.4,2.38654e+17
20230101T000001.500000,6,190,1985.66,821.87,-55.9323,0,0,0,1139.63,-2586.75,176.162,6318.61,72.9139,7389.32,2.87513e+17
20230101T000001.500000,6,191,5441.04,7175.92,-109.176,0,0,0,82420.6,-62431.2,949.984,47420.6,1252.89,129758,1.4437e+17
20230101T000001.500000,6,192,3050.2,4609.13,-542.101,0,0,0,34153,-22248.4,2642.19,15257,3992.59,48877,1.29597e+17
20230101T000001.500000,4,122,3901.31,-3073.11,41.3043,7.54065,-4.58436,-0.0360207,1015.79,1207.99,-16.3763,1593.78,12.9206,2546.69,0
20230101T000001.500000,3,163,3017.26,-2934.36,794.706,0,0,0,2500,0,0,2500,0,2500,0
20230101T000001.500000,3,164,6982.24,-9096.79,1926.6,0,0,0,2500,0,0,2500,0,2500,0
20230101T000001.500000,3,165,1335.06,-675.415,-324.1,0,0,0,2500,0,0,2500,0,2500,0
20230101T000001.500000,3,166,3609.69,-715.466,-926.004,0,0,0,2500,0,0,2500,0,2500,0
20230101T000001.500000,3,167,11085.6,-4078.8,-921.295,0,0,0,2500,0,0,2500,0,2500,0
20230101T000001.500000,3,168,8816.73,-2333.61,1730.26,0,0,0,2500,0,0,2500,0,2500,0
20230101T000001.500000,3,169,6117.43,-1500.02,-506.225,0,0,0,2500,0,0,2500,0,2500,0
20230101T000001.500000,3,170,11058.1,-89.6841,-2413.31,0,0,0,2500,0,0,2500,0,2500,0
20230101T000001.500000,3,171,294.975,53.0018,-10.9307,0,0,0,2500,0,0,2500,0,2500,0
20230101T000001.500000,3,172,8053.72,458.132,1762.32,0,0,0,2500,0,0,2500,0,2500,0
20230101T000001.500000,3,173,6997.15,-625.608,915.055,0,0,0,2500,0,0,2500,0,2500,0
20230101T000001.500000,3,174,1985.66,821.87,-55.9323,0,0,0,2500,0,0,2500,0,2500,0
20230101T000001.500000,3,175,5441.04,7175.92,-109.176,0,0,0,2500,0,0,2500,0,2500,0
20230101T000001.500000,3,176,3050.2,4609.13,-542.101,0,0,0,2500,0,0,2500,0,2500,0
20230101T000001.600000,6,193,1154.57,217.062,-182.406,0,0,0,187.163,-379.969,327.426,2136.82,61.5567,2209.76,3.54689e+17
20230101T000001.600000,6,194,1358.36,-60.5194,-259.823,0,0,0,175.282,123.983,552.905,2952.56,-24.6337,2960.34,2.81608e+17
20230101T000001.600000,6,195,299.677,1.13249,-10.7332,0,0,0,64.1035,-0.300768,2.85716,143.691,0.0107973,143.774,6.72821e+26
20230101T000001.600000,6,196,2619.87,871.046,303.051,0,0,0,1403.21,-3588.32,-1263.74,11002.9,-420.164,12196.7,7.49368e+17
20230101T000001.600000,6,197,4470.07,2607.22,-459.677,0,0,0,11175.8,-18472.3,3282.79,32072.4,1914.72,42847.1,2.04697e+17
20230101T000001.600000,6,198,8439.66,3406.49,219.801,0,0,0,18688.1,-45950.3,-2966.64,113984,-1197.42,132531,1.99748e+17
20230101T000001.600000,6,199,4360.69,4469.25,969.303,0,0,0,32722.3,-30399.7,-6756.15,31227.1,-6924.34,62385.1,1.54183e+17
20230101T000001.600000,4,171,303.682,4.43489,-10.7439,0.862073,-4.80862,0.0185015,64.8133,-12.786,2.64304,133.675,0.474908,136.046,0
20230101T000001.600000,3,177,1154.57,217.062,-182.406,0,0,0,2500,0,0,2500,0,2500,0
20230101T000001.600000,3,178,1358.36,-60.5194,-259.823,0,0,0,2500,0,0,2500,0,2500,0
20230101T000001.600000,3,179,2619.87,871.046,303.051,0,0,0,2500,0,0,2500,0,2500,0
20230101T000001.600000,3,180,4470.07,2607.22,-459.677,0,0,0,2500,0,0,2500,0,2500,0
20230101T000001.600000,3,181,8439.67,3406.49,219.801,0,0,0,2500,0,0,2500,0,2500,0
20230101T000001.600000,3,182,4360.69,4469.25,969.303,0,0,0,2500,0,0,2500,0,2500,0
20230101T000001.700000,6,200,7475.1,-8062.33,-2074.53,0,0,0,107213,92962.9,24803.7,93139.5,-26752.3,193407,1.89857e+17
20230101T000001.700000,6,201,3199.18,-1397.89,729.38,0,0,0,3892.76,6820.55,-3721.73,16521.9,1626.21,19504.8,2.01967e+17
20230101T000001.700000,6,202,295.19,-51.9249,-9.8005,0,0,0,66.4758,13.5898,2.56994,141.342,-0.452061,143.801,8.90833e+26
20230101T000001.700000,6,203,295.133,-52.2961,-9.71225,0,0,0,66.5088,13.6852,2.54638,141.316,-0.451207,143.808,8.79482e+26
20230101T000001.700000,6,204,6135.52,-572.924,966.444,0,0,0,2068.61,5480.17,-9477.66,60244.8,885.007,60758,1.72667e+17
20230101T000001.700000,6,205,8682.78,2681.95,-23.2257,0,0,0,11567.8,-37240.6,322.505,120631,99.6158,132134,1.37743e+17
20230101T000001.700000,6,206,8356.09,4950.94,715.802,0,0,0,39872.8,-65805.4,-9566.06,111948,-5667.84,150938,1.71667e+17
20230101T000001.700000,6,207,8050.19,7139.35,2171.01,0,0,0,85808,-88182.9,-27954,107036,-24791.1,185244,1.47792e+17
20230101T000001.700000,6,208,525.962,649.688,-135.873,0,0,0,711.732,-501.799,107.965,498.127,133.362,1119.62,1.19148e+17
20230101T000001.700000,6,209,4199.72,5928.18,-830.896,0,0,0,56619.5,-39283.8,5579.06,28997.7,7875.22,84450.3,1.2234e+17
20230101T000001.700000,6,210,6359.66,6889.88,-2173.79,0,0,0,79458.7,-66309.2,22109.7,68827.6,23953,140668,2.42912e+17
20230101T000001.700000,4,181,8430.39,3387.32,214.877,-0.917862,-1.89738,-0.48756,402.004,-837.847,-54.0621,2139.61,-21.821,2476.41,0
20230101T000001.700000,3,183,7475.1,-8062.33,-2074.53,0,0,0,2500,0,0,2500,0,2500,0
20230101T000001.700000,3,184,3199.18,-1397.89,729.38,0,0,0,2500,0,0,2500,0,2500,0
20230101T000001.700000,3,185,295.19,-51.9249,-9.8005,0,0,0,2500,0,0,2500,0,2500,0
20230101T000001.700000,3,186,295.133,-52.2961,-9.71225,0,0,0,2500,0,0,2500,0,2500,0
20230101T000001.700000,3,187,6135.52,-572.924,966.444,0,0,0,2500,0,0,2500,0,2500,0
20230101T000001.700000,3,188,8356.1,4950.94,715.802,0,0,0,2500,0,0,2500,0,2500,0
20230101T000001.700000,3,189,8050.2,7139.35,2171.01,0,0,0,2500,0,0,2500,0,2500,0
20230101T000001.700000,3,190,525.962,649.688,-135.873,0,0,0,2500,0,0,2500,0,2500,0
20230101T000001.700000,3,191,4199.72,5928.18,-830.896,0,0,0,2500,0,0,2500,0,2500,0
20230101T000001.700000,3,192,6359.66,6889.88,-2173.79,0,0,0,2500,0,0,2500,0,2500,0
20230101T000001.800000,6,211,6688.51,-6651.97,-925.175,0,0,0,71518.4,70470.5,9896.46,72290.5,-9842.4,142377,1.63677e+17
20230101T000001.800000,6,212,281.497,-102.969,-8.68913,0,0,0,73.4705,25.7072,2.17262,134.346,-0.794722,143.803,2.75844e+25
20230101T000001.800000,6,213,4617.37,-969.977,209.563,0,0,0,1633.84,7139.01,-1545.43,34117.9,324.651,35617.7,1.44341e+18
20230101T000001.800000,6,214,6956.83,-406.45,154.309,0,0,0,366.042,4518.22,-1716.18,77436.4,100.267,77700.4,1.57347e+17
20230101T000001.800000,6,215,1759.68,971.638,-412.672,0,0,0,1766.4,-2594.35,1150.83,5032.36,635.454,6467.47,1.84267e+17
20230101T000001.800000,6,216,10849.7,4401.5,1247.7,0,0,0,33190.2,-75517.9,-21653.1,188705,-8784.23,219342,1.32299e+17
20230101T000001.800000,6,217,5020.7,2400.5,484.395,0,0,0,9577.08,-19112.7,-3886.21,40413.6,-1858.08,49552.2,8.65894e+16
20230101T000001.800000,6,218,6114.09,2045.44,-164.054,0,0,0,6790.34,-19977.4,1603.32,59822.2,536.383,66505.5,1.06136e+17
20230101T000001.800000,6,219,5344.57,6400.38,3.38033,0,0,0,65570.2,-54700.2,-28.8896,45740.8,-34.5967,111247,1.46029e+17
20230101T000001.800000,4,186,286.468,-101.247,-8.74425,-0.857889,-4.84663,0.0958419,64.7329,12.628,2.34954,133.761,-0.416328,136.057,0
20230101T000001.800000,3,193,6688.51,-6651.97,-925.175,0,0,0,2500,0,0,2500,0,2500,0
20230101T000001.800000,3,194,4617.37,-969.977,209.563,0,0,0,2500,0,0,2500,0,2500,0
20230101T000001.800000,3,195,6956.83,-406.45,154.309,0,0,0,2500,0,0,2500,0,2500,0
20230101T000001.800000,3,196,1759.68,971.638,-412.672,0,0,0,2500,0,0,2500,0,2500,0
20230101T000001.800000,3,197,10849.7,4401.5,1247.7,0,0,0,2500,0,0,2500,0,2500,0
20230101T000001.800000,3,198,5020.7,2400.5,484.395,0,0,0,2500,0,0,2500,0,2500,0
20230101T000001.800000,3,199,6114.09,2045.44,-164.054,0,0,0,2500,0,0,2500,0,2500,0
20230101T000001.800000,3,200,5344.57,6400.38,3.38033,0,0,0,2500,0,0,2500,0,2500,0
20230101T000001.900000,6,220,6462.58,-5071.25,1692.35,0,0,0,44022.2,50182,-17489.1,68593.6,13723.9,107975,3.17578e+17
20230101T000001.900000,6,221,4682.78,-4228.35,731.144,0,0,0,29112.3,31223.9,-5472.63,35498.1,4941.55,63692.7,1.01983e+17
20230101T000001.900000,6,222,5694.24,-3734.48,-929.042,0,0,0,23323.7,33361.9,8457.13,52313.2,-5546.48,74194.3,2.0282e+17
20230101T000001.900000,6,223,11271.6,-3631.39,1222.1,0,0,0,23321.5,64774.8,-22033.8,203510,7098.66,224380,1.51655e+17
20230101T000001.900000,6,224,259.64,-149.698,-10.0698,0,0,0,83.9555,34.4553,2.32245,123.85,-1.33903,143.788,1.20512e+25
20230101T000001.900000,6,225,4245.82,-28.1034,-859.702,0,0,0,1245.23,182.681,5827.77,28843.2,-38.5744,28846.9,1.84705e+17
20230101T000001.900000,6,226,10387.4,1216.26,-1144.32,0,0,0,4496.04,-19964.6,19011.5,172665,2226.05,175003,1.67212e+17
20230101T000001.900000,6,227,6110.7,516.869,-1139.73,0,0,0,2552.5,-4873.74,11131.9,59760.3,941.58,60174.7,1.32832e+17
20230101T000001.900000,6,228,4834.88,-60.0796,-417.232,0,0,0,347.781,460.515,3222.15,37401.8,-40.0393,37408,1.28832e+17
20230101T000001.900000,6,229,5977.72,3010.93,68.3112,0,0,0,14562.1,-28768.9,-652.769,57187.4,-328.795,71678.1,1.94268e+17
20230101T000001.900000,6,230,6798.53,7409.33,145.695,0,0,0,87881.8,-80547.3,-1584.19,74005.2,-1726.52,161789,4.47711e+17
20230101T000001.900000,4,185,278.006,-149.513,-10.0557,-3.30453,-18.7671,-0.0490746,64.7522,12.5685,2.37667,133.993,-0.418065,136.262,0
20230101T000001.900000,3,201,6462.58,-5071.25,1692.35,0,0,0,2500,0,0,2500,0,2500,0
20230101T000001.900000,3,202,4682.78,-4228.35,731.144,0,0,0,2500,0,0,2500,0,2500,0
20230101T000001.900000,3,203,5694.24,-3734.48,-929.042,0,0,0,2500,0,0,2500,0,2500,0
20230101T000001.900000,3,204,11271.6,-3631.39,1222.1,0,0,0,2500,0,0,2500,0,2500,0
20230101T000001.900000,3,205,4245.82,-28.1034,-859.702,0,0,0,2500,0,0,2500,0,2500,0
20230101T000001.900000,3,206,10387.4,1216.26,-1144.32,0,0,0,2500,0,0,2500,0,2500,0
20230101T000001.900000,3,207,6110.7,516.869,-1139.73,0,0,0,2500,0,0,2500,0,2500,0
20230101T000001.900000,3,208,4834.88,-60.0796,-417.232,0,0,0,2500,0,0,2500,0,2500,0
20230101T000001.900000,3,209,5977.72,3010.93,68.3112,0,0,0,2500,0,0,2500,0,2500,0
20230101T000001.900000,3,210,6798.53,7409.33,145.695,0,0,0,2500,0,0,2500,0,2500,0
20230101T000002,6,231,1933.88,-1929.57,-151.079,0,0,0,6007.45,5920.32,464.972,6033.88,-463.935,11941.2,2.988e+17
20230101T000002,6,232,1211.21,-1646.33,182.774,0,0,0,4377.7,3134.67,-350.84,2423.14,476.876,6684.41,2.55937e+17
20230101T000002,6,233,5997.97,-7750.47,1414.85,0,0,0,97334.9,72798.8,-13572.4,59603.4,17538,153674,2.7977e+17
20230101T000002,6,234,229.515,-192.752,-10.5544,0,0,0,97.0335,39.216,2.15213,110.794,-1.80741,143.808,1.65276e+25
20230101T000002,6,235,5761.99,-6697.78,848.629,0,0,0,72293.4,61147,-7819.7,53819.5,9089.67,124898,2.30705e+17
20230101T000002,6,236,11751.1,-966.052,1645.55,0,0,0,5859,17804.6,-30930.5,220972,2542.78,222437,2.06354e+17
20230101T000002,6,237,10974.9,4951.95,1028.53,0,0,0,40693.9,-86297,-18055.9,193014,-8146.92,231953,1.40702e+17
20230101T000002,6,238,4522.25,1137.54,-101.366,0,0,0,2146.04,-8211.79,732.097,32725.9,184.155,34791.6,8.30054e+17
20230101T000002,6,239,950.158,854.358,-150.318,0,0,0,1222.78,-1249.48,222.999,1488.86,200.515,2613.24,1.59165e+17
20230101T000002,6,240,6652.73,7202.38,792.636,0,0,0,83491,-76132.1,-8433.62,71390.8,-9130.42,153813,2.39563e+17
20230101T000002,3,211,1933.88,-1929.57,-151.079,0,0,0,2500,0,0,2500,0,2500,0
20230101T000002,3,212,1211.21,-1646.33,182.774,0,0,0,2500,0,0,2500,0,2500,0
20230101T000002,3,213,5997.97,-7750.47,1414.85,0,0,0,2500,0,0,2500,0,2500,0
20230101T000002,3,214,229.515,-192.752,-10.5544,0,0,0,2500,0,0,2500,0,2500,0
20230101T000002,3,215,5761.99,-6697.78,848.629,0,0,0,2500,0,0,2500,0,2500,0
20230101T000002,3,216,11751.1,-966.052,1645.55,0,0,0,2500,0,0,2500,0,2500,0
20230101T000002,3,217,10974.9,4951.95,1028.53,0,0,0,2500,0,0,2500,0,2500,0
20230101T000002,3,218,4522.25,1137.54,-101.366,0,0,0,2500,0,0,2500,0,2500,0
20230101T000002,3,219,950.158,854.358,-150.318,0,0,0,2500,0,0,2500,0,2500,0
20230101T000002,3,220,6652.73,7202.38,792.636,0,0,0,2500,0,0,2500,0,2500,0
20230101T000002.100000,6,241,5050.76,-4438.69,-168.669,0,0,0,31584.9,35815.7,1361.85,40864,-1196.81,72339.5,2.01857e+17
20230101T000002.100000,6,242,3951.14,-3924.69,-859.101,0,0,0,25270.9,24189.5,5424.24,25595.9,-5387.92,49624.9,1.43346e+17
20230101T000002.100000,6,243,2614.73,-908.038,-62.5877,0,0,0,1381.93,3777.07,260.473,10946.4,-90.4568,12258.2,9.96037e+16
20230101T000002.100000,6,244,9330.38,-4789.75,1015.55,0,0,0,38062.8,70808.1,-15155.3,139647,7779.98,175997,1.35491e+17
20230101T000002.100000,6,245,6909.89,1345.37,-795.106,0,0,0,3931.46,-14672.5,8783.55,76433.8,1710.17,79291.4,9.83244e+16
20230101T000002.100000,6,246,4120.5,1737.55,-594.535,0,0,0,5364.1,-11230.3,3911.95,27260.5,1649.61,31997.3,3.23117e+17
20230101T000002.100000,6,247,5683.63,3608.81,593.849,0,0,0,21285,-32533.8,-5395.62,51866.2,-3425.94,72524,1.92978e+17
20230101T000002.100000,6,248,1003.16,1215.7,106.428,0,0,0,2397.84,-1911.09,-168.084,1658.8,-203.698,3975.1,1.98456e+17
20230101T000002.100000,6,249,192.226,226.5,41.2935,0,0,0,109.514,-37.3413,-7.05313,97.206,-8.31068,142.418,1.33675e+26
20230101T000002.100000,3,221,5050.76,-4438.69,-168.669,0,0,0,2500,0,0,2500,0,2500,0
20230101T000002.100000,3,222,3951.14,-3924.69,-859.101,0,0,0,2500,0,0,2500,0,2500,0
20230101T000002.100000,3,223,2614.73,-908.038,-62.5877,0,0,0,2500,0,0,2500,0,2500,0
20230101T000002.100000,3,224,9330.38,-4789.75,1015.55,0,0,0,2500,0,0,2500,0,2500,0
20230101T000002.100000,3,225,6909.89,1345.37,-795.106,0,0,0,2500,0,0,2500,0,2500,0
20230101T000002.100000,3,226,4120.5,1737.55,-594.535,0,0,0,2500,0,0,2500,0,2500,0
20230101T000002.100000,3,227,5683.63,3608.81,593.849,0,0,0,2500,0,0,2500,0,2500,0
20230101T000002.100000,3,228,1003.16,1215.7,106.428,0,0,0,2500,0,0,2500,0,2500,0
20230101T000002.100000,3,229,192.226,226.5,41.2935,0,0,0,2500,0,0,2500,0,2500,0
20230101T000002.200000,6,250,4583.7,-5595.24,-453.684,0,0,0,50248.6,40842.4,3324.75,33851.7,-4058.46,83707.5,1.41644e+17
20230101T000002.200000,6,251,1874.54,-560.622,-234.664,0,0,0,641.662,1639.95,696.572,5634.68,-208.325,6126.05,2.00304e+17
20230101T000002.200000,6,252,3405.44,-1945.58,-528.657,0,0,0,6440.94,10381.2,2873.14,18680.8,-1641.47,24612.8,2.67033e+17
20230101T000002.200000,6,253,10284,1927.81,-427.333,0,0,0,6290.29,-31656.5,7028.97,169230,1317.62,175165,2.08256e+17
20230101T000002.200000,6,254,889.411,-17.6531,-104.731,0,0,0,81.1417,23.5208,141.608,1265.71,-2.81065,1267.06,2.05947e+17
20230101T000002.200000,6,255,5938.96,1171.23,246.976,0,0,0,2350.3,-11098.8,-2344.29,56440.1,-462.322,58629,2.12974e+17
20230101T000002.200000,6,256,5997.95,-1125.64,-505.163,0,0,0,2483.1,10716.9,4842.73,57576.7,-908.836,59588.4,2.39018e+17
20230101T000002.200000,6,257,3509.82,2137.95,-101.591,0,0,0,7372.01,-11970.3,569.158,19731.9,346.693,27023.5,7.82477e+17
20230101T000002.200000,6,258,8580.68,4549.4,-1843.86,0,0,0,37409.6,-60182.3,25304.1,119012,13416,150923,1.53811e+17
20230101T000002.200000,6,259,1870.09,1929.7,0.939207,0,0,0,5988.96,-5741.95,-2.79468,5628.6,-2.88375,11553.6,1.01426e+17
20230101T000002.200000,6,260,1048.17,1591.21,-12.9821,0,0,0,4070.58,-2639.05,21.5321,1802.66,32.6876,5808.98,2.11815e+17
20230101T000002.200000,6,261,7079.3,8092.22,1430.14,0,0,0,106221,-90006.8,-16193.5,82075.8,-18510.5,184962,1.36779e+17
20230101T000002.200000,6,262,228.922,188.75,43.7574,0,0,0,96.1145,-36.8862,-8.89982,110.438,-7.33805,142.214,6.03727e+26
20230101T000002.200000,6,263,4630.32,6815.65,-1956.06,0,0,0,76277.3,-47620,14483.4,38533.9,21319.1,108632,2.03715e+17
20230101T000002.200000,6,264,4721.63,3871.87,-1191.12,0,0,0,25380.3,-28107.2,8989.12,36607.6,7371.32,59658.6,1.74834e+17
20230101T000002.200000,6,265,5021.6,7396.42,-945.591,0,0,0,88002.7,-58732.7,7593.64,41368.9,11184.8,127878,1.8307e+17
20230101T000002.200000,6,266,3822.33,5354.19,-330.965,0,0,0,45948.4,-32631.7,2022.22,23534.7,2832.66,69244.2,7.7638e+17
20230101T000002.200000,4,206,10340.1,1221.82,-1128.32,-13.0017,1.53241,4.40235,128.565,-299.124,281.485,2648.2,32.959,2652.7,0
20230101T000002.200000,4,229,230.091,193.915,43.626,3.74893,-3.22623,0.230935,104.456,-34.4902,-6.50781,93.0871,-7.66813,134.773,0
20230101T000002.200000,3,230,4583.7,-5595.24,-453.684,0,0,0,2500,0,0,2500,0,2500,0
20230101T000002.200000,3,231,1874.54,-560.622,-234.664,0,0,0,2500,0,0,2500,0,2500,0
20230101T000002.200000,3,232,3405.44,-1945.58,-528.657,0,0,0,2500,0,0,2500,0,2500,0
20230101T000002.200000,3,233,889.411,-17.6531,-104.731,0,0,0,2500,0,0,2500,0,2500,0
20230101T000002.200000,3,234,5938.96,1171.23,246.976,0,0,0,2500,0,0,2500,0,2500,0
20230101T000002.200000,3,235,5997.95,-1125.64,-505.163,0,0,0,2500,0,0,2500,0,2500,0
20230101T000002.200000,3,236,3509.82,2137.95,-101.591,0,0,0,2500,0,0,2500,0,2500,0
20230101T000002.200000,3,237,8580.68,4549.4,-1843.86,0,0,0,2500,0,0,2500,0,2500,0
20230101T000002.200000,3,238,1870.09,1929.7,0.939207,0,0,0,2500,0,0,2500,0,2500,0
20230101T000002.200000,3,239,1048.17,1591.21,-12.9821,0,0,0,2500,0,0,2500,0,2500,0
20230101T000002.200000,3,240,7079.3,8092.22,1430.14,0,0,0,2500,0,0,2500,0,2500,0
20230101T000002.200000,3,241,4630.32,6815.65,-1956.06,0,0,0,2500,0,0,2500,0,2500,0
20230101T000002.200000,3,242,4721.63,3871.87,-1191.12,0,0,0,2500,0,0,2500,0,2500,0
20230101T000002.200000,3,243,5021.6,7396.42,-945.591,0,0,0,2500,0,0,2500,0,2500,0
20230101T000002.200000,3,244,3822.33,5354.19,-330.965,0,0,0,2500,0,0,2500,0,2500,0
20230101T000002.300000,6,267,796.51,-706.466,-147.761,0,0,0,853.247,851.82,181.789,1058.11,-161.238,1814.85,2.16436e+17
20230101T000002.300000,6,268,9594.63,-3375.28,-1521.36,0,0,0,21579.2,50636.4,23346.2,147706,-8212.93,165520,5.48132e+17
20230101T000002.300000,6,269,7785.78,786.812,-356.723,0,0,0,1255.28,-9774.75,4440.88,96992,448.785,97980,1.612e+17
20230101T000002.300000,6,270,2739.44,840.5,-226.629,0,0,0,1263.54,-3643.12,988.53,12019.8,303.295,13138,6.65254e+17
20230101T000002.300000,6,271,257.277,147.857,43.4055,0,0,0,84.3472,-32.4925,-9.92093,122.212,-5.70156,142.226,4.84942e+26
20230101T000002.300000,6,272,7224.98,6497.93,1903.63,0,0,0,70796.4,-72202.4,-21996.9,86140.8,-19783.4,151080,1.40986e+17
20230101T000002.300000,6,273,5692.79,7776.32,-839.569,0,0,0,97169.6,-70262.5,7643.91,52628.1,10441.6,148607,2.43678e+17
20230101T000002.300000,6,274,4623.79,5212.63,1741.23,0,0,0,45637.1,-36125.3,-12871.7,36955.7,-14510.9,77685.3,1.79667e+17
20230101T000002.300000,6,275,5448.06,3471.35,-1331.64,0,0,0,21342,-28945.8,11597.1,48327.2,7389.33,66773.2,1.47978e+17
20230101T000002.300000,3,245,796.511,-706.466,-147.761,0,0,0,2500,0,0,2500,0,2500,0
20230101T000002.300000,3,246,9594.63,-3375.28,-1521.36,0,0,0,2500,0,0,2500,0,2500,0
20230101T000002.300000,3,247,7785.78,786.812,-356.723,0,0,0,2500,0,0,2500,0,2500,0
20230101T000002.300000,3,248,2739.44,840.5,-226.629,0,0,0,2500,0,0,2500,0,2500,0
20230101T000002.300000,3,249,257.277,147.857,43.4055,0,0,0,2500,0,0,2500,0,2500,0
20230101T000002.300000,3,250,7224.98,6497.93,1903.63,0,0,0,2500,0,0,2500,0,2500,0
20230101T000002.300000,3,251,5692.79,7776.32,-839.569,0,0,0,2500,0,0,2500,0,2500,0
20230101T000002.300000,3,252,4623.79,5212.63,1741.23,0,0,0,2500,0,0,2500,0,2500,0
20230101T000002.300000,3,253,5448.06,3471.35,-1331.64,0,0,0,2500,0,0,2500,0,2500,0
20230101T000002.400000,6,276,3769.03,-553.705,104.699,0,0,0,570.312,3327.37,-629.643,22730.6,92.5004,23219.5,2.31281e+17
20230101T000002.400000,6,277,9707.3,1978.49,-1865.72,0,0,0,11669.7,-29627.3,28966.4,150995,5903.76,157036,3.52422e+17
20230101T000002.400000,6,278,6153.34,641.421,-157.188,0,0,0,760.653,-6304.34,1545.95,60582.8,161.149,61240,1.52331e+17
20230101T000002.400000,6,279,7076.12,494.025,579.561,0,0,0,988.582,-5551.49,-6556.48,80117.2,-457.746,80505.2,2.46418e+17
20230101T000002.400000,6,280,9873.13,1658.34,-1182.5,0,0,0,6637.44,-25821,18672.7,156029,3136.35,160367,3.50747e+17
20230101T000002.400000,6,281,6659.07,4058.25,-206.863,0,0,0,26447.5,-43179.8,2202.57,70985.1,1342.32,97300.2,1.40103e+17
20230101T000002.400000,6,282,279.097,101.36,42.1441,0,0,0,74.3747,-24.222,-10.4503,132.274,-3.79524,142.334,6.04133e+26
20230101T000002.400000,6,283,4559.5,1687.77,844.522,0,0,0,5615.99,-11920.9,-6150.83,33407.4,-2276.83,37822,1.86995e+17
20230101T000002.400000,6,284,2068.84,2450.11,101.558,0,0,0,9638.32,-8070.56,-334.866,6895.13,-396.578,16453.1,2.25696e+17
20230101T000002.400000,6,285,1213.64,1206.47,-227.308,0,0,0,2402.13,-2269.97,435.468,2429.02,432.896,4686.7,1.32426e+17
20230101T000002.400000,6,286,4406.19,3033.84,515.066,0,0,0,15057.6,-21160.3,-3626.14,31220.1,-2496.74,45790.4,2.3272e+17
20230101T000002.400000,4,249,281.702,105.733,42.2126,2.41829,-4.17071,-0.118114,81.2121,-30.0154,-9.154,116.19,-5.2608,134.597,0
20230101T000002.400000,3,254,3769.03,-553.705,104.699,0,0,0,2500,0,0,2500,0,2500,0
20230101T000002.400000,3,255,9707.3,1978.49,-1865.72,0,0,0,2500,0,0,2500,0,2500,0
20230101T000002.400000,3,256,6153.34,641.421,-157.188,0,0,0,2500,0,0,2500,0,2500,0
20230101T000002.400000,3,257,7076.12,494.025,579.561,0,0,0,2500,0,0,2500,0,2500,0
20230101T000002.400000,3,258,9873.13,1658.34,-1182.5,0,0,0,2500,0,0,2500,0,2500,0
20230101T000002.400000,3,259,6659.07,4058.25,-206.863,0,0,0,2500,0,0,2500,0,2500,0
20230101T000002.400000,3,260,4559.5,1687.77,844.522,0,0,0,2500,0,0,2500,0,2500,0
20230101T000002.400000,3,261,2068.84,2450.11,101.558,0,0,0,2500,0,0,2500,0,2500,0
20230101T000002.400000,3,262,1213.64,1206.47,-227.308,0,0,0,2500,0,0,2500,0,2500,0
20230101T000002.400000,3,263,4406.19,3033.84,515.066,0,0,0,2500,0,0,2500,0,2500,0
20230101T000002.500000,6,287,8746.99,-8368.88,1206.06,0,0,0,113309,115930,-16874.5,123558,16145,234478,1.33286e+17
20230101T000002.500000,6,288,7726.84,-8326.53,-2120.23,0,0,0,114286,99323.3,26204.4,99424.3,-28238.1,206458,9.13696e+17
20230101T000002.500000,6,289,2433.85,-1442.73,-126.1,0,0,0,3396.43,5579.04,488.607,9501.04,-289.634,12808.3,1.35356e+18
20230101T000002.500000,6,290,805.9,-195.821,-45.293,0,0,0,124.705,237.106,55.0163,1042.9,-13.3681,1100.7,1.7224e+17
20230101T000002.500000,6,291,292.366,50.4887,43.6546,0,0,0,67.8692,-12.6018,-11.3382,138.667,-1.95799,142.199,1.60472e+26
20230101T000002.500000,6,292,7690.61,566.751,353.307,0,0,0,776.094,-6954.54,-4344.52,94634.3,-320.165,95146.9,1.10668e+17
20230101T000002.500000,6,293,9119.48,-952.07,546.179,0,0,0,1985.54,13835.9,-7965.61,133070,831.607,134514,9.84091e+16
20230101T000002.500000,6,294,5252.17,769.632,-101.46,0,0,0,1026.49,-6456.04,851.404,44138.2,124.761,45084.2,1.0024e+17
20230101T000002.500000,6,295,5039.02,7171.75,-896.172,0,0,0,82740,-57187.4,7221.6,41529.4,10278.1,122922,1.1505e+17
20230101T000002.500000,6,296,3908.98,5144.88,829.12,0,0,0,42777.2,-31617.8,-5180.74,25185.5,-6818.72,66800.9,1.1832e+17
20230101T000002.500000,3,264,8746.99,-8368.88,1206.06,0,0,0,2500,0,0,2500,0,2500,0
20230101T000002.500000,3,265,7726.84,-8326.53,-2120.23,0,0,0,2500,0,0,2500,0,2500,0
20230101T000002.500000,3,266,2433.85,-1442.73,-126.1,0,0,0,2500,0,0,2500,0,2500,0
20230101T000002.500000,3,267,805.9,-195.821,-45.293,0,0,0,2500,0,0,2500,0,2500,0
20230101T000002.500000,3,268,292.366,50.4887,43.6546,0,0,0,2500,0,0,2500,0,2500,0
20230101T000002.500000,3,269,7690.61,566.751,353.307,0,0,0,2500,0,0,2500,0,2500,0
20230101T000002.500000,3,270,9119.48,-952.07,546.179,0,0,0,2500,0,0,2500,0,2500,0
20230101T000002.500000,3,271,5252.17,769.632,-101.46,0,0,0,2500,0,0,2500,0,2500,0
20230101T000002.500000,3,272,5039.02,7171.75,-896.172,0,0,0,2500,0,0,2500,0,2500,0
20230101T000002.500000,3,273,3908.98,5144.88,829.12,0,0,0,2500,0,0,2500,0,2500,0
20230101T000002.600000,6,297,2487.05,-2592.41,-219.681,0,0,0,10820.5,10245.5,871.471,9970.04,-908.392,20649.8,1.56328e+17
20230101T000002.600000,6,298,2899.13,-3069.06,-325.102,0,0,0,15180.4,14120,1504.66,13570.9,-1592.85,28518.9,1.30834e+17
20230101T000002.600000,6,299,1481.33,-436.972,91.8496,0,0,0,376.598,1014.71,-214.058,3517.14,63.144,3816.7,2.05076e+17
20230101T000002.600000,6,300,3516.86,-1196.23,-690.416,0,0,0,3028.6,6479.8,3874.06,19874.7,-1317.74,22080.9,2.31077e+17
20230101T000002.600000,6,301,9959.35,-3039.97,1715.36,0,0,0,19150,47109.9,-27324.4,159108,8340.45,173490,1.72266e+17
20230101T000002.600000,6,302,6000.72,-2708.31,214.782,0,0,0,11850.4,25951.3,-2060.26,57637.1,929.858,69349.8,9.935e+17
20230101T000002.600000,6,303,296.991,-0.0438466,41.6157,0,0,0,65.5386,0.0111594,-10.9799,141.126,0.00162103,142.358,2.14489e+26
20230101T000002.600000,6,304,5967.22,603.037,-378.29,0,0,0,871.599,-5728.25,3607.74,56975.2,364.593,57554.4,1.79755e+17
20230101T000002.600000,6,305,2103.62,876.946,-65.6645,0,0,0,1290.81,-2926.46,219.313,7090.85,91.4259,8310.87,2.37846e+17
20230101T000002.600000,6,306,8652.19,3531.52,236.613,0,0,0,20086.2,-48834.9,-3274.06,119799,-1336.35,139731,2.10689e+17
20230101T000002.600000,6,307,4920.73,4681.82,457.853,0,0,0,35280.6,-36661.4,-3601.64,38931.3,-3426.77,73813.1,1.97603e+17
20230101T000002.600000,6,308,3461.11,3637.57,-179.117,0,0,0,21225.9,-20086.5,990.337,19227.4,1040.83,40338.1,4.41946e+17
20230101T000002.600000,4,268,300.835,3.14271,41.7267,0.838521,-4.68773,-0.190888,65.9903,-11.6413,-10.4617,131.391,-1.80664,134.572,0
20230101T000002.600000,3,274,2487.05,-2592.41,-219.681,0,0,0,2500,0,0,2500,0,2500,0
20230101T000002.600000,3,275,2899.13,-3069.06,-325.102,0,0,0,2500,0,0,2500,0,2500,0
20230101T000002.600000,3,276,1481.33,-436.972,91.8496,0,0,0,2500,0,0,2500,0,2500,0
20230101T000002.600000,3,277,3516.86,-1196.23,-690.416,0,0,0,2500,0,0,2500,0,2500,0
20230101T000002.600000,3,278,9959.35,-3039.97,1715.36,0,0,0,2500,0,0,2500,0,2500,0
20230101T000002.600000,3,279,6000.72,-2708.31,214.782,0,0,0,2500,0,0,2500,0,2500,0
20230101T000002.600000,3,280,5967.22,603.037,-378.29,0,0,0,2500,0,0,2500,0,2500,0
20230101T000002.600000,3,281,2103.62,876.946,-65.6645,0,0,0,2500,0,0,2500,0,2500,0
20230101T000002.600000,3,282,8652.19,3531.52,236.613,0,0,0,2500,0,0,2500,0,2500,0
20230101T000002.600000,3,283,4920.73,4681.82,457.853,0,0,0,2500,0,0,2500,0,2500,0
20230101T000002.600000,3,284,3461.11,3637.57,-179.117,0,0,0,2500,0,0,2500,0,2500,0
20230101T000002.700000,6,309,1454.05,-1648.97,-22.7457,0,0,0,4378.9,3804.15,52.4798,3419.31,-59.5145,7733.39,1.56072e+17
20230101T000002.700000,6,310,8475.66,-7222.07,-1089.4,0,0,0,84590.2,96970.2,14768.7,115764,-12584.3,198393,1.85124e+17
20230101T000002.700000,6,311,2485.05,-1082.57,11.1264,0,0,0,1929.1,4280.89,-43.9984,9890.97,19.1673,11755.9,6.11376e+17
20230101T000002.700000,6,312,10329.8,-3705.25,-235.539,0,0,0,22101.5,61190.6,3891.62,170745,-1395.9,192694,1.54456e+17
20230101T000002.700000,6,313,4839.08,-1767.97,669.328,0,0,0,5689.06,13437.2,-5174.61,37558.6,1890.56,42468.9,2.61278e+17
20230101T000002.700000,6,314,11316,-1256.38,-1482.55,0,0,0,6061.66,22354.9,26834.2,204925,-2979.33,207409,1.42204e+17
20230101T000002.700000,6,315,292.678,-50.893,40.9958,0,0,0,67.715,12.7782,-10.6588,138.978,1.85344,142.397,2.42903e+26
20230101T000002.700000,6,316,1908.06,470.551,292.639,0,0,0,542.456,-1390.13,-884.342,5836.53,-218.09,6180.74,1.88761e+17
20230101T000002.700000,6,317,3938.75,1262.49,-465.237,0,0,0,2921.58,-7837.21,2925.16,24860.2,937.604,27373,9.70174e+17
20230101T000002.700000,6,318,2372.78,2924.49,-723.029,0,0,0,14040.7,-10663.2,2737.48,9549.76,3373.98,22694.6,7.88224e+17
20230101T000002.700000,6,319,8236.79,6782.86,1854.99,0,0,0,76929.2,-86658.2,-24438.3,110801,-20124.5,182165,1.53533e+17
20230101T000002.700000,3,285,1454.05,-1648.97,-22.7457,0,0,0,2500,0,0,2500,0,2500,0
20230101T000002.700000,3,286,8475.66,-7222.07,-1089.4,0,0,0,2500,0,0,2500,0,2500,0
20230101T000002.700000,3,287,2485.05,-1082.57,11.1264,0,0,0,2500,0,0,2500,0,2500,0
20230101T000002.700000,3,288,10329.8,-3705.25,-235.539,0,0,0,2500,0,0,2500,0,2500,0
20230101T000002.700000,3,289,4839.08,-1767.97,669.328,0,0,0,2500,0,0,2500,0,2500,0
20230101T000002.700000,3,290,11316,-1256.38,-1482.55,0,0,0,2500,0,0,2500,0,2500,0
20230101T000002.700000,3,291,292.678,-50.893,40.9958,0,0,0,2500,0,0,2500,0,2500,0
20230101T000002.700000,3,292,1908.06,470.551,292.639,0,0,0,2500,0,0,2500,0,2500,0
20230101T000002.700000,3,293,3938.75,1262.49,-465.237,0,0,0,2500,0,0,2500,0,2500,0
20230101T000002.700000,3,294,2372.78,2924.49,-723.029,0,0,0,2500,0,0,2500,0,2500,0
20230101T000002.700000,3,295,8236.79,6782.86,1854.99,0,0,0,2500,0,0,2500,0,2500,0
20230101T000002.800000,6,320,1847.43,-1517.54,-124.548,0,0,0,3737.64,4442.2,365.579,5496.49,-300.3,9145.65,1.73765e+17
20230101T000002.800000,6,321,1589.42,-2312.81,127.978,0,0,0,8587.47,5839.62,-323.808,4103.21,471.182,12600.7,5.21289e+17
20230101T000002.800000,6,322,5817.99,-8211.77,-1289.41,0,0,0,108803,75157.1,11998.2,55971.5,-16934.8,162053,3.29906e+17
20230101T000002.800000,6,323,2491.93,-3403.21,-23.7946,0,0,0,18553.6,13538,94.6579,9977.8,-129.274,28466.5,1.87114e+17
20230101T000002.800000,6,324,3510.85,-2499.51,-228.915,0,0,0,10094.1,13970.9,1283.14,19771.4,-913.517,29718,1.97781e+17
20230101T000002.800000,6,325,6788.61,-6885.78,-290.869,0,0,0,75960.7,74692.2,3158,73837.5,-3203.2,149599,1.02639e+17
20230101T000002.800000,6,326,10522.1,-4188.06,-773.672,0,0,0,28945.5,70156.5,13021,177283,-5182.69,205207,1.3412e+17
20230101T000002.800000,6,327,279.423,-100.612,41.6494,0,0,0,74.2154,24.0906,-10.3387,132.446,3.72268,142.355,8.8067e+25
20230101T000002.800000,6,328,9154.65,-5212.27,-231.817,0,0,0,43581.7,76282,3394.3,134129,-1932.57,177561,1.37268e+17
20230101T000002.800000,6,329,7965.07,-4777.62,1193.65,0,0,0,38243.8,59853.1,-15205.1,102128,9120.31,138030,1.24076e+17
20230101T000002.800000,6,330,2452.85,394.367,191.934,0,0,0,368.315,-1528.51,-748.406,9629.46,-120.328,9875.6,4.45944e+17
20230101T000002.800000,6,331,1205.82,167.925,98.624,0,0,0,122.758,-313.168,-185.176,2327.92,-25.7878,2371.95,3.61451e+17
20230101T000002.800000,6,332,11657.6,-573.222,2345.65,0,0,0,9369.19,10257,-43739.1,217461,2150.72,217968,2.00178e+17
20230101T000002.800000,6,333,7045.87,1023.64,-943.758,0,0,0,3133.78,-11328.2,10631.1,79461.7,1544.52,81108.6,1.21578e+17
20230101T000002.800000,6,334,4977.52,837.063,-111.871,0,0,0,1202.76,-6652.67,889.549,39643.5,149.594,40762.3,1.99152e+17
20230101T000002.800000,6,335,2946.03,1048.04,-8.71304,0,0,0,1814.35,-4919.86,40.9022,13893.8,14.5509,15644,1.34261e+17
20230101T000002.800000,6,336,1184.75,285.673,81.8833,0,0,0,200.924,-524.557,-151.056,2249.89,-36.4235,2376.66,3.55221e+17
20230101T000002.800000,6,337,6751.78,2445.49,125.968,0,0,0,9647.68,-26389.7,-1359.76,72948.9,-492.503,82507.2,1.11313e+17
20230101T000002.800000,6,338,2249.94,3300.99,-303.437,0,0,0,17501.4,-11785.1,1089.62,8243.63,1598.64,25534.4,1.40287e+17
20230101T000002.800000,6,339,5324.57,4833.75,959.1,0,0,0,38225.6,-40416.5,-8164.66,46055,-7412.05,82747.1,7.2143e+17
20230101T000002.800000,4,291,284.24,-98.9568,41.6143,-0.835433,-4.75879,0.0612352,65.8478,11.8026,-9.8349,131.67,1.71017,134.754,0
20230101T000002.800000,3,296,1847.43,-1517.54,-124.548,0,0,0,2500,0,0,2500,0,2500,0
20230101T000002.800000,3,297,1589.42,-2312.81,127.978,0,0,0,2500,0,0,2500,0,2500,0
20230101T000002.800000,3,298,5817.99,-8211.77,-1289.41,0,0,0,2500,0,0,2500,0,2500,0
20230101T000002.800000,3,299,2491.93,-3403.21,-23.7946,0,0,0,2500,0,0,2500,0,2500,0
20230101T000002.800000,3,300,3510.85,-2499.51,-228.915,0,0,0,2500,0,0,2500,0,2500,0
20230101T000002.800000,3,301,6788.61,-6885.79,-290.869,0,0,0,2500,0,0,2500,0,2500,0
20230101T000002.800000,3,302,10522.1,-4188.06,-773.672,0,0,0,2500,0,0,2500,0,2500,0
20230101T000002.800000,3,303,9154.65,-5212.27,-231.817,0,0,0,2500,0,0,2500,0,2500,0
20230101T000002.800000,3,304,7965.07,-4777.62,1193.65,0,0,0,2500,0,0,2500,0,2500,0
20230101T000002.800000,3,305,2452.85,394.367,191.934,0,0,0,2500,0,0,2500,0,2500,0
20230101T000002.800000,3,306,1205.82,167.925,98.624,0,0,0,2500,0,0,2500,0,2500,0
20230101T000002.800000,3,307,11657.6,-573.222,2345.65,0,0,0,2500,0,0,2500,0,2500,0
20230101T000002.800000,3,308,7045.87,1023.64,-943.758,0,0,0,2500,0,0,2500,0,2500,0
20230101T000002.800000,3,309,4977.52,837.063,-111.871,0,0,0,2500,0,0,2500,0,2500,0
20230101T000002.800000,3,310,2946.03,1048.04,-8.71304,0,0,0,2500,0,0,2500,0,2500,0
20230101T000002.800000,3,311,1184.75,285.673,81.8833,0,0,0,2500,0,0,2500,0,2500,0
20230101T000002.800000,3,312,6751.78,2445.49,125.968,0,0,0,2500,0,0,2500,0,2500,0
20230101T000002.800000,3,313,2249.94,3300.99,-303.437,0,0,0,2500,0,0,2500,0,2500,0
20230101T000002.800000,3,314,5324.57,4833.75,959.1,0,0,0,2500,0,0,2500,0,2500,0
20230101T000002.900000,6,340,8299.97,-7450.81,223.949,0,0,0,88903.1,98874.6,-2973.07,110287,2668.9,199046,2.04741e+17
20230101T000002.900000,6,341,6777.17,-7333.29,2136.29,0,0,0,89435.4,75848.2,-23155.9,77459.3,25056.1,159534,2.27671e+17
20230101T000002.900000,6,342,2555.34,-1469.02,39.2922,0,0,0,3502.77,5977.42,-159.908,10464.1,91.9283,13900.4,2.12609e+17
20230101T000002.900000,6,343,257.851,-147.616,40.8395,0,0,0,84.1831,32.6668,-9.35591,122.543,5.35613,142.431,9.28223e+23
20230101T000002.900000,6,344,4618.41,-2827.99,6.52651,0,0,0,12842.6,20868.8,-48.1616,34145.1,29.4907,46923.6,6.62633e+17
20230101T000002.900000,6,345,5309.08,-1092.34,-919.773,0,0,0,3267.43,8999.49,7802.69,45155.6,-1605.41,47009.1,1.10132e+18
20230101T000002.900000,6,346,2872.23,242.454,31.3238,0,0,0,159.153,-1108.72,-143.258,13200,-12.0928,13293.6,1.28867e+17
20230101T000002.900000,6,347,1803.94,38.3773,-110.791,0,0,0,85.7177,-108.995,315.861,5206.74,6.71968,5209.3,2.72296e+17
20230101T000002.900000,6,348,9138.01,1479.45,-1179.78,0,0,0,5733.54,-21269.5,17241.4,133664,2791.4,137108,2.61535e+17
20230101T000002.900000,6,349,2668.24,1742.89,-369.164,0,0,0,5057.39,-7311.97,1569.9,11475.3,1025.46,16252.3,1.54884e+17
20230101T000002.900000,6,350,11533.1,3796.8,612.192,0,0,0,23663.8,-69865.3,-11293.7,212886,-3717.99,235886,4.77925e+17
20230101T000002.900000,6,351,8979.76,1597.87,-1973.46,0,0,0,10184.4,-21872.3,28340.9,129211,5043.01,133106,2.55973e+17
20230101T000002.900000,6,352,7053.81,7980.35,47.834,0,0,0,101927,-90033.5,-539.669,79648,-610.556,181508,1.40387e+17
20230101T000002.900000,6,353,741.31,675.314,-118.182,0,0,0,776.387,-758.438,134.676,918.028,122.686,1609.82,1.94876e+17
20230101T000002.900000,6,354,6203.27,5992.61,334.719,0,0,0,57584.1,-59356.6,-3320.39,61686.3,-3207.63,119027,1.32592e+17
20230101T000002.900000,6,355,3805.62,5311.72,615.766,0,0,0,45370.3,-32025.8,-3745.91,23615.2,-5228.38,68316,3.48313e+17
20230101T000002.900000,3,315,8299.97,-7450.81,223.949,0,0,0,2500,0,0,2500,0,2500,0
20230101T000002.900000,3,316,6777.17,-7333.29,2136.29,0,0,0,2500,0,0,2500,0,2500,0
20230101T000002.900000,3,317,2555.34,-1469.02,39.2922,0,0,0,2500,0,0,2500,0,2500,0
20230101T000002.900000,3,318,257.851,-147.616,40.8395,0,0,0,2500,0,0,2500,0,2500,0
20230101T000002.900000,3,319,4618.41,-2827.99,6.52651,0,0,0,2500,0,0,2500,0,2500,0
20230101T000002.900000,3,320,5309.08,-1092.34,-919.773,0,0,0,2500,0,0,2500,0,2500,0
20230101T000002.900000,3,321,2872.23,242.454,31.3238,0,0,0,2500,0,0,2500,0,2500,0
20230101T000002.900000,3,322,1803.94,38.3773,-110.791,0,0,0,2500,0,0,2500,0,2500,0
20230101T000002.900000,3,323,9138.01,1479.45,-1179.78,0,0,0,2500,0,0,2500,0,2500,0
20230101T000002.900000,3,324,2668.24,1742.89,-369.164,0,0,0,2500,0,0,2500,0,2500,0
20230101T000002.900000,3,325,11533.1,3796.8,612.192,0,0,0,2500,0,0,2500,0,2500,0
20230101T000002.900000,3,326,8979.76,1597.87,-1973.46,0,0,0,2500,0,0,2500,0,2500,0
20230101T000002.900000,3,327,7053.81,7980.35,47.834,0,0,0,2500,0,0,2500,0,2500,0
20230101T000002.900000,3,328,741.31,675.314,-118.182,0,0,0,2500,0,0,2500,0,2500,0
20230101T000002.900000,3,329,6203.27,5992.61,334.719,0,0,0,2500,0,0,2500,0,2500,0
20230101T000002.900000,3,330,3805.62,5311.72,615.766,0,0,0,2500,0,0,2500,0,2500,0
20230101T000003,6,356,2691.76,-2625.44,120.905,0,0,0,11073.4,11263.6,-519.246,11635.5,506.452,22621.7,8.94196e+16
20230101T000003,6,357,227.786,-190.121,43.6597,0,0,0,96.5536,36.9737,-8.83523,109.992,7.37433,142.208,4.37149e+25
20230101T000003,6,358,4278.63,-4775.06,-1153.02,0,0,0,37456.9,31601.1,7885.92,30504.9,-8800.91,65774.6,2.23529e+17
20230101T000003,6,359,7234.41,-1415.91,-900.079,0,0,0,4516.82,16133,10410.9,83788.8,-2037.61,86947.2,1.85596e+17
20230101T000003,6,360,8880.74,1146.06,-1106.09,0,0,0,4088.95,-16028.1,15708.9,126221,2027.23,128290,2.51712e+17
20230101T000003,6,361,10093.9,2964.18,112.385,0,0,0,14135.7,-47849.6,-1814.39,163026,-532.815,177078,1.65692e+17
20230101T000003,6,362,2985.73,3407.17,-647.817,0,0,0,18893,-15912.7,3088.82,14678.6,3524.81,32838.8,1.53381e+17
20230101T000003,6,363,5651.65,5081.62,-1037.13,0,0,0,42302.9,-45064.3,9372.05,51903.3,8426.77,92423.6,1.68774e+17
20230101T000003,6,364,7693.66,5768.12,1827.25,0,0,0,56693.4,-68411.2,-22483.8,96652.4,-16856.6,147944,4.03009e+17
20230101T000003,4,318,232.978,-190.301,43.5095,-2.46264,-4.22627,0.264359,81.0583,30.1721,-8.63261,116.489,4.94205,134.786,0
20230101T000003,3,331,2691.76,-2625.44,120.905,0,0,0,2500,0,0,2500,0,2500,0
20230101T000003,3,332,4278.63,-4775.06,-1153.02,0,0,0,2500,0,0,2500,0,2500,0
20230101T000003,3,333,7234.41,-1415.91,-900.079,0,0,0,2500,0,0,2500,0,2500,0
20230101T000003,3,334,8880.74,1146.06,-1106.09,0,0,0,2500,0,0,2500,0,2500,0
20230101T000003,3,335,10093.9,2964.18,112.385,0,0,0,2500,0,0,2500,0,2500,0
20230101T000003,3,336,2985.73,3407.17,-647.817,0,0,0,2500,0,0,2500,0,2500,0
20230101T000003,3,337,5651.65,5081.62,-1037.13,0,0,0,2500,0,0,2500,0,2500,0
20230101T000003,3,338,7693.66,5768.12,1827.25,0,0,0,2500,0,0,2500,0,2500,0
20230101T000003.100000,6,365,9653.28,-6258.81,-466.973,0,0,0,62967,96480.5,7210.34,149220,-4674.9,211774,1.37375e+17
20230101T000003.100000,6,366,6936.86,-8913.52,1715.33,0,0,0,128921,96618.8,-19032.6,79963,24455.9,204115,5.78199e+17
20230101T000003.100000,6,367,7658.34,-7286.85,1371.42,0,0,0,86569.6,87754.1,-16798.6,95300,15983.7,178799,7.80877e+17
20230101T000003.100000,6,368,4300.14,-4078.11,-142.066,0,0,0,26660.2,28010.2,976.33,29631.5,-925.919,56195.5,1.92571e+17
20230101T000003.100000,6,369,3201.32,-1534.77,-31.8213,0,0,0,3822.19,7835.68,162.475,16409.7,-77.8935,20166.3,1.47064e+17
20230101T000003.100000,6,370,9098.6,-3546.87,-2502.48,0,0,0,28878.6,48223.4,36416.1,133785,-14195.9,152587,1.49888e+17
20230101T000003.100000,6,371,7178.54,-3536.73,404.47,0,0,0,20275.5,40492.6,-4642.71,82513.9,2287.38,102464,1.23002e+17
20230101T000003.100000,6,372,4026.77,-765.354,206.716,0,0,0,1064.82,4906.79,-1328.67,25948.4,252.536,26881.2,1.1063e+17
20230101T000003.100000,6,373,9083.17,-1662.93,-1556.78,0,0,0,8236.7,23469.6,22614.4,132134,-4140.22,136433,1.67967e+17
20230101T000003.100000,6,374,6761.92,957.265,383.727,0,0,0,1759.68,-10315.2,-4148.03,73163.6,-587.223,74624.1,1.30689e+17
20230101T000003.100000,6,375,7826.46,4975.46,1793.28,0,0,0,43316.6,-59946.9,-22446,99504.3,-14269.4,137616,2.59917e+17
20230101T000003.100000,6,376,6786.9,8561.37,-1484.97,0,0,0,118661,-91220.1,16120.1,75904.5,20334.8,190976,2.40405e+17
20230101T000003.100000,6,377,311.651,376.631,-105.061,0,0,0,259.002,-149.083,44.0064,202.197,53.1818,385.19,1.23327e+25
20230101T000003.100000,3,339,9653.28,-6258.81,-466.973,0,0,0,2500,0,0,2500,0,2500,0
20230101T000003.100000,3,340,6936.86,-8913.52,1715.33,0,0,0,2500,0,0,2500,0,2500,0
20230101T000003.100000,3,341,7658.34,-7286.85,1371.42,0,0,0,2500,0,0,2500,0,2500,0
20230101T000003.100000,3,342,4300.14,-4078.11,-142.066,0,0,0,2500,0,0,2500,0,2500,0
20230101T000003.100000,3,343,3201.32,-1534.77,-31.8213,0,0,0,2500,0,0,2500,0,2500,0
20230101T000003.100000,3,344,9098.6,-3546.87,-2502.48,0,0,0,2500,0,0,2500,0,2500,0
20230101T000003.100000,3,345,7178.54,-3536.73,404.47,0,0,0,2500,0,0,2500,0,2500,0
20230101T000003.100000,3,346,4026.77,-765.354,206.716,0,0,0,2500,0,0,2500,0,2500,0
20230101T000003.100000,3,347,9083.17,-1662.93,-1556.78,0,0,0,2500,0,0,2500,0,2500,0
20230101T000003.100000,3,348,6761.92,957.265,383.727,0,0,0,2500,0,0,2500,0,2500,0
20230101T000003.100000,3,349,7826.46,4975.46,1793.28,0,0,0,2500,0,0,2500,0,2500,0
20230101T000003.100000,3,350,6786.9,8561.37,-1484.97,0,0,0,2500,0,0,2500,0,2500,0
20230101T000003.100000,3,351,311.651,376.631,-105.061,0,0,0,2500,0,0,2500,0,2500,0
20230101T000003.200000,6,378,5214.68,-6986.73,691.288,0,0,0,78399.2,57896.6,-5764.74,44040.5,7723.71,121612,1.92717e+17
20230101T000003.200000,6,379,1811.39,-472.898,-54.2997,0,0,0,422.094,1353.78,155.578,5254.19,-40.6166,5607.67,1.1337e+17
20230101T000003.200000,6,380,11256.2,1788.77,-2044.56,0,0,0,11703.6,-31169.3,36811.2,202888,5849.86,207843,1.33753e+17
20230101T000003.200000,6,381,7233.22,3401.5,-560.18,0,0,0,18975.6,-39148.2,6479,83813.6,3046.82,102224,9.67784e+16
20230101T000003.200000,6,382,5487.74,2367.33,66.8026,0,0,0,9026.75,-20760.2,-585.896,48195.7,-252.747,57151.3,9.69284e+16
20230101T000003.200000,6,383,6224.46,3065.09,-1063.64,0,0,0,16538.8,-29783.5,10584.3,62355.7,5211.99,77023.4,1.68509e+17
20230101T000003.200000,6,384,8403.77,4445.39,833.802,0,0,0,32537.2,-59286.8,-11206.4,113254,-5927.92,144616,2.36246e+17
20230101T000003.200000,6,385,5514.79,8151.64,-2256.88,0,0,0,108897,-68116.9,19906.1,54293.2,29424.1,154983,1.97253e+17
20230101T000003.200000,6,386,4043.13,6077.55,-1756.18,0,0,0,60631,-37012.1,11352.7,29617.8,17065.1,85257.1,3.85116e+17
20230101T000003.200000,6,387,378.551,310.423,-101.436,0,0,0,200.715,-149.857,51.6058,260.574,42.3183,386.096,1.06296e+24
20230101T000003.200000,4,351,375.069,324.946,-101.932,6.27901,-5.11737,0.309812,227.557,-126.313,37.049,179.428,44.7738,332.828,0
20230101T000003.200000,3,352,5214.68,-6986.73,691.288,0,0,0,2500,0,0,2500,0,2500,0
20230101T000003.200000,3,353,1811.39,-472.898,-54.2997,0,0,0,2500,0,0,2500,0,2500,0
20230101T000003.200000,3,354,11256.2,1788.77,-2044.56,0,0,0,2500,0,0,2500,0,2500,0
20230101T000003.200000,3,355,7233.22,3401.5,-560.18,0,0,0,2500,0,0,2500,0,2500,0
20230101T000003.200000,3,356,5487.74,2367.33,66.8026,0,0,0,2500,0,0,2500,0,2500,0
20230101T000003.200000,3,357,6224.46,3065.09,-1063.64,0,0,0,2500,0,0,2500,0,2500,0
20230101T000003.200000,3,358,8403.77,4445.39,833.802,0,0,0,2500,0,0,2500,0,2500,0
20230101T000003.200000,3,359,5514.79,8151.64,-2256.88,0,0,0,2500,0,0,2500,0,2500,0
20230101T000003.200000,3,360,4043.13,6077.55,-1756.18,0,0,0,2500,0,0,2500,0,2500,0
20230101T000003.300000,6,388,3557.03,-3680.58,980.169,0,0,0,22446.9,20148.1,-5570.17,21070.7,5763.65,41920.9,1.16274e+17
20230101T000003.300000,6,389,4799.58,-3002.3,-791.994,0,0,0,15188.5,22576.2,6074.54,37157.5,-3799.82,51280.9,1.53938e+17
20230101T000003.300000,6,390,1045.21,-661.68,251.266,0,0,0,816.507,1033.12,-409.651,1794.42,259.334,2450.98,1.42685e+18
20230101T000003.300000,6,391,1627.32,-307.252,266.998,0,0,0,321.412,767.829,-685.304,4243.14,129.391,4389.74,2.30083e+17
20230101T000003.300000,6,392,4146.73,672.249,88.0401,0,0,0,797.487,-4448.15,-582.802,27514.5,-94.4812,28235.6,1.5029e+17
20230101T000003.300000,6,393,10246.4,-262.269,-1246.47,0,0,0,2657.34,4234.52,20427.3,167985,-522.859,168094,1.32347e+17
20230101T000003.300000,6,394,4750.64,676.496,-828.194,0,0,0,1868.79,-4980.21,6284.5,36132.8,894.92,36843.8,1.24337e+17
20230101T000003.300000,6,395,422.479,245.704,-104.399,0,0,0,155.361,-131.909,59.2678,305.459,34.4688,384.967,2.02547e+24
20230101T000003.300000,6,396,4924.24,1973.22,-215.006,0,0,0,6348.56,-15499,1691.58,38816,677.845,45026.9,1.05401e+17
20230101T000003.300000,6,397,2420.12,2876.16,382.891,0,0,0,13359.2,-10990.3,-1478.48,9545.62,-1757.08,22607.6,2.04152e+17
20230101T000003.300000,6,398,7684.84,9398.98,-2531.32,0,0,0,145477,-110514,31116.4,100672,38057,235839,7.8922e+17
20230101T000003.300000,6,399,3654.17,4575.03,-530.738,0,0,0,33689.7,-26497.9,3099.46,21678.6,3880.53,54854.6,1.40758e+17
20230101T000003.300000,6,400,6710.13,6660.23,-874.853,0,0,0,71622.7,-70861.6,9388.44,72680.6,9318.62,143016,2.74995e+17
20230101T000003.300000,3,361,3557.03,-3680.58,980.169,0,0,0,2500,0,0,2500,0,2500,0
20230101T000003.300000,3,362,4799.58,-3002.3,-791.994,0,0,0,2500,0,0,2500,0,2500,0
20230101T000003.300000,3,363,1045.21,-661.68,251.266,0,0,0,2500,0,0,2500,0,2500,0
20230101T000003.300000,3,364,1627.32,-307.252,266.998,0,0,0,2500,0,0,2500,0,2500,0
20230101T000003.300000,3,365,4146.73,672.249,88.0401,0,0,0,2500,0,0,2500,0,2500,0
20230101T000003.300000,3,366,10246.4,-262.269,-1246.47,0,0,0,2500,0,0,2500,0,2500,0
20230101T000003.300000,3,367,4750.64,676.496,-828.194,0,0,0,2500,0,0,2500,0,2500,0
20230101T000003.300000,3,368,422.479,245.704,-104.399,0,0,0,2500,0,0,2500,0,2500,0
20230101T000003.300000,3,369,4924.24,1973.22,-215.006,0,0,0,2500,0,0,2500,0,2500,0
20230101T000003.300000,3,370,2420.12,2876.16,382.891,0,0,0,2500,0,0,2500,0,2500,0
20230101T000003.300000,3,371,7684.85,9398.98,-2531.32,0,0,0,2500,0,0,2500,0,2500,0
20230101T000003.300000,3,372,3654.17,4575.03,-530.738,0,0,0,2500,0,0,2500,0,2500,0
20230101T000003.300000,3,373,6710.13,6660.23,-874.853,0,0,0,2500,0,0,2500,0,2500,0
20230101T000003.400000,6,401,9039.33,-8131.05,-758.69,0,0,0,106327,117109,10969.9,131176,-9867.65,236518,1.94771e+17
20230101T000003.400000,6,402,6882.65,-6607.08,-235.772,0,0,0,69925.3,72682.5,2595.24,75866.8,-2491.33,145639,1.78048e+17
20230101T000003.400000,6,403,11271.8,-3904.96,1328.56,0,0,0,26975.8,69532.2,-23953.7,203594,8298.44,227683,2.14886e+17
20230101T000003.400000,6,404,5169.55,-1026.6,763.525,0,0,0,2643.91,8301.09,-6306.42,42796.6,1252.36,44446.4,3.22611e+17
20230101T000003.400000,6,405,6216.07,-2212.6,-632.847,0,0,0,8458,21783.4,6288.38,61902.4,-2238.34,69656.8,1.56738e+17
20230101T000003.400000,6,406,5268.34,-773.48,86.2081,0,0,0,1031.51,6509.03,-725.654,44410.3,106.538,45366,2.94235e+17
20230101T000003.400000,6,407,1518.13,635.86,224.597,0,0,0,769.026,-1493.37,-537.641,3708.99,-225.187,4335.65,1.57948e+17
20230101T000003.400000,6,408,3813.73,948.384,-160.622,0,0,0,1538.14,-5762.37,977.576,23277.4,243.1,24710.4,5.56749e+17
20230101T000003.400000,6,409,460.753,164.182,-103.192,0,0,0,112.617,-96.2752,63.8969,348.492,22.7687,385.526,2.38643e+24
20230101T000003.400000,6,410,2783.7,1642.88,-517.371,0,0,0,4682.39,-7102.46,2295.73,12525.1,1354.89,16718.4,1.86778e+17
20230101T000003.400000,6,411,1765.92,1339.17,-373.156,0,0,0,3050.36,-3646.56,1046,5093.64,793.22,7860.74,2.24049e+17
20230101T000003.400000,6,412,8477.44,7502.59,834.762,0,0,0,90723.2,-101180,-11319.1,115505,-10017.5,205050,1.1601e+17
20230101T000003.400000,6,413,10142.1,6181.72,-1021.19,0,0,0,62404.7,-99543.1,16566.5,165048,10097.5,225721,2.86501e+17
20230101T000003.400000,4,368,462.155,178.201,-103.361,3.92829,-6.68345,0.102757,139.752,-111.769,49.9047,266.932,29.0234,332.679,0
20230101T000003.400000,3,374,9039.33,-8131.05,-758.69,0,0,0,2500,0,0,2500,0,2500,0
20230101T000003.400000,3,375,6882.65,-6607.09,-235.772,0,0,0,2500,0,0,2500,0,2500,0
20230101T000003.400000,3,376,11271.8,-3904.96,1328.56,0,0,0,2500,0,0,2500,0,2500,0
20230101T000003.400000,3,377,5169.55,-1026.6,763.525,0,0,0,2500,0,0,2500,0,2500,0
20230101T000003.400000,3,378,6216.07,-2212.6,-632.847,0,0,0,2500,0,0,2500,0,2500,0
20230101T000003.400000,3,379,5268.34,-773.48,86.2081,0,0,0,2500,0,0,2500,0,2500,0
20230101T000003.400000,3,380,1518.13,635.86,224.597,0,0,0,2500,0,0,2500,0,2500,0
20230101T000003.400000,3,381,3813.73,948.384,-160.622,0,0,0,2500,0,0,2500,0,2500,0
20230101T000003.400000,3,382,2783.7,1642.88,-517.371,0,0,0,2500,0,0,2500,0,2500,0
20230101T000003.400000,3,383,1765.92,1339.17,-373.156,0,0,0,2500,0,0,2500,0,2500,0
20230101T000003.400000,3,384,8477.44,7502.59,834.762,0,0,0,2500,0,0,2500,0,2500,0
20230101T000003.400000,3,385,10142.1,6181.72,-1021.19,0,0,0,2500,0,0,2500,0,2500,0
20230101T000003.500000,6,414,1380.46,-1721.67,-189.562,0,0,0,4790.01,3743.65,415.279,3122.73,-517.925,7792.19,2.31195e+17
20230101T000003.500000,6,415,7128.82,-9856.79,162.007,0,0,0,155486,112377,-1847.37,81381.8,2554.29,236762,2.07874e+17
20230101T000003.500000,6,416,8493.94,-6310.72,-658.745,0,0,0,64208.8,85401.8,8949.36,115705,-6649.09,179156,1.17796e+17
20230101T000003.500000,6,417,3646.86,-2221.11,215.382,0,0,0,7994.02,12898.8,-1254,21316.7,763.743,29172.9,4.59607e+17
20230101T000003.500000,6,418,8943.4,-3766.49,-210.651,0,0,0,22812.9,53848.1,3013.02,127995,-1268.92,150673,1.59927e+17
20230101T000003.500000,6,419,5577.39,-3123.13,322.289,0,0,0,15781.4,27772.2,-2873.24,49826.5,1608.91,65378,1.52363e+17
20230101T000003.500000,6,420,3543.5,-678.603,-415.807,0,0,0,1064.58,3784.64,2350.31,20102.3,-450.1,20827.9,2.26522e+17
20230101T000003.500000,6,421,10411.5,-530.555,546.674,0,0,0,990.967,8810.64,-9103.37,173440,463.895,173889,2.25486e+17
20230101T000003.500000,6,422,481.117,83.9488,-107.027,0,0,0,88.325,-51.1787,69.2047,372.704,12.0753,384.567,2.60768e+23
20230101T000003.500000,6,423,7841.25,-1454.16,585.672,0,0,0,3975.44,18134.1,-7343.25,98396.6,1361.8,101760,1.44541e+17
20230101T000003.500000,6,424,5723.44,663.867,777.962,0,0,0,1722.68,-5961.34,-7115.76,52426.1,-825.364,53118.8,1.70249e+17
20230101T000003.500000,6,425,7231.64,3109.27,652.199,0,0,0,16096.2,-35706.2,-7541.51,83790.6,-3242.5,99143.1,1.48717e+17
20230101T000003.500000,6,426,482.935,81.6802,-100.355,0,0,0,86.0537,-50.365,65.1355,375.319,11.0165,386.415,2.37491e+23
20230101T000003.500000,6,427,2165.33,2279.74,-550.765,0,0,0,8575.21,-7624.87,1900.65,7789.63,2001.08,15819.3,1.77487e+17
20230101T000003.500000,6,428,7581.68,6589.49,-629.154,0,0,0,69871.3,-79589.8,7629.06,92270.9,6630.67,161445,1.64857e+17
20230101T000003.500000,6,429,5825.64,8874.36,-1339.93,0,0,0,126891,-81371.3,12485.2,56352.5,19019,180309,3.12709e+17
20230101T000003.500000,6,430,5136.29,5317.98,-80.6502,0,0,0,45285.4,-43666.3,662.303,42248.8,685.731,87459.8,1.05229e+17
20230101T000003.500000,3,386,1380.46,-1721.67,-189.562,0,0,0,2500,0,0,2500,0,2500,0
20230101T000003.500000,3,387,7128.82,-9856.79,162.007,0,0,0,2500,0,0,2500,0,2500,0
20230101T000003.500000,3,388,8493.94,-6310.72,-658.745,0,0,0,2500,0,0,2500,0,2500,0
20230101T000003.500000,3,389,3646.86,-2221.11,215.382,0,0,0,2500,0,0,2500,0,2500,0
20230101T000003.500000,3,390,8943.4,-3766.49,-210.651,0,0,0,2500,0,0,2500,0,2500,0
20230101T000003.500000,3,391,5577.39,-3123.13,322.289,0,0,0,2500,0,0,2500,0,2500,0
20230101T000003.500000,3,392,3543.5,-678.603,-415.807,0,0,0,2500,0,0,2500,0,2500,0
20230101T000003.500000,3,393,10411.5,-530.555,546.674,0,0,0,2500,0,0,2500,0,2500,0
20230101T000003.500000,3,394,481.117,83.9488,-107.027,0,0,0,2500,0,0,2500,0,2500,0
20230101T000003.500000,3,395,7841.25,-1454.16,585.672,0,0,0,2500,0,0,2500,0,2500,0
20230101T000003.500000,3,396,5723.44,663.867,777.962,0,0,0,2500,0,0,2500,0,2500,0
20230101T000003.500000,3,397,7231.64,3109.27,652.199,0,0,0,2500,0,0,2500,0,2500,0
20230101T000003.500000,3,398,482.935,81.6802,-100.355,0,0,0,2500,0,0,2500,0,2500,0
20230101T000003.500000,3,399,2165.33,2279.74,-550.765,0,0,0,2500,0,0,2500,0,2500,0
20230101T000003.500000,3,400,7581.68,6589.49,-629.154,0,0,0,2500,0,0,2500,0,2500,0
20230101T000003.500000,3,401,5825.64,8874.36,-1339.93,0,0,0,2500,0,0,2500,0,2500,0
20230101T000003.500000,3,402,5136.29,5317.98,-80.6502,0,0,0,2500,0,0,2500,0,2500,0
20230101T000003.600000,6,431,2792.69,-1941.66,-357.261,0,0,0,6212.4,8550.54,1590.89,12565.8,-1106.09,18511.4,1.70344e+17
20230101T000003.600000,6,432,830.148,-795.835,-120.598,0,0,0,1058.48,1013.81,155.391,1144.09,-148.968,2116.69,1.72107e+17
20230101T000003.600000,6,433,3736.31,-2712.62,-272.719,0,0,0,11892.9,16129.4,1627.29,22399.1,-1181.44,34109.5,1.79814e+17
20230101T000003.600000,6,434,10246.7,-5914.18,1170.99,0,0,0,57657.2,95983.7,-19192.5,168555,11077.5,223955,1.98865e+17
20230101T000003.600000,6,435,10997.9,1134.86,1219.19,0,0,0,4476.43,-19720.5,-21446.7,193552,-2213.05,195588,1.17764e+17
20230101T000003.600000,6,436,488.936,0.17569,-104.273,0,0,0,78.6124,-0.109194,68.5174,382.493,0.0246205,385.277,2.57213e+24
20230101T000003.600000,6,437,8802.45,5534.79,-1372.88,0,0,0,51220.6,-76564.3,19328.4,124845,12153.3,172988,1.54082e+17
20230101T000003.600000,6,438,5202.98,2474.31,-211.67,0,0,0,9906.14,-20545.5,1759.98,43338.6,836.973,53109.2,1.16103e+17
20230101T000003.600000,6,439,8341.39,3615.63,-1955.87,0,0,0,26120.5,-45999.2,26091.4,112304,11309.5,132245,2.18293e+17
20230101T000003.600000,6,440,4648.66,3935.34,53.9815,0,0,0,24819,-29236.6,-401.073,34604.7,-339.53,59355,1.66305e+17
20230101T000003.600000,4,398,494.068,11.4715,-103.74,1.10224,-6.95138,-0.335106,81.0269,-42.6487,54.839,325.974,9.27508,333.867,0
20230101T000003.600000,3,403,2792.69,-1941.66,-357.261,0,0,0,2500,0,0,2500,0,2500,0
20230101T000003.600000,3,404,830.148,-795.835,-120.598,0,0,0,2500,0,0,2500,0,2500,0
20230101T000003.600000,3,405,3736.31,-2712.62,-272.719,0,0,0,2500,0,0,2500,0,2500,0
20230101T000003.600000,3,406,10246.7,-5914.18,1170.99,0,0,0,2500,0,0,2500,0,2500,0
20230101T000003.600000,3,407,10997.9,1134.86,1219.19,0,0,0,2500,0,0,2500,0,2500,0
20230101T000003.600000,3,408,8802.45,5534.79,-1372.88,0,0,0,2500,0,0,2500,0,2500,0
20230101T000003.600000,3,409,5202.98,2474.31,-211.67,0,0,0,2500,0,0,2500,0,2500,0
20230101T000003.600000,3,410,8341.39,3615.63,-1955.87,0,0,0,2500,0,0,2500,0,2500,0
20230101T000003.600000,3,411,4648.66,3935.34,53.9815,0,0,0,2500,0,0,2500,0,2500,0
20230101T000003.700000,6,441,8484.41,-8538.69,1646.86,0,0,0,118842,113712,-22350.1,117392,22493.1,231832,1.23233e+17
20230101T000003.700000,6,442,7622.43,-6521.3,2230.88,0,0,0,72676.6,75569.4,-27197.3,96353.3,23268.4,161009,1.74324e+17
20230101T000003.700000,6,443,4914.17,-4649.68,1210.46,0,0,0,35860.9,35357.6,-9509.42,39775.2,8997.6,73231.8,1.93332e+17
20230101T000003.700000,6,444,480.039,-89.1075,-106.758,0,0,0,89.3776,54.2075,68.8655,371.341,-12.7832,384.324,3.68479e+23
20230101T000003.700000,6,445,4648.05,-1655.59,-989.654,0,0,0,5830.78,11797.6,7348.31,34750.4,-2617.39,38955,2.46548e+17
20230101T000003.700000,6,446,8308.68,-4791.98,-574.918,0,0,0,37185.6,63447.6,7639.58,110603,-4406.08,147196,1.34811e+17
20230101T000003.700000,6,447,1068.9,-146.04,279.57,0,0,0,215.762,224.947,-462.734,1831.46,63.2217,1866.23,6.10774e+17
20230101T000003.700000,6,448,478.628,-96.1437,-106.631,0,0,0,90.9929,58.3202,68.5771,369.61,-13.7753,384.24,3.68417e+23
20230101T000003.700000,6,449,9713.42,-1755.84,-539.847,0,0,0,5446.11,27195.6,8386.58,150978,-1516,155894,2.10036e+17
20230101T000003.700000,6,450,1507.41,873.485,37.319,0,0,0,1270.32,-2078.01,-88.8227,3652.31,-51.4692,4856.46,2.03474e+17
20230101T000003.700000,6,451,11117.1,3058.66,-79.9458,0,0,0,15037.6,-54386.5,1421.6,197750,391.125,212713,2.53182e+17
20230101T000003.700000,6,452,5483.35,2630.14,-844.117,0,0,0,12046.1,-22606.2,7397.89,48332.4,3548.46,59176.9,8.27472e+16
20230101T000003.700000,6,453,8391.65,5064.44,231.057,0,0,0,41147.2,-67932.3,-3101.03,112711,-1871.5,153709,1.88529e+17
20230101T000003.700000,6,454,1926.61,2661.17,170.085,0,0,0,11368.8,-8150.96,-522.363,6011.16,-721.526,17270,1.45002e+17
20230101T000003.700000,6,455,2774.74,2504.46,20.9156,0,0,0,10071.4,-11086.6,-92.5907,12347.8,-83.5717,22354.5,8.27105e+17
20230101T000003.700000,6,456,5185.19,5762.3,-1336.29,0,0,0,54432.8,-46354.3,11079.1,44631,12312.2,96146.4,2.51648e+17
20230101T000003.700000,6,457,3765.8,4850.45,-1300.68,0,0,0,38683.9,-27884.4,7828.98,24417,10083.9,60335.6,7.34149e+17
20230101T000003.700000,3,412,8484.41,-8538.69,1646.86,0,0,0,2500,0,0,2500,0,2500,0
20230101T000003.700000,3,413,7622.43,-6521.3,2230.88,0,0,0,2500,0,0,2500,0,2500,0
20230101T000003.700000,3,414,4914.17,-4649.68,1210.46,0,0,0,2500,0,0,2500,0,2500,0
20230101T000003.700000,3,415,480.039,-89.1075,-106.758,0,0,0,2500,0,0,2500,0,2500,0
20230101T000003.700000,3,416,4648.05,-1655.59,-989.654,0,0,0,2500,0,0,2500,0,2500,0
20230101T000003.700000,3,417,8308.68,-4791.98,-574.918,0,0,0,2500,0,0,2500,0,2500,0
20230101T000003.700000,3,418,1068.9,-146.04,279.57,0,0,0,2500,0,0,2500,0,2500,0
20230101T000003.700000,3,419,478.628,-96.1437,-106.631,0,0,0,2500,0,0,2500,0,2500,0
20230101T000003.700000,3,420,9713.42,-1755.84,-539.847,0,0,0,2500,0,0,2500,0,2500,0
20230101T000003.700000,3,421,1507.41,873.485,37.319,0,0,0,2500,0,0,2500,0,2500,0
20230101T000003.700000,3,422,11117.1,3058.66,-79.9458,0,0,0,2500,0,0,2500,0,2500,0
20230101T000003.700000,3,423,5483.35,2630.14,-844.117,0,0,0,2500,0,0,2500,0,2500,0
20230101T000003.700000,3,424,8391.65,5064.44,231.057,0,0,0,2500,0,0,2500,0,2500,0
20230101T000003.700000,3,425,1926.61,2661.17,170.085,0,0,0,2500,0,0,2500,0,2500,0
20230101T000003.700000,3,426,2774.74,2504.46,20.9156,0,0,0,2500,0,0,2500,0,2500,0
20230101T000003.700000,3,427,5185.19,5762.3,-1336.29,0,0,0,2500,0,0,2500,0,2500,0
20230101T000003.700000,3,428,3765.8,4850.45,-1300.68,0,0,0,2500,0,0,2500,0,2500,0
20230101T000003.800000,6,458,3608.67,-2524.18,383.339,0,0,0,10394.9,14434,-2208.82,20934.1,1545.02,31030.9,6.67074e+17
20230101T000003.800000,6,459,4261.9,-4773.97,102.418,0,0,0,36501.1,32513.7,-697.708,29107,781.538,65527.3,1.99702e+17
20230101T000003.800000,6,460,4065.08,-3984.13,-605.981,0,0,0,25729.2,25588,3936.57,26758.7,-3858.18,51837.8,5.14784e+17
20230101T000003.800000,6,461,3891.34,-2079.24,292.477,0,0,0,7073.24,12862.3,-1817.28,24272.7,971.017,31145.6,6.91212e+17
20230101T000003.800000,6,462,458.827,-170.055,-101.846,0,0,0,114.796,99.4436,62.7957,346.248,-23.274,385.762,1.34663e+24
20230101T000003.800000,6,463,10489.7,386.937,2530.88,0,0,0,10534.6,-6114.39,-42462.4,176067,-1566.33,176296,1.58149e+17
20230101T000003.800000,6,464,1407.91,1931.11,313.476,0,0,0,6043.1,-4245.34,-701.294,3315.29,-961.903,9139.33,1.77112e+17
20230101T000003.800000,6,465,5737.06,7728.73,-1252.2,0,0,0,96486.9,-69713.5,11489.4,54320.3,15478.1,148236,2.31177e+17
20230101T000003.800000,4,419,466.534,-161.504,-102.508,-1.1974,-6.47129,0.408207,85.212,49.4313,57.7452,321.364,-11.5995,332.075,0
20230101T000003.800000,3,429,3608.67,-2524.18,383.339,0,0,0,2500,0,0,2500,0,2500,0
20230101T000003.800000,3,430,4261.9,-4773.97,102.418,0,0,0,2500,0,0,2500,0,2500,0
20230101T000003.800000,3,431,4065.08,-3984.13,-605.981,0,0,0,2500,0,0,2500,0,2500,0
20230101T000003.800000,3,432,3891.34,-2079.24,292.477,0,0,0,2500,0,0,2500,0,2500,0
20230101T000003.800000,3,433,10489.7,386.937,2530.88,0,0,0,2500,0,0,2500,0,2500,0
20230101T000003.800000,3,434,1407.91,1931.11,313.476,0,0,0,2500,0,0,2500,0,2500,0
20230101T000003.800000,3,435,5737.06,7728.73,-1252.2,0,0,0,2500,0,0,2500,0,2500,0
20230101T000003.900000,6,466,1381,-1665.89,96.7166,0,0,0,4472.42,3642.22,-211.884,3098.2,255.593,7491.9,1.77844e+17
20230101T000003.900000,6,467,429.796,-360.807,-42.7489,0,0,0,247.332,215.343,25.6847,323.072,-21.5619,504.219,9.14502e+17
20230101T000003.900000,6,468,5478.99,-4540.93,1188.43,0,0,0,34368.7,38666.7,-10410.2,48976.5,8627.91,81024.8,1.22772e+17
20230101T000003.900000,6,469,3259.16,-2146.76,-417.496,0,0,0,7612.35,11037.4,2171.45,17098.9,-1430.3,24369.9,2.22679e+17
20230101T000003.900000,6,470,421.746,-245.68,-106.681,0,0,0,155.775,131.296,60.4514,304.681,-35.2147,384.083,4.59059e+22
20230101T000003.900000,6,471,4958.06,-644.62,-809.783,0,0,0,1757.94,4971.58,6413.91,39350.2,-833.901,39998.3,2.98699e+17
20230101T000003.900000,6,472,6598.75,-1006.84,168.774,0,0,0,1729,10613.9,-1780.32,69672.1,271.641,71291.6,1.60752e+17
20230101T000003.900000,6,473,7169.81,3795.96,-296.244,0,0,0,23214.5,-43461.6,3396.36,82294.5,1798.16,105305,7.13964e+17
20230101T000003.900000,6,474,4637.17,3738.68,-795.826,0,0,0,23016.7,-27213.2,5898.07,34829.3,4755.27,56770.9,2.07831e+17
20230101T000003.900000,3,436,1381,-1665.89,96.7166,0,0,0,2500,0,0,2500,0,2500,0
20230101T000003.900000,3,437,429.796,-360.807,-42.7489,0,0,0,2500,0,0,2500,0,2500,0
20230101T000003.900000,3,438,5478.99,-4540.94,1188.43,0,0,0,2500,0,0,2500,0,2500,0
20230101T000003.900000,3,439,3259.16,-2146.76,-417.496,0,0,0,2500,0,0,2500,0,2500,0
20230101T000003.900000,3,440,421.746,-245.68,-106.681,0,0,0,2500,0,0,2500,0,2500,0
20230101T000003.900000,3,441,4958.06,-644.62,-809.783,0,0,0,2500,0,0,2500,0,2500,0
20230101T000003.900000,3,442,6598.75,-1006.84,168.774,0,0,0,2500,0,0,2500,0,2500,0
20230101T000003.900000,3,443,7169.81,3795.96,-296.244,0,0,0,2500,0,0,2500,0,2500,0
20230101T000003.900000,3,444,4637.17,3738.68,-795.826,0,0,0,2500,0,0,2500,0,2500,0
20230101T000004,6,475,2495.71,-2627.55,-344.731,0,0,0,11166.7,10365.5,1372.4,10099,-1444.9,21012.7,3.68143e+17
20230101T000004,6,476,376.673,-314.424,-95.9683,0,0,0,203.193,151.922,48.5821,258.376,-40.5535,387.55,1.37533e+22
20230101T000004,6,477,6132.91,-7827.11,-798.346,0,0,0,98434,76278.8,7830.75,60851.4,-9993.98,158202,7.0012e+17
20230101T000004,6,478,7455.7,-7408.49,254.834,0,0,0,87901.7,88292.9,-3038.85,89023.4,3019.61,176757,5.87241e+17
20230101T000004,6,479,4657.88,-5563.23,1141.65,0,0,0,50404.4,40403.4,-8501.94,35976,10154.5,84234.2,1.41334e+17
20230101T000004,6,480,3754.11,-4823.97,660.198,0,0,0,37520.1,28606.9,-3961.34,23023.1,5090.25,59783.3,5.40554e+17
20230101T000004,6,481,4544.15,-1568.79,1183.82,0,0,0,5995.18,10695.8,-8593.09,33284,2966.62,36980.2,2.21884e+17
20230101T000004,6,482,8754.49,-3228.08,1304.57,0,0,0,19125.2,44312.1,-18265.1,122959,6734.97,139300,5.75893e+17
20230101T000004,6,483,4017.87,-142.265,386.516,0,0,0,334.449,903.865,-2478.66,25829.6,87.7643,25862.2,1.67385e+17
20230101T000004,6,484,10709.1,777.963,-1284.3,0,0,0,3656.34,-13134.8,21998.4,183511,1598.07,184466,2.27312e+17
20230101T000004,6,485,8135.02,127.081,-615.755,0,0,0,695.959,-1643.62,8009.87,105886,125.126,105912,9.88935e+16
20230101T000004,6,486,5743.62,192.528,335.962,0,0,0,303.408,-1761.11,-3083.7,52783,-103.366,52842.3,6.96213e+17
20230101T000004,6,487,4461.01,4319.8,-377.692,0,0,0,30007.8,-30687.1,2693.03,31982.3,2607.79,61698.3,1.17548e+17
20230101T000004,6,488,5448.92,7927.36,1168.54,0,0,0,101270,-68063.6,-10183.3,49031.8,-14815.2,148055,1.10726e+17
20230101T000004,6,489,3629.01,5249.66,-167.927,0,0,0,44129.6,-30430.7,974.094,21145.3,1409.11,65165.8,1.82403e+17
20230101T000004,4,440,387.904,-308.462,-97.4675,-3.35074,-6.21608,0.91219,140.125,111.291,50.9054,266.342,-29.6539,331.956,0
20230101T000004,3,445,2495.71,-2627.55,-344.731,0,0,0,2500,0,0,2500,0,2500,0
20230101T000004,3,446,6132.91,-7827.11,-798.346,0,0,0,2500,0,0,2500,0,2500,0
20230101T000004,3,447,7455.7,-7408.49,254.834,0,0,0,2500,0,0,2500,0,2500,0
20230101T000004,3,448,4657.88,-5563.23,1141.65,0,0,0,2500,0,0,2500,0,2500,0
20230101T000004,3,449,3754.11,-4823.97,660.198,0,0,0,2500,0,0,2500,0,2500,0
20230101T000004,3,450,4544.15,-1568.79,1183.82,0,0,0,2500,0,0,2500,0,2500,0
20230101T000004,3,451,8754.49,-3228.08,1304.57,0,0,0,2500,0,0,2500,0,2500,0
20230101T000004,3,452,4017.87,-142.265,386.516,0,0,0,2500,0,0,2500,0,2500,0
20230101T000004,3,453,10709.1,777.963,-1284.3,0,0,0,2500,0,0,2500,0,2500,0
20230101T000004,3,454,8135.02,127.081,-615.755,0,0,0,2500,0,0,2500,0,2500,0
20230101T000004,3,455,5743.62,192.528,335.962,0,0,0,2500,0,0,2500,0,2500,0
20230101T000004,3,456,4461.01,4319.8,-377.692,0,0,0,2500,0,0,2500,0,2500,0
20230101T000004,3,457,5448.92,7927.36,1168.54,0,0,0,2500,0,0,2500,0,2500,0
20230101T000004,3,458,3629.01,5249.66,-167.927,0,0,0,2500,0,0,2500,0,2500,0
20230101T000004.100000,6,490,1128.19,-1116.19,12.5246,0,0,0,2025.88,1982.72,-22.2491,2068.28,22.0125,4029.91,5.01722e+17
20230101T000004.100000,6,491,7705.21,-7440.09,-1077.38,0,0,0,89561.8,90764.3,13277.7,95919.2,-12820.8,183561,1.87457e+17
20230101T000004.100000,6,492,3932.08,-4551.05,183.417,0,0,0,33189.6,28573.9,-1152.66,24805.4,1334.11,57877.3,4.90546e+17
20230101T000004.100000,6,493,3829.99,-2900.4,-27.8942,0,0,0,13501.2,17742.2,170.639,23493.9,-129.223,36929.9,1.32984e+17
20230101T000004.100000,6,494,2285.36,-648.018,297.721,0,0,0,861.471,2315.77,-1081.04,8371.83,306.531,9029.46,1.64886e+17
20230101T000004.100000,6,495,2871.26,-34.1564,-253.393,0,0,0,168.081,154.938,1158.49,13190.6,-13.7813,13193,1.18088e+17
20230101T000004.100000,6,496,11075.2,-1432.58,-685.576,0,0,0,4086,25281.9,12144.7,196269,-1570.92,199539,1.82851e+17
20230101T000004.100000,6,497,6785.44,226.511,499.167,0,0,0,543.902,-2443.75,-5414.63,73668,-180.751,73749.9,1.47234e+17
20230101T000004.100000,6,498,1631.23,564.749,-17.6252,0,0,0,567.894,-1454.04,45.3838,4264.36,15.7123,4767.77,1.75219e+17
20230101T000004.100000,6,499,3649.05,1092.12,-121.795,0,0,0,1988.81,-6352.22,709.142,21312.1,212.238,23213.3,1.36015e+17
20230101T000004.100000,6,500,8484.21,1668.03,1692.5,0,0,0,8923.77,-21763.8,-22963.4,115344,-4514.69,119625,2.29234e+17
20230101T000004.100000,6,501,6383.48,9026.06,-2351.05,0,0,0,133321,-87990.1,24005.1,71134.2,33942.4,195552,1.92655e+17
20230101T000004.100000,6,502,8790.37,6030.42,-1861.02,0,0,0,61995.9,-82201.4,26165.5,125426,17950.2,181820,8.98294e+17
20230101T000004.100000,6,503,321.721,382.193,-17.0065,0,0,0,260.418,-165.012,7.35273,203.292,8.73479,399.395,2.23505e+25
20230101T000004.100000,3,459,1128.19,-1116.19,12.5246,0,0,0,2500,0,0,2500,0,2500,0
20230101T000004.100000,3,460,7705.21,-7440.09,-1077.38,0,0,0,2500,0,0,2500,0,2500,0
20230101T000004.100000,3,461,3932.08,-4551.05,183.417,0,0,0,2500,0,0,2500,0,2500,0
20230101T000004.100000,3,462,3829.99,-2900.4,-27.8942,0,0,0,2500,0,0,2500,0,2500,0
20230101T000004.100000,3,463,2285.36,-648.018,297.721,0,0,0,2500,0,0,2500,0,2500,0
20230101T000004.100000,3,464,2871.26,-34.1564,-253.393,0,0,0,2500,0,0,2500,0,2500,0
20230101T000004.100000,3,465,11075.2,-1432.58,-685.576,0,0,0,2500,0,0,2500,0,2500,0
20230101T000004.100000,3,466,6785.44,226.511,499.167,0,0,0,2500,0,0,2500,0,2500,0
20230101T000004.100000,3,467,1631.23,564.749,-17.6252,0,0,0,2500,0,0,2500,0,2500,0
20230101T000004.100000,3,468,3649.05,1092.12,-121.795,0,0,0,2500,0,0,2500,0,2500,0
20230101T000004.100000,3,469,8484.22,1668.03,1692.5,0,0,0,2500,0,0,2500,0,2500,0
20230101T000004.100000,3,470,6383.48,9026.06,-2351.05,0,0,0,2500,0,0,2500,0,2500,0
20230101T000004.100000,3,471,8790.37,6030.42,-1861.02,0,0,0,2500,0,0,2500,0,2500,0
20230101T000004.100000,3,472,321.721,382.193,-17.0065,0,0,0,2500,0,0,2500,0,2500,0
20230101T000004.200000,6,504,1506.48,-1103.93,139.897,0,0,0,2011.65,2615.61,-333.358,3664.34,244.281,5581.39,1.9052e+17
20230101T000004.200000,6,505,6865.62,-7061.83,-1819.81,0,0,0,82396,74894.9,19982.6,78174.6,-20553.7,155212,1.17189e+17
20230101T000004.200000,6,506,3981.89,-2787.3,637.15,0,0,0,12908.6,17423.2,-4052.54,25603,2836.75,37800.2,1.95815e+17
20230101T000004.200000,6,507,7923.76,-3998.71,-72.5079,0,0,0,25641.2,50666.6,918.79,100472,-463.666,126041,1.40934e+17
20230101T000004.200000,6,508,11874.2,1097.13,1627.59,0,0,0,6190.83,-20450,-30913.7,225631,-2856.3,227522,2.35528e+17
20230101T000004.200000,6,509,5980.23,-1322.97,-764.875,0,0,0,3752.87,12448,7310.92,57267.6,-1617.36,60022.4,1.2298e+17
20230101T000004.200000,6,510,2031.95,1089.51,-277.375,0,0,0,2043.85,-3464.58,895.089,6647.69,479.936,8506.27,1.38717e+18
20230101T000004.200000,6,511,3107.29,1202.23,316.91,0,0,0,2507.51,-5901.66,-1569.94,15477.6,-607.421,17761.5,6.29053e+17
20230101T000004.200000,6,512,9059.95,3623.9,328.059,0,0,0,21215.8,-52450.4,-4753.52,131365,-1901.37,152345,6.72611e+17
20230101T000004.200000,6,513,6227.59,1083.95,-421.302,0,0,0,2217.41,-10741.9,4193.73,62062.9,729.946,63932.9,1.83521e+17
20230101T000004.200000,6,514,379.884,324.536,-16.7986,0,0,0,205.734,-165.463,8.57622,258.061,7.32668,399.489,9.79178e+24
20230101T000004.200000,4,472,375.915,336.649,-16.8272,5.36578,-4.50934,0.0177499,227.822,-138.958,6.19078,179.716,7.35444,344.811,0
20230101T000004.200000,3,473,1506.48,-1103.93,139.897,0,0,0,2500,0,0,2500,0,2500,0
20230101T000004.200000,3,474,6865.62,-7061.83,-1819.81,0,0,0,2500,0,0,2500,0,2500,0
20230101T000004.200000,3,475,3981.89,-2787.3,637.15,0,0,0,2500,0,0,2500,0,2500,0
20230101T000004.200000,3,476,7923.76,-3998.71,-72.5079,0,0,0,2500,0,0,2500,0,2500,0
20230101T000004.200000,3,477,11874.2,1097.13,1627.59,0,0,0,2500,0,0,2500,0,2500,0
20230101T000004.200000,3,478,5980.23,-1322.97,-764.875,0,0,0,2500,0,0,2500,0,2500,0
20230101T000004.200000,3,479,2031.95,1089.51,-277.375,0,0,0,2500,0,0,2500,0,2500,0
20230101T000004.200000,3,480,3107.29,1202.23,316.91,0,0,0,2500,0,0,2500,0,2500,0
20230101T000004.200000,3,481,9059.95,3623.9,328.059,0,0,0,2500,0,0,2500,0,2500,0
20230101T000004.200000,3,482,6227.59,1083.95,-421.302,0,0,0,2500,0,0,2500,0,2500,0
20230101T000004.300000,6,515,2812.63,-3869.8,-992.361,0,0,0,24526.4,16636.4,4458.35,13728.6,-6134.08,36620.6,2.05676e+17
20230101T000004.300000,6,516,10716.4,-3840.66,-44.1649,0,0,0,23660.6,65831.4,757.027,183753,-271.312,207346,1.10645e+17
20230101T000004.300000,6,517,432.807,249.566,-18.2631,0,0,0,148.02,-144.933,10.623,315.797,6.12545,399.454,1.43667e+25
20230101T000004.300000,6,518,2231.93,1797.13,68.3239,0,0,0,5210.83,-6382.82,-242.803,7998.52,-195.503,13138,1.0619e+17
20230101T000004.300000,3,483,2812.63,-3869.8,-992.361,0,0,0,2500,0,0,2500,0,2500,0
20230101T000004.300000,3,484,10716.4,-3840.66,-44.1649,0,0,0,2500,0,0,2500,0,2500,0
20230101T000004.300000,3,485,432.807,249.566,-18.2631,0,0,0,2500,0,0,2500,0,2500,0
20230101T000004.300000,3,486,2231.93,1797.13,68.3239,0,0,0,2500,0,0,2500,0,2500,0
20230101T000004.400000,6,519,1628.49,-1379.5,249.834,0,0,0,3139.75,3514.03,-645.326,4311.29,546.658,7288.9,1.20231e+18
20230101T000004.400000,6,520,5428.49,-6339.62,-1335.77,0,0,0,65539.4,53622,11595.4,48832.7,-13541.6,111456,2.00496e+17
20230101T000004.400000,6,521,4215.89,-1060.09,103.472,0,0,0,1874.32,7131.56,-696.488,28442.8,175.132,30236.1,1.50444e+17
20230101T000004.400000,6,522,9488.35,-2766.46,-1084.18,0,0,0,14036.9,41476.2,16452.6,144198,-4797,156292,4.48639e+17
20230101T000004.400000,6,523,1367.28,-4.60454,44.9948,0,0,0,67.2032,9.84688,-96.3286,2991.11,0.324404,2991.21,1.98872e+17
20230101T000004.400000,6,524,10089.9,214.851,-658.124,0,0,0,830.247,-3452.41,10620.5,162889,226.149,162963,1.18026e+17
20230101T000004.400000,6,525,8633.9,5405.75,1082.08,0,0,0,48146.8,-73805.2,-14942.4,119816,-9355.57,166027,2.46787e+17
20230101T000004.400000,6,526,7274.34,4544.42,-308.642,0,0,0,33198.3,-52795,3590.31,84726.4,2242.93,117708,2.1816e+17
20230101T000004.400000,6,527,469.257,171.396,-16.9029,0,0,0,103.808,-107.938,10.6592,359.902,3.89329,399.399,1.9349e+25
20230101T000004.400000,6,528,4658.69,2679.46,31.9527,0,0,0,11536.5,-19944.1,-237.843,34741.8,-136.796,46212.7,1.0781e+17
20230101T000004.400000,6,529,2322.1,2163.15,-343.301,0,0,0,7621.54,-7911.27,1270.48,8744.45,1183.51,16114.9,1.29203e+17
20230101T000004.400000,6,530,2693.16,3619.05,-21.2177,0,0,0,20979.1,-15563.7,91.2484,11646.6,122.619,32561,1.39929e+17
20230101T000004.400000,6,531,7711.35,9165.65,-449.182,0,0,0,134575,-112897,5540.54,95370.3,6585.44,229559,1.54429e+17
20230101T000004.400000,6,532,4769.87,5946.06,-991.225,0,0,0,57209.1,-44581,7559.7,37397.4,9423.82,92972.6,1.30773e+17
20230101T000004.400000,4,485,470.029,184.955,-17.0884,3.68534,-6.39718,0.116298,133.17,-122.047,8.94389,274.454,5.15724,344.849,0
20230101T000004.400000,3,487,1628.49,-1379.5,249.834,0,0,0,2500,0,0,2500,0,2500,0
20230101T000004.400000,3,488,5428.49,-6339.62,-1335.77,0,0,0,2500,0,0,2500,0,2500,0
20230101T000004.400000,3,489,4215.89,-1060.09,103.472,0,0,0,2500,0,0,2500,0,2500,0
20230101T000004.400000,3,490,9488.35,-2766.46,-1084.18,0,0,0,2500,0,0,2500,0,2500,0
20230101T000004.400000,3,491,1367.28,-4.60454,44.9948,0,0,0,2500,0,0,2500,0,2500,0
20230101T000004.400000,3,492,10089.9,214.851,-658.124,0,0,0,2500,0,0,2500,0,2500,0
20230101T000004.400000,3,493,8633.9,5405.75,1082.08,0,0,0,2500,0,0,2500,0,2500,0
20230101T000004.400000,3,494,7274.34,4544.42,-308.642,0,0,0,2500,0,0,2500,0,2500,0
20230101T000004.400000,3,495,4658.69,2679.46,31.9527,0,0,0,2500,0,0,2500,0,2500,0
20230101T000004.400000,3,496,2322.1,2163.15,-343.301,0,0,0,2500,0,0,2500,0,2500,0
20230101T000004.400000,3,497,2693.16,3619.05,-21.2177,0,0,0,2500,0,0,2500,0,2500,0
20230101T000004.400000,3,498,7711.35,9165.65,-449.182,0,0,0,2500,0,0,2500,0,2500,0
20230101T000004.400000,3,499,4769.87,5946.06,-991.225,0,0,0,2500,0,0,2500,0,2500,0
20230101T000004.500000,6,533,2425.76,-2262.88,181.699,0,0,0,8255.35,8724.56,-702.657,9469.19,655.475,17608.1,1.77568e+17
20230101T000004.500000,6,534,301.063,-444.369,136.042,0,0,0,344.177,172.377,-56.9826,206.536,84.1062,464.827,3.8329e+17
20230101T000004.500000,6,535,6670.97,-5239.57,1072.36,0,0,0,45101.9,55000.5,-11439.7,71929,8985.04,115129,1.30467e+17
20230101T000004.500000,6,536,2482.84,-1479.89,578.565,0,0,0,3944.72,5616.33,-2287.8,10019.7,1363.64,13369.8,3.18733e+17
20230101T000004.500000,6,537,2107.61,-1064.71,30.2281,0,0,0,1865.91,3564.04,-101.203,7120.53,51.1252,8921,1.09217e+17
20230101T000004.500000,6,538,9062.47,-5513.21,477.427,0,0,0,48945.5,79750.9,-6920.22,131521,4209.95,180038,1.95611e+17
20230101T000004.500000,6,539,7684.81,-1655.38,-1373.27,0,0,0,7327.42,19720.1,16874.8,94626.8,-3634.98,98876.6,3.33515e+17
20230101T000004.500000,6,540,491.734,88.0286,-18.3973,0,0,0,74.8519,-58.0784,12.1576,388.885,2.17641,399.369,2.49413e+25
20230101T000004.500000,6,541,6936.16,2290.35,339.611,0,0,0,8617.13,-25344,-3766.13,77000.9,-1243.6,85369.7,1.27185e+17
20230101T000004.500000,6,542,5745.41,2518.65,516.879,0,0,0,10561.6,-22972.5,-4746.69,52894.7,-2080.84,62965.8,4.09134e+17
20230101T000004.500000,6,543,2681.55,3106.58,42.612,0,0,0,15469.9,-13295.6,-182.392,11543.5,-211.301,26946.5,1.14875e+17
20230101T000004.500000,6,544,2774.36,3686.68,-747.194,0,0,0,22092.1,-15906,3310.71,12925.5,4399.4,34063.6,1.44699e+17
20230101T000004.500000,6,545,2476.04,2347.15,711.852,0,0,0,9273.91,-8863.2,-2810.84,10222,-2664.51,18626.5,1.86335e+17
20230101T000004.500000,6,546,3020.22,3761.33,-355.838,0,0,0,22740.5,-18046.1,1716.6,14756.7,2137.82,37231.3,2.53346e+17
20230101T000004.500000,3,500,2425.76,-2262.88,181.699,0,0,0,2500,0,0,2500,0,2500,0
20230101T000004.500000,3,501,301.063,-444.369,136.042,0,0,0,2500,0,0,2500,0,2500,0
20230101T000004.500000,3,502,6670.97,-5239.57,1072.36,0,0,0,2500,0,0,2500,0,2500,0
20230101T000004.500000,3,503,2482.84,-1479.89,578.565,0,0,0,2500,0,0,2500,0,2500,0
20230101T000004.500000,3,504,2107.61,-1064.71,30.2281,0,0,0,2500,0,0,2500,0,2500,0
20230101T000004.500000,3,505,9062.47,-5513.21,477.427,0,0,0,2500,0,0,2500,0,2500,0
20230101T000004.500000,3,506,7684.81,-1655.38,-1373.27,0,0,0,2500,0,0,2500,0,2500,0
20230101T000004.500000,3,507,491.734,88.0286,-18.3973,0,0,0,2500,0,0,2500,0,2500,0
20230101T000004.500000,3,508,6936.16,2290.35,339.611,0,0,0,2500,0,0,2500,0,2500,0
20230101T000004.500000,3,509,5745.41,2518.65,516.879,0,0,0,2500,0,0,2500,0,2500,0
20230101T000004.500000,3,510,2681.55,3106.58,42.612,0,0,0,2500,0,0,2500,0,2500,0
20230101T000004.500000,3,511,2774.36,3686.68,-747.194,0,0,0,2500,0,0,2500,0,2500,0
20230101T000004.500000,3,512,2476.04,2347.15,711.852,0,0,0,2500,0,0,2500,0,2500,0
20230101T000004.500000,3,513,3020.22,3761.33,-355.838,0,0,0,2500,0,0,2500,0,2500,0
20230101T000004.600000,6,547,2865.52,-2157.6,-394.003,0,0,0,7647.28,9742.53,1800.89,13250.7,-1355.98,20587.1,7.53349e+17
20230101T000004.600000,6,548,3312.73,-3314.84,192.828,0,0,0,17642.7,17508.2,-1020.2,17620.4,1020.85,35139.9,8.49979e+16
20230101T000004.600000,6,549,6846.76,-4548.82,-1190.52,0,0,0,34723.7,48757.3,13034.4,75718.5,-8659.73,108113,1.09502e+17
20230101T000004.600000,6,550,4348.71,-2831.73,245.874,0,0,0,12942.7,19629.6,-1708.24,30305.8,1112.35,43088.1,1.66046e+17
20230101T000004.600000,6,551,9952.99,-1780.11,-2248.36,0,0,0,12966.7,26935.5,35791.4,158752,-6401.34,163572,2.97957e+17
20230101T000004.600000,6,552,6846.99,-2388.52,415.807,0,0,0,9431.57,26060.8,-4551.78,75046.9,1587.86,84138.2,1.52531e+17
20230101T000004.600000,6,553,2760.8,-202.115,48.6318,0,0,0,132.764,887.866,-213.699,12195.6,15.6447,12260.6,1.51582e+17
20230101T000004.600000,6,554,3759.07,-133.798,-68.1649,0,0,0,99.966,802.19,408.82,22609,-14.5513,22637.6,5.24964e+17
20230101T000004.600000,6,555,499.549,1.92865,-18.0755,0,0,0,64.4441,-1.29275,12.1347,399.28,0.0468494,399.369,1.10718e+25
20230101T000004.600000,6,556,10837.5,3316.97,-173.213,0,0,0,17706,-57484.8,3002.58,187931,918.983,205525,1.58248e+17
20230101T000004.600000,6,557,7348.06,2542.44,-146.863,0,0,0,10430.3,-29860.7,1725.51,86401,597.028,96732.9,7.88679e+17
20230101T000004.600000,6,558,5189.55,5173.24,126.224,0,0,0,42864.8,-42910.1,-1047.29,43134.8,-1044,85910.1,1.12239e+17
20230101T000004.600000,6,559,23.496,22.5568,0.264703,0,0,0,34.1167,31.1233,0.36523,31.5766,0.35063,1.70162,1.0432e+17
20230101T000004.600000,6,560,4127.98,4996.54,-468.762,0,0,0,40113.2,-32797.1,3093.13,27511.2,3743.95,67209.4,1.30297e+17
20230101T000004.600000,4,507,504.905,14.4555,-18.1194,1.3041,-7.28448,0.0275114,71.5564,-48.9087,10.2362,336.008,1.83245,344.785,0
20230101T000004.600000,3,514,2865.52,-2157.6,-394.003,0,0,0,2500,0,0,2500,0,2500,0
20230101T000004.600000,3,515,3312.73,-3314.84,192.828,0,0,0,2500,0,0,2500,0,2500,0
20230101T000004.600000,3,516,6846.76,-4548.82,-1190.52,0,0,0,2500,0,0,2500,0,2500,0
20230101T000004.600000,3,517,4348.71,-2831.73,245.874,0,0,0,2500,0,0,2500,0,2500,0
20230101T000004.600000,3,518,9952.99,-1780.11,-2248.36,0,0,0,2500,0,0,2500,0,2500,0
20230101T000004.600000,3,519,6846.99,-2388.52,415.807,0,0,0,2500,0,0,2500,0,2500,0
20230101T000004.600000,3,520,2760.8,-202.115,48.6318,0,0,0,2500,0,0,2500,0,2500,0
20230101T000004.600000,3,521,3759.07,-133.798,-68.1649,0,0,0,2500,0,0,2500,0,2500,0
20230101T000004.600000,3,522,10837.5,3316.97,-173.213,0,0,0,2500,0,0,2500,0,2500,0
20230101T000004.600000,3,523,7348.06,2542.44,-146.863,0,0,0,2500,0,0,2500,0,2500,0
20230101T000004.600000,3,524,5189.55,5173.24,126.224,0,0,0,2500,0,0,2500,0,2500,0
20230101T000004.600000,3,525,23.496,22.5568,0.264703,0,0,0,2500,0,0,2500,0,2500,0
20230101T000004.600000,3,526,4127.98,4996.54,-468.762,0,0,0,2500,0,0,2500,0,2500,0
20230101T000004.700000,6,561,4022.51,-1422.89,-38.6603,0,0,0,3298.37,9136.85,248.271,25896.3,-87.8213,29128.3,2.54418e+17
20230101T000004.700000,6,562,10040.4,-4581.9,1096.31,0,0,0,35234.1,72856.1,-17606.1,161637,8034.51,194885,1.59319e+17
20230101T000004.700000,6,563,491.972,-87.3112,-15.7714,0,0,0,74.567,57.6586,10.4275,389.223,-1.85058,399.52,1.49754e+25
20230101T000004.700000,6,564,7753.35,-3050.69,-1213.57,0,0,0,16985.5,37020.7,15046.2,96507.5,-5920.2,111075,2.30597e+17
20230101T000004.700000,6,565,6546.16,-1376.34,-618.68,0,0,0,3678.17,14279.5,6474.23,68592.2,-1361.22,71595,7.6149e+17
20230101T000004.700000,6,566,3137.93,288.122,-509.468,0,0,0,606.492,-1403.08,2547.84,15758.6,233.941,15889.1,1.91294e+17
20230101T000004.700000,6,567,10575,-1518.14,60.7304,0,0,0,3756.07,25677.1,-1027.2,178931,147.464,182617,1.63735e+17
20230101T000004.700000,6,568,7551.68,-190.39,-534.749,0,0,0,578.877,2287.3,6456.7,91245,-162.784,91302.9,1.20325e+17
20230101T000004.700000,6,569,491.86,-87.6693,-15.9189,0,0,0,74.6569,57.8786,10.5223,389.063,-1.87549,399.444,1.47442e+25
20230101T000004.700000,6,570,8300.01,-1201.43,-1746.46,0,0,0,7149.63,15254.4,23180.4,110326,-3355.38,112536,2.77151e+17
20230101T000004.700000,6,571,9482.6,-318.54,-1029.01,0,0,0,1917.79,4773.98,15605.4,143874,-524.217,144035,1.06576e+17
20230101T000004.700000,6,572,4103,1696.07,887.141,0,0,0,5730.68,-10668.1,-5812.54,27128.2,-2402.75,31540.5,1.70758e+17
20230101T000004.700000,6,573,9331.19,4194.25,1130.38,0,0,0,29900.1,-61831.6,-16870,139668,-7582.86,167461,1.12825e+17
20230101T000004.700000,6,574,9801.46,4332.19,1024.48,0,0,0,31486.4,-67294.4,-16060.8,153995,-7098.76,183739,1.63689e+17
20230101T000004.700000,6,575,7271.36,3434.62,239.026,0,0,0,19001.6,-39899,-2779.16,84624.7,-1312.73,103471,2.28075e+17
20230101T000004.700000,6,576,4806.1,1780.15,-466.455,0,0,0,5432.23,-13554.9,3581.51,37007.5,1326.57,42028.6,1.40785e+17
20230101T000004.700000,6,577,8824.54,3610.82,-693.251,0,0,0,21574,-50690.3,9783.92,124716,4003.38,145457,1.16403e+17
20230101T000004.700000,6,578,5649.85,5635.31,71.1441,0,0,0,50846.8,-50905.8,-642.721,51109.2,-641.067,101884,1.15393e+17
20230101T000004.700000,6,579,4274.59,3677.69,1032.46,0,0,0,22656.3,-24279.1,-7052.77,29987.3,-6067.91,50878.1,1.86337e+17
20230101T000004.700000,4,489,4130.82,-1073.4,89.776,-23.4149,-3.66433,-3.76961,208.762,576.06,-56.2304,2354.87,14.1391,2498.45,0
20230101T000004.700000,3,527,10040.4,-4581.9,1096.31,0,0,0,2500,0,0,2500,0,2500,0
20230101T000004.700000,3,528,491.972,-87.3112,-15.7714,0,0,0,2500,0,0,2500,0,2500,0
20230101T000004.700000,3,529,7753.35,-3050.69,-1213.57,0,0,0,2500,0,0,2500,0,2500,0
20230101T000004.700000,3,530,6546.16,-1376.34,-618.68,0,0,0,2500,0,0,2500,0,2500,0
20230101T000004.700000,3,531,3137.93,288.122,-509.468,0,0,0,2500,0,0,2500,0,2500,0
20230101T000004.700000,3,532,10575,-1518.14,60.7304,0,0,0,2500,0,0,2500,0,2500,0
20230101T000004.700000,3,533,7551.68,-190.39,-534.749,0,0,0,2500,0,0,2500,0,2500,0
20230101T000004.700000,3,534,491.86,-87.6693,-15.9189,0,0,0,2500,0,0,2500,0,2500,0
20230101T000004.700000,3,535,8300.01,-1201.43,-1746.46,0,0,0,2500,0,0,2500,0,2500,0
20230101T000004.700000,3,536,9482.6,-318.54,-1029.01,0,0,0,2500,0,0,2500,0,2500,0
20230101T000004.700000,3,537,4103,1696.07,887.141,0,0,0,2500,0,0,2500,0,2500,0
20230101T000004.700000,3,538,9331.19,4194.25,1130.38,0,0,0,2500,0,0,2500,0,2500,0
20230101T000004.700000,3,539,9801.46,4332.19,1024.48,0,0,0,2500,0,0,2500,0,2500,0
20230101T000004.700000,3,540,7271.36,3434.62,239.026,0,0,0,2500,0,0,2500,0,2500,0
20230101T000004.700000,3,541,4806.1,1780.15,-466.455,0,0,0,2500,0,0,2500,0,2500,0
20230101T000004.700000,3,542,8824.54,3610.82,-693.251,0,0,0,2500,0,0,2500,0,2500,0
20230101T000004.700000,3,543,5649.85,5635.31,71.1441,0,0,0,2500,0,0,2500,0,2500,0
20230101T000004.700000,3,544,4274.59,3677.69,1032.46,0,0,0,2500,0,0,2500,0,2500,0
20230101T000004.800000,6,580,2241.92,-2938.18,-90.2349,0,0,0,13840.9,10502.3,322.731,8090.55,-422.96,21854.6,1.2829e+17
20230101T000004.800000,6,581,3314.01,-3104.01,168.676,0,0,0,15474.1,16404.2,-892.66,17623.4,836.094,32988.2,1.30563e+17
20230101T000004.800000,6,582,4124.31,-2759.73,-1205.48,0,0,0,13833.5,17108.6,7942.62,27953.7,-5314.71,39405.3,8.28312e+17
20230101T000004.800000,6,583,10834.4,-5207.61,-1645.35,0,0,0,46960.4,88558.6,28514.6,188640,-13705.7,231208,1.49103e+17
20230101T000004.800000,6,584,469.72,-170.162,-13.668,0,0,0,103.125,107.31,8.62719,360.473,-3.1253,399.395,4.59947e+23
20230101T000004.800000,6,585,11036.7,2034.73,-1195.38,0,0,0,8896.53,-35511.8,21102.2,194972,3890.41,201519,2.435e+17
20230101T000004.800000,6,586,7946.41,1342.22,978.45,0,0,0,4433.1,-16803.4,-12432.7,101077,-2100,103916,7.64197e+17
20230101T000004.800000,6,587,2940.65,1694.45,102.006,0,0,0,4654.38,-7937.61,-478.278,13855.9,-275.592,18429.8,6.90306e+17
20230101T000004.800000,6,588,11216.6,3564.06,-717.311,0,0,0,21129.8,-63706.6,12869.6,201380,4089.29,221623,1.65681e+17
20230101T000004.800000,6,589,6801.65,4550.57,369.278,0,0,0,33327.1,-49391.8,-4016.33,74107.1,-2687.08,107152,3.79935e+17
20230101T000004.800000,6,590,6588.18,2289.95,1495.15,0,0,0,11636,-23010.4,-15748.1,69838.7,-5473.78,77839.6,2.02173e+17
20230101T000004.800000,6,591,1886.2,1360.62,-121.416,0,0,0,3019.56,-4064.76,363.72,5722.29,262.372,8654.61,2.09365e+17
20230101T000004.800000,6,592,1850.63,2342.31,261.711,0,0,0,8844.82,-6851.39,-771.475,5586.28,-976.445,14258.5,1.60172e+17
20230101T000004.800000,6,593,8216.45,7229.07,-1038.01,0,0,0,84622.5,-94149.2,13641.5,108796,12002.2,191632,1.33543e+17
20230101T000004.800000,4,515,3219.27,-3206.24,185.66,-17.9726,20.8849,-1.37848,1244.41,1177.21,-68.4883,1242.92,68.5319,2417.17,0
20230101T000004.800000,4,534,478.881,-160.358,-13.9751,-1.28504,-7.19694,0.192451,71.3919,48.7389,8.85943,336.149,-1.57911,344.852,0
20230101T000004.800000,3,545,2241.92,-2938.18,-90.2349,0,0,0,2500,0,0,2500,0,2500,0
20230101T000004.800000,3,546,4124.31,-2759.73,-1205.48,0,0,0,2500,0,0,2500,0,2500,0
20230101T000004.800000,3,547,10834.4,-5207.61,-1645.35,0,0,0,2500,0,0,2500,0,2500,0
20230101T000004.800000,3,548,11036.7,2034.73,-1195.38,0,0,0,2500,0,0,2500,0,2500,0
20230101T000004.800000,3,549,7946.41,1342.22,978.45,0,0,0,2500,0,0,2500,0,2500,0
20230101T000004.800000,3,550,2940.65,1694.45,102.006,0,0,0,2500,0,0,2500,0,2500,0
20230101T000004.800000,3,551,11216.6,3564.06,-717.311,0,0,0,2500,0,0,2500,0,2500,0
20230101T000004.800000,3,552,6801.65,4550.57,369.278,0,0,0,2500,0,0,2500,0,2500,0
20230101T000004.800000,3,553,6588.18,2289.95,1495.15,0,0,0,2500,0,0,2500,0,2500,0
20230101T000004.800000,3,554,1886.2,1360.62,-121.416,0,0,0,2500,0,0,2500,0,2500,0
20230101T000004.800000,3,555,1850.63,2342.31,261.711,0,0,0,2500,0,0,2500,0,2500,0
20230101T000004.800000,3,556,8216.45,7229.07,-1038.01,0,0,0,2500,0,0,2500,0,2500,0
20230101T000004.900000,6,594,1130.64,-1347.34,3.76145,0,0,0,2930.97,2405.84,-6.71657,2082.92,8.00387,4949.87,2.22574e+17
20230101T000004.900000,6,595,5585.52,-6416,248.092,0,0,0,65934,57258.3,-2215.93,50009.3,2545.4,115781,4.41246e+17
20230101T000004.900000,6,596,4482.41,-3763.3,-461.892,0,0,0,22897.4,26790.4,3308.78,32314.6,-2777.95,54807.5,5.79644e+17
20230101T000004.900000,6,597,4056.78,-2754.13,-684.916,0,0,0,12693.1,17498.7,4438.43,26588.6,-3013.23,38469.5,1.0868e+17
20230101T000004.900000,6,598,3130.08,-1451.17,-131.735,0,0,0,3444.89,7232.67,657.534,15692,-304.847,19045.4,1.67216e+17
20230101T000004.900000,6,599,431,-252.747,-14.0407,0,0,0,150.03,146.252,8.13225,313.662,-4.76893,399.478,2.00423e+23
20230101T000004.900000,6,600,5516.71,-1777.75,-457.403,0,0,0,5417.5,15575.4,4032.6,48732.1,-1299.49,53751.6,1.12052e+17
20230101T000004.900000,6,601,4262.47,-2508.13,228.989,0,0,0,10174.9,17040.7,-1559.15,29107.9,917.435,39135.1,1.10488e+17
20230101T000004.900000,6,602,5990.64,-1631.5,-1619.92,0,0,0,8223.4,14558.3,15511.9,57714.6,-4224.55,61683.5,2.33294e+17
20230101T000004.900000,6,603,3770.12,-152.097,813,0,0,0,1153.91,872.421,-4891,22743.9,197.317,22781.9,2.48659e+17
20230101T000004.900000,6,604,3496.6,909.366,-136.301,0,0,0,1410.82,-5064.7,760.214,19567.9,197.71,20885.2,1.41926e+17
20230101T000004.900000,6,605,5723.91,1099.2,1323.86,0,0,0,4696.32,-9536.14,-12110.7,52523,-2325.69,54357.4,3.67514e+17
20230101T000004.900000,6,606,8129.76,7533.97,-935.245,0,0,0,91604.3,-97269.7,12161.4,106425,11270.1,196567,3.0023e+17
20230101T000004.900000,6,607,8004.13,6097.49,-617.84,0,0,0,59913.8,-77762.9,7909.32,102753,6025.26,161993,2.64826e+17
20230101T000004.900000,6,608,6216.62,4663.64,677.83,0,0,0,35310.3,-46004,-6737.67,62121.9,-5054.52,96634,1.37291e+17
20230101T000004.900000,6,609,7803.59,5791.94,298.3,0,0,0,53807.5,-72217.9,-3722.92,97507,-2763.2,151108,2.4231e+17
20230101T000004.900000,6,610,4824.6,4791.13,-745.347,0,0,0,37207.2,-36508.4,5748.68,37715.5,5708.79,73971.4,1.21277e+17
20230101T000004.900000,6,611,3939.33,3449.29,290.674,0,0,0,19148.8,-21642,-1829.43,24915.7,-1601.86,43865.8,9.5412e+16
20230101T000004.900000,4,556,8309.1,7315.48,-1048.55,9.17326,8.55556,-1.04288,1134.81,-1194.24,171.5,1441.44,150.89,2470.79,0
20230101T000004.900000,3,557,1130.64,-1347.34,3.76145,0,0,0,2500,0,0,2500,0,2500,0
20230101T000004.900000,3,558,5585.52,-6416,248.092,0,0,0,2500,0,0,2500,0,2500,0
20230101T000004.900000,3,559,4482.41,-3763.3,-461.892,0,0,0,2500,0,0,2500,0,2500,0
20230101T000004.900000,3,560,4056.78,-2754.13,-684.916,0,0,0,2500,0,0,2500,0,2500,0
20230101T000004.900000,3,561,3130.08,-1451.17,-131.735,0,0,0,2500,0,0,2500,0,2500,0
20230101T000004.900000,3,562,431,-252.747,-14.0407,0,0,0,2500,0,0,2500,0,2500,0
20230101T000004.900000,3,563,5516.71,-1777.75,-457.403,0,0,0,2500,0,0,2500,0,2500,0
20230101T000004.900000,3,564,4262.47,-2508.13,228.989,0,0,0,2500,0,0,2500,0,2500,0
20230101T000004.900000,3,565,5990.64,-1631.5,-1619.92,0,0,0,2500,0,0,2500,0,2500,0
20230101T000004.900000,3,566,3770.12,-152.097,813,0,0,0,2500,0,0,2500,0,2500,0
20230101T000004.900000,3,567,3496.6,909.366,-136.301,0,0,0,2500,0,0,2500,0,2500,0
20230101T000004.900000,3,568,5723.91,1099.2,1323.86,0,0,0,2500,0,0,2500,0,2500,0
20230101T000004.900000,3,569,8004.12,6097.49,-617.84,0,0,0,2500,0,0,2500,0,2500,0
20230101T000004.900000,3,570,6216.62,4663.64,677.83,0,0,0,2500,0,0,2500,0,2500,0
20230101T000004.900000,3,571,7803.59,5791.94,298.3,0,0,0,2500,0,0,2500,0,2500,0
20230101T000004.900000,3,572,4824.6,4791.13,-745.347,0,0,0,2500,0,0,2500,0,2500,0
20230101T000004.900000,3,573,3939.33,3449.29,290.674,0,0,0,2500,0,0,2500,0,2500,0
20230101T000005,6,612,8814.65,-6868.29,-821.728,0,0,0,76189.2,96311.8,11585.5,124749,-9027.3,199795,1.3501e+17
20230101T000005,6,613,381.85,-322.119,-17.9845,0,0,0,203.662,165.045,9.22904,260.085,-7.78537,399.395,2.66578e+23
20230101T000005,6,614,6002.81,-4225.25,-736.045,0,0,0,29186.4,40143.6,7064.15,57962.2,-4972.31,86219.1,1.01093e+17
20230101T000005,6,615,321.282,262.2,85.595,0,0,0,153.879,-98.9726,-34.184,194.381,-27.8978,277.769,2.51585e+17
20230101T000005,6,616,7150.87,5588.05,1662.63,0,0,0,52746.5,-61759.1,-19013.9,83516.4,-14858.4,131780,7.04446e+17
20230101T000005,6,617,3393.01,4085.67,-1098.28,0,0,0,27521.1,-21201.7,5954.25,19598.6,7169.76,45131,1.46281e+17
20230101T000005,4,562,393.783,-316.128,-17.4457,-3.68487,-6.27537,-0.337133,134.861,123.155,6.84722,272.652,-4.01535,344.884,0
20230101T000005,3,574,8814.65,-6868.29,-821.728,0,0,0,2500,0,0,2500,0,2500,0
20230101T000005,3,575,6002.81,-4225.25,-736.045,0,0,0,2500,0,0,2500,0,2500,0
20230101T000005,3,576,321.282,262.2,85.5949,0,0,0,2500,0,0,2500,0,2500,0
20230101T000005,3,577,7150.87,5588.05,1662.63,0,0,0,2500,0,0,2500,0,2500,0
20230101T000005,3,578,3393.01,4085.67,-1098.28,0,0,0,2500,0,0,2500,0,2500,0
20230101T000005.100000,6,618,5819.6,-8353.08,-980.889,0,0,0,112162,77026.8,9129.92,55267.5,-13104.5,165827,2.25691e+17
20230101T000005.100000,6,619,3169.67,-3966.37,840.355,0,0,0,25636,19534,-4255.41,16802.5,5325,41248,1.94918e+17
20230101T000005.100000,6,620,8274.94,-4052.27,-821.675,0,0,0,27195.9,53199.9,10873.8,109781,-5324.95,135833,1.3443e+17
20230101T000005.100000,6,621,4561.39,-1386.96,-200.304,0,0,0,3195.09,10086.7,1459.3,33300.8,-443.721,36368,1.40377e+17
20230101T000005.100000,6,622,4980.83,-2541.47,-629.385,0,0,0,10887.6,19971.7,5009.44,39837.9,-2556.07,50029.3,9.54304e+17
20230101T000005.100000,6,623,5287.65,1078.51,-537.576,0,0,0,2365.84,-9021.49,4541.84,44755.9,926.385,46596.6,2.02977e+17
20230101T000005.100000,6,624,2554.15,1078.37,-400.126,0,0,0,2131.23,-4292.66,1626.84,10486.1,686.855,12299.8,1.55177e+17
20230101T000005.100000,6,625,11031.3,4324.83,420.27,0,0,0,30227,-76215.5,-7415.67,194748,-2907.33,224629,1.14136e+17
20230101T000005.100000,6,626,318.395,378.812,70.8061,0,0,0,258.882,-158.137,-30.2969,203.654,-36.0459,393.082,2.21538e+24
20230101T000005.100000,4,576,337.217,365.634,77.7935,1.57772,10.241,-0.772417,141.442,-87.0574,-29.9377,177.068,-24.4323,249.632,0
20230101T000005.100000,3,579,5819.6,-8353.08,-980.889,0,0,0,2500,0,0,2500,0,2500,0
20230101T000005.100000,3,580,3169.68,-3966.37,840.355,0,0,0,2500,0,0,2500,0,2500,0
20230101T000005.100000,3,581,8274.94,-4052.27,-821.675,0,0,0,2500,0,0,2500,0,2500,0
20230101T000005.100000,3,582,4561.39,-1386.96,-200.304,0,0,0,2500,0,0,2500,0,2500,0
20230101T000005.100000,3,583,4980.83,-2541.47,-629.385,0,0,0,2500,0,0,2500,0,2500,0
20230101T000005.100000,3,584,5287.65,1078.51,-537.576,0,0,0,2500,0,0,2500,0,2500,0
20230101T000005.100000,3,585,2554.15,1078.37,-400.126,0,0,0,2500,0,0,2500,0,2500,0
20230101T000005.100000,3,586,11031.3,4324.83,420.27,0,0,0,2500,0,0,2500,0,2500,0
20230101T000005.200000,6,627,8262.14,-7948.08,-1375.79,0,0,0,102681,103524,18181.7,110707,-17490.6,210297,3.45672e+17
20230101T000005.200000,6,628,8121.04,-5673.39,1422.06,0,0,0,53716.2,72169.6,-18470.4,106604,12903.5,157023,5.89328e+17
20230101T000005.200000,6,629,6521.51,-5258.8,-401.806,0,0,0,44443.2,54715.1,4190.22,68175.1,-3378.9,112296,2.17685e+17
20230101T000005.200000,6,630,6539.09,-5892.16,-58.4157,0,0,0,55586.4,61612.5,610.862,68446.7,-550.427,123964,4.71662e+17
20230101T000005.200000,6,631,4057.41,-975.564,322.647,0,0,0,1740.36,6280.9,-2089.8,26352.7,502.471,27863.3,1.75927e+17
20230101T000005.200000,6,632,2840.08,-261.781,-518.74,0,0,0,597.995,1144.55,2346,12909.8,-216.24,13017.4,2.51456e+17
20230101T000005.200000,6,633,4118,-551.764,506.001,0,0,0,951.496,3573.24,-3326.33,27141,445.689,27620.7,1.77723e+17
20230101T000005.200000,6,634,10506.9,1590.38,144.083,0,0,0,4141.9,-26721.5,-2421.33,176634,-366.504,180678,5.88405e+17
20230101T000005.200000,6,635,2425.97,1414.69,-226.946,0,0,0,3311.09,-5427.65,876.463,9453.56,511.103,12619.1,1.16445e+17
20230101T000005.200000,6,636,6648.83,2837.19,174.536,0,0,0,12974.8,-30141.7,-1855.31,70748.4,-791.7,83610.6,8.46565e+16
20230101T000005.200000,6,637,382.636,313.409,72.5133,0,0,0,199.692,-157.037,-37.2878,262.79,-30.5417,392.763,9.8146e+24
20230101T000005.200000,6,638,6810.98,5728.18,1015.7,0,0,0,53503,-61579,-11063.2,74933.1,-9304.37,126723,1.85102e+17
20230101T000005.200000,6,639,4951.87,3564.63,519.694,0,0,0,20657,-28007.5,-4113.14,39402.7,-2960.87,59564.6,1.45668e+17
20230101T000005.200000,6,640,2823.56,3864.93,124.526,0,0,0,23931.2,-17418.3,-561.591,12813.9,-768.713,36656.4,2.04209e+17
20230101T000005.200000,4,576,356.316,344.702,75.2299,20.5277,-10.9713,-3.02959,99.9454,-59.8988,-16.5398,102.201,-14.875,164.236,0
20230101T000005.200000,3,587,8262.14,-7948.08,-1375.79,0,0,0,2500,0,0,2500,0,2500,0
20230101T000005.200000,3,588,8121.04,-5673.39,1422.06,0,0,0,2500,0,0,2500,0,2500,0
20230101T000005.200000,3,589,6521.51,-5258.8,-401.806,0,0,0,2500,0,0,2500,0,2500,0
20230101T000005.200000,3,590,6539.09,-5892.16,-58.4157,0,0,0,2500,0,0,2500,0,2500,0
20230101T000005.200000,3,591,4057.41,-975.564,322.647,0,0,0,2500,0,0,2500,0,2500,0
20230101T000005.200000,3,592,2840.08,-261.781,-518.74,0,0,0,2500,0,0,2500,0,2500,0
20230101T000005.200000,3,593,4118,-551.764,506.001,0,0,0,2500,0,0,2500,0,2500,0
20230101T000005.200000,3,594,10506.9,1590.38,144.083,0,0,0,2500,0,0,2500,0,2500,0
20230101T000005.200000,3,595,2425.97,1414.69,-226.946,0,0,0,2500,0,0,2500,0,2500,0
20230101T000005.200000,3,596,6648.83,2837.19,174.536,0,0,0,2500,0,0,2500,0,2500,0
20230101T000005.200000,3,597,6810.98,5728.18,1015.7,0,0,0,2500,0,0,2500,0,2500,0
20230101T000005.200000,3,598,4951.87,3564.63,519.695,0,0,0,2500,0,0,2500,0,2500,0
20230101T000005.200000,3,599,2823.56,3864.93,124.526,0,0,0,2500,0,0,2500,0,2500,0
20230101T000005.300000,6,641,1139.73,-1292.7,100.555,0,0,0,2708.7,2317.65,-180.907,2123.35,205.189,4752.3,1.18995e+17
20230101T000005.300000,6,642,2866.82,-3182.34,2.48701,0,0,0,16232.3,14565.3,-11.3828,13185.2,12.6356,29353.5,1.53569e+17
20230101T000005.300000,6,643,4298.77,-3564.08,452.311,0,0,0,20556,24321.8,-3107.04,29726.3,2576.03,49891.7,1.29099e+17
20230101T000005.300000,6,644,11284.1,-5194.86,-705.23,0,0,0,43887.7,93464.7,12729.4,203881,-5860.2,246910,1.28355e+17
20230101T000005.300000,6,645,4523.28,-358.927,-657.157,0,0,0,955.063,2538.21,4746.96,32740.8,-376.676,32943.5,1.14119e+18
20230101T000005.300000,6,646,11931,-263.797,-525.372,0,0,0,616.597,5024.58,10026.3,227757,-221.684,227868,4.05056e+17
20230101T000005.300000,6,647,10801.9,-492.49,1463.11,0,0,0,3868.81,8352.98,-25278.4,186695,1152.52,187077,1.69336e+17
20230101T000005.300000,6,648,5774.41,-181.926,-898.159,0,0,0,1404.81,1638.24,8288.43,53351.4,-261.132,53404.5,2.07476e+17
20230101T000005.300000,6,649,8558.29,-263.331,-1324.32,0,0,0,2976.84,3517.67,18124.5,117194,-557.675,117303,1.48284e+17
20230101T000005.300000,6,650,5056.94,-561.252,1127.94,0,0,0,2575.09,4311.29,-9112.83,40941.7,1011.4,41423.2,2.17091e+17
20230101T000005.300000,6,651,9638.23,4995.14,-2708.34,0,0,0,49221,-72211.6,41752.4,151130,21638.7,188559,2.91751e+17
20230101T000005.300000,6,652,428.576,246.926,72.5315,0,0,0,150.914,-138.58,-41.7757,311.596,-24.0693,392.787,8.06591e+24
20230101T000005.300000,6,653,5956.63,2081.82,-1072.18,0,0,0,8628.91,-19248.8,10208.6,56977.3,3567.86,63706.5,1.24899e+17
20230101T000005.300000,6,654,7684.01,9379.44,439.664,0,0,0,140908,-115132,-5403.94,94693.6,-6596.3,235229,3.2912e+17
20230101T000005.300000,6,655,6152.15,4014.38,576.505,0,0,0,26201.9,-39242.8,-5670.61,60736.1,-3700.17,86343,1.15133e+18
20230101T000005.300000,3,600,1139.73,-1292.7,100.555,0,0,0,2500,0,0,2500,0,2500,0
20230101T000005.300000,3,601,2866.82,-3182.34,2.48701,0,0,0,2500,0,0,2500,0,2500,0
20230101T000005.300000,3,602,4298.77,-3564.08,452.311,0,0,0,2500,0,0,2500,0,2500,0
20230101T000005.300000,3,603,11284.1,-5194.86,-705.23,0,0,0,2500,0,0,2500,0,2500,0
20230101T000005.300000,3,604,4523.28,-358.927,-657.157,0,0,0,2500,0,0,2500,0,2500,0
20230101T000005.300000,3,605,11931,-263.797,-525.372,0,0,0,2500,0,0,2500,0,2500,0
20230101T000005.300000,3,606,10801.9,-492.49,1463.11,0,0,0,2500,0,0,2500,0,2500,0
20230101T000005.300000,3,607,5774.41,-181.926,-898.159,0,0,0,2500,0,0,2500,0,2500,0
20230101T000005.300000,3,608,8558.29,-263.331,-1324.32,0,0,0,2500,0,0,2500,0,2500,0
20230101T000005.300000,3,609,5056.94,-561.252,1127.94,0,0,0,2500,0,0,2500,0,2500,0
20230101T000005.300000,3,610,9638.23,4995.14,-2708.34,0,0,0,2500,0,0,2500,0,2500,0
20230101T000005.300000,3,611,428.576,246.926,72.5315,0,0,0,2500,0,0,2500,0,2500,0
20230101T000005.300000,3,612,5956.63,2081.82,-1072.18,0,0,0,2500,0,0,2500,0,2500,0
20230101T000005.300000,3,613,7684.01,9379.44,439.664,0,0,0,2500,0,0,2500,0,2500,0
20230101T000005.300000,3,614,6152.15,4014.38,576.505,0,0,0,2500,0,0,2500,0,2500,0
20230101T000005.400000,6,656,1917.71,-1254.4,-415.498,0,0,0,2754.47,3693.99,1265.49,5985.51,-827.77,8403.83,1.69948e+17
20230101T000005.400000,6,657,2222.5,-2381.06,-20.4196,0,0,0,9101.2,8434.77,72.3381,7937.74,-77.499,16974.3,8.68516e+16
20230101T000005.400000,6,658,5817.97,-5258.18,-1290.91,0,0,0,45739.5,47589.8,12009.1,55384.8,-10853.6,98397.4,1.76224e+17
20230101T000005.400000,6,659,5393.42,-3962.41,117.442,0,0,0,25177,34152.5,-1012.56,46572.6,743.899,71663.5,1.45174e+17
20230101T000005.400000,6,660,9527.21,-5277.89,-891.663,0,0,0,45591.8,79887.6,13587.5,145542,-7527.24,189799,1.54898e+17
20230101T000005.400000,6,661,7926.21,-3857.22,707.695,0,0,0,24504.3,48576.7,-8970.36,100685,4365.34,124325,1.3829e+17
20230101T000005.400000,6,662,6755.45,-2212.83,44.7302,0,0,0,7895.26,23898,-483.093,73024.3,158.243,80852.4,5.76195e+17
20230101T000005.400000,6,663,4509.04,-2471.99,-459.157,0,0,0,10085.4,17665.2,3307.6,32623,-1813.33,42308.1,1.39353e+17
20230101T000005.400000,6,664,9428.1,-1836.79,-1397.22,0,0,0,8467.83,27109.9,21068.1,142339,-4104.51,147622,2.13213e+17
20230101T000005.400000,6,665,1498.3,-2.30775,5.37832,0,0,0,64.0538,5.43369,-12.6636,3591.84,0.0195051,3591.85,1.38286e+17
20230101T000005.400000,6,666,7418.28,-1279.09,250.243,0,0,0,2777.09,15154.3,-2968.11,88054.1,511.772,90667.1,1.00016e+18
20230101T000005.400000,6,667,5513.39,-102.796,269.846,0,0,0,197.199,903.446,-2377.3,48636.1,44.3243,48653.1,1.91933e+17
20230101T000005.400000,6,668,11380.6,2626.21,1040.62,0,0,0,12740.5,-47426.9,-18943,207318,-4371.35,218263,1.4503e+17
20230101T000005.400000,6,669,465.839,166.403,71.6938,0,0,0,107.187,-101.564,-44.881,355.234,-16.032,392.83,9.77219e+24
20230101T000005.400000,6,670,2503.73,2509.75,576.025,0,0,0,10374.1,-9757.37,-2300.39,10327.2,-2305.91,20109.7,7.29956e+17
20230101T000005.400000,6,671,7952.25,7303.7,78.1644,0,0,0,85390.4,-92892.6,-994.192,101215,-913.109,186532,1.54753e+17
20230101T000005.400000,6,672,4165.04,4544.4,315.034,0,0,0,33144.1,-30173.3,-2097.2,27877.2,-2288.22,60798.8,1.56371e+17
20230101T000005.400000,4,611,467.004,180.295,71.8071,3.80473,-6.59716,-0.071728,135.793,-117.022,-35.1731,271.479,-20.2651,339.24,0
20230101T000005.400000,3,615,1917.71,-1254.4,-415.498,0,0,0,2500,0,0,2500,0,2500,0
20230101T000005.400000,3,616,2222.5,-2381.06,-20.4196,0,0,0,2500,0,0,2500,0,2500,0
20230101T000005.400000,3,617,5817.97,-5258.18,-1290.91,0,0,0,2500,0,0,2500,0,2500,0
20230101T000005.400000,3,618,5393.42,-3962.41,117.442,0,0,0,2500,0,0,2500,0,2500,0
20230101T000005.400000,3,619,9527.21,-5277.89,-891.663,0,0,0,2500,0,0,2500,0,2500,0
20230101T000005.400000,3,620,7926.21,-3857.22,707.695,0,0,0,2500,0,0,2500,0,2500,0
20230101T000005.400000,3,621,6755.45,-2212.83,44.7302,0,0,0,2500,0,0,2500,0,2500,0
20230101T000005.400000,3,622,4509.04,-2471.99,-459.157,0,0,0,2500,0,0,2500,0,2500,0
20230101T000005.400000,3,623,9428.1,-1836.79,-1397.22,0,0,0,2500,0,0,2500,0,2500,0
20230101T000005.400000,3,624,1498.3,-2.30775,5.37832,0,0,0,2500,0,0,2500,0,2500,0
20230101T000005.400000,3,625,7418.28,-1279.09,250.243,0,0,0,2500,0,0,2500,0,2500,0
20230101T000005.400000,3,626,5513.39,-102.796,269.846,0,0,0,2500,0,0,2500,0,2500,0
20230101T000005.400000,3,627,11380.6,2626.21,1040.62,0,0,0,2500,0,0,2500,0,2500,0
20230101T000005.400000,3,628,2503.73,2509.75,576.025,0,0,0,2500,0,0,2500,0,2500,0
20230101T000005.400000,3,629,7952.25,7303.7,78.1644,0,0,0,2500,0,0,2500,0,2500,0
20230101T000005.400000,3,630,4165.04,4544.4,315.034,0,0,0,2500,0,0,2500,0,2500,0
20230101T000005.500000,6,673,6506.24,-6335.83,1263.66,0,0,0,65572,64647.5,-13148.4,69004,12804,131960,2.28848e+17
20230101T000005.500000,6,674,6045.69,-6757.67,1566.08,0,0,0,74838,63386.8,-15141.7,60694.7,16924.9,131548,2.12113e+17
20230101T000005.500000,6,675,10077.1,-5080.18,-2284.74,0,0,0,48001.8,78527.8,36826.6,164182,-18565.4,203773,1.44189e+17
20230101T000005.500000,6,676,3662.66,-334.937,140.7,0,0,0,274.28,1954.15,-822.104,21464.9,75.1783,21643.7,2.06326e+17
20230101T000005.500000,6,677,487.313,86.3763,69.7004,0,0,0,80.3174,-55.2274,-45.643,382.107,-8.09023,393.141,2.6367e+24
20230101T000005.500000,6,678,5610.79,56.0962,-1324.35,0,0,0,2871.62,-474.93,11874.7,50369.8,118.723,50377.9,1.88119e+17
20230101T000005.500000,6,679,6233.89,8094.15,-1603.81,0,0,0,106380,-78713,15990.8,64800.6,20762.6,167004,2.93617e+17
20230101T000005.500000,6,680,5667.59,6512.2,1292.33,0,0,0,69032.7,-57699.3,-11712.9,52950.7,-13458.4,119250,1.95234e+17
20230101T000005.500000,6,681,7032.79,4919.79,1917.7,0,0,0,42718.6,-52567.4,-21567.6,81089.7,-15087.7,117866,2.70372e+17
20230101T000005.500000,6,682,5913.58,7348.06,1917.45,0,0,0,88726.9,-66622,-18134.5,59560.2,-22533.5,142346,1.91142e+17
20230101T000005.500000,4,607,5693.11,-168.23,-906.283,-15.6348,2.63386,-1.56227,121.901,74.2712,367.094,2476.95,-11.5656,2424.91,0
20230101T000005.500000,3,631,6506.24,-6335.83,1263.66,0,0,0,2500,0,0,2500,0,2500,0
20230101T000005.500000,3,632,6045.69,-6757.67,1566.08,0,0,0,2500,0,0,2500,0,2500,0
20230101T000005.500000,3,633,10077.1,-5080.18,-2284.74,0,0,0,2500,0,0,2500,0,2500,0
20230101T000005.500000,3,634,3662.66,-334.937,140.7,0,0,0,2500,0,0,2500,0,2500,0
20230101T000005.500000,3,635,487.313,86.3763,69.7004,0,0,0,2500,0,0,2500,0,2500,0
20230101T000005.500000,3,636,6233.89,8094.15,-1603.81,0,0,0,2500,0,0,2500,0,2500,0
20230101T000005.500000,3,637,5667.59,6512.2,1292.33,0,0,0,2500,0,0,2500,0,2500,0
20230101T000005.500000,3,638,7032.79,4919.79,1917.7,0,0,0,2500,0,0,2500,0,2500,0
20230101T000005.500000,3,639,5913.58,7348.06,1917.45,0,0,0,2500,0,0,2500,0,2500,0
20230101T000005.600000,6,683,3102.93,-2319.84,-954.366,0,0,0,9584.15,10789.5,4726.22,15949.2,-3533.46,24019.4,1.95014e+17
20230101T000005.600000,6,684,5518.39,-8261.2,563.167,0,0,0,109372,72677.8,-4970.43,49119.3,7440.89,157920,1.39541e+17
20230101T000005.600000,6,685,2382.75,-1409.56,-30.0396,0,0,0,3227.45,5345.12,113.925,9100.94,-67.3947,12263,2.2296e+17
20230101T000005.600000,6,686,3871.98,-2208.91,-202.783,0,0,0,7904.67,13628.8,1253.75,24019.5,-715.248,31794.6,1.68185e+17
20230101T000005.600000,6,687,8683.06,-3681.81,943.265,0,0,0,22949.5,50616.5,-13098.8,120859,5554.2,142323,2.21036e+17
20230101T000005.600000,6,688,5461.57,-3460.28,-28.9387,0,0,0,19204.3,30208.2,252.639,47744.8,-160.064,66883.7,2.35999e+17
20230101T000005.600000,6,689,11409.3,1785.85,1494.22,0,0,0,8651.15,-32045.1,-27268.7,208362,-4268.27,213379,2.28851e+17
20230101T000005.600000,6,690,495.11,0.636858,68.6296,0,0,0,70.3301,-0.414039,-45.6626,392.214,-0.0587356,393.421,3.54874e+24
20230101T000005.600000,6,691,7541.22,677.875,-517.141,0,0,0,1222.88,-8135.38,6235.47,90996.1,560.502,91727.6,1.45656e+17
20230101T000005.600000,6,692,5984.84,3467.55,539.704,0,0,0,19634.8,-32974.6,-5163.78,57442.4,-2991.84,76547.9,2.02906e+17
20230101T000005.600000,6,693,7935.8,4615.19,304.513,0,0,0,34238.6,-58508.1,-3864.66,100817,-2247.55,134843,1.23928e+17
20230101T000005.600000,6,694,6596.41,4992.51,-1278.99,0,0,0,41584.1,-51402.7,13491.1,70596.2,10210.8,109502,1.79544e+17
20230101T000005.600000,6,695,2838.03,3804.15,-844.249,0,0,0,23584.4,-16697.7,3827.01,13659.6,5129.79,36043.5,1.61307e+17
20230101T000005.600000,4,627,11305.2,2598.72,1039,-14.4989,-5.28674,-0.311857,207.958,-544.931,-215.946,2443.64,-49.8324,2549.89,0
20230101T000005.600000,4,635,500.511,12.9476,68.777,1.30674,-7.27018,-0.0914269,76.1796,-46.6281,-38.4316,330.979,-6.812,339.556,0
20230101T000005.600000,3,640,3102.93,-2319.84,-954.366,0,0,0,2500,0,0,2500,0,2500,0
20230101T000005.600000,3,641,5518.39,-8261.2,563.167,0,0,0,2500,0,0,2500,0,2500,0
20230101T000005.600000,3,642,2382.75,-1409.56,-30.0396,0,0,0,2500,0,0,2500,0,2500,0
20230101T000005.600000,3,643,3871.98,-2208.91,-202.783,0,0,0,2500,0,0,2500,0,2500,0
20230101T000005.600000,3,644,8683.06,-3681.81,943.265,0,0,0,2500,0,0,2500,0,2500,0
20230101T000005.600000,3,645,5461.57,-3460.28,-28.9387,0,0,0,2500,0,0,2500,0,2500,0
20230101T000005.600000,3,646,7541.22,677.875,-517.141,0,0,0,2500,0,0,2500,0,2500,0
20230101T000005.600000,3,647,5984.84,3467.55,539.704,0,0,0,2500,0,0,2500,0,2500,0
20230101T000005.600000,3,648,7935.8,4615.19,304.513,0,0,0,2500,0,0,2500,0,2500,0
20230101T000005.600000,3,649,6596.41,4992.51,-1278.99,0,0,0,2500,0,0,2500,0,2500,0
20230101T000005.600000,3,650,2838.03,3804.15,-844.249,0,0,0,2500,0,0,2500,0,2500,0
20230101T000005.700000,6,696,947.863,-1288.08,384.764,0,0,0,2759.12,1811.53,-574.899,1630.42,781.25,4095.67,3.08528e+17
20230101T000005.700000,6,697,6725.75,-4662.61,361.589,0,0,0,34968.3,50047.5,-3888.81,72465.8,2695.91,107161,1.20812e+17
20230101T000005.700000,6,698,3601.36,-4753.68,593.033,0,0,0,36384.3,27090.2,-3413.35,21149.4,4505.52,56908.3,1.97607e+17
20230101T000005.700000,6,699,2261.49,-677.893,51.4993,0,0,0,797.852,2434.12,-185.008,8188.57,55.457,8918.24,1.9715e+17
20230101T000005.700000,6,700,10030.2,-3921.97,-1361.54,0,0,0,27238.3,61913.6,21842.9,161369,-8540.97,185579,1.54979e+18
20230101T000005.700000,6,701,4969.74,-2194.54,-887.15,0,0,0,8811.55,16961.7,7044.93,39732.9,-3110.9,47224.5,2.44148e+17
20230101T000005.700000,6,702,2169.75,44.0435,-229.723,0,0,0,150.77,-149.904,790.808,7532.58,16.0525,7536.33,1.61799e+17
20230101T000005.700000,6,703,488.308,-83.3403,66.966,0,0,0,79.1574,53.4998,-43.9446,383.493,7.5001,393.772,3.92245e+24
20230101T000005.700000,6,704,8522.51,349.604,-1696.33,0,0,0,4853.34,-4576.14,23118.9,116221,948.369,116411,2.45052e+17
20230101T000005.700000,6,705,6653.73,-736.313,-1042.08,0,0,0,2645.64,7641.99,11084.3,70857.2,-1226.6,71704.4,1.88022e+17
20230101T000005.700000,6,706,3782.14,1574.76,-933.042,0,0,0,5206.76,-9013.67,5633.44,23102.1,2345.58,26858.2,1.75501e+17
20230101T000005.700000,6,707,7577.61,5029.8,401.715,0,0,0,40701.8,-60833.7,-4868.11,91970.8,-3231.31,132351,1.49465e+17
20230101T000005.700000,4,648,7862.11,4583.9,303.732,-7.29627,-3.0983,-0.0773991,675.061,-1048.87,-69.2065,1868.6,-40.2482,2475.98,0
20230101T000005.700000,3,651,947.863,-1288.08,384.764,0,0,0,2500,0,0,2500,0,2500,0
20230101T000005.700000,3,652,6725.75,-4662.61,361.589,0,0,0,2500,0,0,2500,0,2500,0
20230101T000005.700000,3,653,3601.36,-4753.68,593.033,0,0,0,2500,0,0,2500,0,2500,0
20230101T000005.700000,3,654,2261.49,-677.893,51.4993,0,0,0,2500,0,0,2500,0,2500,0
20230101T000005.700000,3,655,10030.2,-3921.97,-1361.54,0,0,0,2500,0,0,2500,0,2500,0
20230101T000005.700000,3,656,4969.74,-2194.54,-887.15,0,0,0,2500,0,0,2500,0,2500,0
20230101T000005.700000,3,657,2169.75,44.0435,-229.723,0,0,0,2500,0,0,2500,0,2500,0
20230101T000005.700000,3,658,488.308,-83.3403,66.966,0,0,0,2500,0,0,2500,0,2500,0
20230101T000005.700000,3,659,8522.51,349.604,-1696.33,0,0,0,2500,0,0,2500,0,2500,0
20230101T000005.700000,3,660,6653.73,-736.313,-1042.08,0,0,0,2500,0,0,2500,0,2500,0
20230101T000005.700000,3,661,3782.14,1574.76,-933.042,0,0,0,2500,0,0,2500,0,2500,0
20230101T000005.800000,6,708,6058.47,-3943.85,-1101.05,0,0,0,26292.6,37314.4,10665.1,59324.1,-6942.57,83615.9,1.38327e+17
20230101T000005.800000,6,709,7433.94,-6113.6,-793.425,0,0,0,60440.5,72191.7,9433.19,88853.6,-7757.76,148224,1.3387e+17
20230101T000005.800000,6,710,1746.54,-345.358,199.141,0,0,0,312.73,940.986,-549.556,4885.4,108.668,5072.26,1.19406e+17
20230101T000005.800000,6,711,3281.76,-1944.48,774.22,0,0,0,6804.97,9762.57,-4054.56,17497.1,2402.37,23284.1,2.54977e+17
20230101T000005.800000,6,712,465.861,-166.912,70.8353,0,0,0,107.271,101.95,-44.3479,355.29,15.8893,393.103,1.45466e+24
20230101T000005.800000,6,713,6193.86,-3545.25,428.115,0,0,0,20379,34980.2,-4239.37,61470.4,2426.54,81492.7,1.46155e+17
20230101T000005.800000,6,714,5438.53,-1703.01,114.954,0,0,0,4717.91,14794.7,-999.055,47331.8,312.842,51964.6,1.64542e+17
20230101T000005.800000,6,715,12243.9,257.179,-640.391,0,0,0,825.495,-5023.1,12542.1,239862,263.443,239968,1.59954e+17
20230101T000005.800000,6,716,7474.38,1950.17,-416.837,0,0,0,6405.1,-23238.6,4981.63,89408,1299.78,95471.4,2.81154e+17
20230101T000005.800000,6,717,6417.87,3049.73,1249.74,0,0,0,16970.6,-30323.6,-12823.2,66374.3,-6093.51,80785.8,2.09652e+17
20230101T000005.800000,6,718,5865.75,2928.71,4.83036,0,0,0,13775,-27460.9,-45.2917,55064,-22.6137,68775,4.31366e+17
20230101T000005.800000,6,719,5866.83,2918.93,-883.266,0,0,0,14683.2,-26876.9,8283.56,55331.6,4121.34,68704.9,1.14886e+17
20230101T000005.800000,6,720,1707.58,1991.77,-404.973,0,0,0,6485.06,-5281.22,1100.16,4852.62,1283.25,11014.3,1.26601e+17
20230101T000005.800000,6,721,1198.24,1700.94,128.936,0,0,0,4659.07,-3218.46,-244.918,2357.62,-347.67,6926.58,2.00454e+17
20230101T000005.800000,4,658,475.269,-157.222,70.3085,-1.29095,-7.31504,0.330937,75.1992,45.1579,-36.9999,332.081,6.31483,340.075,0
20230101T000005.800000,3,662,6058.47,-3943.85,-1101.05,0,0,0,2500,0,0,2500,0,2500,0
20230101T000005.800000,3,663,7433.94,-6113.6,-793.425,0,0,0,2500,0,0,2500,0,2500,0
20230101T000005.800000,3,664,1746.54,-345.358,199.141,0,0,0,2500,0,0,2500,0,2500,0
20230101T000005.800000,3,665,3281.76,-1944.48,774.22,0,0,0,2500,0,0,2500,0,2500,0
20230101T000005.800000,3,666,6193.86,-3545.25,428.115,0,0,0,2500,0,0,2500,0,2500,0
20230101T000005.800000,3,667,5438.53,-1703.01,114.954,0,0,0,2500,0,0,2500,0,2500,0
20230101T000005.800000,3,668,12243.9,257.179,-640.391,0,0,0,2500,0,0,2500,0,2500,0
20230101T000005.800000,3,669,7474.38,1950.17,-416.837,0,0,0,2500,0,0,2500,0,2500,0
20230101T000005.800000,3,670,6417.87,3049.73,1249.74,0,0,0,2500,0,0,2500,0,2500,0
20230101T000005.800000,3,671,5865.75,2928.71,4.83036,0,0,0,2500,0,0,2500,0,2500,0
20230101T000005.800000,3,672,5866.83,2918.93,-883.266,0,0,0,2500,0,0,2500,0,2500,0
20230101T000005.800000,3,673,1707.58,1991.77,-404.973,0,0,0,2500,0,0,2500,0,2500,0
20230101T000005.800000,3,674,1198.24,1700.94,128.936,0,0,0,2500,0,0,2500,0,2500,0
20230101T000005.900000,6,722,2121.89,-1547.09,254.672,0,0,0,3938.75,5172.84,-859.65,7261.91,626.779,11034.1,3.58657e+17
20230101T000005.900000,6,723,3081.14,-4865.67,1598.69,0,0,0,39067.1,22111.7,-7872.42,18150.7,12432,53073.7,1.73801e+17
20230101T000005.900000,6,724,2728.04,-545.264,-539.151,0,0,0,982.242,2278.76,2341.6,11927.8,-468.024,12385.6,4.22954e+17
20230101T000005.900000,6,725,10703.9,-3711.33,-369.265,0,0,0,22290.2,63473.7,6322.14,183347,-2192.06,205355,1.56016e+17
20230101T000005.900000,6,726,10739.6,-3919.94,48.1887,0,0,0,24645.2,67336.2,-827.794,184552,302.143,209129,1.50292e+17
20230101T000005.900000,6,727,433.46,-238.779,72.6708,0,0,0,145.771,135.554,-42.3418,317.173,23.3247,393.196,1.54925e+22
20230101T000005.900000,6,728,936.518,-474.504,135.616,0,0,0,433.753,673.767,-195.958,1422.17,99.2857,1764.6,2.32863e+17
20230101T000005.900000,6,729,11694.1,636.362,1219.67,0,0,0,3084.17,-11774.1,-22814.1,218811,-1241.48,219453,1.50929e+17
20230101T000005.900000,6,730,6236.99,-9.8681,-81.5196,0,0,0,74.7774,98.3576,812.663,62240.1,-1.28579,62240.3,1.59481e+17
20230101T000005.900000,6,731,9401.6,840.241,-660.601,0,0,0,1885.49,-12571.8,9932.69,141430,887.706,142554,1.45324e+17
20230101T000005.900000,6,732,2975.88,1583.31,577.976,0,0,0,4476.01,-7291.37,-2742.57,14301,-1459.18,18182.2,1.70262e+17
20230101T000005.900000,6,733,3241.95,2232.38,-746.381,0,0,0,8620.21,-11134.4,3861.92,17122.9,2659.29,24792.3,2.94694e+17
20230101T000005.900000,6,734,8955.05,5082.14,1046.01,0,0,0,42697.1,-72038.6,-14981.6,128750,-8502.34,169634,8.38408e+17
20230101T000005.900000,6,735,6662.02,3130.1,1636.4,0,0,0,19235.7,-31692,-17430.5,71797.8,-8189.6,86691,2.46486e+17
20230101T000005.900000,6,736,6022.7,1264.26,-369.375,0,0,0,2827.53,-12126.1,3555.66,58048.5,746.391,60594.2,5.30569e+17
20230101T000005.900000,6,737,6661.05,7674.74,65.7106,0,0,0,94273.1,-81759.8,-700.052,71031.8,-806.587,165234,1.65801e+17
20230101T000005.900000,6,738,3622.32,3948.08,592.158,0,0,0,25225.1,-22571,-3427.25,21332.9,-3735.47,45934.5,1.07399e+17
20230101T000005.900000,3,675,2121.89,-1547.09,254.672,0,0,0,2500,0,0,2500,0,2500,0
20230101T000005.900000,3,676,3081.14,-4865.67,1598.69,0,0,0,2500,0,0,2500,0,2500,0
20230101T000005.900000,3,677,2728.04,-545.264,-539.151,0,0,0,2500,0,0,2500,0,2500,0
20230101T000005.900000,3,678,10703.9,-3711.33,-369.265,0,0,0,2500,0,0,2500,0,2500,0
20230101T000005.900000,3,679,10739.6,-3919.94,48.1887,0,0,0,2500,0,0,2500,0,2500,0
20230101T000005.900000,3,680,433.46,-238.779,72.6708,0,0,0,2500,0,0,2500,0,2500,0
20230101T000005.900000,3,681,936.518,-474.504,135.616,0,0,0,2500,0,0,2500,0,2500,0
20230101T000005.900000,3,682,11694.1,636.362,1219.67,0,0,0,2500,0,0,2500,0,2500,0
20230101T000005.900000,3,683,6236.99,-9.8681,-81.5196,0,0,0,2500,0,0,2500,0,2500,0
20230101T000005.900000,3,684,9401.6,840.241,-660.601,0,0,0,2500,0,0,2500,0,2500,0
20230101T000005.900000,3,685,2975.88,1583.31,577.976,0,0,0,2500,0,0,2500,0,2500,0
20230101T000005.900000,3,686,3241.95,2232.38,-746.381,0,0,0,2500,0,0,2500,0,2500,0
20230101T000005.900000,3,687,8955.05,5082.14,1046.01,0,0,0,2500,0,0,2500,0,2500,0
20230101T000005.900000,3,688,6662.02,3130.1,1636.4,0,0,0,2500,0,0,2500,0,2500,0
20230101T000005.900000,3,689,6022.7,1264.26,-369.375,0,0,0,2500,0,0,2500,0,2500,0
20230101T000005.900000,3,690,6661.05,7674.74,65.7106,0,0,0,2500,0,0,2500,0,2500,0
20230101T000005.900000,3,691,3622.32,3948.08,592.158,0,0,0,2500,0,0,2500,0,2500,0
20230101T000006,6,739,771.16,-857.979,-78.9057,0,0,0,1210.72,1022,94.4457,992.247,-105.079,2129.6,3.80057e+17
20230101T000006,6,740,3336.62,-2911.13,1089.32,0,0,0,14671.7,14570.9,-5804.24,18659.5,5064.08,31375.9,1.57765e+17
20230101T000006,6,741,380.546,-316.915,67.6939,0,0,0,202.123,158.461,-34.6179,260.435,28.8294,393.574,6.89711e+23
20230101T000006,6,742,3710.06,-5435.38,1466.98,0,0,0,48383.1,30633.3,-8700.46,24413.7,12746.5,69295.7,1.44105e+17
20230101T000006,6,743,1386.85,-281.78,-226.283,0,0,0,265.649,597.098,492.335,3083.1,-100.032,3206.02,1.9391e+17
20230101T000006,6,744,11575.5,-386.892,-1353.53,0,0,0,3230.58,7065.56,25061.1,214390,-837.627,214627,1.67792e+17
20230101T000006,6,745,10062.5,1278.04,241.68,0,0,0,2768.35,-20556.7,-3889.52,162007,-494.012,164618,2.52856e+17
20230101T000006,6,746,7976,701.124,-938.454,0,0,0,2247.48,-8819.04,11968.8,101798,1052.11,102574,1.94847e+17
20230101T000006,6,747,1524.1,1513.13,94.7311,0,0,0,3702.71,-3650.75,-229.008,3755.45,-227.36,7380.05,2.38039e+17
20230101T000006,6,748,1586.34,2193.38,-157.839,0,0,0,7733.07,-5517.89,398.438,4094.39,550.909,11724,4.29766e+17
20230101T000006,6,749,1079.07,1301.57,101.462,0,0,0,2743.22,-2207.75,-172.733,1910.58,-208.35,4573.78,1.33879e+17
20230101T000006,6,750,3297.68,3327.42,230.481,0,0,0,17788.5,-17482,-1213.87,17474.6,-1224.82,35114.4,1.45457e+17
20230101T000006,6,751,6327.73,6292.82,-104.811,0,0,0,63400.3,-63670,1060.61,64104.7,1054.76,127423,1.57884e+17
20230101T000006,6,752,4742.15,4273.62,70.674,0,0,0,29261.8,-32390,-535.709,36013.1,-482.78,65202.9,6.46268e+17
20230101T000006,4,680,394.249,-310.551,68.3693,-3.88232,-7.1062,-0.425895,131.441,114.45,-35.6443,276.158,19.6353,339.543,0
20230101T000006,3,692,771.16,-857.979,-78.9057,0,0,0,2500,0,0,2500,0,2500,0
20230101T000006,3,693,3336.62,-2911.13,1089.32,0,0,0,2500,0,0,2500,0,2500,0
20230101T000006,3,694,3710.06,-5435.38,1466.98,0,0,0,2500,0,0,2500,0,2500,0
20230101T000006,3,695,1386.85,-281.78,-226.283,0,0,0,2500,0,0,2500,0,2500,0
20230101T000006,3,696,11575.5,-386.892,-1353.53,0,0,0,2500,0,0,2500,0,2500,0
20230101T000006,3,697,10062.5,1278.04,241.68,0,0,0,2500,0,0,2500,0,2500,0
20230101T000006,3,698,7976,701.124,-938.454,0,0,0,2500,0,0,2500,0,2500,0
20230101T000006,3,699,1524.1,1513.13,94.7311,0,0,0,2500,0,0,2500,0,2500,0
20230101T000006,3,700,1586.34,2193.38,-157.839,0,0,0,2500,0,0,2500,0,2500,0
20230101T000006,3,701,1079.07,1301.57,101.462,0,0,0,2500,0,0,2500,0,2500,0
20230101T000006,3,702,3297.68,3327.42,230.481,0,0,0,2500,0,0,2500,0,2500,0
20230101T000006,3,703,6327.73,6292.82,-104.811,0,0,0,2500,0,0,2500,0,2500,0
20230101T000006,3,704,4742.15,4273.62,70.674,0,0,0,2500,0,0,2500,0,2500,0
20230101T000006.100000,6,753,8650.67,-7512.49,1433.95,0,0,0,92211.4,102321,-19841.5,121176,17230.9,210036,2.15918e+17
20230101T000006.100000,6,754,6671.88,-8274.29,-1228.83,0,0,0,110519,87116.6,13113.2,72724.6,-16262.6,180765,2.62783e+17
20230101T000006.100000,6,755,5687.04,-6577.31,-772.675,0,0,0,69653.4,59344.7,7027.09,52330.9,-8127.13,120966,3.62307e+17
20230101T000006.100000,6,756,10354.1,-3269.03,677.899,0,0,0,17825.1,53927.2,-11226.7,171604,3544.52,188631,2.75262e+17
20230101T000006.100000,6,757,55.7055,10.3227,0.873751,0,0,0,62.0322,10.5435,0.892416,7.08927,0.165373,5.15068,5.72981e+17
20230101T000006.100000,6,758,8850.7,536.007,-1577.53,0,0,0,4488.7,-7346.45,22328.5,125351,1352.24,125797,1.39858e+17
20230101T000006.100000,6,759,3787.16,1067.15,754.662,0,0,0,2723.47,-6212.33,-4561.44,23019.7,-1285.33,24772.4,1.67685e+17
20230101T000006.100000,6,760,8653.25,5879.85,-944.622,0,0,0,56336.4,-80714.6,13073.7,120277,8883.56,175123,2.89781e+17
20230101T000006.100000,6,761,435.456,527.152,-149.067,0,0,0,483.824,-319.827,95.3761,360.844,115.46,750.922,7.88038e+23
20230101T000006.100000,3,705,8650.67,-7512.49,1433.95,0,0,0,2500,0,0,2500,0,2500,0
20230101T000006.100000,3,706,6671.87,-8274.29,-1228.83,0,0,0,2500,0,0,2500,0,2500,0
20230101T000006.100000,3,707,5687.04,-6577.31,-772.675,0,0,0,2500,0,0,2500,0,2500,0
20230101T000006.100000,3,708,10354.1,-3269.03,677.899,0,0,0,2500,0,0,2500,0,2500,0
20230101T000006.100000,3,709,55.7055,10.3227,0.873751,0,0,0,2500,0,0,2500,0,2500,0
20230101T000006.100000,3,710,8850.7,536.007,-1577.53,0,0,0,2500,0,0,2500,0,2500,0
20230101T000006.100000,3,711,3787.16,1067.15,754.662,0,0,0,2500,0,0,2500,0,2500,0
20230101T000006.100000,3,712,8653.25,5879.85,-944.622,0,0,0,2500,0,0,2500,0,2500,0
20230101T000006.100000,3,713,435.456,527.152,-149.067,0,0,0,2500,0,0,2500,0,2500,0
20230101T000006.200000,6,762,6306.72,-1430.9,-437.971,0,0,0,3628.41,14358.8,4415.25,63657.8,-1001.75,66915.8,2.62052e+17
20230101T000006.200000,6,763,2890.54,-464.768,-343.667,0,0,0,591.362,2109.97,1582.09,13374.7,-254.384,13714.8,1.62684e+17
20230101T000006.200000,6,764,10033.4,-1629.29,-784.497,0,0,0,5268.7,25989.7,12589,161097,-2044.29,165317,2.38014e+17
20230101T000006.200000,6,765,6276.07,857.065,-973.832,0,0,0,2726.25,-8394.6,9769.42,63051.4,1334.12,64199.2,6.8596e+17
20230101T000006.200000,6,766,7450.21,2781.45,-663.677,0,0,0,13052.7,-32904.1,7906.28,88903,2951.72,101188,1.92623e+17
20230101T000006.200000,6,767,6050.65,1158.11,-383.082,0,0,0,2433.96,-11156.6,3704.74,58587.2,709.096,60722.9,1.88605e+17
20230101T000006.200000,6,768,4535.57,2187.59,363.254,0,0,0,7879.79,-15767.6,-2631.97,32966.2,-1269.44,40571.5,1.27151e+17
20230101T000006.200000,6,769,9532.7,7266.62,2476.88,0,0,0,90733.2,-106071,-37768,149026,-28789.9,229884,1.09264e+18
20230101T000006.200000,6,770,527.461,435.765,-146.112,0,0,0,360.507,-320.932,113.233,483.831,93.5478,751.763,6.82849e+22
20230101T000006.200000,4,677,2845.89,-549.452,-524.04,32.4364,-1.15266,4.15884,222.008,402.046,400.328,2153.15,-80.015,2169.07,0
20230101T000006.200000,4,689,6030.65,1261.11,-370.373,2.18849,-0.86611,-0.274864,178.704,-509.891,148.997,2500.69,31.2768,2598.99,0
20230101T000006.200000,4,713,512.865,463.592,-146.804,7.66432,-6.29307,0.224055,378.182,-240.764,70.9888,285.603,85.9373,573.696,0
20230101T000006.200000,3,714,6306.72,-1430.9,-437.971,0,0,0,2500,0,0,2500,0,2500,0
20230101T000006.200000,3,715,10033.4,-1629.29,-784.497,0,0,0,2500,0,0,2500,0,2500,0
20230101T000006.200000,3,716,6276.07,857.065,-973.832,0,0,0,2500,0,0,2500,0,2500,0
20230101T000006.200000,3,717,7450.21,2781.45,-663.677,0,0,0,2500,0,0,2500,0,2500,0
20230101T000006.200000,3,718,4535.57,2187.59,363.254,0,0,0,2500,0,0,2500,0,2500,0
20230101T000006.200000,3,719,9532.7,7266.62,2476.88,0,0,0,2500,0,0,2500,0,2500,0
20230101T000006.300000,6,771,3364.05,-2229.35,397.363,0,0,0,8171.62,11853.9,-2133.59,18203.3,1413.93,26059.5,1.14437e+17
20230101T000006.300000,6,772,219.627,-91.7448,-54.9945,0,0,0,69.3173,8.90928,6.37215,86.9234,-2.66184,93.8886,1.94924e+17
20230101T000006.300000,6,773,5760.91,-2408.8,346.23,0,0,0,9501.26,22112,-3188.09,53138.9,1333.03,62384.8,1.59496e+17
20230101T000006.300000,6,774,5098,-3119.45,1333.04,0,0,0,17682.6,24151.8,-10861.8,42374.6,6646.28,57156,2.28881e+17
20230101T000006.300000,6,775,4169.41,-477.884,424.011,0,0,0,711.856,3148.28,-2822.24,27818.9,323.476,28180.4,2.51603e+17
20230101T000006.300000,6,776,10489.8,2109.44,-53.0033,0,0,0,7185.43,-35390.9,889.277,176059,178.83,183176,2.95395e+17
20230101T000006.300000,6,777,9716.65,6013.47,-711.07,0,0,0,58490,-93098.7,11051.4,151303,6839.51,208920,1.28291e+17
20230101T000006.300000,6,778,9761.39,4002.17,-2587.91,0,0,0,34853.1,-58724.5,40404.9,154006,16566,178087,1.88011e+17
20230101T000006.300000,6,779,589.862,343.908,-153.283,0,0,0,262.764,-281.704,132.849,581.694,77.4552,749.006,1.33017e+23
20230101T000006.300000,6,780,7213.14,4633.6,665.776,0,0,0,34899.4,-53125,-7679.58,83472.7,-4933.23,117600,3.56688e+17
20230101T000006.300000,6,781,2256.08,3084.23,-412.344,0,0,0,15336.9,-10973.5,1484.42,8362.29,2029.32,23364.6,1.72808e+17
20230101T000006.300000,6,782,3353.98,2995.44,849.23,0,0,0,15032.6,-15470.7,-4548.58,18538.2,-4062.34,32357.2,1.84173e+17
20230101T000006.300000,3,720,3364.05,-2229.35,397.363,0,0,0,2500,0,0,2500,0,2500,0
20230101T000006.300000,3,721,219.627,-91.7448,-54.9945,0,0,0,2500,0,0,2500,0,2500,0
20230101T000006.300000,3,722,5760.91,-2408.8,346.23,0,0,0,2500,0,0,2500,0,2500,0
20230101T000006.300000,3,723,5098,-3119.45,1333.04,0,0,0,2500,0,0,2500,0,2500,0
20230101T000006.300000,3,724,4169.41,-477.884,424.011,0,0,0,2500,0,0,2500,0,2500,0
20230101T000006.300000,3,725,10489.8,2109.44,-53.0033,0,0,0,2500,0,0,2500,0,2500,0
20230101T000006.300000,3,726,9716.65,6013.47,-711.07,0,0,0,2500,0,0,2500,0,2500,0
20230101T000006.300000,3,727,9761.39,4002.17,-2587.91,0,0,0,2500,0,0,2500,0,2500,0
20230101T000006.300000,3,728,589.862,343.908,-153.283,0,0,0,2500,0,0,2500,0,2500,0
20230101T000006.300000,3,729,7213.14,4633.6,665.776,0,0,0,2500,0,0,2500,0,2500,0
20230101T000006.300000,3,730,2256.08,3084.23,-412.344,0,0,0,2500,0,0,2500,0,2500,0
20230101T000006.300000,3,731,3353.98,2995.44,849.23,0,0,0,2500,0,0,2500,0,2500,0
20230101T000006.400000,6,783,8195.69,-3588.4,-878.502,0,0,0,21692,46578.1,11514.2,107680,-5041.37,128074,1.2803e+17
20230101T000006.400000,6,784,2034.85,-162.281,-209.504,0,0,0,174.852,517.763,675.615,6625.83,-53.8807,6667.79,2.23001e+17
20230101T000006.400000,6,785,10469.8,-850.534,65.6553,0,0,0,1227.88,14242.1,-1099.43,175386,89.3149,176543,1.32579e+17
20230101T000006.400000,6,786,8859.66,1895.19,-217.034,0,0,0,5880.03,-26836.7,3075.05,125596,657.791,131337,5.58863e+17
20230101T000006.400000,6,787,3169.57,1092.62,116.768,0,0,0,1986.73,-5514.59,-590.063,16083,-203.407,17984.1,1.05904e+18
20230101T000006.400000,6,788,3673.79,669.266,-799.401,0,0,0,1765.52,-3742.91,4686.04,21629.6,853.671,22314.3,9.16046e+17
20230101T000006.400000,6,789,642.581,235.832,-146.167,0,0,0,173.056,-211.612,138.009,671.981,50.6501,752.435,1.52041e+23
20230101T000006.400000,6,790,3413.66,2819.82,-945.458,0,0,0,13608.7,-14669.1,5153.87,19249.8,4257.3,31369.8,2.38316e+17
20230101T000006.400000,4,728,637.78,264.399,-147.866,4.74433,-7.87213,0.536379,211.841,-212.214,98.8815,452.098,57.6509,572.277,0
20230101T000006.400000,3,732,8195.69,-3588.4,-878.502,0,0,0,2500,0,0,2500,0,2500,0
20230101T000006.400000,3,733,2034.85,-162.281,-209.504,0,0,0,2500,0,0,2500,0,2500,0
20230101T000006.400000,3,734,10469.8,-850.534,65.6553,0,0,0,2500,0,0,2500,0,2500,0
20230101T000006.400000,3,735,8859.66,1895.19,-217.034,0,0,0,2500,0,0,2500,0,2500,0
20230101T000006.400000,3,736,3169.57,1092.62,116.768,0,0,0,2500,0,0,2500,0,2500,0
20230101T000006.400000,3,737,3673.79,669.266,-799.401,0,0,0,2500,0,0,2500,0,2500,0
20230101T000006.400000,3,738,3413.66,2819.82,-945.458,0,0,0,2500,0,0,2500,0,2500,0
20230101T000006.500000,6,791,2209.4,-1596.24,-485.646,0,0,0,4365.45,5434.17,1707.82,7960.98,-1233.86,11889,1.79569e+17
20230101T000006.500000,6,792,7234.23,-8669.93,-990.76,0,0,0,120939,99548.5,11464.2,84697.8,-13739.4,204003,1.30164e+17
20230101T000006.500000,6,793,2616.91,-2724.55,67.3001,0,0,0,11911.3,11372.3,-281,10994.2,292.558,22834.2,1.86036e+17
20230101T000006.500000,6,794,501.977,-352.949,-80.2736,0,0,0,248.322,249.019,57.7393,427.397,-40.5975,603.563,1.30138e+17
20230101T000006.500000,6,795,4915.03,-7994.49,-1822.59,0,0,0,103734,60470.2,14326.6,42553.8,-23302.8,140913,2.56077e+17
20230101T000006.500000,6,796,3456.22,-183.911,28.38,0,0,0,119.218,1013.56,-156.416,19112.9,8.32316,19166.8,4.55799e+17
20230101T000006.500000,6,797,672.007,124.417,-153.721,0,0,0,120.222,-116.102,151.809,725.822,28.1064,750.399,1.98253e+22
20230101T000006.500000,6,798,10205,1925.65,1285.92,0,0,0,8548.63,-30948.5,-20988.9,166722,-3960.51,172563,9.96669e+17
20230101T000006.500000,6,799,677.668,102.402,-146.883,0,0,0,110.35,-96.8913,146.294,736.912,22.1062,754.363,1.83731e+22
20230101T000006.500000,6,800,7592.29,2402.13,-99.1984,0,0,0,9304.82,-29157.3,1204.27,92235.8,381.019,101461,1.32236e+17
20230101T000006.500000,6,801,10018.1,2572.99,1584.6,0,0,0,14420,-40259.3,-25390.2,160832,-6521.06,171174,1.01875e+18
20230101T000006.500000,6,802,1325.56,1787.13,-316.477,0,0,0,5189.3,-3683.62,665.897,2955.2,897.772,7922.79,2.81801e+17
20230101T000006.500000,6,803,1004.98,1387.4,319.045,0,0,0,3157.15,-2124.14,-506.256,1763.36,-698.901,4697.94,1.17064e+17
20230101T000006.500000,6,804,2402.53,2934.95,114.808,0,0,0,13816.4,-11240.4,-440.101,9286.34,-537.631,23017.8,1.72216e+17
20230101T000006.500000,6,805,8156.49,7043.08,-1999.63,0,0,0,83068.4,-88719.7,26087.2,109204,22526.2,185816,1.69506e+17
20230101T000006.500000,6,806,8171.35,7402.13,413.811,0,0,0,87852,-96608.5,-5408.45,106986,-4899.32,194500,7.23561e+17
20230101T000006.500000,6,807,5872.61,6652.3,200.743,0,0,0,70861.2,-62442.5,-1885.26,55252.2,-2135.56,125985,1.21664e+17
20230101T000006.500000,4,717,7440.21,2766.39,-647.687,-2.75154,-4.14506,4.401,395.223,-843.116,201.212,2338.77,75.1202,2636.1,0
20230101T000006.500000,3,739,2209.4,-1596.24,-485.646,0,0,0,2500,0,0,2500,0,2500,0
20230101T000006.500000,3,740,7234.23,-8669.93,-990.76,0,0,0,2500,0,0,2500,0,2500,0
20230101T000006.500000,3,741,2616.91,-2724.55,67.3001,0,0,0,2500,0,0,2500,0,2500,0
20230101T000006.500000,3,742,501.977,-352.949,-80.2736,0,0,0,2500,0,0,2500,0,2500,0
20230101T000006.500000,3,743,4915.03,-7994.49,-1822.59,0,0,0,2500,0,0,2500,0,2500,0
20230101T000006.500000,3,744,3456.22,-183.911,28.38,0,0,0,2500,0,0,2500,0,2500,0
20230101T000006.500000,3,745,672.007,124.417,-153.721,0,0,0,2500,0,0,2500,0,2500,0
20230101T000006.500000,3,746,10205,1925.65,1285.92,0,0,0,2500,0,0,2500,0,2500,0
20230101T000006.500000,3,747,677.668,102.402,-146.883,0,0,0,2500,0,0,2500,0,2500,0
20230101T000006.500000,3,748,10018.1,2572.99,1584.6,0,0,0,2500,0,0,2500,0,2500,0
20230101T000006.500000,3,749,1325.56,1787.13,-316.477,0,0,0,2500,0,0,2500,0,2500,0
20230101T000006.500000,3,750,1004.98,1387.4,319.045,0,0,0,2500,0,0,2500,0,2500,0
20230101T000006.500000,3,751,2402.53,2934.95,114.808,0,0,0,2500,0,0,2500,0,2500,0
20230101T000006.500000,3,752,8156.49,7043.08,-1999.63,0,0,0,2500,0,0,2500,0,2500,0
20230101T000006.500000,3,753,8171.35,7402.13,413.811,0,0,0,2500,0,0,2500,0,2500,0
20230101T000006.500000,3,754,5872.61,6652.3,200.743,0,0,0,2500,0,0,2500,0,2500,0
20230101T000006.600000,6,808,4845.25,-6595.3,631.728,0,0,0,69842.9,50794.4,-4894.5,38018.3,6662.34,107159,2.39187e+17
20230101T000006.600000,6,809,3532.82,-3464.38,593.885,0,0,0,19522.9,19268.8,-3351.53,20276.9,3286.6,39173.2,1.26555e+17
20230101T000006.600000,6,810,5580.47,-3818.06,1230.67,0,0,0,25017,32932.4,-10979.1,50619.1,7511.68,73152.9,1.63104e+17
20230101T000006.600000,6,811,5484.84,-3067.65,-157.475,0,0,0,15135.7,26876.8,1380.56,48158.2,-772.143,63190.3,1.41151e+17
20230101T000006.600000,6,812,10353.9,-2253.45,-1228.99,0,0,0,10492.6,36815.9,20352.6,171637,-4429.6,179651,2.17976e+17
20230101T000006.600000,6,813,685.899,7.39167,-139.275,0,0,0,92.5788,-7.11515,140.366,752.742,1.51268,755.353,1.54357e+23
20230101T000006.600000,6,814,2167.14,977.629,-38.1454,0,0,0,1584.31,-3365,131.331,7525.62,59.2452,9043.63,1.78605e+17
20230101T000006.600000,6,815,1785.09,867.471,-93.2361,0,0,0,1266.92,-2447.05,263.597,5113.31,128.096,6302.61,1.13669e+17
20230101T000006.600000,6,816,3177.57,1241.26,582.723,0,0,0,2990.49,-6105.49,-2952.73,16235.3,-1153.43,18622.1,5.49122e+17
20230101T000006.600000,6,817,8021.77,2526.68,2148.71,0,0,0,16989.7,-30295.6,-27563.7,103630,-8681.98,113177,1.92844e+17
20230101T000006.600000,6,818,5601,2404.22,383.332,0,0,0,9500.8,-21437.4,-3431.58,50240.5,-1473,59442.7,3.08708e+17
20230101T000006.600000,6,819,8791.02,4185.97,-210.062,0,0,0,28145.4,-58826.1,2953.41,123676,1406.31,151687,1.78379e+17
20230101T000006.600000,6,820,10822.6,3675.59,902.617,0,0,0,22841.7,-63230.9,-15625.1,187548,-5306.62,209023,1.81838e+17
20230101T000006.600000,6,821,6472.18,6026.26,535.905,0,0,0,58385.6,-62143.9,-5546.73,67265.6,-5164.57,125128,1.67453e+17
20230101T000006.600000,6,822,3921.39,2885.01,-107.463,0,0,0,13370.8,-18061.9,673.111,24632.6,495.216,37921,1.8623e+17
20230101T000006.600000,4,747,688.917,29.7482,-141.036,1.11368,-7.19342,0.578898,97.0105,-72.858,108.805,568.157,16.4413,575.87,0
20230101T000006.600000,4,754,5874.79,6629,206.989,0.215792,-2.30745,0.618475,1419.07,-1196.56,-36.1082,1119.97,-40.9022,2474.18,0
20230101T000006.600000,3,755,4845.25,-6595.3,631.728,0,0,0,2500,0,0,2500,0,2500,0
20230101T000006.600000,3,756,3532.82,-3464.38,593.885,0,0,0,2500,0,0,2500,0,2500,0
20230101T000006.600000,3,757,5580.47,-3818.06,1230.67,0,0,0,2500,0,0,2500,0,2500,0
20230101T000006.600000,3,758,5484.84,-3067.65,-157.475,0,0,0,2500,0,0,2500,0,2500,0
20230101T000006.600000,3,759,10353.9,-2253.45,-1228.99,0,0,0,2500,0,0,2500,0,2500,0
20230101T000006.600000,3,760,2167.14,977.629,-38.1454,0,0,0,2500,0,0,2500,0,2500,0
20230101T000006.600000,3,761,1785.09,867.471,-93.2361,0,0,0,2500,0,0,2500,0,2500,0
20230101T000006.600000,3,762,3177.57,1241.26,582.723,0,0,0,2500,0,0,2500,0,2500,0
20230101T000006.600000,3,763,8021.77,2526.68,2148.71,0,0,0,2500,0,0,2500,0,2500,0
20230101T000006.600000,3,764,5601,2404.22,383.332,0,0,0,2500,0,0,2500,0,2500,0
20230101T000006.600000,3,765,8791.02,4185.97,-210.062,0,0,0,2500,0,0,2500,0,2500,0
20230101T000006.600000,3,766,10822.6,3675.59,902.617,0,0,0,2500,0,0,2500,0,2500,0
20230101T000006.600000,3,767,3921.39,2885.01,-107.463,0,0,0,2500,0,0,2500,0,2500,0
20230101T000006.700000,6,823,952.103,-674.736,114.898,0,0,0,784.686,988.002,-169.94,1478.65,120.433,2179.44,1.91187e+17
20230101T000006.700000,6,824,4032.01,-5056.07,910.422,0,0,0,41442,31940.7,-5867.83,26860.4,7358.14,66914.7,1.91397e+17
20230101T000006.700000,6,825,671.369,-121.964,-154.178,0,0,0,119.564,113.615,152.08,724.339,-27.6274,748.088,2.24524e+22
20230101T000006.700000,6,826,6360.37,-3973.23,-1053.2,0,0,0,26580.3,39608.3,10710.5,65242.6,-6690.67,89986.6,3.17557e+17
20230101T000006.700000,6,827,668.702,-132.296,-158.951,0,0,0,125.319,122.294,156.18,719.268,-30.8988,746.763,2.31233e+22
20230101T000006.700000,6,828,6135.48,1025.43,-786.491,0,0,0,2706.52,-9895.3,7712.95,60259.2,1289.08,61914.1,1.59075e+17
20230101T000006.700000,6,829,7213.64,4794.26,437.715,0,0,0,37032.9,-55163.8,-5049.34,83372.1,-3355.85,120035,3.40781e+17
20230101T000006.700000,6,830,6112.8,1393.31,-81.0848,0,0,0,3176.92,-13611.1,792.242,59789.8,180.578,62892.2,1.53275e+17
20230101T000006.700000,6,831,1267.38,1894.3,-62.944,0,0,0,5763.12,-3808.78,126.656,2618.55,189.308,8311.43,1.70296e+17
20230101T000006.700000,6,832,6403.09,7005.59,458.333,0,0,0,78707.4,-71572.7,-4693.52,65817.1,-5135.16,144125,6.42894e+17
20230101T000006.700000,4,749,1328.09,1835.34,-259.388,0.487121,9.2709,10.9787,1298.36,-888.676,158.189,759.38,213.273,1929.38,0
20230101T000006.700000,3,768,952.103,-674.736,114.898,0,0,0,2500,0,0,2500,0,2500,0
20230101T000006.700000,3,769,4032.01,-5056.06,910.422,0,0,0,2500,0,0,2500,0,2500,0
20230101T000006.700000,3,770,671.369,-121.964,-154.178,0,0,0,2500,0,0,2500,0,2500,0
20230101T000006.700000,3,771,6360.37,-3973.23,-1053.2,0,0,0,2500,0,0,2500,0,2500,0
20230101T000006.700000,3,772,668.702,-132.296,-158.951,0,0,0,2500,0,0,2500,0,2500,0
20230101T000006.700000,3,773,6135.48,1025.43,-786.491,0,0,0,2500,0,0,2500,0,2500,0
20230101T000006.700000,3,774,7213.64,4794.26,437.715,0,0,0,2500,0,0,2500,0,2500,0
20230101T000006.700000,3,775,6112.8,1393.31,-81.0848,0,0,0,2500,0,0,2500,0,2500,0
20230101T000006.700000,3,776,6403.09,7005.59,458.333,0,0,0,2500,0,0,2500,0,2500,0
20230101T000006.800000,6,833,797.326,-1001.14,-131.595,0,0,0,1638.97,1232.81,163.822,1072.87,-205.698,2621.48,3.52846e+17
20230101T000006.800000,6,834,8664.65,-5892.81,1815.62,0,0,0,59209.2,79213.1,-25161.9,121810,17112.6,175684,1.70214e+17
20230101T000006.800000,6,835,638.604,-243.804,-150.072,0,0,0,179.845,216.759,140.815,664.855,-53.7598,750.551,8.02811e+22
20230101T000006.800000,6,836,8068.99,-3399.61,-1641.43,0,0,0,22205.3,42325.7,21180.8,104833,-8923.87,122668,1.44824e+17
20230101T000006.800000,6,837,8722.88,-4337.73,-314.122,0,0,0,30283.3,60451.6,4382.23,121786,-2179.21,151847,5.71025e+17
20230101T000006.800000,6,838,8713.06,-188.817,-903.984,0,0,0,1427.22,2602.59,12595.8,121468,-272.958,121526,2.09258e+17
20230101T000006.800000,6,839,9509.26,-510.518,-1008.08,0,0,0,2101.39,7677,15331,144686,-823.067,145099,1.41385e+17
20230101T000006.800000,6,840,3964.83,1271,-427.905,0,0,0,2907.79,-7959.29,2708.31,25185,868.199,27737.1,1.75744e+17
20230101T000006.800000,6,841,6287.36,8305.04,-902.836,0,0,0,110856,-82888.6,9079,64118.9,11992.5,173608,1.73911e+17
20230101T000006.800000,6,842,7640.96,7170.82,-938.716,0,0,0,83056.5,-86931.9,11472.2,94104.9,10766.3,175688,1.89589e+17
20230101T000006.800000,6,843,4834.94,6736.75,-1460.67,0,0,0,73795.7,-50468.4,11293.2,39696.7,15735.3,110019,1.29513e+17
20230101T000006.800000,4,772,652.832,-220.082,-152.179,-1.57124,-8.69172,0.670518,108.289,92.2058,116.235,556.108,-22.9959,570.553,0
20230101T000006.800000,3,777,797.326,-1001.14,-131.595,0,0,0,2500,0,0,2500,0,2500,0
20230101T000006.800000,3,778,8664.65,-5892.81,1815.62,0,0,0,2500,0,0,2500,0,2500,0
20230101T000006.800000,3,779,8068.99,-3399.61,-1641.43,0,0,0,2500,0,0,2500,0,2500,0
20230101T000006.800000,3,780,8722.88,-4337.73,-314.122,0,0,0,2500,0,0,2500,0,2500,0
20230101T000006.800000,3,781,8713.06,-188.817,-903.984,0,0,0,2500,0,0,2500,0,2500,0
20230101T000006.800000,3,782,9509.26,-510.518,-1008.08,0,0,0,2500,0,0,2500,0,2500,0
20230101T000006.800000,3,783,3964.83,1271,-427.905,0,0,0,2500,0,0,2500,0,2500,0
20230101T000006.800000,3,784,6287.36,8305.04,-902.836,0,0,0,2500,0,0,2500,0,2500,0
20230101T000006.800000,3,785,7640.96,7170.82,-938.716,0,0,0,2500,0,0,2500,0,2500,0
20230101T000006.800000,3,786,4834.94,6736.75,-1460.67,0,0,0,2500,0,0,2500,0,2500,0
20230101T000006.900000,6,844,7382.98,-6416.64,-1312.08,0,0,0,67482.2,74403.4,15492.9,88425.8,-13465.1,153092,1.92177e+17
20230101T000006.900000,6,845,3937.7,-1643.42,-18.9137,0,0,0,4376.33,10331.1,118.901,24818.4,-49.6238,29130.1,2.032e+17
20230101T000006.900000,6,846,602.158,-330.613,-133.68,0,0,0,244.239,280.453,118.276,601.057,-64.9388,757.374,2.80362e+21
20230101T000006.900000,6,847,4782.38,-835.794,-377.341,0,0,0,1400.48,6345.92,2882.47,36602.6,-503.756,37712,1.61231e+17
20230101T000006.900000,6,848,6957.17,1133.28,-1195.61,0,0,0,4343.56,-12242.3,13298.5,77504.3,2166.23,79500.3,2.44017e+17
20230101T000006.900000,6,849,5599.33,215.609,-412.815,0,0,0,410.202,-1918.7,3693.7,50164.5,142.23,50238.7,2.26706e+17
20230101T000006.900000,6,850,2056.52,529.084,-427.227,0,0,0,779.487,-1655.6,1393.78,6788.77,358.579,7217.2,2.72865e+17
20230101T000006.900000,6,851,2364.93,3152.67,-883.582,0,0,0,16374.6,-11300.5,3335.17,9786.96,4446.09,24854.6,1.37028e+17
20230101T000006.900000,6,852,7297.55,9543.93,-1363.86,0,0,0,146860,-109969,15920.2,87124.8,20820.9,230946,1.16723e+18
20230101T000006.900000,6,853,3394.38,4492.01,-1313.81,0,0,0,33310.9,-23038.5,7126.77,20231.5,9431.34,50723.2,1.42875e+17
20230101T000006.900000,6,854,3723.94,4976.29,422.583,0,0,0,39747,-29482.6,-2515.28,22412.3,-3361.17,61810.2,4.52763e+17
20230101T000006.900000,6,855,4352.13,5355.64,-713.865,0,0,0,46242,-36863.4,4966.8,30834.9,6112.04,76198.9,4.09538e+17
20230101T000006.900000,3,787,7382.98,-6416.64,-1312.08,0,0,0,2500,0,0,2500,0,2500,0
20230101T000006.900000,3,788,3937.7,-1643.42,-18.9137,0,0,0,2500,0,0,2500,0,2500,0
20230101T000006.900000,3,789,602.158,-330.613,-133.68,0,0,0,2500,0,0,2500,0,2500,0
20230101T000006.900000,3,790,4782.38,-835.794,-377.341,0,0,0,2500,0,0,2500,0,2500,0
20230101T000006.900000,3,791,6957.17,1133.28,-1195.61,0,0,0,2500,0,0,2500,0,2500,0
20230101T000006.900000,3,792,5599.33,215.609,-412.815,0,0,0,2500,0,0,2500,0,2500,0
20230101T000006.900000,3,793,2056.52,529.084,-427.227,0,0,0,2500,0,0,2500,0,2500,0
20230101T000006.900000,3,794,2364.93,3152.67,-883.582,0,0,0,2500,0,0,2500,0,2500,0
20230101T000006.900000,3,795,7297.55,9543.93,-1363.86,0,0,0,2500,0,0,2500,0,2500,0
20230101T000006.900000,3,796,3394.38,4492.01,-1313.81,0,0,0,2500,0,0,2500,0,2500,0
20230101T000006.900000,3,797,3723.94,4976.29,422.583,0,0,0,2500,0,0,2500,0,2500,0
20230101T000006.900000,3,798,4352.13,5355.64,-713.865,0,0,0,2500,0,0,2500,0,2500,0
20230101T000007,6,856,8432.56,-7469.85,-322.505,0,0,0,89407,100670,4349.9,113874,-3853.29,203051,1.44167e+17
20230101T000007,6,857,5578.76,-5864.4,35.8986,0,0,0,55057.3,52312.7,-320.236,49830.8,336.632,104822,1.77437e+17
20230101T000007,6,858,523.111,-439.461,-150.73,0,0,0,366.091,319.858,115.848,478.123,-97.3229,749.803,6.93531e+20
20230101T000007,6,859,2656.74,-992.527,281.762,0,0,0,1743.26,4156.6,-1191.81,11316.6,445.247,12870,1.34074e+17
20230101T000007,6,860,11505.8,-4597.32,288.182,0,0,0,33986.2,84565.6,-5303.86,211841,2119.23,245631,1.19956e+17
20230101T000007,6,861,4635.82,-2308.95,-823.626,0,0,0,9449.67,16668.2,6100.21,34613.5,-3038.31,42917,2.02494e+17
20230101T000007,6,862,9117.85,-2510.83,633.682,0,0,0,10743.2,36448.6,-9240.39,133066,2544.57,143103,1.79127e+17
20230101T000007,6,863,2785.79,148.439,252.96,0,0,0,200.645,-652.821,-1121.76,12417.5,-59.7724,12452.8,1.30365e+17
20230101T000007,6,864,1959.24,-188.456,-95.5892,0,0,0,134.575,583.29,296.565,6142.53,-28.526,6198.79,2.12378e+17
20230101T000007,6,865,8170.21,8040.7,-220.63,0,0,0,103517,-105040,2883.27,106874,2837.57,210248,1.00272e+17
20230101T000007,6,866,7896.61,8364.14,-1006.23,0,0,0,112728,-104837,12709.5,100660,13462,211705,1.67451e+17
20230101T000007,6,867,791.512,626.804,13.5376,0,0,0,668.12,-762.511,-16.4716,1027.16,-13.044,1631.01,1.64152e+17
20230101T000007,6,868,4277.02,4032.38,-111.864,0,0,0,26060.6,-27552.6,764.626,29308.1,720.891,55284.8,1.75217e+17
20230101T000007,4,789,549.723,-420.43,-146.72,-5.19164,-8.89286,-1.29111,197.606,210.63,88.0314,465.589,-48.3333,578.489,0
20230101T000007,3,799,8432.56,-7469.85,-322.505,0,0,0,2500,0,0,2500,0,2500,0
20230101T000007,3,800,5578.76,-5864.4,35.8986,0,0,0,2500,0,0,2500,0,2500,0
20230101T000007,3,801,2656.74,-992.527,281.762,0,0,0,2500,0,0,2500,0,2500,0
20230101T000007,3,802,11505.8,-4597.32,288.182,0,0,0,2500,0,0,2500,0,2500,0
20230101T000007,3,803,4635.82,-2308.95,-823.626,0,0,0,2500,0,0,2500,0,2500,0
20230101T000007,3,804,9117.85,-2510.83,633.682,0,0,0,2500,0,0,2500,0,2500,0
20230101T000007,3,805,2785.79,148.439,252.96,0,0,0,2500,0,0,2500,0,2500,0
20230101T000007,3,806,1959.24,-188.456,-95.5892,0,0,0,2500,0,0,2500,0,2500,0
20230101T000007,3,807,8170.21,8040.7,-220.63,0,0,0,2500,0,0,2500,0,2500,0
20230101T000007,3,808,7896.61,8364.14,-1006.23,0,0,0,2500,0,0,2500,0,2500,0
20230101T000007,3,809,791.512,626.804,13.5376,0,0,0,2500,0,0,2500,0,2500,0
20230101T000007,3,810,4277.02,4032.38,-111.864,0,0,0,2500,0,0,2500,0,2500,0
20230101T000007.100000,6,869,6997.87,-8684.4,-1234.03,0,0,0,121654,96014.4,13812.6,79868,-17141.5,199023,1.63014e+17
20230101T000007.100000,6,870,1567.93,-1178.71,-73.9681,0,0,0,2269.39,2922.12,183.637,3959.7,-138.051,6156.52,5.89197e+17
20230101T000007.100000,6,871,4255.41,-5818.7,-1784.88,0,0,0,55968.9,37160,12143.8,32333.9,-16605,83148.9,2.93178e+17
20230101T000007.100000,6,872,3428.73,-4495.09,-586.252,0,0,0,32554.9,24364.2,3212.18,19197.5,-4211.19,51139.9,1.94069e+17
20230101T000007.100000,6,873,9608.17,-3110.72,660.326,0,0,0,16171.7,47598.2,-10147.3,147779,3285.26,163190,9.16925e+17
20230101T000007.100000,6,874,6959.34,-2557.09,1073.45,0,0,0,12141.5,27855.9,-11944.3,77718.6,4388.73,87955,1.76873e+17
20230101T000007.100000,6,875,1461.15,245.393,-35.0907,0,0,0,160.474,-562.918,80.5422,3417.73,13.5267,3512.3,1.71203e+17
20230101T000007.100000,6,876,11818.9,433.327,833.772,0,0,0,1474.82,-8151.26,-15762.3,223500,-577.909,223799,9.83291e+16
20230101T000007.100000,6,877,3878.14,548.863,-566.177,0,0,0,1046.28,-3325.85,3504.17,24075.2,495.936,24547.3,2.15003e+17
20230101T000007.100000,6,878,10430.1,-1379.45,-825.994,0,0,0,4179.98,22870.4,13779.4,174080,-1822.41,177105,1.42997e+17
20230101T000007.100000,6,879,9378.42,-324.553,-1737.84,0,0,0,5056.68,4700.9,26065.6,140733,-902.035,140898,1.94869e+17
20230101T000007.100000,6,880,3189.81,1345.17,-221.407,0,0,0,3015.86,-6814.41,1126.23,16301.3,474.941,19175.2,2.01898e+17
20230101T000007.100000,6,881,5879,2035.01,-7.46789,0,0,0,6683.26,-19122.3,70.1733,55307,24.2904,61926.2,2.17392e+17
20230101T000007.100000,6,882,6723.94,1900.21,-1217.95,0,0,0,8032.67,-19805.6,13092.6,72518.3,3700.02,78117.3,7.43848e+17
20230101T000007.100000,6,883,5299.12,2142.66,73.3453,0,0,0,7407.98,-18141.5,-621.103,44939.2,-251.139,52274.6,2.05958e+17
20230101T000007.100000,6,884,2978.32,3164.69,477.163,0,0,0,16225.2,-14867.4,-2269.07,14419.4,-2411.06,30217.8,1.1152e+18
20230101T000007.100000,6,885,8150.98,6804.88,82.9895,0,0,0,74134.4,-88709.4,-1081.93,106332,-903.253,180392,1.77574e+17
20230101T000007.100000,6,886,451.231,534.448,-24.0436,0,0,0,484.003,-353.889,15.9412,363.636,18.8811,782.865,1.3896e+24
20230101T000007.100000,4,782,9476.41,-505.406,-1018.21,-9.04067,1.40674,-2.78894,98.9096,138.288,273.125,2667.34,-14.6631,2646.36,0
20230101T000007.100000,3,811,6997.87,-8684.4,-1234.03,0,0,0,2500,0,0,2500,0,2500,0
20230101T000007.100000,3,812,1567.93,-1178.71,-73.9681,0,0,0,2500,0,0,2500,0,2500,0
20230101T000007.100000,3,813,4255.41,-5818.7,-1784.88,0,0,0,2500,0,0,2500,0,2500,0
20230101T000007.100000,3,814,3428.73,-4495.09,-586.252,0,0,0,2500,0,0,2500,0,2500,0
20230101T000007.100000,3,815,9608.17,-3110.72,660.326,0,0,0,2500,0,0,2500,0,2500,0
20230101T000007.100000,3,816,6959.34,-2557.09,1073.45,0,0,0,2500,0,0,2500,0,2500,0
20230101T000007.100000,3,817,1461.15,245.393,-35.0907,0,0,0,2500,0,0,2500,0,2500,0
20230101T000007.100000,3,818,11818.9,433.327,833.772,0,0,0,2500,0,0,2500,0,2500,0
20230101T000007.100000,3,819,3878.14,548.863,-566.177,0,0,0,2500,0,0,2500,0,2500,0
20230101T000007.100000,3,820,10430.1,-1379.45,-825.994,0,0,0,2500,0,0,2500,0,2500,0
20230101T000007.100000,3,821,3189.81,1345.17,-221.407,0,0,0,2500,0,0,2500,0,2500,0
20230101T000007.100000,3,822,5879,2035.01,-7.46789,0,0,0,2500,0,0,2500,0,2500,0
20230101T000007.100000,3,823,6723.94,1900.21,-1217.95,0,0,0,2500,0,0,2500,0,2500,0
20230101T000007.100000,3,824,5299.12,2142.66,73.3453,0,0,0,2500,0,0,2500,0,2500,0
20230101T000007.100000,3,825,2978.32,3164.69,477.163,0,0,0,2500,0,0,2500,0,2500,0
20230101T000007.100000,3,826,8150.98,6804.88,82.9895,0,0,0,2500,0,0,2500,0,2500,0
20230101T000007.100000,3,827,451.231,534.448,-24.0436,0,0,0,2500,0,0,2500,0,2500,0
20230101T000007.200000,6,887,7104.83,-5039.52,-202.569,0,0,0,40721,57226.7,2301.54,80809.3,-1632.5,121401,1.25496e+17
20230101T000007.200000,6,888,4554.29,-5160.4,-270.067,0,0,0,42686.6,37513.5,1966.28,33288,-2227.97,75794.1,7.28205e+17
20230101T000007.200000,6,889,7112.01,-2102.5,387.817,0,0,0,7352.82,23842,-4409.85,80953.5,1303.67,88002.1,7.45655e+16
20230101T000007.200000,6,890,3814.01,311.745,-358.574,0,0,0,422.872,-1880.54,2182.24,23276.5,178.369,23430.7,2.31818e+17
20230101T000007.200000,6,891,11342.7,-2382.27,2076.75,0,0,0,15748.8,41833.7,-37678.7,206145,7913.53,214934,2.496e+17
20230101T000007.200000,6,892,12326.8,477.006,-1744.36,0,0,0,5287.9,-9217.41,34395.1,243129,1330.97,243487,2.87293e+17
20230101T000007.200000,6,893,6391.5,582.101,-309.436,0,0,0,757.412,-5933.19,3161.35,65363.8,287.917,65904.3,4.80228e+17
20230101T000007.200000,6,894,1674.03,512.227,25.648,0,0,0,479.274,-1353.77,-67.8001,4489.34,-20.7458,4903.59,7.14178e+17
20230101T000007.200000,6,895,7081.25,1055.51,-1565.75,0,0,0,5679.59,-11378.1,17726.8,80317.1,2642.3,82016,1.62864e+17
20230101T000007.200000,6,896,7793.12,4170.94,969.98,0,0,0,29054.1,-51354.8,-12088.6,97521.7,-6469.89,125008,2.46222e+17
20230101T000007.200000,6,897,535.642,450.033,-22.0292,0,0,0,361.982,-353.818,17.3382,485.838,14.5671,783.17,6.39179e+23
20230101T000007.200000,4,819,3774.78,512.451,-532.298,-10.2338,-3.60516,3.35441,150.925,-302.665,312.839,2246.65,44.2753,2248.19,0
20230101T000007.200000,4,827,521.019,475.691,-22.5071,6.9097,-5.81749,0.152129,375.102,-263.463,11.8646,285.491,14.0527,597.449,0
20230101T000007.200000,3,828,7104.83,-5039.52,-202.569,0,0,0,2500,0,0,2500,0,2500,0
20230101T000007.200000,3,829,4554.29,-5160.4,-270.067,0,0,0,2500,0,0,2500,0,2500,0
20230101T000007.200000,3,830,7112.01,-2102.5,387.817,0,0,0,2500,0,0,2500,0,2500,0
20230101T000007.200000,3,831,11342.7,-2382.27,2076.75,0,0,0,2500,0,0,2500,0,2500,0
20230101T000007.200000,3,832,12326.8,477.006,-1744.36,0,0,0,2500,0,0,2500,0,2500,0
20230101T000007.200000,3,833,6391.5,582.101,-309.436,0,0,0,2500,0,0,2500,0,2500,0
20230101T000007.200000,3,834,1674.03,512.227,25.648,0,0,0,2500,0,0,2500,0,2500,0
20230101T000007.200000,3,835,7081.25,1055.51,-1565.75,0,0,0,2500,0,0,2500,0,2500,0
20230101T000007.200000,3,836,7793.12,4170.94,969.98,0,0,0,2500,0,0,2500,0,2500,0
20230101T000007.300000,6,898,1757.04,-2129.35,-366.554,0,0,0,7367.19,5849.76,1025.17,5104.81,-1242.4,12195.2,2.5973e+17
20230101T000007.300000,6,899,2044.14,-873.512,-274.434,0,0,0,1376.04,2790.6,890.41,6713.92,-380.496,7907.38,5.4959e+17
20230101T000007.300000,6,900,11077.9,-2130.52,-2952.1,0,0,0,20766.8,35165.4,52309.5,196851,-10060.2,203618,3.30012e+17
20230101T000007.300000,6,901,8696.06,-3244.45,-967.403,0,0,0,18212.3,44631.1,13454,121185,-5019.6,137837,1.5842e+17
20230101T000007.300000,6,902,4576.77,-151.193,-650.369,0,0,0,775.272,1082.76,4753.64,33515.7,-157.036,33552.8,1.74611e+17
20230101T000007.300000,6,903,7072.71,613.69,-141.526,0,0,0,697.89,-6936.45,1600.28,80037.8,138.854,80639.7,1.48499e+17
20230101T000007.300000,6,904,6464.89,-934.771,-440.7,0,0,0,1764.86,9616.07,4554.26,66879.3,-658.51,68270,3.65858e+17
20230101T000007.300000,6,905,5428.59,-400.168,-368.894,0,0,0,536.133,3455.12,3199.81,47152.9,-235.874,47407.9,1.8343e+17
20230101T000007.300000,6,906,7507.46,1430.39,825.671,0,0,0,4387.23,-16969.6,-9911.2,90219.6,-1888.37,93453.6,1.95623e+17
20230101T000007.300000,6,907,607.921,346.071,-22.2653,0,0,0,240.511,-308.785,19.8883,607.152,11.3218,782.999,9.13223e+23
20230101T000007.300000,6,908,7160.19,4576.82,237.151,0,0,0,33625,-52363.6,-2715.37,82073.9,-1735.67,115545,1.1018e+17
20230101T000007.300000,6,909,7136.85,6980.62,-808.803,0,0,0,78534,-79156.5,9232,82038.2,9029.92,159462,1.52076e+17
20230101T000007.300000,6,910,4121.93,4499.65,-928.039,0,0,0,33052.3,-28958,6114.07,27967.7,6674.35,59580.8,1.63499e+17
20230101T000007.300000,6,911,3110.4,3997.37,9.64601,0,0,0,25590.5,-19862.4,-47.9299,15519.3,-61.5976,41045.7,9.3585e+16
20230101T000007.300000,6,912,4018.96,4042.1,21.0201,0,0,0,26173.9,-25959.7,-135,25875.8,-135.777,51985,1.0219e+17
20230101T000007.300000,3,837,1757.04,-2129.35,-366.554,0,0,0,2500,0,0,2500,0,2500,0
20230101T000007.300000,3,838,2044.14,-873.512,-274.434,0,0,0,2500,0,0,2500,0,2500,0
20230101T000007.300000,3,839,11077.9,-2130.52,-2952.1,0,0,0,2500,0,0,2500,0,2500,0
20230101T000007.300000,3,840,8696.06,-3244.45,-967.403,0,0,0,2500,0,0,2500,0,2500,0
20230101T000007.300000,3,841,4576.77,-151.193,-650.369,0,0,0,2500,0,0,2500,0,2500,0
20230101T000007.300000,3,842,7072.71,613.69,-141.526,0,0,0,2500,0,0,2500,0,2500,0
20230101T000007.300000,3,843,6464.89,-934.771,-440.7,0,0,0,2500,0,0,2500,0,2500,0
20230101T000007.300000,3,844,5428.59,-400.168,-368.894,0,0,0,2500,0,0,2500,0,2500,0
20230101T000007.300000,3,845,7507.46,1430.39,825.671,0,0,0,2500,0,0,2500,0,2500,0
20230101T000007.300000,3,846,607.921,346.071,-22.2653,0,0,0,2500,0,0,2500,0,2500,0
20230101T000007.300000,3,847,7160.19,4576.82,237.151,0,0,0,2500,0,0,2500,0,2500,0
20230101T000007.300000,3,848,7136.85,6980.62,-808.803,0,0,0,2500,0,0,2500,0,2500,0
20230101T000007.300000,3,849,4121.93,4499.65,-928.039,0,0,0,2500,0,0,2500,0,2500,0
20230101T000007.300000,3,850,3110.4,3997.37,9.64601,0,0,0,2500,0,0,2500,0,2500,0
20230101T000007.300000,3,851,4018.96,4042.1,21.0201,0,0,0,2500,0,0,2500,0,2500,0
20230101T000007.400000,6,913,6431.09,-8087.03,-2106.12,0,0,0,107413,79726.1,21663.6,70559.6,-27241.8,170817,8.17399e+17
20230101T000007.400000,6,914,3945.37,-1187.78,23.7522,0,0,0,2316.81,7480.04,-149.585,24910.9,45.0335,27162.8,1.76342e+17
20230101T000007.400000,6,915,10428.7,-1871.4,-1370.67,0,0,0,8576.64,30692.7,22863,174109,-4102.69,179618,1.59148e+17
20230101T000007.400000,6,916,3094.75,291.644,-116.019,0,0,0,220.785,-1436.12,572.105,15324.7,53.9142,15460.1,1.25156e+17
20230101T000007.400000,6,917,10121.8,-1858.29,1654.21,0,0,0,9821.02,29305.9,-26779.8,164065,4916.58,169447,2.10448e+17
20230101T000007.400000,6,918,7754.14,-1427.57,587.967,0,0,0,3857.29,17601.5,-7290.01,96222.9,1342.12,99463.8,1.29655e+18
20230101T000007.400000,6,919,9251.59,-1241.99,645.578,0,0,0,3185.67,18288.3,-9551.83,136960,1282.3,139415,8.67221e+17
20230101T000007.400000,6,920,5515,111.736,230.722,0,0,0,168.975,-982.935,-2033.22,48664.3,-41.1937,48684.4,1.44144e+17
20230101T000007.400000,6,921,6303.35,624.8,-112.846,0,0,0,708.134,-6293.06,1136.96,63572.5,112.697,64196.3,1.35892e+17
20230101T000007.400000,6,922,9262.36,5862.39,574.659,0,0,0,55411,-86611.7,-8513.49,137435,-5388.41,192254,1.78072e+17
20230101T000007.400000,6,923,10468.6,4257.88,-159.686,0,0,0,29097.2,-71281.7,2673.86,175360,1087.54,204353,4.11526e+17
20230101T000007.400000,6,924,657.359,238.972,-24.7028,0,0,0,148.694,-230.507,23.8601,698.969,8.67395,782.846,1.26132e+24
20230101T000007.400000,6,925,1602.37,1834.84,-183.109,0,0,0,5437.34,-4646.03,466.307,4174.69,533.957,9495.11,1.61842e+17
20230101T000007.400000,6,926,7498.8,6632.57,-1839.51,0,0,0,73457.9,-76860.6,22062.1,92374.8,19513.6,160359,3.55763e+17
20230101T000007.400000,6,927,5354.61,5648.49,155.664,0,0,0,51097.4,-48341.5,-1332.76,45929.1,-1405.9,96923.8,1.24117e+17
20230101T000007.400000,6,928,4607.64,5198.82,-458.886,0,0,0,43420.6,-38128,3380.22,34193,3813.91,77213.2,8.67838e+17
20230101T000007.400000,4,820,10554.3,-1403.29,-843.929,34.1917,-6.5609,-4.93617,123.375,338.62,202.78,2638.92,-26.819,2667.9,0
20230101T000007.400000,4,833,6304.15,576.096,-297.819,-16.7976,-1.15469,2.23406,88.1354,-219.779,116.842,2481.3,10.6413,2495.88,0
20230101T000007.400000,4,846,652.476,267.699,-24.1256,4.41138,-7.75968,-0.184186,193.821,-229.874,14.8023,466.766,8.42649,597.546,0
20230101T000007.400000,3,852,6431.09,-8087.03,-2106.12,0,0,0,2500,0,0,2500,0,2500,0
20230101T000007.400000,3,853,3945.37,-1187.78,23.7522,0,0,0,2500,0,0,2500,0,2500,0
20230101T000007.400000,3,854,3094.75,291.644,-116.019,0,0,0,2500,0,0,2500,0,2500,0
20230101T000007.400000,3,855,10121.8,-1858.29,1654.21,0,0,0,2500,0,0,2500,0,2500,0
20230101T000007.400000,3,856,7754.14,-1427.57,587.967,0,0,0,2500,0,0,2500,0,2500,0
20230101T000007.400000,3,857,9251.59,-1241.99,645.578,0,0,0,2500,0,0,2500,0,2500,0
20230101T000007.400000,3,858,5515,111.736,230.722,0,0,0,2500,0,0,2500,0,2500,0
20230101T000007.400000,3,859,9262.36,5862.39,574.659,0,0,0,2500,0,0,2500,0,2500,0
20230101T000007.400000,3,860,10468.6,4257.88,-159.686,0,0,0,2500,0,0,2500,0,2500,0
20230101T000007.400000,3,861,1602.37,1834.84,-183.109,0,0,0,2500,0,0,2500,0,2500,0
20230101T000007.400000,3,862,7498.8,6632.57,-1839.51,0,0,0,2500,0,0,2500,0,2500,0
20230101T000007.400000,3,863,5354.61,5648.49,155.664,0,0,0,2500,0,0,2500,0,2500,0
20230101T000007.400000,3,864,4607.64,5198.82,-458.886,0,0,0,2500,0,0,2500,0,2500,0
20230101T000007.500000,6,929,1836.23,-1466.25,-234.343,0,0,0,3532.17,4234.04,683.553,5453.65,-545.826,8835.21,1.46868e+17
20230101T000007.500000,6,930,1456.8,-1946.54,131.652,0,0,0,6095.29,4493.23,-304.795,3454.3,407.259,9458.23,6.70906e+17
20230101T000007.500000,6,931,9002.15,-7075.82,1358.68,0,0,0,81972.2,100450,-19563.7,130814,15377.4,209770,1.09897e+17
20230101T000007.500000,6,932,8755.36,-7701.52,-2775.99,0,0,0,101887,101743,38876.9,128055,-34197.5,217555,1.27699e+17
20230101T000007.500000,6,933,5307.15,-1031.93,-598.031,0,0,0,2316.11,8643.52,5071.28,45088.5,-986.068,46770,2.06308e+17
20230101T000007.500000,6,934,4757.32,-2762.71,-464.939,0,0,0,12518.3,20851.2,3534.34,36314.7,-2052.49,48424,1.22229e+17
20230101T000007.500000,6,935,15.4292,-5.21315,0.0276294,0,0,0,57.4857,-19.2796,0.102181,6.9385,-0.0345244,0.424564,1.05311e+17
20230101T000007.500000,6,936,688.069,125.99,-23.0743,0,0,0,88.0785,-127.227,23.3284,759.604,4.2716,782.969,1.51298e+24
20230101T000007.500000,6,937,1814.32,633.291,184.952,0,0,0,747.006,-1801.63,-531.136,5279.63,-185.394,5909.08,7.39709e+17
20230101T000007.500000,6,938,9919.94,5403.96,-711.567,0,0,0,47398.4,-85404.1,11290.4,157648,6150.53,204173,1.21603e+17
20230101T000007.500000,6,939,9624.77,2856.95,-1521.46,0,0,0,16520.8,-42968.6,23420.8,148523,6952.07,161279,1.13893e+18
20230101T000007.500000,6,940,4432.4,2560.82,-977.729,0,0,0,11685.5,-17471.6,6923.69,31832.1,4000.16,41928.6,2.0971e+17
20230101T000007.500000,6,941,2418.08,887.167,490.832,0,0,0,1653.47,-3287.78,-1887.95,9408.46,-692.667,10617,1.38905e+17
20230101T000007.500000,6,942,1124.38,860.004,271.602,0,0,0,1296.78,-1460.41,-479.208,2089.12,-366.531,3208.42,6.47437e+17
20230101T000007.500000,6,943,3610.74,5075.04,108.533,0,0,0,41237.4,-29280.3,-626.369,20914.9,-880.387,62069.5,6.24109e+17
20230101T000007.500000,6,944,3340.58,3398.32,-248.996,0,0,0,18557.8,-18082.3,1328.53,17938.1,1351.49,36333,2.08417e+17
20230101T000007.500000,6,945,4190,2965.59,-899.453,0,0,0,14975.4,-19241.7,6021.06,28542.6,4261.58,42163.3,1.92243e+17
20230101T000007.500000,6,946,4710.6,3256.85,-258.181,0,0,0,17086.6,-24467,1943.54,35558.8,1343.73,52475.1,1.891e+17
20230101T000007.500000,3,865,1836.23,-1466.25,-234.343,0,0,0,2500,0,0,2500,0,2500,0
20230101T000007.500000,3,866,1456.8,-1946.54,131.652,0,0,0,2500,0,0,2500,0,2500,0
20230101T000007.500000,3,867,9002.15,-7075.82,1358.68,0,0,0,2500,0,0,2500,0,2500,0
20230101T000007.500000,3,868,8755.36,-7701.52,-2775.99,0,0,0,2500,0,0,2500,0,2500,0
20230101T000007.500000,3,869,5307.15,-1031.93,-598.031,0,0,0,2500,0,0,2500,0,2500,0
20230101T000007.500000,3,870,4757.32,-2762.71,-464.939,0,0,0,2500,0,0,2500,0,2500,0
20230101T000007.500000,3,871,15.4292,-5.21315,0.0276294,0,0,0,2500,0,0,2500,0,2500,0
20230101T000007.500000,3,872,688.069,125.99,-23.0743,0,0,0,2500,0,0,2500,0,2500,0
20230101T000007.500000,3,873,1814.32,633.291,184.952,0,0,0,2500,0,0,2500,0,2500,0
20230101T000007.500000,3,874,9919.94,5403.96,-711.567,0,0,0,2500,0,0,2500,0,2500,0
20230101T000007.500000,3,875,9624.77,2856.95,-1521.46,0,0,0,2500,0,0,2500,0,2500,0
20230101T000007.500000,3,876,4432.4,2560.82,-977.729,0,0,0,2500,0,0,2500,0,2500,0
20230101T000007.500000,3,877,2418.08,887.167,490.832,0,0,0,2500,0,0,2500,0,2500,0
20230101T000007.500000,3,878,1124.38,860.004,271.602,0,0,0,2500,0,0,2500,0,2500,0
20230101T000007.500000,3,879,3610.74,5075.04,108.533,0,0,0,2500,0,0,2500,0,2500,0
20230101T000007.500000,3,880,3340.58,3398.32,-248.996,0,0,0,2500,0,0,2500,0,2500,0
20230101T000007.500000,3,881,4190,2965.59,-899.453,0,0,0,2500,0,0,2500,0,2500,0
20230101T000007.500000,3,882,4710.6,3256.85,-258.181,0,0,0,2500,0,0,2500,0,2500,0
20230101T000007.600000,6,947,823.336,-772.652,-157.387,0,0,0,1009.64,966.741,200.95,1132.57,-188.58,2041.02,1.61319e+17
20230101T000007.600000,6,948,8817.74,-5604.34,-1702.9,0,0,0,53603.1,76939.6,24016.6,125757,-15264.4,174660,1.5963e+17
20230101T000007.600000,6,949,2433.72,-1547.43,476.982,0,0,0,4134.84,5832.57,-1848.65,9599.48,1175.42,13309.7,8.215e+17
20230101T000007.600000,6,950,5507.51,-3465.55,-307.58,0,0,0,19370.3,30441.5,2707.84,48593.3,-1703.89,67748.5,2.45098e+17
20230101T000007.600000,6,951,699.457,6.24088,-24.3469,0,0,0,64.9281,-6.4056,25.0225,782.789,0.223262,782.924,6.69919e+23
20230101T000007.600000,6,952,9867.64,3853.57,-1106.5,0,0,0,25514.6,-60155.7,17463.5,156060,6819.97,179553,1.50799e+17
20230101T000007.600000,6,953,2304.44,2398.19,-296.943,0,0,0,9300.33,-8740.17,1090.93,8603.06,1135.31,17699.3,1.62486e+18
20230101T000007.600000,6,954,1905.57,1781.77,-263.062,0,0,0,5172.41,-5345.63,797.387,5891.13,745.583,10890.1,1.92433e+17
20230101T000007.600000,6,955,4818.86,6698.47,1501.86,0,0,0,73043.2,-49906.2,-11573,39573.2,-16087.1,108948,1.41817e+17
20230101T000007.600000,6,956,8080.41,5442.18,-505.62,0,0,0,47713,-70141,6534.24,104616,4400.83,151857,2.58243e+17
20230101T000007.600000,6,957,5153.65,4123.76,-393.025,0,0,0,27398.2,-33852.2,3237.85,42617.6,2590.81,69705.1,1.69987e+17
20230101T000007.600000,4,872,704.615,35.5563,-24.0456,1.6382,-8.95388,-0.0961658,80.3431,-94.7146,17.3625,580.263,3.17919,597.52,0
20230101T000007.600000,3,883,823.336,-772.652,-157.387,0,0,0,2500,0,0,2500,0,2500,0
20230101T000007.600000,3,884,8817.74,-5604.34,-1702.9,0,0,0,2500,0,0,2500,0,2500,0
20230101T000007.600000,3,885,2433.72,-1547.43,476.982,0,0,0,2500,0,0,2500,0,2500,0
20230101T000007.600000,3,886,5507.51,-3465.55,-307.58,0,0,0,2500,0,0,2500,0,2500,0
20230101T000007.600000,3,887,9867.64,3853.57,-1106.5,0,0,0,2500,0,0,2500,0,2500,0
20230101T000007.600000,3,888,2304.44,2398.19,-296.943,0,0,0,2500,0,0,2500,0,2500,0
20230101T000007.600000,3,889,1905.57,1781.77,-263.062,0,0,0,2500,0,0,2500,0,2500,0
20230101T000007.600000,3,890,4818.86,6698.47,1501.86,0,0,0,2500,0,0,2500,0,2500,0
20230101T000007.600000,3,891,8080.41,5442.18,-505.62,0,0,0,2500,0,0,2500,0,2500,0
20230101T000007.600000,3,892,5153.65,4123.76,-393.025,0,0,0,2500,0,0,2500,0,2500,0
20230101T000007.700000,6,958,4520.47,-3773.4,525.692,0,0,0,23079.7,27043.3,-3797.85,32903.1,3170.2,55477.6,2.64794e+17
20230101T000007.700000,6,959,3886.4,-3653.09,886.531,0,0,0,22052.8,22057.1,-5505.12,24785.6,5174.64,45520.4,1.71152e+17
20230101T000007.700000,6,960,9003.13,-4574.62,548.909,0,0,0,33917.3,65677,-7903.96,129802,4016.11,163174,1.87252e+17
20230101T000007.700000,6,961,9723.25,-4448.16,-1821.59,0,0,0,36099.4,67168.9,28329.1,152196,-12959.9,182926,1.31878e+17
20230101T000007.700000,6,962,689.261,-119.128,-21.3411,0,0,0,85.4997,120.523,21.613,762.004,-3.73547,782.894,9.19772e+23
20230101T000007.700000,6,963,688.325,-124.83,-20.1754,0,0,0,87.4731,126.135,20.405,760.124,-3.7005,783.052,9.09119e+23
20230101T000007.700000,6,964,10490.8,75.6625,369.958,0,0,0,292.055,-1267.97,-6207.57,176090,-44.7708,176099,4.63578e+17
20230101T000007.700000,6,965,9254.47,1970.38,-1474.86,0,0,0,9601.01,-28454.1,21829,137186,4647.63,143246,3.31569e+17
20230101T000007.700000,6,966,6679.23,1032.12,815.647,0,0,0,2805.65,-10859.8,-8709.1,71405.7,-1345.78,73084.7,1.54428e+17
20230101T000007.700000,6,967,9599.83,2785.74,-633.056,0,0,0,13066.8,-42599.5,9719.69,147506,2820.52,159868,1.6264e+17
20230101T000007.700000,6,968,6269.83,3028.13,-16.5356,0,0,0,14723.6,-30352.2,165.743,62909.5,80.0489,77568.6,6.48251e+17
20230101T000007.700000,6,969,5631.16,8013.46,-1456.62,0,0,0,103888,-70573.7,13118.5,53050.5,18668.4,153482,2.26559e+17
20230101T000007.700000,3,893,4520.47,-3773.4,525.692,0,0,0,2500,0,0,2500,0,2500,0
20230101T000007.700000,3,894,3886.4,-3653.09,886.531,0,0,0,2500,0,0,2500,0,2500,0
20230101T000007.700000,3,895,9003.14,-4574.62,548.909,0,0,0,2500,0,0,2500,0,2500,0
20230101T000007.700000,3,896,9723.25,-4448.15,-1821.59,0,0,0,2500,0,0,2500,0,2500,0
20230101T000007.700000,3,897,689.261,-119.128,-21.3411,0,0,0,2500,0,0,2500,0,2500,0
20230101T000007.700000,3,898,688.326,-124.83,-20.1755,0,0,0,2500,0,0,2500,0,2500,0
20230101T000007.700000,3,899,10490.8,75.6625,369.958,0,0,0,2500,0,0,2500,0,2500,0
20230101T000007.700000,3,900,9254.47,1970.38,-1474.86,0,0,0,2500,0,0,2500,0,2500,0
20230101T000007.700000,3,901,6679.23,1032.12,815.647,0,0,0,2500,0,0,2500,0,2500,0
20230101T000007.700000,3,902,9599.83,2785.74,-633.056,0,0,0,2500,0,0,2500,0,2500,0
20230101T000007.700000,3,903,6269.83,3028.13,-16.5356,0,0,0,2500,0,0,2500,0,2500,0
20230101T000007.700000,3,904,5631.16,8013.46,-1456.62,0,0,0,2500,0,0,2500,0,2500,0
20230101T000007.800000,6,970,7872.71,-7885.63,2835.35,0,0,0,105944,92868.5,-35704.2,105639,35762.8,198664,1.21011e+17
20230101T000007.800000,6,971,4278.89,-4141.08,516.314,0,0,0,27690.7,28105.9,-3530.85,29531.3,3417.13,56732.4,1.86259e+17
20230101T000007.800000,6,972,4973.36,-5213.04,782.797,0,0,0,43978.5,40960.8,-6224.26,40121.3,6524.23,83056.9,1.65729e+17
20230101T000007.800000,6,973,658.99,-233.787,-18.8945,0,0,0,144.762,226.169,18.2934,702.041,-6.48988,782.325,2.70505e+22
20230101T000007.800000,6,974,2742.8,1147.67,-373.686,0,0,0,2351.19,-4934.53,1632.61,12079.4,683.133,14145.2,1.25252e+17
20230101T000007.800000,6,975,3487.85,2273.79,-619.034,0,0,0,8746.43,-12379.9,3446.75,19665.6,2247,27737.7,8.33007e+17
20230101T000007.800000,6,976,10460.8,2771.66,-731.789,0,0,0,13151.5,-46162.1,12244,175146,3244.13,187377,1.60492e+17
20230101T000007.800000,6,977,1636.47,1750.08,-262.409,0,0,0,4981.35,-4495.81,682.347,4377.36,729.72,9186.06,1.56212e+17
20230101T000007.800000,6,978,5418.24,8100.89,-1067.65,0,0,0,105582,-69356.1,9251.77,48275.5,13832.5,151972,2.06794e+17
20230101T000007.800000,4,893,4557.03,-3828.44,530.693,3.61944,-5.4501,0.495173,1039.51,1148.24,-160.025,1456.6,133.578,2397.3,0
20230101T000007.800000,4,898,672.62,-209.631,-19.1953,-1.55495,-8.39616,0.0970491,79.892,93.8993,15.1871,580.635,-2.75423,597.598,0
20230101T000007.800000,4,904,5574.49,7939.16,-1436.62,-5.61131,-7.35636,1.97986,1700.92,-1114.56,202.669,898.056,288.409,2432.58,0
20230101T000007.800000,3,905,7872.71,-7885.63,2835.35,0,0,0,2500,0,0,2500,0,2500,0
20230101T000007.800000,3,906,4973.36,-5213.04,782.797,0,0,0,2500,0,0,2500,0,2500,0
20230101T000007.800000,3,907,2742.8,1147.67,-373.686,0,0,0,2500,0,0,2500,0,2500,0
20230101T000007.800000,3,908,3487.85,2273.79,-619.034,0,0,0,2500,0,0,2500,0,2500,0
20230101T000007.800000,3,909,10460.8,2771.66,-731.789,0,0,0,2500,0,0,2500,0,2500,0
20230101T000007.800000,3,910,1636.47,1750.08,-262.409,0,0,0,2500,0,0,2500,0,2500,0
20230101T000007.900000,6,979,2168.34,-2053.71,-245.651,0,0,0,6832.74,7045.06,848.451,7598.42,-803.596,14271.5,9.31751e+16
20230101T000007.900000,6,980,2734.73,-3414.28,-237.637,0,0,0,18712,14864.2,1037.63,12059.9,-1295.47,30617.9,1.6904e+17
20230101T000007.900000,6,981,6603.85,-6919.78,-1868.47,0,0,0,79305.3,70294.9,19734.3,72733.1,-20678.3,146393,9.68118e+17
20230101T000007.900000,6,982,1945.06,-989.486,13.3996,0,0,0,1617.6,3053.4,-41.3506,6066.45,21.0358,7619.77,1.51818e+17
20230101T000007.900000,6,983,11501.2,-4296.22,-234.42,0,0,0,29665.3,79008.7,4312.62,211662,-1610.96,241175,1.52199e+17
20230101T000007.900000,6,984,600.392,-358.227,-33.2599,0,0,0,253.719,315.247,29.3416,593.982,-17.5068,782.22,1.25787e+22
20230101T000007.900000,6,985,3579.14,-148.252,-71.1298,0,0,0,107.112,846.002,406.064,20496.5,-16.8196,20531.6,1.87306e+17
20230101T000007.900000,6,986,10219.7,-804.451,426.938,0,0,0,1388.77,13126.2,-6978.41,167109,549.312,168142,1.69258e+17
20230101T000007.900000,6,987,1355.59,456.077,91.2754,0,0,0,402.044,-965.915,-194.116,2948.05,-65.3087,3273.28,1.53577e+17
20230101T000007.900000,6,988,3554.62,1500.98,368.225,0,0,0,3842.66,-8436.21,-2088.67,20259,-881.965,23821.8,1.23192e+17
20230101T000007.900000,6,989,10316,6764.66,-784.459,0,0,0,73950.2,-111174,12944.6,170587,8488.34,243489,1.85878e+17
20230101T000007.900000,6,990,9645.3,7662.9,-1021.77,0,0,0,95015.2,-117413,15764.4,149522,12524.3,242803,1.84894e+17
20230101T000007.900000,6,991,5160.77,3525.12,224.179,0,0,0,19980.8,-29040.5,-1849.2,42659.6,-1263.12,62496.1,2.70598e+17
20230101T000007.900000,3,911,2168.34,-2053.71,-245.651,0,0,0,2500,0,0,2500,0,2500,0
20230101T000007.900000,3,912,2734.73,-3414.28,-237.637,0,0,0,2500,0,0,2500,0,2500,0
20230101T000007.900000,3,913,6603.85,-6919.78,-1868.47,0,0,0,2500,0,0,2500,0,2500,0
20230101T000007.900000,3,914,1945.06,-989.486,13.3996,0,0,0,2500,0,0,2500,0,2500,0
20230101T000007.900000,3,915,11501.2,-4296.22,-234.42,0,0,0,2500,0,0,2500,0,2500,0
20230101T000007.900000,3,916,600.392,-358.227,-33.2599,0,0,0,2500,0,0,2500,0,2500,0
20230101T000007.900000,3,917,3579.14,-148.252,-71.1298,0,0,0,2500,0,0,2500,0,2500,0
20230101T000007.900000,3,918,10219.7,-804.451,426.938,0,0,0,2500,0,0,2500,0,2500,0
20230101T000007.900000,3,919,1355.59,456.077,91.2754,0,0,0,2500,0,0,2500,0,2500,0
20230101T000007.900000,3,920,3554.62,1500.98,368.225,0,0,0,2500,0,0,2500,0,2500,0
20230101T000007.900000,3,921,10316,6764.66,-784.459,0,0,0,2500,0,0,2500,0,2500,0
20230101T000007.900000,3,922,9645.3,7662.91,-1021.77,0,0,0,2500,0,0,2500,0,2500,0
20230101T000007.900000,3,923,5160.77,3525.12,224.179,0,0,0,2500,0,0,2500,0,2500,0
20230101T000008,6,992,527.912,-459.004,-25.0101,0,0,0,374.066,355.558,19.4006,473.855,-16.8682,783.084,1.65461e+22
20230101T000008,6,993,4518.98,-5189.93,1207.17,0,0,0,44128.9,36339.6,-8721.16,34035.3,10016,75772.4,2.01859e+17
20230101T000008,6,994,4119.19,-1987.41,-159.837,0,0,0,6404.7,13057.4,1051.43,27168.2,-507.288,33468.2,2.15784e+17
20230101T000008,6,995,10915.7,-5330.14,-487.136,0,0,0,45814.7,92916.2,8505.56,190728,-4153.28,236099,4.47337e+17
20230101T000008,6,996,3130.68,1015.1,313.751,0,0,0,1848.59,-5019.89,-1565.86,15702.8,-507.717,17331.1,2.28247e+17
20230101T000008,6,997,4743.22,853.772,-107.596,0,0,0,1246.19,-6465.03,815.159,35999.7,146.727,37163.4,2.30858e+17
20230101T000008,6,998,6223.72,4425.69,139.649,0,0,0,31402,-44025.9,-1389.67,62007.5,-988.195,93314.4,1.61035e+17
20230101T000008,6,999,3619.81,2987.14,-529.273,0,0,0,14581,-17049.5,3059.89,21172,2525.08,35242.4,1.49298e+17
20230101T000008,4,916,552.096,-439.89,-26.9674,-4.78177,-8.08545,0.623017,203.69,234.746,21.8373,457.064,-13.0293,596.947,0
20230101T000008,3,924,4518.98,-5189.93,1207.17,0,0,0,2500,0,0,2500,0,2500,0
20230101T000008,3,925,4119.19,-1987.41,-159.837,0,0,0,2500,0,0,2500,0,2500,0
20230101T000008,3,926,10915.7,-5330.14,-487.136,0,0,0,2500,0,0,2500,0,2500,0
20230101T000008,3,927,3130.68,1015.1,313.751,0,0,0,2500,0,0,2500,0,2500,0
20230101T000008,3,928,4743.23,853.772,-107.596,0,0,0,2500,0,0,2500,0,2500,0
20230101T000008,3,929,6223.72,4425.69,139.649,0,0,0,2500,0,0,2500,0,2500,0
20230101T000008,3,930,3619.81,2987.14,-529.273,0,0,0,2500,0,0,2500,0,2500,0
20230101T000008.100000,6,1000,7472.01,-6782.33,353.237,0,0,0,73744.5,80953.1,-4221.36,89448.6,3831.72,162930,1.04375e+17
20230101T000008.100000,6,1001,3860.25,-2904.93,236.293,0,0,0,13599.6,17868.4,-1456.94,23897.8,1096.39,37344.4,1.66167e+17
20230101T000008.100000,6,1002,6658.06,-1969.22,-1233.17,0,0,0,8499.01,20299.3,13126.3,71128.4,-3882.3,77134.2,1.75914e+17
20230101T000008.100000,6,1003,6260.18,-3333.22,-592.582,0,0,0,18263.8,33127,5930.79,62841.9,-3157.84,80480.8,1.73372e+17
20230101T000008.100000,6,1004,8007.03,-4297.27,1729.61,0,0,0,33310.5,53033.3,-22148.1,103664,11886.6,132129,1.99536e+17
20230101T000008.100000,6,1005,4507.59,-1735.91,-253.397,0,0,0,4966.48,12463.8,1824.41,32530.9,-702.598,37331,1.79852e+17
20230101T000008.100000,6,1006,11469.6,2081.73,-683.923,0,0,0,7720.04,-38059.9,12547.3,210509,2277.32,217418,1.39302e+17
20230101T000008.100000,6,1007,10207.5,-1753.81,-127.596,0,0,0,5008.79,28628.2,2083.13,166713,-357.913,171631,2.11007e+17
20230101T000008.100000,6,1008,12281.7,478.592,-347.523,0,0,0,623.275,-9394.66,6827.26,241344,266.044,241710,1.70841e+17
20230101T000008.100000,6,1009,5775.81,945.803,-557.666,0,0,0,1977.63,-8650.97,5147.59,53390.6,842.931,54807.8,3.55943e+17
20230101T000008.100000,6,1010,11312.4,2830.42,-609.715,0,0,0,13437.9,-51075.1,11032.5,204792,2760.39,217571,1.36528e+17
20230101T000008.100000,6,1011,705.64,1075.95,-204.715,0,0,0,1891.19,-1155.39,225.681,887.217,344.115,2650.52,1.32861e+17
20230101T000008.100000,6,1012,446.519,529.172,102.178,0,0,0,481.033,-338.952,-67.0383,365.351,-79.4473,768.408,1.36292e+23
20230101T000008.100000,3,931,7472.01,-6782.33,353.237,0,0,0,2500,0,0,2500,0,2500,0
20230101T000008.100000,3,932,3860.24,-2904.93,236.293,0,0,0,2500,0,0,2500,0,2500,0
20230101T000008.100000,3,933,6658.06,-1969.22,-1233.17,0,0,0,2500,0,0,2500,0,2500,0
20230101T000008.100000,3,934,6260.18,-3333.22,-592.582,0,0,0,2500,0,0,2500,0,2500,0
20230101T000008.100000,3,935,8007.03,-4297.27,1729.61,0,0,0,2500,0,0,2500,0,2500,0
20230101T000008.100000,3,936,4507.59,-1735.91,-253.397,0,0,0,2500,0,0,2500,0,2500,0
20230101T000008.100000,3,937,11469.6,2081.73,-683.923,0,0,0,2500,0,0,2500,0,2500,0
20230101T000008.100000,3,938,10207.5,-1753.81,-127.596,0,0,0,2500,0,0,2500,0,2500,0
20230101T000008.100000,3,939,12281.7,478.592,-347.523,0,0,0,2500,0,0,2500,0,2500,0
20230101T000008.100000,3,940,5775.81,945.803,-557.666,0,0,0,2500,0,0,2500,0,2500,0
20230101T000008.100000,3,941,11312.4,2830.42,-609.715,0,0,0,2500,0,0,2500,0,2500,0
20230101T000008.100000,3,942,705.64,1075.95,-204.715,0,0,0,2500,0,0,2500,0,2500,0
20230101T000008.100000,3,943,446.519,529.172,102.178,0,0,0,2500,0,0,2500,0,2500,0
20230101T000008.200000,6,1013,1025.17,-690.904,60.5086,0,0,0,811.692,1100.97,-96.6594,1703.34,65.1426,2445.48,1.35188e+17
20230101T000008.200000,6,1014,9868.18,-4951.02,172.763,0,0,0,39309.5,78127.4,-2726.88,155832,1368.12,195030,2.65242e+17
20230101T000008.200000,6,1015,3891.36,-287.062,228.872,0,0,0,278.641,1776.47,-1421.27,24229.1,104.846,24360.3,2.27022e+17
20230101T000008.200000,6,1016,8585.59,5291.55,-1109.91,0,0,0,46275.1,-71781.1,15240.9,118500,9393.42,162741,1.4544e+17
20230101T000008.200000,6,1017,6163.14,2206.49,-99.1485,0,0,0,7860.42,-21733,976.794,60784,349.706,68564.7,1.64068e+17
20230101T000008.200000,6,1018,7794.58,8019.78,-331.275,0,0,0,103023,-99897.5,4130.12,97331.8,4249.44,200116,2.26217e+17
20230101T000008.200000,6,1019,531.088,443.933,102.538,0,0,0,362.092,-338.134,-80.0132,483.967,-66.8825,767.985,6.32463e+23
20230101T000008.200000,4,943,516.889,469.56,102.449,6.96729,-5.90218,0.0267863,374.352,-253.578,-49.8942,287.807,-59.1298,586.683,0
20230101T000008.200000,3,944,1025.17,-690.904,60.5086,0,0,0,2500,0,0,2500,0,2500,0
20230101T000008.200000,3,945,9868.18,-4951.02,172.763,0,0,0,2500,0,0,2500,0,2500,0
20230101T000008.200000,3,946,3891.36,-287.062,228.872,0,0,0,2500,0,0,2500,0,2500,0
20230101T000008.200000,3,947,8585.59,5291.55,-1109.91,0,0,0,2500,0,0,2500,0,2500,0
20230101T000008.200000,3,948,6163.14,2206.49,-99.1485,0,0,0,2500,0,0,2500,0,2500,0
20230101T000008.200000,3,949,7794.58,8019.78,-331.275,0,0,0,2500,0,0,2500,0,2500,0
20230101T000008.300000,6,1020,5934.57,-8505.59,-1667.21,0,0,0,117229,78646.9,15824.9,59383.7,-22680.7,172104,1.52006e+17
20230101T000008.300000,6,1021,9571.51,-3956.44,-136.658,0,0,0,25125.7,60557.5,2092.06,146596,-864.765,171628,1.58765e+17
20230101T000008.300000,6,1022,125.675,-70.9279,25.6718,0,0,0,55.8992,-12.7433,4.44896,40.5119,-2.51089,35.2831,2.9394e+17
20230101T000008.300000,6,1023,7105.67,-1498.19,-1047.22,0,0,0,5331.33,16666.1,11897.1,80862.2,-2508.43,84377.4,5.19608e+17
20230101T000008.300000,6,1024,4450.65,-2259.74,-288.532,0,0,0,8326.92,16012.2,2051.36,31733.6,-1041.55,39863.8,9.93846e+16
20230101T000008.300000,6,1025,8567.33,-3821.79,-1464.49,0,0,0,26283.8,51088,20066,118019,-8951.2,140810,2.97453e+17
20230101T000008.300000,6,1026,5312.97,-1502.8,-418.203,0,0,0,3931.48,12685,3550.4,45189.7,-1004.25,48778.1,8.43864e+16
20230101T000008.300000,6,1027,9126.69,-2770.36,-1021.56,0,0,0,13866.6,39973.1,14911.1,133421,-4526.19,145555,3.70766e+17
20230101T000008.300000,6,1028,6209.51,-2707.65,-104.204,0,0,0,11798.6,26871.3,1034.39,61705.8,-451.045,73423,9.12027e+16
20230101T000008.300000,6,1029,2460.9,-268.18,4.65098,0,0,0,178.355,1049.04,-18.1934,9690.36,1.98265,9804.68,1.5266e+17
20230101T000008.300000,6,1030,9990.85,-706.431,41.952,0,0,0,864.954,11287.9,-670.351,159708,47.399,160506,1.45696e+17
20230101T000008.300000,6,1031,242.425,25.5584,-15.956,0,0,0,64.4745,-3.22635,2.04071,94.7366,0.215149,95.3498,2.57477e+17
20230101T000008.300000,6,1032,8307.72,-596.606,-192.409,0,0,0,692.069,7921.49,2556.09,110430,-183.562,110999,5.45689e+17
20230101T000008.300000,6,1033,4119.49,2130.94,-428.801,0,0,0,7547.63,-13899.5,2821.1,27227.9,1459.31,34418.4,1.36005e+17
20230101T000008.300000,6,1034,597.329,349.713,103.165,0,0,0,254.988,-299.507,-90.5447,591.212,-53.0104,767.953,5.17224e+23
20230101T000008.300000,6,1035,1996.68,2584.7,219.74,0,0,0,10741.8,-8189.12,-699.382,6467.06,-905.349,17068.1,1.41459e+17
20230101T000008.300000,6,1036,7882.52,6227.34,1832.26,0,0,0,65393,-75896.4,-23099.6,101502,-18249.1,161464,1.91079e+17
20230101T000008.300000,6,1037,5904.57,6790.05,376.858,0,0,0,73893,-64003.6,-3558.54,55948.1,-4092.2,129550,1.57896e+17
20230101T000008.300000,6,1038,3517.63,3903.58,635.37,0,0,0,24698.4,-21617.5,-3570.88,20189.2,-3962.67,44179.5,2.41063e+17
20230101T000008.300000,3,950,5934.57,-8505.59,-1667.21,0,0,0,2500,0,0,2500,0,2500,0
20230101T000008.300000,3,951,9571.51,-3956.44,-136.658,0,0,0,2500,0,0,2500,0,2500,0
20230101T000008.300000,3,952,125.675,-70.9279,25.6718,0,0,0,2500,0,0,2500,0,2500,0
20230101T000008.300000,3,953,7105.67,-1498.19,-1047.22,0,0,0,2500,0,0,2500,0,2500,0
20230101T000008.300000,3,954,4450.65,-2259.74,-288.532,0,0,0,2500,0,0,2500,0,2500,0
20230101T000008.300000,3,955,8567.33,-3821.79,-1464.49,0,0,0,2500,0,0,2500,0,2500,0
20230101T000008.300000,3,956,5312.97,-1502.8,-418.203,0,0,0,2500,0,0,2500,0,2500,0
20230101T000008.300000,3,957,9126.69,-2770.36,-1021.56,0,0,0,2500,0,0,2500,0,2500,0
20230101T000008.300000,3,958,6209.51,-2707.65,-104.204,0,0,0,2500,0,0,2500,0,2500,0
20230101T000008.300000,3,959,2460.9,-268.18,4.65098,0,0,0,2500,0,0,2500,0,2500,0
20230101T000008.300000,3,960,9990.85,-706.431,41.952,0,0,0,2500,0,0,2500,0,2500,0
20230101T000008.300000,3,961,242.425,25.5584,-15.956,0,0,0,2500,0,0,2500,0,2500,0
20230101T000008.300000,3,962,8307.72,-596.606,-192.409,0,0,0,2500,0,0,2500,0,2500,0
20230101T000008.300000,3,963,4119.49,2130.94,-428.801,0,0,0,2500,0,0,2500,0,2500,0
20230101T000008.300000,3,964,597.329,349.713,103.165,0,0,0,2500,0,0,2500,0,2500,0
20230101T000008.300000,3,965,1996.68,2584.7,219.74,0,0,0,2500,0,0,2500,0,2500,0
20230101T000008.300000,3,966,7882.52,6227.34,1832.26,0,0,0,2500,0,0,2500,0,2500,0
20230101T000008.300000,3,967,5904.57,6790.05,376.858,0,0,0,2500,0,0,2500,0,2500,0
20230101T000008.300000,3,968,3517.63,3903.58,635.37,0,0,0,2500,0,0,2500,0,2500,0
20230101T000008.400000,6,1039,2453.74,-2382.05,-475.043,0,0,0,9296.88,9140.04,1858.75,9838.95,-1804.45,18713.2,2.01364e+17
20230101T000008.400000,6,1040,8759.29,-7416.49,1264.26,0,0,0,89533.2,102649,-17713.2,123855,14997.7,210768,2.99858e+17
20230101T000008.400000,6,1041,9549.75,-5418.87,-1878.59,0,0,0,51301,80347.8,28694.9,147307,-16282.5,192901,2.61794e+17
20230101T000008.400000,6,1042,5642.63,-2540.87,66.2982,0,0,0,10388.7,22912.9,-597.93,50954.9,269.247,61272.5,1.73638e+17
20230101T000008.400000,6,1043,4114.32,2182.62,59.6108,0,0,0,7676.47,-14339.1,-391.689,27099.6,-207.788,34706.4,2.97984e+17
20230101T000008.400000,6,1044,9632.42,3140.17,1720.9,0,0,0,20116.5,-46981.2,-26512.3,148915,-8643.01,164232,2.10173e+17
20230101T000008.400000,6,1045,11642.5,2940.77,-807.916,0,0,0,14878.6,-54517.7,15045.8,216944,3800.38,230715,1.18949e+17
20230101T000008.400000,6,1046,6823.43,3910.26,1146.49,0,0,0,26094.6,-41755.9,-12508.9,75030,-7168.4,98960.2,1.33755e+17
20230101T000008.400000,6,1047,648.815,242.849,99.5004,0,0,0,163.256,-226.316,-94.857,683.189,-35.5047,769.192,6.1325e+23
20230101T000008.400000,6,1048,6633.78,2892.29,168.017,0,0,0,13476.3,-30658.9,-1781.98,70428.6,-776.934,83795.8,4.32066e+17
20230101T000008.400000,6,1049,4554.81,2860.24,-962.313,0,0,0,14196.7,-20149.3,7003.64,33630.6,4398.02,46285.6,7.12528e+17
20230101T000008.400000,6,1050,9162.56,6656.85,-765.861,0,0,0,71557.9,-97113.6,11224.1,134670,8154.63,205226,2.22807e+17
20230101T000008.400000,6,1051,7817.8,7493.29,855.604,0,0,0,90482.6,-93112.8,-10698.7,98380.1,-10254.6,187628,9.65315e+16
20230101T000008.400000,4,963,4120.7,2135.27,-395.782,0.119001,0.427802,3.26923,561.149,-926.594,186.566,1873.11,96.5077,2334.36,0
20230101T000008.400000,4,964,643.755,271.369,100.372,4.59661,-7.75689,-0.276573,205.261,-224.103,-67.3923,456.836,-39.4556,586.37,0
20230101T000008.400000,3,969,2453.74,-2382.05,-475.043,0,0,0,2500,0,0,2500,0,2500,0
20230101T000008.400000,3,970,8759.29,-7416.49,1264.26,0,0,0,2500,0,0,2500,0,2500,0
20230101T000008.400000,3,971,9549.75,-5418.87,-1878.59,0,0,0,2500,0,0,2500,0,2500,0
20230101T000008.400000,3,972,5642.63,-2540.87,66.2982,0,0,0,2500,0,0,2500,0,2500,0
20230101T000008.400000,3,973,9632.42,3140.17,1720.9,0,0,0,2500,0,0,2500,0,2500,0
20230101T000008.400000,3,974,11642.5,2940.77,-807.916,0,0,0,2500,0,0,2500,0,2500,0
20230101T000008.400000,3,975,6823.43,3910.26,1146.49,0,0,0,2500,0,0,2500,0,2500,0
20230101T000008.400000,3,976,6633.78,2892.29,168.017,0,0,0,2500,0,0,2500,0,2500,0
20230101T000008.400000,3,977,4554.81,2860.24,-962.313,0,0,0,2500,0,0,2500,0,2500,0
20230101T000008.400000,3,978,9162.56,6656.85,-765.861,0,0,0,2500,0,0,2500,0,2500,0
20230101T000008.400000,3,979,7817.8,7493.29,855.604,0,0,0,2500,0,0,2500,0,2500,0
20230101T000008.500000,6,1052,1957.16,-2603.49,-402.717,0,0,0,10961.5,7997.8,1256.41,6334.81,-1671.32,16974.8,5.59659e+17
20230101T000008.500000,6,1053,8311,-7464.45,164.778,0,0,0,89208.2,99205.8,-2190.45,110564,1967.33,199665,1.09692e+17
20230101T000008.500000,6,1054,5098.88,-3415.73,-177.668,0,0,0,18746.5,27813.3,1447.91,41633.2,-969.953,60265.3,1.20007e+17
20230101T000008.500000,6,1055,5766.4,-4240.04,346.196,0,0,0,28930.6,38997.6,-3191.6,53292,2346.78,81967.1,1.96465e+17
20230101T000008.500000,6,1056,5532.41,-6879.17,2354.58,0,0,0,79224.1,56532.2,-20832.4,54394.9,25903.6,124693,2.08138e+17
20230101T000008.500000,6,1057,2388.24,-1172.3,119.951,0,0,0,2268.9,4445.21,-455.769,9142.74,223.721,11324.9,8.86621e+17
20230101T000008.500000,6,1058,6517.15,-3939.91,1359.09,0,0,0,27046.5,39747.3,-14162.4,68764.8,8561.81,92795.8,2.98037e+17
20230101T000008.500000,6,1059,8282,-3899.98,931.504,0,0,0,25523.9,51119.9,-12337.7,110010,5809.81,134083,1.93839e+17
20230101T000008.500000,6,1060,3800.07,-155.127,554.804,0,0,0,592.739,920.568,-3364.14,23105.8,137.332,23144.7,2.40366e+17
20230101T000008.500000,6,1061,682.239,126.666,89.433,0,0,0,98.898,-124.67,-89.6459,747.244,-16.6438,771.436,1.5694e+23
20230101T000008.500000,6,1062,2451.62,799.283,-106.672,0,0,0,1096.38,-3111.07,415.92,9624.59,135.599,10639,6.32609e+17
20230101T000008.500000,6,1063,4990.81,1475.74,1095.62,0,0,0,5307.05,-11245.3,-8736.49,40012.5,-2583.31,43340.4,1.21558e+18
20230101T000008.500000,6,1064,3379.4,2623.26,-569.398,0,0,0,11373.3,-13902.3,3072.15,18491.2,2384.75,29284,1.21621e+17
20230101T000008.500000,6,1065,4057.17,3204.94,-298.641,0,0,0,16561.8,-20704.3,1935.73,26416.4,1529.12,42771.9,1.4192e+17
20230101T000008.500000,4,946,3826.96,-269.386,258.906,-17.7233,4.86492,8.26624,83.6054,174.629,-139.28,2437.96,10.2745,2443.5,0
20230101T000008.500000,3,980,1957.16,-2603.49,-402.717,0,0,0,2500,0,0,2500,0,2500,0
20230101T000008.500000,3,981,8311,-7464.45,164.778,0,0,0,2500,0,0,2500,0,2500,0
20230101T000008.500000,3,982,5098.88,-3415.73,-177.668,0,0,0,2500,0,0,2500,0,2500,0
20230101T000008.500000,3,983,5766.4,-4240.04,346.196,0,0,0,2500,0,0,2500,0,2500,0
20230101T000008.500000,3,984,5532.41,-6879.17,2354.58,0,0,0,2500,0,0,2500,0,2500,0
20230101T000008.500000,3,985,2388.24,-1172.3,119.951,0,0,0,2500,0,0,2500,0,2500,0
20230101T000008.500000,3,986,6517.15,-3939.91,1359.09,0,0,0,2500,0,0,2500,0,2500,0
20230101T000008.500000,3,987,8282,-3899.98,931.504,0,0,0,2500,0,0,2500,0,2500,0
20230101T000008.500000,3,988,682.239,126.666,89.433,0,0,0,2500,0,0,2500,0,2500,0
20230101T000008.500000,3,989,2451.62,799.283,-106.672,0,0,0,2500,0,0,2500,0,2500,0
20230101T000008.500000,3,990,4990.81,1475.74,1095.62,0,0,0,2500,0,0,2500,0,2500,0
20230101T000008.500000,3,991,3379.4,2623.26,-569.398,0,0,0,2500,0,0,2500,0,2500,0
20230101T000008.500000,3,992,4057.17,3204.94,-298.641,0,0,0,2500,0,0,2500,0,2500,0
20230101T000008.600000,6,1066,2800.98,-3129.7,-120.204,0,0,0,15710.8,13982.7,537.483,12601.1,-600.561,28224.9,1.75379e+17
20230101T000008.600000,6,1067,2329.91,-3325.37,-790.719,0,0,0,18042.6,11897.4,2940.8,9397.91,-4197.26,26380.8,1.4748e+17
20230101T000008.600000,6,1068,8461.74,-7565.46,-124.539,0,0,0,91627.4,102383,1685.59,114601,-1507.05,206140,1.72233e+17
20230101T000008.600000,6,1069,9671.15,-7106.6,-1098.58,0,0,0,82101.1,109015,16994.6,150349,-12488,230456,1.1839e+17
20230101T000008.600000,6,1070,4610.5,-4625.23,-19.875,0,0,0,34260.6,34087,146.476,34043.1,-146.944,68239,8.95036e+16
20230101T000008.600000,6,1071,3536.08,-4228.58,1088.41,0,0,0,29414.8,22961.1,-6150.12,21157.9,7354.54,48618.1,1.58243e+17
20230101T000008.600000,6,1072,2011.05,-1095.95,-166.334,0,0,0,2005,3481.08,531.15,6495.63,-289.459,8393.04,1.50197e+17
20230101T000008.600000,6,1073,11001.6,-4632.14,-2079.33,0,0,0,40259.6,79041.4,36591.7,194708,-15406.6,227990,1.54765e+17
20230101T000008.600000,6,1074,692.405,-6.20822,101.629,0,0,0,79.2311,6.16792,-103.394,767.085,0.927051,768.49,2.26677e+23
20230101T000008.600000,6,1075,6450.18,-264.812,-160.996,0,0,0,217.455,2728.61,1659.93,66567.8,-68.1483,66679.9,5.03552e+17
20230101T000008.600000,6,1076,2939.6,1990.51,-39.3922,0,0,0,6384.99,-9331.24,184.688,13846.9,125.059,20165.4,2.04558e+17
20230101T000008.600000,6,1077,8275.32,4180.92,-718.327,0,0,0,28676.5,-54999.6,9506.62,109750,4803,137538,1.33439e+17
20230101T000008.600000,6,1078,4523.88,2724.28,804.762,0,0,0,12681.1,-19233.4,-5816.87,33037.2,-3502.93,44621,1.99375e+17
20230101T000008.600000,6,1079,5810.82,3192.87,1131.61,0,0,0,17932.6,-28794.2,-10511.6,54514.5,-5775.81,70337.9,1.48215e+17
20230101T000008.600000,6,1080,7192.56,7359.35,-1315.49,0,0,0,88039.4,-83276.6,15133.2,84221.1,15484.1,169430,2.33171e+17
20230101T000008.600000,6,1081,9071.25,8346.7,191.803,0,0,0,111534,-121083,-2783.1,131716,-2560.8,243128,2.13408e+17
20230101T000008.600000,4,988,699.951,25.8365,98.7554,1.75365,-9.98312,0.923015,88.4637,-93.17,-66.7315,572.992,-12.3895,589.026,0
20230101T000008.600000,3,993,2800.98,-3129.7,-120.204,0,0,0,2500,0,0,2500,0,2500,0
20230101T000008.600000,3,994,2329.91,-3325.37,-790.719,0,0,0,2500,0,0,2500,0,2500,0
20230101T000008.600000,3,995,8461.74,-7565.46,-124.539,0,0,0,2500,0,0,2500,0,2500,0
20230101T000008.600000,3,996,9671.15,-7106.6,-1098.58,0,0,0,2500,0,0,2500,0,2500,0
20230101T000008.600000,3,997,4610.5,-4625.23,-19.875,0,0,0,2500,0,0,2500,0,2500,0
20230101T000008.600000,3,998,3536.08,-4228.58,1088.41,0,0,0,2500,0,0,2500,0,2500,0
20230101T000008.600000,3,999,2011.05,-1095.95,-166.334,0,0,0,2500,0,0,2500,0,2500,0
20230101T000008.600000,3,1000,11001.6,-4632.14,-2079.33,0,0,0,2500,0,0,2500,0,2500,0
20230101T000008.600000,3,1001,6450.18,-264.812,-160.996,0,0,0,2500,0,0,2500,0,2500,0
20230101T000008.600000,3,1002,2939.6,1990.51,-39.3922,0,0,0,2500,0,0,2500,0,2500,0
20230101T000008.600000,3,1003,8275.32,4180.92,-718.327,0,0,0,2500,0,0,2500,0,2500,0
20230101T000008.600000,3,1004,4523.88,2724.28,804.762,0,0,0,2500,0,0,2500,0,2500,0
20230101T000008.600000,3,1005,5810.82,3192.87,1131.61,0,0,0,2500,0,0,2500,0,2500,0
20230101T000008.600000,3,1006,7192.56,7359.35,-1315.49,0,0,0,2500,0,0,2500,0,2500,0
20230101T000008.600000,3,1007,9071.25,8346.7,191.803,0,0,0,2500,0,0,2500,0,2500,0
20230101T000008.700000,6,1082,10277.1,-6906.52,-1519.55,0,0,0,78908.5,111827,24980,170158,-16787.3,245310,1.49954e+17
20230101T000008.700000,6,1083,2686.28,-3217.69,1027.79,0,0,0,17284.6,12968.6,-4408.02,12577.4,5280.03,28115.1,2.43258e+17
20230101T000008.700000,6,1084,6112.45,-4148.25,832.563,0,0,0,28335.4,40024.9,-8136.51,60148.9,5521.89,87312.9,7.37129e+17
20230101T000008.700000,6,1085,1627.25,-365.798,179.18,0,0,0,323.218,927.862,-459.883,4242.23,103.379,4451.54,1.39946e+17
20230101T000008.700000,6,1086,10268.3,-3870.56,-654.105,0,0,0,24625.2,63343.5,10742.9,168794,-4049.47,192671,1.61964e+17
20230101T000008.700000,6,1087,5432.91,-1484.21,-182.606,0,0,0,3633.74,12871.9,1585.33,47234.5,-433.095,50751,1.26002e+17
20230101T000008.700000,6,1088,9245.41,-1713.87,-219.788,0,0,0,4836.3,25327.3,3249.77,136769,-602.426,141464,4.00723e+17
20230101T000008.700000,6,1089,4507.55,-34.3982,-178.62,0,0,0,116.834,247.205,1285.69,32508.8,-9.81141,32510.8,1.69721e+17
20230101T000008.700000,6,1090,10082.9,904.248,-363.099,0,0,0,1580.93,-14563.5,5855.47,162666,525.126,163972,1.21968e+17
20230101T000008.700000,6,1091,683.161,-122.033,90.8781,0,0,0,97.6082,120.21,-91.2238,749.089,16.2953,771.641,2.57298e+23
20230101T000008.700000,6,1092,7416.47,4498.43,1449.88,0,0,0,34881.8,-51861,-17195.9,88927.8,-10430.1,120386,1.9745e+17
20230101T000008.700000,6,1093,6048.58,3393.97,170.768,0,0,0,18514.5,-32798.7,-1651.27,58563,-926.556,76967,1.54888e+17
20230101T000008.700000,6,1094,4329.92,2394.69,-170.528,0,0,0,9259.88,-16543.3,1179.47,30023,652.315,39172.5,1.18931e+17
20230101T000008.700000,6,1095,938.473,656.748,158.087,0,0,0,759.109,-937.859,-230.275,1442.96,-161.148,2100.48,2.05215e+17
20230101T000008.700000,6,1096,2893.9,2451.27,125.906,0,0,0,9665.97,-11306,-581.357,13436.8,-492.437,23013.5,3.48671e+17
20230101T000008.700000,6,1097,5768.31,8024.2,1526.68,0,0,0,104312,-72260.6,-14084.6,55737.3,-19592.8,156259,3.90396e+17
20230101T000008.700000,6,1098,4669.47,4401.27,792.462,0,0,0,31559.4,-32349.6,-5914.94,35388.7,-5575.2,65881.2,1.64362e+17
20230101T000008.700000,6,1099,4756.82,4425.4,807.033,0,0,0,31927,-33130.2,-6136.53,36716.5,-5708.97,67539.3,1.58557e+17
20230101T000008.700000,3,1008,10277.1,-6906.52,-1519.55,0,0,0,2500,0,0,2500,0,2500,0
20230101T000008.700000,3,1009,2686.28,-3217.69,1027.79,0,0,0,2500,0,0,2500,0,2500,0
20230101T000008.700000,3,1010,6112.45,-4148.25,832.563,0,0,0,2500,0,0,2500,0,2500,0
20230101T000008.700000,3,1011,1627.25,-365.798,179.18,0,0,0,2500,0,0,2500,0,2500,0
20230101T000008.700000,3,1012,10268.3,-3870.56,-654.105,0,0,0,2500,0,0,2500,0,2500,0
20230101T000008.700000,3,1013,5432.91,-1484.21,-182.606,0,0,0,2500,0,0,2500,0,2500,0
20230101T000008.700000,3,1014,9245.41,-1713.87,-219.788,0,0,0,2500,0,0,2500,0,2500,0
20230101T000008.700000,3,1015,4507.55,-34.3982,-178.62,0,0,0,2500,0,0,2500,0,2500,0
20230101T000008.700000,3,1016,10082.9,904.248,-363.099,0,0,0,2500,0,0,2500,0,2500,0
20230101T000008.700000,3,1017,683.161,-122.033,90.8781,0,0,0,2500,0,0,2500,0,2500,0
20230101T000008.700000,3,1018,7416.47,4498.43,1449.88,0,0,0,2500,0,0,2500,0,2500,0
20230101T000008.700000,3,1019,6048.58,3393.97,170.768,0,0,0,2500,0,0,2500,0,2500,0
20230101T000008.700000,3,1020,4329.92,2394.69,-170.528,0,0,0,2500,0,0,2500,0,2500,0
20230101T000008.700000,3,1021,938.473,656.749,158.087,0,0,0,2500,0,0,2500,0,2500,0
20230101T000008.700000,3,1022,2893.9,2451.27,125.906,0,0,0,2500,0,0,2500,0,2500,0
20230101T000008.700000,3,1023,5768.31,8024.2,1526.68,0,0,0,2500,0,0,2500,0,2500,0
20230101T000008.700000,3,1024,4669.47,4401.27,792.462,0,0,0,2500,0,0,2500,0,2500,0
20230101T000008.700000,3,1025,4756.82,4425.4,807.033,0,0,0,2500,0,0,2500,0,2500,0
20230101T000008.800000,6,1100,7885.3,-7700.53,-2503.96,0,0,0,100043,92108.8,31581.2,104411,-30841.2,194365,1.72867e+17
20230101T000008.800000,6,1101,5185.97,-6803.97,1147.08,0,0,0,74867.1,55411,-9512.87,44402.3,12480.8,117102,2.8053e+17
20230101T000008.800000,6,1102,5518.27,-7704.26,-184.489,0,0,0,95009.2,67966.6,1628.17,48800.3,-2273.15,143691,1.83389e+17
20230101T000008.800000,6,1103,3912.89,-5413.47,-1439.21,0,0,0,48047.4,32289.3,9002.61,26714.2,-12455.1,71389.1,2.04273e+18
20230101T000008.800000,6,1104,3591.96,-3969,389.297,0,0,0,25342.6,22658.1,-2234.24,20811.8,2468.76,45848.6,5.46187e+17
20230101T000008.800000,6,1105,647.96,-242.502,104.982,0,0,0,164.432,225.085,-99.948,681.616,37.4059,767.295,9.20679e+22
20230101T000008.800000,6,1106,5794.76,-1582.66,650.384,0,0,0,4696.37,14485.7,-6023.5,53778.1,1645.13,57735.1,1.98729e+17
20230101T000008.800000,6,1107,1567.28,159.256,-117.637,0,0,0,125.49,-390.73,290.264,3931.09,29.4944,3971.15,2.17101e+17
20230101T000008.800000,6,1108,3795.09,-588.495,-153.027,0,0,0,653.107,3558.07,926.689,23046.7,-143.699,23598.6,1.45028e+17
20230101T000008.800000,6,1109,11758.4,178.337,-594.645,0,0,0,680.342,-3345.58,11184.1,221216,169.626,221267,2.24774e+17
20230101T000008.800000,6,1110,10795.8,418.258,-1129.63,0,0,0,2381.76,-7143.22,19505.8,186481,755.707,186758,1.68762e+17
20230101T000008.800000,6,1111,4602.44,355.044,-998.809,0,0,0,1849.21,-2487.41,7341.94,33901.7,566.376,34096.5,1.65248e+17
20230101T000008.800000,6,1112,3132.1,2922.95,-363.403,0,0,0,13816.7,-14510.8,1817.2,15824,1695.85,29366.3,2.46682e+17
20230101T000008.800000,6,1113,6156.27,8046.97,539.898,0,0,0,103802,-79006.9,-5315.94,60973.8,-6948.56,164245,1.78628e+17
20230101T000008.800000,6,1114,2982.25,4258.41,-549.621,0,0,0,29194.3,-20062.6,2618.73,14596.8,3739.33,43245.2,1.18883e+17
20230101T000008.800000,4,991,3348.46,2641.1,-550.204,-8.51449,4.91055,5.28278,1002.83,-1156.75,251.471,1595.08,195.204,2454.34,0
20230101T000008.800000,4,1017,664.692,-216.686,101.655,-1.82868,-9.37163,1.06698,87.4963,89.832,-67.894,574.344,12.1279,589.085,0
20230101T000008.800000,3,1026,7885.3,-7700.53,-2503.96,0,0,0,2500,0,0,2500,0,2500,0
20230101T000008.800000,3,1027,5185.97,-6803.97,1147.08,0,0,0,2500,0,0,2500,0,2500,0
20230101T000008.800000,3,1028,5518.27,-7704.26,-184.489,0,0,0,2500,0,0,2500,0,2500,0
20230101T000008.800000,3,1029,3912.89,-5413.47,-1439.21,0,0,0,2500,0,0,2500,0,2500,0
20230101T000008.800000,3,1030,3591.96,-3969,389.297,0,0,0,2500,0,0,2500,0,2500,0
20230101T000008.800000,3,1031,5794.76,-1582.66,650.384,0,0,0,2500,0,0,2500,0,2500,0
20230101T000008.800000,3,1032,1567.29,159.256,-117.637,0,0,0,2500,0,0,2500,0,2500,0
20230101T000008.800000,3,1033,3795.09,-588.495,-153.027,0,0,0,2500,0,0,2500,0,2500,0
20230101T000008.800000,3,1034,11758.4,178.337,-594.645,0,0,0,2500,0,0,2500,0,2500,0
20230101T000008.800000,3,1035,10795.8,418.258,-1129.63,0,0,0,2500,0,0,2500,0,2500,0
20230101T000008.800000,3,1036,4602.44,355.044,-998.809,0,0,0,2500,0,0,2500,0,2500,0
20230101T000008.800000,3,1037,6156.27,8046.97,539.898,0,0,0,2500,0,0,2500,0,2500,0
20230101T000008.800000,3,1038,2982.25,4258.41,-549.621,0,0,0,2500,0,0,2500,0,2500,0
20230101T000008.900000,6,1115,5879.09,-4332.66,703.835,0,0,0,30589.8,40346.5,-6615.73,55603.2,4875.54,85337.6,6.51786e+17
20230101T000008.900000,6,1116,7038.46,-4543.73,-1444.46,0,0,0,35432.9,49619.9,16257.8,80264.2,-10495.3,112298,2.30944e+17
20230101T000008.900000,6,1117,5463.1,-4755.05,-258.57,0,0,0,36274,41479.1,2258.43,47826.4,-1965.72,83929.7,1.7865e+17
20230101T000008.900000,6,1118,6458.85,-6422.18,1306.9,0,0,0,67396.7,64970.1,-13499.4,68136.6,13422.7,132739,2.13602e+17
20230101T000008.900000,6,1119,11779,-2462.93,194.827,0,0,0,9825.11,46392.5,-3670.78,221998,767.54,231699,1.12443e+17
20230101T000008.900000,6,1120,597.505,-348.767,106.041,0,0,0,254.681,298.366,-93.099,591.682,54.3424,767.309,1.07594e+21
20230101T000008.900000,6,1121,5560.81,-1867.22,-590.019,0,0,0,6135.92,16426,5243.54,49539,-1760.69,55055.2,2.07274e+17
20230101T000008.900000,6,1122,4785.69,-1178.56,242.753,0,0,0,2371.5,8987.65,-1855.73,36653.6,457.007,38867.2,1.93429e+17
20230101T000008.900000,6,1123,6057.67,-2838.11,-230.752,0,0,0,13010.1,27450.5,2234.51,58739.4,-1046.9,71600.5,1.72177e+17
20230101T000008.900000,6,1124,3051.26,846.387,-242.742,0,0,0,1292.82,-4091.41,1180.37,14907.6,327.422,16042.9,1.87912e+17
20230101T000008.900000,6,1125,2684.61,2168.74,760.918,0,0,0,8123,-8832.88,-3257.96,11921.4,-2631.92,19059.9,2.57975e+17
20230101T000008.900000,6,1126,3275.19,2228.95,786.007,0,0,0,8666.85,-11192,-4108.82,17495.4,-2796.28,25114.6,2.43456e+17
20230101T000008.900000,4,1010,6030.3,-4102.53,818.557,-15.7985,8.7931,-2.69361,860.089,1129.78,-226.834,1758.09,153.942,2494.84,0
20230101T000008.900000,3,1039,7038.46,-4543.73,-1444.46,0,0,0,2500,0,0,2500,0,2500,0
20230101T000008.900000,3,1040,5463.1,-4755.05,-258.57,0,0,0,2500,0,0,2500,0,2500,0
20230101T000008.900000,3,1041,6458.85,-6422.18,1306.9,0,0,0,2500,0,0,2500,0,2500,0
20230101T000008.900000,3,1042,11779,-2462.93,194.827,0,0,0,2500,0,0,2500,0,2500,0
20230101T000008.900000,3,1043,597.505,-348.767,106.041,0,0,0,2500,0,0,2500,0,2500,0
20230101T000008.900000,3,1044,5560.81,-1867.22,-590.019,0,0,0,2500,0,0,2500,0,2500,0
20230101T000008.900000,3,1045,4785.69,-1178.56,242.753,0,0,0,2500,0,0,2500,0,2500,0
20230101T000008.900000,3,1046,6057.67,-2838.11,-230.752,0,0,0,2500,0,0,2500,0,2500,0
20230101T000008.900000,3,1047,3051.26,846.387,-242.742,0,0,0,2500,0,0,2500,0,2500,0
20230101T000008.900000,3,1048,2684.61,2168.74,760.918,0,0,0,2500,0,0,2500,0,2500,0
20230101T000008.900000,3,1049,3275.19,2228.95,786.007,0,0,0,2500,0,0,2500,0,2500,0
20230101T000009,6,1127,524.777,-451.076,105.842,0,0,0,371.825,338.969,-81.6157,474.814,70.1534,767.64,4.7308e+22
20230101T000009,6,1128,6896.97,-6537.31,-393.455,0,0,0,68542.3,71984.6,4339.92,76256.7,-4113.6,144488,1.35109e+17
20230101T000009,6,1129,6033.96,-6725.31,-245.007,0,0,0,72439.1,64848.9,2364.22,58342.5,-2635.1,130622,1.20195e+17
20230101T000009,6,1130,7099.93,-3750.03,-1623.17,0,0,0,25844.4,40833.6,18428.1,81587.4,-9733.31,103157,2.04631e+17
20230101T000009,6,1131,9365.04,-39.505,-2111.56,0,0,0,7197.17,561.595,31626,140326,-133.409,140332,1.10136e+18
20230101T000009,6,1132,7004.29,-896.39,-307.667,0,0,0,1497.49,10018.6,3445.22,78499.7,-440.91,79781.9,1.37093e+17
20230101T000009,6,1133,5580.54,3114.72,-131.501,0,0,0,15592.2,-27771.9,1173.01,49849.7,654.7,65350.3,8.08647e+17
20230101T000009,6,1134,1103.44,1295.86,165.463,0,0,0,2731.86,-2234.92,-288.13,2010.26,-338.375,4635.51,1.44997e+17
20230101T000009,6,1135,5162.79,5567.26,-570.711,0,0,0,49861.4,-45696.6,4711.08,42961.4,5080.17,92238.5,6.48867e+17
20230101T000009,6,1136,4323.73,4359.17,-19.2331,0,0,0,30435.9,-30124.3,132.913,29943.9,134.002,60315.2,1.24774e+17
20230101T000009,4,1043,549.013,-432.123,105.893,-4.80117,-8.25312,-0.0146964,205.057,223.301,-69.2885,457.273,40.4441,585.852,0
20230101T000009,3,1050,6896.97,-6537.31,-393.455,0,0,0,2500,0,0,2500,0,2500,0
20230101T000009,3,1051,6033.96,-6725.31,-245.007,0,0,0,2500,0,0,2500,0,2500,0
20230101T000009,3,1052,7099.93,-3750.03,-1623.17,0,0,0,2500,0,0,2500,0,2500,0
20230101T000009,3,1053,9365.04,-39.505,-2111.56,0,0,0,2500,0,0,2500,0,2500,0
20230101T000009,3,1054,7004.29,-896.39,-307.667,0,0,0,2500,0,0,2500,0,2500,0
20230101T000009,3,1055,5580.54,3114.72,-131.501,0,0,0,2500,0,0,2500,0,2500,0
20230101T000009,3,1056,1103.44,1295.86,165.463,0,0,0,2500,0,0,2500,0,2500,0
20230101T000009,3,1057,5162.79,5567.26,-570.711,0,0,0,2500,0,0,2500,0,2500,0
20230101T000009,3,1058,4323.73,4359.17,-19.2331,0,0,0,2500,0,0,2500,0,2500,0
20230101T000009.100000,6,1137,3337.32,-1761.4,303.755,0,0,0,5129.23,9318.17,-1617.44,17866.4,853.663,22784.8,7.65759e+17
20230101T000009.100000,6,1138,11657.4,-4022.56,1059.14,0,0,0,27550.2,74455.4,-19749.9,217631,6814.96,243324,1.24041e+17
20230101T000009.100000,6,1139,8390.89,-272.205,829.035,0,0,0,1280.39,3616.78,-11123.9,112653,360.865,112771,1.0387e+17
20230101T000009.100000,6,1140,8514.67,-566.053,-82.1987,0,0,0,587.141,7706.65,1119.22,116000,-74.4053,116512,8.6556e+16
20230101T000009.100000,6,1141,9781.79,997.474,-741.341,0,0,0,2525.2,-15516.1,11597.8,153103,1182.66,154686,5.56362e+17
20230101T000009.100000,6,1142,1732.14,443.577,206.691,0,0,0,438.233,-1197.73,-565.754,4808.56,-144.882,5116.13,4.4753e+17
20230101T000009.100000,6,1143,6226.27,3674.74,1199.81,0,0,0,23360.4,-35572.5,-11943.7,62637.5,-7049.16,83634,2.44325e+17
20230101T000009.100000,6,1144,4685.8,2544.19,-139.53,0,0,0,10430.1,-19034.6,1044.62,35152.3,567.187,45487.4,6.02332e+17
20230101T000009.100000,6,1145,572.631,670.568,-181.842,0,0,0,767.657,-557.938,158.385,590.747,185.473,1246.72,8.57395e+22
20230101T000009.100000,6,1146,6726.08,6712.12,1121.74,0,0,0,73124.5,-71195.8,-12066.6,73420.3,-12041.6,144469,7.50289e+17
20230101T000009.100000,6,1147,2664.62,3904.39,-652.327,0,0,0,24627.2,-16299.7,2776.24,11867.7,4067.95,35752.4,1.23563e+17
20230101T000009.100000,3,1059,3337.32,-1761.4,303.755,0,0,0,2500,0,0,2500,0,2500,0
20230101T000009.100000,3,1060,11657.4,-4022.56,1059.14,0,0,0,2500,0,0,2500,0,2500,0
20230101T000009.100000,3,1061,8390.89,-272.205,829.035,0,0,0,2500,0,0,2500,0,2500,0
20230101T000009.100000,3,1062,8514.67,-566.053,-82.1987,0,0,0,2500,0,0,2500,0,2500,0
20230101T000009.100000,3,1063,9781.79,997.473,-741.341,0,0,0,2500,0,0,2500,0,2500,0
20230101T000009.100000,3,1064,1732.14,443.577,206.691,0,0,0,2500,0,0,2500,0,2500,0
20230101T000009.100000,3,1065,6226.27,3674.74,1199.81,0,0,0,2500,0,0,2500,0,2500,0
20230101T000009.100000,3,1066,4685.8,2544.19,-139.53,0,0,0,2500,0,0,2500,0,2500,0
20230101T000009.100000,3,1067,572.631,670.568,-181.842,0,0,0,2500,0,0,2500,0,2500,0
20230101T000009.100000,3,1068,6726.08,6712.12,1121.74,0,0,0,2500,0,0,2500,0,2500,0
20230101T000009.100000,3,1069,2664.62,3904.39,-652.327,0,0,0,2500,0,0,2500,0,2500,0
20230101T000009.200000,6,1148,5560.72,-7706.44,385.467,0,0,0,95126,68422.3,-3428.04,49672.9,4750.83,144497,1.76858e+17
20230101T000009.200000,6,1149,6406.67,-6430.95,-426.131,0,0,0,66348,65744.4,4366.01,65850.5,-4382.56,131844,1.62393e+17
20230101T000009.200000,6,1150,1274.95,-321.091,234.165,0,0,0,305.792,619.53,-466.964,2609.73,117.603,2767.72,2.81737e+17
20230101T000009.200000,6,1151,10375.6,-3982.25,-1426.78,0,0,0,28267.1,64998.3,23678.4,172670,-9087.99,197619,1.57989e+17
20230101T000009.200000,6,1152,7348.69,-1932.58,-326.169,0,0,0,6194.75,22665.5,3832.41,86420.3,-1007.86,92381.1,1.76038e+17
20230101T000009.200000,6,1153,4292.29,-2687.07,97.5372,0,0,0,11609.5,18418.3,-668.808,29500.3,418.689,41030.6,1.47098e+17
20230101T000009.200000,6,1154,5966.62,-1974.81,1293.57,0,0,0,8708.15,18035.8,-12337.2,57231.3,4083.33,63203.3,2.0966e+17
20230101T000009.200000,6,1155,11677,-889.515,2141.5,0,0,0,8622.88,16058.6,-39999,218208,3046.98,219433,1.38455e+17
20230101T000009.200000,6,1156,6986.71,425.538,1193.6,0,0,0,2622.74,-4614.87,-13332.3,78111.1,-812.027,78394,1.60758e+17
20230101T000009.200000,6,1157,5801.95,2219.82,-120.577,0,0,0,7960.24,-20577.7,1118.17,53871.4,427.811,61744.4,2.2471e+17
20230101T000009.200000,6,1158,5159.89,2091.58,153.746,0,0,0,7086.92,-17232.2,-1267.66,42613.4,-513.851,49598.6,1.15438e+17
20230101T000009.200000,6,1159,5285.92,1921.24,-150.045,0,0,0,5994.16,-16216.7,1267.4,44717.2,460.653,50611.4,6.55681e+17
20230101T000009.200000,6,1160,7364.26,6573.87,1376.07,0,0,0,70866.3,-75922.3,-16207.4,88143,-14467.9,155918,1.54051e+17
20230101T000009.200000,6,1161,667.422,570.812,-192.007,0,0,0,590.667,-550.249,194.891,763.446,166.68,1236.97,7.31251e+21
20230101T000009.200000,6,1162,5772.48,4213.51,988.211,0,0,0,29466.2,-38141.9,-9120.07,53879.4,-6657.02,81721.6,1.50323e+17
20230101T000009.200000,4,1051,6072.58,-6754.57,-249.788,7.42815,-5.62651,-0.9195,1441.03,1235.21,45,1172.52,-50.156,2547.47,0
20230101T000009.200000,4,1067,641.142,608.449,-188.489,6.78324,-6.15034,-0.658097,521.967,-364.758,102.05,406.31,119.503,824.461,0
20230101T000009.200000,3,1070,5560.72,-7706.44,385.467,0,0,0,2500,0,0,2500,0,2500,0
20230101T000009.200000,3,1071,1274.95,-321.091,234.165,0,0,0,2500,0,0,2500,0,2500,0
20230101T000009.200000,3,1072,10375.6,-3982.25,-1426.78,0,0,0,2500,0,0,2500,0,2500,0
20230101T000009.200000,3,1073,7348.69,-1932.58,-326.169,0,0,0,2500,0,0,2500,0,2500,0
20230101T000009.200000,3,1074,4292.29,-2687.07,97.5372,0,0,0,2500,0,0,2500,0,2500,0
20230101T000009.200000,3,1075,5966.62,-1974.81,1293.57,0,0,0,2500,0,0,2500,0,2500,0
20230101T000009.200000,3,1076,11677,-889.515,2141.5,0,0,0,2500,0,0,2500,0,2500,0
20230101T000009.200000,3,1077,6986.71,425.538,1193.6,0,0,0,2500,0,0,2500,0,2500,0
20230101T000009.200000,3,1078,5801.95,2219.82,-120.577,0,0,0,2500,0,0,2500,0,2500,0
20230101T000009.200000,3,1079,5159.89,2091.58,153.746,0,0,0,2500,0,0,2500,0,2500,0
20230101T000009.200000,3,1080,5285.92,1921.24,-150.045,0,0,0,2500,0,0,2500,0,2500,0
20230101T000009.200000,3,1081,7364.26,6573.87,1376.07,0,0,0,2500,0,0,2500,0,2500,0
20230101T000009.200000,3,1082,5772.48,4213.51,988.211,0,0,0,2500,0,0,2500,0,2500,0
20230101T000009.300000,6,1163,1883.17,-1996.91,-3.40396,0,0,0,6410.37,5984.86,10.2019,5707.99,-10.8181,12054.3,4.07351e+17
20230101T000009.300000,6,1164,9857.53,-6596.53,-1022.41,0,0,0,70821.8,103238,16121,156010,-10787.9,225097,2.11117e+17
20230101T000009.300000,6,1165,1845.35,-686.657,80.4031,0,0,0,819.604,2003.13,-234.95,5457.54,87.425,6203.01,1.92149e+17
20230101T000009.300000,6,1166,7400.35,-4693.85,-508.441,0,0,0,35592,55361.8,6017.1,87761.2,-3816.49,122876,1.75547e+17
20230101T000009.300000,6,1167,8488.02,-4387.43,308.687,0,0,0,30970,59496.6,-4190.39,115320,2166,146074,1.65424e+17
20230101T000009.300000,6,1168,11113.8,846.295,-2061.65,0,0,0,7968.92,-14529.3,36649.1,197666,2790.76,198775,1.34725e+17
20230101T000009.300000,6,1169,5807.3,657.905,-161.366,0,0,0,796.816,-6101.22,1497.6,53960.8,169.662,54652.1,1.52439e+17
20230101T000009.300000,6,1170,762.499,436.048,-190.589,0,0,0,394.076,-480.593,221.005,959.633,126.386,1237.35,1.63711e+22
20230101T000009.300000,6,1171,7484.92,5025.32,-355.658,0,0,0,40589.7,-60059.4,4257.23,89721.2,2858.27,130045,1.02851e+17
20230101T000009.300000,6,1172,6136.86,2589.85,14.0062,0,0,0,10786.3,-25406.6,-137.402,60267.3,-57.9858,70989.3,1.46597e+17
20230101T000009.300000,3,1083,1883.17,-1996.91,-3.40396,0,0,0,2500,0,0,2500,0,2500,0
20230101T000009.300000,3,1084,9857.53,-6596.53,-1022.41,0,0,0,2500,0,0,2500,0,2500,0
20230101T000009.300000,3,1085,1845.35,-686.657,80.4031,0,0,0,2500,0,0,2500,0,2500,0
20230101T000009.300000,3,1086,7400.35,-4693.85,-508.441,0,0,0,2500,0,0,2500,0,2500,0
20230101T000009.300000,3,1087,8488.02,-4387.43,308.687,0,0,0,2500,0,0,2500,0,2500,0
20230101T000009.300000,3,1088,11113.8,846.295,-2061.65,0,0,0,2500,0,0,2500,0,2500,0
20230101T000009.300000,3,1089,5807.3,657.905,-161.366,0,0,0,2500,0,0,2500,0,2500,0
20230101T000009.300000,3,1090,762.499,436.048,-190.589,0,0,0,2500,0,0,2500,0,2500,0
20230101T000009.300000,3,1091,7484.92,5025.32,-355.658,0,0,0,2500,0,0,2500,0,2500,0
20230101T000009.300000,3,1092,6136.86,2589.85,14.0062,0,0,0,2500,0,0,2500,0,2500,0
20230101T000009.400000,6,1173,1316.66,-902.411,-361.098,0,0,0,1486.32,1775.38,749.346,2859.87,-513.587,4079.8,6.95203e+17
20230101T000009.400000,6,1174,7487.42,-4691.6,-362.161,0,0,0,35414.4,56081.6,4336.42,89775.6,-2717.19,124916,1.09526e+17
20230101T000009.400000,6,1175,7116.94,-5041.38,1893.21,0,0,0,44524.3,54672.9,-21547.4,82977.9,15263.4,121709,1.46943e+17
20230101T000009.400000,6,1176,5525.33,-2265.83,401.257,0,0,0,8489.44,19918.3,-3543.36,48893.1,1453.06,57061.5,4.83893e+17
20230101T000009.400000,6,1177,10655.8,4141.1,-115.641,0,0,0,27512.2,-70574,1970.99,181685,765.975,209112,1.46762e+17
20230101T000009.400000,6,1178,829.567,292.029,-191.054,0,0,0,242.79,-350.178,241.064,1114.27,84.8608,1240.43,1.73843e+22
20230101T000009.400000,6,1179,7212.5,3057.5,-622.736,0,0,0,15537.2,-35037.7,7181.71,83336.4,3044.45,98189.9,9.0086e+17
20230101T000009.400000,6,1180,6844.01,2515.14,-1408.94,0,0,0,12974.1,-26493.5,15417.3,75330.1,5665.8,85068.6,1.76644e+17
20230101T000009.400000,4,1086,7454.58,-4727.09,-509.133,5.36899,-3.29177,-0.0685125,760.086,1087.19,117.773,1784.58,-74.7006,2466.23,0
20230101T000009.400000,4,1090,816.445,343.891,-190.974,5.34123,-9.12446,-0.0381297,278.214,-315.042,142.562,648.953,81.5266,819.299,0
20230101T000009.400000,3,1093,1316.66,-902.411,-361.098,0,0,0,2500,0,0,2500,0,2500,0
20230101T000009.400000,3,1094,7116.94,-5041.38,1893.21,0,0,0,2500,0,0,2500,0,2500,0
20230101T000009.400000,3,1095,5525.33,-2265.83,401.257,0,0,0,2500,0,0,2500,0,2500,0
20230101T000009.400000,3,1096,10655.8,4141.1,-115.641,0,0,0,2500,0,0,2500,0,2500,0
20230101T000009.400000,3,1097,7212.5,3057.5,-622.736,0,0,0,2500,0,0,2500,0,2500,0
20230101T000009.400000,3,1098,6844.01,2515.14,-1408.94,0,0,0,2500,0,0,2500,0,2500,0
20230101T000009.500000,6,1181,770.301,-1138.29,269.462,0,0,0,2128.96,1320.38,-325.335,1071.34,480.752,3024.86,1.62969e+17
20230101T000009.500000,6,1182,5742.8,-4832.34,190.643,0,0,0,37434,44341.8,-1750.48,52818.3,1472.96,90130.2,1.65338e+17
20230101T000009.500000,6,1183,873.687,138.697,-162.947,0,0,0,132.595,-177.72,216.523,1223.89,34.3726,1254.2,1.75997e+21
20230101T000009.500000,6,1184,4247.91,5748.7,153.985,0,0,0,52912.1,-39023.3,-1045.76,28937.6,-1415.23,81747.8,1.91174e+17
20230101T000009.500000,6,1185,2957.55,3777.5,732.96,0,0,0,23181.6,-17427.8,-3462.53,14567,-4422.48,36828,2.23793e+17
20230101T000009.500000,3,1099,770.301,-1138.29,269.462,0,0,0,2500,0,0,2500,0,2500,0
20230101T000009.500000,3,1100,5742.8,-4832.34,190.643,0,0,0,2500,0,0,2500,0,2500,0
20230101T000009.500000,3,1101,873.687,138.697,-162.947,0,0,0,2500,0,0,2500,0,2500,0
20230101T000009.500000,3,1102,4247.91,5748.7,153.985,0,0,0,2500,0,0,2500,0,2500,0
20230101T000009.500000,3,1103,2957.55,3777.5,732.96,0,0,0,2500,0,0,2500,0,2500,0
20230101T000009.600000,6,1186,1732.47,-1245.07,3.78101,0,0,0,2522.54,3420.94,-10.3887,4824.13,7.46601,7282.65,1.13573e+17
20230101T000009.600000,6,1187,1335.58,-1701.2,-117.663,0,0,0,4663.32,3593.6,249.293,2907.24,-317.538,7484.78,1.15685e+17
20230101T000009.600000,6,1188,1947.8,-2210.39,-450.179,0,0,0,7986.37,6696.77,1396.66,6288.02,-1584.94,13889.1,1.41682e+17
20230101T000009.600000,6,1189,2927.71,-2960.78,1004.09,0,0,0,14853.4,13032.5,-4693.26,14560.6,4746.27,27743.9,3.05515e+17
20230101T000009.600000,6,1190,8147.96,-6273.44,-1488.73,0,0,0,65235.3,80040.8,19401,107566,-14937.6,169194,1.5859e+17
20230101T000009.600000,6,1191,5921.84,-6453.03,245.91,0,0,0,66700,61062,-2328.77,56196.3,2537.66,122736,1.46228e+17
20230101T000009.600000,6,1192,7520.96,-6293.44,-1038.72,0,0,0,64424.4,74851.5,12494.3,91240.7,-10455.1,153876,6.2068e+17
20230101T000009.600000,6,1193,3876.77,-2530.34,644.218,0,0,0,10753.9,15362.6,-3988.67,24264.1,2603.37,34292.4,1.99378e+17
20230101T000009.600000,6,1194,6092.31,-3614.91,70.8287,0,0,0,20961.3,35205.4,-689.866,59404.7,409.336,80294,3.34801e+17
20230101T000009.600000,6,1195,5217.97,-1681.72,-258.744,0,0,0,4679.96,13990.3,2157.32,43579.6,-695.29,48088.7,1.82388e+17
20230101T000009.600000,6,1196,2223.06,147.272,120.248,0,0,0,121.272,-518.099,-424.275,7907.61,-28.1071,7942.12,1.70699e+17
20230101T000009.600000,6,1197,882.682,-15.3205,-173.046,0,0,0,109.886,19.7363,232.312,1246.64,-4.03219,1249.35,1.86524e+22
20230101T000009.600000,6,1198,8347.23,59.6046,348.46,0,0,0,263.839,-794.21,-4651.21,111482,-33.2127,111488,1.37534e+17
20230101T000009.600000,6,1199,8016.4,-203.2,649.991,0,0,0,805.153,2587.55,-8331.79,102821,211.194,102887,2.91571e+17
20230101T000009.600000,6,1200,2612.01,1027.15,657.171,0,0,0,2339.07,-4036.68,-2733.24,11016.8,-1074.82,12607.5,1.96003e+17
20230101T000009.600000,6,1201,10918.7,4971.35,365.137,0,0,0,39772.5,-86744.8,-6377.17,190798,-2903.55,230293,8.28681e+16
20230101T000009.600000,6,1202,11138.7,4642.43,-111.167,0,0,0,34554.8,-82707.1,1980.65,198525,825.506,232996,1.57728e+17
20230101T000009.600000,6,1203,8493.94,3449.59,1987.82,0,0,0,24519,-44655.5,-27002.8,116339,-10966.5,134478,2.55541e+17
20230101T000009.600000,6,1204,2439.8,2502.59,211.792,0,0,0,10086.8,-9701.55,-824.071,9593.67,-845.28,19545.1,1.70893e+17
20230101T000009.600000,6,1205,1046.78,970.192,-252.772,0,0,0,1594.41,-1543.02,415.295,1829.11,384.91,3261.18,1.82743e+17
20230101T000009.600000,6,1206,112.278,117.279,12.7564,0,0,0,52.55,10.835,1.16438,53.4948,1.21625,42.5697,1.98299e+17
20230101T000009.600000,6,1207,4525.77,5693.26,581.039,0,0,0,52095,-40932.1,-4204.28,33142.1,-5288.84,84633.7,1.99589e+17
20230101T000009.600000,6,1208,5193.83,6526.57,-2220.83,0,0,0,71236.8,-50362.6,18445.5,48029.5,23178.6,111319,2.15398e+17
20230101T000009.600000,6,1209,3828.76,4457.13,-712.124,0,0,0,32156.9,-26872.2,4357.5,23958.2,5072.65,55241.6,9.38266e+17
20230101T000009.600000,4,1101,888.779,36.4318,-169.635,1.49434,-10.1252,-0.662207,106.855,-115.915,139.597,818.632,22.1609,829.772,0
20230101T000009.600000,3,1104,1732.47,-1245.07,3.78101,0,0,0,2500,0,0,2500,0,2500,0
20230101T000009.600000,3,1105,1335.58,-1701.2,-117.663,0,0,0,2500,0,0,2500,0,2500,0
20230101T000009.600000,3,1106,1947.8,-2210.39,-450.179,0,0,0,2500,0,0,2500,0,2500,0
20230101T000009.600000,3,1107,2927.71,-2960.78,1004.09,0,0,0,2500,0,0,2500,0,2500,0
20230101T000009.600000,3,1108,8147.96,-6273.44,-1488.73,0,0,0,2500,0,0,2500,0,2500,0
20230101T000009.600000,3,1109,5921.84,-6453.03,245.91,0,0,0,2500,0,0,2500,0,2500,0
20230101T000009.600000,3,1110,7520.96,-6293.44,-1038.72,0,0,0,2500,0,0,2500,0,2500,0
20230101T000009.600000,3,1111,3876.77,-2530.34,644.218,0,0,0,2500,0,0,2500,0,2500,0
20230101T000009.600000,3,1112,6092.31,-3614.91,70.8287,0,0,0,2500,0,0,2500,0,2500,0
20230101T000009.600000,3,1113,5217.97,-1681.72,-258.744,0,0,0,2500,0,0,2500,0,2500,0
20230101T000009.600000,3,1114,2223.06,147.272,120.248,0,0,0,2500,0,0,2500,0,2500,0
20230101T000009.600000,3,1115,8347.23,59.6046,348.46,0,0,0,2500,0,0,2500,0,2500,0
20230101T000009.600000,3,1116,8016.4,-203.2,649.991,0,0,0,2500,0,0,2500,0,2500,0
20230101T000009.600000,3,1117,2612.01,1027.15,657.171,0,0,0,2500,0,0,2500,0,2500,0
20230101T000009.600000,3,1118,10918.7,4971.35,365.137,0,0,0,2500,0,0,2500,0,2500,0
20230101T000009.600000,3,1119,11138.7,4642.43,-111.167,0,0,0,2500,0,0,2500,0,2500,0
20230101T000009.600000,3,1120,8493.94,3449.59,1987.82,0,0,0,2500,0,0,2500,0,2500,0
20230101T000009.600000,3,1121,2439.8,2502.59,211.792,0,0,0,2500,0,0,2500,0,2500,0
20230101T000009.600000,3,1122,1046.78,970.192,-252.772,0,0,0,2500,0,0,2500,0,2500,0
20230101T000009.600000,3,1123,112.278,117.279,12.7564,0,0,0,2500,0,0,2500,0,2500,0
20230101T000009.600000,3,1124,4525.77,5693.26,581.039,0,0,0,2500,0,0,2500,0,2500,0
20230101T000009.600000,3,1125,5193.83,6526.57,-2220.83,0,0,0,2500,0,0,2500,0,2500,0
20230101T000009.600000,3,1126,3828.76,4457.13,-712.124,0,0,0,2500,0,0,2500,0,2500,0
20230101T000009.700000,6,1210,8475.95,-6871.68,39.96,0,0,0,75592.1,93157.8,-541.735,114973,439.2,190499,1.20455e+17
20230101T000009.700000,6,1211,5895.19,-6056.41,-1234.82,0,0,0,59905.6,55875.2,11640.8,56890.1,-11959.2,114295,7.32202e+17
20230101T000009.700000,6,1212,861.06,-191.29,-176.863,0,0,0,164.874,239.918,231.62,1191.53,-51.4558,1247.3,2.5296e+21
20230101T000009.700000,6,1213,100.854,-49.9397,18.1898,0,0,0,54.5048,-16.9544,6.09872,28.6602,-3.01988,21.8943,2.15111e+17
20230101T000009.700000,6,1214,10111.7,807.515,-1020.24,0,0,0,2761.17,-12927.3,16499.8,163604,1317.67,164637,1.33612e+17
20230101T000009.700000,6,1215,866.393,-147.526,-188.152,0,0,0,149.339,185.005,247.906,1204.34,-42.2125,1238.65,2.44342e+21
20230101T000009.700000,3,1127,8475.95,-6871.68,39.96,0,0,0,2500,0,0,2500,0,2500,0
20230101T000009.700000,3,1128,5895.19,-6056.41,-1234.82,0,0,0,2500,0,0,2500,0,2500,0
20230101T000009.700000,3,1129,861.06,-191.29,-176.863,0,0,0,2500,0,0,2500,0,2500,0
20230101T000009.700000,3,1130,100.854,-49.9397,18.1898,0,0,0,2500,0,0,2500,0,2500,0
20230101T000009.700000,3,1131,10111.7,807.515,-1020.24,0,0,0,2500,0,0,2500,0,2500,0
20230101T000009.700000,3,1132,866.393,-147.526,-188.152,0,0,0,2500,0,0,2500,0,2500,0
20230101T000009.800000,6,1216,1297.85,-916.634,273.689,0,0,0,1465.78,1817.69,-559.587,2755.65,395.219,4041.27,1.09801e+17
20230101T000009.800000,6,1217,8590.7,-7831.53,-916.799,0,0,0,98901.7,106944,12597.8,118719,-11484.5,216213,1.86922e+17
20230101T000009.800000,6,1218,7080.53,-6351.32,-1934.44,0,0,0,67894.6,68946.5,21905.7,82911.1,-19649.6,144760,1.74482e+17
20230101T000009.800000,6,1219,3946.81,-5231.79,356.865,0,0,0,43891.7,32909.6,-2251.47,25094.2,2984.5,68718.5,1.86018e+17
20230101T000009.800000,6,1220,10747.4,-4335.25,-1293.13,0,0,0,32426.5,73598.3,22229.9,185194,-8967.03,214883,1.95035e+17
20230101T000009.800000,6,1221,825.549,-314.839,-168.565,0,0,0,252.199,380.167,211.646,1104.06,-80.7152,1251.29,9.5968e+21
20230101T000009.800000,6,1222,11677.5,-862.168,625.113,0,0,0,1874.64,16058.1,-11676.2,218184,862.073,219370,1.58389e+17
20230101T000009.800000,6,1223,7295.5,1009.06,-1371.45,0,0,0,4642.74,-11361.8,15997.3,85216.5,2212.63,86790.2,1.35319e+17
20230101T000009.800000,6,1224,3013.68,1096.77,-91.0785,0,0,0,1992.82,-5263.66,437.463,14540.6,159.206,16456.3,3.59011e+17
20230101T000009.800000,6,1225,9555.25,4400.33,142.958,0,0,0,31060.5,-67237.3,-2184.81,146101,-1006.14,177065,1.24096e+17
20230101T000009.800000,6,1226,3530.31,5262.29,627.961,0,0,0,44522.2,-29402.8,-3543.54,20419.8,-5282.01,64248.3,2.74129e+17
20230101T000009.800000,6,1227,3277.77,4481.93,-437.404,0,0,0,32269.1,-23329,2290.97,17430.9,3132.62,49330.7,1.52932e+17
20230101T000009.800000,4,1129,843.339,-275.552,-171.374,-1.75458,-8.34284,0.543438,127.925,156.809,149.32,798.939,-33.1723,825.263,0
20230101T000009.800000,3,1133,1297.85,-916.635,273.689,0,0,0,2500,0,0,2500,0,2500,0
20230101T000009.800000,3,1134,8590.7,-7831.53,-916.799,0,0,0,2500,0,0,2500,0,2500,0
20230101T000009.800000,3,1135,7080.53,-6351.32,-1934.44,0,0,0,2500,0,0,2500,0,2500,0
20230101T000009.800000,3,1136,3946.81,-5231.79,356.865,0,0,0,2500,0,0,2500,0,2500,0
20230101T000009.800000,3,1137,10747.4,-4335.25,-1293.13,0,0,0,2500,0,0,2500,0,2500,0
20230101T000009.800000,3,1138,11677.5,-862.168,625.113,0,0,0,2500,0,0,2500,0,2500,0
20230101T000009.800000,3,1139,7295.5,1009.06,-1371.45,0,0,0,2500,0,0,2500,0,2500,0
20230101T000009.800000,3,1140,3013.68,1096.77,-91.0785,0,0,0,2500,0,0,2500,0,2500,0
20230101T000009.800000,3,1141,9555.25,4400.33,142.958,0,0,0,2500,0,0,2500,0,2500,0
20230101T000009.800000,3,1142,3530.31,5262.29,627.961,0,0,0,2500,0,0,2500,0,2500,0
20230101T000009.800000,3,1143,3277.77,4481.93,-437.404,0,0,0,2500,0,0,2500,0,2500,0
20230101T000009.900000,6,1228,751.637,-473.646,-151.045,0,0,0,429.595,525.094,172.703,931.987,-108.829,1264.67,3.87079e+20
20230101T000009.900000,6,1229,3505.93,-1145.67,740.943,0,0,0,2949.33,6149.12,-4144.57,19757.2,1354.37,21769.1,1.32017e+17
20230101T000009.900000,6,1230,11023.2,-4314.71,236.064,0,0,0,29919.6,76047.1,-4162.31,194438,1629.21,224205,2.6229e+17
20230101T000009.900000,6,1231,763.155,-443.67,-178.93,0,0,0,399.18,492.773,207.71,960.317,-120.755,1249.32,4.13335e+20
20230101T000009.900000,6,1232,7897.89,-4877.01,111.598,0,0,0,38117.2,61591.5,-1409.57,99825.8,870.422,137859,2.42762e+17
20230101T000009.900000,6,1233,2438.28,475.136,-448.627,0,0,0,731.163,-1781.53,1739.22,9526.39,338.913,9875.57,1.77269e+17
20230101T000009.900000,6,1234,4623.29,565.817,7.42222,0,0,0,575.38,-4177.77,-54.8029,34200.7,-6.70699,34712,1.50596e+17
20230101T000009.900000,6,1235,1866.73,-229.774,435.735,0,0,0,443.557,642.081,-1287.47,5580.91,158.474,5663.2,9.93937e+17
20230101T000009.900000,6,1236,7647.31,742.952,-237.605,0,0,0,1035.99,-9075.69,2905.29,93571.6,282.255,94453.3,1.36403e+17
20230101T000009.900000,6,1237,5021.58,-596.836,-863.327,0,0,0,1807.18,4648.24,6925.88,40363.5,-823.17,40917.7,1.449e+17
20230101T000009.900000,6,1238,2160.63,911.749,-17.0924,0,0,0,1384.78,-3128.82,58.6586,7479.03,24.753,8799.34,2.12188e+17
20230101T000009.900000,6,1239,327.038,70.8452,-70.6762,0,0,0,74.1851,-22.7397,24.3352,174.231,5.27166,181.89,2.24553e+17
20230101T000009.900000,6,1240,7904.04,2281.6,-308.223,0,0,0,8528.42,-28796.6,3895.64,99974.8,1124.52,108287,5.38833e+17
20230101T000009.900000,6,1241,8917.15,5174.6,-1532.18,0,0,0,45699.1,-72170.5,21852.2,128187,12680.8,170069,2.1148e+17
20230101T000009.900000,6,1242,7663.28,7948.52,-1478.56,0,0,0,102802,-95679.7,18123.2,95806.8,18797.7,195049,1.81996e+17
20230101T000009.900000,6,1243,5623.02,6660.33,-471.273,0,0,0,71150.5,-59715.3,4237.74,50834.1,5019.5,121566,1.37829e+17
20230101T000009.900000,3,1144,751.637,-473.646,-151.045,0,0,0,2500,0,0,2500,0,2500,0
20230101T000009.900000,3,1145,3505.93,-1145.67,740.943,0,0,0,2500,0,0,2500,0,2500,0
20230101T000009.900000,3,1146,11023.2,-4314.71,236.064,0,0,0,2500,0,0,2500,0,2500,0
20230101T000009.900000,3,1147,763.155,-443.67,-178.93,0,0,0,2500,0,0,2500,0,2500,0
20230101T000009.900000,3,1148,7897.89,-4877.01,111.598,0,0,0,2500,0,0,2500,0,2500,0
20230101T000009.900000,3,1149,2438.28,475.136,-448.627,0,0,0,2500,0,0,2500,0,2500,0
20230101T000009.900000,3,1150,4623.29,565.817,7.42222,0,0,0,2500,0,0,2500,0,2500,0
20230101T000009.900000,3,1151,1866.73,-229.774,435.735,0,0,0,2500,0,0,2500,0,2500,0
20230101T000009.900000,3,1152,7647.31,742.953,-237.605,0,0,0,2500,0,0,2500,0,2500,0
20230101T000009.900000,3,1153,5021.58,-596.836,-863.327,0,0,0,2500,0,0,2500,0,2500,0
20230101T000009.900000,3,1154,2160.63,911.749,-17.0924,0,0,0,2500,0,0,2500,0,2500,0
20230101T000009.900000,3,1155,327.038,70.8452,-70.6762,0,0,0,2500,0,0,2500,0,2500,0
20230101T000009.900000,3,1156,7904.04,2281.6,-308.223,0,0,0,2500,0,0,2500,0,2500,0
20230101T000009.900000,3,1157,8917.15,5174.6,-1532.18,0,0,0,2500,0,0,2500,0,2500,0
20230101T000009.900000,3,1158,7663.28,7948.52,-1478.56,0,0,0,2500,0,0,2500,0,2500,0
20230101T000009.900000,3,1159,5623.02,6660.33,-471.273,0,0,0,2500,0,0,2500,0,2500,0
20230101T000010,6,1244,2836.45,-1834.47,-418.245,0,0,0,5626.25,8169.05,1891.57,12973.8,-1223.38,18258.1,1.72351e+17
20230101T000010,6,1245,135.054,-116.925,-13.5005,0,0,0,58.4141,-6.36898,-0.718715,56.5717,0.622241,51.4211,1.7637e+17
20230101T000010,6,1246,699.779,-539.441,-163.067,0,0,0,531.103,553.484,173.531,822.433,-133.77,1251.21,6.53819e+19
20230101T000010,6,1247,5570.48,-5941.81,-488.292,0,0,0,56696.5,52735.9,4349.42,49885.4,-4639.36,106137,1.85553e+17
20230101T000010,6,1248,7992.68,-5592.78,567.326,0,0,0,50435.2,71250.2,-7252.09,102403,5074.56,152260,1.75132e+17
20230101T000010,6,1249,3643.34,-5121.67,-115.493,0,0,0,41999,29815.6,672.565,21294.9,-945.468,63208.6,1.07855e+17
20230101T000010,6,1250,5405.6,-2773.46,-432.708,0,0,0,12594.9,23840,3738.43,46828.5,-1918.08,59060.4,1.50909e+17
20230101T000010,6,1251,8825.25,-3700.4,1235.96,0,0,0,24040.9,51357,-17444.8,124991,7314.53,146526,5.78777e+17
20230101T000010,6,1252,12154.3,-53.3612,522.121,0,0,0,504.604,1035.51,-10150.9,236364,44.5655,236368,3.56068e+17
20230101T000010,6,1253,7793.21,-1448.83,268.335,0,0,0,3531.7,18033.4,-3343.77,97180.5,621.636,100533,1.54492e+17
20230101T000010,6,1254,5596.91,-534.926,-713.644,0,0,0,1327.73,4707.15,6382.77,50128.6,-610.035,50579.5,1.7844e+17
20230101T000010,6,1255,3782.84,2076.97,-48.1176,0,0,0,6954.1,-12542.4,290.609,22911.5,159.559,29797.9,1.02376e+17
20230101T000010,6,1256,7202.72,4548.74,-1667.24,0,0,0,36329.2,-50385.5,19203.7,84292.2,12127.8,116115,2.7816e+17
20230101T000010,6,1257,623.075,366.216,-121.495,0,0,0,278.396,-327.581,112.101,643.202,65.8878,837.498,1.77913e+17
20230101T000010,6,1258,4553.76,2068.54,798.768,0,0,0,7744.16,-14663.5,-5810.76,33364.1,-2639.54,40026.6,1.11625e+17
20230101T000010,6,1259,1987.08,1681.33,120.936,0,0,0,4573.82,-5302.46,-382.23,6354,-323.416,10840.7,1.45574e+17
20230101T000010,6,1260,1176.91,1031.22,216.928,0,0,0,1779.58,-1873.4,-401.939,2276.14,-352.185,3918.84,1.23196e+17
20230101T000010,6,1261,5308.92,5696.03,1115.05,0,0,0,52865.6,-47360.1,-9465.42,46193.5,-10155.6,97008.3,2.37628e+18
20230101T000010,6,1262,4417.76,4919.07,321.822,0,0,0,38818.1,-34655.9,-2272.7,31353.7,-2530.59,69942.3,5.8014e+17
20230101T000010,4,1130,148.394,-105.118,2.02328,13.0844,-15.1868,-4.44953,53.3227,-16.4432,5.91365,28.2575,-2.92824,21.7034,0
20230101T000010,4,1144,718.447,-518.833,-158.875,-3.28609,-4.47398,-0.775292,299.945,341.473,111.206,626.654,-70.0767,835.552,0
20230101T000010,3,1160,2836.45,-1834.47,-418.245,0,0,0,2500,0,0,2500,0,2500,0
20230101T000010,3,1161,5570.48,-5941.81,-488.292,0,0,0,2500,0,0,2500,0,2500,0
20230101T000010,3,1162,7992.68,-5592.78,567.326,0,0,0,2500,0,0,2500,0,2500,0
20230101T000010,3,1163,3643.34,-5121.67,-115.493,0,0,0,2500,0,0,2500,0,2500,0
20230101T000010,3,1164,5405.6,-2773.46,-432.708,0,0,0,2500,0,0,2500,0,2500,0
20230101T000010,3,1165,8825.25,-3700.4,1235.96,0,0,0,2500,0,0,2500,0,2500,0
20230101T000010,3,1166,12154.3,-53.3612,522.121,0,0,0,2500,0,0,2500,0,2500,0
20230101T000010,3,1167,7793.21,-1448.83,268.335,0,0,0,2500,0,0,2500,0,2500,0
20230101T000010,3,1168,5596.91,-534.926,-713.644,0,0,0,2500,0,0,2500,0,2500,0
20230101T000010,3,1169,3782.84,2076.97,-48.1176,0,0,0,2500,0,0,2500,0,2500,0
20230101T000010,3,1170,7202.72,4548.74,-1667.24,0,0,0,2500,0,0,2500,0,2500,0
20230101T000010,3,1171,623.075,366.216,-121.495,0,0,0,2500,0,0,2500,0,2500,0
20230101T000010,3,1172,4553.76,2068.54,798.768,0,0,0,2500,0,0,2500,0,2500,0
20230101T000010,3,1173,1987.08,1681.33,120.936,0,0,0,2500,0,0,2500,0,2500,0
20230101T000010,3,1174,1176.91,1031.22,216.928,0,0,0,2500,0,0,2500,0,2500,0
20230101T000010,3,1175,5308.92,5696.03,1115.05,0,0,0,2500,0,0,2500,0,2500,0
20230101T000010,3,1176,4417.76,4919.07,321.822,0,0,0,2500,0,0,2500,0,2500,0
20230101T000010.100000,6,1263,2364.86,-553.255,-556.938,0,0,0,1017.93,1969.83,2093.76,8977.04,-489.83,9441.08,2.41305e+17
20230101T000010.100000,6,1264,11073,-4152.98,842.659,0,0,0,28647.4,73183.2,-14925,196327,5597.68,223775,2.69289e+17
20230101T000010.100000,6,1265,7058.66,-1860.68,-813.614,0,0,0,6588.86,20737.6,9182.02,79792.3,-2420.41,85259.6,1.45753e+17
20230101T000010.100000,6,1266,5716.92,-1404.2,-319.879,0,0,0,3369.41,12791.6,2922.58,52306,-717.848,55448.1,1.3316e+17
20230101T000010.100000,6,1267,2227.53,393.581,88.1734,0,0,0,321.881,-1389.66,-311.801,7941.34,-55.092,8186.98,1.43249e+17
20230101T000010.100000,6,1268,10280.4,953.21,-1650.83,0,0,0,5838.88,-15272.4,27143.9,169135,2516.83,170553,1.66762e+17
20230101T000010.100000,6,1269,5100.77,-252.739,990.626,0,0,0,1730.03,1982,-8072.78,41632.6,400,41733.1,1.09412e+18
20230101T000010.100000,6,1270,7069.88,450.816,-48.1551,0,0,0,392.609,-5095.25,544.287,79973.5,34.7068,80298.4,2.61114e+17
20230101T000010.100000,6,1271,10340.4,6773.29,1097.65,0,0,0,74797.2,-111149,-18155.6,171676,-11892.5,244483,1.65847e+17
20230101T000010.100000,6,1272,8324.21,7930.21,145.143,0,0,0,100672,-105572,-1932.54,110915,-1841.07,211489,2.19642e+17
20230101T000010.100000,6,1273,8720.93,7003.74,-1082.01,0,0,0,79661,-96781,15093,122447,12121.1,200172,2.60463e+17
20230101T000010.100000,6,1274,577.254,689.925,-23.6297,0,0,0,788.298,-605.303,20.7464,571.301,24.7958,1294.79,1.59541e+23
20230101T000010.100000,6,1275,6838.72,5134.77,817.383,0,0,0,42909.6,-55640.7,-8938.92,75237.2,-6711.68,117015,7.29223e+17
20230101T000010.100000,4,1146,11038.6,-4318.65,243.325,2.95665,-0.757348,1.3964,396.493,850.832,-46.5505,2237.16,18.2208,2569.21,0
20230101T000010.100000,3,1177,2364.86,-553.255,-556.938,0,0,0,2500,0,0,2500,0,2500,0
20230101T000010.100000,3,1178,7058.66,-1860.68,-813.614,0,0,0,2500,0,0,2500,0,2500,0
20230101T000010.100000,3,1179,5716.92,-1404.2,-319.879,0,0,0,2500,0,0,2500,0,2500,0
20230101T000010.100000,3,1180,2227.53,393.581,88.1734,0,0,0,2500,0,0,2500,0,2500,0
20230101T000010.100000,3,1181,10280.4,953.21,-1650.83,0,0,0,2500,0,0,2500,0,2500,0
20230101T000010.100000,3,1182,5100.77,-252.739,990.626,0,0,0,2500,0,0,2500,0,2500,0
20230101T000010.100000,3,1183,7069.88,450.816,-48.1551,0,0,0,2500,0,0,2500,0,2500,0
20230101T000010.100000,3,1184,10340.4,6773.28,1097.65,0,0,0,2500,0,0,2500,0,2500,0
20230101T000010.100000,3,1185,8324.21,7930.21,145.143,0,0,0,2500,0,0,2500,0,2500,0
20230101T000010.100000,3,1186,8720.93,7003.73,-1082.01,0,0,0,2500,0,0,2500,0,2500,0
20230101T000010.100000,3,1187,577.254,689.925,-23.6297,0,0,0,2500,0,0,2500,0,2500,0
20230101T000010.100000,3,1188,6838.72,5134.77,817.383,0,0,0,2500,0,0,2500,0,2500,0
20230101T000010.200000,6,1276,2445.51,-3521.66,-321.064,0,0,0,19917.8,13672.5,1253.55,9723.03,-1805.17,29412.6,1.66281e+17
20230101T000010.200000,6,1277,7174.6,-7311.67,-579.478,0,0,0,85831.6,83632.8,6649.51,82666,-6776.55,167897,1.77476e+17
20230101T000010.200000,6,1278,7890.5,-6722.89,1087.39,0,0,0,73448.4,83909.9,-13723,100438,11692.4,171932,1.32694e+17
20230101T000010.200000,6,1279,2268.88,12.5133,-224.936,0,0,0,144.577,-44.6298,810.28,8236.52,4.46883,8237.39,9.778e+16
20230101T000010.200000,6,1280,6052.76,-549.209,-402.827,0,0,0,803.319,5289.66,3896.93,58620.1,-353.596,59100.3,1.37335e+17
20230101T000010.200000,6,1281,2759.73,430.841,-566.604,0,0,0,858.449,-1814.76,2489.56,12199.5,388.663,12485.3,1.14172e+17
20230101T000010.200000,6,1282,8666.2,3387.66,-1626.43,0,0,0,22087.3,-45516.8,22541.8,120734,8811.71,138529,1.88129e+17
20230101T000010.200000,6,1283,6528.3,8186.6,146.256,0,0,0,107271,-85463.5,-1527.12,68250,-1915.04,175423,1.27461e+17
20230101T000010.200000,6,1284,678.683,589.841,-29.6925,0,0,0,593.884,-608.153,30.6494,765.094,26.6373,1293.71,6.97173e+22
20230101T000010.200000,6,1285,8034.7,5154.31,-652.473,0,0,0,43034.7,-65922.8,8384.21,103507,5378.52,145798,9.37429e+17
20230101T000010.200000,6,1286,3703.99,4308.47,152.574,0,0,0,29743.6,-25483.6,-903.095,22009.5,-1050.48,51651.9,1.36151e+17
20230101T000010.200000,4,1187,649.39,629.169,-27.6361,7.14226,-6.01549,-0.396677,529.371,-390.237,13.372,389.473,15.9821,855.722,0
20230101T000010.200000,3,1189,2445.51,-3521.66,-321.064,0,0,0,2500,0,0,2500,0,2500,0
20230101T000010.200000,3,1190,7174.6,-7311.67,-579.478,0,0,0,2500,0,0,2500,0,2500,0
20230101T000010.200000,3,1191,7890.5,-6722.89,1087.39,0,0,0,2500,0,0,2500,0,2500,0
20230101T000010.200000,3,1192,2268.88,12.5133,-224.936,0,0,0,2500,0,0,2500,0,2500,0
20230101T000010.200000,3,1193,6052.76,-549.209,-402.827,0,0,0,2500,0,0,2500,0,2500,0
20230101T000010.200000,3,1194,2759.73,430.841,-566.604,0,0,0,2500,0,0,2500,0,2500,0
20230101T000010.200000,3,1195,8666.2,3387.66,-1626.43,0,0,0,2500,0,0,2500,0,2500,0
20230101T000010.200000,3,1196,6528.3,8186.6,146.256,0,0,0,2500,0,0,2500,0,2500,0
20230101T000010.200000,3,1197,8034.7,5154.31,-652.473,0,0,0,2500,0,0,2500,0,2500,0
20230101T000010.200000,3,1198,3703.99,4308.47,152.574,0,0,0,2500,0,0,2500,0,2500,0
20230101T000010.300000,6,1287,2354.39,-3220.29,892.495,0,0,0,17057.6,11494.7,-3354,9739.27,4587.54,25464.5,1.80119e+17
20230101T000010.300000,6,1288,1386.33,-617.878,342.691,0,0,0,818.401,1278.02,-747.573,3116.28,333.189,3688.99,9.07255e+17
20230101T000010.300000,6,1289,4052.37,-2073.92,-381.929,0,0,0,7117.12,13326.4,2471.6,26336.3,-1264.92,33156.9,4.98884e+17
20230101T000010.300000,6,1290,9003.14,-3916.24,606.54,0,0,0,25087.6,56174.9,-8733.61,129794,3798.99,154230,1.10922e+17
20230101T000010.300000,6,1291,7420.81,4174.13,-1998.34,0,0,0,32777.2,-46804.6,23714.5,89659.7,13339.2,115990,2.07592e+17
20230101T000010.300000,6,1292,777.953,450.947,-33.6413,0,0,0,374.558,-532.79,39.8055,984.865,23.0736,1293.79,1.03411e+23
20230101T000010.300000,6,1293,1915.9,2640.34,-536.596,0,0,0,11334.7,-7845.19,1638.88,6215.66,2258.58,17029,2.71917e+17
20230101T000010.300000,6,1294,8810.74,7903.12,1281.39,0,0,0,101426,-110074,-18058.8,125406,-16198.5,224142,1.87029e+17
20230101T000010.300000,4,1170,7259.68,4572.96,-1686.49,15.6778,6.66437,-5.29591,872.461,-1130.48,414.725,1948.58,261.912,2568.77,0
20230101T000010.300000,3,1199,2354.39,-3220.29,892.495,0,0,0,2500,0,0,2500,0,2500,0
20230101T000010.300000,3,1200,1386.33,-617.878,342.691,0,0,0,2500,0,0,2500,0,2500,0
20230101T000010.300000,3,1201,4052.37,-2073.92,-381.929,0,0,0,2500,0,0,2500,0,2500,0
20230101T000010.300000,3,1202,9003.14,-3916.24,606.54,0,0,0,2500,0,0,2500,0,2500,0
20230101T000010.300000,3,1203,777.953,450.947,-33.6413,0,0,0,2500,0,0,2500,0,2500,0
20230101T000010.300000,3,1204,1915.9,2640.34,-536.596,0,0,0,2500,0,0,2500,0,2500,0
20230101T000010.300000,3,1205,8810.74,7903.12,1281.39,0,0,0,2500,0,0,2500,0,2500,0
20230101T000010.400000,6,1295,1342.25,-1678.32,-54.8684,0,0,0,4533.66,3570.83,116.816,2924.58,-146.064,7389.51,1.18909e+17
20230101T000010.400000,6,1296,203.026,-304.309,20.7531,0,0,0,168.028,69.0818,-4.7329,110.573,7.09399,214.323,8.72049e+17
20230101T000010.400000,6,1297,4794.15,-3902.96,830.555,0,0,0,25074.6,29367.1,-6364.34,37239.2,5181.27,61148.3,1.42262e+17
20230101T000010.400000,6,1298,5748.95,-7323.81,302.513,0,0,0,85901.2,67264.6,-2781.33,53010.9,3543.24,138702,1.84679e+17
20230101T000010.400000,6,1299,9837.47,-4398.29,1770.42,0,0,0,35183.4,67337,-27856.9,155687,12454.7,185795,6.06603e+17
20230101T000010.400000,6,1300,8458.35,-1847.77,330.99,0,0,0,5691.09,24956.6,-4477.02,114481,978.027,119933,1.87256e+17
20230101T000010.400000,6,1301,4755.78,-957.278,-141.281,0,0,0,1558.36,7265.62,1073.22,36191.7,-216.026,37654.2,2.35741e+17
20230101T000010.400000,6,1302,4103.8,575.182,-458.593,0,0,0,921.352,-3721.75,3004.23,26953.6,421.068,27476,2.05377e+17
20230101T000010.400000,6,1303,11449,-649.365,-1208.08,0,0,0,3065.41,11759.7,22123.3,209734,-1254.8,210402,1.09864e+18
20230101T000010.400000,6,1304,11729,2980.27,1075.08,0,0,0,16007.9,-55472.2,-20169.8,220226,-5125.04,234322,1.74279e+17
20230101T000010.400000,6,1305,9973.35,3565.44,2099.59,0,0,0,26648.3,-54639.7,-33492.4,159955,-11973.4,179491,1.41969e+17
20230101T000010.400000,6,1306,842.08,316.136,-26.466,0,0,0,216.935,-404.529,33.8969,1142.6,12.7256,1294.52,1.3042e+23
20230101T000010.400000,6,1307,1942.1,1849.67,-167.138,0,0,0,5530.94,-5693.44,516.48,6086.37,491.901,11509.1,1.27754e+17
20230101T000010.400000,6,1308,2647.5,1627.51,1028.42,0,0,0,5508.07,-6113.43,-4340.12,11694.7,-2668.03,15459.2,1.89504e+17
20230101T000010.400000,6,1309,7092.96,4623.25,-186.104,0,0,0,34282.8,-52413.4,2110.87,80531.7,1375.88,114695,2.5181e+17
20230101T000010.400000,4,1203,827.68,365.562,-28.9002,4.92357,-8.45401,0.469419,262.688,-343.583,25.6574,656.26,14.8725,855.103,0
20230101T000010.400000,3,1206,1342.25,-1678.32,-54.8684,0,0,0,2500,0,0,2500,0,2500,0
20230101T000010.400000,3,1207,203.026,-304.309,20.7531,0,0,0,2500,0,0,2500,0,2500,0
20230101T000010.400000,3,1208,4794.15,-3902.96,830.555,0,0,0,2500,0,0,2500,0,2500,0
20230101T000010.400000,3,1209,5748.95,-7323.81,302.513,0,0,0,2500,0,0,2500,0,2500,0
20230101T000010.400000,3,1210,9837.47,-4398.29,1770.42,0,0,0,2500,0,0,2500,0,2500,0
20230101T000010.400000,3,1211,8458.35,-1847.77,330.99,0,0,0,2500,0,0,2500,0,2500,0
20230101T000010.400000,3,1212,4755.78,-957.278,-141.281,0,0,0,2500,0,0,2500,0,2500,0
20230101T000010.400000,3,1213,4103.8,575.182,-458.593,0,0,0,2500,0,0,2500,0,2500,0
20230101T000010.400000,3,1214,11449,-649.365,-1208.08,0,0,0,2500,0,0,2500,0,2500,0
20230101T000010.400000,3,1215,11729,2980.27,1075.08,0,0,0,2500,0,0,2500,0,2500,0
20230101T000010.400000,3,1216,9973.35,3565.44,2099.59,0,0,0,2500,0,0,2500,0,2500,0
20230101T000010.400000,3,1217,1942.1,1849.67,-167.138,0,0,0,2500,0,0,2500,0,2500,0
20230101T000010.400000,3,1218,2647.5,1627.51,1028.42,0,0,0,2500,0,0,2500,0,2500,0
20230101T000010.400000,3,1219,7092.96,4623.25,-186.104,0,0,0,2500,0,0,2500,0,2500,0
20230101T000010.500000,6,1310,105.096,-99.4401,-23.462,0,0,0,49.1892,-14.8509,-3.40021,47.5453,3.21722,35.1334,1.42895e+17
20230101T000010.500000,6,1311,4493.08,-6094.94,1415.76,0,0,0,60588.1,42254.8,-10170.9,34418.4,13797,91739.8,2.36219e+17
20230101T000010.500000,6,1312,7776.49,-5979.99,1284.66,0,0,0,58915.3,73098.9,-15977.7,97762.6,12286.6,153976,7.08935e+17
20230101T000010.500000,6,1313,4000.95,-4629.44,-605.794,0,0,0,34568.9,29313.6,3873.9,25984.6,-4482.44,59903.6,1.03381e+18
20230101T000010.500000,6,1314,3628.86,-3727.94,120.117,0,0,0,22278.4,21601.5,-696.389,21114.5,715.403,43305.9,1.00318e+18
20230101T000010.500000,6,1315,4855.26,-2303.05,-79.6246,0,0,0,8546.97,17862.3,617.7,37731.3,-293.001,46204.1,2.7143e+17
20230101T000010.500000,6,1316,4064.45,462.736,-330.938,0,0,0,578.359,-2982.38,2147.02,26434.6,244.437,26774.6,1.32746e+17
20230101T000010.500000,6,1317,885.848,154.743,-35.7649,0,0,0,102.305,-208.148,48.1882,1257.52,8.41768,1293.98,1.75301e+23
20230101T000010.500000,6,1318,9085.52,3766.55,-166.947,0,0,0,22791.7,-54715.3,2425.87,132091,1005.68,154774,1.34214e+17
20230101T000010.500000,6,1319,2162.9,2918.07,229.466,0,0,0,13676.6,-10027.6,-791.704,7580.55,-1068.12,21109.5,1.30431e+18
20230101T000010.500000,4,1213,4043.63,557.631,-441.432,-5.95731,-1.73774,1.69912,132.494,-305.543,243.868,2269.66,34.1802,2287.59,0
20230101T000010.500000,3,1220,105.096,-99.44,-23.462,0,0,0,2500,0,0,2500,0,2500,0
20230101T000010.500000,3,1221,4493.08,-6094.94,1415.76,0,0,0,2500,0,0,2500,0,2500,0
20230101T000010.500000,3,1222,7776.49,-5979.99,1284.66,0,0,0,2500,0,0,2500,0,2500,0
20230101T000010.500000,3,1223,4000.95,-4629.44,-605.794,0,0,0,2500,0,0,2500,0,2500,0
20230101T000010.500000,3,1224,3628.86,-3727.94,120.117,0,0,0,2500,0,0,2500,0,2500,0
20230101T000010.500000,3,1225,4855.26,-2303.05,-79.6246,0,0,0,2500,0,0,2500,0,2500,0
20230101T000010.500000,3,1226,885.848,154.743,-35.7649,0,0,0,2500,0,0,2500,0,2500,0
20230101T000010.500000,3,1227,9085.52,3766.55,-166.947,0,0,0,2500,0,0,2500,0,2500,0
20230101T000010.500000,3,1228,2162.9,2918.07,229.466,0,0,0,2500,0,0,2500,0,2500,0
20230101T000010.600000,6,1320,1048.34,-1067.21,83.5721,0,0,0,1859.11,1752.59,-137.682,1796.59,140.159,3580.92,1.6742e+17
20230101T000010.600000,6,1321,4705.89,-3553.96,1156.93,0,0,0,21612,25699.7,-8701.33,36232.8,6571.37,55643.9,2.49262e+17
20230101T000010.600000,6,1322,9957.42,-5517.8,2205.02,0,0,0,54712.7,84584.6,-35119.7,160483,19461.2,207356,2.32149e+17
20230101T000010.600000,6,1323,1625.32,-473.295,-338.364,0,0,0,584.009,1165.12,868.11,4245.79,-252.795,4587.53,2.29152e+17
20230101T000010.600000,6,1324,3441.12,-1927.1,420.523,0,0,0,6205.51,10462.6,-2309.42,19028.7,1293.33,24888.7,3.70658e+17
20230101T000010.600000,6,1325,337.854,-97.1398,69.2201,0,0,0,79.0856,34.1127,-25.7589,187.922,7.4062,200.119,1.94237e+17
20230101T000010.600000,6,1326,4010.55,-229.442,210.854,0,0,0,218.749,1464.61,-1349.68,25735.7,77.2146,25819.6,8.56082e+16
20230101T000010.600000,6,1327,899.269,-1.80423,-26.9346,0,0,0,65.1083,2.46535,36.8391,1293.89,-0.0739113,1293.96,8.25025e+22
20230101T000010.600000,6,1328,6598.04,3709.43,550.498,0,0,0,22432.6,-38925.6,-5807.5,69786.3,-3264.99,91670.7,2.17089e+17
20230101T000010.600000,6,1329,2265.04,3359.39,-911.542,0,0,0,18491.3,-11530.2,3295.82,9164.47,4888.2,26268.5,1.79918e+17
20230101T000010.600000,6,1330,55.5543,70.6932,2.70946,0,0,0,32.4126,24.7866,0.949777,44.4751,1.2086,12.9922,4.47435e+17
20230101T000010.600000,6,1331,5213.44,6260.34,-1851.88,0,0,0,64978.9,-49492.4,15438.6,46763.9,18538.8,106198,1.51536e+17
20230101T000010.600000,6,1332,7233.98,6579.63,424.878,0,0,0,69459.5,-75979.5,-4915.65,83888.5,-4471,152995,1.56559e+17
20230101T000010.600000,6,1333,3657.69,3921.73,910.905,0,0,0,25254.5,-22257.9,-5323.68,22149.1,-5707.99,46015.6,2.55049e+17
20230101T000010.600000,4,1226,903.689,52.2652,-29.9249,1.76639,-10.1463,0.578219,87.1184,-134.223,31.0573,832.05,5.42519,855.137,0
20230101T000010.600000,3,1229,1048.34,-1067.21,83.5721,0,0,0,2500,0,0,2500,0,2500,0
20230101T000010.600000,3,1230,4705.89,-3553.96,1156.93,0,0,0,2500,0,0,2500,0,2500,0
20230101T000010.600000,3,1231,9957.42,-5517.8,2205.02,0,0,0,2500,0,0,2500,0,2500,0
20230101T000010.600000,3,1232,1625.32,-473.295,-338.364,0,0,0,2500,0,0,2500,0,2500,0
20230101T000010.600000,3,1233,3441.12,-1927.1,420.523,0,0,0,2500,0,0,2500,0,2500,0
20230101T000010.600000,3,1234,337.854,-97.1398,69.2201,0,0,0,2500,0,0,2500,0,2500,0
20230101T000010.600000,3,1235,4010.55,-229.442,210.854,0,0,0,2500,0,0,2500,0,2500,0
20230101T000010.600000,3,1236,6598.04,3709.43,550.498,0,0,0,2500,0,0,2500,0,2500,0
20230101T000010.600000,3,1237,2265.04,3359.39,-911.542,0,0,0,2500,0,0,2500,0,2500,0
20230101T000010.600000,3,1238,55.5543,70.6932,2.70946,0,0,0,2500,0,0,2500,0,2500,0
20230101T000010.600000,3,1239,5213.44,6260.34,-1851.88,0,0,0,2500,0,0,2500,0,2500,0
20230101T000010.600000,3,1240,7233.98,6579.63,424.878,0,0,0,2500,0,0,2500,0,2500,0
20230101T000010.600000,3,1241,3657.69,3921.73,910.905,0,0,0,2500,0,0,2500,0,2500,0
20230101T000010.700000,6,1334,3329.25,-3255.51,-112.798,0,0,0,17000.5,17299.3,599.743,17775.5,-586.459,34691.7,1.3647e+17
20230101T000010.700000,6,1335,5299.11,-3737.42,-1592.75,0,0,0,25100.2,29747.8,13492.2,46297.3,-9515.9,67281.8,1.6892e+17
20230101T000010.700000,6,1336,2184.06,-876.765,-338.938,0,0,0,1442.24,2978.63,1176.04,7666.4,-472.106,8863.43,2.1741e+17
20230101T000010.700000,6,1337,885.794,-156.783,-31.8961,0,0,0,102.886,210.954,42.9736,1257.4,-7.60619,1294.82,1.10856e+23
20230101T000010.700000,6,1338,4021.77,-97.6003,-725.128,0,0,0,917.994,606.134,4654.91,25879.9,-112.965,25896.7,1.47739e+17
20230101T000010.700000,6,1339,887.945,-145.133,-27.7746,0,0,0,97.1792,195.817,37.5117,1263.21,-6.13122,1295.28,1.10245e+23
20230101T000010.700000,6,1340,7421.08,262.957,-787.659,0,0,0,1165.25,-3084.92,9345.75,88117.3,331.156,88227.3,5.06944e+17
20230101T000010.700000,6,1341,7807.96,1432.3,-39.6501,0,0,0,3346.71,-17881.5,495.025,97545.1,90.8075,100825,8.06429e+17
20230101T000010.700000,6,1342,9465.44,2508.11,2326.79,0,0,0,18215.6,-35824.8,-35224.6,143923,-9333.64,153420,1.9886e+17
20230101T000010.700000,3,1242,3329.25,-3255.51,-112.798,0,0,0,2500,0,0,2500,0,2500,0
20230101T000010.700000,3,1243,5299.11,-3737.42,-1592.75,0,0,0,2500,0,0,2500,0,2500,0
20230101T000010.700000,3,1244,2184.06,-876.765,-338.938,0,0,0,2500,0,0,2500,0,2500,0
20230101T000010.700000,3,1245,885.794,-156.783,-31.8961,0,0,0,2500,0,0,2500,0,2500,0
20230101T000010.700000,3,1246,4021.77,-97.6003,-725.128,0,0,0,2500,0,0,2500,0,2500,0
20230101T000010.700000,3,1247,887.945,-145.133,-27.7746,0,0,0,2500,0,0,2500,0,2500,0
20230101T000010.700000,3,1248,7421.08,262.957,-787.659,0,0,0,2500,0,0,2500,0,2500,0
20230101T000010.700000,3,1249,7807.96,1432.3,-39.6501,0,0,0,2500,0,0,2500,0,2500,0
20230101T000010.700000,3,1250,9465.44,2508.11,2326.79,0,0,0,2500,0,0,2500,0,2500,0
20230101T000010.800000,6,1343,1225.09,-1303.98,90.0667,0,0,0,2756.59,2517.65,-174.343,2442.16,185.57,5122.09,1.45728e+17
20230101T000010.800000,6,1344,9816.39,-6887.42,518.122,0,0,0,76229.1,107943,-8135.48,154341,5708.05,230077,2.33541e+17
20230101T000010.800000,6,1345,6650.15,-4467.23,-1547.03,0,0,0,34610.9,45731.3,16450.9,71968.9,-11050.9,102691,1.2972e+17
20230101T000010.800000,6,1346,1769.61,-889.083,-301.199,0,0,0,1430.59,2434.01,844.308,5052.31,-424.195,6276.64,1.98969e+17
20230101T000010.800000,6,1347,10263.4,-3584.87,-1516.88,0,0,0,23899.2,57703,24901.1,168946,-8697.63,189102,1.209e+17
20230101T000010.800000,6,1348,845.076,-305.898,-40.7318,0,0,0,208.534,392.321,52.3526,1150.35,-18.9504,1292.5,3.55415e+21
20230101T000010.800000,6,1349,6399.05,-2573.63,-1007.5,0,0,0,12049.6,25766.1,10306.7,65751.5,-4145.26,76115.7,1.36017e+17
20230101T000010.800000,6,1350,6118.74,881.476,-698.503,0,0,0,2069.89,-8510.54,6831.27,59919.6,984.124,61146.4,2.10282e+17
20230101T000010.800000,6,1351,6359.56,-1297.12,723.342,0,0,0,3556.46,13022.3,-7353.32,64746.4,1499.82,67403.3,1.88548e+17
20230101T000010.800000,6,1352,3044.17,1127.73,140.794,0,0,0,2118.89,-5461.66,-683.162,14838.7,-253.081,16862.2,5.85574e+17
20230101T000010.800000,6,1353,9367.97,3279.53,709.205,0,0,0,17982.2,-48885.3,-10625.8,140509,-3719.88,157623,1.3612e+17
20230101T000010.800000,6,1354,8512.21,2947.82,-742.395,0,0,0,14747.6,-39855.6,10106.1,116034,3499.8,129836,2.27703e+17
20230101T000010.800000,6,1355,88.6157,71.3746,7.02837,0,0,0,46.869,21.0652,2.07052,37.6821,1.66768,20.9586,1.48958e+17
20230101T000010.800000,4,1238,85.9455,76.5428,6.2404,5.84448,1.12493,0.679029,31.7866,24.0713,0.922367,43.501,1.17372,12.9267,0
20230101T000010.800000,4,1245,867.302,-257.452,-37.7333,-1.83088,-9.96729,-0.577945,87.487,136.002,27.6933,831.802,-4.90162,855.588,0
20230101T000010.800000,3,1251,1225.09,-1303.98,90.0667,0,0,0,2500,0,0,2500,0,2500,0
20230101T000010.800000,3,1252,9816.39,-6887.42,518.122,0,0,0,2500,0,0,2500,0,2500,0
20230101T000010.800000,3,1253,6650.15,-4467.23,-1547.03,0,0,0,2500,0,0,2500,0,2500,0
20230101T000010.800000,3,1254,1769.61,-889.083,-301.199,0,0,0,2500,0,0,2500,0,2500,0
20230101T000010.800000,3,1255,10263.4,-3584.87,-1516.88,0,0,0,2500,0,0,2500,0,2500,0
20230101T000010.800000,3,1256,6399.05,-2573.63,-1007.5,0,0,0,2500,0,0,2500,0,2500,0
20230101T000010.800000,3,1257,6118.74,881.476,-698.503,0,0,0,2500,0,0,2500,0,2500,0
20230101T000010.800000,3,1258,6359.56,-1297.12,723.342,0,0,0,2500,0,0,2500,0,2500,0
20230101T000010.800000,3,1259,3044.17,1127.73,140.794,0,0,0,2500,0,0,2500,0,2500,0
20230101T000010.800000,3,1260,9367.97,3279.53,709.205,0,0,0,2500,0,0,2500,0,2500,0
20230101T000010.800000,3,1261,8512.21,2947.82,-742.395,0,0,0,2500,0,0,2500,0,2500,0
20230101T000010.900000,6,1356,3027.89,-1657.78,65.4548,0,0,0,4451.67,8001.49,-316.04,14685.3,173.033,19066.2,2.14945e+17
20230101T000010.900000,6,1357,770.036,-463.91,-23.0226,0,0,0,391.889,542.918,26.9621,965.986,-16.2434,1293.11,1.24634e+21
20230101T000010.900000,6,1358,7275.61,339.612,649.198,0,0,0,920.762,-3919.05,-7551.65,84696.8,-352.496,84880.3,1.36516e+17
20230101T000010.900000,6,1359,2338.55,892.985,-434.14,0,0,0,1593.29,-3220.06,1614.35,8796.4,616.445,10027.9,2.04291e+17
20230101T000010.900000,6,1360,10101.3,6542.7,1088.3,0,0,0,69870.9,-104850,-17584.5,163837,-11389.6,231750,1.52565e+17
20230101T000010.900000,6,1361,3998.14,2199.4,-891.146,0,0,0,8762.55,-13507,5690.13,25885.7,3130.18,33318.4,6.62977e+17
20230101T000010.900000,6,1362,6123.99,2268.54,461.806,0,0,0,8590.11,-22096.2,-4520.73,60054,-1674.64,68239.5,2.45282e+17
20230101T000010.900000,6,1363,779.768,893.74,-81.3533,0,0,0,1310.14,-1078.26,98.6264,1015.04,113.042,2251.2,1.5462e+17
20230101T000010.900000,6,1364,9220.27,6891.27,-1646.79,0,0,0,78807.5,-99552.2,24286.9,137599,18152.1,212006,2.20676e+17
20230101T000010.900000,3,1262,3027.89,-1657.78,65.4548,0,0,0,2500,0,0,2500,0,2500,0
20230101T000010.900000,3,1263,770.036,-463.91,-23.0226,0,0,0,2500,0,0,2500,0,2500,0
20230101T000010.900000,3,1264,7275.61,339.612,649.198,0,0,0,2500,0,0,2500,0,2500,0
20230101T000010.900000,3,1265,2338.55,892.985,-434.14,0,0,0,2500,0,0,2500,0,2500,0
20230101T000010.900000,3,1266,10101.3,6542.7,1088.3,0,0,0,2500,0,0,2500,0,2500,0
20230101T000010.900000,3,1267,3998.14,2199.4,-891.146,0,0,0,2500,0,0,2500,0,2500,0
20230101T000010.900000,3,1268,6123.99,2268.54,461.806,0,0,0,2500,0,0,2500,0,2500,0
20230101T000010.900000,3,1269,779.768,893.74,-81.3533,0,0,0,2500,0,0,2500,0,2500,0
20230101T000010.900000,3,1270,9220.27,6891.27,-1646.79,0,0,0,2500,0,0,2500,0,2500,0
20230101T000011,6,1365,2081.27,-2184.12,415.77,0,0,0,7794.14,7103.71,-1378.56,7108.59,1446.68,14564.5,1.55055e+17
20230101T000011,6,1366,222.82,-236.891,-18.093,0,0,0,119.984,52.3516,4.01843,113.568,-4.27218,169.423,2.89429e+17
20230101T000011,6,1367,697.551,-570.092,-36.5583,0,0,0,559.597,603.913,38.7943,804.966,-31.7057,1298.64,1.9228e+21
20230101T000011,6,1368,3732.47,-3942.73,-537.913,0,0,0,25121,23283,3208.07,22567.7,-3388.79,47163,2.38166e+17
20230101T000011,6,1369,9639.02,-2265.06,-1140.36,0,0,0,10240.4,34455.3,17580,148769,-4131.1,156867,2.10524e+17
20230101T000011,6,1370,9962.02,-2056.65,-1064.07,0,0,0,8565.97,32410.2,16954,158863,-3500.14,165555,2.19756e+17
20230101T000011,6,1371,10098.2,-1172.52,-1120.08,0,0,0,4242.71,18707.4,18090.5,163187,-2100.51,165360,2.19251e+17
20230101T000011,6,1372,10724.2,-239.544,-347.67,0,0,0,349.014,4104.51,5963.48,184012,-133.205,184104,1.75793e+17
20230101T000011,6,1373,3081.54,2296.4,-617.314,0,0,0,8869.63,-11000.3,3035.61,15433.4,2262.17,23632.5,1.54992e+17
20230101T000011,6,1374,6290.49,6044.13,314.122,0,0,0,58565.8,-60722.1,-3159.91,63418.9,-3036.16,121763,1.26845e+17
20230101T000011,6,1375,7988.69,5028.54,2587.91,0,0,0,48175.3,-59416.5,-33064.6,105168,-20812.8,142573,2.72303e+17
20230101T000011,4,1263,727.936,-537.777,-31.9699,-4.16828,-7.31353,-0.885874,273.9,350.172,17.3862,644.182,-10.4744,854.995,0
20230101T000011,3,1271,2081.27,-2184.12,415.77,0,0,0,2500,0,0,2500,0,2500,0
20230101T000011,3,1272,222.82,-236.891,-18.093,0,0,0,2500,0,0,2500,0,2500,0
20230101T000011,3,1273,3732.47,-3942.73,-537.913,0,0,0,2500,0,0,2500,0,2500,0
20230101T000011,3,1274,9639.02,-2265.06,-1140.36,0,0,0,2500,0,0,2500,0,2500,0
20230101T000011,3,1275,9962.02,-2056.65,-1064.07,0,0,0,2500,0,0,2500,0,2500,0
20230101T000011,3,1276,10098.2,-1172.52,-1120.08,0,0,0,2500,0,0,2500,0,2500,0
20230101T000011,3,1277,10724.2,-239.544,-347.67,0,0,0,2500,0,0,2500,0,2500,0
20230101T000011,3,1278,3081.54,2296.4,-617.314,0,0,0,2500,0,0,2500,0,2500,0
20230101T000011,3,1279,6290.49,6044.13,314.122,0,0,0,2500,0,0,2500,0,2500,0
20230101T000011,3,1280,7988.69,5028.54,2587.91,0,0,0,2500,0,0,2500,0,2500,0
20230101T000011.100000,6,1376,1713.27,-1178.02,-301.24,0,0,0,2361.5,3132.16,818.284,4763.19,-562.639,6918.12,1.38746e+17
20230101T000011.100000,6,1377,7922.6,-8978.22,-1628.46,0,0,0,130859,111673,20636.9,102849,-23386.6,229403,1.46985e+17
20230101T000011.100000,6,1378,82.5048,-78.4873,5.40146,0,0,0,43.4016,-21.5508,1.48151,41.2491,-1.40937,20.8913,2.29146e+17
20230101T000011.100000,6,1379,11009.6,-2830.32,1218.62,0,0,0,15105.3,49269.1,-21460,194091,5516.85,206758,1.87002e+17
20230101T000011.100000,6,1380,7026.67,-2073.28,-1112.38,0,0,0,8756.41,22754.9,12497,79162.1,-3687.35,85877.5,1.25249e+17
20230101T000011.100000,6,1381,5105.6,-1163.29,-501.167,0,0,0,2607.51,9402.08,4088.09,41730.4,-931.455,43873.2,1.23495e+17
20230101T000011.100000,6,1382,7843.98,68.4223,-295.553,0,0,0,211.146,-856.948,3706.89,98444.9,32.3348,98452.5,1.26763e+17
20230101T000011.100000,6,1383,9376.75,585.957,-806.361,0,0,0,1648.94,-8722.28,12092.2,140682,755.648,141227,1.74059e+17
20230101T000011.100000,6,1384,1850.51,1154.96,-64.9112,0,0,0,2185.17,-3387.88,190.576,5498.82,118.945,7613.37,1.47296e+17
20230101T000011.100000,6,1385,2799.17,653.067,-218.307,0,0,0,815.06,-2893.92,973.018,12543.8,227.013,13219.3,1.69514e+17
20230101T000011.100000,6,1386,1759.59,1289.08,-68.1289,0,0,0,2705.21,-3595.19,190.196,4978.78,139.338,7612.69,1.39715e+17
20230101T000011.100000,6,1387,563.527,688.942,135.124,0,0,0,796.213,-576.205,-115.82,563.085,-141.596,1268.97,1.59139e+22
20230101T000011.100000,3,1281,1713.27,-1178.02,-301.24,0,0,0,2500,0,0,2500,0,2500,0
20230101T000011.100000,3,1282,7922.6,-8978.22,-1628.46,0,0,0,2500,0,0,2500,0,2500,0
20230101T000011.100000,3,1283,82.5048,-78.4873,5.40146,0,0,0,2500,0,0,2500,0,2500,0
20230101T000011.100000,3,1284,11009.6,-2830.32,1218.62,0,0,0,2500,0,0,2500,0,2500,0
20230101T000011.100000,3,1285,7026.67,-2073.28,-1112.38,0,0,0,2500,0,0,2500,0,2500,0
20230101T000011.100000,3,1286,5105.6,-1163.29,-501.167,0,0,0,2500,0,0,2500,0,2500,0
20230101T000011.100000,3,1287,7843.98,68.4223,-295.553,0,0,0,2500,0,0,2500,0,2500,0
20230101T000011.100000,3,1288,9376.75,585.957,-806.361,0,0,0,2500,0,0,2500,0,2500,0
20230101T000011.100000,3,1289,1850.51,1154.96,-64.9112,0,0,0,2500,0,0,2500,0,2500,0
20230101T000011.100000,3,1290,2799.17,653.067,-218.307,0,0,0,2500,0,0,2500,0,2500,0
20230101T000011.100000,3,1291,1759.59,1289.08,-68.1289,0,0,0,2500,0,0,2500,0,2500,0
20230101T000011.100000,3,1292,563.527,688.942,135.124,0,0,0,2500,0,0,2500,0,2500,0
20230101T000011.200000,6,1388,2616.44,-3318.97,-26.3798,0,0,0,17649.8,13862.6,110.187,10993.4,-139.772,28578.1,7.6293e+17
20230101T000011.200000,6,1389,7085.01,-4719.38,-1092.31,0,0,0,37002,52589.1,12375.8,80921.8,-8243.6,115953,2.34036e+17
20230101T000011.200000,6,1390,4648.55,-3755.49,-1177.73,0,0,0,23946,26817.1,8750.16,35475.2,-7069.11,57142.7,1.62515e+17
20230101T000011.200000,6,1391,4775.9,-5231.54,1324.78,0,0,0,45094.9,38547.5,-10115.5,38060.2,11080.5,80287.4,9.47181e+17
20230101T000011.200000,6,1392,7225.01,-3520.32,-522.023,0,0,0,20232.1,40498.2,6030.88,83617.2,-2938.49,103350,8.8181e+17
20230101T000011.200000,6,1393,7516.8,-4141.84,-76.5649,0,0,0,27504,49782.4,920.337,90420.8,-507.116,117851,2.29532e+17
20230101T000011.200000,6,1394,6413.27,-1446.11,262.736,0,0,0,3511.9,14801.5,-2693.5,65816.5,607.351,69154.2,2.31012e+17
20230101T000011.200000,6,1395,8773.12,-1915.58,-1497.79,0,0,0,9356.61,26127.9,21014.3,123314,-4588.4,129021,2.59036e+17
20230101T000011.200000,6,1396,6167.74,-958.712,1175.53,0,0,0,3689.8,9115.99,-11589.1,60919.2,1801.41,62338.4,2.98923e+17
20230101T000011.200000,6,1397,6525.84,3718.16,-575.421,0,0,0,22567.6,-38567.4,6003.93,68284,3420.8,90258.5,8.59059e+17
20230101T000011.200000,6,1398,8211.31,4365.2,1100.97,0,0,0,32049.3,-56520.5,-14458,108322,-7685.99,138370,2.15065e+17
20230101T000011.200000,6,1399,688.603,567.875,117.486,0,0,0,566.561,-583.945,-123.053,793.084,-101.479,1275.74,7.2891e+22
20230101T000011.200000,4,1292,654.36,616.925,123.487,8.99334,-7.13042,-1.15213,537.807,-374.212,-74.6301,386.404,-91.2392,838.853,0
20230101T000011.200000,3,1293,2616.44,-3318.97,-26.3798,0,0,0,2500,0,0,2500,0,2500,0
20230101T000011.200000,3,1294,7085.01,-4719.38,-1092.31,0,0,0,2500,0,0,2500,0,2500,0
20230101T000011.200000,3,1295,4648.55,-3755.49,-1177.73,0,0,0,2500,0,0,2500,0,2500,0
20230101T000011.200000,3,1296,4775.9,-5231.54,1324.78,0,0,0,2500,0,0,2500,0,2500,0
20230101T000011.200000,3,1297,7225.01,-3520.32,-522.023,0,0,0,2500,0,0,2500,0,2500,0
20230101T000011.200000,3,1298,7516.8,-4141.84,-76.5649,0,0,0,2500,0,0,2500,0,2500,0
20230101T000011.200000,3,1299,6413.27,-1446.11,262.736,0,0,0,2500,0,0,2500,0,2500,0
20230101T000011.200000,3,1300,8773.12,-1915.58,-1497.79,0,0,0,2500,0,0,2500,0,2500,0
20230101T000011.200000,3,1301,6167.74,-958.712,1175.53,0,0,0,2500,0,0,2500,0,2500,0
20230101T000011.200000,3,1302,6525.84,3718.16,-575.421,0,0,0,2500,0,0,2500,0,2500,0
20230101T000011.200000,3,1303,8211.31,4365.2,1100.96,0,0,0,2500,0,0,2500,0,2500,0
20230101T000011.300000,6,1400,2847.84,-1801.69,-93.1849,0,0,0,5249.36,8174.33,423.107,12998.6,-267.68,18170.1,1.91885e+17
20230101T000011.300000,6,1401,8310.88,-8925.99,1116.48,0,0,0,128433,117666,-14842.4,111615,15940.9,237991,1.47119e+17
20230101T000011.300000,6,1402,1226.28,-697.156,-195.986,0,0,0,871.539,1314.48,376.952,2436.38,-214.301,3184.89,6.59027e+17
20230101T000011.300000,6,1403,5669.99,-2967.44,-102.361,0,0,0,14152.5,26887.4,927.708,51455.5,-485.525,65527.3,1.48376e+17
20230101T000011.300000,6,1404,6220.4,-340.738,311.979,0,0,0,404.676,3379.25,-3101.82,61910.1,169.91,62095.3,9.87887e+16
20230101T000011.300000,6,1405,769.275,445.438,141.729,0,0,0,388.276,-507.261,-165.834,970.595,-96.0241,1265.9,5.71573e+22
20230101T000011.300000,6,1406,7680.02,4561.92,-1147.59,0,0,0,34901.9,-55104.1,14094.7,94938.3,8372.24,127671,1.85999e+17
20230101T000011.300000,6,1407,1949.17,2925.26,-135.258,0,0,0,13720.1,-9079.94,420.462,6143.35,631.019,19770.4,1.86422e+17
20230101T000011.300000,6,1408,8831.67,6097.23,2144.9,0,0,0,64508.6,-82687.6,-30298.7,127193,-20917.7,184282,1.9075e+17
20230101T000011.300000,6,1409,4392.43,4609.22,104.224,0,0,0,34030.5,-32352.4,-731.753,30912.1,-767.87,64861.3,1.58593e+17
20230101T000011.300000,3,1304,2847.84,-1801.69,-93.1849,0,0,0,2500,0,0,2500,0,2500,0
20230101T000011.300000,3,1305,8310.88,-8925.99,1116.48,0,0,0,2500,0,0,2500,0,2500,0
20230101T000011.300000,3,1306,1226.28,-697.156,-195.986,0,0,0,2500,0,0,2500,0,2500,0
20230101T000011.300000,3,1307,5669.99,-2967.44,-102.361,0,0,0,2500,0,0,2500,0,2500,0
20230101T000011.300000,3,1308,6220.4,-340.738,311.979,0,0,0,2500,0,0,2500,0,2500,0
20230101T000011.300000,3,1309,769.275,445.438,141.729,0,0,0,2500,0,0,2500,0,2500,0
20230101T000011.300000,3,1310,7680.02,4561.92,-1147.59,0,0,0,2500,0,0,2500,0,2500,0
20230101T000011.300000,3,1311,1949.17,2925.26,-135.258,0,0,0,2500,0,0,2500,0,2500,0
20230101T000011.300000,3,1312,8831.67,6097.23,2144.9,0,0,0,2500,0,0,2500,0,2500,0
20230101T000011.300000,3,1313,4392.43,4609.22,104.224,0,0,0,2500,0,0,2500,0,2500,0
20230101T000011.400000,6,1410,9550.28,-6417.88,1561.86,0,0,0,68634.7,96232.1,-23858.8,147166,16033.3,211836,4.11531e+17
20230101T000011.400000,6,1411,3626.06,-2241.72,181.779,0,0,0,8124.94,12953.5,-1052.31,21069.6,650.563,29077.9,1.96092e+17
20230101T000011.400000,6,1412,120.847,-48.404,-5.31393,0,0,0,58.8477,-12.7103,-1.39366,32.206,0.558216,27.2215,1.57313e+17
20230101T000011.400000,6,1413,5662.23,-1697.76,446.207,0,0,0,4962.5,15275.8,-4037.84,51328.9,1210.7,55909.6,1.20085e+17
20230101T000011.400000,6,1414,10075.9,2986.42,-292.875,0,0,0,14454.9,-48090.8,4719.87,162455,1398.93,176709,5.56141e+17
20230101T000011.400000,6,1415,838.506,303.083,118.996,0,0,0,222.627,-379.275,-151.754,1134.83,-54.8524,1273.04,6.73313e+22
20230101T000011.400000,6,1416,2137.98,2559.04,163.67,0,0,0,10521.7,-8701.39,-557.868,7376.41,-667.734,17791.6,1.74956e+17
20230101T000011.400000,6,1417,851.016,1220.46,-283.29,0,0,0,2445.45,-1572.59,379.009,1286.72,543.544,3544.24,4.6265e+17
20230101T000011.400000,6,1418,1602.14,2205.9,-568.196,0,0,0,7985.14,-5379.88,1449.02,4485.29,1995.07,11895.2,2.57534e+17
20230101T000011.400000,6,1419,7666.69,9485.78,660.156,0,0,0,144269,-115987,-8095.76,94505.3,-10016.7,238013,1.09344e+17
20230101T000011.400000,6,1420,4973.75,3077.64,-405.177,0,0,0,15391,-24345.8,3220.65,39671.5,1992.86,54736.4,2.0596e+17
20230101T000011.400000,6,1421,2863.02,4062.08,-371.521,0,0,0,26495.2,-18473.7,1699.13,13305.1,2410.74,39516.1,9.84273e+16
20230101T000011.400000,4,1283,123.923,-58.6966,-3.81168,11.3995,5.44701,-2.53574,42.5577,-20.8972,1.43655,40.4705,-1.3666,20.7309,0
20230101T000011.400000,4,1309,823.631,355.064,126.694,5.38181,-8.948,-1.48863,273.031,-329.728,-106.865,651.549,-61.8788,836.936,0
20230101T000011.400000,3,1314,9550.28,-6417.88,1561.86,0,0,0,2500,0,0,2500,0,2500,0
20230101T000011.400000,3,1315,3626.06,-2241.72,181.779,0,0,0,2500,0,0,2500,0,2500,0
20230101T000011.400000,3,1316,5662.23,-1697.76,446.207,0,0,0,2500,0,0,2500,0,2500,0
20230101T000011.400000,3,1317,10075.9,2986.42,-292.875,0,0,0,2500,0,0,2500,0,2500,0
20230101T000011.400000,3,1318,2137.98,2559.04,163.67,0,0,0,2500,0,0,2500,0,2500,0
20230101T000011.400000,3,1319,851.016,1220.46,-283.29,0,0,0,2500,0,0,2500,0,2500,0
20230101T000011.400000,3,1320,1602.14,2205.9,-568.196,0,0,0,2500,0,0,2500,0,2500,0
20230101T000011.400000,3,1321,7666.69,9485.78,660.156,0,0,0,2500,0,0,2500,0,2500,0
20230101T000011.400000,3,1322,4973.75,3077.64,-405.177,0,0,0,2500,0,0,2500,0,2500,0
20230101T000011.400000,3,1323,2863.02,4062.08,-371.521,0,0,0,2500,0,0,2500,0,2500,0
20230101T000011.500000,6,1422,5009.53,-4476.77,-322.026,0,0,0,32194.2,35768.3,2578.84,40254.6,-2304.58,72219.2,1.7999e+17
20230101T000011.500000,6,1423,1941.97,-529.383,-399.184,0,0,0,743.034,1564.56,1228.54,6055.9,-334.902,6484.82,1.43952e+17
20230101T000011.500000,6,1424,282.215,-110.203,-62.9257,0,0,0,78.1644,26.8267,16.5437,136.388,-6.46021,149.511,1.78917e+17
20230101T000011.500000,6,1425,5595.15,-2597.41,-214.986,0,0,0,10907.9,23199.9,1922.58,50113.5,-892.512,60883.6,7.96947e+16
20230101T000011.500000,6,1426,5445.55,-1735.29,108.451,0,0,0,4893.16,15095.5,-943.762,47454.1,300.742,52264.4,1.24199e+17
20230101T000011.500000,6,1427,6285.05,-2334.69,-536.669,0,0,0,9182.04,23306.6,5392.02,63266.5,-2002.95,71924.5,1.93161e+17
20230101T000011.500000,6,1428,2450.08,108.503,440.67,0,0,0,390.809,-408.872,-1716.35,9605.35,-76.0094,9625.46,1.51142e+17
20230101T000011.500000,6,1429,878.066,153.824,127.356,0,0,0,123.89,-201.037,-170.097,1236.24,-29.7985,1272.74,1.98237e+22
20230101T000011.500000,6,1430,8001.2,-409.892,127.477,0,0,0,358.567,5242.81,-1630.93,102431,83.5507,102700,2.01524e+17
20230101T000011.500000,6,1431,5824.99,426.768,-266.271,0,0,0,467.771,-3964.55,2478.74,54289.7,181.605,54580.3,1.17606e+17
20230101T000011.500000,6,1432,5101.92,-12.7122,-611.793,0,0,0,662.213,102.121,4986.55,41647.4,-12.4247,41648.5,4.6455e+17
20230101T000011.500000,6,1433,11469.2,2579.61,1265,0,0,0,13144.3,-46776.2,-23207.1,210596,-5219.63,221117,1.22222e+17
20230101T000011.500000,6,1434,10050.6,4389.41,455.076,0,0,0,31159.1,-70441.2,-7315.65,161688,-3194.97,192451,1.68362e+17
20230101T000011.500000,6,1435,9538.71,3973.83,-65.0362,0,0,0,25326.4,-60623.1,992.207,145589,413.353,170845,4.52005e+17
20230101T000011.500000,6,1436,4826.1,7254.32,-8.71339,0,0,0,84219.9,-55986.5,67.2472,37310.4,101.082,121466,1.77729e+17
20230101T000011.500000,3,1324,5009.53,-4476.77,-322.026,0,0,0,2500,0,0,2500,0,2500,0
20230101T000011.500000,3,1325,1941.97,-529.383,-399.184,0,0,0,2500,0,0,2500,0,2500,0
20230101T000011.500000,3,1326,282.215,-110.203,-62.9257,0,0,0,2500,0,0,2500,0,2500,0
20230101T000011.500000,3,1327,5595.15,-2597.41,-214.986,0,0,0,2500,0,0,2500,0,2500,0
20230101T000011.500000,3,1328,5445.55,-1735.29,108.451,0,0,0,2500,0,0,2500,0,2500,0
20230101T000011.500000,3,1329,6285.05,-2334.69,-536.669,0,0,0,2500,0,0,2500,0,2500,0
20230101T000011.500000,3,1330,2450.08,108.503,440.67,0,0,0,2500,0,0,2500,0,2500,0
20230101T000011.500000,3,1331,878.066,153.824,127.356,0,0,0,2500,0,0,2500,0,2500,0
20230101T000011.500000,3,1332,8001.2,-409.892,127.477,0,0,0,2500,0,0,2500,0,2500,0
20230101T000011.500000,3,1333,5824.99,426.768,-266.271,0,0,0,2500,0,0,2500,0,2500,0
20230101T000011.500000,3,1334,5101.92,-12.7122,-611.793,0,0,0,2500,0,0,2500,0,2500,0
20230101T000011.500000,3,1335,11469.2,2579.61,1265,0,0,0,2500,0,0,2500,0,2500,0
20230101T000011.500000,3,1336,10050.6,4389.41,455.076,0,0,0,2500,0,0,2500,0,2500,0
20230101T000011.500000,3,1337,9538.71,3973.83,-65.0362,0,0,0,2500,0,0,2500,0,2500,0
20230101T000011.500000,3,1338,4826.1,7254.32,-8.71339,0,0,0,2500,0,0,2500,0,2500,0
20230101T000011.600000,6,1437,8404.45,-7239.85,-562.275,0,0,0,84191.7,97073.5,7558.53,113258,-6511.15,196881,3.61416e+17
20230101T000011.600000,6,1438,3033.64,-2140.08,70.4988,0,0,0,7375.9,10353.7,-341.197,14748.7,240.696,22052.7,2.42935e+17
20230101T000011.600000,6,1439,4016.49,-4172.07,1063.57,0,0,0,28750.3,25876.1,-6827.05,26782.9,7091.51,53663.5,9.04579e+17
20230101T000011.600000,6,1440,3401.61,-4025.58,-965.859,0,0,0,26576,21143.2,5249.44,19420.5,-6212.36,44444.1,1.76357e+17
20230101T000011.600000,6,1441,3196.21,-1887.32,362.432,0,0,0,5901.98,9531.85,-1848.13,16416,1091.29,22045,2.24186e+17
20230101T000011.600000,6,1442,3940.87,91.8724,-430.234,0,0,0,372.718,-570.917,2705.89,24848.9,63.0817,24863,9.1387e+17
20230101T000011.600000,6,1443,11935.7,2183.82,-1989.87,0,0,0,13820.9,-40572.1,37990.7,228145,6950.98,235570,1.53344e+17
20230101T000011.600000,6,1444,888.38,-4.3245,140.212,0,0,0,93.9274,5.6898,-189.444,1262.75,0.922182,1264.34,2.78849e+22
20230101T000011.600000,6,1445,10870.6,4310.16,1746.89,0,0,0,33997.3,-73271.7,-30374.7,189742,-12043.5,218796,1.75935e+17
20230101T000011.600000,6,1446,1177.38,1075.39,67.8162,0,0,0,1889.2,-1990.36,-125.747,2250.37,-114.854,4068.44,9.41953e+16
20230101T000011.600000,6,1447,276.071,349.627,-45.3677,0,0,0,221.174,-122.026,16.0419,162.99,20.3161,318.185,6.08247e+17
20230101T000011.600000,6,1448,6176.48,4897.15,1346.01,0,0,0,40189.3,-46953.9,-13293.5,62181.2,-10540,99411.4,1.34155e+17
20230101T000011.600000,4,1331,894.046,49.3056,135.819,1.58218,-10.3484,0.837951,101.16,-130.422,-109.585,822.791,-19.1976,841.147,0
20230101T000011.600000,3,1339,8404.45,-7239.85,-562.275,0,0,0,2500,0,0,2500,0,2500,0
20230101T000011.600000,3,1340,3033.64,-2140.08,70.4988,0,0,0,2500,0,0,2500,0,2500,0
20230101T000011.600000,3,1341,4016.49,-4172.07,1063.57,0,0,0,2500,0,0,2500,0,2500,0
20230101T000011.600000,3,1342,3401.61,-4025.58,-965.859,0,0,0,2500,0,0,2500,0,2500,0
20230101T000011.600000,3,1343,3196.21,-1887.32,362.432,0,0,0,2500,0,0,2500,0,2500,0
20230101T000011.600000,3,1344,3940.87,91.8724,-430.234,0,0,0,2500,0,0,2500,0,2500,0
20230101T000011.600000,3,1345,11935.7,2183.82,-1989.87,0,0,0,2500,0,0,2500,0,2500,0
20230101T000011.600000,3,1346,10870.6,4310.16,1746.89,0,0,0,2500,0,0,2500,0,2500,0
20230101T000011.600000,3,1347,1177.38,1075.39,67.8162,0,0,0,2500,0,0,2500,0,2500,0
20230101T000011.600000,3,1348,276.071,349.627,-45.3677,0,0,0,2500,0,0,2500,0,2500,0
20230101T000011.600000,3,1349,6176.48,4897.15,1346.01,0,0,0,2500,0,0,2500,0,2500,0
20230101T000011.700000,6,1449,7119.6,-4964.75,-111.714,0,0,0,39494.4,56515.8,1271.9,81129.4,-886.939,120540,2.23993e+17
20230101T000011.700000,6,1450,6828.76,-4469.27,-1017.24,0,0,0,33162.3,48043.8,11107.8,75126.6,-7269.79,106571,2.47252e+17
20230101T000011.700000,6,1451,7145.96,-5613.9,-1091.68,0,0,0,51643.5,63229.8,12475.8,82455.4,-9801.01,132130,1.757e+17
20230101T000011.700000,6,1452,10221.8,-5911.55,-983.985,0,0,0,57122.8,95984.1,16088.4,167582,-9304.35,223092,5.86067e+17
20230101T000011.700000,6,1453,10440.8,-3687.21,-1359.36,0,0,0,24437.6,60647.8,22701.3,174752,-8017.04,196171,1.82639e+17
20230101T000011.700000,6,1454,5083.44,-1239.79,349.368,0,0,0,2703.79,10024.2,-2837.45,41360.7,692.02,43805.7,2.32866e+17
20230101T000011.700000,6,1455,2584.66,272.698,-577.095,0,0,0,706.299,-1065.77,2373.09,10695.3,250.375,10810.8,1.25594e+18
20230101T000011.700000,6,1456,878.16,-158.085,117.483,0,0,0,122.311,207.299,-156.918,1236.53,28.2482,1274.94,2.65058e+22
20230101T000011.700000,6,1457,1617.09,940.117,-94.317,0,0,0,1472.46,-2398.49,241.248,4203.71,140.253,5598.27,2.25293e+17
20230101T000011.700000,6,1458,9916.09,2860.38,-318.52,0,0,0,13299.7,-45321.8,5051.66,157344,1457.19,170417,1.81128e+17
20230101T000011.700000,6,1459,9834.25,3656.28,-512.651,0,0,0,21814.9,-57372.6,8063.54,154799,2997.94,176130,1.03478e+17
20230101T000011.700000,6,1460,7736.58,2317.43,-538.393,0,0,0,9076.82,-28541.3,6660.45,95810.9,1995.08,104361,2.1941e+17
20230101T000011.700000,6,1461,5990.78,2350.48,-623.726,0,0,0,9433.95,-22296.7,5972.85,57514.5,2343.44,66263.2,1.15431e+17
20230101T000011.700000,4,1317,10064.5,2994.33,-295.978,-3.14102,2.17579,-0.854077,276.064,-713.579,69.9806,2472.12,20.7417,2681.61,0
20230101T000011.700000,4,1337,9538.04,3954.44,-68.7898,-0.12726,-3.72859,-0.721834,432.056,-886.929,14.5156,2191.53,6.04721,2560.93,0
20230101T000011.700000,3,1350,7119.6,-4964.75,-111.714,0,0,0,2500,0,0,2500,0,2500,0
20230101T000011.700000,3,1351,6828.76,-4469.27,-1017.24,0,0,0,2500,0,0,2500,0,2500,0
20230101T000011.700000,3,1352,7145.96,-5613.9,-1091.68,0,0,0,2500,0,0,2500,0,2500,0
20230101T000011.700000,3,1353,10221.8,-5911.55,-983.985,0,0,0,2500,0,0,2500,0,2500,0
20230101T000011.700000,3,1354,10440.8,-3687.21,-1359.36,0,0,0,2500,0,0,2500,0,2500,0
20230101T000011.700000,3,1355,5083.44,-1239.79,349.368,0,0,0,2500,0,0,2500,0,2500,0
20230101T000011.700000,3,1356,2584.66,272.698,-577.095,0,0,0,2500,0,0,2500,0,2500,0
20230101T000011.700000,3,1357,878.16,-158.085,117.483,0,0,0,2500,0,0,2500,0,2500,0
20230101T000011.700000,3,1358,1617.09,940.117,-94.317,0,0,0,2500,0,0,2500,0,2500,0
20230101T000011.700000,3,1359,7736.58,2317.43,-538.393,0,0,0,2500,0,0,2500,0,2500,0
20230101T000011.700000,3,1360,5990.78,2350.48,-623.726,0,0,0,2500,0,0,2500,0,2500,0
20230101T000011.800000,6,1462,1560.9,-2243.21,-127.206,0,0,0,8080.44,5560.18,315.992,3958.71,-454.12,11949.5,1.55662e+18
20230101T000011.800000,6,1463,3578.36,-4040.04,-329.272,0,0,0,26219.4,23013.1,1882.63,20620.5,-2125.52,46602.9,9.09441e+16
20230101T000011.800000,6,1464,1988.48,-873.634,-341.422,0,0,0,1429.86,2687.85,1077.27,6366.79,-473.296,7549.23,1.06835e+17
20230101T000011.800000,6,1465,1593.48,-407.216,25.6144,0,0,0,326.367,1022.62,-64.3399,4066.65,16.4422,4328,1.25702e+17
20230101T000011.800000,6,1466,3372.48,-1504.22,-175.796,0,0,0,3714.79,8074.58,945.811,18216.6,-421.859,21818.2,1.32151e+17
20230101T000011.800000,6,1467,837.034,-301.542,130.72,0,0,0,225.135,375.148,-166.407,1131.34,59.9485,1267.84,1.0935e+22
20230101T000011.800000,6,1468,7599.47,-826.187,-394.405,0,0,0,1401.2,10012.1,4792.35,92406.7,-521.008,93495.4,1.84768e+17
20230101T000011.800000,6,1469,9353.51,-929.923,507.185,0,0,0,1854.35,13870.1,-7586.91,139986,754.288,141365,2.82219e+17
20230101T000011.800000,6,1470,5050.48,-657.354,212.539,0,0,0,825.28,5294.5,-1714.84,40814.1,223.198,41503.3,4.43334e+17
20230101T000011.800000,6,1471,225.909,92.9622,0.562837,0,0,0,68.5593,-11.0793,-0.0670801,90.9241,-0.0276036,95.4836,1.08125e+17
20230101T000011.800000,6,1472,7148.69,4366.88,-1127.01,0,0,0,32037.2,-49015.9,12883.4,82335.3,7870.01,112279,1.21829e+17
20230101T000011.800000,6,1473,8728.41,7819.48,-965.68,0,0,0,98693.7,-108429,13482.3,122589,12078.3,219727,1.58878e+17
20230101T000011.800000,6,1474,7876.5,5474.71,-562.166,0,0,0,48339.8,-68727.6,7081.57,99448.4,4922.18,147219,2.24833e+17
20230101T000011.800000,6,1475,4275.96,3012.46,-695.995,0,0,0,15079.8,-20215.3,4754.84,29532.1,3349.83,43775.1,1.4423e+17
20230101T000011.800000,4,1357,858.702,-255.62,126.217,-1.92651,-9.65688,0.864709,100.141,134.394,-101.133,822.503,18.2059,842.866,0
20230101T000011.800000,3,1361,1560.9,-2243.21,-127.206,0,0,0,2500,0,0,2500,0,2500,0
20230101T000011.800000,3,1362,3578.36,-4040.04,-329.272,0,0,0,2500,0,0,2500,0,2500,0
20230101T000011.800000,3,1363,1988.48,-873.634,-341.422,0,0,0,2500,0,0,2500,0,2500,0
20230101T000011.800000,3,1364,1593.48,-407.216,25.6144,0,0,0,2500,0,0,2500,0,2500,0
20230101T000011.800000,3,1365,3372.48,-1504.22,-175.796,0,0,0,2500,0,0,2500,0,2500,0
20230101T000011.800000,3,1366,7599.47,-826.187,-394.405,0,0,0,2500,0,0,2500,0,2500,0
20230101T000011.800000,3,1367,9353.51,-929.923,507.185,0,0,0,2500,0,0,2500,0,2500,0
20230101T000011.800000,3,1368,5050.48,-657.354,212.539,0,0,0,2500,0,0,2500,0,2500,0
20230101T000011.800000,3,1369,225.909,92.9622,0.562837,0,0,0,2500,0,0,2500,0,2500,0
20230101T000011.800000,3,1370,7148.69,4366.88,-1127.01,0,0,0,2500,0,0,2500,0,2500,0
20230101T000011.800000,3,1371,8728.41,7819.48,-965.68,0,0,0,2500,0,0,2500,0,2500,0
20230101T000011.800000,3,1372,7876.5,5474.71,-562.166,0,0,0,2500,0,0,2500,0,2500,0
20230101T000011.800000,3,1373,4275.96,3012.46,-695.995,0,0,0,2500,0,0,2500,0,2500,0
20230101T000011.900000,6,1476,2454.76,-1771.96,-639.702,0,0,0,5494.49,6619.8,2502.01,9886.65,-1806.07,14667.9,2.19459e+17
20230101T000011.900000,6,1477,2617,-3478.73,-620.703,0,0,0,19607.9,14239.9,2593.63,11391.6,-3447.67,30321.7,1.50644e+17
20230101T000011.900000,6,1478,5007.2,-3608.48,-639.047,0,0,0,21305.6,28569.5,5114.42,40360.2,-3685.75,60949.7,8.7994e+16
20230101T000011.900000,6,1479,11762.2,-2308.67,-2627.66,0,0,0,19224.3,41348.7,49438.2,221772,-9703.66,229891,8.5727e+17
20230101T000011.900000,6,1480,760.788,-445.889,171.43,0,0,0,399.009,495.349,-198.332,953.868,116.24,1246.52,1.63427e+20
20230101T000011.900000,6,1481,4764.24,-1612.87,-435.428,0,0,0,4491.32,12183.1,3313.97,36354.5,-1121.9,40479.4,1.38471e+17
20230101T000011.900000,6,1482,3772.84,448.097,-460.903,0,0,0,718.622,-2657.76,2774.66,22780.5,329.544,23097.1,1.55879e+17
20230101T000011.900000,6,1483,1558.65,141.546,-214.823,0,0,0,167.593,-340.685,527.148,3888.15,47.8719,3920.28,1.03757e+17
20230101T000011.900000,6,1484,11726.2,1871.43,-580.709,0,0,0,6192.05,-35017.8,10892.1,220020,1738.32,225609,2.04085e+17
20230101T000011.900000,6,1485,9581.8,5638.18,-1257.81,0,0,0,52789.8,-85304.2,19277.1,147565,11343.2,197761,1.53007e+17
20230101T000011.900000,6,1486,8726.58,4356.06,-2173.83,0,0,0,36461.9,-57775.9,30339.9,123365,15144.8,152208,8.73189e+17
20230101T000011.900000,6,1487,683.39,305.705,27.5048,0,0,0,203.794,-309.99,-27.9309,758.094,-12.4945,896.85,2.37278e+17
20230101T000011.900000,6,1488,6360.96,3864.18,-5.7437,0,0,0,23937.8,-39299.4,58.4146,64756.2,35.4859,88629.9,3.24524e+17
20230101T000011.900000,6,1489,3471.11,2126.77,-972.949,0,0,0,8382.25,-11109.9,5391.21,19707.7,3303.22,26518.3,2.50929e+17
20230101T000011.900000,6,1490,3403.38,2278.42,-862.689,0,0,0,9170.5,-11828.1,4686.96,18920.2,3137.73,26841.4,2.41065e+17
20230101T000011.900000,6,1491,7468.22,7194.65,293.453,0,0,0,82925.4,-85869.2,-3505.22,89336.1,-3376.82,172060,1.41336e+17
20230101T000011.900000,6,1492,5813.85,4641.07,230.944,0,0,0,34554.5,-43099.2,-2146.72,54139.4,-1713.68,88544.7,3.02227e+17
20230101T000011.900000,3,1374,2454.76,-1771.96,-639.702,0,0,0,2500,0,0,2500,0,2500,0
20230101T000011.900000,3,1375,2617,-3478.73,-620.703,0,0,0,2500,0,0,2500,0,2500,0
20230101T000011.900000,3,1376,5007.2,-3608.48,-639.047,0,0,0,2500,0,0,2500,0,2500,0
20230101T000011.900000,3,1377,11762.2,-2308.67,-2627.66,0,0,0,2500,0,0,2500,0,2500,0
20230101T000011.900000,3,1378,760.788,-445.889,171.43,0,0,0,2500,0,0,2500,0,2500,0
20230101T000011.900000,3,1379,4764.24,-1612.87,-435.428,0,0,0,2500,0,0,2500,0,2500,0
20230101T000011.900000,3,1380,3772.84,448.097,-460.903,0,0,0,2500,0,0,2500,0,2500,0
20230101T000011.900000,3,1381,1558.65,141.546,-214.823,0,0,0,2500,0,0,2500,0,2500,0
20230101T000011.900000,3,1382,11726.2,1871.43,-580.709,0,0,0,2500,0,0,2500,0,2500,0
20230101T000011.900000,3,1383,9581.79,5638.18,-1257.81,0,0,0,2500,0,0,2500,0,2500,0
20230101T000011.900000,3,1384,8726.58,4356.06,-2173.83,0,0,0,2500,0,0,2500,0,2500,0
20230101T000011.900000,3,1385,683.39,305.705,27.5048,0,0,0,2500,0,0,2500,0,2500,0
20230101T000011.900000,3,1386,6360.96,3864.18,-5.7437,0,0,0,2500,0,0,2500,0,2500,0
20230101T000011.900000,3,1387,3471.11,2126.77,-972.949,0,0,0,2500,0,0,2500,0,2500,0
20230101T000011.900000,3,1388,3403.38,2278.42,-862.689,0,0,0,2500,0,0,2500,0,2500,0
20230101T000011.900000,3,1389,7468.22,7194.65,293.453,0,0,0,2500,0,0,2500,0,2500,0
20230101T000011.900000,3,1390,5813.85,4641.07,230.944,0,0,0,2500,0,0,2500,0,2500,0
20230101T000012,6,1493,2098.89,-2205.35,-453.309,0,0,0,7967.74,7210.61,1515.88,7253.91,-1592.77,14831.7,2.7998e+17
20230101T000012,6,1494,1190.17,-1765.1,139.925,0,0,0,5014.65,3317.18,-264.114,2331.75,391.7,7251.63,1.96291e+17
20230101T000012,6,1495,2099.16,-1512.97,-99.095,0,0,0,3714.91,5043.77,330.84,7077.57,-238.453,10713,1.8462e+17
20230101T000012,6,1496,6947.67,-7355.46,-1110.85,0,0,0,87525.1,80748.1,12343.7,78309,-13068.2,163797,1.30947e+17
20230101T000012,6,1497,680.632,-579.633,109.683,0,0,0,585.263,590.603,-113.557,775.812,96.7062,1279.72,4.34185e+21
20230101T000012,6,1498,10993.8,1043.24,-1025.64,0,0,0,3472.33,-18186.5,18035.3,193399,1711.43,195125,2.70265e+17
20230101T000012,6,1499,2097.58,924.398,136.882,0,0,0,1445.72,-3067.81,-455.909,7055.02,-200.918,8407.22,1.47315e+17
20230101T000012,6,1500,9867.46,5142.61,2244.88,0,0,0,48703.6,-77861.4,-35431,157522,-18465.5,198104,2.25112e+17
20230101T000012,6,1501,9441.27,3795.83,1652.35,0,0,0,26867.5,-55806.4,-24951,143237,-10031.5,165675,1.28304e+17
20230101T000012,6,1502,10318,3139.24,988.773,0,0,0,17257.5,-51371.6,-16317.8,170475,-4964.69,186105,1.25675e+17
20230101T000012,6,1503,4947.38,2957.96,109.27,0,0,0,14060.4,-23378,-863.919,39184.3,-516.523,53161.7,1.6449e+17
20230101T000012,6,1504,9090.17,5868.92,3431.81,0,0,0,68451.5,-76745.8,-49897.8,137771,-32215.6,187327,2.13517e+17
20230101T000012,4,1378,717.225,-540.39,131.069,-4.31324,-9.35651,-3.99615,281.027,323.791,-127.983,643.718,75.0093,825.491,0
20230101T000012,3,1391,2098.89,-2205.35,-453.309,0,0,0,2500,0,0,2500,0,2500,0
20230101T000012,3,1392,1190.17,-1765.1,139.925,0,0,0,2500,0,0,2500,0,2500,0
20230101T000012,3,1393,2099.16,-1512.97,-99.095,0,0,0,2500,0,0,2500,0,2500,0
20230101T000012,3,1394,6947.67,-7355.46,-1110.85,0,0,0,2500,0,0,2500,0,2500,0
20230101T000012,3,1395,10993.8,1043.24,-1025.64,0,0,0,2500,0,0,2500,0,2500,0
20230101T000012,3,1396,2097.58,924.398,136.882,0,0,0,2500,0,0,2500,0,2500,0
20230101T000012,3,1397,9867.46,5142.61,2244.88,0,0,0,2500,0,0,2500,0,2500,0
20230101T000012,3,1398,9441.27,3795.83,1652.35,0,0,0,2500,0,0,2500,0,2500,0
20230101T000012,3,1399,10318,3139.24,988.773,0,0,0,2500,0,0,2500,0,2500,0
20230101T000012,3,1400,4947.38,2957.96,109.27,0,0,0,2500,0,0,2500,0,2500,0
20230101T000012,3,1401,9090.17,5868.92,3431.81,0,0,0,2500,0,0,2500,0,2500,0
20230101T000012.100000,6,1505,7403.46,-9021.14,-1631.94,0,0,0,131950,104740,19325.7,90281.6,-23548.4,217909,4.18831e+17
20230101T000012.100000,6,1506,6937.54,-7831.79,1104.45,0,0,0,99025,85933.2,-12255,78136.1,13834.7,175147,3.32105e+17
20230101T000012.100000,6,1507,3989,-3132.02,1199.27,0,0,0,17156.3,18842.6,-7642.95,26360.1,6000.96,41158,3.18703e+17
20230101T000012.100000,6,1508,1729.19,-750.408,-125.514,0,0,0,975.81,2043.69,343.368,4798.27,-149.009,5685.44,1.14798e+17
20230101T000012.100000,6,1509,6655.44,-1848.35,-1049.99,0,0,0,7161.99,19211.6,11171.9,71002.7,-3102.67,76339.6,2.49155e+17
20230101T000012.100000,6,1510,7679.13,-3860.14,-1216.62,0,0,0,25781.7,46452.5,14940.3,94840.9,-7510.15,118193,2.6097e+17
20230101T000012.100000,6,1511,7907.32,-1497.79,468.775,0,0,0,3990.38,18873.6,-5927.16,100056,1122.71,103631,1.90843e+17
20230101T000012.100000,6,1512,10619.5,4910.64,-476.537,0,0,0,38935,-83274.9,8094.58,180513,3743.07,219021,1.33806e+17
20230101T000012.100000,6,1513,12084.4,2631.32,-1505.19,0,0,0,14599.2,-50109.8,29095.3,233818,6335.37,244730,1.26355e+17
20230101T000012.100000,6,1514,414.861,132.659,60.3891,0,0,0,90.4191,-68.1471,-31.7925,281.742,-10.1662,304.741,2.21913e+17
20230101T000012.100000,6,1515,9170.78,2423.11,-980.473,0,0,0,10891.3,-35159.4,14380.4,134670,3799.6,143960,4.88372e+17
20230101T000012.100000,6,1516,669.256,838.564,-244.252,0,0,0,1185.92,-821.738,252.907,812.129,316.887,1844.9,1.20019e+22
20230101T000012.100000,6,1517,4088.66,4721.37,-552.974,0,0,0,35903,-30613,3613.8,27063.3,4173.02,62414,1.35991e+17
20230101T000012.100000,3,1402,7403.46,-9021.14,-1631.94,0,0,0,2500,0,0,2500,0,2500,0
20230101T000012.100000,3,1403,6937.54,-7831.79,1104.45,0,0,0,2500,0,0,2500,0,2500,0
20230101T000012.100000,3,1404,3989,-3132.02,1199.27,0,0,0,2500,0,0,2500,0,2500,0
20230101T000012.100000,3,1405,1729.19,-750.408,-125.514,0,0,0,2500,0,0,2500,0,2500,0
20230101T000012.100000,3,1406,6655.44,-1848.35,-1049.99,0,0,0,2500,0,0,2500,0,2500,0
20230101T000012.100000,3,1407,7679.13,-3860.14,-1216.62,0,0,0,2500,0,0,2500,0,2500,0
20230101T000012.100000,3,1408,7907.32,-1497.79,468.775,0,0,0,2500,0,0,2500,0,2500,0
20230101T000012.100000,3,1409,10619.5,4910.64,-476.537,0,0,0,2500,0,0,2500,0,2500,0
20230101T000012.100000,3,1410,12084.4,2631.32,-1505.19,0,0,0,2500,0,0,2500,0,2500,0
20230101T000012.100000,3,1411,414.861,132.659,60.3891,0,0,0,2500,0,0,2500,0,2500,0
20230101T000012.100000,3,1412,9170.78,2423.11,-980.473,0,0,0,2500,0,0,2500,0,2500,0
20230101T000012.100000,3,1413,669.256,838.564,-244.252,0,0,0,2500,0,0,2500,0,2500,0
20230101T000012.100000,3,1414,4088.66,4721.37,-552.974,0,0,0,2500,0,0,2500,0,2500,0
20230101T000012.200000,6,1518,423.955,-618.007,-155.661,0,0,0,643.132,372.507,98.3802,355.662,-143.411,901.32,3.31226e+17
20230101T000012.200000,6,1519,5995.55,-5238.09,-546.142,0,0,0,44207,49980.4,5235.78,57748.8,-4574.31,101415,1.92209e+17
20230101T000012.200000,6,1520,2135.66,-1210.46,146.133,0,0,0,2418.46,4094.18,-496.042,7321.46,281.149,9642.2,1.84159e+17
20230101T000012.200000,6,1521,3177.58,-2045.72,243.312,0,0,0,6807.95,10328.5,-1233.58,16201.6,794.173,22851.4,6.28959e+17
20230101T000012.200000,6,1522,6986.79,-3809.07,786.426,0,0,0,24026.1,42138.6,-8785.85,78345.7,4789.88,101319,1.8922e+17
20230101T000012.200000,6,1523,6176.09,-2361.91,-324.123,0,0,0,9128.17,23262.5,3199.98,61060.2,-1223.76,69956.6,5.40815e+17
20230101T000012.200000,6,1524,8535.4,895.428,-921.509,0,0,0,2689.34,-12081,12578,116580,1319.52,117849,1.5468e+17
20230101T000012.200000,6,1525,6292.62,946.291,514.095,0,0,0,1908.44,-9455.9,-5170.93,63366.1,-777.61,64788.5,1.77181e+17
20230101T000012.200000,6,1526,2202.08,1264.21,85.6262,0,0,0,2614.05,-4421.55,-299.82,7777.43,-172.125,10315.9,1.55925e+17
20230101T000012.200000,6,1527,3882.8,2243.52,-397.23,0,0,0,8290.31,-13801,2462.91,24200.9,1423.1,32175.7,5.15007e+17
20230101T000012.200000,6,1528,9292.31,3527.07,-479.485,0,0,0,20281.8,-52296.3,7125.96,138210,2704.8,158060,2.52867e+17
20230101T000012.200000,6,1529,10166.7,2820.21,1876.64,0,0,0,18015.5,-44408,-30516.1,165785,-8465.07,178106,1.57258e+17
20230101T000012.200000,6,1530,7679.09,2759.27,354.654,0,0,0,12416.5,-33817.5,-4354.86,94379.9,-1564.8,106531,6.36417e+17
20230101T000012.200000,6,1531,1657.01,2176.99,31.3978,0,0,0,7606.89,-5740.07,-82.7975,4434.62,-108.78,11975.9,1.60129e+17
20230101T000012.200000,6,1532,800.751,718.662,-221.646,0,0,0,903.9,-851.159,274.561,1088.38,246.415,1854.89,1.06462e+21
20230101T000012.200000,4,1413,750.365,775.304,-231.305,8.03057,-6.26333,1.28187,694.68,-463.954,139.573,483.637,174.882,1045.26,0
20230101T000012.200000,3,1415,423.955,-618.007,-155.661,0,0,0,2500,0,0,2500,0,2500,0
20230101T000012.200000,3,1416,5995.55,-5238.09,-546.142,0,0,0,2500,0,0,2500,0,2500,0
20230101T000012.200000,3,1417,2135.66,-1210.46,146.133,0,0,0,2500,0,0,2500,0,2500,0
20230101T000012.200000,3,1418,3177.58,-2045.72,243.312,0,0,0,2500,0,0,2500,0,2500,0
20230101T000012.200000,3,1419,6986.79,-3809.07,786.426,0,0,0,2500,0,0,2500,0,2500,0
20230101T000012.200000,3,1420,6176.09,-2361.91,-324.123,0,0,0,2500,0,0,2500,0,2500,0
20230101T000012.200000,3,1421,8535.4,895.428,-921.509,0,0,0,2500,0,0,2500,0,2500,0
20230101T000012.200000,3,1422,6292.62,946.291,514.095,0,0,0,2500,0,0,2500,0,2500,0
20230101T000012.200000,3,1423,2202.08,1264.21,85.6262,0,0,0,2500,0,0,2500,0,2500,0
20230101T000012.200000,3,1424,3882.8,2243.52,-397.23,0,0,0,2500,0,0,2500,0,2500,0
20230101T000012.200000,3,1425,9292.31,3527.07,-479.485,0,0,0,2500,0,0,2500,0,2500,0
20230101T000012.200000,3,1426,10166.7,2820.21,1876.64,0,0,0,2500,0,0,2500,0,2500,0
20230101T000012.200000,3,1427,7679.09,2759.27,354.654,0,0,0,2500,0,0,2500,0,2500,0
20230101T000012.200000,3,1428,1657.01,2176.99,31.3978,0,0,0,2500,0,0,2500,0,2500,0
20230101T000012.300000,6,1533,3059.36,-2969.34,411.417,0,0,0,14279.2,14367.8,-2009.49,15137.7,1950.35,29083.3,1.77478e+17
20230101T000012.300000,6,1534,6366.69,-5905.88,589.496,0,0,0,56140.3,59852.6,-6001.85,65142.3,5567.45,120663,9.06889e+17
20230101T000012.300000,6,1535,7529.33,-6244.29,-663.139,0,0,0,62840.4,74847.4,7985.46,91017.9,-6622.57,153091,2.21389e+17
20230101T000012.300000,6,1536,10733.3,-2981.73,-1348.22,0,0,0,16983.7,50439.7,23146.1,184538,-6430.03,198552,2.23179e+17
20230101T000012.300000,6,1537,10374.6,-2162.92,664.352,0,0,0,8223.01,35749.2,-11023.9,172244,2298.29,179697,1.42523e+17
20230101T000012.300000,6,1538,9725.92,1603.16,939.951,0,0,0,5550.17,-24710.6,-14621.1,151389,-2410.05,155463,1.52198e+17
20230101T000012.300000,6,1539,10497.5,-1070.42,1187.22,0,0,0,4127.81,17744.8,-19933.3,176338,2032.6,178148,1.55315e+17
20230101T000012.300000,6,1540,7528.3,1153.21,-1530.74,0,0,0,5851.06,-13320.4,18426,90767.7,2822.55,92810.7,1.27783e+17
20230101T000012.300000,6,1541,8210.72,-833.195,260.32,0,0,0,1281.35,10928.5,-3417.86,107867,346.832,108976,1.03762e+17
20230101T000012.300000,6,1542,9172.2,1185.38,1116.16,0,0,0,4270.77,-17134.6,-16372.6,134641,-2115.93,136856,1.77746e+17
20230101T000012.300000,6,1543,2167.97,395.304,-348.99,0,0,0,499.05,-1325.81,1200.84,7528.44,218.958,7771.75,2.75358e+17
20230101T000012.300000,6,1544,2992.49,1311.86,-382.938,0,0,0,3003.32,-6171.66,1826.72,14376,800.806,17082.4,1.51574e+17
20230101T000012.300000,6,1545,9834.82,4366.42,893.923,0,0,0,31626.2,-68211,-14061.7,154979,-6243.05,185263,1.62725e+17
20230101T000012.300000,6,1546,6544.19,4144.08,-309.423,0,0,0,27632.3,-43293.3,3237.72,68584.4,2050.27,95999.8,1.38131e+17
20230101T000012.300000,6,1547,4613.27,1860.28,-762.797,0,0,0,6391.55,-13386.5,5621.49,34190.6,2266.83,39590.1,1.0798e+17
20230101T000012.300000,6,1548,914.818,561.07,-244.096,0,0,0,617.173,-751.636,345.487,1381.72,211.892,1845.85,2.73355e+21
20230101T000012.300000,6,1549,1688.63,1864.26,-357.457,0,0,0,5681.16,-4903.94,959.797,4709.13,1059.62,10124.4,1.47991e+17
20230101T000012.300000,3,1429,3059.36,-2969.34,411.417,0,0,0,2500,0,0,2500,0,2500,0
20230101T000012.300000,3,1430,6366.69,-5905.88,589.496,0,0,0,2500,0,0,2500,0,2500,0
20230101T000012.300000,3,1431,7529.33,-6244.29,-663.139,0,0,0,2500,0,0,2500,0,2500,0
20230101T000012.300000,3,1432,10733.3,-2981.73,-1348.22,0,0,0,2500,0,0,2500,0,2500,0
20230101T000012.300000,3,1433,10374.6,-2162.92,664.352,0,0,0,2500,0,0,2500,0,2500,0
20230101T000012.300000,3,1434,9725.92,1603.16,939.951,0,0,0,2500,0,0,2500,0,2500,0
20230101T000012.300000,3,1435,10497.5,-1070.42,1187.22,0,0,0,2500,0,0,2500,0,2500,0
20230101T000012.300000,3,1436,7528.3,1153.21,-1530.74,0,0,0,2500,0,0,2500,0,2500,0
20230101T000012.300000,3,1437,8210.72,-833.195,260.32,0,0,0,2500,0,0,2500,0,2500,0
20230101T000012.300000,3,1438,9172.2,1185.38,1116.16,0,0,0,2500,0,0,2500,0,2500,0
20230101T000012.300000,3,1439,2167.97,395.304,-348.99,0,0,0,2500,0,0,2500,0,2500,0
20230101T000012.300000,3,1440,2992.49,1311.86,-382.938,0,0,0,2500,0,0,2500,0,2500,0
20230101T000012.300000,3,1441,9834.82,4366.42,893.923,0,0,0,2500,0,0,2500,0,2500,0
20230101T000012.300000,3,1442,6544.19,4144.08,-309.423,0,0,0,2500,0,0,2500,0,2500,0
20230101T000012.300000,3,1443,4613.27,1860.28,-762.797,0,0,0,2500,0,0,2500,0,2500,0
20230101T000012.300000,3,1444,914.818,561.07,-244.096,0,0,0,2500,0,0,2500,0,2500,0
20230101T000012.300000,3,1445,1688.63,1864.26,-357.457,0,0,0,2500,0,0,2500,0,2500,0
20230101T000012.400000,6,1550,0.00012016,-7.88013e-05,-1.91047e-05,0,0,0,43.9754,-28.8393,-6.99182,18.913,4.58528,1.11166,1.89319e+17
20230101T000012.400000,6,1551,4812.65,-3254.49,-224.546,0,0,0,17046,24993.3,1727.01,37103.9,-1167.87,54005.4,1.63089e+17
20230101T000012.400000,6,1552,4124.51,-5019.74,-931.082,0,0,0,40900.7,32415.2,6138.71,28084.1,-7471.11,67536.3,2.32727e+17
20230101T000012.400000,6,1553,1863.34,-1194.34,85.2636,0,0,0,2335.84,3526.42,-252.128,5577.27,161.605,7837.68,1.39308e+17
20230101T000012.400000,6,1554,7215.44,-4351.9,1191.78,0,0,0,32014.9,49208.6,-13751.2,83923,8293.86,113604,9.02555e+17
20230101T000012.400000,6,1555,2755.23,-169.399,368.356,0,0,0,324.838,729.626,-1615.48,12147.1,99.3239,12193.1,1.92041e+17
20230101T000012.400000,6,1556,11867.8,1428.02,-113.739,0,0,0,3346.29,-27105.9,2159.12,225351,259.802,228613,1.6079e+17
20230101T000012.400000,6,1557,7249.59,-308.901,-327.475,0,0,0,387.699,3573.03,3795.62,84090.8,-161.729,84243.2,1.78839e+17
20230101T000012.400000,6,1558,1752.86,844.989,-181.205,0,0,0,1236.52,-2324.47,502.88,4937.9,242.42,6058.99,1.33055e+17
20230101T000012.400000,6,1559,9299.88,3851.6,2069.55,0,0,0,29637.6,-54866.7,-30782.9,139393,-12748.9,162119,1.95644e+17
20230101T000012.400000,6,1560,1006.93,370.764,-246.1,0,0,0,358.823,-546.199,383.403,1641.09,141.174,1845.4,3.10455e+21
20230101T000012.400000,6,1561,2000.2,2368.21,512.088,0,0,0,9174.11,-7341.5,-1632.21,6682.53,-1932.51,15376.5,2.21523e+18
20230101T000012.400000,6,1562,8533.94,7027.25,270.614,0,0,0,79119.4,-95863.2,-3693.84,116598,-3041.68,195536,1.2159e+17
20230101T000012.400000,6,1563,9771.38,7141.4,-1764.24,0,0,0,84886.4,-109248,27575.1,154523,20153.2,234368,1.88528e+17
20230101T000012.400000,6,1564,3466.15,4897.29,-341.731,0,0,0,38457.2,-27041.4,1893.08,19389.7,2674.72,57596.5,1.85817e+17
20230101T000012.400000,6,1565,4342.4,4233.92,-145.107,0,0,0,28731.9,-29367.8,1007.08,30217.9,981.926,58852.2,6.05934e+17
20230101T000012.400000,3,1446,0.00012016,-7.88013e-05,-1.91047e-05,0,0,0,2500,0,0,2500,0,2500,0
20230101T000012.400000,3,1447,4812.65,-3254.49,-224.546,0,0,0,2500,0,0,2500,0,2500,0
20230101T000012.400000,3,1448,4124.51,-5019.74,-931.082,0,0,0,2500,0,0,2500,0,2500,0
20230101T000012.400000,3,1449,1863.34,-1194.34,85.2636,0,0,0,2500,0,0,2500,0,2500,0
20230101T000012.400000,3,1450,7215.44,-4351.9,1191.78,0,0,0,2500,0,0,2500,0,2500,0
20230101T000012.400000,3,1451,2755.23,-169.399,368.356,0,0,0,2500,0,0,2500,0,2500,0
20230101T000012.400000,3,1452,11867.8,1428.02,-113.739,0,0,0,2500,0,0,2500,0,2500,0
20230101T000012.400000,3,1453,7249.59,-308.901,-327.475,0,0,0,2500,0,0,2500,0,2500,0
20230101T000012.400000,3,1454,1752.86,844.989,-181.205,0,0,0,2500,0,0,2500,0,2500,0
20230101T000012.400000,3,1455,9299.88,3851.6,2069.55,0,0,0,2500,0,0,2500,0,2500,0
20230101T000012.400000,3,1456,1006.93,370.764,-246.1,0,0,0,2500,0,0,2500,0,2500,0
20230101T000012.400000,3,1457,2000.2,2368.21,512.088,0,0,0,2500,0,0,2500,0,2500,0
20230101T000012.400000,3,1458,8533.93,7027.25,270.614,0,0,0,2500,0,0,2500,0,2500,0
20230101T000012.400000,3,1459,9771.38,7141.4,-1764.24,0,0,0,2500,0,0,2500,0,2500,0
20230101T000012.400000,3,1460,3466.15,4897.29,-341.731,0,0,0,2500,0,0,2500,0,2500,0
20230101T000012.400000,3,1461,4342.4,4233.92,-145.107,0,0,0,2500,0,0,2500,0,2500,0
20230101T000012.500000,6,1566,9.75891,-13.0219,-0.681278,0,0,0,23.2486,-30.4567,-1.59341,41.0639,2.12618,0.53567,2.52958e+17
20230101T000012.500000,6,1567,3730.18,-1707.34,118.953,0,0,0,4735.61,10157.1,-708.257,22277.7,324.177,26926.8,1.98039e+17
20230101T000012.500000,6,1568,3141.51,81.1431,-63.2446,0,0,0,80.8617,-406.043,316.607,15790.6,8.17773,15801.1,1.39322e+17
20230101T000012.500000,6,1569,1052.72,209.338,-243.077,0,0,0,219.62,-322.87,395.905,1779.07,78.7274,1846.39,3.7082e+20
20230101T000012.500000,6,1570,3890.43,-330.714,180.733,0,0,0,290.288,2048.79,-1122.06,24217.5,95.3831,24391.8,1.79068e+17
20230101T000012.500000,6,1571,11745.8,1718.78,-192.167,0,0,0,4847.21,-32284,3610.43,220746,528.317,225470,1.34232e+17
20230101T000012.500000,6,1572,8295.17,-40.267,-1238.97,0,0,0,2521.2,522.209,16434.5,110096,-79.7778,110100,1.09993e+17
20230101T000012.500000,6,1573,6794.96,-323.816,257.571,0,0,0,337.443,3512.42,-2797.88,73874.7,133.334,74042.2,2.50692e+17
20230101T000012.500000,6,1574,5807.3,5857.67,-640.482,0,0,0,55256.5,-54067.6,5947.67,54322.6,5999.26,108860,1.16568e+17
20230101T000012.500000,6,1575,4983.66,3969.68,-608.103,0,0,0,25614.2,-31334.4,4844.19,39993.2,3858.59,64953,1.78726e+17
20230101T000012.500000,4,1446,13.1635,-8.64043,-2.09347,1.30331,-0.855482,-0.207273,42.8883,-28.1264,-6.81899,18.4454,4.47193,1.08418,0
20230101T000012.500000,4,1452,11788.5,1421.85,-113.854,-7.84667,-0.611492,-0.0114338,97.3879,-288.79,23.0015,2462.67,2.76773,2497.2,0
20230101T000012.500000,4,1456,1040.51,279.656,-244.356,3.3247,-9.02061,0.172641,227.653,-308.363,211.501,951.571,77.877,1045.11,0
20230101T000012.500000,3,1462,3730.18,-1707.34,118.953,0,0,0,2500,0,0,2500,0,2500,0
20230101T000012.500000,3,1463,3141.51,81.1431,-63.2446,0,0,0,2500,0,0,2500,0,2500,0
20230101T000012.500000,3,1464,3890.43,-330.714,180.733,0,0,0,2500,0,0,2500,0,2500,0
20230101T000012.500000,3,1465,8295.17,-40.267,-1238.97,0,0,0,2500,0,0,2500,0,2500,0
20230101T000012.500000,3,1466,6794.96,-323.816,257.571,0,0,0,2500,0,0,2500,0,2500,0
20230101T000012.500000,3,1467,5807.3,5857.67,-640.482,0,0,0,2500,0,0,2500,0,2500,0
20230101T000012.500000,3,1468,4983.66,3969.68,-608.103,0,0,0,2500,0,0,2500,0,2500,0
20230101T000012.600000,6,1576,1564.84,-1223.02,56.798,0,0,0,2436.15,3028.6,-140.767,3944.18,110.018,6311.27,2.51678e+17
20230101T000012.600000,6,1577,6004.2,-7395.47,2702.56,0,0,0,92175,65298.8,-25952.1,64759.8,31965.7,145194,1.81296e+17
20230101T000012.600000,6,1578,147.921,-193.799,-15.4641,0,0,0,83.6989,14.9392,1.2068,75.5288,-1.58109,95.358,1.84015e+17
20230101T000012.600000,6,1579,6344.69,-6764.22,405.559,0,0,0,73360.6,68503.9,-4115.12,64582.2,4387.23,137616,1.07065e+17
20230101T000012.600000,6,1580,2189.84,-1192.77,-392.6,0,0,0,2514.67,4049.33,1366.93,7743.34,-744.547,9950.5,1.33159e+17
20230101T000012.600000,6,1581,4084,-772.322,-964.949,0,0,0,2451.36,4763.57,6291.51,26740,-1189.78,27644.1,2.97374e+17
20230101T000012.600000,6,1582,4014.04,-1671.99,-11.634,0,0,0,4527.62,10715.5,74.5609,25789.5,-31.0573,30252.9,1.37776e+17
20230101T000012.600000,6,1583,9785.68,-5431.34,-682.675,0,0,0,47817.9,84695.4,10685.3,153406,-5930.65,200414,7.39031e+17
20230101T000012.600000,6,1584,8689.84,-2396.46,-1586.21,0,0,0,12987.7,32272.1,22043.7,121110,-6079.15,130012,1.90578e+17
20230101T000012.600000,6,1585,2194.42,134.901,-14.4536,0,0,0,93.2065,-469.707,50.3276,7705.01,3.09387,7733.88,1.72994e+17
20230101T000012.600000,6,1586,2329.59,499.631,-234.122,0,0,0,543.855,-1831.32,866.563,8689.82,185.854,9083.2,2.26407e+17
20230101T000012.600000,6,1587,9816.98,1250.56,2516.72,0,0,0,12533.8,-18364.9,-39515.4,154360,-5033.77,156703,1.32593e+17
20230101T000012.600000,6,1588,1072.74,4.36026,-234.021,0,0,0,148.746,-6.87942,388.343,1841.24,1.57846,1844.18,2.77956e+21
20230101T000012.600000,6,1589,8880.85,-809.583,354.52,0,0,0,1311.49,11479.7,-5034.97,126193,458.99,127240,1.60183e+17
20230101T000012.600000,6,1590,12164.5,2536.53,-19.4496,0,0,0,10356.3,-49356.4,378.455,236765,78.915,247056,1.35595e+17
20230101T000012.600000,6,1591,8861.92,6487.68,-969.757,0,0,0,68365.1,-91241.9,13745.7,126201,10063.1,192998,2.65509e+17
20230101T000012.600000,3,1469,1564.84,-1223.02,56.798,0,0,0,2500,0,0,2500,0,2500,0
20230101T000012.600000,3,1470,6004.2,-7395.47,2702.56,0,0,0,2500,0,0,2500,0,2500,0
20230101T000012.600000,3,1471,147.921,-193.799,-15.4641,0,0,0,2500,0,0,2500,0,2500,0
20230101T000012.600000,3,1472,6344.69,-6764.22,405.559,0,0,0,2500,0,0,2500,0,2500,0
20230101T000012.600000,3,1473,2189.84,-1192.77,-392.6,0,0,0,2500,0,0,2500,0,2500,0
20230101T000012.600000,3,1474,4084,-772.322,-964.949,0,0,0,2500,0,0,2500,0,2500,0
20230101T000012.600000,3,1475,4014.04,-1671.99,-11.634,0,0,0,2500,0,0,2500,0,2500,0
20230101T000012.600000,3,1476,9785.68,-5431.34,-682.675,0,0,0,2500,0,0,2500,0,2500,0
20230101T000012.600000,3,1477,8689.84,-2396.46,-1586.21,0,0,0,2500,0,0,2500,0,2500,0
20230101T000012.600000,3,1478,2194.42,134.901,-14.4536,0,0,0,2500,0,0,2500,0,2500,0
20230101T000012.600000,3,1479,2329.59,499.631,-234.122,0,0,0,2500,0,0,2500,0,2500,0
20230101T000012.600000,3,1480,9816.98,1250.56,2516.72,0,0,0,2500,0,0,2500,0,2500,0
20230101T000012.600000,3,1481,1072.74,4.36026,-234.021,0,0,0,2500,0,0,2500,0,2500,0
20230101T000012.600000,3,1482,8880.85,-809.583,354.52,0,0,0,2500,0,0,2500,0,2500,0
20230101T000012.600000,3,1483,12164.5,2536.53,-19.4496,0,0,0,2500,0,0,2500,0,2500,0
20230101T000012.600000,3,1484,8861.92,6487.68,-969.757,0,0,0,2500,0,0,2500,0,2500,0
20230101T000012.700000,6,1592,6262.2,-4373.94,-1364.88,0,0,0,32655.1,42396.4,13666.4,63741.9,-9545.5,93356.3,8.07202e+17
20230101T000012.700000,6,1593,3074.62,-1373.82,832.291,0,0,0,3993.96,6323.07,-4080.76,15319.8,1823.38,18148.8,1.65909e+17
20230101T000012.700000,6,1594,1051.06,-256.941,-204.76,0,0,0,227.233,402.368,332.985,1774.82,-81.4014,1875.39,3.52176e+20
20230101T000012.700000,6,1595,10112.5,-5751.23,-886.066,0,0,0,53919.8,92488.1,14332.4,163944,-8151.15,216545,8.45081e+17
20230101T000012.700000,6,1596,3930.45,-1267.32,-438.433,0,0,0,2905.69,7861.54,2750.79,24752.5,-886.955,27288,1.61325e+17
20230101T000012.700000,6,1597,2745.77,69.0621,-176.871,0,0,0,121.349,-300.546,772.936,12062.9,19.441,12070.7,2.227e+17
20230101T000012.700000,6,1598,1067.82,-145.194,-218.339,0,0,0,168.981,229.675,360.692,1826.87,-49.0444,1860.63,3.488e+20
20230101T000012.700000,6,1599,11913.3,-1363.5,1623.35,0,0,0,7198.53,25506.6,-30934.7,227139,3540.52,230060,2.9361e+17
20230101T000012.700000,6,1600,5951.54,1943.24,132.861,0,0,0,6125.21,-18477.2,-1263.88,56682.1,-412.669,62715.1,3.68552e+17
20230101T000012.700000,6,1601,1373.57,1589.41,-29.0841,0,0,0,4069.88,-3460.73,63.3391,3056.1,73.2921,7060.66,8.96376e+16
20230101T000012.700000,6,1602,6711.26,8520.96,-1393.94,0,0,0,117385,-89956.4,14963.2,74023.2,18998,188238,9.89614e+17
20230101T000012.700000,6,1603,5383.86,4469.56,1158.69,0,0,0,33271.7,-37415.3,-9973.21,47279.3,-8279.54,78342.4,1.15484e+18
20230101T000012.700000,4,1481,1076.55,-81.9856,-225.294,0.377452,-8.54912,0.864094,109.275,-3.88382,214.717,1064.78,0.872738,1046.69,0
20230101T000012.700000,3,1485,6262.2,-4373.94,-1364.88,0,0,0,2500,0,0,2500,0,2500,0
20230101T000012.700000,3,1486,3074.62,-1373.82,832.291,0,0,0,2500,0,0,2500,0,2500,0
20230101T000012.700000,3,1487,1051.06,-256.941,-204.76,0,0,0,2500,0,0,2500,0,2500,0
20230101T000012.700000,3,1488,10112.5,-5751.23,-886.066,0,0,0,2500,0,0,2500,0,2500,0
20230101T000012.700000,3,1489,3930.45,-1267.32,-438.433,0,0,0,2500,0,0,2500,0,2500,0
20230101T000012.700000,3,1490,2745.77,69.0621,-176.871,0,0,0,2500,0,0,2500,0,2500,0
20230101T000012.700000,3,1491,11913.3,-1363.5,1623.35,0,0,0,2500,0,0,2500,0,2500,0
20230101T000012.700000,3,1492,5951.54,1943.24,132.861,0,0,0,2500,0,0,2500,0,2500,0
20230101T000012.700000,3,1493,1373.57,1589.41,-29.0841,0,0,0,2500,0,0,2500,0,2500,0
20230101T000012.700000,3,1494,6711.26,8520.96,-1393.94,0,0,0,2500,0,0,2500,0,2500,0
20230101T000012.700000,3,1495,5383.86,4469.56,1158.69,0,0,0,2500,0,0,2500,0,2500,0
20230101T000012.800000,6,1604,7953.33,-6708.27,-209.947,0,0,0,72080,85298.6,2670.65,101265,-2252.58,173210,1.13806e+17
20230101T000012.800000,6,1605,8046.53,-6835.55,2623.39,0,0,0,81190.4,82540.9,-33763.2,108235,28682,178358,1.76219e+17
20230101T000012.800000,6,1606,1003.75,-383.816,-224.945,0,0,0,359.829,568.947,349.274,1630.18,-133.556,1850.42,1.57053e+21
20230101T000012.800000,6,1607,5298.11,-3463.43,-948.545,0,0,0,20245,28671.4,8032.95,45361.7,-5251.22,64105.9,2.87095e+17
20230101T000012.800000,6,1608,3456.38,615.402,-628.967,0,0,0,1279.57,-3283.37,3467.38,19135.8,617.361,19722.4,2.30675e+17
20230101T000012.800000,6,1609,2051.49,2487.35,-51.8642,0,0,0,9926.72,-8130.91,169.583,6774.4,205.613,16632.8,9.54072e+16
20230101T000012.800000,6,1610,1962.29,1920.34,-192.455,0,0,0,5963.15,-5967.77,601.054,6221.07,588.206,12061.6,2.7013e+17
20230101T000012.800000,6,1611,3186.32,3326.74,149.886,0,0,0,17755.3,-16910.2,-762.695,16296.3,-796.306,33951.8,1.01044e+17
20230101T000012.800000,6,1612,6590.36,8079.54,-974.039,0,0,0,105078,-84420.7,10267.1,70442.1,12587.1,173939,1.17187e+17
20230101T000012.800000,6,1613,5044.13,5528.01,1049.53,0,0,0,49723.5,-43705.7,-8464.39,41705.2,-9276.37,89604.7,1.3259e+17
20230101T000012.800000,4,1487,1027.31,-331.371,-215.981,-2.35066,-7.36936,-1.11098,153.299,225.415,183.64,1020.29,-44.8927,1061.4,0
20230101T000012.800000,3,1496,7953.32,-6708.27,-209.947,0,0,0,2500,0,0,2500,0,2500,0
20230101T000012.800000,3,1497,8046.53,-6835.55,2623.39,0,0,0,2500,0,0,2500,0,2500,0
20230101T000012.800000,3,1498,5298.11,-3463.43,-948.545,0,0,0,2500,0,0,2500,0,2500,0
20230101T000012.800000,3,1499,3456.38,615.402,-628.967,0,0,0,2500,0,0,2500,0,2500,0
20230101T000012.800000,3,1500,2051.49,2487.35,-51.8642,0,0,0,2500,0,0,2500,0,2500,0
20230101T000012.800000,3,1501,1962.29,1920.34,-192.455,0,0,0,2500,0,0,2500,0,2500,0
20230101T000012.800000,3,1502,3186.32,3326.74,149.886,0,0,0,2500,0,0,2500,0,2500,0
20230101T000012.800000,3,1503,6590.36,8079.54,-974.039,0,0,0,2500,0,0,2500,0,2500,0
20230101T000012.800000,3,1504,5044.13,5528.01,1049.53,0,0,0,2500,0,0,2500,0,2500,0
20230101T000012.900000,6,1614,2940.5,-2919.92,272.592,0,0,0,13733.5,13646.4,-1279.52,13925.1,1270.56,27476.3,1.48539e+17
20230101T000012.900000,6,1615,12.6925,-10.2017,0.256272,0,0,0,39.0385,-31.0365,0.779653,25.3701,-0.626652,0.440123,1.60268e+17
20230101T000012.900000,6,1616,6222.9,-7000,-1158.28,0,0,0,79375.5,68599.3,11527.4,63193.3,-12966.9,140360,7.31098e+17
20230101T000012.900000,6,1617,7246.91,-5091.29,-1444.37,0,0,0,43750.6,57434.4,16739.2,85151.9,-11760.1,125504,1.37741e+17
20230101T000012.900000,6,1618,895.056,-596.197,-229.508,0,0,0,669.498,786.68,317.804,1326.51,-211.689,1853.31,9.51316e+19
20230101T000012.900000,6,1619,3764.71,-1059.2,-548.877,0,0,0,2299.86,6238.07,3297.7,22716.8,-927.805,24473.1,5.51479e+17
20230101T000012.900000,6,1620,9621.66,-6066.98,1888.72,0,0,0,63021.7,90795.9,-29067.5,149764,18328.7,207017,1.45959e+17
20230101T000012.900000,6,1621,6923.14,-3374.51,-1184.86,0,0,0,20085.2,36470.2,13116.1,77131.1,-6393.08,94909,6.36523e+17
20230101T000012.900000,6,1622,5265.46,-1128.41,486.52,0,0,0,2460.07,9415.93,-4093.2,44379.6,877.187,46397.9,1.38792e+17
20230101T000012.900000,6,1623,3594.93,2512.93,-419.634,0,0,0,10335.6,-14292,2408.71,20790.9,1683.74,30781.9,1.02964e+18
20230101T000012.900000,6,1624,9837.54,1797.49,-2143.71,0,0,0,12344,-26981.8,33729.3,155083,6162.94,160016,2.28566e+17
20230101T000012.900000,6,1625,1723.68,2289.88,-35.3475,0,0,0,8413.54,-6283.52,97.0098,4795.83,128.876,13143.4,1.72353e+17
20230101T000012.900000,6,1626,7666.59,7176.59,1334.58,0,0,0,83957.9,-86578.7,-16364.9,95402.8,-15318.9,176449,1.88122e+17
20230101T000012.900000,6,1627,400.703,436.745,48.2902,0,0,0,335.956,-246.478,-27.4582,293.447,-29.9279,562.517,4.9503e+17
20230101T000012.900000,6,1628,78.7366,102.476,-16.5596,0,0,0,40.3385,17.7229,-2.82968,49.7876,-3.68283,27.7551,2.15572e+17
20230101T000012.900000,4,1446,12.9251,-10.365,0.268585,-0.537931,-4.34967,5.89591,38.7535,-25.1564,-6.09424,16.9407,4.00021,1.40504,0
20230101T000012.900000,3,1505,2940.5,-2919.92,272.592,0,0,0,2500,0,0,2500,0,2500,0
20230101T000012.900000,3,1506,6222.9,-7000,-1158.28,0,0,0,2500,0,0,2500,0,2500,0
20230101T000012.900000,3,1507,7246.91,-5091.29,-1444.37,0,0,0,2500,0,0,2500,0,2500,0
20230101T000012.900000,3,1508,895.056,-596.197,-229.508,0,0,0,2500,0,0,2500,0,2500,0
20230101T000012.900000,3,1509,3764.71,-1059.2,-548.877,0,0,0,2500,0,0,2500,0,2500,0
20230101T000012.900000,3,1510,9621.66,-6066.98,1888.72,0,0,0,2500,0,0,2500,0,2500,0
20230101T000012.900000,3,1511,6923.14,-3374.51,-1184.86,0,0,0,2500,0,0,2500,0,2500,0
20230101T000012.900000,3,1512,5265.46,-1128.41,486.52,0,0,0,2500,0,0,2500,0,2500,0
20230101T000012.900000,3,1513,3594.93,2512.93,-419.634,0,0,0,2500,0,0,2500,0,2500,0
20230101T000012.900000,3,1514,9837.55,1797.49,-2143.71,0,0,0,2500,0,0,2500,0,2500,0
20230101T000012.900000,3,1515,1723.68,2289.88,-35.3475,0,0,0,2500,0,0,2500,0,2500,0
20230101T000012.900000,3,1516,7666.59,7176.59,1334.58,0,0,0,2500,0,0,2500,0,2500,0
20230101T000012.900000,3,1517,400.703,436.745,48.2902,0,0,0,2500,0,0,2500,0,2500,0
20230101T000012.900000,3,1518,78.7366,102.476,-16.5596,0,0,0,2500,0,0,2500,0,2500,0
20230101T000013,6,1629,879.338,-634.043,-145.293,0,0,0,706.803,846.211,197.584,1270.23,-142.467,1881.52,9.29341e+18
20230101T000013,6,1630,4312.53,-4092.33,-334.016,0,0,0,26923,28116.3,2302.12,29871.4,-2184.58,56552.3,1.17611e+18
20230101T000013,6,1631,4137.91,-878.88,-187.125,0,0,0,1350.61,5794.4,1236.13,27400.9,-262.55,28631.7,3.005e+17
20230101T000013,6,1632,9939.23,-5183.44,-505.496,0,0,0,43360.5,82237.2,8036.24,158162,-4191,201050,1.10722e+17
20230101T000013,6,1633,9489.67,-3047.5,21.0616,0,0,0,14918.3,46252.8,-319.659,144092,102.655,158946,1.78332e+17
20230101T000013,6,1634,8544.61,-1679.88,471.005,0,0,0,4918.4,22887.1,-6435.91,116832,1265.31,121332,6.01492e+17
20230101T000013,6,1635,11156.3,-1809.6,88.7369,0,0,0,5314.06,32289.4,-1583.47,199143,256.844,204381,1.28118e+17
20230101T000013,6,1636,10742.5,-367.702,1.51954,0,0,0,280.256,6317.85,-26.1088,184641,0.893673,184857,8.72167e+16
20230101T000013,6,1637,1144.58,304.334,-103.65,0,0,0,223.565,-537.295,184.445,2101.43,49.0424,2244.78,1.87918e+17
20230101T000013,6,1638,1595.85,1373.51,221.814,0,0,0,3100.02,-3436.83,-561.316,4135.2,-483.111,7093.9,1.78497e+17
20230101T000013,6,1639,7486.71,7178.78,194.432,0,0,0,82520.7,-85930.5,-2328.19,89740.9,-2232.43,172137,1.84884e+17
20230101T000013,6,1640,4345.56,5790.42,1332.41,0,0,0,54692.1,-38866.9,-9257.26,32071,-12335.2,83862.8,1.9215e+17
20230101T000013,6,1641,6142.48,5589.61,-1738.22,0,0,0,52667.9,-52497.6,17073.7,62585.7,15536.9,110361,2.63567e+17
20230101T000013,6,1642,6999.09,5694.92,-932.217,0,0,0,52766,-63063.1,10434.4,78958.7,8490.11,130272,2.78316e+17
20230101T000013,6,1643,3657.43,3106.61,232.663,0,0,0,15529.1,-18105.3,-1359.16,21465.9,-1154.47,36844.6,1.59302e+17
20230101T000013,4,1508,885.954,-617.8,-181.412,-0.901171,-2.13892,4.76193,402.597,443.15,175.483,772.706,-116.889,1050.43,0
20230101T000013,3,1519,4312.53,-4092.33,-334.016,0,0,0,2500,0,0,2500,0,2500,0
20230101T000013,3,1520,4137.91,-878.88,-187.125,0,0,0,2500,0,0,2500,0,2500,0
20230101T000013,3,1521,9939.23,-5183.44,-505.496,0,0,0,2500,0,0,2500,0,2500,0
20230101T000013,3,1522,9489.67,-3047.5,21.0616,0,0,0,2500,0,0,2500,0,2500,0
20230101T000013,3,1523,8544.61,-1679.88,471.005,0,0,0,2500,0,0,2500,0,2500,0
20230101T000013,3,1524,11156.3,-1809.6,88.7369,0,0,0,2500,0,0,2500,0,2500,0
20230101T000013,3,1525,10742.5,-367.702,1.51954,0,0,0,2500,0,0,2500,0,2500,0
20230101T000013,3,1526,1144.58,304.334,-103.65,0,0,0,2500,0,0,2500,0,2500,0
20230101T000013,3,1527,1595.85,1373.51,221.814,0,0,0,2500,0,0,2500,0,2500,0
20230101T000013,3,1528,7486.71,7178.78,194.432,0,0,0,2500,0,0,2500,0,2500,0
20230101T000013,3,1529,4345.56,5790.42,1332.41,0,0,0,2500,0,0,2500,0,2500,0
20230101T000013,3,1530,6142.48,5589.61,-1738.22,0,0,0,2500,0,0,2500,0,2500,0
20230101T000013,3,1531,6999.09,5694.92,-932.217,0,0,0,2500,0,0,2500,0,2500,0
20230101T000013,3,1532,3657.43,3106.61,232.663,0,0,0,2500,0,0,2500,0,2500,0
20230101T000013.100000,6,1644,2388.36,415.795,106.259,0,0,0,356.149,-1575.06,-403.297,9129.24,-70.2108,9403.57,2.21711e+17
20230101T000013.100000,6,1645,95.248,-17.9518,12.409,0,0,0,61.5614,-8.76976,6.03101,16.684,-1.13669,16.0632,1.65213e+17
20230101T000013.100000,6,1646,8244.41,-113.723,1445.8,0,0,0,3426.7,1453.15,-19060.8,108753,262.924,108775,2.75623e+17
20230101T000013.100000,6,1647,538.08,54.4648,-71.2641,0,0,0,75.0593,-39.7732,53.1062,463.969,5.37544,469.087,6.09448e+17
20230101T000013.100000,6,1648,3022.77,1416.41,55.5766,0,0,0,3266.46,-6823.89,-267.828,14631.8,-125.499,17829.4,1.19018e+17
20230101T000013.100000,6,1649,2618.99,3049.37,535.707,0,0,0,15099.4,-12520,-2239.36,11275,-2607.35,25853.5,1.4371e+17
20230101T000013.100000,6,1650,7599.17,6859.67,1066.84,0,0,0,76326.5,-82467.2,-12966.5,93241.8,-11704.7,167685,1.079e+17
20230101T000013.100000,6,1651,6132.71,4228.08,-386.796,0,0,0,28808.2,-41345.7,3792.65,60273.9,2614.77,88779.1,1.05867e+17
20230101T000013.100000,6,1652,697.665,849.117,-37.5698,0,0,0,1180.27,-915.375,40.5505,818.289,49.3534,1932.45,2.56312e+22
20230101T000013.100000,6,1653,5931.86,5519.02,1591.04,0,0,0,50939.4,-50330.3,-15091.7,58207,-14041.3,105037,1.727e+17
20230101T000013.100000,6,1654,7196.84,5421.72,-1511.65,0,0,0,49404.1,-60643.7,17398.2,84217.4,13106.9,129905,2.18461e+17
20230101T000013.100000,6,1655,2960.21,4437.91,-1143.64,0,0,0,32175.3,-20025.1,5409.4,15511.2,8109.71,45535.5,1.61719e+17
20230101T000013.100000,4,1518,173.844,-5.09765,20.0659,18.2899,-20.6873,7.04339,39.6043,17.1212,-2.73315,48.7327,-3.5572,27.454,0
20230101T000013.100000,4,1528,7432.35,7120.4,205.699,-5.38225,-5.78013,1.11552,1224.98,-1211.54,-32.814,1326.78,-31.4644,2487.66,0
20230101T000013.100000,4,1531,7051.3,5729.13,-949.489,5.16905,3.3873,-1.71008,1039.57,-1169.58,191.492,1525.34,155.81,2451.98,0
20230101T000013.100000,3,1533,2388.36,415.795,106.259,0,0,0,2500,0,0,2500,0,2500,0
20230101T000013.100000,3,1534,8244.41,-113.723,1445.81,0,0,0,2500,0,0,2500,0,2500,0
20230101T000013.100000,3,1535,538.08,54.4648,-71.2641,0,0,0,2500,0,0,2500,0,2500,0
20230101T000013.100000,3,1536,3022.77,1416.41,55.5766,0,0,0,2500,0,0,2500,0,2500,0
20230101T000013.100000,3,1537,2618.99,3049.37,535.707,0,0,0,2500,0,0,2500,0,2500,0
20230101T000013.100000,3,1538,6132.71,4228.08,-386.796,0,0,0,2500,0,0,2500,0,2500,0
20230101T000013.100000,3,1539,697.665,849.117,-37.5698,0,0,0,2500,0,0,2500,0,2500,0
20230101T000013.100000,3,1540,5931.86,5519.02,1591.04,0,0,0,2500,0,0,2500,0,2500,0
20230101T000013.100000,3,1541,2960.21,4437.91,-1143.64,0,0,0,2500,0,0,2500,0,2500,0
20230101T000013.200000,6,1656,1833.89,-1583.58,132.451,0,0,0,4065.01,4601.15,-386,5420.32,333.315,9393.64,8.24129e+16
20230101T000013.200000,6,1657,46.3181,-57.6089,4.42924,0,0,0,30.3605,-26.8876,2.06606,42.1846,-2.5697,8.9716,6.85567e+17
20230101T000013.200000,6,1658,640.133,-767.528,143.833,0,0,0,981.859,738.989,-141.537,712.134,169.704,1599.49,3.10871e+17
20230101T000013.200000,6,1659,4546.22,-5500.65,-944.374,0,0,0,49016,39279.8,6864.03,33954.1,-8305.06,81481.4,2.13029e+17
20230101T000013.200000,6,1660,3685.96,-2224.92,609.649,0,0,0,8402.3,12830.7,-3587.81,21913.6,2165.68,29659.7,2.01192e+17
20230101T000013.200000,6,1661,9869.06,-3817.1,304.135,0,0,0,23496.8,60202.6,-4800.73,155865,1856.8,179150,1.27617e+17
20230101T000013.200000,6,1662,7211.61,-3646.98,455.335,0,0,0,21595.7,41921.6,-5250.71,83292.2,2655.33,104493,1.85544e+17
20230101T000013.200000,6,1663,9439.38,-650.259,-1366.19,0,0,0,3711.21,9611.82,20624.6,142577,-1420.79,143241,3.11532e+17
20230101T000013.200000,6,1664,4579.82,2621.76,-650.509,0,0,0,11555.2,-18892.4,4760,33742.3,2724.9,44558.3,6.86666e+17
20230101T000013.200000,6,1665,852.939,693.839,-36.2533,0,0,0,809.997,-914.558,47.8398,1190.3,38.9162,1934.34,9.47369e+21
20230101T000013.200000,6,1666,7323.55,5542.72,-1456.31,0,0,0,51352,-63284.9,17056.7,87073.5,12909.1,134971,1.60509e+17
20230101T000013.200000,6,1667,4125.8,3317.93,-492.725,0,0,0,17888.2,-21681.9,3248.01,27413,2612.02,44849.9,6.50552e+17
20230101T000013.200000,3,1542,1833.89,-1583.58,132.451,0,0,0,2500,0,0,2500,0,2500,0
20230101T000013.200000,3,1543,46.3181,-57.6089,4.42924,0,0,0,2500,0,0,2500,0,2500,0
20230101T000013.200000,3,1544,640.133,-767.528,143.833,0,0,0,2500,0,0,2500,0,2500,0
20230101T000013.200000,3,1545,4546.22,-5500.65,-944.374,0,0,0,2500,0,0,2500,0,2500,0
20230101T000013.200000,3,1546,3685.96,-2224.92,609.649,0,0,0,2500,0,0,2500,0,2500,0
20230101T000013.200000,3,1547,9869.06,-3817.1,304.135,0,0,0,2500,0,0,2500,0,2500,0
20230101T000013.200000,3,1548,7211.61,-3646.98,455.335,0,0,0,2500,0,0,2500,0,2500,0
20230101T000013.200000,3,1549,9439.38,-650.26,-1366.19,0,0,0,2500,0,0,2500,0,2500,0
20230101T000013.200000,3,1550,4579.82,2621.76,-650.509,0,0,0,2500,0,0,2500,0,2500,0
20230101T000013.200000,3,1551,852.939,693.839,-36.2533,0,0,0,2500,0,0,2500,0,2500,0
20230101T000013.200000,3,1552,7323.55,5542.72,-1456.31,0,0,0,2500,0,0,2500,0,2500,0
20230101T000013.200000,3,1553,4125.8,3317.93,-492.725,0,0,0,2500,0,0,2500,0,2500,0
20230101T000013.300000,6,1668,2896.99,-2500.95,-12.101,0,0,0,10044.4,11560.6,55.9371,13455.5,-48.2902,23435.7,1.18412e+18
20230101T000013.300000,6,1669,4148.74,-5005.14,-1450.9,0,0,0,41478.8,31539.2,9622.35,29571.8,-11608.6,67624.5,1.86389e+17
20230101T000013.300000,6,1670,1997.14,-436.433,-178.319,0,0,0,413.937,1370.73,564.394,6386.94,-123.336,6686.97,1.77889e+17
20230101T000013.300000,6,1671,8750.98,-4811.71,-1251.71,0,0,0,39017.3,66286.5,17519,123124,-9632.76,159573,1.8538e+17
20230101T000013.300000,6,1672,5968.05,-1886.2,-740.531,0,0,0,6547.53,17740.9,7064.12,57073.6,-2232.62,62681.4,1.13032e+17
20230101T000013.300000,6,1673,7233.78,950.497,48.6693,0,0,0,1512.15,-10992.3,-562.877,83725.3,-73.9604,85169.7,1.13405e+17
20230101T000013.300000,6,1674,8714.44,-181.923,891.966,0,0,0,1388.67,2508.68,-12430.3,121507,259.495,121560,1.92467e+17
20230101T000013.300000,6,1675,11626.3,1869.14,-1304.13,0,0,0,8304.16,-34333.4,24252.7,216344,3899.05,221864,1.04446e+18
20230101T000013.300000,6,1676,5372.28,3084.98,570.452,0,0,0,15666.7,-26265.2,-4898.34,46323.1,-2812.83,61406.1,2.86961e+17
20230101T000013.300000,6,1677,4698.83,3005.26,-908.778,0,0,0,15432.6,-21965.9,6823.75,35728.1,4364.31,49778.6,1.49874e+17
20230101T000013.300000,6,1678,8136.6,4245.57,-860.253,0,0,0,29820.3,-54759.6,11194,106194,5840.87,134767,1.60992e+17
20230101T000013.300000,6,1679,961.176,534.105,-33.7666,0,0,0,506.677,-793.469,50.2128,1493.69,27.9022,1934.67,1.68917e+22
20230101T000013.300000,6,1680,1090.44,1450.73,-305.118,0,0,0,3443.63,-2429.65,526.053,2037.44,699.865,5271.63,1.27507e+17
20230101T000013.300000,6,1681,5193.46,3423.6,104.156,0,0,0,18810.4,-28411.2,-864.593,43179.8,-569.953,61908.9,2.8159e+17
20230101T000013.300000,6,1682,5149.58,6052.02,-2056.3,0,0,0,61469.5,-46495.9,16932.5,46388.1,19899.8,101036,2.09716e+17
20230101T000013.300000,6,1683,3259.79,3725.47,-80.5191,0,0,0,22238.8,-19393.9,419.275,17044.1,479.171,39208.6,2.73511e+17
20230101T000013.300000,6,1684,5139.54,3579.05,-839.555,0,0,0,21297.1,-28873.1,6896.97,42652.6,4802.87,62760.2,1.18333e+17
20230101T000013.300000,6,1685,4377.78,3534.2,-530.104,0,0,0,20295.5,-24504.3,3708.44,30866.4,2993.83,50649.3,1.4712e+17
20230101T000013.300000,4,1551,922.019,609.018,-34.8462,6.83964,-8.39811,0.139319,474.387,-505.055,26.4065,684.406,21.4809,1094.8,0
20230101T000013.300000,3,1554,2896.99,-2500.95,-12.101,0,0,0,2500,0,0,2500,0,2500,0
20230101T000013.300000,3,1555,4148.74,-5005.14,-1450.9,0,0,0,2500,0,0,2500,0,2500,0
20230101T000013.300000,3,1556,1997.14,-436.433,-178.319,0,0,0,2500,0,0,2500,0,2500,0
20230101T000013.300000,3,1557,8750.98,-4811.71,-1251.71,0,0,0,2500,0,0,2500,0,2500,0
20230101T000013.300000,3,1558,5968.05,-1886.2,-740.531,0,0,0,2500,0,0,2500,0,2500,0
20230101T000013.300000,3,1559,7233.78,950.497,48.6693,0,0,0,2500,0,0,2500,0,2500,0
20230101T000013.300000,3,1560,8714.44,-181.923,891.966,0,0,0,2500,0,0,2500,0,2500,0
20230101T000013.300000,3,1561,11626.3,1869.13,-1304.13,0,0,0,2500,0,0,2500,0,2500,0
20230101T000013.300000,3,1562,5372.28,3084.98,570.452,0,0,0,2500,0,0,2500,0,2500,0
20230101T000013.300000,3,1563,4698.83,3005.26,-908.778,0,0,0,2500,0,0,2500,0,2500,0
20230101T000013.300000,3,1564,8136.6,4245.57,-860.253,0,0,0,2500,0,0,2500,0,2500,0
20230101T000013.300000,3,1565,1090.44,1450.73,-305.118,0,0,0,2500,0,0,2500,0,2500,0
20230101T000013.300000,3,1566,5193.46,3423.6,104.156,0,0,0,2500,0,0,2500,0,2500,0
20230101T000013.300000,3,1567,5149.58,6052.02,-2056.3,0,0,0,2500,0,0,2500,0,2500,0
20230101T000013.300000,3,1568,3259.79,3725.47,-80.5191,0,0,0,2500,0,0,2500,0,2500,0
20230101T000013.300000,3,1569,5139.54,3579.05,-839.555,0,0,0,2500,0,0,2500,0,2500,0
20230101T000013.300000,3,1570,4377.78,3534.2,-530.104,0,0,0,2500,0,0,2500,0,2500,0
20230101T000013.400000,6,1686,10957.2,-3637.67,-981.985,0,0,0,22619.2,63293.6,17210.6,192257,-5713.72,213270,6.14859e+17
20230101T000013.400000,6,1687,8725.84,-2628.11,-1680.77,0,0,0,15251.9,35426.7,23454.8,122206,-7064.29,132878,2.24569e+17
20230101T000013.400000,6,1688,4875.95,-2519.23,29.6243,0,0,0,10206,19627.1,-230.808,38053.7,119.25,48194.3,1.98047e+17
20230101T000013.400000,6,1689,5166.97,-2199.58,-183.473,0,0,0,7840.74,18141.8,1514.88,42734.3,-644.882,50457.3,1.97224e+17
20230101T000013.400000,6,1690,4361.19,285.518,-816.131,0,0,0,1253.17,-1918.81,5683.36,30436.8,372.077,30564.6,2.29172e+17
20230101T000013.400000,6,1691,146.275,-4.9094,-7.95887,0,0,0,63.8793,-0.99367,-1.60538,34.3063,0.0538808,34.4617,1.27521e+17
20230101T000013.400000,6,1692,5957.09,1079.63,919.304,0,0,0,3234.73,-10042.1,-8752.85,56824,-1586.32,58645.5,2.15697e+17
20230101T000013.400000,6,1693,8961.53,-39.7242,-712.078,0,0,0,877.394,565.705,10205,128494,-45.2363,128497,1.76325e+17
20230101T000013.400000,6,1694,1032.17,375.996,-31.4758,0,0,0,284.052,-599.871,50.2599,1712.28,18.3085,1930.85,2.13167e+22
20230101T000013.400000,6,1695,6362.72,1673.45,75.5072,0,0,0,4549.06,-17018.3,-767.98,64779.5,-201.985,69255.4,1.17623e+17
20230101T000013.400000,6,1696,2676.29,2360.81,-318.347,0,0,0,9044.35,-9997.2,1358.94,11558.8,1198.74,20378,1.89864e+17
20230101T000013.400000,6,1697,883.8,1236.13,-367.795,0,0,0,2538.49,-1616.98,511.581,1432.99,715.524,3698.13,5.06815e+17
20230101T000013.400000,6,1698,4584.08,3861.53,-762.806,0,0,0,24439.6,-27832.7,5588.69,34034.6,4707.79,57481.2,1.72089e+17
20230101T000013.400000,6,1699,5825.75,7183.42,1662.23,0,0,0,84341.1,-64765,-15486.9,57007.1,-19096.1,136867,2.84385e+17
20230101T000013.400000,4,1543,140.286,-73.3612,0.251362,18.0708,-3.02929,-0.803441,29.7411,-26.1537,2.00965,41.2425,-2.49953,8.9367,0
20230101T000013.400000,3,1571,10957.2,-3637.67,-981.985,0,0,0,2500,0,0,2500,0,2500,0
20230101T000013.400000,3,1572,8725.84,-2628.11,-1680.77,0,0,0,2500,0,0,2500,0,2500,0
20230101T000013.400000,3,1573,4875.95,-2519.22,29.6243,0,0,0,2500,0,0,2500,0,2500,0
20230101T000013.400000,3,1574,5166.97,-2199.58,-183.473,0,0,0,2500,0,0,2500,0,2500,0
20230101T000013.400000,3,1575,4361.19,285.518,-816.131,0,0,0,2500,0,0,2500,0,2500,0
20230101T000013.400000,3,1576,5957.09,1079.63,919.304,0,0,0,2500,0,0,2500,0,2500,0
20230101T000013.400000,3,1577,8961.53,-39.7242,-712.078,0,0,0,2500,0,0,2500,0,2500,0
20230101T000013.400000,3,1578,1032.17,375.995,-31.4758,0,0,0,2500,0,0,2500,0,2500,0
20230101T000013.400000,3,1579,6362.72,1673.45,75.5072,0,0,0,2500,0,0,2500,0,2500,0
20230101T000013.400000,3,1580,2676.29,2360.81,-318.347,0,0,0,2500,0,0,2500,0,2500,0
20230101T000013.400000,3,1581,883.8,1236.13,-367.795,0,0,0,2500,0,0,2500,0,2500,0
20230101T000013.400000,3,1582,4584.07,3861.53,-762.806,0,0,0,2500,0,0,2500,0,2500,0
20230101T000013.400000,3,1583,5825.75,7183.42,1662.23,0,0,0,2500,0,0,2500,0,2500,0
20230101T000013.500000,6,1700,1021.95,-1203.1,61.2672,0,0,0,2345.22,1932.71,-98.5732,1711.61,116.047,3987.02,1.36355e+17
20230101T000013.500000,6,1701,1830.69,-1994.98,164.743,0,0,0,6416.93,5790.12,-479.928,5420.48,522.998,11730.5,4.54899e+17
20230101T000013.500000,6,1702,8965.86,-5807.64,610.239,0,0,0,54430.5,83011.8,-8751.05,128814,5668.49,182585,3.21684e+17
20230101T000013.500000,6,1703,4480.95,-1044.85,-910.425,0,0,0,3062.95,7184.14,6515.45,32197.9,-1519.24,33875.4,1.34853e+17
20230101T000013.500000,6,1704,6736.12,-1237.26,-572.388,0,0,0,3017.89,13230.5,6163.85,72619.8,-1132.15,75050.4,2.32281e+17
20230101T000013.500000,6,1705,1085.11,174.78,-32.0915,0,0,0,112.811,-293.15,53.8731,1885.59,8.67742,1932.86,2.49919e+22
20230101T000013.500000,6,1706,5851.63,-864.164,392.447,0,0,0,1498.37,8046.01,-3670.14,54793.1,542.004,55981.6,1.84646e+17
20230101T000013.500000,6,1707,6729.08,-971.789,-1004.48,0,0,0,3153.74,10225.5,10805.6,72483,-1560.5,73961.1,2.31911e+17
20230101T000013.500000,6,1708,2895.86,1725.91,-13.5555,0,0,0,4813.47,-7968.53,62.5867,13434.5,37.3011,18183.7,1.86707e+17
20230101T000013.500000,6,1709,8745.04,6554.61,580.027,0,0,0,69126.2,-91423.6,-8113.06,122578,-6080.93,191102,1.80129e+17
20230101T000013.500000,3,1584,1021.95,-1203.1,61.2672,0,0,0,2500,0,0,2500,0,2500,0
20230101T000013.500000,3,1585,1830.69,-1994.98,164.743,0,0,0,2500,0,0,2500,0,2500,0
20230101T000013.500000,3,1586,8965.86,-5807.64,610.239,0,0,0,2500,0,0,2500,0,2500,0
20230101T000013.500000,3,1587,4480.95,-1044.85,-910.426,0,0,0,2500,0,0,2500,0,2500,0
20230101T000013.500000,3,1588,6736.12,-1237.26,-572.388,0,0,0,2500,0,0,2500,0,2500,0
20230101T000013.500000,3,1589,1085.11,174.78,-32.0915,0,0,0,2500,0,0,2500,0,2500,0
20230101T000013.500000,3,1590,5851.63,-864.164,392.447,0,0,0,2500,0,0,2500,0,2500,0
20230101T000013.500000,3,1591,6729.08,-971.789,-1004.48,0,0,0,2500,0,0,2500,0,2500,0
20230101T000013.500000,3,1592,2895.86,1725.91,-13.5555,0,0,0,2500,0,0,2500,0,2500,0
20230101T000013.500000,3,1593,8745.04,6554.61,580.027,0,0,0,2500,0,0,2500,0,2500,0
20230101T000013.600000,6,1710,1817.86,-2182.57,384.245,0,0,0,7744.25,6201.1,-1112.17,5463.99,1335.29,12910.3,9.48913e+16
20230101T000013.600000,6,1711,254.505,-53.5964,-15.9482,0,0,0,66.0385,8.88573,2.66846,106.362,-0.561953,108.473,2.38004e+17
20230101T000013.600000,6,1712,7678.46,-3319.5,-607.205,0,0,0,18181.2,40543.8,7455.6,94436.9,-3223.15,111965,1.11724e+17
20230101T000013.600000,6,1713,10174.9,-1924.59,232.113,0,0,0,6071.46,31304.5,-3777.34,165650,714.489,171571,1.41531e+17
20230101T000013.600000,6,1714,7978.67,-4551.8,-539.487,0,0,0,33549.7,57879.9,6883.77,101985,-3927.17,135005,1.59484e+17
20230101T000013.600000,6,1715,2543.75,61.5048,-137.926,0,0,0,100.247,-248.047,557.899,10353.1,13.4893,10359.3,4.41655e+17
20230101T000013.600000,6,1716,258.453,-24.7605,-22.1084,0,0,0,64.7173,4.13296,3.75658,107.462,-0.35989,108.318,2.35891e+17
20230101T000013.600000,6,1717,10242.2,-1543.42,37.826,0,0,0,3876.23,25283,-619.642,167845,93.3752,171655,1.41692e+17
20230101T000013.600000,6,1718,1098.87,-0.766925,-29.7874,0,0,0,65.3736,1.30277,50.6383,1932.01,-0.0353416,1932.06,1.28884e+22
20230101T000013.600000,6,1719,2227.84,1265.69,-474.053,0,0,0,2881.76,-4330.6,1679.83,8044.07,954.352,10506.5,1.64921e+17
20230101T000013.600000,6,1720,1883.63,571.002,271.328,0,0,0,687.067,-1670.75,-809.447,5692.11,-245.374,6199.78,2.17017e+17
20230101T000013.600000,6,1721,3161.25,1500.26,-842.62,0,0,0,4577.8,-7124.84,4248.81,16209.5,2016.39,19594.3,4.21631e+17
20230101T000013.600000,6,1722,9714.31,5977.08,492.476,0,0,0,57488.7,-92699.5,-7652.16,151113,-4708.27,208150,1.75071e+17
20230101T000013.600000,6,1723,10413.3,1874.08,-1357.4,0,0,0,8536.02,-30699.7,22608,173594,4068.76,179120,2.1627e+17
20230101T000013.600000,6,1724,6428.14,3833.65,-324.839,0,0,0,23686.6,-39326.8,3338.6,66174.7,1991.09,89628.7,1.88719e+17
20230101T000013.600000,6,1725,9297.74,2416.8,1874.46,0,0,0,14669.2,-34569.5,-27873.5,138677,-7245.29,147665,2.03829e+17
20230101T000013.600000,6,1726,9097.57,1756.97,963.049,0,0,0,6430.74,-25286.6,-14011.8,132481,-2706.03,137365,2.86531e+17
20230101T000013.600000,6,1727,4387.49,2691.23,-400.35,0,0,0,11820.9,-18749.7,2806.23,30887.6,1721.31,42388.8,2.40561e+17
20230101T000013.600000,6,1728,9136.74,6801.43,772.337,0,0,0,74670.2,-98941,-11287.2,133931,-8402.22,207583,1.7123e+17
20230101T000013.600000,6,1729,5016.01,3292.2,839.724,0,0,0,18174.1,-25875.6,-6731.96,40615.2,-4418.44,57599.5,1.87705e+17
20230101T000013.600000,4,1589,1100.74,76.1558,-30.7832,1.54826,-9.76478,0.129544,89.382,-161.942,29.7496,1068.7,4.79181,1094.43,0
20230101T000013.600000,3,1594,1817.86,-2182.57,384.245,0,0,0,2500,0,0,2500,0,2500,0
20230101T000013.600000,3,1595,254.505,-53.5964,-15.9482,0,0,0,2500,0,0,2500,0,2500,0
20230101T000013.600000,3,1596,7678.46,-3319.5,-607.205,0,0,0,2500,0,0,2500,0,2500,0
20230101T000013.600000,3,1597,10174.9,-1924.59,232.113,0,0,0,2500,0,0,2500,0,2500,0
20230101T000013.600000,3,1598,7978.67,-4551.8,-539.487,0,0,0,2500,0,0,2500,0,2500,0
20230101T000013.600000,3,1599,2543.75,61.5048,-137.926,0,0,0,2500,0,0,2500,0,2500,0
20230101T000013.600000,3,1600,258.453,-24.7605,-22.1084,0,0,0,2500,0,0,2500,0,2500,0
20230101T000013.600000,3,1601,10242.2,-1543.42,37.826,0,0,0,2500,0,0,2500,0,2500,0
20230101T000013.600000,3,1602,2227.84,1265.69,-474.053,0,0,0,2500,0,0,2500,0,2500,0
20230101T000013.600000,3,1603,1883.63,571.002,271.328,0,0,0,2500,0,0,2500,0,2500,0
20230101T000013.600000,3,1604,3161.25,1500.26,-842.62,0,0,0,2500,0,0,2500,0,2500,0
20230101T000013.600000,3,1605,9714.31,5977.08,492.476,0,0,0,2500,0,0,2500,0,2500,0
20230101T000013.600000,3,1606,10413.3,1874.08,-1357.4,0,0,0,2500,0,0,2500,0,2500,0
20230101T000013.600000,3,1607,6428.14,3833.65,-324.839,0,0,0,2500,0,0,2500,0,2500,0
20230101T000013.600000,3,1608,9297.74,2416.8,1874.46,0,0,0,2500,0,0,2500,0,2500,0
20230101T000013.600000,3,1609,9097.57,1756.97,963.049,0,0,0,2500,0,0,2500,0,2500,0
20230101T000013.600000,3,1610,4387.49,2691.23,-400.35,0,0,0,2500,0,0,2500,0,2500,0
20230101T000013.600000,3,1611,9136.74,6801.43,772.337,0,0,0,2500,0,0,2500,0,2500,0
20230101T000013.600000,3,1612,5016.01,3292.2,839.724,0,0,0,2500,0,0,2500,0,2500,0
20230101T000013.700000,6,1730,2758.99,-2677.68,-491.81,0,0,0,11703.7,11595.4,2165.26,12397.5,-2101.44,23652.2,1.46469e+17
20230101T000013.700000,6,1731,8758.69,-6423.72,378.498,0,0,0,66213.4,89881.6,-5302.44,122846,3888.87,188766,1.85927e+18
20230101T000013.700000,6,1732,3928.53,-3853.07,-147.734,0,0,0,23804.2,24169.6,927.382,24741.9,-909.567,48447.2,1.2812e+17
20230101T000013.700000,6,1733,167.025,-63.3269,-13.6244,0,0,0,62.3087,-4.26794,-0.897038,52.6702,0.34011,51.4222,1.39424e+17
20230101T000013.700000,6,1734,4718.68,-2617.49,-686.439,0,0,0,11586.7,19415.2,5175.53,35817.7,-2870.91,46588.5,1.52211e+17
20230101T000013.700000,6,1735,1081.55,-200.493,-23.6605,0,0,0,127.027,335.326,39.5912,1873.77,-7.33924,1935.96,1.4281e+22
20230101T000013.700000,6,1736,3627.9,471.622,-208.194,0,0,0,486.815,-2720.57,1204.89,21060.9,156.634,21414.8,1.30531e+17
20230101T000013.700000,6,1737,1083.36,-185.456,-33.6837,0,0,0,118.914,310.529,56.455,1879.74,-9.66435,1932.95,1.41218e+22
20230101T000013.700000,6,1738,6989.16,-1050,760.099,0,0,0,2729.86,11596.7,-8493.21,78179.3,1275.95,79922.2,5.77126e+17
20230101T000013.700000,6,1739,1417.95,955.433,-27.6722,0,0,0,1505.41,-2137.39,61.9216,3237.29,41.7236,4677.51,2.10785e+17
20230101T000013.700000,6,1740,1287.22,1110.21,186.246,0,0,0,2040.2,-2227.82,-378.337,2701.76,-326.31,4623.98,2.01585e+17
20230101T000013.700000,6,1741,7899.87,4749.02,-1742.67,0,0,0,39699.7,-57853.7,22017,101159,13235.6,135940,2.22711e+17
20230101T000013.700000,4,1543,163.489,-66.5804,-10.4573,73.1398,23.7829,-34.4393,48.1238,-6.73054,0.0714316,39.9563,-0.070963,35.9892,0
20230101T000013.700000,3,1613,2758.99,-2677.68,-491.81,0,0,0,2500,0,0,2500,0,2500,0
20230101T000013.700000,3,1614,8758.69,-6423.72,378.498,0,0,0,2500,0,0,2500,0,2500,0
20230101T000013.700000,3,1615,3928.53,-3853.07,-147.734,0,0,0,2500,0,0,2500,0,2500,0
20230101T000013.700000,3,1616,4718.68,-2617.49,-686.439,0,0,0,2500,0,0,2500,0,2500,0
20230101T000013.700000,3,1617,1081.55,-200.493,-23.6605,0,0,0,2500,0,0,2500,0,2500,0
20230101T000013.700000,3,1618,3627.9,471.622,-208.194,0,0,0,2500,0,0,2500,0,2500,0
20230101T000013.700000,3,1619,1083.36,-185.456,-33.6837,0,0,0,2500,0,0,2500,0,2500,0
20230101T000013.700000,3,1620,6989.16,-1050,760.099,0,0,0,2500,0,0,2500,0,2500,0
20230101T000013.700000,3,1621,1417.95,955.433,-27.6722,0,0,0,2500,0,0,2500,0,2500,0
20230101T000013.700000,3,1622,1287.22,1110.21,186.246,0,0,0,2500,0,0,2500,0,2500,0
20230101T000013.700000,3,1623,7899.87,4749.02,-1742.67,0,0,0,2500,0,0,2500,0,2500,0
20230101T000013.800000,6,1742,9234.74,-6510.92,1086.46,0,0,0,69131.1,95283.2,-16048,137097,11314.6,204276,1.52496e+17
20230101T000013.800000,6,1743,9012.06,-4859.2,-664.8,0,0,0,38376.2,69744.3,9582.31,130121,-5166.68,167727,2.68308e+17
20230101T000013.800000,6,1744,1033.67,-371.725,-33.4351,0,0,0,279.289,593.855,53.4661,1717.09,-19.2273,1930.71,4.33848e+20
20230101T000013.800000,6,1745,3878.14,274.214,187.67,0,0,0,239.914,-1693.05,-1161.42,24064.6,-82.1211,24184.4,1.28873e+17
20230101T000013.800000,6,1746,6688.58,627.664,573.447,0,0,0,1214.88,-6662.24,-6131.47,71584.6,-575.384,72210.2,1.45557e+17
20230101T000013.800000,6,1747,7412.97,1465.33,-66.3992,0,0,0,3503.89,-17366.4,786.992,87926,155.566,91358.9,2.36023e+17
20230101T000013.800000,6,1748,1487.21,1749.07,-45.3148,0,0,0,4923.02,-4128.79,107.011,3577.92,125.852,8433.71,1.22601e+17
20230101T000013.800000,6,1749,5373.1,6285.08,-586.934,0,0,0,63463.2,-53728.9,5042.92,46547.6,5898.85,109396,1.29784e+17
20230101T000013.800000,4,1617,1061.86,-299.376,-29.188,-1.94937,-9.79036,-0.547278,97.211,185.111,21.8513,1061.47,-4.05069,1095.59,0
20230101T000013.800000,3,1624,9234.74,-6510.92,1086.46,0,0,0,2500,0,0,2500,0,2500,0
20230101T000013.800000,3,1625,9012.06,-4859.2,-664.8,0,0,0,2500,0,0,2500,0,2500,0
20230101T000013.800000,3,1626,3878.14,274.214,187.67,0,0,0,2500,0,0,2500,0,2500,0
20230101T000013.800000,3,1627,6688.58,627.664,573.446,0,0,0,2500,0,0,2500,0,2500,0
20230101T000013.800000,3,1628,7412.97,1465.33,-66.3992,0,0,0,2500,0,0,2500,0,2500,0
20230101T000013.800000,3,1629,1487.21,1749.07,-45.3148,0,0,0,2500,0,0,2500,0,2500,0
20230101T000013.800000,3,1630,5373.1,6285.08,-586.934,0,0,0,2500,0,0,2500,0,2500,0
20230101T000013.900000,6,1750,985.383,-494.252,-48.0966,0,0,0,444.851,752.161,73.3386,1567.15,-36.7854,1944.55,2.0477e+20
20230101T000013.900000,6,1751,11681,-3741.4,-1991.44,0,0,0,28208.4,68064.2,37209.7,218911,-11918.1,240713,2.05305e+17
20230101T000013.900000,6,1752,6044.97,-3140.69,-777.573,0,0,0,16593.8,29955,7514.25,58685.7,-3904.06,74249.8,2.13395e+17
20230101T000013.900000,6,1753,9400.09,-2285.22,5.34685,0,0,0,8416.03,34355.3,-80.3829,141382,19.5416,149734,1.19101e+17
20230101T000013.900000,6,1754,2194.8,332.728,224.303,0,0,0,317.753,-1147.12,-781.351,7710.67,-118.451,7885.21,2.21848e+17
20230101T000013.900000,6,1755,3378.19,1762.99,-53.0018,0,0,0,5026.83,-9501.06,285.692,18274.2,149.095,23232.5,1.70058e+17
20230101T000013.900000,6,1756,8604.08,2787.14,1603.56,0,0,0,16208.7,-37144.9,-22064.9,118845,-7147.56,130879,1.72093e+17
20230101T000013.900000,6,1757,3879.61,4434.61,1182.06,0,0,0,32461.2,-26389,-7329.35,25383.5,-8377.84,55550,1.86441e+17
20230101T000013.900000,3,1631,985.383,-494.252,-48.0966,0,0,0,2500,0,0,2500,0,2500,0
20230101T000013.900000,3,1632,11681,-3741.4,-1991.44,0,0,0,2500,0,0,2500,0,2500,0
20230101T000013.900000,3,1633,6044.97,-3140.69,-777.573,0,0,0,2500,0,0,2500,0,2500,0
20230101T000013.900000,3,1634,9400.09,-2285.22,5.34685,0,0,0,2500,0,0,2500,0,2500,0
20230101T000013.900000,3,1635,2194.8,332.728,224.303,0,0,0,2500,0,0,2500,0,2500,0
20230101T000013.900000,3,1636,3378.19,1762.99,-53.0018,0,0,0,2500,0,0,2500,0,2500,0
20230101T000013.900000,3,1637,8604.08,2787.14,1603.56,0,0,0,2500,0,0,2500,0,2500,0
20230101T000013.900000,3,1638,3879.61,4434.61,1182.06,0,0,0,2500,0,0,2500,0,2500,0
20230101T000014,6,1758,839.281,-707.523,-65.8636,0,0,0,842.277,915.251,85.5194,1156.4,-72.0938,1928.2,2.11473e+20
20230101T000014,6,1759,198.643,-203.943,-8.16727,0,0,0,97.7325,32.8032,1.3158,96.0049,-1.35091,129.736,4.98842e+17
20230101T000014,6,1760,5110.26,-3878.66,-122.732,0,0,0,24126.2,31671.1,1002.53,41815.8,-760.917,65854,1.29486e+17
20230101T000014,6,1761,1525.85,-91.2396,-84.0518,0,0,0,88.1625,218.273,201.698,3725.41,-12.0607,3738.66,1.18343e+17
20230101T000014,6,1762,5987.32,1324.91,452.572,0,0,0,3181.7,-12609.7,-4330.92,57375.2,-958.368,60165.8,1.35461e+18
20230101T000014,6,1763,8899.5,6428.04,2851.86,0,0,0,74702.5,-85325.1,-40595.5,131204,-29321.8,192838,9.37137e+17
20230101T000014,6,1764,7533.84,7307.58,429.293,0,0,0,85625.9,-87907.3,-5172.88,90988,-5017.52,176255,1.46719e+17
20230101T000014,6,1765,4180.56,2672.66,-839.401,0,0,0,12273.4,-17337.3,5605.79,28308.4,3583.83,39394.1,2.81196e+17
20230101T000014,3,1639,839.281,-707.523,-65.8636,0,0,0,2500,0,0,2500,0,2500,0
20230101T000014,3,1640,198.643,-203.943,-8.16727,0,0,0,2500,0,0,2500,0,2500,0
20230101T000014,3,1641,5110.26,-3878.66,-122.732,0,0,0,2500,0,0,2500,0,2500,0
20230101T000014,3,1642,1525.85,-91.2396,-84.0518,0,0,0,2500,0,0,2500,0,2500,0
20230101T000014,3,1643,5987.32,1324.91,452.572,0,0,0,2500,0,0,2500,0,2500,0
20230101T000014,3,1644,8899.51,6428.04,2851.86,0,0,0,2500,0,0,2500,0,2500,0
20230101T000014,3,1645,7533.84,7307.58,429.293,0,0,0,2500,0,0,2500,0,2500,0
20230101T000014,3,1646,4180.56,2672.66,-839.401,0,0,0,2500,0,0,2500,0,2500,0
20230101T000014.100000,6,1766,1802.66,-2207.5,11.8728,0,0,0,7822.57,6335.53,-34.0757,5237.88,41.7283,12996.2,1.26195e+17
20230101T000014.100000,6,1767,4878.97,-5304.66,328.718,0,0,0,45131.6,41292.1,-2564.12,38215.2,2787.84,83110.1,1.60949e+17
20230101T000014.100000,6,1768,4262.31,-809.217,-293.406,0,0,0,1242.17,5481.7,1996.71,29074.7,-379.083,30115.7,1.51094e+17
20230101T000014.100000,6,1769,9619.23,-6363.32,2289.2,0,0,0,70662.2,94049.8,-35222.4,150618,23300.3,212837,1.50649e+17
20230101T000014.100000,6,1770,11230,-702.286,-1073.45,0,0,0,2688.8,12499.9,19281.7,201788,-1205.81,202570,9.43995e+17
20230101T000014.100000,6,1771,7541.93,763.849,-616.703,0,0,0,1598.82,-9150.05,7436.66,91015.9,753.187,91943.1,2.30182e+17
20230101T000014.100000,6,1772,7561.6,3109.87,-1264.19,0,0,0,17714.6,-36703.4,15286,91863.4,6286.67,106960,1.83841e+17
20230101T000014.100000,6,1773,1882.92,2862.18,-798.281,0,0,0,13433.6,-8126.8,2397.19,6426.64,3643.9,18783.3,4.2068e+17
20230101T000014.100000,6,1774,693.191,841.852,147.502,0,0,0,1173.4,-885.779,-158.192,827.022,-192.118,1903.91,2.54151e+21
20230101T000014.100000,6,1775,3919.37,2792.01,286.218,0,0,0,12601.8,-17416.6,-1791.78,24643.9,-1276.4,37051,1.18202e+17
20230101T000014.100000,6,1776,4225.68,4937.37,322.296,0,0,0,39101.5,-33268.4,-2177.01,28703,-2543.67,67574.6,4.91425e+17
20230101T000014.100000,3,1647,1802.66,-2207.5,11.8728,0,0,0,2500,0,0,2500,0,2500,0
20230101T000014.100000,3,1648,4878.97,-5304.66,328.718,0,0,0,2500,0,0,2500,0,2500,0
20230101T000014.100000,3,1649,4262.31,-809.217,-293.406,0,0,0,2500,0,0,2500,0,2500,0
20230101T000014.100000,3,1650,9619.23,-6363.32,2289.2,0,0,0,2500,0,0,2500,0,2500,0
20230101T000014.100000,3,1651,11230,-702.286,-1073.45,0,0,0,2500,0,0,2500,0,2500,0
20230101T000014.100000,3,1652,7541.93,763.849,-616.703,0,0,0,2500,0,0,2500,0,2500,0
20230101T000014.100000,3,1653,7561.6,3109.87,-1264.19,0,0,0,2500,0,0,2500,0,2500,0
20230101T000014.100000,3,1654,1882.92,2862.18,-798.281,0,0,0,2500,0,0,2500,0,2500,0
20230101T000014.100000,3,1655,693.19,841.852,147.502,0,0,0,2500,0,0,2500,0,2500,0
20230101T000014.100000,3,1656,3919.37,2792.01,286.218,0,0,0,2500,0,0,2500,0,2500,0
20230101T000014.100000,3,1657,4225.68,4937.37,322.296,0,0,0,2500,0,0,2500,0,2500,0
20230101T000014.200000,6,1777,9201.5,-6431.45,-261.826,0,0,0,66298.3,94604.8,3853.48,135525,-2693.41,201650,5.99818e+17
20230101T000014.200000,6,1778,7630.62,-6775.26,1068.04,0,0,0,74502.6,81781.4,-13034.8,93994.5,11573.6,166609,1.81657e+17
20230101T000014.200000,6,1779,5286.5,-6368.25,1139.95,0,0,0,65761.3,52812.5,-9636.63,45983.4,11608.5,109604,1.79248e+17
20230101T000014.200000,6,1780,3274.88,-4480.98,973.966,0,0,0,32676.8,22726.9,-5096.97,18189.6,6974.12,49288.4,2.31448e+17
20230101T000014.200000,6,1781,3338.09,-807.591,115.944,0,0,0,1124.24,4293.77,-617.153,17833.2,149.309,18872.1,2.04236e+17
20230101T000014.200000,6,1782,6521.13,-2600.64,-569.627,0,0,0,11324.1,26934.1,5938.59,68120.2,-2368.32,78862,6.15797e+17
20230101T000014.200000,6,1783,11369.9,184.607,-809.753,0,0,0,1167.03,-3340.28,14726.4,206840,239.104,206894,1.15223e+17
20230101T000014.200000,6,1784,237.232,50.5096,-29.1112,0,0,0,65.7342,-6.04543,3.64346,92.841,0.775739,95.037,3.01903e+17
20230101T000014.200000,6,1785,7970.64,-1069.9,-1169.46,0,0,0,4042.56,13347.7,14905.1,101690,-2000.72,103483,1.85364e+17
20230101T000014.200000,6,1786,5031.11,-34.0876,107.406,0,0,0,84.2837,273.839,-863.225,40499.3,5.84867,40501.2,2.08674e+17
20230101T000014.200000,6,1787,6628.08,597.787,1353.65,0,0,0,3540.87,-6071.71,-14342.9,70314.5,-1293.59,70864.6,1.98918e+17
20230101T000014.200000,6,1788,6312.81,289.763,-296.843,0,0,0,338.754,-2917.37,2995.26,63762.9,137.485,63896.9,3.97606e+17
20230101T000014.200000,6,1789,238.21,45.7074,-29.0599,0,0,0,65.4997,-5.49417,3.65207,93.0792,0.700753,95.039,2.98728e+17
20230101T000014.200000,6,1790,834.256,698.998,161.694,0,0,0,843.125,-881.611,-208.7,1156.66,-174.864,1896.71,1.03875e+22
20230101T000014.200000,6,1791,1994.55,1790.78,460.416,0,0,0,5353.23,-5515.36,-1461.37,6544.29,-1312.07,11498,1.50403e+17
20230101T000014.200000,6,1792,5590.07,8229.71,-830.361,0,0,0,108733,-73065.1,7423.86,50796.5,10929.4,158364,1.67794e+17
20230101T000014.200000,6,1793,4614.79,4692.33,-915.18,0,0,0,35918.6,-33945.3,6751.25,34787.1,6864.7,69304,2.09524e+17
20230101T000014.200000,4,1651,11325.1,-697.314,-1079.15,9.42016,0.492286,-0.564475,93.7376,150.099,229.454,2484.53,-14.3493,2472.26,0
20230101T000014.200000,3,1658,9201.5,-6431.45,-261.826,0,0,0,2500,0,0,2500,0,2500,0
20230101T000014.200000,3,1659,7630.61,-6775.26,1068.04,0,0,0,2500,0,0,2500,0,2500,0
20230101T000014.200000,3,1660,5286.5,-6368.25,1139.95,0,0,0,2500,0,0,2500,0,2500,0
20230101T000014.200000,3,1661,3274.88,-4480.98,973.966,0,0,0,2500,0,0,2500,0,2500,0
20230101T000014.200000,3,1662,3338.09,-807.591,115.944,0,0,0,2500,0,0,2500,0,2500,0
20230101T000014.200000,3,1663,6521.13,-2600.64,-569.627,0,0,0,2500,0,0,2500,0,2500,0
20230101T000014.200000,3,1664,237.232,50.5097,-29.1112,0,0,0,2500,0,0,2500,0,2500,0
20230101T000014.200000,3,1665,7970.64,-1069.9,-1169.46,0,0,0,2500,0,0,2500,0,2500,0
20230101T000014.200000,3,1666,5031.11,-34.0877,107.406,0,0,0,2500,0,0,2500,0,2500,0
20230101T000014.200000,3,1667,6628.08,597.787,1353.65,0,0,0,2500,0,0,2500,0,2500,0
20230101T000014.200000,3,1668,6312.81,289.763,-296.843,0,0,0,2500,0,0,2500,0,2500,0
20230101T000014.200000,3,1669,238.21,45.7074,-29.0599,0,0,0,2500,0,0,2500,0,2500,0
20230101T000014.200000,3,1670,834.256,698.998,161.694,0,0,0,2500,0,0,2500,0,2500,0
20230101T000014.200000,3,1671,1994.55,1790.78,460.416,0,0,0,2500,0,0,2500,0,2500,0
20230101T000014.200000,3,1672,5590.07,8229.71,-830.361,0,0,0,2500,0,0,2500,0,2500,0
20230101T000014.200000,3,1673,4614.79,4692.33,-915.18,0,0,0,2500,0,0,2500,0,2500,0
20230101T000014.300000,6,1794,404.64,-327.25,-27.8088,0,0,0,210.678,180.061,15.3525,287.698,-12.4162,433.504,2.79982e+17
20230101T000014.300000,6,1795,9653.64,-3708.91,1006.44,0,0,0,23477.1,56723.3,-15539.5,149325,5970.25,171119,2.43035e+17
20230101T000014.300000,6,1796,5984.19,797.145,-508.033,0,0,0,1484.9,-7570.06,4858.96,57305.2,647.255,58314,9.58568e+16
20230101T000014.300000,6,1797,10936.1,3716,1195.72,0,0,0,24201.5,-64305.5,-20916.2,191600,-7107.16,213451,3.49234e+17
20230101T000014.300000,6,1798,10496.8,2294.48,-297.032,0,0,0,8619.16,-38492.7,4986.89,176302,1090.08,184716,1.64296e+17
20230101T000014.300000,6,1799,933.028,560.825,158.751,0,0,0,578.895,-791.749,-229.158,1420.2,-137.742,1897.44,9.029e+21
20230101T000014.300000,6,1800,7543.34,1990.48,1428.66,0,0,0,9450.28,-23202.9,-17232.1,91259.9,-4547.08,97384.6,1.82902e+17
20230101T000014.300000,6,1801,7029.1,4385.67,1076.49,0,0,0,32154.4,-48462.7,-12099.9,79590.5,-7549.5,109829,2.26459e+17
20230101T000014.300000,6,1802,1712.59,1588.43,-62.6438,0,0,0,4074.74,-4317.51,170.395,4725.21,158.042,8729.77,6.43081e+17
20230101T000014.300000,6,1803,7151.84,8963,-1211.48,0,0,0,129475,-101387,13858.7,83311.5,17368.4,210376,2.06046e+17
20230101T000014.300000,6,1804,9096.28,8464.29,-655.03,0,0,0,115033,-122816,9530.87,132736,8868.69,247019,1.23744e+17
20230101T000014.300000,6,1805,4739.39,4202.74,-102.686,0,0,0,28306.1,-31829.3,777.896,35974.5,689.813,64199.8,1.11552e+17
20230101T000014.300000,4,1670,896.656,624.591,160.016,6.17822,-7.36703,-0.166132,496.347,-491.253,-115.178,671.053,-96.5039,1073.86,0
20230101T000014.300000,3,1674,404.64,-327.25,-27.8088,0,0,0,2500,0,0,2500,0,2500,0
20230101T000014.300000,3,1675,9653.64,-3708.91,1006.44,0,0,0,2500,0,0,2500,0,2500,0
20230101T000014.300000,3,1676,5984.19,797.145,-508.033,0,0,0,2500,0,0,2500,0,2500,0
20230101T000014.300000,3,1677,10936.1,3716,1195.72,0,0,0,2500,0,0,2500,0,2500,0
20230101T000014.300000,3,1678,10496.8,2294.48,-297.032,0,0,0,2500,0,0,2500,0,2500,0
20230101T000014.300000,3,1679,7543.34,1990.49,1428.66,0,0,0,2500,0,0,2500,0,2500,0
20230101T000014.300000,3,1680,7029.1,4385.67,1076.49,0,0,0,2500,0,0,2500,0,2500,0
20230101T000014.300000,3,1681,1712.59,1588.43,-62.6438,0,0,0,2500,0,0,2500,0,2500,0
20230101T000014.300000,3,1682,7151.84,8963,-1211.48,0,0,0,2500,0,0,2500,0,2500,0
20230101T000014.300000,3,1683,9096.28,8464.29,-655.03,0,0,0,2500,0,0,2500,0,2500,0
20230101T000014.300000,3,1684,4739.39,4202.74,-102.686,0,0,0,2500,0,0,2500,0,2500,0
20230101T000014.400000,6,1806,2610.22,-2875.69,259.928,0,0,0,13308.9,11924.4,-1082.69,10995.4,1192.8,24132.8,1.99462e+17
20230101T000014.400000,6,1807,6125.67,-5631.33,-149.428,0,0,0,50793.1,55143.4,1463.7,60083.8,-1345.58,110777,1.78496e+17
20230101T000014.400000,6,1808,3834.44,-1826.37,853.415,0,0,0,6336.98,10728.7,-5224.62,23751.5,2488.53,28864.1,2.53578e+17
20230101T000014.400000,6,1809,10173.7,-5076.72,-1193.35,0,0,0,43111.9,81702.9,19419.3,166074,-9690.29,206844,2.00741e+18
20230101T000014.400000,6,1810,11681.5,-3240.26,1426.77,0,0,0,19881.8,59706.4,-26659.6,218568,7394.95,235131,6.03635e+17
20230101T000014.400000,6,1811,11981.5,1400.02,-1301.77,0,0,0,5873.35,-26519.1,24948.7,229728,2915.21,232827,2.06358e+17
20230101T000014.400000,6,1812,7204.59,1469.61,87.1931,0,0,0,3528.73,-16925.8,-1004.36,83052.9,-204.872,86505.4,6.02721e+17
20230101T000014.400000,6,1813,1018.33,385.676,151.522,0,0,0,325.028,-595.427,-238.708,1671.66,-90.4072,1898.39,1.09445e+22
20230101T000014.400000,6,1814,5290.83,1317.86,190.102,0,0,0,2893.45,-11127.6,-1607.12,44795.8,-400.307,47567.6,2.27679e+17
20230101T000014.400000,6,1815,3417.5,3058.5,-456.653,0,0,0,15187.5,-16526.6,2492.28,18863.5,2230.47,33654.6,9.24244e+16
20230101T000014.400000,3,1685,2610.22,-2875.69,259.928,0,0,0,2500,0,0,2500,0,2500,0
20230101T000014.400000,3,1686,6125.67,-5631.33,-149.428,0,0,0,2500,0,0,2500,0,2500,0
20230101T000014.400000,3,1687,3834.44,-1826.37,853.415,0,0,0,2500,0,0,2500,0,2500,0
20230101T000014.400000,3,1688,10173.7,-5076.72,-1193.35,0,0,0,2500,0,0,2500,0,2500,0
20230101T000014.400000,3,1689,11681.5,-3240.26,1426.77,0,0,0,2500,0,0,2500,0,2500,0
20230101T000014.400000,3,1690,11981.5,1400.02,-1301.77,0,0,0,2500,0,0,2500,0,2500,0
20230101T000014.400000,3,1691,7204.59,1469.61,87.1931,0,0,0,2500,0,0,2500,0,2500,0
20230101T000014.400000,3,1692,1018.33,385.676,151.522,0,0,0,2500,0,0,2500,0,2500,0
20230101T000014.400000,3,1693,5290.83,1317.86,190.102,0,0,0,2500,0,0,2500,0,2500,0
20230101T000014.400000,3,1694,3417.5,3058.5,-456.653,0,0,0,2500,0,0,2500,0,2500,0
20230101T000014.500000,6,1816,1877.82,-1568.83,374.878,0,0,0,4107.21,4572.15,-1118.97,5760.05,934.849,9581.34,2.0313e+17
20230101T000014.500000,6,1817,24.3463,-21.5902,-1.43661,0,0,0,36.5041,-30.8693,-2.05393,29.069,1.82142,1.81871,1.43241e+17
20230101T000014.500000,6,1818,6446,-6784.14,-853.533,0,0,0,74222.4,69355.1,8799.01,67127.3,-9260.58,140121,1.34155e+17
20230101T000014.500000,6,1819,4020.83,-2942.75,-1221.03,0,0,0,15448.3,17766,7843.35,26720.5,-5740.35,39726.6,2.41795e+17
20230101T000014.500000,6,1820,5428.62,-2696.76,-1074.8,0,0,0,13168.2,22662.3,9325.66,47530,-4632.67,58789.8,1.08953e+17
20230101T000014.500000,6,1821,8375.67,-2656.9,362.008,0,0,0,11543.1,35526.4,-4848.78,112268,1538.11,123538,2.45978e+17
20230101T000014.500000,6,1822,4656.65,-2243.06,725.605,0,0,0,8784.83,16358.4,-5398.29,34865.6,2600.3,42746.5,5.92101e+17
20230101T000014.500000,6,1823,8116.03,-4488.94,2249.35,0,0,0,38486.2,54837.5,-29196.5,107302,16148.4,137636,1.77588e+17
20230101T000014.500000,6,1824,2638.85,-511.131,-415.105,0,0,0,743.987,2094.94,1743.16,11153.9,-337.641,11561.1,1.09675e+17
20230101T000014.500000,6,1825,1081.9,152.074,128.49,0,0,0,124.81,-250.903,-215.069,1874.53,-30.2306,1910.67,2.30598e+21
20230101T000014.500000,6,1826,1897.5,-30.6345,-171.324,0,0,0,111.918,91.2234,514.408,5760.81,-8.30496,5762.8,1.20679e+17
20230101T000014.500000,6,1827,363.516,-77.0991,-47.1242,0,0,0,73.1867,31.3377,19.5948,214.295,-4.15592,221.954,1.47378e+17
20230101T000014.500000,6,1828,2551.95,1161.56,276.649,0,0,0,2312.69,-4672.69,-1123.9,10451.8,-511.559,12579.2,2.01982e+17
20230101T000014.500000,6,1829,3865.69,1851.98,774.022,0,0,0,6317.79,-11057.1,-4777.32,24100.3,-2288.73,29399.5,8.66324e+17
20230101T000014.500000,6,1830,6799.79,2428.43,790.427,0,0,0,10378.3,-26083.8,-8593.06,74099.7,-3068.86,83415.8,1.75013e+17
20230101T000014.500000,6,1831,2657.13,2097.45,-273.707,0,0,0,7151.89,-8827.88,1159.6,11366.9,915.352,18335.8,6.95079e+17
20230101T000014.500000,6,1832,6995.35,5472.68,-874.979,0,0,0,48719.5,-60628,9788.34,78785,7657.72,126217,1.88629e+17
20230101T000014.500000,3,1695,1877.82,-1568.83,374.878,0,0,0,2500,0,0,2500,0,2500,0
20230101T000014.500000,3,1696,24.3463,-21.5902,-1.43661,0,0,0,2500,0,0,2500,0,2500,0
20230101T000014.500000,3,1697,6446,-6784.14,-853.533,0,0,0,2500,0,0,2500,0,2500,0
20230101T000014.500000,3,1698,4020.83,-2942.75,-1221.03,0,0,0,2500,0,0,2500,0,2500,0
20230101T000014.500000,3,1699,5428.62,-2696.76,-1074.8,0,0,0,2500,0,0,2500,0,2500,0
20230101T000014.500000,3,1700,8375.67,-2656.9,362.008,0,0,0,2500,0,0,2500,0,2500,0
20230101T000014.500000,3,1701,4656.65,-2243.06,725.605,0,0,0,2500,0,0,2500,0,2500,0
20230101T000014.500000,3,1702,8116.03,-4488.94,2249.35,0,0,0,2500,0,0,2500,0,2500,0
20230101T000014.500000,3,1703,2638.85,-511.131,-415.105,0,0,0,2500,0,0,2500,0,2500,0
20230101T000014.500000,3,1704,1081.9,152.074,128.49,0,0,0,2500,0,0,2500,0,2500,0
20230101T000014.500000,3,1705,1897.5,-30.6345,-171.324,0,0,0,2500,0,0,2500,0,2500,0
20230101T000014.500000,3,1706,363.516,-77.0991,-47.1242,0,0,0,2500,0,0,2500,0,2500,0
20230101T000014.500000,3,1707,2551.95,1161.56,276.649,0,0,0,2500,0,0,2500,0,2500,0
20230101T000014.500000,3,1708,3865.69,1851.98,774.022,0,0,0,2500,0,0,2500,0,2500,0
20230101T000014.500000,3,1709,6799.79,2428.43,790.427,0,0,0,2500,0,0,2500,0,2500,0
20230101T000014.500000,3,1710,2657.13,2097.45,-273.707,0,0,0,2500,0,0,2500,0,2500,0
20230101T000014.500000,3,1711,6995.35,5472.68,-874.98,0,0,0,2500,0,0,2500,0,2500,0
20230101T000014.600000,6,1833,1643.12,-1099.9,-195.173,0,0,0,2021.52,2834.17,507.909,4358.24,-339.993,6256.04,2.03965e+17
20230101T000014.600000,6,1834,1473.08,-1557.82,156.978,0,0,0,3931.56,3620.22,-366.785,3526.37,387.885,7355.19,1.18454e+17
20230101T000014.600000,6,1835,2915.35,-3110.2,673.359,0,0,0,15845.8,14114.6,-3134.18,14018.3,3343.65,29077.7,1.53987e+17
20230101T000014.600000,6,1836,5497.52,-2381.61,-155.467,0,0,0,9161.73,20911.3,1365.97,48372.6,-591.76,57431.7,1.41026e+17
20230101T000014.600000,6,1837,1089.22,37.312,145.515,0,0,0,98.8726,-61.7147,-245.205,1898.34,-8.39972,1901.58,3.64221e+21
20230101T000014.600000,6,1838,314.304,25.2828,24.6956,0,0,0,65.1931,-7.55248,-7.45325,158.475,-0.599542,159.472,6.96285e+17
20230101T000014.600000,6,1839,10479.6,-1652.11,-448.17,0,0,0,4743.07,27642.2,7511.94,175724,-1184.26,180082,1.68916e+17
20230101T000014.600000,6,1840,9176.33,595.248,-1854.36,0,0,0,6106.92,-8380.15,27213.5,134751,1765.28,135298,3.11122e+17
20230101T000014.600000,6,1841,4780.43,2996.43,-1104.22,0,0,0,15810.7,-22013.2,8435.65,37131.7,5287.57,50932.2,1.83853e+17
20230101T000014.600000,6,1842,5322.87,2582.38,-726.625,0,0,0,11404.8,-21636.6,6181.4,45505.7,2998.9,56003.6,1.44447e+17
20230101T000014.600000,6,1843,6990.62,8545.99,-751.616,0,0,0,117242,-95112.6,8404.08,78769.8,10273.9,195045,8.04276e+17
20230101T000014.600000,6,1844,3772.76,4416.04,-911.221,0,0,0,31789.2,-25970.1,5494.15,23578,6430.94,53977.8,1.69555e+17
20230101T000014.600000,6,1845,5499.87,3727.25,1483.81,0,0,0,24683.7,-31134.7,-13046,49525.5,-8841.25,70628.5,1.82331e+17
20230101T000014.600000,4,1704,1089.38,86.9151,138.115,0.741149,-6.45142,0.952926,96.1025,-139.335,-118.717,1067.78,-16.6872,1081.78,0
20230101T000014.600000,4,1706,337.499,29.4595,29.7477,-2.57592,10.5504,7.61109,70.6538,28.1045,17.5501,197.203,-3.72225,203.889,0
20230101T000014.600000,3,1712,1643.12,-1099.9,-195.173,0,0,0,2500,0,0,2500,0,2500,0
20230101T000014.600000,3,1713,1473.08,-1557.82,156.978,0,0,0,2500,0,0,2500,0,2500,0
20230101T000014.600000,3,1714,2915.35,-3110.2,673.359,0,0,0,2500,0,0,2500,0,2500,0
20230101T000014.600000,3,1715,5497.52,-2381.61,-155.467,0,0,0,2500,0,0,2500,0,2500,0
20230101T000014.600000,3,1716,10479.6,-1652.11,-448.17,0,0,0,2500,0,0,2500,0,2500,0
20230101T000014.600000,3,1717,9176.33,595.248,-1854.36,0,0,0,2500,0,0,2500,0,2500,0
20230101T000014.600000,3,1718,4780.43,2996.43,-1104.22,0,0,0,2500,0,0,2500,0,2500,0
20230101T000014.600000,3,1719,5322.87,2582.38,-726.625,0,0,0,2500,0,0,2500,0,2500,0
20230101T000014.600000,3,1720,6990.62,8545.99,-751.616,0,0,0,2500,0,0,2500,0,2500,0
20230101T000014.600000,3,1721,3772.76,4416.04,-911.221,0,0,0,2500,0,0,2500,0,2500,0
20230101T000014.600000,3,1722,5499.86,3727.25,1483.81,0,0,0,2500,0,0,2500,0,2500,0
20230101T000014.700000,6,1846,4702.48,-3101.97,-1146.72,0,0,0,16904.4,22343.8,8617.46,36037.8,-5684.47,50779.3,2.97619e+17
20230101T000014.700000,6,1847,1859.22,-768.658,175.18,0,0,0,1041.52,2246.81,-516.005,5547.17,213.332,6476.55,1.42706e+17
20230101T000014.700000,6,1848,10202.6,-4891.79,301.485,0,0,0,38457.7,79773.1,-4919.98,166589,2358.95,204838,2.05191e+17
20230101T000014.700000,6,1849,10104.9,-6060.68,1810.47,0,0,0,62673.9,95647.1,-29263.1,164778,17551.3,222146,1.05847e+17
20230101T000014.700000,6,1850,3146.62,-106.816,617.101,0,0,0,688.418,515.028,-3094.78,15842.7,105.057,15862.6,1.59875e+17
20230101T000014.700000,6,1851,8567.87,-1490.11,-1194.59,0,0,0,5829.92,20031.3,16367.7,117522,-2846.65,121007,1.84998e+17
20230101T000014.700000,6,1852,7026.38,-1543.94,-876.982,0,0,0,5048.05,17086.2,9851.71,79051.6,-2164.77,82806.9,1.79741e+17
20230101T000014.700000,6,1853,4124.51,931.3,434.801,0,0,0,1735.78,-6067.26,-2863,27236.3,-646.455,28606.9,1.36985e+17
20230101T000014.700000,6,1854,3621.38,1008.81,-144.974,0,0,0,1718.82,-5820.03,837.634,20990.1,233.34,22611.5,1.7621e+17
20230101T000014.700000,6,1855,7343.79,3151.21,584.911,0,0,0,16404.3,-36805.5,-6868.46,86384.9,-2947.25,102178,1.40951e+17
20230101T000014.700000,6,1856,392.853,102.183,31.5641,0,0,0,77.7834,-48.3421,-15.0527,251.066,-3.91528,264.024,2.26645e+17
20230101T000014.700000,6,1857,864.72,672.207,74.2453,0,0,0,768.188,-894.891,-99.3128,1223.71,-77.2028,1919.66,1.30794e+18
20230101T000014.700000,6,1858,5871.06,8269.79,864.863,0,0,0,109846,-77089,-8121.12,55988.8,-11439.2,164575,2.05686e+17
20230101T000014.700000,6,1859,5191,7932.81,-2368.14,0,0,0,103395,-61747.9,19660.6,49439.2,30045,143805,1.74645e+17
20230101T000014.700000,4,1670,882.638,644.24,121.092,-9.67641,4.95889,-28.1016,331.509,-366.639,-95.7367,594.396,-67.7481,856.386,0
20230101T000014.700000,3,1723,4702.48,-3101.97,-1146.72,0,0,0,2500,0,0,2500,0,2500,0
20230101T000014.700000,3,1724,1859.22,-768.658,175.18,0,0,0,2500,0,0,2500,0,2500,0
20230101T000014.700000,3,1725,10202.6,-4891.79,301.485,0,0,0,2500,0,0,2500,0,2500,0
20230101T000014.700000,3,1726,10104.9,-6060.68,1810.47,0,0,0,2500,0,0,2500,0,2500,0
20230101T000014.700000,3,1727,3146.62,-106.816,617.101,0,0,0,2500,0,0,2500,0,2500,0
20230101T000014.700000,3,1728,8567.87,-1490.11,-1194.59,0,0,0,2500,0,0,2500,0,2500,0
20230101T000014.700000,3,1729,7026.38,-1543.94,-876.982,0,0,0,2500,0,0,2500,0,2500,0
20230101T000014.700000,3,1730,4124.51,931.3,434.801,0,0,0,2500,0,0,2500,0,2500,0
20230101T000014.700000,3,1731,3621.38,1008.81,-144.974,0,0,0,2500,0,0,2500,0,2500,0
20230101T000014.700000,3,1732,7343.79,3151.21,584.911,0,0,0,2500,0,0,2500,0,2500,0
20230101T000014.700000,3,1733,392.853,102.183,31.5641,0,0,0,2500,0,0,2500,0,2500,0
20230101T000014.700000,3,1734,5871.06,8269.79,864.863,0,0,0,2500,0,0,2500,0,2500,0
20230101T000014.700000,3,1735,5191,7932.81,-2368.14,0,0,0,2500,0,0,2500,0,2500,0
20230101T000014.800000,6,1860,926.973,-1376.45,244.873,0,0,0,3080.87,1968.02,-358.022,1483.94,531.623,4407.6,1.83863e+17
20230101T000014.800000,6,1861,4397.17,-5305.52,-744.672,0,0,0,45424.6,36859.8,5234.77,31499.7,-6316.13,75974.6,6.5419e+17
20230101T000014.800000,6,1862,9632.04,-2575.65,1312.61,0,0,0,13245.8,38990.4,-20221,148630,5407.19,159057,7.88993e+17
20230101T000014.800000,6,1863,8163.29,-4752.22,556.286,0,0,0,36551.2,61827.1,-7262.56,106764,4227.86,142757,2.09948e+17
20230101T000014.800000,6,1864,4791.18,-2189.2,146.666,0,0,0,7749.55,16745,-1122.7,36745.6,512.99,44396.9,9.48269e+17
20230101T000014.800000,6,1865,1022.67,-380.597,139.32,0,0,0,314.357,592.025,-220.43,1684.81,82.0352,1906.17,1.74501e+21
20230101T000014.800000,6,1866,10951.4,2073.34,-471.494,0,0,0,7283.03,-36252.8,8258.98,191907,1563.61,198771,1.69482e+17
20230101T000014.800000,6,1867,12095.1,-739.003,611.439,0,0,0,1533.35,14261,-11829.4,234068,722.772,234940,1.35886e+17
20230101T000014.800000,6,1868,7691.14,1088.66,-945.853,0,0,0,3361.41,-13189.4,11631.9,94675.1,1646.46,96543,7.87328e+17
20230101T000014.800000,6,1869,4178.54,2073.61,294.832,0,0,0,7042.55,-13782.7,-1967.54,27976.4,-976.399,34816.4,1.79999e+17
20230101T000014.800000,6,1870,423.097,152.876,-74.5702,0,0,0,100.359,-80.7395,40.7702,294.638,14.7314,325.523,1.73074e+17
20230101T000014.800000,6,1871,9022.93,5065.94,-1607.32,0,0,0,44252.4,-71344.1,23195.9,131267,13023.4,171325,1.47055e+17
20230101T000014.800000,6,1872,2188.91,2491.43,198.518,0,0,0,9986.79,-8662.74,-692.742,7737.7,-788.483,17597.9,1.47987e+17
20230101T000014.800000,6,1873,8127.09,7476.99,830.048,0,0,0,90080,-96644.9,-10789.9,106214,-9926.77,195128,1.24601e+17
20230101T000014.800000,6,1874,5041.48,4288.49,1285.39,0,0,0,30995.4,-33257.5,-10359.3,41802.2,-8812.07,70094.7,3.01905e+17
20230101T000014.800000,4,1701,4707.5,-2260.58,698.481,13.993,-4.81965,-7.46523,572.445,958.201,-310.342,2100.14,149.489,2516.31,0
20230101T000014.800000,4,1733,436.98,148.7,-53.5894,4.36899,4.60568,-8.43105,74.5892,-42.6899,-13.2851,227.611,-3.45552,238.954,0
20230101T000014.800000,3,1736,926.973,-1376.45,244.873,0,0,0,2500,0,0,2500,0,2500,0
20230101T000014.800000,3,1737,4397.17,-5305.52,-744.672,0,0,0,2500,0,0,2500,0,2500,0
20230101T000014.800000,3,1738,9632.04,-2575.65,1312.61,0,0,0,2500,0,0,2500,0,2500,0
20230101T000014.800000,3,1739,8163.29,-4752.22,556.286,0,0,0,2500,0,0,2500,0,2500,0
20230101T000014.800000,3,1740,1022.67,-380.597,139.32,0,0,0,2500,0,0,2500,0,2500,0
20230101T000014.800000,3,1741,10951.4,2073.34,-471.494,0,0,0,2500,0,0,2500,0,2500,0
20230101T000014.800000,3,1742,12095.1,-739.003,611.439,0,0,0,2500,0,0,2500,0,2500,0
20230101T000014.800000,3,1743,7691.14,1088.66,-945.853,0,0,0,2500,0,0,2500,0,2500,0
20230101T000014.800000,3,1744,4178.54,2073.61,294.832,0,0,0,2500,0,0,2500,0,2500,0
20230101T000014.800000,3,1745,9022.93,5065.94,-1607.32,0,0,0,2500,0,0,2500,0,2500,0
20230101T000014.800000,3,1746,2188.91,2491.43,198.518,0,0,0,2500,0,0,2500,0,2500,0
20230101T000014.800000,3,1747,8127.09,7476.99,830.048,0,0,0,2500,0,0,2500,0,2500,0
20230101T000014.800000,3,1748,5041.48,4288.49,1285.39,0,0,0,2500,0,0,2500,0,2500,0
20230101T000014.900000,6,1875,7998.11,-8250.1,1783.56,0,0,0,111399,103001,-22817.4,105008,23536.3,211256,1.97888e+17
20230101T000014.900000,6,1876,4719.01,-4951.42,39.4704,0,0,0,39258.1,37352.1,-297.763,35665.3,312.428,74857,1.17548e+17
20230101T000014.900000,6,1877,4351.15,-4276.31,-281.243,0,0,0,29355.8,29675.8,1955.87,30385.6,-1922.23,59551.1,1.37788e+17
20230101T000014.900000,6,1878,4217.07,-2798.06,1173.73,0,0,0,14099.2,17835.9,-7907.77,29146.2,5246.87,40983.7,2.06628e+17
20230101T000014.900000,6,1879,971.557,-483.52,174.748,0,0,0,463.226,707.256,-262.651,1532.36,130.715,1885.96,2.26697e+19
20230101T000014.900000,6,1880,1422.89,-721.522,45.7063,0,0,0,886.476,1615.49,-102.422,3253.15,51.9364,4072.39,2.00826e+17
20230101T000014.900000,6,1881,4869.65,969.01,144.366,0,0,0,1595.96,-7531.37,-1123,37945.3,-223.465,39444.1,2.23024e+17
20230101T000014.900000,6,1882,6306.96,-778.53,406.492,0,0,0,1292.97,7816.36,-4097.92,63649.4,505.846,64614.5,1.63164e+17
20230101T000014.900000,6,1883,177.971,75.8567,-27.6731,0,0,0,63.3182,1.46353,-0.372677,60.5084,-0.158847,61.1678,1.2313e+17
20230101T000014.900000,6,1884,5057.6,2898.74,933.001,0,0,0,14539.7,-22829.3,-7541.33,41286.8,-4322.28,54372.9,9.17847e+17
20230101T000014.900000,6,1885,5705.68,1398.85,1266.04,0,0,0,5607.69,-12163,-11545,52236.6,-2830.45,55221.4,2.19332e+17
20230101T000014.900000,6,1886,2271.65,2339.47,716.183,0,0,0,9184.85,-8062.46,-2593.73,8710.49,-2671.16,17016.6,2.12176e+17
20230101T000014.900000,6,1887,514.761,411.945,39.3616,0,0,0,311.905,-306.965,-29.4462,449.831,-23.5648,695.711,5.71791e+17
20230101T000014.900000,6,1888,6479.97,4659.75,1614.01,0,0,0,37529.2,-46307.3,-16723.9,68625.7,-12026.2,101928,1.49531e+17
20230101T000014.900000,6,1889,3656.63,5019.06,-978.162,0,0,0,40858,-28606.3,5717.05,22434.4,7847.17,61700.6,3.52229e+17
20230101T000014.900000,4,1740,996.6,-440.911,159.389,-2.58143,-5.97166,1.98704,201.482,329.127,-121.678,963.365,45.2835,1079.29,0
20230101T000014.900000,3,1749,7998.11,-8250.1,1783.56,0,0,0,2500,0,0,2500,0,2500,0
20230101T000014.900000,3,1750,4719.01,-4951.42,39.4704,0,0,0,2500,0,0,2500,0,2500,0
20230101T000014.900000,3,1751,4351.15,-4276.31,-281.243,0,0,0,2500,0,0,2500,0,2500,0
20230101T000014.900000,3,1752,4217.07,-2798.06,1173.73,0,0,0,2500,0,0,2500,0,2500,0
20230101T000014.900000,3,1753,1422.89,-721.522,45.7063,0,0,0,2500,0,0,2500,0,2500,0
20230101T000014.900000,3,1754,4869.65,969.01,144.366,0,0,0,2500,0,0,2500,0,2500,0
20230101T000014.900000,3,1755,6306.96,-778.53,406.492,0,0,0,2500,0,0,2500,0,2500,0
20230101T000014.900000,3,1756,177.971,75.8567,-27.6731,0,0,0,2500,0,0,2500,0,2500,0
20230101T000014.900000,3,1757,5057.6,2898.74,933.001,0,0,0,2500,0,0,2500,0,2500,0
20230101T000014.900000,3,1758,5705.68,1398.85,1266.04,0,0,0,2500,0,0,2500,0,2500,0
20230101T000014.900000,3,1759,2271.65,2339.47,716.183,0,0,0,2500,0,0,2500,0,2500,0
20230101T000014.900000,3,1760,514.761,411.945,39.3616,0,0,0,2500,0,0,2500,0,2500,0
20230101T000014.900000,3,1761,6479.97,4659.75,1614.01,0,0,0,2500,0,0,2500,0,2500,0
20230101T000014.900000,3,1762,3656.63,5019.06,-978.162,0,0,0,2500,0,0,2500,0,2500,0
20230101T000015,6,1890,825.208,-712.669,143.111,0,0,0,867.443,893.626,-182.705,1130.43,157.788,1903.27,5.71838e+20
20230101T000015,6,1891,7793.03,-8745.97,-2212.51,0,0,0,125881,105131,27579.6,101570,-30952.1,219559,1.66209e+17
20230101T000015,6,1892,2124.78,-1299.68,-410.328,0,0,0,2944.05,4270.81,1386.22,7313.83,-847.916,9927.87,2.74227e+17
20230101T000015,6,1893,3029.59,-820.7,-483.29,0,0,0,1484.08,3868.12,2333.38,14715.2,-632.101,15764.6,1.91467e+17
20230101T000015,6,1894,1813.62,-303.71,-72.9596,0,0,0,218.025,869.506,209.212,5264.7,-35.035,5410.41,1.55634e+17
20230101T000015,6,1895,1867.59,375.185,46.1045,0,0,0,289.972,-1108.1,-136.249,5583.24,-27.3714,5805.89,1.79737e+17
20230101T000015,6,1896,1999.5,-383.33,-256.694,0,0,0,397.562,1195.21,813.417,6402.78,-155.942,6632.92,1.83086e+17
20230101T000015,6,1897,10847.1,1051.98,-1168.94,0,0,0,3999.24,-18041.3,20280.5,188275,1966.87,190025,2.19889e+17
20230101T000015,6,1898,2992.88,1817.44,0.726365,0,0,0,5331.69,-8674.6,-3.46693,14349,-2.10531,19616.7,1.1266e+17
20230101T000015,6,1899,5684.83,2048.9,884.982,0,0,0,7881.29,-18216.5,-8040.92,51858.9,-2898.07,58425.8,2.7915e+17
20230101T000015,6,1900,4719.89,2602.3,-945.775,0,0,0,11980.3,-19020.7,7132.78,35991.8,3932.65,46480.8,1.44536e+17
20230101T000015,6,1901,4725.91,1718.72,-448.041,0,0,0,5066.13,-12872.4,3382.52,35779.7,1230.16,40461.6,2.23341e+17
20230101T000015,3,1763,825.208,-712.669,143.111,0,0,0,2500,0,0,2500,0,2500,0
20230101T000015,3,1764,7793.03,-8745.97,-2212.51,0,0,0,2500,0,0,2500,0,2500,0
20230101T000015,3,1765,2124.78,-1299.68,-410.328,0,0,0,2500,0,0,2500,0,2500,0
20230101T000015,3,1766,3029.59,-820.7,-483.29,0,0,0,2500,0,0,2500,0,2500,0
20230101T000015,3,1767,1813.62,-303.71,-72.9596,0,0,0,2500,0,0,2500,0,2500,0
20230101T000015,3,1768,1867.59,375.185,46.1045,0,0,0,2500,0,0,2500,0,2500,0
20230101T000015,3,1769,1999.5,-383.33,-256.694,0,0,0,2500,0,0,2500,0,2500,0
20230101T000015,3,1770,10847.1,1051.98,-1168.94,0,0,0,2500,0,0,2500,0,2500,0
20230101T000015,3,1771,2992.88,1817.44,0.726365,0,0,0,2500,0,0,2500,0,2500,0
20230101T000015,3,1772,5684.83,2048.9,884.982,0,0,0,2500,0,0,2500,0,2500,0
20230101T000015,3,1773,4719.89,2602.3,-945.775,0,0,0,2500,0,0,2500,0,2500,0
20230101T000015,3,1774,4725.91,1718.72,-448.041,0,0,0,2500,0,0,2500,0,2500,0
20230101T000015.100000,6,1902,6592.4,-9118.29,-1371.3,0,0,0,134084,94719.7,14459.7,71552.9,-20000,202566,1.91081e+17
20230101T000015.100000,6,1903,5215.19,-5287.13,985.581,0,0,0,45523.5,43309,-8218.13,44336.8,8331.5,88244.3,2.2433e+17
20230101T000015.100000,6,1904,11096.8,-2708.48,778.069,0,0,0,12711.7,47851.1,-13810.3,197081,3370.79,208761,1.52368e+17
20230101T000015.100000,6,1905,3151.28,73.9013,-597.855,0,0,0,642.056,-357.761,3002.7,15889.2,70.4169,15899.8,2.11438e+17
20230101T000015.100000,6,1906,10973.9,-1355.39,-1050.55,0,0,0,4741.11,23575.6,18439.8,192709,-2277.5,195621,5.29283e+17
20230101T000015.100000,6,1907,12267.3,1406.85,856.421,0,0,0,4387.93,-27473.1,-16805.1,240794,-1927.27,243945,2.10297e+17
20230101T000015.100000,6,1908,700.761,149.617,-6.48716,0,0,0,97.0853,-154.671,6.70692,788.498,1.43197,821.526,2.00909e+17
20230101T000015.100000,6,1909,8549.88,707.406,249.366,0,0,0,963.006,-9663.75,-3409.42,116962,-282.091,117761,3.17078e+17
20230101T000015.100000,6,1910,2616.49,743.861,596.936,0,0,0,1469.32,-2948.06,-2486.12,11000.8,-706.796,11841.9,2.39289e+17
20230101T000015.100000,6,1911,824.117,971.828,-271.018,0,0,0,1585.89,-1193.27,348.938,1190.65,411.48,2600.56,2.26021e+21
20230101T000015.100000,6,1912,6592.04,9467.42,-1583.32,0,0,0,144742,-97944.9,16694.8,72271.6,23976.9,212940,1.48479e+17
20230101T000015.100000,6,1913,6158.57,3995.03,245.902,0,0,0,25649.6,-39292.5,-2421.25,60732.4,-1570.65,86221.3,1.26507e+17
20230101T000015.100000,6,1914,6288.7,6949.51,678.546,0,0,0,77633.5,-69527.3,-6824.39,63716.4,-7541.49,140550,3.28891e+17
20230101T000015.100000,3,1775,6592.4,-9118.29,-1371.3,0,0,0,2500,0,0,2500,0,2500,0
20230101T000015.100000,3,1776,5215.19,-5287.13,985.581,0,0,0,2500,0,0,2500,0,2500,0
20230101T000015.100000,3,1777,11096.8,-2708.48,778.069,0,0,0,2500,0,0,2500,0,2500,0
20230101T000015.100000,3,1778,3151.28,73.9013,-597.855,0,0,0,2500,0,0,2500,0,2500,0
20230101T000015.100000,3,1779,10973.9,-1355.39,-1050.55,0,0,0,2500,0,0,2500,0,2500,0
20230101T000015.100000,3,1780,12267.3,1406.85,856.421,0,0,0,2500,0,0,2500,0,2500,0
20230101T000015.100000,3,1781,700.761,149.617,-6.48716,0,0,0,2500,0,0,2500,0,2500,0
20230101T000015.100000,3,1782,8549.88,707.406,249.366,0,0,0,2500,0,0,2500,0,2500,0
20230101T000015.100000,3,1783,2616.49,743.861,596.936,0,0,0,2500,0,0,2500,0,2500,0
20230101T000015.100000,3,1784,824.117,971.828,-271.018,0,0,0,2500,0,0,2500,0,2500,0
20230101T000015.100000,3,1785,6592.04,9467.42,-1583.32,0,0,0,2500,0,0,2500,0,2500,0
20230101T000015.100000,3,1786,6158.57,3995.03,245.902,0,0,0,2500,0,0,2500,0,2500,0
20230101T000015.100000,3,1787,6288.7,6949.51,678.546,0,0,0,2500,0,0,2500,0,2500,0
20230101T000015.200000,6,1915,5031.46,-4539.56,-1042.63,0,0,0,33965.4,35648.8,8386.34,41313.5,-7566.45,73478.5,2.72149e+17
20230101T000015.200000,6,1916,5391.54,-7003.29,977.539,0,0,0,79066.2,59644,-8428.44,47509.6,10948,124984,1.84765e+17
20230101T000015.200000,6,1917,4150.31,-3213.5,-1227.84,0,0,0,18068.5,20142.2,8142.22,28486.9,-6304.36,44086,2.55466e+17
20230101T000015.200000,6,1918,2972.68,597.189,532.273,0,0,0,1066.01,-2740.88,-2520.96,14158.9,-506.442,14711.4,3.06599e+18
20230101T000015.200000,6,1919,7344.96,1581.12,405.167,0,0,0,4311.9,-18514,-4758.13,86331.9,-1024.26,90317.5,1.87112e+17
20230101T000015.200000,6,1920,964.857,822.192,-279.992,0,0,0,1189.62,-1177.23,421.985,1567.96,359.589,2574.1,1.53264e+20
20230101T000015.200000,6,1921,9344.83,6445.64,1209.93,0,0,0,68104,-95249,-18085,140497,-12474.2,206196,1.17122e+17
20230101T000015.200000,6,1922,4508.16,6754.44,-945.466,0,0,0,73456.2,-48030.6,6815.61,33550.7,10211.6,105514,1.18821e+17
20230101T000015.200000,4,1784,898.144,902.076,-274.9,7.32942,-6.90615,-0.384332,793.491,-574.227,163.977,603.291,193.367,1254.43,0
20230101T000015.200000,3,1788,5031.46,-4539.56,-1042.63,0,0,0,2500,0,0,2500,0,2500,0
20230101T000015.200000,3,1789,5391.54,-7003.29,977.539,0,0,0,2500,0,0,2500,0,2500,0
20230101T000015.200000,3,1790,4150.31,-3213.5,-1227.84,0,0,0,2500,0,0,2500,0,2500,0
20230101T000015.200000,3,1791,2972.68,597.189,532.273,0,0,0,2500,0,0,2500,0,2500,0
20230101T000015.200000,3,1792,7344.96,1581.12,405.167,0,0,0,2500,0,0,2500,0,2500,0
20230101T000015.200000,3,1793,9344.83,6445.64,1209.93,0,0,0,2500,0,0,2500,0,2500,0
20230101T000015.200000,3,1794,4508.16,6754.44,-945.466,0,0,0,2500,0,0,2500,0,2500,0
20230101T000015.300000,6,1923,453.434,-533.632,-7.19559,0,0,0,482.487,355.529,4.79457,366.174,-5.64258,784.592,1.62316e+17
20230101T000015.300000,6,1924,1854.22,-390.334,-406.786,0,0,0,555.886,1092.32,1193.98,5514.84,-251.346,5747.61,1.50455e+17
20230101T000015.300000,6,1925,2661.41,378.147,350.191,0,0,0,482.81,-1574.16,-1483.09,11338.1,-210.725,11562.9,7.83204e+17
20230101T000015.300000,6,1926,11546.9,-418.614,-445.04,0,0,0,660.683,7720.12,8219.67,213330,-297.991,213610,1.7729e+17
20230101T000015.300000,6,1927,5743.66,900.132,61.8144,0,0,0,1364.81,-8261.37,-567.393,52785.2,-88.9204,54079.9,1.34823e+17
20230101T000015.300000,6,1928,9634.82,-1304.53,-9.12002,0,0,0,2785.85,20101.7,140.532,148529,-19.0277,151250,1.63111e+17
20230101T000015.300000,6,1929,3338.45,1324.92,638.511,0,0,0,3425.83,-6832.17,-3400.37,17929.6,-1349.5,20643,1.67329e+17
20230101T000015.300000,6,1930,1113.59,618.732,-248.762,0,0,0,735.29,-1034.21,432.706,2022.02,240.42,2599,2.6133e+20
20230101T000015.300000,6,1931,8496.86,3945.89,-2027.6,0,0,0,30373.2,-51108.1,27553.1,116692,12795.5,140429,8.28091e+17
20230101T000015.300000,6,1932,5475.68,5230.84,502.237,0,0,0,44023.1,-45594.5,-4397.08,48195.9,-4200.48,91751.9,2.1148e+17
20230101T000015.300000,6,1933,5707.91,5099.97,-7.37493,0,0,0,41651.2,-46544.5,67.3068,52156.9,60.1381,93744,2.09878e+17
20230101T000015.300000,4,1769,1882.7,-371.846,-293.212,-32.1465,3.16088,-10.0507,157.126,340.152,228.875,1866.19,-43.8783,1910.86,0
20230101T000015.300000,3,1795,453.434,-533.632,-7.19559,0,0,0,2500,0,0,2500,0,2500,0
20230101T000015.300000,3,1796,2661.41,378.147,350.191,0,0,0,2500,0,0,2500,0,2500,0
20230101T000015.300000,3,1797,11546.9,-418.614,-445.04,0,0,0,2500,0,0,2500,0,2500,0
20230101T000015.300000,3,1798,5743.66,900.132,61.8144,0,0,0,2500,0,0,2500,0,2500,0
20230101T000015.300000,3,1799,9634.82,-1304.53,-9.12002,0,0,0,2500,0,0,2500,0,2500,0
20230101T000015.300000,3,1800,3338.45,1324.92,638.511,0,0,0,2500,0,0,2500,0,2500,0
20230101T000015.300000,3,1801,1113.59,618.732,-248.762,0,0,0,2500,0,0,2500,0,2500,0
20230101T000015.300000,3,1802,8496.86,3945.89,-2027.6,0,0,0,2500,0,0,2500,0,2500,0
20230101T000015.300000,3,1803,5475.68,5230.84,502.237,0,0,0,2500,0,0,2500,0,2500,0
20230101T000015.300000,3,1804,5707.91,5099.97,-7.37494,0,0,0,2500,0,0,2500,0,2500,0
20230101T000015.400000,6,1934,1389.08,-1130.7,35.8859,0,0,0,2085.29,2480.69,-78.7635,3113.6,64.1128,5132.88,1.29613e+17
20230101T000015.400000,6,1935,2466.94,-3001,-242.156,0,0,0,14473.1,11767.9,953.29,9831.28,-1159.67,24147.1,2.02986e+17
20230101T000015.400000,6,1936,2289.76,-3169.49,-873.029,0,0,0,16512.2,11004,3190.48,9230.17,-4416.26,24465,2.76594e+17
20230101T000015.400000,6,1937,9123.16,-5833.09,-623.579,0,0,0,54926.8,84834.7,9099.33,133370,-5817.85,187611,1.85328e+17
20230101T000015.400000,6,1938,7553.07,-6250.83,-2.14704,0,0,0,62554.5,75509.2,25.9359,91304.1,-21.4643,153795,1.5109e+17
20230101T000015.400000,6,1939,2555.44,-882.233,12.5547,0,0,0,1302.74,3587.37,-51.0516,10455.3,17.6249,11693.8,1.96571e+17
20230101T000015.400000,6,1940,2573.98,-1003.83,-416.641,0,0,0,1907.66,4018.92,1707.08,10645.5,-665.747,12214.2,8.78488e+17
20230101T000015.400000,6,1941,8387.25,-2854.42,-1790.2,0,0,0,17686.9,36722.5,24012.1,113092,-8172,125592,2.31224e+17
20230101T000015.400000,6,1942,5209.17,-1428.8,-1141.95,0,0,0,5263.79,11360.7,9505.24,43566.9,-2607.15,46685.7,1.78756e+17
20230101T000015.400000,6,1943,1187,460.245,-264.813,0,0,0,489.788,-815.604,491.038,2277.04,190.394,2595.94,5.764e+20
20230101T000015.400000,6,1944,7980.73,5438.46,-11.2755,0,0,0,47366.8,-69414.8,143.917,101928,98.0718,149230,1.74577e+17
20230101T000015.400000,6,1945,1769.59,1650.98,332.52,0,0,0,4489.34,-4554.92,-935.167,5121.88,-872.486,9372.68,1.64983e+17
20230101T000015.400000,6,1946,8589.06,7909.77,130.738,0,0,0,100153,-108655,-1796.15,118077,-1654.09,218138,2.38834e+17
20230101T000015.400000,6,1947,9348.31,7102.9,896.176,0,0,0,81576.9,-105590,-13400.5,140319,-10181.8,220548,1.30301e+17
20230101T000015.400000,6,1948,5558.83,5532.55,-1383.17,0,0,0,50543.6,-47645.7,12294.3,50995.1,12236.2,98417.5,2.07224e+17
20230101T000015.400000,4,1801,1156.15,543.761,-256.743,4.21381,-7.42295,-0.790255,384.513,-497.641,204.107,1003.66,113.406,1258.18,0
20230101T000015.400000,3,1805,1389.08,-1130.7,35.8859,0,0,0,2500,0,0,2500,0,2500,0
20230101T000015.400000,3,1806,2466.94,-3001,-242.156,0,0,0,2500,0,0,2500,0,2500,0
20230101T000015.400000,3,1807,2289.76,-3169.49,-873.029,0,0,0,2500,0,0,2500,0,2500,0
20230101T000015.400000,3,1808,9123.16,-5833.09,-623.579,0,0,0,2500,0,0,2500,0,2500,0
20230101T000015.400000,3,1809,7553.07,-6250.83,-2.14704,0,0,0,2500,0,0,2500,0,2500,0
20230101T000015.400000,3,1810,2555.44,-882.232,12.5547,0,0,0,2500,0,0,2500,0,2500,0
20230101T000015.400000,3,1811,2573.98,-1003.83,-416.641,0,0,0,2500,0,0,2500,0,2500,0
20230101T000015.400000,3,1812,8387.25,-2854.42,-1790.2,0,0,0,2500,0,0,2500,0,2500,0
20230101T000015.400000,3,1813,5209.17,-1428.8,-1141.95,0,0,0,2500,0,0,2500,0,2500,0
20230101T000015.400000,3,1814,7980.73,5438.46,-11.2755,0,0,0,2500,0,0,2500,0,2500,0
20230101T000015.400000,3,1815,1769.59,1650.98,332.52,0,0,0,2500,0,0,2500,0,2500,0
20230101T000015.400000,3,1816,8589.06,7909.77,130.738,0,0,0,2500,0,0,2500,0,2500,0
20230101T000015.400000,3,1817,9348.31,7102.9,896.176,0,0,0,2500,0,0,2500,0,2500,0
20230101T000015.400000,3,1818,5558.83,5532.55,-1383.17,0,0,0,2500,0,0,2500,0,2500,0
20230101T000015.500000,6,1949,2120.41,-841.429,262.633,0,0,0,1282.72,2795.18,-884.264,7217.4,350.897,8327.44,1.60161e+17
20230101T000015.500000,6,1950,7110.27,-3728.02,103.296,0,0,0,22300.6,42378.2,-1174.41,80907,615.76,103126,2.70953e+17
20230101T000015.500000,6,1951,1254.1,165.076,-288.409,0,0,0,234.222,-306.144,564.957,2519.73,74.3647,2563.19,4.96613e+19
20230101T000015.500000,6,1952,8129.08,-845.374,1955.34,0,0,0,7255.23,10359.8,-25417.7,105797,2643.29,106878,2.28018e+17
20230101T000015.500000,6,1953,6515.63,171.307,1112.32,0,0,0,2087.33,-1732.23,-11585.3,67926.9,-304.597,67974.2,1.823e+17
20230101T000015.500000,6,1954,4955.88,565.009,343.467,0,0,0,759.986,-4451.78,-2719.14,39300.5,-310.002,39808.3,2.83318e+17
20230101T000015.500000,6,1955,1224.65,305.351,-300.931,0,0,0,342.61,-550.086,575.644,2411.63,143.53,2552.23,4.74434e+19
20230101T000015.500000,6,1956,10247,4570.38,1219.81,0,0,0,35459.8,-74023.4,-19992.9,168408,-8917.2,201425,1.33129e+17
20230101T000015.500000,6,1957,5009.49,2528.17,-9.11002,0,0,0,10277.7,-20238,72.9258,40165,36.8039,50378.6,6.33582e+17
20230101T000015.500000,6,1958,7090.38,5139.96,-1291.48,0,0,0,44061.1,-57012.9,14643.9,81378.4,10615.6,122710,1.84908e+18
20230101T000015.500000,6,1959,4068.92,5659.35,-47.2275,0,0,0,51268.1,-36811.8,307.21,26534.3,427.29,77734.9,1.4386e+17
20230101T000015.500000,3,1819,2120.41,-841.429,262.633,0,0,0,2500,0,0,2500,0,2500,0
20230101T000015.500000,3,1820,7110.27,-3728.02,103.296,0,0,0,2500,0,0,2500,0,2500,0
20230101T000015.500000,3,1821,1254.1,165.076,-288.409,0,0,0,2500,0,0,2500,0,2500,0
20230101T000015.500000,3,1822,8129.08,-845.374,1955.34,0,0,0,2500,0,0,2500,0,2500,0
20230101T000015.500000,3,1823,6515.63,171.307,1112.32,0,0,0,2500,0,0,2500,0,2500,0
20230101T000015.500000,3,1824,4955.88,565.009,343.467,0,0,0,2500,0,0,2500,0,2500,0
20230101T000015.500000,3,1825,1224.65,305.351,-300.931,0,0,0,2500,0,0,2500,0,2500,0
20230101T000015.500000,3,1826,10247,4570.38,1219.81,0,0,0,2500,0,0,2500,0,2500,0
20230101T000015.500000,3,1827,5009.49,2528.17,-9.11002,0,0,0,2500,0,0,2500,0,2500,0
20230101T000015.500000,3,1828,7090.38,5139.96,-1291.48,0,0,0,2500,0,0,2500,0,2500,0
20230101T000015.500000,3,1829,4068.92,5659.35,-47.2275,0,0,0,2500,0,0,2500,0,2500,0
20230101T000015.600000,6,1960,9246.58,-7562.23,1827.96,0,0,0,94740.7,109229,-27036.4,138967,22111.4,228300,1.64582e+17
20230101T000015.600000,6,1961,6849.62,-7314.63,-1238.79,0,0,0,86782.7,78907.4,13571,76409.5,-14492.3,160675,2.26562e+17
20230101T000015.600000,6,1962,3710.12,-4466.61,-1020.61,0,0,0,32626.7,25665,6051.6,23047,-7285.51,53946.9,3.67054e+17
20230101T000015.600000,6,1963,3144.24,-1183.06,281.298,0,0,0,2406,5889.06,-1410.17,15841.5,530.596,18057.8,1.36649e+17
20230101T000015.600000,6,1964,7666.26,-2206.61,204.57,0,0,0,7911.52,27031.5,-2507.68,94044.5,721.797,101825,1.79118e+17
20230101T000015.600000,6,1965,12071.4,-712.752,-1939.81,0,0,0,6874.65,13408.4,37456,233173,-2211.57,233966,2.1478e+17
20230101T000015.600000,6,1966,1272.17,32.0234,-268.72,0,0,0,178.334,-60.7351,534.04,2589.6,13.4429,2593.86,4.75632e+20
20230101T000015.600000,6,1967,8031.58,-1188.34,2104.32,0,0,0,9251.36,14236.2,-27026.2,103363,3998.74,105473,1.58458e+17
20230101T000015.600000,6,1968,733.705,-21.5926,149.813,0,0,0,98.0128,22.4856,-163.336,861.401,4.80689,864.622,1.83749e+17
20230101T000015.600000,6,1969,4362.02,1625.84,-573.508,0,0,0,4746.8,-11154.3,3995.37,30515.5,1489.18,34673.9,1.48481e+17
20230101T000015.600000,6,1970,3106.16,2474.82,-134.137,0,0,0,9856.3,-12254.3,664.954,15473.1,529.801,25236.8,3.26795e+17
20230101T000015.600000,6,1971,1995.74,2369,-178.927,0,0,0,9027.19,-7507.99,568.976,6440.06,675.388,15352.5,4.49347e+17
20230101T000015.600000,6,1972,482.538,337.24,-83.3986,0,0,0,231.598,-225.685,57.1035,396.79,39.909,555.778,1.10571e+18
20230101T000015.600000,6,1973,4482.75,6040.05,1807.23,0,0,0,60249.1,-40791.8,-12953.5,35560.7,-17453.5,90527,3.08192e+17
20230101T000015.600000,4,1821,1268.06,99.9443,-279.28,1.38225,-6.44869,0.903852,143.276,-148.467,266.62,1251.65,35.0949,1241.86,0
20230101T000015.600000,4,1822,8112.08,-851.812,1954.99,-1.68396,-0.637398,-0.0339112,217.082,233.949,-541.853,2442.39,56.3494,2339.47,0
20230101T000015.600000,3,1830,9246.58,-7562.23,1827.96,0,0,0,2500,0,0,2500,0,2500,0
20230101T000015.600000,3,1831,6849.62,-7314.63,-1238.79,0,0,0,2500,0,0,2500,0,2500,0
20230101T000015.600000,3,1832,3710.12,-4466.61,-1020.61,0,0,0,2500,0,0,2500,0,2500,0
20230101T000015.600000,3,1833,3144.24,-1183.06,281.298,0,0,0,2500,0,0,2500,0,2500,0
20230101T000015.600000,3,1834,7666.26,-2206.61,204.57,0,0,0,2500,0,0,2500,0,2500,0
20230101T000015.600000,3,1835,12071.4,-712.752,-1939.81,0,0,0,2500,0,0,2500,0,2500,0
20230101T000015.600000,3,1836,733.705,-21.5926,149.813,0,0,0,2500,0,0,2500,0,2500,0
20230101T000015.600000,3,1837,4362.02,1625.84,-573.508,0,0,0,2500,0,0,2500,0,2500,0
20230101T000015.600000,3,1838,3106.16,2474.82,-134.137,0,0,0,2500,0,0,2500,0,2500,0
20230101T000015.600000,3,1839,1995.74,2369,-178.927,0,0,0,2500,0,0,2500,0,2500,0
20230101T000015.600000,3,1840,482.538,337.24,-83.3986,0,0,0,2500,0,0,2500,0,2500,0
20230101T000015.600000,3,1841,4482.75,6040.05,1807.23,0,0,0,2500,0,0,2500,0,2500,0
20230101T000015.700000,6,1974,1256.63,-223.649,-250.893,0,0,0,237.381,421.666,492.521,2531.56,-87.6568,2608.99,3.24194e+19
20230101T000015.700000,6,1975,319.856,-88.625,-82.4935,0,0,0,78.6579,27.0434,27.7803,168.767,-7.6973,179.984,1.74581e+17
20230101T000015.700000,6,1976,5840.9,-3623.25,462.557,0,0,0,21297.9,33678.9,-4319.15,54698.5,2679.27,75590.7,2.73645e+17
20230101T000015.700000,6,1977,7702.7,-3869.03,-458.048,0,0,0,24270.1,47522.9,5642.1,95010.9,-2834,118882,1.36909e+18
20230101T000015.700000,6,1978,791.266,364.372,120.628,0,0,0,283.445,-428.602,-144.819,1016.82,-66.6882,1215.4,1.85992e+17
20230101T000015.700000,6,1979,9324.84,1862.25,-2027.54,0,0,0,11932.8,-26509.3,30237.6,139379,6038.7,144676,3.17615e+17
20230101T000015.700000,6,1980,4867.56,2957.95,-220.069,0,0,0,14102.4,-22974.1,1711.81,37947.2,1040.24,51908.3,1.3595e+17
20230101T000015.700000,6,1981,2148.81,2778.22,518.722,0,0,0,12534.2,-9313.12,-1777.75,7696.35,-2298.48,19738.8,1.81987e+17
20230101T000015.700000,6,1982,6880.71,8791.7,-953.169,0,0,0,124247,-96052.6,10490.2,76691.5,13403.7,199421,2.61065e+17
20230101T000015.700000,6,1983,7923.81,6642.76,-188.911,0,0,0,70673.1,-84158,2394.14,100509,2007.07,171061,1.51147e+17
20230101T000015.700000,4,1827,5077.08,2586.55,-19.4382,12.9977,11.2264,-1.9862,551.674,-969.345,3.49294,1983.2,1.76281,2472.4,0
20230101T000015.700000,3,1842,1256.63,-223.649,-250.893,0,0,0,2500,0,0,2500,0,2500,0
20230101T000015.700000,3,1843,319.856,-88.625,-82.4935,0,0,0,2500,0,0,2500,0,2500,0
20230101T000015.700000,3,1844,5840.9,-3623.25,462.557,0,0,0,2500,0,0,2500,0,2500,0
20230101T000015.700000,3,1845,7702.7,-3869.03,-458.048,0,0,0,2500,0,0,2500,0,2500,0
20230101T000015.700000,3,1846,791.267,364.372,120.628,0,0,0,2500,0,0,2500,0,2500,0
20230101T000015.700000,3,1847,9324.84,1862.25,-2027.54,0,0,0,2500,0,0,2500,0,2500,0
20230101T000015.700000,3,1848,2148.81,2778.22,518.722,0,0,0,2500,0,0,2500,0,2500,0
20230101T000015.700000,3,1849,6880.71,8791.7,-953.169,0,0,0,2500,0,0,2500,0,2500,0
20230101T000015.700000,3,1850,7923.81,6642.76,-188.911,0,0,0,2500,0,0,2500,0,2500,0
20230101T000015.800000,6,1984,2117.75,-3037.91,1028.94,0,0,0,15339.6,9471.08,-3477.01,8355.72,4987.76,21946.5,5.02284e+17
20230101T000015.800000,6,1985,2974.4,-2110.22,91.001,0,0,0,7176.22,10006.2,-431.775,14181.1,306.328,21280.2,2.60028e+17
20230101T000015.800000,6,1986,8954.47,-7857.36,444.81,0,0,0,98995.9,112385,-6371.06,128457,5590.47,227073,1.06717e+17
20230101T000015.800000,6,1987,1179.85,-479.457,-258.583,0,0,0,512.381,846.348,476.58,2251.15,-193.668,2597.61,1.76724e+20
20230101T000015.800000,6,1988,331.805,-197.685,60.0065,0,0,0,112.9,74.9373,-23.5159,194.031,14.0105,240.186,2.30906e+17
20230101T000015.800000,6,1989,4612.13,-1000.6,182.102,0,0,0,1713.62,7359.58,-1341.4,34040.1,291.014,35636.9,1.4769e+17
20230101T000015.800000,6,1990,3268.53,-363.277,-85.4454,0,0,0,285.867,1891.51,445.198,17094.2,-49.4809,17304.5,1.84645e+17
20230101T000015.800000,6,1991,11744.7,1732.25,1654.62,0,0,0,9149.69,-31910.2,-31084,220794,-4584.66,225502,2.31683e+17
20230101T000015.800000,6,1992,9472.02,-888.483,-939.525,0,0,0,2725.89,13328,14232.5,143563,-1335.02,144814,2.80752e+17
20230101T000015.800000,6,1993,1491.14,1562.85,160.341,0,0,0,3957.95,-3676.36,-379.283,3612.44,-397.524,7465.96,1.19526e+17
20230101T000015.800000,6,1994,2610.38,3756.56,-131.171,0,0,0,22608.6,-15646.9,546.804,10964.3,786.897,33481.5,9.83501e+16
20230101T000015.800000,6,1995,6612.87,7862.19,-247.985,0,0,0,98969.8,-83106.7,2622.83,70063.1,3118.35,168871,1.58913e+17
20230101T000015.800000,3,1851,2117.75,-3037.91,1028.94,0,0,0,2500,0,0,2500,0,2500,0
20230101T000015.800000,3,1852,2974.4,-2110.22,91.001,0,0,0,2500,0,0,2500,0,2500,0
20230101T000015.800000,3,1853,8954.47,-7857.36,444.81,0,0,0,2500,0,0,2500,0,2500,0
20230101T000015.800000,3,1854,1179.85,-479.457,-258.583,0,0,0,2500,0,0,2500,0,2500,0
20230101T000015.800000,3,1855,331.805,-197.685,60.0065,0,0,0,2500,0,0,2500,0,2500,0
20230101T000015.800000,3,1856,4612.13,-1000.6,182.102,0,0,0,2500,0,0,2500,0,2500,0
20230101T000015.800000,3,1857,3268.53,-363.277,-85.4454,0,0,0,2500,0,0,2500,0,2500,0
20230101T000015.800000,3,1858,11744.7,1732.25,1654.62,0,0,0,2500,0,0,2500,0,2500,0
20230101T000015.800000,3,1859,9472.02,-888.483,-939.525,0,0,0,2500,0,0,2500,0,2500,0
20230101T000015.800000,3,1860,1491.14,1562.85,160.341,0,0,0,2500,0,0,2500,0,2500,0
20230101T000015.800000,3,1861,2610.38,3756.57,-131.171,0,0,0,2500,0,0,2500,0,2500,0
20230101T000015.800000,3,1862,6612.87,7862.19,-247.985,0,0,0,2500,0,0,2500,0,2500,0
20230101T000015.900000,6,1996,1284.32,-1367.81,-131.132,0,0,0,3036.18,2765.21,266.417,2687.61,-283.737,5632.9,5.40151e+17
20230101T000015.900000,6,1997,5968.05,-3978.74,-1422.43,0,0,0,27612.5,36470,13572.5,58003.2,-9048.41,82319.2,1.89037e+17
20230101T000015.900000,6,1998,4308.36,-5928.55,979.38,0,0,0,56788.5,40108,-6746.29,30744.6,9283.29,85936.6,1.78048e+17
20230101T000015.900000,6,1999,1172.82,-533.067,-133.179,0,0,0,530.658,965.767,243.954,2216.53,-110.881,2656.16,8.66116e+18
20230101T000015.900000,6,2000,10355.2,-3079.98,-1893.46,0,0,0,20505.1,49445.5,31361.1,172039,-9327.81,186748,6.14104e+17
20230101T000015.900000,6,2001,10065.4,-1986.43,-825.561,0,0,0,7424.26,31771.7,13290.4,162144,-2622.88,168415,1.76266e+17
20230101T000015.900000,6,2002,3931.02,-2658.58,1091.4,0,0,0,12658.3,15808.9,-6852.94,25341.9,4634.69,36036.8,4.28579e+17
20230101T000015.900000,6,2003,10116.3,-1700.53,-842.134,0,0,0,5792.21,27329,13625.7,163776,-2290.45,168371,1.70577e+17
20230101T000015.900000,6,2004,11091.1,1684.5,-1077.59,0,0,0,6418.06,-29607.4,19116.6,196863,2903.4,201360,2.79317e+17
20230101T000015.900000,6,2005,2598.78,1520.55,-332.079,0,0,0,3877.84,-6218.04,1374.78,10867,804.384,14506,1.33407e+17
20230101T000015.900000,6,2006,3015.33,751.942,-135.473,0,0,0,992.451,-3605.87,650.891,14553,162.315,15452.3,1.10615e+17
20230101T000015.900000,6,2007,8276.05,2426.79,-348.976,0,0,0,9661.18,-32064.9,4618.55,109609,1354.3,119012,1.50404e+17
20230101T000015.900000,4,1854,1177.63,-506.088,-197.868,-0.220256,-2.63675,6.01134,277.191,407.423,224.527,1114.22,-91.2414,1256.06,0
20230101T000015.900000,3,1863,1284.31,-1367.81,-131.132,0,0,0,2500,0,0,2500,0,2500,0
20230101T000015.900000,3,1864,5968.05,-3978.74,-1422.43,0,0,0,2500,0,0,2500,0,2500,0
20230101T000015.900000,3,1865,4308.36,-5928.55,979.38,0,0,0,2500,0,0,2500,0,2500,0
20230101T000015.900000,3,1866,10355.2,-3079.98,-1893.46,0,0,0,2500,0,0,2500,0,2500,0
20230101T000015.900000,3,1867,10065.4,-1986.43,-825.561,0,0,0,2500,0,0,2500,0,2500,0
20230101T000015.900000,3,1868,3931.02,-2658.58,1091.4,0,0,0,2500,0,0,2500,0,2500,0
20230101T000015.900000,3,1869,10116.3,-1700.53,-842.134,0,0,0,2500,0,0,2500,0,2500,0
20230101T000015.900000,3,1870,11091.1,1684.5,-1077.59,0,0,0,2500,0,0,2500,0,2500,0
20230101T000015.900000,3,1871,2598.78,1520.55,-332.079,0,0,0,2500,0,0,2500,0,2500,0
20230101T000015.900000,3,1872,3015.33,751.942,-135.473,0,0,0,2500,0,0,2500,0,2500,0
20230101T000015.900000,3,1873,8276.05,2426.79,-348.976,0,0,0,2500,0,0,2500,0,2500,0
20230101T000016,6,2008,8598.79,-7023.26,-1735.57,0,0,0,81850.3,94234.7,23870.5,120256,-19496.8,197226,2.47259e+17
20230101T000016,6,2009,965.216,-834.281,-215.567,0,0,0,1191.81,1220.85,324.955,1549.03,-280.874,2606.04,1.56523e+18
20230101T000016,6,2010,2821.05,-3109.12,173.455,0,0,0,15517.2,13977.8,-781.147,12794.7,860.915,28200,1.37442e+17
20230101T000016,6,2011,6461.13,-4677.73,234.869,0,0,0,35109.7,48285.2,-2426.51,66846.3,1756.75,101804,2.2349e+17
20230101T000016,6,2012,2104.53,-885.741,366.857,0,0,0,1491.19,2883.21,-1226.06,7128.27,516.016,8343.34,1.20313e+17
20230101T000016,6,2013,9881.06,-3406.67,647.927,0,0,0,19225.9,53631.8,-10239.8,156295,3530.35,174785,1.17701e+17
20230101T000016,6,2014,9244.36,-4839.47,1466.45,0,0,0,40222.7,70140.9,-21682.4,137487,11350.9,174207,1.45044e+17
20230101T000016,6,2015,7067.71,-3684.38,394.109,0,0,0,21965.1,41536.2,-4453.92,79990.8,2321.82,101644,2.23187e+17
20230101T000016,6,2016,6687.62,-2481.05,-59.7487,0,0,0,9910.25,26525,638.82,71567.2,-236.997,81407.8,2.54601e+17
20230101T000016,6,2017,5067.79,-1444.9,-646.302,0,0,0,4016.77,11523.1,5233.08,41147,-1492.02,44433.3,1.79309e+17
20230101T000016,6,2018,2484.36,535.533,-342.722,0,0,0,698.527,-2077.07,1354.03,9886.42,291.876,10335.3,1.1357e+18
20230101T000016,6,2019,4308.02,-14.6161,258.38,0,0,0,170.927,100.167,-1777.15,29694.5,6.02943,29695,1.63274e+17
20230101T000016,6,2020,8409.47,1294.84,-1351.82,0,0,0,5599.71,-16973.2,18179.1,113220,2799.12,115835,3.07744e+17
20230101T000016,6,2021,2475.73,655.79,-147.478,0,0,0,780.221,-2573.29,580.636,9813.25,153.803,10495.1,1.20728e+18
20230101T000016,6,2022,11837.8,2744.28,1236.28,0,0,0,14430.5,-51426.2,-23409.5,224343,-5426.85,236265,1.07725e+17
20230101T000016,6,2023,244.56,85.6937,27.3272,0,0,0,69.1881,-13.4052,-4.39373,102.748,-1.53956,108.149,1.16481e+17
20230101T000016,6,2024,6353.48,3356.7,-1440.71,0,0,0,20672.3,-32725.6,14634.7,65324.9,7731.87,82617.1,1.51435e+17
20230101T000016,6,2025,828.664,362.007,-28.1007,0,0,0,264.431,-456.052,35.437,1109.14,15.4808,1308.43,5.6048e+17
20230101T000016,6,2026,5524.26,3499.87,565.882,0,0,0,20009.5,-30674.4,-4997.09,48992.9,-3165.88,68427,2.07568e+18
20230101T000016,6,2027,5098.47,1110.7,319.151,0,0,0,2190.31,-9013.44,-2599.68,41601.3,-566.34,43565.1,1.72584e+17
20230101T000016,6,2028,2043.45,2992.86,238.614,0,0,0,14380.7,-9713.08,-777.787,6786.67,-1139.16,21012.8,1.37737e+17
20230101T000016,6,2029,2243.08,2164.63,-245.979,0,0,0,7580.08,-7688.57,879.191,8127.63,848.441,15547.7,8.06183e+16
20230101T000016,6,2030,1090.82,798.31,1.54492,0,0,0,1061.36,-1362.8,-2.63734,1926.15,-1.93012,2923.5,1.20609e+17
20230101T000016,6,2031,1203.69,1510.6,-158.652,0,0,0,3691.41,-2858.67,302.295,2381.71,379.373,5969.71,2.14238e+17
20230101T000016,6,2032,5658.5,5776.23,500.199,0,0,0,53611,-52063.7,-4525.84,51466.6,-4620.01,104614,5.08391e+17
20230101T000016,4,1846,831.157,369.688,22.9733,10.9791,1.46307,-26.8775,210.78,-289.722,-97.3071,706.522,-44.8092,836.178,0
20230101T000016,4,1848,2180.04,2859.88,496.533,8.59646,22.4749,-6.10723,1540.27,-1104.35,-206.755,966.596,-267.316,2350.73,0
20230101T000016,3,1874,8598.79,-7023.26,-1735.57,0,0,0,2500,0,0,2500,0,2500,0
20230101T000016,3,1875,965.216,-834.281,-215.567,0,0,0,2500,0,0,2500,0,2500,0
20230101T000016,3,1876,2821.05,-3109.12,173.455,0,0,0,2500,0,0,2500,0,2500,0
20230101T000016,3,1877,6461.13,-4677.73,234.869,0,0,0,2500,0,0,2500,0,2500,0
20230101T000016,3,1878,2104.53,-885.741,366.857,0,0,0,2500,0,0,2500,0,2500,0
20230101T000016,3,1879,9881.06,-3406.67,647.927,0,0,0,2500,0,0,2500,0,2500,0
20230101T000016,3,1880,9244.36,-4839.47,1466.45,0,0,0,2500,0,0,2500,0,2500,0
20230101T000016,3,1881,7067.71,-3684.38,394.109,0,0,0,2500,0,0,2500,0,2500,0
20230101T000016,3,1882,6687.62,-2481.05,-59.7487,0,0,0,2500,0,0,2500,0,2500,0
20230101T000016,3,1883,5067.79,-1444.9,-646.302,0,0,0,2500,0,0,2500,0,2500,0
20230101T000016,3,1884,2484.36,535.533,-342.722,0,0,0,2500,0,0,2500,0,2500,0
20230101T000016,3,1885,4308.02,-14.6161,258.38,0,0,0,2500,0,0,2500,0,2500,0
20230101T000016,3,1886,8409.47,1294.84,-1351.82,0,0,0,2500,0,0,2500,0,2500,0
20230101T000016,3,1887,2475.73,655.79,-147.478,0,0,0,2500,0,0,2500,0,2500,0
20230101T000016,3,1888,11837.8,2744.28,1236.28,0,0,0,2500,0,0,2500,0,2500,0
20230101T000016,3,1889,244.56,85.6937,27.3272,0,0,0,2500,0,0,2500,0,2500,0
20230101T000016,3,1890,6353.48,3356.7,-1440.71,0,0,0,2500,0,0,2500,0,2500,0
20230101T000016,3,1891,5524.26,3499.87,565.882,0,0,0,2500,0,0,2500,0,2500,0
20230101T000016,3,1892,5098.47,1110.7,319.151,0,0,0,2500,0,0,2500,0,2500,0
20230101T000016,3,1893,2243.08,2164.63,-245.979,0,0,0,2500,0,0,2500,0,2500,0
20230101T000016,3,1894,1090.82,798.31,1.54492,0,0,0,2500,0,0,2500,0,2500,0
20230101T000016,3,1895,1203.69,1510.6,-158.652,0,0,0,2500,0,0,2500,0,2500,0
20230101T000016,3,1896,5658.5,5776.23,500.199,0,0,0,2500,0,0,2500,0,2500,0
20230101T000016.100000,6,2033,3197.88,-2190.31,-2.62699,0,0,0,7719.48,11177.1,13.4055,16382.7,-9.18175,24038.2,1.20592e+17
20230101T000016.100000,6,2034,8598.94,-6364.14,-2230.48,0,0,0,69986.1,83724,30677.3,121146,-22704.5,183113,1.20292e+17
20230101T000016.100000,6,2035,6307.61,-5468.03,-1772.43,0,0,0,50743.6,52666.2,17877.8,65840.4,-15498.2,111499,1.57953e+17
20230101T000016.100000,6,2036,5850.59,-6991.45,-1568.73,0,0,0,79855.8,63478.1,14677.9,57119.4,-17540.1,132977,1.02807e+17
20230101T000016.100000,6,2037,9407.8,-2984.63,1130.78,0,0,0,16169,44318.1,-17014.2,141804,5397.76,155864,1.53478e+17
20230101T000016.100000,6,2038,4617.42,216.174,-159.153,0,0,0,178.994,-1592.19,1173.61,34113.2,54.9449,34187.8,1.09547e+17
20230101T000016.100000,6,2039,511.976,0.388049,-40.2556,0,0,0,66.1998,-0.267699,27.9745,419.391,0.0212031,419.784,7.31512e+17
20230101T000016.100000,6,2040,6676.51,1272.14,1687.46,0,0,0,7043.93,-12740.8,-18011.4,71483,-3431.89,73914.4,1.81976e+17
20230101T000016.100000,6,2041,2435.28,2809.56,-291.42,0,0,0,12715.3,-10848.5,1132.24,9602.84,1306.25,22119.1,2.12542e+17
20230101T000016.100000,6,2042,799.612,1022.41,-51.4228,0,0,0,1698.38,-1274.99,64.2297,1065.28,82.1264,2695.64,3.55236e+21
20230101T000016.100000,6,2043,2144.9,2943.24,334.636,0,0,0,13944.4,-9985.21,-1144.98,7519.39,-1571.15,21221.7,6.65829e+17
20230101T000016.100000,6,2044,4357.88,4539.93,-123.782,0,0,0,33019.9,-31610.9,862.214,30431.8,898.233,63363.3,6.55257e+17
20230101T000016.100000,4,1848,2182.7,2882.54,476.897,30.1739,56.799,-7.80898,1459.88,-1056.5,-191.404,891.174,-245.938,2233.85,0
20230101T000016.100000,3,1897,3197.88,-2190.31,-2.62699,0,0,0,2500,0,0,2500,0,2500,0
20230101T000016.100000,3,1898,8598.93,-6364.13,-2230.48,0,0,0,2500,0,0,2500,0,2500,0
20230101T000016.100000,3,1899,6307.61,-5468.03,-1772.43,0,0,0,2500,0,0,2500,0,2500,0
20230101T000016.100000,3,1900,5850.59,-6991.45,-1568.73,0,0,0,2500,0,0,2500,0,2500,0
20230101T000016.100000,3,1901,9407.8,-2984.63,1130.78,0,0,0,2500,0,0,2500,0,2500,0
20230101T000016.100000,3,1902,4617.42,216.174,-159.153,0,0,0,2500,0,0,2500,0,2500,0
20230101T000016.100000,3,1903,511.976,0.388049,-40.2556,0,0,0,2500,0,0,2500,0,2500,0
20230101T000016.100000,3,1904,6676.51,1272.14,1687.46,0,0,0,2500,0,0,2500,0,2500,0
20230101T000016.100000,3,1905,2435.28,2809.56,-291.42,0,0,0,2500,0,0,2500,0,2500,0
20230101T000016.100000,3,1906,799.612,1022.41,-51.4228,0,0,0,2500,0,0,2500,0,2500,0
20230101T000016.100000,3,1907,4357.88,4539.93,-123.782,0,0,0,2500,0,0,2500,0,2500,0
20230101T000016.200000,6,2045,8125.04,-2914.41,1454.68,0,0,0,16645,36791.8,-18901,106019,6779.71,119218,7.15396e+17
20230101T000016.200000,6,2046,6570.31,617.7,-411.643,0,0,0,942.423,-6462.37,4323.44,69073.3,406.463,69681.1,1.24112e+17
20230101T000016.200000,6,2047,5343.51,454.191,-547.557,0,0,0,869.217,-3837.34,4674.96,45688.9,397.365,46015.8,1.4131e+17
20230101T000016.200000,6,2048,710.957,236.019,8.4024,0,0,0,146.869,-249.31,-8.87678,815.099,-2.94685,897.871,1.48036e+17
20230101T000016.200000,6,2049,5524.65,1728.64,695.309,0,0,0,5543.14,-15041.8,-6138.91,48909.4,-1920.84,53616.8,1.76541e+17
20230101T000016.200000,6,2050,1620.85,2122.23,-52.0029,0,0,0,7231.36,-5470.75,134.106,4246.56,175.59,11409.6,2.66166e+17
20230101T000016.200000,6,2051,1022.63,800.911,-56.5311,0,0,0,1069.09,-1276.96,90.3075,1699.45,70.728,2699.67,1.83705e+21
20230101T000016.200000,6,2052,7672.75,9258.94,801.693,0,0,0,137610,-113130,-9839.19,94841.1,-11873.3,231359,1.60643e+17
20230101T000016.200000,6,2053,2859.42,3279.7,-830.822,0,0,0,17713.9,-14427.3,3793.33,13744.6,4350.87,30294.7,1.89485e+17
20230101T000016.200000,6,2054,5416.12,5669.41,632.039,0,0,0,51762.9,-48778.9,-5473.58,47302.4,-5729.56,98362.9,1.84336e+17
20230101T000016.200000,6,2055,6597.96,5984.42,-675.298,0,0,0,57736.5,-62781.1,7125.37,70010.9,6462.79,126954,4.33925e+17
20230101T000016.200000,6,2056,3798.97,3729.04,609.259,0,0,0,22583.9,-22338,-3698.13,23413.9,-3630.06,45341.5,1.49995e+17
20230101T000016.200000,4,1894,1037.97,785.354,-26.9142,-10.1646,-2.49154,-5.47293,520.656,-626.079,-1.21161,917.947,-0.886709,1376.14,0
20230101T000016.200000,3,1908,8125.04,-2914.41,1454.68,0,0,0,2500,0,0,2500,0,2500,0
20230101T000016.200000,3,1909,6570.31,617.7,-411.643,0,0,0,2500,0,0,2500,0,2500,0
20230101T000016.200000,3,1910,5343.51,454.191,-547.557,0,0,0,2500,0,0,2500,0,2500,0
20230101T000016.200000,3,1911,710.957,236.019,8.4024,0,0,0,2500,0,0,2500,0,2500,0
20230101T000016.200000,3,1912,5524.65,1728.64,695.309,0,0,0,2500,0,0,2500,0,2500,0
20230101T000016.200000,3,1913,1620.85,2122.23,-52.0029,0,0,0,2500,0,0,2500,0,2500,0
20230101T000016.200000,3,1914,7672.75,9258.94,801.693,0,0,0,2500,0,0,2500,0,2500,0
20230101T000016.200000,3,1915,2859.42,3279.7,-830.822,0,0,0,2500,0,0,2500,0,2500,0
20230101T000016.200000,3,1916,5416.12,5669.41,632.039,0,0,0,2500,0,0,2500,0,2500,0
20230101T000016.200000,3,1917,6597.96,5984.42,-675.298,0,0,0,2500,0,0,2500,0,2500,0
20230101T000016.200000,3,1918,3798.97,3729.04,609.259,0,0,0,2500,0,0,2500,0,2500,0
20230101T000016.300000,6,2057,1286.48,-1240.18,-127.445,0,0,0,2507.37,2507.95,259.06,2691.23,-249.737,5109.26,1.19179e+17
20230101T000016.300000,6,2058,6683.67,-5544.54,468.514,0,0,0,49432.9,59088.7,-5007.57,71643.5,4154.11,120662,7.60303e+16
20230101T000016.300000,6,2059,4083.14,-5082.43,185.932,0,0,0,41376.6,33145.4,-1213.56,26747.7,1510.56,68005.1,8.61437e+17
20230101T000016.300000,6,2060,11203.2,-2949.04,-1464.68,0,0,0,17183.9,52001.4,26246.9,201045,-6909.04,214734,2.00571e+17
20230101T000016.300000,6,2061,2286.3,327.008,-118.513,0,0,0,255.669,-1184.13,430.289,8365.23,61.5438,8534.76,2.33517e+17
20230101T000016.300000,6,2062,9943.23,1123.73,2339.89,0,0,0,10730,-16893.4,-37211.6,158300,-4205.47,160212,3.63123e+17
20230101T000016.300000,6,2063,7953.24,-1096.05,96.8764,0,0,0,1999.66,13936.8,-1232,101208,169.785,103129,1.26921e+17
20230101T000016.300000,6,2064,1144.68,615.725,-70.7844,0,0,0,662.296,-1097.72,126.58,2112.57,68.0877,2703.23,2.60045e+21
20230101T000016.300000,6,2065,3560.22,1607.17,138.787,0,0,0,4211.51,-9119.51,-788.512,20296.3,-355.954,24413.2,1.59407e+17
20230101T000016.300000,6,2066,234.246,108.482,35.5113,0,0,0,72.2097,-15.9371,-5.46884,99.2422,-2.53268,107.811,2.67235e+17
20230101T000016.300000,6,2067,4931.26,2123.11,-1354.99,0,0,0,9741.15,-15662.6,10677,39376.6,4596.87,46123.8,1.9504e+17
20230101T000016.300000,6,2068,2579.51,1999.46,-413.365,0,0,0,6606.65,-8089.32,1699.74,10772.5,1317.52,17043.8,2.11527e+17
20230101T000016.300000,6,2069,2841.76,2607.74,633.679,0,0,0,11263.1,-11505.8,-2873.67,13243.1,-2637.03,23803.1,1.57553e+17
20230101T000016.300000,6,2070,6623.03,6738.19,-2362.37,0,0,0,77062.4,-66909.5,25023.1,74755.5,25458.2,142832,1.62422e+17
20230101T000016.300000,6,2071,6692.17,6073.22,-1100.57,0,0,0,60111.7,-64033,11778.7,72560,10689.3,130672,1.0008e+17
20230101T000016.300000,4,1889,235.806,108.164,35.2119,-2.4093,6.18463,2.17013,67.408,-12.6008,-4.12832,98.9538,-1.44656,104.013,0
20230101T000016.300000,3,1919,1286.48,-1240.18,-127.445,0,0,0,2500,0,0,2500,0,2500,0
20230101T000016.300000,3,1920,6683.67,-5544.54,468.514,0,0,0,2500,0,0,2500,0,2500,0
20230101T000016.300000,3,1921,4083.14,-5082.43,185.932,0,0,0,2500,0,0,2500,0,2500,0
20230101T000016.300000,3,1922,11203.2,-2949.04,-1464.68,0,0,0,2500,0,0,2500,0,2500,0
20230101T000016.300000,3,1923,2286.3,327.008,-118.513,0,0,0,2500,0,0,2500,0,2500,0
20230101T000016.300000,3,1924,9943.23,1123.73,2339.89,0,0,0,2500,0,0,2500,0,2500,0
20230101T000016.300000,3,1925,7953.24,-1096.05,96.8763,0,0,0,2500,0,0,2500,0,2500,0
20230101T000016.300000,3,1926,1144.68,615.725,-70.7844,0,0,0,2500,0,0,2500,0,2500,0
20230101T000016.300000,3,1927,3560.22,1607.17,138.787,0,0,0,2500,0,0,2500,0,2500,0
20230101T000016.300000,3,1928,4931.26,2123.11,-1354.99,0,0,0,2500,0,0,2500,0,2500,0
20230101T000016.300000,3,1929,2579.51,1999.46,-413.365,0,0,0,2500,0,0,2500,0,2500,0
20230101T000016.300000,3,1930,2841.76,2607.74,633.678,0,0,0,2500,0,0,2500,0,2500,0
20230101T000016.300000,3,1931,6623.03,6738.19,-2362.37,0,0,0,2500,0,0,2500,0,2500,0
20230101T000016.300000,3,1932,6692.17,6073.22,-1100.57,0,0,0,2500,0,0,2500,0,2500,0
20230101T000016.400000,6,2072,2715.9,-1985.94,211.949,0,0,0,6398.73,8565.17,-917.77,11849,671.101,18112.4,2.45335e+17
20230101T000016.400000,6,2073,448.433,-313.193,86.19,0,0,0,206.907,189.818,-53.7731,346.119,37.556,480.242,1.84319e+17
20230101T000016.400000,6,2074,3774.42,-3841.11,242.529,0,0,0,23684.2,23117.8,-1462.63,22874.4,1488.48,46400.8,1.69294e+17
20230101T000016.400000,6,2075,3212.75,-779.01,-36.9186,0,0,0,1033.47,3989.27,189.082,16518.5,-45.8475,17485.8,1.91658e+17
20230101T000016.400000,6,2076,8829.18,-1687.38,126.569,0,0,0,4642.04,23820.5,-1787.11,124730,341.541,129283,1.05723e+17
20230101T000016.400000,6,2077,5763.99,-2038.13,-318.944,0,0,0,6847.78,18725.2,2938.28,53182.9,-1038.97,59804.2,7.17999e+17
20230101T000016.400000,6,2078,472.205,-8.45222,3.60154,0,0,0,64.1108,5.24038,-2.23311,356.784,0.0399716,356.882,1.44768e+17
20230101T000016.400000,6,2079,8283.24,1019.05,-1619.03,0,0,0,5853.79,-12989.9,21445.5,109843,2638.33,111443,2.32291e+17
20230101T000016.400000,6,2080,1226.88,431.191,-14.3584,0,0,0,354.732,-826.308,27.519,2415.43,9.67167,2705.85,3.34202e+21
20230101T000016.400000,6,2081,10098.8,2267.22,812.023,0,0,0,9289.41,-36394.8,-13115.8,163230,-2944.57,171401,8.46753e+17
20230101T000016.400000,6,2082,6160.28,2966.95,-188.083,0,0,0,14182.3,-29196.5,1852.25,60741.1,892.091,74802.9,2.15084e+17
20230101T000016.400000,6,2083,4349.56,2618.34,-1023.28,0,0,0,12244,-17454.3,7110.7,30731.9,4280.48,41241.5,9.49478e+16
20230101T000016.400000,6,2084,9166.22,8087.57,-1166.6,0,0,0,105914,-117500,17104.8,135412,15092,239086,1.35223e+17
20230101T000016.400000,4,1903,474.792,-7.9174,1.07128,-10.2341,-2.28592,11.3744,64.3925,-0.226672,23.6675,363.453,0.0179387,363.538,0
20230101T000016.400000,4,1926,1191.23,529.896,-43.5414,4.60892,-8.49798,2.69733,344.231,-517.067,59.5321,1027.36,32.0225,1303.68,0
20230101T000016.400000,3,1933,2715.9,-1985.94,211.949,0,0,0,2500,0,0,2500,0,2500,0
20230101T000016.400000,3,1934,448.433,-313.193,86.19,0,0,0,2500,0,0,2500,0,2500,0
20230101T000016.400000,3,1935,3774.42,-3841.11,242.529,0,0,0,2500,0,0,2500,0,2500,0
20230101T000016.400000,3,1936,3212.75,-779.01,-36.9186,0,0,0,2500,0,0,2500,0,2500,0
20230101T000016.400000,3,1937,8829.18,-1687.38,126.569,0,0,0,2500,0,0,2500,0,2500,0
20230101T000016.400000,3,1938,5763.99,-2038.13,-318.944,0,0,0,2500,0,0,2500,0,2500,0
20230101T000016.400000,3,1939,8283.24,1019.05,-1619.03,0,0,0,2500,0,0,2500,0,2500,0
20230101T000016.400000,3,1940,10098.8,2267.22,812.023,0,0,0,2500,0,0,2500,0,2500,0
20230101T000016.400000,3,1941,6160.28,2966.95,-188.083,0,0,0,2500,0,0,2500,0,2500,0
20230101T000016.400000,3,1942,4349.56,2618.34,-1023.28,0,0,0,2500,0,0,2500,0,2500,0
20230101T000016.400000,3,1943,9166.22,8087.57,-1166.6,0,0,0,2500,0,0,2500,0,2500,0
20230101T000016.500000,6,2085,4945.43,-3255.08,-1430.72,0,0,0,19280.2,24224.6,11308.6,40139.9,-7443.33,56088,1.72258e+17
20230101T000016.500000,6,2086,2078.67,-1140.92,176.479,0,0,0,2169.94,3746.7,-582.793,6939.65,319.879,8996.47,1.35591e+17
20230101T000016.500000,6,2087,6677.39,-2312.16,-847.168,0,0,0,9635.47,24328.2,9043.85,71469.8,-3131.59,79894.8,1.26996e+17
20230101T000016.500000,6,2088,6265.83,-2190.14,307.351,0,0,0,7866.32,21889.9,-3078.51,62840.4,1076.05,70491.9,1.59283e+17
20230101T000016.500000,6,2089,1285.17,186.666,-53.7007,0,0,0,122.84,-374.09,107.808,2644.06,15.6588,2698.5,4.28418e+21
20230101T000016.500000,6,2090,10927.8,-2038.54,-1644.44,0,0,0,10890.7,34851.7,28743.1,191216,-5361.9,197719,3.98563e+17
20230101T000016.500000,6,2091,8864.06,-2155.07,-1629.82,0,0,0,11502.4,29574.3,23104.2,125955,-5617.18,133147,1.97438e+17
20230101T000016.500000,6,2092,2553.11,1044.87,-234.743,0,0,0,1876.75,-4215.1,953.916,10451.2,390.394,12176.7,1.7954e+17
20230101T000016.500000,6,2093,8134.84,2230.14,-542.565,0,0,0,8454.99,-28890.6,7057.94,105918,1934.91,113839,2.03941e+17
20230101T000016.500000,6,2094,4689.83,6266.52,-1378.43,0,0,0,63944.5,-45534,10336.8,37179.6,13811.9,98023.8,1.352e+17
20230101T000016.500000,3,1944,4945.43,-3255.08,-1430.72,0,0,0,2500,0,0,2500,0,2500,0
20230101T000016.500000,3,1945,2078.67,-1140.92,176.479,0,0,0,2500,0,0,2500,0,2500,0
20230101T000016.500000,3,1946,6677.39,-2312.16,-847.168,0,0,0,2500,0,0,2500,0,2500,0
20230101T000016.500000,3,1947,6265.83,-2190.14,307.351,0,0,0,2500,0,0,2500,0,2500,0
20230101T000016.500000,3,1948,1285.17,186.666,-53.7007,0,0,0,2500,0,0,2500,0,2500,0
20230101T000016.500000,3,1949,10927.8,-2038.54,-1644.44,0,0,0,2500,0,0,2500,0,2500,0
20230101T000016.500000,3,1950,8864.06,-2155.07,-1629.82,0,0,0,2500,0,0,2500,0,2500,0
20230101T000016.500000,3,1951,2553.11,1044.87,-234.743,0,0,0,2500,0,0,2500,0,2500,0
20230101T000016.500000,3,1952,8134.84,2230.14,-542.565,0,0,0,2500,0,0,2500,0,2500,0
20230101T000016.500000,3,1953,4689.83,6266.52,-1378.43,0,0,0,2500,0,0,2500,0,2500,0
20230101T000016.600000,6,2095,1657.97,-2050.98,-73.3587,0,0,0,6759.11,5405.28,193.485,4442.09,-239.348,11128.7,1.9016e+17
20230101T000016.600000,6,2096,3085.8,-4206.9,671.832,0,0,0,28591.5,20396.2,-3312.23,15745.9,4515.59,43553.3,2.56082e+17
20230101T000016.600000,6,2097,10889.1,-2771.37,-1827.37,0,0,0,17365.2,46992.6,31827.8,190046,-8100.42,202008,1.45468e+17
20230101T000016.600000,6,2098,11302.9,-3982.73,-669.591,0,0,0,26074.3,71781.5,12106,204496,-4265.69,229789,2.15741e+17
20230101T000016.600000,6,2099,9476.55,-2663.35,1663.77,0,0,0,15511.9,39213.1,-25216.8,144017,7087.09,155039,1.49453e+17
20230101T000016.600000,6,2100,1299.05,17.6919,-24.5099,0,0,0,65.4272,-35.8881,49.7366,2700.07,0.677369,2700.58,2.00466e+21
20230101T000016.600000,6,2101,4290.99,249.842,-388.547,0,0,0,403.874,-1697.61,2661.88,29461.2,154.987,29560.6,1.36765e+17
20230101T000016.600000,6,2102,8366.69,-661.29,854.205,0,0,0,1922.86,8755.82,-11428.6,112010,903.296,112703,1.53999e+17
20230101T000016.600000,6,2103,5799.66,385.094,323.159,0,0,0,467.156,-3558.2,-2995.2,53818.8,-198.88,54055.2,7.52411e+17
20230101T000016.600000,6,2104,1184.78,353.445,-57.9593,0,0,0,263.454,-651.041,107.002,2251.59,31.9209,2445.95,1.4256e+17
20230101T000016.600000,6,2105,8908.77,4646.47,-124.81,0,0,0,34613.5,-66194.5,1778.34,127005,927.513,161529,1.27667e+17
20230101T000016.600000,6,2106,9396.47,6195.6,-715.275,0,0,0,62031.7,-92741.3,10750.3,141537,7088.26,202687,5.2342e+17
20230101T000016.600000,6,2107,3890.9,5411.99,1300.92,0,0,0,47807.2,-32379.4,-8091.78,26048.3,-11255.2,71088.4,1.64667e+17
20230101T000016.600000,6,2108,4017.37,4420.51,-488.747,0,0,0,31467,-28192.2,3138.06,26066.9,3452.96,57088.6,8.42492e+16
20230101T000016.600000,6,2109,2748.18,4119.31,-983.707,0,0,0,27645.8,-17369.8,4318.66,13198,6473.34,39236.4,1.59514e+17
20230101T000016.600000,4,1948,1297.18,105.552,-39.5965,1.18989,-8.03111,1.39646,90.1563,-176.366,50.7817,1278.79,7.37586,1303.36,0
20230101T000016.600000,3,1954,1657.97,-2050.98,-73.3587,0,0,0,2500,0,0,2500,0,2500,0
20230101T000016.600000,3,1955,3085.8,-4206.9,671.832,0,0,0,2500,0,0,2500,0,2500,0
20230101T000016.600000,3,1956,10889.1,-2771.37,-1827.37,0,0,0,2500,0,0,2500,0,2500,0
20230101T000016.600000,3,1957,11302.9,-3982.73,-669.591,0,0,0,2500,0,0,2500,0,2500,0
20230101T000016.600000,3,1958,9476.55,-2663.35,1663.77,0,0,0,2500,0,0,2500,0,2500,0
20230101T000016.600000,3,1959,4290.99,249.842,-388.547,0,0,0,2500,0,0,2500,0,2500,0
20230101T000016.600000,3,1960,8366.69,-661.29,854.205,0,0,0,2500,0,0,2500,0,2500,0
20230101T000016.600000,3,1961,5799.66,385.094,323.159,0,0,0,2500,0,0,2500,0,2500,0
20230101T000016.600000,3,1962,1184.78,353.445,-57.9593,0,0,0,2500,0,0,2500,0,2500,0
20230101T000016.600000,3,1963,8908.77,4646.47,-124.81,0,0,0,2500,0,0,2500,0,2500,0
20230101T000016.600000,3,1964,9396.47,6195.6,-715.275,0,0,0,2500,0,0,2500,0,2500,0
20230101T000016.600000,3,1965,3890.9,5411.99,1300.92,0,0,0,2500,0,0,2500,0,2500,0
20230101T000016.600000,3,1966,4017.37,4420.51,-488.747,0,0,0,2500,0,0,2500,0,2500,0
20230101T000016.600000,3,1967,2748.18,4119.31,-983.707,0,0,0,2500,0,0,2500,0,2500,0
20230101T000016.700000,6,2110,436.887,-567.719,-17.8018,0,0,0,539.666,365.688,11.4744,345.882,-14.9106,821.12,1.4817e+17
20230101T000016.700000,6,2111,2437.53,-1200.81,-530.776,0,0,0,2719.44,4480.09,2059.25,9606.59,-1014.46,11816,2.08281e+17
20230101T000016.700000,6,2112,1281.26,-222.146,-38.728,0,0,0,143.365,444.236,77.5166,2628.53,-13.4399,2705.61,2.90087e+21
20230101T000016.700000,6,2113,1959.72,45.8743,-58.0333,0,0,0,72.6617,-142.219,180.074,6144.82,4.21528,6148.21,7.07697e+17
20230101T000016.700000,6,2114,1280.84,-222.423,-25.2829,0,0,0,142.251,444.864,50.5875,2626.78,-8.78473,2704.06,2.87962e+21
20230101T000016.700000,6,2115,305.919,-35.0631,30.5573,0,0,0,65.9958,9.82367,-8.70856,150.58,0.998137,152.33,1.64678e+17
20230101T000016.700000,6,2116,9737.37,1930.01,389.861,0,0,0,6255.37,-30010.6,-6071.49,151718,-1203.41,157666,1.59915e+17
20230101T000016.700000,6,2117,3426.94,1321.88,419.445,0,0,0,3095.8,-7132.25,-2293.13,18834.9,-884.532,21586.9,1.62758e+17
20230101T000016.700000,6,2118,9430.6,3786.19,-64.432,0,0,0,22997.1,-57105.2,971.834,142308,390.171,165234,1.58849e+17
20230101T000016.700000,3,1968,436.887,-567.719,-17.8018,0,0,0,2500,0,0,2500,0,2500,0
20230101T000016.700000,3,1969,2437.53,-1200.81,-530.776,0,0,0,2500,0,0,2500,0,2500,0
20230101T000016.700000,3,1970,1281.26,-222.146,-38.728,0,0,0,2500,0,0,2500,0,2500,0
20230101T000016.700000,3,1971,1959.72,45.8743,-58.0333,0,0,0,2500,0,0,2500,0,2500,0
20230101T000016.700000,3,1972,1280.84,-222.423,-25.2829,0,0,0,2500,0,0,2500,0,2500,0
20230101T000016.700000,3,1973,305.919,-35.0631,30.5573,0,0,0,2500,0,0,2500,0,2500,0
20230101T000016.700000,3,1974,9737.37,1930.01,389.861,0,0,0,2500,0,0,2500,0,2500,0
20230101T000016.700000,3,1975,3426.94,1321.88,419.445,0,0,0,2500,0,0,2500,0,2500,0
20230101T000016.700000,3,1976,9430.6,3786.19,-64.432,0,0,0,2500,0,0,2500,0,2500,0
20230101T000016.800000,6,2119,4375.3,-4847.09,110.669,0,0,0,37628.4,33890.4,-774.007,30675.2,857.469,68220.1,1.32593e+17
20230101T000016.800000,6,2120,1246.91,-389.223,-79.1074,0,0,0,309.62,755.538,154.138,2494.21,-48.114,2730.29,8.95207e+19
20230101T000016.800000,6,2121,4063.7,-876.078,-611.387,0,0,0,1859.39,5560.08,3966.19,26451.2,-855.055,27651.3,2.75525e+17
20230101T000016.800000,6,2122,3812.36,-2493.99,-970.01,0,0,0,11049.2,14495.1,5905.94,23724.1,-3863.58,33209.4,2.03936e+17
20230101T000016.800000,6,2123,11904.2,-1996.66,-1057.73,0,0,0,8181.49,37727.5,20140.9,226788,-3378.17,233116,1.44425e+17
20230101T000016.800000,6,2124,4826.03,-2212.84,-26.5083,0,0,0,7888.49,17062.1,204.397,37276.2,-93.7207,45099.6,8.58861e+16
20230101T000016.800000,6,2125,1803.12,-242.686,130.258,0,0,0,183.439,688.138,-371.275,5203.58,49.9708,5296.52,1.94475e+17
20230101T000016.800000,6,2126,11274.6,-900.63,-101.591,0,0,0,1377.81,16240.4,1832.07,203388,-146.347,204686,8.52853e+17
20230101T000016.800000,6,2127,10225.6,3118.2,218.452,0,0,0,15685.5,-50977.8,-3572.85,167313,-1089.5,182859,7.5998e+17
20230101T000016.800000,6,2128,6949.69,2166.76,54.2669,0,0,0,7574.4,-24073.8,-602.966,77283.2,-187.992,84788.9,1.71917e+17
20230101T000016.800000,6,2129,895.007,878.061,-23.2301,0,0,0,1266.63,-1224.98,32.4196,1313.46,31.8058,2515.27,1.36025e+17
20230101T000016.800000,6,2130,8711.84,7627.32,94.6747,0,0,0,93125.9,-106278,-1319.27,121468,-1155.04,214515,1.13448e+17
20230101T000016.800000,6,2131,7831.72,9266.69,1409.36,0,0,0,138745,-114521,-17655.6,100028,-20890.5,235533,2.11083e+17
20230101T000016.800000,6,2132,542.209,530.8,100.805,0,0,0,491.213,-420.922,-81.4811,509.118,-79.7665,922.293,2.0787e+17
20230101T000016.800000,6,2133,5700.5,7354.16,-983.897,0,0,0,87138.9,-66295.1,8969.82,53000.1,11571.9,138528,8.54566e+17
20230101T000016.800000,4,1970,1274.04,-304.287,-58.2226,-0.714318,-8.13275,-1.93016,99.7832,209.15,36.4786,1269.82,-6.32472,1305.54,0
20230101T000016.800000,3,1977,4375.3,-4847.09,110.669,0,0,0,2500,0,0,2500,0,2500,0
20230101T000016.800000,3,1978,4063.7,-876.078,-611.387,0,0,0,2500,0,0,2500,0,2500,0
20230101T000016.800000,3,1979,3812.36,-2493.99,-970.01,0,0,0,2500,0,0,2500,0,2500,0
20230101T000016.800000,3,1980,11904.2,-1996.66,-1057.73,0,0,0,2500,0,0,2500,0,2500,0
20230101T000016.800000,3,1981,4826.03,-2212.84,-26.5083,0,0,0,2500,0,0,2500,0,2500,0
20230101T000016.800000,3,1982,1803.12,-242.686,130.258,0,0,0,2500,0,0,2500,0,2500,0
20230101T000016.800000,3,1983,11274.6,-900.629,-101.591,0,0,0,2500,0,0,2500,0,2500,0
20230101T000016.800000,3,1984,10225.6,3118.2,218.452,0,0,0,2500,0,0,2500,0,2500,0
20230101T000016.800000,3,1985,6949.69,2166.76,54.2669,0,0,0,2500,0,0,2500,0,2500,0
20230101T000016.800000,3,1986,895.007,878.061,-23.2301,0,0,0,2500,0,0,2500,0,2500,0
20230101T000016.800000,3,1987,8711.84,7627.32,94.6747,0,0,0,2500,0,0,2500,0,2500,0
20230101T000016.800000,3,1988,7831.72,9266.69,1409.36,0,0,0,2500,0,0,2500,0,2500,0
20230101T000016.800000,3,1989,542.209,530.8,100.805,0,0,0,2500,0,0,2500,0,2500,0
20230101T000016.800000,3,1990,5700.5,7354.16,-983.897,0,0,0,2500,0,0,2500,0,2500,0
20230101T000016.900000,6,2134,2720.77,-2032.15,-623.273,0,0,0,7046.11,8518.71,2704.14,12088.8,-2019.73,18453.6,3.69443e+17
20230101T000016.900000,6,2135,252.08,-355.041,-61.2962,0,0,0,224.734,110.737,19.6081,147.391,-27.6169,304.601,1.43601e+17
20230101T000016.900000,6,2136,4528.84,-3646.41,432.1,0,0,0,21493.9,26245.4,-3127.37,32959.2,2518.01,54091,1.41794e+17
20230101T000016.900000,6,2137,5355.17,-4844.29,-783.728,0,0,0,38122.7,40986.8,6710.1,46355.2,-6069.96,83432.6,1.8698e+17
20230101T000016.900000,6,2138,1102.6,-688.56,36.1029,0,0,0,806.093,1185.06,-62.1848,1963.69,38.8337,2703.79,2.03146e+19
20230101T000016.900000,6,2139,3769.67,-1443.08,-645.828,0,0,0,3968.43,8460.22,3885.97,22829.9,-1487.6,26070.2,1.41092e+17
20230101T000016.900000,6,2140,6204.29,-1870.47,667.472,0,0,0,6309.35,18353.4,-6619.65,61653.7,1995.7,67187.6,2.24877e+17
20230101T000016.900000,6,2141,5082.38,-2681.07,178.278,0,0,0,11590.8,21754.6,-1447.96,41353.9,763.834,52830,8.9363e+16
20230101T000016.900000,6,2142,6228.7,21.2496,-103.405,0,0,0,81.8119,-211.495,1029.46,62074.6,3.51206,62075.4,5.88289e+17
20230101T000016.900000,6,2143,1523.7,632.688,303.136,0,0,0,818.68,-1468.45,-728.518,3745.41,-302.503,4357.24,2.22034e+17
20230101T000016.900000,6,2144,1826.82,412.743,-9.91362,0,0,0,333.611,-1192.62,28.6462,5342.73,6.47219,5612.18,1.70979e+17
20230101T000016.900000,6,2145,9676.53,3253.79,468.374,0,0,0,17312.2,-50251.4,-7248.79,149859,-2437.45,166756,5.79233e+17
20230101T000016.900000,6,2146,4481.96,2722.27,586.923,0,0,0,12306,-19249.1,-4202.86,32306.2,-2552.75,43998.7,1.05539e+17
20230101T000016.900000,6,2147,1735.28,1684.52,-344.912,0,0,0,4670.44,-4550.5,951.212,4940.7,923.385,9359.34,1.69558e+17
20230101T000016.900000,6,2148,8366.59,7354.59,35.0883,0,0,0,86581.2,-98419.8,-469.56,112028,-412.763,198544,9.58222e+16
20230101T000016.900000,4,1976,9485.84,3798.62,-56.5707,10.623,2.39226,1.51179,409.196,-863.391,14.6929,2213.09,5.89888,2559.62,0
20230101T000016.900000,3,1991,2720.77,-2032.15,-623.273,0,0,0,2500,0,0,2500,0,2500,0
20230101T000016.900000,3,1992,252.08,-355.041,-61.2962,0,0,0,2500,0,0,2500,0,2500,0
20230101T000016.900000,3,1993,4528.84,-3646.41,432.1,0,0,0,2500,0,0,2500,0,2500,0
20230101T000016.900000,3,1994,5355.17,-4844.29,-783.728,0,0,0,2500,0,0,2500,0,2500,0
20230101T000016.900000,3,1995,1102.6,-688.56,36.1029,0,0,0,2500,0,0,2500,0,2500,0
20230101T000016.900000,3,1996,3769.67,-1443.08,-645.828,0,0,0,2500,0,0,2500,0,2500,0
20230101T000016.900000,3,1997,6204.29,-1870.47,667.472,0,0,0,2500,0,0,2500,0,2500,0
20230101T000016.900000,3,1998,5082.38,-2681.07,178.278,0,0,0,2500,0,0,2500,0,2500,0
20230101T000016.900000,3,1999,6228.7,21.2496,-103.405,0,0,0,2500,0,0,2500,0,2500,0
20230101T000016.900000,3,2000,1523.7,632.688,303.136,0,0,0,2500,0,0,2500,0,2500,0
20230101T000016.900000,3,2001,1826.82,412.743,-9.91362,0,0,0,2500,0,0,2500,0,2500,0
20230101T000016.900000,3,2002,4481.96,2722.27,586.923,0,0,0,2500,0,0,2500,0,2500,0
20230101T000016.900000,3,2003,1735.28,1684.52,-344.912,0,0,0,2500,0,0,2500,0,2500,0
20230101T000016.900000,3,2004,8366.59,7354.59,35.0883,0,0,0,2500,0,0,2500,0,2500,0
20230101T000017,6,2149,2708.63,-2275.84,-298.035,0,0,0,8407.65,9761.76,1287.53,11823.8,-1081.8,20026.3,1.51305e+17
20230101T000017,6,2150,1441.17,-1196.09,11.0262,0,0,0,2327.02,2726.48,-25.1349,3349.32,20.8606,5612.15,2.61565e+17
20230101T000017,6,2151,1064.15,-745.835,-70.3908,0,0,0,938.141,1236.17,117.019,1835.49,-82.016,2702.07,5.86236e+19
20230101T000017,6,2152,7689.51,-9410.74,1226,0,0,0,142688,114573,-15079.8,96085.9,18455.2,236306,2.44582e+17
20230101T000017,6,2153,4001.54,-3204.76,-608.478,0,0,0,16832.2,20198.5,3889.91,25875.8,-3115.36,42053.4,1.73963e+17
20230101T000017,6,2154,135.396,-86.0333,28.1009,0,0,0,56.9773,-10.0418,3.09312,47.5547,-1.96544,43.0794,1.03167e+17
20230101T000017,6,2155,6443.6,-3305.33,1124.52,0,0,0,19131.6,33230.1,-11584.9,66866.5,5942.61,83913.9,1.79831e+17
20230101T000017,6,2156,8368.18,-2724.18,-171.912,0,0,0,11974.5,36441.6,2300.56,112053,-748.925,123916,4.89628e+17
20230101T000017,6,2157,8168.99,-754.672,267.533,0,0,0,1088.19,9847.5,-3494.68,106773,322.847,107683,1.26795e+17
20230101T000017,4,1995,1086.95,-718.075,-15.2513,-1.54931,-2.9222,-5.08459,411.921,558.128,-29.2755,957.113,18.2822,1305.19,0
20230101T000017,3,2005,2708.63,-2275.84,-298.035,0,0,0,2500,0,0,2500,0,2500,0
20230101T000017,3,2006,1441.17,-1196.09,11.0262,0,0,0,2500,0,0,2500,0,2500,0
20230101T000017,3,2007,7689.51,-9410.75,1226,0,0,0,2500,0,0,2500,0,2500,0
20230101T000017,3,2008,4001.54,-3204.76,-608.478,0,0,0,2500,0,0,2500,0,2500,0
20230101T000017,3,2009,135.396,-86.0333,28.1009,0,0,0,2500,0,0,2500,0,2500,0
20230101T000017,3,2010,6443.6,-3305.33,1124.52,0,0,0,2500,0,0,2500,0,2500,0
20230101T000017,3,2011,8368.18,-2724.18,-171.912,0,0,0,2500,0,0,2500,0,2500,0
20230101T000017,3,2012,8168.99,-754.672,267.533,0,0,0,2500,0,0,2500,0,2500,0
20230101T000017.100000,6,2158,1357.5,-1614.64,-414.17,0,0,0,4310.5,3341.47,891.793,3145.41,-1060.72,7122.2,1.95695e+17
20230101T000017.100000,6,2159,1736.35,-1537.88,-209.189,0,0,0,3858.93,4206.22,576.875,4882.57,-510.935,8608.51,1.29983e+17
20230101T000017.100000,6,2160,3844.83,-4859.69,551.898,0,0,0,37998.7,29627.5,-3391.61,23991.1,4286.85,61439.4,3.28928e+17
20230101T000017.100000,6,2161,3765.67,-3649.7,829.09,0,0,0,21911.8,21408.8,-4988.23,23251.3,4834.62,44002.5,2.54351e+17
20230101T000017.100000,6,2162,1442.93,-538.581,147.009,0,0,0,550.128,1211.31,-333.728,3343.26,124.565,3795.97,1.89439e+17
20230101T000017.100000,6,2163,1634.36,-295.613,-31.222,0,0,0,203.28,761.542,80.4613,4275.88,-14.5534,4413.65,2.48854e+17
20230101T000017.100000,6,2164,7898.77,-1559.8,192.457,0,0,0,4011.35,19689.3,-2430.78,99829.5,480.014,103718,9.77603e+17
20230101T000017.100000,6,2165,7129.8,-3886.15,-798.498,0,0,0,24998.9,43876.7,9103.54,81582.7,-4961.96,105499,1.93462e+17
20230101T000017.100000,6,2166,8874.44,-2605.17,-2217.39,0,0,0,18157.6,34848.6,31471.1,126638,-9238.63,136872,2.33714e+17
20230101T000017.100000,6,2167,12260.9,1431.7,119.605,0,0,0,3365.35,-28076.3,-2345.73,240528,-273.911,243807,1.64584e+17
20230101T000017.100000,6,2168,7915.12,-1370.69,570.426,0,0,0,3573.35,17260.5,-7219.53,100256,1250.23,103245,8.98662e+17
20230101T000017.100000,6,2169,6889.22,383.121,724.85,0,0,0,1136.02,-4172.93,-7983.2,75940.9,-443.96,76173.6,2.77689e+17
20230101T000017.100000,6,2170,5598.76,-343.827,-1013.32,0,0,0,1887.62,2975.7,9066.14,50160.1,-556.764,50344.9,1.46455e+17
20230101T000017.100000,6,2171,3988.45,2314.46,-857.375,0,0,0,9496.92,-14232.3,5461.4,25764.2,3169.21,34025.2,2.08904e+17
20230101T000017.100000,6,2172,10362.4,4895.61,-1407.94,0,0,0,40991.7,-79918.8,23336.2,172396,11025,210154,1.66326e+17
20230101T000017.100000,6,2173,9990.35,3314.37,-1922.42,0,0,0,22958.7,-51192.9,30718.3,160284,10191,177269,1.66163e+17
20230101T000017.100000,6,2174,4335.3,1993.71,16.643,0,0,0,6413,-13804.9,-115.241,30083,-52.9968,36431.6,1.4677e+17
20230101T000017.100000,6,2175,773.412,1026.71,196.457,0,0,0,1731.62,-1210.78,-237.357,1036.36,-315.094,2645.15,5.01858e+20
20230101T000017.100000,6,2176,8077.97,5609.46,1152.18,0,0,0,51821.3,-71476.3,-14885.5,105117,-10336.7,154752,1.70695e+17
20230101T000017.100000,6,2177,7274.84,7512.78,-989.23,0,0,0,91095.3,-86632.7,11510.2,85518.1,11886.7,174985,9.93412e+16
20230101T000017.100000,6,2178,3750.04,5244.62,-154.952,0,0,0,44044.3,-31419.6,928.83,22568.2,1299.02,66510.2,1.45526e+17
20230101T000017.100000,3,2013,1357.5,-1614.64,-414.17,0,0,0,2500,0,0,2500,0,2500,0
20230101T000017.100000,3,2014,1736.35,-1537.88,-209.189,0,0,0,2500,0,0,2500,0,2500,0
20230101T000017.100000,3,2015,3844.83,-4859.69,551.898,0,0,0,2500,0,0,2500,0,2500,0
20230101T000017.100000,3,2016,3765.67,-3649.7,829.09,0,0,0,2500,0,0,2500,0,2500,0
20230101T000017.100000,3,2017,1442.93,-538.581,147.009,0,0,0,2500,0,0,2500,0,2500,0
20230101T000017.100000,3,2018,1634.36,-295.613,-31.222,0,0,0,2500,0,0,2500,0,2500,0
20230101T000017.100000,3,2019,7898.77,-1559.8,192.457,0,0,0,2500,0,0,2500,0,2500,0
20230101T000017.100000,3,2020,7129.8,-3886.15,-798.498,0,0,0,2500,0,0,2500,0,2500,0
20230101T000017.100000,3,2021,8874.44,-2605.17,-2217.39,0,0,0,2500,0,0,2500,0,2500,0
20230101T000017.100000,3,2022,12260.9,1431.7,119.605,0,0,0,2500,0,0,2500,0,2500,0
20230101T000017.100000,3,2023,7915.12,-1370.69,570.426,0,0,0,2500,0,0,2500,0,2500,0
20230101T000017.100000,3,2024,6889.22,383.121,724.85,0,0,0,2500,0,0,2500,0,2500,0
20230101T000017.100000,3,2025,5598.76,-343.827,-1013.32,0,0,0,2500,0,0,2500,0,2500,0
20230101T000017.100000,3,2026,3988.45,2314.46,-857.375,0,0,0,2500,0,0,2500,0,2500,0
20230101T000017.100000,3,2027,10362.4,4895.61,-1407.94,0,0,0,2500,0,0,2500,0,2500,0
20230101T000017.100000,3,2028,9990.35,3314.37,-1922.42,0,0,0,2500,0,0,2500,0,2500,0
20230101T000017.100000,3,2029,4335.3,1993.71,16.643,0,0,0,2500,0,0,2500,0,2500,0
20230101T000017.100000,3,2030,773.412,1026.71,196.457,0,0,0,2500,0,0,2500,0,2500,0
20230101T000017.100000,3,2031,8077.97,5609.46,1152.18,0,0,0,2500,0,0,2500,0,2500,0
20230101T000017.100000,3,2032,7274.84,7512.78,-989.23,0,0,0,2500,0,0,2500,0,2500,0
20230101T000017.100000,3,2033,3750.04,5244.62,-154.952,0,0,0,2500,0,0,2500,0,2500,0
20230101T000017.200000,6,2179,9085.9,-5817.46,-2109.63,0,0,0,59242.7,81309.3,30658.5,134174,-19629.8,186237,4.50908e+17
20230101T000017.200000,6,2180,8644.11,-5381.73,1190.3,0,0,0,48019.9,73386.9,-16456.2,120204,10245.4,165895,1.54885e+18
20230101T000017.200000,6,2181,4903.2,-3160.1,-394.906,0,0,0,16199.3,24648.7,3094.46,38558.1,-1994.37,54444.4,1.7809e+17
20230101T000017.200000,6,2182,6922.52,-4532.9,1029.99,0,0,0,34107.6,49399.7,-11401.7,77202.4,7465.86,109551,1.42861e+17
20230101T000017.200000,6,2183,2714.79,8.74852,-543.231,0,0,0,533.813,-36.2807,2347.3,11792.1,7.56427,11794.7,1.84287e+17
20230101T000017.200000,6,2184,1967.82,-49.2122,-92.4071,0,0,0,81.3483,153.008,287.948,6195.76,-7.20114,6199.73,1.71463e+17
20230101T000017.200000,6,2185,5598.95,1141.55,-765.908,0,0,0,3046.51,-10030.3,6852.99,50197.1,1397.23,52243.3,3.24986e+17
20230101T000017.200000,6,2186,9068.73,-740.722,-1839.5,0,0,0,6317.11,10303.6,26678.7,131623,-2179.08,132467,1.68073e+17
20230101T000017.200000,6,2187,9103.6,4867.06,-849.78,0,0,0,38849.2,-70385.5,12373.1,132872,6615.02,170502,1.60034e+17
20230101T000017.200000,6,2188,1004.19,800.417,202.253,0,0,0,1103.28,-1223.7,-317.27,1663.14,-252.888,2640.07,1.91474e+21
20230101T000017.200000,6,2189,3836.37,5753.81,1537.78,0,0,0,54153.3,-33543.4,-9431.63,26209.8,-14145.6,76521.5,1.70439e+17
20230101T000017.200000,3,2034,9085.9,-5817.46,-2109.63,0,0,0,2500,0,0,2500,0,2500,0
20230101T000017.200000,3,2035,8644.11,-5381.73,1190.3,0,0,0,2500,0,0,2500,0,2500,0
20230101T000017.200000,3,2036,4903.2,-3160.1,-394.906,0,0,0,2500,0,0,2500,0,2500,0
20230101T000017.200000,3,2037,6922.52,-4532.9,1029.99,0,0,0,2500,0,0,2500,0,2500,0
20230101T000017.200000,3,2038,2714.79,8.74852,-543.231,0,0,0,2500,0,0,2500,0,2500,0
20230101T000017.200000,3,2039,1967.82,-49.2122,-92.4071,0,0,0,2500,0,0,2500,0,2500,0
20230101T000017.200000,3,2040,5598.95,1141.55,-765.908,0,0,0,2500,0,0,2500,0,2500,0
20230101T000017.200000,3,2041,9068.73,-740.722,-1839.5,0,0,0,2500,0,0,2500,0,2500,0
20230101T000017.200000,3,2042,9103.6,4867.06,-849.78,0,0,0,2500,0,0,2500,0,2500,0
20230101T000017.200000,3,2043,1004.19,800.417,202.253,0,0,0,2500,0,0,2500,0,2500,0
20230101T000017.200000,3,2044,3836.37,5753.81,1537.78,0,0,0,2500,0,0,2500,0,2500,0
20230101T000017.300000,6,2190,1704.55,-2089.89,188.835,0,0,0,7036.43,5640.57,-512.189,4721.29,627.975,11637.3,2.30369e+17
20230101T000017.300000,6,2191,2150.95,-443.055,-104.818,0,0,0,392.195,1508.69,357.748,7405.87,-73.6893,7716.77,2.92273e+17
20230101T000017.300000,6,2192,6678.31,-1647.67,-904.923,0,0,0,5638.06,17286.5,9661.33,71438.5,-2383.64,75704.5,1.94357e+17
20230101T000017.300000,6,2193,5770.82,-2610.64,-573.548,0,0,0,11394.3,23883.3,5290.52,53384.1,-2393.35,64189,4.6084e+17
20230101T000017.300000,6,2194,2151.86,-337.388,-299.244,0,0,0,383.274,1130.08,1021.76,7413.75,-160.202,7592.12,2.90701e+17
20230101T000017.300000,6,2195,1991.71,-203.375,-66.8226,0,0,0,136.518,640.92,210.823,6347.76,-21.5274,6413.28,1.69548e+17
20230101T000017.300000,6,2196,6729.07,-1292.89,-1086.98,0,0,0,4557.85,13558.1,11693.3,72518.2,-2246.68,75124.7,1.77962e+17
20230101T000017.300000,6,2197,1114.58,642.414,183.588,0,0,0,747.875,-1095.17,-319.642,2016.75,-184.233,2649.25,1.37075e+21
20230101T000017.300000,6,2198,8421.65,4416,-185.045,0,0,0,31294.8,-59455.1,2492.32,113504,1306.88,144680,1.60921e+17
20230101T000017.300000,6,2199,6910.93,7303.55,-141.467,0,0,0,85392.3,-80711,1563.66,76468.2,1652.49,161764,4.81248e+17
20230101T000017.300000,6,2200,4541.95,6422.27,-1344.51,0,0,0,66977.9,-45278.6,9764.56,34976.4,13807,99001.6,2.4461e+17
20230101T000017.300000,6,2201,3513.87,4247.8,-519.502,0,0,0,29071.3,-23638.7,2916.93,20049.7,3526.18,48626.3,1.09748e+17
20230101T000017.300000,4,2039,1998.81,-93.7275,-86.1921,3.06839,-4.40746,0.615346,67.3086,43.1878,81.1485,1793.16,-2.0294,1791.57,0
20230101T000017.300000,4,2043,1063.67,727.297,193.208,5.88875,-7.23964,-0.895515,557.837,-583.792,-149.418,824.931,-119.097,1275.62,0
20230101T000017.300000,3,2045,1704.55,-2089.89,188.835,0,0,0,2500,0,0,2500,0,2500,0
20230101T000017.300000,3,2046,2150.95,-443.055,-104.818,0,0,0,2500,0,0,2500,0,2500,0
20230101T000017.300000,3,2047,6678.31,-1647.67,-904.923,0,0,0,2500,0,0,2500,0,2500,0
20230101T000017.300000,3,2048,5770.82,-2610.64,-573.548,0,0,0,2500,0,0,2500,0,2500,0
20230101T000017.300000,3,2049,2151.86,-337.388,-299.244,0,0,0,2500,0,0,2500,0,2500,0
20230101T000017.300000,3,2050,6729.07,-1292.89,-1086.98,0,0,0,2500,0,0,2500,0,2500,0
20230101T000017.300000,3,2051,8421.65,4416,-185.045,0,0,0,2500,0,0,2500,0,2500,0
20230101T000017.300000,3,2052,6910.93,7303.55,-141.467,0,0,0,2500,0,0,2500,0,2500,0
20230101T000017.300000,3,2053,4541.95,6422.27,-1344.51,0,0,0,2500,0,0,2500,0,2500,0
20230101T000017.300000,3,2054,3513.87,4247.8,-519.502,0,0,0,2500,0,0,2500,0,2500,0
20230101T000017.400000,6,2202,50.3105,-63.8697,-4.51408,0,0,0,30.9696,-25.889,-1.82862,43.4431,2.32145,10.7734,1.92681e+17
20230101T000017.400000,6,2203,4335.51,-6344.24,1345.14,0,0,0,65340.3,42631.3,-9324.85,32090.5,13645.2,94475.5,1.48602e+17
20230101T000017.400000,6,2204,1205.11,458.613,170.783,0,0,0,432.225,-847.868,-321.515,2337.53,-122.354,2661.3,1.90998e+21
20230101T000017.400000,6,2205,172.106,173.248,-6.5002,0,0,0,79.8232,-15.6968,0.590207,79.6156,0.594121,95.4618,1.43654e+17
20230101T000017.400000,6,2206,5088.65,3924.94,541.547,0,0,0,24982.3,-31698.6,-4404.95,41629.8,-3397.59,66079.8,1.51628e+17
20230101T000017.400000,3,2055,50.3105,-63.8697,-4.51408,0,0,0,2500,0,0,2500,0,2500,0
20230101T000017.400000,3,2056,4335.51,-6344.24,1345.14,0,0,0,2500,0,0,2500,0,2500,0
20230101T000017.400000,3,2057,1205.11,458.613,170.783,0,0,0,2500,0,0,2500,0,2500,0
20230101T000017.400000,3,2058,172.106,173.248,-6.5002,0,0,0,2500,0,0,2500,0,2500,0
20230101T000017.400000,3,2059,5088.65,3924.94,541.547,0,0,0,2500,0,0,2500,0,2500,0
20230101T000017.500000,6,2207,8031.67,-6713.88,1138.22,0,0,0,73379.4,85226.7,-14621.6,104091,12222.6,175335,1.13763e+18
20230101T000017.500000,6,2208,7075.83,-4871.03,-842.459,0,0,0,38776.6,54586.5,9532.64,80493.3,-6562.31,118072,1.26644e+17
20230101T000017.500000,6,2209,3555.02,-3764.56,-109.76,0,0,0,22714.4,21371.4,623.39,20265.1,-660.134,42896.2,9.99499e+17
20230101T000017.500000,6,2210,3380.9,-1758.58,3.97599,0,0,0,4998.54,9486.72,-21.4487,18302.5,11.1565,23237,2.64273e+17
20230101T000017.500000,6,2211,7510.21,-3077.72,409.53,0,0,0,15440.2,36866.4,-4918.08,90293.1,2015.45,105401,1.48359e+17
20230101T000017.500000,6,2212,8947.99,-2665.5,722.086,0,0,0,12192.5,37915.7,-10333.2,128180,3078.14,139475,1.5523e+17
20230101T000017.500000,6,2213,1271.87,226.232,132.044,0,0,0,170.327,-444.649,-262.334,2591.03,-46.6623,2670.78,5.20124e+20
20230101T000017.500000,6,2214,10866.1,640.014,-1755.86,0,0,0,5633.36,-10833.9,30516.8,188932,1797.45,189571,2.36436e+17
20230101T000017.500000,6,2215,10012.6,5471.48,2324.96,0,0,0,54606.5,-83988.3,-37235.2,162405,-20347.6,208304,3.06815e+17
20230101T000017.500000,6,2216,9480.85,4683.66,-963.602,0,0,0,36343.9,-70433,14612,144122,7218.54,178918,1.91185e+17
20230101T000017.500000,6,2217,7699.48,2411.4,646.679,0,0,0,9971.03,-29497.5,-7961.68,94916.6,-2493.52,104155,1.46869e+17
20230101T000017.500000,6,2218,2275.37,2144.4,-42.5121,0,0,0,7392.93,-7773.5,154.136,8315.17,145.264,15641.2,9.77829e+16
20230101T000017.500000,3,2060,8031.67,-6713.88,1138.22,0,0,0,2500,0,0,2500,0,2500,0
20230101T000017.500000,3,2061,7075.83,-4871.03,-842.459,0,0,0,2500,0,0,2500,0,2500,0
20230101T000017.500000,3,2062,3555.02,-3764.56,-109.76,0,0,0,2500,0,0,2500,0,2500,0
20230101T000017.500000,3,2063,3380.9,-1758.58,3.97599,0,0,0,2500,0,0,2500,0,2500,0
20230101T000017.500000,3,2064,7510.21,-3077.72,409.53,0,0,0,2500,0,0,2500,0,2500,0
20230101T000017.500000,3,2065,8947.99,-2665.5,722.086,0,0,0,2500,0,0,2500,0,2500,0
20230101T000017.500000,3,2066,1271.87,226.232,132.044,0,0,0,2500,0,0,2500,0,2500,0
20230101T000017.500000,3,2067,10866.1,640.014,-1755.86,0,0,0,2500,0,0,2500,0,2500,0
20230101T000017.500000,3,2068,10012.6,5471.47,2324.96,0,0,0,2500,0,0,2500,0,2500,0
20230101T000017.500000,3,2069,9480.85,4683.66,-963.602,0,0,0,2500,0,0,2500,0,2500,0
20230101T000017.500000,3,2070,7699.48,2411.4,646.679,0,0,0,2500,0,0,2500,0,2500,0
20230101T000017.500000,3,2071,2275.37,2144.4,-42.5122,0,0,0,2500,0,0,2500,0,2500,0
20230101T000017.600000,6,2219,1851.58,-2479.17,17.6139,0,0,0,9857.11,7313.68,-51.9638,5526.77,69.5766,15319.4,1.37795e+17
20230101T000017.600000,6,2220,3232.35,-2469,181.751,0,0,0,9827.25,12712.8,-937.706,16760,716.258,26470.6,1.20849e+17
20230101T000017.600000,6,2221,4038.24,-5311.79,847.405,0,0,0,45588.1,33736.5,-5470.39,26859.8,7195.62,71237,1.64233e+17
20230101T000017.600000,6,2222,7895.39,-1685.92,579.243,0,0,0,5122.04,21174.9,-7312.9,99765.7,1561.54,104288,1.37637e+17
20230101T000017.600000,6,2223,8501.82,-5265.74,-1060.36,0,0,0,45710.8,70795.8,14418.3,116166,-8930.22,160015,7.95746e+17
20230101T000017.600000,6,2224,7205.21,-4499.03,-895.36,0,0,0,33354.4,51261.6,10316.4,83441.6,-6441.67,115451,5.37086e+17
20230101T000017.600000,6,2225,6598.06,-2169.91,-341.771,0,0,0,7759.89,22833.1,3605.05,69679.5,-1185.6,77188.8,1.02751e+17
20230101T000017.600000,6,2226,5692.85,-1682.42,935.593,0,0,0,5874.31,14926.8,-8512.47,51971.3,2515.7,56384.1,2.33968e+17
20230101T000017.600000,6,2227,1285.09,-1.54317,182.264,0,0,0,115.894,3.03381,-365.862,2642.32,0.439337,2643.59,8.81822e+20
20230101T000017.600000,6,2228,7485.88,-826.613,-618.034,0,0,0,1759.85,9827.08,7397.27,89669.6,-816.828,90755.2,1.79063e+17
20230101T000017.600000,6,2229,10631.6,1536.15,1244.83,0,0,0,6266.11,-25770.9,-21168,180902,-3058.54,184626,2.55196e+17
20230101T000017.600000,6,2230,6929.83,-543.942,203.242,0,0,0,602.637,6020.93,-2251.63,76836.9,176.737,77309.5,9.73884e+16
20230101T000017.600000,6,2231,10363.9,2027.85,2327.58,0,0,0,14986.8,-31981.3,-38583.3,172179,-7549.38,178439,2.4961e+17
20230101T000017.600000,6,2232,7774.11,5969.19,1896.96,0,0,0,60670.9,-71437.3,-23586,98857.2,-18110,153711,1.44796e+17
20230101T000017.600000,4,2047,6691.73,-1669.65,-887.808,3.6953,-6.04999,4.71071,251.07,587.009,322.592,2485.49,-79.5898,2588.16,0
20230101T000017.600000,4,2061,7008.31,-4814.78,-835.183,-6.68553,5.56927,0.720456,852.786,1114.76,192.842,1704.72,-132.753,2449.67,0
20230101T000017.600000,3,2072,1851.58,-2479.17,17.6139,0,0,0,2500,0,0,2500,0,2500,0
20230101T000017.600000,3,2073,3232.35,-2469,181.751,0,0,0,2500,0,0,2500,0,2500,0
20230101T000017.600000,3,2074,4038.24,-5311.79,847.405,0,0,0,2500,0,0,2500,0,2500,0
20230101T000017.600000,3,2075,7895.39,-1685.92,579.243,0,0,0,2500,0,0,2500,0,2500,0
20230101T000017.600000,3,2076,8501.82,-5265.74,-1060.36,0,0,0,2500,0,0,2500,0,2500,0
20230101T000017.600000,3,2077,5692.85,-1682.42,935.593,0,0,0,2500,0,0,2500,0,2500,0
20230101T000017.600000,3,2078,1285.09,-1.54317,182.264,0,0,0,2500,0,0,2500,0,2500,0
20230101T000017.600000,3,2079,7485.88,-826.613,-618.034,0,0,0,2500,0,0,2500,0,2500,0
20230101T000017.600000,3,2080,10631.6,1536.15,1244.83,0,0,0,2500,0,0,2500,0,2500,0
20230101T000017.600000,3,2081,6929.83,-543.942,203.242,0,0,0,2500,0,0,2500,0,2500,0
20230101T000017.600000,3,2082,10363.9,2027.85,2327.58,0,0,0,2500,0,0,2500,0,2500,0
20230101T000017.600000,3,2083,7774.11,5969.19,1896.96,0,0,0,2500,0,0,2500,0,2500,0
20230101T000017.700000,6,2233,1749.91,-1809.53,-448.536,0,0,0,5424.55,4874.55,1248.15,5097.87,-1290.68,10140.5,2.39543e+17
20230101T000017.700000,6,2234,4144.96,-4087.03,329.907,0,0,0,26846.8,26986,-2185.35,27606.4,2154.81,54215.4,2.04892e+17
20230101T000017.700000,6,2235,7034.45,-5698.46,-876.889,0,0,0,52737,63504.1,9864.72,79686.2,-7991.2,131130,5.56428e+17
20230101T000017.700000,6,2236,1262.32,-261.195,166.429,0,0,0,212.021,506.254,-328.18,2553.93,67.9058,2659.73,7.79709e+20
20230101T000017.700000,6,2237,11350.8,-3413.28,279.801,0,0,0,18814.3,61937.3,-5080.1,206161,1527.63,224786,1.61597e+17
20230101T000017.700000,6,2238,1282.58,-185.247,125.217,0,0,0,141.593,367.631,-250.898,2633.83,36.2379,2687.52,7.80138e+20
20230101T000017.700000,6,2239,6813.37,-367.832,85.907,0,0,0,292.059,4005.8,-935.701,74275.4,50.5156,74491.6,1.7813e+17
20230101T000017.700000,6,2240,2483.21,528.823,418.678,0,0,0,775.346,-2031.26,-1653.42,9881.02,-352.11,10315.3,2.41524e+17
20230101T000017.700000,6,2241,507.855,116.505,10.4164,0,0,0,82.6585,-80.6884,-7.21747,415.875,-1.65573,434.411,1.76965e+17
20230101T000017.700000,6,2242,6836.68,2234.88,-562.938,0,0,0,8507.04,-24278.1,6153.07,74839.4,2011.41,82776.2,1.43662e+17
20230101T000017.700000,6,2243,2669.66,2398.57,-111.024,0,0,0,9251.32,-10203.8,472.761,11440.7,424.755,20608.4,4.12653e+17
20230101T000017.700000,6,2244,6857.99,5801.52,845.406,0,0,0,54555.8,-63063.7,-9271.9,75754.7,-7843.57,129104,1.32123e+17
20230101T000017.700000,6,2245,4824.65,3905.28,886.448,0,0,0,25199.4,-29501,-6835.92,37766.1,-5533.28,61646.8,1.99558e+17
20230101T000017.700000,4,2078,1292.75,-90.8729,155.11,0.758521,-8.84455,-2.68852,86.897,1.44612,-172.583,1291.16,0.207242,1279.25,0
20230101T000017.700000,4,2081,6803.73,-528.664,195.873,-12.4849,1.51268,-0.729617,79.0311,185.722,-69.3965,2430.56,5.44712,2443.17,0
20230101T000017.700000,3,2084,1749.91,-1809.53,-448.536,0,0,0,2500,0,0,2500,0,2500,0
20230101T000017.700000,3,2085,4144.96,-4087.03,329.907,0,0,0,2500,0,0,2500,0,2500,0
20230101T000017.700000,3,2086,7034.45,-5698.46,-876.889,0,0,0,2500,0,0,2500,0,2500,0
20230101T000017.700000,3,2087,1262.32,-261.195,166.429,0,0,0,2500,0,0,2500,0,2500,0
20230101T000017.700000,3,2088,11350.8,-3413.28,279.801,0,0,0,2500,0,0,2500,0,2500,0
20230101T000017.700000,3,2089,2483.21,528.823,418.678,0,0,0,2500,0,0,2500,0,2500,0
20230101T000017.700000,3,2090,507.855,116.505,10.4164,0,0,0,2500,0,0,2500,0,2500,0
20230101T000017.700000,3,2091,6836.68,2234.88,-562.938,0,0,0,2500,0,0,2500,0,2500,0
20230101T000017.700000,3,2092,2669.65,2398.57,-111.024,0,0,0,2500,0,0,2500,0,2500,0
20230101T000017.700000,3,2093,6857.99,5801.52,845.406,0,0,0,2500,0,0,2500,0,2500,0
20230101T000017.700000,3,2094,4824.65,3905.28,886.448,0,0,0,2500,0,0,2500,0,2500,0
20230101T000017.800000,6,2246,9569.2,-7237.44,341.241,0,0,0,83968.1,110690,-5223.19,146602,3950.44,230320,1.06433e+17
20230101T000017.800000,6,2247,159.089,-136.644,-29.0473,0,0,0,66.7876,3.07631,0.795799,67.7269,-0.683522,71.5739,2.32811e+17
20230101T000017.800000,6,2248,6463.81,-4844.63,19.8727,0,0,0,37594.2,50072.6,-205.4,66872.5,153.947,104402,1.68508e+17
20230101T000017.800000,6,2249,7563.11,-5803,1205.13,0,0,0,55382,69069.2,-14577,92405.4,11184.6,145402,2.0345e+17
20230101T000017.800000,6,2250,2708.22,-1071.13,128.756,0,0,0,1913.89,4610.46,-555.293,11747.3,219.625,13571,9.67174e+16
20230101T000017.800000,6,2251,1219.89,-417.397,181.397,0,0,0,382.063,779.337,-345.702,2393.11,118.285,2661.01,1.95863e+20
20230101T000017.800000,6,2252,7059.26,-3940.3,1596.92,0,0,0,27999.5,42742.3,-18026.3,80717,10061.8,104577,1.97209e+17
20230101T000017.800000,6,2253,5276.22,-1508.89,-83.7386,0,0,0,3712.33,12718.1,705.979,44547.3,-201.896,48184.5,1.90392e+17
20230101T000017.800000,6,2254,7364.23,200.937,-395.085,0,0,0,377.931,-2359.04,4651.77,86771.1,126.926,86835.7,1.92847e+17
20230101T000017.800000,6,2255,2162.06,1085.31,-189.933,0,0,0,1981.54,-3705.75,652.569,7503.59,327.577,9364.2,1.26762e+17
20230101T000017.800000,6,2256,11071.6,5632.41,1150.01,0,0,0,52489.9,-98895.1,-20366.7,196577,-10361,246888,1.35738e+17
20230101T000017.800000,6,2257,1077.54,1625.15,-284.737,0,0,0,4284.54,-2713.26,485.848,1991.38,732.759,6084.87,1.64869e+17
20230101T000017.800000,6,2258,3539.91,5105.8,-1396.05,0,0,0,42742.9,-27429.9,7899.24,22196.7,11393.5,61763.4,1.30633e+17
20230101T000017.800000,4,2087,1247.58,-338.704,173.794,-1.4593,-7.67421,0.72919,132.57,240.538,-154.585,1245.29,31.9862,1285.1,0
20230101T000017.800000,3,2095,9569.2,-7237.44,341.241,0,0,0,2500,0,0,2500,0,2500,0
20230101T000017.800000,3,2096,159.089,-136.644,-29.0473,0,0,0,2500,0,0,2500,0,2500,0
20230101T000017.800000,3,2097,6463.81,-4844.63,19.8727,0,0,0,2500,0,0,2500,0,2500,0
20230101T000017.800000,3,2098,7563.11,-5803,1205.13,0,0,0,2500,0,0,2500,0,2500,0
20230101T000017.800000,3,2099,2708.22,-1071.13,128.756,0,0,0,2500,0,0,2500,0,2500,0
20230101T000017.800000,3,2100,7059.26,-3940.3,1596.92,0,0,0,2500,0,0,2500,0,2500,0
20230101T000017.800000,3,2101,5276.22,-1508.89,-83.7386,0,0,0,2500,0,0,2500,0,2500,0
20230101T000017.800000,3,2102,7364.23,200.937,-395.085,0,0,0,2500,0,0,2500,0,2500,0
20230101T000017.800000,3,2103,2162.06,1085.31,-189.933,0,0,0,2500,0,0,2500,0,2500,0
20230101T000017.800000,3,2104,11071.6,5632.41,1150.01,0,0,0,2500,0,0,2500,0,2500,0
20230101T000017.800000,3,2105,1077.54,1625.15,-284.737,0,0,0,2500,0,0,2500,0,2500,0
20230101T000017.800000,3,2106,3539.91,5105.8,-1396.05,0,0,0,2500,0,0,2500,0,2500,0
20230101T000017.900000,6,2259,1450.88,-1578.7,521.382,0,0,0,4214.5,3418.01,-1200.4,3636.64,1306.15,7359.34,5.88845e+17
20230101T000017.900000,6,2260,2922.6,-1670.13,379.625,0,0,0,4684.39,7683.24,-1769,13738.9,1010.9,18130.3,3.05264e+17
20230101T000017.900000,6,2261,1169.74,-588.83,85.3688,0,0,0,614.902,1071.76,-156.063,2204.49,78.5604,2744.27,5.83344e+17
20230101T000017.900000,6,2262,11092.1,-3793.11,273.836,0,0,0,23185,67261.3,-4858.45,196874,1661.42,219875,1.52131e+17
20230101T000017.900000,6,2263,5176.68,-1459.55,361.893,0,0,0,3661.58,12017.6,-2993.32,42896.9,843.957,46285.5,1.87754e+17
20230101T000017.900000,6,2264,1914.83,-245.518,170.646,0,0,0,204.762,738.312,-517.246,5868.3,66.3208,5963.46,1.18877e+17
20230101T000017.900000,6,2265,10241.2,4788.52,-1187.7,0,0,0,38591.9,-77574,19455.6,168228,9096.94,204500,1.90455e+17
20230101T000017.900000,6,2266,6646.53,8671.57,-215.68,0,0,0,120365,-92150.5,2292.87,70769.3,2991.45,190996,1.94246e+17
20230101T000017.900000,6,2267,3608.84,4450.74,-466.52,0,0,0,31857.9,-25497.8,2690.49,21086.4,3318.16,52533,1.27366e+17
20230101T000017.900000,6,2268,6560.21,6503.51,-1810.57,0,0,0,70349.5,-65609.9,18995.8,71488.5,18831.6,136534,1.47379e+17
20230101T000017.900000,6,2269,4696.34,4976,1286.15,0,0,0,40892.9,-36038.4,-9656.36,36721.5,-10231.4,74908.1,5.85018e+17
20230101T000017.900000,6,2270,7670.99,5159.73,-1271.54,0,0,0,44420.9,-62101.3,15599.2,94976,10492.5,136748,1.96749e+17
20230101T000017.900000,4,2088,11227.6,-3381.53,276.767,-23.6915,6.10654,-0.583513,271.708,691.197,-56.6608,2362.42,17.0384,2568.89,0
20230101T000017.900000,4,2101,5185.22,-1481.81,-59.762,-9.01056,2.68186,2.37393,239.59,617.625,34.2766,2222.64,-9.80241,2398.76,0
20230101T000017.900000,3,2107,1450.88,-1578.7,521.382,0,0,0,2500,0,0,2500,0,2500,0
20230101T000017.900000,3,2108,2922.6,-1670.13,379.625,0,0,0,2500,0,0,2500,0,2500,0
20230101T000017.900000,3,2109,1169.74,-588.831,85.3688,0,0,0,2500,0,0,2500,0,2500,0
20230101T000017.900000,3,2110,1914.83,-245.518,170.646,0,0,0,2500,0,0,2500,0,2500,0
20230101T000017.900000,3,2111,10241.2,4788.52,-1187.7,0,0,0,2500,0,0,2500,0,2500,0
20230101T000017.900000,3,2112,6646.53,8671.57,-215.68,0,0,0,2500,0,0,2500,0,2500,0
20230101T000017.900000,3,2113,3608.84,4450.74,-466.52,0,0,0,2500,0,0,2500,0,2500,0
20230101T000017.900000,3,2114,6560.21,6503.51,-1810.57,0,0,0,2500,0,0,2500,0,2500,0
20230101T000017.900000,3,2115,4696.34,4976,1286.15,0,0,0,2500,0,0,2500,0,2500,0
20230101T000017.900000,3,2116,7670.99,5159.73,-1271.54,0,0,0,2500,0,0,2500,0,2500,0
20230101T000018,6,2271,928.981,-874.749,228.378,0,0,0,1301.4,1227.6,-331.373,1449.17,312.028,2607.09,1.27317e+20
20230101T000018,6,2272,7859.94,-8834.38,-1514.4,0,0,0,126523,109247,19039.6,100929,-21400.1,223721,1.51885e+17
20230101T000018,6,2273,289.026,-329.885,-31.5409,0,0,0,202.46,120.204,11.5684,170.579,-13.2038,308.105,1.20296e+17
20230101T000018,6,2274,2194.2,-387.713,-115.467,0,0,0,323.097,1346.56,402.117,7705.8,-71.0537,7943.91,1.30479e+17
20230101T000018,6,2275,3061.48,-1788.37,184.432,0,0,0,5205.41,8708.61,-900.547,15026.3,526.058,20113.7,2.27034e+17
20230101T000018,6,2276,4941.04,-2524.82,-230.317,0,0,0,10317.5,19900.1,1818.45,39092.9,-929.209,49261.8,1.02041e+17
20230101T000018,6,2277,10255.4,2993.8,1024.21,0,0,0,15945.6,-48655.8,-16800.1,168415,-4904.33,182620,1.72172e+17
20230101T000018,6,2278,6190.82,3285.35,-1094.16,0,0,0,18812.9,-31723.3,10829.4,61756.6,5746.96,78593.1,4.47637e+17
20230101T000018,6,2279,4684.92,1033.12,-733.461,0,0,0,2588.21,-7550,5488.59,35160.4,1210.35,36826.8,2.39752e+17
20230101T000018,6,2280,1932.09,1429.36,183.471,0,0,0,3344.82,-4362.45,-563.264,6014.28,-416.703,9241.99,2.13171e+17
20230101T000018,6,2281,5801.92,4413.83,897.004,0,0,0,32026.4,-40323.1,-8320.77,54354.6,-6330.06,85031.5,1.16798e+17
20230101T000018,3,2117,928.981,-874.749,228.378,0,0,0,2500,0,0,2500,0,2500,0
20230101T000018,3,2118,7859.94,-8834.38,-1514.4,0,0,0,2500,0,0,2500,0,2500,0
20230101T000018,3,2119,289.026,-329.885,-31.5409,0,0,0,2500,0,0,2500,0,2500,0
20230101T000018,3,2120,2194.2,-387.713,-115.467,0,0,0,2500,0,0,2500,0,2500,0
20230101T000018,3,2121,3061.48,-1788.37,184.432,0,0,0,2500,0,0,2500,0,2500,0
20230101T000018,3,2122,4941.04,-2524.82,-230.317,0,0,0,2500,0,0,2500,0,2500,0
20230101T000018,3,2123,10255.4,2993.8,1024.21,0,0,0,2500,0,0,2500,0,2500,0
20230101T000018,3,2124,6190.82,3285.35,-1094.16,0,0,0,2500,0,0,2500,0,2500,0
20230101T000018,3,2125,4684.92,1033.12,-733.461,0,0,0,2500,0,0,2500,0,2500,0
20230101T000018,3,2126,1932.09,1429.36,183.471,0,0,0,2500,0,0,2500,0,2500,0
20230101T000018,3,2127,5801.92,4413.83,897.004,0,0,0,2500,0,0,2500,0,2500,0
20230101T000018.100000,6,2282,2642.28,-3568.38,444.613,0,0,0,20507.8,14904.3,-1875.89,11415.8,2533.38,31544.6,1.62202e+17
20230101T000018.100000,6,2283,87.1645,-96.8344,-0.653709,0,0,0,43.6484,-18.3184,-0.123662,47.5099,0.13738,27.1609,2.24016e+17
20230101T000018.100000,6,2284,5665.62,-5699.47,20.757,0,0,0,52006.4,51633.3,-188.046,51391.3,189.169,103333,8.66345e+17
20230101T000018.100000,6,2285,9067.61,-5137.95,-836.432,0,0,0,43133.2,74034.9,12130.7,131842,-6873.56,173792,2.10165e+17
20230101T000018.100000,6,2286,3578.57,649.38,123.844,0,0,0,760.357,-3702.62,-706.955,20492.7,-128.287,21164.6,7.4203e+17
20230101T000018.100000,6,2287,11637,669.926,-2168.07,0,0,0,8275.77,-12038.4,40356.4,216697,2323.26,217392,2.12394e+17
20230101T000018.100000,6,2288,6051.17,691.747,-634.442,0,0,0,1463.84,-6617.59,6136.03,58595.7,701.449,59352.9,3.83818e+17
20230101T000018.100000,6,2289,2784.81,1060.44,51.8465,0,0,0,1858.88,-4702.29,-229.972,12416.9,-87.572,14207.6,1.3581e+17
20230101T000018.100000,6,2290,4721.96,2532.23,-2.53471,0,0,0,10309.2,-19104.7,19.1234,35689.4,10.2553,45934.6,1.03938e+17
20230101T000018.100000,6,2291,931.787,1137.25,-275.77,0,0,0,2143.05,-1605.52,403.785,1498.96,492.821,3460.68,3.82251e+20
20230101T000018.100000,6,2292,2568.98,3163.67,798.946,0,0,0,16444.5,-12473.9,-3276.35,11212.1,-4034.79,26576,1.42545e+17
20230101T000018.100000,6,2293,4275.04,3191.41,498.019,0,0,0,16591.7,-21608.8,-3401.74,29406.3,-2539.47,45538.3,9.65137e+16
20230101T000018.100000,4,2096,85.0678,-107.631,8.96659,-20.3729,7.98524,10.4626,65.1864,2.93009,0.757598,66.0811,-0.650711,69.7417,0
20230101T000018.100000,3,2128,2642.28,-3568.38,444.613,0,0,0,2500,0,0,2500,0,2500,0
20230101T000018.100000,3,2129,5665.62,-5699.47,20.757,0,0,0,2500,0,0,2500,0,2500,0
20230101T000018.100000,3,2130,9067.61,-5137.95,-836.432,0,0,0,2500,0,0,2500,0,2500,0
20230101T000018.100000,3,2131,3578.57,649.38,123.844,0,0,0,2500,0,0,2500,0,2500,0
20230101T000018.100000,3,2132,11637,669.926,-2168.07,0,0,0,2500,0,0,2500,0,2500,0
20230101T000018.100000,3,2133,6051.17,691.747,-634.442,0,0,0,2500,0,0,2500,0,2500,0
20230101T000018.100000,3,2134,2784.81,1060.44,51.8465,0,0,0,2500,0,0,2500,0,2500,0
20230101T000018.100000,3,2135,4721.96,2532.23,-2.53471,0,0,0,2500,0,0,2500,0,2500,0
20230101T000018.100000,3,2136,931.787,1137.25,-275.77,0,0,0,2500,0,0,2500,0,2500,0
20230101T000018.100000,3,2137,2568.98,3163.67,798.946,0,0,0,2500,0,0,2500,0,2500,0
20230101T000018.100000,3,2138,4275.04,3191.41,498.019,0,0,0,2500,0,0,2500,0,2500,0
20230101T000018.200000,6,2294,2030.73,-1399.65,-82.6142,0,0,0,3185.17,4512.72,266.664,6622.29,-183.794,9732.69,4.07629e+17
20230101T000018.200000,6,2295,7476.49,-8782.28,3141.61,0,0,0,130066,97233,-37570.6,98627,44132.5,212847,2.46516e+17
20230101T000018.200000,6,2296,4043.18,-4370.05,1361.56,0,0,0,31951.8,26761.3,-8798.6,27786.6,9509.93,56714.5,1.79002e+17
20230101T000018.200000,6,2297,2824.13,-530.077,-580.396,0,0,0,1029.6,2286.34,2610.38,12781.6,-489.956,13213.2,2.26518e+17
20230101T000018.200000,6,2298,8092.99,1429.37,1591.87,0,0,0,7260.61,-17803.7,-20601,104919,-3638.52,108066,2.51209e+17
20230101T000018.200000,6,2299,9314.93,1159.84,-1191.32,0,0,0,4450.51,-17000,17747.3,138864,2209.8,140982,1.08567e+17
20230101T000018.200000,6,2300,9839.81,3524.07,280.617,0,0,0,20038.8,-55421.6,-4416.33,154937,-1581.68,174786,1.02306e+17
20230101T000018.200000,6,2301,9888.31,4614.74,-586.922,0,0,0,34578.4,-72775.5,9282.75,156556,4332.14,190519,1.53243e+17
20230101T000018.200000,6,2302,6227.04,2788.73,1257.18,0,0,0,14601.1,-26818.4,-12515.2,62474.4,-5604.81,74486.9,1.82308e+17
20230101T000018.200000,6,2303,5117.05,964.168,-854.021,0,0,0,2674.53,-7670.22,6982.06,41936.8,1315.58,43383.7,3.64837e+17
20230101T000018.200000,6,2304,2345.02,2443,-87.7089,0,0,0,9585.75,-9128.11,327.939,8838.29,341.641,18347.8,1.10853e+17
20230101T000018.200000,6,2305,1243.12,822.12,-209.631,0,0,0,1173.99,-1573.97,409.593,2513.07,270.877,3555.23,4.66839e+19
20230101T000018.200000,3,2139,2030.73,-1399.65,-82.6142,0,0,0,2500,0,0,2500,0,2500,0
20230101T000018.200000,3,2140,7476.49,-8782.28,3141.61,0,0,0,2500,0,0,2500,0,2500,0
20230101T000018.200000,3,2141,4043.18,-4370.05,1361.56,0,0,0,2500,0,0,2500,0,2500,0
20230101T000018.200000,3,2142,2824.13,-530.077,-580.396,0,0,0,2500,0,0,2500,0,2500,0
20230101T000018.200000,3,2143,8092.99,1429.37,1591.87,0,0,0,2500,0,0,2500,0,2500,0
20230101T000018.200000,3,2144,9314.93,1159.84,-1191.32,0,0,0,2500,0,0,2500,0,2500,0
20230101T000018.200000,3,2145,9839.81,3524.07,280.617,0,0,0,2500,0,0,2500,0,2500,0
20230101T000018.200000,3,2146,9888.31,4614.74,-586.922,0,0,0,2500,0,0,2500,0,2500,0
20230101T000018.200000,3,2147,6227.04,2788.73,1257.18,0,0,0,2500,0,0,2500,0,2500,0
20230101T000018.200000,3,2148,5117.05,964.168,-854.021,0,0,0,2500,0,0,2500,0,2500,0
20230101T000018.200000,3,2149,2345.02,2443,-87.7089,0,0,0,2500,0,0,2500,0,2500,0
20230101T000018.200000,3,2150,1243.12,822.12,-209.631,0,0,0,2500,0,0,2500,0,2500,0
20230101T000018.300000,6,2306,3093.62,-2593.6,-125.212,0,0,0,10815.1,12793.9,618.251,15349.5,-518.324,26075.6,1.29104e+17
20230101T000018.300000,6,2307,6768.88,-9174.17,851.394,0,0,0,135096,98773.8,-9217.96,74100.7,12493.5,207974,2.61304e+17
20230101T000018.300000,6,2308,1383.2,-1112.32,27.2817,0,0,0,2019.19,2429.87,-59.6111,3086.77,47.9373,5040.81,2.1526e+17
20230101T000018.300000,6,2309,7815.27,-6416.64,182.199,0,0,0,65947.2,80179,-2277.4,97772.6,1869.83,163603,2.41828e+17
20230101T000018.300000,6,2310,1609.08,-743.531,-96.2766,0,0,0,949.346,1884.29,244.72,4156.45,-113.082,5027.34,1.96894e+17
20230101T000018.300000,6,2311,10827.7,57.3968,-2245.13,0,0,0,8131.37,-951.287,38882.7,187584,206.114,187591,1.61989e+17
20230101T000018.300000,6,2312,1323.1,625.059,-313.788,0,0,0,803.937,-1238.75,652.416,2840.88,308.213,3428.9,7.4351e+19
20230101T000018.300000,6,2313,708.256,357.886,-84.3731,0,0,0,264.418,-375.501,89.6068,817.79,45.2789,1008.25,1.43407e+17
20230101T000018.300000,6,2314,7956.05,3571.95,-529.317,0,0,0,20840.2,-45278.4,6734.5,101364,3023.52,121692,8.3953e+17
20230101T000018.300000,6,2315,6204.65,8981.9,-496.797,0,0,0,129227,-88952.7,4930.27,61906.8,7137.09,190676,1.27179e+17
20230101T000018.300000,6,2316,4544.53,4030.01,-89.2738,0,0,0,26028.5,-29265.1,648.428,33078.2,575.015,59029.9,1.0565e+17
20230101T000018.300000,3,2151,3093.62,-2593.6,-125.212,0,0,0,2500,0,0,2500,0,2500,0
20230101T000018.300000,3,2152,6768.88,-9174.17,851.394,0,0,0,2500,0,0,2500,0,2500,0
20230101T000018.300000,3,2153,1383.2,-1112.32,27.2817,0,0,0,2500,0,0,2500,0,2500,0
20230101T000018.300000,3,2154,7815.27,-6416.64,182.199,0,0,0,2500,0,0,2500,0,2500,0
20230101T000018.300000,3,2155,1609.08,-743.531,-96.2767,0,0,0,2500,0,0,2500,0,2500,0
20230101T000018.300000,3,2156,10827.7,57.3968,-2245.13,0,0,0,2500,0,0,2500,0,2500,0
20230101T000018.300000,3,2157,1323.1,625.059,-313.788,0,0,0,2500,0,0,2500,0,2500,0
20230101T000018.300000,3,2158,708.256,357.886,-84.3731,0,0,0,2500,0,0,2500,0,2500,0
20230101T000018.300000,3,2159,7956.05,3571.95,-529.317,0,0,0,2500,0,0,2500,0,2500,0
20230101T000018.300000,3,2160,6204.65,8981.9,-496.797,0,0,0,2500,0,0,2500,0,2500,0
20230101T000018.300000,3,2161,4544.53,4030.01,-89.2738,0,0,0,2500,0,0,2500,0,2500,0
20230101T000018.400000,6,2317,3202.43,-1977.59,-330.914,0,0,0,6430.21,10026.2,1690.82,16474.8,-1044.13,22666.8,2.52964e+17
20230101T000018.400000,6,2318,5765.25,-6262.45,1329.18,0,0,0,64074.7,56327.7,-12254.3,54744.9,13311.1,115932,1.32341e+17
20230101T000018.400000,6,2319,5863.26,-7849.22,-365.486,0,0,0,98675.8,73502.1,3427.27,55182.8,-4588.13,153581,4.44985e+17
20230101T000018.400000,6,2320,3207.16,-3410.89,-482.218,0,0,0,18819,17285.5,2470.01,16688.5,-2626.91,35072.7,2.3358e+17
20230101T000018.400000,6,2321,7772.12,-4684.87,-1250.96,0,0,0,36999.5,57123.4,15548.8,97333.5,-9372.5,131767,8.00084e+17
20230101T000018.400000,6,2322,9049.23,-4965.71,-1446.6,0,0,0,42074.9,70458.9,20937.3,131811,-11489.2,170476,1.78093e+17
20230101T000018.400000,6,2323,11396.1,1144.28,2274.64,0,0,0,10351.7,-20035.5,-41463,207876,-4163.32,209890,1.462e+17
20230101T000018.400000,6,2324,7752.72,-1608.86,-1331.04,0,0,0,6918.8,19380.5,16500.4,96287,-3424.21,100311,2.15431e+17
20230101T000018.400000,6,2325,1303.04,700.549,-290.527,0,0,0,937.802,-1378.52,595.048,2760.75,319.915,3504.26,6.90329e+19
20230101T000018.400000,6,2326,4058.01,2135.47,-463.221,0,0,0,7614.87,-13697.6,3001.95,26436.1,1579.73,33645,1.9733e+17
20230101T000018.400000,6,2327,11324.2,4574.53,-174.503,0,0,0,33578.9,-82845.3,3160.92,205195,1276.89,238661,2.40241e+17
20230101T000018.400000,6,2328,6301,3637.39,-1755.04,0,0,0,24910.7,-34510.6,17680.9,64771,10206.7,84696.5,1.26941e+18
20230101T000018.400000,6,2329,5691.3,1032.74,588.486,0,0,0,2304.25,-9295.73,-5352.46,51845.1,-971.254,53532.5,1.47118e+17
20230101T000018.400000,6,2330,5842.6,3046.75,-548.95,0,0,0,15281.4,-28257.8,5126.98,54734.2,2673.58,69470.3,1.40776e+17
20230101T000018.400000,6,2331,7885.81,9218.39,215.668,0,0,0,136024,-116243,-2720.41,99577.5,-3180.11,235463,1.40311e+17
20230101T000018.400000,6,2332,6118.51,4073.59,-1404.03,0,0,0,28778.8,-38395.4,13735.1,60885.5,9144.6,86450.7,1.19314e+18
20230101T000018.400000,4,2130,9040.43,-5120.03,-843.344,-7.48035,4.93284,-1.90227,712.078,1116.74,181.818,2050.16,-103.023,2666.43,0
20230101T000018.400000,4,2157,1320.92,659.702,-305.576,-0.216475,3.43001,0.813065,367.256,-513.238,263.009,1211.2,124.251,1418.92,0
20230101T000018.400000,3,2162,3202.43,-1977.59,-330.914,0,0,0,2500,0,0,2500,0,2500,0
20230101T000018.400000,3,2163,5765.25,-6262.45,1329.18,0,0,0,2500,0,0,2500,0,2500,0
20230101T000018.400000,3,2164,5863.26,-7849.22,-365.486,0,0,0,2500,0,0,2500,0,2500,0
20230101T000018.400000,3,2165,3207.16,-3410.89,-482.218,0,0,0,2500,0,0,2500,0,2500,0
20230101T000018.400000,3,2166,7772.12,-4684.87,-1250.96,0,0,0,2500,0,0,2500,0,2500,0
20230101T000018.400000,3,2167,11396.1,1144.28,2274.64,0,0,0,2500,0,0,2500,0,2500,0
20230101T000018.400000,3,2168,7752.72,-1608.86,-1331.04,0,0,0,2500,0,0,2500,0,2500,0
20230101T000018.400000,3,2169,4058.01,2135.47,-463.221,0,0,0,2500,0,0,2500,0,2500,0
20230101T000018.400000,3,2170,11324.2,4574.53,-174.503,0,0,0,2500,0,0,2500,0,2500,0
20230101T000018.400000,3,2171,6301,3637.39,-1755.04,0,0,0,2500,0,0,2500,0,2500,0
20230101T000018.400000,3,2172,5691.3,1032.74,588.486,0,0,0,2500,0,0,2500,0,2500,0
20230101T000018.400000,3,2173,5842.6,3046.75,-548.95,0,0,0,2500,0,0,2500,0,2500,0
20230101T000018.400000,3,2174,7885.81,9218.39,215.668,0,0,0,2500,0,0,2500,0,2500,0
20230101T000018.400000,3,2175,6118.51,4073.59,-1404.03,0,0,0,2500,0,0,2500,0,2500,0
20230101T000018.500000,6,2333,2145.26,-2896.7,659.115,0,0,0,13693.5,9580.61,-2255.61,7852.29,3045.71,20790.9,2.21243e+17
20230101T000018.500000,6,2334,3696.63,-4505.7,1170.15,0,0,0,33388.3,25545,-6913.15,23210.3,8426.22,54348.8,1.42049e+17
20230101T000018.500000,6,2335,7801.74,-5661.6,-1697.57,0,0,0,54346.8,68451.2,21181.5,98999.4,-15371.1,148675,2.55812e+17
20230101T000018.500000,6,2336,8108.51,-2818.29,-1491.86,0,0,0,15941.1,35439.9,19344.7,105587,-6723.66,117907,2.24026e+17
20230101T000018.500000,6,2337,1444.58,245.158,-305.63,0,0,0,301.05,-531.87,693.798,3344.8,117.744,3437.73,7.70808e+18
20230101T000018.500000,6,2338,5048.8,187.771,-357.779,0,0,0,324.531,-1506.86,2885.66,40785,107.321,40841.3,2.34636e+17
20230101T000018.500000,6,2339,1430.39,339.528,-279.759,0,0,0,361.461,-735.031,628.826,3283.58,149.263,3460.29,7.5087e+18
20230101T000018.500000,6,2340,7689.01,2300.44,227.453,0,0,0,8601.93,-28260.7,-2796.49,94605.6,-836.668,103061,9.33754e+16
20230101T000018.500000,6,2341,6838.95,1297.74,6.67226,0,0,0,2756.46,-14188.6,-72.9497,74836.2,-13.8427,77528.5,2.38996e+18
20230101T000018.500000,6,2342,9876.06,6616.09,1983.1,0,0,0,74422.4,-101607,-31327.7,158027,-20986.8,226096,2.92456e+17
20230101T000018.500000,6,2343,6551.01,5448.11,-478.664,0,0,0,47745.5,-56893.4,5014.41,68841.1,4170.21,116156,1.14115e+17
20230101T000018.500000,6,2344,5302.72,7683.62,1205.6,0,0,0,95231.3,-64073.9,-10224.1,46608,-14814.7,139452,2.21528e+17
20230101T000018.500000,6,2345,2813.79,3778.81,-580.837,0,0,0,23062,-16723.7,2610.33,13055.7,3505.56,35515.8,7.55399e+17
20230101T000018.500000,3,2176,2145.26,-2896.7,659.115,0,0,0,2500,0,0,2500,0,2500,0
20230101T000018.500000,3,2177,3696.63,-4505.7,1170.15,0,0,0,2500,0,0,2500,0,2500,0
20230101T000018.500000,3,2178,7801.74,-5661.6,-1697.57,0,0,0,2500,0,0,2500,0,2500,0
20230101T000018.500000,3,2179,8108.51,-2818.29,-1491.86,0,0,0,2500,0,0,2500,0,2500,0
20230101T000018.500000,3,2180,1444.58,245.158,-305.63,0,0,0,2500,0,0,2500,0,2500,0
20230101T000018.500000,3,2181,5048.8,187.771,-357.779,0,0,0,2500,0,0,2500,0,2500,0
20230101T000018.500000,3,2182,1430.39,339.528,-279.759,0,0,0,2500,0,0,2500,0,2500,0
20230101T000018.500000,3,2183,7689.01,2300.44,227.453,0,0,0,2500,0,0,2500,0,2500,0
20230101T000018.500000,3,2184,6838.95,1297.74,6.67226,0,0,0,2500,0,0,2500,0,2500,0
20230101T000018.500000,3,2185,9876.06,6616.09,1983.1,0,0,0,2500,0,0,2500,0,2500,0
20230101T000018.500000,3,2186,6551.01,5448.11,-478.664,0,0,0,2500,0,0,2500,0,2500,0
20230101T000018.500000,3,2187,5302.72,7683.62,1205.6,0,0,0,2500,0,0,2500,0,2500,0
20230101T000018.500000,3,2188,2813.79,3778.8,-580.837,0,0,0,2500,0,0,2500,0,2500,0
20230101T000018.600000,6,2346,2873.11,-3323.12,952.096,0,0,0,18315.6,14528.5,-4368.11,14072.6,5052.27,30879.6,2.23013e+17
20230101T000018.600000,6,2347,9020.98,-8340.33,500.503,0,0,0,111548,120149,-7222.13,130419,6677.21,241503,1.93268e+17
20230101T000018.600000,6,2348,7705.68,-5359.04,-716.499,0,0,0,46547.5,65657.3,8829.8,95292.5,-6140.83,140955,1.29832e+17
20230101T000018.600000,6,2349,4214.86,-1331.21,-293.026,0,0,0,3018.25,8919.62,1972.07,28442.3,-622.854,31259.7,1.52112e+17
20230101T000018.600000,6,2350,11163,-2819.59,-113.498,0,0,0,12799.7,50340.3,2026.56,199387,-511.875,212102,1.78275e+17
20230101T000018.600000,6,2351,5520.74,-3492.31,-1122.87,0,0,0,20999.1,29908.7,9909.46,49360.1,-6268.51,68281.5,1.63663e+17
20230101T000018.600000,6,2352,1472.97,-44.8441,-267.018,0,0,0,179.098,100.332,618.074,3471.6,-18.817,3476.69,7.69033e+19
20230101T000018.600000,6,2353,2045.03,1205.2,138.114,0,0,0,2394.01,-3902.22,-448.716,6715.72,-264.443,9015.64,1.80931e+17
20230101T000018.600000,6,2354,1842.41,1464.61,-337.873,0,0,0,3582.47,-4197.94,988.954,5526.17,786.161,8864.58,1.67783e+17
20230101T000018.600000,6,2355,3231.85,4129.44,57.6805,0,0,0,27310,-21319.5,-297.829,16754.7,-380.547,43995.4,7.59341e+16
20230101T000018.600000,3,2189,2873.11,-3323.12,952.096,0,0,0,2500,0,0,2500,0,2500,0
20230101T000018.600000,3,2190,9020.98,-8340.33,500.503,0,0,0,2500,0,0,2500,0,2500,0
20230101T000018.600000,3,2191,7705.68,-5359.04,-716.499,0,0,0,2500,0,0,2500,0,2500,0
20230101T000018.600000,3,2192,4214.86,-1331.21,-293.026,0,0,0,2500,0,0,2500,0,2500,0
20230101T000018.600000,3,2193,11163,-2819.59,-113.498,0,0,0,2500,0,0,2500,0,2500,0
20230101T000018.600000,3,2194,5520.74,-3492.31,-1122.87,0,0,0,2500,0,0,2500,0,2500,0
20230101T000018.600000,3,2195,1472.97,-44.8441,-267.018,0,0,0,2500,0,0,2500,0,2500,0
20230101T000018.600000,3,2196,2045.03,1205.2,138.114,0,0,0,2500,0,0,2500,0,2500,0
20230101T000018.600000,3,2197,1842.41,1464.61,-337.873,0,0,0,2500,0,0,2500,0,2500,0
20230101T000018.600000,3,2198,3231.85,4129.44,57.6805,0,0,0,2500,0,0,2500,0,2500,0
20230101T000018.700000,6,2356,1727.04,-2274.65,496.96,0,0,0,8445.64,6065.22,-1366.69,5062.33,1800.04,13052.6,3.3896e+17
20230101T000018.700000,6,2357,7574.6,-5286.29,924.662,0,0,0,45674.3,63394.6,-11201.1,92268.1,7817.21,136512,1.29172e+17
20230101T000018.700000,6,2358,1442.93,-361.409,-214.221,0,0,0,337.076,802.299,485.811,3339.31,-121.681,3541.56,1.27367e+19
20230101T000018.700000,6,2359,4357.44,-2402.42,634.198,0,0,0,9776.43,16450.7,-4414.54,30544.3,2433.9,39615.3,1.60979e+17
20230101T000018.700000,6,2360,11735.4,-1307.97,-1639.72,0,0,0,7048.34,24078.6,30779.6,220404,-3430.54,223089,2.33254e+17
20230101T000018.700000,6,2361,5350.23,2606.39,552.999,0,0,0,11316,-22094,-4728.57,45905.9,-2303.55,56669.7,1.08533e+17
20230101T000018.700000,6,2362,15.179,4.90848,3.27777,0,0,0,55.6482,17.8635,11.9255,6.18378,3.85639,2.99959,1.55054e+17
20230101T000018.700000,6,2363,501.336,215.932,20.8232,0,0,0,129.094,-149.737,-14.464,412.25,-6.22984,476.836,5.16035e+17
20230101T000018.700000,6,2364,1092.29,1499,-398.247,0,0,0,3704.42,-2469.85,688.265,2114.67,944.537,5506.97,5.74666e+17
20230101T000018.700000,6,2365,4943.22,4585.01,-46.6637,0,0,0,33672,-36229.9,368.746,39127.9,342.025,72732.4,1.99784e+17
20230101T000018.700000,3,2199,1727.04,-2274.65,496.96,0,0,0,2500,0,0,2500,0,2500,0
20230101T000018.700000,3,2200,7574.6,-5286.29,924.662,0,0,0,2500,0,0,2500,0,2500,0
20230101T000018.700000,3,2201,1442.93,-361.409,-214.221,0,0,0,2500,0,0,2500,0,2500,0
20230101T000018.700000,3,2202,4357.44,-2402.42,634.198,0,0,0,2500,0,0,2500,0,2500,0
20230101T000018.700000,3,2203,11735.4,-1307.97,-1639.72,0,0,0,2500,0,0,2500,0,2500,0
20230101T000018.700000,3,2204,5350.23,2606.39,552.999,0,0,0,2500,0,0,2500,0,2500,0
20230101T000018.700000,3,2205,15.179,4.90848,3.27777,0,0,0,2500,0,0,2500,0,2500,0
20230101T000018.700000,3,2206,501.336,215.932,20.8232,0,0,0,2500,0,0,2500,0,2500,0
20230101T000018.700000,3,2207,1092.29,1499,-398.246,0,0,0,2500,0,0,2500,0,2500,0
20230101T000018.700000,3,2208,4943.22,4585.01,-46.6637,0,0,0,2500,0,0,2500,0,2500,0
20230101T000018.800000,6,2366,2107.48,-910.496,337.944,0,0,0,1533.18,2980.84,-1131.07,7144.98,488.657,8434.15,1.22816e+18
20230101T000018.800000,6,2367,1407.16,-444.166,-269.243,0,0,0,477.457,948.949,595.411,3184.29,-187.94,3485.88,3.00566e+19
20230101T000018.800000,6,2368,4236.15,-1815.76,-17.4147,0,0,0,5329.67,12283.6,117.812,28722,-50.4981,33987.2,1.47123e+17
20230101T000018.800000,6,2369,5551.48,-2711.3,858.351,0,0,0,12764.3,23593.2,-7616.35,49549.3,3719.77,61073.3,1.06131e+17
20230101T000018.800000,6,2370,8447.95,-566.294,-175.02,0,0,0,625.58,7646.89,2364.38,114189,-158.492,114702,1.42388e+17
20230101T000018.800000,6,2371,5187.21,-194.124,-745.404,0,0,0,1010.67,1575.57,6177.51,43052.8,-231.185,43113,1.11167e+17
20230101T000018.800000,6,2372,10377.4,2656.31,300.411,0,0,0,11485.1,-44054.9,-4986.23,172317,-1276.33,183594,1.79961e+17
20230101T000018.800000,6,2373,7401.96,2764.75,1228.76,0,0,0,14405,-31931,-14543.3,87965.9,-5432.15,99894.1,2.55579e+17
20230101T000018.800000,6,2374,5927.06,1430.1,-849.922,0,0,0,4423.82,-13284.2,8051.56,56275.1,1942.7,59481.6,1.90798e+17
20230101T000018.800000,6,2375,6942.23,1871.83,344.576,0,0,0,5842.65,-20727.7,-3824.45,77128.5,-1031.19,82717.5,1.2206e+17
20230101T000018.800000,6,2376,2651.1,1698.35,119.373,0,0,0,4676.52,-7164.61,-504.311,11270.5,-323.073,15860.4,8.91031e+17
20230101T000018.800000,6,2377,7280.7,5553.66,2110.03,0,0,0,53890.7,-61230.8,-24568.8,87456.3,-18740.9,134166,3.52998e+17
20230101T000018.800000,6,2378,4542.69,5282.97,-1087.41,0,0,0,45486.5,-37432.1,7897.3,34141.3,9184.25,77674.9,1.83874e+17
20230101T000018.800000,6,2379,5720.13,6638.52,-1691.38,0,0,0,72488.6,-58463.2,15472.1,55014.1,17956.2,122866,2.0295e+17
20230101T000018.800000,4,2201,1427.95,-396.17,-236.732,-1.48348,-3.44163,-2.22876,172.961,325.827,194.887,1392.22,-48.8131,1457.47,0
20230101T000018.800000,3,2209,2107.48,-910.496,337.944,0,0,0,2500,0,0,2500,0,2500,0
20230101T000018.800000,3,2210,4236.15,-1815.76,-17.4147,0,0,0,2500,0,0,2500,0,2500,0
20230101T000018.800000,3,2211,5551.48,-2711.3,858.351,0,0,0,2500,0,0,2500,0,2500,0
20230101T000018.800000,3,2212,8447.95,-566.294,-175.02,0,0,0,2500,0,0,2500,0,2500,0
20230101T000018.800000,3,2213,5187.21,-194.124,-745.404,0,0,0,2500,0,0,2500,0,2500,0
20230101T000018.800000,3,2214,10377.4,2656.32,300.411,0,0,0,2500,0,0,2500,0,2500,0
20230101T000018.800000,3,2215,7401.96,2764.75,1228.76,0,0,0,2500,0,0,2500,0,2500,0
20230101T000018.800000,3,2216,5927.06,1430.1,-849.922,0,0,0,2500,0,0,2500,0,2500,0
20230101T000018.800000,3,2217,6942.23,1871.84,344.576,0,0,0,2500,0,0,2500,0,2500,0
20230101T000018.800000,3,2218,2651.1,1698.35,119.373,0,0,0,2500,0,0,2500,0,2500,0
20230101T000018.800000,3,2219,7280.7,5553.66,2110.03,0,0,0,2500,0,0,2500,0,2500,0
20230101T000018.800000,3,2220,4542.69,5282.97,-1087.41,0,0,0,2500,0,0,2500,0,2500,0
20230101T000018.800000,3,2221,5720.13,6638.52,-1691.38,0,0,0,2500,0,0,2500,0,2500,0
20230101T000018.900000,6,2380,1384.7,-1182.79,-103.425,0,0,0,2285.18,2580.54,226.385,3101.95,-193.376,5306.43,2.43542e+17
20230101T000018.900000,6,2381,5629.15,-4942.91,-1490.38,0,0,0,41133.3,42726.5,13414.2,52273.9,-11778.9,89794.1,1.98843e+17
20230101T000018.900000,6,2382,6343.13,-4378.55,-551.67,0,0,0,31047.7,44180.5,5595.15,64554.2,-3862.23,95051.5,7.93302e+17
20230101T000018.900000,6,2383,11955.2,1393.17,-610.64,0,0,0,3757.07,-26573.2,11677.4,228694,1360.79,231790,1.20547e+17
20230101T000018.900000,6,2384,989.06,92.0295,15.0457,0,0,0,77.3463,-139.7,-22.8448,1565.73,-2.12565,1578.75,6.57878e+16
20230101T000018.900000,6,2385,3407.77,1220.34,-163.872,0,0,0,2477.45,-6619.9,890.777,18592.8,318.992,20963.5,6.27831e+17
20230101T000018.900000,6,2386,3906.24,1696,-592.113,0,0,0,5127.1,-10372.1,3692.68,24512.8,1603.29,29017.4,1.57675e+17
20230101T000018.900000,6,2387,10565.7,3597.76,-282.512,0,0,0,20881.9,-60762.2,4774.38,178636,1625.73,199326,1.24221e+18
20230101T000018.900000,6,2388,208.892,121.737,-34.9563,0,0,0,71.9675,-12.5655,3.85236,86.2062,2.24506,94.8395,8.98722e+16
20230101T000018.900000,6,2389,6120.07,2229.98,-805.146,0,0,0,8927.79,-21482.3,7876.75,60057.3,2870.07,67885.8,2.35977e+17
20230101T000018.900000,3,2222,1384.7,-1182.79,-103.425,0,0,0,2500,0,0,2500,0,2500,0
20230101T000018.900000,3,2223,5629.15,-4942.91,-1490.38,0,0,0,2500,0,0,2500,0,2500,0
20230101T000018.900000,3,2224,6343.13,-4378.55,-551.67,0,0,0,2500,0,0,2500,0,2500,0
20230101T000018.900000,3,2225,11955.2,1393.17,-610.64,0,0,0,2500,0,0,2500,0,2500,0
20230101T000018.900000,3,2226,989.06,92.0295,15.0457,0,0,0,2500,0,0,2500,0,2500,0
20230101T000018.900000,3,2227,3407.77,1220.34,-163.872,0,0,0,2500,0,0,2500,0,2500,0
20230101T000018.900000,3,2228,3906.24,1696,-592.113,0,0,0,2500,0,0,2500,0,2500,0
20230101T000018.900000,3,2229,10565.7,3597.76,-282.512,0,0,0,2500,0,0,2500,0,2500,0
20230101T000018.900000,3,2230,208.892,121.737,-34.9563,0,0,0,2500,0,0,2500,0,2500,0
20230101T000018.900000,3,2231,6120.07,2229.98,-805.146,0,0,0,2500,0,0,2500,0,2500,0
20230101T000019,6,2390,1628.28,-1424.82,-101.509,0,0,0,3293.7,3672.2,262.2,4276.9,-229.438,7490.4,1.35455e+17
20230101T000019,6,2391,1632.93,-1902.82,-55.3212,0,0,0,5822.39,4937.47,143.618,4306.02,-167.355,10059.6,1.95963e+17
20230101T000019,6,2392,1396.05,-1419.44,424.863,0,0,0,3395.8,2995.58,-939.848,3296.24,955.596,6344.81,1.73294e+17
20230101T000019,6,2393,5323.65,-6778.65,-702.975,0,0,0,73846,57324.5,5984.62,45874.3,-7620.27,118866,1.74361e+17
20230101T000019,6,2394,6473.32,-7183.32,-1407.16,0,0,0,84008,72793.2,14568.3,68829.1,-16166.1,149608,1.1639e+17
20230101T000019,6,2395,4558.55,-4605.85,-809.691,0,0,0,34492.4,33037.6,5900.08,33810.3,-5961.3,67191.7,1.37161e+17
20230101T000019,6,2396,3606.75,-1859.46,-666.343,0,0,0,6142.63,10415.8,3836.24,20976.1,-1977.77,26347.6,7.44707e+17
20230101T000019,6,2397,695.105,-172.976,-20.0045,0,0,0,108.697,177.242,20.5153,776.841,-5.10519,820.997,1.2273e+17
20230101T000019,6,2398,7279.32,-2525.56,473.977,0,0,0,10583.2,29283.9,-5516.66,84827.1,1914,94987.3,2.05226e+17
20230101T000019,6,2399,6530.01,-4177.82,711.668,0,0,0,28546.7,43253.2,-7430.61,68479.3,4754.01,96152.7,1.55676e+17
20230101T000019,6,2400,2410.05,38.8038,196.098,0,0,0,127.483,-147.617,-750.995,9293.35,-12.0917,9296.15,4.83065e+17
20230101T000019,6,2401,10248.4,1841.31,-468.308,0,0,0,5826.48,-30120.6,7676.23,168061,1379.17,173473,1.7318e+17
20230101T000019,6,2402,10373.6,-787.413,1453.66,0,0,0,4416.1,12809.3,-24118.7,172197,1830.75,173170,1.27603e+17
20230101T000019,6,2403,7163.27,171.251,-86.0498,0,0,0,122.718,-1960.93,985.469,82100,23.5594,82146.9,1.06442e+17
20230101T000019,6,2404,10130.7,4361.43,-520.631,0,0,0,30855.1,-70514,8436.18,164286,3631.92,194644,1.54835e+17
20230101T000019,6,2405,4115.99,1868.15,980.471,0,0,0,6910.05,-11701,-6444.9,27379.3,-2925.19,32693,1.66334e+17
20230101T000019,6,2406,8848.18,6818.07,-1366.59,0,0,0,76292.1,-95048.8,19340.8,126401,14903.3,199643,1.02784e+17
20230101T000019,6,2407,7541.91,6709.86,1538.93,0,0,0,74185.6,-79055.4,-18563.3,92710.5,-16515.3,163046,1.10808e+17
20230101T000019,6,2408,659.192,806.001,-47.1584,0,0,0,1066.44,-817.051,47.907,735.657,58.5763,1734.81,1.568e+17
20230101T000019,6,2409,4341.6,4523.68,-33.0736,0,0,0,32773.4,-31391.1,229.514,30193.4,239.139,62901,1.09183e+17
20230101T000019,6,2410,3066.09,4261.95,105.478,0,0,0,29090.6,-20869.2,-516.699,15095.3,-718.226,44104.2,7.03505e+17
20230101T000019,3,2232,1628.28,-1424.82,-101.509,0,0,0,2500,0,0,2500,0,2500,0
20230101T000019,3,2233,1632.93,-1902.82,-55.3212,0,0,0,2500,0,0,2500,0,2500,0
20230101T000019,3,2234,1396.05,-1419.44,424.863,0,0,0,2500,0,0,2500,0,2500,0
20230101T000019,3,2235,5323.65,-6778.65,-702.975,0,0,0,2500,0,0,2500,0,2500,0
20230101T000019,3,2236,6473.32,-7183.32,-1407.16,0,0,0,2500,0,0,2500,0,2500,0
20230101T000019,3,2237,4558.55,-4605.85,-809.691,0,0,0,2500,0,0,2500,0,2500,0
20230101T000019,3,2238,3606.75,-1859.46,-666.343,0,0,0,2500,0,0,2500,0,2500,0
20230101T000019,3,2239,695.105,-172.976,-20.0045,0,0,0,2500,0,0,2500,0,2500,0
20230101T000019,3,2240,7279.32,-2525.56,473.977,0,0,0,2500,0,0,2500,0,2500,0
20230101T000019,3,2241,6530.01,-4177.82,711.668,0,0,0,2500,0,0,2500,0,2500,0
20230101T000019,3,2242,2410.05,38.8038,196.098,0,0,0,2500,0,0,2500,0,2500,0
20230101T000019,3,2243,10248.4,1841.31,-468.308,0,0,0,2500,0,0,2500,0,2500,0
20230101T000019,3,2244,10373.6,-787.413,1453.66,0,0,0,2500,0,0,2500,0,2500,0
20230101T000019,3,2245,7163.27,171.251,-86.0498,0,0,0,2500,0,0,2500,0,2500,0
20230101T000019,3,2246,10130.7,4361.43,-520.631,0,0,0,2500,0,0,2500,0,2500,0
20230101T000019,3,2247,4115.99,1868.15,980.471,0,0,0,2500,0,0,2500,0,2500,0
20230101T000019,3,2248,8848.18,6818.07,-1366.59,0,0,0,2500,0,0,2500,0,2500,0
20230101T000019,3,2249,7541.91,6709.86,1538.93,0,0,0,2500,0,0,2500,0,2500,0
20230101T000019,3,2250,659.192,806.001,-47.1584,0,0,0,2500,0,0,2500,0,2500,0
20230101T000019,3,2251,4341.6,4523.68,-33.0736,0,0,0,2500,0,0,2500,0,2500,0
20230101T000019,3,2252,3066.09,4261.95,105.478,0,0,0,2500,0,0,2500,0,2500,0
20230101T000019.100000,6,2411,1371.03,-356.754,23.6914,0,0,0,264.404,766.781,-50.9349,3011.66,13.2537,3211.2,2.44315e+17
20230101T000019.100000,6,2412,4146.91,-1949,311.386,0,0,0,6257,12847.5,-2062.15,27554.6,969.185,33593,2.04605e+17
20230101T000019.100000,6,2413,3436.05,-2212.71,-86.413,0,0,0,7887.37,12130.2,473.934,18912.6,-305.198,26724,3.2355e+17
20230101T000019.100000,6,2414,5456.68,-1430.2,-340.039,0,0,0,3505.53,12425.6,2965.06,47656.6,-777.143,50913.6,1.82266e+17
20230101T000019.100000,6,2415,5883.52,172.68,-830.74,0,0,0,1213.66,-1591.32,7811.42,55386.2,229.263,55434.2,1.09072e+17
20230101T000019.100000,6,2416,6664.96,95.7803,610.45,0,0,0,674.248,-1011.92,-6503.99,71074.8,-93.467,71089.9,2.47794e+17
20230101T000019.100000,6,2417,5129.08,653.682,51.739,0,0,0,750.867,-5355.9,-423.962,42093,-54.0325,42775.6,6.35668e+17
20230101T000019.100000,6,2418,1925.88,1147.85,-156.588,0,0,0,2184.04,-3491.74,478.691,5961.42,285.305,8042.85,1.92889e+17
20230101T000019.100000,6,2419,587.09,237.447,-48.6339,0,0,0,148.142,-199.614,41.1543,560.956,16.6447,642.064,1.65253e+17
20230101T000019.100000,6,2420,8769.5,1395.64,-1502.93,0,0,0,6702.01,-19011.9,21077.5,123137,3354.44,126165,1.68152e+17
20230101T000019.100000,6,2421,964.152,1146.77,-14.1107,0,0,0,2130.76,-1737.38,21.3799,1525.02,25.4293,3591.48,5.30866e+20
20230101T000019.100000,6,2422,3203.91,3385.08,-449.723,0,0,0,18516.9,-17159.6,2301.19,16628.2,2431.31,34758.7,5.15984e+17
20230101T000019.100000,6,2423,8262.39,6533.21,-875.635,0,0,0,69086.4,-85740,11571.6,109724,9149.85,177520,2.18755e+17
20230101T000019.100000,6,2424,3863,3695.74,462.299,0,0,0,22065.3,-22640.1,-2853.41,24070.2,-2729.86,45730.5,6.17722e+17
20230101T000019.100000,4,2210,4216.97,-1820.35,7.15036,-5.27808,-1.26219,6.76105,444.412,890.842,8.54391,2140.89,-3.66222,2522.7,0
20230101T000019.100000,3,2253,1371.03,-356.754,23.6914,0,0,0,2500,0,0,2500,0,2500,0
20230101T000019.100000,3,2254,3436.05,-2212.71,-86.413,0,0,0,2500,0,0,2500,0,2500,0
20230101T000019.100000,3,2255,5456.68,-1430.2,-340.039,0,0,0,2500,0,0,2500,0,2500,0
20230101T000019.100000,3,2256,5883.52,172.68,-830.74,0,0,0,2500,0,0,2500,0,2500,0
20230101T000019.100000,3,2257,6664.96,95.7803,610.45,0,0,0,2500,0,0,2500,0,2500,0
20230101T000019.100000,3,2258,5129.08,653.682,51.739,0,0,0,2500,0,0,2500,0,2500,0
20230101T000019.100000,3,2259,1925.88,1147.85,-156.588,0,0,0,2500,0,0,2500,0,2500,0
20230101T000019.100000,3,2260,587.09,237.447,-48.6339,0,0,0,2500,0,0,2500,0,2500,0
20230101T000019.100000,3,2261,8769.5,1395.64,-1502.93,0,0,0,2500,0,0,2500,0,2500,0
20230101T000019.100000,3,2262,964.152,1146.77,-14.1107,0,0,0,2500,0,0,2500,0,2500,0
20230101T000019.100000,3,2263,3203.91,3385.08,-449.723,0,0,0,2500,0,0,2500,0,2500,0
20230101T000019.100000,3,2264,8262.39,6533.21,-875.635,0,0,0,2500,0,0,2500,0,2500,0
20230101T000019.100000,3,2265,3863,3695.74,462.299,0,0,0,2500,0,0,2500,0,2500,0
20230101T000019.200000,6,2425,9824.33,-6943.95,1694.31,0,0,0,80254.3,106957,-26625.4,155979,18819.2,231579,1.61218e+17
20230101T000019.200000,6,2426,3199.98,-3326.76,-486.217,0,0,0,17919.9,16812.3,2484.8,16613.1,-2583.24,34092.2,1.27675e+17
20230101T000019.200000,6,2427,7565.65,-7481.94,-757.101,0,0,0,90063,90078.9,9161.51,92067.5,-9060.15,181150,9.40222e+16
20230101T000019.200000,6,2428,9840.7,-1887.3,-1177.16,0,0,0,7898.4,29293.9,18527.3,155024,-3553.25,160643,8.60902e+17
20230101T000019.200000,6,2429,6192.78,690.19,532.335,0,0,0,1272.78,-6781.8,-5269.22,61367.2,-587.258,62123.5,2.48103e+17
20230101T000019.200000,6,2430,9849.2,-1161.09,-1846.44,0,0,0,7598.19,17655.8,29086.1,155286,-3428.86,157370,9.38016e+17
20230101T000019.200000,6,2431,9217.02,1760.86,-928.988,0,0,0,6354.38,-25701.7,13693.8,135976,2616.14,140887,1.72753e+17
20230101T000019.200000,6,2432,1577.66,1639.43,-310.406,0,0,0,4404.71,-4029.93,777.602,4095.08,808.047,8283.97,1.01434e+17
20230101T000019.200000,6,2433,1110.04,1008.71,-45.9341,0,0,0,1664.87,-1758.03,80.1324,2001.93,72.818,3599.55,2.78565e+20
20230101T000019.200000,6,2434,2819.48,3486.66,-322.135,0,0,0,19541.7,-15616.6,1450.33,12858,1793.52,32170.3,1.12083e+18
20230101T000019.200000,6,2435,8617.59,7634.5,-167.614,0,0,0,93318.1,-105212,2310.38,118869,2046.82,212078,1.03165e+17
20230101T000019.200000,6,2436,7147.87,8037.89,1262.19,0,0,0,104526,-90629,-14430.2,83206,-16227,185120,1.42267e+17
20230101T000019.200000,6,2437,720.611,621.882,-50.6337,0,0,0,657.709,-683.421,55.8094,859.841,48.1631,1449.81,5.8222e+17
20230101T000019.200000,6,2438,7381.57,5112.25,1598.29,0,0,0,44620.4,-58436.1,-18867.6,88525.2,-13067.1,128998,1.2801e+17
20230101T000019.200000,4,2262,1029,1095.03,-27.2416,6.42026,-5.12262,-1.3001,894.526,-699.494,8.60741,650.648,10.2377,1482.56,0
20230101T000019.200000,3,2266,9824.33,-6943.95,1694.31,0,0,0,2500,0,0,2500,0,2500,0
20230101T000019.200000,3,2267,3199.98,-3326.76,-486.217,0,0,0,2500,0,0,2500,0,2500,0
20230101T000019.200000,3,2268,7565.65,-7481.94,-757.101,0,0,0,2500,0,0,2500,0,2500,0
20230101T000019.200000,3,2269,9840.7,-1887.3,-1177.16,0,0,0,2500,0,0,2500,0,2500,0
20230101T000019.200000,3,2270,6192.78,690.189,532.335,0,0,0,2500,0,0,2500,0,2500,0
20230101T000019.200000,3,2271,9849.2,-1161.09,-1846.44,0,0,0,2500,0,0,2500,0,2500,0
20230101T000019.200000,3,2272,9217.02,1760.86,-928.988,0,0,0,2500,0,0,2500,0,2500,0
20230101T000019.200000,3,2273,1577.66,1639.43,-310.406,0,0,0,2500,0,0,2500,0,2500,0
20230101T000019.200000,3,2274,2819.48,3486.66,-322.135,0,0,0,2500,0,0,2500,0,2500,0
20230101T000019.200000,3,2275,8617.59,7634.5,-167.614,0,0,0,2500,0,0,2500,0,2500,0
20230101T000019.200000,3,2276,7147.87,8037.89,1262.19,0,0,0,2500,0,0,2500,0,2500,0
20230101T000019.200000,3,2277,720.611,621.882,-50.6337,0,0,0,2500,0,0,2500,0,2500,0
20230101T000019.200000,3,2278,7381.57,5112.25,1598.29,0,0,0,2500,0,0,2500,0,2500,0
20230101T000019.300000,6,2439,2743.72,-1763.4,279.497,0,0,0,5108.72,7655.49,-1222.4,12099.9,785.638,17020.6,2.87574e+17
20230101T000019.300000,6,2440,6705.4,-5721.21,-713.586,0,0,0,52879.8,60947.1,7651.89,72309.8,-6528.77,124312,1.08204e+17
20230101T000019.300000,6,2441,4450.57,-3702.37,315.415,0,0,0,22063.9,26254.6,-2243.37,31783.3,1866.23,53624.4,1.32652e+17
20230101T000019.300000,6,2442,2324.59,-920.014,-349.431,0,0,0,1577.46,3333.51,1291.49,8680.88,-511.141,10001.4,1.51899e+17
20230101T000019.300000,6,2443,7296.09,-2293.52,311.178,0,0,0,8615.52,26711.4,-3630.14,85192.5,1141.13,93589.3,1.05346e+17
20230101T000019.300000,6,2444,2046.39,383.384,281.159,0,0,0,418.087,-1221.02,-912.235,6706.77,-170.904,6936.67,2.12107e+17
20230101T000019.300000,6,2445,47.1709,6.54225,-10.9186,0,0,0,59.9118,7.80605,-12.9845,4.71128,-1.80086,6.82491,1.94749e+17
20230101T000019.300000,6,2446,10047.4,-10.3623,2679.28,0,0,0,11545.6,154.676,-43055.7,161521,44.4054,161525,5.29594e+17
20230101T000019.300000,6,2447,4876.21,262.977,-428.721,0,0,0,467.207,-2032.5,3339.29,38044.9,180.09,38155.1,9.7622e+16
20230101T000019.300000,6,2448,1295.07,751.304,-111.323,0,0,0,965.589,-1520.55,226.581,2704.55,131.446,3587.01,3.22629e+20
20230101T000019.300000,6,2449,853.128,259.741,83.9063,0,0,0,176.31,-333.733,-108.822,1170.86,-33.1318,1273.03,1.97514e+17
20230101T000019.300000,6,2450,7017.94,1670.48,1240.25,0,0,0,6852.82,-18188.9,-13916.1,78937.8,-3312.43,83269.1,7.57686e+17
20230101T000019.300000,6,2451,7864.32,3942.89,-2278.22,0,0,0,31558.5,-46261.8,28652.7,100636,14365.5,123834,1.33293e+17
20230101T000019.300000,4,2240,7221.63,-2498.86,465.621,-15.8785,7.34858,-2.29968,349.128,797.941,-149.768,2372.16,51.9618,2639.53,0
20230101T000019.300000,3,2279,2743.72,-1763.4,279.497,0,0,0,2500,0,0,2500,0,2500,0
20230101T000019.300000,3,2280,6705.4,-5721.21,-713.586,0,0,0,2500,0,0,2500,0,2500,0
20230101T000019.300000,3,2281,4450.57,-3702.37,315.415,0,0,0,2500,0,0,2500,0,2500,0
20230101T000019.300000,3,2282,2324.59,-920.014,-349.431,0,0,0,2500,0,0,2500,0,2500,0
20230101T000019.300000,3,2283,2046.39,383.384,281.159,0,0,0,2500,0,0,2500,0,2500,0
20230101T000019.300000,3,2284,47.1709,6.54225,-10.9186,0,0,0,2500,0,0,2500,0,2500,0
20230101T000019.300000,3,2285,10047.4,-10.3623,2679.28,0,0,0,2500,0,0,2500,0,2500,0
20230101T000019.300000,3,2286,4876.21,262.977,-428.721,0,0,0,2500,0,0,2500,0,2500,0
20230101T000019.300000,3,2287,1295.07,751.304,-111.323,0,0,0,2500,0,0,2500,0,2500,0
20230101T000019.300000,3,2288,853.128,259.741,83.9063,0,0,0,2500,0,0,2500,0,2500,0
20230101T000019.300000,3,2289,7017.94,1670.48,1240.25,0,0,0,2500,0,0,2500,0,2500,0
20230101T000019.300000,3,2290,7864.32,3942.89,-2278.22,0,0,0,2500,0,0,2500,0,2500,0
20230101T000019.400000,6,2452,1714.06,-1114.44,-175.702,0,0,0,2066.53,3004.74,477.284,4734.36,-310.318,6688.44,1.87999e+17
20230101T000019.400000,6,2453,4245.48,-4636.46,450.479,0,0,0,34571.9,31300.9,-3056.91,29049.8,3338.44,63233.6,1.23358e+17
20230101T000019.400000,6,2454,3691.65,-3237.52,490.885,0,0,0,17024.2,18900.3,-2894.72,22000.4,2538.62,38576.4,2.00588e+17
20230101T000019.400000,6,2455,4047.51,475.052,-752.944,0,0,0,1316.88,-2964.26,4864.72,26224.9,570.966,26574.9,1.26757e+18
20230101T000019.400000,6,2456,3566.39,50.8495,-765.929,0,0,0,1003.75,-275.906,4357.42,20350.8,62.1281,20357.5,1.78852e+17
20230101T000019.400000,6,2457,9791.46,584.023,-477,0,0,0,972.112,-9124.07,7469.75,153398,445.542,153942,2.11922e+17
20230101T000019.400000,6,2458,4816.47,-211.528,557.395,0,0,0,630.77,1605.55,-4288.19,37118.5,188.327,37189.8,2.28071e+17
20230101T000019.400000,6,2459,1402.29,528.17,-55.2843,0,0,0,506.598,-1162.34,121.833,3154.82,45.8881,3592.7,5.06867e+20
20230101T000019.400000,6,2460,6892.01,2421.6,-907.889,0,0,0,10612.7,-26271.4,10004.1,76151.6,3515.08,85383.4,2.23277e+17
20230101T000019.400000,6,2461,365.06,371.911,3.44972,0,0,0,252.722,-185.229,-1.71821,245.833,-1.75046,434.542,1.94741e+17
20230101T000019.400000,3,2291,1714.06,-1114.44,-175.702,0,0,0,2500,0,0,2500,0,2500,0
20230101T000019.400000,3,2292,4245.48,-4636.46,450.479,0,0,0,2500,0,0,2500,0,2500,0
20230101T000019.400000,3,2293,3691.65,-3237.52,490.885,0,0,0,2500,0,0,2500,0,2500,0
20230101T000019.400000,3,2294,4047.51,475.051,-752.943,0,0,0,2500,0,0,2500,0,2500,0
20230101T000019.400000,3,2295,3566.39,50.8495,-765.929,0,0,0,2500,0,0,2500,0,2500,0
20230101T000019.400000,3,2296,9791.46,584.023,-477,0,0,0,2500,0,0,2500,0,2500,0
20230101T000019.400000,3,2297,4816.47,-211.528,557.395,0,0,0,2500,0,0,2500,0,2500,0
20230101T000019.400000,3,2298,1402.29,528.17,-55.2843,0,0,0,2500,0,0,2500,0,2500,0
20230101T000019.400000,3,2299,6892.01,2421.6,-907.889,0,0,0,2500,0,0,2500,0,2500,0
20230101T000019.400000,3,2300,365.06,371.911,3.44972,0,0,0,2500,0,0,2500,0,2500,0
20230101T000019.500000,6,2462,7829.82,-7665.5,-256.763,0,0,0,94102.4,95946.5,3215.58,98172.6,-3148.1,192106,3.63065e+17
20230101T000019.500000,6,2463,3570.31,-3015.53,-480.636,0,0,0,14802.2,17012.8,2740.65,20575.6,-2314.79,34945.5,7.41132e+17
20230101T000019.500000,6,2464,3489.51,-1254.43,398.496,0,0,0,2798.78,6902.74,-2218.5,19519.1,797.517,22001.2,1.40809e+17
20230101T000019.500000,6,2465,4001.76,-2323.05,909.036,0,0,0,9669.46,14273.2,-5809.92,25971.3,3372.69,34259.3,6.83536e+17
20230101T000019.500000,6,2466,3477.78,528.902,3.07851,0,0,0,510.148,-2933.54,-17.0749,19353.4,-2.59675,19799.5,1.11322e+17
20230101T000019.500000,6,2467,2297.48,468.08,-281.084,0,0,0,532.512,-1683.58,1025.84,8453.03,209.002,8796.95,3.94955e+17
20230101T000019.500000,6,2468,1490.92,170.035,-63.1228,0,0,0,115.619,-397.705,147.908,3557.47,16.8685,3602.94,5.93255e+20
20230101T000019.500000,6,2469,10308.6,1901.59,-2145.6,0,0,0,12968.5,-30039.6,35376.8,170273,6525.81,175817,3.30019e+17
20230101T000019.500000,6,2470,8663.48,92.9524,54.2134,0,0,0,82.5164,-1287.73,-751.082,120089,-8.05853,120103,1.43623e+17
20230101T000019.500000,6,2471,6310.22,-457.989,-326.745,0,0,0,569.027,4607.08,3295.65,63711.4,-239.195,64046,7.11193e+16
20230101T000019.500000,6,2472,9985.24,4725.26,-2147.26,0,0,0,41802.7,-72616.4,34294.6,160889,16229,195255,2.11986e+17
20230101T000019.500000,6,2473,5610.24,2665.81,-350.145,0,0,0,11582.5,-23828.6,3139.78,50407.5,1491.93,61730.3,9.91267e+16
20230101T000019.500000,6,2474,6238,4348.96,135.809,0,0,0,30324.4,-43362.2,-1354.54,62290.7,-944.349,92521.7,2.26282e+17
20230101T000019.500000,6,2475,7900.05,5356.08,-1362.5,0,0,0,47978,-66292.5,17214.7,100812,11671.2,145759,1.70389e+17
20230101T000019.500000,6,2476,4488.73,4307.3,49.1693,0,0,0,29719.9,-30901,-352.767,32270.4,-338.509,61922.4,9.40634e+16
20230101T000019.500000,4,2267,3263.59,-3341.9,-491.171,17.5086,-4.16848,-1.36328,1353.69,1215.96,177.866,1259.18,-184.913,2498.33,0
20230101T000019.500000,3,2301,7829.82,-7665.5,-256.763,0,0,0,2500,0,0,2500,0,2500,0
20230101T000019.500000,3,2302,3489.51,-1254.43,398.496,0,0,0,2500,0,0,2500,0,2500,0
20230101T000019.500000,3,2303,4001.76,-2323.05,909.036,0,0,0,2500,0,0,2500,0,2500,0
20230101T000019.500000,3,2304,3477.78,528.902,3.07851,0,0,0,2500,0,0,2500,0,2500,0
20230101T000019.500000,3,2305,2297.48,468.08,-281.084,0,0,0,2500,0,0,2500,0,2500,0
20230101T000019.500000,3,2306,1490.92,170.035,-63.1228,0,0,0,2500,0,0,2500,0,2500,0
20230101T000019.500000,3,2307,10308.6,1901.59,-2145.6,0,0,0,2500,0,0,2500,0,2500,0
20230101T000019.500000,3,2308,8663.48,92.9524,54.2134,0,0,0,2500,0,0,2500,0,2500,0
20230101T000019.500000,3,2309,6310.22,-457.989,-326.745,0,0,0,2500,0,0,2500,0,2500,0
20230101T000019.500000,3,2310,9985.24,4725.26,-2147.26,0,0,0,2500,0,0,2500,0,2500,0
20230101T000019.500000,3,2311,5610.24,2665.81,-350.145,0,0,0,2500,0,0,2500,0,2500,0
20230101T000019.500000,3,2312,6238,4348.96,135.809,0,0,0,2500,0,0,2500,0,2500,0
20230101T000019.500000,3,2313,7900.05,5356.08,-1362.5,0,0,0,2500,0,0,2500,0,2500,0
20230101T000019.500000,3,2314,4488.73,4307.3,49.1693,0,0,0,2500,0,0,2500,0,2500,0
20230101T000019.600000,6,2477,1715.69,-1374.83,11.3538,0,0,0,3063.35,3742.72,-30.9094,4734.86,24.7685,7734,1.27551e+17
20230101T000019.600000,6,2478,7943.25,-8432.7,-1705.76,0,0,0,115995,104818,21672.5,103452,-23007.9,214730,2.24606e+17
20230101T000019.600000,6,2479,6176.31,-4201.79,1429.18,0,0,0,30524.4,39974,-14113.5,62088.5,9601.53,89285.4,3.06587e+17
20230101T000019.600000,6,2480,9193.34,-2363.86,-595.007,0,0,0,9531.65,34618.8,8748.29,135267,-2249.42,144169,6.65481e+16
20230101T000019.600000,6,2481,1498.83,47.5792,-24.8752,0,0,0,68.5291,-112.041,58.5932,3594.46,1.86,3598.03,2.85958e+20
20230101T000019.600000,6,2482,3794.52,-338.491,874.344,0,0,0,1457.15,1941.43,-5294.45,23047.6,472.292,23224,1.36294e+17
20230101T000019.600000,6,2483,2215.63,1833.78,291.295,0,0,0,5498.57,-6402.96,-1027.7,7935.37,-850.583,13235.5,5.89442e+17
20230101T000019.600000,6,2484,7901,8975.06,-1216.68,0,0,0,129944,-112253,15376.5,101251,17466.7,228765,2.22763e+17
20230101T000019.600000,6,2485,5223.25,6879.28,167.453,0,0,0,75759,-57439.1,-1398.69,43720.8,-1842.15,119371,8.44197e+17
20230101T000019.600000,6,2486,3365.87,5141.9,-574.589,0,0,0,42480.1,-27420,3091.14,18540.8,4722.2,60429.7,1.79136e+17
20230101T000019.600000,6,2487,6814.71,6842.69,1379.61,0,0,0,76463.6,-73055.5,-15036.3,75864.7,-15098,149222,1.74346e+17
20230101T000019.600000,4,2306,1495.26,119.609,-47.3133,0.429198,-4.99275,1.5653,83.1595,-159.826,59.3778,1466.33,6.77187,1483.13,0
20230101T000019.600000,3,2315,1715.69,-1374.83,11.3538,0,0,0,2500,0,0,2500,0,2500,0
20230101T000019.600000,3,2316,7943.26,-8432.7,-1705.76,0,0,0,2500,0,0,2500,0,2500,0
20230101T000019.600000,3,2317,6176.31,-4201.79,1429.18,0,0,0,2500,0,0,2500,0,2500,0
20230101T000019.600000,3,2318,9193.34,-2363.86,-595.007,0,0,0,2500,0,0,2500,0,2500,0
20230101T000019.600000,3,2319,3794.52,-338.491,874.344,0,0,0,2500,0,0,2500,0,2500,0
20230101T000019.600000,3,2320,2215.63,1833.78,291.295,0,0,0,2500,0,0,2500,0,2500,0
20230101T000019.600000,3,2321,7901,8975.06,-1216.68,0,0,0,2500,0,0,2500,0,2500,0
20230101T000019.600000,3,2322,5223.25,6879.28,167.453,0,0,0,2500,0,0,2500,0,2500,0
20230101T000019.600000,3,2323,3365.87,5141.9,-574.589,0,0,0,2500,0,0,2500,0,2500,0
20230101T000019.600000,3,2324,6814.71,6842.69,1379.61,0,0,0,2500,0,0,2500,0,2500,0
20230101T000019.700000,6,2488,2480.69,-2975.14,-136.287,0,0,0,14200.8,11762.6,539.497,9901.37,-647.029,24008.6,1.89681e+17
20230101T000019.700000,6,2489,463.422,-331.737,10.0992,0,0,0,218.49,215.615,-6.56642,365.348,4.70052,519.715,1.90808e+17
20230101T000019.700000,6,2490,5246,-5192.17,435.52,0,0,0,43319.3,43397.4,-3652.91,44214.6,3615.42,87166.9,1.38846e+17
20230101T000019.700000,6,2491,1475.93,-278.313,-42.5294,0,0,0,188.481,645.063,98.6534,3487.7,-18.6028,3609.39,3.86257e+20
20230101T000019.700000,6,2492,8396.24,-4691.91,1035.85,0,0,0,36578.9,62273.1,-13909.7,113219,7772.88,148018,1.38951e+17
20230101T000019.700000,6,2493,2258.38,485.882,-108.648,0,0,0,456.815,-1738.67,389.655,8164.11,83.8327,8538.32,2.00699e+17
20230101T000019.700000,6,2494,1482.69,-229.8,22.5965,0,0,0,147.775,535.347,-52.6534,3518.9,8.16068,3601.89,4.00685e+20
20230101T000019.700000,6,2495,11821.4,517.524,971.075,0,0,0,1997.87,-9719.85,-18361.9,223595,-803.859,224021,1.46091e+17
20230101T000019.700000,6,2496,7624.07,-519.687,-1303.47,0,0,0,3199.9,6150.75,15889.8,93015.1,-1083.11,93436.2,1.77133e+17
20230101T000019.700000,6,2497,6908.48,1424.68,-306.862,0,0,0,3453.34,-15705.4,3389.2,76372.1,698.928,79611,5.67745e+17
20230101T000019.700000,6,2498,1228.76,677.674,363.068,0,0,0,942.501,-1217.76,-700.208,2478.95,-386.171,3154.57,3.96891e+17
20230101T000019.700000,6,2499,4065.14,771.433,511.714,0,0,0,1417.42,-4929.29,-3320.65,26457.3,-630.152,27393.7,1.90071e+17
20230101T000019.700000,6,2500,6872.99,1610.14,-120.397,0,0,0,4230.72,-17687,1322.91,75585.3,309.92,79728.8,5.52407e+17
20230101T000019.700000,6,2501,4112,6034.37,-386.262,0,0,0,58357.7,-39560.5,2539.39,27260.3,3726.56,85315.6,1.99586e+17
20230101T000019.700000,4,2305,2254.42,465.273,-237.149,-8.2818,-0.53975,8.44905,166.491,-374.94,225.917,1930.42,46.0275,1985.68,0
20230101T000019.700000,3,2325,2480.69,-2975.14,-136.287,0,0,0,2500,0,0,2500,0,2500,0
20230101T000019.700000,3,2326,463.422,-331.737,10.0992,0,0,0,2500,0,0,2500,0,2500,0
20230101T000019.700000,3,2327,5246,-5192.17,435.52,0,0,0,2500,0,0,2500,0,2500,0
20230101T000019.700000,3,2328,1475.93,-278.313,-42.5294,0,0,0,2500,0,0,2500,0,2500,0
20230101T000019.700000,3,2329,8396.24,-4691.91,1035.85,0,0,0,2500,0,0,2500,0,2500,0
20230101T000019.700000,3,2330,1482.69,-229.8,22.5965,0,0,0,2500,0,0,2500,0,2500,0
20230101T000019.700000,3,2331,11821.4,517.524,971.075,0,0,0,2500,0,0,2500,0,2500,0
20230101T000019.700000,3,2332,7624.07,-519.687,-1303.47,0,0,0,2500,0,0,2500,0,2500,0
20230101T000019.700000,3,2333,6908.48,1424.68,-306.862,0,0,0,2500,0,0,2500,0,2500,0
20230101T000019.700000,3,2334,1228.76,677.674,363.068,0,0,0,2500,0,0,2500,0,2500,0
20230101T000019.700000,3,2335,4065.14,771.433,511.714,0,0,0,2500,0,0,2500,0,2500,0
20230101T000019.700000,3,2336,6872.99,1610.14,-120.397,0,0,0,2500,0,0,2500,0,2500,0
20230101T000019.700000,3,2337,4112,6034.37,-386.262,0,0,0,2500,0,0,2500,0,2500,0
20230101T000019.800000,6,2502,2821.51,-2460.14,-374.049,0,0,0,9846.87,10963.8,1683.84,12861.5,-1468.18,22421.8,2.25476e+17
20230101T000019.800000,6,2503,7277.85,-9373.42,-578.879,0,0,0,140803,108859,6738.88,85121.6,-8679.25,225325,5.29058e+17
20230101T000019.800000,6,2504,7293.79,-5051.04,-1108.69,0,0,0,42192.6,57995.9,12932.1,85777,-8955.61,125941,1.37713e+17
20230101T000019.800000,6,2505,1428.24,-446.912,-49.3057,0,0,0,381.34,1001.95,110.663,3269.86,-34.6274,3583.45,1.41162e+19
20230101T000019.800000,6,2506,1915.94,-425.82,-475.473,0,0,0,692.416,1215.94,1443.27,5893.2,-320.768,6166.99,3.80876e+17
20230101T000019.800000,6,2507,6321.54,-2370.73,-1097.71,0,0,0,10737.4,23324.2,11093.3,64184.4,-4160.24,72933.2,1.33693e+17
20230101T000019.800000,6,2508,2428.24,505.382,-310.656,0,0,0,617.054,-1920.13,1199.23,9443.16,249.592,9843.78,1.56839e+18
20230101T000019.800000,6,2509,1936.18,-427.108,-383.437,0,0,0,575.026,1260.67,1176.19,6011.83,-259.46,6292.24,3.55367e+17
20230101T000019.800000,6,2510,5831.91,-313.116,1345.26,0,0,0,3104.7,2763.43,-12538.7,54426.4,673.204,54578,1.52936e+17
20230101T000019.800000,6,2511,2407.22,548.907,-393.691,0,0,0,777.138,-2046.87,1506.62,9286.91,343.547,9755.23,1.52956e+18
20230101T000019.800000,6,2512,11426,4998.77,-292.991,0,0,0,40149.3,-91311.7,5354.96,208918,2342.75,248866,1.88434e+17
20230101T000019.800000,6,2513,654.229,261.15,-131.446,0,0,0,186.311,-242.55,126.875,697.125,50.645,796.098,1.52803e+17
20230101T000019.800000,6,2514,6358.39,1221.75,1697.55,0,0,0,6892.53,-11563.9,-17254.4,64852.9,-3315.41,67079,2.27775e+17
20230101T000019.800000,6,2515,2531.17,3784.12,-903.993,0,0,0,23334.5,-14692.5,3654.27,11196.8,5463.14,33164.6,1.0926e+17
20230101T000019.800000,6,2516,7245.86,7582.83,7.80299,0,0,0,92029.5,-87878.6,-90.4301,84037.4,-94.6356,176003,1.24949e+17
20230101T000019.800000,6,2517,8182.29,6792.93,64.4842,0,0,0,73872,-88896,-843.907,107149,-700.61,180950,2.31603e+17
20230101T000019.800000,6,2518,3884.25,5727.25,-1073.72,0,0,0,53083.1,-34707.8,6667.49,25446.1,9831.09,76623.6,2.39508e+17
20230101T000019.800000,4,2328,1457.48,-348.365,-45.2444,-1.82701,-6.93583,-0.268811,112.389,258.956,39.585,1436.84,-7.46444,1485.02,0
20230101T000019.800000,3,2338,2821.51,-2460.14,-374.049,0,0,0,2500,0,0,2500,0,2500,0
20230101T000019.800000,3,2339,7277.85,-9373.42,-578.879,0,0,0,2500,0,0,2500,0,2500,0
20230101T000019.800000,3,2340,7293.79,-5051.04,-1108.69,0,0,0,2500,0,0,2500,0,2500,0
20230101T000019.800000,3,2341,1915.94,-425.82,-475.473,0,0,0,2500,0,0,2500,0,2500,0
20230101T000019.800000,3,2342,6321.54,-2370.73,-1097.71,0,0,0,2500,0,0,2500,0,2500,0
20230101T000019.800000,3,2343,2428.24,505.382,-310.656,0,0,0,2500,0,0,2500,0,2500,0
20230101T000019.800000,3,2344,1936.18,-427.108,-383.437,0,0,0,2500,0,0,2500,0,2500,0
20230101T000019.800000,3,2345,5831.91,-313.116,1345.26,0,0,0,2500,0,0,2500,0,2500,0
20230101T000019.800000,3,2346,2407.22,548.907,-393.691,0,0,0,2500,0,0,2500,0,2500,0
20230101T000019.800000,3,2347,11426,4998.77,-292.991,0,0,0,2500,0,0,2500,0,2500,0
20230101T000019.800000,3,2348,654.229,261.15,-131.446,0,0,0,2500,0,0,2500,0,2500,0
20230101T000019.800000,3,2349,6358.39,1221.75,1697.55,0,0,0,2500,0,0,2500,0,2500,0
20230101T000019.800000,3,2350,2531.17,3784.12,-903.993,0,0,0,2500,0,0,2500,0,2500,0
20230101T000019.800000,3,2351,7245.86,7582.83,7.80299,0,0,0,2500,0,0,2500,0,2500,0
20230101T000019.800000,3,2352,8182.29,6792.93,64.4842,0,0,0,2500,0,0,2500,0,2500,0
20230101T000019.800000,3,2353,3884.25,5727.25,-1073.72,0,0,0,2500,0,0,2500,0,2500,0
20230101T000019.900000,6,2519,1190.27,-921.475,-25.7404,0,0,0,1399.25,1723.41,48.1559,2291.18,-37.2809,3625.41,1.62315e+18
20230101T000019.900000,6,2520,3332.11,-3695.35,-1029.72,0,0,0,22637.3,18827.1,5481.31,18734.3,-6078.82,39616.4,1.34151e+17
20230101T000019.900000,6,2521,228.795,-79.596,31.5404,0,0,0,67.6954,9.11374,-3.8071,90.7219,1.32446,94.9593,1.20641e+17
20230101T000019.900000,6,2522,5478.55,-1871.58,-756.079,0,0,0,6479.92,16106.6,6619.77,48125.3,-2261.45,53628.8,4.04061e+17
20230101T000019.900000,6,2523,3955.42,23.5621,-125.826,0,0,0,90.1518,-148.585,794.276,25032.6,4.73143,25033.6,1.37638e+17
20230101T000019.900000,6,2524,4529.85,987.867,-352.046,0,0,0,1811.45,-7105.3,2546.82,32843.2,555.409,34393.1,1.00201e+18
20230101T000019.900000,6,2525,12057.7,-1124.3,-977.327,0,0,0,3600.62,21543.2,18849.8,232634,-1757.62,234643,2.64404e+17
20230101T000019.900000,6,2526,7365.79,-346.685,-654.451,0,0,0,939.439,4050.61,7707.24,86809.4,-362.757,87000.5,5.67809e+17
20230101T000019.900000,6,2527,8404.07,451.815,-247.845,0,0,0,488.379,-6066.64,3330.77,113006,179.067,113332,1.16667e+17
20230101T000019.900000,6,2528,5536.38,1268.3,-645.654,0,0,0,3267.52,-11076,5712.34,49078.9,1308.61,51617,1.89995e+17
20230101T000019.900000,6,2529,5306.77,6738.94,296.425,0,0,0,72739.6,-57119.8,-2515.53,45185.2,-3194.41,117720,1.55738e+17
20230101T000019.900000,4,2322,5192.59,6833.27,169.306,-8.43877,-12.6629,0.509916,1713.16,-1252.54,-30.4892,1014.53,-40.1558,2663.23,0
20230101T000019.900000,3,2354,1190.27,-921.475,-25.7404,0,0,0,2500,0,0,2500,0,2500,0
20230101T000019.900000,3,2355,3332.11,-3695.35,-1029.72,0,0,0,2500,0,0,2500,0,2500,0
20230101T000019.900000,3,2356,228.795,-79.596,31.5404,0,0,0,2500,0,0,2500,0,2500,0
20230101T000019.900000,3,2357,5478.55,-1871.58,-756.079,0,0,0,2500,0,0,2500,0,2500,0
20230101T000019.900000,3,2358,3955.42,23.5621,-125.826,0,0,0,2500,0,0,2500,0,2500,0
20230101T000019.900000,3,2359,4529.85,987.867,-352.046,0,0,0,2500,0,0,2500,0,2500,0
20230101T000019.900000,3,2360,12057.7,-1124.3,-977.327,0,0,0,2500,0,0,2500,0,2500,0
20230101T000019.900000,3,2361,7365.79,-346.685,-654.451,0,0,0,2500,0,0,2500,0,2500,0
20230101T000019.900000,3,2362,8404.07,451.815,-247.845,0,0,0,2500,0,0,2500,0,2500,0
20230101T000019.900000,3,2363,5536.38,1268.3,-645.654,0,0,0,2500,0,0,2500,0,2500,0
20230101T000020,6,2530,1047.47,-1066.06,98.9138,0,0,0,1857.37,1746.99,-162.82,1795.91,165.709,3574.18,4.42909e+18
20230101T000020,6,2531,1960.92,-887.633,-448.083,0,0,0,1578.15,2641.2,1394.22,6217.4,-631.107,7415.63,2.54552e+17
20230101T000020,6,2532,7374.49,-1357.25,-1537.81,0,0,0,6666.65,15330,18132.6,87138.9,-3337.25,89962.9,1.60599e+17
20230101T000020,6,2533,6388.44,-2834.8,1105,0,0,0,14542.2,28228.5,-11285.7,65631.1,5007.92,78158.8,5.70151e+17
20230101T000020,6,2534,6993.61,-1398.92,-594.336,0,0,0,3735.72,15532.7,6645.3,78281.2,-1329.25,81388.6,5.55217e+17
20230101T000020,6,2535,8051.48,-3528.75,1225.75,0,0,0,21992.6,44551.8,-15782.6,104120,6917.08,123647,2.19334e+17
20230101T000020,6,2536,7386.44,-1284.61,-1542.84,0,0,0,6396.7,14528.6,18221.3,87408.8,-3168.95,89938.1,1.69845e+17
20230101T000020,6,2537,7710.59,-346.43,135.685,0,0,0,285.271,4269.7,-1672.81,95125.2,75.158,95317.1,1.3915e+17
20230101T000020,6,2538,8185.31,639.386,482.661,0,0,0,1087.97,-8339.83,-6317.43,107202,-493.479,107853,1.14668e+17
20230101T000020,6,2539,11033.9,4428.85,1238.85,0,0,0,33553,-77317.2,-21864.7,195144,-8776.21,226179,1.83186e+17
20230101T000020,6,2540,4132.43,1825.47,-82.5182,0,0,0,5394.41,-12042.1,544.532,27335.4,240.543,32654.9,9.79248e+17
20230101T000020,6,2541,7949.47,1777.6,-468.88,0,0,0,5451.56,-22521.1,5960.17,101130,1332.77,106167,2.37419e+17
20230101T000020,6,2542,4806.86,4413.42,-1252.03,0,0,0,32559.6,-32663.3,9620.62,38145,8833.17,68137,1.63177e+17
20230101T000020,3,2364,1047.47,-1066.06,98.9138,0,0,0,2500,0,0,2500,0,2500,0
20230101T000020,3,2365,1960.92,-887.633,-448.083,0,0,0,2500,0,0,2500,0,2500,0
20230101T000020,3,2366,7374.49,-1357.25,-1537.81,0,0,0,2500,0,0,2500,0,2500,0
20230101T000020,3,2367,6388.44,-2834.8,1105,0,0,0,2500,0,0,2500,0,2500,0
20230101T000020,3,2368,6993.61,-1398.92,-594.336,0,0,0,2500,0,0,2500,0,2500,0
20230101T000020,3,2369,8051.48,-3528.75,1225.75,0,0,0,2500,0,0,2500,0,2500,0
20230101T000020,3,2370,7386.44,-1284.61,-1542.84,0,0,0,2500,0,0,2500,0,2500,0
20230101T000020,3,2371,7710.59,-346.43,135.685,0,0,0,2500,0,0,2500,0,2500,0
20230101T000020,3,2372,8185.31,639.386,482.661,0,0,0,2500,0,0,2500,0,2500,0
20230101T000020,3,2373,11033.9,4428.85,1238.85,0,0,0,2500,0,0,2500,0,2500,0
20230101T000020,3,2374,4132.43,1825.47,-82.5182,0,0,0,2500,0,0,2500,0,2500,0
20230101T000020,3,2375,7949.47,1777.6,-468.88,0,0,0,2500,0,0,2500,0,2500,0
20230101T000020,3,2376,4806.86,4413.42,-1252.03,0,0,0,2500,0,0,2500,0,2500,0
20230101T000020.100000,6,2543,11016.2,-3942.75,-176.404,0,0,0,24973.3,69458.5,3108.38,194184,-1112.5,219043,3.88123e+17
20230101T000020.100000,6,2544,7924.14,-3453.62,-793.955,0,0,0,19984.9,43394.5,10060.9,100638,-4384.9,119552,1.12697e+17
20230101T000020.100000,6,2545,8430.09,-4457.46,1305.98,0,0,0,33972.1,58969.3,-17607.6,114316,9310.15,145498,1.64529e+17
20230101T000020.100000,6,2546,3366.55,448.913,-522.739,0,0,0,813.434,-2352.59,2806.19,18142.6,374.191,18457.8,1.3451e+17
20230101T000020.100000,6,2547,2512.57,470.853,-54.9196,0,0,0,421.187,-1880.43,219.432,10103.2,41.1213,10455.6,1.22899e+17
20230101T000020.100000,6,2548,4430.92,-817.427,-443.927,0,0,0,1435.33,5727.56,3141.07,31425.3,-579.472,32482.6,2.52721e+17
20230101T000020.100000,6,2549,12002.2,-58.496,1467.83,0,0,0,3515.68,1106.22,-28179.8,230485,137.342,230491,7.21768e+17
20230101T000020.100000,6,2550,5288.06,355.76,520.534,0,0,0,697.184,-2976.77,-4397.98,44744,-295.879,44944.9,2.02452e+17
20230101T000020.100000,6,2551,10554.9,2864.87,-719.818,0,0,0,13963.5,-48155.9,12152.1,178311,3298.4,191382,1.83916e+17
20230101T000020.100000,6,2552,2752.1,2142.07,460.654,0,0,0,7592.15,-9237.26,-2021.87,12270.3,-1573.7,19461.1,2.0117e+17
20230101T000020.100000,6,2553,996.821,1093.52,226.131,0,0,0,1978.78,-1672.2,-354.221,1668.68,-388.583,3504.57,7.00647e+19
20230101T000020.100000,6,2554,7601.98,8190.62,-1183.8,0,0,0,108405,-98474.2,14394.2,93702.7,15508.8,199803,1.83661e+17
20230101T000020.100000,6,2555,7611.09,8973.69,-978.523,0,0,0,129511,-108492,11912.8,93614,14045.5,221530,1.64301e+17
20230101T000020.100000,6,2556,7348.67,7109.97,221.979,0,0,0,80956.3,-83526.7,-2609,86473.7,-2524.25,167287,2.3737e+17
20230101T000020.100000,6,2557,6465.59,8126.63,-340.14,0,0,0,105764,-83948.2,3517.42,67038.6,4421.06,172554,2.24052e+17
20230101T000020.100000,6,2558,3962.71,3228.06,-440.855,0,0,0,16897.7,-20283.6,2790.92,25274.2,2273.51,41798,1.89184e+17
20230101T000020.100000,4,2343,2491.48,507.587,-262.824,17.4062,0.606898,13.1649,179.317,-406.855,250.971,2049.48,52.234,2109.22,0
20230101T000020.100000,3,2377,11016.2,-3942.75,-176.404,0,0,0,2500,0,0,2500,0,2500,0
20230101T000020.100000,3,2378,7924.14,-3453.62,-793.955,0,0,0,2500,0,0,2500,0,2500,0
20230101T000020.100000,3,2379,8430.09,-4457.46,1305.98,0,0,0,2500,0,0,2500,0,2500,0
20230101T000020.100000,3,2380,3366.55,448.913,-522.739,0,0,0,2500,0,0,2500,0,2500,0
20230101T000020.100000,3,2381,4430.92,-817.427,-443.927,0,0,0,2500,0,0,2500,0,2500,0
20230101T000020.100000,3,2382,12002.2,-58.496,1467.83,0,0,0,2500,0,0,2500,0,2500,0
20230101T000020.100000,3,2383,5288.06,355.76,520.534,0,0,0,2500,0,0,2500,0,2500,0
20230101T000020.100000,3,2384,10554.9,2864.87,-719.818,0,0,0,2500,0,0,2500,0,2500,0
20230101T000020.100000,3,2385,2752.1,2142.07,460.654,0,0,0,2500,0,0,2500,0,2500,0
20230101T000020.100000,3,2386,996.821,1093.52,226.131,0,0,0,2500,0,0,2500,0,2500,0
20230101T000020.100000,3,2387,7601.98,8190.62,-1183.8,0,0,0,2500,0,0,2500,0,2500,0
20230101T000020.100000,3,2388,7611.09,8973.69,-978.523,0,0,0,2500,0,0,2500,0,2500,0
20230101T000020.100000,3,2389,7348.67,7109.97,221.979,0,0,0,2500,0,0,2500,0,2500,0
20230101T000020.100000,3,2390,6465.59,8126.63,-340.14,0,0,0,2500,0,0,2500,0,2500,0
20230101T000020.100000,3,2391,3962.71,3228.06,-440.855,0,0,0,2500,0,0,2500,0,2500,0
20230101T000020.200000,6,2559,647.134,-834.575,-72.8845,0,0,0,1141.53,829.171,72.772,715.14,-93.8502,1784.78,3.07693e+17
20230101T000020.200000,6,2560,5518.88,-5618.91,319.884,0,0,0,50627.1,49502.4,-2822.82,48848.8,2873.98,99248.4,1.13806e+17
20230101T000020.200000,6,2561,5182.92,-3670.43,85.3635,0,0,0,21605.7,30402,-707.189,43005.5,500.816,64535.6,2.49674e+17
20230101T000020.200000,6,2562,4606.66,-3373.98,-516.23,0,0,0,18532.9,24634.9,3800.32,34125.1,-2783.41,52168.6,1.2636e+18
20230101T000020.200000,6,2563,2573.78,-832.291,-191.634,0,0,0,1219.18,3391.56,784.864,10610.5,-253.804,11707.6,4.62786e+17
20230101T000020.200000,6,2564,9830.65,-2169.98,353.56,0,0,0,7785.79,34076.2,-5558.96,154639,1227.07,162161,6.04708e+17
20230101T000020.200000,6,2565,7573.69,-4112.53,-479.969,0,0,0,27394.6,49653.9,5813.1,91875.8,-3156.52,118838,1.90197e+17
20230101T000020.200000,6,2566,3277.43,400.182,-168.337,0,0,0,363.803,-2085.37,879.506,17188,107.39,17442.8,1.4654e+17
20230101T000020.200000,6,2567,10604,-2123.55,-1679.39,0,0,0,11613.8,35148.2,28483.7,180089,-5704.11,187129,1.72876e+17
20230101T000020.200000,6,2568,12305.5,593.339,82.6636,0,0,0,638.038,-11678.6,-1627.12,242282,-78.4553,242845,4.95117e+17
20230101T000020.200000,6,2569,7256.8,-1235.35,32.5339,0,0,0,2505.58,14332.6,-377.468,84259.6,64.2576,86699.5,1.24438e+17
20230101T000020.200000,6,2570,8184.92,331.355,60.7268,0,0,0,245.456,-4336.55,-794.797,107189,-32.1762,107364,2.11663e+17
20230101T000020.200000,6,2571,3091.35,1111.01,-373.081,0,0,0,2228.13,-5404.24,1838.57,15323.1,660.767,17266.1,1.47667e+17
20230101T000020.200000,6,2572,7193.28,4053.89,25.0259,0,0,0,26343.8,-46629.4,-287.86,82805,-162.228,109084,1.5897e+17
20230101T000020.200000,6,2573,1174.63,920.657,123.154,0,0,0,1410.58,-1687.65,-227.328,2241.04,-178.176,3564.23,2.50721e+20
20230101T000020.200000,6,2574,2868.14,2369.03,-661.35,0,0,0,9432.58,-10497.5,3026.45,13470.9,2499.79,22143.6,1.90896e+17
20230101T000020.200000,6,2575,7589.6,9597.48,526.108,0,0,0,147574,-116299,-6387.01,92475.1,-8076.74,239542,2.27343e+17
20230101T000020.200000,6,2576,8141.55,9185.62,-2135.58,0,0,0,138239,-116003,27811.9,110177,31378.5,241059,2.07206e+17
20230101T000020.200000,6,2577,5588.98,7326.27,812.278,0,0,0,86290.5,-64974.4,-7260.29,50686.1,-9517.1,135858,1.48609e+17
20230101T000020.200000,4,2372,8154.82,629.736,470.913,-5.86437,-1.85585,-2.25925,85.9585,-191.601,-144.648,2523.83,-11.299,2530.47,0
20230101T000020.200000,4,2378,7875.01,-3449.07,-783.22,-4.86497,0.451102,1.06283,464.133,875.437,201.291,2091.23,-87.7296,2453.03,0
20230101T000020.200000,3,2392,647.135,-834.575,-72.8845,0,0,0,2500,0,0,2500,0,2500,0
20230101T000020.200000,3,2393,5518.88,-5618.91,319.884,0,0,0,2500,0,0,2500,0,2500,0
20230101T000020.200000,3,2394,5182.92,-3670.43,85.3635,0,0,0,2500,0,0,2500,0,2500,0
20230101T000020.200000,3,2395,4606.66,-3373.98,-516.23,0,0,0,2500,0,0,2500,0,2500,0
20230101T000020.200000,3,2396,2573.78,-832.291,-191.634,0,0,0,2500,0,0,2500,0,2500,0
20230101T000020.200000,3,2397,9830.65,-2169.98,353.56,0,0,0,2500,0,0,2500,0,2500,0
20230101T000020.200000,3,2398,3277.43,400.182,-168.337,0,0,0,2500,0,0,2500,0,2500,0
20230101T000020.200000,3,2399,10604,-2123.55,-1679.39,0,0,0,2500,0,0,2500,0,2500,0
20230101T000020.200000,3,2400,12305.5,593.339,82.6636,0,0,0,2500,0,0,2500,0,2500,0
20230101T000020.200000,3,2401,7256.8,-1235.35,32.5339,0,0,0,2500,0,0,2500,0,2500,0
20230101T000020.200000,3,2402,3091.35,1111.01,-373.081,0,0,0,2500,0,0,2500,0,2500,0
20230101T000020.200000,3,2403,7193.28,4053.89,25.0259,0,0,0,2500,0,0,2500,0,2500,0
20230101T000020.200000,3,2404,1174.63,920.657,123.154,0,0,0,2500,0,0,2500,0,2500,0
20230101T000020.200000,3,2405,2868.14,2369.03,-661.35,0,0,0,2500,0,0,2500,0,2500,0
20230101T000020.200000,3,2406,7589.6,9597.48,526.108,0,0,0,2500,0,0,2500,0,2500,0
20230101T000020.200000,3,2407,8141.55,9185.62,-2135.58,0,0,0,2500,0,0,2500,0,2500,0
20230101T000020.200000,3,2408,5588.98,7326.27,812.278,0,0,0,2500,0,0,2500,0,2500,0
20230101T000020.300000,6,2578,5874.93,-4435.48,-0.80606,0,0,0,31518.3,41662.2,7.57128,55246.9,-5.71619,86701.2,1.72061e+17
20230101T000020.300000,6,2579,3189.49,-4705.2,604.426,0,0,0,35626.1,23710.6,-3080.72,16720.4,4544.74,51699.4,2.3542e+17
20230101T000020.300000,6,2580,9809.1,-2966.23,1262.99,0,0,0,16473.8,45829.1,-19814.6,154169,5991.84,168028,1.80329e+17
20230101T000020.300000,6,2581,11244.5,2400.24,55.3593,0,0,0,9283.73,-43168.9,-995.675,202303,-212.537,211518,1.34063e+17
20230101T000020.300000,6,2582,7320.36,1449.67,233.561,0,0,0,3507.99,-16950.6,-2733.63,85746,-541.35,89102.8,5.54614e+17
20230101T000020.300000,6,2583,9078.67,-916.373,895.188,0,0,0,2675.58,13176.7,-12997.2,131889,1311.9,133220,1.83111e+18
20230101T000020.300000,6,2584,1339.46,653.072,120.201,0,0,0,752.457,-1365.47,-252.997,2887.29,-123.353,3553.46,1.62439e+20
20230101T000020.300000,6,2585,7116.12,2258.91,-48.0491,0,0,0,8225.79,-25700,546.684,81028.8,173.537,89186.9,6.00367e+17
20230101T000020.300000,6,2586,8792.96,8176.38,2572.97,0,0,0,112678,-109719,-36188.8,128646,-33651.2,230674,2.50543e+17
20230101T000020.300000,6,2587,6150.28,5793.92,219.352,0,0,0,53785.9,-56944.4,-2157.31,60587.7,-2032.31,114233,8.65717e+16
20230101T000020.300000,3,2409,5874.93,-4435.48,-0.80606,0,0,0,2500,0,0,2500,0,2500,0
20230101T000020.300000,3,2410,3189.49,-4705.2,604.426,0,0,0,2500,0,0,2500,0,2500,0
20230101T000020.300000,3,2411,9809.1,-2966.23,1262.99,0,0,0,2500,0,0,2500,0,2500,0
20230101T000020.300000,3,2412,11244.5,2400.24,55.3593,0,0,0,2500,0,0,2500,0,2500,0
20230101T000020.300000,3,2413,7320.36,1449.67,233.561,0,0,0,2500,0,0,2500,0,2500,0
20230101T000020.300000,3,2414,9078.67,-916.373,895.188,0,0,0,2500,0,0,2500,0,2500,0
20230101T000020.300000,3,2415,1339.46,653.072,120.201,0,0,0,2500,0,0,2500,0,2500,0
20230101T000020.300000,3,2416,7116.12,2258.91,-48.0491,0,0,0,2500,0,0,2500,0,2500,0
20230101T000020.300000,3,2417,8792.96,8176.38,2572.97,0,0,0,2500,0,0,2500,0,2500,0
20230101T000020.300000,3,2418,6150.28,5793.92,219.352,0,0,0,2500,0,0,2500,0,2500,0
20230101T000020.400000,6,2588,2409.68,-2714.4,123.522,0,0,0,11827.7,10421.5,-474.795,9339.92,534.834,21079.3,1.90675e+17
20230101T000020.400000,6,2589,8133.7,-8426.83,2771.44,0,0,0,119575,103495,-36057.4,112245,37356.8,219473,2.57147e+17
20230101T000020.400000,6,2590,386.847,-270.9,-4.96985,0,0,0,160.383,137.588,2.5245,260.509,-1.76785,356.867,2.94462e+17
20230101T000020.400000,6,2591,6505.94,-6435.49,962.497,0,0,0,67046,66217.5,-10014.4,68487.9,9905.94,133989,1.81316e+17
20230101T000020.400000,6,2592,5221.67,-3252.49,674.588,0,0,0,17496.1,26818.4,-5630.07,43846.5,3506.88,60552,1.4335e+18
20230101T000020.400000,6,2593,2935.39,1720.93,86.6909,0,0,0,4795.12,-8049.43,-405.749,13805.9,-237.879,18525.1,1.23116e+17
20230101T000020.400000,6,2594,1392.72,530.961,175.394,0,0,0,549.161,-1145.77,-383.897,3117.71,-146.357,3555.39,2.52594e+20
20230101T000020.400000,6,2595,4100.34,1307.79,-320.769,0,0,0,2943.72,-8513.75,2099.9,26921.5,669.759,29637.3,1.83288e+17
20230101T000020.400000,6,2596,10533.2,2287.09,-241.676,0,0,0,8519.57,-38511.8,4071.59,177524,884.072,185886,2.18294e+17
20230101T000020.400000,6,2597,6755.69,4091.92,-80.0758,0,0,0,26844.4,-44197.1,864.992,73042.8,523.925,99813,1.36416e+17
20230101T000020.400000,6,2598,5824.03,3464.16,-650.307,0,0,0,19747.3,-31955.4,6054.62,54464.3,3601.32,73472.2,1.72646e+17
20230101T000020.400000,4,2415,1367.11,604.968,143.254,2.73751,-4.76284,2.28249,341.325,-553.247,-102.116,1206.3,-49.7882,1470.85,0
20230101T000020.400000,3,2419,2409.68,-2714.4,123.522,0,0,0,2500,0,0,2500,0,2500,0
20230101T000020.400000,3,2420,8133.7,-8426.83,2771.44,0,0,0,2500,0,0,2500,0,2500,0
20230101T000020.400000,3,2421,386.847,-270.9,-4.96985,0,0,0,2500,0,0,2500,0,2500,0
20230101T000020.400000,3,2422,6505.94,-6435.49,962.497,0,0,0,2500,0,0,2500,0,2500,0
20230101T000020.400000,3,2423,5221.67,-3252.49,674.588,0,0,0,2500,0,0,2500,0,2500,0
20230101T000020.400000,3,2424,2935.39,1720.93,86.6909,0,0,0,2500,0,0,2500,0,2500,0
20230101T000020.400000,3,2425,4100.34,1307.79,-320.769,0,0,0,2500,0,0,2500,0,2500,0
20230101T000020.400000,3,2426,10533.2,2287.09,-241.676,0,0,0,2500,0,0,2500,0,2500,0
20230101T000020.400000,3,2427,6755.69,4091.92,-80.0758,0,0,0,2500,0,0,2500,0,2500,0
20230101T000020.400000,3,2428,5824.03,3464.16,-650.307,0,0,0,2500,0,0,2500,0,2500,0
20230101T000020.500000,6,2599,6927.96,-8542.41,2303.96,0,0,0,120150,90505.3,-25530.7,81955,31480.2,193554,1.8045e+17
20230101T000020.500000,6,2600,353.155,-333.475,54.2229,0,0,0,213.832,154.527,-25.5078,231.562,24.0863,378.266,1.95387e+18
20230101T000020.500000,6,2601,4874.65,-4163.47,277.551,0,0,0,27843.4,32380.4,-2162.64,38098.5,1847.13,65754.9,2.08448e+17
20230101T000020.500000,6,2602,4146.94,-2725.23,-1014.7,0,0,0,13076.4,17297.9,6722.16,28030.8,-4417.57,39401,2.036e+17
20230101T000020.500000,6,2603,608.439,-106.279,-38.7845,0,0,0,82.2691,92.2495,33.8136,594.276,-5.90639,610.641,1.65408e+17
20230101T000020.500000,6,2604,1464.15,281.317,126.469,0,0,0,212.583,-642.51,-290.978,3433.16,-55.9074,3557.07,7.50156e+19
20230101T000020.500000,6,2605,10525.1,601.863,-482.508,0,0,0,1014.53,-10110.6,8122.59,177245,464.479,177824,2.01817e+17
20230101T000020.500000,6,2606,7498.07,2585.32,12.7143,0,0,0,10751.6,-30996.1,-152.435,89960.6,-52.5593,100648,1.4487e+17
20230101T000020.500000,6,2607,4012.23,2515.64,183.827,0,0,0,10210.2,-16096.2,-1177.99,25790.1,-738.589,35882.4,1.63759e+17
20230101T000020.500000,6,2608,2793.39,2568.06,36.553,0,0,0,10587.7,-11444.8,-162.917,12515.1,-149.775,23036.7,1.74317e+17
20230101T000020.500000,6,2609,627.706,689.846,-83.8743,0,0,0,795.275,-655.628,80.3952,671.313,88.3539,1392.36,5.94598e+17
20230101T000020.500000,6,2610,3842.75,4824.48,813.365,0,0,0,37676.3,-29116.3,-4995.73,24312.9,-6272.02,60868.9,2.12094e+17
20230101T000020.500000,6,2611,3637.51,3003.45,-456.13,0,0,0,14668.8,-17285.6,2649.95,21331,2188.04,35604.1,1.71666e+17
20230101T000020.500000,4,2394,5221.29,-3726.19,93.8924,10.5605,-15.3478,2.34742,915.245,1203.45,-27.9888,1762.35,19.8211,2614.16,0
20230101T000020.500000,4,2421,365.802,-329.831,45.2173,-2.08366,-5.83475,4.96903,144.778,117.571,2.15718,230.337,-1.51063,312.672,0
20230101T000020.500000,3,2429,6927.96,-8542.41,2303.96,0,0,0,2500,0,0,2500,0,2500,0
20230101T000020.500000,3,2430,4146.94,-2725.23,-1014.7,0,0,0,2500,0,0,2500,0,2500,0
20230101T000020.500000,3,2431,608.439,-106.279,-38.7845,0,0,0,2500,0,0,2500,0,2500,0
20230101T000020.500000,3,2432,1464.15,281.317,126.469,0,0,0,2500,0,0,2500,0,2500,0
20230101T000020.500000,3,2433,10525.1,601.863,-482.508,0,0,0,2500,0,0,2500,0,2500,0
20230101T000020.500000,3,2434,7498.07,2585.32,12.7143,0,0,0,2500,0,0,2500,0,2500,0
20230101T000020.500000,3,2435,4012.23,2515.64,183.827,0,0,0,2500,0,0,2500,0,2500,0
20230101T000020.500000,3,2436,2793.39,2568.06,36.553,0,0,0,2500,0,0,2500,0,2500,0
20230101T000020.500000,3,2437,627.707,689.846,-83.8743,0,0,0,2500,0,0,2500,0,2500,0
20230101T000020.500000,3,2438,3842.75,4824.48,813.365,0,0,0,2500,0,0,2500,0,2500,0
20230101T000020.500000,3,2439,3637.51,3003.45,-456.13,0,0,0,2500,0,0,2500,0,2500,0
20230101T000020.600000,6,2612,7672.16,-9453.11,-419.299,0,0,0,143115,115872,5145.7,94387.5,-6340.17,237157,1.96531e+17
20230101T000020.600000,6,2613,7396.46,-7846.49,-815.644,0,0,0,99038.6,92295,9649.31,88129.6,-10236.4,186040,1.52173e+17
20230101T000020.600000,6,2614,4111.34,-3733.14,604.183,0,0,0,22652.9,24235,-3969.3,27337.5,3604.17,49343.8,1.66716e+17
20230101T000020.600000,6,2615,3080.43,-952.859,-34.9348,0,0,0,1512.89,4677.73,171.52,15188.2,-53.0558,16635.2,1.67229e+17
20230101T000020.600000,6,2616,10067.9,-3365.31,2380.36,0,0,0,26329.9,51466.3,-38331.3,163097,12812.7,180303,2.87154e+17
20230101T000020.600000,6,2617,5653.71,-3151.44,99.2279,0,0,0,15951.3,28473.8,-896.752,51162,499.859,67033.5,6.06098e+17
20230101T000020.600000,6,2618,2762.13,-204.839,-516.588,0,0,0,553.29,869.216,2271.51,12209.6,-168.455,12276.3,3.47775e+17
20230101T000020.600000,6,2619,1490.38,-26.096,151.294,0,0,0,101.03,60.4789,-354.349,3554.01,6.20451,3555.72,1.0929e+20
20230101T000020.600000,6,2620,10466.6,5411.07,82.1777,0,0,0,46906.6,-90586.1,-1375.79,175294,-711.266,222126,4.67474e+17
20230101T000020.600000,6,2621,270.696,179.664,-23.1953,0,0,0,96.4476,-48.0801,6.2585,136.977,4.15385,169.213,3.43748e+17
20230101T000020.600000,6,2622,5645.91,2133.01,284.492,0,0,0,7448.76,-19204.5,-2567.13,51026.3,-969.855,58281.8,1.72266e+17
20230101T000020.600000,6,2623,8870.41,8528.2,-1175.34,0,0,0,117550,-119902,16676.8,126987,16033.4,242264,1.23925e+17
20230101T000020.600000,3,2440,7672.16,-9453.11,-419.299,0,0,0,2500,0,0,2500,0,2500,0
20230101T000020.600000,3,2441,7396.46,-7846.49,-815.644,0,0,0,2500,0,0,2500,0,2500,0
20230101T000020.600000,3,2442,4111.34,-3733.14,604.183,0,0,0,2500,0,0,2500,0,2500,0
20230101T000020.600000,3,2443,3080.43,-952.859,-34.9348,0,0,0,2500,0,0,2500,0,2500,0
20230101T000020.600000,3,2444,10067.9,-3365.31,2380.36,0,0,0,2500,0,0,2500,0,2500,0
20230101T000020.600000,3,2445,5653.71,-3151.44,99.2279,0,0,0,2500,0,0,2500,0,2500,0
20230101T000020.600000,3,2446,2762.13,-204.839,-516.588,0,0,0,2500,0,0,2500,0,2500,0
20230101T000020.600000,3,2447,1490.38,-26.096,151.294,0,0,0,2500,0,0,2500,0,2500,0
20230101T000020.600000,3,2448,10466.6,5411.07,82.1777,0,0,0,2500,0,0,2500,0,2500,0
20230101T000020.600000,3,2449,270.696,179.664,-23.1953,0,0,0,2500,0,0,2500,0,2500,0
20230101T000020.600000,3,2450,5645.91,2133.01,284.492,0,0,0,2500,0,0,2500,0,2500,0
20230101T000020.600000,3,2451,8870.41,8528.2,-1175.34,0,0,0,2500,0,0,2500,0,2500,0
20230101T000020.700000,6,2624,164.385,-128.144,-37.1696,0,0,0,66.2303,2.55587,1.05226,67.5166,-0.820275,71.4816,2.29887e+17
20230101T000020.700000,6,2625,3277.25,-2664.81,-127.581,0,0,0,11416.1,13929.1,667.488,17220.4,-542.749,28546.6,4.53637e+17
20230101T000020.700000,6,2626,6786.16,-1359.29,90.4189,0,0,0,3030.37,14744.1,-980.936,73686.1,196.485,76639.4,2.40104e+17
20230101T000020.700000,6,2627,5721.15,-1550.6,-447.03,0,0,0,4204.1,14097.1,4087.41,52396.7,-1107.8,56217.8,1.9202e+17
20230101T000020.700000,6,2628,4389.16,-1891.89,-285.97,0,0,0,5890.91,13215.3,2004.76,30854,-864.127,36550.5,1.46253e+17
20230101T000020.700000,6,2629,4655.44,-2705.24,835.751,0,0,0,12591.5,19637.9,-6216.88,34974.9,3612.58,46387.9,8.42702e+17
20230101T000020.700000,6,2630,1450.95,-275.649,242.559,0,0,0,272.577,611.238,-553.051,3373.87,105.068,3491.67,1.1757e+20
20230101T000020.700000,6,2631,11884.7,-589.025,2608.96,0,0,0,11480.1,10659.1,-49597.3,226020,2458.13,226551,1.30229e+17
20230101T000020.700000,6,2632,353.592,46.2427,34.7486,0,0,0,67.6528,-17.7615,-13.5334,201.142,-1.76989,204.067,1.78299e+17
20230101T000020.700000,6,2633,5989.02,-447.227,-214.602,0,0,0,456.862,4275.31,2054.13,57390.2,-153.391,57709.5,1.62764e+17
20230101T000020.700000,6,2634,6846.09,-1011.28,-127.066,0,0,0,1724.2,11064.4,1390.68,74992.2,-205.427,76626.6,2.4313e+17
20230101T000020.700000,6,2635,1850.46,1299.13,622.859,0,0,0,3156,-3526.49,-1830.71,5703.29,-1285.26,8183.6,2.8023e+17
20230101T000020.700000,6,2636,940.039,980.284,267.738,0,0,0,1621.99,-1386.34,-394.289,1505.72,-411.169,2953.8,2.01755e+17
20230101T000020.700000,6,2637,9063,6419.81,-961.041,0,0,0,66968.7,-92365.5,13931.4,131936,9868.35,197364,4.93086e+17
20230101T000020.700000,6,2638,7992.87,6030.6,1831.01,0,0,0,61646.8,-74514.1,-23407,104186,-17660.6,160409,1.24491e+17
20230101T000020.700000,6,2639,4733.8,6073.46,-739.992,0,0,0,59374.1,-45545.2,5601.01,36438.6,7186.09,94873.7,1.68111e+17
20230101T000020.700000,6,2640,6533.08,5220.03,-24.9139,0,0,0,43637.5,-54532.9,260.275,68315.2,207.963,111888,7.71287e+17
20230101T000020.700000,6,2641,5280.54,6587.61,995.52,0,0,0,70079.6,-54853.2,-8406.36,45618.5,-10487.1,114050,1.48556e+17
20230101T000020.700000,3,2452,164.385,-128.144,-37.1696,0,0,0,2500,0,0,2500,0,2500,0
20230101T000020.700000,3,2453,3277.25,-2664.81,-127.581,0,0,0,2500,0,0,2500,0,2500,0
20230101T000020.700000,3,2454,6786.16,-1359.29,90.4189,0,0,0,2500,0,0,2500,0,2500,0
20230101T000020.700000,3,2455,5721.15,-1550.6,-447.03,0,0,0,2500,0,0,2500,0,2500,0
20230101T000020.700000,3,2456,4389.16,-1891.89,-285.97,0,0,0,2500,0,0,2500,0,2500,0
20230101T000020.700000,3,2457,4655.44,-2705.24,835.751,0,0,0,2500,0,0,2500,0,2500,0
20230101T000020.700000,3,2458,1450.95,-275.649,242.559,0,0,0,2500,0,0,2500,0,2500,0
20230101T000020.700000,3,2459,11884.7,-589.025,2608.96,0,0,0,2500,0,0,2500,0,2500,0
20230101T000020.700000,3,2460,353.592,46.2427,34.7486,0,0,0,2500,0,0,2500,0,2500,0
20230101T000020.700000,3,2461,5989.02,-447.227,-214.602,0,0,0,2500,0,0,2500,0,2500,0
20230101T000020.700000,3,2462,6846.09,-1011.28,-127.066,0,0,0,2500,0,0,2500,0,2500,0
20230101T000020.700000,3,2463,1850.46,1299.13,622.859,0,0,0,2500,0,0,2500,0,2500,0
20230101T000020.700000,3,2464,940.039,980.284,267.738,0,0,0,2500,0,0,2500,0,2500,0
20230101T000020.700000,3,2465,9063,6419.81,-961.041,0,0,0,2500,0,0,2500,0,2500,0
20230101T000020.700000,3,2466,7992.87,6030.6,1831.01,0,0,0,2500,0,0,2500,0,2500,0
20230101T000020.700000,3,2467,4733.8,6073.46,-739.992,0,0,0,2500,0,0,2500,0,2500,0
20230101T000020.700000,3,2468,6533.08,5220.03,-24.9139,0,0,0,2500,0,0,2500,0,2500,0
20230101T000020.700000,3,2469,5280.54,6587.61,995.52,0,0,0,2500,0,0,2500,0,2500,0
20230101T000020.800000,6,2642,2959.99,-636.034,-250.88,0,0,0,804.282,2978.51,1183.01,14025.7,-254.202,14666.1,5.12681e+17
20230101T000020.800000,6,2643,1380.12,-587.54,74.3713,0,0,0,613.865,1271.2,-161.313,3058.71,68.6739,3600.04,4.3706e+19
20230101T000020.800000,6,2644,9635.18,-5647.67,-291.469,0,0,0,51182.6,86978.9,4491.93,148590,-2632.95,199573,3.81006e+17
20230101T000020.800000,6,2645,4109.71,-1264.59,527.208,0,0,0,3022.57,8172.65,-3459.28,27067.5,1064.45,29583.2,1.7409e+17
20230101T000020.800000,6,2646,6901.61,-2760.98,1684.39,0,0,0,16162.5,28901.9,-18587.2,76846.3,7435.8,88411.6,2.0935e+17
20230101T000020.800000,6,2647,9910.19,1435.55,835.881,0,0,0,4454.47,-22594.9,-13248.7,157163,-1919.16,160437,1.42845e+17
20230101T000020.800000,6,2648,10280.7,-1329.87,-1698.01,0,0,0,7428.22,21280.2,27920.5,169184,-3611.69,171938,1.83348e+17
20230101T000020.800000,6,2649,6798.7,-729.349,-181.212,0,0,0,966.29,7921.45,1969.52,73957.1,-211.286,74807,1.15635e+17
20230101T000020.800000,6,2650,6291.6,383.257,781.628,0,0,0,1271.71,-3794.92,-7860.5,63338.5,-478.827,63570.7,1.09135e+17
20230101T000020.800000,6,2651,8267.79,1880.59,-615.472,0,0,0,6295.39,-24732.5,8137.25,109403,1850.89,115029,2.4243e+17
20230101T000020.800000,6,2652,749.843,406.164,59.6711,0,0,0,317.596,-458.236,-67.6718,915.363,-36.6554,1163.89,7.49137e+17
20230101T000020.800000,6,2653,6542.38,3001.09,-691.264,0,0,0,15094.5,-31101,7230.48,68628.2,3316.73,82895.3,1.897e+17
20230101T000020.800000,6,2654,4700.4,1709.17,-382.221,0,0,0,4936.67,-12758.6,2869.97,35384.7,1043.59,40024.4,1.46804e+17
20230101T000020.800000,6,2655,2611.12,3165.34,77.9978,0,0,0,16060.8,-13187.9,-325.084,10952.5,-394.085,26939.7,1.8277e+17
20230101T000020.800000,6,2656,30.4797,24.1934,1.996,0,0,0,40.1001,29.9064,2.46708,26.1613,1.95825,2.59087,1.01026e+18
20230101T000020.800000,6,2657,682.887,484.225,174.783,0,0,0,448.491,-477.074,-180.527,783.008,-128.009,1123.97,7.28667e+17
20230101T000020.800000,4,2462,6768.79,-990.986,-127.403,-7.65353,2.00967,-0.0334407,114.07,344.237,43.2531,2393.6,-6.38922,2443.67,0
20230101T000020.800000,3,2470,2959.99,-636.034,-250.88,0,0,0,2500,0,0,2500,0,2500,0
20230101T000020.800000,3,2471,1380.12,-587.54,74.3713,0,0,0,2500,0,0,2500,0,2500,0
20230101T000020.800000,3,2472,9635.18,-5647.67,-291.469,0,0,0,2500,0,0,2500,0,2500,0
20230101T000020.800000,3,2473,4109.71,-1264.59,527.208,0,0,0,2500,0,0,2500,0,2500,0
20230101T000020.800000,3,2474,6901.61,-2760.98,1684.39,0,0,0,2500,0,0,2500,0,2500,0
20230101T000020.800000,3,2475,9910.19,1435.55,835.881,0,0,0,2500,0,0,2500,0,2500,0
20230101T000020.800000,3,2476,10280.7,-1329.87,-1698.01,0,0,0,2500,0,0,2500,0,2500,0
20230101T000020.800000,3,2477,6291.6,383.257,781.628,0,0,0,2500,0,0,2500,0,2500,0
20230101T000020.800000,3,2478,8267.79,1880.59,-615.472,0,0,0,2500,0,0,2500,0,2500,0
20230101T000020.800000,3,2479,749.843,406.164,59.6711,0,0,0,2500,0,0,2500,0,2500,0
20230101T000020.800000,3,2480,6542.38,3001.09,-691.264,0,0,0,2500,0,0,2500,0,2500,0
20230101T000020.800000,3,2481,4700.4,1709.17,-382.221,0,0,0,2500,0,0,2500,0,2500,0
20230101T000020.800000,3,2482,2611.12,3165.34,77.9978,0,0,0,2500,0,0,2500,0,2500,0
20230101T000020.800000,3,2483,30.4797,24.1934,1.996,0,0,0,2500,0,0,2500,0,2500,0
20230101T000020.800000,3,2484,682.887,484.225,174.783,0,0,0,2500,0,0,2500,0,2500,0
20230101T000020.900000,6,2658,1440.91,-1689.93,-214.645,0,0,0,4627.12,3828.36,490.878,3401.35,-575.714,7891.94,1.26469e+17
20230101T000020.900000,6,2659,1102.81,-995.953,245.217,0,0,0,1674.38,1678.51,-425.054,2017.11,383.868,3534.68,7.02228e+17
20230101T000020.900000,6,2660,114.258,-137.98,0.187241,0,0,0,56.4954,-6.21433,0.00843289,58.8541,-0.0101838,51.3496,1.48425e+17
20230101T000020.900000,6,2661,10828.4,-5117.42,1341.74,0,0,0,44307,87524.2,-23239.8,188143,10983,229507,1.69468e+17
20230101T000020.900000,6,2662,9403.28,-4993.38,1893.34,0,0,0,44416.6,72725.2,-28476,142750,15121.5,181371,2.41053e+17
20230101T000020.900000,6,2663,115.13,-33.586,-18.0148,0,0,0,59.9626,-10.779,-5.70675,26.1573,1.66478,24.4251,5.63518e+17
20230101T000020.900000,6,2664,9116.09,-2710.51,-97.3007,0,0,0,11827.7,39513.3,1418.58,132971,-421.789,144720,1.02304e+17
20230101T000020.900000,6,2665,2227.92,443.513,-279.947,0,0,0,495.978,-1544.89,990.299,7948.97,197.139,8257.47,4.66129e+17
20230101T000020.900000,6,2666,5299.66,-261.048,182.724,0,0,0,226.094,2207.78,-1547.2,44938.6,76.2112,45047.4,1.66965e+17
20230101T000020.900000,6,2667,6577.75,-672.438,-31.8613,0,0,0,788.421,7070.37,335.014,69227.6,-34.2482,69950.4,1.39256e+17
20230101T000020.900000,6,2668,3730.4,2184.24,-602.76,0,0,0,8113.11,-12756.1,3590.1,22429.9,2102.09,29900.1,9.27273e+16
20230101T000020.900000,6,2669,9751.84,6352.94,-368.408,0,0,0,64773.2,-98996,5746.55,152241,3743.65,216733,1.82276e+17
20230101T000020.900000,6,2670,7350.41,4477.2,2235.28,0,0,0,37947.2,-49076.4,-26275.1,88625.2,-16004.4,118522,4.55012e+17
20230101T000020.900000,6,2671,1995.3,2667.05,228.192,0,0,0,11433.8,-8443.98,-725.886,6464.22,-970.265,17751.3,9.33901e+16
20230101T000020.900000,4,2452,117.679,-147.599,4.41893,-8.98181,-3.74136,7.99782,64.5824,2.42961,0.999413,65.8052,-0.779079,69.5683,0
20230101T000020.900000,4,2483,116.662,45.2104,-1.68076,8.53291,2.08089,-0.364037,39.1312,29.1392,2.40378,25.55,1.90801,2.58439,0
20230101T000020.900000,3,2485,1440.91,-1689.93,-214.645,0,0,0,2500,0,0,2500,0,2500,0
20230101T000020.900000,3,2486,1102.81,-995.953,245.217,0,0,0,2500,0,0,2500,0,2500,0
20230101T000020.900000,3,2487,10828.4,-5117.42,1341.74,0,0,0,2500,0,0,2500,0,2500,0
20230101T000020.900000,3,2488,9403.28,-4993.38,1893.34,0,0,0,2500,0,0,2500,0,2500,0
20230101T000020.900000,3,2489,9116.09,-2710.51,-97.3007,0,0,0,2500,0,0,2500,0,2500,0
20230101T000020.900000,3,2490,2227.92,443.513,-279.947,0,0,0,2500,0,0,2500,0,2500,0
20230101T000020.900000,3,2491,5299.66,-261.048,182.724,0,0,0,2500,0,0,2500,0,2500,0
20230101T000020.900000,3,2492,6577.75,-672.438,-31.8613,0,0,0,2500,0,0,2500,0,2500,0
20230101T000020.900000,3,2493,3730.4,2184.24,-602.76,0,0,0,2500,0,0,2500,0,2500,0
20230101T000020.900000,3,2494,9751.84,6352.94,-368.408,0,0,0,2500,0,0,2500,0,2500,0
20230101T000020.900000,3,2495,7350.41,4477.2,2235.28,0,0,0,2500,0,0,2500,0,2500,0
20230101T000020.900000,3,2496,1995.3,2667.05,228.192,0,0,0,2500,0,0,2500,0,2500,0
20230101T000021,6,2672,7554.46,-9390.14,-624.487,0,0,0,141350,113164,7546.2,91729.4,-9379.86,232392,1.29998e+17
20230101T000021,6,2673,1158.11,-927.811,203.91,0,0,0,1456.11,1656.11,-371.106,2196.53,297.308,3524.49,3.57128e+19
20230101T000021,6,2674,5628.25,-8475.42,-872.317,0,0,0,115324,75732.6,7852.38,51572.6,-11824.7,165616,1.2087e+17
20230101T000021,6,2675,4791.02,-5973.7,1692,0,0,0,58913.1,43526.8,-12961.8,39550.9,16161.4,93825.4,9.66308e+17
20230101T000021,6,2676,5578.1,-5833.89,-604.632,0,0,0,54764.6,51743.3,5393.02,50123.1,-5640.32,104239,1.56441e+17
20230101T000021,6,2677,4600.53,-2908.51,483.989,0,0,0,13848.2,21211.1,-3557.8,33989,2249.28,47399.4,5.59852e+17
20230101T000021,6,2678,11261.7,-73.6615,1048.51,0,0,0,1831.04,1315.37,-18886.9,202922,123.537,202931,6.76691e+17
20230101T000021,6,2679,6748.65,1442.17,-713.694,0,0,0,4167.71,-15392.8,7699.95,72909.2,1645.46,76199.3,2.57532e+17
20230101T000021,6,2680,11087.1,2644.92,1077.86,0,0,0,13011.7,-46485.2,-19114.6,196781,-4559.96,207871,2.84708e+17
20230101T000021,6,2681,804.167,936.625,-220.496,0,0,0,1462.96,-1136.02,276.488,1115.18,322.03,2440.3,1.70883e+17
20230101T000021,6,2682,8247.71,8313.46,-598.95,0,0,0,110898,-109388,7901.64,109161,7964.63,219421,1.88252e+17
20230101T000021,6,2683,4154.74,4290.32,-500.253,0,0,0,29675.5,-28288.4,3321.77,27858.4,3430.17,57070.4,1.35649e+17
20230101T000021,4,2457,4665.29,-2723.88,818.992,2.7112,-5.12914,-4.61262,740.679,1065.21,-329.536,1954.81,191.491,2518.01,0
20230101T000021,4,2486,1123.51,-965.329,227.461,2.04921,3.0321,-1.75802,716.711,682.616,-170.084,856.092,153.604,1451.2,0
20230101T000021,3,2497,7554.46,-9390.14,-624.487,0,0,0,2500,0,0,2500,0,2500,0
20230101T000021,3,2498,5628.25,-8475.42,-872.317,0,0,0,2500,0,0,2500,0,2500,0
20230101T000021,3,2499,4791.02,-5973.7,1692,0,0,0,2500,0,0,2500,0,2500,0
20230101T000021,3,2500,5578.1,-5833.89,-604.632,0,0,0,2500,0,0,2500,0,2500,0
20230101T000021,3,2501,11261.7,-73.6615,1048.51,0,0,0,2500,0,0,2500,0,2500,0
20230101T000021,3,2502,6748.65,1442.17,-713.694,0,0,0,2500,0,0,2500,0,2500,0
20230101T000021,3,2503,11087.1,2644.92,1077.86,0,0,0,2500,0,0,2500,0,2500,0
20230101T000021,3,2504,804.167,936.625,-220.496,0,0,0,2500,0,0,2500,0,2500,0
20230101T000021,3,2505,8247.71,8313.46,-598.95,0,0,0,2500,0,0,2500,0,2500,0
20230101T000021,3,2506,4154.74,4290.32,-500.253,0,0,0,2500,0,0,2500,0,2500,0
