20230101T000000.100000,6,0,7707.55,-8721.59,348.6,0,0,0,121819,107427,-4297.7,95195.1,4863.12,216756,9.9988e+19
20230101T000000.100000,6,1,6233.34,-6745.14,-1988.09,0,0,0,75736.2,64088.9,19818.9,65611.2,-21446.2,134965,1.16236e+20
20230101T000000.100000,6,2,3489.45,-1879.52,286.546,0,0,0,5803.31,10412.1,-1595.77,19525.9,859.525,25134.5,1.60659e+20
20230101T000000.100000,6,3,4056.17,724.27,15.0908,0,0,0,901.681,-4689.28,-97.7066,26326,-17.4465,27163.4,1.75668e+20
20230101T000000.100000,6,4,7738.74,559.727,1191.07,0,0,0,2821.51,-6762.72,-14738.3,95833.1,-1065.99,96323.8,9.94892e+19
20230101T000000.100000,6,5,8997.32,-1801.92,1405.62,0,0,0,8294.47,25319.1,-20225.4,129647,4050.6,134719,3.1044e+20
20230101T000000.100000,6,6,1448.5,968.719,9.52735,0,0,0,1545.79,-2215.46,-21.7897,3376.86,-14.5724,4858.51,2.16696e+20
20230101T000000.100000,6,7,6571.38,2975.52,-500.275,0,0,0,14551.1,-31110.9,5255.97,69171.8,2379.91,83259.1,7.94008e+19
20230101T000000.100000,6,8,4284.81,1863.86,-564.749,0,0,0,6040.54,-12568.4,3864.76,29466.7,1681.14,34934.7,1.40535e+20
20230101T000000.100000,6,9,187.648,225.842,-62.0809,0,0,0,109.146,-34.6626,10.3615,96.2284,12.4705,140.685,4.74881e+27
20230101T000000.100000,6,10,3344.81,3605.97,566.6,0,0,0,21071.6,-19010.5,-3027.32,18210.5,-3263.69,38706.1,1.68888e+20
20230101T000000.100000,3,0,7707.55,-8721.59,348.6,0,0,0,2500,0,0,2500,0,2500,0
20230101T000000.100000,3,1,6233.34,-6745.14,-1988.09,0,0,0,2500,0,0,2500,0,2500,0
20230101T000000.100000,3,2,3489.45,-1879.52,286.546,0,0,0,2500,0,0,2500,0,2500,0
20230101T000000.100000,3,3,4056.17,724.27,15.0908,0,0,0,2500,0,0,2500,0,2500,0
20230101T000000.100000,3,4,7738.74,559.727,1191.07,0,0,0,2500,0,0,2500,0,2500,0
20230101T000000.100000,3,5,8997.32,-1801.92,1405.62,0,0,0,2500,0,0,2500,0,2500,0
20230101T000000.100000,3,6,1448.5,968.719,9.52735,0,0,0,2500,0,0,2500,0,2500,0
20230101T000000.100000,3,7,6571.38,2975.52,-500.275,0,0,0,2500,0,0,2500,0,2500,0
20230101T000000.100000,3,8,4284.81,1863.86,-564.749,0,0,0,2500,0,0,2500,0,2500,0
20230101T000000.100000,3,9,187.648,225.842,-62.0809,0,0,0,2500,0,0,2500,0,2500,0
20230101T000000.100000,3,10,3344.81,3605.97,566.6,0,0,0,2500,0,0,2500,0,2500,0
20230101T000000.200000,6,11,1648.57,-1316.14,-318.818,0,0,0,2909.12,3361.81,833.56,4436.12,-665.477,7121.46,2.02733e+20
20230101T000000.200000,6,12,839.224,-1091.57,143.15,0,0,0,1942.14,1419.28,-188.204,1187.28,244.795,3034,1.10923e+20
20230101T000000.200000,6,13,5881.44,-8162.19,-293.749,0,0,0,106663,76712.9,2763.18,55479,-3834.71,161940,1.01984e+20
20230101T000000.200000,6,14,4525.1,-4168.49,-378.703,0,0,0,27960.7,30034.4,2738.98,32897,-2523.13,60564.7,3.33089e+20
20230101T000000.200000,6,15,7462.45,-5985.54,-901.582,0,0,0,58152.7,70801.1,10760.2,89635.1,-8630.59,146424,1.09872e+20
20230101T000000.200000,6,16,2928.53,-1888.23,-344.508,0,0,0,5883.58,8732.25,1608.98,13796.5,-1037.42,19427.4,1.92652e+20
20230101T000000.200000,6,17,5819.97,-829.353,-75.1435,0,0,0,1172.09,7712.69,698.923,54196.7,-99.5974,55295.8,1.4433e+20
20230101T000000.200000,6,18,4905.73,-526.231,-574.617,0,0,0,1027.78,4067.76,4502.96,38512.7,-483.025,38949.9,8.12267e+19
20230101T000000.200000,6,19,6120.74,-1349.08,-803.609,0,0,0,3957.44,12981.3,7862.01,59992.4,-1732.87,62854.7,2.53035e+20
20230101T000000.200000,6,20,1112.43,502.465,-204.964,0,0,0,511.478,-845.766,355.288,2001.95,160.477,2385.72,3.04283e+20
20230101T000000.200000,6,21,226.093,187.33,-61.45,0,0,0,96.0862,-34.6751,12.3482,109.206,10.2311,140.622,4.34773e+26
20230101T000000.200000,4,9,227.384,192.809,-61.483,3.93427,-3.27062,0.059197,104.164,-32.0581,9.55971,92.2171,11.5055,133.169,0
20230101T000000.200000,3,11,1648.57,-1316.14,-318.818,0,0,0,2500,0,0,2500,0,2500,0
20230101T000000.200000,3,12,839.224,-1091.57,143.15,0,0,0,2500,0,0,2500,0,2500,0
20230101T000000.200000,3,13,5881.44,-8162.19,-293.749,0,0,0,2500,0,0,2500,0,2500,0
20230101T000000.200000,3,14,4525.1,-4168.49,-378.703,0,0,0,2500,0,0,2500,0,2500,0
20230101T000000.200000,3,15,7462.45,-5985.54,-901.583,0,0,0,2500,0,0,2500,0,2500,0
20230101T000000.200000,3,16,2928.53,-1888.23,-344.508,0,0,0,2500,0,0,2500,0,2500,0
20230101T000000.200000,3,17,5819.97,-829.353,-75.1435,0,0,0,2500,0,0,2500,0,2500,0
20230101T000000.200000,3,18,4905.73,-526.231,-574.617,0,0,0,2500,0,0,2500,0,2500,0
20230101T000000.200000,3,19,6120.74,-1349.08,-803.609,0,0,0,2500,0,0,2500,0,2500,0
20230101T000000.200000,3,20,1112.43,502.465,-204.964,0,0,0,2500,0,0,2500,0,2500,0
20230101T000000.300000,6,22,2393.67,-1599.55,-633.327,0,0,0,4579.53,5801.39,2414.4,9384.41,-1613.4,13264.1,1.54348e+20
20230101T000000.300000,6,23,7531.27,-4857.45,-458.567,0,0,0,38034.4,58350.1,5523,90869.6,-3562.18,128504,1.1469e+20
20230101T000000.300000,6,24,6721.93,-3029.56,553.477,0,0,0,15145.4,32375.7,-5948.33,72388.4,2680.9,86980.4,6.70269e+19
20230101T000000.300000,6,25,8380.24,-673.599,-1954.97,0,0,0,6862.12,8538.66,26199,112405,-2105.86,113095,1.59479e+20
20230101T000000.300000,6,26,2977.72,2051.26,-339.524,0,0,0,6900.39,-9657.14,1612.71,14266.7,1110.94,20919.8,1.35825e+20
20230101T000000.300000,6,27,254.484,146.407,-63.0697,0,0,0,85.0416,-30.4189,14.289,120.415,8.22062,140.739,7.95468e+26
20230101T000000.300000,6,28,7243.02,6531.63,-206.287,0,0,0,68332.2,-75628.2,2389.62,83997.4,2154.92,152198,1.21256e+20
20230101T000000.300000,3,21,2393.67,-1599.55,-633.327,0,0,0,2500,0,0,2500,0,2500,0
20230101T000000.300000,3,22,7531.27,-4857.45,-458.567,0,0,0,2500,0,0,2500,0,2500,0
20230101T000000.300000,3,23,6721.93,-3029.56,553.477,0,0,0,2500,0,0,2500,0,2500,0
20230101T000000.300000,3,24,8380.24,-673.599,-1954.97,0,0,0,2500,0,0,2500,0,2500,0
20230101T000000.300000,3,25,2977.72,2051.26,-339.524,0,0,0,2500,0,0,2500,0,2500,0
20230101T000000.300000,3,26,254.484,146.407,-63.0697,0,0,0,2500,0,0,2500,0,2500,0
20230101T000000.300000,3,27,7243.02,6531.62,-206.287,0,0,0,2500,0,0,2500,0,2500,0
20230101T000000.400000,6,29,1979.32,-2816.85,-261.335,0,0,0,12752.6,8839.38,824.847,6384.08,-1173.87,18964.1,1.59769e+20
20230101T000000.400000,6,30,4747.03,-3219.46,1133.29,0,0,0,18033.6,23469.4,-8597.52,36721.7,5830.87,52641.1,1.59102e+20
20230101T000000.400000,6,31,3658.4,-5380.27,-1083.37,0,0,0,46929.1,30591,6335.63,22741,-9317.56,67731.7,1.00338e+20
20230101T000000.400000,6,32,10891.9,-2722.87,-772.322,0,0,0,12820.7,47212.1,13455,189873,-3363.64,201676,1.26483e+20
20230101T000000.400000,6,33,4039.42,-2615.27,-1016.75,0,0,0,12152.1,16120.2,6560.48,26613.7,-4247.5,37053.2,2.49741e+20
20230101T000000.400000,6,34,2341.44,384.508,-153.469,0,0,0,335.308,-1424.26,570.873,8774.38,93.748,9008.54,1.16091e+20
20230101T000000.400000,6,35,7130.25,-507.978,-132.673,0,0,0,504.542,5788.68,1512.41,81345.1,-107.748,81757.5,1.20852e+20
20230101T000000.400000,6,36,1333.77,422.887,62.4946,0,0,0,349.849,-882.248,-130.646,2852.69,-41.4228,3132.55,2.61028e+20
20230101T000000.400000,6,37,276.635,98.4244,-61.4769,0,0,0,75.2903,-22.2912,15.1162,130.012,5.37821,140.63,9.46144e+26
20230101T000000.400000,6,38,4399.52,1357.67,976.452,0,0,0,4398.06,-9109.9,-6861.07,31107.3,-2117.3,33921.3,1.47486e+20
20230101T000000.400000,6,39,3115.18,2498.32,323.972,0,0,0,10127.4,-12339.3,-1610.74,15617.5,-1291.79,25513.9,2.07412e+20
20230101T000000.400000,4,26,279.526,102.925,-61.5605,2.47939,-4.30514,0.149423,81.8707,-28.1338,13.1825,114.587,7.58405,133.214,0
20230101T000000.400000,3,28,1979.32,-2816.85,-261.335,0,0,0,2500,0,0,2500,0,2500,0
20230101T000000.400000,3,29,4747.03,-3219.46,1133.29,0,0,0,2500,0,0,2500,0,2500,0
20230101T000000.400000,3,30,3658.4,-5380.27,-1083.37,0,0,0,2500,0,0,2500,0,2500,0
20230101T000000.400000,3,31,10891.9,-2722.87,-772.322,0,0,0,2500,0,0,2500,0,2500,0
20230101T000000.400000,3,32,4039.42,-2615.27,-1016.75,0,0,0,2500,0,0,2500,0,2500,0
20230101T000000.400000,3,33,2341.44,384.508,-153.469,0,0,0,2500,0,0,2500,0,2500,0
20230101T000000.400000,3,34,7130.25,-507.978,-132.673,0,0,0,2500,0,0,2500,0,2500,0
20230101T000000.400000,3,35,1333.77,422.887,62.4946,0,0,0,2500,0,0,2500,0,2500,0
20230101T000000.400000,3,36,4399.52,1357.67,976.452,0,0,0,2500,0,0,2500,0,2500,0
20230101T000000.400000,3,37,3115.17,2498.32,323.972,0,0,0,2500,0,0,2500,0,2500,0
20230101T000000.500000,6,40,4407,-3532.68,468.402,0,0,0,20220.1,24707.3,-3298.68,31236.8,2644.25,51042.7,1.16337e+20
20230101T000000.500000,6,41,8819.86,-1718.14,-1357.28,0,0,0,7623.25,23681,19144.3,124574,-3729.38,129189,2.16707e+20
20230101T000000.500000,6,42,4546.99,-2336.01,721.791,0,0,0,9440.26,16630.6,-5243.28,33267.4,2693.73,41812.5,8.76573e+19
20230101T000000.500000,6,43,11176,2104.26,1323.08,0,0,0,9850.62,-37106.7,-23651.5,199942,-4453.21,206929,1.06876e+20
20230101T000000.500000,6,44,12034.5,-64.7612,-1990.96,0,0,0,6411.11,1212.52,38325.9,231725,-206.244,231733,2.38165e+20
20230101T000000.500000,6,45,8036.26,640.764,-723.147,0,0,0,1551.43,-8167.63,9292.57,103336,740.934,103988,9.58749e+19
20230101T000000.500000,6,46,288.555,52.2555,-62.2835,0,0,0,69.6718,-12.2998,15.9574,135.364,2.88978,140.354,1.19392e+26
20230101T000000.500000,6,47,9245.37,-1385.88,-1232.68,0,0,0,5512.38,20135.1,18226.4,136818,-2732.14,139837,1.39145e+20
20230101T000000.500000,6,48,1671.87,641.126,55.9688,0,0,0,717.779,-1691.96,-147.85,4481.07,-56.6974,5129.96,1.27826e+20
20230101T000000.500000,6,49,3113.16,1881.38,-277.5,0,0,0,5800.18,-9288.54,1378.09,15556.8,832.82,21170.5,9.16744e+19
20230101T000000.500000,6,50,290.225,43.1837,-61.4527,0,0,0,68.8778,-10.2481,15.8353,136.227,2.3562,140.442,1.09402e+26
20230101T000000.500000,6,51,2616.65,2541.12,-64.8678,0,0,0,10368,-10603.4,270.762,10989.3,262.946,21286.6,9.9952e+19
20230101T000000.500000,6,52,685.488,521.331,57.9975,0,0,0,478.631,-538.494,-60.1954,777.148,-45.7801,1186.98,1.77643e+20
20230101T000000.500000,4,25,3004.81,2040.98,-334.076,5.20922,-1.97664,1.04768,799.95,-1042,172.645,1594.77,118.929,2295.13,0
20230101T000000.500000,3,38,4407,-3532.68,468.402,0,0,0,2500,0,0,2500,0,2500,0
20230101T000000.500000,3,39,8819.86,-1718.14,-1357.28,0,0,0,2500,0,0,2500,0,2500,0
20230101T000000.500000,3,40,4546.99,-2336.01,721.791,0,0,0,2500,0,0,2500,0,2500,0
20230101T000000.500000,3,41,11176,2104.26,1323.08,0,0,0,2500,0,0,2500,0,2500,0
20230101T000000.500000,3,42,12034.5,-64.7612,-1990.96,0,0,0,2500,0,0,2500,0,2500,0
20230101T000000.500000,3,43,8036.26,640.764,-723.147,0,0,0,2500,0,0,2500,0,2500,0
20230101T000000.500000,3,44,288.555,52.2555,-62.2835,0,0,0,2500,0,0,2500,0,2500,0
20230101T000000.500000,3,45,9245.37,-1385.88,-1232.68,0,0,0,2500,0,0,2500,0,2500,0
20230101T000000.500000,3,46,1671.87,641.126,55.9688,0,0,0,2500,0,0,2500,0,2500,0
20230101T000000.500000,3,47,290.225,43.1837,-61.4527,0,0,0,2500,0,0,2500,0,2500,0
20230101T000000.500000,3,48,2616.65,2541.12,-64.8678,0,0,0,2500,0,0,2500,0,2500,0
20230101T000000.500000,3,49,685.488,521.331,57.9975,0,0,0,2500,0,0,2500,0,2500,0
20230101T000000.600000,6,53,7121.98,-7065.58,-1403.41,0,0,0,81495.6,78906.5,15985.8,82750.5,-15859.2,161033,1.34365e+20
20230101T000000.600000,6,54,4785.1,-3154.78,-447.91,0,0,0,16192.3,23976.8,3425.13,36752.1,-2258.16,52560.1,1.2574e+20
20230101T000000.600000,6,55,2278.09,-854.234,-357.989,0,0,0,1402.24,3025.64,1296.22,8336.54,-486.055,9472.45,1.6703e+20
20230101T000000.600000,6,56,11667.4,2483.65,-1597.97,0,0,0,13838.3,-45519.4,29822.3,217984,6348.32,227675,3.10411e+20
20230101T000000.600000,6,57,6727.89,90.8699,-1136.59,0,0,0,2141.99,-949.429,12224.5,72423.7,165.109,72438.3,2.17188e+20
20230101T000000.600000,6,58,293.212,1.10179,-63.8147,0,0,0,67.6223,-0.2628,16.6391,137.558,0.0625244,140.454,1.04182e+27
20230101T000000.600000,6,59,8548.6,-1659.33,607.156,0,0,0,5035.17,22573.6,-8300.18,116949,1611.11,121331,1.8645e+20
20230101T000000.600000,6,60,5632.87,620.571,-437.414,0,0,0,981.49,-5552.71,3937.36,50771.2,433.776,51383.4,1.01673e+20
20230101T000000.600000,6,61,11857.6,2713.91,1274.44,0,0,0,14314,-50909.7,-24172.4,225096,-5532.46,236749,3.1254e+20
20230101T000000.600000,6,62,6123.85,4257.39,-1403.6,0,0,0,31167.4,-40208.3,13743.2,61049.7,9554.46,89005.3,1.08578e+20
20230101T000000.600000,6,63,5201.3,3482.19,-1170.46,0,0,0,20957.3,-27937.2,9731.03,43983.2,6514.76,62688.9,2.44088e+20
20230101T000000.600000,4,47,295.944,3.54035,-63.6888,0.566298,-3.92509,-0.221402,66.9222,-9.47873,14.6117,129.216,2.17414,132.953,0
20230101T000000.600000,3,50,7121.98,-7065.58,-1403.41,0,0,0,2500,0,0,2500,0,2500,0
20230101T000000.600000,3,51,4785.1,-3154.78,-447.91,0,0,0,2500,0,0,2500,0,2500,0
20230101T000000.600000,3,52,2278.09,-854.234,-357.989,0,0,0,2500,0,0,2500,0,2500,0
20230101T000000.600000,3,53,11667.4,2483.65,-1597.97,0,0,0,2500,0,0,2500,0,2500,0
20230101T000000.600000,3,54,6727.89,90.8699,-1136.59,0,0,0,2500,0,0,2500,0,2500,0
20230101T000000.600000,3,55,8548.6,-1659.33,607.156,0,0,0,2500,0,0,2500,0,2500,0
20230101T000000.600000,3,56,5632.87,620.571,-437.414,0,0,0,2500,0,0,2500,0,2500,0
20230101T000000.600000,3,57,11857.6,2713.91,1274.44,0,0,0,2500,0,0,2500,0,2500,0
20230101T000000.600000,3,58,6123.85,4257.39,-1403.6,0,0,0,2500,0,0,2500,0,2500,0
20230101T000000.600000,3,59,5201.3,3482.19,-1170.46,0,0,0,2500,0,0,2500,0,2500,0
20230101T000000.700000,6,64,1274.89,-1280.23,250.482,0,0,0,2703.64,2529.87,-504.798,2682.49,506.913,5224.16,1.57761e+20
20230101T000000.700000,6,65,8915.77,-7591.8,-1512.25,0,0,0,94374.2,106462,21566.4,128750,-18363.9,219403,2.62886e+20
20230101T000000.700000,6,66,5911.6,-5074.88,-1394.9,0,0,0,43035,46431.7,13185.3,57262.3,-11319.1,97124.1,1.40991e+20
20230101T000000.700000,6,67,3874.32,-2583.88,-786.987,0,0,0,11411.2,15531.1,4869.71,24340.8,-3247.73,34700.6,2.04991e+20
20230101T000000.700000,6,68,4413.07,-3683.04,-621.359,0,0,0,22105,25670.6,4382.11,31439.9,-3657.2,52864.7,2.15034e+20
20230101T000000.700000,6,69,2254.45,-915.613,607.769,0,0,0,1900.4,3075.68,-2178.36,8224.29,884.708,9477.19,1.85894e+20
20230101T000000.700000,6,70,3994.95,-691.69,-734.351,0,0,0,1663.38,4265.77,4682.85,25562.3,-810.795,26302.9,8.52903e+19
20230101T000000.700000,6,71,289.251,-52.5615,-60.0659,0,0,0,69.4801,12.5031,15.4486,136.014,-2.80727,140.85,1.34882e+26
20230101T000000.700000,6,72,6863.81,-2255.49,-892.689,0,0,0,9347.22,24373.1,9796.2,75509.5,-3219.08,83519.6,9.9322e+19
20230101T000000.700000,6,73,2867.66,283.551,-75.1628,0,0,0,200.931,-1293.86,343.206,13158.2,33.9359,13286.2,1.66531e+20
20230101T000000.700000,6,74,11945.6,-1166.49,-94.6496,0,0,0,2254.69,22287.4,1808.53,228316,-176.603,230492,2.0947e+20
20230101T000000.700000,6,75,3849.28,393.112,749.411,0,0,0,1197.62,-2324.06,-4603.62,23717.1,-470.15,23956.7,1.20695e+20
20230101T000000.700000,6,76,288.581,-53.0948,-63.1884,0,0,0,69.8507,12.4938,16.222,135.459,-2.98461,140.594,1.39665e+26
20230101T000000.700000,6,77,8874.47,1187.51,258.18,0,0,0,2423.9,-16839.3,-3664.11,126013,-490.303,128266,1.23887e+20
20230101T000000.700000,6,78,5994.55,-98.5556,750.127,0,0,0,978.6,929.44,-7186.79,57495.6,118.157,57511.8,1.33755e+20
20230101T000000.700000,6,79,9899.14,4032.61,762.645,0,0,0,26871.8,-63523.6,-12075,156930,-4919,182808,1.3135e+20
20230101T000000.700000,6,80,6897.58,8062.26,-418.536,0,0,0,104145,-88806.1,4617.38,76321.4,5397.03,180123,1.33145e+20
20230101T000000.700000,4,44,307.072,-45.9763,-60.1874,3.56083,-18.8908,0.403101,67.7128,-11.4023,14.7578,128.611,2.67255,133.077,0
20230101T000000.700000,4,51,4794.76,-3196.58,-458.141,0.955822,-4.13811,-1.01289,783.382,1071.93,152.234,1702.54,-100.367,2395.68,0
20230101T000000.700000,3,60,1274.89,-1280.23,250.482,0,0,0,2500,0,0,2500,0,2500,0
20230101T000000.700000,3,61,8915.77,-7591.8,-1512.25,0,0,0,2500,0,0,2500,0,2500,0
20230101T000000.700000,3,62,5911.6,-5074.88,-1394.9,0,0,0,2500,0,0,2500,0,2500,0
20230101T000000.700000,3,63,3874.32,-2583.88,-786.987,0,0,0,2500,0,0,2500,0,2500,0
20230101T000000.700000,3,64,2254.45,-915.613,607.769,0,0,0,2500,0,0,2500,0,2500,0
20230101T000000.700000,3,65,3994.95,-691.69,-734.351,0,0,0,2500,0,0,2500,0,2500,0
20230101T000000.700000,3,66,6863.81,-2255.49,-892.689,0,0,0,2500,0,0,2500,0,2500,0
20230101T000000.700000,3,67,2867.66,283.551,-75.1628,0,0,0,2500,0,0,2500,0,2500,0
20230101T000000.700000,3,68,11945.6,-1166.49,-94.6497,0,0,0,2500,0,0,2500,0,2500,0
20230101T000000.700000,3,69,3849.28,393.112,749.411,0,0,0,2500,0,0,2500,0,2500,0
20230101T000000.700000,3,70,288.581,-53.0948,-63.1884,0,0,0,2500,0,0,2500,0,2500,0
20230101T000000.700000,3,71,8874.47,1187.51,258.18,0,0,0,2500,0,0,2500,0,2500,0
20230101T000000.700000,3,72,5994.55,-98.5556,750.127,0,0,0,2500,0,0,2500,0,2500,0
20230101T000000.700000,3,73,9899.14,4032.61,762.645,0,0,0,2500,0,0,2500,0,2500,0
20230101T000000.700000,3,74,6897.58,8062.26,-418.536,0,0,0,2500,0,0,2500,0,2500,0
20230101T000000.800000,6,81,1917.36,-926.49,130.392,0,0,0,1447.16,2806.64,-396.5,5899.27,191.593,7255.71,1.08121e+20
20230101T000000.800000,6,82,9992.58,-5473.15,949.171,0,0,0,49086.4,86871.4,-15170.8,160110,8309.39,207692,1.30514e+20
20230101T000000.800000,6,83,276.287,-99.0732,-63.1422,0,0,0,75.5569,22.3339,15.5258,129.831,-5.56737,140.671,5.2776e+26
20230101T000000.800000,6,84,6834.67,-2225.41,-1733.12,0,0,0,12323.9,22903.3,18938.6,75206.7,-6166.55,82667.7,2.33862e+20
20230101T000000.800000,6,85,6285.26,-2837.95,-352.351,0,0,0,13104.4,28441.2,3540.41,63251.6,-1598.59,76093.7,1.97636e+20
20230101T000000.800000,6,86,7803.03,-3659.57,1666.15,0,0,0,25119.4,43958,-20790.9,98231.7,9750.79,118850,1.60874e+20
20230101T000000.800000,6,87,8883.57,-4101.03,1410.2,0,0,0,29584.1,57056.2,-20035.9,126839,9249.44,153179,1.32695e+20
20230101T000000.800000,6,88,2969.91,141.566,-205.005,0,0,0,162.709,-666.474,969.766,14112.8,46.2257,14144.9,1.10276e+20
20230101T000000.800000,6,89,9494.71,660.234,-1433.73,0,0,0,4032.86,-9798.03,21771.2,144255,1513.91,144938,1.40049e+20
20230101T000000.800000,6,90,11071.9,3353.47,1462.77,0,0,0,21186.7,-58439.8,-25905.5,196434,-7846.26,214135,1.13432e+20
20230101T000000.800000,6,91,8800.32,6063.76,-985.452,0,0,0,59927.2,-84625.2,13870.8,124434,9557.55,182744,1.08299e+20
20230101T000000.800000,6,92,4866.46,1957.06,709.029,0,0,0,6874.62,-14938.1,-5512.86,38012.7,-2217.01,44021.2,1.71436e+20
20230101T000000.800000,6,93,3362.73,2716.01,-286.664,0,0,0,11920.9,-14517.7,1539.07,18169.8,1243.08,29895.8,1.51958e+20
20230101T000000.800000,4,67,2964.26,269.552,-97.3155,9.56459,-1.38603,-2.19334,83.7441,-201.518,53.4236,2101.84,5.28248,2120.59,0
20230101T000000.800000,4,70,280.491,-97.5389,-63.1452,-0.801038,-4.40041,0.00427509,67.8212,11.556,14.9666,128.504,-2.75363,133.084,0
20230101T000000.800000,3,75,1917.36,-926.49,130.392,0,0,0,2500,0,0,2500,0,2500,0
20230101T000000.800000,3,76,9992.58,-5473.15,949.171,0,0,0,2500,0,0,2500,0,2500,0
20230101T000000.800000,3,77,6834.67,-2225.41,-1733.12,0,0,0,2500,0,0,2500,0,2500,0
20230101T000000.800000,3,78,6285.26,-2837.95,-352.351,0,0,0,2500,0,0,2500,0,2500,0
20230101T000000.800000,3,79,7803.03,-3659.57,1666.15,0,0,0,2500,0,0,2500,0,2500,0
20230101T000000.800000,3,80,8883.57,-4101.03,1410.2,0,0,0,2500,0,0,2500,0,2500,0
20230101T000000.800000,3,81,9494.71,660.234,-1433.73,0,0,0,2500,0,0,2500,0,2500,0
20230101T000000.800000,3,82,11071.9,3353.47,1462.77,0,0,0,2500,0,0,2500,0,2500,0
20230101T000000.800000,3,83,8800.32,6063.76,-985.452,0,0,0,2500,0,0,2500,0,2500,0
20230101T000000.800000,3,84,4866.46,1957.06,709.03,0,0,0,2500,0,0,2500,0,2500,0
20230101T000000.800000,3,85,3362.73,2716.01,-286.664,0,0,0,2500,0,0,2500,0,2500,0
20230101T000000.900000,6,94,6172.01,-4427.6,802.283,0,0,0,32087.6,43205.8,-7917.28,61321.3,5679.61,92316.5,1.64074e+20
20230101T000000.900000,6,95,3603.94,-4013.66,-370.473,0,0,0,25901.6,23003.1,2133.34,20938.2,-2375.87,46556.9,1.1894e+20
20230101T000000.900000,6,96,1919.28,-674.261,-77.5506,0,0,0,792.857,2047.56,235.847,5901.88,-82.8555,6621.3,1.23326e+20
20230101T000000.900000,6,97,251.652,-148.607,-66.9167,0,0,0,85.7352,30.0728,14.9541,118.902,-8.83077,139.849,2.00752e+25
20230101T000000.900000,6,98,9214.25,-5353.9,474.485,0,0,0,46179.9,78747.3,-6992.77,135951,4063.12,181707,1.93305e+20
20230101T000000.900000,6,99,6615.73,-2075.2,534.257,0,0,0,7364.05,21817.8,-5650.52,70075.2,1772.44,76919.3,1.00565e+20
20230101T000000.900000,6,100,8795.88,-2270.93,1563.48,0,0,0,11976.4,30998.1,-21993.1,124036,5678.22,132041,1.28817e+20
20230101T000000.900000,6,101,10848,5360.97,-47.3019,0,0,0,46038.3,-93022.6,820.787,188301,405.623,234271,1.164e+20
20230101T000000.900000,6,102,8492.37,3686.26,-404.155,0,0,0,22015.3,-49969.3,5489.01,115444,2382.6,137134,1.23723e+20
20230101T000000.900000,6,103,1267.63,1092.11,-119.527,0,0,0,1957.99,-2172.22,238.978,2607.87,205.889,4479.65,1.50453e+20
20230101T000000.900000,6,104,522.669,569.189,13.231,0,0,0,547.76,-443.982,-10.3237,471.957,-11.2426,955.474,2.72846e+20
20230101T000000.900000,6,105,3746.78,2928.68,393.085,0,0,0,13916.3,-17406.2,-2352.34,22579.3,-1838.71,36185.3,1.51295e+20
20230101T000000.900000,6,106,5121.48,4271.86,-327.665,0,0,0,29337.1,-34889.3,2682.6,42064,2237.58,71165.5,8.27036e+19
20230101T000000.900000,3,86,6172.01,-4427.6,802.283,0,0,0,2500,0,0,2500,0,2500,0
20230101T000000.900000,3,87,3603.94,-4013.66,-370.473,0,0,0,2500,0,0,2500,0,2500,0
20230101T000000.900000,3,88,1919.28,-674.261,-77.5506,0,0,0,2500,0,0,2500,0,2500,0
20230101T000000.900000,3,89,251.652,-148.607,-66.9167,0,0,0,2500,0,0,2500,0,2500,0
20230101T000000.900000,3,90,9214.25,-5353.9,474.485,0,0,0,2500,0,0,2500,0,2500,0
20230101T000000.900000,3,91,6615.73,-2075.2,534.257,0,0,0,2500,0,0,2500,0,2500,0
20230101T000000.900000,3,92,8795.88,-2270.93,1563.48,0,0,0,2500,0,0,2500,0,2500,0
20230101T000000.900000,3,93,10848,5360.97,-47.3019,0,0,0,2500,0,0,2500,0,2500,0
20230101T000000.900000,3,94,8492.37,3686.26,-404.155,0,0,0,2500,0,0,2500,0,2500,0
20230101T000000.900000,3,95,1267.63,1092.11,-119.527,0,0,0,2500,0,0,2500,0,2500,0
20230101T000000.900000,3,96,522.669,569.189,13.231,0,0,0,2500,0,0,2500,0,2500,0
20230101T000000.900000,3,97,3746.78,2928.68,393.085,0,0,0,2500,0,0,2500,0,2500,0
20230101T000000.900000,3,98,5121.48,4271.86,-327.665,0,0,0,2500,0,0,2500,0,2500,0
20230101T000001,6,107,8786.5,-6648.22,-939.126,0,0,0,71655.9,92753.8,13198.3,124061,-9986.36,194243,1.00089e+20
20230101T000001,6,108,226.838,-187.734,-59.1363,0,0,0,96.222,35.171,11.9446,109.611,-9.88553,141.2,5.16872e+24
20230101T000001,6,109,4662.48,-4992.7,-586.923,0,0,0,40169.6,36938.7,4374.7,35110.3,-4684.54,74665.7,1.04639e+20
20230101T000001,6,110,8156.22,-4089.46,-812.268,0,0,0,27652.2,52918.8,10595,106663,-5312.25,133197,5.03329e+20
20230101T000001,6,111,9209.9,-673.523,543.008,0,0,0,1258.52,9885.97,-7997.93,135718,584.892,136442,2.59146e+20
20230101T000001,6,112,9350.64,-227.652,1895.71,0,0,0,5890.89,3264.5,-28349.3,139899,690.195,139981,1.34718e+20
20230101T000001,6,113,7715.32,3512.86,-980.008,0,0,0,21069.4,-42761.2,12091.1,95516.5,5505.18,114987,1.34464e+20
20230101T000001,6,114,1692.79,1376.5,47.5476,0,0,0,3072.27,-3695.1,-127.699,4611.75,-103.839,7616.46,1.1936e+20
20230101T000001,6,115,3139.68,2369.76,759.932,0,0,0,9613.16,-11430.5,-3808,16129.9,-2874.19,24759.7,1.33349e+20
20230101T000001,6,116,3470.23,3138.22,329.544,0,0,0,15888.1,-17306.4,-1826.42,19374.8,-1651.68,35025.8,1.23164e+20
20230101T000001,6,117,5308.15,7093.04,66.7853,0,0,0,80523.5,-60207.3,-566.921,45127.9,-757.552,125580,1.96804e+20
20230101T000001,6,118,4973.2,3379.09,1778.54,0,0,0,21772.1,-24507.8,-14137.7,41189.6,-9605.99,57846.8,1.19465e+20
20230101T000001,4,89,231.271,-187.421,-59.5935,-2.01799,-3.84302,0.725069,82.5201,27.8278,13.7985,113.211,-8.14834,132.405,0
20230101T000001,4,97,3670.96,2897.66,382.797,-7.50701,-3.07096,-1.01861,943.594,-1107.37,-148.698,1494.72,-116.23,2345.74,0
20230101T000001,3,99,8786.5,-6648.22,-939.126,0,0,0,2500,0,0,2500,0,2500,0
20230101T000001,3,100,4662.48,-4992.7,-586.923,0,0,0,2500,0,0,2500,0,2500,0
20230101T000001,3,101,8156.22,-4089.46,-812.268,0,0,0,2500,0,0,2500,0,2500,0
20230101T000001,3,102,9209.9,-673.523,543.008,0,0,0,2500,0,0,2500,0,2500,0
20230101T000001,3,103,9350.64,-227.652,1895.71,0,0,0,2500,0,0,2500,0,2500,0
20230101T000001,3,104,7715.32,3512.86,-980.008,0,0,0,2500,0,0,2500,0,2500,0
20230101T000001,3,105,1692.79,1376.5,47.5476,0,0,0,2500,0,0,2500,0,2500,0
20230101T000001,3,106,3139.68,2369.76,759.932,0,0,0,2500,0,0,2500,0,2500,0
20230101T000001,3,107,5308.15,7093.04,66.7853,0,0,0,2500,0,0,2500,0,2500,0
20230101T000001,3,108,4973.2,3379.09,1778.54,0,0,0,2500,0,0,2500,0,2500,0
20230101T000001.100000,6,119,1187.92,-1031.17,145.309,0,0,0,1756.76,1911.78,-271.758,2299.63,235.899,3959.69,2.32882e+20
20230101T000001.100000,6,120,7236.84,-9133,974.955,0,0,0,134070,104979,-11285.6,84768.3,14242.7,217254,1.24828e+20
20230101T000001.100000,6,121,7548.71,-5865.52,-63.2011,0,0,0,55090.7,70809.2,763.004,91199.2,-592.871,146220,1.30622e+20
20230101T000001.100000,6,122,2179.49,-1130.81,-314.758,0,0,0,2220.46,3852.78,1090.45,7647.23,-565.771,9647.24,1.58561e+20
20230101T000001.100000,6,123,1013,-241.442,-44.0221,0,0,0,156.656,376.22,68.7237,1645.46,-16.3799,1735.25,1.14237e+20
20230101T000001.100000,6,124,6033.88,-3705.15,-200.919,0,0,0,22058.3,35712.9,1938.16,58287.6,-1190.14,80217.4,9.97286e+20
20230101T000001.100000,6,125,3550.44,-567.654,-162.569,0,0,0,619.079,3208.12,920.653,20171.6,-147.197,20684.7,1.52656e+20
20230101T000001.100000,6,126,5090.4,591.262,236.604,0,0,0,710.736,-4798.03,-1924.13,41461.6,-223.491,42019,1.7921e+20
20230101T000001.100000,6,127,9694.79,5570.9,1119.72,0,0,0,51211.7,-85520,-17363.2,150896,-9977.4,200039,2.64135e+20
20230101T000001.100000,6,128,9154.82,4668.39,-924.96,0,0,0,36006.9,-67801.5,13543.5,134393,6906.32,168968,3.47144e+20
20230101T000001.100000,6,129,2919.81,2236.63,-138.844,0,0,0,8063.73,-10403.1,646.723,13675.5,495.403,21644.6,1.06134e+20
20230101T000001.100000,6,130,192.42,230.252,-9.67337,0,0,0,111.177,-39.3558,1.65652,96.9727,1.9822,144.133,9.15328e+27
20230101T000001.100000,3,109,1187.92,-1031.17,145.309,0,0,0,2500,0,0,2500,0,2500,0
20230101T000001.100000,3,110,7236.84,-9133,974.955,0,0,0,2500,0,0,2500,0,2500,0
20230101T000001.100000,3,111,7548.71,-5865.52,-63.2011,0,0,0,2500,0,0,2500,0,2500,0
20230101T000001.100000,3,112,2179.49,-1130.81,-314.758,0,0,0,2500,0,0,2500,0,2500,0
20230101T000001.100000,3,113,1013,-241.442,-44.0221,0,0,0,2500,0,0,2500,0,2500,0
20230101T000001.100000,3,114,6033.88,-3705.15,-200.919,0,0,0,2500,0,0,2500,0,2500,0
20230101T000001.100000,3,115,3550.44,-567.654,-162.569,0,0,0,2500,0,0,2500,0,2500,0
20230101T000001.100000,3,116,5090.4,591.262,236.604,0,0,0,2500,0,0,2500,0,2500,0
20230101T000001.100000,3,117,9694.79,5570.9,1119.72,0,0,0,2500,0,0,2500,0,2500,0
20230101T000001.100000,3,118,9154.82,4668.39,-924.96,0,0,0,2500,0,0,2500,0,2500,0
20230101T000001.100000,3,119,2919.81,2236.63,-138.844,0,0,0,2500,0,0,2500,0,2500,0
20230101T000001.100000,3,120,192.42,230.252,-9.67337,0,0,0,2500,0,0,2500,0,2500,0
20230101T000001.200000,6,131,941.579,-387.302,-223.214,0,0,0,360.415,533.951,323.896,1438.89,-133.229,1661.45,1.9918e+20
20230101T000001.200000,6,132,5431.12,-1185.94,695.056,0,0,0,3048.24,10131.3,-6032.2,47233.4,1317.19,49446.7,1.36961e+20
20230101T000001.200000,6,133,4815.59,-1949.19,-33.8599,0,0,0,6135.53,14995.5,260.502,37113.1,-105.443,43182.8,1.75481e+20
20230101T000001.200000,6,134,3740.31,414.651,696.889,0,0,0,1103.83,-2389.6,-4159.14,22394.1,-461.082,22661.1,8.32912e+19
20230101T000001.200000,6,135,9426.15,861.104,-1833.31,0,0,0,6580.7,-12494.2,27637.8,142209,2524.78,143352,2.13612e+20
20230101T000001.200000,6,136,228.434,194.274,-11.0422,0,0,0,97.5891,-39.3677,2.24307,110.398,1.90764,143.966,3.98718e+27
20230101T000001.200000,6,137,4898.38,7475.3,2048.52,0,0,0,91443.5,-55481.1,-16047.5,43130.6,-24489.7,127802,2.87035e+20
20230101T000001.200000,4,120,229.311,199.181,-10.9689,3.65253,-3.07637,-0.128267,105.945,-36.3111,1.52828,92.8398,1.82875,136.347,0
20230101T000001.200000,3,121,941.579,-387.302,-223.214,0,0,0,2500,0,0,2500,0,2500,0
20230101T000001.200000,3,122,5431.12,-1185.94,695.056,0,0,0,2500,0,0,2500,0,2500,0
20230101T000001.200000,3,123,4815.59,-1949.19,-33.8599,0,0,0,2500,0,0,2500,0,2500,0
20230101T000001.200000,3,124,3740.31,414.651,696.889,0,0,0,2500,0,0,2500,0,2500,0
20230101T000001.200000,3,125,9426.15,861.104,-1833.31,0,0,0,2500,0,0,2500,0,2500,0
20230101T000001.200000,3,126,4898.38,7475.3,2048.52,0,0,0,2500,0,0,2500,0,2500,0
20230101T000001.300000,6,138,2345.62,-3294.41,-471.218,0,0,0,17505.8,12166.2,1764.21,9080.72,-2477.82,26168.9,1.9703e+20
20230101T000001.300000,6,139,7820.34,-8986.91,764.688,0,0,0,129654,111954,-9565.51,98421.1,10992.4,227076,1.07903e+20
20230101T000001.300000,6,140,558.576,-692.257,201.355,0,0,0,816.34,557.23,-171.301,575.375,212.298,1269.08,1.36414e+20
20230101T000001.300000,6,141,11708.1,-2301.96,-719.931,0,0,0,9338.27,42953.4,13482.6,219359,-2650.86,227805,1.11848e+20
20230101T000001.300000,6,142,6899.33,-4446.65,-3.92158,0,0,0,31681.5,49057.1,43.2644,76180.1,-27.8841,107798,1.33626e+20
20230101T000001.300000,6,143,260.239,148.988,-11.3018,0,0,0,83.803,-34.3916,2.61553,124.186,1.49741,143.966,5.89227e+27
20230101T000001.300000,6,144,3032.04,2057.68,-11.5924,0,0,0,6818.46,-9952.52,56.0702,14729.4,38.0519,21483.7,1.41223e+20
20230101T000001.300000,6,145,5605.06,6274.95,1998.45,0,0,0,65862.7,-53069.5,-17912.7,53854.6,-20053.5,113270,1.40936e+20
20230101T000001.300000,4,119,2921.38,2209.3,-124.627,0.302285,-5.2553,2.73409,899.749,-1088.84,67.603,1487.1,51.7852,2318.31,0
20230101T000001.300000,3,127,2345.62,-3294.41,-471.218,0,0,0,2500,0,0,2500,0,2500,0
20230101T000001.300000,3,128,7820.34,-8986.91,764.688,0,0,0,2500,0,0,2500,0,2500,0
20230101T000001.300000,3,129,558.576,-692.257,201.355,0,0,0,2500,0,0,2500,0,2500,0
20230101T000001.300000,3,130,11708.1,-2301.96,-719.931,0,0,0,2500,0,0,2500,0,2500,0
20230101T000001.300000,3,131,6899.33,-4446.65,-3.92158,0,0,0,2500,0,0,2500,0,2500,0
20230101T000001.300000,3,132,260.239,148.988,-11.3018,0,0,0,2500,0,0,2500,0,2500,0
20230101T000001.300000,3,133,5605.06,6274.95,1998.45,0,0,0,2500,0,0,2500,0,2500,0
20230101T000001.400000,6,146,707.001,-773.718,-148.739,0,0,0,1002.48,826.362,162.248,853.239,-177.559,1758.85,1.54339e+20
20230101T000001.400000,6,147,7096.31,-9031.3,-1916.23,0,0,0,132770,99657.8,21750.6,84243,-27681.5,211077,1.29763e+20
20230101T000001.400000,6,148,5720.81,-4457.48,402.908,0,0,0,31992,40643.8,-3685.14,52486.5,2871.35,84155.1,2.33919e+20
20230101T000001.400000,6,149,6291.91,-3036.2,-84.644,0,0,0,14810.8,30536.1,851.418,63355.3,-410.857,78090.7,1.86176e+20
20230101T000001.400000,6,150,2462.15,217.26,-315.36,0,0,0,295.905,-836.436,1234.34,9701.23,108.918,9776.06,2.73428e+20
20230101T000001.400000,6,151,1404.09,17.8504,189.1,0,0,0,120.565,-38.5755,-416.358,3154.38,-5.29321,3156.01,1.32115e+20
20230101T000001.400000,6,152,7659.44,-201.193,1376.29,0,0,0,3155.29,2384.46,-16855.4,93869.2,442.745,93933.9,1.15484e+20
20230101T000001.400000,6,153,6209.61,790.499,1076.02,0,0,0,2883.97,-7614.05,-10680.1,61725.4,-1359.6,62696.5,1.20684e+20
20230101T000001.400000,6,154,10925.3,3780.81,216.079,0,0,0,22995,-66047.7,-3776.04,190996,-1306.73,213852,1.68425e+20
20230101T000001.400000,6,155,3585.88,1330.31,-138.683,0,0,0,2914.8,-7601.67,793.511,20585.1,294.381,23405.3,1.03037e+20
20230101T000001.400000,6,156,281.629,103.06,-10.0537,0,0,0,73.515,-25.756,2.51766,134.473,0.921313,143.97,7.71307e+27
20230101T000001.400000,6,157,5616.78,3753.98,-961.272,0,0,0,23613.1,-33024.4,8631.39,50953.1,5768.79,73026.2,1.31081e+20
20230101T000001.400000,6,158,1260.63,1384.17,51.1937,0,0,0,3096.36,-2757.94,-102.08,2579.93,-112.084,5608.19,1.2285e+20
20230101T000001.400000,6,159,8955.96,6137.7,1087.49,0,0,0,61604.9,-87038.5,-15578.1,128960,-10676,188610,1.30475e+20
20230101T000001.400000,6,160,6205.87,5582.94,-968.475,0,0,0,50735,-54657.6,9610.93,62320.1,8646.19,111492,1.13271e+20
20230101T000001.400000,6,161,6391.03,7256.85,-626.217,0,0,0,84560.9,-73863.2,6400.74,65741.6,7267.88,149612,1.07156e+20
20230101T000001.400000,6,162,3507.53,4286.32,-297.223,0,0,0,29478.3,-23954.5,1665.86,19807.3,2035.73,49080.6,5.13042e+20
20230101T000001.400000,6,163,4377.67,5112.66,395.814,0,0,0,41955.8,-35655.1,-2769.95,30843.9,-3235,72485.5,1.04006e+20
20230101T000001.400000,4,132,284.104,107.353,-10.1211,2.36285,-4.1223,0.116904,80.6902,-31.7333,2.41317,117.951,1.38156,136.197,0
20230101T000001.400000,3,134,707.001,-773.718,-148.739,0,0,0,2500,0,0,2500,0,2500,0
20230101T000001.400000,3,135,7096.31,-9031.3,-1916.23,0,0,0,2500,0,0,2500,0,2500,0
20230101T000001.400000,3,136,5720.81,-4457.48,402.908,0,0,0,2500,0,0,2500,0,2500,0
20230101T000001.400000,3,137,6291.91,-3036.2,-84.644,0,0,0,2500,0,0,2500,0,2500,0
20230101T000001.400000,3,138,2462.15,217.26,-315.36,0,0,0,2500,0,0,2500,0,2500,0
20230101T000001.400000,3,139,1404.09,17.8504,189.1,0,0,0,2500,0,0,2500,0,2500,0
20230101T000001.400000,3,140,7659.44,-201.193,1376.29,0,0,0,2500,0,0,2500,0,2500,0
20230101T000001.400000,3,141,6209.61,790.499,1076.02,0,0,0,2500,0,0,2500,0,2500,0
20230101T000001.400000,3,142,10925.3,3780.81,216.079,0,0,0,2500,0,0,2500,0,2500,0
20230101T000001.400000,3,143,3585.88,1330.31,-138.683,0,0,0,2500,0,0,2500,0,2500,0
20230101T000001.400000,3,144,5616.78,3753.98,-961.272,0,0,0,2500,0,0,2500,0,2500,0
20230101T000001.400000,3,145,1260.63,1384.16,51.1937,0,0,0,2500,0,0,2500,0,2500,0
20230101T000001.400000,3,146,8955.96,6137.7,1087.49,0,0,0,2500,0,0,2500,0,2500,0
20230101T000001.400000,3,147,6205.87,5582.94,-968.475,0,0,0,2500,0,0,2500,0,2500,0
20230101T000001.400000,3,148,6391.03,7256.85,-626.217,0,0,0,2500,0,0,2500,0,2500,0
20230101T000001.400000,3,149,3507.53,4286.32,-297.223,0,0,0,2500,0,0,2500,0,2500,0
20230101T000001.400000,3,150,4377.67,5112.66,395.813,0,0,0,2500,0,0,2500,0,2500,0
20230101T000001.500000,6,164,853.959,-1150.94,7.01127,0,0,0,2142.23,1541.91,-9.39318,1208.12,12.6599,3286.27,1.37588e+20
20230101T000001.500000,6,165,8917.88,-7990.67,828.962,0,0,0,102806,113438,-11824.9,127764,10595.4,229407,1.28552e+20
20230101T000001.500000,6,166,6929.65,-6445.61,1461.85,0,0,0,68340,69728.9,-16201.1,78447,15069.5,143307,2.22448e+20
20230101T000001.500000,6,167,6907.02,-2712.83,755.026,0,0,0,12620.2,29648.2,-8337.97,76461.4,3274.86,88106.8,1.73484e+20
20230101T000001.500000,6,168,7416.16,-3417.11,-1225.55,0,0,0,20716.5,39609.7,14533.6,88430.8,-6696.59,106683,2.56024e+20
20230101T000001.500000,6,169,1524.44,-124.552,-64.5709,0,0,0,94.9102,298.068,154.807,3718.74,-12.6482,3743.21,2.20036e+20
20230101T000001.500000,6,170,295.178,52.9875,-11.2286,0,0,0,66.603,-13.8757,2.94785,141.41,0.529168,143.99,1.00254e+28
20230101T000001.500000,6,171,8737.68,3202.35,-694.011,0,0,0,17143.6,-44500.3,9698.02,122254,3554.32,138564,2.54693e+20
20230101T000001.500000,6,172,5763.64,8029.53,1150.8,0,0,0,103899,-73013.2,-10608.2,54591.4,-14778.7,156309,1.81292e+20
20230101T000001.500000,6,173,670.634,555.184,-210.6,0,0,0,571.148,-531.163,214.711,773.044,177.748,1216.3,3.41462e+20
20230101T000001.500000,6,174,5266.81,6129.15,-1341.92,0,0,0,61356.6,-50194.7,11301.4,46076,13151.8,104491,1.41543e+20
20230101T000001.500000,6,175,4144.07,5968.46,661.488,0,0,0,57244.4,-39216.2,-4382.71,27992.5,-6312.16,84473.9,8.90548e+19
20230101T000001.500000,6,176,3730.46,4450.02,-1193.05,0,0,0,32649.5,-25409.6,7112.89,23639.7,8484.86,53953,2.32014e+20
20230101T000001.500000,6,177,5328.76,4050.55,29.3879,0,0,0,26292.6,-34503.6,-250.338,45457,-190.29,71684.2,9.32306e+19
20230101T000001.500000,3,151,853.959,-1150.94,7.01127,0,0,0,2500,0,0,2500,0,2500,0
20230101T000001.500000,3,152,8917.88,-7990.67,828.962,0,0,0,2500,0,0,2500,0,2500,0
20230101T000001.500000,3,153,6929.65,-6445.61,1461.85,0,0,0,2500,0,0,2500,0,2500,0
20230101T000001.500000,3,154,6907.02,-2712.83,755.026,0,0,0,2500,0,0,2500,0,2500,0
20230101T000001.500000,3,155,7416.16,-3417.11,-1225.55,0,0,0,2500,0,0,2500,0,2500,0
20230101T000001.500000,3,156,1524.44,-124.552,-64.5709,0,0,0,2500,0,0,2500,0,2500,0
20230101T000001.500000,3,157,295.178,52.9875,-11.2286,0,0,0,2500,0,0,2500,0,2500,0
20230101T000001.500000,3,158,8737.68,3202.35,-694.011,0,0,0,2500,0,0,2500,0,2500,0
20230101T000001.500000,3,159,5763.64,8029.53,1150.8,0,0,0,2500,0,0,2500,0,2500,0
20230101T000001.500000,3,160,670.634,555.184,-210.6,0,0,0,2500,0,0,2500,0,2500,0
20230101T000001.500000,3,161,5266.81,6129.15,-1341.92,0,0,0,2500,0,0,2500,0,2500,0
20230101T000001.500000,3,162,4144.07,5968.46,661.488,0,0,0,2500,0,0,2500,0,2500,0
20230101T000001.500000,3,163,3730.46,4450.02,-1193.05,0,0,0,2500,0,0,2500,0,2500,0
20230101T000001.500000,3,164,5328.76,4050.55,29.3879,0,0,0,2500,0,0,2500,0,2500,0
20230101T000001.600000,6,178,3193.57,-3992.22,-1167.81,0,0,0,26375.7,19305,5958.51,17685.9,-7448.61,41821.9,2.07259e+20
20230101T000001.600000,6,179,4375.4,-4999.94,90.9067,0,0,0,40032.6,34964.5,-635.828,30674.3,726.587,70629.7,8.99147e+19
20230101T000001.600000,6,180,8320.11,-3560.02,308.479,0,0,0,20460.8,47313.5,-4104.53,110792,1756.25,131037,1.5379e+20
20230101T000001.600000,6,181,4493.14,-1490.11,911.046,0,0,0,4804.69,10297.2,-6538.25,32438.9,2168.35,35856.2,1.06359e+20
20230101T000001.600000,6,182,299.939,2.0876,-10.517,0,0,0,64.1023,-0.555737,2.80591,143.945,0.0195293,144.027,4.43472e+27
20230101T000001.600000,6,183,4819.18,47.4572,109.361,0,0,0,86.6983,-365.109,-841.798,37159.2,-8.28967,37162.8,1.06735e+20
20230101T000001.600000,6,184,1318.16,422.727,7.43074,0,0,0,344.027,-872.922,-15.3448,2786.07,-4.92097,3066.01,2.30953e+20
20230101T000001.600000,6,185,10382.4,2334.14,-450.006,0,0,0,9086.38,-38691.3,7472.77,172489,1680.01,181187,2.05422e+20
20230101T000001.600000,6,186,2800.16,3614.08,201.536,0,0,0,20946.9,-16129.6,-901.211,12626,-1163.16,33444.1,8.65739e+19
20230101T000001.600000,6,187,7614.58,7258.25,-1444.89,0,0,0,86074.6,-86730.1,17597.3,94391.1,16773.8,177064,2.15703e+20
20230101T000001.600000,4,157,303.782,5.33755,-10.5555,0.851823,-4.71782,0.0666477,64.8197,-12.803,2.71976,133.844,0.488224,136.219,0
20230101T000001.600000,3,165,3193.57,-3992.22,-1167.81,0,0,0,2500,0,0,2500,0,2500,0
20230101T000001.600000,3,166,4375.4,-4999.94,90.9067,0,0,0,2500,0,0,2500,0,2500,0
20230101T000001.600000,3,167,8320.11,-3560.02,308.479,0,0,0,2500,0,0,2500,0,2500,0
20230101T000001.600000,3,168,4493.14,-1490.11,911.046,0,0,0,2500,0,0,2500,0,2500,0
20230101T000001.600000,3,169,4819.18,47.4572,109.361,0,0,0,2500,0,0,2500,0,2500,0
20230101T000001.600000,3,170,1318.16,422.727,7.43074,0,0,0,2500,0,0,2500,0,2500,0
20230101T000001.600000,3,171,10382.4,2334.14,-450.006,0,0,0,2500,0,0,2500,0,2500,0
20230101T000001.600000,3,172,2800.16,3614.08,201.536,0,0,0,2500,0,0,2500,0,2500,0
20230101T000001.600000,3,173,7614.58,7258.25,-1444.89,0,0,0,2500,0,0,2500,0,2500,0
20230101T000001.700000,6,188,1045.61,-987.668,-179.245,0,0,0,1621.25,1595.22,294.163,1803.23,-277.863,3311.04,1.51467e+20
20230101T000001.700000,6,189,8825.54,-7241.74,-53.7163,0,0,0,83949.6,102226,758.289,124652,-622.209,208533,9.04553e+19
20230101T000001.700000,6,190,8324.97,-6066.02,920.339,0,0,0,59801.2,80123.8,-12254.3,111380,8929.13,169763,1.16334e+20
20230101T000001.700000,6,191,1179.39,-257.819,-185.754,0,0,0,218.711,461.948,341.124,2230.91,-74.5709,2333.37,2.85123e+20
20230101T000001.700000,6,192,2643.05,-1425.59,597.012,0,0,0,3741.12,5764.62,-2513.91,11319.5,1355.94,14431.2,9.81775e+19
20230101T000001.700000,6,193,295.35,-51.7032,-10.0754,0,0,0,66.4617,13.547,2.64529,141.477,-0.463076,143.92,5.76317e+27
20230101T000001.700000,6,194,3470.14,-252.073,-706.763,0,0,0,957.834,1337.38,3911.66,19271.6,-284.145,19371.2,1.77522e+20
20230101T000001.700000,6,195,295.264,-51.8572,-10.6536,0,0,0,66.4855,13.5773,2.7957,141.407,-0.491009,143.873,5.706e+27
20230101T000001.700000,6,196,3844.62,2354.53,-566.661,0,0,0,9289.53,-14226.8,3479,23807.1,2130.61,32520.9,2.61645e+20
20230101T000001.700000,6,197,10549.1,5496.03,-2130.47,0,0,0,54090.8,-89763.5,35949.2,179616,18729.4,226385,2.14335e+20
20230101T000001.700000,6,198,1960.47,2470.05,-194.315,0,0,0,9809.81,-7687.45,607.075,6225.66,764.871,15911.5,1.58404e+20
20230101T000001.700000,6,199,6358.34,4828.56,1228.07,0,0,0,38874.1,-47930.3,-12485.9,65591.1,-9481.9,101991,2.16022e+20
20230101T000001.700000,6,200,4084.85,5932.16,-939.49,0,0,0,56779.3,-38082.1,6135.62,27698.3,8910.36,83003.5,2.6565e+20
20230101T000001.700000,3,174,1045.61,-987.668,-179.245,0,0,0,2500,0,0,2500,0,2500,0
20230101T000001.700000,3,175,8825.54,-7241.74,-53.7163,0,0,0,2500,0,0,2500,0,2500,0
20230101T000001.700000,3,176,8324.97,-6066.02,920.339,0,0,0,2500,0,0,2500,0,2500,0
20230101T000001.700000,3,177,1179.39,-257.819,-185.754,0,0,0,2500,0,0,2500,0,2500,0
20230101T000001.700000,3,178,2643.05,-1425.59,597.012,0,0,0,2500,0,0,2500,0,2500,0
20230101T000001.700000,3,179,295.351,-51.7032,-10.0754,0,0,0,2500,0,0,2500,0,2500,0
20230101T000001.700000,3,180,3470.14,-252.073,-706.763,0,0,0,2500,0,0,2500,0,2500,0
20230101T000001.700000,3,181,295.264,-51.8572,-10.6536,0,0,0,2500,0,0,2500,0,2500,0
20230101T000001.700000,3,182,3844.62,2354.53,-566.661,0,0,0,2500,0,0,2500,0,2500,0
20230101T000001.700000,3,183,10549.1,5496.03,-2130.47,0,0,0,2500,0,0,2500,0,2500,0
20230101T000001.700000,3,184,1960.47,2470.05,-194.315,0,0,0,2500,0,0,2500,0,2500,0
20230101T000001.700000,3,185,6358.34,4828.56,1228.07,0,0,0,2500,0,0,2500,0,2500,0
20230101T000001.700000,3,186,4084.85,5932.16,-939.49,0,0,0,2500,0,0,2500,0,2500,0
20230101T000001.800000,6,201,2392.18,-1506.9,-359.848,0,0,0,3826.62,5645.82,1370.53,9232.81,-863.336,12790.3,1.69055e+20
20230101T000001.800000,6,202,2664.94,-2956.1,584.089,0,0,0,14254.5,12301.9,-2484.34,11698.7,2755.78,25346.1,7.50026e+19
20230101T000001.800000,6,203,281.958,-102.36,-11.5096,0,0,0,73.4158,25.6116,2.88746,134.666,-1.04825,144.058,1.82498e+26
20230101T000001.800000,6,204,6693.7,-2987.2,-836.277,0,0,0,15263.2,31552.7,8949.88,71885.2,-3994.06,85967.1,8.64662e+19
20230101T000001.800000,6,205,4951.42,2921.5,1305.96,0,0,0,15725.5,-21923.9,-10334.3,39946.9,-6097.56,52885.9,1.60245e+20
20230101T000001.800000,6,206,4546.37,2082.96,-226.845,0,0,0,7062.83,-15096.5,1647.48,33096.6,754.81,40013.3,4.42164e+20
20230101T000001.800000,6,207,8220.27,4471.74,-857.094,0,0,0,32950.2,-58294.2,11267.8,108399,6129.54,140111,1.66446e+20
20230101T000001.800000,6,208,3257.57,2805.62,49.5994,0,0,0,12633.4,-14589.6,-257.958,17007.7,-222.17,29573.2,1.07484e+20
20230101T000001.800000,6,209,6089.22,5704.74,-1939.35,0,0,0,55307.6,-52547.1,18884.4,62167.1,17692,111399,1.71186e+20
20230101T000001.800000,4,181,286.883,-100.603,-11.4631,-0.82981,-4.82629,-0.0801487,64.7113,12.5282,2.57951,133.844,-0.45304,136.114,0
20230101T000001.800000,3,187,2392.18,-1506.9,-359.848,0,0,0,2500,0,0,2500,0,2500,0
20230101T000001.800000,3,188,2664.94,-2956.1,584.089,0,0,0,2500,0,0,2500,0,2500,0
20230101T000001.800000,3,189,6693.7,-2987.2,-836.277,0,0,0,2500,0,0,2500,0,2500,0
20230101T000001.800000,3,190,4951.42,2921.5,1305.96,0,0,0,2500,0,0,2500,0,2500,0
20230101T000001.800000,3,191,4546.37,2082.96,-226.845,0,0,0,2500,0,0,2500,0,2500,0
20230101T000001.800000,3,192,8220.27,4471.74,-857.094,0,0,0,2500,0,0,2500,0,2500,0
20230101T000001.800000,3,193,3257.57,2805.62,49.5994,0,0,0,2500,0,0,2500,0,2500,0
20230101T000001.800000,3,194,6089.22,5704.74,-1939.35,0,0,0,2500,0,0,2500,0,2500,0
20230101T000001.900000,6,210,4449.58,-2836.23,-15.1624,0,0,0,12916.5,20162.8,107.791,31696.5,-68.7077,44548.7,9.1745e+19
20230101T000001.900000,6,211,259.566,-150.199,-10.3163,0,0,0,84.1122,34.5932,2.38109,123.877,-1.37783,143.97,7.66637e+25
20230101T000001.900000,6,212,4981.78,-2847.27,-1203.81,0,0,0,14765,21669.8,9584.2,40295.1,-5477.71,52682.9,2.17865e+20
20230101T000001.900000,6,213,5923.21,-2201.58,-785.994,0,0,0,8679,20521.3,7441.62,56262.7,-2765.96,63891.2,7.47791e+19
20230101T000001.900000,6,214,3532.29,-181.101,308.374,0,0,0,267.578,1012.49,-1737.29,19963.9,89.0711,20016.3,1.12735e+20
20230101T000001.900000,6,215,8101.89,-378.173,-1712.71,0,0,0,4973.14,4680.82,22188.9,105035,-1035.72,105256,2.14315e+20
20230101T000001.900000,6,216,8937.53,-249.345,-4.83105,0,0,0,163.464,3563.85,69.0497,127807,-1.92639,127907,1.68105e+20
20230101T000001.900000,6,217,4425.05,1149.23,-436.632,0,0,0,2458.34,-8046.99,3085.53,31353,801.343,33443.4,2.18987e+20
20230101T000001.900000,6,218,11486.3,3641.08,-221.975,0,0,0,21341.7,-66874.9,4078.36,211109,1292.81,232308,1.61938e+20
20230101T000001.900000,6,219,8194.45,4526.56,-232.373,0,0,0,32898.9,-59284.7,3045.27,107474,1682.19,140222,8.66894e+19
20230101T000001.900000,6,220,1309.51,1170.46,94.3108,0,0,0,2235.35,-2413.59,-195.046,2778.36,-174.336,4935.85,1.30099e+20
20230101T000001.900000,6,221,2940.53,3239.16,958.865,0,0,0,17479.6,-14477.2,-4502.32,14674.7,-4959.55,30625.1,1.34065e+20
20230101T000001.900000,6,222,7581.46,5403.18,-1009.91,0,0,0,47835.1,-64741.2,12245,92536.7,8726.78,138677,8.46762e+19
20230101T000001.900000,6,223,4154.4,4956.25,-1019.48,0,0,0,40015.1,-32094.9,6770.22,28627.8,8076.95,66919,1.2477e+20
20230101T000001.900000,4,179,278.187,-150.022,-10.3037,-3.30067,-18.9075,-0.0439077,64.7391,12.5284,2.44624,134.114,-0.428232,136.369,0
20230101T000001.900000,4,192,8192.85,4458.04,-843.267,-2.71498,-1.35625,1.36899,630.065,-1006.51,192.946,1932.77,104.961,2460.55,0
20230101T000001.900000,3,195,4449.57,-2836.23,-15.1624,0,0,0,2500,0,0,2500,0,2500,0
20230101T000001.900000,3,196,4981.78,-2847.27,-1203.81,0,0,0,2500,0,0,2500,0,2500,0
20230101T000001.900000,3,197,5923.21,-2201.58,-785.994,0,0,0,2500,0,0,2500,0,2500,0
20230101T000001.900000,3,198,3532.29,-181.101,308.374,0,0,0,2500,0,0,2500,0,2500,0
20230101T000001.900000,3,199,8101.89,-378.173,-1712.71,0,0,0,2500,0,0,2500,0,2500,0
20230101T000001.900000,3,200,8937.53,-249.345,-4.83105,0,0,0,2500,0,0,2500,0,2500,0
20230101T000001.900000,3,201,4425.05,1149.23,-436.632,0,0,0,2500,0,0,2500,0,2500,0
20230101T000001.900000,3,202,11486.3,3641.08,-221.975,0,0,0,2500,0,0,2500,0,2500,0
20230101T000001.900000,3,203,1309.51,1170.46,94.3108,0,0,0,2500,0,0,2500,0,2500,0
20230101T000001.900000,3,204,2940.53,3239.16,958.865,0,0,0,2500,0,0,2500,0,2500,0
20230101T000001.900000,3,205,7581.46,5403.18,-1009.91,0,0,0,2500,0,0,2500,0,2500,0
20230101T000001.900000,3,206,4154.4,4956.25,-1019.48,0,0,0,2500,0,0,2500,0,2500,0
20230101T000002,6,224,1768.99,-2149.47,-78.5262,0,0,0,7422.16,6047.59,221.113,5050.91,-268.671,12399.3,1.61694e+20
20230101T000002,6,225,229.65,-193.14,-10.6687,0,0,0,97.2301,39.3913,2.18085,110.939,-1.83413,144.149,1.07212e+26
20230101T000002,6,226,5478.74,-3698.06,-677.873,0,0,0,22429.7,32046.9,5936.84,48276.6,-4007.27,69908.4,9.06541e+19
20230101T000002,6,227,10832,-5319.52,-1664.48,0,0,0,48897.7,90414.5,28839.6,188604,-14163,233007,1.32371e+20
20230101T000002,6,228,1264.12,237.99,-26.1955,0,0,0,153.467,-469.525,51.7025,2559.02,9.73379,2647.44,1.35935e+20
20230101T000002,6,229,11344.2,-1913.19,-1163.22,0,0,0,8023.17,34360.4,21107,205967,-3559.69,211762,1.96858e+20
20230101T000002,6,230,9005.8,5246.11,-594.342,0,0,0,44504.3,-75319.1,8560.9,129926,4986.95,173802,9.95084e+19
20230101T000002,6,231,6790.29,2846.38,1701.11,0,0,0,16952.7,-29252,-18468.7,74473.9,-7741.77,86739.1,1.21457e+20
20230101T000002,6,232,8689.3,2327.28,1035.85,0,0,0,10326.8,-31911.1,-14394.2,120926,-3855.25,129473,9.82514e+19
20230101T000002,6,233,2570.05,1967.51,165.04,0,0,0,6261.48,-8038.72,-676.074,10608,-517.57,16762.2,1.9585e+20
20230101T000002,6,234,2234.05,1860.2,-216.902,0,0,0,5618.57,-6580.92,771.663,8042.42,642.531,13522.4,1.73393e+20
20230101T000002,6,235,1485.79,953.249,-187.052,0,0,0,1538.39,-2211.91,439.026,3566.88,281.67,4986.71,1.41324e+20
20230101T000002,6,236,3006.21,3609.26,127.409,0,0,0,20879.7,-17316.1,-611.719,14512.7,-734.432,35302.5,6.15353e+20
20230101T000002,6,237,5915.25,7835.39,1983.51,0,0,0,100537,-71100.7,-18765.3,60033.2,-24856.6,154216,1.48537e+20
20230101T000002,3,207,1768.99,-2149.47,-78.5262,0,0,0,2500,0,0,2500,0,2500,0
20230101T000002,3,208,229.65,-193.14,-10.6687,0,0,0,2500,0,0,2500,0,2500,0
20230101T000002,3,209,5478.74,-3698.06,-677.873,0,0,0,2500,0,0,2500,0,2500,0
20230101T000002,3,210,10832,-5319.52,-1664.48,0,0,0,2500,0,0,2500,0,2500,0
20230101T000002,3,211,1264.12,237.99,-26.1955,0,0,0,2500,0,0,2500,0,2500,0
20230101T000002,3,212,11344.2,-1913.19,-1163.22,0,0,0,2500,0,0,2500,0,2500,0
20230101T000002,3,213,9005.8,5246.11,-594.342,0,0,0,2500,0,0,2500,0,2500,0
20230101T000002,3,214,6790.29,2846.38,1701.11,0,0,0,2500,0,0,2500,0,2500,0
20230101T000002,3,215,8689.3,2327.28,1035.85,0,0,0,2500,0,0,2500,0,2500,0
20230101T000002,3,216,2570.05,1967.51,165.04,0,0,0,2500,0,0,2500,0,2500,0
20230101T000002,3,217,2234.05,1860.2,-216.902,0,0,0,2500,0,0,2500,0,2500,0
20230101T000002,3,218,1485.79,953.249,-187.052,0,0,0,2500,0,0,2500,0,2500,0
20230101T000002,3,219,3006.21,3609.26,127.409,0,0,0,2500,0,0,2500,0,2500,0
20230101T000002,3,220,5915.25,7835.39,1983.51,0,0,0,2500,0,0,2500,0,2500,0
20230101T000002.100000,6,238,6743.08,-7034.36,-1759.52,0,0,0,81573.4,73387.7,18975.6,75364.2,-19795.3,151924,1.79445e+20
20230101T000002.100000,6,239,6824.95,-6460.89,-1461.66,0,0,0,68624.6,68814.6,15954.2,76173,-15103.2,141318,1.77033e+20
20230101T000002.100000,6,240,4818.86,-2418.82,403.713,0,0,0,9620.26,18519.5,-3108.44,37219.5,1560.28,46515.7,1.80908e+20
20230101T000002.100000,6,241,1209.06,-175.196,-198.656,0,0,0,172.023,321.105,374.266,2341.51,-54.2319,2389.69,1.5444e+20
20230101T000002.100000,6,242,8741.48,-495.93,-332.958,0,0,0,634.025,6922.61,4654.44,122262,-264.06,122655,1.01791e+20
20230101T000002.100000,6,243,9327.08,5713.88,919.964,0,0,0,53268.4,-84638.6,-13724.4,139578,-8407.72,191429,1.23565e+20
20230101T000002.100000,6,244,1967.88,484.968,321.085,0,0,0,590.677,-1474.15,-1001.37,6209.11,-246.779,6573.97,1.28783e+20
20230101T000002.100000,6,245,7613.45,3005.91,-800.615,0,0,0,15398.9,-36244.6,9746.95,92890.3,3848.24,107201,1.70254e+20
20230101T000002.100000,6,246,8055.85,4168.96,554.258,0,0,0,28246.4,-53508.6,-7140.57,103952,-3695.3,131643,1.32612e+20
20230101T000002.100000,6,247,1750.61,1638.82,-466.232,0,0,0,4515.41,-4386.02,1297.15,5094.67,1214.32,9202.95,2.09685e+20
20230101T000002.100000,6,248,8192.02,7286.44,-536.393,0,0,0,85240.2,-95244.8,7028.29,107606,6251.35,192322,1.13999e+20
20230101T000002.100000,6,249,8025.44,6259.5,106.24,0,0,0,62741.1,-80336.6,-1363.67,103083,-1063.6,165742,8.93686e+20
20230101T000002.100000,6,250,190.621,228.069,40.5108,0,0,0,110.146,-37.3497,-6.86376,96.6758,-8.21214,142.53,8.81885e+26
20230101T000002.100000,6,251,4828.47,3203.72,191.351,0,0,0,16507.2,-24694.1,-1476.54,37340.1,-979.692,53724.9,2.13053e+20
20230101T000002.100000,6,252,5630.2,3460.39,-691.632,0,0,0,19760.3,-30802.6,6224.8,50945.9,3825.84,69878.2,1.09996e+20
20230101T000002.100000,3,221,6743.08,-7034.36,-1759.52,0,0,0,2500,0,0,2500,0,2500,0
20230101T000002.100000,3,222,6824.95,-6460.89,-1461.66,0,0,0,2500,0,0,2500,0,2500,0
20230101T000002.100000,3,223,4818.86,-2418.82,403.713,0,0,0,2500,0,0,2500,0,2500,0
20230101T000002.100000,3,224,1209.06,-175.196,-198.656,0,0,0,2500,0,0,2500,0,2500,0
20230101T000002.100000,3,225,8741.48,-495.93,-332.958,0,0,0,2500,0,0,2500,0,2500,0
20230101T000002.100000,3,226,9327.08,5713.88,919.964,0,0,0,2500,0,0,2500,0,2500,0
20230101T000002.100000,3,227,1967.88,484.968,321.085,0,0,0,2500,0,0,2500,0,2500,0
20230101T000002.100000,3,228,7613.45,3005.91,-800.615,0,0,0,2500,0,0,2500,0,2500,0
20230101T000002.100000,3,229,8055.85,4168.96,554.258,0,0,0,2500,0,0,2500,0,2500,0
20230101T000002.100000,3,230,1750.61,1638.82,-466.232,0,0,0,2500,0,0,2500,0,2500,0
20230101T000002.100000,3,231,8192.02,7286.44,-536.393,0,0,0,2500,0,0,2500,0,2500,0
20230101T000002.100000,3,232,8025.44,6259.5,106.24,0,0,0,2500,0,0,2500,0,2500,0
20230101T000002.100000,3,233,190.621,228.069,40.5108,0,0,0,2500,0,0,2500,0,2500,0
20230101T000002.100000,3,234,4828.47,3203.72,191.351,0,0,0,2500,0,0,2500,0,2500,0
20230101T000002.100000,3,235,5630.2,3460.39,-691.632,0,0,0,2500,0,0,2500,0,2500,0
20230101T000002.200000,6,253,3047.7,-2539.41,-560.153,0,0,0,10651.1,12105.2,2724.68,15093,-2270.26,25180.6,2.5745e+20
20230101T000002.200000,6,254,5365.28,-7853.78,1474.08,0,0,0,99817.2,65771.9,-12648.7,48470.9,18515.4,144750,1.3966e+20
20230101T000002.200000,6,255,5778.11,-7545.04,-2273.72,0,0,0,94164.5,65731.6,21011.7,58670.5,-27437,144506,2.33572e+20
20230101T000002.200000,6,256,6975.56,-2234.72,1176.44,0,0,0,10055.3,24280,-13120.6,78065.5,4203.37,85845.6,4.52499e+20
20230101T000002.200000,6,257,11794.5,6.14768,1493.82,0,0,0,3633.44,-114.121,-28182.3,222578,-14.6895,222579,1.76873e+20
20230101T000002.200000,6,258,11663.3,2310.1,-1519.03,0,0,0,12151.7,-42393.7,28339,217793,5613.01,226191,2.82395e+20
20230101T000002.200000,6,259,3822.5,-63.1746,-178.822,0,0,0,121.378,384.476,1090.69,23378.5,-18.0258,23385,1.0234e+20
20230101T000002.200000,6,260,4975.95,666.621,346.849,0,0,0,962.679,-5273.6,-2757.08,39620.6,-369.362,40327.4,7.38838e+19
20230101T000002.200000,6,261,1675.34,659.323,292.627,0,0,0,868.155,-1699.4,-774.966,4517.54,-304.985,5187.98,1.17389e+20
20230101T000002.200000,6,262,8206.23,3790.35,2383.08,0,0,0,30525,-46285.4,-31275.4,109356,-14445.7,130739,3.46264e+20
20230101T000002.200000,6,263,1069.31,1456.25,62.1913,0,0,0,3417.61,-2458.03,-105.1,1875.02,-143.132,5222.59,1.21824e+20
20230101T000002.200000,6,264,7150.13,7291.52,-1284.47,0,0,0,86391,-82065.5,14689,83176.9,14979.5,166866,1.3869e+20
20230101T000002.200000,6,265,7638.25,8651.04,-721.599,0,0,0,120138,-105281,8816.17,93852.6,9985.14,213094,1.35363e+20
20230101T000002.200000,6,266,6181.52,5027.01,1115.57,0,0,0,41669.7,-48713.9,-11026.6,61955.5,-8967.21,101572,2.1931e+20
20230101T000002.200000,6,267,229.448,188.041,45.0331,0,0,0,95.9395,-36.7724,-9.18744,110.673,-7.52943,142.251,4.0798e+27
20230101T000002.200000,6,268,6570.33,5297.5,1558.91,0,0,0,47295.6,-53760,-16379.2,70627.1,-13206.1,113975,1.57786e+20
20230101T000002.200000,6,269,4196.54,4418.23,875.148,0,0,0,31844.2,-29022.9,-5869.94,28854.7,-6180.04,59412.1,1.49273e+20
20230101T000002.200000,6,270,4595.41,4425.86,225.309,0,0,0,31416.5,-32469.3,-1655,33858.4,-1593.93,65129.8,1.09681e+20
20230101T000002.200000,4,233,230.907,193.725,44.793,3.98868,-3.40043,0.423986,105.036,-34.4959,-6.33295,92.5957,-7.57706,134.875,0
20230101T000002.200000,3,236,3047.7,-2539.41,-560.153,0,0,0,2500,0,0,2500,0,2500,0
20230101T000002.200000,3,237,5365.28,-7853.78,1474.08,0,0,0,2500,0,0,2500,0,2500,0
20230101T000002.200000,3,238,5778.11,-7545.04,-2273.72,0,0,0,2500,0,0,2500,0,2500,0
20230101T000002.200000,3,239,6975.56,-2234.72,1176.44,0,0,0,2500,0,0,2500,0,2500,0
20230101T000002.200000,3,240,11794.5,6.14768,1493.82,0,0,0,2500,0,0,2500,0,2500,0
20230101T000002.200000,3,241,11663.3,2310.1,-1519.03,0,0,0,2500,0,0,2500,0,2500,0
20230101T000002.200000,3,242,3822.5,-63.1746,-178.822,0,0,0,2500,0,0,2500,0,2500,0
20230101T000002.200000,3,243,4975.95,666.621,346.849,0,0,0,2500,0,0,2500,0,2500,0
20230101T000002.200000,3,244,1675.34,659.323,292.627,0,0,0,2500,0,0,2500,0,2500,0
20230101T000002.200000,3,245,8206.23,3790.35,2383.08,0,0,0,2500,0,0,2500,0,2500,0
20230101T000002.200000,3,246,1069.31,1456.25,62.1913,0,0,0,2500,0,0,2500,0,2500,0
20230101T000002.200000,3,247,7150.13,7291.52,-1284.47,0,0,0,2500,0,0,2500,0,2500,0
20230101T000002.200000,3,248,7638.25,8651.04,-721.599,0,0,0,2500,0,0,2500,0,2500,0
20230101T000002.200000,3,249,6181.52,5027.01,1115.57,0,0,0,2500,0,0,2500,0,2500,0
20230101T000002.200000,3,250,6570.33,5297.5,1558.91,0,0,0,2500,0,0,2500,0,2500,0
20230101T000002.200000,3,251,4196.54,4418.23,875.148,0,0,0,2500,0,0,2500,0,2500,0
20230101T000002.200000,3,252,4595.41,4425.86,225.309,0,0,0,2500,0,0,2500,0,2500,0
20230101T000002.300000,6,271,8533.67,-6788.75,-2194.97,0,0,0,78498,88907.1,29960.1,119529,-23834,190259,2.88064e+20
20230101T000002.300000,6,272,5220.85,-5204.32,1506.73,0,0,0,45188.7,41626.7,-12577.4,45452.7,12537.6,86950.1,1.2966e+20
20230101T000002.300000,6,273,3458.3,-4769.44,223.391,0,0,0,36445.6,26322.3,-1234.66,19229.9,1702.76,55531.8,1.53149e+20
20230101T000002.300000,6,274,5385.66,-3576.65,73.5861,0,0,0,20518.3,30786.7,-633.489,46430.7,420.704,66876.4,1.64553e+20
20230101T000002.300000,6,275,3077.51,-1354.86,-241.477,0,0,0,3068.51,6613.45,1184.85,15179.2,-521.625,18091,1.6767e+20
20230101T000002.300000,6,276,1099.84,41.3404,-122.776,0,0,0,89.9429,-69.4708,209.009,1935.58,7.85611,1938.97,1.32555e+20
20230101T000002.300000,6,277,2196.17,158.599,-239.669,0,0,0,194.597,-546.149,835.299,7717.87,60.322,7758.06,1.0451e+20
20230101T000002.300000,6,278,4127.62,-631.327,-953.987,0,0,0,2120.01,3942.69,6286.58,27294.3,-961.544,27900.5,1.92435e+20
20230101T000002.300000,6,279,10998,-2105.99,392.92,0,0,0,7396.26,37001.4,-6911.96,193542,1323.55,200628,1.74417e+20
20230101T000002.300000,6,280,10466,-2010.07,954.146,0,0,0,7930.67,33378.3,-15972.1,175313,3067.57,181724,1.30878e+20
20230101T000002.300000,6,281,4721.62,-245.353,-510.837,0,0,0,575.811,1828.62,3852.34,35671.2,-200.182,35767,1.49527e+20
20230101T000002.300000,6,282,4798.35,-723.362,-568.861,0,0,0,1405.19,5467.88,4360.03,36851.5,-657.284,37676.7,1.22598e+20
20230101T000002.300000,6,283,2310.86,1193.55,-159.127,0,0,0,2361.61,-4370.49,584.888,8566.11,302.091,10823.7,1.48024e+20
20230101T000002.300000,6,284,9088.57,5102.85,-2691.63,0,0,0,50521.7,-69230.2,39127.3,134956,21968.4,173830,1.83658e+20
20230101T000002.300000,6,285,256.723,149.184,43.3099,0,0,0,84.6999,-32.7513,-9.88662,122.028,-5.74518,142.393,3.3687e+27
20230101T000002.300000,4,233,246.912,171.9,44.0951,24.0479,-44.3616,-1.87906,56.1147,-18.8782,-4.19256,57.8782,-3.94645,77.0686,0
20230101T000002.300000,3,253,8533.67,-6788.75,-2194.97,0,0,0,2500,0,0,2500,0,2500,0
20230101T000002.300000,3,254,5220.85,-5204.32,1506.73,0,0,0,2500,0,0,2500,0,2500,0
20230101T000002.300000,3,255,3458.3,-4769.44,223.391,0,0,0,2500,0,0,2500,0,2500,0
20230101T000002.300000,3,256,5385.66,-3576.65,73.5861,0,0,0,2500,0,0,2500,0,2500,0
20230101T000002.300000,3,257,3077.51,-1354.86,-241.477,0,0,0,2500,0,0,2500,0,2500,0
20230101T000002.300000,3,258,1099.84,41.3404,-122.776,0,0,0,2500,0,0,2500,0,2500,0
20230101T000002.300000,3,259,2196.17,158.599,-239.669,0,0,0,2500,0,0,2500,0,2500,0
20230101T000002.300000,3,260,4127.62,-631.327,-953.987,0,0,0,2500,0,0,2500,0,2500,0
20230101T000002.300000,3,261,10998,-2105.99,392.92,0,0,0,2500,0,0,2500,0,2500,0
20230101T000002.300000,3,262,10466,-2010.07,954.146,0,0,0,2500,0,0,2500,0,2500,0
20230101T000002.300000,3,263,4721.62,-245.353,-510.837,0,0,0,2500,0,0,2500,0,2500,0
20230101T000002.300000,3,264,4798.35,-723.362,-568.861,0,0,0,2500,0,0,2500,0,2500,0
20230101T000002.300000,3,265,2310.86,1193.55,-159.127,0,0,0,2500,0,0,2500,0,2500,0
20230101T000002.300000,3,266,9088.57,5102.85,-2691.63,0,0,0,2500,0,0,2500,0,2500,0
20230101T000002.400000,6,286,1837.64,-1292.55,59.1889,0,0,0,2719.63,3767.65,-172.651,5426.09,121.438,8076.21,1.16914e+20
20230101T000002.400000,6,287,8333.13,-7703.97,470.651,0,0,0,95187.3,102509,-6273.25,111299,5799.61,206068,6.04313e+20
20230101T000002.400000,6,288,3651.4,-4473.81,-13.0172,0,0,0,32049.6,26105.6,75.9586,21370.9,-93.0669,53356.3,7.3032e+20
20230101T000002.400000,6,289,10792.6,-5164.77,-955.278,0,0,0,43919.5,88592.4,16491.2,186651,-7891.87,229047,1.13145e+20
20230101T000002.400000,6,290,3514.11,-1035.53,-78.2938,0,0,0,1783.59,5802.33,438.902,19764.3,-129.334,21474.1,1.37195e+20
20230101T000002.400000,6,291,10782.5,2059.27,-1894.01,0,0,0,12382.6,-34457.7,32665.1,186225,6238.46,192808,2.32818e+20
20230101T000002.400000,6,292,8037.48,-1474.31,-575.981,0,0,0,4052.87,18854.1,7402.68,103381,-1357.87,106840,1.62371e+20
20230101T000002.400000,6,293,1580.01,751.678,-179.499,0,0,0,997.713,-1855.69,447.909,4015.51,213.089,4899.01,1.83065e+20
20230101T000002.400000,6,294,279.574,100.419,42.3343,0,0,0,74.2325,-24.0513,-10.524,132.554,-3.78009,142.467,4.08087e+27
20230101T000002.400000,6,295,1775.29,1959.45,-563.632,0,0,0,6399.83,-5282.37,1592.22,5355.43,1757.38,11188.5,1.93626e+20
20230101T000002.400000,6,296,7149.37,8751.91,-191.396,0,0,0,122602,-100053,2188.69,81855,2679.29,204335,2.7303e+20
20230101T000002.400000,6,297,7995.98,6088.49,-1392.6,0,0,0,61315.4,-76367.7,17809.4,103459,13560.8,161610,1.22024e+20
20230101T000002.400000,6,298,5076.87,4775.99,42.7676,0,0,0,36531.6,-38761.9,-347.115,41270.8,-326.543,77735.5,1.54171e+20
20230101T000002.400000,4,255,3401.29,-4665.87,208.654,-5.64429,10.2542,-1.45916,1605.61,1116.51,-52.2985,875.372,72.1263,2411.96,0
20230101T000002.400000,3,267,1837.64,-1292.55,59.1889,0,0,0,2500,0,0,2500,0,2500,0
20230101T000002.400000,3,268,8333.13,-7703.97,470.651,0,0,0,2500,0,0,2500,0,2500,0
20230101T000002.400000,3,269,10792.6,-5164.77,-955.277,0,0,0,2500,0,0,2500,0,2500,0
20230101T000002.400000,3,270,3514.11,-1035.53,-78.2938,0,0,0,2500,0,0,2500,0,2500,0
20230101T000002.400000,3,271,10782.5,2059.27,-1894.01,0,0,0,2500,0,0,2500,0,2500,0
20230101T000002.400000,3,272,8037.48,-1474.31,-575.981,0,0,0,2500,0,0,2500,0,2500,0
20230101T000002.400000,3,273,1580.01,751.678,-179.499,0,0,0,2500,0,0,2500,0,2500,0
20230101T000002.400000,3,274,279.574,100.419,42.3343,0,0,0,2500,0,0,2500,0,2500,0
20230101T000002.400000,3,275,1775.29,1959.45,-563.632,0,0,0,2500,0,0,2500,0,2500,0
20230101T000002.400000,3,276,7149.37,8751.91,-191.396,0,0,0,2500,0,0,2500,0,2500,0
20230101T000002.400000,3,277,7995.98,6088.49,-1392.6,0,0,0,2500,0,0,2500,0,2500,0
20230101T000002.400000,3,278,5076.87,4775.99,42.7676,0,0,0,2500,0,0,2500,0,2500,0
20230101T000002.500000,6,299,1425,-1811.96,583.008,0,0,0,5483.93,3837.78,-1319.85,3622.17,1678.26,8505.96,1.16213e+20
20230101T000002.500000,6,300,3728.01,-2038.14,-393.267,0,0,0,6885.76,12026.2,2340.61,22308.4,-1279.63,28883.8,2.0354e+20
20230101T000002.500000,6,301,4713.66,-2553.69,379.467,0,0,0,10661.5,19136.4,-2857.93,35616.5,1548.32,45984.2,1.79393e+20
20230101T000002.500000,6,302,292.983,48.9548,43.703,0,0,0,67.75,-12.269,-11.3963,139.127,-1.90421,142.533,1.04384e+27
20230101T000002.500000,6,303,1285.86,611.953,-161.419,0,0,0,684.689,-1218.32,325.631,2664.85,154.971,3245.47,1.49919e+20
20230101T000002.500000,6,304,10212.8,2638.42,1476.86,0,0,0,14468.3,-42252.9,-24124.1,167106,-6232.31,178023,1.97264e+20
20230101T000002.500000,6,305,2027.05,2526.14,114.873,0,0,0,10243.5,-8151.48,-371.148,6626.02,-462.53,16784.6,1.86232e+20
20230101T000002.500000,6,306,734.183,1115.52,4.25297,0,0,0,2010.37,-1280.99,-4.88388,907.116,-7.42059,2853.46,9.75938e+19
20230101T000002.500000,6,307,3013.28,2433.05,636.724,0,0,0,9901.97,-11382.8,-3061.84,14808.4,-2472.26,24001.1,9.75333e+19
20230101T000002.500000,6,308,4767.02,5879.82,-1021.84,0,0,0,56003.3,-43998.8,7788.5,37405.2,9606.63,91676.1,1.33401e+20
20230101T000002.500000,4,274,296.616,52.9506,43.6295,1.68736,-4.69988,0.12824,71.8676,-22.215,-9.70989,125.736,-3.48766,134.814,0
20230101T000002.500000,3,279,1425,-1811.96,583.008,0,0,0,2500,0,0,2500,0,2500,0
20230101T000002.500000,3,280,3728.01,-2038.14,-393.267,0,0,0,2500,0,0,2500,0,2500,0
20230101T000002.500000,3,281,4713.66,-2553.69,379.467,0,0,0,2500,0,0,2500,0,2500,0
20230101T000002.500000,3,282,1285.86,611.953,-161.419,0,0,0,2500,0,0,2500,0,2500,0
20230101T000002.500000,3,283,10212.8,2638.42,1476.86,0,0,0,2500,0,0,2500,0,2500,0
20230101T000002.500000,3,284,2027.05,2526.14,114.873,0,0,0,2500,0,0,2500,0,2500,0
20230101T000002.500000,3,285,734.183,1115.52,4.25297,0,0,0,2500,0,0,2500,0,2500,0
20230101T000002.500000,3,286,3013.28,2433.05,636.724,0,0,0,2500,0,0,2500,0,2500,0
20230101T000002.500000,3,287,4767.02,5879.82,-1021.84,0,0,0,2500,0,0,2500,0,2500,0
20230101T000002.600000,6,309,9383.99,-7002.08,-889.286,0,0,0,79300.2,104495,13348.2,141370,-9960.08,219342,2.29907e+20
20230101T000002.600000,6,310,5696.36,-5086.38,-145.577,0,0,0,41448.5,46309.6,1325.9,51961.1,-1183.92,93311.7,1.24071e+20
20230101T000002.600000,6,311,2402.52,-728.222,-564.691,0,0,0,1371.56,2640.77,2157.58,9283.42,-653.979,10086.9,1.72676e+20
20230101T000002.600000,6,312,297.349,0.142145,40.8978,0,0,0,65.488,-0.0363209,-10.8183,141.467,-0.00517158,142.655,1.37041e+27
20230101T000002.600000,6,313,2527.55,1411.78,-148.347,0,0,0,3264.51,-5667.21,597.072,10245.2,333.5,13410.8,1.25544e+20
20230101T000002.600000,6,314,3989.54,2285.96,-1148.12,0,0,0,9994.09,-13656.1,7315.71,26002.5,4191.8,33831,1.65432e+20
20230101T000002.600000,6,315,1309.83,1737.96,-312.621,0,0,0,4912.15,-3536.98,649.747,2884.76,862.122,7579.13,1.87761e+20
20230101T000002.600000,6,316,6971.35,7050.97,232.718,0,0,0,79620.3,-78572.3,-2594.72,77835.7,-2624.36,157305,9.06773e+19
20230101T000002.600000,6,317,3691.4,2909.26,-608.259,0,0,0,13946,-16864.4,3586.13,22053.3,2826.29,35345.4,1.5871e+20
20230101T000002.600000,6,318,3029.53,4361.78,-1250.05,0,0,0,31273.6,-19942.8,6051.15,16412.4,8712.17,45128.5,1.51131e+20
20230101T000002.600000,3,288,9383.99,-7002.08,-889.286,0,0,0,2500,0,0,2500,0,2500,0
20230101T000002.600000,3,289,5696.36,-5086.38,-145.577,0,0,0,2500,0,0,2500,0,2500,0
20230101T000002.600000,3,290,2402.52,-728.222,-564.691,0,0,0,2500,0,0,2500,0,2500,0
20230101T000002.600000,3,291,297.349,0.142145,40.8978,0,0,0,2500,0,0,2500,0,2500,0
20230101T000002.600000,3,292,2527.55,1411.78,-148.347,0,0,0,2500,0,0,2500,0,2500,0
20230101T000002.600000,3,293,3989.54,2285.96,-1148.12,0,0,0,2500,0,0,2500,0,2500,0
20230101T000002.600000,3,294,1309.83,1737.96,-312.621,0,0,0,2500,0,0,2500,0,2500,0
20230101T000002.600000,3,295,6971.35,7050.97,232.718,0,0,0,2500,0,0,2500,0,2500,0
20230101T000002.600000,3,296,3691.4,2909.26,-608.259,0,0,0,2500,0,0,2500,0,2500,0
20230101T000002.600000,3,297,3029.53,4361.78,-1250.05,0,0,0,2500,0,0,2500,0,2500,0
20230101T000002.700000,6,319,7277.68,-8182.66,-1951.41,0,0,0,109848,92224.8,22715.5,88179.8,-25540.1,191875,1.35109e+20
20230101T000002.700000,6,320,3132.12,-988.277,378.35,0,0,0,1828.45,4868.79,-1889.12,15722.7,596.074,17259.8,1.1518e+20
20230101T000002.700000,6,321,9080.18,-2883.14,85.4881,0,0,0,13368.7,41865.3,-1241.45,131926,394.185,145220,8.85247e+19
20230101T000002.700000,6,322,2571.05,-64.2568,-82.9686,0,0,0,81.507,262.46,339.244,10576.5,-8.47855,10583.1,1.42663e+20
20230101T000002.700000,6,323,3723.2,214.896,27.1071,0,0,0,138.844,-1276.41,-161.015,22179.7,-9.29352,22253.4,1.65475e+20
20230101T000002.700000,6,324,11728.6,491.593,276.694,0,0,0,572.795,-9217.35,-5190.88,220098,-217.57,220484,1.85453e+20
20230101T000002.700000,6,325,10045,28.7847,260.638,0,0,0,173.973,-462.135,-4187.33,161444,-11.9991,161446,1.1836e+20
20230101T000002.700000,6,326,292.553,-51.0311,42.8068,0,0,0,67.8579,12.777,-11.1342,138.878,1.94217,142.409,1.59462e+27
20230101T000002.700000,6,327,6011,414.246,-82.2589,0,0,0,349.02,-3978.92,790.262,57811.7,54.4606,58085.9,7.93914e+19
20230101T000002.700000,6,328,5432.04,-178.395,-1141.35,0,0,0,2194.2,1480.09,9906.93,47213.7,-325.355,47265,1.46714e+20
20230101T000002.700000,6,329,4822.41,1797,18.4835,0,0,0,5223.39,-13844.2,-142.401,37216.8,-53.0634,42375.7,1.05356e+20
20230101T000002.700000,6,330,1732,2113.35,-538.172,0,0,0,7356.92,-5599.12,1483.69,5113.8,1810.36,11948.1,1.19837e+20
20230101T000002.700000,6,331,729.57,1039.72,19.7276,0,0,0,1750.94,-1183.3,-22.4575,894.928,-32.0044,2581.28,1.65382e+20
20230101T000002.700000,6,332,3174.4,2089.59,282.701,0,0,0,7119.81,-10525.1,-1431.9,16180.8,-942.561,23109.5,2.59523e+20
20230101T000002.700000,4,275,1809.62,2035.58,-572.447,9.4483,20.9548,-2.42601,1273.65,-1012.72,294.002,1073.42,324.5,2116.67,0
20230101T000002.700000,4,285,715.054,1051.97,11.9108,-3.67873,-12.222,1.47268,968.125,-596.055,-2.27249,454.771,-3.45284,1360.41,0
20230101T000002.700000,4,291,297.017,-48.6193,42.7048,-0.0329099,-4.82787,0.178909,63.7907,-0.0335444,-9.98108,133.961,-0.00477136,134.986,0
20230101T000002.700000,3,298,7277.67,-8182.66,-1951.41,0,0,0,2500,0,0,2500,0,2500,0
20230101T000002.700000,3,299,3132.12,-988.277,378.35,0,0,0,2500,0,0,2500,0,2500,0
20230101T000002.700000,3,300,9080.18,-2883.14,85.4881,0,0,0,2500,0,0,2500,0,2500,0
20230101T000002.700000,3,301,2571.05,-64.2568,-82.9686,0,0,0,2500,0,0,2500,0,2500,0
20230101T000002.700000,3,302,3723.2,214.896,27.1071,0,0,0,2500,0,0,2500,0,2500,0
20230101T000002.700000,3,303,11728.6,491.593,276.694,0,0,0,2500,0,0,2500,0,2500,0
20230101T000002.700000,3,304,10045,28.7847,260.638,0,0,0,2500,0,0,2500,0,2500,0
20230101T000002.700000,3,305,6011,414.246,-82.2589,0,0,0,2500,0,0,2500,0,2500,0
20230101T000002.700000,3,306,5432.04,-178.395,-1141.35,0,0,0,2500,0,0,2500,0,2500,0
20230101T000002.700000,3,307,4822.41,1797,18.4835,0,0,0,2500,0,0,2500,0,2500,0
20230101T000002.700000,3,308,3174.4,2089.59,282.701,0,0,0,2500,0,0,2500,0,2500,0
20230101T000002.800000,6,333,7470.94,-5237.51,-725.212,0,0,0,44497.3,62181.2,8664.69,89602.1,-6074.39,133195,7.68636e+19
20230101T000002.800000,6,334,1573.63,-338.953,-338.309,0,0,0,417.403,803.104,839.203,3972.92,-180.761,4148.62,1.60687e+20
20230101T000002.800000,6,335,10388.5,-3377.74,1076.39,0,0,0,19988.5,55579.8,-17885.4,172858,5815.28,190930,1.40012e+20
20230101T000002.800000,6,336,279.216,-100.296,43.6186,0,0,0,74.2776,23.9071,-10.8184,132.245,3.88602,142.187,5.83328e+26
20230101T000002.800000,6,337,5866.03,-652.063,337.673,0,0,0,923.52,6093,-3165.65,55059.6,351.891,55737.1,1.22707e+20
20230101T000002.800000,6,338,6469.48,3026.2,1642.48,0,0,0,18244,-29644.8,-16989,67752.4,-7946.86,81622.4,1.29051e+20
20230101T000002.800000,6,339,2434.61,2819.44,525.875,0,0,0,12934.6,-10732.9,-2042.69,9773.17,-2365.57,22203.8,1.36339e+20
20230101T000002.800000,6,340,8474.7,8695.13,759.488,0,0,0,121449,-117409,-10295.5,115419,-10563.3,235882,1.28548e+20
20230101T000002.800000,6,341,270.245,234.593,17.5191,0,0,0,124.744,-69.5863,-5.21478,144.5,-4.52681,205.059,1.20866e+20
20230101T000002.800000,3,309,7470.94,-5237.51,-725.212,0,0,0,2500,0,0,2500,0,2500,0
20230101T000002.800000,3,310,1573.63,-338.953,-338.309,0,0,0,2500,0,0,2500,0,2500,0
20230101T000002.800000,3,311,10388.5,-3377.74,1076.39,0,0,0,2500,0,0,2500,0,2500,0
20230101T000002.800000,3,312,279.216,-100.296,43.6186,0,0,0,2500,0,0,2500,0,2500,0
20230101T000002.800000,3,313,5866.03,-652.063,337.673,0,0,0,2500,0,0,2500,0,2500,0
20230101T000002.800000,3,314,6469.48,3026.2,1642.48,0,0,0,2500,0,0,2500,0,2500,0
20230101T000002.800000,3,315,2434.61,2819.44,525.875,0,0,0,2500,0,0,2500,0,2500,0
20230101T000002.800000,3,316,8474.7,8695.13,759.488,0,0,0,2500,0,0,2500,0,2500,0
20230101T000002.800000,3,317,270.245,234.593,17.5191,0,0,0,2500,0,0,2500,0,2500,0
20230101T000002.900000,6,342,1642.19,-2146.32,72.7729,0,0,0,7397.46,5604.5,-190.164,4360.52,248.543,11685.6,6.75975e+19
20230101T000002.900000,6,343,861.939,-1133.59,161.252,0,0,0,2094.43,1512.85,-218.052,1255.11,286.773,3245.56,1.60816e+20
20230101T000002.900000,6,344,3545.56,-2662.47,-502.911,0,0,0,11641.1,14879.3,2847.23,20282.3,-2138.07,31456.4,9.99222e+19
20230101T000002.900000,6,345,4617.08,-6924.34,1380.09,0,0,0,77671.4,49716.9,-10189.5,36260.5,15281.4,110824,1.60113e+20
20230101T000002.900000,6,346,4926.94,-4884.01,71.9739,0,0,0,38202.2,38465,-566.906,38875.4,561.967,77005.3,1.44892e+20
20230101T000002.900000,6,347,6645.04,-7027.44,-205.769,0,0,0,79078.1,74650.5,2186.81,70720.1,-2312.66,149667,1.35667e+20
20230101T000002.900000,6,348,3877.9,-1914.75,-451.447,0,0,0,6179.12,11725.8,2795.14,24137.3,-1380.13,29927.8,1.31004e+20
20230101T000002.900000,6,349,6124.23,-1203.24,-395.303,0,0,0,2618.56,11730.9,3869.52,60021.6,-760.252,62326.6,8.66313e+19
20230101T000002.900000,6,350,258.762,-147.851,36.4997,0,0,0,84.118,33.1344,-8.40649,123.176,4.80329,143.054,5.42685e+24
20230101T000002.900000,6,351,5598.36,95.2868,-877.537,0,0,0,1308.73,-831.493,7850.64,50147.1,133.622,50162.7,1.61776e+20
20230101T000002.900000,6,352,922.527,258.614,73.0768,0,0,0,173.925,-362.966,-103.191,1366.95,-28.9278,1469.07,1.21868e+20
20230101T000002.900000,6,353,4940.32,2104.97,-215.005,0,0,0,7206.13,-16589.1,1697.16,39072,723.126,46140.4,9.20107e+19
20230101T000002.900000,6,354,5771.44,3453.81,48.2432,0,0,0,19135.9,-31863.6,-445.098,53313,-266.361,72381.2,1.37755e+20
20230101T000002.900000,6,355,6550.42,8943.17,-2118.94,0,0,0,130498,-90276.3,22200.9,73368.4,30310.5,196623,1.63855e+20
20230101T000002.900000,4,306,5544.28,-167.946,-1150.2,21.5836,2.00936,-1.7016,166.624,75.4626,483.944,2461.95,-15.8933,2368.18,0
20230101T000002.900000,4,312,263.941,-146.84,36.905,-1.51233,-4.60835,-0.664719,71.9103,22.0849,-9.98216,125.46,3.58565,134.561,0
20230101T000002.900000,3,318,1642.19,-2146.32,72.7729,0,0,0,2500,0,0,2500,0,2500,0
20230101T000002.900000,3,319,861.939,-1133.59,161.252,0,0,0,2500,0,0,2500,0,2500,0
20230101T000002.900000,3,320,3545.56,-2662.47,-502.911,0,0,0,2500,0,0,2500,0,2500,0
20230101T000002.900000,3,321,4617.08,-6924.34,1380.09,0,0,0,2500,0,0,2500,0,2500,0
20230101T000002.900000,3,322,4926.94,-4884.01,71.9739,0,0,0,2500,0,0,2500,0,2500,0
20230101T000002.900000,3,323,6645.04,-7027.44,-205.769,0,0,0,2500,0,0,2500,0,2500,0
20230101T000002.900000,3,324,3877.9,-1914.75,-451.447,0,0,0,2500,0,0,2500,0,2500,0
20230101T000002.900000,3,325,6124.23,-1203.24,-395.303,0,0,0,2500,0,0,2500,0,2500,0
20230101T000002.900000,3,326,922.527,258.614,73.0768,0,0,0,2500,0,0,2500,0,2500,0
20230101T000002.900000,3,327,4940.32,2104.97,-215.005,0,0,0,2500,0,0,2500,0,2500,0
20230101T000002.900000,3,328,5771.44,3453.81,48.2432,0,0,0,2500,0,0,2500,0,2500,0
20230101T000002.900000,3,329,6550.42,8943.17,-2118.94,0,0,0,2500,0,0,2500,0,2500,0
20230101T000003,6,356,6275.05,-7908.64,-181.157,0,0,0,100120,79346.7,1818.11,63073.5,-2291.43,163077,1.68292e+20
20230101T000003,6,357,230.231,-187.123,43.9811,0,0,0,95.5998,36.7648,-8.99717,110.953,7.31256,142.21,2.99886e+26
20230101T000003,6,358,5456.93,-1699.2,-1307.23,0,0,0,7167.62,14042.5,11400.3,47892,-3549.88,52267.8,1.58488e+20
20230101T000003,6,359,8395.05,-2613.13,1623.69,0,0,0,14827.5,33885.2,-21798.6,113141,6785.27,123690,2.66215e+20
20230101T000003,6,360,8307.39,-4586.73,-314.817,0,0,0,33831.4,60871.8,4182.63,110472,-2309.34,144081,1.7349e+20
20230101T000003,6,361,5345.94,-1711.05,893.835,0,0,0,5900.44,14246.2,-7635.95,45851.1,2444,50412.4,9.81275e+19
20230101T000003,6,362,2970.22,-395.221,36.4722,0,0,0,314.888,1869.58,-172.557,14116.7,22.9606,14365.5,1.36642e+20
20230101T000003,6,363,4194.14,837.252,-949.065,0,0,0,2566.18,-5330.11,6355.55,28202.9,1268.72,29269.9,2.96482e+20
20230101T000003,6,364,8807.63,-952.16,1208.61,0,0,0,3822.88,13161.6,-17023.5,124147,1840.35,125571,2.50558e+20
20230101T000003,6,365,6358.22,525.599,-824.492,0,0,0,1584.81,-5252.53,8379.58,64691,692.693,65126.3,8.93988e+19
20230101T000003,6,366,10319.2,2792.84,1117.84,0,0,0,14401.8,-45591.7,-18450,170519,-4993.4,182858,1.83866e+20
20230101T000003,6,367,2469.12,1881.18,-201.523,0,0,0,5743.56,-7369.71,792.842,9801.74,604.052,15416.9,1.35492e+20
20230101T000003,6,368,5529.79,5082.25,-1198.57,0,0,0,42606.7,-43789.8,10597.2,50006.9,9739.57,90254.3,1.4349e+20
20230101T000003,6,369,5494.27,6931.34,-2354.1,0,0,0,80314.2,-56586.8,20684.7,53781.4,26094.9,125173,2.11168e+20
20230101T000003,3,330,6275.05,-7908.64,-181.157,0,0,0,2500,0,0,2500,0,2500,0
20230101T000003,3,331,230.231,-187.123,43.9811,0,0,0,2500,0,0,2500,0,2500,0
20230101T000003,3,332,5456.93,-1699.2,-1307.23,0,0,0,2500,0,0,2500,0,2500,0
20230101T000003,3,333,8395.05,-2613.13,1623.69,0,0,0,2500,0,0,2500,0,2500,0
20230101T000003,3,334,8307.39,-4586.73,-314.817,0,0,0,2500,0,0,2500,0,2500,0
20230101T000003,3,335,5345.94,-1711.05,893.835,0,0,0,2500,0,0,2500,0,2500,0
20230101T000003,3,336,2970.22,-395.221,36.4723,0,0,0,2500,0,0,2500,0,2500,0
20230101T000003,3,337,4194.14,837.252,-949.065,0,0,0,2500,0,0,2500,0,2500,0
20230101T000003,3,338,8807.62,-952.16,1208.62,0,0,0,2500,0,0,2500,0,2500,0
20230101T000003,3,339,6358.22,525.599,-824.492,0,0,0,2500,0,0,2500,0,2500,0
20230101T000003,3,340,10319.2,2792.84,1117.84,0,0,0,2500,0,0,2500,0,2500,0
20230101T000003,3,341,2469.12,1881.18,-201.523,0,0,0,2500,0,0,2500,0,2500,0
20230101T000003,3,342,5529.79,5082.25,-1198.57,0,0,0,2500,0,0,2500,0,2500,0
20230101T000003,3,343,5494.27,6931.34,-2354.1,0,0,0,2500,0,0,2500,0,2500,0
20230101T000003.100000,6,370,2473.37,-2262.48,-138.138,0,0,0,8241.52,8906.49,544.721,9831.08,-498.277,17978.3,1.02291e+20
20230101T000003.100000,6,371,7299.43,-6834.25,-57.3686,0,0,0,74768.1,79783.2,669.744,85282.9,-627.063,159982,1.23209e+20
20230101T000003.100000,6,372,4834.95,-3289.08,-868.795,0,0,0,18177.3,24853.3,6713.23,37804.6,-4566.82,54713,9.80635e+19
20230101T000003.100000,6,373,10611.5,-5275.03,955.721,0,0,0,45744.3,88953.5,-16222,180468,8064.05,224688,1.10561e+20
20230101T000003.100000,6,374,932.851,-426.989,-13.3894,0,0,0,344.854,612.983,19.2252,1403.47,-8.79983,1684.06,1.50912e+20
20230101T000003.100000,6,375,2348.98,239.776,-36.7248,0,0,0,157.448,-894.482,137.035,8828.99,13.9881,8920.31,1.42395e+20
20230101T000003.100000,6,376,1397.12,248.641,-200.482,0,0,0,222.071,-533.893,439.428,3127.02,78.2034,3223.29,2.02701e+20
20230101T000003.100000,6,377,11411.1,212.576,-1394.23,0,0,0,3244.46,-3822.05,25447.8,208342,474.063,208414,1.20343e+20
20230101T000003.100000,6,378,1333.64,473.273,-70.4086,0,0,0,422.125,-987.262,147.247,2853.8,52.2536,3204.31,1.97042e+20
20230101T000003.100000,6,379,309.315,378.574,-106.596,0,0,0,261.046,-148.516,44.326,200.621,54.2511,385.296,7.54912e+25
20230101T000003.100000,6,380,5653.97,6229.65,-626.482,0,0,0,62406.1,-56011.5,5664.19,51527.1,6240.92,113242,1.04847e+20
20230101T000003.100000,6,381,3874.84,3222.32,-505.88,0,0,0,16892.9,-19745.1,3131.44,24216.3,2604.11,40637,9.75016e+19
20230101T000003.100000,3,344,2473.37,-2262.48,-138.138,0,0,0,2500,0,0,2500,0,2500,0
20230101T000003.100000,3,345,7299.43,-6834.25,-57.3686,0,0,0,2500,0,0,2500,0,2500,0
20230101T000003.100000,3,346,4834.95,-3289.08,-868.795,0,0,0,2500,0,0,2500,0,2500,0
20230101T000003.100000,3,347,10611.5,-5275.03,955.721,0,0,0,2500,0,0,2500,0,2500,0
20230101T000003.100000,3,348,932.851,-426.989,-13.3894,0,0,0,2500,0,0,2500,0,2500,0
20230101T000003.100000,3,349,2348.98,239.776,-36.7248,0,0,0,2500,0,0,2500,0,2500,0
20230101T000003.100000,3,350,1397.12,248.641,-200.482,0,0,0,2500,0,0,2500,0,2500,0
20230101T000003.100000,3,351,11411.1,212.576,-1394.23,0,0,0,2500,0,0,2500,0,2500,0
20230101T000003.100000,3,352,1333.64,473.273,-70.4086,0,0,0,2500,0,0,2500,0,2500,0
20230101T000003.100000,3,353,309.315,378.574,-106.596,0,0,0,2500,0,0,2500,0,2500,0
20230101T000003.100000,3,354,5653.97,6229.65,-626.482,0,0,0,2500,0,0,2500,0,2500,0
20230101T000003.100000,3,355,3874.84,3222.32,-505.88,0,0,0,2500,0,0,2500,0,2500,0
20230101T000003.200000,6,382,6636.21,-4923.85,1436.28,0,0,0,40959.8,50672,-15241.7,71656.8,11308.8,109256,1.67597e+20
20230101T000003.200000,6,383,3732.17,-4661.44,-1022.72,0,0,0,35444.4,26988.8,6100.47,23344.2,-7619.42,57054.8,1.79694e+20
20230101T000003.200000,6,384,2151.42,-675.805,-17.6016,0,0,0,789.44,2307.86,60.1127,7411.55,-18.8827,8136.5,5.33733e+20
20230101T000003.200000,6,385,11097.6,-4293.48,-957.363,0,0,0,30825.2,75720.7,16994.3,197250,-6574.82,226545,9.85844e+19
20230101T000003.200000,6,386,193.618,-78.9474,-33.2237,0,0,0,65.0117,2.01487,1.10777,69.1316,-0.451692,71.5291,2.32314e+20
20230101T000003.200000,6,387,7449,-2296.39,-1055.93,0,0,0,10124,26849.3,12576.8,88940.5,-3877.2,97218.8,1.26813e+20
20230101T000003.200000,6,388,1485.02,62.8033,-188.94,0,0,0,126.196,-144.153,440.93,3528.69,18.6474,3535.8,1.40721e+20
20230101T000003.200000,6,389,11753.6,-230.547,250.572,0,0,0,249.409,4332.36,-4710.82,221034,92.403,221119,1.5904e+20
20230101T000003.200000,6,390,10392.5,5634.78,-210.438,0,0,0,50905.4,-93638.2,3498.15,172836,1896.69,223606,1.99244e+20
20230101T000003.200000,6,391,7568.01,1815.94,170.561,0,0,0,5380.74,-21963.9,-2063.93,91645.8,-495.239,96916,1.906e+20
20230101T000003.200000,6,392,9670.27,6724.12,2310.58,0,0,0,78141.6,-100006,-35740.4,152427,-24851.7,221967,1.93193e+20
20230101T000003.200000,6,393,370.3,318.818,-104.594,0,0,0,207.828,-149.98,52.0429,252.898,44.8075,384.83,5.74316e+24
20230101T000003.200000,6,394,4636.73,4021.02,1017.84,0,0,0,26851.4,-28979.8,-7543.35,35137.1,-6541.67,60270.4,1.28887e+20
20230101T000003.200000,4,331,226.422,-76.9272,-54.3137,-0.732605,21.1916,-18.9029,91.7173,34.0387,-8.32043,105.932,6.76252,134.79,0
20230101T000003.200000,4,350,1474.87,177.71,-200.794,7.69825,-7.02288,-0.0308762,129.861,-228.823,186.21,1374.9,33.139,1401.18,0
20230101T000003.200000,4,353,366.654,331.378,-104.851,5.67707,-4.67286,0.172763,229.285,-125.833,37.3112,178.089,45.6655,332.867,0
20230101T000003.200000,3,356,6636.21,-4923.85,1436.28,0,0,0,2500,0,0,2500,0,2500,0
20230101T000003.200000,3,357,3732.17,-4661.44,-1022.72,0,0,0,2500,0,0,2500,0,2500,0
20230101T000003.200000,3,358,2151.42,-675.805,-17.6016,0,0,0,2500,0,0,2500,0,2500,0
20230101T000003.200000,3,359,11097.6,-4293.48,-957.363,0,0,0,2500,0,0,2500,0,2500,0
20230101T000003.200000,3,360,7449,-2296.39,-1055.93,0,0,0,2500,0,0,2500,0,2500,0
20230101T000003.200000,3,361,11753.6,-230.547,250.572,0,0,0,2500,0,0,2500,0,2500,0
20230101T000003.200000,3,362,10392.5,5634.78,-210.438,0,0,0,2500,0,0,2500,0,2500,0
20230101T000003.200000,3,363,7568.01,1815.94,170.561,0,0,0,2500,0,0,2500,0,2500,0
20230101T000003.200000,3,364,9670.27,6724.11,2310.58,0,0,0,2500,0,0,2500,0,2500,0
20230101T000003.200000,3,365,4636.73,4021.02,1017.84,0,0,0,2500,0,0,2500,0,2500,0
20230101T000003.300000,6,395,633.643,-769.834,-242.004,0,0,0,1010.49,704.845,236.028,734.296,-286.758,1594.2,1.59272e+20
20230101T000003.300000,6,396,7063.38,-7074.68,-222.771,0,0,0,80153.2,79882.1,2516.62,79897.8,-2520.65,159908,9.10009e+19
20230101T000003.300000,6,397,7169.58,-3116.66,498.155,0,0,0,15929.3,35583.8,-5710.78,82317.9,2482.51,97786.7,1.36823e+20
20230101T000003.300000,6,398,1497.07,228.481,23.9936,0,0,0,146.954,-537.605,-56.4702,3587.44,-8.61841,3669.5,1.34985e+20
20230101T000003.300000,6,399,4091.27,-113.389,600.382,0,0,0,659.467,724.542,-3920.93,26782.1,108.668,26803.5,9.95077e+19
20230101T000003.300000,6,400,4526.53,-394.523,30.8111,0,0,0,314.059,2851.64,-222.715,32783.6,19.4114,33032.1,1.07638e+20
20230101T000003.300000,6,401,6950.54,-934.357,-294.954,0,0,0,1596.31,10364,3277.48,77299.6,-440.589,78693,1.27547e+20
20230101T000003.300000,6,402,5433.4,249.322,599.796,0,0,0,736.955,-2138.21,-5207.33,47236.3,-238.948,47335.2,1.04762e+20
20230101T000003.300000,6,403,8832.04,404.227,188.541,0,0,0,382.034,-5706.72,-2662.96,124808,-121.879,125069,1.36166e+20
20230101T000003.300000,6,404,9255.78,-1567.4,-889.299,0,0,0,5222.56,22993.3,13163.9,137108,-2229.22,141003,2.3823e+20
20230101T000003.300000,6,405,10287.7,2981,-337.795,0,0,0,14445.6,-49002.2,5558.25,169357,1610.59,183556,1.48488e+20
20230101T000003.300000,6,406,8944.12,5960.36,-111.872,0,0,0,56899.7,-85257.5,1600.4,128021,1066.51,184837,1.40289e+20
20230101T000003.300000,6,407,427.877,237.941,-101.641,0,0,0,150.074,-129.814,58.4516,311.322,32.5047,386.156,1.219e+25
20230101T000003.300000,6,408,2096.38,2602.06,-299.846,0,0,0,10914.8,-8626.57,1002.17,7157.44,1243.91,17865.4,9.33787e+19
20230101T000003.300000,6,409,3434.98,4436.39,675.144,0,0,0,31787.5,-23998.7,-3705.92,19373.9,-4786.32,50370,1.22398e+20
20230101T000003.300000,4,345,7295.73,-6838.18,-60.0138,-0.710431,-0.754516,-0.508708,1228.43,1245.24,10.4529,1392.54,-9.78673,2558.34,0
20230101T000003.300000,3,366,633.643,-769.834,-242.004,0,0,0,2500,0,0,2500,0,2500,0
20230101T000003.300000,3,367,7169.58,-3116.66,498.155,0,0,0,2500,0,0,2500,0,2500,0
20230101T000003.300000,3,368,1497.07,228.481,23.9936,0,0,0,2500,0,0,2500,0,2500,0
20230101T000003.300000,3,369,4091.27,-113.389,600.382,0,0,0,2500,0,0,2500,0,2500,0
20230101T000003.300000,3,370,4526.53,-394.523,30.8111,0,0,0,2500,0,0,2500,0,2500,0
20230101T000003.300000,3,371,6950.54,-934.357,-294.954,0,0,0,2500,0,0,2500,0,2500,0
20230101T000003.300000,3,372,5433.4,249.322,599.796,0,0,0,2500,0,0,2500,0,2500,0
20230101T000003.300000,3,373,8832.04,404.227,188.541,0,0,0,2500,0,0,2500,0,2500,0
20230101T000003.300000,3,374,9255.78,-1567.4,-889.299,0,0,0,2500,0,0,2500,0,2500,0
20230101T000003.300000,3,375,10287.7,2981,-337.795,0,0,0,2500,0,0,2500,0,2500,0
20230101T000003.300000,3,376,8944.12,5960.36,-111.872,0,0,0,2500,0,0,2500,0,2500,0
20230101T000003.300000,3,377,427.877,237.941,-101.641,0,0,0,2500,0,0,2500,0,2500,0
20230101T000003.300000,3,378,2096.38,2602.06,-299.846,0,0,0,2500,0,0,2500,0,2500,0
20230101T000003.300000,3,379,3434.98,4436.39,675.144,0,0,0,2500,0,0,2500,0,2500,0
20230101T000003.400000,6,410,7918.23,-8795.01,720.375,0,0,0,124164,110981,-9123.95,100811,10134.2,224081,2.22983e+20
20230101T000003.400000,6,411,10312.6,-935.473,1037.16,0,0,0,3170.09,15274.9,-17106.9,170174,1551.8,171560,8.86318e+19
20230101T000003.400000,6,412,1135.79,526.126,75.7595,0,0,0,502.956,-928.29,-134.173,2076.92,-62.1523,2507.16,1.06828e+20
20230101T000003.400000,6,413,462.392,161.098,-99.5428,0,0,0,110.469,-95.1638,61.8457,350.459,21.547,386.154,1.45001e+25
20230101T000003.400000,6,414,5758.4,1515.97,-923.672,0,0,0,5012.11,-13615.8,8500.82,53147.1,2237.95,56733.2,1.5168e+20
20230101T000003.400000,6,415,7753.56,4456.75,1193.35,0,0,0,33540.2,-54277.5,-14797.1,96769.7,-8505.38,127970,1.67143e+20
20230101T000003.400000,6,416,903.453,869.674,-2.88867,0,0,0,1243.36,-1225.15,4.06944,1336.75,3.91728,2516.1,1.01701e+20
20230101T000003.400000,6,417,5490.58,4777.62,-154.6,0,0,0,36579.3,-41920.4,1357.12,48278.3,1180.9,84755.4,1.31676e+20
20230101T000003.400000,6,418,3965.63,3166.84,252.586,0,0,0,16147.5,-20012.7,-1600.18,25226.6,-1277.86,41208.3,9.27201e+19
20230101T000003.400000,6,419,3895.46,3921.55,685.256,0,0,0,25010.1,-24034.8,-4265.52,24689.3,-4294.08,48886.1,1.07387e+20
20230101T000003.400000,4,377,463.479,173.963,-99.8211,3.52501,-6.33448,0.180205,135.244,-109.939,49.2102,271.805,27.3656,333.64,0
20230101T000003.400000,3,380,7918.23,-8795.01,720.375,0,0,0,2500,0,0,2500,0,2500,0
20230101T000003.400000,3,381,10312.6,-935.473,1037.16,0,0,0,2500,0,0,2500,0,2500,0
20230101T000003.400000,3,382,1135.79,526.126,75.7595,0,0,0,2500,0,0,2500,0,2500,0
20230101T000003.400000,3,383,5758.4,1515.97,-923.672,0,0,0,2500,0,0,2500,0,2500,0
20230101T000003.400000,3,384,7753.56,4456.75,1193.35,0,0,0,2500,0,0,2500,0,2500,0
20230101T000003.400000,3,385,903.453,869.674,-2.88867,0,0,0,2500,0,0,2500,0,2500,0
20230101T000003.400000,3,386,5490.58,4777.62,-154.6,0,0,0,2500,0,0,2500,0,2500,0
20230101T000003.400000,3,387,3965.63,3166.84,252.586,0,0,0,2500,0,0,2500,0,2500,0
20230101T000003.400000,3,388,3895.46,3921.55,685.256,0,0,0,2500,0,0,2500,0,2500,0
20230101T000003.500000,6,420,1707.27,-1975.02,-481.156,0,0,0,6425.99,5181.15,1306.88,4911.08,-1511.84,10906.9,1.39078e+20
20230101T000003.500000,6,421,1448.76,-1108.21,8.00584,0,0,0,2005.45,2537.91,-18.3345,3381.9,14.0248,5323.24,1.10763e+20
20230101T000003.500000,6,422,4830.42,-7160.17,429.487,0,0,0,82141.2,55172.2,-3317.59,37579.4,4917.69,119362,1.41582e+20
20230101T000003.500000,6,423,5837.41,-2523.83,-558.344,0,0,0,10665.3,23367.4,5209.74,54609.2,-2252.45,64712.6,1.2459e+20
20230101T000003.500000,6,424,3073.49,-213.577,-428.943,0,0,0,428.438,1025.58,2100.65,15115.9,-145.974,15188.4,2.28371e+20
20230101T000003.500000,6,425,3518.47,-230.374,415.041,0,0,0,422.209,1274.82,-2329.08,19808.8,152.498,19893.2,1.6009e+20
20230101T000003.500000,6,426,10107.3,1854.71,-85.982,0,0,0,5577.27,-29980.4,1389.95,163456,255.058,168957,1.12428e+20
20230101T000003.500000,6,427,482.111,91.3839,-97.2995,0,0,0,87.4268,-56.4525,63.0578,374.551,11.9526,387.672,1.67633e+24
20230101T000003.500000,6,428,9217.37,1186.81,-845.827,0,0,0,3442.09,-17349.8,12468.3,135956,1605.4,138190,1.87853e+20
20230101T000003.500000,6,429,9174.4,5607.91,1423.94,0,0,0,52725.4,-80847.1,-20895,135571,-12772.2,184990,1.30302e+20
20230101T000003.500000,6,430,477.869,100.415,-105.309,0,0,0,91.6964,-60.8985,67.6113,368.711,14.2073,384.352,1.72279e+24
20230101T000003.500000,6,431,4576.27,4924.29,1172.1,0,0,0,39845.2,-34928.7,-8574.78,34720.3,-9226.89,72307.2,1.34194e+20
20230101T000003.500000,6,432,3812.4,3925.31,-36.3657,0,0,0,24685,-23910.7,221.529,23289.1,228.09,47908,8.85927e+19
20230101T000003.500000,4,377,473.672,140.377,-102.79,-0.82634,-38.3719,0.815531,66.7879,-52.3006,28.4063,161.867,12.782,189.606,0
20230101T000003.500000,3,389,1707.27,-1975.02,-481.156,0,0,0,2500,0,0,2500,0,2500,0
20230101T000003.500000,3,390,1448.76,-1108.21,8.00584,0,0,0,2500,0,0,2500,0,2500,0
20230101T000003.500000,3,391,4830.42,-7160.17,429.487,0,0,0,2500,0,0,2500,0,2500,0
20230101T000003.500000,3,392,5837.41,-2523.83,-558.344,0,0,0,2500,0,0,2500,0,2500,0
20230101T000003.500000,3,393,3073.49,-213.577,-428.943,0,0,0,2500,0,0,2500,0,2500,0
20230101T000003.500000,3,394,3518.47,-230.374,415.041,0,0,0,2500,0,0,2500,0,2500,0
20230101T000003.500000,3,395,10107.3,1854.71,-85.982,0,0,0,2500,0,0,2500,0,2500,0
20230101T000003.500000,3,396,482.111,91.3839,-97.2995,0,0,0,2500,0,0,2500,0,2500,0
20230101T000003.500000,3,397,9217.37,1186.81,-845.827,0,0,0,2500,0,0,2500,0,2500,0
20230101T000003.500000,3,398,9174.4,5607.91,1423.94,0,0,0,2500,0,0,2500,0,2500,0
20230101T000003.500000,3,399,4576.27,4924.29,1172.1,0,0,0,2500,0,0,2500,0,2500,0
20230101T000003.500000,3,400,3812.4,3925.31,-36.3657,0,0,0,2500,0,0,2500,0,2500,0
20230101T000003.600000,6,433,6611.4,-7710.63,-333.404,0,0,0,95228.5,81445.4,3525.46,70076.3,-4111.61,165063,1.63252e+20
20230101T000003.600000,6,434,6887.7,-6192.49,-622.052,0,0,0,61732.8,67903.8,6852.03,76209.9,-6160.42,137260,1.53851e+20
20230101T000003.600000,6,435,9258.28,-4444.39,-687.199,0,0,0,32270,65516.2,10175.8,137299,-4884.84,168750,1.48701e+20
20230101T000003.600000,6,436,3353.65,-666.256,76.9828,0,0,0,780.896,3560.99,-411.665,17997.9,81.7838,18705.4,2.42879e+20
20230101T000003.600000,6,437,3649.25,-1244.78,177.159,0,0,0,2581.35,7233.15,-1031.62,21319.2,351.891,23786.6,1.09254e+20
20230101T000003.600000,6,438,6521.87,-3393.37,-511.91,0,0,0,18804,35212,5337.85,68158.6,-2777.31,86479.9,4.78645e+20
20230101T000003.600000,6,439,488.997,10.2113,-102.924,0,0,0,78.3682,-6.35626,67.6332,382.622,1.41233,385.469,1.65719e+25
20230101T000003.600000,6,440,551.419,70.1106,-126.226,0,0,0,92.8452,-51.0516,97.6548,487.874,12.4164,497.503,6.03373e+20
20230101T000003.600000,6,441,6289.83,-377.517,-138.777,0,0,0,322.474,3793.56,1395.21,63299.5,-83.7407,63527.2,1.44604e+20
20230101T000003.600000,6,442,3288.7,3149.82,-596.284,0,0,0,16203.7,-16258.5,3131.65,17607.1,2999.4,33180.1,1.30912e+20
20230101T000003.600000,6,443,2972.65,2838.52,-466.866,0,0,0,13107,-13294.9,2215.34,14335.1,2115.37,27031,1.09748e+20
20230101T000003.600000,6,444,3800.29,5439.69,-878.094,0,0,0,47769.6,-32467.1,5334.45,23978.8,7635.68,70453,9.51981e+19
20230101T000003.600000,4,396,550.233,77.9246,-122.199,6.74475,-1.33261,-2.46533,82.1873,-47.7789,53.0817,325.196,10.0616,334.883,0
20230101T000003.600000,3,401,6611.4,-7710.63,-333.404,0,0,0,2500,0,0,2500,0,2500,0
20230101T000003.600000,3,402,6887.7,-6192.49,-622.052,0,0,0,2500,0,0,2500,0,2500,0
20230101T000003.600000,3,403,9258.28,-4444.39,-687.199,0,0,0,2500,0,0,2500,0,2500,0
20230101T000003.600000,3,404,3353.65,-666.256,76.9828,0,0,0,2500,0,0,2500,0,2500,0
20230101T000003.600000,3,405,3649.25,-1244.78,177.159,0,0,0,2500,0,0,2500,0,2500,0
20230101T000003.600000,3,406,6521.87,-3393.37,-511.91,0,0,0,2500,0,0,2500,0,2500,0
20230101T000003.600000,3,407,488.997,10.2113,-102.924,0,0,0,2500,0,0,2500,0,2500,0
20230101T000003.600000,3,408,6289.83,-377.517,-138.777,0,0,0,2500,0,0,2500,0,2500,0
20230101T000003.600000,3,409,3288.7,3149.82,-596.284,0,0,0,2500,0,0,2500,0,2500,0
20230101T000003.600000,3,410,2972.65,2838.52,-466.866,0,0,0,2500,0,0,2500,0,2500,0
20230101T000003.600000,3,411,3800.29,5439.69,-878.094,0,0,0,2500,0,0,2500,0,2500,0
20230101T000003.700000,6,445,9635.45,-7382.92,-507.132,0,0,0,87511.5,113591,7816.19,148723,-5988.95,235759,7.8509e+19
20230101T000003.700000,6,446,4866.19,-3574.31,1114.42,0,0,0,21772,26851.6,-8667.52,38605.7,6366.47,58330.8,2.09167e+20
20230101T000003.700000,6,447,10213.9,-5164.89,-285.523,0,0,0,42836.5,84327.3,4664.65,166957,-2358.79,209599,1.15946e+20
20230101T000003.700000,6,448,3252.78,-1349.94,294.376,0,0,0,3088.24,6954.11,-1527.16,16958.7,633.787,19845.1,6.77718e+19
20230101T000003.700000,6,449,476.895,-100.824,-106.012,0,0,0,91.9721,60.9263,67.8874,367.27,-14.3526,383.042,1.9102e+24
20230101T000003.700000,6,450,7391.4,-4041.38,-1642.42,0,0,0,29502.6,45951.5,19413.1,88419.9,-10614.5,113547,1.2994e+20
20230101T000003.700000,6,451,8657.05,-3004.26,-632.143,0,0,0,15068.4,41395,8751.84,119987,-3037.15,134352,2.26135e+20
20230101T000003.700000,6,452,5965.77,-2696.14,-57.0731,0,0,0,11688.1,25709.3,544.267,56956.3,-245.973,68575.2,7.91318e+19
20230101T000003.700000,6,453,483.946,-70.3523,-100.241,0,0,0,83.8119,43.442,65.1592,376.329,-9.47236,385.225,1.88479e+24
20230101T000003.700000,6,454,7099.34,-1115.73,237.65,0,0,0,2142.33,12649.8,-2697.37,80644.7,423.917,82632.8,3.56901e+20
20230101T000003.700000,6,455,2175.12,1341.77,299.663,0,0,0,3030.36,-4577.21,-1036.58,7626.82,-639.441,10451.2,1.1249e+20
20230101T000003.700000,6,456,3451.99,2096.39,-729.602,0,0,0,7699.27,-11173.4,4020.15,19312.1,2441.44,26099.7,1.66693e+20
20230101T000003.700000,6,457,1726.16,842.946,-183.606,0,0,0,1231.65,-2281.82,501.645,4789.99,244.972,5904.86,4.29722e+20
20230101T000003.700000,6,458,8305.75,1696.63,-827.651,0,0,0,5718.65,-22319.5,10992.8,110423,2245.51,114983,2.35763e+20
20230101T000003.700000,6,459,4085.15,2530.38,-883.034,0,0,0,11190.9,-15952.9,5762.05,27064.6,3569.06,36948.1,2.12206e+20
20230101T000003.700000,6,460,8697.73,1611.95,-1183.95,0,0,0,6386.51,-22019.4,16468.1,121117,3052.02,125199,1.69315e+20
20230101T000003.700000,6,461,6199.64,8169.55,-1048.35,0,0,0,107452,-80159.9,10395.1,62652.8,13698.1,168284,1.65542e+20
20230101T000003.700000,6,462,3896.36,2848.67,-757.948,0,0,0,13623.6,-17291.4,4717.26,24632.5,3448.84,37276,2.07837e+20
20230101T000003.700000,6,463,2728.98,4086.16,606.449,0,0,0,26915.7,-17540.8,-2643.66,12366.2,-3958.41,38631.4,1.18183e+20
20230101T000003.700000,4,407,490.34,-59.957,-100.592,0.132995,-6.94737,0.230885,74.5165,-5.38458,56.9467,332.26,1.18917,333.093,0
20230101T000003.700000,3,412,9635.45,-7382.92,-507.132,0,0,0,2500,0,0,2500,0,2500,0
20230101T000003.700000,3,413,4866.19,-3574.31,1114.42,0,0,0,2500,0,0,2500,0,2500,0
20230101T000003.700000,3,414,10213.9,-5164.89,-285.523,0,0,0,2500,0,0,2500,0,2500,0
20230101T000003.700000,3,415,3252.78,-1349.94,294.376,0,0,0,2500,0,0,2500,0,2500,0
20230101T000003.700000,3,416,476.895,-100.824,-106.012,0,0,0,2500,0,0,2500,0,2500,0
20230101T000003.700000,3,417,7391.4,-4041.38,-1642.42,0,0,0,2500,0,0,2500,0,2500,0
20230101T000003.700000,3,418,8657.05,-3004.26,-632.143,0,0,0,2500,0,0,2500,0,2500,0
20230101T000003.700000,3,419,5965.77,-2696.14,-57.0731,0,0,0,2500,0,0,2500,0,2500,0
20230101T000003.700000,3,420,7099.34,-1115.73,237.65,0,0,0,2500,0,0,2500,0,2500,0
20230101T000003.700000,3,421,2175.12,1341.77,299.663,0,0,0,2500,0,0,2500,0,2500,0
20230101T000003.700000,3,422,3451.99,2096.39,-729.602,0,0,0,2500,0,0,2500,0,2500,0
20230101T000003.700000,3,423,1726.16,842.946,-183.606,0,0,0,2500,0,0,2500,0,2500,0
20230101T000003.700000,3,424,8305.75,1696.63,-827.651,0,0,0,2500,0,0,2500,0,2500,0
20230101T000003.700000,3,425,4085.15,2530.38,-883.034,0,0,0,2500,0,0,2500,0,2500,0
20230101T000003.700000,3,426,8697.73,1611.95,-1183.95,0,0,0,2500,0,0,2500,0,2500,0
20230101T000003.700000,3,427,6199.64,8169.55,-1048.35,0,0,0,2500,0,0,2500,0,2500,0
20230101T000003.700000,3,428,3896.36,2848.67,-757.948,0,0,0,2500,0,0,2500,0,2500,0
20230101T000003.700000,3,429,2728.98,4086.16,606.449,0,0,0,2500,0,0,2500,0,2500,0
20230101T000003.800000,6,464,3158.19,-2712.47,-678.603,0,0,0,12231.9,13311.4,3421.34,16297.9,-2938.48,27732.2,1.17464e+20
20230101T000003.800000,6,465,5355.74,-5590.99,-955.148,0,0,0,50743.3,47149.6,8179.46,46688.4,-8538.74,95909.9,1.69723e+20
20230101T000003.800000,6,466,4202.22,-4568.34,1626.48,0,0,0,35358.9,28576.6,-10925.1,30579,11876.9,61649.4,1.33627e+20
20230101T000003.800000,6,467,9699.64,-5451.38,2328.58,0,0,0,54187.8,80870.6,-36127,152630,20304,198083,1.57591e+20
20230101T000003.800000,6,468,460.637,-164.96,-103.426,0,0,0,113.007,96.7009,64.035,348.407,-22.9317,385.774,7.95021e+24
20230101T000003.800000,6,469,6822.37,-1908.93,-0.242133,0,0,0,5889.78,20820.9,2.64097,74476.3,-0.738955,80302.1,1.35283e+20
20230101T000003.800000,6,470,8061.9,-4293.44,-215.946,0,0,0,29601.8,55323.8,2784.16,104021,-1482.73,133485,1.63228e+20
20230101T000003.800000,6,471,6161.47,-1044.34,-1039.74,0,0,0,3486.96,10000.2,10239.9,60791.9,-1735.61,62488.7,2.16006e+20
20230101T000003.800000,6,472,3497.76,261.938,-549.564,0,0,0,652.434,-1425.27,3065.83,19577.9,229.592,19686.2,1.15361e+20
20230101T000003.800000,6,473,4102.73,-91.5698,50.802,0,0,0,81.5017,599.579,-332.691,26931.9,7.4254,26945.3,1.06679e+20
20230101T000003.800000,6,474,11540.8,1961.04,-283.006,0,0,0,6339.82,-36179.4,5224.24,213109,887.719,219256,1.49941e+20
20230101T000003.800000,6,475,6200.65,-1123.71,-651.579,0,0,0,2739.34,11018,6457.91,61540.6,-1170.33,63538,2.18935e+20
20230101T000003.800000,6,476,2839.56,1371.23,-197.362,0,0,0,3110.65,-6180.52,893.082,12924.8,431.27,15909.6,1.42367e+20
20230101T000003.800000,6,477,3698.42,2252.7,117.804,0,0,0,8182.28,-13292,-695.619,21908.6,-423.699,30004.8,1.09573e+20
20230101T000003.800000,6,478,11175.4,4249.5,2064.7,0,0,0,34906.6,-73697.2,-36908.3,200693,-14034.5,228719,1.17088e+20
20230101T000003.800000,6,479,1454.63,2210.51,-211.375,0,0,0,7859.02,-5082.73,489.163,3479.76,743.354,11204.1,1.30485e+20
20230101T000003.800000,6,480,796.84,978.463,-146.075,0,0,0,1570.62,-1199.85,181.621,1074.42,223.018,2548.6,1.4643e+20
20230101T000003.800000,6,481,8478.69,6321.93,-1622.57,0,0,0,66694.3,-83714.2,22003.9,116549,16406.7,178970,2.05279e+20
20230101T000003.800000,6,482,6131.62,4643.66,-656.658,0,0,0,34980.5,-45194.4,6437.89,60429.5,4875.6,94657.1,1.69099e+20
20230101T000003.800000,6,483,4085.24,3386.49,174.511,0,0,0,18416.1,-22080,-1139.06,26748.6,-944.229,45052.1,1.34176e+20
20230101T000003.800000,6,484,3829.48,2878.34,-218.594,0,0,0,13345.4,-17568.7,1337.03,23514.5,1004.95,36719.8,5.34916e+20
20230101T000003.800000,4,416,466.719,-157.361,-103.816,-1.00751,-5.59773,0.217484,86.0534,51.6607,57.1915,319.485,-12.0913,331.193,0
20230101T000003.800000,3,430,3158.19,-2712.47,-678.603,0,0,0,2500,0,0,2500,0,2500,0
20230101T000003.800000,3,431,5355.74,-5590.99,-955.148,0,0,0,2500,0,0,2500,0,2500,0
20230101T000003.800000,3,432,4202.22,-4568.34,1626.48,0,0,0,2500,0,0,2500,0,2500,0
20230101T000003.800000,3,433,9699.64,-5451.38,2328.58,0,0,0,2500,0,0,2500,0,2500,0
20230101T000003.800000,3,434,6822.37,-1908.93,-0.242133,0,0,0,2500,0,0,2500,0,2500,0
20230101T000003.800000,3,435,8061.9,-4293.44,-215.946,0,0,0,2500,0,0,2500,0,2500,0
20230101T000003.800000,3,436,6161.47,-1044.34,-1039.74,0,0,0,2500,0,0,2500,0,2500,0
20230101T000003.800000,3,437,3497.76,261.938,-549.564,0,0,0,2500,0,0,2500,0,2500,0
20230101T000003.800000,3,438,4102.73,-91.5697,50.802,0,0,0,2500,0,0,2500,0,2500,0
20230101T000003.800000,3,439,11540.8,1961.04,-283.006,0,0,0,2500,0,0,2500,0,2500,0
20230101T000003.800000,3,440,6200.65,-1123.71,-651.579,0,0,0,2500,0,0,2500,0,2500,0
20230101T000003.800000,3,441,2839.56,1371.23,-197.362,0,0,0,2500,0,0,2500,0,2500,0
20230101T000003.800000,3,442,3698.42,2252.7,117.804,0,0,0,2500,0,0,2500,0,2500,0
20230101T000003.800000,3,443,11175.4,4249.5,2064.7,0,0,0,2500,0,0,2500,0,2500,0
20230101T000003.800000,3,444,1454.63,2210.51,-211.375,0,0,0,2500,0,0,2500,0,2500,0
20230101T000003.800000,3,445,796.84,978.463,-146.075,0,0,0,2500,0,0,2500,0,2500,0
20230101T000003.800000,3,446,8478.69,6321.93,-1622.57,0,0,0,2500,0,0,2500,0,2500,0
20230101T000003.800000,3,447,6131.62,4643.66,-656.658,0,0,0,2500,0,0,2500,0,2500,0
20230101T000003.800000,3,448,4085.24,3386.49,174.512,0,0,0,2500,0,0,2500,0,2500,0
20230101T000003.800000,3,449,3829.48,2878.34,-218.594,0,0,0,2500,0,0,2500,0,2500,0
20230101T000003.900000,6,485,1773.77,-1478.22,410.462,0,0,0,3691.9,4032.15,-1156.43,5169.95,963.744,8532.2,1.08162e+20
20230101T000003.900000,6,486,8682.69,-8488.62,-401.074,0,0,0,115455,117766,5570.33,120780,-5445.82,235913,1.00784e+20
20230101T000003.900000,6,487,418.034,-251.185,-104.805,0,0,0,158.81,133.241,58.8306,300.494,-35.3497,383.38,2.52724e+23
20230101T000003.900000,6,488,6253.47,-1960.18,584.987,0,0,0,6704.03,19438.2,-5847.7,62624,1832.99,68717.5,1.06228e+20
20230101T000003.900000,6,489,5803.7,260.479,657.88,0,0,0,862.719,-2384.94,-6101.87,53894.1,-273.861,54002,1.09161e+20
20230101T000003.900000,6,490,8173.88,3758.49,414.976,0,0,0,22882.1,-49025.5,-5424.47,106959,-2494.26,129502,2.20871e+20
20230101T000003.900000,6,491,3089.43,2823.65,523.998,0,0,0,13030.5,-13707.4,-2584.34,15499.9,-2362.01,28029,8.30669e+19
20230101T000003.900000,6,492,7259.32,7712.02,-646.632,0,0,0,95504.6,-89208.7,7507.91,84705,7976.1,179477,6.35932e+20
20230101T000003.900000,6,493,4679.51,5951.3,-1741.41,0,0,0,58545.7,-42171.6,13029.7,38072.3,16570.9,91708.5,1.858e+20
20230101T000003.900000,4,412,9625.81,-7395.59,-505.977,-1.85562,-2.43702,0.222055,993.411,1209.28,83.0667,1645.06,-63.6477,2567.32,0
20230101T000003.900000,3,450,1773.77,-1478.22,410.462,0,0,0,2500,0,0,2500,0,2500,0
20230101T000003.900000,3,451,418.034,-251.185,-104.805,0,0,0,2500,0,0,2500,0,2500,0
20230101T000003.900000,3,452,6253.47,-1960.18,584.987,0,0,0,2500,0,0,2500,0,2500,0
20230101T000003.900000,3,453,5803.7,260.479,657.88,0,0,0,2500,0,0,2500,0,2500,0
20230101T000003.900000,3,454,8173.88,3758.49,414.976,0,0,0,2500,0,0,2500,0,2500,0
20230101T000003.900000,3,455,3089.43,2823.65,523.998,0,0,0,2500,0,0,2500,0,2500,0
20230101T000003.900000,3,456,7259.32,7712.02,-646.632,0,0,0,2500,0,0,2500,0,2500,0
20230101T000003.900000,3,457,4679.51,5951.3,-1741.41,0,0,0,2500,0,0,2500,0,2500,0
20230101T000004,6,494,382.718,-307.827,-96.9209,0,0,0,198.141,151.073,49.8772,264.459,-40.117,388.368,6.73445e+22
20230101T000004,6,495,4013.07,-3023.09,-284.534,0,0,0,14745.9,19318.1,1824.08,25837.5,-1374.1,40390.3,1.03156e+20
20230101T000004,6,496,3465.32,-4133.14,-565.832,0,0,0,27570.2,22632.9,3133,19551.5,-3736.78,46546.8,1.09996e+20
20230101T000004,6,497,3964.83,-1205.88,1016.19,0,0,0,3894.23,7173.02,-6432.26,25296.8,1956.34,27482.1,1.42749e+20
20230101T000004,6,498,8692.1,1791.9,-131.774,0,0,0,5225.5,-24902.5,1831.7,120888,377.61,126022,1.74376e+20
20230101T000004,6,499,9765.58,228.506,-619.565,0,0,0,761.093,-3554.53,9676.61,152587,226.424,152670,1.0966e+20
20230101T000004,6,500,3148.24,615.138,329.27,0,0,0,833.525,-3053.99,-1652.21,15866.9,-322.827,16464.3,1.68188e+20
20230101T000004,6,501,3968.5,726.031,-410.615,0,0,0,1165.72,-4551.04,2600.9,25209.2,475.831,26042.5,1.76948e+20
20230101T000004,6,502,144.206,75.4174,-6.34581,0,0,0,59.3295,8.86796,-0.743946,47.0108,-0.389072,42.4702,1.01652e+20
20230101T000004,6,503,9404.82,4493.19,12.7677,0,0,0,32354.3,-67587.3,-192.054,141533,-91.7545,173823,1.31882e+20
20230101T000004,6,504,10344.2,1636.6,-2490.99,0,0,0,14030.3,-25545.1,41213.5,171448,6520.56,175493,1.54096e+20
20230101T000004,6,505,6099.93,9097.17,-2030.6,0,0,0,134479,-85707.1,19812.1,64128.5,29546.9,191950,1.37439e+20
20230101T000004,6,506,9980.34,6608.91,-30.054,0,0,0,69929.7,-105504,479.784,159391,317.709,229256,1.62233e+20
20230101T000004,6,507,6225.81,4148.78,1367.96,0,0,0,29656.1,-39917,-13617.3,62957,-9074.34,89559.1,2.16382e+20
20230101T000004,4,451,391.054,-302.37,-98.0748,-2.67129,-5.06778,0.666327,142.718,112.96,49.5617,262.837,-29.7802,331.479,0
20230101T000004,3,458,4013.07,-3023.09,-284.534,0,0,0,2500,0,0,2500,0,2500,0
20230101T000004,3,459,3465.32,-4133.14,-565.832,0,0,0,2500,0,0,2500,0,2500,0
20230101T000004,3,460,3964.83,-1205.88,1016.19,0,0,0,2500,0,0,2500,0,2500,0
20230101T000004,3,461,8692.1,1791.9,-131.774,0,0,0,2500,0,0,2500,0,2500,0
20230101T000004,3,462,9765.58,228.506,-619.565,0,0,0,2500,0,0,2500,0,2500,0
20230101T000004,3,463,3148.24,615.138,329.27,0,0,0,2500,0,0,2500,0,2500,0
20230101T000004,3,464,3968.5,726.031,-410.615,0,0,0,2500,0,0,2500,0,2500,0
20230101T000004,3,465,144.206,75.4173,-6.34581,0,0,0,2500,0,0,2500,0,2500,0
20230101T000004,3,466,9404.82,4493.19,12.7677,0,0,0,2500,0,0,2500,0,2500,0
20230101T000004,3,467,10344.2,1636.6,-2490.99,0,0,0,2500,0,0,2500,0,2500,0
20230101T000004,3,468,6099.93,9097.17,-2030.6,0,0,0,2500,0,0,2500,0,2500,0
20230101T000004,3,469,9980.34,6608.91,-30.054,0,0,0,2500,0,0,2500,0,2500,0
20230101T000004,3,470,6225.81,4148.78,1367.96,0,0,0,2500,0,0,2500,0,2500,0
20230101T000004.100000,6,508,7937.35,-9218.28,156.371,0,0,0,136006,117019,-1985.34,100862,2305.73,236765,1.33179e+20
20230101T000004.100000,6,509,8289.97,-5314.59,-659.405,0,0,0,45730,70147.4,8742.72,110179,-5604.85,155150,1.12509e+20
20230101T000004.100000,6,510,8303.38,-5281.8,748.144,0,0,0,45318.8,69736.5,-9935.31,110590,6319.88,154950,1.1855e+20
20230101T000004.100000,6,511,3802.1,252.598,-357.432,0,0,0,368.767,-1518.93,2168.45,23130.7,144.064,23232.2,1.77044e+20
20230101T000004.100000,6,512,10144.8,895.581,-1104.16,0,0,0,3281.66,-14360.3,17915.5,164681,1581.58,165950,8.28446e+19
20230101T000004.100000,6,513,8053.53,-540.959,-315.646,0,0,0,690.529,6955.67,4064.81,103776,-273.035,104243,1.46595e+20
20230101T000004.100000,6,514,1237.7,381.816,250.005,0,0,0,380.908,-710.571,-483.711,2465.11,-149.219,2686.61,2.34154e+20
20230101T000004.100000,6,515,7876.14,9250.51,-890.845,0,0,0,137476,-115915,11223.2,100027,13181.7,236169,1.32703e+20
20230101T000004.100000,6,516,322.447,381.362,-17.6582,0,0,0,259.554,-164.99,7.65089,203.92,9.04879,399.135,1.41114e+26
20230101T000004.100000,6,517,4703.32,6052.9,-912.554,0,0,0,59145.5,-44873.8,6862.65,36264.1,8831.83,94015,1.20475e+20
20230101T000004.100000,6,518,3561.19,5052.16,-1312.61,0,0,0,41774.3,-27459.7,7471.6,22173.8,10599.8,61132.9,1.24285e+20
20230101T000004.100000,4,457,4652.88,5919.37,-1709.36,-5.12128,-6.1397,6.16315,1633.63,-1137.84,333.443,1081.23,424.066,2407.74,0
20230101T000004.100000,3,471,7937.35,-9218.28,156.371,0,0,0,2500,0,0,2500,0,2500,0
20230101T000004.100000,3,472,8289.97,-5314.59,-659.405,0,0,0,2500,0,0,2500,0,2500,0
20230101T000004.100000,3,473,8303.38,-5281.8,748.144,0,0,0,2500,0,0,2500,0,2500,0
20230101T000004.100000,3,474,3802.1,252.598,-357.432,0,0,0,2500,0,0,2500,0,2500,0
20230101T000004.100000,3,475,10144.8,895.581,-1104.16,0,0,0,2500,0,0,2500,0,2500,0
20230101T000004.100000,3,476,8053.53,-540.959,-315.646,0,0,0,2500,0,0,2500,0,2500,0
20230101T000004.100000,3,477,1237.7,381.816,250.005,0,0,0,2500,0,0,2500,0,2500,0
20230101T000004.100000,3,478,7876.14,9250.51,-890.845,0,0,0,2500,0,0,2500,0,2500,0
20230101T000004.100000,3,479,322.447,381.362,-17.6582,0,0,0,2500,0,0,2500,0,2500,0
20230101T000004.100000,3,480,3561.19,5052.16,-1312.61,0,0,0,2500,0,0,2500,0,2500,0
20230101T000004.200000,6,519,1679.42,-2419.19,335.644,0,0,0,9443.13,6386.51,-897.796,4677,1293.26,13877.5,2.02911e+20
20230101T000004.200000,6,520,6119.27,-5120.98,112.573,0,0,0,42008.6,50097.2,-1101.49,59947.4,921.798,101872,1.57136e+20
20230101T000004.200000,6,521,4349.04,-2495.22,-144.233,0,0,0,10034.9,17320.9,1002.05,30286.8,-574.915,40224.5,1.40824e+20
20230101T000004.200000,6,522,2365.14,-405.417,226.771,0,0,0,404.536,1509.93,-852.245,8954.38,146.086,9213.76,1.43268e+20
20230101T000004.200000,6,523,1806.28,182.248,-61.5945,0,0,0,122.434,-519.713,175.853,5220.93,17.743,5273.44,4.93998e+20
20230101T000004.200000,6,524,9995.31,658.075,-979.698,0,0,0,2285.08,-10419.4,15661.6,159857,1031.14,160543,1.08906e+20
20230101T000004.200000,6,525,5508.07,159.045,-811.59,0,0,0,1156.07,-1369.43,7143.25,48543,206.26,48583.9,8.82888e+19
20230101T000004.200000,6,526,11261.2,2825.96,187.85,0,0,0,12891,-50889.5,-3383.68,202911,-849.12,215682,1.33552e+20
20230101T000004.200000,6,527,5092.75,2399.39,653.973,0,0,0,9823.01,-19263,-5322.19,41633.5,-2507.5,50709.9,1.27768e+20
20230101T000004.200000,6,528,2274.18,1608.67,294.833,0,0,0,4275.41,-5758.06,-1067.34,8342.55,-754.995,12416.3,1.62284e+20
20230101T000004.200000,6,529,7317.72,6718.79,46.9587,0,0,0,72264,-78632.3,-549.587,85709.4,-504.604,157906,1.76017e+20
20230101T000004.200000,6,530,7203.12,7046.14,-1188.21,0,0,0,80623.5,-80045.9,13688.8,84151.3,13390.5,162454,1.44668e+20
20230101T000004.200000,6,531,377.981,326.428,-18.0014,0,0,0,207.396,-165.539,9.14305,256.118,7.89602,399.162,5.91073e+25
20230101T000004.200000,6,532,6800.5,4812.93,2193.67,0,0,0,42232.6,-48709.6,-23856,76584.3,-16883.6,111062,1.50983e+20
20230101T000004.200000,6,533,3873.93,4309.93,-178.247,0,0,0,29772.1,-26657.1,1103.52,24075.3,1227.71,53732.6,1.226e+20
20230101T000004.200000,4,479,374.019,337.779,-17.9546,5.10611,-4.31519,-0.0293451,227.11,-138.951,6.44233,180.256,7.61942,344.614,0
20230101T000004.200000,3,481,1679.42,-2419.19,335.644,0,0,0,2500,0,0,2500,0,2500,0
20230101T000004.200000,3,482,6119.27,-5120.98,112.573,0,0,0,2500,0,0,2500,0,2500,0
20230101T000004.200000,3,483,4349.04,-2495.22,-144.233,0,0,0,2500,0,0,2500,0,2500,0
20230101T000004.200000,3,484,2365.14,-405.417,226.771,0,0,0,2500,0,0,2500,0,2500,0
20230101T000004.200000,3,485,1806.28,182.248,-61.5945,0,0,0,2500,0,0,2500,0,2500,0
20230101T000004.200000,3,486,9995.31,658.075,-979.698,0,0,0,2500,0,0,2500,0,2500,0
20230101T000004.200000,3,487,5508.07,159.045,-811.59,0,0,0,2500,0,0,2500,0,2500,0
20230101T000004.200000,3,488,11261.2,2825.96,187.85,0,0,0,2500,0,0,2500,0,2500,0
20230101T000004.200000,3,489,5092.75,2399.39,653.973,0,0,0,2500,0,0,2500,0,2500,0
20230101T000004.200000,3,490,2274.18,1608.67,294.833,0,0,0,2500,0,0,2500,0,2500,0
20230101T000004.200000,3,491,7317.72,6718.79,46.9587,0,0,0,2500,0,0,2500,0,2500,0
20230101T000004.200000,3,492,7203.12,7046.14,-1188.21,0,0,0,2500,0,0,2500,0,2500,0
20230101T000004.200000,3,493,6800.5,4812.93,2193.67,0,0,0,2500,0,0,2500,0,2500,0
20230101T000004.200000,3,494,3873.93,4309.93,-178.247,0,0,0,2500,0,0,2500,0,2500,0
20230101T000004.300000,6,534,6114.2,-8955.84,2166.3,0,0,0,130738,84087.4,-21185.4,64977.1,31031.5,188147,2.23942e+20
20230101T000004.300000,6,535,4389.9,-3656.4,-640.294,0,0,0,21815.4,25328.3,4491.88,31128.5,-3741.34,52225.6,1.3124e+20
20230101T000004.300000,6,536,7165.96,-5794.86,1243.18,0,0,0,55261.8,65201.5,-14247.2,83164.2,11521.2,135891,1.96598e+20
20230101T000004.300000,6,537,1115.94,-215.52,-212.777,0,0,0,203.762,359.813,368.549,1997.34,-71.1775,2069,1.20321e+20
20230101T000004.300000,6,538,5979.07,-3479.02,-711.932,0,0,0,20018.9,32902.1,6805.07,57420,-3959.64,76565.3,1.51811e+20
20230101T000004.300000,6,539,4534.6,-1671.01,446.034,0,0,0,4803.76,11999.9,-3230.64,32945.8,1190.5,37368.3,2.09902e+20
20230101T000004.300000,6,540,4886.43,-1269.28,25.7168,0,0,0,2638.68,9907.8,-200.746,38207.6,52.1452,40781.2,2.0586e+20
20230101T000004.300000,6,541,8568.41,887.326,-848.903,0,0,0,2463.25,-12040.1,11631.8,117481,1204.56,118729,4.86297e+20
20230101T000004.300000,6,542,2951.81,1314.45,250.12,0,0,0,2901.08,-6147.18,-1176.79,13968.2,-524.031,16705.9,1.32989e+20
20230101T000004.300000,6,543,1523.42,873.759,97.0586,0,0,0,1280.88,-2095.72,-233.519,3732.81,-133.935,4935.01,2.09774e+20
20230101T000004.300000,6,544,3277.97,1836.59,-187.111,0,0,0,5488.1,-9581.32,978.576,17220.7,548.279,22589.1,1.37446e+20
20230101T000004.300000,6,545,434.335,246.476,-17.1184,0,0,0,145.909,-143.644,9.99048,317.521,5.66938,399.111,8.78904e+25
20230101T000004.300000,6,546,7121.25,3404.31,-587.762,0,0,0,19044.7,-38548.9,6692.69,81254.3,3199.44,99682.9,1.71187e+20
20230101T000004.300000,6,547,5360.91,1372.39,195.187,0,0,0,3130.74,-11741.7,-1672.02,45990.7,-428.038,48996.7,1.43888e+20
20230101T000004.300000,6,548,1482.64,2070.01,-233.566,0,0,0,6907.05,-4839.17,550.68,3616.79,768.841,10373.6,1.28206e+20
20230101T000004.300000,6,549,1429.82,1022.36,63.7337,0,0,0,1718.95,-2305.56,-143.92,3294.86,-102.906,4943.48,2.01569e+20
20230101T000004.300000,6,550,5433.14,4877.68,-1356.77,0,0,0,39731.9,-40906.9,11785.9,48572.5,10580.9,85299.3,1.16653e+20
20230101T000004.300000,3,495,6114.2,-8955.84,2166.3,0,0,0,2500,0,0,2500,0,2500,0
20230101T000004.300000,3,496,4389.9,-3656.4,-640.294,0,0,0,2500,0,0,2500,0,2500,0
20230101T000004.300000,3,497,7165.96,-5794.86,1243.18,0,0,0,2500,0,0,2500,0,2500,0
20230101T000004.300000,3,498,1115.94,-215.52,-212.777,0,0,0,2500,0,0,2500,0,2500,0
20230101T000004.300000,3,499,5979.07,-3479.02,-711.932,0,0,0,2500,0,0,2500,0,2500,0
20230101T000004.300000,3,500,4534.6,-1671.01,446.034,0,0,0,2500,0,0,2500,0,2500,0
20230101T000004.300000,3,501,4886.43,-1269.28,25.7168,0,0,0,2500,0,0,2500,0,2500,0
20230101T000004.300000,3,502,8568.41,887.326,-848.903,0,0,0,2500,0,0,2500,0,2500,0
20230101T000004.300000,3,503,2951.81,1314.45,250.12,0,0,0,2500,0,0,2500,0,2500,0
20230101T000004.300000,3,504,1523.42,873.759,97.0586,0,0,0,2500,0,0,2500,0,2500,0
20230101T000004.300000,3,505,3277.97,1836.59,-187.111,0,0,0,2500,0,0,2500,0,2500,0
20230101T000004.300000,3,506,434.335,246.476,-17.1185,0,0,0,2500,0,0,2500,0,2500,0
20230101T000004.300000,3,507,7121.25,3404.31,-587.762,0,0,0,2500,0,0,2500,0,2500,0
20230101T000004.300000,3,508,5360.92,1372.39,195.187,0,0,0,2500,0,0,2500,0,2500,0
20230101T000004.300000,3,509,1482.64,2070.01,-233.566,0,0,0,2500,0,0,2500,0,2500,0
20230101T000004.300000,3,510,1429.82,1022.36,63.7337,0,0,0,2500,0,0,2500,0,2500,0
20230101T000004.300000,3,511,5433.14,4877.68,-1356.77,0,0,0,2500,0,0,2500,0,2500,0
20230101T000004.400000,6,551,4414.23,-3588.87,354.565,0,0,0,20767.4,25217.7,-2501.13,31282.1,2033.47,51784.8,1.39971e+20
20230101T000004.400000,6,552,5925.67,-7726.7,592.101,0,0,0,95754.3,72955.7,-5611.4,56575.1,7316.9,151705,1.87508e+20
20230101T000004.400000,6,553,9727.02,-5636.73,-2078.57,0,0,0,56057.7,84700,32339.4,153137,-18740.5,202222,1.24943e+20
20230101T000004.400000,6,554,5600.8,-61.6652,-117.971,0,0,0,92.3127,551.649,1055.82,50190.3,-11.6247,50196.4,9.5212e+19
20230101T000004.400000,6,555,4947.68,132.262,-419.947,0,0,0,373.454,-1037.79,3319.03,39167.4,88.7249,39195.6,8.38494e+19
20230101T000004.400000,6,556,5391.66,2635.27,315.874,0,0,0,11291.8,-22645.4,-2721.92,46555.1,-1330.38,57623.6,8.47934e+19
20230101T000004.400000,6,557,469.326,170.967,-20.2268,0,0,0,103.755,-107.623,12.7576,359.99,4.64737,399.3,1.15768e+26
20230101T000004.400000,6,558,7998.5,5258.43,-275.314,0,0,0,44371.1,-67210.3,3521.83,102417,2315.35,146603,1.79951e+20
20230101T000004.400000,6,559,2767.88,1443.25,-368.203,0,0,0,3552.92,-6276.76,1624.02,12317.7,846.809,15591.4,1.24273e+20
20230101T000004.400000,6,560,4093.07,4746.27,-1030.35,0,0,0,36794.4,-30212.1,6741,27815.1,7816.78,62850.3,1.60024e+20
20230101T000004.400000,4,480,3601.6,5064.8,-1307.51,11.1245,3.47843,1.40332,1800.08,-1147.18,298.639,981.236,423.671,2503.45,0
20230101T000004.400000,4,506,469.945,183.965,-19.8021,3.52569,-6.18915,-0.265712,131.4,-120.975,8.41249,275.93,4.7739,344.599,0
20230101T000004.400000,3,512,4414.23,-3588.87,354.565,0,0,0,2500,0,0,2500,0,2500,0
20230101T000004.400000,3,513,5925.67,-7726.7,592.101,0,0,0,2500,0,0,2500,0,2500,0
20230101T000004.400000,3,514,9727.02,-5636.73,-2078.57,0,0,0,2500,0,0,2500,0,2500,0
20230101T000004.400000,3,515,5600.8,-61.6652,-117.971,0,0,0,2500,0,0,2500,0,2500,0
20230101T000004.400000,3,516,4947.68,132.262,-419.947,0,0,0,2500,0,0,2500,0,2500,0
20230101T000004.400000,3,517,5391.66,2635.27,315.874,0,0,0,2500,0,0,2500,0,2500,0
20230101T000004.400000,3,518,7998.5,5258.43,-275.314,0,0,0,2500,0,0,2500,0,2500,0
20230101T000004.400000,3,519,2767.88,1443.25,-368.203,0,0,0,2500,0,0,2500,0,2500,0
20230101T000004.500000,6,561,894.231,-679.982,27.4238,0,0,0,781.092,941.501,-37.9942,1303.31,28.8912,2019.28,1.14257e+20
20230101T000004.500000,6,562,2940.83,-2815.32,50.3756,0,0,0,12717.2,13213,-236.462,13870.1,226.37,26519.3,9.66037e+19
20230101T000004.500000,6,563,1773.87,-1643.93,344.435,0,0,0,4459.88,4539.88,-971.018,5151.26,899.891,9359.86,1.07495e+20
20230101T000004.500000,6,564,8369.77,-4941.46,1974.55,0,0,0,43740.3,63416.4,-26431.7,113713,15605.1,151156,2.24741e+20
20230101T000004.500000,6,565,9415.84,-5877.79,1116.99,0,0,0,56759.6,87625.7,-16822.5,142430,10501.3,197131,2.19263e+20
20230101T000004.500000,6,566,1443.43,97.6781,-235.263,0,0,0,165.486,-215.421,533.221,3334.29,36.0834,3350.52,1.51347e+20
20230101T000004.500000,6,567,2029.57,-97.0156,446.309,0,0,0,393.955,296.928,-1435.91,6591.49,68.638,6608.63,3.20136e+21
20230101T000004.500000,6,568,492.722,84.3494,-14.5661,0,0,0,73.8386,-55.8056,9.64666,390.27,1.65142,399.878,1.51531e+26
20230101T000004.500000,6,569,5818.5,-645.773,-696.62,0,0,0,1496.58,5919.85,6477.79,54178.1,-718.946,54836,1.92229e+20
20230101T000004.500000,6,570,2164.03,541.754,40.4655,0,0,0,532.267,-1860.11,-138.984,7496.79,-34.7939,7962.47,2.17729e+20
20230101T000004.500000,6,571,2912.56,1626.07,754.759,0,0,0,4971.86,-7163.8,-3505.22,13803.9,-1956.95,17806.5,2.13471e+20
20230101T000004.500000,6,572,9130.26,4834.57,2153.56,0,0,0,43240.3,-67531.3,-31448.7,135017,-16652.4,170778,1.95516e+20
20230101T000004.500000,6,573,7556,2325.1,-637.179,0,0,0,9301.23,-27909,7698.34,91410.6,2368.9,99999,2.099e+20
20230101T000004.500000,6,574,4472.78,1315.79,754.372,0,0,0,3665.49,-9152.97,-5388.94,32086.7,-1585.3,34780.9,2.24032e+20
20230101T000004.500000,6,575,2348.97,1874.96,-491.722,0,0,0,5899.16,-6827.76,1840.09,9003.08,1468.77,14454.7,1.43446e+20
20230101T000004.500000,3,520,894.231,-679.982,27.4238,0,0,0,2500,0,0,2500,0,2500,0
20230101T000004.500000,3,521,2940.83,-2815.32,50.3756,0,0,0,2500,0,0,2500,0,2500,0
20230101T000004.500000,3,522,1773.87,-1643.93,344.435,0,0,0,2500,0,0,2500,0,2500,0
20230101T000004.500000,3,523,8369.77,-4941.46,1974.55,0,0,0,2500,0,0,2500,0,2500,0
20230101T000004.500000,3,524,9415.84,-5877.79,1116.99,0,0,0,2500,0,0,2500,0,2500,0
20230101T000004.500000,3,525,1443.43,97.6781,-235.263,0,0,0,2500,0,0,2500,0,2500,0
20230101T000004.500000,3,526,2029.57,-97.0156,446.309,0,0,0,2500,0,0,2500,0,2500,0
20230101T000004.500000,3,527,492.722,84.3494,-14.5661,0,0,0,2500,0,0,2500,0,2500,0
20230101T000004.500000,3,528,5818.5,-645.773,-696.62,0,0,0,2500,0,0,2500,0,2500,0
20230101T000004.500000,3,529,2164.03,541.754,40.4655,0,0,0,2500,0,0,2500,0,2500,0
20230101T000004.500000,3,530,2912.56,1626.07,754.759,0,0,0,2500,0,0,2500,0,2500,0
20230101T000004.500000,3,531,9130.26,4834.57,2153.56,0,0,0,2500,0,0,2500,0,2500,0
20230101T000004.500000,3,532,7556,2325.1,-637.179,0,0,0,2500,0,0,2500,0,2500,0
20230101T000004.500000,3,533,4472.78,1315.79,754.372,0,0,0,2500,0,0,2500,0,2500,0
20230101T000004.500000,3,534,2348.97,1874.96,-491.722,0,0,0,2500,0,0,2500,0,2500,0
20230101T000004.600000,6,576,1695.75,-1246.08,232.696,0,0,0,2581.66,3309.36,-625.718,4653.47,459.793,7086.04,1.12702e+20
20230101T000004.600000,6,577,869.316,-1033.66,-54.9984,0,0,0,1738.01,1403.87,74.8229,1249.4,-88.9684,2918.78,1.05772e+20
20230101T000004.600000,6,578,1681.99,-745.981,-34.5847,0,0,0,945.441,1983.15,91.9744,4537.36,-40.7917,5416.93,1.78443e+20
20230101T000004.600000,6,579,3110.01,-903.882,119.854,0,0,0,1387.33,4474.44,-594.123,15482.2,172.674,16782.7,9.44242e+19
20230101T000004.600000,6,580,4658.44,-1339.46,242.078,0,0,0,3016.2,9941.78,-1801.27,34733.7,517.924,37592.4,1.11323e+20
20230101T000004.600000,6,581,3704.53,-514.655,-205.939,0,0,0,552.963,3032.55,1217.17,21960.2,-169.096,22381.7,9.32643e+19
20230101T000004.600000,6,582,499.84,-0.908874,-16.7154,0,0,0,64.3767,0.60981,11.2302,399.744,-0.0204202,399.816,7.22817e+25
20230101T000004.600000,6,583,5593.26,-688.365,739.809,0,0,0,1682.77,6046.53,-6612.51,50069.2,813.805,50814.5,1.30552e+20
20230101T000004.600000,6,584,7235.24,4912.55,-1197.55,0,0,0,40226.6,-55774.1,13856.2,84501.8,9408.01,122372,1.06314e+20
20230101T000004.600000,6,585,4515.96,1261.94,-407.654,0,0,0,2853.54,-9032.8,2940.2,32654.1,821.609,35178.7,1.15279e+20
20230101T000004.600000,6,586,1548.43,1775.02,511.247,0,0,0,5248.22,-4160.12,-1257.88,4108.38,-1441.96,8880.16,2.92635e+20
20230101T000004.600000,6,587,5796.58,7585.64,2370.46,0,0,0,95403.8,-65986.8,-21975.8,59474.7,-28758.4,145831,1.85715e+20
20230101T000004.600000,4,500,4544.09,-1648.92,432.303,2.61147,6.07876,-3.77908,377.142,796.94,-212.849,2246.12,78.4355,2520.31,0
20230101T000004.600000,4,527,505.165,11.45,-16.4215,1.23194,-7.21777,-0.183705,70.7016,-46.986,8.12115,337.124,1.39027,345.181,0
20230101T000004.600000,3,535,1695.75,-1246.08,232.696,0,0,0,2500,0,0,2500,0,2500,0
20230101T000004.600000,3,536,869.316,-1033.66,-54.9984,0,0,0,2500,0,0,2500,0,2500,0
20230101T000004.600000,3,537,1681.99,-745.981,-34.5847,0,0,0,2500,0,0,2500,0,2500,0
20230101T000004.600000,3,538,3110.01,-903.882,119.854,0,0,0,2500,0,0,2500,0,2500,0
20230101T000004.600000,3,539,3704.53,-514.655,-205.939,0,0,0,2500,0,0,2500,0,2500,0
20230101T000004.600000,3,540,5593.26,-688.365,739.809,0,0,0,2500,0,0,2500,0,2500,0
20230101T000004.600000,3,541,7235.24,4912.55,-1197.55,0,0,0,2500,0,0,2500,0,2500,0
20230101T000004.600000,3,542,4515.96,1261.94,-407.654,0,0,0,2500,0,0,2500,0,2500,0
20230101T000004.600000,3,543,1548.43,1775.02,511.247,0,0,0,2500,0,0,2500,0,2500,0
20230101T000004.600000,3,544,5796.58,7585.64,2370.46,0,0,0,2500,0,0,2500,0,2500,0
20230101T000004.700000,6,588,3102.45,-2731.24,164.156,0,0,0,11995.8,13504.6,-812.95,15447,715.68,27335.9,1.46166e+20
20230101T000004.700000,6,589,4909.11,-3137.42,-656.868,0,0,0,16284.5,24301.2,5153.41,38777.5,-3293.56,54309.3,1.39373e+20
20230101T000004.700000,6,590,1239.84,-615.474,-17.0434,0,0,0,657.805,1195.28,33.1041,2472.29,-16.4333,3065.65,1.49861e+20
20230101T000004.700000,6,591,2339.18,-1088.23,365.973,0,0,0,2122.55,3966.98,-1361.65,8804.14,633.468,10650.9,1.80102e+20
20230101T000004.700000,6,592,490.868,-91.4553,-18.3748,0,0,0,75.6739,60.2222,12.1191,387.684,-2.25795,398.991,8.57906e+25
20230101T000004.700000,6,593,6114.12,-3381.39,826.211,0,0,0,19178.8,32589.5,-8075.96,60082.6,4466.38,78107,2.44762e+20
20230101T000004.700000,6,594,7790.63,-4153.47,-1189.51,0,0,0,29414,50807.2,14819.8,97625.3,-7901,124714,1.07975e+20
20230101T000004.700000,6,595,10787.2,834.519,-1752.35,0,0,0,6060.23,-14020.8,30234.9,186213,2339.02,187299,1.12439e+20
20230101T000004.700000,6,596,491.957,-87.2209,-17.8311,0,0,0,74.6359,57.5798,11.7893,389.198,-2.09016,399.488,8.39747e+25
20230101T000004.700000,4,521,2997.16,-2848.24,61.0921,10.8326,-6.33037,2.06088,1165.1,1151.42,-20.6031,1265.57,19.7238,2367.53,0
20230101T000004.700000,3,545,4909.11,-3137.42,-656.868,0,0,0,2500,0,0,2500,0,2500,0
20230101T000004.700000,3,546,1239.84,-615.474,-17.0434,0,0,0,2500,0,0,2500,0,2500,0
20230101T000004.700000,3,547,2339.18,-1088.23,365.973,0,0,0,2500,0,0,2500,0,2500,0
20230101T000004.700000,3,548,490.868,-91.4553,-18.3748,0,0,0,2500,0,0,2500,0,2500,0
20230101T000004.700000,3,549,6114.12,-3381.39,826.211,0,0,0,2500,0,0,2500,0,2500,0
20230101T000004.700000,3,550,7790.63,-4153.47,-1189.51,0,0,0,2500,0,0,2500,0,2500,0
20230101T000004.700000,3,551,10787.2,834.519,-1752.35,0,0,0,2500,0,0,2500,0,2500,0
20230101T000004.700000,3,552,491.957,-87.2209,-17.8311,0,0,0,2500,0,0,2500,0,2500,0
20230101T000004.800000,6,597,11003.2,-2619.15,-744.288,0,0,0,11875,45896.2,13099.1,193762,-3118.07,204687,1.15175e+20
20230101T000004.800000,6,598,470.087,-167.797,-10.9589,0,0,0,101.96,105.893,6.91987,360.822,-2.47004,398.652,2.89384e+24
20230101T000004.800000,6,599,7155.07,-2976.48,-202.702,0,0,0,14285.6,34029.1,2319.02,81931.2,-964.7,96087.1,1.73775e+20
20230101T000004.800000,6,600,4127.06,124.262,-252.525,0,0,0,190.347,-815.551,1663.6,27252.3,50.0894,27277.1,6.68014e+19
20230101T000004.800000,6,601,7142.08,3462.4,-407.603,0,0,0,19448.1,-39436.6,4654.87,81677.7,2256.63,100796,1.17055e+20
20230101T000004.800000,6,602,8992.18,2077.89,998.677,0,0,0,8483.13,-29531.7,-14361.8,129459,-3318.68,136284,1.39164e+20
20230101T000004.800000,6,603,971.068,1162.23,-223.261,0,0,0,2219.79,-1735.71,340.962,1592.61,408.083,3671.37,1.40039e+20
20230101T000004.800000,6,604,6447.29,7835.79,1517.85,0,0,0,99752.8,-78992.2,-15651.7,68743.6,-19022.5,164749,1.71462e+20
20230101T000004.800000,6,605,3724.72,5019.35,1033.42,0,0,0,40939.1,-29065.6,-6152.57,23339.8,-8291.07,62509.6,2.4419e+20
20230101T000004.800000,4,548,478.19,-158.68,-11.9666,-1.25518,-6.65592,0.634471,72.2499,50.7206,10.2051,335.032,-1.90135,344.503,0
20230101T000004.800000,3,553,11003.2,-2619.15,-744.288,0,0,0,2500,0,0,2500,0,2500,0
20230101T000004.800000,3,554,7155.07,-2976.48,-202.702,0,0,0,2500,0,0,2500,0,2500,0
20230101T000004.800000,3,555,4127.06,124.262,-252.525,0,0,0,2500,0,0,2500,0,2500,0
20230101T000004.800000,3,556,7142.08,3462.4,-407.603,0,0,0,2500,0,0,2500,0,2500,0
20230101T000004.800000,3,557,8992.18,2077.89,998.677,0,0,0,2500,0,0,2500,0,2500,0
20230101T000004.800000,3,558,971.068,1162.23,-223.261,0,0,0,2500,0,0,2500,0,2500,0
20230101T000004.800000,3,559,6447.3,7835.79,1517.85,0,0,0,2500,0,0,2500,0,2500,0
20230101T000004.800000,3,560,3724.72,5019.35,1033.42,0,0,0,2500,0,0,2500,0,2500,0
20230101T000004.900000,6,606,1248.29,-913.941,-14.6893,0,0,0,1378.35,1794.72,28.8482,2515.62,-21.1213,3829.64,1.5609e+20
20230101T000004.900000,6,607,5713.39,-5139.91,-1339.36,0,0,0,43890.6,45528.1,12235.6,53540.2,-11007.5,94500.3,1.2547e+20
20230101T000004.900000,6,608,4189.6,-3012.07,1178.98,0,0,0,16022.4,19108.1,-7891.83,28862.9,5673.75,42603.6,1.16594e+20
20230101T000004.900000,6,609,435.381,-245.849,-2.99154,0,0,0,145.243,143.854,1.75052,318.767,-0.988474,400,1.14839e+24
20230101T000004.900000,6,610,9665.55,-1939.14,-929.557,0,0,0,7406.42,29709.7,14369.6,149533,-2882.89,155494,1.51732e+20
20230101T000004.900000,6,611,10102.8,5898.92,-795.74,0,0,0,56478.7,-94884.1,12859,163580,7508.23,218982,1.19092e+20
20230101T000004.900000,6,612,9528.74,3769.57,-1267.14,0,0,0,25011.3,-56570.5,19311.5,145631,7639.63,168011,1.85599e+20
20230101T000004.900000,6,613,7224.75,4224.17,-181.456,0,0,0,28636.7,-48778.9,2096.37,83545,1225.71,112065,1.22824e+20
20230101T000004.900000,6,614,5928.52,3065.1,208.538,0,0,0,15137.1,-29020,-1976.34,56264,-1021.79,71267.7,1.34562e+20
20230101T000004.900000,6,615,7118.81,6597.24,118.826,0,0,0,69684.3,-75100,-1352.86,81123.9,-1253.74,150722,3.11232e+20
20230101T000004.900000,3,561,1248.29,-913.941,-14.6893,0,0,0,2500,0,0,2500,0,2500,0
20230101T000004.900000,3,562,5713.39,-5139.91,-1339.36,0,0,0,2500,0,0,2500,0,2500,0
20230101T000004.900000,3,563,4189.6,-3012.07,1178.98,0,0,0,2500,0,0,2500,0,2500,0
20230101T000004.900000,3,564,435.381,-245.849,-2.99154,0,0,0,2500,0,0,2500,0,2500,0
20230101T000004.900000,3,565,9665.55,-1939.14,-929.557,0,0,0,2500,0,0,2500,0,2500,0
20230101T000004.900000,3,566,10102.8,5898.92,-795.74,0,0,0,2500,0,0,2500,0,2500,0
20230101T000004.900000,3,567,9528.74,3769.57,-1267.14,0,0,0,2500,0,0,2500,0,2500,0
20230101T000004.900000,3,568,7224.75,4224.17,-181.456,0,0,0,2500,0,0,2500,0,2500,0
20230101T000004.900000,3,569,5928.52,3065.1,208.538,0,0,0,2500,0,0,2500,0,2500,0
20230101T000004.900000,3,570,7118.81,6597.24,118.826,0,0,0,2500,0,0,2500,0,2500,0
20230101T000005,6,616,6435.85,-5119.99,81.7706,0,0,0,41988.6,52686,-841.523,66301.2,669.468,108215,1.25492e+20
20230101T000005,6,617,380.054,-323.197,-20.1082,0,0,0,204.586,164.679,10.2656,258.193,-8.72987,398.34,1.76843e+24
20230101T000005,6,618,4517.25,-5419.13,-1345.51,0,0,0,48200,37712.2,9717.27,34394.3,-11657.4,79638.2,1.76548e+20
20230101T000005,6,619,7128.8,-6590.54,-1108.61,0,0,0,70590.6,74160.5,12639.6,82247.1,-11685.2,150809,1.33118e+20
20230101T000005,6,620,2817.3,-31.192,0.744851,0,0,0,65.5497,139.895,-3.34064,12699.5,0.0369861,12701.1,1.53115e+20
20230101T000005,6,621,9809.71,-874.629,1025.63,0,0,0,2956.58,13573.3,-16091.3,153982,1434.69,155193,1.10203e+20
20230101T000005,6,622,7596.5,-202.09,587.184,0,0,0,680.186,2439.93,-7131.96,92331.4,189.732,92396.7,1.24438e+20
20230101T000005,6,623,1864.19,834.879,-196.492,0,0,0,1219.51,-2443.5,580.512,5581.26,259.983,6676.17,1.0366e+20
20230101T000005,6,624,6798.58,2850.22,751.992,0,0,0,13821.4,-30658.7,-8174.01,74097.9,-3426.85,86951.8,2.31644e+20
20230101T000005,6,625,9159.9,2214.76,-328.866,0,0,0,8072.14,-32405.1,4817.65,134259,1164.85,142094,1.60364e+20
20230101T000005,6,626,6175.09,2390.04,-1354.91,0,0,0,11747.7,-22604.5,13375,61401.5,5176.74,70153,1.71542e+20
20230101T000005,6,627,7190.54,8665.29,468.602,0,0,0,120309,-99488.9,-5389.5,82972.1,-6494.87,202866,1.00118e+20
20230101T000005,6,628,7267.42,7033.25,1287.07,0,0,0,80547.7,-80425.8,-14960.1,85817,-14478.1,163652,1.26294e+20
20230101T000005,4,564,394.236,-317.134,-17.7922,-4.07383,-7.05794,-1.46542,130.817,121.112,1.47377,276.908,-0.832201,345.298,0
20230101T000005,3,571,6435.85,-5119.99,81.7706,0,0,0,2500,0,0,2500,0,2500,0
20230101T000005,3,572,4517.24,-5419.13,-1345.51,0,0,0,2500,0,0,2500,0,2500,0
20230101T000005,3,573,7128.8,-6590.54,-1108.61,0,0,0,2500,0,0,2500,0,2500,0
20230101T000005,3,574,2817.3,-31.192,0.744851,0,0,0,2500,0,0,2500,0,2500,0
20230101T000005,3,575,9809.71,-874.629,1025.63,0,0,0,2500,0,0,2500,0,2500,0
20230101T000005,3,576,7596.5,-202.09,587.184,0,0,0,2500,0,0,2500,0,2500,0
20230101T000005,3,577,1864.19,834.879,-196.493,0,0,0,2500,0,0,2500,0,2500,0
20230101T000005,3,578,6798.58,2850.22,751.992,0,0,0,2500,0,0,2500,0,2500,0
20230101T000005,3,579,9159.9,2214.76,-328.866,0,0,0,2500,0,0,2500,0,2500,0
20230101T000005,3,580,6175.09,2390.04,-1354.91,0,0,0,2500,0,0,2500,0,2500,0
20230101T000005,3,581,7190.54,8665.29,468.602,0,0,0,2500,0,0,2500,0,2500,0
20230101T000005,3,582,7267.42,7033.25,1287.07,0,0,0,2500,0,0,2500,0,2500,0
20230101T000005.100000,6,629,2327.48,-2322.38,345.514,0,0,0,8756.97,8521.33,-1281.98,8794.35,1279.17,17297.7,1.30447e+20
20230101T000005.100000,6,630,2812.52,-3316.31,3.19781,0,0,0,17623.5,14892,-14.3598,12693.7,16.932,30253.1,1.46965e+20
20230101T000005.100000,6,631,4361.77,-5359.56,397.323,0,0,0,46085.9,37248.6,-2770.53,30630.3,3404.32,76400.1,2.51807e+20
20230101T000005.100000,6,632,1162.42,-499.429,114.117,0,0,0,470.268,898.295,-206.983,2175.11,88.9292,2561.57,1.6006e+20
20230101T000005.100000,6,633,5201.49,-1745.84,-137.366,0,0,0,4961.35,14501.1,1141.69,43298.3,-383.201,48165.5,9.16057e+19
20230101T000005.100000,6,634,4399.99,-2161.06,17.5805,0,0,0,7524.23,15188.3,-123.561,30988.4,60.6869,38448.2,1.91876e+20
20230101T000005.100000,6,635,11688,2268.16,-1644.53,0,0,0,12462,-41595.4,30745.4,218733,5966.45,226806,1.81275e+20
20230101T000005.100000,6,636,10148.7,4909.31,1008.38,0,0,0,39932,-79054.4,-16368.9,165114,-7918.26,203357,1.62017e+20
20230101T000005.100000,6,637,6374.57,2114.1,-1297.15,0,0,0,9632.06,-20739.5,13218.8,65289.1,4383.95,72169.6,2.54449e+20
20230101T000005.100000,6,638,4452.33,2058.72,782.164,0,0,0,7639.16,-14269.1,-5562.89,31900.6,-2572.23,38500.1,1.48147e+20
20230101T000005.100000,6,639,1786.51,2135.1,73.7,0,0,0,7323.75,-6067.25,-209.579,5149.32,-250.472,12400.5,1.13735e+20
20230101T000005.100000,6,640,317.769,379.154,69.2446,0,0,0,259.076,-158.094,-29.5624,202.941,-35.2731,392.805,1.32765e+25
20230101T000005.100000,6,641,5078.15,6499.75,-1990.19,0,0,0,70019.9,-49706.8,16161.4,45232.9,20685.7,108859,1.64829e+20
20230101T000005.100000,6,642,3439.51,4759.21,813.686,0,0,0,36625.1,-25658.2,-4472.8,19665.5,-6188.95,55169.7,1.71361e+20
20230101T000005.100000,4,580,6252.19,2407.78,-1368.39,7.63357,1.75634,-1.33455,454.955,-767.246,435.603,2140.31,168.598,2345.1,0
20230101T000005.100000,3,583,2327.48,-2322.38,345.514,0,0,0,2500,0,0,2500,0,2500,0
20230101T000005.100000,3,584,2812.52,-3316.31,3.19781,0,0,0,2500,0,0,2500,0,2500,0
20230101T000005.100000,3,585,4361.77,-5359.56,397.323,0,0,0,2500,0,0,2500,0,2500,0
20230101T000005.100000,3,586,1162.42,-499.429,114.117,0,0,0,2500,0,0,2500,0,2500,0
20230101T000005.100000,3,587,5201.49,-1745.84,-137.366,0,0,0,2500,0,0,2500,0,2500,0
20230101T000005.100000,3,588,4399.99,-2161.06,17.5805,0,0,0,2500,0,0,2500,0,2500,0
20230101T000005.100000,3,589,11688,2268.16,-1644.53,0,0,0,2500,0,0,2500,0,2500,0
20230101T000005.100000,3,590,10148.7,4909.31,1008.38,0,0,0,2500,0,0,2500,0,2500,0
20230101T000005.100000,3,591,4452.33,2058.72,782.164,0,0,0,2500,0,0,2500,0,2500,0
20230101T000005.100000,3,592,1786.51,2135.1,73.7,0,0,0,2500,0,0,2500,0,2500,0
20230101T000005.100000,3,593,317.769,379.154,69.2446,0,0,0,2500,0,0,2500,0,2500,0
20230101T000005.100000,3,594,5078.15,6499.75,-1990.19,0,0,0,2500,0,0,2500,0,2500,0
20230101T000005.100000,3,595,3439.51,4759.21,813.686,0,0,0,2500,0,0,2500,0,2500,0
20230101T000005.200000,6,643,735.05,-922.027,248.97,0,0,0,1422.56,1006.17,-284.744,962.576,357.176,2227.42,1.23233e+20
20230101T000005.200000,6,644,8138.94,-7873.33,-995.542,0,0,0,100035,101705,12960.2,106785,-12537.3,205171,9.72581e+19
20230101T000005.200000,6,645,3464.79,-3152.08,1068.43,0,0,0,16929.7,16534.6,-5912.75,20062.3,5379.11,35107.8,2.28089e+20
20230101T000005.200000,6,646,1215.34,-582.72,-102.813,0,0,0,608.788,1101.73,195.548,2378.35,-93.7591,2906.96,1.27337e+20
20230101T000005.200000,6,647,8777.79,-5023.47,-8.75311,0,0,0,40424.7,70524.3,122.885,123295,-70.3261,163656,2.39332e+20
20230101T000005.200000,6,648,8953.95,-3048.11,-2251.09,0,0,0,22185.7,41176.3,32236.1,129125,-10973.9,143146,2.73228e+20
20230101T000005.200000,6,649,2114.4,95.3335,51.7506,0,0,0,82.6499,-319.446,-173.512,7153.22,-7.82326,7167.66,9.48268e+19
20230101T000005.200000,6,650,5183.07,716.737,-682.072,0,0,0,1614.08,-5834.3,5648.23,42997.9,781.062,43805.7,1.63649e+20
20230101T000005.200000,6,651,4867.42,-321.539,-937.094,0,0,0,1625.8,2407.64,7286.14,37913.3,-481.319,38074.6,1.65257e+20
20230101T000005.200000,6,652,8649.87,4901.03,-707.927,0,0,0,39087.3,-67458,9793.62,119923,5549.08,158145,8.4744e+19
20230101T000005.200000,6,653,10302.4,3364.82,428.987,0,0,0,18439,-55359.5,-7068.96,169858,-2308.76,187939,8.66613e+19
20230101T000005.200000,6,654,381.021,315.073,71.6821,0,0,0,200.943,-157.258,-36.6963,261.078,-30.3448,392.435,6.23393e+25
20230101T000005.200000,6,655,3897.72,4589.49,-501.446,0,0,0,33896.6,-28391.8,3123.76,24578.2,3678.17,58009.3,1.34979e+20
20230101T000005.200000,4,593,377.459,328.816,71.3506,5.90996,-4.98389,0.208522,227.123,-133.492,-24.8953,179.723,-29.7044,339.313,0
20230101T000005.200000,3,596,735.05,-922.027,248.97,0,0,0,2500,0,0,2500,0,2500,0
20230101T000005.200000,3,597,8138.94,-7873.33,-995.542,0,0,0,2500,0,0,2500,0,2500,0
20230101T000005.200000,3,598,3464.79,-3152.08,1068.43,0,0,0,2500,0,0,2500,0,2500,0
20230101T000005.200000,3,599,1215.34,-582.72,-102.813,0,0,0,2500,0,0,2500,0,2500,0
20230101T000005.200000,3,600,8777.79,-5023.47,-8.75311,0,0,0,2500,0,0,2500,0,2500,0
20230101T000005.200000,3,601,8953.95,-3048.11,-2251.09,0,0,0,2500,0,0,2500,0,2500,0
20230101T000005.200000,3,602,2114.4,95.3335,51.7506,0,0,0,2500,0,0,2500,0,2500,0
20230101T000005.200000,3,603,5183.07,716.737,-682.072,0,0,0,2500,0,0,2500,0,2500,0
20230101T000005.200000,3,604,4867.42,-321.539,-937.094,0,0,0,2500,0,0,2500,0,2500,0
20230101T000005.200000,3,605,8649.87,4901.03,-707.927,0,0,0,2500,0,0,2500,0,2500,0
20230101T000005.200000,3,606,10302.4,3364.82,428.987,0,0,0,2500,0,0,2500,0,2500,0
20230101T000005.200000,3,607,3897.72,4589.49,-501.446,0,0,0,2500,0,0,2500,0,2500,0
20230101T000005.300000,6,656,1978,-2338.06,-308.866,0,0,0,8836.52,7292.99,973.374,6385.88,-1150.56,15007.1,1.45421e+20
20230101T000005.300000,6,657,8499.29,-8834.57,-2310.79,0,0,0,129016,115841,31416,120050,-32655.4,240462,1.29972e+20
20230101T000005.300000,6,658,6191.49,-8451.93,-2543.09,0,0,0,117931,78766.2,25184.2,68108.7,-34378.6,175635,1.80689e+20
20230101T000005.300000,6,659,4513.76,-5092.59,184.682,0,0,0,41547.4,36720,-1332.63,32664.8,1503.52,74093.7,9.37263e+19
20230101T000005.300000,6,660,5395.29,-7906.13,294.808,0,0,0,100075,68154.8,-2543.81,46713.1,3727.63,146586,1.90569e+20
20230101T000005.300000,6,661,9511.59,-6080.01,-823.107,0,0,0,59961.2,92008.1,12522.6,145085,-8004.7,203899,1.17377e+20
20230101T000005.300000,6,662,11128.9,2972.49,1704.83,0,0,0,18536.2,-51753.8,-30347.5,198477,-8105.74,212301,1.35616e+20
20230101T000005.300000,6,663,9921.75,6188.48,-422.79,0,0,0,61527.5,-98083.7,6709.75,157604,4185.06,218781,3.80723e+20
20230101T000005.300000,6,664,10220.2,2727.48,-1098.25,0,0,0,13763.3,-44104.1,17952.6,167257,4791.04,179028,1.39698e+20
20230101T000005.300000,6,665,429.204,247.93,67.189,0,0,0,150.888,-139.912,-38.7639,312.277,-22.3919,394.252,5.04828e+25
20230101T000005.300000,6,666,7337.4,2923.51,-1139.37,0,0,0,15521.7,-33585.8,13367.6,86433.1,5326.18,99816.3,1.32619e+20
20230101T000005.300000,6,667,1601.86,1720.87,221.772,0,0,0,4804.22,-4339.67,-564.318,4181.66,-606.246,8844.32,9.77608e+19
20230101T000005.300000,4,585,4299.33,-5267.67,384.067,-12.0077,17.6715,-2.54935,1540.71,1196.47,-88.7081,1044.26,109.001,2506.62,0
20230101T000005.300000,3,608,1978,-2338.06,-308.866,0,0,0,2500,0,0,2500,0,2500,0
20230101T000005.300000,3,609,8499.29,-8834.57,-2310.79,0,0,0,2500,0,0,2500,0,2500,0
20230101T000005.300000,3,610,6191.49,-8451.93,-2543.09,0,0,0,2500,0,0,2500,0,2500,0
20230101T000005.300000,3,611,5395.29,-7906.13,294.808,0,0,0,2500,0,0,2500,0,2500,0
20230101T000005.300000,3,612,9511.59,-6080.01,-823.107,0,0,0,2500,0,0,2500,0,2500,0
20230101T000005.300000,3,613,11128.9,2972.49,1704.83,0,0,0,2500,0,0,2500,0,2500,0
20230101T000005.300000,3,614,9921.75,6188.48,-422.79,0,0,0,2500,0,0,2500,0,2500,0
20230101T000005.300000,3,615,10220.2,2727.48,-1098.25,0,0,0,2500,0,0,2500,0,2500,0
20230101T000005.300000,3,616,429.204,247.93,67.189,0,0,0,2500,0,0,2500,0,2500,0
20230101T000005.300000,3,617,7337.4,2923.51,-1139.37,0,0,0,2500,0,0,2500,0,2500,0
20230101T000005.300000,3,618,1601.86,1720.87,221.772,0,0,0,2500,0,0,2500,0,2500,0
20230101T000005.400000,6,668,5243.99,-5767.04,1277.24,0,0,0,54423.6,47057.4,-10709.7,45461.9,11777.9,97214.8,1.45419e+20
20230101T000005.400000,6,669,5122.79,-4510.06,806.332,0,0,0,33166.7,36419.3,-6603.47,42470.5,5813.65,74534.7,1.12181e+20
20230101T000005.400000,6,670,9591.86,-6129.83,1499.68,0,0,0,62719.3,92413,-23008.6,148268,14704,207327,2.13578e+20
20230101T000005.400000,6,671,4524.62,-940.324,-581.9,0,0,0,1994.47,6686.9,4204.84,32780.6,-873.865,34171.3,1.36748e+20
20230101T000005.400000,6,672,3591.94,-1736.49,56.339,0,0,0,4880.63,9952.75,-322.973,20656.4,156.138,25468,1.12308e+20
20230101T000005.400000,6,673,5847.95,-1146.25,-1544.41,0,0,0,5835.09,9993.42,14435.4,54861.1,-2829.45,56823.9,1.30635e+20
20230101T000005.400000,6,674,4581.51,-702.629,-459.482,0,0,0,1181.86,5090.45,3361.98,33593.6,-515.6,34374.9,1.35009e+20
20230101T000005.400000,6,675,10415.3,1236.46,-1011.17,0,0,0,4121.87,-20406,16844.5,173588,1999.71,176011,1.50336e+20
20230101T000005.400000,6,676,5210.09,114.791,41.1891,0,0,0,87.7611,-955.441,-342.852,43432.1,-7.55384,43453.1,8.11473e+19
20230101T000005.400000,6,677,6404.48,-749.822,114.855,0,0,0,983.508,7673.73,-1175.81,65629,137.661,66527.5,1.11104e+20
20230101T000005.400000,6,678,3018.59,1420.98,123.946,0,0,0,3303.12,-6828.86,-596.478,14595.1,-280.787,17809.8,7.43427e+19
20230101T000005.400000,6,679,1842.58,832.691,-235.861,0,0,0,1235.74,-2397.78,688.638,5457.98,311.206,6542.43,1.1581e+21
20230101T000005.400000,6,680,463.63,174.283,67.9667,0,0,0,110.115,-106.16,-42.3496,352.617,-15.9197,393.707,6.3569e+25
20230101T000005.400000,6,681,4671.78,3321.4,-870.261,0,0,0,18497.2,-24225.2,6497.33,35348.8,4619.27,52573.1,2.19092e+20
20230101T000005.400000,6,682,7832.4,4898.36,2193.06,0,0,0,43965.5,-57898.7,-27470.8,100335,-17180.2,136548,1.73595e+20
20230101T000005.400000,6,683,8781.71,8005.99,-1136.96,0,0,0,103718,-111429,15970.7,124357,14559.9,225943,1.40509e+20
20230101T000005.400000,6,684,1147.84,1034.83,72.9261,0,0,0,1753.32,-1864.52,-131.694,2140.5,-118.728,3821.6,1.24641e+20
20230101T000005.400000,6,685,7320.85,5680.18,-959.573,0,0,0,52582.3,-65789.8,11234.7,86329.3,8716.86,137376,1.93323e+20
20230101T000005.400000,6,686,3414.54,3358.16,-549.905,0,0,0,18321.6,-18073,2999.11,18923.5,2949.58,36698.9,1.73779e+20
20230101T000005.400000,4,616,464.148,186.758,67.8569,3.45977,-6.05661,0.0661339,135.733,-118.077,-32.6321,271.936,-18.8499,340.429,0
20230101T000005.400000,3,619,5243.99,-5767.04,1277.24,0,0,0,2500,0,0,2500,0,2500,0
20230101T000005.400000,3,620,5122.79,-4510.06,806.332,0,0,0,2500,0,0,2500,0,2500,0
20230101T000005.400000,3,621,9591.86,-6129.83,1499.68,0,0,0,2500,0,0,2500,0,2500,0
20230101T000005.400000,3,622,4524.62,-940.324,-581.9,0,0,0,2500,0,0,2500,0,2500,0
20230101T000005.400000,3,623,3591.94,-1736.49,56.339,0,0,0,2500,0,0,2500,0,2500,0
20230101T000005.400000,3,624,5847.95,-1146.25,-1544.41,0,0,0,2500,0,0,2500,0,2500,0
20230101T000005.400000,3,625,4581.51,-702.629,-459.482,0,0,0,2500,0,0,2500,0,2500,0
20230101T000005.400000,3,626,10415.3,1236.46,-1011.17,0,0,0,2500,0,0,2500,0,2500,0
20230101T000005.400000,3,627,5210.09,114.791,41.1891,0,0,0,2500,0,0,2500,0,2500,0
20230101T000005.400000,3,628,6404.48,-749.822,114.855,0,0,0,2500,0,0,2500,0,2500,0
20230101T000005.400000,3,629,3018.59,1420.98,123.946,0,0,0,2500,0,0,2500,0,2500,0
20230101T000005.400000,3,630,1842.58,832.691,-235.861,0,0,0,2500,0,0,2500,0,2500,0
20230101T000005.400000,3,631,4671.78,3321.4,-870.261,0,0,0,2500,0,0,2500,0,2500,0
20230101T000005.400000,3,632,7832.4,4898.36,2193.06,0,0,0,2500,0,0,2500,0,2500,0
20230101T000005.400000,3,633,8781.71,8005.99,-1136.96,0,0,0,2500,0,0,2500,0,2500,0
20230101T000005.400000,3,634,1147.84,1034.83,72.9261,0,0,0,2500,0,0,2500,0,2500,0
20230101T000005.400000,3,635,7320.85,5680.18,-959.573,0,0,0,2500,0,0,2500,0,2500,0
20230101T000005.400000,3,636,3414.54,3358.16,-549.905,0,0,0,2500,0,0,2500,0,2500,0
20230101T000005.500000,6,687,8572.59,-7830.25,185.504,0,0,0,98165.3,107341,-2543.64,117637,2323.37,215683,1.06901e+20
20230101T000005.500000,6,688,4684.7,-5553.13,1689.01,0,0,0,51262.7,39344.1,-12650.9,37816.3,14996,84457.2,1.52363e+20
20230101T000005.500000,6,689,4335.92,-2865.41,912.35,0,0,0,14107.1,19237.6,-6320.31,30504,4176.81,43219.1,1.23246e+20
20230101T000005.500000,6,690,8778.07,-4691.6,-1380.51,0,0,0,37638.4,64599.4,19381.4,123979,-10358.8,158506,1.15069e+20
20230101T000005.500000,6,691,5316.73,-3236.35,1419.6,0,0,0,19155.4,26071.8,-12064.4,46116.3,7343.72,61989.7,1.90819e+20
20230101T000005.500000,6,692,4669.41,-2431.84,354.841,0,0,0,9670.78,18059.8,-2647.23,34942,1378.69,44347.9,1.24653e+20
20230101T000005.500000,6,693,3303.05,-239.248,786.317,0,0,0,1135.96,1188.75,-4141.24,17461.7,299.96,17551.2,2.06708e+20
20230101T000005.500000,6,694,11889.5,1531.97,1068.65,0,0,0,5614.92,-28903.3,-20323.5,226208,-2618.69,229933,1.2462e+20
20230101T000005.500000,6,695,486.984,81.6897,75.755,0,0,0,80.4249,-51.9506,-49.5658,381.409,-8.31446,391.595,1.63723e+25
20230101T000005.500000,6,696,6775.89,95.752,446.473,0,0,0,397.257,-1032.68,-4836.2,73460.3,-68.3417,73475.2,9.38513e+19
20230101T000005.500000,6,697,6804.92,957.449,100.897,0,0,0,1545.45,-10413.5,-1097.62,74092.7,-154.435,75557.9,1.43005e+20
20230101T000005.500000,6,698,1704.5,758.428,-164.825,0,0,0,1009.63,-2028.66,444.386,4666.21,197.732,5569.37,1.71131e+20
20230101T000005.500000,6,699,9545.02,3048.7,-492.314,0,0,0,15281.2,-46429,7515.65,145814,2400.51,160643,1.13478e+20
20230101T000005.500000,6,700,9930.45,3625.73,-548.987,0,0,0,21515.3,-57432.3,8719.59,157846,3183.63,178816,1.01588e+20
20230101T000005.500000,6,701,8940.76,2018.58,1248.53,0,0,0,8952.42,-28327,-17852.1,128023,-4030.53,134420,2.08088e+20
20230101T000005.500000,6,702,7666.41,6866.46,136.021,0,0,0,75489.2,-84179.2,-1667.84,94079.8,-1493.81,169475,1.74453e+20
20230101T000005.500000,6,703,6440.5,8705.93,2156.44,0,0,0,123923,-86126.1,-22214.4,71216.5,-30028.3,187640,1.16218e+20
20230101T000005.500000,4,615,10171.7,2728.52,-1085.6,-9.334,0.199857,2.43296,253.593,-616.256,248.182,2398.32,66.2326,2536.5,0
20230101T000005.500000,3,637,8572.59,-7830.24,185.504,0,0,0,2500,0,0,2500,0,2500,0
20230101T000005.500000,3,638,4684.7,-5553.13,1689,0,0,0,2500,0,0,2500,0,2500,0
20230101T000005.500000,3,639,4335.92,-2865.41,912.35,0,0,0,2500,0,0,2500,0,2500,0
20230101T000005.500000,3,640,8778.07,-4691.6,-1380.51,0,0,0,2500,0,0,2500,0,2500,0
20230101T000005.500000,3,641,5316.73,-3236.35,1419.6,0,0,0,2500,0,0,2500,0,2500,0
20230101T000005.500000,3,642,4669.41,-2431.84,354.841,0,0,0,2500,0,0,2500,0,2500,0
20230101T000005.500000,3,643,3303.05,-239.248,786.317,0,0,0,2500,0,0,2500,0,2500,0
20230101T000005.500000,3,644,11889.5,1531.97,1068.65,0,0,0,2500,0,0,2500,0,2500,0
20230101T000005.500000,3,645,486.984,81.6897,75.755,0,0,0,2500,0,0,2500,0,2500,0
20230101T000005.500000,3,646,6775.89,95.752,446.473,0,0,0,2500,0,0,2500,0,2500,0
20230101T000005.500000,3,647,6804.92,957.449,100.897,0,0,0,2500,0,0,2500,0,2500,0
20230101T000005.500000,3,648,1704.5,758.428,-164.825,0,0,0,2500,0,0,2500,0,2500,0
20230101T000005.500000,3,649,9545.02,3048.7,-492.314,0,0,0,2500,0,0,2500,0,2500,0
20230101T000005.500000,3,650,8940.76,2018.58,1248.53,0,0,0,2500,0,0,2500,0,2500,0
20230101T000005.500000,3,651,7666.41,6866.46,136.021,0,0,0,2500,0,0,2500,0,2500,0
20230101T000005.500000,3,652,6440.5,8705.93,2156.44,0,0,0,2500,0,0,2500,0,2500,0
20230101T000005.600000,6,704,1332.24,-1643.77,74.8962,0,0,0,4352.07,3468.17,-158.222,2883.76,195.222,7163.02,1.42865e+20
20230101T000005.600000,6,705,7186.35,-8417.79,929.274,0,0,0,113984,96075.5,-10681.5,83465.8,12511.8,196005,1.40315e+20
20230101T000005.600000,6,706,5214.15,-7086.65,-712.817,0,0,0,80660.7,58702.9,5943.72,44068.5,-8078.22,123853,1.19388e+20
20230101T000005.600000,6,707,3436.64,-931.823,-183.266,0,0,0,1498.79,5094.05,1004.54,18904.8,-272.374,20286.2,1.14639e+21
20230101T000005.600000,6,708,493.585,0.0953987,76.4342,0,0,0,71.8487,-0.061453,-50.6841,389.801,-0.00979609,391.3,2.33024e+25
20230101T000005.600000,6,709,4788.14,781.706,-128.169,0,0,0,1065.6,-5974.32,980.238,36684.4,160.033,37659.8,1.22778e+20
20230101T000005.600000,6,710,3964.88,1009.29,323.146,0,0,0,1846.49,-6347.57,-2045.11,25166.5,-520.596,26782.7,2.26759e+20
20230101T000005.600000,6,711,9132.9,2588.13,-985.827,0,0,0,12215.5,-37394.9,14399.2,133576,4080.52,144174,1.15548e+20
20230101T000005.600000,6,712,1389.05,1576.14,-8.86308,0,0,0,4002.78,-3471.13,19.5195,3123.22,22.1486,7061.88,1.30543e+20
20230101T000005.600000,6,713,2014.92,1364.21,671.776,0,0,0,3513.57,-4035.21,-2152.12,6741.47,-1457.1,9478.05,1.17212e+20
20230101T000005.600000,6,714,7598.21,8999.35,-1359.53,0,0,0,130838,-107918,16523.2,94136,19570.2,221955,1.93562e+20
20230101T000005.600000,6,715,8757.75,8386.42,-2039.47,0,0,0,116035,-114158,28570.3,125930,27358.9,235250,2.59214e+20
20230101T000005.600000,6,716,3461.96,4698.72,833.141,0,0,0,35737.6,-25466.5,-4609.56,19936.7,-6256.3,54502.3,1.82367e+20
20230101T000005.600000,4,645,498.547,11.6357,76.34,1.14478,-6.93605,0.0579142,76.2732,-43.8892,-41.7397,330.552,-7.00167,338.288,0
20230101T000005.600000,3,653,1332.24,-1643.77,74.8963,0,0,0,2500,0,0,2500,0,2500,0
20230101T000005.600000,3,654,7186.35,-8417.79,929.274,0,0,0,2500,0,0,2500,0,2500,0
20230101T000005.600000,3,655,5214.15,-7086.65,-712.817,0,0,0,2500,0,0,2500,0,2500,0
20230101T000005.600000,3,656,3436.64,-931.823,-183.266,0,0,0,2500,0,0,2500,0,2500,0
20230101T000005.600000,3,657,4788.14,781.706,-128.169,0,0,0,2500,0,0,2500,0,2500,0
20230101T000005.600000,3,658,3964.88,1009.29,323.146,0,0,0,2500,0,0,2500,0,2500,0
20230101T000005.600000,3,659,9132.9,2588.13,-985.827,0,0,0,2500,0,0,2500,0,2500,0
20230101T000005.600000,3,660,1389.05,1576.14,-8.86308,0,0,0,2500,0,0,2500,0,2500,0
20230101T000005.600000,3,661,2014.92,1364.21,671.776,0,0,0,2500,0,0,2500,0,2500,0
20230101T000005.600000,3,662,7598.21,8999.35,-1359.53,0,0,0,2500,0,0,2500,0,2500,0
20230101T000005.600000,3,663,8757.75,8386.42,-2039.47,0,0,0,2500,0,0,2500,0,2500,0
20230101T000005.600000,3,664,3461.96,4698.72,833.141,0,0,0,2500,0,0,2500,0,2500,0
20230101T000005.700000,6,717,9823.1,-7182.75,-1380.3,0,0,0,84574.6,111409,21688.3,155473,-15858.7,236937,1.56462e+20
20230101T000005.700000,6,718,5182.55,-7213.48,-1842.62,0,0,0,85125.2,57211.5,15271.7,46597.6,-21256.4,126232,2.16796e+20
20230101T000005.700000,6,719,3336.86,-3817.31,-335.212,0,0,0,23420.4,20259.9,1786.92,17953.5,-2044.2,41130.7,1.421e+20
20230101T000005.700000,6,720,4418.15,-3292.84,343.517,0,0,0,17510.9,23156.2,-2425.15,31322.3,1807.46,48580.9,1.15901e+20
20230101T000005.700000,6,721,1539.46,-674.812,314.457,0,0,0,913.177,1581.25,-763.956,3827.38,334.875,4522.67,1.25471e+20
20230101T000005.700000,6,722,10624.2,-6063.07,-597.583,0,0,0,59296.5,102791,10155.4,180752,-5795.56,239414,1.58353e+20
20230101T000005.700000,6,723,6120.22,-1630.24,476.665,0,0,0,4651.17,15857.7,-4663.05,59959.7,1242.09,64184,1.42094e+20
20230101T000005.700000,6,724,524.532,-180.337,131.365,0,0,0,130.921,124.226,-96.6754,449.538,33.2376,495.647,8.91052e+20
20230101T000005.700000,6,725,2249.44,297.872,-223.324,0,0,0,282.68,-1053.44,797.58,8098.43,105.616,8238.54,7.56906e+19
20230101T000005.700000,6,726,2958.06,441.944,-185.177,0,0,0,428.534,-2074.34,872.52,14002.8,130.357,14313,1.19935e+20
20230101T000005.700000,6,727,487.227,-82.1962,72.9542,0,0,0,79.9913,52.4062,-47.7535,381.794,8.05611,392,2.74853e+25
20230101T000005.700000,6,728,6025.15,6869.59,2261.96,0,0,0,79091.7,-62136.5,-21796,62745,-24850.7,133594,1.56832e+20
20230101T000005.700000,3,665,9823.1,-7182.75,-1380.3,0,0,0,2500,0,0,2500,0,2500,0
20230101T000005.700000,3,666,5182.55,-7213.48,-1842.62,0,0,0,2500,0,0,2500,0,2500,0
20230101T000005.700000,3,667,3336.86,-3817.31,-335.212,0,0,0,2500,0,0,2500,0,2500,0
20230101T000005.700000,3,668,4418.15,-3292.84,343.517,0,0,0,2500,0,0,2500,0,2500,0
20230101T000005.700000,3,669,1539.46,-674.812,314.457,0,0,0,2500,0,0,2500,0,2500,0
20230101T000005.700000,3,670,10624.2,-6063.07,-597.583,0,0,0,2500,0,0,2500,0,2500,0
20230101T000005.700000,3,671,6120.22,-1630.24,476.665,0,0,0,2500,0,0,2500,0,2500,0
20230101T000005.700000,3,672,524.532,-180.337,131.365,0,0,0,2500,0,0,2500,0,2500,0
20230101T000005.700000,3,673,2249.44,297.872,-223.324,0,0,0,2500,0,0,2500,0,2500,0
20230101T000005.700000,3,674,2958.06,441.944,-185.177,0,0,0,2500,0,0,2500,0,2500,0
20230101T000005.700000,3,675,487.227,-82.1962,72.9542,0,0,0,2500,0,0,2500,0,2500,0
20230101T000005.700000,3,676,6025.15,6869.59,2261.96,0,0,0,2500,0,0,2500,0,2500,0
20230101T000005.800000,6,729,9196.21,-6109.35,170.284,0,0,0,59795.3,89841.8,-2504.73,135346,1663.98,195031,1.55014e+20
20230101T000005.800000,6,730,465.694,-170.566,63.4376,0,0,0,107.747,104.676,-39.7047,355.203,14.5423,394.572,8.89062e+24
20230101T000005.800000,6,731,4621.62,711.23,-366.473,0,0,0,1081.41,-5217.39,2704.99,34181.4,416.277,34984.7,1.01499e+20
20230101T000005.800000,6,732,6014.03,-96.6783,-960.125,0,0,0,1551.91,905.575,9228.8,57870.2,-148.357,57886.3,9.97156e+19
20230101T000005.800000,6,733,5175.32,-154.129,-427.42,0,0,0,393.562,1265.68,3534.02,42854.7,-105.248,42892.8,1.30925e+20
20230101T000005.800000,6,734,3240.06,1410.46,46.5047,0,0,0,3239.76,-7287.3,-240.313,16807.5,-104.613,19979.9,9.1216e+19
20230101T000005.800000,6,735,7037.7,1921.72,1553.75,0,0,0,9560.42,-20642.1,-17483.2,79519.1,-4773.98,85158.4,1.86746e+20
20230101T000005.800000,6,736,8616.68,7227.98,-1347.27,0,0,0,85331.5,-98188.8,18568.6,120021,15576,202386,4.03035e+20
20230101T000005.800000,6,737,5900.32,5309.6,645.943,0,0,0,45511,-49761.8,-6094.18,56029.2,-5484.06,100809,2.03154e+20
20230101T000005.800000,6,738,4959.66,3299.18,491.128,0,0,0,17726.9,-25973.2,-3892.96,39495.1,-2589.61,56772.9,1.34152e+20
20230101T000005.800000,4,675,475.829,-160.104,64.765,-1.12854,-7.71367,-0.810809,75.9073,44.2658,-40.2157,330.83,6.78447,338.644,0
20230101T000005.800000,3,677,9196.21,-6109.35,170.284,0,0,0,2500,0,0,2500,0,2500,0
20230101T000005.800000,3,678,4621.62,711.23,-366.473,0,0,0,2500,0,0,2500,0,2500,0
20230101T000005.800000,3,679,6014.03,-96.6783,-960.125,0,0,0,2500,0,0,2500,0,2500,0
20230101T000005.800000,3,680,5175.32,-154.129,-427.42,0,0,0,2500,0,0,2500,0,2500,0
20230101T000005.800000,3,681,3240.06,1410.46,46.5047,0,0,0,2500,0,0,2500,0,2500,0
20230101T000005.800000,3,682,7037.7,1921.72,1553.75,0,0,0,2500,0,0,2500,0,2500,0
20230101T000005.800000,3,683,8616.68,7227.98,-1347.27,0,0,0,2500,0,0,2500,0,2500,0
20230101T000005.800000,3,684,5900.32,5309.6,645.943,0,0,0,2500,0,0,2500,0,2500,0
20230101T000005.800000,3,685,4959.66,3299.18,491.128,0,0,0,2500,0,0,2500,0,2500,0
20230101T000005.900000,6,739,7137.48,-5336.74,-475.57,0,0,0,45842.4,60741.3,5428.27,81662.5,-4058.76,127079,9.14249e+19
20230101T000005.900000,6,740,3214.53,-3533.14,858.804,0,0,0,20535.4,17553.5,-4409.54,17212.7,4846.59,36508,1.21398e+20
20230101T000005.900000,6,741,6344.7,-5625.1,2207.54,0,0,0,55026,53203,-22398.2,67866.3,19857.9,115039,1.59679e+20
20230101T000005.900000,6,742,5280.2,-7714.77,-1232.48,0,0,0,96023.5,64014.7,10407.7,46306.7,-15206.5,139838,2.37275e+20
20230101T000005.900000,6,743,2937.8,-1874.03,-62.7442,0,0,0,5669.13,8776.99,293.957,13829.4,-187.516,19428.3,1.67892e+20
20230101T000005.900000,6,744,1288.2,-583.737,-85.7171,0,0,0,607.854,1174.76,173.153,2667.99,-78.4629,3200.56,1.82186e+20
20230101T000005.900000,6,745,425.649,-254.327,68.4395,0,0,0,155.295,142.254,-39.1685,308.377,23.4034,394.571,9.46093e+22
20230101T000005.900000,6,746,5853.23,-1514.2,590.362,0,0,0,4250.57,14030.2,-5522.85,54855.5,1428.73,58485.6,9.44625e+19
20230101T000005.900000,6,747,10743.6,-2682.34,-863.453,0,0,0,12694.7,45813.6,14837.8,184755,-3704.52,196194,1.89192e+20
20230101T000005.900000,6,748,2144.5,565.446,-364.001,0,0,0,768.051,-1872.53,1239.07,7376.03,326.709,7871.45,1.2401e+20
20230101T000005.900000,6,749,3193.22,584.867,-118.01,0,0,0,630.712,-2972.9,600.646,16317.5,110.014,16862.1,6.05748e+20
20230101T000005.900000,6,750,3510.68,940.709,-313.878,0,0,0,1622.24,-5228.76,1757.78,19734.7,471.009,21136.2,1.57332e+20
20230101T000005.900000,6,751,5656.14,2345.05,-454.047,0,0,0,9134.62,-21083.1,4104.68,51244.8,1701.81,59986.2,1.07885e+20
20230101T000005.900000,6,752,6579.1,1608.01,-1167.73,0,0,0,6254.54,-16409.3,12281.8,69381.7,3001.82,73394.2,1.29404e+20
20230101T000005.900000,6,753,1717.46,1405.59,-229.819,0,0,0,3249.64,-3790.02,626.452,4778.75,512.698,7881.24,1.14734e+20
20230101T000005.900000,6,754,3330.44,3250.98,582.084,0,0,0,17220.1,-17021,-3096.11,18042.2,-3022.24,34658.1,1.45027e+20
20230101T000005.900000,6,755,9350.76,7339.14,2174.48,0,0,0,90900.4,-106098,-32523.9,142806,-25527.1,226081,1.93713e+20
20230101T000005.900000,6,756,7031.2,9803.7,1687.89,0,0,0,155350,-108102,-18983.5,82151.9,-26468.9,232882,3.24324e+20
20230101T000005.900000,6,757,6824.17,4986.5,-95.5219,0,0,0,39835.5,-54408.5,1042.39,74538.2,761.685,114295,1.00354e+20
20230101T000005.900000,4,672,440.564,-253.769,71.6463,-16.1476,-14.1216,-11.4844,117.222,101.996,-78.631,378.821,27.0338,413.543,0
20230101T000005.900000,3,686,7137.48,-5336.74,-475.57,0,0,0,2500,0,0,2500,0,2500,0
20230101T000005.900000,3,687,3214.53,-3533.14,858.804,0,0,0,2500,0,0,2500,0,2500,0
20230101T000005.900000,3,688,6344.7,-5625.1,2207.54,0,0,0,2500,0,0,2500,0,2500,0
20230101T000005.900000,3,689,5280.2,-7714.77,-1232.48,0,0,0,2500,0,0,2500,0,2500,0
20230101T000005.900000,3,690,2937.81,-1874.03,-62.7442,0,0,0,2500,0,0,2500,0,2500,0
20230101T000005.900000,3,691,1288.2,-583.737,-85.7171,0,0,0,2500,0,0,2500,0,2500,0
20230101T000005.900000,3,692,5853.23,-1514.2,590.362,0,0,0,2500,0,0,2500,0,2500,0
20230101T000005.900000,3,693,10743.6,-2682.34,-863.453,0,0,0,2500,0,0,2500,0,2500,0
20230101T000005.900000,3,694,2144.5,565.446,-364.001,0,0,0,2500,0,0,2500,0,2500,0
20230101T000005.900000,3,695,3193.22,584.867,-118.01,0,0,0,2500,0,0,2500,0,2500,0
20230101T000005.900000,3,696,3510.68,940.709,-313.878,0,0,0,2500,0,0,2500,0,2500,0
20230101T000005.900000,3,697,5656.14,2345.05,-454.047,0,0,0,2500,0,0,2500,0,2500,0
20230101T000005.900000,3,698,6579.1,1608.01,-1167.73,0,0,0,2500,0,0,2500,0,2500,0
20230101T000005.900000,3,699,1717.46,1405.59,-229.819,0,0,0,2500,0,0,2500,0,2500,0
20230101T000005.900000,3,700,3330.44,3250.98,582.084,0,0,0,2500,0,0,2500,0,2500,0
20230101T000005.900000,3,701,9350.76,7339.14,2174.48,0,0,0,2500,0,0,2500,0,2500,0
20230101T000005.900000,3,702,7031.2,9803.7,1687.89,0,0,0,2500,0,0,2500,0,2500,0
20230101T000005.900000,3,703,6824.17,4986.5,-95.5219,0,0,0,2500,0,0,2500,0,2500,0
20230101T000006,6,758,373.396,-325.007,72.1802,0,0,0,209.405,159.007,-36.2305,253.685,31.5353,393.419,4.73735e+24
20230101T000006,6,759,458.284,-335.96,44.9171,0,0,0,224.06,214.477,-28.8809,359.4,21.1721,517.027,6.52665e+20
20230101T000006,6,760,1670.27,-976.955,372.885,0,0,0,1738.84,2487,-986.244,4536.12,576.863,5993.08,3.68937e+20
20230101T000006,6,761,6933.4,-2855.64,-794.458,0,0,0,13965,31301,8807.07,77070.8,-3627.34,89963.4,1.36059e+20
20230101T000006,6,762,2095.7,-135.211,-59.3516,0,0,0,98.548,448.908,197.209,7027.4,-12.7236,7056.41,8.31886e+19
20230101T000006,6,763,11879.2,-1320.22,903.934,0,0,0,4143.01,24942.5,-17176.1,225802,1908.89,228574,1.15719e+20
20230101T000006,6,764,8895.39,1640.22,-1597.29,0,0,0,8312.45,-22605.6,22722.9,126741,4189.86,130911,1.03688e+20
20230101T000006,6,765,2885.2,1276.71,-362.142,0,0,0,2836.29,-5792.68,1665.13,13363.7,736.827,15927.8,1.63145e+20
20230101T000006,6,766,8378.35,5932.73,-1246.88,0,0,0,58014.4,-78327.4,16708.6,113167,11831.4,168631,1.02142e+20
20230101T000006,6,767,10072.4,3587.51,1250.25,0,0,0,22867.8,-57005.1,-20141.8,162613,-7173.98,182918,9.84198e+19
20230101T000006,6,768,7404.63,4357.67,353.431,0,0,0,30578.8,-51511.9,-4184.98,87793.6,-2462.89,118109,1.02297e+20
20230101T000006,6,769,3417.83,2423.79,-314.17,0,0,0,9547.02,-13150,1714.15,18764.6,1215.61,28090.4,8.04013e+19
20230101T000006,3,704,373.396,-325.007,72.1802,0,0,0,2500,0,0,2500,0,2500,0
20230101T000006,3,705,458.284,-335.96,44.9171,0,0,0,2500,0,0,2500,0,2500,0
20230101T000006,3,706,1670.27,-976.955,372.885,0,0,0,2500,0,0,2500,0,2500,0
20230101T000006,3,707,6933.4,-2855.64,-794.458,0,0,0,2500,0,0,2500,0,2500,0
20230101T000006,3,708,2095.7,-135.211,-59.3516,0,0,0,2500,0,0,2500,0,2500,0
20230101T000006,3,709,11879.2,-1320.22,903.934,0,0,0,2500,0,0,2500,0,2500,0
20230101T000006,3,710,8895.39,1640.22,-1597.29,0,0,0,2500,0,0,2500,0,2500,0
20230101T000006,3,711,2885.2,1276.71,-362.142,0,0,0,2500,0,0,2500,0,2500,0
20230101T000006,3,712,8378.35,5932.73,-1246.88,0,0,0,2500,0,0,2500,0,2500,0
20230101T000006,3,713,10072.4,3587.51,1250.25,0,0,0,2500,0,0,2500,0,2500,0
20230101T000006,3,714,7404.63,4357.67,353.431,0,0,0,2500,0,0,2500,0,2500,0
20230101T000006,3,715,3417.83,2423.79,-314.17,0,0,0,2500,0,0,2500,0,2500,0
20230101T000006.100000,6,770,6810.29,-8594.06,501.322,0,0,0,118352,93418,-5460.82,74494.2,6891.14,192381,1.03664e+20
20230101T000006.100000,6,771,596.754,-213.261,42.7226,0,0,0,131.854,182.508,-36.7472,577.33,13.1323,642.843,2.06899e+20
20230101T000006.100000,6,772,7666.82,-1421.18,235.636,0,0,0,3379.32,17406.1,-2888.63,94053.3,535.459,97279.9,1.41382e+20
20230101T000006.100000,6,773,6015.9,-1037.76,-911.235,0,0,0,3074.09,9755.9,8761.84,57945.9,-1511.45,59630.3,1.25658e+20
20230101T000006.100000,6,774,11447.9,1057.9,-171.03,0,0,0,1900.51,-19367,3131.73,209686,289.405,211476,7.2617e+19
20230101T000006.100000,6,775,9996.47,1726.82,603.48,0,0,0,5398.82,-27511,-9648.54,159906,-1666.72,164658,1.30572e+20
20230101T000006.100000,6,776,9106.2,616.832,1944.34,0,0,0,6690.82,-8575.21,-28315.9,132704,-1918.05,133288,9.63969e+19
20230101T000006.100000,6,777,3125.3,1864.06,257.149,0,0,0,5684.57,-9246.64,-1282,15672.5,-764.641,21187.9,1.14095e+20
20230101T000006.100000,6,778,10864.6,3842.36,-1425.94,0,0,0,26569.6,-65750.6,24780.3,189232,8763.76,212486,1.31036e+20
20230101T000006.100000,6,779,7982.85,3028.84,453.036,0,0,0,15021.1,-38556,-5783.27,102011,-2194.28,116640,1.76259e+20
20230101T000006.100000,6,780,2493.73,3502.32,27.7269,0,0,0,19647.9,-13943.3,-110.39,9993.17,-155.037,29575.9,1.10397e+20
20230101T000006.100000,6,781,7527.41,8939.61,394.636,0,0,0,127996,-107513,-4751.54,90842.2,-5642.97,218526,1.22312e+20
20230101T000006.100000,6,782,5941,5575.93,1694.58,0,0,0,52221,-50679.2,-16098.7,58653.2,-15109.4,106221,1.4835e+20
20230101T000006.100000,6,783,3746.52,3890.35,-645.879,0,0,0,24567.3,-22955.4,3866.44,22837.2,4014.88,46674.9,1.5163e+20
20230101T000006.100000,6,784,6082.86,7250.65,-1459.37,0,0,0,85548.5,-68858.8,14197.3,61238.6,16922.9,143318,1.73945e+20
20230101T000006.100000,6,785,433.623,523.601,-167.802,0,0,0,481.523,-311.507,106.924,363.353,129.111,743.174,5.01743e+24
20230101T000006.100000,3,716,6810.29,-8594.06,501.322,0,0,0,2500,0,0,2500,0,2500,0
20230101T000006.100000,3,717,596.754,-213.261,42.7226,0,0,0,2500,0,0,2500,0,2500,0
20230101T000006.100000,3,718,7666.82,-1421.18,235.636,0,0,0,2500,0,0,2500,0,2500,0
20230101T000006.100000,3,719,6015.9,-1037.76,-911.235,0,0,0,2500,0,0,2500,0,2500,0
20230101T000006.100000,3,720,11447.9,1057.9,-171.03,0,0,0,2500,0,0,2500,0,2500,0
20230101T000006.100000,3,721,9996.47,1726.82,603.48,0,0,0,2500,0,0,2500,0,2500,0
20230101T000006.100000,3,722,9106.2,616.832,1944.34,0,0,0,2500,0,0,2500,0,2500,0
20230101T000006.100000,3,723,3125.3,1864.06,257.149,0,0,0,2500,0,0,2500,0,2500,0
20230101T000006.100000,3,724,10864.6,3842.36,-1425.94,0,0,0,2500,0,0,2500,0,2500,0
20230101T000006.100000,3,725,7982.85,3028.84,453.036,0,0,0,2500,0,0,2500,0,2500,0
20230101T000006.100000,3,726,2493.73,3502.32,27.7269,0,0,0,2500,0,0,2500,0,2500,0
20230101T000006.100000,3,727,7527.41,8939.61,394.636,0,0,0,2500,0,0,2500,0,2500,0
20230101T000006.100000,3,728,5941,5575.93,1694.58,0,0,0,2500,0,0,2500,0,2500,0
20230101T000006.100000,3,729,3746.52,3890.35,-645.879,0,0,0,2500,0,0,2500,0,2500,0
20230101T000006.100000,3,730,6082.86,7250.65,-1459.37,0,0,0,2500,0,0,2500,0,2500,0
20230101T000006.100000,3,731,433.623,523.601,-167.802,0,0,0,2500,0,0,2500,0,2500,0
20230101T000006.200000,6,786,5177.23,-5381.97,1155.18,0,0,0,47401.1,43483.9,-9562.34,44027.3,9940.49,89232.3,1.56867e+20
20230101T000006.200000,6,787,3243.05,-637.07,-338.671,0,0,0,887.054,3258.99,1750.96,16837,-343.961,17477.9,1.21564e+20
20230101T000006.200000,6,788,1327.2,-807.132,177.433,0,0,0,1125.23,1663.54,-370.615,2848.97,225.389,3861.48,1.72186e+20
20230101T000006.200000,6,789,927.201,-427.641,-209.331,0,0,0,401.062,584.392,299.114,1398.59,-137.956,1670.71,1.39737e+20
20230101T000006.200000,6,790,2232.75,-1350.1,259.168,0,0,0,3041.55,4747.46,-920.464,8022.01,556.588,10893.3,1.10142e+20
20230101T000006.200000,6,791,3278.94,-488.056,612.627,0,0,0,1029.15,2464.04,-3202.72,17216.7,476.71,17585.6,1.32922e+20
20230101T000006.200000,6,792,4115.29,75.9961,-412.852,0,0,0,345.204,-494.189,2712.05,27097,50.0829,27106.8,1.3008e+20
20230101T000006.200000,6,793,12267,675.053,-1207.54,0,0,0,3118.31,-13117.9,23694.5,240775,1303.9,241497,1.96776e+20
20230101T000006.200000,6,794,10034.6,333.959,407.575,0,0,0,507.764,-5350.89,-6541.2,161110,-217.695,161289,1.99006e+20
20230101T000006.200000,6,795,5913.1,275.116,-23.7622,0,0,0,185.864,-2599.85,224.557,55943.8,10.4478,56064.8,2.96849e+20
20230101T000006.200000,6,796,513.355,461.839,-113.403,0,0,0,387.088,-338.123,85.5371,458.734,76.9534,764.607,3.79305e+23
20230101T000006.200000,6,797,5737.02,5910.97,-929.454,0,0,0,56604.5,-53535.9,8526.71,53405.8,8785.25,108566,8.4746e+19
20230101T000006.200000,4,731,499.14,481.935,-126.606,6.48685,-4.12538,4.07887,377.204,-235.195,79.5601,287.984,96.0691,567.78,0
20230101T000006.200000,3,732,5177.23,-5381.97,1155.18,0,0,0,2500,0,0,2500,0,2500,0
20230101T000006.200000,3,733,3243.05,-637.07,-338.671,0,0,0,2500,0,0,2500,0,2500,0
20230101T000006.200000,3,734,1327.2,-807.132,177.433,0,0,0,2500,0,0,2500,0,2500,0
20230101T000006.200000,3,735,927.201,-427.641,-209.331,0,0,0,2500,0,0,2500,0,2500,0
20230101T000006.200000,3,736,2232.75,-1350.1,259.168,0,0,0,2500,0,0,2500,0,2500,0
20230101T000006.200000,3,737,3278.94,-488.056,612.627,0,0,0,2500,0,0,2500,0,2500,0
20230101T000006.200000,3,738,4115.29,75.9961,-412.852,0,0,0,2500,0,0,2500,0,2500,0
20230101T000006.200000,3,739,12267,675.053,-1207.54,0,0,0,2500,0,0,2500,0,2500,0
20230101T000006.200000,3,740,10034.6,333.959,407.575,0,0,0,2500,0,0,2500,0,2500,0
20230101T000006.200000,3,741,5913.1,275.116,-23.7622,0,0,0,2500,0,0,2500,0,2500,0
20230101T000006.200000,3,742,5737.02,5910.97,-929.454,0,0,0,2500,0,0,2500,0,2500,0
20230101T000006.300000,6,798,1597.4,-2154.26,340.94,0,0,0,7513.68,5386.83,-866.618,4243.34,1168.73,11509.1,1.04448e+20
20230101T000006.300000,6,799,6923.8,-2134.31,514.624,0,0,0,7733.56,23506.8,-5696.73,76744.8,1756.05,83991.2,1.53829e+20
20230101T000006.300000,6,800,5270.29,-1560.74,1165.13,0,0,0,5950.69,12552.9,-9812.47,44621.6,2905.86,48341.8,1.56741e+20
20230101T000006.300000,6,801,1615.88,159.5,421.122,0,0,0,381.105,-378.774,-1073.3,4181.05,-105.943,4222.47,2.44308e+20
20230101T000006.300000,6,802,7237.51,-554.926,264.02,0,0,0,667.129,6412.67,-3055.04,83811.5,234.241,84303.2,1.45225e+20
20230101T000006.300000,6,803,605.846,328.435,-118.327,0,0,0,237.952,-282.937,105.317,606.488,57.0931,761.704,6.15276e+23
20230101T000006.300000,6,804,6534.16,2722.46,-559.265,0,0,0,12339.5,-28262.2,5842.29,68395.8,2434.19,80171.6,6.87459e+19
20230101T000006.300000,6,805,5670.08,3307.63,-1081.29,0,0,0,18946.9,-29165.9,9800.77,51930.6,5717.25,68946.1,3.63367e+20
20230101T000006.300000,6,806,6335.84,4167.86,-574.952,0,0,0,28207.3,-41979,5824.45,64407.5,3831.46,92022.6,1.29733e+20
20230101T000006.300000,6,807,4571.9,3966.37,264.025,0,0,0,25271.4,-28927.3,-1929.25,33518.9,-1673.73,58615.1,9.28871e+19
20230101T000006.300000,3,743,1597.4,-2154.26,340.94,0,0,0,2500,0,0,2500,0,2500,0
20230101T000006.300000,3,744,6923.8,-2134.31,514.624,0,0,0,2500,0,0,2500,0,2500,0
20230101T000006.300000,3,745,5270.29,-1560.74,1165.13,0,0,0,2500,0,0,2500,0,2500,0
20230101T000006.300000,3,746,1615.88,159.5,421.122,0,0,0,2500,0,0,2500,0,2500,0
20230101T000006.300000,3,747,7237.51,-554.926,264.02,0,0,0,2500,0,0,2500,0,2500,0
20230101T000006.300000,3,748,605.846,328.435,-118.327,0,0,0,2500,0,0,2500,0,2500,0
20230101T000006.300000,3,749,6534.16,2722.46,-559.265,0,0,0,2500,0,0,2500,0,2500,0
20230101T000006.300000,3,750,5670.08,3307.63,-1081.29,0,0,0,2500,0,0,2500,0,2500,0
20230101T000006.300000,3,751,6335.84,4167.86,-574.952,0,0,0,2500,0,0,2500,0,2500,0
20230101T000006.300000,3,752,4571.9,3966.37,264.025,0,0,0,2500,0,0,2500,0,2500,0
20230101T000006.400000,6,808,5200.23,-5179.22,-566.989,0,0,0,43209.1,42804.1,4714.08,43555.7,-4695.03,86187.2,1.7852e+20
20230101T000006.400000,6,809,5968.59,-2863.87,-331.504,0,0,0,13317.6,27255.7,3162.9,57043.3,-1517.63,70121.4,1.42664e+20
20230101T000006.400000,6,810,4771.47,-2896.91,-980.699,0,0,0,14597.1,21405.9,7477.68,36858.3,-4539.94,49856.4,1.56918e+20
20230101T000006.400000,6,811,9776.93,-1057.53,-1157.84,0,0,0,3971.9,16306.9,18104.7,152967,-1958.31,154732,1.88967e+20
20230101T000006.400000,6,812,7179.44,214.884,-679.138,0,0,0,874.561,-2444.43,7795.33,82471.7,233.318,82545.5,1.2012e+20
20230101T000006.400000,6,813,2570.31,1418.24,-267.183,0,0,0,3354.48,-5757.37,1093.73,10611.9,603.499,13789.2,1.81285e+20
20230101T000006.400000,6,814,1355.4,367.401,188.313,0,0,0,327.395,-766.558,-400.245,2947.56,-108.492,3156.47,1.50551e+20
20230101T000006.400000,6,815,639.809,239.044,-153.22,0,0,0,177.859,-212.416,144.046,667.035,53.8183,749.464,8.03623e+23
20230101T000006.400000,6,816,4994.24,3046.38,-585.348,0,0,0,15294.4,-24071.1,4671.97,40073.8,2849.8,54757.2,2.42691e+20
20230101T000006.400000,6,817,4617.31,1825.22,429.484,0,0,0,5640.46,-13361.5,-3167.78,34159.7,-1252.22,39442,1.10655e+20
20230101T000006.400000,6,818,1874.92,1378.95,83.2415,0,0,0,3091.06,-4100.87,-247.873,5650.87,-182.302,8667.01,2.5822e+20
20230101T000006.400000,6,819,9128.19,7216.06,-2274.69,0,0,0,88447.1,-101334,33212.6,136526,26255.4,216635,5.6381e+20
20230101T000006.400000,6,820,8238.68,5954.7,1507.09,0,0,0,59161.8,-76739.2,-19858.7,109870,-14353.4,165336,1.83496e+20
20230101T000006.400000,6,821,3735.52,4933.65,-1430.75,0,0,0,40161,-27882.1,8542.87,24447,11282.9,61275.2,9.56443e+19
20230101T000006.400000,4,748,637.606,261.772,-145.093,3.1445,-6.60035,-2.65009,192.745,-212.154,78.4183,469.083,42.5113,581.925,0
20230101T000006.400000,3,753,5200.23,-5179.22,-566.989,0,0,0,2500,0,0,2500,0,2500,0
20230101T000006.400000,3,754,5968.59,-2863.87,-331.504,0,0,0,2500,0,0,2500,0,2500,0
20230101T000006.400000,3,755,4771.47,-2896.91,-980.699,0,0,0,2500,0,0,2500,0,2500,0
20230101T000006.400000,3,756,9776.93,-1057.53,-1157.84,0,0,0,2500,0,0,2500,0,2500,0
20230101T000006.400000,3,757,7179.44,214.884,-679.138,0,0,0,2500,0,0,2500,0,2500,0
20230101T000006.400000,3,758,2570.31,1418.24,-267.183,0,0,0,2500,0,0,2500,0,2500,0
20230101T000006.400000,3,759,1355.4,367.401,188.313,0,0,0,2500,0,0,2500,0,2500,0
20230101T000006.400000,3,760,4994.24,3046.38,-585.348,0,0,0,2500,0,0,2500,0,2500,0
20230101T000006.400000,3,761,4617.31,1825.22,429.484,0,0,0,2500,0,0,2500,0,2500,0
20230101T000006.400000,3,762,1874.92,1378.95,83.2415,0,0,0,2500,0,0,2500,0,2500,0
20230101T000006.400000,3,763,9128.19,7216.06,-2274.69,0,0,0,2500,0,0,2500,0,2500,0
20230101T000006.400000,3,764,8238.68,5954.7,1507.09,0,0,0,2500,0,0,2500,0,2500,0
20230101T000006.400000,3,765,3735.52,4933.65,-1430.75,0,0,0,2500,0,0,2500,0,2500,0
20230101T000006.500000,6,822,7685.95,-9393.2,-1866.35,0,0,0,143432,112751,22945.4,97893.9,-28042.2,235691,1.99719e+20
20230101T000006.500000,6,823,4970.24,-6187.41,659.908,0,0,0,61552.7,48833.5,-5244.53,39987.4,6528.88,100780,1.19284e+20
20230101T000006.500000,6,824,6783.25,-4386.71,723.356,0,0,0,31424.3,47199.1,-7845.95,73885.5,5073.96,104410,1.39345e+20
20230101T000006.500000,6,825,3652.52,-5869.79,-1116.39,0,0,0,55701.1,33380.8,6518.92,22828,-10476.2,76474.1,1.49162e+20
20230101T000006.500000,6,826,2840.47,-1004.47,-19.0537,0,0,0,1671.74,4544.78,86.2131,12916.4,-30.4874,14523.6,1.28604e+20
20230101T000006.500000,6,827,6862.28,-4225.58,912.435,0,0,0,29580.5,45772.4,-10012.1,75729,6165.16,103915,1.43744e+20
20230101T000006.500000,6,828,6856.57,-2729.42,-1083.58,0,0,0,13595.3,29276.1,11878.9,75485.6,-4728.66,87141,1.11947e+20
20230101T000006.500000,6,829,8195.39,395.978,766.886,0,0,0,1252.97,-5143.9,-10050,107465,-485.586,107714,1.39506e+20
20230101T000006.500000,6,830,681.227,95.5308,-135.403,0,0,0,103.795,-91.6171,135.574,744.265,19.0121,759.5,8.69433e+22
20230101T000006.500000,6,831,965.364,1342.69,-366.078,0,0,0,2978.38,-1943.35,557.553,1672.66,775.482,4378.59,2.62875e+20
20230101T000006.500000,6,832,6288.38,8947.18,-1525.72,0,0,0,129336,-88239.5,15345.9,65804.9,21834.3,191354,1.49929e+20
20230101T000006.500000,3,766,7685.95,-9393.2,-1866.35,0,0,0,2500,0,0,2500,0,2500,0
20230101T000006.500000,3,767,4970.24,-6187.41,659.908,0,0,0,2500,0,0,2500,0,2500,0
20230101T000006.500000,3,768,6783.25,-4386.71,723.356,0,0,0,2500,0,0,2500,0,2500,0
20230101T000006.500000,3,769,3652.52,-5869.79,-1116.39,0,0,0,2500,0,0,2500,0,2500,0
20230101T000006.500000,3,770,2840.47,-1004.47,-19.0537,0,0,0,2500,0,0,2500,0,2500,0
20230101T000006.500000,3,771,6862.28,-4225.58,912.435,0,0,0,2500,0,0,2500,0,2500,0
20230101T000006.500000,3,772,6856.57,-2729.42,-1083.58,0,0,0,2500,0,0,2500,0,2500,0
20230101T000006.500000,3,773,8195.39,395.978,766.886,0,0,0,2500,0,0,2500,0,2500,0
20230101T000006.500000,3,774,681.227,95.5308,-135.403,0,0,0,2500,0,0,2500,0,2500,0
20230101T000006.500000,3,775,965.364,1342.69,-366.078,0,0,0,2500,0,0,2500,0,2500,0
20230101T000006.500000,3,776,6288.37,8947.18,-1525.72,0,0,0,2500,0,0,2500,0,2500,0
20230101T000006.600000,6,833,1293.09,-1960.73,244.948,0,0,0,6199.43,3983.41,-503.147,2786.34,762.93,8827.14,1.21423e+20
20230101T000006.600000,6,834,2501.97,-1872.72,-564.413,0,0,0,5977.74,7222.54,2250.47,10221,-1684.47,15629.1,1.13728e+20
20230101T000006.600000,6,835,1106.2,-685.702,-60.1805,0,0,0,802.621,1182.45,104.005,1977.23,-64.4696,2710.33,9.86374e+19
20230101T000006.600000,6,836,10513,-5297.55,-2799.18,0,0,0,54948.7,84046.3,47071.5,179387,-23719.6,221742,1.22806e+20
20230101T000006.600000,6,837,5472.43,-1873.69,-395.521,0,0,0,5898.17,16309.5,3459.02,47948.9,-1184.32,53533.4,1.00369e+20
20230101T000006.600000,6,838,685.046,-19.3141,-138.075,0,0,0,92.5305,18.5777,138.953,750.933,-3.91763,753.954,1.13869e+24
20230101T000006.600000,6,839,5219.05,459.426,-225.646,0,0,0,481.945,-3823.73,1881.51,43582.7,165.627,43919.4,1.30102e+20
20230101T000006.600000,6,840,4841.12,-412.159,-514.463,0,0,0,755.063,3151.35,3978.25,37501.8,-338.696,37770.8,1.94574e+20
20230101T000006.600000,6,841,6535.2,-757.862,84.7592,0,0,0,993.451,7915.81,-885.45,68335.1,102.682,69253.1,1.35398e+20
20230101T000006.600000,6,842,10124.7,4366.02,843.373,0,0,0,31512.7,-70290.7,-13657.8,164204,-5889.57,194516,8.52844e+19
20230101T000006.600000,6,843,6938.69,4094.26,-283.584,0,0,0,26963.6,-45369.8,3146.39,77082.4,1856.56,103854,1.34575e+20
20230101T000006.600000,6,844,1597.08,1052.33,401.637,0,0,0,1994.54,-2542.29,-1015.56,4177.74,-669.164,5855.58,1.33226e+20
20230101T000006.600000,6,845,5462.09,4958.93,984.07,0,0,0,40229.4,-42535.3,-8593.91,48463.5,-7802.25,87081.7,1.47697e+20
20230101T000006.600000,6,846,4574.8,5967.67,1672.87,0,0,0,58660.9,-41490,-12236.6,36344.7,-15962.3,90470.1,2.84042e+20
20230101T000006.600000,6,847,4086.77,2983.92,-219.384,0,0,0,14338,-19444.3,1432.28,26771.7,1045.77,40968.9,1.7763e+20
20230101T000006.600000,4,774,691.183,7.41094,-137.366,0.985836,-8.72476,-0.194269,92.1007,-68.7653,100.821,572.82,14.1385,579.632,0
20230101T000006.600000,3,777,1293.09,-1960.73,244.948,0,0,0,2500,0,0,2500,0,2500,0
20230101T000006.600000,3,778,2501.97,-1872.72,-564.413,0,0,0,2500,0,0,2500,0,2500,0
20230101T000006.600000,3,779,1106.2,-685.702,-60.1805,0,0,0,2500,0,0,2500,0,2500,0
20230101T000006.600000,3,780,10513,-5297.55,-2799.18,0,0,0,2500,0,0,2500,0,2500,0
20230101T000006.600000,3,781,5472.43,-1873.69,-395.521,0,0,0,2500,0,0,2500,0,2500,0
20230101T000006.600000,3,782,5219.05,459.426,-225.646,0,0,0,2500,0,0,2500,0,2500,0
20230101T000006.600000,3,783,4841.12,-412.159,-514.463,0,0,0,2500,0,0,2500,0,2500,0
20230101T000006.600000,3,784,6535.2,-757.862,84.7592,0,0,0,2500,0,0,2500,0,2500,0
20230101T000006.600000,3,785,10124.7,4366.02,843.373,0,0,0,2500,0,0,2500,0,2500,0
20230101T000006.600000,3,786,6938.69,4094.26,-283.584,0,0,0,2500,0,0,2500,0,2500,0
20230101T000006.600000,3,787,1597.08,1052.33,401.637,0,0,0,2500,0,0,2500,0,2500,0
20230101T000006.600000,3,788,5462.09,4958.93,984.07,0,0,0,2500,0,0,2500,0,2500,0
20230101T000006.600000,3,789,4574.8,5967.67,1672.87,0,0,0,2500,0,0,2500,0,2500,0
20230101T000006.600000,3,790,4086.77,2983.92,-219.384,0,0,0,2500,0,0,2500,0,2500,0
20230101T000006.700000,6,848,1874.5,-2687.88,-290.047,0,0,0,11624.3,7968.55,866.694,5755.31,-1242.77,17182,1.61398e+20
20230101T000006.700000,6,849,2075.04,-501.792,525.645,0,0,0,877.542,1551.19,-1730.73,6917.01,418.531,7295.78,1.4573e+20
20230101T000006.700000,6,850,2529.83,-605.184,-153.909,0,0,0,682.171,2426.61,619.311,10245.6,-148.151,10826.3,9.83006e+19
20230101T000006.700000,6,851,680.213,-88.919,-137.701,0,0,0,102.967,84.9679,137.62,741.847,-17.9901,755.433,1.33918e+23
20230101T000006.700000,6,852,2938.99,1882.03,-652.13,0,0,0,6193.67,-8512.92,3056.83,14036.1,1957.49,19489.6,1.38238e+20
20230101T000006.700000,6,853,6962.55,2791.53,-312.988,0,0,0,12658.3,-31021.6,3484.24,77593.9,1396.95,90031.6,1.39924e+20
20230101T000006.700000,6,854,6621.17,4458.13,-477.392,0,0,0,32094.6,-47030.4,5054.27,70277.5,3403.11,101944,1.84167e+20
20230101T000006.700000,6,855,1708.63,1555.85,89.938,0,0,0,3915.09,-4215.14,-244.034,4705.88,-222.214,8544.23,1.11254e+20
20230101T000006.700000,6,856,41.2347,25.0442,-7.72012,0,0,0,46.6594,26.0771,-8.02547,19.5621,-4.87432,5.32194,2.43107e+20
20230101T000006.700000,6,857,3249.34,3793.53,-221.066,0,0,0,23085.5,-19652.2,1147.47,16975.1,1339.64,39918.7,6.82066e+19
20230101T000006.700000,6,858,4566.75,4796.1,-972.49,0,0,0,37553.5,-34257.2,7099.44,34194.8,7456,70173.8,1.32275e+20
20230101T000006.700000,4,762,1827.59,1416.35,84.4245,-13.0264,10.2958,0.3256,770.001,-958.438,-57.8753,1368.27,-42.5654,2071.23,0
20230101T000006.700000,4,774,690.41,-33.9402,-137.762,-13.9637,-30.7622,2.52355,50.3049,-17.4261,60.2319,330.326,3.61969,341.443,0
20230101T000006.700000,4,786,6878.08,4071.71,-286.039,-6.00101,-2.23269,-0.243012,685.121,-1050.28,72.7485,1845.34,42.9262,2462.17,0
20230101T000006.700000,3,791,1874.5,-2687.88,-290.047,0,0,0,2500,0,0,2500,0,2500,0
20230101T000006.700000,3,792,2075.04,-501.792,525.645,0,0,0,2500,0,0,2500,0,2500,0
20230101T000006.700000,3,793,2529.83,-605.184,-153.909,0,0,0,2500,0,0,2500,0,2500,0
20230101T000006.700000,3,794,2938.99,1882.03,-652.13,0,0,0,2500,0,0,2500,0,2500,0
20230101T000006.700000,3,795,6962.55,2791.53,-312.988,0,0,0,2500,0,0,2500,0,2500,0
20230101T000006.700000,3,796,41.2347,25.0442,-7.72012,0,0,0,2500,0,0,2500,0,2500,0
20230101T000006.700000,3,797,3249.34,3793.53,-221.066,0,0,0,2500,0,0,2500,0,2500,0
20230101T000006.700000,3,798,4566.75,4796.1,-972.49,0,0,0,2500,0,0,2500,0,2500,0
20230101T000006.800000,6,859,8003.97,-8749.38,1634.17,0,0,0,124458,109888,-20921.8,104862,22870.3,224986,1.027e+20
20230101T000006.800000,6,860,1236.52,-329.613,244.69,0,0,0,320.92,612.908,-472.693,2456.81,126.004,2622.45,1.72478e+20
20230101T000006.800000,6,861,9281.97,-2623.34,2378.33,0,0,0,19447.8,36575.1,-35306.7,138522,9978.63,148863,1.80292e+20
20230101T000006.800000,6,862,645.876,-242.23,-118.798,0,0,0,168.169,222.459,112.743,677.898,-42.2833,763.172,5.81337e+23
20230101T000006.800000,6,863,1249.81,-206.983,304.337,0,0,0,271.678,380.263,-594.242,2504.82,98.4132,2571.29,1.71591e+20
20230101T000006.800000,6,864,1626.83,1617.22,105.468,0,0,0,4225.71,-4168.68,-272.443,4275.12,-270.833,8419.31,9.23017e+19
20230101T000006.800000,6,865,2562.66,2621.59,844.491,0,0,0,11583.6,-10148.4,-3452.84,11122.1,-3532.24,21507.1,9.74113e+19
20230101T000006.800000,6,866,305.791,242.998,-14.7851,0,0,0,133.863,-87.5918,5.33985,174.484,4.24334,244.181,1.07314e+20
20230101T000006.800000,6,867,6592.06,6997.19,-923.639,0,0,0,79008.7,-73088.5,9737.73,70285.2,10336.2,147866,1.42065e+20
20230101T000006.800000,3,799,8003.97,-8749.38,1634.17,0,0,0,2500,0,0,2500,0,2500,0
20230101T000006.800000,3,800,1236.52,-329.614,244.69,0,0,0,2500,0,0,2500,0,2500,0
20230101T000006.800000,3,801,9281.97,-2623.34,2378.33,0,0,0,2500,0,0,2500,0,2500,0
20230101T000006.800000,3,802,645.876,-242.23,-118.798,0,0,0,2500,0,0,2500,0,2500,0
20230101T000006.800000,3,803,1249.81,-206.983,304.337,0,0,0,2500,0,0,2500,0,2500,0
20230101T000006.800000,3,804,1626.83,1617.22,105.468,0,0,0,2500,0,0,2500,0,2500,0
20230101T000006.800000,3,805,2562.66,2621.59,844.491,0,0,0,2500,0,0,2500,0,2500,0
20230101T000006.800000,3,806,305.791,242.998,-14.7851,0,0,0,2500,0,0,2500,0,2500,0
20230101T000006.800000,3,807,6592.06,6997.19,-923.639,0,0,0,2500,0,0,2500,0,2500,0
20230101T000006.900000,6,868,6990.34,-7661.21,-254.012,0,0,0,93986.6,85603.9,2839.96,78274.9,-3112.51,172094,1.29442e+20
20230101T000006.900000,6,869,5205.27,-7084.87,581.788,0,0,0,80524.9,58717.1,-4842.89,43744.9,6591.63,123665,1.18565e+20
20230101T000006.900000,6,870,4771.68,-3665.76,-705.204,0,0,0,22040.5,27572,5378.15,36749.1,-4131.66,57931.6,1.18542e+20
20230101T000006.900000,6,871,3549.51,-3732.52,893.957,0,0,0,22927.5,20528.3,-5069.54,20862.5,5330.93,42451.1,1.17617e+20
20230101T000006.900000,6,872,2249.76,-752.031,-163.476,0,0,0,1000.64,2675.02,584.289,8109,-195.311,9003.48,9.86103e+19
20230101T000006.900000,6,873,10152.8,-4759.87,2686.16,0,0,0,45764.3,72861.5,-43622.3,167019,20451.1,201182,1.70098e+20
20230101T000006.900000,6,874,12152.7,-2355.82,876.215,0,0,0,10125.1,45566,-17033,236348,3301.87,245182,1.05078e+20
20230101T000006.900000,6,875,613.096,-317.056,-132.879,0,0,0,231.82,274.31,119.795,620.401,-61.9506,764.545,1.15345e+22
20230101T000006.900000,6,876,5561.37,270.909,143.448,0,0,0,214.079,-2405.89,-1274.78,49486.3,-62.0982,49603.6,1.055e+20
20230101T000006.900000,6,877,6447.7,4365.43,-995.121,0,0,0,31620.8,-44270.4,10259.3,67034.3,6946.1,97008.7,9.27067e+19
20230101T000006.900000,6,878,5826.18,5134.83,893.784,0,0,0,42941.4,-47201,-8326.31,54897.4,-7338.29,96498.3,9.61195e+19
20230101T000006.900000,4,802,624.807,-301.381,-129.624,-2.08596,-5.85659,-1.07184,140.383,166.733,83.9067,522.424,-31.4684,582.761,0
20230101T000006.900000,3,808,6990.34,-7661.21,-254.012,0,0,0,2500,0,0,2500,0,2500,0
20230101T000006.900000,3,809,5205.27,-7084.87,581.788,0,0,0,2500,0,0,2500,0,2500,0
20230101T000006.900000,3,810,4771.68,-3665.76,-705.204,0,0,0,2500,0,0,2500,0,2500,0
20230101T000006.900000,3,811,3549.51,-3732.52,893.957,0,0,0,2500,0,0,2500,0,2500,0
20230101T000006.900000,3,812,2249.76,-752.031,-163.476,0,0,0,2500,0,0,2500,0,2500,0
20230101T000006.900000,3,813,10152.8,-4759.87,2686.16,0,0,0,2500,0,0,2500,0,2500,0
20230101T000006.900000,3,814,12152.7,-2355.82,876.215,0,0,0,2500,0,0,2500,0,2500,0
20230101T000006.900000,3,815,5561.37,270.909,143.448,0,0,0,2500,0,0,2500,0,2500,0
20230101T000006.900000,3,816,6447.7,4365.43,-995.121,0,0,0,2500,0,0,2500,0,2500,0
20230101T000006.900000,3,817,5826.18,5134.83,893.784,0,0,0,2500,0,0,2500,0,2500,0
20230101T000007,6,879,2940.44,-3103.86,-256.42,0,0,0,15494.3,14518.4,1203.75,13923,-1270.65,29248.5,1.10929e+20
20230101T000007,6,880,507.969,-456.444,-156.57,0,0,0,388.688,321.246,116.883,457.536,-105.027,749.393,4.43308e+21
20230101T000007,6,881,4341.25,-5223.08,661.537,0,0,0,43960.8,35904.2,-4591.09,30606,5523.67,73803.8,1.55415e+20
20230101T000007,6,882,40.0378,-50.2504,-10.7558,0,0,0,28.2869,-27.2124,-5.80535,40.7586,7.28614,8.34967,1.11247e+20
20230101T000007,6,883,1320.57,-695.639,130.83,0,0,0,845.416,1432.34,-271.508,2810,143.023,3565,1.11373e+20
20230101T000007,6,884,2108.59,-521.963,339.529,0,0,0,668.577,1703.38,-1136.01,7128.1,281.208,7551.28,1.36161e+20
20230101T000007,6,885,3358.1,-1678.46,426.406,0,0,0,4790.91,8876.72,-2284.65,18113.8,1141.92,22551.4,8.97582e+19
20230101T000007,6,886,2111.8,-108.321,-104.981,0,0,0,100.036,361.834,351.553,7135.71,-18.0322,7154.43,1.92379e+20
20230101T000007,6,887,3531.27,-366.309,-29.8441,0,0,0,279.415,2062.94,168.085,19952.5,-17.436,20166.5,1.31422e+20
20230101T000007,6,888,760.448,331.64,-40.0888,0,0,0,231.784,-379.173,45.9485,935.864,20.0387,1101.37,1.32656e+20
20230101T000007,6,889,5490.76,5572.45,404.994,0,0,0,49844.3,-48792.1,-3555.64,48403,-3608.55,97921.2,1.50212e+20
20230101T000007,4,792,2085.8,-507.618,477.606,2.96162,-1.60336,-13.2219,274.111,413.42,-440.571,1883.73,106.54,1903.44,0
20230101T000007,4,796,90.7277,-26.2831,-10.5809,13.622,-14.1268,-0.78738,45.6118,25.4439,-7.83033,19.1725,-4.7558,5.28006,0
20230101T000007,4,817,5829.87,5156.66,883.311,0.364814,2.16075,-1.03701,1128.5,-1174.04,-204.428,1425.89,-180.17,2430.07,0
20230101T000007,3,818,2940.44,-3103.86,-256.42,0,0,0,2500,0,0,2500,0,2500,0
20230101T000007,3,819,507.969,-456.444,-156.57,0,0,0,2500,0,0,2500,0,2500,0
20230101T000007,3,820,4341.25,-5223.08,661.537,0,0,0,2500,0,0,2500,0,2500,0
20230101T000007,3,821,1320.57,-695.639,130.83,0,0,0,2500,0,0,2500,0,2500,0
20230101T000007,3,822,3358.1,-1678.46,426.406,0,0,0,2500,0,0,2500,0,2500,0
20230101T000007,3,823,2111.8,-108.321,-104.981,0,0,0,2500,0,0,2500,0,2500,0
20230101T000007,3,824,3531.27,-366.309,-29.8441,0,0,0,2500,0,0,2500,0,2500,0
20230101T000007,3,825,760.448,331.64,-40.0888,0,0,0,2500,0,0,2500,0,2500,0
20230101T000007.100000,6,890,1570.2,-2279.66,429.285,0,0,0,8429.95,5560.3,-1073,4187.22,1557.82,12261.3,3.27547e+20
20230101T000007.100000,6,891,5261.4,-6490.53,514.163,0,0,0,67596.1,54400.7,-4325.87,44585.4,5336.45,111695,1.49279e+20
20230101T000007.100000,6,892,7829.63,-5573.49,-766.757,0,0,0,50368.5,69346.9,9601.34,98422.7,-6834.67,147787,1.36258e+20
20230101T000007.100000,6,893,9701.57,-5403.78,-212.331,0,0,0,46825.2,83822.4,3294.84,150625,-1835.23,197314,1.17302e+20
20230101T000007.100000,6,894,1789.48,-674.885,188.136,0,0,0,833.825,1892.68,-532.83,5138.54,200.952,5852.96,1.51455e+20
20230101T000007.100000,6,895,11147.9,-4991.6,-35.0291,0,0,0,39920.6,89009,624.636,198854,-279.687,238708,1.1655e+20
20230101T000007.100000,6,896,7199.77,-2063.23,-1120.93,0,0,0,8726.73,23218.7,12903.7,83096,-3697.81,89751.2,1.25128e+20
20230101T000007.100000,6,897,8045.65,100.875,-1140.5,0,0,0,2159.88,-1271.69,14672.8,103572,183.966,103589,1.26722e+20
20230101T000007.100000,6,898,7468.9,-403.739,419.501,0,0,0,605.171,4806.16,-5009.56,89256,270.797,89516,1.44869e+20
20230101T000007.100000,6,899,5665.85,-590.489,-475.945,0,0,0,979.301,5309.08,4309.33,51367.5,-449.114,51921.2,9.59426e+19
20230101T000007.100000,6,900,93.3797,28.4818,4.17632,0,0,0,59.7693,13.579,1.98996,19.3913,0.606958,15.3665,1.28774e+20
20230101T000007.100000,6,901,9819.66,3745.26,-959.146,0,0,0,23783.5,-58332.2,15064.2,154476,5745.54,176725,1.40142e+20
20230101T000007.100000,6,902,7452.1,4532.81,346.952,0,0,0,33061.4,-53932.4,-4134.66,88923.2,-2514.95,121728,1.16696e+20
20230101T000007.100000,6,903,445.099,538.934,-29.981,0,0,0,491.207,-351.734,19.6063,355.813,23.7397,781.818,9.12133e+24
20230101T000007.100000,3,826,1570.2,-2279.66,429.285,0,0,0,2500,0,0,2500,0,2500,0
20230101T000007.100000,3,827,5261.4,-6490.53,514.163,0,0,0,2500,0,0,2500,0,2500,0
20230101T000007.100000,3,828,7829.63,-5573.49,-766.757,0,0,0,2500,0,0,2500,0,2500,0
20230101T000007.100000,3,829,9701.57,-5403.78,-212.331,0,0,0,2500,0,0,2500,0,2500,0
20230101T000007.100000,3,830,1789.48,-674.885,188.136,0,0,0,2500,0,0,2500,0,2500,0
20230101T000007.100000,3,831,11147.9,-4991.59,-35.0291,0,0,0,2500,0,0,2500,0,2500,0
20230101T000007.100000,3,832,7199.77,-2063.23,-1120.93,0,0,0,2500,0,0,2500,0,2500,0
20230101T000007.100000,3,833,8045.65,100.875,-1140.5,0,0,0,2500,0,0,2500,0,2500,0
20230101T000007.100000,3,834,7468.9,-403.739,419.501,0,0,0,2500,0,0,2500,0,2500,0
20230101T000007.100000,3,835,5665.85,-590.489,-475.945,0,0,0,2500,0,0,2500,0,2500,0
20230101T000007.100000,3,836,93.3797,28.4818,4.17632,0,0,0,2500,0,0,2500,0,2500,0
20230101T000007.100000,3,837,9819.66,3745.26,-959.146,0,0,0,2500,0,0,2500,0,2500,0
20230101T000007.100000,3,838,7452.1,4532.81,346.952,0,0,0,2500,0,0,2500,0,2500,0
20230101T000007.100000,3,839,445.099,538.934,-29.981,0,0,0,2500,0,0,2500,0,2500,0
20230101T000007.200000,6,904,1230.01,-1835.49,-154.331,0,0,0,5421.96,3565.2,301.25,2490.94,-449.539,7811.41,9.70832e+19
20230101T000007.200000,6,905,1922.96,-2167.42,108.971,0,0,0,7552.88,6627.44,-333.68,5962.86,376.1,13432.9,1.56169e+21
20230101T000007.200000,6,906,10065.1,-3619.24,-1063.07,0,0,0,22615.5,57689,17114,162305,-6153.88,183050,1.03182e+20
20230101T000007.200000,6,907,7653.92,-2718.97,-929.809,0,0,0,13112.8,32841,11379.9,93894.1,-4042.58,105561,1.00285e+20
20230101T000007.200000,6,908,11320.8,370.449,-2404.76,0,0,0,9523.46,-6405.6,43545.2,205067,1424.92,205280,1.99022e+20
20230101T000007.200000,6,909,8393.74,67.0647,400.835,0,0,0,328.101,-898.114,-5380.16,112728,-42.9867,112735,9.32518e+19
20230101T000007.200000,6,910,6622.32,-312.643,445.962,0,0,0,537.467,3294.69,-4721,70169.1,222.881,70325,1.75167e+20
20230101T000007.200000,6,911,9717.87,5095.41,1372.32,0,0,0,43953.9,-77961.3,-21330.7,151763,-11184.4,192641,8.10644e+19
20230101T000007.200000,6,912,11140.3,2913.28,-1219.73,0,0,0,15866.8,-51329.6,21734.5,198726,5683.76,212150,1.88289e+20
20230101T000007.200000,6,913,10298,2294.95,-238.783,0,0,0,8574.72,-37780.5,3932.97,169685,876.479,178105,1.90558e+20
20230101T000007.200000,6,914,8140.72,4679.5,-864.875,0,0,0,35983.7,-60406.7,11260.1,106347,6472.59,141071,1.14886e+20
20230101T000007.200000,6,915,2456.07,3064.9,-327.501,0,0,0,15121.7,-11929.4,1283.67,9794.85,1601.88,24681.8,1.02279e+20
20230101T000007.200000,6,916,529.266,457.69,-25.1771,0,0,0,372.318,-355.458,19.581,475.978,16.9329,783.447,4.25893e+24
20230101T000007.200000,6,917,4382.49,2987.42,-238.85,0,0,0,14385.4,-20875.5,1672.44,30779.2,1140.05,45009.5,1.60445e+20
20230101T000007.200000,4,839,514.46,482.554,-26.3227,6.86749,-5.58222,0.3622,380.57,-261.946,14.595,279.738,17.6719,596.762,0
20230101T000007.200000,3,840,1230.01,-1835.49,-154.331,0,0,0,2500,0,0,2500,0,2500,0
20230101T000007.200000,3,841,1922.96,-2167.42,108.971,0,0,0,2500,0,0,2500,0,2500,0
20230101T000007.200000,3,842,10065.1,-3619.24,-1063.07,0,0,0,2500,0,0,2500,0,2500,0
20230101T000007.200000,3,843,7653.92,-2718.97,-929.809,0,0,0,2500,0,0,2500,0,2500,0
20230101T000007.200000,3,844,11320.8,370.449,-2404.76,0,0,0,2500,0,0,2500,0,2500,0
20230101T000007.200000,3,845,8393.74,67.0647,400.835,0,0,0,2500,0,0,2500,0,2500,0
20230101T000007.200000,3,846,6622.32,-312.643,445.962,0,0,0,2500,0,0,2500,0,2500,0
20230101T000007.200000,3,847,9717.87,5095.41,1372.32,0,0,0,2500,0,0,2500,0,2500,0
20230101T000007.200000,3,848,11140.3,2913.28,-1219.73,0,0,0,2500,0,0,2500,0,2500,0
20230101T000007.200000,3,849,10298,2294.95,-238.783,0,0,0,2500,0,0,2500,0,2500,0
20230101T000007.200000,3,850,8140.72,4679.5,-864.875,0,0,0,2500,0,0,2500,0,2500,0
20230101T000007.200000,3,851,2456.07,3064.9,-327.501,0,0,0,2500,0,0,2500,0,2500,0
20230101T000007.200000,3,852,4382.49,2987.42,-238.85,0,0,0,2500,0,0,2500,0,2500,0
20230101T000007.300000,6,918,4516.03,-2924.13,337.945,0,0,0,13854.5,21016.3,-2438.51,32704,1578.93,46312.3,2.53624e+20
20230101T000007.300000,6,919,7602.44,-2036.34,-434.435,0,0,0,6976.01,24678.5,5281.02,92499.8,-1414.54,99110.2,9.83057e+19
20230101T000007.300000,6,920,4776.68,-2644.86,921.426,0,0,0,12279.8,19611.8,-7032.99,36840.1,3894.18,47700.9,2.60321e+20
20230101T000007.300000,6,921,3881.63,136.283,-254.482,0,0,0,196.855,-840.533,1576.32,24107.5,55.3441,24137.3,2.18908e+20
20230101T000007.300000,6,922,11853,665.842,137.355,0,0,0,803.234,-12622.3,-2604.17,224790,-146.289,225499,1.12723e+20
20230101T000007.300000,6,923,1493.35,563.216,1.78105,0,0,0,563.575,-1324.59,-4.18874,3576.11,-1.57978,4075.68,9.65155e+19
20230101T000007.300000,6,924,3859.1,1895.53,7.20763,0,0,0,5800.48,-11678.7,-44.4076,23840.7,-21.8123,29577.1,1.6765e+20
20230101T000007.300000,6,925,10408.8,6141.18,604.323,0,0,0,60823.4,-101992,-10061.7,173515,-5936.39,233691,9.45927e+19
20230101T000007.300000,6,926,605.389,349.377,-24.6727,0,0,0,243.984,-310.32,21.9443,602.607,12.6643,781.776,5.92494e+24
20230101T000007.300000,6,927,9253.26,7737.72,962.621,0,0,0,96705.7,-113798,-14247.9,137633,-11914.3,232793,9.90831e+19
20230101T000007.300000,6,928,3834.62,5866.59,-385.788,0,0,0,55157.3,-35855.6,2365.04,23738.5,3618.28,78594.1,1.62078e+20
20230101T000007.300000,4,825,616.946,341.365,-26.2265,-39.496,2.67651,3.81532,179.283,-263.847,31.9517,669.215,13.9345,783.901,0
20230101T000007.300000,3,853,4516.03,-2924.13,337.945,0,0,0,2500,0,0,2500,0,2500,0
20230101T000007.300000,3,854,7602.44,-2036.34,-434.435,0,0,0,2500,0,0,2500,0,2500,0
20230101T000007.300000,3,855,4776.68,-2644.86,921.426,0,0,0,2500,0,0,2500,0,2500,0
20230101T000007.300000,3,856,3881.63,136.283,-254.482,0,0,0,2500,0,0,2500,0,2500,0
20230101T000007.300000,3,857,11853,665.842,137.355,0,0,0,2500,0,0,2500,0,2500,0
20230101T000007.300000,3,858,1493.35,563.216,1.78105,0,0,0,2500,0,0,2500,0,2500,0
20230101T000007.300000,3,859,3859.1,1895.53,7.20763,0,0,0,2500,0,0,2500,0,2500,0
20230101T000007.300000,3,860,10408.8,6141.18,604.323,0,0,0,2500,0,0,2500,0,2500,0
20230101T000007.300000,3,861,9253.26,7737.72,962.621,0,0,0,2500,0,0,2500,0,2500,0
20230101T000007.300000,3,862,3834.62,5866.59,-385.788,0,0,0,2500,0,0,2500,0,2500,0
20230101T000007.400000,6,929,5803.32,-3725.44,353.8,0,0,0,22393.3,34471.8,-3282.39,53962.7,2107.13,76092,1.15537e+20
20230101T000007.400000,6,930,4433.92,-3983.42,-48.0853,0,0,0,25425.7,28225.8,340.746,31485.7,-306.125,56843.7,9.26545e+19
20230101T000007.400000,6,931,4362.39,-939.177,13.3016,0,0,0,1472.72,6542.06,-92.6563,30451.5,19.9479,31860,1.57887e+20
20230101T000007.400000,6,932,6044.91,-3335.86,-117.176,0,0,0,17870.7,32227.6,1132.36,58485.5,-624.887,76270.2,1.13883e+20
20230101T000007.400000,6,933,3044.68,-425.491,728.829,0,0,0,1182.73,1947.97,-3536.26,14849.6,494.188,15125.2,1.5276e+20
20230101T000007.400000,6,934,2404.47,1327.56,-697.363,0,0,0,3462.26,-4752.64,2669.5,9446.18,1473.89,12074.1,2.67965e+20
20230101T000007.400000,6,935,7443.64,1826.06,312.057,0,0,0,5542.41,-21697.2,-3714.02,88664.9,-911.114,93987.7,9.91756e+19
20230101T000007.400000,6,936,659.294,234.382,-24.4893,0,0,0,145.497,-226.764,23.7251,702.749,8.43436,783.443,8.02924e+24
20230101T000007.400000,6,937,4728.78,1737.2,-331.251,0,0,0,5039.41,-13066.3,2502.33,35806.6,919.273,40607,1.24729e+20
20230101T000007.400000,4,825,639.192,287.725,-24.9382,-20.6396,-23.7359,4.03371,111.779,-145.883,14.2878,326.175,6.01626,408.965,0
20230101T000007.400000,3,863,5803.32,-3725.44,353.8,0,0,0,2500,0,0,2500,0,2500,0
20230101T000007.400000,3,864,4433.92,-3983.42,-48.0853,0,0,0,2500,0,0,2500,0,2500,0
20230101T000007.400000,3,865,4362.39,-939.177,13.3016,0,0,0,2500,0,0,2500,0,2500,0
20230101T000007.400000,3,866,6044.91,-3335.86,-117.176,0,0,0,2500,0,0,2500,0,2500,0
20230101T000007.400000,3,867,3044.68,-425.491,728.829,0,0,0,2500,0,0,2500,0,2500,0
20230101T000007.400000,3,868,2404.47,1327.56,-697.363,0,0,0,2500,0,0,2500,0,2500,0
20230101T000007.400000,3,869,7443.64,1826.06,312.057,0,0,0,2500,0,0,2500,0,2500,0
20230101T000007.400000,3,870,4728.78,1737.2,-331.251,0,0,0,2500,0,0,2500,0,2500,0
20230101T000007.500000,6,938,2908.38,-1967.33,-213.655,0,0,0,6286.48,9091.31,991.013,13576.8,-670.356,19726.8,1.01753e+20
20230101T000007.500000,6,939,9054.96,-7672,-700.731,0,0,0,94669.7,110732,10149.3,131543,-8599.18,225363,1.94449e+20
20230101T000007.500000,6,940,2873.69,-1298.29,196.58,0,0,0,2801.2,5922.32,-900.235,13234.3,406.713,15910.1,8.86047e+19
20230101T000007.500000,6,941,10348.6,-5510.98,-1969.55,0,0,0,53477.3,88648.4,32602,172734,-17361.7,219944,1.97227e+20
20230101T000007.500000,6,942,7215.96,-3729.83,1733.66,0,0,0,26101.9,41076.3,-20004.4,84338.9,10340,105573,1.57642e+20
20230101T000007.500000,6,943,5692.81,-2898.34,395.71,0,0,0,13690.2,26272.4,-3600.8,51917.6,1833.25,65293.8,1.77372e+20
20230101T000007.500000,6,944,6486.07,-1521.96,-797.705,0,0,0,4730.99,15554,8271,67367,-1940.8,71017.6,2.79927e+20
20230101T000007.500000,6,945,689.347,116.181,-27.9252,0,0,0,84.9431,-117.466,28.2833,762.118,4.76679,782.017,1.11605e+25
20230101T000007.500000,6,946,7353.52,4964.96,-796.919,0,0,0,40183,-57915.3,9371.53,86856.9,6327.49,125961,1.84046e+20
20230101T000007.500000,6,947,7711.9,6304.61,1322.84,0,0,0,65312.9,-76390,-16316.1,96304.3,-13338.7,158756,1.30811e+20
20230101T000007.500000,3,871,2908.38,-1967.33,-213.655,0,0,0,2500,0,0,2500,0,2500,0
20230101T000007.500000,3,872,9054.96,-7672,-700.731,0,0,0,2500,0,0,2500,0,2500,0
20230101T000007.500000,3,873,2873.69,-1298.29,196.58,0,0,0,2500,0,0,2500,0,2500,0
20230101T000007.500000,3,874,10348.6,-5510.98,-1969.55,0,0,0,2500,0,0,2500,0,2500,0
20230101T000007.500000,3,875,7215.96,-3729.83,1733.66,0,0,0,2500,0,0,2500,0,2500,0
20230101T000007.500000,3,876,5692.81,-2898.34,395.71,0,0,0,2500,0,0,2500,0,2500,0
20230101T000007.500000,3,877,6486.07,-1521.96,-797.705,0,0,0,2500,0,0,2500,0,2500,0
20230101T000007.500000,3,878,689.347,116.181,-27.9252,0,0,0,2500,0,0,2500,0,2500,0
20230101T000007.500000,3,879,7353.52,4964.97,-796.919,0,0,0,2500,0,0,2500,0,2500,0
20230101T000007.500000,3,880,7711.9,6304.61,1322.84,0,0,0,2500,0,0,2500,0,2500,0
20230101T000007.600000,6,948,1345.56,-1326.05,-7.24868,0,0,0,2845.94,2822.8,15.4308,2928.43,-15.207,5710.29,1.28148e+20
20230101T000007.600000,6,949,6414.69,-8859.29,1835.66,0,0,0,127455,88336.7,-18834.2,69415.1,26011.8,191418,1.3763e+20
20230101T000007.600000,6,950,1759.4,-687.63,25.6776,0,0,0,812.961,1913.65,-71.4733,4961.4,27.9341,5709.33,1.21185e+20
20230101T000007.600000,6,951,4113.5,-2603.23,576.849,0,0,0,11268.1,16864.3,-3790.27,27243.7,2398.67,37917.1,2.41907e+20
20230101T000007.600000,6,952,10883.4,1456.66,-796.665,0,0,0,4455.11,-25223.6,13868.1,189537,1856.14,192913,9.97739e+19
20230101T000007.600000,6,953,8186.66,-186.093,1059.2,0,0,0,1912.44,2395.35,-13866,107235,315.19,107291,1.05374e+20
20230101T000007.600000,6,954,699.641,4.80978,-32.0161,0,0,0,65.5402,-4.93388,32.9172,783.199,0.226294,783.367,4.39466e+24
20230101T000007.600000,6,955,5793.19,787.903,-41.3488,0,0,0,1058.79,-7294.25,382.818,53698.9,52.0651,54690.9,1.19166e+20
20230101T000007.600000,6,956,9275.38,1970.96,-1448.31,0,0,0,9486.49,-28555.2,21484.4,137800,4565.3,143869,2.22285e+20
20230101T000007.600000,6,957,7249.06,9708.28,129.272,0,0,0,150834,-112558,-1498.95,84136.4,-2007.46,234879,1.25161e+20
20230101T000007.600000,4,878,704.16,32.0182,-31.0511,1.46669,-8.33294,-0.309489,78.0135,-87.4741,21.054,582.29,3.54838,596.907,0
20230101T000007.600000,3,881,1345.56,-1326.05,-7.24868,0,0,0,2500,0,0,2500,0,2500,0
20230101T000007.600000,3,882,6414.69,-8859.29,1835.66,0,0,0,2500,0,0,2500,0,2500,0
20230101T000007.600000,3,883,1759.4,-687.63,25.6776,0,0,0,2500,0,0,2500,0,2500,0
20230101T000007.600000,3,884,4113.5,-2603.23,576.849,0,0,0,2500,0,0,2500,0,2500,0
20230101T000007.600000,3,885,10883.4,1456.66,-796.664,0,0,0,2500,0,0,2500,0,2500,0
20230101T000007.600000,3,886,8186.66,-186.093,1059.2,0,0,0,2500,0,0,2500,0,2500,0
20230101T000007.600000,3,887,5793.19,787.903,-41.3488,0,0,0,2500,0,0,2500,0,2500,0
20230101T000007.600000,3,888,9275.38,1970.96,-1448.31,0,0,0,2500,0,0,2500,0,2500,0
20230101T000007.600000,3,889,7249.06,9708.28,129.272,0,0,0,2500,0,0,2500,0,2500,0
20230101T000007.700000,6,958,1412.22,-1264.5,-257.446,0,0,0,2652.09,2773.29,575.355,3266.15,-515.173,5750.51,6.46525e+20
20230101T000007.700000,6,959,9187.12,-8109.03,-1196.19,0,0,0,106533,118031,17578.6,136076,-15515.8,240256,1.10607e+20
20230101T000007.700000,6,960,688.177,-125.669,-20.7039,0,0,0,87.8125,126.951,20.935,759.826,-3.82298,783.065,6.60048e+24
20230101T000007.700000,6,961,690.474,-114.804,-16.4437,0,0,0,83.7529,116.412,16.684,764.54,-2.77402,783.931,6.57685e+24
20230101T000007.700000,6,962,5653.04,-768.557,-937.267,0,0,0,2386.32,6755.56,8467.31,51157.7,-1151.17,52077.8,1.64954e+20
20230101T000007.700000,6,963,9202.11,4127.06,950.358,0,0,0,28508.1,-60200.9,-13987,135739,-6273.04,162739,9.9948e+19
20230101T000007.700000,6,964,10173.8,2798.63,850.102,0,0,0,13665.8,-45244.4,-13833.1,165696,-3805.24,178142,1.30302e+20
20230101T000007.700000,6,965,142.922,194.854,35.8157,0,0,0,83.3732,-13.7135,-2.70055,74.7353,-3.68183,94.8074,1.03699e+20
20230101T000007.700000,4,881,1381.36,-1322.43,-83.3024,3.54421,0.358008,-7.53009,894.297,844.097,4.61419,918.963,-4.54726,1750.8,0
20230101T000007.700000,3,890,9187.12,-8109.03,-1196.19,0,0,0,2500,0,0,2500,0,2500,0
20230101T000007.700000,3,891,688.177,-125.669,-20.7039,0,0,0,2500,0,0,2500,0,2500,0
20230101T000007.700000,3,892,690.474,-114.804,-16.4437,0,0,0,2500,0,0,2500,0,2500,0
20230101T000007.700000,3,893,5653.04,-768.557,-937.267,0,0,0,2500,0,0,2500,0,2500,0
20230101T000007.700000,3,894,9202.11,4127.06,950.358,0,0,0,2500,0,0,2500,0,2500,0
20230101T000007.700000,3,895,10173.8,2798.63,850.102,0,0,0,2500,0,0,2500,0,2500,0
20230101T000007.700000,3,896,142.922,194.854,35.8157,0,0,0,2500,0,0,2500,0,2500,0
20230101T000007.800000,6,966,3062.64,-2035.11,713.745,0,0,0,7234.87,9568.32,-3487.54,15276.2,2317.45,21636.6,2.27265e+20
20230101T000007.800000,6,967,6739.66,-8681.77,225.48,0,0,0,120652,93549.1,-2430.65,72767.5,3131.07,193274,9.89213e+19
20230101T000007.800000,6,968,9278.84,-7921.06,1885.07,0,0,0,103714,114759,-27978.7,140178,23884.5,238146,2.19642e+20
20230101T000007.800000,6,969,2590.66,-4089.1,-662.401,0,0,0,26972.2,16603.7,2741.09,11284.2,-4326.53,37492.8,1.45284e+20
20230101T000007.800000,6,970,5478.09,-4006.3,531.694,0,0,0,26016.9,34869.2,-4656.25,48195,3405.26,73696.3,1.04711e+20
20230101T000007.800000,6,971,661.152,-224.696,-21.3349,0,0,0,138.754,217.991,20.7193,706.091,-7.04158,780.236,1.86326e+23
20230101T000007.800000,6,972,8939.19,-2084.98,642.538,0,0,0,7642.29,29660.6,-9185.69,127892,2142.47,134810,1.611e+20
20230101T000007.800000,6,973,9594.44,-2132.21,-1060.82,0,0,0,9050.22,32337.1,16278.1,147373,-3617.55,154560,1.49928e+20
20230101T000007.800000,6,974,5258.74,-1109.94,-937.807,0,0,0,3377.77,9042.15,7880.09,44309.6,-1663.22,46220,1.52799e+20
20230101T000007.800000,6,975,7606.71,-1765.47,361.692,0,0,0,5246.25,21426.9,-4399.17,92593.3,1021.02,97566.5,1.58875e+20
20230101T000007.800000,6,976,3853.67,377.255,-396.578,0,0,0,539.699,-2295.57,2438.79,23764.3,238.746,23989.7,1.09746e+20
20230101T000007.800000,6,977,2629.61,1197.07,236.267,0,0,0,2419.41,-4978.87,-989.331,11090,-450.37,13357,1.17724e+20
20230101T000007.800000,6,978,4395.41,5233.7,-722.845,0,0,0,44198.6,-36364,5079.22,31438.8,6047.93,74738.8,1.36877e+20
20230101T000007.800000,4,891,672.867,-202.658,-21.1786,-1.51586,-7.62272,-0.0469957,80.1446,94.5061,15.5815,580.412,-2.84535,597.601,0
20230101T000007.800000,3,897,3062.64,-2035.11,713.745,0,0,0,2500,0,0,2500,0,2500,0
20230101T000007.800000,3,898,6739.66,-8681.77,225.48,0,0,0,2500,0,0,2500,0,2500,0
20230101T000007.800000,3,899,9278.84,-7921.06,1885.07,0,0,0,2500,0,0,2500,0,2500,0
20230101T000007.800000,3,900,2590.66,-4089.1,-662.401,0,0,0,2500,0,0,2500,0,2500,0
20230101T000007.800000,3,901,5478.09,-4006.3,531.694,0,0,0,2500,0,0,2500,0,2500,0
20230101T000007.800000,3,902,8939.19,-2084.98,642.538,0,0,0,2500,0,0,2500,0,2500,0
20230101T000007.800000,3,903,9594.44,-2132.21,-1060.82,0,0,0,2500,0,0,2500,0,2500,0
20230101T000007.800000,3,904,5258.74,-1109.94,-937.807,0,0,0,2500,0,0,2500,0,2500,0
20230101T000007.800000,3,905,7606.71,-1765.47,361.692,0,0,0,2500,0,0,2500,0,2500,0
20230101T000007.800000,3,906,3853.67,377.255,-396.578,0,0,0,2500,0,0,2500,0,2500,0
20230101T000007.800000,3,907,2629.61,1197.07,236.267,0,0,0,2500,0,0,2500,0,2500,0
20230101T000007.800000,3,908,4395.41,5233.7,-722.845,0,0,0,2500,0,0,2500,0,2500,0
20230101T000007.900000,6,979,8221.03,-5885.23,252.128,0,0,0,55527.1,77333.9,-3315.11,108193,2373.2,163554,1.07114e+20
20230101T000007.900000,6,980,5903.52,-5747.56,-540.349,0,0,0,53127.8,54024,5100.94,56020.8,-4966.19,108618,1.03857e+20
20230101T000007.900000,6,981,2481.26,-1405.47,-289.612,0,0,0,3310.13,5495.02,1144.17,9898.61,-648.097,13011.8,1.93663e+20
20230101T000007.900000,6,982,8849.86,-4851.2,656.345,0,0,0,38233.6,68374.5,-9290.06,125486,5092.51,162967,1.09121e+20
20230101T000007.900000,6,983,607.696,-345.583,-9.32596,0,0,0,239.542,308.459,8.32573,606.542,-4.73466,781.967,9.46598e+22
20230101T000007.900000,6,984,5888.68,-2993.54,545.652,0,0,0,14767.2,27986.7,-5136.39,55593.4,2611.11,69821.1,1.11865e+20
20230101T000007.900000,6,985,1604.85,244.559,-265.12,0,0,0,266.527,-601.938,670.7,4124.84,102.206,4218.23,1.17977e+20
20230101T000007.900000,6,986,8837.88,269.756,-151.168,0,0,0,216.879,-3811.44,2136.51,124973,65.2119,125090,1.30224e+20
20230101T000007.900000,6,987,10055.3,5421.37,1440.94,0,0,0,49648.8,-85807.6,-23175.5,162537,-12495.2,208802,1.6616e+20
20230101T000007.900000,6,988,7607.95,2489.86,1739.59,0,0,0,14347.7,-28859,-21163,93083.7,-6926.03,102531,1.15694e+20
20230101T000007.900000,6,989,6039.31,1453.29,566.974,0,0,0,3925.46,-13911.6,-5472.98,58388.9,-1317.01,61737.1,1.67167e+20
20230101T000007.900000,6,990,1317.69,1120.76,-210.354,0,0,0,2087.44,-2296.84,437.648,2834.27,372.242,4788.78,1.51136e+20
20230101T000007.900000,6,991,2152.35,1515.94,173.438,0,0,0,3751.69,-5167.89,-593.848,7449.29,-418.258,11089.4,2.00802e+20
20230101T000007.900000,6,992,5460.06,5371.93,-647.994,0,0,0,46545.9,-46562,5657.1,48061.2,5565.8,93872.2,1.26829e+20
20230101T000007.900000,3,909,8221.03,-5885.23,252.128,0,0,0,2500,0,0,2500,0,2500,0
20230101T000007.900000,3,910,5903.52,-5747.56,-540.349,0,0,0,2500,0,0,2500,0,2500,0
20230101T000007.900000,3,911,2481.26,-1405.47,-289.612,0,0,0,2500,0,0,2500,0,2500,0
20230101T000007.900000,3,912,8849.86,-4851.2,656.345,0,0,0,2500,0,0,2500,0,2500,0
20230101T000007.900000,3,913,607.696,-345.583,-9.32596,0,0,0,2500,0,0,2500,0,2500,0
20230101T000007.900000,3,914,5888.68,-2993.54,545.652,0,0,0,2500,0,0,2500,0,2500,0
20230101T000007.900000,3,915,1604.85,244.559,-265.12,0,0,0,2500,0,0,2500,0,2500,0
20230101T000007.900000,3,916,8837.88,269.756,-151.168,0,0,0,2500,0,0,2500,0,2500,0
20230101T000007.900000,3,917,10055.3,5421.38,1440.94,0,0,0,2500,0,0,2500,0,2500,0
20230101T000007.900000,3,918,7607.95,2489.86,1739.59,0,0,0,2500,0,0,2500,0,2500,0
20230101T000007.900000,3,919,6039.31,1453.29,566.974,0,0,0,2500,0,0,2500,0,2500,0
20230101T000007.900000,3,920,1317.69,1120.76,-210.354,0,0,0,2500,0,0,2500,0,2500,0
20230101T000007.900000,3,921,2152.35,1515.94,173.438,0,0,0,2500,0,0,2500,0,2500,0
20230101T000007.900000,3,922,5460.06,5371.93,-647.994,0,0,0,2500,0,0,2500,0,2500,0
20230101T000008,6,993,495.972,-486.977,-64.2192,0,0,0,415.104,351.42,46.778,427.968,-45.9296,773.557,8.47014e+22
20230101T000008,6,994,3782.94,-1504.93,-40.2095,0,0,0,3681.18,9086.03,242.789,22906.2,-96.5864,26520.8,9.45621e+19
20230101T000008,6,995,3014.12,-1644.98,-764.099,0,0,0,5096.31,7514.62,3673.02,14764.2,-2004.59,18868.4,1.06284e+20
20230101T000008,6,996,3209.92,-1545.59,-450.592,0,0,0,4137.02,7786.38,2307.01,16558.8,-1110.83,20309,4.77233e+20
20230101T000008,6,997,7605.02,-2669.08,-904.781,0,0,0,12620.8,32048.4,11002.7,92688.7,-3861.54,103937,1.562e+20
20230101T000008,6,998,5669.29,-3039.58,-56.0181,0,0,0,14836.1,27542.9,507.641,51440.7,-272.171,66207.9,9.5869e+19
20230101T000008,6,999,10456.6,-89.5092,997.44,0,0,0,1667.94,1483.37,-16681.7,174945,142.796,174959,8.74875e+19
20230101T000008,6,1000,9815.88,279.189,-108.258,0,0,0,207.392,-4382.44,1699.53,154163,48.339,154287,1.73562e+20
20230101T000008,6,1001,3302.42,1892.09,192.787,0,0,0,5820.84,-9944.37,-1015.85,17480,-582.025,23177.7,1.39993e+20
20230101T000008,6,1002,7343.29,1957.74,-912.915,0,0,0,7436.27,-22654.4,10718.8,86370.9,2857.65,92411.5,2.4979e+20
20230101T000008,6,1003,5629.19,3229.53,-1500.3,0,0,0,19443.1,-27506.7,13500.5,51607.3,7745.41,67391.4,1.8799e+20
20230101T000008,6,1004,7144.56,7102.77,-1855.58,0,0,0,83520.8,-78408.4,21203.6,84440.7,21079.6,162393,1.02696e+20
20230101T000008,6,1005,8069.61,9330.93,-1006.93,0,0,0,140027,-119641,12997.5,105154,15029,243496,1.64233e+20
20230101T000008,6,1006,7218.92,5412.17,1.57158,0,0,0,46907.4,-62481.3,-18.1432,83403.6,-13.6023,130247,1.83447e+20
20230101T000008,6,1007,4729.35,4576.78,-1027.05,0,0,0,34418.9,-33757.7,7764.65,36633.2,7514.18,69303.4,2.04713e+20
20230101T000008,3,923,495.972,-486.977,-64.2192,0,0,0,2500,0,0,2500,0,2500,0
20230101T000008,3,924,3782.94,-1504.93,-40.2095,0,0,0,2500,0,0,2500,0,2500,0
20230101T000008,3,925,3014.12,-1644.98,-764.099,0,0,0,2500,0,0,2500,0,2500,0
20230101T000008,3,926,3209.92,-1545.59,-450.592,0,0,0,2500,0,0,2500,0,2500,0
20230101T000008,3,927,7605.02,-2669.08,-904.781,0,0,0,2500,0,0,2500,0,2500,0
20230101T000008,3,928,5669.29,-3039.58,-56.0181,0,0,0,2500,0,0,2500,0,2500,0
20230101T000008,3,929,10456.6,-89.5092,997.44,0,0,0,2500,0,0,2500,0,2500,0
20230101T000008,3,930,9815.88,279.189,-108.258,0,0,0,2500,0,0,2500,0,2500,0
20230101T000008,3,931,3302.42,1892.09,192.787,0,0,0,2500,0,0,2500,0,2500,0
20230101T000008,3,932,7343.29,1957.74,-912.915,0,0,0,2500,0,0,2500,0,2500,0
20230101T000008,3,933,5629.19,3229.53,-1500.3,0,0,0,2500,0,0,2500,0,2500,0
20230101T000008,3,934,7144.56,7102.77,-1855.58,0,0,0,2500,0,0,2500,0,2500,0
20230101T000008,3,935,8069.61,9330.93,-1006.93,0,0,0,2500,0,0,2500,0,2500,0
20230101T000008,3,936,7218.92,5412.17,1.57158,0,0,0,2500,0,0,2500,0,2500,0
20230101T000008,3,937,4729.35,4576.78,-1027.05,0,0,0,2500,0,0,2500,0,2500,0
20230101T000008.100000,6,1008,10994.4,-3193.94,60.3034,0,0,0,16386.4,56165.9,-1060.47,193407,308.075,209723,1.35085e+20
20230101T000008.100000,6,1009,3198.93,-1295.11,-101.037,0,0,0,2752.65,6600.79,515.399,16384.3,-208.663,19056.8,1.03168e+20
20230101T000008.100000,6,1010,11740.7,-4021.24,-630.214,0,0,0,26498.5,75324.9,11835.5,220622,-4053.74,246422,1.03794e+20
20230101T000008.100000,6,1011,430.826,-262.818,-14.3394,0,0,0,157.362,152.589,8.33328,314.411,-5.08356,407.547,1.47245e+20
20230101T000008.100000,6,1012,10039.3,-3367.82,2699.66,0,0,0,28683.2,50562.9,-43350.1,162447,14542.3,179413,1.78245e+20
20230101T000008.100000,6,1013,7829.74,-3060.45,-1729.68,0,0,0,19191.8,36696.1,21656.9,98730.3,-8465.14,113077,1.23438e+20
20230101T000008.100000,6,1014,2875.4,221.931,-610.026,0,0,0,731.587,-970.641,2793.59,13232.6,215.617,13310.2,1.0818e+20
20230101T000008.100000,6,1015,11559.6,1097.98,86.07,0,0,0,2004.07,-20300.3,-1591.42,213798,-151.16,215726,9.88167e+19
20230101T000008.100000,6,1016,5800.2,2978.31,-1192.91,0,0,0,16043.3,-26689.3,11060.5,54315.6,5679.39,68022.3,1.38997e+20
20230101T000008.100000,6,1017,6398.09,2663.04,-325.766,0,0,0,11546,-27178.5,3332.07,65531.5,1386.89,76843.9,1.67645e+20
20230101T000008.100000,6,1018,4565.55,1270.18,-51.7437,0,0,0,2644.73,-9260.86,377.308,33355.6,104.971,35932.1,2.26025e+20
20230101T000008.100000,6,1019,2201.98,1413.9,741.13,0,0,0,3862.79,-4554.89,-2597.01,8031.81,-1667.54,10961.3,2.33883e+20
20230101T000008.100000,6,1020,447.188,529.837,92.1594,0,0,0,480.979,-341.403,-60.5484,364.626,-71.739,770.239,8.32371e+23
20230101T000008.100000,4,933,5609.83,3205.86,-1482.84,-1.91661,-2.34335,1.72874,740.344,-971.559,452.239,1876.41,259.455,2317.74,0
20230101T000008.100000,3,938,10994.4,-3193.94,60.3034,0,0,0,2500,0,0,2500,0,2500,0
20230101T000008.100000,3,939,3198.93,-1295.11,-101.037,0,0,0,2500,0,0,2500,0,2500,0
20230101T000008.100000,3,940,11740.7,-4021.24,-630.214,0,0,0,2500,0,0,2500,0,2500,0
20230101T000008.100000,3,941,430.826,-262.818,-14.3394,0,0,0,2500,0,0,2500,0,2500,0
20230101T000008.100000,3,942,10039.3,-3367.82,2699.66,0,0,0,2500,0,0,2500,0,2500,0
20230101T000008.100000,3,943,7829.74,-3060.45,-1729.68,0,0,0,2500,0,0,2500,0,2500,0
20230101T000008.100000,3,944,2875.4,221.931,-610.026,0,0,0,2500,0,0,2500,0,2500,0
20230101T000008.100000,3,945,11559.6,1097.98,86.07,0,0,0,2500,0,0,2500,0,2500,0
20230101T000008.100000,3,946,6398.09,2663.04,-325.766,0,0,0,2500,0,0,2500,0,2500,0
20230101T000008.100000,3,947,4565.55,1270.18,-51.7437,0,0,0,2500,0,0,2500,0,2500,0
20230101T000008.100000,3,948,2201.98,1413.9,741.13,0,0,0,2500,0,0,2500,0,2500,0
20230101T000008.100000,3,949,447.188,529.837,92.1594,0,0,0,2500,0,0,2500,0,2500,0
20230101T000008.200000,6,1021,1808.1,-2522.27,-211.945,0,0,0,10225,7232.62,610.614,5320.29,-851.799,15410,1.76853e+20
20230101T000008.200000,6,1022,3356.79,-2324.71,193.968,0,0,0,8730.69,12427.7,-1039.29,18069.1,719.746,26675.9,9.89479e+19
20230101T000008.200000,6,1023,7599.48,-7153.87,2703.16,0,0,0,88114.8,81120.2,-32856.8,97924.3,30930.2,174292,2.13891e+20
20230101T000008.200000,6,1024,6248.27,-7468.93,583.318,0,0,0,89506.3,74369.3,-5829.11,62823.1,6967.89,151721,1.2509e+20
20230101T000008.200000,6,1025,2846.82,-384.559,-389.103,0,0,0,536.238,1711.16,1763.89,12972.5,-238.273,13204.8,1.52345e+20
20230101T000008.200000,6,1026,4728.3,923.266,-709.132,0,0,0,2199.25,-6821.64,5355.74,35802.8,1045.78,37136.2,2.32536e+20
20230101T000008.200000,6,1027,5356.53,2551.21,723.131,0,0,0,11147.3,-21515.8,-6190.62,46074.2,-2948.47,56322.7,1.47978e+20
20230101T000008.200000,6,1028,3113.72,3067.81,-610.169,0,0,0,15392.5,-14954.5,3033.59,15836.7,2988.86,30571.9,9.82914e+19
20230101T000008.200000,6,1029,6602.11,9557.63,-2531.15,0,0,0,149488,-96138.7,26729.9,76721.4,38695.9,215901,1.6266e+20
20230101T000008.200000,6,1030,531.823,445.922,88.2793,0,0,0,362.457,-342.295,-68.9796,483.684,-57.8379,771.709,3.56894e+24
20230101T000008.200000,6,1031,3758.42,3976.75,59.1935,0,0,0,25336.1,-23879.4,-355.483,22638,-376.133,47904.5,1.66922e+20
20230101T000008.200000,4,949,517.43,471.32,89.2049,6.9547,-5.79374,-0.292521,374.122,-255.241,-45.0781,287.134,-53.4094,588.21,0
20230101T000008.200000,3,950,1808.1,-2522.27,-211.945,0,0,0,2500,0,0,2500,0,2500,0
20230101T000008.200000,3,951,3356.79,-2324.71,193.968,0,0,0,2500,0,0,2500,0,2500,0
20230101T000008.200000,3,952,7599.48,-7153.87,2703.16,0,0,0,2500,0,0,2500,0,2500,0
20230101T000008.200000,3,953,6248.27,-7468.93,583.318,0,0,0,2500,0,0,2500,0,2500,0
20230101T000008.200000,3,954,2846.82,-384.559,-389.103,0,0,0,2500,0,0,2500,0,2500,0
20230101T000008.200000,3,955,4728.3,923.266,-709.132,0,0,0,2500,0,0,2500,0,2500,0
20230101T000008.200000,3,956,5356.53,2551.21,723.131,0,0,0,2500,0,0,2500,0,2500,0
20230101T000008.200000,3,957,3113.72,3067.81,-610.169,0,0,0,2500,0,0,2500,0,2500,0
20230101T000008.200000,3,958,6602.11,9557.63,-2531.15,0,0,0,2500,0,0,2500,0,2500,0
20230101T000008.200000,3,959,3758.42,3976.75,59.1935,0,0,0,2500,0,0,2500,0,2500,0
20230101T000008.300000,6,1032,2392.73,-1906.01,465.754,0,0,0,6063.19,7097.25,-1775.62,9319.24,1414.43,14974.3,2.64974e+20
20230101T000008.300000,6,1033,2638.69,-2071.89,-5.95954,0,0,0,6907.98,8716.21,25.0712,11164.7,-19.6858,18008.7,1.39468e+20
20230101T000008.300000,6,1034,3726.66,-3098.9,470.097,0,0,0,15611.6,18272.6,-2798.3,22391.2,2326.92,37586.4,9.08129e+19
20230101T000008.300000,6,1035,2248.79,116.998,-232.027,0,0,0,170.964,-413.212,828.331,8091.68,43.0958,8113.85,9.09384e+19
20230101T000008.300000,6,1036,8822.44,-697.377,-412.781,0,0,0,1112.53,9817.68,5823.8,124539,-460.347,125315,1.45725e+20
20230101T000008.300000,6,1037,6924.69,3026.41,-489.518,0,0,0,15030.1,-33367.1,5419.83,76793.8,2368.72,91377,1.42087e+20
20230101T000008.300000,6,1038,7525.59,3364.65,-1358.63,0,0,0,20626.7,-39389.9,16349.8,91117.5,7309.89,108730,1.31283e+20
20230101T000008.300000,6,1039,602.522,341.973,102.875,0,0,0,247.282,-295.524,-91.0881,600.235,-51.6988,769.346,3.37049e+24
20230101T000008.300000,6,1040,2933.34,2133.18,-391.677,0,0,0,7482.68,-9864.91,1832.75,13874,1332.81,21048.7,1.67904e+20
20230101T000008.300000,6,1041,7448.99,7549.26,1417.36,0,0,0,92802.8,-88336.6,-16886.7,90440.5,-17114,179967,1.42903e+20
20230101T000008.300000,6,1042,8800.19,8746.09,687.85,0,0,0,122804,-122737,-9682.62,124317,-9623.1,246300,1.78061e+20
20230101T000008.300000,3,960,2392.73,-1906.01,465.753,0,0,0,2500,0,0,2500,0,2500,0
20230101T000008.300000,3,961,2638.69,-2071.89,-5.95954,0,0,0,2500,0,0,2500,0,2500,0
20230101T000008.300000,3,962,3726.66,-3098.9,470.097,0,0,0,2500,0,0,2500,0,2500,0
20230101T000008.300000,3,963,2248.79,116.998,-232.027,0,0,0,2500,0,0,2500,0,2500,0
20230101T000008.300000,3,964,8822.44,-697.377,-412.781,0,0,0,2500,0,0,2500,0,2500,0
20230101T000008.300000,3,965,6924.69,3026.41,-489.518,0,0,0,2500,0,0,2500,0,2500,0
20230101T000008.300000,3,966,7525.59,3364.65,-1358.63,0,0,0,2500,0,0,2500,0,2500,0
20230101T000008.300000,3,967,602.522,341.973,102.875,0,0,0,2500,0,0,2500,0,2500,0
20230101T000008.300000,3,968,2933.34,2133.18,-391.677,0,0,0,2500,0,0,2500,0,2500,0
20230101T000008.300000,3,969,7448.99,7549.26,1417.36,0,0,0,2500,0,0,2500,0,2500,0
20230101T000008.300000,3,970,8800.19,8746.09,687.85,0,0,0,2500,0,0,2500,0,2500,0
20230101T000008.400000,6,1043,8571.11,-7478.54,-1983.77,0,0,0,93095.8,99409,27196.8,120291,-23730,207030,1.28449e+20
20230101T000008.400000,6,1044,4755.54,-5327.11,-1137.47,0,0,0,46350.7,39473.8,8648.24,37371,-9687.67,81590.7,1.34408e+20
20230101T000008.400000,6,1045,3672.7,-241.072,15.3572,0,0,0,157.085,1412.41,-89.9772,21582.2,5.90601,21674.9,9.46899e+19
20230101T000008.400000,6,1046,6205.03,824.117,1077.24,0,0,0,2972.28,-7931.43,-10684.3,61637.1,-1419.02,62692.3,2.25204e+20
20230101T000008.400000,6,1047,9676.49,-37.3542,-299.645,0,0,0,209.827,577.531,4637.24,149815,-17.9011,149818,5.39559e+20
20230101T000008.400000,6,1048,7717.39,2901.14,-2005.14,0,0,0,19155.9,-33684,24745.3,96096.9,9302.31,108763,1.2548e+20
20230101T000008.400000,6,1049,648.011,242.394,106.595,0,0,0,164.799,-224.839,-101.498,681.774,-37.9662,767.361,4.7553e+24
20230101T000008.400000,6,1050,1227.91,1792.2,206.849,0,0,0,5181.29,-3459.57,-402.975,2502.18,-588.162,7552.17,1.43266e+20
20230101T000008.400000,6,1051,6244.37,9063.03,1823.01,0,0,0,133153,-88035.3,-18207.8,66035.5,-26426.7,193811,2.36178e+20
20230101T000008.400000,6,1052,5539.44,6297.68,-19.7867,0,0,0,63485.4,-55784.9,175.272,49133.1,199.263,112554,9.31734e+19
20230101T000008.400000,6,1053,4272.48,6408.47,-879.206,0,0,0,66109.5,-43208.1,6006.23,30106.5,9008.98,94916.9,1.07932e+20
20230101T000008.400000,4,967,643.34,268.454,105.703,4.04143,-7.27915,0.280088,199.437,-221.027,-67.77,463.417,-38.4642,587.199,0
20230101T000008.400000,3,971,8571.11,-7478.54,-1983.77,0,0,0,2500,0,0,2500,0,2500,0
20230101T000008.400000,3,972,4755.54,-5327.11,-1137.47,0,0,0,2500,0,0,2500,0,2500,0
20230101T000008.400000,3,973,3672.7,-241.072,15.3572,0,0,0,2500,0,0,2500,0,2500,0
20230101T000008.400000,3,974,6205.03,824.117,1077.24,0,0,0,2500,0,0,2500,0,2500,0
20230101T000008.400000,3,975,9676.5,-37.3542,-299.645,0,0,0,2500,0,0,2500,0,2500,0
20230101T000008.400000,3,976,7717.39,2901.14,-2005.14,0,0,0,2500,0,0,2500,0,2500,0
20230101T000008.400000,3,977,1227.91,1792.2,206.849,0,0,0,2500,0,0,2500,0,2500,0
20230101T000008.400000,3,978,6244.37,9063.03,1823.01,0,0,0,2500,0,0,2500,0,2500,0
20230101T000008.400000,3,979,5539.44,6297.68,-19.7867,0,0,0,2500,0,0,2500,0,2500,0
20230101T000008.400000,3,980,4272.48,6408.47,-879.206,0,0,0,2500,0,0,2500,0,2500,0
20230101T000008.500000,6,1054,8218.38,-6279.61,-1224.83,0,0,0,64648.9,81384.7,16099.8,108975,-12301.8,171161,5.02903e+20
20230101T000008.500000,6,1055,4739.81,-6083.1,-937.228,0,0,0,59761.4,45420.4,7102.93,36859,-9115.96,95152.8,1.80135e+20
20230101T000008.500000,6,1056,1367.12,-364.467,-75.4023,0,0,0,280.616,779.087,161.649,2995.29,-43.0946,3203.17,1.75294e+20
20230101T000008.500000,6,1057,10860.3,-2417.92,813.075,0,0,0,10422.6,41777.1,-14123.9,188768,3144.5,198069,1.65335e+20
20230101T000008.500000,6,1058,3595.18,-2441.97,857.011,0,0,0,10387.4,13472.1,-4919.73,21071,3341.65,30224.1,2.34941e+20
20230101T000008.500000,6,1059,7225.79,-1173.19,916.428,0,0,0,3572.82,13341,-10587.3,83575.4,1718.97,85742.5,3.25861e+20
20230101T000008.500000,6,1060,685.871,97.22,97.7187,0,0,0,91.6155,-95.846,-98.4715,754.207,-13.958,769.042,7.62778e+23
20230101T000008.500000,6,1061,5296.19,176.656,1227.84,0,0,0,2520.06,-1414.57,-10390.5,44882.1,-346.579,44932.5,2.12548e+20
20230101T000008.500000,6,1062,1775.99,335.156,346.863,0,0,0,425.213,-906.044,-973.997,5055.34,-183.808,5228.6,1.24924e+20
20230101T000008.500000,6,1063,8598.97,2056.28,-182.218,0,0,0,6876.04,-28264.6,2505.74,118314,599.2,125073,2.16332e+20
20230101T000008.500000,6,1064,677.102,139.825,100.785,0,0,0,106.974,-135.85,-100.24,736.775,-20.7001,766.161,7.05991e+23
20230101T000008.500000,6,1065,3515.13,2370.28,-715.08,0,0,0,9594.38,-12922.9,4013.05,20045,2706.04,28760.8,1.65659e+20
20230101T000008.500000,3,981,8218.38,-6279.61,-1224.83,0,0,0,2500,0,0,2500,0,2500,0
20230101T000008.500000,3,982,4739.81,-6083.1,-937.228,0,0,0,2500,0,0,2500,0,2500,0
20230101T000008.500000,3,983,1367.12,-364.467,-75.4023,0,0,0,2500,0,0,2500,0,2500,0
20230101T000008.500000,3,984,10860.3,-2417.92,813.075,0,0,0,2500,0,0,2500,0,2500,0
20230101T000008.500000,3,985,3595.18,-2441.97,857.011,0,0,0,2500,0,0,2500,0,2500,0
20230101T000008.500000,3,986,7225.79,-1173.19,916.429,0,0,0,2500,0,0,2500,0,2500,0
20230101T000008.500000,3,987,685.871,97.22,97.7187,0,0,0,2500,0,0,2500,0,2500,0
20230101T000008.500000,3,988,5296.19,176.656,1227.84,0,0,0,2500,0,0,2500,0,2500,0
20230101T000008.500000,3,989,1775.99,335.156,346.863,0,0,0,2500,0,0,2500,0,2500,0
20230101T000008.500000,3,990,8598.97,2056.28,-182.218,0,0,0,2500,0,0,2500,0,2500,0
20230101T000008.500000,3,991,677.102,139.825,100.785,0,0,0,2500,0,0,2500,0,2500,0
20230101T000008.500000,3,992,3515.13,2370.28,-715.08,0,0,0,2500,0,0,2500,0,2500,0
20230101T000008.600000,6,1066,6667.97,-7722.41,1357.61,0,0,0,96703.4,80898.7,-14478.6,72864.4,16768.1,166557,8.09485e+19
20230101T000008.600000,6,1067,4784.42,-5761.21,-534.269,0,0,0,53318.9,43846.7,4086.96,36933.1,-4921.36,89731.9,1.01844e+20
20230101T000008.600000,6,1068,4805.17,-7028.49,-1316.76,0,0,0,79943,52715.3,10118.2,38876.5,-14799.8,115984,1.16462e+20
20230101T000008.600000,6,1069,3063.97,-4355.66,-38.1633,0,0,0,30376.8,21321.8,186.826,15065.1,-265.587,45375.5,9.20878e+19
20230101T000008.600000,6,1070,1447.88,-459.88,293.08,0,0,0,519.272,1007.91,-667.605,3372.4,212.048,3694.83,2.0502e+20
20230101T000008.600000,6,1071,7369.4,-3206.06,-176.384,0,0,0,16541.7,37761.1,2078.46,86911,-904.235,103339,6.15981e+20
20230101T000008.600000,6,1072,5496.34,-3526.83,39.1485,0,0,0,19948.7,30985.2,-343.954,48355,220.705,68237.2,1.37821e+20
20230101T000008.600000,6,1073,8195.98,-3445.84,-558.772,0,0,0,19476.8,44986.1,7323.8,107563,-3079.15,126477,1.17013e+20
20230101T000008.600000,6,1074,3345.98,120.612,514.699,0,0,0,509.03,-628.194,-2745.87,17913.6,-98.9796,17937.7,1.21971e+20
20230101T000008.600000,6,1075,692.167,18.1601,106.597,0,0,0,81.1709,-17.9959,-108.431,766.607,-2.84485,768.561,1.39795e+24
20230101T000008.600000,6,1076,9486.78,849.254,-222.094,0,0,0,1295.72,-12878,3369.64,143999,301.649,145152,7.95161e+19
20230101T000008.600000,6,1077,4822.41,519.245,908.581,0,0,0,1798.2,-3859.25,-6998.97,37224.9,-753.602,37642.6,2.00986e+20
20230101T000008.600000,6,1078,1420.88,1924.3,-97.9699,0,0,0,5952.66,-4336.85,221.171,3281.52,299.533,9155.04,1.46175e+20
20230101T000008.600000,6,1079,6186.88,4908.26,-144.756,0,0,0,38605.5,-48539.5,1432.03,61281.7,1136.08,99789.7,1.13918e+20
20230101T000008.600000,6,1080,5312.86,6594.46,75.6069,0,0,0,69607.9,-56021,-642.343,45206.7,-797.294,114741,2.26796e+20
20230101T000008.600000,4,979,5585.78,6362.76,-17.8367,8.91199,12.5167,0.374991,1460.02,-1229.28,3.86227,1143.75,4.39094,2541.28,0
20230101T000008.600000,4,987,694.415,36.9587,104.521,0.845969,-5.96649,0.67347,83.0232,-71.6871,-73.3038,578.603,-10.3906,587.263,0
20230101T000008.600000,3,993,6667.97,-7722.41,1357.61,0,0,0,2500,0,0,2500,0,2500,0
20230101T000008.600000,3,994,4784.42,-5761.21,-534.269,0,0,0,2500,0,0,2500,0,2500,0
20230101T000008.600000,3,995,4805.17,-7028.49,-1316.76,0,0,0,2500,0,0,2500,0,2500,0
20230101T000008.600000,3,996,3063.97,-4355.66,-38.1633,0,0,0,2500,0,0,2500,0,2500,0
20230101T000008.600000,3,997,1447.88,-459.88,293.08,0,0,0,2500,0,0,2500,0,2500,0
20230101T000008.600000,3,998,7369.4,-3206.06,-176.384,0,0,0,2500,0,0,2500,0,2500,0
20230101T000008.600000,3,999,5496.34,-3526.83,39.1485,0,0,0,2500,0,0,2500,0,2500,0
20230101T000008.600000,3,1000,8195.98,-3445.84,-558.772,0,0,0,2500,0,0,2500,0,2500,0
20230101T000008.600000,3,1001,3345.98,120.612,514.699,0,0,0,2500,0,0,2500,0,2500,0
20230101T000008.600000,3,1002,9486.78,849.254,-222.094,0,0,0,2500,0,0,2500,0,2500,0
20230101T000008.600000,3,1003,4822.41,519.245,908.581,0,0,0,2500,0,0,2500,0,2500,0
20230101T000008.600000,3,1004,1420.88,1924.3,-97.9699,0,0,0,2500,0,0,2500,0,2500,0
20230101T000008.600000,3,1005,6186.88,4908.26,-144.756,0,0,0,2500,0,0,2500,0,2500,0
20230101T000008.700000,6,1081,4455.85,-6126.02,842.52,0,0,0,60459.8,43104.2,-6002.49,32551.4,8252.38,91813,1.54449e+20
20230101T000008.700000,6,1082,11139.5,-4378.29,-169.862,0,0,0,30766.5,77997.4,3026.63,198555,-1189.6,229211,2.6273e+20
20230101T000008.700000,6,1083,5292.66,-2818.81,-740.949,0,0,0,13446.5,23479.8,6267.68,45027.7,-3338.09,57533.7,1.08402e+20
20230101T000008.700000,6,1084,683.729,-127.127,73.9085,0,0,0,95.4765,126.128,-74.2411,750.383,13.8038,774.549,1.52483e+24
20230101T000008.700000,6,1085,8410.41,215.578,-813.707,0,0,0,1196.42,-2872.19,10943.6,113177,280.51,113251,1.21168e+20
20230101T000008.700000,6,1086,5729.7,-573.948,-913.482,0,0,0,1910.73,5123.08,8364.51,52541.1,-837.878,53055.8,1.39544e+20
20230101T000008.700000,6,1087,4580.08,-907.44,-984.609,0,0,0,2869.01,6342.44,7202.66,33624.3,-1427.05,34883.6,1.67577e+20
20230101T000008.700000,6,1088,5007.13,940.25,170.937,0,0,0,1521.42,-7512.65,-1367.34,40117.9,-256.762,41528.8,2.00057e+20
20230101T000008.700000,6,1089,10368.5,4699.8,1055.77,0,0,0,36873.1,-77273.1,-17509.5,172323,-7936.65,207350,2.02681e+20
20230101T000008.700000,6,1090,5883.45,3225.31,1151.08,0,0,0,18322.1,-29441.7,-10826.4,55888.3,-5935.03,72030.1,1.74633e+20
20230101T000008.700000,6,1091,5483.96,2927.33,-1134.1,0,0,0,15360.6,-24804.8,9941,48588.2,5306.49,61831.1,1.0991e+20
20230101T000008.700000,6,1092,625.325,952.862,25.8191,0,0,0,1472.29,-923.526,-25.0375,671.107,-38.1517,2078.4,1.31589e+20
20230101T000008.700000,6,1093,1969.32,1855.04,278.737,0,0,0,5605.29,-5751.42,-873.526,6293.38,-822.835,11711.7,1.16353e+20
20230101T000008.700000,6,1094,4794.31,2958.19,-620.081,0,0,0,14492.8,-22388.8,4750.66,36963.8,2931.25,50778.9,9.08219e+19
20230101T000008.700000,3,1006,4455.85,-6126.02,842.52,0,0,0,2500,0,0,2500,0,2500,0
20230101T000008.700000,3,1007,11139.5,-4378.29,-169.862,0,0,0,2500,0,0,2500,0,2500,0
20230101T000008.700000,3,1008,5292.66,-2818.81,-740.949,0,0,0,2500,0,0,2500,0,2500,0
20230101T000008.700000,3,1009,683.729,-127.127,73.9084,0,0,0,2500,0,0,2500,0,2500,0
20230101T000008.700000,3,1010,8410.41,215.578,-813.707,0,0,0,2500,0,0,2500,0,2500,0
20230101T000008.700000,3,1011,5729.7,-573.948,-913.482,0,0,0,2500,0,0,2500,0,2500,0
20230101T000008.700000,3,1012,4580.08,-907.44,-984.609,0,0,0,2500,0,0,2500,0,2500,0
20230101T000008.700000,3,1013,5007.13,940.25,170.937,0,0,0,2500,0,0,2500,0,2500,0
20230101T000008.700000,3,1014,10368.5,4699.8,1055.77,0,0,0,2500,0,0,2500,0,2500,0
20230101T000008.700000,3,1015,5883.45,3225.31,1151.08,0,0,0,2500,0,0,2500,0,2500,0
20230101T000008.700000,3,1016,5483.96,2927.33,-1134.1,0,0,0,2500,0,0,2500,0,2500,0
20230101T000008.700000,3,1017,625.325,952.862,25.8191,0,0,0,2500,0,0,2500,0,2500,0
20230101T000008.700000,3,1018,1969.32,1855.04,278.737,0,0,0,2500,0,0,2500,0,2500,0
20230101T000008.700000,3,1019,4794.31,2958.19,-620.081,0,0,0,2500,0,0,2500,0,2500,0
20230101T000008.800000,6,1095,6550.24,-8827.39,-1206.24,0,0,0,125526,91370.1,12637.7,70191.2,-17031.1,193326,1.52074e+20
20230101T000008.800000,6,1096,5033.61,-3921.65,-498.401,0,0,0,24893.9,31360.6,4010.09,40713.8,-3124.23,65147,1.01663e+20
20230101T000008.800000,6,1097,9115.66,-5113.64,870.19,0,0,0,42808.8,74038.6,-12687.2,133258,7117.15,174792,9.1911e+19
20230101T000008.800000,6,1098,653.878,-233.09,88.7771,0,0,0,153.989,219.956,-85.2935,692.612,30.4049,772.05,5.74875e+23
20230101T000008.800000,6,1099,2940.33,-80.4784,-572.484,0,0,0,595.97,362.584,2681.27,13833.3,-73.3878,13845.5,1.54658e+20
20230101T000008.800000,6,1100,6982.3,654.63,-881.618,0,0,0,1980.88,-7191.88,9841.27,78015.4,922.675,78690.7,8.38645e+19
20230101T000008.800000,6,1101,6173.15,484.816,600.918,0,0,0,1013.31,-4738.5,-5929.16,60976.4,-465.654,61349.1,1.56018e+20
20230101T000008.800000,6,1102,4936.89,64.3981,-885.499,0,0,0,1322.99,-491.511,6983.45,38996.8,91.0941,39005.2,7.5452e+19
20230101T000008.800000,6,1103,5109.87,-341.819,-965.551,0,0,0,1733.49,2691.19,7882.51,41784.2,-527.292,41966.4,1.52768e+20
20230101T000008.800000,6,1104,9375.69,3930.28,-1609.31,0,0,0,28292.9,-57458.9,24132.3,141274,10116.2,165363,1.36701e+20
20230101T000008.800000,6,1105,8720.51,3689.92,1051.99,0,0,0,23340.2,-50826.6,-14671.7,121954,-6208.06,143461,1.48566e+20
20230101T000008.800000,6,1106,8271.78,8104.8,1941.39,0,0,0,108209,-104220,-25686.5,112460,-25168,214578,1.45404e+20
20230101T000008.800000,6,1107,6786.11,9111.4,392.183,0,0,0,132939,-98781,-4256.92,73881.4,-5715.58,206510,1.40058e+20
20230101T000008.800000,6,1108,4125.21,3937.35,-1213.79,0,0,0,26070,-24779.9,8001.96,28380.7,7637.57,52034.9,1.63617e+20
20230101T000008.800000,4,1009,667.564,-209.991,85.2758,-1.60053,-8.20442,1.12548,85.8998,94.1578,-55.2746,574.803,10.2773,591.442,0
20230101T000008.800000,3,1020,6550.24,-8827.39,-1206.24,0,0,0,2500,0,0,2500,0,2500,0
20230101T000008.800000,3,1021,5033.61,-3921.65,-498.401,0,0,0,2500,0,0,2500,0,2500,0
20230101T000008.800000,3,1022,9115.66,-5113.64,870.19,0,0,0,2500,0,0,2500,0,2500,0
20230101T000008.800000,3,1023,2940.33,-80.4784,-572.484,0,0,0,2500,0,0,2500,0,2500,0
20230101T000008.800000,3,1024,6982.3,654.63,-881.618,0,0,0,2500,0,0,2500,0,2500,0
20230101T000008.800000,3,1025,6173.15,484.816,600.918,0,0,0,2500,0,0,2500,0,2500,0
20230101T000008.800000,3,1026,4936.89,64.3981,-885.499,0,0,0,2500,0,0,2500,0,2500,0
20230101T000008.800000,3,1027,5109.87,-341.819,-965.551,0,0,0,2500,0,0,2500,0,2500,0
20230101T000008.800000,3,1028,9375.69,3930.28,-1609.31,0,0,0,2500,0,0,2500,0,2500,0
20230101T000008.800000,3,1029,8720.51,3689.92,1051.99,0,0,0,2500,0,0,2500,0,2500,0
20230101T000008.800000,3,1030,8271.78,8104.8,1941.39,0,0,0,2500,0,0,2500,0,2500,0
20230101T000008.800000,3,1031,6786.11,9111.4,392.183,0,0,0,2500,0,0,2500,0,2500,0
20230101T000008.800000,3,1032,4125.21,3937.35,-1213.79,0,0,0,2500,0,0,2500,0,2500,0
20230101T000008.900000,6,1109,1983.06,-2264.05,138.467,0,0,0,8242.53,7136.73,-437.405,6345.51,499.384,14493.6,1.53114e+20
20230101T000008.900000,6,1110,2091.23,-2464.44,238.27,0,0,0,9782.24,8169.74,-794.207,7087.02,935.945,16715.1,1.7818e+20
20230101T000008.900000,6,1111,4122.82,-4269.28,-552.425,0,0,0,29429.1,27886.7,3639.98,27481.8,-3769.28,56359.6,1.28602e+20
20230101T000008.900000,6,1112,1863.09,-838.33,322.574,0,0,0,1314.86,2413.34,-952.583,5592.3,428.632,6679.78,2.26406e+20
20230101T000008.900000,6,1113,10870.8,-5453.23,1132.03,0,0,0,49269.3,94002.5,-19684.5,189504,9874.52,236660,1.62841e+20
20230101T000008.900000,6,1114,8884.96,-5508.46,184.186,0,0,0,48634.5,78255,-2617.42,126341,1622.74,174857,1.45284e+20
20230101T000008.900000,6,1115,618.018,-284.926,165.189,0,0,0,215.744,242.163,-150.02,629.361,69.1643,744.567,2.20273e+21
20230101T000008.900000,6,1116,8864,1358.97,-2133.5,0,0,0,10129.7,-18173.4,30243.9,125881,4636.78,128671,1.78173e+20
20230101T000008.900000,6,1117,1133.14,599.439,-109.488,0,0,0,639.553,-1052.61,193.708,2072.5,102.473,2629.8,1.30096e+20
20230101T000008.900000,6,1118,919.428,320.66,196.883,0,0,0,274.63,-433.315,-277.893,1365.95,-96.9181,1519.59,1.28851e+20
20230101T000008.900000,6,1119,6154,1754.57,-121.586,0,0,0,5006.67,-17253.1,1196.01,60601.4,340.996,65520.4,2.31532e+20
20230101T000008.900000,6,1120,4232.74,6048.19,-1275.41,0,0,0,59405.1,-39708.9,8631.38,30454.5,12333.4,87196.6,1.73274e+20
20230101T000008.900000,6,1121,3991.74,4634.2,829.792,0,0,0,34857.3,-29021.8,-5294.14,26162.9,-6146.22,59856.9,1.12381e+20
20230101T000008.900000,4,1022,9085.57,-5104.22,857.88,-2.97945,0.932159,-1.21886,655.973,1028.3,-175.004,1912.19,98.1727,2472.58,0
20230101T000008.900000,3,1033,1983.06,-2264.05,138.467,0,0,0,2500,0,0,2500,0,2500,0
20230101T000008.900000,3,1034,2091.23,-2464.44,238.27,0,0,0,2500,0,0,2500,0,2500,0
20230101T000008.900000,3,1035,4122.82,-4269.28,-552.425,0,0,0,2500,0,0,2500,0,2500,0
20230101T000008.900000,3,1036,1863.09,-838.33,322.574,0,0,0,2500,0,0,2500,0,2500,0
20230101T000008.900000,3,1037,10870.8,-5453.23,1132.03,0,0,0,2500,0,0,2500,0,2500,0
20230101T000008.900000,3,1038,618.018,-284.926,165.189,0,0,0,2500,0,0,2500,0,2500,0
20230101T000008.900000,3,1039,8864,1358.97,-2133.5,0,0,0,2500,0,0,2500,0,2500,0
20230101T000008.900000,3,1040,1133.14,599.439,-109.488,0,0,0,2500,0,0,2500,0,2500,0
20230101T000008.900000,3,1041,919.428,320.66,196.883,0,0,0,2500,0,0,2500,0,2500,0
20230101T000008.900000,3,1042,6154,1754.57,-121.586,0,0,0,2500,0,0,2500,0,2500,0
20230101T000008.900000,3,1043,4232.74,6048.19,-1275.41,0,0,0,2500,0,0,2500,0,2500,0
20230101T000008.900000,3,1044,3991.74,4634.2,829.792,0,0,0,2500,0,0,2500,0,2500,0
20230101T000009,6,1122,522.366,-457.562,82.6333,0,0,0,376.872,345.731,-63.4151,468.728,55.5479,772.461,2.89276e+23
20230101T000009,6,1123,4323.07,-1334.36,169.902,0,0,0,2949.36,9198.64,-1172.9,29911.8,362.029,32751.2,1.41346e+20
20230101T000009,6,1124,5300.37,-1806.16,461.795,0,0,0,5582.22,15193.7,-3911.33,44992.4,1332.83,50170.3,2.75637e+20
20230101T000009,6,1125,2322.88,-314.397,-72.4385,0,0,0,229.187,1158.88,267.268,8634.57,-36.1742,8791.48,1.31957e+20
20230101T000009,6,1126,10162.1,601.173,-800.559,0,0,0,1663.5,-9710.5,13011.6,165234,769.744,165808,1.17139e+20
20230101T000009,6,1127,6293.75,23.3472,46.9748,0,0,0,68.3983,-234.855,-472.558,63378,-1.75299,63378.9,5.33442e+20
20230101T000009,6,1128,2458.28,1260.52,631.016,0,0,0,3094.86,-4674.55,-2469.58,9814.3,-1266.31,12214.4,1.99867e+20
20230101T000009,6,1129,3276.39,607.579,-510.958,0,0,0,1054.93,-3098.97,2669.13,17191.6,494.968,17767.7,1.49747e+20
20230101T000009,6,1130,5296.2,2861.46,-518.97,0,0,0,13483.4,-24041,4392.89,44991.3,2373.41,57980.7,1.29823e+20
20230101T000009,6,1131,8008.31,3921.22,657.701,0,0,0,25211.1,-49945.2,-8423.1,102759,-4124.31,127215,9.56447e+19
20230101T000009,6,1132,4263.81,4032.01,-1438.66,0,0,0,27791.6,-25823.4,9803.96,30680,9270.97,55103.2,1.322e+20
20230101T000009,6,1133,6694.05,6652.73,394.232,0,0,0,70971.3,-71097.6,-4220.52,71851.8,-4194.47,142511,1.22301e+20
20230101T000009,3,1045,522.366,-457.562,82.6333,0,0,0,2500,0,0,2500,0,2500,0
20230101T000009,3,1046,4323.07,-1334.36,169.902,0,0,0,2500,0,0,2500,0,2500,0
20230101T000009,3,1047,5300.37,-1806.16,461.795,0,0,0,2500,0,0,2500,0,2500,0
20230101T000009,3,1048,2322.88,-314.397,-72.4385,0,0,0,2500,0,0,2500,0,2500,0
20230101T000009,3,1049,10162.1,601.173,-800.559,0,0,0,2500,0,0,2500,0,2500,0
20230101T000009,3,1050,6293.75,23.3472,46.9748,0,0,0,2500,0,0,2500,0,2500,0
20230101T000009,3,1051,2458.28,1260.52,631.016,0,0,0,2500,0,0,2500,0,2500,0
20230101T000009,3,1052,3276.39,607.579,-510.958,0,0,0,2500,0,0,2500,0,2500,0
20230101T000009,3,1053,5296.2,2861.46,-518.97,0,0,0,2500,0,0,2500,0,2500,0
20230101T000009,3,1054,8008.31,3921.22,657.701,0,0,0,2500,0,0,2500,0,2500,0
20230101T000009,3,1055,4263.81,4032.01,-1438.66,0,0,0,2500,0,0,2500,0,2500,0
20230101T000009,3,1056,6694.05,6652.73,394.232,0,0,0,2500,0,0,2500,0,2500,0
20230101T000009.100000,6,1134,1623.53,-2222.42,18.4928,0,0,0,7925.08,5742.32,-47.7841,4259.46,65.4106,12120,2.24844e+20
20230101T000009.100000,6,1135,1169.79,-1140.75,189.54,0,0,0,2143.92,2074.81,-349.512,2248.27,340.833,4272.41,1.36732e+20
20230101T000009.100000,6,1136,3377.73,-2720.82,-310.257,0,0,0,11976.6,14598,1673.2,18340.2,-1347.79,30099.5,1.28989e+20
20230101T000009.100000,6,1137,11209.4,-2015.81,-499.519,0,0,0,6950.17,36073,8956.16,201057,-1610.6,207544,1.40369e+20
20230101T000009.100000,6,1138,11266.2,-1430.44,-995.027,0,0,0,4895.36,25579.2,17930.8,203111,-2276.62,206359,1.50267e+20
20230101T000009.100000,6,1139,8394.89,-215.276,-1214.35,0,0,0,2494.7,2829.47,16301.9,112760,-418.041,112834,1.26557e+20
20230101T000009.100000,6,1140,9819.35,-172.611,976.621,0,0,0,1636.62,2683.95,-15337.4,154272,269.61,154320,8.35835e+19
20230101T000009.100000,6,1141,11769.5,3299.18,-1176.2,0,0,0,19526.4,-61535.8,22143.4,221800,6207.15,239050,2.40222e+20
20230101T000009.100000,6,1142,293.526,97.5508,-8.68334,0,0,0,72.9234,-26.6387,2.37442,144.225,0.789117,153.129,1.92124e+20
20230101T000009.100000,6,1143,785.612,544.924,-95.6481,0,0,0,527.773,-648.428,115.019,1012.84,79.7806,1463.24,1.80577e+20
20230101T000009.100000,6,1144,1576.78,1963.24,-178.072,0,0,0,6211.76,-4897.08,446.426,4047.5,555.844,10145.2,9.16141e+19
20230101T000009.100000,6,1145,8459.45,6190.58,2848.48,0,0,0,69810.5,-77574.9,-38541.4,119048,-28204.4,175821,2.95637e+20
20230101T000009.100000,6,1146,8422.72,8252.48,364.6,0,0,0,109107,-111075,-4912.07,113643,-4812.79,222473,3.83135e+20
20230101T000009.100000,6,1147,564.018,681.657,-177.747,0,0,0,788.995,-560.104,152.525,575.509,184.338,1254.92,6.18648e+23
20230101T000009.100000,6,1148,3512.25,3198.62,-218.631,0,0,0,16446.6,-17905.1,1226.44,19801,1116.93,36107.4,1.43197e+20
20230101T000009.100000,3,1057,1623.53,-2222.42,18.4928,0,0,0,2500,0,0,2500,0,2500,0
20230101T000009.100000,3,1058,1169.79,-1140.75,189.54,0,0,0,2500,0,0,2500,0,2500,0
20230101T000009.100000,3,1059,3377.73,-2720.82,-310.257,0,0,0,2500,0,0,2500,0,2500,0
20230101T000009.100000,3,1060,11209.4,-2015.81,-499.519,0,0,0,2500,0,0,2500,0,2500,0
20230101T000009.100000,3,1061,11266.2,-1430.44,-995.027,0,0,0,2500,0,0,2500,0,2500,0
20230101T000009.100000,3,1062,8394.89,-215.276,-1214.35,0,0,0,2500,0,0,2500,0,2500,0
20230101T000009.100000,3,1063,9819.35,-172.611,976.621,0,0,0,2500,0,0,2500,0,2500,0
20230101T000009.100000,3,1064,11769.5,3299.18,-1176.2,0,0,0,2500,0,0,2500,0,2500,0
20230101T000009.100000,3,1065,293.526,97.5508,-8.68334,0,0,0,2500,0,0,2500,0,2500,0
20230101T000009.100000,3,1066,785.612,544.924,-95.6481,0,0,0,2500,0,0,2500,0,2500,0
20230101T000009.100000,3,1067,1576.78,1963.24,-178.072,0,0,0,2500,0,0,2500,0,2500,0
20230101T000009.100000,3,1068,8459.46,6190.58,2848.48,0,0,0,2500,0,0,2500,0,2500,0
20230101T000009.100000,3,1069,8422.73,8252.48,364.6,0,0,0,2500,0,0,2500,0,2500,0
20230101T000009.100000,3,1070,564.018,681.657,-177.747,0,0,0,2500,0,0,2500,0,2500,0
20230101T000009.100000,3,1071,3512.25,3198.62,-218.631,0,0,0,2500,0,0,2500,0,2500,0
20230101T000009.200000,6,1149,287.218,-370.219,-59.2019,0,0,0,245.075,136.909,22.3275,174.817,-28.7797,352.296,1.05345e+20
20230101T000009.200000,6,1150,4411.34,-3441.75,902.9,0,0,0,19802.6,23629.5,-6364.86,31653.1,4965.9,50090.6,2.05333e+20
20230101T000009.200000,6,1151,4312.9,-4634.56,-511.578,0,0,0,34590.5,31740.9,3526.72,30020.3,-3789.74,64128.9,1.39459e+20
20230101T000009.200000,6,1152,2375.23,-630.562,-411.733,0,0,0,947.71,2313.66,1554.66,9048.69,-412.722,9664.66,1.94773e+20
20230101T000009.200000,6,1153,8666.07,-3965.94,-1752.06,0,0,0,29278.1,53108.7,24283.2,121023,-11113,145329,2.22556e+20
20230101T000009.200000,6,1154,177.426,18.9131,-15.9863,0,0,0,63.7537,1.36586,-1.11806,51.086,-0.119182,51.45,1.03259e+20
20230101T000009.200000,6,1155,9145.22,-454.765,1314.87,0,0,0,3152.83,6513.95,-19230.6,133823,956.281,134148,1.38425e+20
20230101T000009.200000,6,1156,5053.41,-972.202,-54.9654,0,0,0,1578.65,7847.93,443.75,40861.6,-85.3709,42371.4,2.95498e+20
20230101T000009.200000,6,1157,2600.55,1237.75,-120.96,0,0,0,2522.43,-5116.26,500.876,10836.7,238.397,13271.9,2.19718e+20
20230101T000009.200000,6,1158,5894.88,1333.48,-756.295,0,0,0,3775.64,-12366.6,7125.54,55647,1611.87,58445.5,8.09476e+19
20230101T000009.200000,6,1159,6204.67,3527.43,-418.713,0,0,0,20168.6,-34870.6,4153.51,61680.8,2361.32,81505.4,1.31802e+20
20230101T000009.200000,6,1160,6466.82,2999.11,1112.36,0,0,0,16072.2,-30252.1,-11500.7,67273.1,-5333.66,81304.6,1.58134e+20
20230101T000009.200000,6,1161,4396.56,1815.46,-1185.22,0,0,0,7245.08,-11956.7,8323.56,31263.8,3437.01,36204.8,1.20827e+20
20230101T000009.200000,6,1162,8979.24,8080.36,1299.05,0,0,0,105994,-114715,-18658.1,130239,-16790.3,233471,1.47876e+20
20230101T000009.200000,6,1163,651.947,600.777,-150.488,0,0,0,630.729,-577.622,149.211,725.262,137.5,1259.34,4.61616e+22
20230101T000009.200000,6,1164,5903.46,5734.27,-1616.74,0,0,0,54794.6,-52042.2,15262.3,57821.5,14824.9,108375,1.97441e+20
20230101T000009.200000,4,1065,192.259,-2.07325,-22.9907,-10.0265,-9.86378,-1.41657,70.6233,-24.4952,2.18326,136.188,0.725587,144.371,0
20230101T000009.200000,4,1070,625.828,631.136,-159.556,6.1198,-5.00216,1.80106,534.887,-365.345,98.1211,395.635,118.587,828.548,0
20230101T000009.200000,3,1072,287.218,-370.219,-59.2019,0,0,0,2500,0,0,2500,0,2500,0
20230101T000009.200000,3,1073,4411.34,-3441.75,902.9,0,0,0,2500,0,0,2500,0,2500,0
20230101T000009.200000,3,1074,4312.9,-4634.56,-511.578,0,0,0,2500,0,0,2500,0,2500,0
20230101T000009.200000,3,1075,2375.23,-630.562,-411.733,0,0,0,2500,0,0,2500,0,2500,0
20230101T000009.200000,3,1076,8666.07,-3965.94,-1752.06,0,0,0,2500,0,0,2500,0,2500,0
20230101T000009.200000,3,1077,9145.22,-454.765,1314.87,0,0,0,2500,0,0,2500,0,2500,0
20230101T000009.200000,3,1078,5053.41,-972.202,-54.9654,0,0,0,2500,0,0,2500,0,2500,0
20230101T000009.200000,3,1079,2600.55,1237.75,-120.96,0,0,0,2500,0,0,2500,0,2500,0
20230101T000009.200000,3,1080,5894.88,1333.48,-756.295,0,0,0,2500,0,0,2500,0,2500,0
20230101T000009.200000,3,1081,6204.67,3527.43,-418.713,0,0,0,2500,0,0,2500,0,2500,0
20230101T000009.200000,3,1082,6466.82,2999.11,1112.36,0,0,0,2500,0,0,2500,0,2500,0
20230101T000009.200000,3,1083,4396.56,1815.46,-1185.22,0,0,0,2500,0,0,2500,0,2500,0
20230101T000009.200000,3,1084,8979.24,8080.36,1299.05,0,0,0,2500,0,0,2500,0,2500,0
20230101T000009.200000,3,1085,5903.46,5734.27,-1616.74,0,0,0,2500,0,0,2500,0,2500,0
20230101T000009.300000,6,1165,8181.48,-5489.58,-100.133,0,0,0,48272,71823.5,1310.23,107123,-879.136,155315,1.79666e+20
20230101T000009.300000,6,1166,1080.37,-605.694,196.23,0,0,0,681.363,994.086,-330.574,1897.18,185.331,2456.07,2.0246e+20
20230101T000009.300000,6,1167,10245.9,-5237.85,2496.52,0,0,0,51850.6,81799.5,-40914.5,170043,20916.2,211863,1.26038e+20
20230101T000009.300000,6,1168,7111.94,-1540.26,-720.618,0,0,0,4650.03,17341.8,8193.85,80967.5,-1774.58,84723.9,1.55443e+20
20230101T000009.300000,6,1169,10953.9,307.581,-874.19,0,0,0,1436.68,-5354.65,15316.2,191982,430.072,192133,2.53085e+20
20230101T000009.300000,6,1170,4304.73,485.852,-10.1467,0,0,0,441.04,-3339.19,69.7371,29649.9,7.87085,30026.8,1.7624e+20
20230101T000009.300000,6,1171,4155.58,1219.51,-104.025,0,0,0,2454.37,-8086.48,690.178,27636.5,202.542,30009.7,1.76017e+20
20230101T000009.300000,6,1172,8111.3,1897.45,-1524.99,0,0,0,9347.08,-23786.2,19780.4,105465,4627.15,111032,1.62535e+20
20230101T000009.300000,6,1173,8029.21,3284.39,-307.449,0,0,0,17443.8,-42118.2,3947.62,103180,1614.79,120409,2.65966e+20
20230101T000009.300000,6,1174,729.11,498.302,-185.814,0,0,0,476.717,-527.022,206.12,887.663,140.87,1250.56,1.12813e+23
20230101T000009.300000,6,1175,7617.58,8213.46,-2364.79,0,0,0,112103,-95615,28813.6,97687,31067.6,200784,1.83383e+20
20230101T000009.300000,6,1176,8334.06,5778.6,-870.679,0,0,0,54289.6,-76457,11605.6,111545,8046.98,164558,1.16636e+20
20230101T000009.300000,6,1177,766.44,454.136,-150.504,0,0,0,402.863,-513.726,175.52,965.476,104,1271.65,1.04618e+23
20230101T000009.300000,6,1178,3703.33,4470.67,-540.201,0,0,0,32194.9,-26229.6,3197.1,22257.9,3859.55,53923,1.61583e+20
20230101T000009.300000,4,1066,761.391,474.855,-131.321,-4.65806,-13.4749,-6.86011,352.118,-405.029,71.5839,655.104,49.6527,933.302,0
20230101T000009.300000,3,1086,8181.48,-5489.58,-100.133,0,0,0,2500,0,0,2500,0,2500,0
20230101T000009.300000,3,1087,1080.37,-605.694,196.23,0,0,0,2500,0,0,2500,0,2500,0
20230101T000009.300000,3,1088,10245.9,-5237.85,2496.52,0,0,0,2500,0,0,2500,0,2500,0
20230101T000009.300000,3,1089,7111.94,-1540.26,-720.618,0,0,0,2500,0,0,2500,0,2500,0
20230101T000009.300000,3,1090,10953.9,307.581,-874.19,0,0,0,2500,0,0,2500,0,2500,0
20230101T000009.300000,3,1091,4304.73,485.852,-10.1467,0,0,0,2500,0,0,2500,0,2500,0
20230101T000009.300000,3,1092,4155.58,1219.51,-104.025,0,0,0,2500,0,0,2500,0,2500,0
20230101T000009.300000,3,1093,8111.3,1897.45,-1524.99,0,0,0,2500,0,0,2500,0,2500,0
20230101T000009.300000,3,1094,8029.21,3284.39,-307.449,0,0,0,2500,0,0,2500,0,2500,0
20230101T000009.300000,3,1095,729.11,498.302,-185.814,0,0,0,2500,0,0,2500,0,2500,0
20230101T000009.300000,3,1096,7617.58,8213.46,-2364.79,0,0,0,2500,0,0,2500,0,2500,0
20230101T000009.300000,3,1097,8334.06,5778.6,-870.679,0,0,0,2500,0,0,2500,0,2500,0
20230101T000009.300000,3,1098,3703.33,4470.67,-540.201,0,0,0,2500,0,0,2500,0,2500,0
20230101T000009.400000,6,1179,2865.32,-2059.87,-517.442,0,0,0,7112.61,9210.75,2364.76,13303.4,-1700.01,19926.3,1.71753e+20
20230101T000009.400000,6,1180,5869.47,-6931.1,1475.92,0,0,0,78345.8,63341.4,-13854,57187.2,16359.8,131987,1.49916e+20
20230101T000009.400000,6,1181,6616.34,-4860.94,1633.67,0,0,0,40619.3,49391.8,-17284.4,71560,12698.7,107850,2.52591e+20
20230101T000009.400000,6,1182,6540.46,-5396.89,-302.02,0,0,0,46727.1,56374,3158.8,68529.2,-2606.5,115046,7.7319e+19
20230101T000009.400000,6,1183,2850.43,-1910.75,608.863,0,0,0,6293.58,8411.29,-2767.69,13203.1,1855.28,18843.4,1.26297e+20
20230101T000009.400000,6,1184,3043.14,-1659.34,-840.685,0,0,0,5323.69,7578.69,4080.44,15090.1,-2224.95,19226.1,1.76067e+20
20230101T000009.400000,6,1185,9738.25,-6123.61,-1322.44,0,0,0,62048.3,94123.8,20599,152545,-12953.1,211732,1.84813e+20
20230101T000009.400000,6,1186,10351.2,-6186,470.512,0,0,0,61534.6,102268,-7790.42,171545,4655.66,232661,1.62561e+20
20230101T000009.400000,6,1187,7067.03,-1735.94,-198.921,0,0,0,4941.6,19599.2,2247.56,79916,-552.088,84730.4,1.23038e+20
20230101T000009.400000,6,1188,2561.04,945.416,182.228,0,0,0,1532.93,-3836.03,-742.72,10508.3,-274.177,11924.7,1.39892e+20
20230101T000009.400000,6,1189,4287.12,1273.3,705.393,0,0,0,3383.03,-8499.71,-4829.13,29476.7,-1434.27,32002.7,1.86085e+20
20230101T000009.400000,6,1190,4345.45,1293.28,-732.727,0,0,0,3522.52,-8739.89,5084.79,30287.7,1513.31,32890.5,1.20436e+20
20230101T000009.400000,6,1191,814.366,328.128,-203.929,0,0,0,281.757,-383.43,252.635,1078.88,101.793,1236.65,1.24851e+23
20230101T000009.400000,6,1192,1192.41,1121.37,-162.31,0,0,0,2067.94,-2086.74,305.085,2324.47,286.909,4287.51,1.06137e+20
20230101T000009.400000,6,1193,6981.38,8025.92,-538.049,0,0,0,103292,-89390.2,6008.01,78283.5,6906.91,181048,9.27685e+19
20230101T000009.400000,6,1194,5491.89,3756.37,1721.25,0,0,0,25846.8,-30770.5,-15111.8,49787.3,-10336.3,70837.8,2.37884e+20
20230101T000009.400000,6,1195,6960.74,6285.05,210.383,0,0,0,63277.2,-69930.8,-2342.02,77583.6,-2114.67,140726,1.32562e+20
20230101T000009.400000,4,1089,7081.25,-1539.56,-702.597,-3.03811,0.0693657,1.78424,191.647,489.518,229.09,2345.91,-49.6149,2429.4,0
20230101T000009.400000,3,1099,2865.32,-2059.87,-517.442,0,0,0,2500,0,0,2500,0,2500,0
20230101T000009.400000,3,1100,5869.47,-6931.1,1475.92,0,0,0,2500,0,0,2500,0,2500,0
20230101T000009.400000,3,1101,6616.34,-4860.94,1633.67,0,0,0,2500,0,0,2500,0,2500,0
20230101T000009.400000,3,1102,6540.46,-5396.89,-302.02,0,0,0,2500,0,0,2500,0,2500,0
20230101T000009.400000,3,1103,2850.43,-1910.75,608.863,0,0,0,2500,0,0,2500,0,2500,0
20230101T000009.400000,3,1104,3043.14,-1659.34,-840.685,0,0,0,2500,0,0,2500,0,2500,0
20230101T000009.400000,3,1105,9738.25,-6123.61,-1322.44,0,0,0,2500,0,0,2500,0,2500,0
20230101T000009.400000,3,1106,10351.2,-6186,470.512,0,0,0,2500,0,0,2500,0,2500,0
20230101T000009.400000,3,1107,2561.04,945.416,182.228,0,0,0,2500,0,0,2500,0,2500,0
20230101T000009.400000,3,1108,4287.12,1273.3,705.393,0,0,0,2500,0,0,2500,0,2500,0
20230101T000009.400000,3,1109,4345.45,1293.28,-732.727,0,0,0,2500,0,0,2500,0,2500,0
20230101T000009.400000,3,1110,814.366,328.128,-203.929,0,0,0,2500,0,0,2500,0,2500,0
20230101T000009.400000,3,1111,1192.41,1121.37,-162.31,0,0,0,2500,0,0,2500,0,2500,0
20230101T000009.400000,3,1112,6981.38,8025.92,-538.049,0,0,0,2500,0,0,2500,0,2500,0
20230101T000009.400000,3,1113,5491.89,3756.37,1721.25,0,0,0,2500,0,0,2500,0,2500,0
20230101T000009.400000,3,1114,6960.74,6285.05,210.383,0,0,0,2500,0,0,2500,0,2500,0
20230101T000009.500000,6,1196,2242.36,-3573.42,-639.67,0,0,0,20633.6,12497.7,2289.95,8559.69,-3649.26,28477.4,1.68102e+20
20230101T000009.500000,6,1197,447.313,-378.711,-15.2137,0,0,0,266.944,239.321,9.62141,347,-8.14583,549.66,9.1862e+19
20230101T000009.500000,6,1198,2373.02,-516.691,-626.171,0,0,0,1083.39,1818.9,2362.35,9041.07,-514.367,9441.09,1.4306e+20
20230101T000009.500000,6,1199,1743.97,-592.228,234.125,0,0,0,696.28,1606.64,-645.71,4881.86,219.274,5428.47,1.41161e+20
20230101T000009.500000,6,1200,3375.59,-2201.11,-453.04,0,0,0,8026.58,11708.9,2440.89,18348.2,-1591.62,25984,1.27057e+20
20230101T000009.500000,6,1201,3098.27,-525.334,66.6725,0,0,0,510.659,2592.49,-329.173,15360.8,55.8137,15800.4,1.60786e+20
20230101T000009.500000,6,1202,878.98,87.8029,-176.962,0,0,0,122.867,-112.442,236.608,1237.27,23.6352,1250.97,1.71527e+22
20230101T000009.500000,6,1203,10761.1,4696.01,-1248.86,0,0,0,37433.4,-79916.8,21496.4,185691,9380.76,220567,1.49093e+20
20230101T000009.500000,6,1204,10411.2,1985.83,-1975,0,0,0,12391.3,-31919.8,32888.1,173650,6273.08,179740,1.50342e+20
20230101T000009.500000,6,1205,11405.7,4088.58,99.0303,0,0,0,26817.1,-74587.7,-1806.72,208153,-647.653,234890,1.23538e+20
20230101T000009.500000,6,1206,1298.9,1231.56,-73.6943,0,0,0,2465.01,-2523.25,151.246,2733.81,143.405,5126.34,8.44548e+19
20230101T000009.500000,4,1072,426.514,-408.623,-31.8459,38.3384,-10.57,7.52922,219.246,118.496,19.2889,158.437,-24.863,311.592,0
20230101T000009.500000,4,1075,2389.26,-609.062,-460.034,3.86144,5.91748,-13.2939,251.303,497.571,326.975,1993.48,-86.8035,2081.74,0
20230101T000009.500000,3,1115,2242.36,-3573.42,-639.67,0,0,0,2500,0,0,2500,0,2500,0
20230101T000009.500000,3,1116,1743.97,-592.228,234.125,0,0,0,2500,0,0,2500,0,2500,0
20230101T000009.500000,3,1117,3375.59,-2201.11,-453.04,0,0,0,2500,0,0,2500,0,2500,0
20230101T000009.500000,3,1118,3098.27,-525.334,66.6725,0,0,0,2500,0,0,2500,0,2500,0
20230101T000009.500000,3,1119,878.98,87.8029,-176.962,0,0,0,2500,0,0,2500,0,2500,0
20230101T000009.500000,3,1120,10761.1,4696.01,-1248.86,0,0,0,2500,0,0,2500,0,2500,0
20230101T000009.500000,3,1121,10411.2,1985.83,-1975,0,0,0,2500,0,0,2500,0,2500,0
20230101T000009.500000,3,1122,11405.7,4088.58,99.0303,0,0,0,2500,0,0,2500,0,2500,0
20230101T000009.500000,3,1123,1298.9,1231.56,-73.6944,0,0,0,2500,0,0,2500,0,2500,0
20230101T000009.600000,6,1207,7731.83,-9021.98,-2202.41,0,0,0,133546,107745,27238.4,100160,-31783.4,225886,2.23061e+20
20230101T000009.600000,6,1208,3412.89,-3826.3,443.591,0,0,0,23592.5,20706,-2418.63,18847.2,2711.6,42061.9,8.92325e+19
20230101T000009.600000,6,1209,5843.3,-3079.64,860.362,0,0,0,16150.8,28277.9,-8036.5,54901.7,4235.54,69806.3,9.78911e+19
20230101T000009.600000,6,1210,9159.21,-1635.01,-2400.71,0,0,0,13272.1,22354.9,35166.6,134512,-6277.58,138507,1.97103e+20
20230101T000009.600000,6,1211,4032.1,827.177,187.836,0,0,0,1210.21,-5312.73,-1208.94,26017.4,-248.012,27107.4,3.31888e+20
20230101T000009.600000,6,1212,12188.9,1960.18,-1262.5,0,0,0,8695.42,-37818.3,24615.3,237778,3958.55,243860,1.58438e+20
20230101T000009.600000,6,1213,10739.5,-1112.61,1577.8,0,0,0,5983.43,18703.3,-27102.4,184580,2807.8,186519,1.34753e+20
20230101T000009.600000,6,1214,7832.87,-700.905,536.081,0,0,0,1305.39,8737.69,-6714.16,98170.3,600.8,98952.5,1.05254e+20
20230101T000009.600000,6,1215,7951.84,434.033,51.641,0,0,0,369.477,-5518.47,-656.612,101171,-35.8396,101472,1.26579e+20
20230101T000009.600000,6,1216,6076.58,-853.946,-803.506,0,0,0,2241.45,8151.49,7803.96,59101,-1096.69,60247.6,1.28004e+20
20230101T000009.600000,6,1217,877.943,-3.11881,-189.581,0,0,0,118.668,3.95951,253.102,1233.26,-0.899121,1236.12,1.41825e+23
20230101T000009.600000,6,1218,12181.8,2250.06,740.44,0,0,0,9010.34,-43687.4,-14428,237463,-2664.96,245533,1.45648e+20
20230101T000009.600000,6,1219,5559.35,3153.17,470.708,0,0,0,16224.4,-27867.9,-4182.86,49552.1,-2372.45,65358.6,5.07409e+20
20230101T000009.600000,6,1220,7066.3,7641.86,-1418.84,0,0,0,94950.3,-84762.6,16035.7,81662.4,17341.8,173330,1.92186e+20
20230101T000009.600000,6,1221,6570.15,4631.39,-331.336,0,0,0,34479.7,-48573.5,3480.93,69146.6,2453.76,103387,9.53934e+19
20230101T000009.600000,6,1222,6382.71,7289.33,160.938,0,0,0,85060.7,-74388.9,-1642.86,65242.1,-1876.21,150197,1.2351e+20
20230101T000009.600000,4,1119,880.709,26.723,-185.167,0.171231,-6.04752,-0.812383,100.431,-73.4197,152.386,828.089,15.2221,826.884,0
20230101T000009.600000,3,1124,7731.83,-9021.98,-2202.41,0,0,0,2500,0,0,2500,0,2500,0
20230101T000009.600000,3,1125,3412.89,-3826.3,443.591,0,0,0,2500,0,0,2500,0,2500,0
20230101T000009.600000,3,1126,5843.3,-3079.64,860.362,0,0,0,2500,0,0,2500,0,2500,0
20230101T000009.600000,3,1127,9159.21,-1635.01,-2400.71,0,0,0,2500,0,0,2500,0,2500,0
20230101T000009.600000,3,1128,4032.1,827.177,187.836,0,0,0,2500,0,0,2500,0,2500,0
20230101T000009.600000,3,1129,12188.9,1960.18,-1262.5,0,0,0,2500,0,0,2500,0,2500,0
20230101T000009.600000,3,1130,10739.5,-1112.61,1577.8,0,0,0,2500,0,0,2500,0,2500,0
20230101T000009.600000,3,1131,7832.87,-700.905,536.081,0,0,0,2500,0,0,2500,0,2500,0
20230101T000009.600000,3,1132,7951.84,434.033,51.641,0,0,0,2500,0,0,2500,0,2500,0
20230101T000009.600000,3,1133,6076.58,-853.946,-803.506,0,0,0,2500,0,0,2500,0,2500,0
20230101T000009.600000,3,1134,12181.8,2250.06,740.44,0,0,0,2500,0,0,2500,0,2500,0
20230101T000009.600000,3,1135,5559.35,3153.17,470.708,0,0,0,2500,0,0,2500,0,2500,0
20230101T000009.600000,3,1136,7066.3,7641.86,-1418.84,0,0,0,2500,0,0,2500,0,2500,0
20230101T000009.600000,3,1137,6570.15,4631.39,-331.336,0,0,0,2500,0,0,2500,0,2500,0
20230101T000009.600000,3,1138,6382.71,7289.33,160.938,0,0,0,2500,0,0,2500,0,2500,0
20230101T000009.700000,6,1223,6836.79,-8408.96,1269.24,0,0,0,114188,90691.9,-13879.3,76376.4,17071,187925,1.20571e+20
20230101T000009.700000,6,1224,4578.17,-5004.05,-585.242,0,0,0,40343.5,36350.4,4283.24,33868.3,-4681.68,73600.7,1.17339e+20
20230101T000009.700000,6,1225,7614.55,-4986.79,790.642,0,0,0,40533.3,60267.9,-9627.99,93089.4,6305.4,132560,1.01677e+20
20230101T000009.700000,6,1226,6328.5,-7007.06,274.965,0,0,0,78641.4,70858.8,-2782.94,64181.8,3081.33,142638,1.28261e+20
20230101T000009.700000,6,1227,869.403,-178.148,-150.012,0,0,0,145.049,228.496,198.37,1213.34,-40.6478,1261.93,1.75148e+22
20230101T000009.700000,6,1228,7277.22,-1703.67,-138.679,0,0,0,4733.84,19815.8,1613.56,84737.6,-377.752,89376.7,1.63247e+20
20230101T000009.700000,6,1229,8130.06,-3530.77,-465.538,0,0,0,20291.5,45778.5,6052.69,105822,-2628.59,125703,1.17325e+20
20230101T000009.700000,6,1230,8299.16,-3563.2,-648.672,0,0,0,20936.5,47047.4,8609.29,110316,-3696.36,130516,1.44792e+20
20230101T000009.700000,6,1231,5136.61,-1619.22,-478.027,0,0,0,4585.33,13184.6,3923.32,42254.3,-1236.76,46411,1.70966e+20
20230101T000009.700000,6,1232,3523.48,22.1893,435.355,0,0,0,367.065,-122.787,-2446.55,19863.9,-15.4073,19865.6,1.2698e+20
20230101T000009.700000,6,1233,1030.72,390.603,107.148,0,0,0,315.615,-617.07,-170.941,1710.09,-64.7798,1944.54,1.67565e+20
20230101T000009.700000,6,1234,10619.7,5593.76,2954.22,0,0,0,61042.5,-89263.9,-50183.6,183491,-26433.4,230513,1.68654e+20
20230101T000009.700000,6,1235,5514.09,2700.23,30.7759,0,0,0,11718.8,-23797,-271.233,48660.9,-132.822,60314.3,8.08117e+19
20230101T000009.700000,6,1236,7189.33,3878.78,612.409,0,0,0,24585.9,-44339.9,-7040.3,82848,-3798.37,106771,1.47787e+20
20230101T000009.700000,6,1237,5271.75,1495.01,-309.75,0,0,0,3777.21,-12553,2609.21,44482.3,739.943,48042.4,1.62858e+20
20230101T000009.700000,6,1238,3087.92,2249.63,-226.767,0,0,0,8192.77,-11045.2,1117.32,15307,813.997,23354,1.67329e+20
20230101T000009.700000,6,1239,3041.98,2374.09,-89.1509,0,0,0,9065.74,-11517.9,432.747,14834.9,337.734,23824,1.53679e+20
20230101T000009.700000,3,1139,6836.79,-8408.96,1269.24,0,0,0,2500,0,0,2500,0,2500,0
20230101T000009.700000,3,1140,4578.17,-5004.05,-585.242,0,0,0,2500,0,0,2500,0,2500,0
20230101T000009.700000,3,1141,7614.55,-4986.79,790.642,0,0,0,2500,0,0,2500,0,2500,0
20230101T000009.700000,3,1142,6328.5,-7007.06,274.965,0,0,0,2500,0,0,2500,0,2500,0
20230101T000009.700000,3,1143,869.403,-178.148,-150.012,0,0,0,2500,0,0,2500,0,2500,0
20230101T000009.700000,3,1144,7277.22,-1703.67,-138.679,0,0,0,2500,0,0,2500,0,2500,0
20230101T000009.700000,3,1145,8130.06,-3530.77,-465.538,0,0,0,2500,0,0,2500,0,2500,0
20230101T000009.700000,3,1146,8299.16,-3563.2,-648.672,0,0,0,2500,0,0,2500,0,2500,0
20230101T000009.700000,3,1147,5136.6,-1619.22,-478.027,0,0,0,2500,0,0,2500,0,2500,0
20230101T000009.700000,3,1148,3523.48,22.1893,435.355,0,0,0,2500,0,0,2500,0,2500,0
20230101T000009.700000,3,1149,1030.72,390.603,107.148,0,0,0,2500,0,0,2500,0,2500,0
20230101T000009.700000,3,1150,10619.7,5593.76,2954.22,0,0,0,2500,0,0,2500,0,2500,0
20230101T000009.700000,3,1151,5514.09,2700.23,30.7759,0,0,0,2500,0,0,2500,0,2500,0
20230101T000009.700000,3,1152,7189.33,3878.77,612.409,0,0,0,2500,0,0,2500,0,2500,0
20230101T000009.700000,3,1153,5271.75,1495.01,-309.75,0,0,0,2500,0,0,2500,0,2500,0
20230101T000009.700000,3,1154,3087.92,2249.63,-226.767,0,0,0,2500,0,0,2500,0,2500,0
20230101T000009.700000,3,1155,3041.98,2374.09,-89.1509,0,0,0,2500,0,0,2500,0,2500,0
20230101T000009.800000,6,1240,3033.48,-3504.14,-462.625,0,0,0,19820.3,16806.8,2241.24,14955.1,-2588.98,34370.2,1.20062e+20
20230101T000009.800000,6,1241,8761.65,-7384.11,1670.14,0,0,0,89886.3,101285,-23406.1,124706,19726.1,210068,9.15425e+19
20230101T000009.800000,6,1242,3647.51,-4267.73,-227.228,0,0,0,29203.4,24834.1,1324.42,21371.5,-1549.63,50428.5,1.39224e+20
20230101T000009.800000,6,1243,2522.23,-594.352,-495.894,0,0,0,996.457,2296.92,1989.71,10202.5,-468.867,10746.1,1.20788e+20
20230101T000009.800000,6,1244,3014.08,-1906.79,-16.9579,0,0,0,5863.42,9166.46,81.5228,14554,-51.5736,20352.9,1.15373e+20
20230101T000009.800000,6,1245,818.621,-341.09,-140.835,0,0,0,266.38,413.328,175.314,1086.15,-73.0469,1259.95,5.53372e+22
20230101T000009.800000,6,1246,5953.91,-3690.31,1727.52,0,0,0,25282.7,32989.7,-16444.2,58060.5,10192.3,78511.6,1.23995e+20
20230101T000009.800000,6,1247,1852.04,112.18,65.8625,0,0,0,90.736,-328.143,-192.903,5488.34,-11.6844,5508.3,1.20705e+20
20230101T000009.800000,6,1248,10641.3,-1182.08,-1119.1,0,0,0,4277.61,19899.2,19047.2,181203,-2115.85,183415,1.3348e+20
20230101T000009.800000,6,1249,11900.1,2323.02,-449.419,0,0,0,9007.11,-44157.9,8554.69,226595,1669.96,235215,1.02768e+20
20230101T000009.800000,6,1250,1118.34,243.878,163.962,0,0,0,196.09,-414.372,-284.608,2005.89,-62.0648,2097.54,1.44767e+20
20230101T000009.800000,6,1251,41.1241,26.0735,-4.01247,0,0,0,46.4479,27.0437,-4.15998,20.9398,-2.63751,4.22527,1.08032e+20
20230101T000009.800000,6,1252,6387.37,1637.15,161.595,0,0,0,4387.66,-16705.9,-1649.95,65284.2,-422.9,69566.1,1.81542e+20
20230101T000009.800000,6,1253,3304.84,3068.81,107.312,0,0,0,15112.4,-16186,-566.326,17513.3,-525.878,32543.4,1.29158e+20
20230101T000009.800000,6,1254,370.403,385.001,-58.445,0,0,0,270.188,-193.84,29.8403,255.198,31.0164,457.434,1.04204e+20
20230101T000009.800000,6,1255,7661.08,6037.62,144.73,0,0,0,58384.7,-73960.1,-1773.31,93944.9,-1397.53,152232,1.83322e+20
20230101T000009.800000,4,1143,845.49,-289.686,-143.829,-2.36761,-11.0433,0.612238,114.946,148.698,127.841,810.155,-26.1958,834.437,0
20230101T000009.800000,4,1149,1105.07,320.524,139.901,7.36136,-6.93855,3.24288,201.034,-340.046,-93.8102,969.482,-35.5504,1094.43,0
20230101T000009.800000,3,1156,3033.48,-3504.14,-462.625,0,0,0,2500,0,0,2500,0,2500,0
20230101T000009.800000,3,1157,8761.65,-7384.11,1670.14,0,0,0,2500,0,0,2500,0,2500,0
20230101T000009.800000,3,1158,3647.51,-4267.73,-227.228,0,0,0,2500,0,0,2500,0,2500,0
20230101T000009.800000,3,1159,2522.23,-594.352,-495.894,0,0,0,2500,0,0,2500,0,2500,0
20230101T000009.800000,3,1160,3014.08,-1906.79,-16.9579,0,0,0,2500,0,0,2500,0,2500,0
20230101T000009.800000,3,1161,5953.91,-3690.31,1727.52,0,0,0,2500,0,0,2500,0,2500,0
20230101T000009.800000,3,1162,1852.04,112.18,65.8625,0,0,0,2500,0,0,2500,0,2500,0
20230101T000009.800000,3,1163,10641.3,-1182.08,-1119.1,0,0,0,2500,0,0,2500,0,2500,0
20230101T000009.800000,3,1164,11900.1,2323.02,-449.419,0,0,0,2500,0,0,2500,0,2500,0
20230101T000009.800000,3,1165,41.1241,26.0735,-4.01247,0,0,0,2500,0,0,2500,0,2500,0
20230101T000009.800000,3,1166,6387.37,1637.15,161.595,0,0,0,2500,0,0,2500,0,2500,0
20230101T000009.800000,3,1167,3304.84,3068.81,107.312,0,0,0,2500,0,0,2500,0,2500,0
20230101T000009.800000,3,1168,370.403,385.001,-58.445,0,0,0,2500,0,0,2500,0,2500,0
20230101T000009.800000,3,1169,7661.08,6037.62,144.73,0,0,0,2500,0,0,2500,0,2500,0
20230101T000009.900000,6,1256,8485.06,-9095.91,-289.732,0,0,0,132469,123388,3932.41,115300,-4215.5,247571,1.56399e+20
20230101T000009.900000,6,1257,772.423,-448.08,-125.206,0,0,0,386.971,515.642,147.127,976.739,-85.3475,1277.1,3.04152e+21
20230101T000009.900000,6,1258,2157.95,-186.758,10.0777,0,0,0,119.49,639.311,-34.4988,7451.25,2.98568,7506.58,1.63354e+20
20230101T000009.900000,6,1259,2694.88,371.805,-595.874,0,0,0,838.605,-1517.97,2556.04,11631.6,352.65,11843.9,1.47393e+20
20230101T000009.900000,6,1260,10727.5,-1018.57,-686.978,0,0,0,2471.5,17405.6,11787.2,184134,-1119.19,185787,1.07506e+20
20230101T000009.900000,6,1261,5253.85,9.58304,-490.016,0,0,0,447.778,-79.7401,4113.23,44164.7,7.50255,44165.4,1.69665e+20
20230101T000009.900000,6,1262,9264.36,-2090.51,-1226.51,0,0,0,9342.59,30457.2,18172.6,137445,-4100.67,144319,1.25874e+20
20230101T000009.900000,6,1263,10752.9,3097.95,1468.65,0,0,0,18600.3,-52364,-25259.6,185268,-7277.4,200355,1.53165e+20
20230101T000009.900000,6,1264,11636.6,3855.67,335.508,0,0,0,24005.8,-71714.3,-6245.03,216682,-2069.22,240444,1.08117e+20
20230101T000009.900000,6,1265,2100.27,1905.16,418.442,0,0,0,5995.46,-6231.58,-1399.3,7212.57,-1269.31,12866.6,2.25894e+20
20230101T000009.900000,6,1266,2324.47,3226.56,326.791,0,0,0,16737.2,-11888.9,-1212.33,8799.38,-1682.82,25302.6,1.5878e+20
20230101T000009.900000,4,1163,10673.5,-1183.33,-1116.58,3.19436,-0.123602,0.249528,117.944,263.577,249.572,2461.43,-27.7236,2464.83,0
20230101T000009.900000,3,1170,8485.06,-9095.91,-289.732,0,0,0,2500,0,0,2500,0,2500,0
20230101T000009.900000,3,1171,772.423,-448.08,-125.206,0,0,0,2500,0,0,2500,0,2500,0
20230101T000009.900000,3,1172,2157.95,-186.758,10.0777,0,0,0,2500,0,0,2500,0,2500,0
20230101T000009.900000,3,1173,2694.88,371.805,-595.874,0,0,0,2500,0,0,2500,0,2500,0
20230101T000009.900000,3,1174,5253.85,9.58304,-490.016,0,0,0,2500,0,0,2500,0,2500,0
20230101T000009.900000,3,1175,9264.36,-2090.51,-1226.51,0,0,0,2500,0,0,2500,0,2500,0
20230101T000009.900000,3,1176,10752.9,3097.95,1468.65,0,0,0,2500,0,0,2500,0,2500,0
20230101T000009.900000,3,1177,11636.6,3855.67,335.508,0,0,0,2500,0,0,2500,0,2500,0
20230101T000009.900000,3,1178,2100.27,1905.16,418.442,0,0,0,2500,0,0,2500,0,2500,0
20230101T000009.900000,3,1179,2324.47,3226.56,326.791,0,0,0,2500,0,0,2500,0,2500,0
20230101T000010,6,1267,8675.1,-6150.62,-101.925,0,0,0,60581.8,85333.5,1414.23,120439,-1002.69,180940,1.07339e+20
20230101T000010,6,1268,4335.22,-5377.47,1153.42,0,0,0,47130.5,36229.5,-7993.99,31398.4,9915.86,76339.8,9.20656e+19
20230101T000010,6,1269,6117.9,-6822.81,624.774,0,0,0,74787.8,66443.9,-6112.78,60267.4,6817.1,134367,2.73485e+20
20230101T000010,6,1270,77.4416,-25.0002,-2.95441,0,0,0,58.896,-15.5926,-1.84219,15.6292,0.594706,10.6798,1.03469e+20
20230101T000010,6,1271,10124.8,-3813.35,1649.74,0,0,0,27135,60318.1,-26716.5,164568,10062.3,187287,1.41634e+20
20230101T000010,6,1272,2918.57,480.341,191.886,0,0,0,488.574,-2223.4,-891.971,13632.1,-146.802,13998.3,1.80728e+20
20230101T000010,6,1273,2860.37,560.976,537.752,0,0,0,1008.66,-2468.29,-2449.87,13110.2,-480.469,13596.4,1.67924e+20
20230101T000010,6,1274,10431.6,2548.18,-1129.84,0,0,0,12376.4,-42045.3,18851.2,174228,4604.88,184500,1.36045e+20
20230101T000010,6,1275,5207.17,2685.41,-378.613,0,0,0,11769.8,-22254,3150.75,43445,1624.88,54922,5.36068e+20
20230101T000010,6,1276,1595.07,2261.72,-527.766,0,0,0,8353.15,-5533.18,1340.13,4409.67,1900.23,12257.7,1.55649e+20
20230101T000010,6,1277,594.329,648.221,-1.81514,0,0,0,701.537,-584.528,1.63679,599.936,1.78522,1237.47,7.59341e+19
20230101T000010,4,1165,90.8788,7.1104,-4.39011,9.56825,-3.64676,-0.0726233,45.357,26.3555,-4.05408,20.498,-2.57037,4.20934,0
20230101T000010,3,1180,8675.1,-6150.62,-101.925,0,0,0,2500,0,0,2500,0,2500,0
20230101T000010,3,1181,4335.22,-5377.47,1153.42,0,0,0,2500,0,0,2500,0,2500,0
20230101T000010,3,1182,6117.9,-6822.81,624.774,0,0,0,2500,0,0,2500,0,2500,0
20230101T000010,3,1183,10124.8,-3813.35,1649.74,0,0,0,2500,0,0,2500,0,2500,0
20230101T000010,3,1184,2918.57,480.341,191.886,0,0,0,2500,0,0,2500,0,2500,0
20230101T000010,3,1185,2860.37,560.976,537.752,0,0,0,2500,0,0,2500,0,2500,0
20230101T000010,3,1186,10431.6,2548.18,-1129.84,0,0,0,2500,0,0,2500,0,2500,0
20230101T000010,3,1187,5207.17,2685.41,-378.613,0,0,0,2500,0,0,2500,0,2500,0
20230101T000010,3,1188,1595.07,2261.72,-527.766,0,0,0,2500,0,0,2500,0,2500,0
20230101T000010,3,1189,594.329,648.221,-1.81514,0,0,0,2500,0,0,2500,0,2500,0
20230101T000010.100000,6,1278,1513.47,-1638.13,387.963,0,0,0,4433.06,3815.82,-932.14,3828.38,1008.92,7960.38,1.64127e+20
20230101T000010.100000,6,1279,6778.22,-7687.41,-480.174,0,0,0,94743.3,83156.5,5205.58,73754.4,-5903.82,168065,1.63863e+20
20230101T000010.100000,6,1280,3578.57,-3508.35,215.444,0,0,0,19764.1,20018.7,-1231.61,20557.6,1207.45,40183.6,1.02977e+20
20230101T000010.100000,6,1281,10223.7,-4275.46,-2811.53,0,0,0,40063.4,65414.4,45976.6,169130,-19227,196489,1.72796e+20
20230101T000010.100000,6,1282,11886.6,-2822.9,-1062.76,0,0,0,14520.8,53267.1,20206.7,226166,-4798.82,238817,8.04042e+19
20230101T000010.100000,6,1283,10131.4,-3026.68,-775.056,0,0,0,15598.1,48782.1,12559.3,164315,-3752.02,178889,1.25849e+20
20230101T000010.100000,6,1284,6604.01,-3038.18,-1351.06,0,0,0,17230.3,30970.3,14265.4,70301.7,-6562.79,84551.7,1.66495e+20
20230101T000010.100000,6,1285,6282.18,-2831.75,-805.547,0,0,0,13745.5,28050.7,8090.22,63331.2,-3646.75,75976.2,1.48121e+20
20230101T000010.100000,6,1286,6720.23,-2117.09,1003.87,0,0,0,8695.21,22283.7,-10785.5,72409.7,3397.78,79431,2.36116e+20
20230101T000010.100000,6,1287,8116.02,-2167.87,-1304.75,0,0,0,10120.2,27456.5,16933.6,105577,-4523.15,112913,1.74849e+20
20230101T000010.100000,6,1288,1718.8,-199.787,206.075,0,0,0,193.169,534.401,-559.256,4728.58,65.0061,4791.6,1.41493e+20
20230101T000010.100000,6,1289,5505.7,-275.89,-731.641,0,0,0,1038.85,2384.39,6436.78,48502.7,-322.546,48623.3,4.97119e+20
20230101T000010.100000,6,1290,8535.96,1781.93,-668.794,0,0,0,5827.15,-24180.8,9129.29,116613,1905.79,121661,1.81178e+20
20230101T000010.100000,6,1291,3185.5,1466.82,436.625,0,0,0,3746.15,-7336.23,-2218.26,16300.2,-1021.44,19679.3,1.14506e+20
20230101T000010.100000,6,1292,110.975,26.0897,0.664163,0,0,0,61.7357,9.62524,0.245025,23.0567,0.0576042,20.796,2.47549e+20
20230101T000010.100000,6,1293,8564.16,1765.35,-154.504,0,0,0,5084.35,-24169.8,2116.01,117356,436.179,122338,1.75687e+20
20230101T000010.100000,6,1294,3476.78,3122.12,106.822,0,0,0,15641.7,-17327,-593.147,19377.5,-532.641,34937,1.12643e+20
20230101T000010.100000,6,1295,595.4,673.363,-22.7285,0,0,0,753.896,-609.324,20.5807,603.561,23.2756,1292.71,1.02537e+24
20230101T000010.100000,6,1296,716.878,639.618,15.8697,0,0,0,690.426,-701.661,-17.414,850.801,-15.5372,1476.86,2.30647e+20
20230101T000010.100000,6,1297,5256.42,4893.63,-842.316,0,0,0,38958.1,-40559.1,7078.69,44764.3,6590.12,82525,2.61395e+20
20230101T000010.100000,6,1298,3523.01,4625.1,-23.64,0,0,0,34250.3,-26039.6,133.097,19899.7,174.733,54085.1,1.23377e+20
20230101T000010.100000,4,1165,105.196,19.4046,-1.91167,38.1633,50.5844,29.7682,31.2639,4.68017,-1.32972,10.4899,-0.313565,9.23573,0
20230101T000010.100000,4,1189,599.444,669.543,-15.5573,0.506478,2.11101,-1.36061,479.694,-382.581,1.0713,413.194,1.16844,830.466,0
20230101T000010.100000,3,1190,1513.47,-1638.13,387.963,0,0,0,2500,0,0,2500,0,2500,0
20230101T000010.100000,3,1191,6778.22,-7687.41,-480.174,0,0,0,2500,0,0,2500,0,2500,0
20230101T000010.100000,3,1192,3578.57,-3508.35,215.445,0,0,0,2500,0,0,2500,0,2500,0
20230101T000010.100000,3,1193,10223.7,-4275.46,-2811.53,0,0,0,2500,0,0,2500,0,2500,0
20230101T000010.100000,3,1194,11886.6,-2822.9,-1062.76,0,0,0,2500,0,0,2500,0,2500,0
20230101T000010.100000,3,1195,10131.4,-3026.68,-775.056,0,0,0,2500,0,0,2500,0,2500,0
20230101T000010.100000,3,1196,6604.01,-3038.18,-1351.06,0,0,0,2500,0,0,2500,0,2500,0
20230101T000010.100000,3,1197,6282.18,-2831.75,-805.547,0,0,0,2500,0,0,2500,0,2500,0
20230101T000010.100000,3,1198,6720.23,-2117.09,1003.87,0,0,0,2500,0,0,2500,0,2500,0
20230101T000010.100000,3,1199,8116.02,-2167.87,-1304.75,0,0,0,2500,0,0,2500,0,2500,0
20230101T000010.100000,3,1200,1718.8,-199.787,206.075,0,0,0,2500,0,0,2500,0,2500,0
20230101T000010.100000,3,1201,5505.7,-275.89,-731.641,0,0,0,2500,0,0,2500,0,2500,0
20230101T000010.100000,3,1202,8535.96,1781.93,-668.794,0,0,0,2500,0,0,2500,0,2500,0
20230101T000010.100000,3,1203,3185.5,1466.82,436.625,0,0,0,2500,0,0,2500,0,2500,0
20230101T000010.100000,3,1204,8564.16,1765.35,-154.504,0,0,0,2500,0,0,2500,0,2500,0
20230101T000010.100000,3,1205,3476.78,3122.12,106.822,0,0,0,2500,0,0,2500,0,2500,0
20230101T000010.100000,3,1206,716.878,639.618,15.8697,0,0,0,2500,0,0,2500,0,2500,0
20230101T000010.100000,3,1207,5256.42,4893.63,-842.316,0,0,0,2500,0,0,2500,0,2500,0
20230101T000010.100000,3,1208,3523.01,4625.1,-23.64,0,0,0,2500,0,0,2500,0,2500,0
20230101T000010.200000,6,1299,278.808,-317.391,-28.749,0,0,0,189.502,109.343,9.96362,161.078,-11.3425,285.849,1.0724e+20
20230101T000010.200000,6,1300,1087.78,-206.756,-20.3907,0,0,0,130.787,347.991,34.3316,1895.49,-6.52545,1961.66,1.18407e+20
20230101T000010.200000,6,1301,4169.38,-1227.73,130.919,0,0,0,2495.81,8165.48,-871.517,27821.3,256.631,30225.8,1.22036e+20
20230101T000010.200000,6,1302,8267.02,-4451.35,381.79,0,0,0,31933.6,58755,-5047.74,109417,2717.94,141053,1.44528e+20
20230101T000010.200000,6,1303,2581.51,96.1503,178.698,0,0,0,129.421,-392.871,-733.696,10662.9,-27.3271,10677.8,8.80422e+19
20230101T000010.200000,6,1304,3936.63,608.347,231.24,0,0,0,737.994,-3809.2,-1452.83,24798.8,-224.513,25387.7,1.51735e+20
20230101T000010.200000,6,1305,9480.36,-547.3,-1102.04,0,0,0,2478.93,8186.31,16709,143810,-964.61,144284,1.63873e+20
20230101T000010.200000,6,1306,3820.25,708.953,555.043,0,0,0,1341.32,-4233.73,-3383.84,23369.4,-627.964,24156.4,2.58986e+20
20230101T000010.200000,6,1307,715.612,546.845,-16.4234,0,0,0,519.128,-595.052,17.8775,843.107,13.6614,1297.85,4.85427e+23
20230101T000010.200000,6,1308,6365.89,5506.42,1194.45,0,0,0,49854.6,-54924.7,-12159.2,65843.1,-10517.6,113354,1.24978e+20
20230101T000010.200000,6,1309,3167.35,4500.91,-105.006,0,0,0,32440.1,-22771.1,531.444,16106,755.198,48464.5,1.45669e+20
20230101T000010.200000,6,1310,5577.59,8069.6,924.173,0,0,0,104652,-71345.4,-8244.05,50742.8,-11927.4,153965,1.03042e+20
20230101T000010.200000,4,1206,704.086,566.463,-6.16124,-1.2666,-7.24312,-2.18128,447.897,-431.776,-10.7148,546.585,-9.56005,931.75,0
20230101T000010.200000,3,1209,278.808,-317.391,-28.749,0,0,0,2500,0,0,2500,0,2500,0
20230101T000010.200000,3,1210,1087.78,-206.756,-20.3907,0,0,0,2500,0,0,2500,0,2500,0
20230101T000010.200000,3,1211,4169.38,-1227.73,130.919,0,0,0,2500,0,0,2500,0,2500,0
20230101T000010.200000,3,1212,8267.02,-4451.35,381.79,0,0,0,2500,0,0,2500,0,2500,0
20230101T000010.200000,3,1213,2581.51,96.1503,178.698,0,0,0,2500,0,0,2500,0,2500,0
20230101T000010.200000,3,1214,3936.63,608.347,231.24,0,0,0,2500,0,0,2500,0,2500,0
20230101T000010.200000,3,1215,9480.36,-547.3,-1102.04,0,0,0,2500,0,0,2500,0,2500,0
20230101T000010.200000,3,1216,3820.25,708.953,555.043,0,0,0,2500,0,0,2500,0,2500,0
20230101T000010.200000,3,1217,6365.89,5506.42,1194.45,0,0,0,2500,0,0,2500,0,2500,0
20230101T000010.200000,3,1218,3167.35,4500.91,-105.006,0,0,0,2500,0,0,2500,0,2500,0
20230101T000010.200000,3,1219,5577.59,8069.6,924.173,0,0,0,2500,0,0,2500,0,2500,0
20230101T000010.300000,6,1311,5753.83,-3703.45,-433.766,0,0,0,22202.7,33928.4,3989.91,53077.4,-2568.1,74915.6,1.81618e+20
20230101T000010.300000,6,1312,2574.79,248.487,-118.713,0,0,0,184.409,-1015.42,486.138,10608,46.916,10706.2,2.50325e+20
20230101T000010.300000,6,1313,4566.61,-289.145,-552.054,0,0,0,682.274,2077.93,4026.03,33368.5,-254.918,33500.9,1.40268e+20
20230101T000010.300000,6,1314,8160.44,219.284,-1531.79,0,0,0,3890.23,-2760.66,19988.6,106551,537.125,106627,9.43149e+19
20230101T000010.300000,6,1315,8725.97,-852.947,-218.354,0,0,0,1302.95,11894.9,3046.97,121829,-297.835,122992,2.98281e+20
20230101T000010.300000,6,1316,6812.64,2840.8,-654.019,0,0,0,13549.3,-30699.7,7123.76,74370.1,2970.53,87172,1.14077e+20
20230101T000010.300000,6,1317,782.827,440.665,-31.6624,0,0,0,360.454,-523.933,37.6946,996.275,21.2189,1291.28,6.08708e+23
20230101T000010.300000,6,1318,4098.05,2630.3,-798.951,0,0,0,11837,-16753.9,5230.02,27186.6,3356.84,37941.6,1.52554e+20
20230101T000010.300000,6,1319,2970.48,3104.44,156.299,0,0,0,15469.3,-14703.2,-741.246,14171.8,-774.672,29538.1,1.32243e+20
20230101T000010.300000,4,1213,2584.33,125.416,122.138,0.27973,2.8976,-5.60011,74.584,-73.2813,-136.324,2039.36,-5.07751,2034.51,0
20230101T000010.300000,3,1220,5753.83,-3703.45,-433.766,0,0,0,2500,0,0,2500,0,2500,0
20230101T000010.300000,3,1221,4566.61,-289.145,-552.054,0,0,0,2500,0,0,2500,0,2500,0
20230101T000010.300000,3,1222,8160.44,219.284,-1531.79,0,0,0,2500,0,0,2500,0,2500,0
20230101T000010.300000,3,1223,8725.97,-852.947,-218.354,0,0,0,2500,0,0,2500,0,2500,0
20230101T000010.300000,3,1224,6812.64,2840.8,-654.019,0,0,0,2500,0,0,2500,0,2500,0
20230101T000010.300000,3,1225,782.827,440.665,-31.6624,0,0,0,2500,0,0,2500,0,2500,0
20230101T000010.300000,3,1226,4098.05,2630.3,-798.951,0,0,0,2500,0,0,2500,0,2500,0
20230101T000010.300000,3,1227,2970.48,3104.44,156.299,0,0,0,2500,0,0,2500,0,2500,0
20230101T000010.400000,6,1320,6835.24,-9359.9,360.758,0,0,0,140267,102234,-3944.21,74930.4,5401.04,214925,1.45406e+20
20230101T000010.400000,6,1321,7939.32,-5984.9,-1665.93,0,0,0,60181.6,73861.2,21153.8,102484,-15946.4,158165,2.13755e+20
20230101T000010.400000,6,1322,9901.04,-4943.46,-419.001,0,0,0,39376.5,78174.9,6635.51,156918,-3313.03,195949,1.42069e+20
20230101T000010.400000,6,1323,10080.8,-5793.8,156.101,0,0,0,53786.5,93405.3,-2517.05,162621,1446.64,216305,1.41892e+20
20230101T000010.400000,6,1324,8609.91,-1977.44,-1576.15,0,0,0,10091,26360.3,21702,118811,-4984.3,124867,1.31791e+20
20230101T000010.400000,6,1325,4694.64,754.861,793.232,0,0,0,1953.78,-5502.53,-5948.04,35290.4,-956.399,36176.9,1.62667e+20
20230101T000010.400000,6,1326,846.085,302.45,-45.8412,0,0,0,205.944,-388.139,58.9903,1152.99,21.0872,1291.9,9.98408e+23
20230101T000010.400000,6,1327,8028.34,4326.89,945.82,0,0,0,31113.3,-54956.1,-12143.6,103463,-6544.81,133083,1.19122e+20
20230101T000010.400000,6,1328,5370.12,1482.47,-410.517,0,0,0,3826.04,-12652.2,3522.72,46164.7,972.477,49657.8,1.35425e+20
20230101T000010.400000,6,1329,7030.77,4950.85,14.8187,0,0,0,39260.4,-55662.9,-166.609,79112.1,-117.321,118308,1.84867e+20
20230101T000010.400000,6,1330,3799.4,5330.62,-1746.23,0,0,0,47128.5,-30070.8,10606.2,26371.7,14880.6,68565.7,3.57849e+20
20230101T000010.400000,6,1331,6327.18,6739.87,334.074,0,0,0,72794.9,-68110,-3380.42,64182.1,-3600.9,136735,9.80396e+19
20230101T000010.400000,4,1225,832.605,353.146,-41.0434,4.9285,-8.66521,-0.928816,253.719,-338.092,24.314,664.011,13.6867,854.047,0
20230101T000010.400000,3,1228,6835.24,-9359.9,360.758,0,0,0,2500,0,0,2500,0,2500,0
20230101T000010.400000,3,1229,7939.32,-5984.9,-1665.93,0,0,0,2500,0,0,2500,0,2500,0
20230101T000010.400000,3,1230,9901.04,-4943.46,-419.001,0,0,0,2500,0,0,2500,0,2500,0
20230101T000010.400000,3,1231,10080.8,-5793.8,156.101,0,0,0,2500,0,0,2500,0,2500,0
20230101T000010.400000,3,1232,8609.91,-1977.44,-1576.15,0,0,0,2500,0,0,2500,0,2500,0
20230101T000010.400000,3,1233,4694.64,754.861,793.232,0,0,0,2500,0,0,2500,0,2500,0
20230101T000010.400000,3,1234,8028.34,4326.89,945.82,0,0,0,2500,0,0,2500,0,2500,0
20230101T000010.400000,3,1235,5370.12,1482.47,-410.517,0,0,0,2500,0,0,2500,0,2500,0
20230101T000010.400000,3,1236,7030.77,4950.85,14.8187,0,0,0,2500,0,0,2500,0,2500,0
20230101T000010.400000,3,1237,3799.4,5330.62,-1746.23,0,0,0,2500,0,0,2500,0,2500,0
20230101T000010.400000,3,1238,6327.18,6739.87,334.074,0,0,0,2500,0,0,2500,0,2500,0
20230101T000010.500000,6,1332,8525.91,-8636.71,1519.2,0,0,0,121202,115940,-20718.6,118208,20987.8,235655,1.70505e+20
20230101T000010.500000,6,1333,4076.51,-4993.06,-210.335,0,0,0,39943,32500.8,1370.57,26669.5,-1678.73,66477.8,1.1104e+20
20230101T000010.500000,6,1334,2028.4,-1000.98,-90.6422,0,0,0,1665.1,3218.05,291.877,6598.12,-144.037,8186.28,2.66334e+20
20230101T000010.500000,6,1335,3734.59,-1244.73,827.719,0,0,0,3520.71,7090.46,-4933.68,22431.2,1644.38,24797.1,1.15148e+20
20230101T000010.500000,6,1336,5679.42,-1807.85,-73.9136,0,0,0,5295.34,16407,670.902,51616,-213.559,56838.6,2.41571e+20
20230101T000010.500000,6,1337,2546.68,-620.142,-70.5122,0,0,0,683.206,2510.35,285.643,10380.9,-69.5571,10992.3,1.65784e+20
20230101T000010.500000,6,1338,3249.58,-248.759,796.113,0,0,0,1167.22,1211.61,-4124.54,16901.9,315.738,16998.2,1.71842e+20
20230101T000010.500000,6,1339,10411.4,1703.41,270.777,0,0,0,4819.1,-28347,-4509.05,173441,-737.724,178079,1.39902e+20
20230101T000010.500000,6,1340,879.982,180.019,-45.1618,0,0,0,116.257,-240.285,60.4418,1241.68,12.3646,1291,1.34495e+24
20230101T000010.500000,6,1341,947.947,128.765,89.9661,0,0,0,101.534,-185.111,-130.541,1439.15,-17.7321,1464.86,7.56699e+20
20230101T000010.500000,6,1342,7463.12,610.117,-545.223,0,0,0,1131.3,-7241.61,6505.88,89120.6,531.862,89713,1.9946e+20
20230101T000010.500000,6,1343,5570.42,-314.336,275.787,0,0,0,343.041,2791.14,-2454.85,49647.9,138.526,49805.6,1.65029e+20
20230101T000010.500000,6,1344,9610.85,3227.73,-397.581,0,0,0,16953.9,-49538.4,6111.37,147822,2052.46,164459,7.02286e+19
20230101T000010.500000,6,1345,5694.21,3749.1,554.426,0,0,0,22876.6,-33901.9,-5046.91,52046.5,-3322.91,74368.1,1.41985e+20
20230101T000010.500000,6,1346,2045.2,2839.26,-127.315,0,0,0,12928.9,-9248.33,415.254,6751.68,576.479,19590.8,1.13526e+20
20230101T000010.500000,6,1347,7273.5,8523.05,-21.3349,0,0,0,116255,-99155.9,248.208,84683.5,290.849,200874,9.12632e+19
20230101T000010.500000,6,1348,3127.57,2681.74,-62.3352,0,0,0,11547.2,-13385,311.198,15680.5,266.837,27157.5,1.56244e+20
20230101T000010.500000,6,1349,4807.6,3832.74,543.639,0,0,0,23831.7,-29220.6,-4177.37,37189.2,-3330.3,60485.1,1.34853e+20
20230101T000010.500000,6,1350,3891.61,3005.53,415.94,0,0,0,14666.3,-18549.5,-2585.63,24358.5,-1996.91,38684.9,1.1543e+20
20230101T000010.500000,3,1239,8525.91,-8636.71,1519.2,0,0,0,2500,0,0,2500,0,2500,0
20230101T000010.500000,3,1240,4076.51,-4993.06,-210.335,0,0,0,2500,0,0,2500,0,2500,0
20230101T000010.500000,3,1241,2028.4,-1000.98,-90.6422,0,0,0,2500,0,0,2500,0,2500,0
20230101T000010.500000,3,1242,3734.59,-1244.73,827.719,0,0,0,2500,0,0,2500,0,2500,0
20230101T000010.500000,3,1243,5679.42,-1807.85,-73.9136,0,0,0,2500,0,0,2500,0,2500,0
20230101T000010.500000,3,1244,2546.68,-620.142,-70.5122,0,0,0,2500,0,0,2500,0,2500,0
20230101T000010.500000,3,1245,3249.58,-248.759,796.113,0,0,0,2500,0,0,2500,0,2500,0
20230101T000010.500000,3,1246,10411.4,1703.41,270.777,0,0,0,2500,0,0,2500,0,2500,0
20230101T000010.500000,3,1247,879.982,180.019,-45.1618,0,0,0,2500,0,0,2500,0,2500,0
20230101T000010.500000,3,1248,947.947,128.765,89.9661,0,0,0,2500,0,0,2500,0,2500,0
20230101T000010.500000,3,1249,7463.12,610.117,-545.223,0,0,0,2500,0,0,2500,0,2500,0
20230101T000010.500000,3,1250,5570.42,-314.336,275.787,0,0,0,2500,0,0,2500,0,2500,0
20230101T000010.500000,3,1251,9610.85,3227.73,-397.581,0,0,0,2500,0,0,2500,0,2500,0
20230101T000010.500000,3,1252,5694.21,3749.1,554.426,0,0,0,2500,0,0,2500,0,2500,0
20230101T000010.500000,3,1253,2045.2,2839.26,-127.315,0,0,0,2500,0,0,2500,0,2500,0
20230101T000010.500000,3,1254,7273.5,8523.05,-21.3349,0,0,0,2500,0,0,2500,0,2500,0
20230101T000010.500000,3,1255,3127.57,2681.74,-62.3352,0,0,0,2500,0,0,2500,0,2500,0
20230101T000010.500000,3,1256,4807.6,3832.74,543.639,0,0,0,2500,0,0,2500,0,2500,0
20230101T000010.500000,3,1257,3891.61,3005.53,415.94,0,0,0,2500,0,0,2500,0,2500,0
20230101T000010.600000,6,1351,1758.66,-1942.65,-91.2599,0,0,0,6073.04,5427.91,255.298,4991.06,-282.008,10986.9,1.58706e+20
20230101T000010.600000,6,1352,2840.94,-2953.65,219.979,0,0,0,14026.3,13355.3,-997.544,12986.9,1037.12,26872.2,2.21483e+20
20230101T000010.600000,6,1353,804.267,-1159.07,123.912,0,0,0,2178.12,1450.26,-156.273,1094.4,225.212,3184.94,1.26545e+21
20230101T000010.600000,6,1354,4256.33,-1293.64,350.397,0,0,0,2915.69,8737.54,-2381.46,29008.2,723.805,31664.2,1.23097e+20
20230101T000010.600000,6,1355,8169.76,-2757.55,-1645.26,0,0,0,16110,34714.5,21495,107241,-7255.24,118961,8.58284e+19
20230101T000010.600000,6,1356,8157.44,-4375.15,1046.16,0,0,0,32036.1,56348.3,-13648.1,106875,7320,137098,1.54769e+20
20230101T000010.600000,6,1357,899.897,33.7192,-17.2587,0,0,0,66.1819,-46.1385,23.6244,1295.79,0.885207,1297.55,4.70746e+23
20230101T000010.600000,6,1358,959.343,29.99,-45.168,0,0,0,68.4963,-43.9368,66.327,1472.61,2.07345,1474.12,1.7802e+20
20230101T000010.600000,6,1359,8218.19,458.328,400.651,0,0,0,655.791,-6008.77,-5265.1,108063,-293.634,108398,1.60216e+20
20230101T000010.600000,6,1360,9058.43,125.801,2170.06,0,0,0,7619.01,-1717.83,-31437.2,131290,-436.591,131317,1.41795e+20
20230101T000010.600000,6,1361,9175.74,-1571.09,-1155.63,0,0,0,6086.45,22699.5,16958.3,134773,-2903.63,138661,1.02509e+20
20230101T000010.600000,6,1362,10043.2,4894.03,-33.3973,0,0,0,38375.7,-78616.6,536.491,161397,261.432,199707,7.86689e+19
20230101T000010.600000,6,1363,1611.7,766.332,-449.359,0,0,0,1252.21,-1827.53,1145.08,4226.8,544.465,5099.56,1.70661e+20
20230101T000010.600000,6,1364,6096.02,8741.24,-2343.6,0,0,0,125150,-81107,22851,65411.9,32766.6,181716,2.50576e+20
20230101T000010.600000,6,1365,7477.43,9627.11,450.621,0,0,0,148436,-114989,-5389.73,89701.6,-6939.22,237749,1.67319e+20
20230101T000010.600000,4,1247,901.758,84.7773,-26.7742,2.15601,-9.42985,1.82056,96.1409,-155.07,38.9733,822.446,7.97279,853.596,0
20230101T000010.600000,4,1248,964.322,67.5857,4.99174,1.62133,-6.05734,-8.41332,85.5632,-114.272,-80.3221,911.294,-10.9106,924.365,0
20230101T000010.600000,3,1258,1758.66,-1942.65,-91.2599,0,0,0,2500,0,0,2500,0,2500,0
20230101T000010.600000,3,1259,2840.94,-2953.65,219.979,0,0,0,2500,0,0,2500,0,2500,0
20230101T000010.600000,3,1260,804.267,-1159.07,123.912,0,0,0,2500,0,0,2500,0,2500,0
20230101T000010.600000,3,1261,4256.33,-1293.64,350.397,0,0,0,2500,0,0,2500,0,2500,0
20230101T000010.600000,3,1262,8169.76,-2757.55,-1645.26,0,0,0,2500,0,0,2500,0,2500,0
20230101T000010.600000,3,1263,8157.44,-4375.15,1046.16,0,0,0,2500,0,0,2500,0,2500,0
20230101T000010.600000,3,1264,8218.19,458.328,400.651,0,0,0,2500,0,0,2500,0,2500,0
20230101T000010.600000,3,1265,9058.43,125.801,2170.06,0,0,0,2500,0,0,2500,0,2500,0
20230101T000010.600000,3,1266,9175.74,-1571.09,-1155.63,0,0,0,2500,0,0,2500,0,2500,0
20230101T000010.600000,3,1267,10043.2,4894.03,-33.3973,0,0,0,2500,0,0,2500,0,2500,0
20230101T000010.600000,3,1268,1611.7,766.332,-449.359,0,0,0,2500,0,0,2500,0,2500,0
20230101T000010.600000,3,1269,6096.02,8741.24,-2343.6,0,0,0,2500,0,0,2500,0,2500,0
20230101T000010.600000,3,1270,7477.43,9627.11,450.621,0,0,0,2500,0,0,2500,0,2500,0
20230101T000010.700000,6,1366,7441.43,-5751.86,70.8323,0,0,0,52979.3,68448.4,-842.969,88626.7,651.574,141534,3.26107e+20
20230101T000010.700000,6,1367,9344.89,-3585.95,-552.135,0,0,0,21055.3,53432.1,8252.15,139794,-3166.63,160298,9.55715e+20
20230101T000010.700000,6,1368,879.983,-181.629,-33.6159,0,0,0,115.816,242.718,44.9886,1241.68,-9.28566,1291.86,7.09612e+23
20230101T000010.700000,6,1369,5530.78,-1534.08,-927.776,0,0,0,5102.18,13204.6,8200.41,49046.1,-2274.55,52710.4,1.00874e+20
20230101T000010.700000,6,1370,879.178,-182.786,-28.8353,0,0,0,116.018,244.116,38.5521,1239.43,-8.01522,1290.25,6.4803e+23
20230101T000010.700000,6,1371,8119.08,-357.903,-510.65,0,0,0,684.989,4628.19,6629.62,105472,-292.245,105676,8.94716e+19
20230101T000010.700000,6,1372,6273.2,542.557,276.281,0,0,0,655.616,-5429.75,-2770.28,62966.2,-239.596,63436,1.10337e+20
20230101T000010.700000,6,1373,8422.88,1721.74,183.153,0,0,0,4855.93,-23180.1,-2466.94,113517,-504.273,118255,1.08123e+20
20230101T000010.700000,6,1374,6597.26,2098.4,-657.683,0,0,0,7731.35,-21931.7,6936.51,69707.7,2206.31,76684.1,8.96345e+19
20230101T000010.700000,6,1375,6939.49,9180.01,384.068,0,0,0,134945,-101783,-4263.1,77241.4,-5639.5,211887,1.11365e+20
20230101T000010.700000,6,1376,7507.55,4857.4,753.268,0,0,0,38435.7,-57904.5,-9043.83,90468,-5851.38,127933,1.71922e+20
20230101T000010.700000,6,1377,4272.44,4810.68,637.817,0,0,0,37343.1,-32530.7,-4355.89,29605.3,-4904.63,66234.8,1.22442e+20
20230101T000010.700000,3,1271,7441.43,-5751.86,70.8323,0,0,0,2500,0,0,2500,0,2500,0
20230101T000010.700000,3,1272,9344.89,-3585.95,-552.135,0,0,0,2500,0,0,2500,0,2500,0
20230101T000010.700000,3,1273,879.983,-181.629,-33.6159,0,0,0,2500,0,0,2500,0,2500,0
20230101T000010.700000,3,1274,5530.78,-1534.08,-927.776,0,0,0,2500,0,0,2500,0,2500,0
20230101T000010.700000,3,1275,879.178,-182.786,-28.8353,0,0,0,2500,0,0,2500,0,2500,0
20230101T000010.700000,3,1276,8119.08,-357.903,-510.65,0,0,0,2500,0,0,2500,0,2500,0
20230101T000010.700000,3,1277,6273.2,542.557,276.281,0,0,0,2500,0,0,2500,0,2500,0
20230101T000010.700000,3,1278,8422.88,1721.74,183.153,0,0,0,2500,0,0,2500,0,2500,0
20230101T000010.700000,3,1279,6597.26,2098.4,-657.683,0,0,0,2500,0,0,2500,0,2500,0
20230101T000010.700000,3,1280,6939.49,9180.01,384.068,0,0,0,2500,0,0,2500,0,2500,0
20230101T000010.700000,3,1281,7507.55,4857.4,753.268,0,0,0,2500,0,0,2500,0,2500,0
20230101T000010.700000,3,1282,4272.44,4810.68,637.817,0,0,0,2500,0,0,2500,0,2500,0
20230101T000010.800000,6,1378,2303.19,-2252.57,-480.222,0,0,0,8339.09,8085.19,1762.99,8698.47,-1724.25,16607.4,1.60844e+20
20230101T000010.800000,6,1379,6601,-8510.89,-224.053,0,0,0,115950,89818.6,2365.54,69807.1,-3049.98,185613,4.99219e+20
20230101T000010.800000,6,1380,777.427,-563.749,32.7535,0,0,0,551.521,670.042,-38.9764,989.65,28.2636,1475.6,8.92524e+19
20230101T000010.800000,6,1381,4374.73,-4308.86,-1268.71,0,0,0,31044.4,28842,8871.43,31919.7,-8737.84,60330,2.18005e+20
20230101T000010.800000,6,1382,2673.03,-809.522,-214.995,0,0,0,1174.54,3424.04,914.813,11443.7,-277.049,12481.1,1.02533e+20
20230101T000010.800000,6,1383,851.817,-272.52,-22.3989,0,0,0,177.577,352.624,29.0019,1166.96,-9.2785,1279.82,2.19158e+22
20230101T000010.800000,6,1384,2280.72,-288.694,372.486,0,0,0,413.223,1018.06,-1349.23,8327.15,170.786,8457.66,1.00901e+20
20230101T000010.800000,6,1385,1722.38,118.299,-174.88,0,0,0,134.147,-318.333,475.535,4747.09,32.6613,4769.6,4.17661e+20
20230101T000010.800000,6,1386,4645.28,182.49,288.218,0,0,0,249.647,-1348.63,-2138.21,34526.1,-83.9998,34579.4,1.80063e+20
20230101T000010.800000,6,1387,7733.18,-548.955,-1331.41,0,0,0,3366.04,6587.54,16463,95697.8,-1168.66,96167.2,1.60604e+20
20230101T000010.800000,6,1388,7104.3,420.886,-1532.25,0,0,0,4087.73,-4558.78,17403.8,80767.1,1031.07,81040,2.19064e+20
20230101T000010.800000,6,1389,9570.94,223.498,-223.841,0,0,0,223.976,-3419.17,3426.29,146565,80.0098,146644,2.23136e+20
20230101T000010.800000,6,1390,1121.23,302.567,162.095,0,0,0,244.176,-516.428,-282.332,2018.55,-76.1883,2159.13,2.34356e+20
20230101T000010.800000,6,1391,12024.7,2501.12,-393.498,0,0,0,10307.7,-48058.3,7568.71,231363,1574.28,241359,7.64389e+20
20230101T000010.800000,6,1392,2053.07,2169.72,-55.06,0,0,0,7564.84,-7092.98,180.057,6780.45,190.288,14276.5,3.80929e+20
20230101T000010.800000,6,1393,7463.6,9542.57,224.219,0,0,0,145752,-113885,-2676.84,89218.1,-3422.47,234826,1.06614e+20
20230101T000010.800000,6,1394,390.919,374.003,117.959,0,0,0,267.327,-192.289,-64.1546,284.345,-61.3785,471.217,1.47632e+20
20230101T000010.800000,6,1395,4377.58,3390.74,26.6298,0,0,0,18436.1,-23717.6,-186.275,30685.5,-144.283,49056.5,1.44991e+20
20230101T000010.800000,4,1270,7429.12,9564.18,445.256,-9.29049,-12.1011,-1.03169,1628.93,-1214.03,-56.8264,1008.83,-73.1634,2568.49,0
20230101T000010.800000,4,1275,863.012,-242.951,-24.5212,-1.60063,-5.95686,0.427136,95.9934,157.569,24.8755,821.122,-5.17177,853.648,0
20230101T000010.800000,3,1283,2303.19,-2252.57,-480.222,0,0,0,2500,0,0,2500,0,2500,0
20230101T000010.800000,3,1284,6601,-8510.89,-224.053,0,0,0,2500,0,0,2500,0,2500,0
20230101T000010.800000,3,1285,777.427,-563.749,32.7535,0,0,0,2500,0,0,2500,0,2500,0
20230101T000010.800000,3,1286,4374.73,-4308.86,-1268.71,0,0,0,2500,0,0,2500,0,2500,0
20230101T000010.800000,3,1287,2673.03,-809.522,-214.995,0,0,0,2500,0,0,2500,0,2500,0
20230101T000010.800000,3,1288,2280.72,-288.694,372.486,0,0,0,2500,0,0,2500,0,2500,0
20230101T000010.800000,3,1289,1722.38,118.299,-174.88,0,0,0,2500,0,0,2500,0,2500,0
20230101T000010.800000,3,1290,4645.28,182.49,288.218,0,0,0,2500,0,0,2500,0,2500,0
20230101T000010.800000,3,1291,7733.18,-548.955,-1331.41,0,0,0,2500,0,0,2500,0,2500,0
20230101T000010.800000,3,1292,7104.3,420.886,-1532.25,0,0,0,2500,0,0,2500,0,2500,0
20230101T000010.800000,3,1293,9570.94,223.498,-223.841,0,0,0,2500,0,0,2500,0,2500,0
20230101T000010.800000,3,1294,1121.23,302.567,162.095,0,0,0,2500,0,0,2500,0,2500,0
20230101T000010.800000,3,1295,12024.7,2501.12,-393.498,0,0,0,2500,0,0,2500,0,2500,0
20230101T000010.800000,3,1296,2053.07,2169.72,-55.06,0,0,0,2500,0,0,2500,0,2500,0
20230101T000010.800000,3,1297,390.919,374.003,117.959,0,0,0,2500,0,0,2500,0,2500,0
20230101T000010.800000,3,1298,4377.58,3390.74,26.6298,0,0,0,2500,0,0,2500,0,2500,0
20230101T000010.900000,6,1396,4649.19,-3005.7,-108.558,0,0,0,14513.2,22320.7,806.48,34608.4,-521.388,49038.7,1.33862e+20
20230101T000010.900000,6,1397,245.069,-122.269,40.5514,0,0,0,76.1712,21.8736,-7.60313,109.1,3.79334,121.386,1.26576e+20
20230101T000010.900000,6,1398,8572.44,-5946.12,2375.84,0,0,0,62708.9,77298.4,-32575.4,120532,22595.4,174152,2.36439e+20
20230101T000010.900000,6,1399,784.413,-439.908,-47.244,0,0,0,360.9,523.358,56.3698,1000.61,-31.6128,1294.29,9.14351e+21
20230101T000010.900000,6,1400,8586.1,-3764.39,641.984,0,0,0,23279.6,51448.4,-8815.43,118070,3864.94,140627,8.40705e+19
20230101T000010.900000,6,1401,8698,-1844.95,-105.877,0,0,0,5524.53,25659.2,1472.73,121052,-312.383,126495,1.54642e+20
20230101T000010.900000,6,1402,8015.54,-4847.38,-1336.58,0,0,0,39734.2,60873.6,17133.8,103580,-10361.6,140395,7.99763e+19
20230101T000010.900000,6,1403,9369.45,675.199,247.734,0,0,0,890.743,-10110.4,-3712.13,140459,-267.51,141188,9.12423e+19
20230101T000010.900000,6,1404,7538.21,3689.86,-424.741,0,0,0,22068.4,-44364.7,5119.95,90987.4,2506.15,112704,3.03935e+20
20230101T000010.900000,6,1405,6060.91,2410.45,-323.852,0,0,0,9496.44,-23295.7,3137.6,58807.1,1247.84,68072,1.06989e+20
20230101T000010.900000,6,1406,1089.54,1397.72,-261.916,0,0,0,3190.95,-2353.01,450.899,2006.6,578.435,5026.52,2.12953e+20
20230101T000010.900000,6,1407,7178.13,7180.04,-927.332,0,0,0,83204.4,-81743.2,10646.3,83160.9,10649.2,164926,1.16618e+20
20230101T000010.900000,4,1263,8234.63,-4400.36,1047.23,21.2474,-6.9388,0.2932,671.018,1073.15,-256.671,2096.32,137.662,2639.63,0
20230101T000010.900000,4,1285,772.684,-473.236,-21.7043,-0.469577,8.96168,-5.39186,362.518,412.454,-23.9822,632.215,17.3906,930.978,0
20230101T000010.900000,3,1299,4649.19,-3005.7,-108.558,0,0,0,2500,0,0,2500,0,2500,0
20230101T000010.900000,3,1300,245.069,-122.269,40.5514,0,0,0,2500,0,0,2500,0,2500,0
20230101T000010.900000,3,1301,8572.44,-5946.12,2375.84,0,0,0,2500,0,0,2500,0,2500,0
20230101T000010.900000,3,1302,8698,-1844.95,-105.877,0,0,0,2500,0,0,2500,0,2500,0
20230101T000010.900000,3,1303,8015.54,-4847.38,-1336.58,0,0,0,2500,0,0,2500,0,2500,0
20230101T000010.900000,3,1304,9369.45,675.199,247.734,0,0,0,2500,0,0,2500,0,2500,0
20230101T000010.900000,3,1305,7538.21,3689.86,-424.741,0,0,0,2500,0,0,2500,0,2500,0
20230101T000010.900000,3,1306,6060.91,2410.45,-323.852,0,0,0,2500,0,0,2500,0,2500,0
20230101T000010.900000,3,1307,1089.54,1397.72,-261.916,0,0,0,2500,0,0,2500,0,2500,0
20230101T000010.900000,3,1308,7178.13,7180.04,-927.332,0,0,0,2500,0,0,2500,0,2500,0
20230101T000011,6,1408,666.02,-606.514,21.0423,0,0,0,623.93,614.125,-21.3186,739.051,19.4139,1298.34,6.75472e+21
20230101T000011,6,1409,903.435,-361.427,200.272,0,0,0,317.255,479.135,-277.759,1323.24,111.12,1517.52,2.16158e+20
20230101T000011,6,1410,8139.69,-4845.01,-2042.22,0,0,0,42531,60139.2,26585.5,107769,-15824.5,143569,1.13828e+20
20230101T000011,6,1411,2177.88,-11.1799,-138.767,0,0,0,94.7488,38.4723,479.487,7589.04,-2.4614,7589.5,1.94911e+20
20230101T000011,6,1412,7717.06,6950.95,1961.59,0,0,0,80738.3,-82733.2,-24211.7,98070,-21808.1,172592,1.05989e+20
20230101T000011,6,1413,4249.96,4651.58,-479.537,0,0,0,34815.8,-31415.5,3257.56,29134.7,3565.39,63519.3,1.26749e+20
20230101T000011,3,1309,666.02,-606.514,21.0423,0,0,0,2500,0,0,2500,0,2500,0
20230101T000011,3,1310,903.435,-361.427,200.272,0,0,0,2500,0,0,2500,0,2500,0
20230101T000011,3,1311,8139.69,-4845.01,-2042.22,0,0,0,2500,0,0,2500,0,2500,0
20230101T000011,3,1312,2177.88,-11.1799,-138.767,0,0,0,2500,0,0,2500,0,2500,0
20230101T000011,3,1313,7717.06,6950.95,1961.59,0,0,0,2500,0,0,2500,0,2500,0
20230101T000011,3,1314,4249.96,4651.58,-479.537,0,0,0,2500,0,0,2500,0,2500,0
20230101T000011.100000,6,1414,2107,-2499.87,164.075,0,0,0,10043.3,8374.86,-551.065,7165.62,653.816,17102.2,1.32471e+20
20230101T000011.100000,6,1415,3171.5,269.574,241.107,0,0,0,271.795,-1354.7,-1218.67,16094.6,-103.585,16210.1,1.43786e+20
20230101T000011.100000,6,1416,9694.07,1234.28,789.445,0,0,0,3481.32,-19011.4,-12239.6,150377,-1558.38,152798,1.00896e+20
20230101T000011.100000,6,1417,7415.72,2364.26,-884.327,0,0,0,10136.7,-27671.9,10485.8,88109.9,3343.06,96933,1.9912e+20
20230101T000011.100000,6,1418,8133.19,2807.51,-438.422,0,0,0,12943.2,-36419.9,5702.16,105878,1968.34,118450,7.92106e+19
20230101T000011.100000,6,1419,7735.24,4600.86,-1257.9,0,0,0,35785.1,-55802.1,15560.7,96412.3,9255.39,129604,8.68815e+19
20230101T000011.100000,6,1420,2891.96,3046.36,-106.16,0,0,0,14887.3,-14055,490.102,13424.6,516.268,28230,9.17859e+19
20230101T000011.100000,6,1421,561.899,689.825,111.368,0,0,0,794.423,-579.608,-95.1427,554.978,-116.804,1267.53,1.23467e+23
20230101T000011.100000,3,1315,2107,-2499.87,164.075,0,0,0,2500,0,0,2500,0,2500,0
20230101T000011.100000,3,1316,3171.5,269.574,241.107,0,0,0,2500,0,0,2500,0,2500,0
20230101T000011.100000,3,1317,9694.07,1234.28,789.445,0,0,0,2500,0,0,2500,0,2500,0
20230101T000011.100000,3,1318,7415.72,2364.26,-884.327,0,0,0,2500,0,0,2500,0,2500,0
20230101T000011.100000,3,1319,8133.19,2807.51,-438.422,0,0,0,2500,0,0,2500,0,2500,0
20230101T000011.100000,3,1320,7735.24,4600.86,-1257.9,0,0,0,2500,0,0,2500,0,2500,0
20230101T000011.100000,3,1321,2891.96,3046.36,-106.16,0,0,0,2500,0,0,2500,0,2500,0
20230101T000011.100000,3,1322,561.899,689.825,111.368,0,0,0,2500,0,0,2500,0,2500,0
20230101T000011.200000,6,1422,1980.89,-2644.35,116.19,0,0,0,11218.9,8340.03,-366.909,6333.07,489.797,17466.5,2.64207e+20
20230101T000011.200000,6,1423,4775.61,-4885.57,-1610.83,0,0,0,40248.3,35224.9,12298.3,38644.4,-12581.5,74683.8,1.42565e+20
20230101T000011.200000,6,1424,5842.44,-7663.21,-309.473,0,0,0,94039.6,71530.3,2891.69,54752,-3792.86,148574,2.25588e+20
20230101T000011.200000,6,1425,10896.3,-2743.93,-2587.33,0,0,0,22175.9,45286.9,45094,190608,-11355.7,202016,1.88637e+20
20230101T000011.200000,6,1426,4809.52,-1883.3,558.675,0,0,0,6162.76,14301.4,-4292.76,37085.2,1680.95,42686,1.00299e+20
20230101T000011.200000,6,1427,3418.55,571.717,-141.543,0,0,0,616.314,-3111.5,771.624,18701,129.046,19221.5,1.17877e+20
20230101T000011.200000,6,1428,4064.78,760.608,-530.436,0,0,0,1421.42,-4853.95,3441.83,26453.3,644.04,27362.6,1.43206e+20
20230101T000011.200000,6,1429,7523.74,322.066,383.988,0,0,0,465.163,-3864.21,-4619.19,90571.2,-197.732,90736.8,1.10777e+20
20230101T000011.200000,6,1430,5803.26,-246.008,255.78,0,0,0,265.083,2277.11,-2372.16,53884.8,100.559,53981.4,1.21459e+20
20230101T000011.200000,6,1431,5272.19,153.018,153.995,0,0,0,139.266,-1287.83,-1297.16,44473.7,-37.6481,44511.1,1.1961e+20
20230101T000011.200000,6,1432,6530.3,-275.783,1196.23,0,0,0,2468.99,2782.39,-12487.5,68235.8,527.364,68355.4,1.03364e+20
20230101T000011.200000,6,1433,1946.27,968.992,188.776,0,0,0,1598.91,-2969.37,-582.914,6084.66,-290.217,7563.51,9.08676e+19
20230101T000011.200000,6,1434,350.858,65.9957,-30.2701,0,0,0,69.7564,-25.2379,11.698,199.184,2.20037,204.388,2.22082e+20
20230101T000011.200000,6,1435,693.639,564.428,105.534,0,0,0,558.423,-586.789,-111.346,802.061,-90.6045,1280.42,4.28413e+23
20230101T000011.200000,4,1315,2109.19,-2539.93,159.376,0.216874,-3.9662,-0.465298,1314.51,1050.79,-68.9901,953.442,81.8539,2195.5,0
20230101T000011.200000,4,1322,658.366,616.683,107.671,9.55117,-7.24181,-0.366059,536.797,-376.482,-61.4728,381.267,-75.4682,840.033,0
20230101T000011.200000,3,1323,4775.61,-4885.57,-1610.83,0,0,0,2500,0,0,2500,0,2500,0
20230101T000011.200000,3,1324,5842.44,-7663.21,-309.473,0,0,0,2500,0,0,2500,0,2500,0
20230101T000011.200000,3,1325,10896.3,-2743.93,-2587.33,0,0,0,2500,0,0,2500,0,2500,0
20230101T000011.200000,3,1326,4809.52,-1883.3,558.675,0,0,0,2500,0,0,2500,0,2500,0
20230101T000011.200000,3,1327,3418.55,571.717,-141.543,0,0,0,2500,0,0,2500,0,2500,0
20230101T000011.200000,3,1328,4064.78,760.608,-530.436,0,0,0,2500,0,0,2500,0,2500,0
20230101T000011.200000,3,1329,7523.74,322.066,383.988,0,0,0,2500,0,0,2500,0,2500,0
20230101T000011.200000,3,1330,5803.26,-246.008,255.78,0,0,0,2500,0,0,2500,0,2500,0
20230101T000011.200000,3,1331,5272.19,153.018,153.995,0,0,0,2500,0,0,2500,0,2500,0
20230101T000011.200000,3,1332,6530.3,-275.783,1196.23,0,0,0,2500,0,0,2500,0,2500,0
20230101T000011.200000,3,1333,1946.27,968.992,188.776,0,0,0,2500,0,0,2500,0,2500,0
20230101T000011.200000,3,1334,350.858,65.9957,-30.2701,0,0,0,2500,0,0,2500,0,2500,0
20230101T000011.300000,6,1436,10191.5,-6926.01,-746.22,0,0,0,77404.4,112495,12165,166489,-8267.15,242939,9.84894e+19
20230101T000011.300000,6,1437,3114.55,-1202.49,-0.897431,0,0,0,2369.29,5970.87,4.45611,15529,-1.72045,17834.3,1.1012e+20
20230101T000011.300000,6,1438,420.962,-90.6685,-89.0246,0,0,0,83.9273,45.8252,47.5571,286.818,-10.243,299.311,1.10793e+20
20230101T000011.300000,6,1439,3423.49,-1375.63,418.639,0,0,0,3323.6,7416.24,-2286.48,18800.2,918.754,21781,1.18083e+20
20230101T000011.300000,6,1440,5670.44,-2085.76,-52.2775,0,0,0,7020.88,18901.4,473.778,51454.3,-174.271,58406.8,7.22797e+19
20230101T000011.300000,6,1441,1553.97,167.422,39.277,0,0,0,110.514,-409.194,-96.0583,3864.47,-10.3491,3908.6,1.528e+20
20230101T000011.300000,6,1442,6215.41,1100.06,-296.304,0,0,0,2134.33,-10904.6,2943.69,61816.4,520.999,63746.5,9.39126e+19
20230101T000011.300000,6,1443,10428,3915.12,619.189,0,0,0,25118.6,-65100,-10327.7,174072,-3877.47,198513,1.22422e+20
20230101T000011.300000,6,1444,7187.79,3648.59,-110.754,0,0,0,21366,-41926.7,1272.94,82680.1,646.157,103962,1.25677e+20
20230101T000011.300000,6,1445,783.954,420.256,132.372,0,0,0,352.998,-489.391,-157.826,1003.57,-84.606,1267.3,3.4371e+23
20230101T000011.300000,6,1446,924.665,259.708,28.7013,0,0,0,168.407,-367.239,-40.6229,1372.78,-11.4097,1475.98,2.02143e+20
20230101T000011.300000,6,1447,9241.21,1946.47,2311.46,0,0,0,14305.2,-27044.1,-34162.6,137006,-7195.64,142706,1.53918e+20
20230101T000011.300000,6,1448,3063.46,4170.38,-1325.9,0,0,0,28834.2,-19070.6,6489.85,16881.7,8834.82,42846.9,1.22222e+20
20230101T000011.300000,6,1449,4442.95,3335.43,-722.327,0,0,0,18374.3,-23279.6,5128.28,31907.3,3849.92,49384.9,1.12676e+20
20230101T000011.300000,6,1450,4439.2,4855.32,-809.332,0,0,0,38224.5,-33932.7,5743.22,32135.5,6281.58,69250,1.63828e+20
20230101T000011.300000,3,1335,10191.5,-6926.01,-746.22,0,0,0,2500,0,0,2500,0,2500,0
20230101T000011.300000,3,1336,3114.55,-1202.49,-0.897431,0,0,0,2500,0,0,2500,0,2500,0
20230101T000011.300000,3,1337,420.962,-90.6685,-89.0246,0,0,0,2500,0,0,2500,0,2500,0
20230101T000011.300000,3,1338,3423.49,-1375.63,418.639,0,0,0,2500,0,0,2500,0,2500,0
20230101T000011.300000,3,1339,5670.44,-2085.76,-52.2775,0,0,0,2500,0,0,2500,0,2500,0
20230101T000011.300000,3,1340,1553.97,167.422,39.277,0,0,0,2500,0,0,2500,0,2500,0
20230101T000011.300000,3,1341,6215.41,1100.06,-296.304,0,0,0,2500,0,0,2500,0,2500,0
20230101T000011.300000,3,1342,10428,3915.12,619.189,0,0,0,2500,0,0,2500,0,2500,0
20230101T000011.300000,3,1343,7187.79,3648.59,-110.754,0,0,0,2500,0,0,2500,0,2500,0
20230101T000011.300000,3,1344,783.954,420.256,132.372,0,0,0,2500,0,0,2500,0,2500,0
20230101T000011.300000,3,1345,924.665,259.708,28.7013,0,0,0,2500,0,0,2500,0,2500,0
20230101T000011.300000,3,1346,9241.21,1946.47,2311.46,0,0,0,2500,0,0,2500,0,2500,0
20230101T000011.300000,3,1347,3063.46,4170.38,-1325.9,0,0,0,2500,0,0,2500,0,2500,0
20230101T000011.300000,3,1348,4442.95,3335.43,-722.327,0,0,0,2500,0,0,2500,0,2500,0
20230101T000011.300000,3,1349,4439.2,4855.32,-809.332,0,0,0,2500,0,0,2500,0,2500,0
20230101T000011.400000,6,1451,7133.06,-6333.9,-285.061,0,0,0,64297.7,72191.8,3251.94,81494.4,-2887.61,145598,8.57432e+19
20230101T000011.400000,6,1452,2708.12,-769.179,-112.447,0,0,0,1024.47,3310.73,484.776,11740.5,-137.69,12680.9,1.23875e+20
20230101T000011.400000,6,1453,11015.6,-3693.12,-481.859,0,0,0,22214.1,64960,8490.24,194194,-2846.46,215972,1.20643e+20
20230101T000011.400000,6,1454,7461.76,-2391.65,471.341,0,0,0,9532.15,28431.6,-5623.61,89123.8,1802.48,98236.9,1.52722e+20
20230101T000011.400000,6,1455,5015.54,-2625.88,504.804,0,0,0,11402.2,20878.7,-4045.97,40350.4,2118.26,51281.9,1.01465e+20
20230101T000011.400000,6,1456,4892.47,-1443.03,-363.854,0,0,0,3585.18,11221.2,2843.87,38320,-838.798,41630,2.25798e+20
20230101T000011.400000,6,1457,2766.43,-445.877,-293.665,0,0,0,514.281,1941.96,1293.3,12250.1,-208.446,12563.8,1.22795e+20
20230101T000011.400000,6,1458,3907.79,-476.058,-188.823,0,0,0,481.741,2962.02,1177.57,24435.1,-143.455,24796.1,1.55929e+20
20230101T000011.400000,6,1459,6540.4,-37.6676,715.562,0,0,0,884.73,389.096,-7481.18,68443,43.0858,68446,1.18199e+20
20230101T000011.400000,6,1460,5571.99,1541.83,-40.6294,0,0,0,3865.51,-13728.6,361.785,49680.1,100.11,53479,1.54347e+20
20230101T000011.400000,6,1461,851.674,269.151,113.574,0,0,0,191.935,-342.74,-147.128,1168.15,-46.4965,1277.48,4.44421e+23
20230101T000011.400000,6,1462,6451.17,2557.24,-450.101,0,0,0,10798.4,-26262.7,4642.05,66640.9,1840.11,77051.7,1.17998e+20
20230101T000011.400000,6,1463,7691.72,4507.06,-1923.8,0,0,0,36955.4,-52857.7,23664.3,96189.3,13866.4,127165,1.24055e+20
20230101T000011.400000,6,1464,7414.25,6890.73,-701.062,0,0,0,76427.6,-81319.5,8313.32,88347.7,7726.32,163926,1.44614e+20
20230101T000011.400000,6,1465,5750.92,6436.3,-1848.5,0,0,0,68735.8,-56476.7,17000.2,55991,19026.3,119201,1.30795e+20
20230101T000011.400000,4,1320,7761.34,4614.97,-1275.7,7.18349,3.8841,-4.89985,780.542,-1123.17,307.208,2000.83,182.725,2619.98,0
20230101T000011.400000,4,1332,6471.24,-264.552,1168.07,-11.3577,2.15988,-5.41578,145.921,99.6156,-432.636,2500.52,18.2708,2428.45,0
20230101T000011.400000,4,1345,860.918,262.128,85.4742,-6.31156,0.239587,5.62109,126.68,-226.037,-24.9953,867.976,-7.02037,931.211,0
20230101T000011.400000,3,1350,7133.06,-6333.9,-285.061,0,0,0,2500,0,0,2500,0,2500,0
20230101T000011.400000,3,1351,2708.12,-769.179,-112.447,0,0,0,2500,0,0,2500,0,2500,0
20230101T000011.400000,3,1352,11015.6,-3693.12,-481.859,0,0,0,2500,0,0,2500,0,2500,0
20230101T000011.400000,3,1353,7461.76,-2391.65,471.341,0,0,0,2500,0,0,2500,0,2500,0
20230101T000011.400000,3,1354,5015.54,-2625.88,504.804,0,0,0,2500,0,0,2500,0,2500,0
20230101T000011.400000,3,1355,4892.47,-1443.03,-363.854,0,0,0,2500,0,0,2500,0,2500,0
20230101T000011.400000,3,1356,2766.43,-445.877,-293.665,0,0,0,2500,0,0,2500,0,2500,0
20230101T000011.400000,3,1357,3907.79,-476.058,-188.823,0,0,0,2500,0,0,2500,0,2500,0
20230101T000011.400000,3,1358,5571.99,1541.83,-40.6294,0,0,0,2500,0,0,2500,0,2500,0
20230101T000011.400000,3,1359,6451.17,2557.24,-450.101,0,0,0,2500,0,0,2500,0,2500,0
20230101T000011.400000,3,1360,7414.25,6890.73,-701.062,0,0,0,2500,0,0,2500,0,2500,0
20230101T000011.400000,3,1361,5750.92,6436.3,-1848.5,0,0,0,2500,0,0,2500,0,2500,0
20230101T000011.500000,6,1466,6332.15,-7009.86,2159.87,0,0,0,82002.1,67276.8,-21873.3,68297.5,24214.3,142778,2.40928e+20
20230101T000011.500000,6,1467,4783.6,-4705.78,461.893,0,0,0,35636.9,35814.5,-3532.09,36811.8,3474.64,72043.9,8.05051e+19
20230101T000011.500000,6,1468,3351.47,-808.83,510,0,0,0,1499.17,4228.04,-2725.79,17998.1,657.832,19019.8,1.16359e+20
20230101T000011.500000,6,1469,7922.85,-3365.15,1349.34,0,0,0,20639.6,41587.8,-17095.9,100889,7261.34,118555,1.84064e+20
20230101T000011.500000,6,1470,4689.92,185.616,-525.689,0,0,0,559.699,-1372.86,3937.62,35193.3,155.842,35248.4,1.23351e+20
20230101T000011.500000,6,1471,3598,2106.32,-640.26,0,0,0,7633.61,-11812.5,3677.56,20896.3,2152.9,27813,1.84786e+20
20230101T000011.500000,6,1472,6962.83,4495.46,163.569,0,0,0,32410,-50033.2,-1821.19,77601,-1175.82,109904,1.43999e+20
20230101T000011.500000,6,1473,6109.11,3109.72,-682.913,0,0,0,16115.5,-30068.9,6669.56,59880.6,3395,75187.1,1.56468e+20
20230101T000011.500000,6,1474,5433.43,1875.7,-100.254,0,0,0,5700.75,-16281.7,870.502,47244,300.51,52864.7,2.02328e+20
20230101T000011.500000,6,1475,2436.66,2266.28,270.389,0,0,0,8314.47,-8745.4,-1050.37,9583.41,-976.927,17717.7,1.54209e+20
20230101T000011.500000,6,1476,6646.13,5751.09,309.759,0,0,0,53044.4,-61048.4,-3292.21,70766.8,-2848.85,123594,1.17082e+20
20230101T000011.500000,6,1477,454.853,577.968,-142.463,0,0,0,570.488,-374.865,96.29,389.172,122.353,867.816,2.44233e+20
20230101T000011.500000,6,1478,5252.48,6059.95,391.389,0,0,0,58889.3,-50774.7,-3287.18,44318.1,-3792.52,102899,1.64802e+20
20230101T000011.500000,6,1479,3284.78,3675.58,-226.162,0,0,0,21680.5,-19245.2,1186.68,17344.7,1327.86,38879.6,7.68206e+19
20230101T000011.500000,4,1358,5537.02,1549.05,-43.12,-3.46277,0.714054,-0.246598,229.576,-603.669,15.9075,2244.12,4.40179,2411.05,0
20230101T000011.500000,4,1359,6384.2,2552.83,-453.561,-6.63147,-0.437225,-0.342488,394.571,-812.742,143.071,2122.71,56.7132,2435.22,0
20230101T000011.500000,3,1362,6332.15,-7009.86,2159.87,0,0,0,2500,0,0,2500,0,2500,0
20230101T000011.500000,3,1363,4783.6,-4705.78,461.893,0,0,0,2500,0,0,2500,0,2500,0
20230101T000011.500000,3,1364,3351.47,-808.83,510,0,0,0,2500,0,0,2500,0,2500,0
20230101T000011.500000,3,1365,7922.85,-3365.15,1349.34,0,0,0,2500,0,0,2500,0,2500,0
20230101T000011.500000,3,1366,4689.92,185.616,-525.689,0,0,0,2500,0,0,2500,0,2500,0
20230101T000011.500000,3,1367,3598,2106.32,-640.26,0,0,0,2500,0,0,2500,0,2500,0
20230101T000011.500000,3,1368,6962.83,4495.46,163.569,0,0,0,2500,0,0,2500,0,2500,0
20230101T000011.500000,3,1369,2436.66,2266.28,270.389,0,0,0,2500,0,0,2500,0,2500,0
20230101T000011.500000,3,1370,6646.13,5751.09,309.759,0,0,0,2500,0,0,2500,0,2500,0
20230101T000011.500000,3,1371,454.853,577.968,-142.463,0,0,0,2500,0,0,2500,0,2500,0
20230101T000011.500000,3,1372,5252.48,6059.95,391.389,0,0,0,2500,0,0,2500,0,2500,0
20230101T000011.500000,3,1373,3284.78,3675.58,-226.162,0,0,0,2500,0,0,2500,0,2500,0
20230101T000011.600000,6,1480,5984.68,-4671.41,-1484.86,0,0,0,37145.7,42990.1,14208.8,58665.2,-11090.8,92223.9,1.46663e+20
20230101T000011.600000,6,1481,4564.41,-7682.53,-2053.19,0,0,0,96209.7,53117.5,14987.4,38364.3,-25225.9,127772,1.51261e+20
20230101T000011.600000,6,1482,3156.82,-1733.07,-582.512,0,0,0,5270.74,8498.23,2933.37,16085,-1610.4,20752.1,9.92921e+19
20230101T000011.600000,6,1483,6118.06,-1289.35,-131.054,0,0,0,2747.44,12602.9,1281.56,59892.9,-270.082,62549,2.24934e+20
20230101T000011.600000,6,1484,5630.12,-1351.74,-298.661,0,0,0,3118.8,12129.8,2687.19,50728.4,-645.169,53640.9,2.87165e+20
20230101T000011.600000,6,1485,887.786,-22.593,144.444,0,0,0,96.488,29.6578,-195.039,1261.12,4.9635,1263.53,2.53668e+23
20230101T000011.600000,6,1486,6868.16,-920.615,583.657,0,0,0,1953.91,10036.5,-6408.53,75485.2,859.007,76831,2.17602e+20
20230101T000011.600000,6,1487,9676.91,-763.167,-553.699,0,0,0,1482.78,11772.7,8569.33,149832,-675.818,150760,1.36263e+20
20230101T000011.600000,6,1488,2345.93,1375.86,27.2367,0,0,0,3077.26,-5135.81,-101.68,8822.08,-59.6337,11834.2,1.6259e+20
20230101T000011.600000,6,1489,351.196,167.382,37.6743,0,0,0,98.3459,-68.5464,-15.627,209.499,-7.44788,242.763,1.54668e+20
20230101T000011.600000,6,1490,8104.71,2925.1,511.423,0,0,0,14116.6,-37777.3,-6628.34,105154,-2392.26,118788,1.53213e+20
20230101T000011.600000,6,1491,8296.91,5722.12,-213.7,0,0,0,52481.2,-75897.5,2835.76,110186,1955.73,162530,1.77575e+20
20230101T000011.600000,6,1492,3537.63,4052.43,-910.384,0,0,0,26876,-22249.8,5146.03,20811.6,5894.9,46301,1.38698e+20
20230101T000011.600000,3,1374,5984.68,-4671.41,-1484.86,0,0,0,2500,0,0,2500,0,2500,0
20230101T000011.600000,3,1375,4564.41,-7682.53,-2053.19,0,0,0,2500,0,0,2500,0,2500,0
20230101T000011.600000,3,1376,3156.82,-1733.07,-582.512,0,0,0,2500,0,0,2500,0,2500,0
20230101T000011.600000,3,1377,6118.06,-1289.35,-131.054,0,0,0,2500,0,0,2500,0,2500,0
20230101T000011.600000,3,1378,5630.12,-1351.74,-298.661,0,0,0,2500,0,0,2500,0,2500,0
20230101T000011.600000,3,1379,887.786,-22.593,144.444,0,0,0,2500,0,0,2500,0,2500,0
20230101T000011.600000,3,1380,6868.15,-920.615,583.657,0,0,0,2500,0,0,2500,0,2500,0
20230101T000011.600000,3,1381,9676.91,-763.167,-553.699,0,0,0,2500,0,0,2500,0,2500,0
20230101T000011.600000,3,1382,2345.93,1375.86,27.2367,0,0,0,2500,0,0,2500,0,2500,0
20230101T000011.600000,3,1383,351.196,167.382,37.6743,0,0,0,2500,0,0,2500,0,2500,0
20230101T000011.600000,3,1384,8104.71,2925.1,511.423,0,0,0,2500,0,0,2500,0,2500,0
20230101T000011.600000,3,1385,8296.91,5722.12,-213.7,0,0,0,2500,0,0,2500,0,2500,0
20230101T000011.600000,3,1386,3537.63,4052.43,-910.384,0,0,0,2500,0,0,2500,0,2500,0
20230101T000011.700000,6,1493,1330.78,-1687.6,49.6929,0,0,0,4582.81,3560.29,-104.893,2875.44,133.017,7390.37,1.2747e+20
20230101T000011.700000,6,1494,7656.37,-9274.92,-453.136,0,0,0,137798,113427,5549.47,94025.5,-6722.62,231431,1.75121e+20
20230101T000011.700000,6,1495,4774.56,-6778.38,494.275,0,0,0,73665.1,51568,-3773.73,36778.2,5357.5,109989,1.2832e+20
20230101T000011.700000,6,1496,5166.88,-3996.08,-553.341,0,0,0,25896.1,32767.8,4570.22,42921.8,-3534.62,68264.9,3.00112e+20
20230101T000011.700000,6,1497,857.206,-194.258,189.725,0,0,0,173.321,240.836,-247.34,1181.48,56.0517,1238.91,2.27221e+23
20230101T000011.700000,6,1498,877.938,-140.55,136.31,0,0,0,121.56,183.03,-182.009,1235.55,29.138,1266.32,2.0741e+23
20230101T000011.700000,6,1499,5067.06,-936.487,317.676,0,0,0,1621,7552.13,-2571.63,41087.6,475.285,42483.6,2.35437e+20
20230101T000011.700000,6,1500,1713.94,793.959,31.9087,0,0,0,1062.61,-2152.25,-86.5227,4711.74,-40.0804,5708.76,1.19596e+20
20230101T000011.700000,6,1501,7171.73,2023.99,1254.39,0,0,0,8943.98,-22550.4,-14383.8,82484.2,-4059.36,88850.1,1.23007e+20
20230101T000011.700000,6,1502,8346.64,4148.8,1721.04,0,0,0,31390,-53492.1,-22973.6,112417,-11419.3,139008,2.15409e+20
20230101T000011.700000,6,1503,4248.72,5869.58,-1098.26,0,0,0,55808.1,-38954.8,7460.37,30190,10306.4,84007.2,2.15059e+20
20230101T000011.700000,6,1504,7108.89,5851.33,2250.9,0,0,0,59649.5,-62547.1,-25590.8,84156.4,-21063.9,135643,2.15938e+20
20230101T000011.700000,4,1379,886.419,-101.517,139.058,-0.1354,-7.81431,-0.533282,83.3644,19.2908,-125.724,840.9,3.19953,835.647,0
20230101T000011.700000,3,1387,1330.78,-1687.6,49.6929,0,0,0,2500,0,0,2500,0,2500,0
20230101T000011.700000,3,1388,7656.38,-9274.92,-453.136,0,0,0,2500,0,0,2500,0,2500,0
20230101T000011.700000,3,1389,4774.56,-6778.38,494.275,0,0,0,2500,0,0,2500,0,2500,0
20230101T000011.700000,3,1390,5166.88,-3996.08,-553.341,0,0,0,2500,0,0,2500,0,2500,0
20230101T000011.700000,3,1391,857.206,-194.258,189.725,0,0,0,2500,0,0,2500,0,2500,0
20230101T000011.700000,3,1392,5067.06,-936.487,317.676,0,0,0,2500,0,0,2500,0,2500,0
20230101T000011.700000,3,1393,1713.94,793.959,31.9087,0,0,0,2500,0,0,2500,0,2500,0
20230101T000011.700000,3,1394,7171.73,2023.99,1254.39,0,0,0,2500,0,0,2500,0,2500,0
20230101T000011.700000,3,1395,8346.64,4148.8,1721.04,0,0,0,2500,0,0,2500,0,2500,0
20230101T000011.700000,3,1396,4248.72,5869.58,-1098.26,0,0,0,2500,0,0,2500,0,2500,0
20230101T000011.700000,3,1397,7108.89,5851.33,2250.9,0,0,0,2500,0,0,2500,0,2500,0
20230101T000011.800000,6,1505,1673.96,-1373.85,-45.9869,0,0,0,3060.18,3646.6,122.118,4510.54,-100.225,7503.39,1.5547e+20
20230101T000011.800000,6,1506,2670.42,-2225.82,-635.724,0,0,0,8344.94,9161.72,2707.54,11700.3,-2256.76,19338.8,1.64692e+20
20230101T000011.800000,6,1507,9121.8,-5734.53,-1823.96,0,0,0,56475.5,81268.4,26611.6,134657,-16729.7,185749,1.99053e+20
20230101T000011.800000,6,1508,3789.31,-3644.03,-741.724,0,0,0,21736.2,21622.2,4490.61,23427.3,-4318.44,44221.7,1.58097e+20
20230101T000011.800000,6,1509,831.989,-321.969,109.995,0,0,0,237.53,400.866,-139.174,1118.26,53.8586,1274.35,7.42178e+22
20230101T000011.800000,6,1510,5587.96,-1745.75,822.584,0,0,0,5919.74,15282.2,-7346.08,50062.3,2295.01,54837.9,1.72544e+20
20230101T000011.800000,6,1511,6637.37,-1834.05,-198.663,0,0,0,5500.09,19444.7,2107.98,70496.6,-582.482,75869.6,1.96708e+20
20230101T000011.800000,6,1512,9270.33,-3365.62,883.706,0,0,0,19283.9,49499.4,-13102.2,137655,4756.8,155627,2.38049e+20
20230101T000011.800000,6,1513,9669.56,-3228.93,-587.004,0,0,0,17235,49771,9078.22,149662,-3031.47,166282,1.04551e+20
20230101T000011.800000,6,1514,3617.86,-311.233,63.553,0,0,0,224.911,1795.58,-366.765,20942.7,31.5517,21097.2,1.72366e+20
20230101T000011.800000,6,1515,10628.6,889.507,-752.515,0,0,0,2228.94,-15046.1,12792.6,180754,1070.61,182014,6.14024e+20
20230101T000011.800000,6,1516,7971.2,718.469,383.643,0,0,0,1122.85,-9136.53,-4889.91,101667,-440.742,102490,1.03619e+20
20230101T000011.800000,6,1517,1545.07,533.646,183.347,0,0,0,560.167,-1283.13,-446.555,3832.07,-154.234,4276.04,1.47155e+20
20230101T000011.800000,6,1518,10279.1,4159.99,1606.43,0,0,0,31290.5,-66960,-26411.9,169647,-10688.9,196747,2.36201e+20
20230101T000011.800000,6,1519,8497.45,3679.4,357.146,0,0,0,21886.5,-49927.2,-4853.47,115573,-2101.56,137192,1.51677e+20
20230101T000011.800000,6,1520,1620.54,2014.2,-438.151,0,0,0,6636.34,-5042.13,1129.46,4426.06,1403.82,10694.8,1.76691e+20
20230101T000011.800000,6,1521,7323.89,7909.84,-178.892,0,0,0,100158,-92631.9,2095.57,85885.1,2263.23,185928,1.39406e+20
20230101T000011.800000,6,1522,4893.53,7440.7,1446.95,0,0,0,89612.8,-56691.6,-11323.5,40696.6,-17217.6,126899,1.56309e+20
20230101T000011.800000,6,1523,5494.15,5228.64,-753.714,0,0,0,44252.1,-45477.6,6621.07,48759.2,6301.1,92039.7,1.64938e+20
20230101T000011.800000,6,1524,4641.38,4169.06,-625.141,0,0,0,28190.8,-30617.9,4637.7,34775.3,4165.76,62278.1,1.27717e+20
20230101T000011.800000,4,1391,848.824,-280.928,137.402,-0.829874,-8.58116,-5.18047,133.483,157.806,-159.505,794.071,36.1467,820.096,0
20230101T000011.800000,3,1398,1673.96,-1373.85,-45.9869,0,0,0,2500,0,0,2500,0,2500,0
20230101T000011.800000,3,1399,2670.42,-2225.82,-635.724,0,0,0,2500,0,0,2500,0,2500,0
20230101T000011.800000,3,1400,9121.8,-5734.53,-1823.96,0,0,0,2500,0,0,2500,0,2500,0
20230101T000011.800000,3,1401,3789.31,-3644.03,-741.724,0,0,0,2500,0,0,2500,0,2500,0
20230101T000011.800000,3,1402,5587.96,-1745.75,822.584,0,0,0,2500,0,0,2500,0,2500,0
20230101T000011.800000,3,1403,6637.37,-1834.05,-198.663,0,0,0,2500,0,0,2500,0,2500,0
20230101T000011.800000,3,1404,9270.33,-3365.62,883.706,0,0,0,2500,0,0,2500,0,2500,0
20230101T000011.800000,3,1405,9669.56,-3228.93,-587.004,0,0,0,2500,0,0,2500,0,2500,0
20230101T000011.800000,3,1406,3617.86,-311.233,63.553,0,0,0,2500,0,0,2500,0,2500,0
20230101T000011.800000,3,1407,10628.6,889.507,-752.515,0,0,0,2500,0,0,2500,0,2500,0
20230101T000011.800000,3,1408,7971.2,718.469,383.643,0,0,0,2500,0,0,2500,0,2500,0
20230101T000011.800000,3,1409,1545.07,533.646,183.347,0,0,0,2500,0,0,2500,0,2500,0
20230101T000011.800000,3,1410,10279.1,4159.99,1606.43,0,0,0,2500,0,0,2500,0,2500,0
20230101T000011.800000,3,1411,8497.45,3679.4,357.146,0,0,0,2500,0,0,2500,0,2500,0
20230101T000011.800000,3,1412,1620.54,2014.2,-438.151,0,0,0,2500,0,0,2500,0,2500,0
20230101T000011.800000,3,1413,7323.89,7909.84,-178.892,0,0,0,2500,0,0,2500,0,2500,0
20230101T000011.800000,3,1414,4893.53,7440.7,1446.95,0,0,0,2500,0,0,2500,0,2500,0
20230101T000011.800000,3,1415,5494.15,5228.64,-753.714,0,0,0,2500,0,0,2500,0,2500,0
20230101T000011.800000,3,1416,4641.38,4169.06,-625.141,0,0,0,2500,0,0,2500,0,2500,0
20230101T000011.900000,6,1525,3551.62,-2598.05,-740.811,0,0,0,11412.3,14315.6,4201.27,20510.2,-3073.28,30984,1.03215e+20
20230101T000011.900000,6,1526,6066.93,-5660.3,1694.83,0,0,0,53752.4,52622,-16442.6,61059.6,15340.6,110157,2.67927e+20
20230101T000011.900000,6,1527,6039.3,-4647.95,-1329.15,0,0,0,36379.7,43516.4,12834.9,59431.7,-9877.93,92924.5,2.55343e+20
20230101T000011.900000,6,1528,6812.93,-6256.64,-95.4161,0,0,0,62675.6,68162.6,1039.61,74301.5,-954.728,136898,1.1979e+20
20230101T000011.900000,6,1529,810.084,-397.105,16.9991,0,0,0,304.263,489.233,-20.9507,1062.46,10.2701,1302.31,6.61297e+20
20230101T000011.900000,6,1530,2057.79,147.972,146.776,0,0,0,132.675,-480.172,-478.737,6775.72,-34.425,6810.57,1.0696e+20
20230101T000011.900000,6,1531,3842.29,1886.26,405.646,0,0,0,5956.01,-11466.8,-2488.38,23684.6,-1221.6,29314.4,1.55378e+20
20230101T000011.900000,6,1532,7994.11,3234.79,1883.17,0,0,0,21670.5,-39380.6,-24074.5,103056,-9741.67,118994,1.39832e+20
20230101T000011.900000,6,1533,1406.15,1309.89,4.23144,0,0,0,2779.6,-2915.13,-9.41697,3193.38,-8.77232,5908.95,1.07342e+20
20230101T000011.900000,6,1534,3406.08,2503.84,-243.224,0,0,0,10133.6,-13569.7,1322.55,18617.8,972.218,28593.2,1.61665e+20
20230101T000011.900000,4,1374,5986.26,-4670.75,-1480.56,0.434775,0.180765,1.18365,1100.17,1207.24,384.166,1704.47,-299.865,2554.28,0
20230101T000011.900000,3,1417,3551.62,-2598.05,-740.811,0,0,0,2500,0,0,2500,0,2500,0
20230101T000011.900000,3,1418,6066.93,-5660.3,1694.83,0,0,0,2500,0,0,2500,0,2500,0
20230101T000011.900000,3,1419,6812.93,-6256.64,-95.4161,0,0,0,2500,0,0,2500,0,2500,0
20230101T000011.900000,3,1420,810.084,-397.105,16.9991,0,0,0,2500,0,0,2500,0,2500,0
20230101T000011.900000,3,1421,2057.79,147.972,146.776,0,0,0,2500,0,0,2500,0,2500,0
20230101T000011.900000,3,1422,3842.29,1886.26,405.646,0,0,0,2500,0,0,2500,0,2500,0
20230101T000011.900000,3,1423,7994.11,3234.79,1883.17,0,0,0,2500,0,0,2500,0,2500,0
20230101T000011.900000,3,1424,1406.15,1309.89,4.23144,0,0,0,2500,0,0,2500,0,2500,0
20230101T000011.900000,3,1425,3406.08,2503.84,-243.224,0,0,0,2500,0,0,2500,0,2500,0
20230101T000012,6,1535,7165.3,-7239.46,-1479.6,0,0,0,85620,81214.1,16956.4,83947.6,-17131.9,166004,1.63511e+20
20230101T000012,6,1536,686.615,-572.067,67.9197,0,0,0,565.534,593.541,-70.9001,783.402,59.0719,1278.29,2.65677e+22
20230101T000012,6,1537,6028.82,-2976.4,688.642,0,0,0,14835.3,28384.3,-6636.9,58315.7,3276.6,72329.6,4.17229e+20
20230101T000012,6,1538,4594.47,-1989.94,-148.983,0,0,0,6419.54,14592.1,1093.45,33790.4,-473.592,40110.6,4.37655e+20
20230101T000012,6,1539,4139.8,-546.656,285.679,0,0,0,669.085,3595.66,-1887.93,27424.1,249.299,27899.2,1.02712e+20
20230101T000012,6,1540,10487.2,2224.29,-1417.94,0,0,0,11054.6,-36657,23784.4,176113,5044.54,183889,2.15583e+20
20230101T000012,6,1541,818.578,98.1207,100.869,0,0,0,93.6159,-119.136,-124.451,1073.24,-14.9176,1088.46,1.13328e+20
20230101T000012,6,1542,626.024,177.832,29.0323,0,0,0,110.95,-160.98,-26.3389,631.92,-7.48198,677.776,1.28419e+20
20230101T000012,6,1543,5561.91,3130.2,-806.224,0,0,0,16514.7,-27384.4,7167.7,49761.1,4033.93,65173.9,7.35025e+19
20230101T000012,6,1544,9719.16,5657.78,-1600.62,0,0,0,54325.3,-86172.7,24882.9,152193,14485,202357,7.62078e+20
20230101T000012,6,1545,9582.63,7783.85,-885.192,0,0,0,97735.1,-118699,13568.4,147447,11021.5,243865,1.23155e+20
20230101T000012,3,1426,7165.3,-7239.46,-1479.6,0,0,0,2500,0,0,2500,0,2500,0
20230101T000012,3,1427,686.615,-572.067,67.9197,0,0,0,2500,0,0,2500,0,2500,0
20230101T000012,3,1428,6028.82,-2976.4,688.642,0,0,0,2500,0,0,2500,0,2500,0
20230101T000012,3,1429,4594.47,-1989.94,-148.983,0,0,0,2500,0,0,2500,0,2500,0
20230101T000012,3,1430,4139.8,-546.657,285.679,0,0,0,2500,0,0,2500,0,2500,0
20230101T000012,3,1431,10487.2,2224.29,-1417.94,0,0,0,2500,0,0,2500,0,2500,0
20230101T000012,3,1432,818.578,98.1207,100.869,0,0,0,2500,0,0,2500,0,2500,0
20230101T000012,3,1433,626.024,177.832,29.0323,0,0,0,2500,0,0,2500,0,2500,0
20230101T000012,3,1434,5561.91,3130.2,-806.224,0,0,0,2500,0,0,2500,0,2500,0
20230101T000012,3,1435,9719.16,5657.78,-1600.62,0,0,0,2500,0,0,2500,0,2500,0
20230101T000012,3,1436,9582.63,7783.85,-885.192,0,0,0,2500,0,0,2500,0,2500,0
20230101T000012.100000,6,1546,9001.14,-7026.8,-1028.39,0,0,0,80092.2,100347,14806.2,130298,-11558.6,208635,1.24131e+20
20230101T000012.100000,6,1547,169.013,-196.509,26.8135,0,0,0,89.1987,21.2663,-2.97937,82.7634,3.46407,108.167,1.81337e+20
20230101T000012.100000,6,1548,1726.75,-567.441,-153.078,0,0,0,606.376,1537.76,417.839,4780.51,-137.309,5286.3,8.42355e+19
20230101T000012.100000,6,1549,654.688,-196.052,28.6241,0,0,0,121.331,187.447,-27.4204,691.152,8.21127,747.396,1.89765e+20
20230101T000012.100000,6,1550,4903.94,-1750.67,747.01,0,0,0,5751.3,13433.8,-5852.8,38585.9,2089.41,43382.9,1.17867e+20
20230101T000012.100000,6,1551,9691.54,4191.9,-1264.9,0,0,0,30325,-64045.8,19607.2,150695,8480.74,178398,1.11688e+20
20230101T000012.100000,6,1552,7022.48,4102.35,404.846,0,0,0,27170,-45951.8,-4546.09,78987.2,-2655.71,105831,1.13807e+20
20230101T000012.100000,6,1553,1510.47,2197.63,-612.269,0,0,0,7939.25,-5002.75,1471.79,4099.07,2141.36,11380.9,1.05225e+20
20230101T000012.100000,6,1554,712.055,821.299,-182.28,0,0,0,1128.78,-878.573,200.831,877.121,231.643,1892.24,8.70313e+22
20230101T000012.100000,6,1555,9223.45,8387.74,448.438,0,0,0,112778,-123590,-6616.14,136290,-6016.66,248682,1.92489e+20
20230101T000012.100000,6,1556,7924.08,7254.33,-345.323,0,0,0,84339.2,-91847.4,4376.67,100582,4006.75,184666,1.52385e+20
20230101T000012.100000,6,1557,276.332,322.736,-14.8858,0,0,0,193.843,-110.937,5.1249,159.262,5.98553,288.907,9.00492e+20
20230101T000012.100000,6,1558,4836.32,6332.95,-431.657,0,0,0,64303.3,-48830.5,3338.11,37652.6,4371.11,101594,1.92261e+20
20230101T000012.100000,4,1413,7311.68,7877.73,-180.783,-3.36212,-8.8377,-0.520412,1475.16,-1307.32,29.5669,1273.73,31.9324,2684.93,0
20230101T000012.100000,3,1437,9001.14,-7026.8,-1028.39,0,0,0,2500,0,0,2500,0,2500,0
20230101T000012.100000,3,1438,169.013,-196.509,26.8135,0,0,0,2500,0,0,2500,0,2500,0
20230101T000012.100000,3,1439,1726.75,-567.441,-153.078,0,0,0,2500,0,0,2500,0,2500,0
20230101T000012.100000,3,1440,654.688,-196.052,28.6241,0,0,0,2500,0,0,2500,0,2500,0
20230101T000012.100000,3,1441,4903.94,-1750.67,747.01,0,0,0,2500,0,0,2500,0,2500,0
20230101T000012.100000,3,1442,9691.54,4191.9,-1264.9,0,0,0,2500,0,0,2500,0,2500,0
20230101T000012.100000,3,1443,7022.47,4102.35,404.846,0,0,0,2500,0,0,2500,0,2500,0
20230101T000012.100000,3,1444,1510.47,2197.63,-612.269,0,0,0,2500,0,0,2500,0,2500,0
20230101T000012.100000,3,1445,712.055,821.299,-182.28,0,0,0,2500,0,0,2500,0,2500,0
20230101T000012.100000,3,1446,9223.45,8387.73,448.438,0,0,0,2500,0,0,2500,0,2500,0
20230101T000012.100000,3,1447,276.332,322.736,-14.8858,0,0,0,2500,0,0,2500,0,2500,0
20230101T000012.100000,3,1448,4836.32,6332.95,-431.657,0,0,0,2500,0,0,2500,0,2500,0
20230101T000012.200000,6,1559,3619.65,-2319.96,-40.5009,0,0,0,8658.74,13405.6,234.051,20982.4,-150.011,29574.5,9.28189e+19
20230101T000012.200000,6,1560,7428.94,-9572.13,38.3961,0,0,0,146626,113745,-456.263,88344.1,587.891,234904,1.16018e+20
20230101T000012.200000,6,1561,3050.66,-4383.84,-429.538,0,0,0,30866,21229.6,2093.68,15132.2,-3008.65,45639.8,1.30062e+20
20230101T000012.200000,6,1562,1121.42,-623.076,227.37,0,0,0,731.775,1056.5,-398.349,2046.26,221.329,2635.22,9.61223e+19
20230101T000012.200000,6,1563,1218.78,-616.71,-75.6428,0,0,0,666.616,1173.23,144.355,2391.57,-73.0442,2985.42,8.35855e+19
20230101T000012.200000,6,1564,9938.55,-2608.35,165.052,0,0,0,10986.2,41450.8,-2623.62,158047,688.563,168925,8.64517e+19
20230101T000012.200000,6,1565,11143,-1310.74,-2019.75,0,0,0,9247.97,22604.4,35998.8,198757,-4234.48,201418,9.9955e+19
20230101T000012.200000,6,1566,3251.72,2249.76,-163.215,0,0,0,8170.31,-11655.1,847.001,16952.4,586.013,25016.3,1.70973e+20
20230101T000012.200000,6,1567,4195.76,2157.39,-1066.4,0,0,0,8934.16,-13718.3,7146.73,28560.3,3674.73,35617.1,1.18311e+20
20230101T000012.200000,6,1568,825.035,704.666,-158.444,0,0,0,853.944,-879.415,202.197,1132.47,172.698,1884.91,4.24718e+21
20230101T000012.200000,6,1569,8024.47,8972.49,379.873,0,0,0,128940,-115053,-4875.9,103191,-5451.95,231836,5.07619e+20
20230101T000012.200000,4,1445,780.202,757.896,-168.383,6.74726,-6.27752,1.3759,656.113,-490.162,110.674,515.713,127.654,1069.92,0
20230101T000012.200000,3,1449,3619.65,-2319.96,-40.5009,0,0,0,2500,0,0,2500,0,2500,0
20230101T000012.200000,3,1450,7428.94,-9572.13,38.3961,0,0,0,2500,0,0,2500,0,2500,0
20230101T000012.200000,3,1451,3050.66,-4383.84,-429.538,0,0,0,2500,0,0,2500,0,2500,0
20230101T000012.200000,3,1452,1121.42,-623.076,227.37,0,0,0,2500,0,0,2500,0,2500,0
20230101T000012.200000,3,1453,1218.78,-616.71,-75.6428,0,0,0,2500,0,0,2500,0,2500,0
20230101T000012.200000,3,1454,9938.55,-2608.35,165.052,0,0,0,2500,0,0,2500,0,2500,0
20230101T000012.200000,3,1455,11143,-1310.74,-2019.75,0,0,0,2500,0,0,2500,0,2500,0
20230101T000012.200000,3,1456,3251.72,2249.76,-163.215,0,0,0,2500,0,0,2500,0,2500,0
20230101T000012.200000,3,1457,4195.76,2157.39,-1066.4,0,0,0,2500,0,0,2500,0,2500,0
20230101T000012.200000,3,1458,8024.47,8972.49,379.873,0,0,0,2500,0,0,2500,0,2500,0
20230101T000012.300000,6,1570,936.91,-1039.78,52.2808,0,0,0,1760.41,1524.72,-76.7737,1442.17,85.2029,3134.38,1.29873e+20
20230101T000012.300000,6,1571,7642.17,-9016.87,-928.849,0,0,0,130690,109541,11354.2,94284.8,-13396.7,223531,8.69583e+19
20230101T000012.300000,6,1572,5147.99,-5030.66,88.0453,0,0,0,40531.1,41398.2,-724.65,42440.2,708.135,82894.9,1.45873e+20
20230101T000012.300000,6,1573,4101.88,-4349.94,414.199,0,0,0,30434.4,28379.9,-2715.36,27099.7,2879.57,57196.2,2.31381e+20
20230101T000012.300000,6,1574,7910.03,-5063.42,-1951.47,0,0,0,45386.8,61288.3,24687.2,101899,-15802.9,141134,2.17406e+20
20230101T000012.300000,6,1575,3232.98,-1866.45,-466.196,0,0,0,5881.89,9476.85,2404.71,16826.1,-1388.28,22298.2,2.16465e+20
20230101T000012.300000,6,1576,11574.8,-4322.45,733.935,0,0,0,30706.1,79747.2,-13588.7,214476,5074.51,244256,1.46808e+20
20230101T000012.300000,6,1577,8233.38,-2049.17,-86.6598,0,0,0,6790.15,26976.8,1140.97,108466,-283.972,115180,1.817e+20
20230101T000012.300000,6,1578,2670.08,58.0248,32.1667,0,0,0,71.0022,-246.463,-136.65,11406.9,-2.9696,11412.3,1.09508e+20
20230101T000012.300000,6,1579,4114.89,556.279,-741.877,0,0,0,1420.83,-3537.29,4873.4,27108.6,658.82,27588.8,1.09311e+20
20230101T000012.300000,6,1580,7866.13,-612.209,-372.4,0,0,0,883.708,7683.04,4683.95,99003.4,-364.545,99601.5,6.05521e+19
20230101T000012.300000,6,1581,8358.88,-212.448,-396.956,0,0,0,387.986,2833.3,5305.95,111794,-134.855,111866,9.80394e+19
20230101T000012.300000,6,1582,6769.27,-973.459,128.518,0,0,0,1604.77,10530.6,-1390.77,73318.7,200.001,74833.1,2.45446e+20
20230101T000012.300000,6,1583,5264.21,-394.988,-565.703,0,0,0,821.709,3283.96,4758,44342.3,-357.006,44589.4,1.13469e+20
20230101T000012.300000,6,1584,929.391,553.341,-200.678,0,0,0,583.148,-767.313,288.55,1415.08,171.797,1874.06,1.18066e+22
20230101T000012.300000,6,1585,7761.73,5338.2,-1048.87,0,0,0,46832.1,-65442.5,13019.9,96976.5,8954.55,141986,1.96458e+20
20230101T000012.300000,6,1586,8911.02,8497.49,-1087.36,0,0,0,116556,-120178,15499,127981,14779.8,242582,1.40999e+20
20230101T000012.300000,6,1587,453.357,337.743,72.8571,0,0,0,228.46,-210.76,-46.3423,354.353,-34.5242,512.411,1.86592e+20
20230101T000012.300000,6,1588,5278.38,6127.84,-321.401,0,0,0,60178.3,-51638.8,2712.71,44709.7,3149.26,104659,1.4483e+20
20230101T000012.300000,6,1589,5265.35,5118.23,1109.68,0,0,0,42959.2,-42102.8,-9341.8,45345.9,-9080.77,86273.7,1.55138e+20
20230101T000012.300000,4,1436,9563.35,7782.16,-886.294,-5.30621,-0.466182,-0.303284,1117.06,-1281.65,145.76,1653.82,118.399,2681.58,0
20230101T000012.300000,4,1448,4913.15,6414.26,-434.82,14.7744,15.6377,-0.608332,1626.94,-1189.23,81.0644,977.882,106.15,2528.07,0
20230101T000012.300000,3,1459,936.91,-1039.78,52.2808,0,0,0,2500,0,0,2500,0,2500,0
20230101T000012.300000,3,1460,7642.17,-9016.87,-928.849,0,0,0,2500,0,0,2500,0,2500,0
20230101T000012.300000,3,1461,5147.99,-5030.66,88.0453,0,0,0,2500,0,0,2500,0,2500,0
20230101T000012.300000,3,1462,4101.88,-4349.94,414.199,0,0,0,2500,0,0,2500,0,2500,0
20230101T000012.300000,3,1463,7910.03,-5063.42,-1951.47,0,0,0,2500,0,0,2500,0,2500,0
20230101T000012.300000,3,1464,3232.98,-1866.45,-466.196,0,0,0,2500,0,0,2500,0,2500,0
20230101T000012.300000,3,1465,11574.8,-4322.45,733.935,0,0,0,2500,0,0,2500,0,2500,0
20230101T000012.300000,3,1466,8233.38,-2049.17,-86.6598,0,0,0,2500,0,0,2500,0,2500,0
20230101T000012.300000,3,1467,2670.08,58.0248,32.1667,0,0,0,2500,0,0,2500,0,2500,0
20230101T000012.300000,3,1468,4114.89,556.279,-741.877,0,0,0,2500,0,0,2500,0,2500,0
20230101T000012.300000,3,1469,7866.13,-612.209,-372.4,0,0,0,2500,0,0,2500,0,2500,0
20230101T000012.300000,3,1470,8358.88,-212.448,-396.957,0,0,0,2500,0,0,2500,0,2500,0
20230101T000012.300000,3,1471,6769.27,-973.459,128.518,0,0,0,2500,0,0,2500,0,2500,0
20230101T000012.300000,3,1472,5264.21,-394.988,-565.703,0,0,0,2500,0,0,2500,0,2500,0
20230101T000012.300000,3,1473,929.391,553.341,-200.678,0,0,0,2500,0,0,2500,0,2500,0
20230101T000012.300000,3,1474,7761.73,5338.2,-1048.87,0,0,0,2500,0,0,2500,0,2500,0
20230101T000012.300000,3,1475,453.357,337.743,72.8571,0,0,0,2500,0,0,2500,0,2500,0
20230101T000012.300000,3,1476,5265.35,5118.23,1109.68,0,0,0,2500,0,0,2500,0,2500,0
20230101T000012.400000,6,1590,6959.12,-9000.06,403.489,0,0,0,129723,100055,-4491.3,77690.1,5808.49,207089,1.29177e+20
20230101T000012.400000,6,1591,5546.96,-5030.21,-227.234,0,0,0,40565.2,44570.8,2015.29,49296.1,-1827.55,89714.9,9.94503e+19
20230101T000012.400000,6,1592,11517.9,1569.39,2249.29,0,0,0,11948.7,-27830.5,-41439.5,212407,-5646.41,216201,1.62052e+20
20230101T000012.400000,6,1593,10281.7,1623.74,1834.63,0,0,0,9533.36,-25872.4,-30170.3,169275,-4764.64,173363,1.1038e+20
20230101T000012.400000,6,1594,7691.85,-928.157,-263.59,0,0,0,1550.94,11402,3241.84,94665.8,-391.185,96041.8,1.63577e+20
20230101T000012.400000,6,1595,9478.04,-530.223,-188.329,0,0,0,570.166,8034.04,2854.72,143734,-159.699,144183,1.60345e+20
20230101T000012.400000,6,1596,1003.99,420.308,-171.336,0,0,0,375.759,-636.202,266.164,1629.13,111.426,1897.01,9.88567e+21
20230101T000012.400000,6,1597,4132.48,1619.09,973.215,0,0,0,5561.04,-10169.9,-6422.41,27533.7,-2516.27,31521.2,1.70138e+20
20230101T000012.400000,6,1598,10159,2911.69,-180.929,0,0,0,13672.2,-47297.1,2939.85,165138,842.593,178694,1.13184e+20
20230101T000012.400000,6,1599,6878.46,4339.48,-655.348,0,0,0,30666.8,-47419.6,7208.13,75914.9,4547.46,105831,2.94495e+20
20230101T000012.400000,6,1600,8096.39,4309.96,-492.346,0,0,0,30073.1,-55644.8,6374.94,104982,3393.57,134604,1.23471e+20
20230101T000012.400000,6,1601,8488.89,4664.4,-1619.72,0,0,0,38082.5,-61555,21990.2,116286,12083,150110,1.63734e+20
20230101T000012.400000,6,1602,7827.14,9138.12,-687.413,0,0,0,133955,-114035,8606.4,98495.5,10047.9,231631,1.40945e+20
20230101T000012.400000,6,1603,322.063,220.614,-19.4807,0,0,0,121.738,-83.6347,7.41011,186.542,5.07594,243.991,1.19244e+20
20230101T000012.400000,4,1447,330.925,231.676,-19.4133,15.0257,-25.0627,-1.2461,177.237,-98.0036,4.52689,146.687,5.2871,261.195,0
20230101T000012.400000,4,1458,8027.98,8980.71,368.309,0.675098,1.57909,-2.22376,1457.41,-1245.33,-52.7248,1178.71,-58.9538,2568.7,0
20230101T000012.400000,4,1473,978.137,480.76,-184.266,4.82634,-7.18623,1.62489,352.804,-429.97,159.274,818.986,94.8283,1061.53,0
20230101T000012.400000,3,1477,6959.12,-9000.06,403.489,0,0,0,2500,0,0,2500,0,2500,0
20230101T000012.400000,3,1478,5546.96,-5030.21,-227.234,0,0,0,2500,0,0,2500,0,2500,0
20230101T000012.400000,3,1479,11517.9,1569.39,2249.29,0,0,0,2500,0,0,2500,0,2500,0
20230101T000012.400000,3,1480,10281.7,1623.74,1834.63,0,0,0,2500,0,0,2500,0,2500,0
20230101T000012.400000,3,1481,7691.85,-928.157,-263.59,0,0,0,2500,0,0,2500,0,2500,0
20230101T000012.400000,3,1482,9478.04,-530.223,-188.329,0,0,0,2500,0,0,2500,0,2500,0
20230101T000012.400000,3,1483,4132.48,1619.09,973.215,0,0,0,2500,0,0,2500,0,2500,0
20230101T000012.400000,3,1484,10159,2911.69,-180.929,0,0,0,2500,0,0,2500,0,2500,0
20230101T000012.400000,3,1485,6878.46,4339.48,-655.348,0,0,0,2500,0,0,2500,0,2500,0
20230101T000012.400000,3,1486,8096.39,4309.96,-492.346,0,0,0,2500,0,0,2500,0,2500,0
20230101T000012.400000,3,1487,8488.89,4664.4,-1619.72,0,0,0,2500,0,0,2500,0,2500,0
20230101T000012.500000,6,1604,1501.26,-2460.66,819.224,0,0,0,9995.07,5406.79,-1959.03,4431.73,3210.96,13298.6,1.73695e+20
20230101T000012.500000,6,1605,4028.41,-3275.81,940.26,0,0,0,18058.3,20391.4,-6051.71,26552.7,4921.1,43136.5,1.93783e+20
20230101T000012.500000,6,1606,5410.22,-3953.76,-746.515,0,0,0,25634,33770.2,6456.41,47165.2,-4718.31,71845,1.16037e+20
20230101T000012.500000,6,1607,8985.18,-2903.98,-821.246,0,0,0,14527.5,41414,11801.2,129281,-3814.11,142667,1.20274e+20
20230101T000012.500000,6,1608,1065.85,222.918,-148.535,0,0,0,173.526,-360.492,244.916,1821.77,51.2232,1898.33,2.57381e+21
20230101T000012.500000,6,1609,5280.19,-1138.3,-1060.78,0,0,0,3852.48,9233.11,8949.92,44691.3,-1929.42,46684.1,3.42248e+20
20230101T000012.500000,6,1610,1050.54,280.144,-157.936,0,0,0,221.345,-445.343,256.671,1772.63,68.4456,1892.71,2.75894e+21
20230101T000012.500000,6,1611,9737.35,4267.32,-875.038,0,0,0,30217,-66010,13628.1,151913,5972.4,180842,1.75434e+20
20230101T000012.500000,6,1612,4755.2,888.598,557.29,0,0,0,1804.55,-6659.61,-4232.89,36198,-790.994,37443.3,1.75684e+20
20230101T000012.500000,6,1613,8802.04,3891.35,806.61,0,0,0,25152.1,-54394.4,-11354.8,124142,-5019.92,148190,1.02305e+20
20230101T000012.500000,6,1614,2133.29,1805.27,469.328,0,0,0,5456.04,-5957.39,-1593.96,7454.54,-1348.87,12497.7,1.40921e+20
20230101T000012.500000,6,1615,9342.68,7835.5,2075.59,0,0,0,102315,-113703,-31018.4,142529,-26014.5,237891,8.07059e+20
20230101T000012.500000,6,1616,285.141,195.665,51.8217,0,0,0,106.733,-58.0607,-15.9083,151.503,-10.9163,192.75,6.77832e+20
20230101T000012.500000,3,1488,1501.26,-2460.66,819.224,0,0,0,2500,0,0,2500,0,2500,0
20230101T000012.500000,3,1489,4028.41,-3275.81,940.26,0,0,0,2500,0,0,2500,0,2500,0
20230101T000012.500000,3,1490,5410.22,-3953.76,-746.515,0,0,0,2500,0,0,2500,0,2500,0
20230101T000012.500000,3,1491,8985.18,-2903.98,-821.246,0,0,0,2500,0,0,2500,0,2500,0
20230101T000012.500000,3,1492,1065.85,222.918,-148.535,0,0,0,2500,0,0,2500,0,2500,0
20230101T000012.500000,3,1493,5280.19,-1138.3,-1060.78,0,0,0,2500,0,0,2500,0,2500,0
20230101T000012.500000,3,1494,1050.54,280.144,-157.936,0,0,0,2500,0,0,2500,0,2500,0
20230101T000012.500000,3,1495,9737.35,4267.32,-875.038,0,0,0,2500,0,0,2500,0,2500,0
20230101T000012.500000,3,1496,4755.2,888.598,557.29,0,0,0,2500,0,0,2500,0,2500,0
20230101T000012.500000,3,1497,8802.04,3891.35,806.61,0,0,0,2500,0,0,2500,0,2500,0
20230101T000012.500000,3,1498,2133.29,1805.27,469.328,0,0,0,2500,0,0,2500,0,2500,0
20230101T000012.500000,3,1499,9342.68,7835.5,2075.59,0,0,0,2500,0,0,2500,0,2500,0
20230101T000012.500000,3,1500,285.141,195.665,51.8217,0,0,0,2500,0,0,2500,0,2500,0
20230101T000012.600000,6,1617,1502.27,-1415.98,127.035,0,0,0,3255.43,3358.78,-302.49,3653.05,285.115,6819.14,1.24139e+20
20230101T000012.600000,6,1618,381.94,-247.352,-29.6915,0,0,0,143.785,121.438,14.6543,252.653,-9.49042,331.57,9.36366e+19
20230101T000012.600000,6,1619,5411.81,-2696.01,-384.599,0,0,0,11870.2,23224.6,3326.57,46920,-1657.21,58490.1,1.15098e+20
20230101T000012.600000,6,1620,7495.9,-2586.59,737.515,0,0,0,11539.1,30734.2,-8839.76,90000.9,3050.32,100607,1.03403e+20
20230101T000012.600000,6,1621,7913.35,-2334.67,-1508.23,0,0,0,12126.2,28555.4,19085.4,100490,-5630.74,108917,1.69266e+20
20230101T000012.600000,6,1622,1074.38,48.0198,-200.462,0,0,0,129.585,-76.9193,333.078,1847.11,14.8871,1852.7,2.46645e+22
20230101T000012.600000,6,1623,3639.66,1858.33,641.292,0,0,0,6096.91,-10530.1,-3725.81,21344.4,-1902.31,26722.4,1.38043e+20
20230101T000012.600000,4,1492,1077.65,122.794,-177.921,1.16792,-9.91331,-2.90952,123.266,-200.778,135.307,1041.26,28.2989,1075.82,0
20230101T000012.600000,3,1501,1502.27,-1415.98,127.035,0,0,0,2500,0,0,2500,0,2500,0
20230101T000012.600000,3,1502,381.94,-247.352,-29.6915,0,0,0,2500,0,0,2500,0,2500,0
20230101T000012.600000,3,1503,5411.81,-2696.01,-384.599,0,0,0,2500,0,0,2500,0,2500,0
20230101T000012.600000,3,1504,7495.9,-2586.59,737.515,0,0,0,2500,0,0,2500,0,2500,0
20230101T000012.600000,3,1505,7913.35,-2334.67,-1508.23,0,0,0,2500,0,0,2500,0,2500,0
20230101T000012.600000,3,1506,3639.66,1858.33,641.292,0,0,0,2500,0,0,2500,0,2500,0
20230101T000012.700000,6,1624,1668.29,-2117.56,203.739,0,0,0,7224.31,5589.12,-540.858,4533.36,686.51,11628,1.14325e+20
20230101T000012.700000,6,1625,4937.9,-7192.33,971.273,0,0,0,83271.2,56090.2,-7669.7,40081.4,11171.3,121781,1.68566e+20
20230101T000012.700000,6,1626,1029.49,-251.69,-284.827,0,0,0,280.16,370.864,453.579,1706.44,-110.891,1801.42,2.21055e+21
20230101T000012.700000,6,1627,8255.13,-2185.55,1257.06,0,0,0,10063.8,28226.2,-16594.5,109205,4393.41,116680,1.2652e+20
20230101T000012.700000,6,1628,12359.5,-580.375,-323.043,0,0,0,769.356,11466.2,6386.59,244413,-299.9,244951,9.33378e+19
20230101T000012.700000,6,1629,1309.38,436.945,-104.524,0,0,0,378.461,-891.044,214.408,2751.28,71.5488,3048.99,2.35729e+20
20230101T000012.700000,6,1630,715.861,380.601,-75.9557,0,0,0,288.43,-405.809,81.7499,835.948,43.4639,1052.26,1.55015e+20
20230101T000012.700000,6,1631,4913.1,1914.21,460.979,0,0,0,6213.03,-14911,-3618.57,38674.9,-1409.84,44484.9,1.55139e+20
20230101T000012.700000,6,1632,1152.95,1006.99,-16.6743,0,0,0,1658.99,-1825.69,30.2345,2154.77,26.4068,3749.33,1.09168e+20
20230101T000012.700000,6,1633,6904.92,7255.34,-5.67063,0,0,0,84254.4,-80124.1,62.6234,76318.3,65.8015,160509,9.0798e+19
20230101T000012.700000,6,1634,3517.03,3700.11,-872.436,0,0,0,22512.9,-20182.3,4902.09,20463.7,5157.27,41698.3,1.30631e+20
20230101T000012.700000,3,1507,1668.29,-2117.56,203.739,0,0,0,2500,0,0,2500,0,2500,0
20230101T000012.700000,3,1508,4937.9,-7192.33,971.273,0,0,0,2500,0,0,2500,0,2500,0
20230101T000012.700000,3,1509,1029.49,-251.69,-284.827,0,0,0,2500,0,0,2500,0,2500,0
20230101T000012.700000,3,1510,8255.13,-2185.55,1257.06,0,0,0,2500,0,0,2500,0,2500,0
20230101T000012.700000,3,1511,12359.5,-580.375,-323.043,0,0,0,2500,0,0,2500,0,2500,0
20230101T000012.700000,3,1512,1309.38,436.944,-104.524,0,0,0,2500,0,0,2500,0,2500,0
20230101T000012.700000,3,1513,715.861,380.601,-75.9557,0,0,0,2500,0,0,2500,0,2500,0
20230101T000012.700000,3,1514,4913.1,1914.21,460.979,0,0,0,2500,0,0,2500,0,2500,0
20230101T000012.700000,3,1515,1152.95,1006.99,-16.6743,0,0,0,2500,0,0,2500,0,2500,0
20230101T000012.700000,3,1516,6904.92,7255.34,-5.67063,0,0,0,2500,0,0,2500,0,2500,0
20230101T000012.700000,3,1517,3517.03,3700.11,-872.436,0,0,0,2500,0,0,2500,0,2500,0
20230101T000012.800000,6,1635,6041.21,-7564.38,-2081.15,0,0,0,94274.4,69707.8,20108,62662.4,-25177.8,149949,1.47804e+20
20230101T000012.800000,6,1636,6610.08,-7943.62,-910.612,0,0,0,101531,83329.2,9627.17,70730.5,-11569.4,170871,1.34225e+20
20230101T000012.800000,6,1637,851.625,-594.254,89.3999,0,0,0,616.347,773.916,-117.331,1185.41,81.8724,1725.92,1.72022e+20
20230101T000012.800000,6,1638,4450.3,-3006.94,192.432,0,0,0,14551.2,21353.7,-1368.31,31727,924.525,46155.1,2.41006e+20
20230101T000012.800000,6,1639,998.358,-420.97,-185.253,0,0,0,382.961,630.526,286.122,1612.43,-120.647,1880.11,9.87377e+21
20230101T000012.800000,6,1640,8116.71,-4177.84,661.06,0,0,0,28530,53946.1,-8580.91,105569,4416.77,133337,2.14181e+20
20230101T000012.800000,6,1641,5544.59,-3595.47,694.212,0,0,0,21271.3,31515.8,-6153.01,49434.9,3990.01,69872.5,1.5167e+20
20230101T000012.800000,6,1642,2180.53,-138.64,-244.794,0,0,0,189.198,473.62,846.984,7608.21,-53.8517,7639.11,1.14488e+20
20230101T000012.800000,6,1643,12052.1,329.303,927.923,0,0,0,1613.72,-6310.71,-17888.6,232405,-488.775,232578,4.23331e+20
20230101T000012.800000,6,1644,4812.05,167.747,-460.46,0,0,0,447.191,-1277.51,3539.15,37049.8,123.374,37094.9,1.03695e+20
20230101T000012.800000,6,1645,6470.58,-750.293,77.0424,0,0,0,973.215,7759.32,-796.864,66990.5,92.3998,67890.3,1.02626e+20
20230101T000012.800000,6,1646,6719.16,247.197,180.059,0,0,0,213.442,-2653.28,-1934.04,72235.5,-71.1531,72333.1,1.64721e+20
20230101T000012.800000,6,1647,5109.97,3220.76,-148.02,0,0,0,16668.2,-26288.1,1208.88,41807,761.944,58376.2,1.60981e+20
20230101T000012.800000,6,1648,6265.39,3612.27,674.979,0,0,0,21472.3,-35868.7,-6761.28,63005.8,-3898.17,83686.3,1.30632e+20
20230101T000012.800000,6,1649,5925.15,2663.61,152.292,0,0,0,11435.8,-25213.8,-1442.4,56188.9,-648.418,67523.6,9.8178e+19
20230101T000012.800000,6,1650,3279.67,3100.75,356.969,0,0,0,15524.7,-16137.6,-1869.53,17336.2,-1767.54,32593.8,1.6646e+20
20230101T000012.800000,6,1651,4955.66,7542.83,495.596,0,0,0,91168.6,-59597.9,-3927.68,39612.8,-5978.18,130325,1.24289e+20
20230101T000012.800000,4,1509,1022.34,-351.452,-229.254,-0.7081,-9.87747,5.50231,183.611,211.786,250.898,998.102,-61.3397,1023.47,0
20230101T000012.800000,3,1518,6041.21,-7564.38,-2081.15,0,0,0,2500,0,0,2500,0,2500,0
20230101T000012.800000,3,1519,6610.08,-7943.62,-910.612,0,0,0,2500,0,0,2500,0,2500,0
20230101T000012.800000,3,1520,851.625,-594.254,89.3999,0,0,0,2500,0,0,2500,0,2500,0
20230101T000012.800000,3,1521,4450.31,-3006.94,192.432,0,0,0,2500,0,0,2500,0,2500,0
20230101T000012.800000,3,1522,8116.71,-4177.84,661.06,0,0,0,2500,0,0,2500,0,2500,0
20230101T000012.800000,3,1523,5544.59,-3595.47,694.212,0,0,0,2500,0,0,2500,0,2500,0
20230101T000012.800000,3,1524,2180.53,-138.64,-244.794,0,0,0,2500,0,0,2500,0,2500,0
20230101T000012.800000,3,1525,12052.1,329.303,927.923,0,0,0,2500,0,0,2500,0,2500,0
20230101T000012.800000,3,1526,4812.05,167.747,-460.46,0,0,0,2500,0,0,2500,0,2500,0
20230101T000012.800000,3,1527,6470.58,-750.293,77.0424,0,0,0,2500,0,0,2500,0,2500,0
20230101T000012.800000,3,1528,6719.16,247.197,180.059,0,0,0,2500,0,0,2500,0,2500,0
20230101T000012.800000,3,1529,5109.97,3220.76,-148.02,0,0,0,2500,0,0,2500,0,2500,0
20230101T000012.800000,3,1530,6265.39,3612.27,674.979,0,0,0,2500,0,0,2500,0,2500,0
20230101T000012.800000,3,1531,5925.15,2663.61,152.292,0,0,0,2500,0,0,2500,0,2500,0
20230101T000012.800000,3,1532,3279.67,3100.75,356.969,0,0,0,2500,0,0,2500,0,2500,0
20230101T000012.800000,3,1533,4955.66,7542.83,495.596,0,0,0,2500,0,0,2500,0,2500,0
20230101T000012.900000,6,1652,6817.26,-9010.27,-674.076,0,0,0,130184,97900.1,7350.27,74863,-9714.74,204256,1.12106e+20
20230101T000012.900000,6,1653,4228.66,-6486.3,-628.174,0,0,0,67522.7,43567.5,4247.32,29098.2,-6514.93,95926.3,1.46575e+20
20230101T000012.900000,6,1654,970.537,-491.352,-169.242,0,0,0,472.501,719.351,254.135,1529.2,-128.661,1894.9,1.17856e+21
20230101T000012.900000,6,1655,3081.9,-1355,-602.193,0,0,0,3475.84,6444.95,2959.29,15301.1,-1301.09,18136.6,1.32619e+20
20230101T000012.900000,6,1656,10784.9,-4483.26,1040.73,0,0,0,33691.1,76725.7,-17953.4,186368,7463.19,218263,1.105e+20
20230101T000012.900000,6,1657,10659.6,-1427.74,-2113.43,0,0,0,10342.6,23402.2,36033.3,181930,-4826.28,185067,1.46153e+20
20230101T000012.900000,6,1658,8889.92,-1128.45,470.214,0,0,0,2448.41,15998.8,-6684.93,126456,848.56,128487,7.59973e+19
20230101T000012.900000,6,1659,5122.8,465.052,440.047,0,0,0,716.348,-3778.18,-3601.43,41992.1,-326.941,42335.5,1.26828e+20
20230101T000012.900000,6,1660,2005.86,772.189,-40.7196,0,0,0,1012.07,-2455.91,129.554,6446.19,49.8737,7391.65,1.18183e+20
20230101T000012.900000,6,1661,8120.36,1712.57,-810.042,0,0,0,5758.52,-22026,10518.5,105552,2218.34,110198,7.44917e+19
20230101T000012.900000,6,1662,6257.51,7327.88,-2547.01,0,0,0,90318.9,-68211.6,25490.4,68687.5,29850.7,148571,1.61612e+20
20230101T000012.900000,6,1663,4564.19,5599.27,-321.599,0,0,0,50254.4,-40777.5,2346.75,33468.7,2878.95,83493.9,1.13464e+20
20230101T000012.900000,3,1534,6817.26,-9010.27,-674.076,0,0,0,2500,0,0,2500,0,2500,0
20230101T000012.900000,3,1535,4228.66,-6486.3,-628.175,0,0,0,2500,0,0,2500,0,2500,0
20230101T000012.900000,3,1536,970.536,-491.352,-169.242,0,0,0,2500,0,0,2500,0,2500,0
20230101T000012.900000,3,1537,3081.9,-1355,-602.193,0,0,0,2500,0,0,2500,0,2500,0
20230101T000012.900000,3,1538,10784.9,-4483.26,1040.73,0,0,0,2500,0,0,2500,0,2500,0
20230101T000012.900000,3,1539,10659.6,-1427.74,-2113.43,0,0,0,2500,0,0,2500,0,2500,0
20230101T000012.900000,3,1540,8889.92,-1128.45,470.214,0,0,0,2500,0,0,2500,0,2500,0
20230101T000012.900000,3,1541,5122.8,465.052,440.047,0,0,0,2500,0,0,2500,0,2500,0
20230101T000012.900000,3,1542,2005.86,772.189,-40.7196,0,0,0,2500,0,0,2500,0,2500,0
20230101T000012.900000,3,1543,8120.36,1712.57,-810.042,0,0,0,2500,0,0,2500,0,2500,0
20230101T000012.900000,3,1544,6257.51,7327.88,-2547.01,0,0,0,2500,0,0,2500,0,2500,0
20230101T000012.900000,3,1545,4564.19,5599.27,-321.599,0,0,0,2500,0,0,2500,0,2500,0
20230101T000013,6,1664,1757.93,-2418.26,203.525,0,0,0,9401.75,6740,-569.903,5029.54,783.977,14301.6,1.70599e+20
20230101T000013,6,1665,875.753,-660.741,-88.4872,0,0,0,747.029,889.238,119.894,1254.72,-90.4583,1926.05,7.84444e+20
20230101T000013,6,1666,4803.14,-6251.38,2103.31,0,0,0,65177.2,44593.5,-16154.3,41400.7,21025.1,99444.1,1.17059e+20
20230101T000013,6,1667,3682.7,-1474.8,-758.661,0,0,0,4326.89,8350.87,4459.32,21835.5,-1785.81,25182,1.29321e+20
20230101T000013,6,1668,7071.45,-1635.49,436.173,0,0,0,4629.19,18423.6,-4931.26,80027.3,1140.51,84288.5,4.23129e+20
20230101T000013,6,1669,1249.5,82.8964,-66.6717,0,0,0,81.6153,-161.041,129.9,2498.32,8.61802,2509.18,1.09632e+20
20230101T000013,6,1670,11219.6,-1049.45,2201.64,0,0,0,9511.54,18114.1,-39510.4,201474,3695.69,203171,1.97712e+20
20230101T000013,6,1671,8401.65,1015.02,-317.925,0,0,0,1870.82,-13617.7,4271.37,112944,516.034,114589,1.99194e+20
20230101T000013,6,1672,5392.82,-181.507,-687.732,0,0,0,871.522,1538.58,5926.08,46532.9,-199.455,46585.7,1.33262e+20
20230101T000013,6,1673,4754.7,55.4825,-68.1058,0,0,0,76.3239,-421.251,517.199,36171.4,6.0352,36176.4,9.39171e+19
20230101T000013,6,1674,6433.68,561.13,-554.031,0,0,0,1054.25,-5728.2,5697.7,66231.7,496.94,66731.8,3.13063e+20
20230101T000013,6,1675,1723.51,772.369,43.9009,0,0,0,1010.32,-2104.88,-119.705,4764.02,-53.6442,5707.32,1.92636e+20
20230101T000013,6,1676,4289.19,1897.79,26.8411,0,0,0,5817.06,-12999.9,-183.868,29446.2,-81.354,35198.1,1.94553e+20
20230101T000013,6,1677,6816.32,10245.9,1944.53,0,0,0,169840,-108924,-21201.8,78576.7,-31869.2,242306,1.77454e+20
20230101T000013,4,1520,892.173,-650.806,-9.258,7.79785,-10.8753,-18.9727,386.484,454.031,-68.6298,720.337,47.8891,1034.56,0
20230101T000013,4,1526,4735.66,157.77,-427.559,-14.6901,-1.91867,6.32716,86.7755,-81.674,224.33,2426.85,7.82011,2409.68,0
20230101T000013,3,1546,1757.93,-2418.26,203.525,0,0,0,2500,0,0,2500,0,2500,0
20230101T000013,3,1547,4803.14,-6251.38,2103.31,0,0,0,2500,0,0,2500,0,2500,0
20230101T000013,3,1548,3682.7,-1474.8,-758.661,0,0,0,2500,0,0,2500,0,2500,0
20230101T000013,3,1549,7071.45,-1635.49,436.173,0,0,0,2500,0,0,2500,0,2500,0
20230101T000013,3,1550,1249.5,82.8964,-66.6717,0,0,0,2500,0,0,2500,0,2500,0
20230101T000013,3,1551,11219.6,-1049.45,2201.64,0,0,0,2500,0,0,2500,0,2500,0
20230101T000013,3,1552,8401.65,1015.02,-317.925,0,0,0,2500,0,0,2500,0,2500,0
20230101T000013,3,1553,5392.82,-181.507,-687.732,0,0,0,2500,0,0,2500,0,2500,0
20230101T000013,3,1554,6433.68,561.13,-554.031,0,0,0,2500,0,0,2500,0,2500,0
20230101T000013,3,1555,1723.51,772.369,43.9009,0,0,0,2500,0,0,2500,0,2500,0
20230101T000013,3,1556,4289.19,1897.79,26.8411,0,0,0,2500,0,0,2500,0,2500,0
20230101T000013,3,1557,6816.32,10245.9,1944.53,0,0,0,2500,0,0,2500,0,2500,0
20230101T000013.100000,6,1678,2404.34,-1343.81,-509.933,0,0,0,3253.47,4965.99,1951.68,9363.08,-1090.81,12140.7,1.34551e+20
20230101T000013.100000,6,1679,1925.37,-755.374,-17.9738,0,0,0,968.851,2305.06,54.8522,5939.86,-21.52,6844.21,1.21744e+20
20230101T000013.100000,6,1680,8078.5,-2981.3,-269.912,0,0,0,14379.9,38476.5,3486.89,104441,-1286.81,118641,1.94759e+20
20230101T000013.100000,6,1681,8339.91,-3006.09,-436.151,0,0,0,14784.4,39995.4,5816.98,111329,-2096.71,125745,1.57454e+20
20230101T000013.100000,6,1682,7517.04,-2068.75,569.327,0,0,0,7388.87,24732.5,-6842.97,90450.4,1883.24,97257.4,3.66922e+20
20230101T000013.100000,6,1683,2731.16,472.772,-404.888,0,0,0,673.125,-2011.33,1760.28,11944.2,304.71,12293.7,1.39991e+20
20230101T000013.100000,6,1684,111.4,1.85611,24.1464,0,0,0,62.05,0.702937,8.94244,19.873,0.148997,22.7325,1.58384e+20
20230101T000013.100000,6,1685,7054.61,-72.6863,-644.973,0,0,0,737.43,812.927,7274.25,79628.1,-74.9493,79637,1.05917e+20
20230101T000013.100000,6,1686,1962.91,362.542,-168.071,0,0,0,315.457,-1119.2,522.591,6168.44,96.5204,6375.6,1.34745e+20
20230101T000013.100000,6,1687,4977.04,949.194,-1219.82,0,0,0,3797.11,-7109.45,9699.46,39719.2,1849.83,41078.6,2.46377e+20
20230101T000013.100000,6,1688,8789.76,3011.63,1510.11,0,0,0,17833,-41216.4,-21228.1,124006,-7273.35,138129,1.79919e+20
20230101T000013.100000,6,1689,6400.72,2006.68,-950.91,0,0,0,7817.27,-20119.9,9729.93,65685.8,3050.42,71994.9,1.06597e+20
20230101T000013.100000,6,1690,2271.55,2542.97,-264.882,0,0,0,10424.7,-9154.99,959.416,8353.74,1074.05,18603,1.09292e+20
20230101T000013.100000,6,1691,740.568,812.198,-39.106,0,0,0,1085.59,-929.338,44.8048,913.743,49.1385,1933.05,1.71591e+23
20230101T000013.100000,6,1692,10431.8,6840.96,-78.1646,0,0,0,74929.6,-114148,1304.3,174138,855.334,248994,1.84578e+20
20230101T000013.100000,6,1693,6750.47,7661.4,-1157.4,0,0,0,94879.7,-81654.5,12496,74152.4,14182.3,166826,1.39656e+20
20230101T000013.100000,6,1694,5105.1,4250.05,163.947,0,0,0,28963.8,-34662.5,-1337.93,41743,-1113.84,70599.9,1.64354e+20
20230101T000013.100000,3,1558,2404.34,-1343.81,-509.933,0,0,0,2500,0,0,2500,0,2500,0
20230101T000013.100000,3,1559,1925.37,-755.374,-17.9738,0,0,0,2500,0,0,2500,0,2500,0
20230101T000013.100000,3,1560,8078.5,-2981.3,-269.912,0,0,0,2500,0,0,2500,0,2500,0
20230101T000013.100000,3,1561,8339.91,-3006.09,-436.151,0,0,0,2500,0,0,2500,0,2500,0
20230101T000013.100000,3,1562,7517.04,-2068.75,569.327,0,0,0,2500,0,0,2500,0,2500,0
20230101T000013.100000,3,1563,2731.16,472.772,-404.888,0,0,0,2500,0,0,2500,0,2500,0
20230101T000013.100000,3,1564,111.4,1.85611,24.1464,0,0,0,2500,0,0,2500,0,2500,0
20230101T000013.100000,3,1565,7054.61,-72.6863,-644.973,0,0,0,2500,0,0,2500,0,2500,0
20230101T000013.100000,3,1566,1962.91,362.542,-168.071,0,0,0,2500,0,0,2500,0,2500,0
20230101T000013.100000,3,1567,4977.04,949.194,-1219.82,0,0,0,2500,0,0,2500,0,2500,0
20230101T000013.100000,3,1568,8789.76,3011.63,1510.11,0,0,0,2500,0,0,2500,0,2500,0
20230101T000013.100000,3,1569,6400.72,2006.68,-950.91,0,0,0,2500,0,0,2500,0,2500,0
20230101T000013.100000,3,1570,2271.55,2542.97,-264.882,0,0,0,2500,0,0,2500,0,2500,0
20230101T000013.100000,3,1571,740.568,812.198,-39.106,0,0,0,2500,0,0,2500,0,2500,0
20230101T000013.100000,3,1572,10431.8,6840.96,-78.1646,0,0,0,2500,0,0,2500,0,2500,0
20230101T000013.100000,3,1573,6750.47,7661.4,-1157.4,0,0,0,2500,0,0,2500,0,2500,0
20230101T000013.100000,3,1574,5105.1,4250.05,163.947,0,0,0,2500,0,0,2500,0,2500,0
20230101T000013.200000,6,1695,8775.68,-6625.14,-1680.31,0,0,0,73145.2,90821.7,23585.7,124883,-17805.9,193450,1.53828e+20
20230101T000013.200000,6,1696,8252.1,-9327.43,350.64,0,0,0,139316,123024,-4628.44,109102,5231.57,248157,1.78621e+20
20230101T000013.200000,6,1697,2779.86,-3416.55,78.5375,0,0,0,18705.9,15159.9,-348.598,12408.7,428.439,31040.7,4.98584e+20
20230101T000013.200000,6,1698,10034.4,-4480.13,-1722.8,0,0,0,36126.2,70137.5,27650.6,161902,-12345.4,193218,1.61519e+20
20230101T000013.200000,6,1699,4077.2,-1994.57,210.118,0,0,0,6473.8,12958.5,-1368.05,26623.7,669.251,32963.1,1.39137e+20
20230101T000013.200000,6,1700,193.348,-85.0515,14.4039,0,0,0,65.2276,2.70955,-0.479598,70.1954,0.21097,71.6835,1.52138e+20
20230101T000013.200000,6,1701,1177.69,-162.575,6.60059,0,0,0,105.159,297.662,-12.0855,2220.32,1.66836,2261.42,1.31279e+20
20230101T000013.200000,6,1702,1269.61,14.4126,39.5577,0,0,0,66.7654,-28.5233,-78.3646,2579.06,-0.889598,2579.45,1.71809e+20
20230101T000013.200000,6,1703,11919.3,-1963.98,943.466,0,0,0,7620.05,37216.1,-17987.8,227350,2963.91,233482,1.52775e+20
20230101T000013.200000,6,1704,2640.57,1580.82,52.7101,0,0,0,4048.75,-6648.68,-221.756,11174.3,-132.757,15154.6,9.97886e+19
20230101T000013.200000,6,1705,10274.9,5954.75,-1042.19,0,0,0,58082.9,-97113.4,17128.6,169370,9926.78,225652,7.54203e+19
20230101T000013.200000,6,1706,7682.67,2143.83,1639.8,0,0,0,11402.1,-25222.9,-20144.7,94752.7,-5621.33,101794,1.99856e+20
20230101T000013.200000,6,1707,4591.42,2623.45,227.278,0,0,0,11122.5,-19209.5,-1667.26,33765.8,-952.641,44741.9,1.61133e+20
20230101T000013.200000,6,1708,819.119,734.972,-15.9292,0,0,0,899.967,-931.239,20.1874,1102.25,18.1135,1937.84,1.13791e+23
20230101T000013.200000,4,1550,1270.51,49.2297,-13.8457,4.03926,-6.47439,10.1589,71.2069,-79.9863,64.429,1271.54,4.27445,1275.25,0
20230101T000013.200000,4,1564,208.799,-44.181,28.2713,9.64357,-4.55813,0.408405,60.5316,0.680221,8.65015,19.7176,0.144127,22.4993,0
20230101T000013.200000,4,1571,787.498,771.092,-26.011,4.64655,-4.06983,1.29654,626.745,-513.367,24.7366,531.816,27.1292,1094.31,0
20230101T000013.200000,3,1575,8775.68,-6625.14,-1680.31,0,0,0,2500,0,0,2500,0,2500,0
20230101T000013.200000,3,1576,8252.1,-9327.43,350.64,0,0,0,2500,0,0,2500,0,2500,0
20230101T000013.200000,3,1577,2779.86,-3416.55,78.5375,0,0,0,2500,0,0,2500,0,2500,0
20230101T000013.200000,3,1578,10034.4,-4480.13,-1722.8,0,0,0,2500,0,0,2500,0,2500,0
20230101T000013.200000,3,1579,4077.2,-1994.57,210.118,0,0,0,2500,0,0,2500,0,2500,0
20230101T000013.200000,3,1580,1177.69,-162.575,6.60058,0,0,0,2500,0,0,2500,0,2500,0
20230101T000013.200000,3,1581,11919.3,-1963.98,943.466,0,0,0,2500,0,0,2500,0,2500,0
20230101T000013.200000,3,1582,2640.58,1580.82,52.7101,0,0,0,2500,0,0,2500,0,2500,0
20230101T000013.200000,3,1583,10274.9,5954.75,-1042.19,0,0,0,2500,0,0,2500,0,2500,0
20230101T000013.200000,3,1584,7682.67,2143.83,1639.8,0,0,0,2500,0,0,2500,0,2500,0
20230101T000013.200000,3,1585,4591.42,2623.45,227.278,0,0,0,2500,0,0,2500,0,2500,0
20230101T000013.300000,6,1709,2507.21,-1885.41,-297.839,0,0,0,5818.82,7464.74,1189.98,10131.9,-894.859,15746,4.16068e+20
20230101T000013.300000,6,1710,7870.32,-6099.42,-722.197,0,0,0,60085.9,76372.2,9090.62,99444.2,-7045.14,158632,1.61135e+20
20230101T000013.300000,6,1711,10929.1,-3128.3,-856.442,0,0,0,16801.5,54375.7,14971.6,191205,-4285.41,206770,1.6249e+20
20230101T000013.300000,6,1712,4717.51,-2037.94,1197.92,0,0,0,8631.18,14524.4,-9028.92,35978.6,3900.44,42256.3,1.27213e+20
20230101T000013.300000,6,1713,4671.12,-1864.54,-170.049,0,0,0,5657.46,13897.2,1268.9,34926.1,-506.5,40473.4,1.33797e+20
20230101T000013.300000,6,1714,3159.09,-460.845,-318.108,0,0,0,560.389,2297.18,1601.64,15972.5,-233.646,16308.2,2.44965e+20
20230101T000013.300000,6,1715,3606.67,-639.719,-100.823,0,0,0,732.555,3677.81,580.081,20815.3,-102.89,21467.7,1.53974e+20
20230101T000013.300000,6,1716,7324.7,-1597.91,1544.51,0,0,0,7787.34,17919.2,-18088.5,86018.1,3946.09,89929.9,2.92903e+20
20230101T000013.300000,6,1717,5225.74,938.894,-833.105,0,0,0,2546.72,-7646.11,6956.09,43730,1249.78,45105.3,1.33793e+20
20230101T000013.300000,6,1718,2049.15,1215.83,126.956,0,0,0,2431.45,-3946.94,-413.321,6741.78,-245.236,9083.81,4.79199e+20
20230101T000013.300000,6,1719,10811.5,3960.01,-85.387,0,0,0,25157.4,-68477.2,1476.61,187029,540.85,212111,7.7862e+19
20230101T000013.300000,6,1720,5249.09,1136.23,-199.943,0,0,0,2187.78,-9516.22,1676.91,44090.4,362.987,46150.4,1.33853e+20
20230101T000013.300000,6,1721,963.616,532.403,-8.44098,0,0,0,502.642,-793.714,12.5847,1500.68,6.95312,1939.22,1.40366e+23
20230101T000013.300000,6,1722,3594.36,4691.65,-136.304,0,0,0,35253.1,-26936.3,782.984,20730.1,1022.01,55889.6,1.00345e+20
20230101T000013.300000,3,1586,2507.21,-1885.41,-297.839,0,0,0,2500,0,0,2500,0,2500,0
20230101T000013.300000,3,1587,7870.32,-6099.42,-722.197,0,0,0,2500,0,0,2500,0,2500,0
20230101T000013.300000,3,1588,10929.1,-3128.3,-856.442,0,0,0,2500,0,0,2500,0,2500,0
20230101T000013.300000,3,1589,4717.51,-2037.94,1197.92,0,0,0,2500,0,0,2500,0,2500,0
20230101T000013.300000,3,1590,4671.12,-1864.54,-170.049,0,0,0,2500,0,0,2500,0,2500,0
20230101T000013.300000,3,1591,3159.09,-460.845,-318.108,0,0,0,2500,0,0,2500,0,2500,0
20230101T000013.300000,3,1592,3606.67,-639.719,-100.823,0,0,0,2500,0,0,2500,0,2500,0
20230101T000013.300000,3,1593,7324.7,-1597.91,1544.51,0,0,0,2500,0,0,2500,0,2500,0
20230101T000013.300000,3,1594,5225.74,938.894,-833.105,0,0,0,2500,0,0,2500,0,2500,0
20230101T000013.300000,3,1595,2049.15,1215.83,126.956,0,0,0,2500,0,0,2500,0,2500,0
20230101T000013.300000,3,1596,10811.5,3960.01,-85.387,0,0,0,2500,0,0,2500,0,2500,0
20230101T000013.300000,3,1597,5249.09,1136.23,-199.943,0,0,0,2500,0,0,2500,0,2500,0
20230101T000013.300000,3,1598,963.616,532.403,-8.44098,0,0,0,2500,0,0,2500,0,2500,0
20230101T000013.300000,3,1599,3594.36,4691.65,-136.304,0,0,0,2500,0,0,2500,0,2500,0
20230101T000013.400000,6,1723,4636.31,-5269.69,-70.9894,0,0,0,44462.9,39055.3,526.179,34433.2,-598.062,78824,1.24517e+20
20230101T000013.400000,6,1724,5108.12,-6750.13,-248.934,0,0,0,72962.2,55090.3,2033.4,41852.4,-2687.04,114651,7.70064e+19
20230101T000013.400000,6,1725,4387.4,-2851.19,-349.042,0,0,0,13188.7,19896.8,2446.65,30875.7,-1589.98,43806.1,9.12783e+19
20230101T000013.400000,6,1726,4028.52,-4177.77,-557.331,0,0,0,28196.1,26648.4,3588.12,26256.7,-3721.06,53893,1.19568e+20
20230101T000013.400000,6,1727,2200.71,-603.825,-255.651,0,0,0,739.4,2083.34,893.355,7760.78,-245.116,8333.19,2.99147e+20
20230101T000013.400000,6,1728,1546.62,-604.759,41.5227,0,0,0,643.045,1473.9,-101.262,3836.1,39.5956,4412.46,1.32055e+20
20230101T000013.400000,6,1729,11613.4,-2788.77,-1727.97,0,0,0,17019.8,50720.5,32099.3,216058,-7708.11,228239,1.50275e+20
20230101T000013.400000,6,1730,9018.13,-2447.2,-1265.56,0,0,0,12027.4,34647,18252.5,130303,-4953.07,139706,1.06986e+20
20230101T000013.400000,6,1731,8683.88,5147.77,-215.385,0,0,0,42501.6,-71463.6,2991.43,120692,1773.31,163055,1.26778e+20
20230101T000013.400000,6,1732,9821.05,3082.76,-996.164,0,0,0,16708.5,-47969.7,15647.5,154473,4911.65,169531,3.53025e+20
20230101T000013.400000,6,1733,7077.84,3148.81,1365.72,0,0,0,18407.1,-34527.5,-15456.2,80656.7,-6876.19,96019.3,1.95088e+20
20230101T000013.400000,6,1734,9305.49,2273.78,-937.432,0,0,0,9658.75,-33515,13951.2,138630,3408.95,146820,2.2895e+20
20230101T000013.400000,6,1735,1035.07,367.948,-35.9778,0,0,0,275.215,-588.531,57.6103,1721.59,20.4794,1930.87,1.5489e+23
20230101T000013.400000,6,1736,2438.45,2336.75,261.964,0,0,0,8827.03,-9030.24,-1018.5,9596.67,-976.018,18250.7,1.10905e+20
20230101T000013.400000,4,1598,1011.09,442.523,-24.0391,4.70085,-8.89902,-1.54437,304.385,-437.834,6.94189,854.931,3.83543,1096.81,0
20230101T000013.400000,3,1600,4636.31,-5269.69,-70.9894,0,0,0,2500,0,0,2500,0,2500,0
20230101T000013.400000,3,1601,5108.12,-6750.13,-248.934,0,0,0,2500,0,0,2500,0,2500,0
20230101T000013.400000,3,1602,4387.4,-2851.19,-349.042,0,0,0,2500,0,0,2500,0,2500,0
20230101T000013.400000,3,1603,4028.52,-4177.77,-557.331,0,0,0,2500,0,0,2500,0,2500,0
20230101T000013.400000,3,1604,2200.71,-603.825,-255.651,0,0,0,2500,0,0,2500,0,2500,0
20230101T000013.400000,3,1605,1546.62,-604.759,41.5227,0,0,0,2500,0,0,2500,0,2500,0
20230101T000013.400000,3,1606,11613.4,-2788.77,-1727.97,0,0,0,2500,0,0,2500,0,2500,0
20230101T000013.400000,3,1607,9018.13,-2447.2,-1265.56,0,0,0,2500,0,0,2500,0,2500,0
20230101T000013.400000,3,1608,8683.88,5147.77,-215.385,0,0,0,2500,0,0,2500,0,2500,0
20230101T000013.400000,3,1609,9821.05,3082.76,-996.164,0,0,0,2500,0,0,2500,0,2500,0
20230101T000013.400000,3,1610,7077.84,3148.81,1365.72,0,0,0,2500,0,0,2500,0,2500,0
20230101T000013.400000,3,1611,9305.49,2273.78,-937.433,0,0,0,2500,0,0,2500,0,2500,0
20230101T000013.400000,3,1612,2438.45,2336.75,261.964,0,0,0,2500,0,0,2500,0,2500,0
20230101T000013.500000,6,1737,911.252,-908.132,15.4125,0,0,0,1351.82,1291.87,-21.9285,1360.68,21.8534,2648.14,1.61977e+20
20230101T000013.500000,6,1738,9989.5,-4775.6,-877.514,0,0,0,37544.8,75825.2,14020.9,159905,-6702.88,196155,1.06141e+20
20230101T000013.500000,6,1739,1862.88,-895.401,76.6729,0,0,0,1342.35,2640.21,-226.395,5566.29,108.818,6835.4,1.08338e+20
20230101T000013.500000,6,1740,478.731,-97.4279,-5.91241,0,0,0,76.6869,62.1109,3.76986,369.24,-0.767215,381.89,2.14341e+20
20230101T000013.500000,6,1741,7821.7,-3146.69,-296.26,0,0,0,16018.6,39309.3,3705.52,97914.9,-1490.74,113729,2.86781e+20
20230101T000013.500000,6,1742,4933.34,-2528.38,-540.517,0,0,0,10648.7,19741.9,4260.99,39051.1,-2183.79,49169.6,1.69568e+20
20230101T000013.500000,6,1743,1084.93,173.566,-51.9936,0,0,0,114.681,-290.654,87.2708,1885,13.9615,1931.64,1.0903e+23
20230101T000013.500000,6,1744,3930.98,-648.515,421.55,0,0,0,1011.32,4023.05,-2644.76,24733.4,436.32,25397.8,1.05222e+20
20230101T000013.500000,6,1745,5873.18,42.5878,803.901,0,0,0,1099.68,-392.248,-7545.74,55190.9,-54.7158,55194.9,1.07908e+20
20230101T000013.500000,6,1746,2307.67,800.969,29.6312,0,0,0,1084.85,-2937.13,-108.673,8527.55,-37.7194,9547.01,8.63159e+19
20230101T000013.500000,6,1747,2676.21,893.251,-264.999,0,0,0,1434.81,-3772.04,1129.05,11477,376.85,12736.5,8.18847e+19
20230101T000013.500000,6,1748,11396.4,4759.32,1036.04,0,0,0,37758.2,-86149.2,-18886.5,208069,-7887.29,244047,1.32624e+20
20230101T000013.500000,6,1749,9972.84,3282.08,-894.19,0,0,0,18446.9,-51971.8,14263,159263,4693.99,176368,9.22126e+19
20230101T000013.500000,6,1750,1078.98,226.386,-44.22,0,0,0,146.2,-377.355,73.8317,1865.54,15.491,1944.82,1.16199e+23
20230101T000013.500000,6,1751,1029.11,558.435,-63.6749,0,0,0,553.267,-890.036,101.795,1710.5,55.2382,2193.65,3.00236e+20
20230101T000013.500000,6,1752,2576.64,2166.65,-502.25,0,0,0,7784.08,-8702.61,2063.43,10815.6,1735.11,18134.9,1.73412e+20
20230101T000013.500000,4,1578,10020,-4478.08,-1708.93,-3.94806,0.563978,3.81675,551.274,953.601,366.828,2261.34,-163.781,2625.02,0
20230101T000013.500000,3,1613,911.252,-908.132,15.4125,0,0,0,2500,0,0,2500,0,2500,0
20230101T000013.500000,3,1614,1862.88,-895.401,76.6729,0,0,0,2500,0,0,2500,0,2500,0
20230101T000013.500000,3,1615,478.731,-97.4279,-5.91241,0,0,0,2500,0,0,2500,0,2500,0
20230101T000013.500000,3,1616,7821.7,-3146.7,-296.26,0,0,0,2500,0,0,2500,0,2500,0
20230101T000013.500000,3,1617,4933.34,-2528.38,-540.517,0,0,0,2500,0,0,2500,0,2500,0
20230101T000013.500000,3,1618,1084.93,173.566,-51.9936,0,0,0,2500,0,0,2500,0,2500,0
20230101T000013.500000,3,1619,3930.98,-648.515,421.55,0,0,0,2500,0,0,2500,0,2500,0
20230101T000013.500000,3,1620,5873.18,42.5878,803.901,0,0,0,2500,0,0,2500,0,2500,0
20230101T000013.500000,3,1621,2307.67,800.969,29.6312,0,0,0,2500,0,0,2500,0,2500,0
20230101T000013.500000,3,1622,2676.21,893.251,-264.999,0,0,0,2500,0,0,2500,0,2500,0
20230101T000013.500000,3,1623,11396.4,4759.32,1036.04,0,0,0,2500,0,0,2500,0,2500,0
20230101T000013.500000,3,1624,9972.84,3282.08,-894.19,0,0,0,2500,0,0,2500,0,2500,0
20230101T000013.500000,3,1625,1078.98,226.386,-44.22,0,0,0,2500,0,0,2500,0,2500,0
20230101T000013.500000,3,1626,1029.11,558.435,-63.6749,0,0,0,2500,0,0,2500,0,2500,0
20230101T000013.500000,3,1627,2576.64,2166.65,-502.25,0,0,0,2500,0,0,2500,0,2500,0
20230101T000013.600000,6,1753,4974.89,-7271.75,-31.4345,0,0,0,84626.2,57851.2,250.084,39643.9,-365.545,124204,1.12545e+20
20230101T000013.600000,6,1754,3883.86,-4602.53,489.186,0,0,0,34079,28380.9,-3036.56,24395.8,3598.45,58028.7,1.54763e+20
20230101T000013.600000,6,1755,4462.63,-2253.6,65.0619,0,0,0,8182.3,16062.7,-463.812,31878.5,234.222,39990,1.54952e+20
20230101T000013.600000,6,1756,1105,46.6971,5.53287,0,0,0,67.4222,-79.8585,-9.46222,1953.75,-0.399872,1957.12,7.8856e+22
20230101T000013.600000,6,1757,2072.97,1228.34,60.4095,0,0,0,2465.76,-4043.48,-198.984,6893.68,-117.908,9289.68,1.52105e+20
20230101T000013.600000,6,1758,3476.45,1614.71,263.586,0,0,0,4315.5,-8914.73,-1462.18,19368.2,-679.139,23509.1,1.5018e+21
20230101T000013.600000,6,1759,2322.2,2226.92,-828.363,0,0,0,8537.86,-7695.7,3066.64,9182.88,2940.82,16566.8,1.95239e+20
20230101T000013.600000,6,1760,6724.73,9545.87,-1516.41,0,0,0,147039,-100948,16311.3,74856.3,23154.1,218154,9.74375e+19
20230101T000013.600000,4,1590,4631.71,-1878.82,-154.138,-10.846,-3.93035,4.3792,407.274,856.537,78.1235,2211.21,-31.184,2550.44,0
20230101T000013.600000,4,1595,2070.37,1228.04,112.763,5.83883,3.36252,-3.90638,596.307,-889.915,-92.9876,1568.16,-55.1724,2091.78,0
20230101T000013.600000,4,1618,1103.71,103.188,-19.7527,1.85985,-6.96815,3.19217,90.4211,-160.61,48.1775,1068.67,7.70741,1093.44,0
20230101T000013.600000,3,1628,4974.89,-7271.75,-31.4345,0,0,0,2500,0,0,2500,0,2500,0
20230101T000013.600000,3,1629,3883.86,-4602.53,489.186,0,0,0,2500,0,0,2500,0,2500,0
20230101T000013.600000,3,1630,3476.45,1614.71,263.586,0,0,0,2500,0,0,2500,0,2500,0
20230101T000013.600000,3,1631,2322.2,2226.92,-828.363,0,0,0,2500,0,0,2500,0,2500,0
20230101T000013.600000,3,1632,6724.73,9545.87,-1516.41,0,0,0,2500,0,0,2500,0,2500,0
20230101T000013.700000,6,1761,3375.89,-2833.04,1037.1,0,0,0,13887.1,14425.2,-5590.88,18970.8,4691.85,31079.7,1.1369e+20
20230101T000013.700000,6,1762,3619.73,-3703.69,40.914,0,0,0,21980.3,21416.9,-236.603,20998,242.091,42911.7,8.33537e+19
20230101T000013.700000,6,1763,3600.07,-4767.37,-188.909,0,0,0,36408.5,27402.4,1086.92,20813.9,-1439.34,57101.4,1.2156e+20
20230101T000013.700000,6,1764,418.191,-161.548,83.4318,0,0,0,105.273,83.5564,-45.0862,289.293,17.4169,323.713,2.09337e+20
20230101T000013.700000,6,1765,1054.07,-312.418,7.51347,0,0,0,215.08,509.436,-12.2522,1782.88,3.63146,1933.87,9.29715e+22
20230101T000013.700000,6,1766,1916.04,-276.467,368.271,0,0,0,395.371,808.155,-1117.37,5879.64,161.226,5998.49,1.39017e+20
20230101T000013.700000,6,1767,3744.85,-335.467,714.899,0,0,0,1052.55,1931.88,-4271.8,22445.2,382.672,22620.5,1.48619e+20
20230101T000013.700000,6,1768,12080.9,1869.73,1937.93,0,0,0,11522.7,-35223,-37449.2,233658,-5795.91,239111,1.95e+20
20230101T000013.700000,6,1769,4805.36,-329.994,-195.785,0,0,0,298.871,2528.62,1502.72,36946.9,-103.195,37120.7,1.20504e+20
20230101T000013.700000,6,1770,10802.8,4726.85,-1912.58,0,0,0,40713.6,-79529,33048.7,187672,14460.7,222472,5.15206e+20
20230101T000013.700000,6,1771,2683.84,2348.57,45.7234,0,0,0,8863.42,-10051.7,-195.725,11554,-171.275,20350.1,2.61328e+20
20230101T000013.700000,6,1772,2409.33,3300.91,-377.514,0,0,0,17534.9,-12586,1451.83,9477.98,1989.08,26721.9,2.97171e+20
20230101T000013.700000,6,1773,7038.54,5254.63,-873.999,0,0,0,45003.3,-58559.6,9837.63,79725.7,7344.29,123444,1.76004e+20
20230101T000013.700000,4,1615,434.311,-161.363,78.0047,-8.5422,-12.2953,16.138,73.2589,52.8554,3.20803,322.217,-0.652877,332.977,0
20230101T000013.700000,3,1633,3375.89,-2833.04,1037.1,0,0,0,2500,0,0,2500,0,2500,0
20230101T000013.700000,3,1634,3619.73,-3703.69,40.914,0,0,0,2500,0,0,2500,0,2500,0
20230101T000013.700000,3,1635,3600.07,-4767.37,-188.909,0,0,0,2500,0,0,2500,0,2500,0
20230101T000013.700000,3,1636,1054.07,-312.418,7.51347,0,0,0,2500,0,0,2500,0,2500,0
20230101T000013.700000,3,1637,1916.04,-276.467,368.271,0,0,0,2500,0,0,2500,0,2500,0
20230101T000013.700000,3,1638,3744.85,-335.467,714.899,0,0,0,2500,0,0,2500,0,2500,0
20230101T000013.700000,3,1639,12080.9,1869.73,1937.93,0,0,0,2500,0,0,2500,0,2500,0
20230101T000013.700000,3,1640,4805.36,-329.994,-195.785,0,0,0,2500,0,0,2500,0,2500,0
20230101T000013.700000,3,1641,10802.8,4726.85,-1912.58,0,0,0,2500,0,0,2500,0,2500,0
20230101T000013.700000,3,1642,2683.84,2348.58,45.7234,0,0,0,2500,0,0,2500,0,2500,0
20230101T000013.700000,3,1643,2409.33,3300.91,-377.514,0,0,0,2500,0,0,2500,0,2500,0
20230101T000013.700000,3,1644,7038.54,5254.63,-873.999,0,0,0,2500,0,0,2500,0,2500,0
20230101T000013.800000,6,1774,5785.22,-6808.99,-1366.56,0,0,0,75458.5,61521.1,12643.2,55321.6,-14880.5,127731,1.26934e+20
20230101T000013.800000,6,1775,1791.68,-1027.71,464.897,0,0,0,1995.93,2770.59,-1320.82,5236.89,757.625,6829.19,2.89169e+20
20230101T000013.800000,6,1776,1057.12,-274.08,-114.564,0,0,0,199.185,443.097,187.345,1793.32,-48.5728,1908.9,2.61363e+21
20230101T000013.800000,6,1777,7031.85,-2169.78,522.861,0,0,0,7990.22,24270.9,-5878.36,79158.7,1813.85,86648.2,1.32287e+20
20230101T000013.800000,6,1778,1977.12,-269.817,310.503,0,0,0,329.265,824.498,-972.609,6258.38,132.731,6372.41,2.25837e+20
20230101T000013.800000,6,1779,3611.47,-48.2078,618.412,0,0,0,677.669,269.565,-3562.76,20868.4,47.5576,20873.8,1.43531e+20
20230101T000013.800000,6,1780,4644.31,-353.254,24.7368,0,0,0,264.265,2620.08,-183.477,34511.8,13.9556,34711.1,9.19836e+19
20230101T000013.800000,6,1781,1987.16,1419.66,59.2803,0,0,0,3270.76,-4480.83,-187.216,6341.61,-133.75,9542.82,1.03184e+20
20230101T000013.800000,6,1782,3504.22,2495.15,-347.402,0,0,0,10131.6,-13868.4,1943.61,19733.6,1383.93,29608.9,1.63836e+20
20230101T000013.800000,6,1783,7019.44,5127.16,-596.724,0,0,0,42473.5,-57282,6698.34,79056.5,4892.62,120897,1.81885e+20
20230101T000013.800000,4,1595,2070,1277.06,100.272,54.1708,53.7182,-6.02282,537.589,-821.633,-77.8836,1435.3,-46.2171,1919.42,0
20230101T000013.800000,4,1636,1059.36,-291.609,-61.8217,0.523398,2.06036,-6.86488,145.858,281.356,-6.76662,1011.73,2.00557,1095.11,0
20230101T000013.800000,4,1637,1966.54,-279.308,358.369,5,-0.281307,-0.980381,156.672,233.769,-314.892,1743.07,45.4361,1734.85,0
20230101T000013.800000,4,1644,6951.41,5187.29,-857.648,-8.62687,-6.66746,1.61891,940.798,-1144.9,190.47,1619.66,142.195,2451.22,0
20230101T000013.800000,3,1645,5785.22,-6808.98,-1366.56,0,0,0,2500,0,0,2500,0,2500,0
20230101T000013.800000,3,1646,1791.68,-1027.71,464.897,0,0,0,2500,0,0,2500,0,2500,0
20230101T000013.800000,3,1647,7031.85,-2169.78,522.861,0,0,0,2500,0,0,2500,0,2500,0
20230101T000013.800000,3,1648,3611.47,-48.2078,618.412,0,0,0,2500,0,0,2500,0,2500,0
20230101T000013.800000,3,1649,4644.31,-353.254,24.7368,0,0,0,2500,0,0,2500,0,2500,0
20230101T000013.800000,3,1650,3504.22,2495.15,-347.402,0,0,0,2500,0,0,2500,0,2500,0
20230101T000013.900000,6,1784,8674.76,-7743.44,51.9113,0,0,0,95975.3,107442,-720.295,120433,642.964,216340,2.02943e+20
20230101T000013.900000,6,1785,3614.54,-3206.1,-228.038,0,0,0,16528.9,18468.7,1316.55,20968.5,-1167.78,37350.5,3.02418e+20
20230101T000013.900000,6,1786,988,-460.074,-144.151,0,0,0,417.683,690.492,220.331,1578.96,-102.6,1901.6,8.22026e+20
20230101T000013.900000,6,1787,5806.1,-2711.47,-727.998,0,0,0,12511.3,24839.6,6756.42,54100.4,-3155.28,65701.4,6.90707e+19
20230101T000013.900000,6,1788,2855.47,-58.1744,-242.499,0,0,0,162.981,262.574,1102.52,13046,-22.4617,13051.8,1.21624e+20
20230101T000013.900000,6,1789,2936.8,409.649,-299.637,0,0,0,471.553,-1896.57,1401.62,13803.6,195.509,14068.8,1.35883e+20
20230101T000013.900000,6,1790,3063.55,239.6,363.53,0,0,0,364.747,-1153.1,-1774.47,15018.3,-138.781,15109.3,1.59409e+20
20230101T000013.900000,6,1791,6020.64,402.344,-701.236,0,0,0,1105.15,-3819.24,6747.69,58000.7,450.932,58256.7,6.42538e+19
20230101T000013.900000,6,1792,6606.44,4207.08,-141.637,0,0,0,28387.5,-44426.6,1496.17,69859.9,952.78,98151.4,1.72724e+20
20230101T000013.900000,6,1793,8676.05,1867.73,-555.097,0,0,0,6113.59,-25812.7,7701.78,120463,1658,126020,1.08476e+20
20230101T000013.900000,6,1794,764.641,1039.36,274.308,0,0,0,1792.22,-1184.89,-327.882,1053.33,-445.684,2666.69,9.86303e+19
20230101T000013.900000,6,1795,6825.5,8827.07,-559.614,0,0,0,124879,-96125.3,6109.47,74893.5,7901.06,199208,9.24662e+19
20230101T000013.900000,6,1796,6360.07,5664.09,128.991,0,0,0,51381.6,-57593.4,-1311.91,64760.8,-1168.35,116052,8.02116e+19
20230101T000013.900000,6,1797,7840.9,4732.27,-891.599,0,0,0,36809.9,-58777.7,11180.2,98724.2,6747.68,134199,1.52394e+20
20230101T000013.900000,3,1651,8674.76,-7743.44,51.9113,0,0,0,2500,0,0,2500,0,2500,0
20230101T000013.900000,3,1652,3614.53,-3206.1,-228.038,0,0,0,2500,0,0,2500,0,2500,0
20230101T000013.900000,3,1653,988,-460.074,-144.151,0,0,0,2500,0,0,2500,0,2500,0
20230101T000013.900000,3,1654,5806.1,-2711.47,-727.998,0,0,0,2500,0,0,2500,0,2500,0
20230101T000013.900000,3,1655,2855.47,-58.1744,-242.499,0,0,0,2500,0,0,2500,0,2500,0
20230101T000013.900000,3,1656,2936.8,409.649,-299.637,0,0,0,2500,0,0,2500,0,2500,0
20230101T000013.900000,3,1657,3063.55,239.6,363.53,0,0,0,2500,0,0,2500,0,2500,0
20230101T000013.900000,3,1658,6020.64,402.344,-701.236,0,0,0,2500,0,0,2500,0,2500,0
20230101T000013.900000,3,1659,6606.44,4207.08,-141.637,0,0,0,2500,0,0,2500,0,2500,0
20230101T000013.900000,3,1660,8676.04,1867.73,-555.097,0,0,0,2500,0,0,2500,0,2500,0
20230101T000013.900000,3,1661,764.641,1039.36,274.308,0,0,0,2500,0,0,2500,0,2500,0
20230101T000013.900000,3,1662,6825.5,8827.07,-559.614,0,0,0,2500,0,0,2500,0,2500,0
20230101T000013.900000,3,1663,6360.07,5664.09,128.991,0,0,0,2500,0,0,2500,0,2500,0
20230101T000013.900000,3,1664,7840.9,4732.27,-891.599,0,0,0,2500,0,0,2500,0,2500,0
20230101T000014,6,1798,733.396,-821.556,-12.2774,0,0,0,1108.41,932.131,13.9316,896.339,-15.6063,1940.53,2.94581e+21
20230101T000014,6,1799,5039.79,-4007.53,364.761,0,0,0,25866,32180.6,-2938.48,40746.3,2336.62,66335.9,1.02094e+20
20230101T000014,6,1800,9374.38,-3279.66,-2075.97,0,0,0,23408,47023.2,31125.4,141365,-10889.3,157819,1.14482e+20
20230101T000014,6,1801,2173.13,-9.54881,-199.873,0,0,0,127.525,32.6416,689.124,7555.99,-3.02803,7556.67,1.09617e+20
20230101T000014,6,1802,4445.96,800.528,488.522,0,0,0,1456.48,-5616.95,-3468.39,31640.4,-624.509,32652.5,1.60633e+20
20230101T000014,6,1803,8984.25,858.873,1312.57,0,0,0,3973.94,-12079.1,-18858.8,129172,-1802.86,130328,1.57254e+20
20230101T000014,6,1804,5203.72,261.826,-112.306,0,0,0,193.622,-2175.72,933.68,43326.2,46.9782,43435.7,1.6118e+20
20230101T000014,6,1805,1008.93,676.895,-125.75,0,0,0,794.213,-1051.7,197.553,1656.21,132.539,2362.48,9.88285e+19
20230101T000014,6,1806,1669.88,876.003,-114.434,0,0,0,1294.24,-2305.66,302.318,4479.89,158.593,5689.65,1.04667e+20
20230101T000014,6,1807,10730.3,4255.95,-506.716,0,0,0,29391.2,-72905.6,8696.95,184288,3449.46,213205,6.47507e+20
20230101T000014,6,1808,5696.63,8094.74,-1168.38,0,0,0,105584,-72722.7,10645.1,53425.5,15126.3,156763,1.60974e+20
20230101T000014,6,1809,2737.74,2851.62,404.977,0,0,0,13167,-12328.4,-1769.46,12161.8,-1843.06,25003.8,1.6045e+20
20230101T000014,6,1810,5423.31,5578.63,-1982.75,0,0,0,52879.2,-45233.6,17194.3,50324.4,17686.7,96857.3,1.75126e+20
20230101T000014,6,1811,3754.66,5023.46,-1147.81,0,0,0,41154,-29137.7,6888.66,23948.1,9216.51,62934.3,5.01713e+20
20230101T000014,3,1665,733.396,-821.556,-12.2774,0,0,0,2500,0,0,2500,0,2500,0
20230101T000014,3,1666,5039.79,-4007.53,364.761,0,0,0,2500,0,0,2500,0,2500,0
20230101T000014,3,1667,9374.38,-3279.66,-2075.97,0,0,0,2500,0,0,2500,0,2500,0
20230101T000014,3,1668,2173.13,-9.54881,-199.873,0,0,0,2500,0,0,2500,0,2500,0
20230101T000014,3,1669,4445.96,800.528,488.522,0,0,0,2500,0,0,2500,0,2500,0
20230101T000014,3,1670,8984.25,858.873,1312.57,0,0,0,2500,0,0,2500,0,2500,0
20230101T000014,3,1671,5203.72,261.826,-112.306,0,0,0,2500,0,0,2500,0,2500,0
20230101T000014,3,1672,1008.93,676.895,-125.75,0,0,0,2500,0,0,2500,0,2500,0
20230101T000014,3,1673,1669.88,876.003,-114.434,0,0,0,2500,0,0,2500,0,2500,0
20230101T000014,3,1674,10730.3,4255.95,-506.716,0,0,0,2500,0,0,2500,0,2500,0
20230101T000014,3,1675,5696.63,8094.75,-1168.38,0,0,0,2500,0,0,2500,0,2500,0
20230101T000014,3,1676,2737.74,2851.62,404.977,0,0,0,2500,0,0,2500,0,2500,0
20230101T000014,3,1677,5423.31,5578.63,-1982.75,0,0,0,2500,0,0,2500,0,2500,0
20230101T000014,3,1678,3754.66,5023.46,-1147.81,0,0,0,2500,0,0,2500,0,2500,0
20230101T000014.100000,6,1812,9488.96,-7397.59,-690.766,0,0,0,88073.5,111912,10484.6,144377,-8173.76,231624,1.12256e+20
20230101T000014.100000,6,1813,161.866,-182.072,18.0776,0,0,0,81.3694,15.2885,-1.54375,77.7643,1.73646,95.3117,1.79779e+20
20230101T000014.100000,6,1814,2494.04,-1653.44,-471.065,0,0,0,4664.21,6405.72,1871.58,10079.9,-1240.77,14328.1,2.4805e+20
20230101T000014.100000,6,1815,9139.35,-4442.58,-1157.44,0,0,0,33363.3,64096,16918.7,134066,-8224.09,165223,1.96529e+20
20230101T000014.100000,6,1816,8547.2,-2000.55,1070.92,0,0,0,8203.01,26937.4,-14637.9,116986,3426.14,123292,2.01754e+20
20230101T000014.100000,6,1817,8825.12,-3989.53,-855.852,0,0,0,26492,55869.2,12079.7,124822,-5460.8,150079,8.36572e+19
20230101T000014.100000,6,1818,10909.5,1175.2,-2187.33,0,0,0,9837.87,-19691.6,38168,190515,4111.58,192638,1.74735e+20
20230101T000014.100000,6,1819,11545.5,574.61,-1917.71,0,0,0,6460.03,-10319.4,35415,213291,1762.58,213807,4.16145e+20
20230101T000014.100000,6,1820,3923.13,204.586,865.33,0,0,0,1322.67,-1218.7,-5418.26,24629,-282.555,24695.5,1.0093e+20
20230101T000014.100000,6,1821,9358.92,4938.18,293.576,0,0,0,39174.9,-73862.3,-4394.52,140187,-2318.74,179160,2.18971e+20
20230101T000014.100000,6,1822,5595.61,1653.1,1136.74,0,0,0,6330.6,-14221.6,-10165.7,50268.2,-3003.22,54472,9.74896e+19
20230101T000014.100000,6,1823,6956.12,3886.6,-1511.83,0,0,0,27003.1,-41673.6,16816.1,78305,9395.69,101592,8.05459e+19
20230101T000014.100000,6,1824,8421.67,4585.37,-614.498,0,0,0,34156.2,-61505.8,8276.58,113632,4506.37,147120,9.32384e+19
20230101T000014.100000,6,1825,7484.9,8632.14,736.973,0,0,0,119622,-102916,-8823.19,90170.5,-10175.5,208860,1.13144e+20
20230101T000014.100000,6,1826,657.25,880.275,15.8508,0,0,0,1262.86,-894.83,-16.1164,732.507,-21.5851,1930.99,8.82001e+21
20230101T000014.100000,6,1827,3552.81,2346.76,-387.731,0,0,0,9023.29,-13200.3,2199.23,20288.3,1452.67,29008.1,4.0598e+20
20230101T000014.100000,6,1828,5094.66,4773.02,-729.906,0,0,0,36938.5,-38450.2,5944.96,41956.9,5569.64,77980.3,1.03814e+20
20230101T000014.100000,6,1829,4321.45,2914.36,-401.901,0,0,0,13810.9,-20001.5,2774.8,29980.5,1871.31,43469.8,1.40318e+20
20230101T000014.100000,6,1830,6167.99,7277.78,-2330.44,0,0,0,88403.5,-67507.2,22989.1,65962.9,27125.5,145620,1.40016e+20
20230101T000014.100000,4,1650,3479.39,2461.89,-347.921,-6.83274,-9.15444,-0.142878,891.472,-1142.02,159.094,1682.18,113.282,2480.93,0
20230101T000014.100000,3,1679,9488.96,-7397.59,-690.766,0,0,0,2500,0,0,2500,0,2500,0
20230101T000014.100000,3,1680,161.866,-182.072,18.0776,0,0,0,2500,0,0,2500,0,2500,0
20230101T000014.100000,3,1681,2494.04,-1653.44,-471.065,0,0,0,2500,0,0,2500,0,2500,0
20230101T000014.100000,3,1682,9139.35,-4442.58,-1157.44,0,0,0,2500,0,0,2500,0,2500,0
20230101T000014.100000,3,1683,8547.21,-2000.55,1070.92,0,0,0,2500,0,0,2500,0,2500,0
20230101T000014.100000,3,1684,8825.12,-3989.53,-855.852,0,0,0,2500,0,0,2500,0,2500,0
20230101T000014.100000,3,1685,10909.5,1175.2,-2187.33,0,0,0,2500,0,0,2500,0,2500,0
20230101T000014.100000,3,1686,11545.5,574.61,-1917.71,0,0,0,2500,0,0,2500,0,2500,0
20230101T000014.100000,3,1687,3923.13,204.586,865.33,0,0,0,2500,0,0,2500,0,2500,0
20230101T000014.100000,3,1688,9358.92,4938.18,293.576,0,0,0,2500,0,0,2500,0,2500,0
20230101T000014.100000,3,1689,5595.61,1653.1,1136.74,0,0,0,2500,0,0,2500,0,2500,0
20230101T000014.100000,3,1690,6956.12,3886.6,-1511.83,0,0,0,2500,0,0,2500,0,2500,0
20230101T000014.100000,3,1691,8421.67,4585.37,-614.498,0,0,0,2500,0,0,2500,0,2500,0
20230101T000014.100000,3,1692,7484.9,8632.14,736.973,0,0,0,2500,0,0,2500,0,2500,0
20230101T000014.100000,3,1693,657.25,880.275,15.8508,0,0,0,2500,0,0,2500,0,2500,0
20230101T000014.100000,3,1694,5094.66,4773.02,-729.906,0,0,0,2500,0,0,2500,0,2500,0
20230101T000014.100000,3,1695,4321.45,2914.36,-401.901,0,0,0,2500,0,0,2500,0,2500,0
20230101T000014.100000,3,1696,6167.99,7277.78,-2330.44,0,0,0,2500,0,0,2500,0,2500,0
20230101T000014.200000,6,1831,9096.79,-7723.34,1128.84,0,0,0,96661.5,111375,-16425.6,133283,13945.6,227843,1.05147e+20
20230101T000014.200000,6,1832,2916.55,-846.038,-673.758,0,0,0,1871.46,3737.36,3131.08,13671.1,-908.27,14758.2,2.33879e+20
20230101T000014.200000,6,1833,3851.25,-700.599,-458.421,0,0,0,1171.92,4246.77,2817.52,23744.2,-512.548,24517.6,2.02366e+20
20230101T000014.200000,6,1834,10580.7,407.164,1539.54,0,0,0,4114.53,-6744.81,-26054,179129,-1002.6,179389,1.58479e+20
20230101T000014.200000,6,1835,3252.04,988.53,-180.758,0,0,0,1669.78,-5111.29,937.285,16931.1,284.908,18485,1.63569e+20
20230101T000014.200000,6,1836,9763.76,5720,-1083.21,0,0,0,53794.3,-88511.4,16916.8,153026,9910.5,204880,1.69145e+20
20230101T000014.200000,6,1837,7782.43,2659.44,-47.507,0,0,0,11376.7,-33094.4,591.202,96913.1,202.027,108222,1.01046e+20
20230101T000014.200000,6,1838,1556.35,2284.9,149.181,0,0,0,8384.76,-5643.5,-369.546,3943.45,-542.538,12229,1.45031e+20
20230101T000014.200000,6,1839,809.561,734.77,106.234,0,0,0,908.484,-911.207,-133.042,1085.42,-120.751,1913.04,8.53116e+22
20230101T000014.200000,6,1840,7592.52,5430.36,-746.688,0,0,0,47814.4,-65516.1,9066.66,92557.7,6484.7,139417,1.46988e+20
20230101T000014.200000,6,1841,7854.99,5707.22,1472.4,0,0,0,54427,-70049,-18497.4,99941.6,-13439.7,150839,1.14573e+20
20230101T000014.200000,3,1697,9096.79,-7723.34,1128.84,0,0,0,2500,0,0,2500,0,2500,0
20230101T000014.200000,3,1698,2916.55,-846.038,-673.758,0,0,0,2500,0,0,2500,0,2500,0
20230101T000014.200000,3,1699,3851.25,-700.598,-458.421,0,0,0,2500,0,0,2500,0,2500,0
20230101T000014.200000,3,1700,10580.7,407.164,1539.54,0,0,0,2500,0,0,2500,0,2500,0
20230101T000014.200000,3,1701,3252.04,988.53,-180.758,0,0,0,2500,0,0,2500,0,2500,0
20230101T000014.200000,3,1702,9763.76,5720,-1083.21,0,0,0,2500,0,0,2500,0,2500,0
20230101T000014.200000,3,1703,7782.43,2659.44,-47.507,0,0,0,2500,0,0,2500,0,2500,0
20230101T000014.200000,3,1704,1556.35,2284.9,149.181,0,0,0,2500,0,0,2500,0,2500,0
20230101T000014.200000,3,1705,809.561,734.77,106.234,0,0,0,2500,0,0,2500,0,2500,0
20230101T000014.200000,3,1706,7592.52,5430.36,-746.688,0,0,0,2500,0,0,2500,0,2500,0
20230101T000014.200000,3,1707,7854.99,5707.22,1472.4,0,0,0,2500,0,0,2500,0,2500,0
20230101T000014.300000,6,1842,1049.21,-927.801,2.43771,0,0,0,1413.22,1525.77,-4.00884,1789.44,3.54495,3138.66,1.25313e+20
20230101T000014.300000,6,1843,700.102,-540.56,-141.361,0,0,0,526.657,559.861,150.453,819.478,-116.167,1253.35,1.19753e+20
20230101T000014.300000,6,1844,11273.7,-4338.71,-325.808,0,0,0,30322.7,78183.3,5875.31,203386,-2261.12,233475,6.00005e+19
20230101T000014.300000,6,1845,11248.8,-1174.46,446.057,0,0,0,2585.09,21098.6,-8025.68,202462,837.938,204665,1.90978e+20
20230101T000014.300000,6,1846,8426.71,-1296.63,-643.652,0,0,0,3399.71,17373,8673.44,113632,-1334.6,116305,9.11177e+19
20230101T000014.300000,6,1847,6028.16,315.633,1436.37,0,0,0,3511.84,-2868.77,-13839.5,58151.2,-724.633,58304.8,1.36551e+20
20230101T000014.300000,6,1848,977.914,492.734,102.22,0,0,0,452.393,-738.749,-154.651,1546.34,-77.9227,1919.12,4.85408e+22
20230101T000014.300000,6,1849,3692.17,2096.49,-676.977,0,0,0,7634.11,-12043.3,3990.57,22005.4,2265.93,28845.4,8.52886e+19
20230101T000014.300000,6,1850,415.427,67.7232,-46.1649,0,0,0,72.2621,-34.4306,23.8394,277.853,3.88632,284.227,2.66932e+20
20230101T000014.300000,6,1851,8129.96,3691.59,-1405.13,0,0,0,24475.4,-46807.3,18268.9,106305,8295.39,127560,8.59228e+19
20230101T000014.300000,6,1852,4792.07,2557.51,987.961,0,0,0,11729.1,-18934.8,-7565.07,37102.3,-4037.44,47209.8,1.2768e+20
20230101T000014.300000,6,1853,1262.26,1125.14,97.558,0,0,0,2069.54,-2233.11,-194.282,2584.27,-173.178,4575.01,8.58675e+19
20230101T000014.300000,6,1854,4756.96,6538.63,-364.254,0,0,0,68501.5,-49635,2770.69,36386.4,3808.43,104612,1.38165e+20
20230101T000014.300000,3,1708,1049.21,-927.801,2.43771,0,0,0,2500,0,0,2500,0,2500,0
20230101T000014.300000,3,1709,700.102,-540.56,-141.361,0,0,0,2500,0,0,2500,0,2500,0
20230101T000014.300000,3,1710,11273.7,-4338.71,-325.808,0,0,0,2500,0,0,2500,0,2500,0
20230101T000014.300000,3,1711,11248.8,-1174.46,446.057,0,0,0,2500,0,0,2500,0,2500,0
20230101T000014.300000,3,1712,8426.71,-1296.63,-643.652,0,0,0,2500,0,0,2500,0,2500,0
20230101T000014.300000,3,1713,6028.16,315.633,1436.37,0,0,0,2500,0,0,2500,0,2500,0
20230101T000014.300000,3,1714,977.914,492.734,102.22,0,0,0,2500,0,0,2500,0,2500,0
20230101T000014.300000,3,1715,3692.17,2096.49,-676.977,0,0,0,2500,0,0,2500,0,2500,0
20230101T000014.300000,3,1716,415.427,67.7232,-46.1649,0,0,0,2500,0,0,2500,0,2500,0
20230101T000014.300000,3,1717,8129.96,3691.59,-1405.13,0,0,0,2500,0,0,2500,0,2500,0
20230101T000014.300000,3,1718,4792.07,2557.51,987.961,0,0,0,2500,0,0,2500,0,2500,0
20230101T000014.300000,3,1719,1262.26,1125.14,97.558,0,0,0,2500,0,0,2500,0,2500,0
20230101T000014.300000,3,1720,4756.96,6538.63,-364.254,0,0,0,2500,0,0,2500,0,2500,0
20230101T000014.400000,6,1855,5195.27,-5652.69,-629.799,0,0,0,51444.4,46639.8,5231.63,43563.8,-5692.26,94310.4,7.13909e+19
20230101T000014.400000,6,1856,2842.16,-1298.52,116.297,0,0,0,2768.63,5872.64,-526.693,12939.4,240.635,15622.6,2.33398e+20
20230101T000014.400000,6,1857,4099.2,-734.332,-670.422,0,0,0,1620.02,4680.63,4387.22,26909.8,-785.93,27749.9,1.73737e+20
20230101T000014.400000,6,1858,10787.9,1088.76,659.722,0,0,0,2649.1,-18716.7,-11383.4,186214,-1148.85,188103,1.37506e+20
20230101T000014.400000,6,1859,2600.84,1491.88,-295.911,0,0,0,3714.24,-6120.4,1225.96,10873.3,703.231,14384.7,1.51038e+20
20230101T000014.400000,6,1860,11614.2,3023.42,2272.49,0,0,0,22421.9,-54153.6,-42217.5,216350,-10990.1,230450,1.91973e+20
20230101T000014.400000,6,1861,5618.12,2485.31,-748.107,0,0,0,10684.5,-21985.8,6717.71,50658.1,2971.74,60385,1.53849e+20
20230101T000014.400000,6,1862,4163.15,2923.16,-328.52,0,0,0,13830.2,-19360.1,2184.92,27809,1534.15,41403,1.35349e+20
20230101T000014.400000,6,1863,6743.33,2279.73,1175.62,0,0,0,10355.9,-23907,-12674.4,72989.2,-4284.87,81073.2,1.15519e+20
20230101T000014.400000,6,1864,1037.37,362.969,113.695,0,0,0,285.636,-576.264,-182.526,1730.97,-63.8647,1933.28,6.85377e+22
20230101T000014.400000,6,1865,2445.59,1757.75,-83.7808,0,0,0,4993.08,-6842.35,326.385,9595.06,234.587,14513,1.43026e+20
20230101T000014.400000,6,1866,1717.93,1639.24,-123.767,0,0,0,4345.61,-4461.64,337.79,4764.16,322.318,9021.6,1.18289e+20
20230101T000014.400000,6,1867,3387.54,3015.29,476.355,0,0,0,14785,-16131.3,-2576.91,18549.2,-2293.74,32908.5,9.76104e+19
20230101T000014.400000,6,1868,3089.62,2724.41,95.5611,0,0,0,11920.1,-13428.9,-471.284,15307.6,-415.575,27149.1,1.16681e+20
20230101T000014.400000,6,1869,4798.36,3917.74,-358.669,0,0,0,24719.7,-29945.8,2750.78,36946.6,2245.94,61396.9,1.5427e+20
20230101T000014.400000,6,1870,3756.24,3517.79,31.6549,0,0,0,19834.7,-21109.1,-189.958,22605.6,-177.899,42374.7,1.31061e+20
20230101T000014.400000,4,1695,4213.23,2848.36,-388.304,-29.7863,-18.1651,3.74224,854.795,-1152.85,159.039,1786.78,107.255,2550.36,0
20230101T000014.400000,4,1714,1018.26,422.38,108.884,3.99503,-6.96579,0.659814,277.635,-409.421,-85.3848,883.909,-43.0222,1086.65,0
20230101T000014.400000,3,1721,5195.27,-5652.69,-629.799,0,0,0,2500,0,0,2500,0,2500,0
20230101T000014.400000,3,1722,2842.16,-1298.52,116.297,0,0,0,2500,0,0,2500,0,2500,0
20230101T000014.400000,3,1723,4099.2,-734.332,-670.422,0,0,0,2500,0,0,2500,0,2500,0
20230101T000014.400000,3,1724,10787.9,1088.76,659.722,0,0,0,2500,0,0,2500,0,2500,0
20230101T000014.400000,3,1725,2600.84,1491.88,-295.911,0,0,0,2500,0,0,2500,0,2500,0
20230101T000014.400000,3,1726,11614.2,3023.42,2272.49,0,0,0,2500,0,0,2500,0,2500,0
20230101T000014.400000,3,1727,5618.12,2485.31,-748.107,0,0,0,2500,0,0,2500,0,2500,0
20230101T000014.400000,3,1728,6743.33,2279.73,1175.62,0,0,0,2500,0,0,2500,0,2500,0
20230101T000014.400000,3,1729,2445.59,1757.75,-83.7808,0,0,0,2500,0,0,2500,0,2500,0
20230101T000014.400000,3,1730,1717.93,1639.24,-123.767,0,0,0,2500,0,0,2500,0,2500,0
20230101T000014.400000,3,1731,3387.54,3015.29,476.355,0,0,0,2500,0,0,2500,0,2500,0
20230101T000014.400000,3,1732,3089.62,2724.41,95.5611,0,0,0,2500,0,0,2500,0,2500,0
20230101T000014.400000,3,1733,4798.36,3917.74,-358.669,0,0,0,2500,0,0,2500,0,2500,0
20230101T000014.400000,3,1734,3756.24,3517.79,31.6549,0,0,0,2500,0,0,2500,0,2500,0
20230101T000014.500000,6,1871,7434.9,-9791.68,186.793,0,0,0,153447,116423,-2221.47,88520.4,2925.65,241848,1.95176e+20
20230101T000014.500000,6,1872,8675.01,-8679.92,1733.58,0,0,0,122980,118042,-24055.9,122846,24069.5,240956,1.01754e+20
20230101T000014.500000,6,1873,3249.25,-3946.86,-125.082,0,0,0,24960.2,20475.3,649.281,16945.3,-788.68,41816.5,1.06929e+20
20230101T000014.500000,6,1874,9522.64,-2290.76,-912.738,0,0,0,9716.17,34585.1,13900.9,145166,-3344.01,153486,8.90187e+19
20230101T000014.500000,6,1875,1079.93,97.4658,184.796,0,0,0,131.088,-157.951,-308.75,1866.95,-27.8653,1883.01,1.10467e+22
20230101T000014.500000,6,1876,7053.61,583.323,-1558.56,0,0,0,4465.23,-6259.01,17576.2,79632.4,1453.52,80152.9,1.35562e+20
20230101T000014.500000,6,1877,6117.56,851.489,1549.06,0,0,0,4985.51,-7801.99,-15147.4,59953.3,-2108.33,61043.1,1.86081e+20
20230101T000014.500000,6,1878,2538.18,1383.55,-376.508,0,0,0,3286.12,-5496.97,1521.84,10374.2,829.545,13371.6,1.03684e+20
20230101T000014.500000,6,1879,10349.5,4652.18,-683.51,0,0,0,35303.3,-76733.2,11314.9,171517,5086.12,206009,1.77069e+20
20230101T000014.500000,6,1880,3830.28,2294.8,-749.08,0,0,0,9132.23,-13640.3,4581.75,23727.3,2745.01,31901.2,2.72545e+20
20230101T000014.500000,6,1881,1735.62,1168.67,-188.68,0,0,0,2268.12,-3189.57,519.214,4857.37,349.609,7005.56,1.73469e+20
20230101T000014.500000,4,1702,9772.26,5706.47,-1078.02,2.33943,-3.7227,1.42894,751.448,-1135.23,215.009,2024.17,125.961,2665.7,0
20230101T000014.500000,4,1725,2522.22,1435.58,-300.38,-7.78332,-5.57486,-0.442477,593.901,-891.426,177.078,1636.61,101.575,2130.9,0
20230101T000014.500000,3,1735,7434.9,-9791.68,186.793,0,0,0,2500,0,0,2500,0,2500,0
20230101T000014.500000,3,1736,8675.01,-8679.92,1733.58,0,0,0,2500,0,0,2500,0,2500,0
20230101T000014.500000,3,1737,3249.25,-3946.86,-125.082,0,0,0,2500,0,0,2500,0,2500,0
20230101T000014.500000,3,1738,9522.64,-2290.76,-912.738,0,0,0,2500,0,0,2500,0,2500,0
20230101T000014.500000,3,1739,1079.93,97.4658,184.796,0,0,0,2500,0,0,2500,0,2500,0
20230101T000014.500000,3,1740,7053.61,583.323,-1558.56,0,0,0,2500,0,0,2500,0,2500,0
20230101T000014.500000,3,1741,6117.56,851.489,1549.06,0,0,0,2500,0,0,2500,0,2500,0
20230101T000014.500000,3,1742,3830.28,2294.8,-749.08,0,0,0,2500,0,0,2500,0,2500,0
20230101T000014.500000,3,1743,1735.62,1168.67,-188.68,0,0,0,2500,0,0,2500,0,2500,0
20230101T000014.600000,6,1882,316.341,-360.716,15.2333,0,0,0,236.142,150.696,-6.37178,196.465,7.26558,368.364,5.08027e+20
20230101T000014.600000,6,1883,5882.89,-5883.17,194.827,0,0,0,55441,55313.7,-1832.77,55435.8,1832.86,110752,1.14789e+20
20230101T000014.600000,6,1884,5558.59,-7234.56,-731.894,0,0,0,84083.9,63897.5,6506.17,50015.5,-8467.84,133179,1.59859e+20
20230101T000014.600000,6,1885,5848.96,-1530.31,-1321.94,0,0,0,6421.01,13621.5,12358.2,54919.6,-3233.38,58486.4,1.00209e+20
20230101T000014.600000,6,1886,6192.7,-3013.92,-157.29,0,0,0,14617.7,29822.1,1557.17,61379,-757.856,75893.2,1.16476e+20
20230101T000014.600000,6,1887,1094.39,4.28272,116.849,0,0,0,85.1527,-7.16606,-197.851,1916.32,-0.774254,1917.07,1.8314e+22
20230101T000014.600000,6,1888,10020.8,3169.26,-1265.22,0,0,0,18456.4,-50059,20278.3,160904,6413.39,176737,1.61723e+20
20230101T000014.600000,6,1889,10422.4,6098.49,-458.391,0,0,0,59804.6,-101523,7641.95,173904,4471.56,233309,1.04321e+20
20230101T000014.600000,6,1890,8888.19,2803.9,725.402,0,0,0,13402.6,-39614.8,-10311.3,126482,-3252.84,138979,1.10886e+20
20230101T000014.600000,6,1891,4398.92,2359.16,950.123,0,0,0,10074.7,-15977.1,-6676.87,31297.3,-3580.83,39868.1,1.0093e+20
20230101T000014.600000,6,1892,6296.47,1891.61,-1340.94,0,0,0,8420.27,-18247,13497.1,63676,4054.84,69160.4,3.15752e+20
20230101T000014.600000,6,1893,6791.16,9416.94,194.272,0,0,0,141929,-102264,-2110.3,73873.6,-2926.25,215678,1.26241e+20
20230101T000014.600000,6,1894,7209.83,7412.58,2552.75,0,0,0,93012.2,-80268.2,-29437.4,88559.4,-30265.2,171089,1.99386e+20
20230101T000014.600000,6,1895,5972.13,6241.26,-407.209,0,0,0,62482.7,-59473.4,3888.96,57237.9,4064.22,119392,1.9164e+20
20230101T000014.600000,4,1739,1091.88,44.8299,146.584,1.18335,-5.21149,-3.78336,99.554,-88.3096,-170.444,1070.06,-15.3829,1066.59,0
20230101T000014.600000,3,1744,316.341,-360.716,15.2333,0,0,0,2500,0,0,2500,0,2500,0
20230101T000014.600000,3,1745,5882.89,-5883.17,194.827,0,0,0,2500,0,0,2500,0,2500,0
20230101T000014.600000,3,1746,5558.59,-7234.56,-731.894,0,0,0,2500,0,0,2500,0,2500,0
20230101T000014.600000,3,1747,5848.96,-1530.31,-1321.94,0,0,0,2500,0,0,2500,0,2500,0
20230101T000014.600000,3,1748,6192.7,-3013.92,-157.29,0,0,0,2500,0,0,2500,0,2500,0
20230101T000014.600000,3,1749,10020.8,3169.26,-1265.22,0,0,0,2500,0,0,2500,0,2500,0
20230101T000014.600000,3,1750,10422.4,6098.49,-458.391,0,0,0,2500,0,0,2500,0,2500,0
20230101T000014.600000,3,1751,8888.19,2803.9,725.402,0,0,0,2500,0,0,2500,0,2500,0
20230101T000014.600000,3,1752,4398.92,2359.16,950.123,0,0,0,2500,0,0,2500,0,2500,0
20230101T000014.600000,3,1753,6296.47,1891.61,-1340.94,0,0,0,2500,0,0,2500,0,2500,0
20230101T000014.600000,3,1754,6791.16,9416.94,194.272,0,0,0,2500,0,0,2500,0,2500,0
20230101T000014.600000,3,1755,7209.83,7412.58,2552.75,0,0,0,2500,0,0,2500,0,2500,0
20230101T000014.600000,3,1756,5972.13,6241.26,-407.209,0,0,0,2500,0,0,2500,0,2500,0
20230101T000014.700000,6,1896,6240.39,-3429.57,-937.251,0,0,0,19946.9,33623.1,9350.84,62648.6,-5138.99,81128.2,1.18492e+20
20230101T000014.700000,6,1897,2935.08,-254.449,386.411,0,0,0,403.159,1168.95,-1806.42,13785.8,156.602,13888.2,5.02592e+20
20230101T000014.700000,6,1898,1097.08,-118.123,64.5229,0,0,0,91.9606,199.847,-109.55,1926.54,11.7954,1948.27,4.17329e+22
20230101T000014.700000,6,1899,3563.38,-682.84,160.807,0,0,0,847.554,3873.69,-914.043,20320,175.156,21062.4,1.2589e+20
20230101T000014.700000,6,1900,305.38,20.8523,-45.3623,0,0,0,66.3068,-5.70845,12.905,149.517,0.881196,151.282,9.85545e+19
20230101T000014.700000,6,1901,8620.31,574.537,996.527,0,0,0,2172.91,-7814.67,-13737.3,118903,-915.582,119425,1.44843e+20
20230101T000014.700000,6,1902,5773.13,451.645,-285.718,0,0,0,519.65,-4156.73,2636.04,53327.6,206.223,53652.9,8.51172e+19
20230101T000014.700000,6,1903,3730.9,1226.37,-606.106,0,0,0,2993.27,-7127.84,3608.95,22334.7,1186.29,24679.2,2.13606e+20
20230101T000014.700000,6,1904,1380.39,1115.59,35.0103,0,0,0,2031.14,-2431.68,-76.343,3074.81,-61.698,5040.05,1.25502e+20
20230101T000014.700000,6,1905,5566.53,5484.03,1697.6,0,0,0,50490.3,-46507.5,-15110.2,51879.2,-14886.2,97700.3,1.27625e+20
20230101T000014.700000,3,1757,6240.39,-3429.57,-937.251,0,0,0,2500,0,0,2500,0,2500,0
20230101T000014.700000,3,1758,2935.08,-254.449,386.411,0,0,0,2500,0,0,2500,0,2500,0
20230101T000014.700000,3,1759,1097.08,-118.123,64.5229,0,0,0,2500,0,0,2500,0,2500,0
20230101T000014.700000,3,1760,3563.38,-682.84,160.807,0,0,0,2500,0,0,2500,0,2500,0
20230101T000014.700000,3,1761,305.38,20.8523,-45.3623,0,0,0,2500,0,0,2500,0,2500,0
20230101T000014.700000,3,1762,8620.31,574.537,996.527,0,0,0,2500,0,0,2500,0,2500,0
20230101T000014.700000,3,1763,5773.13,451.645,-285.718,0,0,0,2500,0,0,2500,0,2500,0
20230101T000014.700000,3,1764,3730.9,1226.37,-606.106,0,0,0,2500,0,0,2500,0,2500,0
20230101T000014.700000,3,1765,1380.39,1115.59,35.0103,0,0,0,2500,0,0,2500,0,2500,0
20230101T000014.700000,3,1766,5566.53,5484.03,1697.6,0,0,0,2500,0,0,2500,0,2500,0
20230101T000014.800000,6,1906,7886.09,-9225.19,-1641.93,0,0,0,138014,114240,20711.9,102033,-24228.9,235673,1.50802e+20
20230101T000014.800000,6,1907,7470.95,-5145.22,-0.184063,0,0,0,42400.7,61473.6,2.19913,89324.7,-1.51454,131661,1.3252e+20
20230101T000014.800000,6,1908,1049.65,-297.173,182.429,0,0,0,248.235,468.809,-296.362,1771.4,83.9048,1905.87,1.75305e+22
20230101T000014.800000,6,1909,1279.78,809.901,15.1279,0,0,0,1095.46,-1629.31,-30.4365,2638.94,-19.2616,3670.05,2.48345e+20
20230101T000014.800000,6,1910,2969.15,1578.09,47.1254,0,0,0,4037.28,-7468.97,-223.084,14120.2,-118.568,18090,5.12542e+20
20230101T000014.800000,6,1911,78.021,20.359,11.3618,0,0,0,59.61,12.8403,7.1376,13.7534,1.86251,11.6488,1.3705e+20
20230101T000014.800000,6,1912,1089.4,1659.7,-267.081,0,0,0,4460.64,-2811.72,460.893,2022.57,702.168,6307.35,3.11326e+20
20230101T000014.800000,6,1913,9058.56,7580.8,-2130.85,0,0,0,96258.7,-106268,30875.2,134310,25838.5,223244,2.41065e+20
20230101T000014.800000,6,1914,6401.2,5304.07,982.426,0,0,0,45966.1,-53534.1,-10056.2,66214.8,-8332.61,110574,1.28202e+20
20230101T000014.800000,6,1915,5928.92,4892.05,-74.1675,0,0,0,38334.8,-46371.6,703.097,56272.8,580.137,94534.8,9.20106e+19
20230101T000014.800000,3,1767,7886.09,-9225.19,-1641.93,0,0,0,2500,0,0,2500,0,2500,0
20230101T000014.800000,3,1768,7470.95,-5145.22,-0.184063,0,0,0,2500,0,0,2500,0,2500,0
20230101T000014.800000,3,1769,1049.65,-297.173,182.429,0,0,0,2500,0,0,2500,0,2500,0
20230101T000014.800000,3,1770,1279.78,809.901,15.1279,0,0,0,2500,0,0,2500,0,2500,0
20230101T000014.800000,3,1771,2969.15,1578.09,47.1254,0,0,0,2500,0,0,2500,0,2500,0
20230101T000014.800000,3,1772,78.021,20.359,11.3618,0,0,0,2500,0,0,2500,0,2500,0
20230101T000014.800000,3,1773,1089.4,1659.7,-267.081,0,0,0,2500,0,0,2500,0,2500,0
20230101T000014.800000,3,1774,9058.56,7580.8,-2130.85,0,0,0,2500,0,0,2500,0,2500,0
20230101T000014.800000,3,1775,6401.2,5304.07,982.426,0,0,0,2500,0,0,2500,0,2500,0
20230101T000014.800000,3,1776,5928.92,4892.05,-74.1675,0,0,0,2500,0,0,2500,0,2500,0
20230101T000014.900000,6,1916,1523.35,-1493.57,17.5942,0,0,0,3602.09,3608.14,-42.5066,3744.58,41.6755,7282.18,1.24834e+20
20230101T000014.900000,6,1917,7410.57,-6747.05,-1779.78,0,0,0,75641.2,77445.3,21094.5,90191.7,-19205.8,160705,2.3422e+20
20230101T000014.900000,6,1918,72.7272,-64.2143,11.6535,0,0,0,42.1714,-23.9376,4.3246,36.196,-3.81839,15.9706,9.06099e+19
20230101T000014.900000,6,1919,4961.22,-5209.71,249.534,0,0,0,43503.5,41272.8,-1979.26,39467.8,2078.39,82807.7,2.01185e+20
20230101T000014.900000,6,1920,3993.49,-3067.87,-542.116,0,0,0,15394.4,19344.7,3458.49,25714.7,-2656.88,40576.4,1.21986e+20
20230101T000014.900000,6,1921,2653.47,-548.631,379.52,0,0,0,762.797,2271.1,-1602.67,11277.5,331.366,11748.3,2.18439e+20
20230101T000014.900000,6,1922,2022.81,-24.2783,-227.854,0,0,0,147.188,76.8213,730.33,6546.84,-8.7656,6548.57,1.06295e+20
20230101T000014.900000,6,1923,2431.22,607.421,102.342,0,0,0,666.25,-2343.88,-395.575,9462.08,-98.8312,10047.8,1.97456e+20
20230101T000014.900000,6,1924,1413.39,402.988,-190.598,0,0,0,371.803,-879.404,423.173,3205.38,120.656,3457.17,1.09336e+20
20230101T000014.900000,6,1925,91.1511,33.4933,-10.8633,0,0,0,57.6511,15.6396,-5.05272,20.8352,-1.85662,15.8795,9.71166e+19
20230101T000014.900000,6,1926,5437.98,1876.98,-842.048,0,0,0,6706.6,-15962,7317.79,47442,2525.83,52952.8,1.18977e+20
20230101T000014.900000,6,1927,620.678,796.315,-14.1346,0,0,0,1038.89,-759.628,13.4861,656.389,17.3024,1630.99,1.67977e+20
20230101T000014.900000,4,1772,94.0267,32.5761,-6.60755,1.58473,1.20961,-1.77914,58.1541,12.4715,6.93203,13.6145,1.80887,11.5745,0
20230101T000014.900000,3,1777,1523.35,-1493.57,17.5942,0,0,0,2500,0,0,2500,0,2500,0
20230101T000014.900000,3,1778,7410.57,-6747.05,-1779.78,0,0,0,2500,0,0,2500,0,2500,0
20230101T000014.900000,3,1779,72.7272,-64.2143,11.6535,0,0,0,2500,0,0,2500,0,2500,0
20230101T000014.900000,3,1780,4961.22,-5209.71,249.534,0,0,0,2500,0,0,2500,0,2500,0
20230101T000014.900000,3,1781,3993.49,-3067.87,-542.116,0,0,0,2500,0,0,2500,0,2500,0
20230101T000014.900000,3,1782,2653.47,-548.631,379.52,0,0,0,2500,0,0,2500,0,2500,0
20230101T000014.900000,3,1783,2022.81,-24.2783,-227.854,0,0,0,2500,0,0,2500,0,2500,0
20230101T000014.900000,3,1784,2431.22,607.421,102.342,0,0,0,2500,0,0,2500,0,2500,0
20230101T000014.900000,3,1785,1413.39,402.988,-190.598,0,0,0,2500,0,0,2500,0,2500,0
20230101T000014.900000,3,1786,5437.98,1876.98,-842.048,0,0,0,2500,0,0,2500,0,2500,0
20230101T000014.900000,3,1787,620.678,796.315,-14.1346,0,0,0,2500,0,0,2500,0,2500,0
20230101T000015,6,1928,1345.62,-1257.67,233.573,0,0,0,2610.97,2632.78,-497.045,2967.17,464.558,5428.88,1.23176e+20
20230101T000015,6,1929,898.068,-632.121,40.2162,0,0,0,683.794,876.999,-55.8731,1312.47,39.3273,1929.85,5.55988e+21
20230101T000015,6,1930,7062.89,-8457.25,-2366.68,0,0,0,118148,91133,26736.5,85130.8,-32014.9,194258,1.9175e+20
20230101T000015,6,1931,5610.63,-6695,-1982.64,0,0,0,74336.7,56974.9,17789.3,54097.1,-21227.5,122087,1.59124e+20
20230101T000015,6,1932,4620.7,-3137.84,86.5269,0,0,0,15805.7,23163.2,-638.884,34185.4,433.856,49915.1,1.7916e+20
20230101T000015,6,1933,8155.26,-5272.72,470.975,0,0,0,44777.8,68609.6,-6142.87,106537,3971.62,150896,1.08806e+20
20230101T000015,6,1934,3991.39,-4832.23,1336.57,0,0,0,38544.8,29426.2,-8527.33,27225.3,10323.7,62853.4,5.0289e+20
20230101T000015,6,1935,2237.82,-796.299,-409.568,0,0,0,1307.94,2746.76,1456.36,8049.69,-518.229,9028.93,1.05377e+20
20230101T000015,6,1936,4077.32,-1785.2,734.578,0,0,0,5875.89,11306.1,-4782.76,26748.2,2094.07,31700.1,1.11893e+20
20230101T000015,6,1937,7315.93,-1809.92,-2014.16,0,0,0,11414.2,19658.9,23561.2,86014.2,-5828.92,90882,1.30663e+20
20230101T000015,6,1938,4710.05,-2996.89,196.274,0,0,0,14459.5,22527.9,-1477.24,35531.5,939.931,49865.6,1.64167e+20
20230101T000015,6,1939,3081.18,-595.953,175.696,0,0,0,677.364,2916.87,-862.655,15193.9,166.852,15758.3,1.80064e+20
20230101T000015,6,1940,2569.82,291.117,128.962,0,0,0,224.904,-1186.87,-527.091,10567.5,-59.7105,10702.1,1.47361e+20
20230101T000015,6,1941,3458.61,-557.166,319.827,0,0,0,718.082,3047.57,-1764.13,19145,284.193,19636.4,2.19805e+20
20230101T000015,6,1942,11189,-1950.36,-1156.99,0,0,0,8226.37,34543.1,20706.5,200375,-3609.36,206396,1.29783e+20
20230101T000015,6,1943,6739.32,868.566,-412.102,0,0,0,1537.06,-9323.14,4439.83,72674.9,572.207,73876.7,1.14497e+20
20230101T000015,6,1944,1189.31,836.903,-285.556,0,0,0,1249.12,-1502.13,533.487,2326.74,375.409,3386.15,1.24204e+20
20230101T000015,6,1945,4249.6,1770.01,224.214,0,0,0,5135.63,-11983.7,-1521.64,28915.9,-633.78,33907.4,1.00153e+20
20230101T000015,6,1946,83.4941,47.6271,-17.5708,0,0,0,50.7286,20.5041,-7.48603,26.4794,-4.27022,16.8527,1.41478e+20
20230101T000015,6,1947,8900.14,7492.75,-490.047,0,0,0,90088.4,-106478,6976.31,126926,5873.15,216566,2.14214e+20
20230101T000015,6,1948,3419.63,3325.57,-894.691,0,0,0,18385.1,-17524.5,4886.91,19362.8,4752.49,36407.5,1.67883e+20
20230101T000015,6,1949,6462.22,6911.85,1472.7,0,0,0,78085.7,-69703.1,-15220.4,68701.4,-16279.5,143256,9.63443e+19
20230101T000015,4,1760,3455.56,-649.649,175.272,-29.6741,9.13518,3.98144,150.225,433.577,-102.13,2329.75,19.5708,2408.77,0
20230101T000015,4,1779,154.597,23.2539,-17.3103,8.1059,8.66023,-2.86771,41.2552,-23.2075,4.19233,35.462,-3.7016,15.8575,0
20230101T000015,3,1788,1345.62,-1257.67,233.573,0,0,0,2500,0,0,2500,0,2500,0
20230101T000015,3,1789,898.068,-632.121,40.2162,0,0,0,2500,0,0,2500,0,2500,0
20230101T000015,3,1790,7062.89,-8457.25,-2366.68,0,0,0,2500,0,0,2500,0,2500,0
20230101T000015,3,1791,5610.63,-6695,-1982.64,0,0,0,2500,0,0,2500,0,2500,0
20230101T000015,3,1792,4620.7,-3137.85,86.5269,0,0,0,2500,0,0,2500,0,2500,0
20230101T000015,3,1793,8155.26,-5272.72,470.975,0,0,0,2500,0,0,2500,0,2500,0
20230101T000015,3,1794,3991.39,-4832.23,1336.57,0,0,0,2500,0,0,2500,0,2500,0
20230101T000015,3,1795,2237.82,-796.299,-409.568,0,0,0,2500,0,0,2500,0,2500,0
20230101T000015,3,1796,4077.32,-1785.2,734.578,0,0,0,2500,0,0,2500,0,2500,0
20230101T000015,3,1797,7315.93,-1809.92,-2014.16,0,0,0,2500,0,0,2500,0,2500,0
20230101T000015,3,1798,4710.05,-2996.89,196.274,0,0,0,2500,0,0,2500,0,2500,0
20230101T000015,3,1799,3081.18,-595.953,175.696,0,0,0,2500,0,0,2500,0,2500,0
20230101T000015,3,1800,2569.82,291.117,128.962,0,0,0,2500,0,0,2500,0,2500,0
20230101T000015,3,1801,11189,-1950.36,-1156.99,0,0,0,2500,0,0,2500,0,2500,0
20230101T000015,3,1802,6739.32,868.566,-412.102,0,0,0,2500,0,0,2500,0,2500,0
20230101T000015,3,1803,1189.31,836.903,-285.556,0,0,0,2500,0,0,2500,0,2500,0
20230101T000015,3,1804,4249.6,1770.01,224.214,0,0,0,2500,0,0,2500,0,2500,0
20230101T000015,3,1805,8900.14,7492.75,-490.047,0,0,0,2500,0,0,2500,0,2500,0
20230101T000015,3,1806,3419.63,3325.57,-894.691,0,0,0,2500,0,0,2500,0,2500,0
20230101T000015,3,1807,6462.22,6911.85,1472.7,0,0,0,2500,0,0,2500,0,2500,0
20230101T000015.100000,6,1950,6722.07,-7448.18,-556.592,0,0,0,89011.9,79829.3,5983.95,72606.2,-6630.34,161059,1.87878e+20
20230101T000015.100000,6,1951,7775.66,-6946.93,-1060.57,0,0,0,78251.8,85501.5,13189.8,97564.4,-11784,173954,5.55975e+20
20230101T000015.100000,6,1952,2535.75,-1111.41,-0.57065,0,0,0,2030.05,4485.67,2.30316,10298.3,-1.00947,12264.4,1.01213e+20
20230101T000015.100000,6,1953,2635.95,-15.5323,313.899,0,0,0,221.136,64.2069,-1316.36,11117.1,7.75665,11118.4,1.48416e+20
20230101T000015.100000,6,1954,9500.64,477.179,768.313,0,0,0,1369.86,-7203.11,-11674,144422,-586.339,144784,1.67705e+20
20230101T000015.100000,6,1955,2664.01,1630.95,143.623,0,0,0,4326.44,-6908.64,-609.676,11381.5,-373.252,15611.2,1.17209e+20
20230101T000015.100000,6,1956,3310.97,1290.48,304.999,0,0,0,2848.91,-6764.52,-1610.67,17568,-627.772,20205,1.73983e+20
20230101T000015.100000,6,1957,10693.7,2148.13,-1232.84,0,0,0,9781.37,-36272.5,21086.8,183064,4235.87,190352,2.45587e+20
20230101T000015.100000,6,1958,9429.14,4044.78,-47.4895,0,0,0,26233.5,-60997.5,716.184,142264,307.218,168430,7.86473e+19
20230101T000015.100000,6,1959,176.052,84.7747,3.59674,0,0,0,63.4514,1.13733,0.04791,61.6371,0.0230703,61.1112,1.19528e+20
20230101T000015.100000,6,1960,8425.93,4048.32,-53.4472,0,0,0,26278,-54550.7,720.218,113607,346.036,139816,1.55952e+20
20230101T000015.100000,6,1961,6054.96,1680.97,-174.617,0,0,0,4625.72,-16256.1,1689.97,58668.2,469.166,63181.2,1.2907e+20
20230101T000015.100000,6,1962,6461.53,1741.34,676.032,0,0,0,5592.4,-17803.1,-6982.94,66855.9,-1881.85,71654.4,1.14884e+20
20230101T000015.100000,6,1963,845.635,950.659,-210.331,0,0,0,1504.79,-1220.17,277.736,1218.45,312.23,2591.86,1.72534e+22
20230101T000015.100000,6,1964,7321.08,8599.11,1431.94,0,0,0,119717,-99077.2,-16768.1,87695.7,-19695.3,204070,2.97954e+20
20230101T000015.100000,6,1965,7482.56,7577.77,-1457.54,0,0,0,93585.1,-88990.9,17443.7,91334.8,17665.7,181459,1.2583e+20
20230101T000015.100000,6,1966,5050.01,3628.94,-179.194,0,0,0,21146.8,-29267.2,1446.39,40843.5,1039.38,61874.9,1.0624e+20
20230101T000015.100000,3,1808,6722.07,-7448.18,-556.592,0,0,0,2500,0,0,2500,0,2500,0
20230101T000015.100000,3,1809,7775.66,-6946.93,-1060.57,0,0,0,2500,0,0,2500,0,2500,0
20230101T000015.100000,3,1810,2535.75,-1111.41,-0.57065,0,0,0,2500,0,0,2500,0,2500,0
20230101T000015.100000,3,1811,2635.95,-15.5323,313.899,0,0,0,2500,0,0,2500,0,2500,0
20230101T000015.100000,3,1812,9500.64,477.179,768.313,0,0,0,2500,0,0,2500,0,2500,0
20230101T000015.100000,3,1813,2664.01,1630.95,143.623,0,0,0,2500,0,0,2500,0,2500,0
20230101T000015.100000,3,1814,3310.97,1290.48,304.999,0,0,0,2500,0,0,2500,0,2500,0
20230101T000015.100000,3,1815,10693.7,2148.13,-1232.84,0,0,0,2500,0,0,2500,0,2500,0
20230101T000015.100000,3,1816,9429.14,4044.78,-47.4895,0,0,0,2500,0,0,2500,0,2500,0
20230101T000015.100000,3,1817,176.052,84.7747,3.59674,0,0,0,2500,0,0,2500,0,2500,0
20230101T000015.100000,3,1818,8425.93,4048.32,-53.4472,0,0,0,2500,0,0,2500,0,2500,0
20230101T000015.100000,3,1819,6054.96,1680.97,-174.617,0,0,0,2500,0,0,2500,0,2500,0
20230101T000015.100000,3,1820,6461.53,1741.34,676.032,0,0,0,2500,0,0,2500,0,2500,0
20230101T000015.100000,3,1821,845.635,950.659,-210.331,0,0,0,2500,0,0,2500,0,2500,0
20230101T000015.100000,3,1822,7321.08,8599.11,1431.94,0,0,0,2500,0,0,2500,0,2500,0
20230101T000015.100000,3,1823,7482.56,7577.77,-1457.54,0,0,0,2500,0,0,2500,0,2500,0
20230101T000015.100000,3,1824,5050.01,3628.94,-179.194,0,0,0,2500,0,0,2500,0,2500,0
20230101T000015.200000,6,1967,1421.29,-1445.44,410.587,0,0,0,3505.7,3121.45,-924.97,3400.5,940.689,6577.51,1.26968e+20
20230101T000015.200000,6,1968,7561.41,-9334.42,737.061,0,0,0,139780,112474,-8914.68,92043.1,11005,230890,2.23228e+20
20230101T000015.200000,6,1969,7106.44,-4772.91,-617.06,0,0,0,36912.9,53958.1,7012.35,81011.6,-4709.72,117252,1.52798e+20
20230101T000015.200000,6,1970,10766.2,-4336.94,-1419.24,0,0,0,32921.5,73568.8,24440.6,185916,-9845.37,215553,1.15331e+20
20230101T000015.200000,6,1971,9812.9,-4458.05,263.906,0,0,0,31944.1,69928.2,-4142.07,154099,1881.76,185868,1.10736e+20
20230101T000015.200000,6,1972,9079.95,-177.515,1375.74,0,0,0,3140.08,2518.52,-19977.2,131914,390.56,131965,9.29465e+19
20230101T000015.200000,6,1973,4773.78,395.284,-541.714,0,0,0,779.09,-2975.39,4130.52,36466,342.02,36713.2,2.12358e+20
20230101T000015.200000,6,1974,6002.82,1988.18,-385.585,0,0,0,6596.4,-19005.5,3699.66,57684,1225.36,63979,1.68257e+20
20230101T000015.200000,6,1975,1033.72,759.646,-195.31,0,0,0,1003.55,-1197.44,315.358,1753.05,231.747,2634.46,1.65471e+21
20230101T000015.200000,4,1819,6097.48,1705.06,-183.933,4.20934,2.38539,-0.922349,233.384,-609.257,63.2908,2258.83,17.5707,2426.21,0
20230101T000015.200000,3,1825,1421.29,-1445.44,410.587,0,0,0,2500,0,0,2500,0,2500,0
20230101T000015.200000,3,1826,7561.41,-9334.42,737.061,0,0,0,2500,0,0,2500,0,2500,0
20230101T000015.200000,3,1827,7106.44,-4772.91,-617.06,0,0,0,2500,0,0,2500,0,2500,0
20230101T000015.200000,3,1828,10766.2,-4336.94,-1419.24,0,0,0,2500,0,0,2500,0,2500,0
20230101T000015.200000,3,1829,9812.9,-4458.05,263.906,0,0,0,2500,0,0,2500,0,2500,0
20230101T000015.200000,3,1830,9079.95,-177.515,1375.74,0,0,0,2500,0,0,2500,0,2500,0
20230101T000015.200000,3,1831,4773.78,395.284,-541.714,0,0,0,2500,0,0,2500,0,2500,0
20230101T000015.200000,3,1832,1033.72,759.646,-195.31,0,0,0,2500,0,0,2500,0,2500,0
20230101T000015.300000,6,1976,2812.85,-2611.93,-195.216,0,0,0,10982.5,11692.9,876.203,12717.2,-813.618,23575.1,1.28356e+20
20230101T000015.300000,6,1977,4043.83,-4605.22,369.725,0,0,0,34055.9,29656.3,-2389.63,26323.6,2721.37,60097.3,1.75524e+20
20230101T000015.300000,6,1978,2705.31,-1311,435.322,0,0,0,3046.26,5531.07,-1876.12,11779.5,909.173,14461.2,8.409e+20
20230101T000015.300000,6,1979,9877.43,-1685.73,-752.414,0,0,0,5488.7,26480.3,11886.4,156129,-2028.58,160649,3.86684e+20
20230101T000015.300000,6,1980,8508.67,1433.27,-228.595,0,0,0,3430.33,-19488.2,3110.39,115840,523.941,119123,1.12874e+20
20230101T000015.300000,6,1981,2589.88,609.529,233.888,0,0,0,737.55,-2492.09,-963.755,10739.9,-226.82,11326.9,2.29648e+20
20230101T000015.300000,6,1982,1056.58,746.37,-72.4731,0,0,0,939.476,-1227.73,119.598,1810.2,84.4845,2677.68,2.58172e+21
20230101T000015.300000,6,1983,11181.6,2993.57,2850.96,0,0,0,26529.6,-50292.9,-50991,200920,-13651.4,214388,1.70264e+20
20230101T000015.300000,6,1984,4270.85,896.126,83.2323,0,0,0,1356.76,-6108.46,-567.562,29187.4,-119.088,30469.1,1.16316e+20
20230101T000015.300000,6,1985,9233.09,4425.29,-322.432,0,0,0,31520.4,-65284.9,4761.46,136443,2282.1,167733,1.1004e+20
20230101T000015.300000,6,1986,7308.83,3688.57,286.277,0,0,0,21924.3,-43056.1,-3345.76,85509.9,-1688.52,107239,1.19201e+20
20230101T000015.300000,6,1987,5464.51,2508.21,743.045,0,0,0,10847.5,-21571,-6489.52,47942,-2978.69,57844.1,1.49443e+20
20230101T000015.300000,6,1988,8491.99,1748.93,761.913,0,0,0,5845.93,-23566.9,-10346.8,115423,-2130.92,120277,7.48945e+20
20230101T000015.300000,6,1989,1081.29,714.941,-52.3323,0,0,0,865.334,-1205.48,88.3865,1891.47,58.4405,2688.63,2.53661e+21
20230101T000015.300000,6,1990,6627.09,10060.1,342.501,0,0,0,162006,-106555,-3630.66,70444.8,-5511.45,232199,1.36988e+20
20230101T000015.300000,6,1991,4539.99,6222.83,72.7308,0,0,0,61982.9,-45168,-527.959,33025.8,-723.657,94936.2,3.02859e+20
20230101T000015.300000,6,1992,4161.05,5851.12,-786.799,0,0,0,55130.9,-38457.2,5234.24,28402.8,7360.2,82480.7,5.86168e+20
20230101T000015.300000,6,1993,4172.85,3290.8,-345.127,0,0,0,17483.7,-21847.6,2301.01,27957.8,1814.62,45187.5,1.31271e+20
20230101T000015.300000,6,1994,3966.75,4878.67,-1505.53,0,0,0,39549.8,-29159.2,9546.17,27395.8,11740.8,63261.9,2.48842e+20
20230101T000015.300000,4,1816,9411.95,4044.48,-51.6041,-3.30566,-0.0565268,-0.791269,450.733,-905.007,10.6256,2172.26,4.55803,2560.42,0
20230101T000015.300000,4,1832,1046.4,754.364,-135.983,1.25569,-0.522896,5.87391,510.768,-571.852,148.8,868.701,109.349,1275.28,0
20230101T000015.300000,3,1833,2812.85,-2611.93,-195.216,0,0,0,2500,0,0,2500,0,2500,0
20230101T000015.300000,3,1834,4043.83,-4605.22,369.725,0,0,0,2500,0,0,2500,0,2500,0
20230101T000015.300000,3,1835,2705.31,-1311,435.322,0,0,0,2500,0,0,2500,0,2500,0
20230101T000015.300000,3,1836,9877.43,-1685.73,-752.414,0,0,0,2500,0,0,2500,0,2500,0
20230101T000015.300000,3,1837,8508.67,1433.27,-228.595,0,0,0,2500,0,0,2500,0,2500,0
20230101T000015.300000,3,1838,2589.88,609.529,233.888,0,0,0,2500,0,0,2500,0,2500,0
20230101T000015.300000,3,1839,11181.6,2993.57,2850.96,0,0,0,2500,0,0,2500,0,2500,0
20230101T000015.300000,3,1840,4270.85,896.126,83.2323,0,0,0,2500,0,0,2500,0,2500,0
20230101T000015.300000,3,1841,7308.83,3688.57,286.277,0,0,0,2500,0,0,2500,0,2500,0
20230101T000015.300000,3,1842,5464.51,2508.21,743.045,0,0,0,2500,0,0,2500,0,2500,0
20230101T000015.300000,3,1843,8491.99,1748.93,761.913,0,0,0,2500,0,0,2500,0,2500,0
20230101T000015.300000,3,1844,1081.29,714.941,-52.3323,0,0,0,2500,0,0,2500,0,2500,0
20230101T000015.300000,3,1845,6627.09,10060.1,342.501,0,0,0,2500,0,0,2500,0,2500,0
20230101T000015.300000,3,1846,4539.99,6222.83,72.7308,0,0,0,2500,0,0,2500,0,2500,0
20230101T000015.300000,3,1847,4161.05,5851.12,-786.799,0,0,0,2500,0,0,2500,0,2500,0
20230101T000015.300000,3,1848,4172.85,3290.8,-345.127,0,0,0,2500,0,0,2500,0,2500,0
20230101T000015.300000,3,1849,3966.75,4878.67,-1505.53,0,0,0,2500,0,0,2500,0,2500,0
20230101T000015.400000,6,1995,1268.31,-1608.63,-120.594,0,0,0,4173.66,3222.07,242.397,2627.47,-307.437,6714.3,1.25514e+20
20230101T000015.400000,6,1996,369.747,-205.02,23.4918,0,0,0,116.728,93.8557,-10.7972,233.952,5.9869,286.191,1.67909e+20
20230101T000015.400000,6,1997,6995.47,-3307.02,-471.736,0,0,0,17841.4,36852.5,5276.51,78375.2,-2494.41,95797,1.04313e+20
20230101T000015.400000,6,1998,6417.28,-1347.96,-540.257,0,0,0,3415.33,13733.6,5542.04,65912.8,-1164.11,68798,1.42014e+20
20230101T000015.400000,6,1999,3747.63,507.608,587.466,0,0,0,1015.87,-2961.97,-3512.95,22482.6,-475.821,22885.3,1.13216e+20
20230101T000015.400000,6,2000,8107.55,276.208,-1857.26,0,0,0,5695.45,-3393.11,24078.6,105178,820.307,105297,1.88022e+20
20230101T000015.400000,6,2001,4854.89,369.722,-73.757,0,0,0,290.981,-2866.43,571.965,37712.4,43.5577,37930.7,1.87004e+20
20230101T000015.400000,6,2002,1215.08,381.295,-249.73,0,0,0,379.562,-695.176,473.977,2376.75,148.735,2597.27,2.91767e+21
20230101T000015.400000,6,2003,1689.48,591.457,-71.9418,0,0,0,624.012,-1576.29,192.047,4574.81,67.2322,5126.75,1.72316e+20
20230101T000015.400000,6,2004,3879.86,1741.61,-346.609,0,0,0,5066.03,-10716,2146.95,24128.2,963.732,28938.9,9.57902e+19
20230101T000015.400000,6,2005,6983.82,4854.68,-696.485,0,0,0,38274.8,-53853.2,7778.33,78311.5,5406.97,115747,2.19881e+20
20230101T000015.400000,6,2006,7438.49,2877.63,265.664,0,0,0,13403.1,-34188.9,-3159.83,88552.9,-1222.4,101779,9.30014e+19
20230101T000015.400000,6,2007,6518.63,2203.98,1111.93,0,0,0,9603.33,-22368,-11587.7,68197.5,-3917.85,75761.8,1.32529e+20
20230101T000015.400000,6,2008,4538.68,1739.42,-294.831,0,0,0,5017.82,-12563.7,2137.42,32985.4,819.154,37800.6,1.79047e+20
20230101T000015.400000,4,1831,4824.61,397.393,-516.56,9.77536,0.405535,4.83737,108.265,-192.085,263.47,2412.14,21.8161,2400.18,0
20230101T000015.400000,3,1850,1268.31,-1608.63,-120.594,0,0,0,2500,0,0,2500,0,2500,0
20230101T000015.400000,3,1851,369.747,-205.02,23.4918,0,0,0,2500,0,0,2500,0,2500,0
20230101T000015.400000,3,1852,6995.47,-3307.02,-471.736,0,0,0,2500,0,0,2500,0,2500,0
20230101T000015.400000,3,1853,6417.28,-1347.96,-540.257,0,0,0,2500,0,0,2500,0,2500,0
20230101T000015.400000,3,1854,3747.63,507.608,587.466,0,0,0,2500,0,0,2500,0,2500,0
20230101T000015.400000,3,1855,8107.55,276.208,-1857.26,0,0,0,2500,0,0,2500,0,2500,0
20230101T000015.400000,3,1856,1215.08,381.295,-249.73,0,0,0,2500,0,0,2500,0,2500,0
20230101T000015.400000,3,1857,1689.48,591.457,-71.9418,0,0,0,2500,0,0,2500,0,2500,0
20230101T000015.400000,3,1858,3879.86,1741.61,-346.609,0,0,0,2500,0,0,2500,0,2500,0
20230101T000015.400000,3,1859,6983.82,4854.68,-696.485,0,0,0,2500,0,0,2500,0,2500,0
20230101T000015.400000,3,1860,7438.49,2877.63,265.664,0,0,0,2500,0,0,2500,0,2500,0
20230101T000015.400000,3,1861,6518.63,2203.99,1111.93,0,0,0,2500,0,0,2500,0,2500,0
20230101T000015.400000,3,1862,4538.68,1739.42,-294.831,0,0,0,2500,0,0,2500,0,2500,0
20230101T000015.500000,6,2009,302.023,-190.306,-30.6401,0,0,0,104.498,62.6305,10.1928,164.431,-6.42257,204.363,1.18449e+20
20230101T000015.500000,6,2010,5445.36,-4229.85,768.07,0,0,0,29254.7,36365,-6686.3,47822.1,5193.79,76070.5,1.55304e+20
20230101T000015.500000,6,2011,2870.36,-952.494,172.639,0,0,0,1552.01,4341.08,-789.401,13193.4,261.953,14634.1,3.01694e+20
20230101T000015.500000,6,2012,5791.83,-3665.73,1072.67,0,0,0,22859.2,33109.9,-9932.1,54216.9,6286.16,75174.1,1.43926e+20
20230101T000015.500000,6,2013,5650.87,-2886.34,-280.619,0,0,0,13480.1,26019.6,2534.67,51131,-1294.66,64421.3,9.93965e+19
20230101T000015.500000,6,2014,4392.15,-2061.94,105.845,0,0,0,6869.68,14458.7,-742.56,30880.4,348.603,37668.2,1.37319e+20
20230101T000015.500000,6,2015,4659.13,-742.977,-448.077,0,0,0,1258.35,5478.77,3334.29,34741.5,-531.709,35615.7,1.21781e+20
20230101T000015.500000,6,2016,2379.3,1977.79,-47.1034,0,0,0,6298.56,-7496,178.568,9085.3,148.434,15316.3,1.0956e+20
20230101T000015.500000,6,2017,6783.64,5161.11,-414.53,0,0,0,42833.9,-55854.6,4496.76,73752.7,3421.21,116248,1.06104e+20
20230101T000015.500000,4,1851,306.563,-194.295,-33.6126,-6.25583,1.06191,-5.65392,108.61,82.2227,-9.45595,211.305,5.2432,257.008,0
20230101T000015.500000,4,1859,6979.77,4861.36,-690.512,-0.400836,0.66148,0.591413,857.95,-1121.35,160.9,1691.61,111.847,2455.4,0
20230101T000015.500000,3,1863,5445.36,-4229.85,768.07,0,0,0,2500,0,0,2500,0,2500,0
20230101T000015.500000,3,1864,2870.36,-952.494,172.639,0,0,0,2500,0,0,2500,0,2500,0
20230101T000015.500000,3,1865,5791.83,-3665.73,1072.67,0,0,0,2500,0,0,2500,0,2500,0
20230101T000015.500000,3,1866,5650.87,-2886.34,-280.619,0,0,0,2500,0,0,2500,0,2500,0
20230101T000015.500000,3,1867,4392.15,-2061.94,105.845,0,0,0,2500,0,0,2500,0,2500,0
20230101T000015.500000,3,1868,4659.13,-742.977,-448.077,0,0,0,2500,0,0,2500,0,2500,0
20230101T000015.500000,3,1869,2379.3,1977.79,-47.1034,0,0,0,2500,0,0,2500,0,2500,0
20230101T000015.600000,6,2018,6930.75,-9873.48,-1916.48,0,0,0,157937,106696,21246.5,80835,-30267.6,232835,1.90959e+20
20230101T000015.600000,6,2019,7457.65,-8841.93,-533.657,0,0,0,125303,105248,6365.83,89290.1,-7547.44,214074,1.94449e+20
20230101T000015.600000,6,2020,34.9674,-53.3783,-13.1068,0,0,0,23.0811,-25.2883,-6.1785,45.1181,9.43159,9.1059,2.77715e+20
20230101T000015.600000,6,2021,150.566,-123.427,17.0045,0,0,0,62.6394,-1.63309,0.19374,61.986,-0.158819,61.1318,1.3349e+20
20230101T000015.600000,6,2022,7143.12,-4729.14,-1055.98,0,0,0,37068,53199.1,12062.3,82201.6,-7985.94,117423,2.17609e+20
20230101T000015.600000,6,2023,7732.38,-5339.03,94.4395,0,0,0,45661.4,66016.9,-1167.86,95688.8,806.38,141272,1.59437e+20
20230101T000015.600000,6,2024,3270.8,-1460.76,73.1219,0,0,0,3474.57,7617.55,-381.475,17129.1,170.369,20531.1,1.80125e+20
20230101T000015.600000,6,2025,7281.57,-2231.76,-582.236,0,0,0,8523.18,25831.3,6778.7,84886.1,-2077.63,92803.6,1.04946e+20
20230101T000015.600000,6,2026,2156.12,-192.875,468.746,0,0,0,468.935,628.755,-1603.89,7441.41,143.476,7500.52,1.14444e+20
20230101T000015.600000,6,2027,2438.94,-334.493,-479.557,0,0,0,600.706,1247.46,1859.48,9525.4,-255.022,9698.82,1.28829e+20
20230101T000015.600000,6,2028,1197.58,124.033,-205.784,0,0,0,153.174,-224.35,383.737,2296.11,39.7435,2321.16,1.66735e+20
20230101T000015.600000,6,2029,1268.63,-22.919,-272.918,0,0,0,181.127,43.264,540.815,2575.12,-9.77038,2578.73,3.50687e+21
20230101T000015.600000,6,2030,4508.3,-945.687,-416.614,0,0,0,1757.73,6752.95,2999.54,32534,-629.2,33951.1,1.63586e+20
20230101T000015.600000,6,2031,616.741,-12.4413,49.7229,0,0,0,67.7628,10.9149,-43.9415,608.62,0.886415,609.253,1.20249e+20
20230101T000015.600000,6,2032,6527.82,-565.501,1722.78,0,0,0,5284.47,5492.92,-17977.9,68215.8,1557.42,68695.7,2.41759e+20
20230101T000015.600000,6,2033,1177.18,313.133,-90.2232,0,0,0,228.492,-570.733,165.378,2222.26,43.9911,2374.43,1.62311e+20
20230101T000015.600000,6,2034,8817.79,5668.99,-1885.13,0,0,0,55486.9,-77366.1,26586.9,126086,17092.8,175827,1.30269e+20
20230101T000015.600000,6,2035,6373.95,2890.23,-719.886,0,0,0,14105.8,-29139.8,7335.69,65155.8,3326.33,78369.8,1.1926e+20
20230101T000015.600000,6,2036,4735.29,1042.45,-210.007,0,0,0,1866.94,-7869.83,1588.41,35883,349.678,37615.6,7.61496e+19
20230101T000015.600000,6,2037,8071.32,6949.16,-86.2448,0,0,0,77309,-89704.8,1113.38,104266,958.588,181499,1.23604e+20
20230101T000015.600000,6,2038,4902.81,7388.52,-1266.99,0,0,0,88148.9,-56747,9933.97,40286.8,14970.5,125806,1.36129e+20
20230101T000015.600000,4,1856,1167.77,336.997,-160.538,-9.09844,-8.51879,17.1524,215.788,-339.827,227.159,1192.09,71.2828,1276.56,0
20230101T000015.600000,4,1868,4547.56,-740.567,-436.174,-11.0463,0.238537,1.17854,139.364,353.773,213.486,2301.42,-34.0439,2338.7,0
20230101T000015.600000,3,1870,6930.75,-9873.48,-1916.48,0,0,0,2500,0,0,2500,0,2500,0
20230101T000015.600000,3,1871,7457.65,-8841.93,-533.657,0,0,0,2500,0,0,2500,0,2500,0
20230101T000015.600000,3,1872,34.9674,-53.3783,-13.1068,0,0,0,2500,0,0,2500,0,2500,0
20230101T000015.600000,3,1873,150.566,-123.427,17.0045,0,0,0,2500,0,0,2500,0,2500,0
20230101T000015.600000,3,1874,7143.12,-4729.14,-1055.98,0,0,0,2500,0,0,2500,0,2500,0
20230101T000015.600000,3,1875,7732.38,-5339.03,94.4395,0,0,0,2500,0,0,2500,0,2500,0
20230101T000015.600000,3,1876,3270.8,-1460.76,73.1219,0,0,0,2500,0,0,2500,0,2500,0
20230101T000015.600000,3,1877,7281.57,-2231.76,-582.236,0,0,0,2500,0,0,2500,0,2500,0
20230101T000015.600000,3,1878,2156.12,-192.875,468.746,0,0,0,2500,0,0,2500,0,2500,0
20230101T000015.600000,3,1879,2438.94,-334.493,-479.557,0,0,0,2500,0,0,2500,0,2500,0
20230101T000015.600000,3,1880,1197.58,124.033,-205.784,0,0,0,2500,0,0,2500,0,2500,0
20230101T000015.600000,3,1881,1268.63,-22.919,-272.918,0,0,0,2500,0,0,2500,0,2500,0
20230101T000015.600000,3,1882,616.741,-12.4413,49.7229,0,0,0,2500,0,0,2500,0,2500,0
20230101T000015.600000,3,1883,6527.82,-565.501,1722.78,0,0,0,2500,0,0,2500,0,2500,0
20230101T000015.600000,3,1884,8817.79,5668.99,-1885.13,0,0,0,2500,0,0,2500,0,2500,0
20230101T000015.600000,3,1885,6373.95,2890.23,-719.886,0,0,0,2500,0,0,2500,0,2500,0
20230101T000015.600000,3,1886,4735.29,1042.45,-210.007,0,0,0,2500,0,0,2500,0,2500,0
20230101T000015.600000,3,1887,8071.32,6949.16,-86.2448,0,0,0,2500,0,0,2500,0,2500,0
20230101T000015.600000,3,1888,4902.81,7388.52,-1266.99,0,0,0,2500,0,0,2500,0,2500,0
20230101T000015.700000,6,2039,1432.64,-1441.73,-282.528,0,0,0,3420.37,3209.51,641.464,3379.78,-645.534,6610.86,7.88814e+19
20230101T000015.700000,6,2040,2311.78,-2973.21,-302.689,0,0,0,14223.2,10895.6,1116.46,8681.88,-1435.9,22695.3,7.79035e+19
20230101T000015.700000,6,2041,4586.06,-5019.93,882.379,0,0,0,40914.8,36183,-6469.12,34364.5,7081.13,73971.7,1.49506e+20
20230101T000015.700000,6,2042,11628.6,-2067.37,-1843.45,0,0,0,12169.7,37517.1,34289,216527,-6096.03,223198,1.39776e+20
20230101T000015.700000,6,2043,5059.38,-1565.97,-371.963,0,0,0,4183.77,12596,3006.77,40980.7,-930.653,44879.7,1.09892e+20
20230101T000015.700000,6,2044,1287.66,-134.906,-64.3794,0,0,0,98.8279,270.637,129.48,2653.66,-13.5655,2682.17,9.44822e+20
20230101T000015.700000,6,2045,8781.95,-415.9,215.378,0,0,0,414.629,5837.33,-3024.74,123397,143.247,123673,1.26295e+20
20230101T000015.700000,6,2046,1811.33,1100.66,-243.529,0,0,0,2053.74,-3119.7,699.576,5292.1,425.098,7188.62,1.19272e+20
20230101T000015.700000,6,2047,3829.35,1505.09,-219.369,0,0,0,3746.47,-9173.7,1340.9,23481.1,527.029,27086.9,9.43043e+19
20230101T000015.700000,6,2048,6797.09,4250.38,445.504,0,0,0,29179.4,-46053,-4842,74028,-3027.82,102826,9.1458e+19
20230101T000015.700000,6,2049,5599.28,2217.05,-489.598,0,0,0,8251.02,-19709.2,4381.43,50223.8,1734.84,58028.1,2.13912e+20
20230101T000015.700000,6,2050,8588.96,7357.33,1301.04,0,0,0,88207,-99737.6,-17873.8,119205,-15310.8,204642,1.11051e+20
20230101T000015.700000,6,2051,170.426,236.837,-28.2644,0,0,0,111.814,-33.9152,4.11978,89.0883,5.72516,136.814,1.10737e+20
20230101T000015.700000,6,2052,420.958,639.129,-14.4622,0,0,0,673.035,-400.932,9.07573,328.383,13.7794,937.13,1.99657e+20
20230101T000015.700000,6,2053,4548.91,4518.76,-248.961,0,0,0,32752.8,-32807.2,1810.24,33189.1,1798.24,65779,8.87789e+19
20230101T000015.700000,4,1850,1319.82,-1564.51,-167.387,14.1761,12.1422,-12.8787,1221.73,908.852,68.2046,785.597,-86.5051,1933.76,0
20230101T000015.700000,3,1889,2311.78,-2973.21,-302.689,0,0,0,2500,0,0,2500,0,2500,0
20230101T000015.700000,3,1890,4586.06,-5019.93,882.379,0,0,0,2500,0,0,2500,0,2500,0
20230101T000015.700000,3,1891,11628.6,-2067.37,-1843.45,0,0,0,2500,0,0,2500,0,2500,0
20230101T000015.700000,3,1892,5059.38,-1565.97,-371.963,0,0,0,2500,0,0,2500,0,2500,0
20230101T000015.700000,3,1893,1287.66,-134.906,-64.3794,0,0,0,2500,0,0,2500,0,2500,0
20230101T000015.700000,3,1894,8781.95,-415.9,215.378,0,0,0,2500,0,0,2500,0,2500,0
20230101T000015.700000,3,1895,1811.33,1100.66,-243.529,0,0,0,2500,0,0,2500,0,2500,0
20230101T000015.700000,3,1896,3829.35,1505.09,-219.369,0,0,0,2500,0,0,2500,0,2500,0
20230101T000015.700000,3,1897,6797.09,4250.38,445.504,0,0,0,2500,0,0,2500,0,2500,0
20230101T000015.700000,3,1898,5599.28,2217.05,-489.598,0,0,0,2500,0,0,2500,0,2500,0
20230101T000015.700000,3,1899,8588.96,7357.33,1301.04,0,0,0,2500,0,0,2500,0,2500,0
20230101T000015.700000,3,1900,170.426,236.837,-28.2644,0,0,0,2500,0,0,2500,0,2500,0
20230101T000015.700000,3,1901,420.958,639.129,-14.4622,0,0,0,2500,0,0,2500,0,2500,0
20230101T000015.700000,3,1902,4548.91,4518.76,-248.961,0,0,0,2500,0,0,2500,0,2500,0
20230101T000015.800000,6,2054,1334.24,-1274.28,-322.047,0,0,0,2717.33,2606.42,679.663,2957.11,-649.118,5448.29,2.08461e+20
20230101T000015.800000,6,2055,1227.3,-363.026,-202.035,0,0,0,328.335,678.118,387.28,2420.3,-114.554,2622.44,8.45656e+20
20230101T000015.800000,6,2056,5899.44,-1318.6,402.428,0,0,0,3089.4,12377.7,-3794.42,55700.8,848.1,58467.7,1.89202e+20
20230101T000015.800000,6,2057,7993.76,-3143.03,-1462.07,0,0,0,18822,39013.5,18690.1,102707,-7348.65,118048,2.02864e+20
20230101T000015.800000,6,2058,6158.22,-1463.6,525.553,0,0,0,3905.88,14307.4,-5173.21,60704.9,1229.5,64105.7,7.01286e+19
20230101T000015.800000,6,2059,5123.2,2748.78,27.2028,0,0,0,12139.9,-22504.9,-222.721,42010.1,-119.498,54084.8,1.07658e+20
20230101T000015.800000,6,2060,6165.93,3005.13,-429.338,0,0,0,14739.1,-29505.8,4232.04,60898.8,2062.6,75279.4,1.18333e+20
20230101T000015.800000,6,2061,8554.51,2272.76,-851.629,0,0,0,9407.88,-30804.1,11650.5,117168,3095.32,125353,2.34365e+20
20230101T000015.800000,6,2062,6334.95,4523.37,1757.84,0,0,0,36052.3,-43481.7,-17806.1,65900.6,-12714.2,96951.2,1.23338e+20
20230101T000015.800000,6,2063,7736.4,6063.2,383.409,0,0,0,59005.2,-74906.6,-4743.97,95876.9,-3717.96,154583,2.4014e+20
20230101T000015.800000,3,1903,1334.24,-1274.28,-322.047,0,0,0,2500,0,0,2500,0,2500,0
20230101T000015.800000,3,1904,1227.3,-363.026,-202.035,0,0,0,2500,0,0,2500,0,2500,0
20230101T000015.800000,3,1905,5899.44,-1318.6,402.428,0,0,0,2500,0,0,2500,0,2500,0
20230101T000015.800000,3,1906,7993.76,-3143.03,-1462.07,0,0,0,2500,0,0,2500,0,2500,0
20230101T000015.800000,3,1907,6158.22,-1463.6,525.553,0,0,0,2500,0,0,2500,0,2500,0
20230101T000015.800000,3,1908,5123.2,2748.78,27.2028,0,0,0,2500,0,0,2500,0,2500,0
20230101T000015.800000,3,1909,6165.93,3005.13,-429.338,0,0,0,2500,0,0,2500,0,2500,0
20230101T000015.800000,3,1910,8554.51,2272.76,-851.629,0,0,0,2500,0,0,2500,0,2500,0
20230101T000015.800000,3,1911,6334.95,4523.37,1757.84,0,0,0,2500,0,0,2500,0,2500,0
20230101T000015.800000,3,1912,7736.4,6063.2,383.409,0,0,0,2500,0,0,2500,0,2500,0
20230101T000015.900000,6,2064,8977.46,-7667.92,1651.25,0,0,0,96633.9,107956,-23711.8,130818,20253,223028,1.70499e+20
20230101T000015.900000,6,2065,4090.53,-2903.15,18.5368,0,0,0,13528.2,18970.2,-121.128,26793.6,85.9673,40257.2,1.70354e+20
20230101T000015.900000,6,2066,1176.98,-523.533,-128.9,0,0,0,513.632,952.499,236.947,2231.31,-105.397,2655.63,5.28196e+20
20230101T000015.900000,6,2067,8188.06,-2779.09,1197.02,0,0,0,14469.4,35691.7,-15673.9,107514,5319.82,119629,1.27319e+20
20230101T000015.900000,6,2068,2759.29,553.911,-331.246,0,0,0,720.345,-2399.38,1455.12,12191.1,292.106,12673.6,1.80365e+20
20230101T000015.900000,6,2069,4895.54,545.871,755.707,0,0,0,1441.05,-4168.21,-5909.81,38358.1,-658.966,38824.3,1.72695e+20
20230101T000015.900000,6,2070,10679.2,3701.38,-858.688,0,0,0,23030.3,-62859.8,14667.6,182607,5083.74,204394,7.44324e+19
20230101T000015.900000,6,2071,559.143,137.343,110.627,0,0,0,106.858,-104.037,-87.4534,504.852,-21.4813,532.686,1.93081e+20
20230101T000015.900000,6,2072,5157.24,2612.28,439.899,0,0,0,11215.5,-21405,-3625.54,42631.6,-1836.44,53474.1,3.10776e+20
20230101T000015.900000,6,2073,5827.6,3018.21,-75.5573,0,0,0,14633,-28112.4,703.855,54353,364.538,68912.9,9.44908e+19
20230101T000015.900000,6,2074,1417.26,1606.94,-561.11,0,0,0,4378.24,-3364.33,1262.01,3530.86,1430.91,7349.56,1.85758e+20
20230101T000015.900000,6,2075,4180.4,6109.08,-1597.95,0,0,0,61035.9,-38928.9,10680.7,30785.4,15608.4,87677.5,2.31815e+20
20230101T000015.900000,6,2076,4121.01,3671.72,129.006,0,0,0,21620.9,-24164.9,-849.5,27212.5,-756.883,48742.8,1.52003e+20
20230101T000015.900000,4,1904,1208.28,-443.152,-166.622,-1.88293,-7.93335,3.50624,188.565,324.62,183.011,1190,-54.1334,1271.42,0
20230101T000015.900000,4,1908,5112.02,2735.84,45.6097,-1.10688,-1.28128,1.82247,587.731,-978.987,-9.68839,1887.11,-5.19817,2412.33,0
20230101T000015.900000,3,1913,8977.46,-7667.92,1651.25,0,0,0,2500,0,0,2500,0,2500,0
20230101T000015.900000,3,1914,4090.53,-2903.15,18.5368,0,0,0,2500,0,0,2500,0,2500,0
20230101T000015.900000,3,1915,8188.06,-2779.09,1197.02,0,0,0,2500,0,0,2500,0,2500,0
20230101T000015.900000,3,1916,2759.29,553.911,-331.246,0,0,0,2500,0,0,2500,0,2500,0
20230101T000015.900000,3,1917,4895.54,545.871,755.707,0,0,0,2500,0,0,2500,0,2500,0
20230101T000015.900000,3,1918,10679.2,3701.38,-858.688,0,0,0,2500,0,0,2500,0,2500,0
20230101T000015.900000,3,1919,559.143,137.343,110.627,0,0,0,2500,0,0,2500,0,2500,0
20230101T000015.900000,3,1920,5827.61,3018.21,-75.5573,0,0,0,2500,0,0,2500,0,2500,0
20230101T000015.900000,3,1921,1417.26,1606.94,-561.11,0,0,0,2500,0,0,2500,0,2500,0
20230101T000015.900000,3,1922,4180.4,6109.08,-1597.95,0,0,0,2500,0,0,2500,0,2500,0
20230101T000015.900000,3,1923,4121.01,3671.72,129.006,0,0,0,2500,0,0,2500,0,2500,0
20230101T000016,6,2077,2901.32,-3390.43,-3.83906,0,0,0,18419.1,15707.1,17.7855,13505.2,-20.7838,31860.2,2.13745e+20
20230101T000016,6,2078,7530.21,-8518.47,1199.88,0,0,0,117141,101459,-14452.1,92055.1,16348.8,206830,1.59993e+20
20230101T000016,6,2079,8009.95,-6240.57,-1781.04,0,0,0,65508.4,77487.9,22817.1,104595,-17776.8,164968,1.88996e+20
20230101T000016,6,2080,5921.27,-4802.42,764.363,0,0,0,37503.3,45009.9,-7236.67,56494.3,5869.27,93000.1,5.30381e+20
20230101T000016,6,2081,10357.2,-4337.67,-1287.84,0,0,0,32416,70913.9,21334.8,172041,-8935.17,201741,1.02648e+20
20230101T000016,6,2082,4072.49,-1575.89,836.063,0,0,0,4999.93,9871.28,-5436.75,26689.9,2103.81,30512,2.10944e+20
20230101T000016,6,2083,8061.92,-1940.1,478.145,0,0,0,6428.44,24927.8,-6164.05,104015,1483.38,110014,1.00541e+20
20230101T000016,6,2084,7994.02,-2880.68,-262.885,0,0,0,13431.8,36789.5,3360.55,102267,-1210.99,115524,1.30868e+20
20230101T000016,6,2085,1103.17,-75.9128,60.8566,0,0,0,78.6241,129.215,-103.912,1947.49,7.15059,1956.57,1.19581e+20
20230101T000016,6,2086,3977.8,-316.058,-357.927,0,0,0,426.611,1990.35,2272.34,25318.3,-180.55,25476.9,1.46931e+20
20230101T000016,6,2087,8246.11,-985.714,131.068,0,0,0,1644.79,12994.5,-1728.28,108799,206.593,110352,1.01636e+20
20230101T000016,6,2088,7933.26,7782.19,1553.27,0,0,0,98899.3,-96820,-19709.8,102622,-19334.4,197600,1.36206e+20
20230101T000016,6,2089,7324.19,7405.36,-1303.61,0,0,0,89118.7,-85390.3,15271,87236.3,15440.3,173574,6.2955e+20
20230101T000016,6,2090,5230.66,5791.49,1587.98,0,0,0,55506.4,-46431.8,-13281.5,46031.6,-14705.6,97444.4,2.00469e+20
20230101T000016,6,2091,4986.6,3362.04,731.128,0,0,0,18716.7,-26398.6,-5826.99,40072.9,-3928.65,57872.2,1.22604e+20
20230101T000016,3,1924,2901.32,-3390.43,-3.83906,0,0,0,2500,0,0,2500,0,2500,0
20230101T000016,3,1925,7530.21,-8518.47,1199.88,0,0,0,2500,0,0,2500,0,2500,0
20230101T000016,3,1926,8009.95,-6240.57,-1781.04,0,0,0,2500,0,0,2500,0,2500,0
20230101T000016,3,1927,5921.27,-4802.42,764.363,0,0,0,2500,0,0,2500,0,2500,0
20230101T000016,3,1928,10357.2,-4337.67,-1287.84,0,0,0,2500,0,0,2500,0,2500,0
20230101T000016,3,1929,4072.49,-1575.89,836.063,0,0,0,2500,0,0,2500,0,2500,0
20230101T000016,3,1930,8061.92,-1940.1,478.145,0,0,0,2500,0,0,2500,0,2500,0
20230101T000016,3,1931,7994.02,-2880.68,-262.885,0,0,0,2500,0,0,2500,0,2500,0
20230101T000016,3,1932,1103.17,-75.9128,60.8566,0,0,0,2500,0,0,2500,0,2500,0
20230101T000016,3,1933,3977.8,-316.058,-357.927,0,0,0,2500,0,0,2500,0,2500,0
20230101T000016,3,1934,8246.11,-985.714,131.068,0,0,0,2500,0,0,2500,0,2500,0
20230101T000016,3,1935,7933.26,7782.19,1553.27,0,0,0,2500,0,0,2500,0,2500,0
20230101T000016,3,1936,7324.19,7405.36,-1303.61,0,0,0,2500,0,0,2500,0,2500,0
20230101T000016,3,1937,5230.66,5791.49,1587.98,0,0,0,2500,0,0,2500,0,2500,0
20230101T000016,3,1938,4986.6,3362.04,731.128,0,0,0,2500,0,0,2500,0,2500,0
20230101T000016.100000,6,2092,2815.32,-2645.98,310.887,0,0,0,11317.8,11809.9,-1396.67,12784,1312.66,23884,1.09505e+20
20230101T000016.100000,6,2093,10209.3,-6939.37,95.0889,0,0,0,77101.3,113317,-1552.86,166792,1055.49,243815,1.29404e+20
20230101T000016.100000,6,2094,3046.95,-1971.37,371.709,0,0,0,6418.57,9480.95,-1806.68,14938.1,1168.92,21073,1.10503e+20
20230101T000016.100000,6,2095,7708.48,-2764.99,2092.29,0,0,0,18491.4,31857.1,-25791,95878.4,9251.1,107309,2.44865e+20
20230101T000016.100000,6,2096,5423.49,-1526.92,-436.828,0,0,0,4072.19,13153.7,3785.86,47089.8,-1065.86,50793.5,1.08674e+20
20230101T000016.100000,6,2097,9219.57,-900.004,1673.27,0,0,0,5794.86,12837.1,-24671.8,136043,2408.44,137299,1.73053e+20
20230101T000016.100000,6,2098,1706.38,1061.64,-60.7962,0,0,0,1853.67,-2867.15,164.344,4678.25,102.248,6462.12,4.71816e+20
20230101T000016.100000,6,2099,4247.86,2237.96,-904.56,0,0,0,9086.66,-14645.1,6137.61,29168.8,3233.56,36886.6,2.09893e+20
20230101T000016.100000,6,2100,6994.62,8690.47,2784.41,0,0,0,125739,-91170,-31152,85844,-38704.8,199122,1.79136e+20
20230101T000016.100000,6,2101,825.249,1002.94,7.25631,0,0,0,1635.3,-1292.84,-9.35403,1127.87,-11.3682,2699.09,1.7651e+22
20230101T000016.100000,3,1939,2815.32,-2645.98,310.887,0,0,0,2500,0,0,2500,0,2500,0
20230101T000016.100000,3,1940,10209.3,-6939.37,95.0889,0,0,0,2500,0,0,2500,0,2500,0
20230101T000016.100000,3,1941,3046.95,-1971.37,371.709,0,0,0,2500,0,0,2500,0,2500,0
20230101T000016.100000,3,1942,7708.48,-2764.99,2092.29,0,0,0,2500,0,0,2500,0,2500,0
20230101T000016.100000,3,1943,5423.49,-1526.92,-436.828,0,0,0,2500,0,0,2500,0,2500,0
20230101T000016.100000,3,1944,9219.57,-900.005,1673.27,0,0,0,2500,0,0,2500,0,2500,0
20230101T000016.100000,3,1945,1706.38,1061.64,-60.7962,0,0,0,2500,0,0,2500,0,2500,0
20230101T000016.100000,3,1946,4247.86,2237.96,-904.56,0,0,0,2500,0,0,2500,0,2500,0
20230101T000016.100000,3,1947,6994.62,8690.47,2784.41,0,0,0,2500,0,0,2500,0,2500,0
20230101T000016.100000,3,1948,825.249,1002.94,7.25631,0,0,0,2500,0,0,2500,0,2500,0
20230101T000016.200000,6,2102,6273.3,-5048.24,-143.476,0,0,0,40834.3,50623.2,1439.22,63004.9,-1158.17,103742,2.95224e+20
20230101T000016.200000,6,2103,3686.92,-3851.7,-325.42,0,0,0,23848.5,22605,1916.98,21871.1,-2002.66,45486.6,1.53757e+20
20230101T000016.200000,6,2104,1259.32,-575.068,-212.29,0,0,0,640.53,1107.84,419.024,2560.66,-191.347,3068.03,1.82875e+20
20230101T000016.200000,6,2105,1618.27,-1033.78,-261.655,0,0,0,1832.35,2598.5,670.269,4240.03,-428.182,5901.17,1.57944e+20
20230101T000016.200000,6,2106,10016.6,-3987.06,450.697,0,0,0,25770.3,63765.1,-7220.63,160584,2874.14,185966,5.49792e+20
20230101T000016.200000,6,2107,6579.57,-3387.3,1607.97,0,0,0,21676.6,33950.7,-16915.8,70144.7,8708.62,87626.1,1.19037e+20
20230101T000016.200000,6,2108,2555.51,1400.02,87.5665,0,0,0,3194.7,-5692.3,-356.358,10466.6,-195.228,13585.1,7.59111e+19
20230101T000016.200000,6,2109,3420.21,1793.64,-485.203,0,0,0,5492.26,-9634.55,2648.18,18811.4,1388.77,23865,2.02441e+20
20230101T000016.200000,6,2110,1331.9,1576.26,473.187,0,0,0,4149.89,-3152.47,-999.38,3082.81,-1182.73,6816.85,1.46418e+20
20230101T000016.200000,6,2111,1880.48,2738.47,-469.069,0,0,0,12131.7,-8045.85,1406.3,5939.78,2047.95,17657.9,1.38753e+20
20230101T000016.200000,6,2112,1043.04,777.741,5.43032,0,0,0,1008.97,-1267.26,-8.84835,1763.59,-6.59774,2708.51,1.04278e+22
20230101T000016.200000,6,2113,9867.08,6936.69,397.038,0,0,0,77199.9,-109363,-6266.45,155879,-4405.4,232763,1.93164e+20
20230101T000016.200000,6,2114,5145.05,4220.34,-1355.88,0,0,0,30293.1,-33269.7,11152.1,43562.3,9147.71,70855,1.27316e+20
20230101T000016.200000,6,2115,5608.96,6835.22,558.016,0,0,0,74978.5,-61066,-5005.28,50672.6,-6099.55,125089,1.09696e+20
20230101T000016.200000,6,2116,4591.76,4043.22,-256.524,0,0,0,26251.4,-29620.8,1882.62,33808.7,1657.72,59891,7.09337e+19
20230101T000016.200000,3,1949,6273.3,-5048.24,-143.476,0,0,0,2500,0,0,2500,0,2500,0
20230101T000016.200000,3,1950,3686.92,-3851.7,-325.42,0,0,0,2500,0,0,2500,0,2500,0
20230101T000016.200000,3,1951,1259.32,-575.068,-212.29,0,0,0,2500,0,0,2500,0,2500,0
20230101T000016.200000,3,1952,1618.27,-1033.78,-261.655,0,0,0,2500,0,0,2500,0,2500,0
20230101T000016.200000,3,1953,10016.6,-3987.06,450.697,0,0,0,2500,0,0,2500,0,2500,0
20230101T000016.200000,3,1954,6579.57,-3387.3,1607.97,0,0,0,2500,0,0,2500,0,2500,0
20230101T000016.200000,3,1955,2555.51,1400.02,87.5665,0,0,0,2500,0,0,2500,0,2500,0
20230101T000016.200000,3,1956,3420.21,1793.64,-485.203,0,0,0,2500,0,0,2500,0,2500,0
20230101T000016.200000,3,1957,1331.9,1576.26,473.187,0,0,0,2500,0,0,2500,0,2500,0
20230101T000016.200000,3,1958,1880.48,2738.47,-469.069,0,0,0,2500,0,0,2500,0,2500,0
20230101T000016.200000,3,1959,1043.04,777.741,5.43032,0,0,0,2500,0,0,2500,0,2500,0
20230101T000016.200000,3,1960,9867.08,6936.69,397.038,0,0,0,2500,0,0,2500,0,2500,0
20230101T000016.200000,3,1961,5145.05,4220.34,-1355.88,0,0,0,2500,0,0,2500,0,2500,0
20230101T000016.200000,3,1962,5608.96,6835.22,558.016,0,0,0,2500,0,0,2500,0,2500,0
20230101T000016.200000,3,1963,4591.76,4043.22,-256.524,0,0,0,2500,0,0,2500,0,2500,0
20230101T000016.300000,6,2117,1313.87,-1217.74,-12.8317,0,0,0,2407.19,2527.9,26.6385,2791.72,-24.6894,5134.66,1.21413e+20
20230101T000016.300000,6,2118,6624.15,-6874.65,2370.91,0,0,0,79976.4,68338,-25118,74902.1,26067.8,145828,1.92174e+20
20230101T000016.300000,6,2119,2819.99,-536.107,-404.871,0,0,0,773.544,2359.27,1818.07,12735,-345.634,13184.8,1.26904e+20
20230101T000016.300000,6,2120,9212.12,-5845.68,167.711,0,0,0,54752.8,86112.5,-2471.13,135812,1568.09,190456,1.78979e+20
20230101T000016.300000,6,2121,419.822,-268.668,80.3521,0,0,0,167.076,147.458,-45.5036,303.127,29.1204,399.115,1.1508e+20
20230101T000016.300000,6,2122,7688.36,-379.154,292.938,0,0,0,430.732,4654.22,-3601.11,94577.8,177.59,94807.4,8.55188e+19
20230101T000016.300000,6,2123,5075.07,-1098.25,-444.259,0,0,0,2292.2,8839.51,3602.12,41227.2,-779.503,43140.5,1.32058e+20
20230101T000016.300000,6,2124,6518.1,768.458,10.7573,0,0,0,1008.15,-8006.75,-112.083,67977.9,-13.2141,68921.9,1.49383e+20
20230101T000016.300000,6,2125,1098.34,687.135,-108.699,0,0,0,814.71,-1170.46,186.501,1953.36,116.677,2686.06,2.02776e+22
20230101T000016.300000,6,2126,6867.64,3721.61,927.98,0,0,0,23274.4,-40290.3,-10190.3,75790.3,-5522.15,97624.7,1.08108e+20
20230101T000016.300000,6,2127,359.627,104.62,5.58017,0,0,0,76.5517,-43.0235,-2.29548,211.927,-0.667782,224.458,1.54121e+20
20230101T000016.300000,6,2128,6021.09,8859.23,311.568,0,0,0,125647,-85245.6,-3000.52,58155.7,-4414.87,183583,8.40572e+19
20230101T000016.300000,6,2129,8072.36,5873.89,30.6565,0,0,0,55247,-75834.7,-395.793,104283,-288.001,159465,1.52159e+20
20230101T000016.300000,6,2130,3925.28,5501.99,-814.229,0,0,0,48814.1,-34023.6,5109.3,25397.2,7161.62,73088.4,1.12316e+20
20230101T000016.300000,6,2131,3583.74,5124.31,-1286.5,0,0,0,42903.7,-28110.2,7369.52,22368.6,10537.5,62565.4,1.89902e+20
20230101T000016.300000,4,1959,1073.11,736.214,-49.7368,2.97725,-4.11167,-5.4621,507.066,-596.296,-4.16347,862.143,-3.10448,1306.76,0
20230101T000016.300000,3,1964,1313.87,-1217.74,-12.8317,0,0,0,2500,0,0,2500,0,2500,0
20230101T000016.300000,3,1965,6624.15,-6874.65,2370.91,0,0,0,2500,0,0,2500,0,2500,0
20230101T000016.300000,3,1966,2819.99,-536.107,-404.871,0,0,0,2500,0,0,2500,0,2500,0
20230101T000016.300000,3,1967,9212.12,-5845.68,167.711,0,0,0,2500,0,0,2500,0,2500,0
20230101T000016.300000,3,1968,419.822,-268.668,80.3521,0,0,0,2500,0,0,2500,0,2500,0
20230101T000016.300000,3,1969,7688.36,-379.154,292.938,0,0,0,2500,0,0,2500,0,2500,0
20230101T000016.300000,3,1970,5075.07,-1098.25,-444.259,0,0,0,2500,0,0,2500,0,2500,0
20230101T000016.300000,3,1971,6518.1,768.458,10.7573,0,0,0,2500,0,0,2500,0,2500,0
20230101T000016.300000,3,1972,6867.64,3721.61,927.98,0,0,0,2500,0,0,2500,0,2500,0
20230101T000016.300000,3,1973,359.627,104.62,5.58017,0,0,0,2500,0,0,2500,0,2500,0
20230101T000016.300000,3,1974,6021.09,8859.23,311.568,0,0,0,2500,0,0,2500,0,2500,0
20230101T000016.300000,3,1975,8072.36,5873.89,30.6565,0,0,0,2500,0,0,2500,0,2500,0
20230101T000016.300000,3,1976,3925.28,5501.99,-814.229,0,0,0,2500,0,0,2500,0,2500,0
20230101T000016.300000,3,1977,3583.74,5124.31,-1286.5,0,0,0,2500,0,0,2500,0,2500,0
20230101T000016.400000,6,2132,3800.76,-3256.92,-328.34,0,0,0,17108.2,19689.3,1993.53,23213.2,-1708.28,40085.5,1.37954e+20
20230101T000016.400000,6,2133,7196.07,-5209.01,1268.04,0,0,0,45143.4,58723.3,-14592.6,83759.5,10563.1,126269,1.94404e+20
20230101T000016.400000,6,2134,7771.02,-4462.29,473.598,0,0,0,32177.1,55299.9,-5885.62,96726.9,3379.65,128482,1.93411e+20
20230101T000016.400000,6,2135,10982.3,477.711,87.1815,0,0,0,441.146,-8390.89,-1531.42,192978,-66.614,193343,8.07452e+19
20230101T000016.400000,6,2136,11787.9,94.6643,-2078.92,0,0,0,6991.03,-1729.4,39198.9,222328,314.792,222344,1.95518e+20
20230101T000016.400000,6,2137,5072.3,-535.073,1146.92,0,0,0,2599.86,4116.54,-9294.42,41188.9,980.461,41626.3,1.23375e+20
20230101T000016.400000,6,2138,2309.37,1362.49,345.256,0,0,0,3158.4,-4923.38,-1268.73,8598.58,-748.535,11504.3,1.54961e+20
20230101T000016.400000,6,2139,1241.87,397.518,5.83188,0,0,0,310.933,-771.267,-11.3153,2473.54,-3.62198,2720.42,4.17266e+22
20230101T000016.400000,6,2140,2968.25,1751.08,-395.737,0,0,0,5138.81,-8178.93,1873.19,14177.8,1105.07,19003.7,1.30709e+20
20230101T000016.400000,6,2141,5767.36,2766.96,1673.77,0,0,0,15942.1,-23761.4,-15431,54069.8,-7403.21,65473.7,1.72352e+20
20230101T000016.400000,6,2142,4678.07,2879.99,814.223,0,0,0,14085.6,-21055,-6086.48,35323.6,-3747.06,48287.2,1.52116e+20
20230101T000016.400000,3,1978,3800.76,-3256.92,-328.34,0,0,0,2500,0,0,2500,0,2500,0
20230101T000016.400000,3,1979,7196.07,-5209.01,1268.04,0,0,0,2500,0,0,2500,0,2500,0
20230101T000016.400000,3,1980,7771.02,-4462.29,473.598,0,0,0,2500,0,0,2500,0,2500,0
20230101T000016.400000,3,1981,10982.3,477.711,87.1815,0,0,0,2500,0,0,2500,0,2500,0
20230101T000016.400000,3,1982,11787.9,94.6643,-2078.92,0,0,0,2500,0,0,2500,0,2500,0
20230101T000016.400000,3,1983,5072.3,-535.073,1146.92,0,0,0,2500,0,0,2500,0,2500,0
20230101T000016.400000,3,1984,2309.37,1362.49,345.256,0,0,0,2500,0,0,2500,0,2500,0
20230101T000016.400000,3,1985,1241.87,397.518,5.83188,0,0,0,2500,0,0,2500,0,2500,0
20230101T000016.400000,3,1986,2968.25,1751.08,-395.737,0,0,0,2500,0,0,2500,0,2500,0
20230101T000016.400000,3,1987,5767.36,2766.96,1673.77,0,0,0,2500,0,0,2500,0,2500,0
20230101T000016.400000,3,1988,4678.07,2879.99,814.223,0,0,0,2500,0,0,2500,0,2500,0
20230101T000016.500000,6,2143,2542.52,-2780.14,-574.077,0,0,0,12635.3,11015.9,2328.93,10664.3,-2546.59,22711.2,9.55427e+19
20230101T000016.500000,6,2144,8931.78,-8309.79,873.239,0,0,0,111172,118114,-12476,128238,11607.2,238127,1.70873e+20
20230101T000016.500000,6,2145,3449.17,-3526.29,-1075.86,0,0,0,20830.9,18504.1,5928.01,20012.5,-6060.55,38933.2,1.22915e+20
20230101T000016.500000,6,2146,4920.43,-3263.57,529.902,0,0,0,17397.5,25456.9,-4167.01,38893.7,2763.85,55779,1.1174e+20
20230101T000016.500000,6,2147,4419.24,-4646.74,-944.512,0,0,0,35255.2,32112.1,6672.08,32029.9,-7015.56,65796.4,1.0052e+20
20230101T000016.500000,6,2148,1784.49,-938.153,-117.033,0,0,0,1475.35,2643.3,330.873,5113.61,-173.949,6503.47,1.05257e+20
20230101T000016.500000,6,2149,6913.41,-2738.04,318.842,0,0,0,12190.8,30209.2,-3524.31,76503,1395.8,88467.4,1.41167e+20
20230101T000016.500000,6,2150,4708.95,-1089.9,184.041,0,0,0,2012.7,8185.71,-1384.25,35484.8,320.389,37379.5,1.14898e+20
20230101T000016.500000,6,2151,11664.2,2437.26,352.166,0,0,0,9755.82,-45433.6,-6570.55,217698,-1372.93,227191,1.40942e+20
20230101T000016.500000,6,2152,675.274,96.8369,-50.0008,0,0,0,81.2986,-95.1193,49.4042,730.954,7.08476,744.937,1.42857e+20
20230101T000016.500000,6,2153,5305.94,-166.877,84.1763,0,0,0,119.803,1414.33,-713.601,45044.9,22.4434,45089.4,1.33164e+20
20230101T000016.500000,6,2154,1266.22,336.804,-26.1674,0,0,0,242.27,-666.182,51.779,2569.59,13.7728,2746.81,4.07862e+22
20230101T000016.500000,6,2155,656.33,176.31,-77.571,0,0,0,117.641,-166.907,74.4952,694.131,20.0117,739.791,1.31696e+20
20230101T000016.500000,6,2156,9218.68,2667.11,-2006.01,0,0,0,17379.4,-37604.3,29576.1,136477,8556.84,147359,1.7252e+20
20230101T000016.500000,6,2157,2971.31,2630.01,552.516,0,0,0,11376.2,-12229.7,-2620.17,14368,-2319.2,25194.2,1.47469e+20
20230101T000016.500000,6,2158,4050.72,4633.93,-126.542,0,0,0,34396.1,-29988.8,819.27,26304.1,937.226,60610.6,1.05422e+20
20230101T000016.500000,4,1952,1717.62,-1036.45,-226.003,27.344,-0.732359,9.8123,608.11,802.327,204.312,1351.52,-130.519,1841.82,0
20230101T000016.500000,4,1985,1257.55,369.706,-9.48067,1.55291,-2.75365,-1.5161,178.346,-362.089,-5.31217,1193.63,-1.7004,1309.52,0
20230101T000016.500000,3,1989,2542.52,-2780.14,-574.077,0,0,0,2500,0,0,2500,0,2500,0
20230101T000016.500000,3,1990,8931.78,-8309.79,873.239,0,0,0,2500,0,0,2500,0,2500,0
20230101T000016.500000,3,1991,3449.17,-3526.29,-1075.86,0,0,0,2500,0,0,2500,0,2500,0
20230101T000016.500000,3,1992,4920.43,-3263.57,529.902,0,0,0,2500,0,0,2500,0,2500,0
20230101T000016.500000,3,1993,4419.24,-4646.74,-944.512,0,0,0,2500,0,0,2500,0,2500,0
20230101T000016.500000,3,1994,6913.41,-2738.04,318.842,0,0,0,2500,0,0,2500,0,2500,0
20230101T000016.500000,3,1995,4708.95,-1089.9,184.041,0,0,0,2500,0,0,2500,0,2500,0
20230101T000016.500000,3,1996,11664.2,2437.26,352.166,0,0,0,2500,0,0,2500,0,2500,0
20230101T000016.500000,3,1997,675.274,96.8369,-50.0008,0,0,0,2500,0,0,2500,0,2500,0
20230101T000016.500000,3,1998,5305.94,-166.877,84.1763,0,0,0,2500,0,0,2500,0,2500,0
20230101T000016.500000,3,1999,656.33,176.31,-77.571,0,0,0,2500,0,0,2500,0,2500,0
20230101T000016.500000,3,2000,9218.68,2667.11,-2006.01,0,0,0,2500,0,0,2500,0,2500,0
20230101T000016.500000,3,2001,2971.31,2630.01,552.516,0,0,0,2500,0,0,2500,0,2500,0
20230101T000016.500000,3,2002,4050.72,4633.93,-126.542,0,0,0,2500,0,0,2500,0,2500,0
20230101T000016.600000,6,2159,2907.41,-2521.55,294.37,0,0,0,10288.6,11629.8,-1365.69,13611.7,1184.44,23698.3,2.12171e+20
20230101T000016.600000,6,2160,4402.3,-4907.92,-1411.41,0,0,0,39988.6,32955.1,9932.77,32808.5,-11073.6,69551.4,1.30808e+20
20230101T000016.600000,6,2161,2143.48,-803.191,429.106,0,0,0,1344.74,2637.48,-1460.8,7395.1,547.38,8385.58,2.07406e+20
20230101T000016.600000,6,2162,604.76,-263.959,-102.217,0,0,0,178.02,226.368,90.0334,597.851,-39.2968,698.154,1.27704e+20
20230101T000016.600000,6,2163,1300.02,-39.5192,-30.3112,0,0,0,67.8737,80.2136,61.5581,2704.12,-1.87131,2706.6,1.14282e+22
20230101T000016.600000,6,2164,2707.12,-524.212,133.694,0,0,0,528.784,2253.31,-576.044,11728.9,111.546,12165.4,6.15587e+20
20230101T000016.600000,6,2165,11990.4,-538.126,90.4773,0,0,0,540.266,10320.3,-1735.29,230030,77.8794,230493,8.84806e+19
20230101T000016.600000,6,2166,12265,871.626,-1.18544,0,0,0,1279.25,-17100.3,23.2569,240688,1.65278,241903,1.28983e+20
20230101T000016.600000,6,2167,2067.65,1353.12,-147.746,0,0,0,2998.61,-4431.23,485.59,6869.89,317.782,9770.03,1.24582e+20
20230101T000016.600000,6,2168,2430.32,3644.91,26.3407,0,0,0,21276.7,-14143.2,-102.213,9495.41,-153.295,30707,2.03354e+20
20230101T000016.600000,3,2003,2907.41,-2521.55,294.37,0,0,0,2500,0,0,2500,0,2500,0
20230101T000016.600000,3,2004,4402.3,-4907.92,-1411.41,0,0,0,2500,0,0,2500,0,2500,0
20230101T000016.600000,3,2005,2143.48,-803.191,429.106,0,0,0,2500,0,0,2500,0,2500,0
20230101T000016.600000,3,2006,604.76,-263.959,-102.217,0,0,0,2500,0,0,2500,0,2500,0
20230101T000016.600000,3,2007,1300.02,-39.5192,-30.3112,0,0,0,2500,0,0,2500,0,2500,0
20230101T000016.600000,3,2008,2707.12,-524.212,133.694,0,0,0,2500,0,0,2500,0,2500,0
20230101T000016.600000,3,2009,11990.4,-538.126,90.4773,0,0,0,2500,0,0,2500,0,2500,0
20230101T000016.600000,3,2010,12265,871.626,-1.18544,0,0,0,2500,0,0,2500,0,2500,0
20230101T000016.600000,3,2011,2067.65,1353.12,-147.746,0,0,0,2500,0,0,2500,0,2500,0
20230101T000016.600000,3,2012,2430.32,3644.91,26.3407,0,0,0,2500,0,0,2500,0,2500,0
20230101T000016.700000,6,2169,8409.47,-7007.59,814.668,0,0,0,79234.3,93734.6,-10957.8,113612,9131.13,191721,1.53249e+20
20230101T000016.700000,6,2170,7459.35,-6905.46,-1268.81,0,0,0,77717.6,81100.9,15137.4,90244.9,-14013.4,165325,1.08534e+20
20230101T000016.700000,6,2171,6327.9,-7780.71,2455.68,0,0,0,100728,74024.3,-24853.6,69911.6,30559.6,160934,1.50952e+20
20230101T000016.700000,6,2172,5081.9,-3350.46,220.377,0,0,0,18059.6,27177.6,-1789.96,41364,1180.11,59282,1.19041e+20
20230101T000016.700000,6,2173,6245.23,-7107.55,111.151,0,0,0,80864.1,70979.7,-1110.17,62451.8,1263.46,143232,1.96833e+20
20230101T000016.700000,6,2174,5961.8,-1505.56,-446.396,0,0,0,3986.29,14270.5,4253.64,56891.9,-1074.19,60496,7.05779e+20
20230101T000016.700000,6,2175,5130.42,-1679.04,1304.31,0,0,0,7023.95,12960.2,-10692.8,42383.1,3499.45,46628.1,1.03001e+20
20230101T000016.700000,6,2176,1281.17,-199.044,-88.1142,0,0,0,137.724,396.467,176.345,2628.05,-27.3971,2689.94,1.97244e+22
20230101T000016.700000,6,2177,3732.62,710.406,-766.012,0,0,0,1772.85,-4058.94,4562.59,22326.9,868.369,23101.9,1.46414e+20
20230101T000016.700000,6,2178,6102.9,-783.476,380.988,0,0,0,1273.34,7612.98,-3716.3,59597.4,477.09,60575,6.41791e+20
20230101T000016.700000,6,2179,9597.66,1274.89,-889.497,0,0,0,3906.9,-19404,13653.6,147407,1813.65,149985,1.08879e+20
20230101T000016.700000,6,2180,9789.6,5886.18,-207.719,0,0,0,55533.1,-92138.6,3252.58,153373,1955.67,208773,4.64749e+20
20230101T000016.700000,6,2181,8961.17,6133.3,-282.068,0,0,0,60318,-87849.3,4042.89,128545,2767.08,188672,1.27749e+20
20230101T000016.700000,6,2182,570.562,193.432,12.1267,0,0,0,117.456,-157.06,-9.85091,527.485,-3.33966,580.757,1.26262e+20
20230101T000016.700000,6,2183,6874.73,7222.2,-494.469,0,0,0,83672.5,-79213.8,5436.76,75857.8,5711.55,159075,1.54846e+20
20230101T000016.700000,4,1999,579.009,190.842,2.0318,-14.8696,2.79449,15.3083,103.21,-126.85,56.4519,541.346,15.1647,574.571,0
20230101T000016.700000,4,2007,1295.61,-117.097,-58.24,-0.436571,-7.68095,-2.76523,64.2411,37.7579,28.9683,1305.17,-0.880607,1305.98,0
20230101T000016.700000,3,2013,8409.47,-7007.59,814.668,0,0,0,2500,0,0,2500,0,2500,0
20230101T000016.700000,3,2014,7459.35,-6905.46,-1268.81,0,0,0,2500,0,0,2500,0,2500,0
20230101T000016.700000,3,2015,6327.9,-7780.71,2455.68,0,0,0,2500,0,0,2500,0,2500,0
20230101T000016.700000,3,2016,5081.9,-3350.46,220.377,0,0,0,2500,0,0,2500,0,2500,0
20230101T000016.700000,3,2017,6245.23,-7107.55,111.151,0,0,0,2500,0,0,2500,0,2500,0
20230101T000016.700000,3,2018,5961.8,-1505.56,-446.396,0,0,0,2500,0,0,2500,0,2500,0
20230101T000016.700000,3,2019,5130.42,-1679.04,1304.31,0,0,0,2500,0,0,2500,0,2500,0
20230101T000016.700000,3,2020,3732.62,710.406,-766.012,0,0,0,2500,0,0,2500,0,2500,0
20230101T000016.700000,3,2021,6102.9,-783.476,380.988,0,0,0,2500,0,0,2500,0,2500,0
20230101T000016.700000,3,2022,9597.66,1274.89,-889.497,0,0,0,2500,0,0,2500,0,2500,0
20230101T000016.700000,3,2023,9789.6,5886.18,-207.719,0,0,0,2500,0,0,2500,0,2500,0
20230101T000016.700000,3,2024,8961.17,6133.3,-282.068,0,0,0,2500,0,0,2500,0,2500,0
20230101T000016.700000,3,2025,6874.73,7222.2,-494.469,0,0,0,2500,0,0,2500,0,2500,0
20230101T000016.800000,6,2184,2262.07,-2725.38,640.018,0,0,0,12176.9,9511.44,-2309.27,8611.88,2782.25,20073.5,1.41763e+20
20230101T000016.800000,6,2185,1016.32,-1494.95,-12.7614,0,0,0,3596.11,2401.08,20.4975,1696.6,-30.1507,5228.45,1.3306e+20
20230101T000016.800000,6,2186,8660.85,-6273.55,-1603.92,0,0,0,65712.6,84949.7,22218.5,121455,-16094.1,182990,1.73568e+20
20230101T000016.800000,6,2187,4861.25,-4071.38,-366.27,0,0,0,26685.5,31530.1,2846.02,37925.5,-2383.6,64332.8,5.92447e+19
20230101T000016.800000,6,2188,1178.53,-539.548,82.4479,0,0,0,527.468,989.159,-151.782,2235.24,69.4876,2688.34,1.68467e+21
20230101T000016.800000,6,2189,9081.49,-3956.39,-1956.84,0,0,0,30246.1,55222,28422.5,132945,-12382.4,157005,1.63532e+20
20230101T000016.800000,6,2190,238.805,-155.719,68.2614,0,0,0,86.4994,28.3929,-13.9417,111.527,9.09102,133.512,2.85459e+20
20230101T000016.800000,6,2191,8749.37,-2151.49,-473.307,0,0,0,7804.44,30020.8,6622.57,122506,-1628.51,129889,1.55868e+20
20230101T000016.800000,6,2192,2980.19,-298.722,453.068,0,0,0,529.887,1385.59,-2150.94,14214.3,215.602,14354.6,2.141e+20
20230101T000016.800000,6,2193,2515.39,-360.732,-283.635,0,0,0,396.267,1424.84,1134.54,10127.3,-162.704,10332.5,2.29621e+20
20230101T000016.800000,6,2194,3816.36,-427.351,-158.785,0,0,0,395.146,2597.95,966.944,23304.6,-108.277,23595.7,8.29449e+19
20230101T000016.800000,6,2195,10943.9,1925.82,783.632,0,0,0,6948.86,-33543,-13717.1,191660,-2413.84,197563,2.04323e+20
20230101T000016.800000,6,2196,4254.48,723.163,-49.3866,0,0,0,902.731,-4911.48,335.461,28962.9,57.0206,29797.7,1.01203e+20
20230101T000016.800000,6,2197,8337.53,269.162,-1143.31,0,0,0,2267.95,-3521.16,15243.2,111225,492.1,111340,9.53222e+19
20230101T000016.800000,6,2198,9227.81,-147.945,308.518,0,0,0,251.187,2180.86,-4552.98,136244,72.9955,136279,8.25146e+19
20230101T000016.800000,6,2199,3223.76,889.039,269.101,0,0,0,1431.39,-4539.69,-1383.1,16640.9,-381.426,17893.3,1.12719e+20
20230101T000016.800000,6,2200,5781.86,1435.54,-654.405,0,0,0,4002.23,-13105.1,6047.15,53531.3,1501.41,56785.9,1.52403e+20
20230101T000016.800000,6,2201,8354.75,4943.93,-1482.21,0,0,0,41757.6,-64520.4,19805.4,112611,11719.8,150792,1.56751e+20
20230101T000016.800000,6,2202,800.285,1150.26,-370.613,0,0,0,2208.16,-1341.79,465.518,1213.12,669.097,3145.88,1.73294e+20
20230101T000016.800000,6,2203,2965.39,2691.71,-377.889,0,0,0,11752.5,-12625.9,1788.51,14201.5,1623.44,25662.7,9.75435e+19
20230101T000016.800000,6,2204,7531.72,9782.52,1257.64,0,0,0,154082,-116633,-15151.6,92391.6,-19679.6,243880,9.07162e+19
20230101T000016.800000,3,2026,2262.07,-2725.38,640.018,0,0,0,2500,0,0,2500,0,2500,0
20230101T000016.800000,3,2027,1016.32,-1494.95,-12.7614,0,0,0,2500,0,0,2500,0,2500,0
20230101T000016.800000,3,2028,8660.85,-6273.55,-1603.92,0,0,0,2500,0,0,2500,0,2500,0
20230101T000016.800000,3,2029,4861.25,-4071.38,-366.27,0,0,0,2500,0,0,2500,0,2500,0
20230101T000016.800000,3,2030,1178.53,-539.548,82.4479,0,0,0,2500,0,0,2500,0,2500,0
20230101T000016.800000,3,2031,9081.49,-3956.39,-1956.84,0,0,0,2500,0,0,2500,0,2500,0
20230101T000016.800000,3,2032,238.805,-155.719,68.2614,0,0,0,2500,0,0,2500,0,2500,0
20230101T000016.800000,3,2033,8749.37,-2151.49,-473.307,0,0,0,2500,0,0,2500,0,2500,0
20230101T000016.800000,3,2034,2980.19,-298.722,453.068,0,0,0,2500,0,0,2500,0,2500,0
20230101T000016.800000,3,2035,2515.39,-360.732,-283.635,0,0,0,2500,0,0,2500,0,2500,0
20230101T000016.800000,3,2036,3816.36,-427.351,-158.785,0,0,0,2500,0,0,2500,0,2500,0
20230101T000016.800000,3,2037,10943.9,1925.82,783.632,0,0,0,2500,0,0,2500,0,2500,0
20230101T000016.800000,3,2038,4254.48,723.163,-49.3866,0,0,0,2500,0,0,2500,0,2500,0
20230101T000016.800000,3,2039,8337.53,269.162,-1143.31,0,0,0,2500,0,0,2500,0,2500,0
20230101T000016.800000,3,2040,9227.81,-147.945,308.518,0,0,0,2500,0,0,2500,0,2500,0
20230101T000016.800000,3,2041,3223.76,889.039,269.101,0,0,0,2500,0,0,2500,0,2500,0
20230101T000016.800000,3,2042,5781.86,1435.54,-654.405,0,0,0,2500,0,0,2500,0,2500,0
20230101T000016.800000,3,2043,8354.75,4943.93,-1482.21,0,0,0,2500,0,0,2500,0,2500,0
20230101T000016.800000,3,2044,800.285,1150.26,-370.613,0,0,0,2500,0,0,2500,0,2500,0
20230101T000016.800000,3,2045,2965.39,2691.71,-377.889,0,0,0,2500,0,0,2500,0,2500,0
20230101T000016.800000,3,2046,7531.72,9782.52,1257.64,0,0,0,2500,0,0,2500,0,2500,0
20230101T000016.900000,6,2205,6862.44,-4892.9,-1112.81,0,0,0,39660,52757.2,12211.8,76037.8,-8706.95,113655,1.55799e+20
20230101T000016.900000,6,2206,3913.03,-3318.71,-1160.14,0,0,0,18910.1,19685.6,7252.93,25425.3,-6151.34,42124.1,1.67983e+20
20230101T000016.900000,6,2207,1220.73,-389.877,114.624,0,0,0,319.898,737.002,-218.47,2392.11,69.7752,2628,1.7534e+20
20230101T000016.900000,6,2208,10673.7,-6308.52,1222.97,0,0,0,65496.5,106661,-20880.5,182921,12341.1,245961,1.56616e+20
20230101T000016.900000,6,2209,596.39,-172.259,134.41,0,0,0,130.583,140.369,-115.54,576.023,33.372,619.433,2.20978e+20
20230101T000016.900000,6,2210,6153.41,-3023.56,62.1123,0,0,0,14683.6,29740.6,-611.003,60596.8,300.225,75210.2,9.97207e+19
20230101T000016.900000,6,2211,7005.85,17.0364,-935.988,0,0,0,1465.05,-187.406,10483.4,78531.1,25.493,78532.7,1.55407e+20
20230101T000016.900000,6,2212,5718.27,548.331,-1172.59,0,0,0,2721.86,-4801.93,10715.8,52338.4,1027.55,52801.4,1.00502e+20
20230101T000016.900000,6,2213,6486.58,546.409,698.879,0,0,0,1316.51,-5600.26,-7246.57,67327.2,-610.427,67799.7,1.82228e+20
20230101T000016.900000,6,2214,9454.17,1922.28,-907.115,0,0,0,7237.45,-28808.2,13715.8,143065,2788.77,148923,1.51286e+20
20230101T000016.900000,6,2215,1316.53,552.638,331.241,0,0,0,689.542,-1079.78,-684.754,2808.62,-287.437,3265.14,1.66951e+20
20230101T000016.900000,6,2216,0.000126982,6.92418e-05,-9.70581e-06,0,0,0,49.1105,26.7795,-3.75375,14.6026,-2.04688,0.286917,1.72001e+20
20230101T000016.900000,6,2217,9021.84,3594.48,-1081.7,0,0,0,22342.7,-51220.7,15607.7,130495,6218.44,150903,7.86136e+19
20230101T000016.900000,6,2218,2338.19,2220,51.7682,0,0,0,7921.34,-8271.16,-192.925,8779.78,-183.173,16632.9,1.66118e+20
20230101T000016.900000,6,2219,5601.7,7945.19,-2342.39,0,0,0,103937,-67047.7,20985.8,56110.8,29765.3,151212,1.72869e+20
20230101T000016.900000,6,2220,4664.44,5941.53,-886.389,0,0,0,56986.3,-43701,6610.64,35628,8420.59,91294.9,1.05698e+20
20230101T000016.900000,6,2221,6536.57,5784.95,89.8068,0,0,0,53588.2,-60463.8,-938.753,68396.6,-830.809,121908,1.62216e+20
20230101T000016.900000,4,2022,9564.75,1281.93,-886.938,-6.32721,1.35289,0.492122,126.201,-322.719,225.195,2512.83,29.9135,2535.19,0
20230101T000016.900000,4,2030,1198.22,-465.572,97.7854,1.9492,7.32437,1.51857,281.345,467.268,-71.55,1088.07,32.7565,1299.54,0
20230101T000016.900000,3,2047,6862.44,-4892.9,-1112.81,0,0,0,2500,0,0,2500,0,2500,0
20230101T000016.900000,3,2048,3913.03,-3318.71,-1160.14,0,0,0,2500,0,0,2500,0,2500,0
20230101T000016.900000,3,2049,10673.7,-6308.52,1222.97,0,0,0,2500,0,0,2500,0,2500,0
20230101T000016.900000,3,2050,596.39,-172.259,134.41,0,0,0,2500,0,0,2500,0,2500,0
20230101T000016.900000,3,2051,6153.41,-3023.56,62.1123,0,0,0,2500,0,0,2500,0,2500,0
20230101T000016.900000,3,2052,7005.85,17.0364,-935.988,0,0,0,2500,0,0,2500,0,2500,0
20230101T000016.900000,3,2053,5718.27,548.331,-1172.59,0,0,0,2500,0,0,2500,0,2500,0
20230101T000016.900000,3,2054,6486.58,546.409,698.879,0,0,0,2500,0,0,2500,0,2500,0
20230101T000016.900000,3,2055,1316.53,552.638,331.241,0,0,0,2500,0,0,2500,0,2500,0
20230101T000016.900000,3,2056,0.000126982,6.92418e-05,-9.70581e-06,0,0,0,2500,0,0,2500,0,2500,0
20230101T000016.900000,3,2057,9021.84,3594.48,-1081.7,0,0,0,2500,0,0,2500,0,2500,0
20230101T000016.900000,3,2058,2338.19,2220,51.7682,0,0,0,2500,0,0,2500,0,2500,0
20230101T000016.900000,3,2059,5601.7,7945.19,-2342.39,0,0,0,2500,0,0,2500,0,2500,0
20230101T000016.900000,3,2060,4664.44,5941.53,-886.389,0,0,0,2500,0,0,2500,0,2500,0
20230101T000016.900000,3,2061,6536.57,5784.95,89.8068,0,0,0,2500,0,0,2500,0,2500,0
20230101T000017,6,2222,932.471,-909.928,4.71603,0,0,0,1357.55,1325.56,-6.8703,1422.44,6.7042,2715.95,1.01373e+20
20230101T000017,6,2223,2073.97,-2491.14,319.732,0,0,0,10022.1,8154.87,-1056.98,7016.2,1269.59,16812,9.49848e+19
20230101T000017,6,2224,2807.98,-2607.51,-297.579,0,0,0,10988.9,11612.6,1333.33,12710.7,-1238.15,23494.6,7.162e+19
20230101T000017,6,2225,7182.12,-7686.99,597.016,0,0,0,94839.3,88017.9,-6858.07,82871,7340.17,177076,1.40277e+20
20230101T000017,6,2226,7003.5,-6610.9,2566.81,0,0,0,75532.6,68787.2,-28751.1,83473.6,27139.4,148409,1.90233e+20
20230101T000017,6,2227,8036.6,-7596.15,1701.03,0,0,0,94800.6,95333.2,-21865.8,105553,20667.4,195663,1.37164e+20
20230101T000017,6,2228,465.716,-233.71,9.38934,0,0,0,138.614,148.444,-5.96602,359.925,2.99393,434.439,1.10832e+20
20230101T000017,6,2229,8933.76,-2590.56,507.088,0,0,0,11175.9,36902.3,-7244.97,127736,2100.85,138437,1.07373e+20
20230101T000017,6,2230,1593.21,-1.68055,94.6985,0,0,0,78.1276,4.20156,-237.609,4061.33,0.250635,4061.56,1.20959e+20
20230101T000017,6,2231,1984.03,660.546,423.04,0,0,0,1011.23,-1992.62,-1331.12,6332.92,-443.17,6998.84,1.40513e+20
20230101T000017,6,2232,3315.43,1613.39,268.532,0,0,0,4309.59,-8488.07,-1420.31,17621.6,-691.165,21752.5,1.42508e+20
20230101T000017,6,2233,2010.96,1656.29,-52.4047,0,0,0,4430,-5295.61,167.62,6497.94,138.058,10859.6,1.53852e+20
20230101T000017,6,2234,7327.82,8537.27,-2873.07,0,0,0,122244,-93538.3,33675.4,93554.3,39233.5,202535,1.65442e+20
20230101T000017,6,2235,6777.54,10013.9,-775.939,0,0,0,160769,-108115,8412.04,74200.5,12429,233943,1.83708e+20
20230101T000017,6,2236,5264.24,6275.23,124.878,0,0,0,63042.4,-52811.2,-1051.2,44391.8,-1253.08,107345,1.81425e+20
20230101T000017,3,2062,932.471,-909.928,4.71603,0,0,0,2500,0,0,2500,0,2500,0
20230101T000017,3,2063,2073.97,-2491.14,319.732,0,0,0,2500,0,0,2500,0,2500,0
20230101T000017,3,2064,2807.98,-2607.51,-297.579,0,0,0,2500,0,0,2500,0,2500,0
20230101T000017,3,2065,7182.12,-7686.99,597.016,0,0,0,2500,0,0,2500,0,2500,0
20230101T000017,3,2066,7003.5,-6610.9,2566.81,0,0,0,2500,0,0,2500,0,2500,0
20230101T000017,3,2067,8036.6,-7596.15,1701.03,0,0,0,2500,0,0,2500,0,2500,0
20230101T000017,3,2068,465.716,-233.71,9.38934,0,0,0,2500,0,0,2500,0,2500,0
20230101T000017,3,2069,8933.76,-2590.56,507.088,0,0,0,2500,0,0,2500,0,2500,0
20230101T000017,3,2070,1593.21,-1.68055,94.6985,0,0,0,2500,0,0,2500,0,2500,0
20230101T000017,3,2071,1984.03,660.546,423.04,0,0,0,2500,0,0,2500,0,2500,0
20230101T000017,3,2072,3315.43,1613.39,268.532,0,0,0,2500,0,0,2500,0,2500,0
20230101T000017,3,2073,2010.96,1656.29,-52.4047,0,0,0,2500,0,0,2500,0,2500,0
20230101T000017,3,2074,7327.82,8537.27,-2873.07,0,0,0,2500,0,0,2500,0,2500,0
20230101T000017,3,2075,6777.54,10013.9,-775.939,0,0,0,2500,0,0,2500,0,2500,0
20230101T000017,3,2076,5264.25,6275.23,124.878,0,0,0,2500,0,0,2500,0,2500,0
20230101T000017.100000,6,2237,1125.11,-1176.34,51.8754,0,0,0,2246.63,2083.53,-91.9767,2061.04,96.1642,4239.49,1.05096e+20
20230101T000017.100000,6,2238,2031.49,1256.76,584.121,0,0,0,2965.61,-3813.69,-1886.06,6770.93,-1166.79,9133.84,1.65486e+20
20230101T000017.100000,6,2239,729.569,1030.17,296.18,0,0,0,1765.15,-1107.72,-337.509,985.507,-476.572,2552.98,2.35957e+21
20230101T000017.100000,6,2240,7165.3,9215.28,-1021.18,0,0,0,136527,-104809,11703.9,83225.9,15052.3,218021,5.20446e+20
20230101T000017.100000,6,2241,4848.39,6870.46,428.814,0,0,0,75644.1,-53128.4,-3324.62,37850.1,-4711.18,113136,1.32959e+20
20230101T000017.100000,6,2242,6231.65,5776.75,-259.827,0,0,0,53485.9,-57512.2,2589.2,62213,2400.2,115527,1.65781e+20
20230101T000017.100000,6,2243,3443.47,4497.64,185.92,0,0,0,32410.1,-24722.4,-1023.06,19047.1,-1336.26,51338.1,8.48205e+19
20230101T000017.100000,6,2244,2766.48,3933.81,-332.303,0,0,0,24839.3,-17299.4,1468.36,12406.3,2087.95,37005.5,1.49623e+20
20230101T000017.100000,3,2077,1125.11,-1176.34,51.8754,0,0,0,2500,0,0,2500,0,2500,0
20230101T000017.100000,3,2078,2031.49,1256.76,584.121,0,0,0,2500,0,0,2500,0,2500,0
20230101T000017.100000,3,2079,729.569,1030.17,296.18,0,0,0,2500,0,0,2500,0,2500,0
20230101T000017.100000,3,2080,7165.3,9215.28,-1021.18,0,0,0,2500,0,0,2500,0,2500,0
20230101T000017.100000,3,2081,4848.39,6870.46,428.814,0,0,0,2500,0,0,2500,0,2500,0
20230101T000017.100000,3,2082,6231.65,5776.75,-259.827,0,0,0,2500,0,0,2500,0,2500,0
20230101T000017.100000,3,2083,3443.47,4497.64,185.92,0,0,0,2500,0,0,2500,0,2500,0
20230101T000017.100000,3,2084,2766.48,3933.81,-332.303,0,0,0,2500,0,0,2500,0,2500,0
20230101T000017.200000,6,2245,2755.72,-3669.84,424.951,0,0,0,21675.4,16011.7,-1870.15,12375.7,2490.51,33699.2,1.4907e+20
20230101T000017.200000,6,2246,6962.42,-9156.79,1808.83,0,0,0,136096,99453.1,-20144.2,80917.2,26493.1,211717,1.37814e+20
20230101T000017.200000,6,2247,7057.87,-6470.69,-139.821,0,0,0,67043.5,73023.4,1578.26,79745.1,-1446.95,146693,1.21755e+20
20230101T000017.200000,6,2248,5926.77,-7507.89,1742.61,0,0,0,92078.5,68802.9,-16517.8,59234,20924.4,146394,2.56258e+20
20230101T000017.200000,6,2249,2628.72,-1135.3,129.688,0,0,0,2138.76,4741.96,-542.805,11070.5,234.429,13118.6,1.03287e+20
20230101T000017.200000,6,2250,3772.76,-890.061,-615.737,0,0,0,1901.3,5223.26,3707.19,22809.2,-874.593,24043,1.52827e+20
20230101T000017.200000,6,2251,514.946,-42.0542,-68.2742,0,0,0,72.7233,28.941,47.9674,424.737,-3.91737,428.199,1.57741e+20
20230101T000017.200000,6,2252,7262.17,494.308,-111.779,0,0,0,474.533,-5737.91,1297.84,84383.1,88.3387,84773.7,1.30705e+20
20230101T000017.200000,6,2253,2038.01,1375.67,40.5233,0,0,0,3073.73,-4454.92,-131.265,6666.4,-88.605,9673.53,1.20254e+20
20230101T000017.200000,6,2254,1951.35,1491.79,-119.894,0,0,0,3615.52,-4615.71,371.854,6124.47,284.279,9653.29,1.24726e+20
20230101T000017.200000,6,2255,2473.61,1959.2,-158.45,0,0,0,6205.46,-7703.45,624.596,9830.09,494.706,15931.7,2.69835e+20
20230101T000017.200000,6,2256,1049.61,748.382,154.985,0,0,0,963.424,-1208.82,-254.101,1796.9,-181.177,2659.72,9.46365e+21
20230101T000017.200000,6,2257,3303.1,4385.16,-721.716,0,0,0,31091.9,-22744.6,3809.26,18028.6,5057.14,48225.3,1.68955e+20
20230101T000017.200000,4,2058,2320.39,2147.02,20.6947,-4.89927,-20.0867,-8.55237,1143.23,-1137.61,-26.5289,1261.3,-25.188,2340.9,0
20230101T000017.200000,3,2085,2755.72,-3669.84,424.951,0,0,0,2500,0,0,2500,0,2500,0
20230101T000017.200000,3,2086,6962.42,-9156.79,1808.83,0,0,0,2500,0,0,2500,0,2500,0
20230101T000017.200000,3,2087,7057.87,-6470.69,-139.821,0,0,0,2500,0,0,2500,0,2500,0
20230101T000017.200000,3,2088,5926.77,-7507.89,1742.61,0,0,0,2500,0,0,2500,0,2500,0
20230101T000017.200000,3,2089,2628.72,-1135.3,129.688,0,0,0,2500,0,0,2500,0,2500,0
20230101T000017.200000,3,2090,3772.76,-890.061,-615.737,0,0,0,2500,0,0,2500,0,2500,0
20230101T000017.200000,3,2091,514.946,-42.0542,-68.2741,0,0,0,2500,0,0,2500,0,2500,0
20230101T000017.200000,3,2092,7262.17,494.308,-111.779,0,0,0,2500,0,0,2500,0,2500,0
20230101T000017.200000,3,2093,2038.01,1375.67,40.5233,0,0,0,2500,0,0,2500,0,2500,0
20230101T000017.200000,3,2094,1951.35,1491.79,-119.894,0,0,0,2500,0,0,2500,0,2500,0
20230101T000017.200000,3,2095,1049.61,748.382,154.985,0,0,0,2500,0,0,2500,0,2500,0
20230101T000017.200000,3,2096,3303.1,4385.16,-721.716,0,0,0,2500,0,0,2500,0,2500,0
20230101T000017.300000,6,2258,9650.02,-6965.78,688.047,0,0,0,78175.3,107162,-10620.5,149278,7666.3,226632,9.64805e+19
20230101T000017.300000,6,2259,6151.53,-4619.42,-400.114,0,0,0,34347.1,45312.7,3935.44,60661.4,-2955.28,94688.7,9.10274e+19
20230101T000017.300000,6,2260,4784.48,-4989.43,589.791,0,0,0,40128.1,37885.1,-4511.2,36949,4704.44,76457.5,2.21029e+20
20230101T000017.300000,6,2261,4495.12,-3797.95,-355.97,0,0,0,23234.6,27184.2,2557.26,32440.8,-2160.64,55409.1,1.24225e+20
20230101T000017.300000,6,2262,6235.06,382.222,-296.995,0,0,0,437.967,-3800.56,2959.82,62202.3,181.443,62435.4,9.81736e+19
20230101T000017.300000,6,2263,1178.98,534,124.443,0,0,0,529.429,-974.178,-229.192,2239.01,-103.809,2680.83,7.69896e+21
20230101T000017.300000,6,2264,11583.4,3025.52,-2581.07,0,0,0,24681.6,-53452,47823.3,215364,12491.2,229329,1.40681e+20
20230101T000017.300000,6,2265,673.205,180.017,-166.978,0,0,0,149.969,-167.664,165.846,732.143,44.3478,780.452,1.17401e+20
20230101T000017.300000,6,2266,6500.86,7549.13,-301.564,0,0,0,91272.3,-78417.9,3135.42,67738.2,3641.01,158801,7.89172e+19
20230101T000017.300000,6,2267,4162.49,5119.3,1538.39,0,0,0,43462.9,-32211.2,-10236.7,30038.2,-12589.8,69657,1.88097e+20
20230101T000017.300000,3,2097,9650.02,-6965.78,688.047,0,0,0,2500,0,0,2500,0,2500,0
20230101T000017.300000,3,2098,6151.53,-4619.42,-400.114,0,0,0,2500,0,0,2500,0,2500,0
20230101T000017.300000,3,2099,4784.48,-4989.43,589.791,0,0,0,2500,0,0,2500,0,2500,0
20230101T000017.300000,3,2100,4495.12,-3797.95,-355.97,0,0,0,2500,0,0,2500,0,2500,0
20230101T000017.300000,3,2101,6235.06,382.222,-296.995,0,0,0,2500,0,0,2500,0,2500,0
20230101T000017.300000,3,2102,1178.98,534,124.443,0,0,0,2500,0,0,2500,0,2500,0
20230101T000017.300000,3,2103,11583.4,3025.52,-2581.07,0,0,0,2500,0,0,2500,0,2500,0
20230101T000017.300000,3,2104,673.205,180.017,-166.978,0,0,0,2500,0,0,2500,0,2500,0
20230101T000017.300000,3,2105,6500.86,7549.13,-301.564,0,0,0,2500,0,0,2500,0,2500,0
20230101T000017.300000,3,2106,4162.49,5119.3,1538.39,0,0,0,2500,0,0,2500,0,2500,0
20230101T000017.400000,6,2268,772.891,-1148.03,31.2107,0,0,0,2129.2,1389.33,-37.7903,1000.87,56.1327,3064.57,1.52286e+20
20230101T000017.400000,6,2269,3921.26,-4917.28,-409.582,0,0,0,38816.6,30689.2,2567.14,24805.1,-3219.2,63289.8,8.12672e+19
20230101T000017.400000,6,2270,3582.44,-2243.16,253.335,0,0,0,8170.39,12782.7,-1448.85,20581,907.203,28585.2,1.1032e+20
20230101T000017.400000,6,2271,8462.97,-2874.77,-1971.34,0,0,0,18852.3,37014.3,26680.7,115245,-9063.13,127821,1.46096e+20
20230101T000017.400000,6,2272,8195.72,1179.93,-652.056,0,0,0,2956.36,-15367.7,8545.55,107487,1230.3,109700,1.51197e+20
20230101T000017.400000,6,2273,7491.63,1311.4,13.4788,0,0,0,2814,-15708.3,-161.454,89801.2,-28.2622,92550.9,1.21432e+20
20230101T000017.400000,6,2274,1232.03,378.469,170.342,0,0,0,329.081,-715.364,-327.837,2438.05,-100.709,2658.9,1.4788e+22
20230101T000017.400000,6,2275,3275.02,1068.2,-232.069,0,0,0,1961.15,-5553.22,1211.97,17175.6,395.302,18987.2,1.28968e+20
20230101T000017.400000,6,2276,4106.39,1622.03,523.617,0,0,0,4643.63,-10485.6,-3433.32,27047.6,-1356.17,31190.3,1.44171e+20
20230101T000017.400000,6,2277,4936.79,3252.19,30.7378,0,0,0,16968.4,-25658.5,-242.516,39014.8,-159.761,55917.8,8.23657e+19
20230101T000017.400000,6,2278,3326.75,4007.72,175.652,0,0,0,25745.1,-21276.6,-933.582,17774.7,-1124.68,43406.5,7.89372e+19
20230101T000017.400000,4,2102,1209.83,460.268,146.639,3.05416,-7.30029,2.19764,282.566,-460.9,-107.916,1091.4,-48.8788,1294.57,0
20230101T000017.400000,3,2107,772.891,-1148.03,31.2107,0,0,0,2500,0,0,2500,0,2500,0
20230101T000017.400000,3,2108,3921.26,-4917.28,-409.582,0,0,0,2500,0,0,2500,0,2500,0
20230101T000017.400000,3,2109,3582.43,-2243.16,253.335,0,0,0,2500,0,0,2500,0,2500,0
20230101T000017.400000,3,2110,8462.97,-2874.77,-1971.34,0,0,0,2500,0,0,2500,0,2500,0
20230101T000017.400000,3,2111,8195.72,1179.93,-652.056,0,0,0,2500,0,0,2500,0,2500,0
20230101T000017.400000,3,2112,7491.63,1311.4,13.4788,0,0,0,2500,0,0,2500,0,2500,0
20230101T000017.400000,3,2113,3275.02,1068.2,-232.069,0,0,0,2500,0,0,2500,0,2500,0
20230101T000017.400000,3,2114,4106.39,1622.03,523.617,0,0,0,2500,0,0,2500,0,2500,0
20230101T000017.400000,3,2115,4936.79,3252.19,30.7378,0,0,0,2500,0,0,2500,0,2500,0
20230101T000017.400000,3,2116,3326.75,4007.72,175.652,0,0,0,2500,0,0,2500,0,2500,0
20230101T000017.500000,6,2279,26.076,-18.9337,-4.74678,0,0,0,41.6135,-29.009,-7.26841,22.7249,5.27758,3.02068,1.61198e+20
20230101T000017.500000,6,2280,832.054,-542.708,-9.39934,0,0,0,516.245,693.153,12.0061,1126.84,-7.83097,1578.96,1.03145e+20
20230101T000017.500000,6,2281,3580.82,-3260.32,319.096,0,0,0,17131.4,18566.6,-1825.1,20618.4,1661.74,37523.4,1.60966e+20
20230101T000017.500000,6,2282,4030.13,-3038.23,-127.165,0,0,0,14826.6,19547.9,818.698,26019.6,-617.199,40756.5,1.15244e+20
20230101T000017.500000,6,2283,2494.67,-849.9,122.69,0,0,0,1234.53,3365.51,-486.901,9966.59,165.88,11113.3,9.61806e+19
20230101T000017.500000,6,2284,2784.69,-1251.06,-234.064,0,0,0,2630.1,5517.52,1038.42,12432.6,-466.523,14911.8,2.48848e+20
20230101T000017.500000,6,2285,8624.23,-4869.09,1792.67,0,0,0,41878.8,64959.5,-24726.9,120262,13960.4,156939,1.08008e+20
20230101T000017.500000,6,2286,1926.82,-642.872,-135.502,0,0,0,745.023,1953.97,413.707,5949.53,-138.031,6601.74,7.97089e+19
20230101T000017.500000,6,2287,11974.2,119.636,-528.713,0,0,0,533.984,-2286.98,10126.7,229411,101.177,229434,1.00681e+20
20230101T000017.500000,6,2288,1280.7,235.438,141.599,0,0,0,180.906,-465.489,-283.388,2627.43,-52.0968,2713.75,7.87969e+21
20230101T000017.500000,6,2289,10622.8,4920.9,1259.38,0,0,0,40885.8,-82646,-21398.9,181010,-9912.81,219295,1.65452e+20
20230101T000017.500000,6,2290,5593.43,1657.23,-1053.33,0,0,0,6083.19,-14331,9416.03,50206.6,2789.8,54454.6,8.89243e+19
20230101T000017.500000,6,2291,7807.24,3060.54,757.657,0,0,0,15838.2,-37897.4,-9459,97655.6,-3708.06,112512,1.29646e+20
20230101T000017.500000,6,2292,5405.21,1899.3,199.632,0,0,0,5885.43,-16385.9,-1724.39,46760.1,-605.922,52517.9,8.63601e+19
20230101T000017.500000,6,2293,7661.2,8597.76,2121.29,0,0,0,121488,-101784,-25995.1,97958.1,-29172.9,212187,1.01152e+20
20230101T000017.500000,6,2294,9714.96,7276.74,1364.67,0,0,0,86670.9,-111649,-21206.6,152102,-15884.3,235731,1.69143e+20
20230101T000017.500000,6,2295,2575.39,3680.33,566.399,0,0,0,21861.2,-14894.6,-2329.36,10999.1,-3328.75,32285,1.20654e+20
20230101T000017.500000,3,2117,26.076,-18.9337,-4.74678,0,0,0,2500,0,0,2500,0,2500,0
20230101T000017.500000,3,2118,832.054,-542.708,-9.39934,0,0,0,2500,0,0,2500,0,2500,0
20230101T000017.500000,3,2119,3580.82,-3260.32,319.096,0,0,0,2500,0,0,2500,0,2500,0
20230101T000017.500000,3,2120,4030.13,-3038.23,-127.165,0,0,0,2500,0,0,2500,0,2500,0
20230101T000017.500000,3,2121,2494.67,-849.9,122.69,0,0,0,2500,0,0,2500,0,2500,0
20230101T000017.500000,3,2122,2784.69,-1251.06,-234.064,0,0,0,2500,0,0,2500,0,2500,0
20230101T000017.500000,3,2123,8624.23,-4869.09,1792.67,0,0,0,2500,0,0,2500,0,2500,0
20230101T000017.500000,3,2124,1926.82,-642.872,-135.502,0,0,0,2500,0,0,2500,0,2500,0
20230101T000017.500000,3,2125,11974.2,119.636,-528.713,0,0,0,2500,0,0,2500,0,2500,0
20230101T000017.500000,3,2126,1280.7,235.438,141.599,0,0,0,2500,0,0,2500,0,2500,0
20230101T000017.500000,3,2127,10622.8,4920.9,1259.38,0,0,0,2500,0,0,2500,0,2500,0
20230101T000017.500000,3,2128,5593.43,1657.23,-1053.33,0,0,0,2500,0,0,2500,0,2500,0
20230101T000017.500000,3,2129,7807.24,3060.54,757.657,0,0,0,2500,0,0,2500,0,2500,0
20230101T000017.500000,3,2130,5405.21,1899.3,199.632,0,0,0,2500,0,0,2500,0,2500,0
20230101T000017.500000,3,2131,7661.2,8597.76,2121.29,0,0,0,2500,0,0,2500,0,2500,0
20230101T000017.500000,3,2132,9714.96,7276.74,1364.67,0,0,0,2500,0,0,2500,0,2500,0
20230101T000017.500000,3,2133,2575.39,3680.33,566.399,0,0,0,2500,0,0,2500,0,2500,0
20230101T000017.600000,6,2296,7536.92,-7518.58,332.03,0,0,0,90567,90547,-4002.56,91008.2,3992.82,181335,1.01139e+20
20230101T000017.600000,6,2297,4007.56,-1997.15,95.7262,0,0,0,6444.74,12774.5,-612.582,25712.5,305.277,32078.6,9.35032e+19
20230101T000017.600000,6,2298,5048.12,-2702.86,1402.95,0,0,0,14183.2,20495.4,-11318.6,41488.8,6060.18,52466,1.0226e+20
20230101T000017.600000,6,2299,2484.95,112.904,145.37,0,0,0,117.789,-444.471,-574.254,9880.15,-26.0913,9900.57,1.04547e+20
20230101T000017.600000,6,2300,1263.76,-103.91,275.095,0,0,0,198.259,195.228,-543.03,2556.57,44.6496,2575.5,4.35277e+21
20230101T000017.600000,6,2301,1706.93,-106.84,234.848,0,0,0,168.735,282.37,-632.78,4662.34,39.6069,4681.2,1.67808e+20
20230101T000017.600000,6,2302,273.83,-6.71361,-40.3033,0,0,0,65.2757,1.3428,8.44345,120.012,-0.207012,121.401,1.24808e+20
20230101T000017.600000,6,2303,6749.65,-862.499,841.774,0,0,0,2367.79,9164.03,-9082.95,72911.6,1160.66,74083.6,1.21925e+20
20230101T000017.600000,6,2304,3302.37,1963.02,719.994,0,0,0,6824.06,-9980.7,-3794.33,17681.7,-2255.46,23616.7,1.14358e+20
20230101T000017.600000,6,2305,10882.2,3589.9,719.03,0,0,0,21423.3,-62240.7,-12515.7,189565,-4128.73,210097,1.17239e+20
20230101T000017.600000,6,2306,7146.97,4135.17,-899.115,0,0,0,28375.8,-46698.2,10275.6,82067,5945.34,109087,2.07947e+20
20230101T000017.600000,6,2307,4538.72,2266.45,643.582,0,0,0,8799.75,-16168.8,-4666.51,33104.8,-2330.27,41179.8,1.20491e+20
20230101T000017.600000,6,2308,1680.69,1943.51,321.561,0,0,0,6141.35,-5113.28,-859.552,4650.25,-993.968,10564.1,1.62528e+20
20230101T000017.600000,6,2309,7085.52,8768.58,-1997.07,0,0,0,125566,-96258,22633.5,84225.3,28009.8,203350,1.1107e+20
20230101T000017.600000,6,2310,6181.9,5236.38,-1830.77,0,0,0,47029.3,-49118.3,18097.7,63411.1,15329.7,105020,2.17058e+20
20230101T000017.600000,3,2134,7536.92,-7518.58,332.03,0,0,0,2500,0,0,2500,0,2500,0
20230101T000017.600000,3,2135,4007.56,-1997.15,95.7262,0,0,0,2500,0,0,2500,0,2500,0
20230101T000017.600000,3,2136,5048.12,-2702.86,1402.95,0,0,0,2500,0,0,2500,0,2500,0
20230101T000017.600000,3,2137,2484.95,112.904,145.37,0,0,0,2500,0,0,2500,0,2500,0
20230101T000017.600000,3,2138,1263.76,-103.91,275.095,0,0,0,2500,0,0,2500,0,2500,0
20230101T000017.600000,3,2139,1706.93,-106.84,234.848,0,0,0,2500,0,0,2500,0,2500,0
20230101T000017.600000,3,2140,273.83,-6.71361,-40.3033,0,0,0,2500,0,0,2500,0,2500,0
20230101T000017.600000,3,2141,6749.65,-862.499,841.774,0,0,0,2500,0,0,2500,0,2500,0
20230101T000017.600000,3,2142,3302.37,1963.02,719.994,0,0,0,2500,0,0,2500,0,2500,0
20230101T000017.600000,3,2143,10882.2,3589.9,719.03,0,0,0,2500,0,0,2500,0,2500,0
20230101T000017.600000,3,2144,7146.97,4135.17,-899.115,0,0,0,2500,0,0,2500,0,2500,0
20230101T000017.600000,3,2145,4538.72,2266.45,643.582,0,0,0,2500,0,0,2500,0,2500,0
20230101T000017.600000,3,2146,1680.69,1943.51,321.561,0,0,0,2500,0,0,2500,0,2500,0
20230101T000017.600000,3,2147,7085.52,8768.58,-1997.07,0,0,0,2500,0,0,2500,0,2500,0
20230101T000017.600000,3,2148,6181.9,5236.38,-1830.77,0,0,0,2500,0,0,2500,0,2500,0
20230101T000017.700000,6,2311,8716.58,-8333.53,-1335.89,0,0,0,112641,114766,18626,122960,-17807.4,232683,1.91712e+20
20230101T000017.700000,6,2312,3940.4,-2715.59,580.978,0,0,0,12208,16839,-3656.55,25037,2519.97,36642.8,1.27031e+20
20230101T000017.700000,6,2313,1260.14,-305.293,50.0089,0,0,0,213.268,600.002,-98.434,2544.5,23.8475,2689.96,3.40576e+21
20230101T000017.700000,6,2314,11373.7,-4708.33,247.498,0,0,0,35607.6,85624.4,-4502.75,207001,1863.99,242447,8.44051e+19
20230101T000017.700000,6,2315,8922.49,-2340.43,-1876.63,0,0,0,14093.7,32014,26778.6,127744,-7024.21,136144,1.61998e+20
20230101T000017.700000,6,2316,3067.69,-354.523,-196.323,0,0,0,324.856,1725.8,959.586,15058.8,-110.896,15258.5,8.87326e+19
20230101T000017.700000,6,2317,1122.69,181.162,79.8953,0,0,0,124.535,-313.802,-139.1,2018.58,-22.4457,2069.53,2.14836e+20
20230101T000017.700000,6,2318,3609.45,122.803,-169.064,0,0,0,133.595,-705.476,973.378,20845.1,33.1169,20869.2,7.0186e+19
20230101T000017.700000,6,2319,11854.4,718.63,-546.88,0,0,0,1366.69,-13597.5,10369.8,224846,628.628,225670,9.74679e+19
20230101T000017.700000,6,2320,12248.6,840.633,-1287.82,0,0,0,3834.78,-16288.9,25231.7,240058,1731.67,241177,8.80419e+19
20230101T000017.700000,6,2321,6154.58,-709.982,344.344,0,0,0,1056.71,6962.57,-3387.35,60609.5,390.759,61412.9,1.68174e+20
20230101T000017.700000,6,2322,8381.19,-385.179,476.794,0,0,0,664.005,5145.61,-6390.13,112392,293.675,112628,1.01682e+20
20230101T000017.700000,6,2323,1903.16,438.637,70.186,0,0,0,376.021,-1319.96,-211.483,5798.88,-48.742,6103.18,2.96777e+20
20230101T000017.700000,6,2324,4695.33,5102.74,-525.068,0,0,0,41892.2,-38082.9,3941.32,35547.1,4283.31,76934.8,1.23724e+20
20230101T000017.700000,6,2325,5603.43,4973.77,689.623,0,0,0,40042.6,-44183.1,-6178.45,50600.9,-5484.17,89819.6,1.36873e+20
20230101T000017.700000,4,2125,11878.9,125.468,-524.76,-18.3367,1.12142,0.760233,67.5928,-25.0106,110.533,2570.62,1.10435,2566.04,0
20230101T000017.700000,3,2149,8716.58,-8333.53,-1335.89,0,0,0,2500,0,0,2500,0,2500,0
20230101T000017.700000,3,2150,3940.4,-2715.59,580.978,0,0,0,2500,0,0,2500,0,2500,0
20230101T000017.700000,3,2151,1260.14,-305.293,50.0089,0,0,0,2500,0,0,2500,0,2500,0
20230101T000017.700000,3,2152,11373.7,-4708.33,247.498,0,0,0,2500,0,0,2500,0,2500,0
20230101T000017.700000,3,2153,8922.49,-2340.43,-1876.63,0,0,0,2500,0,0,2500,0,2500,0
20230101T000017.700000,3,2154,3067.69,-354.523,-196.323,0,0,0,2500,0,0,2500,0,2500,0
20230101T000017.700000,3,2155,1122.69,181.162,79.8953,0,0,0,2500,0,0,2500,0,2500,0
20230101T000017.700000,3,2156,3609.45,122.803,-169.064,0,0,0,2500,0,0,2500,0,2500,0
20230101T000017.700000,3,2157,12248.6,840.633,-1287.82,0,0,0,2500,0,0,2500,0,2500,0
20230101T000017.700000,3,2158,6154.58,-709.982,344.344,0,0,0,2500,0,0,2500,0,2500,0
20230101T000017.700000,3,2159,8381.19,-385.179,476.794,0,0,0,2500,0,0,2500,0,2500,0
20230101T000017.700000,3,2160,1903.16,438.637,70.186,0,0,0,2500,0,0,2500,0,2500,0
20230101T000017.700000,3,2161,4695.32,5102.74,-525.068,0,0,0,2500,0,0,2500,0,2500,0
20230101T000017.700000,3,2162,5603.43,4973.77,689.623,0,0,0,2500,0,0,2500,0,2500,0
20230101T000017.800000,6,2326,1783.49,-1850.02,-319.352,0,0,0,5585.05,5166.14,905.86,5206.56,-939.651,10566.4,1.03259e+20
20230101T000017.800000,6,2327,1098.02,-815.889,13.0536,0,0,0,1106.48,1402.61,-22.4427,1951.89,16.6762,2994.11,8.11434e+19
20230101T000017.800000,6,2328,1907.06,-1869.98,-0.622282,0,0,0,5627.56,5673.88,1.88812,5850.39,-1.85141,11413.9,9.88112e+19
20230101T000017.800000,6,2329,9494.88,-5945.34,-1069.66,0,0,0,57916,89468.5,16244.9,144778,-10172,200800,1.61355e+20
20230101T000017.800000,6,2330,4574.93,-6338.16,512.284,0,0,0,64441.2,46165.1,-3747.42,33806,5191.71,97763.8,2.36753e+20
20230101T000017.800000,6,2331,5037.45,-3553.71,-543.09,0,0,0,20563.6,28390.4,4372.7,40779.4,-3084.75,60808.1,1.48662e+20
20230101T000017.800000,6,2332,1255.17,-317,6.7163,0,0,0,221.011,621.412,-13.1663,2524.57,3.3252,2681.51,1.03949e+21
20230101T000017.800000,6,2333,4276.41,-2150.08,414.001,0,0,0,7666.13,14575.8,-2827.79,29328.5,1421.74,36657.3,1.37843e+20
20230101T000017.800000,6,2334,1263.37,-226.006,168.449,0,0,0,186.684,438.069,-332.372,2557.11,59.4588,2636.56,1.13702e+21
20230101T000017.800000,6,2335,7787.09,1345.28,-445.542,0,0,0,3265.98,-16697.3,5547.62,97033.1,958.391,99917.9,1.24863e+20
20230101T000017.800000,6,2336,5546.18,441.117,-1162.33,0,0,0,2520.32,-3738.73,10301.6,49230.1,819.345,49530.2,1.77481e+20
20230101T000017.800000,6,2337,6366.84,934.572,-1290.84,0,0,0,4067.5,-9128.5,13137.5,64916.1,1928.42,66258.5,1.30643e+20
20230101T000017.800000,6,2338,11091.7,3745.88,241.427,0,0,0,22591.8,-66429.4,-4283.28,196857,-1446.55,219291,9.87697e+19
20230101T000017.800000,6,2339,7883.71,3795.69,2133.23,0,0,0,29011.6,-45009.1,-26895.1,100826,-12948.9,122500,1.70163e+20
20230101T000017.800000,6,2340,4131.02,3889.74,924.729,0,0,0,24966.3,-24995.7,-6104.72,27976.8,-5748.16,51514.2,1.44469e+20
20230101T000017.800000,6,2341,7548.61,5482.46,-1579.09,0,0,0,50744.5,-64289.4,19063.4,92569.6,13845.5,139264,1.13869e+20
20230101T000017.800000,6,2342,3264.81,4377.71,347.075,0,0,0,30754.6,-22744.9,-1810.6,17219.2,-2427.78,47717.6,1.76149e+20
20230101T000017.800000,4,2138,1267.05,-164.923,222.68,0.633098,-11.7333,-10.0797,127.008,95.8813,-260.301,1285.24,21.4028,1266.35,0
20230101T000017.800000,4,2151,1256.69,-310.718,28.9687,-0.341929,-0.537098,-2.08319,132.904,283.335,-46.4472,1233.77,11.2527,1301.51,0
20230101T000017.800000,3,2163,1783.49,-1850.02,-319.352,0,0,0,2500,0,0,2500,0,2500,0
20230101T000017.800000,3,2164,1098.02,-815.889,13.0536,0,0,0,2500,0,0,2500,0,2500,0
20230101T000017.800000,3,2165,1907.06,-1869.98,-0.622282,0,0,0,2500,0,0,2500,0,2500,0
20230101T000017.800000,3,2166,9494.88,-5945.34,-1069.66,0,0,0,2500,0,0,2500,0,2500,0
20230101T000017.800000,3,2167,4574.93,-6338.16,512.284,0,0,0,2500,0,0,2500,0,2500,0
20230101T000017.800000,3,2168,5037.45,-3553.71,-543.09,0,0,0,2500,0,0,2500,0,2500,0
20230101T000017.800000,3,2169,4276.41,-2150.08,414.001,0,0,0,2500,0,0,2500,0,2500,0
20230101T000017.800000,3,2170,7787.09,1345.28,-445.542,0,0,0,2500,0,0,2500,0,2500,0
20230101T000017.800000,3,2171,5546.18,441.117,-1162.33,0,0,0,2500,0,0,2500,0,2500,0
20230101T000017.800000,3,2172,6366.84,934.572,-1290.84,0,0,0,2500,0,0,2500,0,2500,0
20230101T000017.800000,3,2173,11091.7,3745.88,241.427,0,0,0,2500,0,0,2500,0,2500,0
20230101T000017.800000,3,2174,7883.71,3795.69,2133.23,0,0,0,2500,0,0,2500,0,2500,0
20230101T000017.800000,3,2175,4131.02,3889.74,924.729,0,0,0,2500,0,0,2500,0,2500,0
20230101T000017.800000,3,2176,7548.61,5482.46,-1579.09,0,0,0,2500,0,0,2500,0,2500,0
20230101T000017.800000,3,2177,3264.81,4377.71,347.075,0,0,0,2500,0,0,2500,0,2500,0
20230101T000017.900000,6,2343,6337.46,-7168.81,-384.253,0,0,0,82358.6,72542.3,3894.6,64429.9,-4405.49,146488,1.60169e+20
20230101T000017.900000,6,2344,2421.19,-871.252,-4.72796,0,0,0,1271.22,3354.75,18.205,9386.84,-6.55097,10594,1.19931e+20
20230101T000017.900000,6,2345,1309.55,-261.708,-4.38706,0,0,0,171.156,536.046,8.98594,2746.33,-1.7958,2853.46,1.08959e+20
20230101T000017.900000,6,2346,7282.51,-2030.56,662.502,0,0,0,7307.61,23462,-7714.12,84911.1,2150.91,91453.5,1.20482e+20
20230101T000017.900000,6,2347,6597.53,-2170.78,-895.519,0,0,0,8754.26,22515.2,9445.43,69775.3,-3107.82,77184.6,1.10793e+20
20230101T000017.900000,6,2348,4535.71,-412.493,706.732,0,0,0,1126.82,2915.8,-5119.19,32923.3,465.557,33190,1.40812e+20
20230101T000017.900000,6,2349,7553.4,-348.809,-649.195,0,0,0,930.957,4181.52,7840.36,91287.8,-362.061,91481.4,1.18515e+20
20230101T000017.900000,6,2350,6473.48,865.788,648.705,0,0,0,1923.08,-8870.65,-6712.76,67062.4,-897.791,68249.4,1.50147e+20
20230101T000017.900000,6,2351,6683.81,3518.35,-738.237,0,0,0,20538.5,-37240,7889.3,71680.2,4152.92,91283.9,1.11687e+20
20230101T000017.900000,6,2352,4600.12,2650.38,47.7321,0,0,0,11290,-19478.1,-350.819,33874.7,-202.126,45097.1,7.99192e+19
20230101T000017.900000,6,2353,1190.42,1671.07,-261.494,0,0,0,4525.97,-3101.38,493.406,2381.73,692.622,6736.34,1.89134e+20
20230101T000017.900000,6,2354,2439.77,2814.62,185.887,0,0,0,12726.4,-10928.3,-723.549,9592.01,-834.714,22199.4,1.44924e+20
20230101T000017.900000,6,2355,8154.19,8534.68,2175.96,0,0,0,120190,-107535,-28381.2,110378,-29705.6,222933,1.61029e+20
20230101T000017.900000,6,2356,346.845,407.506,49.7629,0,0,0,294.019,-192.873,-23.7916,231.575,-27.9526,458.729,9.91704e+19
20230101T000017.900000,6,2357,4402.83,4625.16,-1288.52,0,0,0,35519.5,-31224.8,9068.46,32441.8,9526.38,65245.8,1.43283e+20
20230101T000017.900000,3,2178,6337.46,-7168.81,-384.253,0,0,0,2500,0,0,2500,0,2500,0
20230101T000017.900000,3,2179,2421.2,-871.252,-4.72796,0,0,0,2500,0,0,2500,0,2500,0
20230101T000017.900000,3,2180,1309.55,-261.708,-4.38706,0,0,0,2500,0,0,2500,0,2500,0
20230101T000017.900000,3,2181,7282.51,-2030.56,662.502,0,0,0,2500,0,0,2500,0,2500,0
20230101T000017.900000,3,2182,6597.53,-2170.78,-895.519,0,0,0,2500,0,0,2500,0,2500,0
20230101T000017.900000,3,2183,4535.71,-412.493,706.732,0,0,0,2500,0,0,2500,0,2500,0
20230101T000017.900000,3,2184,7553.4,-348.809,-649.195,0,0,0,2500,0,0,2500,0,2500,0
20230101T000017.900000,3,2185,6473.48,865.788,648.705,0,0,0,2500,0,0,2500,0,2500,0
20230101T000017.900000,3,2186,6683.81,3518.35,-738.237,0,0,0,2500,0,0,2500,0,2500,0
20230101T000017.900000,3,2187,4600.12,2650.38,47.7321,0,0,0,2500,0,0,2500,0,2500,0
20230101T000017.900000,3,2188,1190.42,1671.07,-261.494,0,0,0,2500,0,0,2500,0,2500,0
20230101T000017.900000,3,2189,2439.77,2814.62,185.887,0,0,0,2500,0,0,2500,0,2500,0
20230101T000017.900000,3,2190,8154.19,8534.69,2175.96,0,0,0,2500,0,0,2500,0,2500,0
20230101T000017.900000,3,2191,346.845,407.506,49.7629,0,0,0,2500,0,0,2500,0,2500,0
20230101T000017.900000,3,2192,4402.83,4625.16,-1288.52,0,0,0,2500,0,0,2500,0,2500,0
20230101T000018,6,2358,1195.8,-1393.03,-127.631,0,0,0,3142.94,2620.9,241.31,2339.58,-281.11,5393.07,9.66183e+19
20230101T000018,6,2359,915.453,-915.463,146.179,0,0,0,1389.61,1292.21,-209.067,1389.58,209.069,2682.61,2.3366e+20
20230101T000018,6,2360,5483.91,-6374.54,1356.86,0,0,0,66294.9,54444.6,-11898.9,49845.9,13831.4,113134,1.15705e+20
20230101T000018,6,2361,10282.1,-3773.38,-942.319,0,0,0,24089.5,61596.9,15497.2,169329,-5687.28,191935,7.62793e+19
20230101T000018,6,2362,5694.72,-1586.58,-49.8066,0,0,0,4090.64,14438.6,453.296,51892.6,-126.291,55915.3,1.06944e+20
20230101T000018,6,2363,4059.93,740.337,-592.643,0,0,0,1481.52,-4698.9,3840.88,26392.9,700.393,27251.1,1.41795e+20
20230101T000018,6,2364,7634.12,-204.197,-1423.68,0,0,0,3369.19,2405.85,17378.2,93249.9,-464.83,93316.4,1.33824e+20
20230101T000018,6,2365,5896.82,-416.75,-58.1017,0,0,0,346.939,3927.12,547.557,55636.3,-38.6979,55913.9,1.04861e+20
20230101T000018,6,2366,6875.43,-557.997,1614.27,0,0,0,4700.55,5797.3,-17743.9,75662.2,1440.06,76136,1.43148e+20
20230101T000018,6,2367,2632.02,1001.55,-86.989,0,0,0,1671.38,-4192.46,364.484,11093.6,138.695,12689,1.11736e+20
20230101T000018,6,2368,9560.06,6407.22,359.894,0,0,0,65871,-97880,-5503.31,146316,-3688.36,211915,1.08652e+20
20230101T000018,6,2369,7784.06,2384.17,-1168.47,0,0,0,11149.3,-29064.3,14544.1,97139.3,4454.68,106043,1.24928e+20
20230101T000018,6,2370,2159.37,2212.43,131.175,0,0,0,7876.37,-7598.23,-451.314,7507.39,-462.405,15292.5,1.28421e+20
20230101T000018,6,2371,2615.38,3366.78,856.022,0,0,0,18600.8,-13490.9,-3574.54,11713.9,-4601.51,29083.2,3.02281e+20
20230101T000018,6,2372,5501.52,4240.77,-579.384,0,0,0,29151.3,-37038.6,5095.79,48650.7,3928.01,77201.8,1.84955e+20
20230101T000018,3,2193,1195.8,-1393.03,-127.631,0,0,0,2500,0,0,2500,0,2500,0
20230101T000018,3,2194,915.453,-915.463,146.179,0,0,0,2500,0,0,2500,0,2500,0
20230101T000018,3,2195,5483.91,-6374.54,1356.86,0,0,0,2500,0,0,2500,0,2500,0
20230101T000018,3,2196,10282.1,-3773.38,-942.319,0,0,0,2500,0,0,2500,0,2500,0
20230101T000018,3,2197,5694.72,-1586.58,-49.8066,0,0,0,2500,0,0,2500,0,2500,0
20230101T000018,3,2198,4059.93,740.337,-592.643,0,0,0,2500,0,0,2500,0,2500,0
20230101T000018,3,2199,7634.12,-204.197,-1423.68,0,0,0,2500,0,0,2500,0,2500,0
20230101T000018,3,2200,5896.82,-416.75,-58.1017,0,0,0,2500,0,0,2500,0,2500,0
20230101T000018,3,2201,6875.43,-557.997,1614.27,0,0,0,2500,0,0,2500,0,2500,0
20230101T000018,3,2202,2632.02,1001.55,-86.989,0,0,0,2500,0,0,2500,0,2500,0
20230101T000018,3,2203,9560.06,6407.22,359.894,0,0,0,2500,0,0,2500,0,2500,0
20230101T000018,3,2204,7784.06,2384.17,-1168.47,0,0,0,2500,0,0,2500,0,2500,0
20230101T000018,3,2205,2159.37,2212.43,131.175,0,0,0,2500,0,0,2500,0,2500,0
20230101T000018,3,2206,2615.38,3366.78,856.022,0,0,0,2500,0,0,2500,0,2500,0
20230101T000018,3,2207,5501.52,4240.77,-579.384,0,0,0,2500,0,0,2500,0,2500,0
20230101T000018.100000,6,2373,1786.66,-2753.91,-215.502,0,0,0,12175.3,7809.44,613.769,5204.57,-946.047,17242.1,1.45215e+20
20230101T000018.100000,6,2374,9.00045e-05,-0.000110681,2.57272e-05,0,0,0,24.6729,-30.341,7.05259,37.3111,-8.67276,2.01593,1.38998e+20
20230101T000018.100000,6,2375,221.518,-237.419,-25.596,0,0,0,120.278,51.8991,5.65157,113.076,-6.05726,169.096,1.33714e+20
20230101T000018.100000,6,2376,10388.4,-3840.38,-1800.96,0,0,0,28218.1,62124.9,29925.2,173303,-11062.7,196271,1.87348e+20
20230101T000018.100000,6,2377,9513.15,-3106.96,-904.604,0,0,0,16685.5,46886,13763.5,144932,-4495.12,160246,1.40062e+20
20230101T000018.100000,6,2378,6242.85,-4014.65,-550.548,0,0,0,26176,39851,5495.21,62517.7,-3533.86,88145.4,1.34054e+20
20230101T000018.100000,6,2379,6028.32,-1251.92,-770.414,0,0,0,3478.47,11873.5,7423.17,58187,-1541.59,60653.8,1.96071e+20
20230101T000018.100000,6,2380,6451.17,-2289.31,-1129.15,0,0,0,10252.6,22967.4,11645.2,66823.2,-4132.52,74975.3,1.58363e+20
20230101T000018.100000,6,2381,2959.56,1919.45,-215.175,0,0,0,5991.88,-9026.23,1015.65,14055.2,658.71,19909.5,1.83546e+20
20230101T000018.100000,6,2382,358.524,239.981,-85.0022,0,0,0,142.675,-103.84,38.6733,228.303,25.8863,300.2,2.23819e+20
20230101T000018.100000,6,2383,851.915,312.308,-92.0686,0,0,0,223.857,-400.841,119.46,1170.33,43.7936,1317.93,1.45653e+20
20230101T000018.100000,6,2384,2555.94,2560.69,676.061,0,0,0,10887.3,-10075.4,-2756.6,10849.9,-2761.72,20946.2,2.02016e+20
20230101T000018.100000,6,2385,923.598,1174.57,-110.849,0,0,0,2239.21,-1695.25,160.889,1416.33,204.607,3572.59,4.43056e+20
20230101T000018.100000,6,2386,350.593,257.764,-63.222,0,0,0,151.143,-111.628,28.1277,220.901,20.6801,304.296,2.30254e+20
20230101T000018.100000,6,2387,2990.36,4324.58,-165.221,0,0,0,29958,-20640.9,789.369,14380.4,1141.57,44230.8,9.73593e+19
20230101T000018.100000,6,2388,4489.05,2883.04,-267.286,0,0,0,13425.2,-20626.3,1917.08,32294.5,1231.22,45541.7,1.04488e+20
20230101T000018.100000,4,2182,6535.03,-2155.73,-895.241,-12.0186,2.89446,0.0534108,338.276,716.296,295.66,2279.59,-97.2807,2476.48,0
20230101T000018.100000,4,2187,4620.84,2678.42,30.9308,3.98349,5.39085,-3.23103,659.7,-1036.26,-18.6625,1861.23,-10.7525,2458.09,0
20230101T000018.100000,3,2208,1786.66,-2753.91,-215.502,0,0,0,2500,0,0,2500,0,2500,0
20230101T000018.100000,3,2209,9.00045e-05,-0.000110681,2.57272e-05,0,0,0,2500,0,0,2500,0,2500,0
20230101T000018.100000,3,2210,221.518,-237.419,-25.596,0,0,0,2500,0,0,2500,0,2500,0
20230101T000018.100000,3,2211,10388.4,-3840.38,-1800.96,0,0,0,2500,0,0,2500,0,2500,0
20230101T000018.100000,3,2212,9513.15,-3106.96,-904.604,0,0,0,2500,0,0,2500,0,2500,0
20230101T000018.100000,3,2213,6242.85,-4014.65,-550.548,0,0,0,2500,0,0,2500,0,2500,0
20230101T000018.100000,3,2214,6028.33,-1251.92,-770.414,0,0,0,2500,0,0,2500,0,2500,0
20230101T000018.100000,3,2215,2959.56,1919.45,-215.175,0,0,0,2500,0,0,2500,0,2500,0
20230101T000018.100000,3,2216,358.524,239.981,-85.0021,0,0,0,2500,0,0,2500,0,2500,0
20230101T000018.100000,3,2217,851.915,312.308,-92.0686,0,0,0,2500,0,0,2500,0,2500,0
20230101T000018.100000,3,2218,2555.94,2560.69,676.061,0,0,0,2500,0,0,2500,0,2500,0
20230101T000018.100000,3,2219,923.598,1174.57,-110.849,0,0,0,2500,0,0,2500,0,2500,0
20230101T000018.100000,3,2220,350.593,257.764,-63.222,0,0,0,2500,0,0,2500,0,2500,0
20230101T000018.100000,3,2221,2990.36,4324.58,-165.221,0,0,0,2500,0,0,2500,0,2500,0
20230101T000018.200000,6,2389,8242.63,-6096.23,-407.581,0,0,0,59675.6,80240.8,5373.23,108822,-3974.03,168168,1.11928e+20
20230101T000018.200000,6,2390,6540.58,-5834.94,479.761,0,0,0,54715,60847.6,-5018.06,68638.2,4476.68,122921,1.51307e+20
20230101T000018.200000,6,2391,3057.76,-1130.48,-549.664,0,0,0,2524.81,5353.32,2679.34,15025.4,-990.578,17006.4,1.46284e+20
20230101T000018.200000,6,2392,10403.4,867.667,2490.54,0,0,0,11120.6,-13615.6,-41441.7,173237,-3456.34,174376,2.17924e+20
20230101T000018.200000,6,2393,1360.77,625.426,-45.4897,0,0,0,681.376,-1336.18,97.2773,2974.46,44.7097,3588.65,1.12006e+20
20230101T000018.200000,6,2394,1121.81,1171.25,-274.536,0,0,0,2282.39,-2010.95,485.477,2108.86,506.875,4210.23,1.64377e+20
20230101T000018.200000,6,2395,2812.03,2712.88,-101.022,0,0,0,11817.2,-12165.8,453.335,12690.7,437.351,24427.6,2.2268e+20
20230101T000018.200000,6,2396,6442.35,6895.35,418.05,0,0,0,76233.4,-70904.3,-4307.23,66589.7,-4610.09,142480,1.43721e+20
20230101T000018.200000,3,2222,8242.63,-6096.23,-407.581,0,0,0,2500,0,0,2500,0,2500,0
20230101T000018.200000,3,2223,6540.58,-5834.94,479.761,0,0,0,2500,0,0,2500,0,2500,0
20230101T000018.200000,3,2224,3057.76,-1130.48,-549.664,0,0,0,2500,0,0,2500,0,2500,0
20230101T000018.200000,3,2225,10403.4,867.667,2490.54,0,0,0,2500,0,0,2500,0,2500,0
20230101T000018.200000,3,2226,1360.77,625.426,-45.4897,0,0,0,2500,0,0,2500,0,2500,0
20230101T000018.200000,3,2227,1121.81,1171.25,-274.536,0,0,0,2500,0,0,2500,0,2500,0
20230101T000018.200000,3,2228,2812.03,2712.88,-101.022,0,0,0,2500,0,0,2500,0,2500,0
20230101T000018.200000,3,2229,6442.35,6895.35,418.05,0,0,0,2500,0,0,2500,0,2500,0
20230101T000018.300000,6,2397,7260.9,-9134.45,2669.64,0,0,0,137940,100535,-31005.7,91378.2,39006.2,217857,2.61664e+20
20230101T000018.300000,6,2398,7974.68,-6427.51,-169.603,0,0,0,66167.3,81958,2163.22,101796,-1743.54,167854,1.32384e+20
20230101T000018.300000,6,2399,6578.51,-4981.46,293.587,0,0,0,39832.2,52335.8,-3088.38,69316.5,2338.62,108947,7.1943e+19
20230101T000018.300000,6,2400,6288.2,-6544.56,712.464,0,0,0,68950.4,65408.1,-7164.73,63721.8,7456.83,131797,1.06885e+20
20230101T000018.300000,6,2401,5060.13,-2610.29,-1093.64,0,0,0,12462,20328.6,8843.83,41383.1,-4562.12,51872,1.89633e+20
20230101T000018.300000,6,2402,9118.41,-2465.49,-22.4693,0,0,0,9786.23,35953.8,327.668,133037,-88.5968,142758,1.14246e+20
20230101T000018.300000,6,2403,9382.39,-719.222,-823.394,0,0,0,1969.22,10709.3,12355.1,140854,-947.101,141675,1.25398e+20
20230101T000018.300000,6,2404,1407.27,499.987,-31.2778,0,0,0,458.171,-1105.11,69.1638,3176.01,24.5731,3568.67,1.70641e+21
20230101T000018.300000,6,2405,9390.18,5280.5,-1514.72,0,0,0,47450.6,-77740.5,22750,141978,12793.3,185696,1.68787e+20
20230101T000018.300000,6,2406,8061.4,2904.02,723.371,0,0,0,14290.6,-37169.5,-9325.18,104081,-3359.28,117472,2.27642e+20
20230101T000018.300000,6,2407,10099.1,7108.7,520.452,0,0,0,81186.3,-114632,-8407.54,163351,-5918.03,244040,2.70624e+20
20230101T000018.300000,6,2408,8790.73,6369.99,-706.871,0,0,0,65488.9,-89185,9938.9,123940,7201.98,188566,1.61835e+20
20230101T000018.300000,6,2409,7756.03,5692,929.145,0,0,0,52777.2,-69946.7,-11525.4,96755.4,-8458.29,148088,4.7967e+20
20230101T000018.300000,4,2222,8226.24,-6091.95,-403.441,-1.62347,0.424315,0.409955,922.428,1157.63,77.3988,1631.47,-57.244,2483.88,0
20230101T000018.300000,4,2226,1380.03,573.389,-39.5289,1.90606,-5.15219,0.590177,311.099,-538.222,39.1626,1234.77,17.9995,1481.39,0
20230101T000018.300000,3,2230,7260.9,-9134.44,2669.64,0,0,0,2500,0,0,2500,0,2500,0
20230101T000018.300000,3,2231,6578.51,-4981.46,293.587,0,0,0,2500,0,0,2500,0,2500,0
20230101T000018.300000,3,2232,6288.2,-6544.56,712.464,0,0,0,2500,0,0,2500,0,2500,0
20230101T000018.300000,3,2233,5060.13,-2610.29,-1093.64,0,0,0,2500,0,0,2500,0,2500,0
20230101T000018.300000,3,2234,9118.41,-2465.49,-22.4693,0,0,0,2500,0,0,2500,0,2500,0
20230101T000018.300000,3,2235,9382.39,-719.222,-823.394,0,0,0,2500,0,0,2500,0,2500,0
20230101T000018.300000,3,2236,9390.18,5280.5,-1514.72,0,0,0,2500,0,0,2500,0,2500,0
20230101T000018.300000,3,2237,8061.4,2904.02,723.371,0,0,0,2500,0,0,2500,0,2500,0
20230101T000018.300000,3,2238,10099.1,7108.7,520.452,0,0,0,2500,0,0,2500,0,2500,0
20230101T000018.300000,3,2239,8790.73,6369.99,-706.871,0,0,0,2500,0,0,2500,0,2500,0
20230101T000018.300000,3,2240,7756.03,5692,929.145,0,0,0,2500,0,0,2500,0,2500,0
20230101T000018.400000,6,2410,1805.85,-2160.13,-104.494,0,0,0,7499.32,6201.35,300.401,5265.67,-359.334,12683.7,1.18413e+20
20230101T000018.400000,6,2411,217.364,-321.303,-47.8754,0,0,0,186.121,80.7843,12.2908,121.358,-18.168,241.732,1.88641e+20
20230101T000018.400000,6,2412,6327.19,-4878.67,877.737,0,0,0,38894.9,48762.5,-8880.27,64536.5,6847.26,102136,4.73681e+20
20230101T000018.400000,6,2413,3360.52,-1287.39,-61.907,0,0,0,2712.92,6898.62,331.835,18077.9,-127.123,20720.7,1.05278e+20
20230101T000018.400000,6,2414,3877.13,-1718.25,707.953,0,0,0,5446.15,10338.9,-4382.21,24193.3,1942.1,28777,1.39853e+20
20230101T000018.400000,6,2415,10431.3,-5637.83,-1233.13,0,0,0,52788.1,93051.9,20575.3,174665,-11120.3,224957,1.11419e+20
20230101T000018.400000,6,2416,12408.3,1207.67,-22.2644,0,0,0,2397.75,-23970.1,441.908,246347,43.0099,248680,3.95501e+20
20230101T000018.400000,6,2417,10753.4,2182.24,-301.741,0,0,0,7820.78,-37505.5,5189.87,185026,1053.2,192637,1.21375e+20
20230101T000018.400000,6,2418,2274.55,553.336,-311.073,0,0,0,695.44,-1963.74,1123.96,8289.9,273.429,8768.74,1.13527e+20
20230101T000018.400000,6,2419,1315.25,665.465,-309.965,0,0,0,879.74,-1313.79,640.79,2811.63,324.215,3479.07,1.16879e+21
20230101T000018.400000,6,2420,4124.02,6054.66,-1403.56,0,0,0,59672.7,-38456,9254.62,29407.3,13587.1,85868.6,2.46304e+20
20230101T000018.400000,4,2210,229.206,-315.574,-44.0872,2.11608,-21.5107,-5.08935,114.312,47.752,5.19808,107.686,-5.57121,159.194,0
20230101T000018.400000,3,2241,1805.85,-2160.13,-104.494,0,0,0,2500,0,0,2500,0,2500,0
20230101T000018.400000,3,2242,6327.19,-4878.67,877.737,0,0,0,2500,0,0,2500,0,2500,0
20230101T000018.400000,3,2243,3360.52,-1287.39,-61.907,0,0,0,2500,0,0,2500,0,2500,0
20230101T000018.400000,3,2244,3877.13,-1718.25,707.953,0,0,0,2500,0,0,2500,0,2500,0
20230101T000018.400000,3,2245,10431.3,-5637.83,-1233.13,0,0,0,2500,0,0,2500,0,2500,0
20230101T000018.400000,3,2246,12408.3,1207.68,-22.2644,0,0,0,2500,0,0,2500,0,2500,0
20230101T000018.400000,3,2247,10753.4,2182.24,-301.741,0,0,0,2500,0,0,2500,0,2500,0
20230101T000018.400000,3,2248,2274.55,553.336,-311.073,0,0,0,2500,0,0,2500,0,2500,0
20230101T000018.400000,3,2249,1315.25,665.465,-309.965,0,0,0,2500,0,0,2500,0,2500,0
20230101T000018.400000,3,2250,4124.02,6054.66,-1403.56,0,0,0,2500,0,0,2500,0,2500,0
20230101T000018.500000,6,2421,1119.25,-868.749,-10.6074,0,0,0,1247.61,1524.67,18.6172,2028.47,-14.4505,3211.9,8.00377e+19
20230101T000018.500000,6,2422,4295.78,-2205.07,-65.413,0,0,0,7835.8,15127.2,448.829,29540.8,-230.389,37305.8,3.23927e+20
20230101T000018.500000,6,2423,3623.43,-501.01,-727.243,0,0,0,1292.37,2781.43,4204.05,21023.8,-581.293,21410.8,4.47511e+20
20230101T000018.500000,6,2424,6999.07,-851.587,127.151,0,0,0,1248.86,9525.74,-1422.75,78380.5,173.109,79539.5,1.39482e+20
20230101T000018.500000,6,2425,8277.44,1525.42,-570.504,0,0,0,4288.34,-20098.4,7551.45,109645,1391.63,113349,2.05824e+20
20230101T000018.500000,6,2426,1945.39,666.127,504.159,0,0,0,1128,-1930.26,-1555.25,6104.28,-532.54,6768.86,1.25011e+20
20230101T000018.500000,6,2427,5946.42,1897.04,389.398,0,0,0,6036.05,-17960.2,-3701.05,56604.1,-1180.71,62334.1,6.93009e+19
20230101T000018.500000,6,2428,172.077,80.3922,-46.0525,0,0,0,62.7427,2.34785,-0.599519,58.8141,-0.280088,61.2709,1.54697e+20
20230101T000018.500000,6,2429,5332.07,6623.18,727.502,0,0,0,70544.3,-56059.7,-6203.14,46042,-7705.16,115676,1.90602e+20
20230101T000018.500000,6,2430,5295.78,4213.98,-564.163,0,0,0,28762.9,-35427,4776.14,45094.5,3800.49,73285.1,1.27403e+20
20230101T000018.500000,6,2431,5626.2,7544.18,-1680.01,0,0,0,92699.6,-65718.2,15116.7,53588.4,20270,141712,1.51321e+20
20230101T000018.500000,3,2251,1119.25,-868.749,-10.6074,0,0,0,2500,0,0,2500,0,2500,0
20230101T000018.500000,3,2252,4295.78,-2205.07,-65.413,0,0,0,2500,0,0,2500,0,2500,0
20230101T000018.500000,3,2253,3623.43,-501.01,-727.243,0,0,0,2500,0,0,2500,0,2500,0
20230101T000018.500000,3,2254,6999.07,-851.587,127.151,0,0,0,2500,0,0,2500,0,2500,0
20230101T000018.500000,3,2255,8277.44,1525.42,-570.504,0,0,0,2500,0,0,2500,0,2500,0
20230101T000018.500000,3,2256,1945.39,666.127,504.159,0,0,0,2500,0,0,2500,0,2500,0
20230101T000018.500000,3,2257,5946.42,1897.04,389.398,0,0,0,2500,0,0,2500,0,2500,0
20230101T000018.500000,3,2258,172.077,80.3922,-46.0525,0,0,0,2500,0,0,2500,0,2500,0
20230101T000018.500000,3,2259,5332.07,6623.18,727.502,0,0,0,2500,0,0,2500,0,2500,0
20230101T000018.500000,3,2260,5295.78,4213.98,-564.163,0,0,0,2500,0,0,2500,0,2500,0
20230101T000018.500000,3,2261,5626.2,7544.18,-1680.01,0,0,0,2500,0,0,2500,0,2500,0
20230101T000018.600000,6,2432,5140.33,-4843.69,731.753,0,0,0,38025.5,39377.9,-6013.55,42709.6,5666.52,79815.6,1.37502e+20
20230101T000018.600000,6,2433,4087.5,-1316.04,431.714,0,0,0,3098.73,8501.42,-2817.35,26766.3,907.09,29504.1,1.46356e+20
20230101T000018.600000,6,2434,9590.5,-4162.23,1761.9,0,0,0,31950.6,62031.9,-27026.4,147962,11729.3,174885,1.68933e+20
20230101T000018.600000,6,2435,9975.17,-4030.88,1376.22,0,0,0,28655.9,63259.3,-21957.3,159640,8872.75,185204,1.86899e+20
20230101T000018.600000,6,2436,980.617,-239.12,-27.7021,0,0,0,153.007,360.175,41.7591,1542.24,-10.1828,1630.11,9.55897e+19
20230101T000018.600000,6,2437,1489.33,-76.1273,-145.078,0,0,0,106.096,176.456,339.549,3549.2,-17.3561,3558.82,1.3197e+20
20230101T000018.600000,6,2438,4082.24,373.208,-198.496,0,0,0,348.694,-2426.13,1293.42,26664.6,118.247,26886.5,1.5314e+20
20230101T000018.600000,6,2439,10076.1,5237.66,1001.74,0,0,0,45207,-83757.3,-16144.8,162800,-8392.24,206338,1.30084e+20
20230101T000018.600000,6,2440,6194.53,9418.04,-821.241,0,0,0,142264,-92819.8,8136.97,62193.1,12371.3,203315,1.10624e+20
20230101T000018.600000,6,2441,214.489,281.92,-53.7438,0,0,0,151.797,-64.3766,12.697,116.16,16.6886,202.215,1.29822e+20
20230101T000018.600000,6,2442,4723.94,5085.94,-421.156,0,0,0,41547.9,-38267.7,3180.59,35891.5,3424.33,77092,1.41047e+20
20230101T000018.600000,6,2443,4171.45,4153.27,827.687,0,0,0,28181.4,-27140.8,-5518,28418.5,-5493.95,55442.3,1.18464e+20
20230101T000018.600000,4,2244,3909.92,-1692.16,688.223,6.3061,5.01736,-3.79415,496.407,836.779,-345.588,2013.7,153.157,2326.81,0
20230101T000018.600000,3,2262,5140.33,-4843.69,731.753,0,0,0,2500,0,0,2500,0,2500,0
20230101T000018.600000,3,2263,9590.5,-4162.23,1761.9,0,0,0,2500,0,0,2500,0,2500,0
20230101T000018.600000,3,2264,9975.17,-4030.88,1376.22,0,0,0,2500,0,0,2500,0,2500,0
20230101T000018.600000,3,2265,980.618,-239.12,-27.7021,0,0,0,2500,0,0,2500,0,2500,0
20230101T000018.600000,3,2266,1489.33,-76.1273,-145.078,0,0,0,2500,0,0,2500,0,2500,0
20230101T000018.600000,3,2267,4082.24,373.208,-198.496,0,0,0,2500,0,0,2500,0,2500,0
20230101T000018.600000,3,2268,10076.1,5237.66,1001.74,0,0,0,2500,0,0,2500,0,2500,0
20230101T000018.600000,3,2269,6194.53,9418.04,-821.241,0,0,0,2500,0,0,2500,0,2500,0
20230101T000018.600000,3,2270,214.489,281.92,-53.7438,0,0,0,2500,0,0,2500,0,2500,0
20230101T000018.600000,3,2271,4723.94,5085.94,-421.156,0,0,0,2500,0,0,2500,0,2500,0
20230101T000018.600000,3,2272,4171.45,4153.27,827.687,0,0,0,2500,0,0,2500,0,2500,0
20230101T000018.700000,6,2444,2123.5,-1711.46,218.147,0,0,0,4771.27,5746.59,-737.217,7269.84,594.169,11901.8,1.59604e+20
20230101T000018.700000,6,2445,2901.52,-2046.92,-334.923,0,0,0,6865.99,9388.25,1549.97,13550.8,-1093.45,20174.5,9.09242e+19
20230101T000018.700000,6,2446,984.524,-883.373,-183.831,0,0,0,1313.29,1333.44,283.083,1602.98,-253.999,2800.63,1.16723e+20
20230101T000018.700000,6,2447,8773.79,-6757.5,29.2209,0,0,0,73103,94830.5,-410.071,123191,315.833,196229,1.46914e+20
20230101T000018.700000,6,2448,5183.04,-5768.73,-454.004,0,0,0,53420.9,47643.6,3762.5,43200.1,-4187.67,96227.7,1.41055e+20
20230101T000018.700000,6,2449,6727.45,-5997.97,681.422,0,0,0,58010.3,64161,-7331.18,72770.9,6536.23,129975,2.60981e+20
20230101T000018.700000,6,2450,6103.68,-7664.03,-670.016,0,0,0,94283.4,74465,6540.58,60086.4,-8212.63,153588,1.1714e+20
20230101T000018.700000,6,2451,4105.66,-4329.08,719.082,0,0,0,30407.1,27993.4,-4718.46,27439.1,4975.22,56956.7,1.27633e+20
20230101T000018.700000,6,2452,6782.3,-1600.5,-1445.73,0,0,0,7324.49,16606.8,15676.2,73779,-3699.3,77700.6,2.19668e+20
20230101T000018.700000,6,2453,2658.22,251.637,-65.1892,0,0,0,171.446,-1063.61,275.705,11306.5,26.0992,11407.2,1.98161e+20
20230101T000018.700000,6,2454,11626.3,275.357,-1944.87,0,0,0,6232.17,-4977.49,36168.2,216276,856.608,216396,1.5633e+20
20230101T000018.700000,6,2455,9396.52,4746.54,-452.767,0,0,0,36359.6,-71203.7,6804.64,141351,3437.28,177319,1.0089e+20
20230101T000018.700000,6,2456,7321.18,3453.24,-504.442,0,0,0,19464.9,-40269.1,5905.38,85845.1,2785.44,104839,1.13818e+20
20230101T000018.700000,6,2457,5429.84,2419.19,11.0885,0,0,0,9417.53,-20993.4,-96.2247,47183.6,-42.8716,56537,1.21459e+20
20230101T000018.700000,6,2458,5432.86,2960.17,-145.314,0,0,0,14095.5,-25690.4,1261.83,47247.9,687.528,61245.8,2.01757e+20
20230101T000018.700000,6,2459,5690.89,3994.56,-493.721,0,0,0,25834.3,-36158.8,4491.85,51967.8,3152.92,77348.7,1.34258e+20
20230101T000018.700000,6,2460,7523.23,6653.53,1321.45,0,0,0,72434.1,-78671.8,-15900.3,91812.1,-14062.2,161390,1.18032e+20
20230101T000018.700000,6,2461,5678.81,3990.22,-644.861,0,0,0,25962.8,-35912.6,5854.45,51839,4113.63,77073.6,1.34421e+20
20230101T000018.700000,3,2273,2123.5,-1711.46,218.147,0,0,0,2500,0,0,2500,0,2500,0
20230101T000018.700000,3,2274,2901.52,-2046.92,-334.923,0,0,0,2500,0,0,2500,0,2500,0
20230101T000018.700000,3,2275,984.524,-883.373,-183.831,0,0,0,2500,0,0,2500,0,2500,0
20230101T000018.700000,3,2276,8773.79,-6757.5,29.2209,0,0,0,2500,0,0,2500,0,2500,0
20230101T000018.700000,3,2277,5183.04,-5768.73,-454.004,0,0,0,2500,0,0,2500,0,2500,0
20230101T000018.700000,3,2278,6727.45,-5997.97,681.422,0,0,0,2500,0,0,2500,0,2500,0
20230101T000018.700000,3,2279,6103.68,-7664.03,-670.016,0,0,0,2500,0,0,2500,0,2500,0
20230101T000018.700000,3,2280,4105.66,-4329.08,719.082,0,0,0,2500,0,0,2500,0,2500,0
20230101T000018.700000,3,2281,6782.3,-1600.5,-1445.73,0,0,0,2500,0,0,2500,0,2500,0
20230101T000018.700000,3,2282,2658.22,251.637,-65.1892,0,0,0,2500,0,0,2500,0,2500,0
20230101T000018.700000,3,2283,11626.3,275.357,-1944.87,0,0,0,2500,0,0,2500,0,2500,0
20230101T000018.700000,3,2284,9396.52,4746.53,-452.767,0,0,0,2500,0,0,2500,0,2500,0
20230101T000018.700000,3,2285,7321.18,3453.24,-504.442,0,0,0,2500,0,0,2500,0,2500,0
20230101T000018.700000,3,2286,5429.84,2419.19,11.0885,0,0,0,2500,0,0,2500,0,2500,0
20230101T000018.700000,3,2287,5432.86,2960.17,-145.314,0,0,0,2500,0,0,2500,0,2500,0
20230101T000018.700000,3,2288,5690.89,3994.56,-493.721,0,0,0,2500,0,0,2500,0,2500,0
20230101T000018.700000,3,2289,7523.23,6653.53,1321.45,0,0,0,2500,0,0,2500,0,2500,0
20230101T000018.700000,3,2290,5678.81,3990.22,-644.861,0,0,0,2500,0,0,2500,0,2500,0
20230101T000018.800000,6,2462,1777.15,-2091.78,767.46,0,0,0,7420.8,5453.54,-2171.47,5635,2555.92,12058.7,1.41524e+20
20230101T000018.800000,6,2463,1388.48,-1937.67,-356.688,0,0,0,6097.6,4178.66,786.953,3260.48,-1098.22,9093.32,1.79554e+20
20230101T000018.800000,6,2464,2859.78,-4143.7,552.289,0,0,0,27650.3,18702.4,-2523.14,13458.8,3655.92,40558.6,1.56877e+20
20230101T000018.800000,6,2465,9579.66,-3534.28,99.6894,0,0,0,20056.2,54145.6,-1527.4,146841,563.513,166818,1.34322e+20
20230101T000018.800000,6,2466,6934.71,-1811.7,-1072.58,0,0,0,7033.25,19636.3,11891.7,77065.9,-3106.72,82197.3,9.95935e+19
20230101T000018.800000,6,2467,5099.58,-2071.31,-72.6143,0,0,0,6926.7,16875.3,591.701,41619.4,-240.333,48473.7,1.13009e+20
20230101T000018.800000,6,2468,7874.9,-181.593,292.257,0,0,0,253.229,2283.43,-3680.02,99222.7,84.8603,99275.5,1.04515e+20
20230101T000018.800000,6,2469,9190.06,-1546.46,1327.24,0,0,0,6628.36,22267.9,-19507,135211,3282.56,138959,2.22072e+20
20230101T000018.800000,6,2470,4959.75,-10.0114,-272.244,0,0,0,182.554,79.078,2156.92,39358.6,-4.35379,39358.9,1.18392e+20
20230101T000018.800000,6,2471,9436.37,3052.62,-80.302,0,0,0,14976.8,-46067.2,1211.92,142479,392.051,157382,1.00748e+20
20230101T000018.800000,6,2472,9311.92,6633.03,2210.23,0,0,0,75621.5,-95103.3,-32920.6,141391,-23449.9,209136,9.39346e+19
20230101T000018.800000,6,2473,4871.25,5547.21,410.122,0,0,0,49379.4,-43069.9,-3194.15,38154.5,-3637.39,87201.2,1.76975e+20
20230101T000018.800000,4,2281,6904.58,-1634.72,-1459.75,12.1065,-3.38788,-1.38783,281.403,510.694,461.951,2325.01,-109.012,2350.24,0
20230101T000018.800000,3,2291,1777.15,-2091.78,767.46,0,0,0,2500,0,0,2500,0,2500,0
20230101T000018.800000,3,2292,1388.48,-1937.67,-356.688,0,0,0,2500,0,0,2500,0,2500,0
20230101T000018.800000,3,2293,2859.78,-4143.7,552.289,0,0,0,2500,0,0,2500,0,2500,0
20230101T000018.800000,3,2294,9579.66,-3534.28,99.6894,0,0,0,2500,0,0,2500,0,2500,0
20230101T000018.800000,3,2295,5099.58,-2071.31,-72.6143,0,0,0,2500,0,0,2500,0,2500,0
20230101T000018.800000,3,2296,7874.91,-181.593,292.257,0,0,0,2500,0,0,2500,0,2500,0
20230101T000018.800000,3,2297,9190.06,-1546.46,1327.24,0,0,0,2500,0,0,2500,0,2500,0
20230101T000018.800000,3,2298,4959.75,-10.0114,-272.244,0,0,0,2500,0,0,2500,0,2500,0
20230101T000018.800000,3,2299,9436.37,3052.62,-80.302,0,0,0,2500,0,0,2500,0,2500,0
20230101T000018.800000,3,2300,9311.92,6633.03,2210.23,0,0,0,2500,0,0,2500,0,2500,0
20230101T000018.800000,3,2301,4871.25,5547.21,410.122,0,0,0,2500,0,0,2500,0,2500,0
20230101T000018.900000,6,2474,2577.91,-1906.16,119.949,0,0,0,5869.69,7820.69,-492.827,10663.7,364.405,16446.6,1.09921e+20
20230101T000018.900000,6,2475,7340.41,-7458.64,564.568,0,0,0,89292.3,87312.2,-6628.24,86502,6735,175221,4.97246e+20
20230101T000018.900000,6,2476,5057.49,-5117.68,-1210.19,0,0,0,43093.6,40209.5,9785.47,42142.1,-9901.94,82831.9,1.57733e+20
20230101T000018.900000,6,2477,6853.09,-5645.81,-479.923,0,0,0,51257.8,61693.8,5259.67,75318.6,-4333.09,126144,6.71998e+19
20230101T000018.900000,6,2478,10371,-4243.13,-591.269,0,0,0,29340.5,70190.6,9808.18,172182,-4012.86,200900,1.58898e+20
20230101T000018.900000,6,2479,9612.13,-464.014,-588.628,0,0,0,961.191,7106.48,9048.85,147830,-436.822,148173,2.99043e+20
20230101T000018.900000,6,2480,6333.02,65.1966,-155.075,0,0,0,109.229,-659.572,1569.78,64171.3,16.1605,64178.2,1.01813e+20
20230101T000018.900000,6,2481,1302.37,360.317,34.6399,0,0,0,268.919,-733.895,-70.602,2718.55,-19.533,2921.63,1.97941e+20
20230101T000018.900000,6,2482,99.8959,52.4502,16.3176,0,0,0,53.8772,17.5938,5.41899,29.6059,2.84523,21.6795,2.10572e+20
20230101T000018.900000,6,2483,7901.22,7305.69,289.196,0,0,0,85503.6,-92259.6,-3654.74,99978,-3379.28,185284,1.46239e+20
20230101T000018.900000,6,2484,7229.34,6713.75,-1295.96,0,0,0,73595.6,-76286.2,14984.2,84894.8,13915.5,155741,1.1362e+20
20230101T000018.900000,6,2485,470.406,576.639,179.184,0,0,0,576.717,-379.215,-125.656,421.217,-154.033,889.577,1.90402e+20
20230101T000018.900000,3,2302,2577.91,-1906.16,119.949,0,0,0,2500,0,0,2500,0,2500,0
20230101T000018.900000,3,2303,7340.41,-7458.64,564.568,0,0,0,2500,0,0,2500,0,2500,0
20230101T000018.900000,3,2304,5057.49,-5117.68,-1210.19,0,0,0,2500,0,0,2500,0,2500,0
20230101T000018.900000,3,2305,6853.09,-5645.81,-479.923,0,0,0,2500,0,0,2500,0,2500,0
20230101T000018.900000,3,2306,10371,-4243.13,-591.269,0,0,0,2500,0,0,2500,0,2500,0
20230101T000018.900000,3,2307,9612.13,-464.014,-588.628,0,0,0,2500,0,0,2500,0,2500,0
20230101T000018.900000,3,2308,6333.02,65.1966,-155.075,0,0,0,2500,0,0,2500,0,2500,0
20230101T000018.900000,3,2309,1302.37,360.317,34.6399,0,0,0,2500,0,0,2500,0,2500,0
20230101T000018.900000,3,2310,99.8959,52.4502,16.3176,0,0,0,2500,0,0,2500,0,2500,0
20230101T000018.900000,3,2311,7901.22,7305.69,289.196,0,0,0,2500,0,0,2500,0,2500,0
20230101T000018.900000,3,2312,7229.34,6713.75,-1295.96,0,0,0,2500,0,0,2500,0,2500,0
20230101T000018.900000,3,2313,470.406,576.639,179.184,0,0,0,2500,0,0,2500,0,2500,0
20230101T000019,6,2486,1044.45,-1184.97,23.3359,0,0,0,2275.02,1948.06,-38.372,1781.9,43.5347,3992.07,1.2701e+20
20230101T000019,6,2487,2054.38,-2609.21,97.5546,0,0,0,10923.1,8537.99,-319.5,6801.61,405.789,17645.6,1.43679e+20
20230101T000019,6,2488,2613.67,-3350.55,-102.437,0,0,0,17992.5,13972.4,427.431,10980.2,-547.939,28892,2.27358e+20
20230101T000019,6,2489,4509.02,-7285.99,1981.18,0,0,0,86693.1,49726.9,-14285.7,37114.9,23083.8,117470,3.1215e+20
20230101T000019,6,2490,3891.4,-1444.19,392,0,0,0,3608.95,8890.98,-2435.07,24266.2,903.712,27566.4,1.15255e+20
20230101T000019,6,2491,9755.68,-2812.62,-722.93,0,0,0,13488.1,43662.9,11279.9,152346,-3252.06,164935,1.00269e+20
20230101T000019,6,2492,11447.5,-4138.56,-1489.06,0,0,0,30597.7,74647.3,27266.4,210089,-9857.5,237077,1.38873e+20
20230101T000019,6,2493,8250.63,-1176.43,1981.61,0,0,0,8431.4,14643.6,-26145,109043,3727.93,111135,1.41967e+20
20230101T000019,6,2494,9013.13,1803.87,-1702.22,0,0,0,9723.39,-25109.6,24536.6,130159,4910.71,135187,2.76359e+20
20230101T000019,6,2495,2191.24,997.742,-112.426,0,0,0,1662.43,-3466.36,391.45,7696.91,178.239,9275.39,9.52173e+19
20230101T000019,6,2496,1227.1,529.509,202.571,0,0,0,556.7,-992.976,-389.013,2429.37,-167.864,2859.29,1.69011e+20
20230101T000019,6,2497,8201.55,5340.74,-116.651,0,0,0,45697.9,-70044.6,1530.11,107650,996.385,153262,2.34954e+20
20230101T000019,6,2498,297.138,228.227,-4.87798,0,0,0,123.61,-77.5729,1.65839,165.023,1.27378,224.616,8.97496e+20
20230101T000019,6,2499,4823.1,4750.13,-543.274,0,0,0,36374,-36388.7,4188.79,37483.5,4125.42,73322,1.59797e+20
20230101T000019,4,2294,9553.9,-3512.63,86.7115,-4.95412,4.16454,-2.49577,361.905,810.993,-22.8752,2260.89,8.43951,2559.86,0
20230101T000019,3,2314,1044.45,-1184.97,23.3359,0,0,0,2500,0,0,2500,0,2500,0
20230101T000019,3,2315,2054.38,-2609.21,97.5546,0,0,0,2500,0,0,2500,0,2500,0
20230101T000019,3,2316,2613.67,-3350.55,-102.437,0,0,0,2500,0,0,2500,0,2500,0
20230101T000019,3,2317,4509.02,-7286,1981.18,0,0,0,2500,0,0,2500,0,2500,0
20230101T000019,3,2318,3891.4,-1444.19,392,0,0,0,2500,0,0,2500,0,2500,0
20230101T000019,3,2319,11447.5,-4138.56,-1489.06,0,0,0,2500,0,0,2500,0,2500,0
20230101T000019,3,2320,8250.63,-1176.43,1981.61,0,0,0,2500,0,0,2500,0,2500,0
20230101T000019,3,2321,9013.13,1803.87,-1702.22,0,0,0,2500,0,0,2500,0,2500,0
20230101T000019,3,2322,2191.24,997.742,-112.426,0,0,0,2500,0,0,2500,0,2500,0
20230101T000019,3,2323,1227.1,529.509,202.571,0,0,0,2500,0,0,2500,0,2500,0
20230101T000019,3,2324,8201.55,5340.74,-116.651,0,0,0,2500,0,0,2500,0,2500,0
20230101T000019,3,2325,297.138,228.227,-4.87798,0,0,0,2500,0,0,2500,0,2500,0
20230101T000019,3,2326,4823.1,4750.13,-543.274,0,0,0,2500,0,0,2500,0,2500,0
20230101T000019.100000,6,2500,3430.61,-2191.62,-69.3507,0,0,0,7736,11997.2,379.746,18851.3,-242.597,26515.7,1.24104e+20
20230101T000019.100000,6,2501,2192.78,-1824.31,676.132,0,0,0,5793.04,6011.1,-2361.14,8017.26,1964.37,13021.7,1.48879e+20
20230101T000019.100000,6,2502,7172.12,-6879.74,2122.6,0,0,0,79515.5,75315.9,-24348.2,85786.5,23355.7,158035,1.64745e+20
20230101T000019.100000,6,2503,118.662,-50.4525,18.6782,0,0,0,57.6331,-13.1939,4.81013,32.2115,-2.04517,27.9171,1.02793e+20
20230101T000019.100000,6,2504,10612.9,-1628.67,975.583,0,0,0,5793.91,27417.9,-16560.2,180249,2541.37,184457,1.774e+20
20230101T000019.100000,6,2505,6050.63,-1092.26,1229.26,0,0,0,4309.89,10140.8,-11888.4,58654.4,2146.1,60487.5,1.2614e+20
20230101T000019.100000,6,2506,7532.21,3683.64,-1907.71,0,0,0,26459,-42071.5,22978.4,91910.4,11237.6,112489,1.77618e+20
20230101T000019.100000,6,2507,2522.93,2513.21,-198.61,0,0,0,10169.6,-10081.6,799.209,10247.5,796.128,20290.4,1.86059e+20
20230101T000019.100000,6,2508,927.679,1184.03,-59.1043,0,0,0,2269.52,-1723.71,86.1791,1420,109.994,3620.13,3.50493e+21
20230101T000019.100000,6,2509,9237.99,6974.48,-923.371,0,0,0,78738.8,-102402,13644.1,137063,10301,214375,1.5694e+20
20230101T000019.100000,6,2510,387.981,345.519,-41.066,0,0,0,227.989,-181.559,21.7381,270.172,19.359,432.258,1.06084e+20
20230101T000019.100000,6,2511,5266.14,5020.08,250.14,0,0,0,40407.9,-42216.4,-2106.05,44449.7,-2007.64,84693.6,8.44319e+19
20230101T000019.100000,4,2310,159.905,-28.0096,18.6183,11.5402,-15.4731,0.442451,52.6598,17.0377,5.24684,29.1556,2.75485,21.4864,0
20230101T000019.100000,4,2325,394.951,334.852,-29.3978,9.68451,10.557,-2.42771,115.805,-69.4753,1.48526,152.895,1.1408,206.266,0
20230101T000019.100000,3,2327,3430.61,-2191.62,-69.3507,0,0,0,2500,0,0,2500,0,2500,0
20230101T000019.100000,3,2328,2192.78,-1824.31,676.132,0,0,0,2500,0,0,2500,0,2500,0
20230101T000019.100000,3,2329,7172.12,-6879.74,2122.6,0,0,0,2500,0,0,2500,0,2500,0
20230101T000019.100000,3,2330,10612.9,-1628.67,975.583,0,0,0,2500,0,0,2500,0,2500,0
20230101T000019.100000,3,2331,6050.63,-1092.26,1229.26,0,0,0,2500,0,0,2500,0,2500,0
20230101T000019.100000,3,2332,7532.21,3683.64,-1907.71,0,0,0,2500,0,0,2500,0,2500,0
20230101T000019.100000,3,2333,2522.93,2513.21,-198.61,0,0,0,2500,0,0,2500,0,2500,0
20230101T000019.100000,3,2334,927.679,1184.03,-59.1043,0,0,0,2500,0,0,2500,0,2500,0
20230101T000019.100000,3,2335,9237.99,6974.48,-923.371,0,0,0,2500,0,0,2500,0,2500,0
20230101T000019.100000,3,2336,5266.14,5020.08,250.14,0,0,0,2500,0,0,2500,0,2500,0
20230101T000019.200000,6,2512,1720.61,-1610.49,-149.54,0,0,0,4202.94,4383.98,408.725,4783.25,-382.568,8886.92,1.33886e+20
20230101T000019.200000,6,2513,6036.2,-8144.38,-422.106,0,0,0,106253,78490.8,4075.09,58522.4,-5498.33,164427,1.14454e+20
20230101T000019.200000,6,2514,5863.19,-2509.46,-287.042,0,0,0,10241.2,23470.7,2690.13,55033.6,-1151.38,65079.2,1.23022e+20
20230101T000019.200000,6,2515,9028.67,-2468.85,-1385.78,0,0,0,12669.5,34867,20009.9,130645,-5471.62,140181,1.1192e+20
20230101T000019.200000,6,2516,4061.07,880.075,-501.562,0,0,0,1683.95,-5622.1,3251.56,26408.6,704.646,27627.8,1.40941e+20
20230101T000019.200000,6,2517,8242.25,1340.24,-265.214,0,0,0,3045.91,-17646.6,3495.54,108700,568.395,111569,1.05346e+20
20230101T000019.200000,6,2518,2654.64,1709.7,-110.118,0,0,0,4735.8,-7223.89,465.842,11299.8,300.021,15952.4,1.0838e+20
20230101T000019.200000,6,2519,7215.1,1836.92,1631.1,0,0,0,9453.86,-20173.3,-18816.8,83555.2,-4790.62,88694.1,4.14751e+20
20230101T000019.200000,6,2520,1812.67,1501.09,-438.64,0,0,0,3824.52,-4171.95,1263.3,5407.63,1046.14,8864.59,1.2519e+20
20230101T000019.200000,6,2521,1105.11,1011.43,-74.5996,0,0,0,1676.39,-1752.17,129.56,1987.2,118.578,3591,3.53518e+21
20230101T000019.200000,6,2522,5945.01,8875.27,-1783.07,0,0,0,127627,-82040.8,16954.8,60103.4,25311.8,182583,1.75511e+20
20230101T000019.200000,6,2523,4505.52,6725.5,-496.821,0,0,0,72513.9,-48271,3579.32,32796.2,5342.94,104852,1.51883e+20
20230101T000019.200000,6,2524,5870.21,6127.85,734.27,0,0,0,60524.1,-57092.1,-6892.7,55617.9,-7195.22,115216,1.1199e+20
20230101T000019.200000,3,2337,1720.61,-1610.49,-149.54,0,0,0,2500,0,0,2500,0,2500,0
20230101T000019.200000,3,2338,6036.2,-8144.38,-422.106,0,0,0,2500,0,0,2500,0,2500,0
20230101T000019.200000,3,2339,5863.2,-2509.46,-287.042,0,0,0,2500,0,0,2500,0,2500,0
20230101T000019.200000,3,2340,9028.67,-2468.85,-1385.78,0,0,0,2500,0,0,2500,0,2500,0
20230101T000019.200000,3,2341,4061.07,880.075,-501.562,0,0,0,2500,0,0,2500,0,2500,0
20230101T000019.200000,3,2342,8242.25,1340.24,-265.214,0,0,0,2500,0,0,2500,0,2500,0
20230101T000019.200000,3,2343,2654.64,1709.7,-110.117,0,0,0,2500,0,0,2500,0,2500,0
20230101T000019.200000,3,2344,7215.1,1836.92,1631.1,0,0,0,2500,0,0,2500,0,2500,0
20230101T000019.200000,3,2345,1812.67,1501.08,-438.64,0,0,0,2500,0,0,2500,0,2500,0
20230101T000019.200000,3,2346,1105.11,1011.43,-74.5996,0,0,0,2500,0,0,2500,0,2500,0
20230101T000019.200000,3,2347,5945.01,8875.27,-1783.07,0,0,0,2500,0,0,2500,0,2500,0
20230101T000019.200000,3,2348,4505.52,6725.5,-496.821,0,0,0,2500,0,0,2500,0,2500,0
20230101T000019.200000,3,2349,5870.21,6127.85,734.27,0,0,0,2500,0,0,2500,0,2500,0
20230101T000019.300000,6,2525,7397.86,-8325.99,-1610.4,0,0,0,112774,96459.8,19055.6,89919.3,-21446.3,198482,3.23968e+20
20230101T000019.300000,6,2526,109.757,-68.4183,-15.728,0,0,0,53.1933,-16.4749,-3.74641,37.034,2.33537,27.6968,2.36269e+20
20230101T000019.300000,6,2527,4170.5,-5429.56,-1122.67,0,0,0,47939.5,35226,7485.11,29136.4,-9744.84,74998.7,8.69803e+19
20230101T000019.300000,6,2528,3369.98,-849.037,-427.521,0,0,0,1487.65,4493.77,2297.66,18192.1,-578.876,19325.2,1.4899e+20
20230101T000019.300000,6,2529,9675.34,-3038.49,-872.97,0,0,0,15939.6,46670.8,13508.8,149895,-4242.38,164552,1.39666e+20
20230101T000019.300000,6,2530,109.782,-68.4729,-15.3155,0,0,0,53.2106,-16.4823,-3.64894,37.0652,2.27591,27.6692,2.35191e+20
20230101T000019.300000,6,2531,7351.29,-3249.37,1404.96,0,0,0,19587.5,37028.5,-16515.3,86992.8,7299.98,103362,1.13815e+20
20230101T000019.300000,6,2532,8573.86,-2288.55,179.812,0,0,0,8487.97,31366,-2465.44,117626,658.081,125998,1.52078e+20
20230101T000019.300000,6,2533,969.872,-424.15,7.51281,0,0,0,341.644,634.667,-11.2422,1515.33,4.91651,1792.89,1.81344e+20
20230101T000019.300000,6,2534,3863.88,-2507.86,-966.242,0,0,0,11157.2,14794,5962.72,24348.2,-3870.12,33953,1.59176e+20
20230101T000019.300000,6,2535,4246.69,-2109.39,1243.57,0,0,0,9151.97,13323,-8435.66,29356.6,4190.1,35978.4,1.48601e+20
20230101T000019.300000,6,2536,2136.69,-234.398,32.4259,0,0,0,152.795,794.218,-109.895,7305.47,12.0556,7392.62,1.99566e+20
20230101T000019.300000,6,2537,4212.14,759.625,163.567,0,0,0,1026.6,-5100.8,-1099.94,28390.8,-198.366,29310.8,1.22087e+20
20230101T000019.300000,6,2538,2101.68,963.873,45.4123,0,0,0,1542.07,-3215.71,-151.565,7078.98,-69.5109,8553.8,9.76267e+19
20230101T000019.300000,6,2539,1385.5,569.68,40.132,0,0,0,576.166,-1239.47,-87.3801,3081.01,-35.9283,3590.69,3.40029e+21
20230101T000019.300000,6,2540,10301.1,5943.19,-544.747,0,0,0,56918.5,-97720.8,8975.83,169914,5178.59,226294,2.1966e+20
20230101T000019.300000,6,2541,3701.49,4589.85,977.876,0,0,0,34334.2,-26404.8,-5784.88,22886.5,-7173.25,55630.2,8.83095e+19
20230101T000019.300000,6,2542,7466.52,5203.05,-244.327,0,0,0,43422.1,-62083.1,2917.42,89250.5,2033.01,132513,1.57892e+20
20230101T000019.300000,6,2543,6089.36,6740.42,1660.16,0,0,0,74702.7,-63447.3,-16167.3,61790.6,-17895.9,132024,2.19779e+20
20230101T000019.300000,6,2544,7376.71,6555.27,-580.976,0,0,0,69091.9,-77070.3,6854.3,87331.8,6091.03,155820,1.43124e+20
20230101T000019.300000,6,2545,3797.56,4902.43,1296.21,0,0,0,39485.2,-28456.5,-7868.03,24792.8,-10157.2,61531,1.49795e+20
20230101T000019.300000,4,2294,9556.43,-3503.35,68.4449,-1.67661,6.78803,-9.54111,406.646,962.754,-24.163,2670,8.9276,3023.9,0
20230101T000019.300000,4,2322,2105.37,960.275,-71.7858,-23.6351,-10.3119,11.1854,417.164,-769.076,86.704,1756.03,39.479,2102.8,0
20230101T000019.300000,3,2350,7397.86,-8325.99,-1610.4,0,0,0,2500,0,0,2500,0,2500,0
20230101T000019.300000,3,2351,109.757,-68.4183,-15.728,0,0,0,2500,0,0,2500,0,2500,0
20230101T000019.300000,3,2352,4170.5,-5429.56,-1122.67,0,0,0,2500,0,0,2500,0,2500,0
20230101T000019.300000,3,2353,3369.98,-849.037,-427.521,0,0,0,2500,0,0,2500,0,2500,0
20230101T000019.300000,3,2354,109.782,-68.4729,-15.3155,0,0,0,2500,0,0,2500,0,2500,0
20230101T000019.300000,3,2355,7351.29,-3249.37,1404.96,0,0,0,2500,0,0,2500,0,2500,0
20230101T000019.300000,3,2356,8573.86,-2288.55,179.812,0,0,0,2500,0,0,2500,0,2500,0
20230101T000019.300000,3,2357,969.872,-424.15,7.51281,0,0,0,2500,0,0,2500,0,2500,0
20230101T000019.300000,3,2358,3863.88,-2507.86,-966.242,0,0,0,2500,0,0,2500,0,2500,0
20230101T000019.300000,3,2359,4246.69,-2109.39,1243.57,0,0,0,2500,0,0,2500,0,2500,0
20230101T000019.300000,3,2360,2136.69,-234.398,32.4259,0,0,0,2500,0,0,2500,0,2500,0
20230101T000019.300000,3,2361,4212.14,759.625,163.567,0,0,0,2500,0,0,2500,0,2500,0
20230101T000019.300000,3,2362,1385.5,569.68,40.132,0,0,0,2500,0,0,2500,0,2500,0
20230101T000019.300000,3,2363,10301.1,5943.19,-544.747,0,0,0,2500,0,0,2500,0,2500,0
20230101T000019.300000,3,2364,3701.49,4589.85,977.876,0,0,0,2500,0,0,2500,0,2500,0
20230101T000019.300000,3,2365,7466.52,5203.05,-244.327,0,0,0,2500,0,0,2500,0,2500,0
20230101T000019.300000,3,2366,6089.36,6740.42,1660.16,0,0,0,2500,0,0,2500,0,2500,0
20230101T000019.300000,3,2367,7376.71,6555.27,-580.976,0,0,0,2500,0,0,2500,0,2500,0
20230101T000019.300000,3,2368,3797.56,4902.43,1296.21,0,0,0,2500,0,0,2500,0,2500,0
20230101T000019.400000,6,2546,2914.24,-3193.41,47.1675,0,0,0,16347.2,14856.5,-219.461,13625.3,240.484,29905,5.32447e+20
20230101T000019.400000,6,2547,8688.67,-8735.39,437.84,0,0,0,122276,121253,-6085.19,120975,6117.91,242880,1.25052e+20
20230101T000019.400000,6,2548,6537.5,-9246.59,992.2,0,0,0,137345,95946.9,-10375.2,69474.7,14674.6,205182,1.07308e+20
20230101T000019.400000,6,2549,568.871,-582.64,-1.02026,0,0,0,574.386,498.323,0.872618,550.548,-0.89374,1060.93,8.50745e+19
20230101T000019.400000,6,2550,619.801,-643.14,-67.434,0,0,0,695.953,602.358,63.5392,651.413,-65.9318,1276.82,1.70063e+20
20230101T000019.400000,6,2551,5897.64,-4505.87,742.608,0,0,0,33081.7,42062.1,-7002.37,56000,5349.9,88136.6,1.16797e+20
20230101T000019.400000,6,2552,7739.64,-2055.46,-1285.29,0,0,0,9287.16,24782.5,15906.6,96021.5,-4224.4,102605,1.75279e+20
20230101T000019.400000,6,2553,1681.74,93.5892,-295.304,0,0,0,215.01,-240.642,783.727,4525.8,43.6147,4541.1,4.29669e+20
20230101T000019.400000,6,2554,4442.63,869.305,75.0686,0,0,0,1279.41,-6165.44,-532.562,31581.9,-104.208,32788.3,1.32079e+20
20230101T000019.400000,6,2555,10356,1021.65,-98.7828,0,0,0,1748.88,-16920.6,1636.19,171596,161.415,173265,1.2625e+20
20230101T000019.400000,6,2556,1432.5,420.827,-67.2325,0,0,0,348.806,-945.305,151.337,3288.93,44.4585,3566.76,2.8626e+21
20230101T000019.400000,6,2557,1430.9,475.045,-347.273,0,0,0,589.613,-1011.71,781.774,3301.13,259.542,3640.24,2.93549e+20
20230101T000019.400000,6,2558,4060.84,2271.55,211.428,0,0,0,8359.04,-14701.4,-1371.19,26416.9,-767.014,34640.7,1.60741e+20
20230101T000019.400000,6,2559,3492.59,1635.15,161.297,0,0,0,4364.49,-9096.93,-898.929,19536,-420.858,23795.1,1.23395e+20
20230101T000019.400000,6,2560,4567.85,3077.91,-377.014,0,0,0,15357.8,-22360.1,2751.81,33475.3,1854.23,48542.3,1.07181e+20
20230101T000019.400000,6,2561,5602.18,2910.55,271.312,0,0,0,13697.2,-26014.4,-2429.46,50253.6,-1262.2,63769.2,8.78013e+19
20230101T000019.400000,6,2562,8339.87,3201.54,-371.879,0,0,0,16648.4,-42625.3,4959.8,111322,1903.99,127685,1.04662e+20
20230101T000019.400000,6,2563,3639.22,2837.68,631.428,0,0,0,13319.6,-16183.3,-3669.87,21455.2,-2861.58,34075.3,1.62341e+20
20230101T000019.400000,6,2564,7358.59,5199.52,-717.348,0,0,0,43847.6,-60799.9,8441.74,86933.6,5964.87,129895,1.89307e+20
20230101T000019.400000,6,2565,4335.04,3416.83,-116.506,0,0,0,18732.4,-23657.7,807.035,30101,636.095,48747.7,1.06945e+20
20230101T000019.400000,4,2362,1407.51,508.931,-4.35357,2.17854,-6.01474,-4.40452,268.651,-499.096,-35.1705,1277.27,-14.4611,1481.91,0
20230101T000019.400000,4,2365,7413.58,5167.51,-251.567,-5.24155,-3.51853,-0.716877,853.104,-1132.16,53.1651,1688.84,37.0481,2476.08,0
20230101T000019.400000,3,2369,2914.24,-3193.41,47.1675,0,0,0,2500,0,0,2500,0,2500,0
20230101T000019.400000,3,2370,8688.67,-8735.39,437.84,0,0,0,2500,0,0,2500,0,2500,0
20230101T000019.400000,3,2371,6537.5,-9246.59,992.2,0,0,0,2500,0,0,2500,0,2500,0
20230101T000019.400000,3,2372,568.871,-582.64,-1.02026,0,0,0,2500,0,0,2500,0,2500,0
20230101T000019.400000,3,2373,619.801,-643.14,-67.434,0,0,0,2500,0,0,2500,0,2500,0
20230101T000019.400000,3,2374,5897.64,-4505.87,742.608,0,0,0,2500,0,0,2500,0,2500,0
20230101T000019.400000,3,2375,7739.64,-2055.46,-1285.29,0,0,0,2500,0,0,2500,0,2500,0
20230101T000019.400000,3,2376,1681.74,93.5892,-295.304,0,0,0,2500,0,0,2500,0,2500,0
20230101T000019.400000,3,2377,4442.63,869.305,75.0686,0,0,0,2500,0,0,2500,0,2500,0
20230101T000019.400000,3,2378,10356,1021.65,-98.7828,0,0,0,2500,0,0,2500,0,2500,0
20230101T000019.400000,3,2379,1430.9,475.045,-347.273,0,0,0,2500,0,0,2500,0,2500,0
20230101T000019.400000,3,2380,4060.83,2271.55,211.428,0,0,0,2500,0,0,2500,0,2500,0
20230101T000019.400000,3,2381,3492.59,1635.15,161.297,0,0,0,2500,0,0,2500,0,2500,0
20230101T000019.400000,3,2382,4567.85,3077.91,-377.014,0,0,0,2500,0,0,2500,0,2500,0
20230101T000019.400000,3,2383,5602.18,2910.55,271.312,0,0,0,2500,0,0,2500,0,2500,0
20230101T000019.400000,3,2384,8339.87,3201.54,-371.879,0,0,0,2500,0,0,2500,0,2500,0
20230101T000019.400000,3,2385,3639.22,2837.68,631.428,0,0,0,2500,0,0,2500,0,2500,0
20230101T000019.400000,3,2386,4335.04,3416.83,-116.506,0,0,0,2500,0,0,2500,0,2500,0
20230101T000019.500000,6,2566,5962.94,-6252.46,-1551.12,0,0,0,64412.3,57699.3,14791.1,58939.1,-15509.2,119442,1.97221e+20
20230101T000019.500000,6,2567,5889.42,-4096.07,-767.231,0,0,0,27521.9,38126.5,7224.12,55824.2,-5024.35,82341.8,1.59503e+20
20230101T000019.500000,6,2568,2773.95,-1320.73,-581.733,0,0,0,3282.71,5627.71,2571.36,12423.2,-1224.28,15104.9,1.21368e+20
20230101T000019.500000,6,2569,10078.2,-6366.43,-133.22,0,0,0,64916.3,102617,2147.58,162537,-1356.64,227361,1.04026e+20
20230101T000019.500000,6,2570,7181.66,-2307.64,1199.82,0,0,0,10664.6,25827.2,-13777.2,82743.4,4426.96,91043.9,1.381e+20
20230101T000019.500000,6,2571,2916.05,530.783,-22.0635,0,0,0,513.467,-2465.05,102.473,13607.5,18.6522,14056.2,8.8057e+19
20230101T000019.500000,6,2572,1498.08,85.1768,29.5941,0,0,0,76.7739,-200.457,-69.6751,3591,-3.96154,3602.42,4.11408e+21
20230101T000019.500000,6,2573,10876.3,4634.74,150.656,0,0,0,34454.1,-80618.1,-2620.99,189287,-1116.88,223641,8.77013e+19
20230101T000019.500000,6,2574,6695.38,4169.69,-418.41,0,0,0,28066,-44514,4479.39,71821.1,2789.64,99543.3,1.11277e+20
20230101T000019.500000,6,2575,8857.78,3277.77,-884.49,0,0,0,18346.8,-46026,12529.8,125695,4636.59,142727,4.32695e+20
20230101T000019.500000,3,2387,5962.94,-6252.46,-1551.12,0,0,0,2500,0,0,2500,0,2500,0
20230101T000019.500000,3,2388,5889.42,-4096.07,-767.231,0,0,0,2500,0,0,2500,0,2500,0
20230101T000019.500000,3,2389,2773.95,-1320.73,-581.733,0,0,0,2500,0,0,2500,0,2500,0
20230101T000019.500000,3,2390,10078.2,-6366.43,-133.22,0,0,0,2500,0,0,2500,0,2500,0
20230101T000019.500000,3,2391,7181.66,-2307.64,1199.82,0,0,0,2500,0,0,2500,0,2500,0
20230101T000019.500000,3,2392,2916.05,530.783,-22.0635,0,0,0,2500,0,0,2500,0,2500,0
20230101T000019.500000,3,2393,1498.08,85.1767,29.5941,0,0,0,2500,0,0,2500,0,2500,0
20230101T000019.500000,3,2394,10876.3,4634.74,150.656,0,0,0,2500,0,0,2500,0,2500,0
20230101T000019.500000,3,2395,6695.38,4169.69,-418.41,0,0,0,2500,0,0,2500,0,2500,0
20230101T000019.500000,3,2396,8857.78,3277.77,-884.49,0,0,0,2500,0,0,2500,0,2500,0
20230101T000019.600000,6,2576,3118.45,-3299.21,577.525,0,0,0,17697.2,16163.7,-2876.07,15874.7,3042.78,32976.3,1.31716e+20
20230101T000019.600000,6,2577,6525.39,-5927.64,879.993,0,0,0,56932.7,61240.1,-9183,68718,8341.8,124349,8.99535e+19
20230101T000019.600000,6,2578,322.059,-156.842,-7.15096,0,0,0,91.1356,55.6047,2.53668,178.235,-1.23535,205.34,1.5394e+20
20230101T000019.600000,6,2579,1499.79,-101.411,-32.9725,0,0,0,81.8644,238.93,77.7232,3599.31,-5.25538,3615.49,1.9286e+21
20230101T000019.600000,6,2580,5106.72,-166.442,-211.267,0,0,0,179.486,1355.55,1723.57,41725.9,-56.1758,41770.2,1.57259e+20
20230101T000019.600000,6,2581,1057.58,424.722,27.9143,0,0,0,344.775,-696.134,-45.7808,1798.62,-18.3855,2078.22,1.15558e+20
20230101T000019.600000,6,2582,3809.92,1524.28,-66.8262,0,0,0,3778.79,-9267.28,406.397,23234.6,162.592,26942.3,1.34202e+20
20230101T000019.600000,6,2583,554.564,210.85,-105.386,0,0,0,140.864,-160.575,83.2083,502.146,31.6365,565.155,1.91709e+20
20230101T000019.600000,6,2584,8579.03,2822.25,-365.574,0,0,0,12994.8,-38657,5015.58,117787,1649.98,130504,1.44513e+20
20230101T000019.600000,6,2585,8649.07,7895.59,-1224.16,0,0,0,101087,-108038,16935.7,120809,15460.3,219435,1.28041e+20
20230101T000019.600000,6,2586,9571.35,7730.83,784.318,0,0,0,96259.5,-117879,-12008,146991,-9698.94,242203,1.53641e+20
20230101T000019.600000,6,2587,4947.01,6366.06,-1021.62,0,0,0,65495.3,-49549.1,8081.45,40237.1,10399.6,104000,1.65235e+20
20230101T000019.600000,4,2384,8431.95,3227.59,-375.642,17.7072,5.00844,-0.723515,385.466,-830.207,96.4371,2229.41,37.0207,2543.9,0
20230101T000019.600000,4,2393,1505.66,8.61913,3.89926,0.751005,-7.57998,-2.54405,67.5516,-80.5632,-27.9958,1479.91,-1.59177,1484.17,0
20230101T000019.600000,3,2397,3118.45,-3299.21,577.525,0,0,0,2500,0,0,2500,0,2500,0
20230101T000019.600000,3,2398,6525.39,-5927.64,879.993,0,0,0,2500,0,0,2500,0,2500,0
20230101T000019.600000,3,2399,322.059,-156.842,-7.15096,0,0,0,2500,0,0,2500,0,2500,0
20230101T000019.600000,3,2400,5106.72,-166.442,-211.267,0,0,0,2500,0,0,2500,0,2500,0
20230101T000019.600000,3,2401,1057.58,424.722,27.9143,0,0,0,2500,0,0,2500,0,2500,0
20230101T000019.600000,3,2402,3809.92,1524.28,-66.8262,0,0,0,2500,0,0,2500,0,2500,0
20230101T000019.600000,3,2403,554.564,210.85,-105.386,0,0,0,2500,0,0,2500,0,2500,0
20230101T000019.600000,3,2404,8649.07,7895.59,-1224.16,0,0,0,2500,0,0,2500,0,2500,0
20230101T000019.600000,3,2405,9571.35,7730.83,784.318,0,0,0,2500,0,0,2500,0,2500,0
20230101T000019.600000,3,2406,4947.01,6366.06,-1021.62,0,0,0,2500,0,0,2500,0,2500,0
20230101T000019.700000,6,2588,1338.85,-1330.68,-75.853,0,0,0,2869.9,2813.98,160.668,2904.36,-159.687,5701.26,1.22512e+20
20230101T000019.700000,6,2589,7847.22,-6617.83,-1382.49,0,0,0,71896.9,81552.5,17351.4,99823.4,-14633,168600,1.26148e+20
20230101T000019.700000,6,2590,5398.93,-6418.43,43.0854,0,0,0,65941.7,55411.2,-371.972,46676.7,442.213,112551,8.71081e+19
20230101T000019.700000,6,2591,5639.92,-4240.56,927.555,0,0,0,29691.4,37574.8,-8363.52,51413.7,6288.39,79666.7,1.44589e+20
20230101T000019.700000,6,2592,1485.77,-244.954,12.8314,0,0,0,158.562,571.999,-29.9652,3533.72,4.94026,3628.03,2.85807e+21
20230101T000019.700000,6,2593,4615.66,2068.18,-1035.06,0,0,0,8322.46,-14611,7632.49,34383.8,3419.95,40933.3,1.34878e+20
20230101T000019.700000,3,2407,1338.85,-1330.68,-75.853,0,0,0,2500,0,0,2500,0,2500,0
20230101T000019.700000,3,2408,7847.22,-6617.83,-1382.49,0,0,0,2500,0,0,2500,0,2500,0
20230101T000019.700000,3,2409,5398.93,-6418.43,43.0854,0,0,0,2500,0,0,2500,0,2500,0
20230101T000019.700000,3,2410,5639.92,-4240.56,927.555,0,0,0,2500,0,0,2500,0,2500,0
20230101T000019.700000,3,2411,1485.77,-244.954,12.8314,0,0,0,2500,0,0,2500,0,2500,0
20230101T000019.700000,3,2412,4615.66,2068.18,-1035.06,0,0,0,2500,0,0,2500,0,2500,0
20230101T000019.800000,6,2594,2794.62,-1751.98,-225.134,0,0,0,5015.03,7768.61,1002.98,12536.7,-628.777,17407.2,1.27371e+20
20230101T000019.800000,6,2595,677.48,-809.148,-83.1417,0,0,0,1078.32,840.339,86.906,778.261,-103.796,1782.31,1.40055e+20
20230101T000019.800000,6,2596,176.144,-116.403,-15.7591,0,0,0,66.2554,3.34815,0.478029,69.1093,-0.315901,71.6764,1.51909e+20
20230101T000019.800000,6,2597,6661.37,-6532.94,1247.86,0,0,0,69588.9,68352.3,-13294,72250.4,13037.7,139286,1.14989e+20
20230101T000019.800000,6,2598,1943.93,-729.002,-187.805,0,0,0,955.44,2227.98,578.751,6060.98,-217.04,6897.02,1.4284e+20
20230101T000019.800000,6,2599,11214.2,-5075.19,-2027.74,0,0,0,46724.1,88568,36373.7,202342,-16461.6,242427,1.13004e+20
20230101T000019.800000,6,2600,663.282,-295.463,99.2794,0,0,0,205.26,284.347,-97.5137,716.922,43.4382,844.761,1.08828e+20
20230101T000019.800000,6,2601,6366.1,-4100.57,90.6987,0,0,0,26957.9,41732.2,-923.191,64866.2,594.651,91747,9.68227e+19
20230101T000019.800000,6,2602,4651.15,-1484.04,-339.063,0,0,0,3748.54,10972.2,2519.04,34636,-803.746,38137.2,4.34379e+20
20230101T000019.800000,6,2603,1482.51,-124.082,178.067,0,0,0,137.671,284.863,-414.85,3517.32,34.7218,3542.07,5.91071e+20
20230101T000019.800000,6,2604,7178.61,1440.56,-584.029,0,0,0,3906.11,-16428.5,6703.05,82475.5,1345.13,85772.6,2.24037e+20
20230101T000019.800000,6,2605,9686.69,-790.2,842.425,0,0,0,2190.15,12149.9,-13051,150139,1064.65,151131,2.77756e+20
20230101T000019.800000,6,2606,7133.78,1599.21,-707.422,0,0,0,4914.71,-18069,8068.56,81466.7,1808.76,85517.9,2.1542e+20
20230101T000019.800000,6,2607,7166.48,2692.19,-1412.56,0,0,0,14448.5,-29798.2,16186.2,82575.9,6080.58,93772.1,1.11655e+20
20230101T000019.800000,6,2608,7628.98,6999.54,1675.41,0,0,0,80862,-83170.6,-20443.2,95203.3,-18756.5,171513,2.38381e+20
20230101T000019.800000,4,2399,174.14,-133.095,-22.4039,-28.4462,4.56663,-2.93326,87.0079,50.297,2.29448,165.794,-1.1174,190.307,0
20230101T000019.800000,4,2411,1485.94,-194.946,81.1133,0.0169147,4.95134,6.7606,100.264,228.927,-11.9922,1451.08,1.97712,1488.76,0
20230101T000019.800000,3,2413,2794.62,-1751.98,-225.134,0,0,0,2500,0,0,2500,0,2500,0
20230101T000019.800000,3,2414,677.48,-809.148,-83.1417,0,0,0,2500,0,0,2500,0,2500,0
20230101T000019.800000,3,2415,6661.37,-6532.94,1247.86,0,0,0,2500,0,0,2500,0,2500,0
20230101T000019.800000,3,2416,1943.93,-729.002,-187.805,0,0,0,2500,0,0,2500,0,2500,0
20230101T000019.800000,3,2417,11214.2,-5075.19,-2027.74,0,0,0,2500,0,0,2500,0,2500,0
20230101T000019.800000,3,2418,663.282,-295.463,99.2794,0,0,0,2500,0,0,2500,0,2500,0
20230101T000019.800000,3,2419,6366.1,-4100.56,90.6987,0,0,0,2500,0,0,2500,0,2500,0
20230101T000019.800000,3,2420,4651.15,-1484.04,-339.063,0,0,0,2500,0,0,2500,0,2500,0
20230101T000019.800000,3,2421,7178.61,1440.56,-584.029,0,0,0,2500,0,0,2500,0,2500,0
20230101T000019.800000,3,2422,9686.69,-790.2,842.425,0,0,0,2500,0,0,2500,0,2500,0
20230101T000019.800000,3,2423,7133.78,1599.21,-707.422,0,0,0,2500,0,0,2500,0,2500,0
20230101T000019.800000,3,2424,7166.48,2692.19,-1412.56,0,0,0,2500,0,0,2500,0,2500,0
20230101T000019.800000,3,2425,7628.98,6999.54,1675.41,0,0,0,2500,0,0,2500,0,2500,0
20230101T000019.900000,6,2609,871.632,-1328.81,-147.699,0,0,0,2854.77,1808.07,202.748,1284.36,-309.092,4041.32,1.54313e+20
20230101T000019.900000,6,2610,1082.23,-1035.74,-31.0085,0,0,0,1750.6,1760.72,52.7365,1905.26,-50.4712,3590.38,1.63762e+20
20230101T000019.900000,6,2611,686.026,-622.818,56.6626,0,0,0,658.413,649.342,-59.3083,784.14,53.8438,1373.89,9.05149e+19
20230101T000019.900000,6,2612,3760,-3549.86,45.7208,0,0,0,20198,21322.3,-274.645,22651.9,259.296,42782.5,2.35309e+20
20230101T000019.900000,6,2613,6835.59,-3281.73,319.388,0,0,0,17416.1,35803.5,-3490.7,74803,1675.86,91992.1,7.95185e+19
20230101T000019.900000,6,2614,7563.66,-3105.29,-1365.69,0,0,0,18035.5,36509.5,16517.8,91973.8,-6781.42,106965,1.38569e+20
20230101T000019.900000,6,2615,11570.3,276.729,-714.42,0,0,0,1002.41,-5101.89,13221.7,214195,316.227,214317,1.0707e+20
20230101T000019.900000,6,2616,10315.8,5751.94,-2476.69,0,0,0,60469.3,-90736.9,40867.3,172607,22787,223204,1.65102e+20
20230101T000019.900000,6,2617,4524.47,2989.39,64.6952,0,0,0,14347.6,-21608.1,-467.701,32774.8,-309.018,47051.7,1.36795e+20
20230101T000019.900000,6,2618,2188.76,2494.61,-155.57,0,0,0,10001.6,-8685.31,542.833,7723,618.689,17622.1,1.67991e+20
20230101T000019.900000,6,2619,8676.45,6952.92,-2030.31,0,0,0,81403,-93273.9,28176.6,123052,22579.5,197800,1.43529e+20
20230101T000019.900000,6,2620,3165.51,3874.6,-975.517,0,0,0,24654.2,-18847.9,4933.21,16982.9,6038.27,40055.2,1.31137e+20
20230101T000019.900000,3,2426,871.632,-1328.81,-147.699,0,0,0,2500,0,0,2500,0,2500,0
20230101T000019.900000,3,2427,1082.23,-1035.74,-31.0085,0,0,0,2500,0,0,2500,0,2500,0
20230101T000019.900000,3,2428,686.026,-622.818,56.6626,0,0,0,2500,0,0,2500,0,2500,0
20230101T000019.900000,3,2429,3760,-3549.86,45.7208,0,0,0,2500,0,0,2500,0,2500,0
20230101T000019.900000,3,2430,6835.59,-3281.73,319.388,0,0,0,2500,0,0,2500,0,2500,0
20230101T000019.900000,3,2431,7563.66,-3105.29,-1365.69,0,0,0,2500,0,0,2500,0,2500,0
20230101T000019.900000,3,2432,11570.3,276.729,-714.42,0,0,0,2500,0,0,2500,0,2500,0
20230101T000019.900000,3,2433,10315.8,5751.94,-2476.69,0,0,0,2500,0,0,2500,0,2500,0
20230101T000019.900000,3,2434,4524.47,2989.39,64.6952,0,0,0,2500,0,0,2500,0,2500,0
20230101T000019.900000,3,2435,2188.76,2494.61,-155.57,0,0,0,2500,0,0,2500,0,2500,0
20230101T000019.900000,3,2436,8676.44,6952.92,-2030.31,0,0,0,2500,0,0,2500,0,2500,0
20230101T000019.900000,3,2437,3165.51,3874.6,-975.517,0,0,0,2500,0,0,2500,0,2500,0
20230101T000020,6,2621,1974.47,-1929.22,-211.686,0,0,0,6024.24,6027.06,665.26,6303.77,-650.012,12193.1,1.3368e+20
20230101T000020,6,2622,117.005,-86.6044,17.1333,0,0,0,53.0863,-14.1978,2.76439,44.4136,-2.04614,34.7791,1.84031e+20
20230101T000020,6,2623,4683.72,-4741.22,1305.67,0,0,0,37344.3,34135.9,-9776.13,36511.2,9896.16,71068.6,1.9576e+20
20230101T000020,6,2624,3174.96,-4334.64,-847.889,0,0,0,30486,21441.6,4301.4,16917.9,-5872.51,46192.7,2.13514e+20
20230101T000020,6,2625,2642.27,-724.599,583.103,0,0,0,1402.98,2908.97,-2452.58,11212.9,672.579,12013.4,1.22569e+20
20230101T000020,6,2626,10339.7,-5449.66,2347.22,0,0,0,54464.9,86495.5,-38820.5,172986,20460.7,218577,2.62086e+20
20230101T000020,6,2627,8605.79,-5026.43,-130.435,0,0,0,40491.9,69170.5,1795.26,118519,-1048.57,158919,1.21044e+20
20230101T000020,6,2628,3259.36,-163.348,-529.085,0,0,0,551.665,826.346,2749.07,16998.7,-137.774,17041.8,1.4722e+20
20230101T000020,6,2629,3598.29,485.198,-81.6328,0,0,0,449.964,-2783.53,468.556,20717.7,63.1807,21093,2.12575e+20
20230101T000020,6,2630,8437.43,33.8234,-726.496,0,0,0,909.818,-452.972,9802.13,113904,39.2941,113907,1.28255e+20
20230101T000020,6,2631,5614.04,-560.969,-110.084,0,0,0,586.039,5030.64,987.582,50428.8,-98.6816,50931.5,4.42195e+20
20230101T000020,6,2632,870.699,249.084,-107.765,0,0,0,174.777,-325.403,142.91,1219.16,40.8828,1313.15,8.95001e+19
20230101T000020,6,2633,2582.96,2205.69,-221.103,0,0,0,7866.2,-9045.45,910.606,10734.6,777.601,18459.1,9.37842e+19
20230101T000020,6,2634,8019.33,7844.12,792.895,0,0,0,98994.9,-100113,-10170.4,103418,-9948.15,201344,3.30614e+20
20230101T000020,6,2635,5274.28,4977.49,936.928,0,0,0,40416.8,-41271.8,-7900.68,45200.2,-7456.1,84150.6,1.37188e+20
20230101T000020,3,2438,1974.47,-1929.22,-211.686,0,0,0,2500,0,0,2500,0,2500,0
20230101T000020,3,2439,117.005,-86.6044,17.1333,0,0,0,2500,0,0,2500,0,2500,0
20230101T000020,3,2440,4683.72,-4741.22,1305.67,0,0,0,2500,0,0,2500,0,2500,0
20230101T000020,3,2441,3174.96,-4334.64,-847.889,0,0,0,2500,0,0,2500,0,2500,0
20230101T000020,3,2442,2642.27,-724.599,583.103,0,0,0,2500,0,0,2500,0,2500,0
20230101T000020,3,2443,10339.7,-5449.66,2347.22,0,0,0,2500,0,0,2500,0,2500,0
20230101T000020,3,2444,8605.79,-5026.43,-130.435,0,0,0,2500,0,0,2500,0,2500,0
20230101T000020,3,2445,3259.36,-163.348,-529.085,0,0,0,2500,0,0,2500,0,2500,0
20230101T000020,3,2446,3598.29,485.198,-81.6328,0,0,0,2500,0,0,2500,0,2500,0
20230101T000020,3,2447,8437.43,33.8234,-726.496,0,0,0,2500,0,0,2500,0,2500,0
20230101T000020,3,2448,5614.04,-560.969,-110.084,0,0,0,2500,0,0,2500,0,2500,0
20230101T000020,3,2449,870.698,249.084,-107.765,0,0,0,2500,0,0,2500,0,2500,0
20230101T000020,3,2450,2582.96,2205.69,-221.103,0,0,0,2500,0,0,2500,0,2500,0
20230101T000020,3,2451,8019.33,7844.12,792.895,0,0,0,2500,0,0,2500,0,2500,0
20230101T000020,3,2452,5274.28,4977.49,936.928,0,0,0,2500,0,0,2500,0,2500,0
20230101T000020.100000,6,2636,860.382,-658.162,230.227,0,0,0,785.214,835.558,-306.597,1238.32,234.536,1880.26,3.71339e+20
20230101T000020.100000,6,2637,2896.57,-2940.29,-459.741,0,0,0,14030.2,13426.2,2125.74,13627.9,-2157.82,27257.5,8.75803e+19
20230101T000020.100000,6,2638,6522.55,-8115.97,-1260.64,0,0,0,106413,83426.5,13151.3,69653,-16364.1,173461,1.26648e+20
20230101T000020.100000,6,2639,1655.37,-637.024,-251.516,0,0,0,792.086,1632.27,657.862,4405.57,-253.159,5034.96,1.37364e+20
20230101T000020.100000,6,2640,5548.68,-3061.44,-772.354,0,0,0,15775.9,26748.7,6850.15,49498.1,-3779.51,64257.4,2.17184e+20
20230101T000020.100000,6,2641,3046.4,542.322,-15.9988,0,0,0,533.01,-2632.29,77.6563,14850.9,13.8244,15319.5,1.64722e+20
20230101T000020.100000,6,2642,11545.6,-971.691,-2273.17,0,0,0,9781.41,17254,41980.2,213342,-3533.09,214796,1.96398e+20
20230101T000020.100000,6,2643,7609.63,-793.466,232.475,0,0,0,1156.14,9645.25,-2828.55,92651.9,294.936,93657.7,1.70155e+20
20230101T000020.100000,6,2644,5059.19,151.865,605.156,0,0,0,685.357,-1209.83,-4891.02,40953.2,-146.817,40990.4,1.70231e+20
20230101T000020.100000,6,2645,1224.8,622.202,-104.346,0,0,0,683.844,-1186.58,200.176,2416.82,101.69,3019.98,6.32085e+20
20230101T000020.100000,6,2646,9551.11,3645.6,-1664.85,0,0,0,25189.9,-54213,25432.4,146530,9707.38,167224,1.02835e+20
20230101T000020.100000,6,2647,14.6762,6.79103,-1.92275,0,0,0,52.0572,23.8945,-6.76463,11.475,-3.13016,1.31057,2.05036e+20
20230101T000020.100000,6,2648,7356.9,3923.43,-110.146,0,0,0,24694.2,-46148.2,1295.78,86616.8,691.039,111228,2.65299e+20
20230101T000020.100000,6,2649,298.331,226.334,8.97449,0,0,0,122.642,-77.1745,-3.06254,165.816,-2.32346,224.402,1.63374e+20
20230101T000020.100000,6,2650,4894.11,3373.82,-882.864,0,0,0,19100.1,-25806.9,6905.68,38745.6,4760.52,56537.4,1.47197e+20
20230101T000020.100000,3,2453,860.382,-658.162,230.227,0,0,0,2500,0,0,2500,0,2500,0
20230101T000020.100000,3,2454,2896.57,-2940.29,-459.741,0,0,0,2500,0,0,2500,0,2500,0
20230101T000020.100000,3,2455,6522.55,-8115.97,-1260.64,0,0,0,2500,0,0,2500,0,2500,0
20230101T000020.100000,3,2456,1655.37,-637.024,-251.516,0,0,0,2500,0,0,2500,0,2500,0
20230101T000020.100000,3,2457,5548.68,-3061.44,-772.354,0,0,0,2500,0,0,2500,0,2500,0
20230101T000020.100000,3,2458,3046.4,542.322,-15.9988,0,0,0,2500,0,0,2500,0,2500,0
20230101T000020.100000,3,2459,11545.6,-971.691,-2273.17,0,0,0,2500,0,0,2500,0,2500,0
20230101T000020.100000,3,2460,7609.63,-793.466,232.475,0,0,0,2500,0,0,2500,0,2500,0
20230101T000020.100000,3,2461,5059.19,151.865,605.156,0,0,0,2500,0,0,2500,0,2500,0
20230101T000020.100000,3,2462,1224.8,622.202,-104.346,0,0,0,2500,0,0,2500,0,2500,0
20230101T000020.100000,3,2463,9551.11,3645.6,-1664.85,0,0,0,2500,0,0,2500,0,2500,0
20230101T000020.100000,3,2464,14.6762,6.79103,-1.92275,0,0,0,2500,0,0,2500,0,2500,0
20230101T000020.100000,3,2465,7356.9,3923.43,-110.146,0,0,0,2500,0,0,2500,0,2500,0
20230101T000020.100000,3,2466,298.331,226.334,8.97449,0,0,0,2500,0,0,2500,0,2500,0
20230101T000020.100000,3,2467,4894.11,3373.82,-882.864,0,0,0,2500,0,0,2500,0,2500,0
20230101T000020.200000,6,2651,1616.84,-2154.73,478.431,0,0,0,7582.86,5368.58,-1231.06,4456.69,1640.61,11613.2,1.44007e+20
20230101T000020.200000,6,2652,3042.28,-2262.66,-384.749,0,0,0,8384.68,10870.1,1867.66,14915.7,-1389.05,23000.8,1.30257e+20
20230101T000020.200000,6,2653,7946.32,-7017.43,-1323.29,0,0,0,80400.5,87799,16818.6,102286,-14852.6,179822,1.18572e+20
20230101T000020.200000,6,2654,3704.53,-294.481,-528.363,0,0,0,644.952,1705.22,3122.85,21960.8,-248.242,22097.7,6.51599e+20
20230101T000020.200000,6,2655,7109.52,4221.93,-277.738,0,0,0,28658.1,-47943.2,3157.49,80921.4,1875.05,109392,1.6517e+20
20230101T000020.200000,6,2656,8745.21,4282.9,163.221,0,0,0,29435.1,-59885.6,-2282.88,122386,-1118.02,151715,9.47746e+19
20230101T000020.200000,6,2657,1161.16,942.502,121.077,0,0,0,1473.77,-1708.44,-220.947,2191.84,-179.34,3578.98,2.11021e+21
20230101T000020.200000,6,2658,363.176,398.52,-126.071,0,0,0,293.179,-188.702,63.7003,258.079,69.8996,468.462,1.27893e+20
20230101T000020.200000,6,2659,3949.75,5553.03,-757.309,0,0,0,49667.4,-34629.7,4781.82,25612.2,6722.85,74299.5,1.62476e+20
20230101T000020.200000,4,2465,7296.8,3901.01,-113.075,-5.95061,-2.21923,-0.290052,595.627,-999.043,28.047,1936.16,14.9575,2468.54,0
20230101T000020.200000,3,2468,1616.84,-2154.73,478.431,0,0,0,2500,0,0,2500,0,2500,0
20230101T000020.200000,3,2469,3042.28,-2262.66,-384.749,0,0,0,2500,0,0,2500,0,2500,0
20230101T000020.200000,3,2470,7946.32,-7017.43,-1323.29,0,0,0,2500,0,0,2500,0,2500,0
20230101T000020.200000,3,2471,3704.53,-294.481,-528.363,0,0,0,2500,0,0,2500,0,2500,0
20230101T000020.200000,3,2472,8745.21,4282.9,163.221,0,0,0,2500,0,0,2500,0,2500,0
20230101T000020.200000,3,2473,1161.16,942.502,121.077,0,0,0,2500,0,0,2500,0,2500,0
20230101T000020.200000,3,2474,363.176,398.52,-126.071,0,0,0,2500,0,0,2500,0,2500,0
20230101T000020.200000,3,2475,3949.75,5553.03,-757.309,0,0,0,2500,0,0,2500,0,2500,0
20230101T000020.300000,6,2660,1794.36,-1251.3,220.041,0,0,0,2599.94,3526.36,-626.504,5197.64,436.892,7657.39,1.43692e+20
20230101T000020.300000,6,2661,6378.67,-3783.49,-1168.54,0,0,0,24566,37627.7,11917.5,65684.7,-7068.86,88005,1.55912e+20
20230101T000020.300000,6,2662,7545.18,-3467.99,417.285,0,0,0,19525.9,41736.7,-5034.67,91147.3,2314.09,110331,4.28319e+20
20230101T000020.300000,6,2663,11789,-254.016,1860.41,0,0,0,5700.91,4670.75,-35082.1,222373,755.907,222475,1.10251e+20
20230101T000020.300000,6,2664,5778.71,1210.38,-532.724,0,0,0,2839.84,-11087.3,4919.93,53451.4,1030.5,55774.2,1.43481e+20
20230101T000020.300000,6,2665,7779.71,2163.85,-213.33,0,0,0,7618.57,-26899.3,2653.81,96848,738.132,104330,1.2732e+20
20230101T000020.300000,6,2666,3827.74,2495.88,249.104,0,0,0,10081.5,-15211.1,-1522.69,23491.2,-992.872,33409.8,1.37423e+20
20230101T000020.300000,6,2667,6559.02,8190.76,484.253,0,0,0,107513,-85743.1,-5080.12,69100.7,-6343.94,176175,1.57597e+20
20230101T000020.300000,6,2668,265.202,365.459,63.6454,0,0,0,237.579,-122.162,-21.8113,157.884,-30.0569,327.475,9.40808e+19
20230101T000020.300000,6,2669,597.267,639.666,-86.7287,0,0,0,689.8,-573.664,78.5938,611.052,84.1731,1226.06,1.11354e+20
20230101T000020.300000,6,2670,7040.19,6643.37,-447.913,0,0,0,70818.5,-74640.8,5043.28,79484.1,4759.01,149918,1.03127e+20
20230101T000020.300000,6,2671,4368.47,5113.14,-113.256,0,0,0,41866.5,-35696.8,790.905,30582.5,925.728,72364.4,1.79598e+20
20230101T000020.300000,4,2466,299.602,354.524,50.8876,0.244479,24.6519,8.06025,115.149,-69.337,-2.7514,153.938,-2.0874,206.568,0
20230101T000020.300000,3,2476,1794.36,-1251.3,220.041,0,0,0,2500,0,0,2500,0,2500,0
20230101T000020.300000,3,2477,6378.67,-3783.49,-1168.54,0,0,0,2500,0,0,2500,0,2500,0
20230101T000020.300000,3,2478,7545.18,-3467.99,417.285,0,0,0,2500,0,0,2500,0,2500,0
20230101T000020.300000,3,2479,11789,-254.016,1860.41,0,0,0,2500,0,0,2500,0,2500,0
20230101T000020.300000,3,2480,5778.71,1210.38,-532.724,0,0,0,2500,0,0,2500,0,2500,0
20230101T000020.300000,3,2481,7779.71,2163.85,-213.33,0,0,0,2500,0,0,2500,0,2500,0
20230101T000020.300000,3,2482,3827.74,2495.88,249.104,0,0,0,2500,0,0,2500,0,2500,0
20230101T000020.300000,3,2483,6559.02,8190.76,484.253,0,0,0,2500,0,0,2500,0,2500,0
20230101T000020.300000,3,2484,597.267,639.666,-86.7287,0,0,0,2500,0,0,2500,0,2500,0
20230101T000020.300000,3,2485,7040.19,6643.37,-447.913,0,0,0,2500,0,0,2500,0,2500,0
20230101T000020.300000,3,2486,4368.47,5113.14,-113.256,0,0,0,2500,0,0,2500,0,2500,0
20230101T000020.400000,6,2672,1320.18,-953.468,-18.6044,0,0,0,1496.98,1983.37,38.7054,2810.75,-27.9539,4243.19,1.63445e+20
20230101T000020.400000,6,2673,8094.23,-9113.8,467.181,0,0,0,133080,117826,-6048.73,105058,6810.64,237725,2.64398e+20
20230101T000020.400000,6,2674,4914.52,-5848.21,-485.741,0,0,0,54905.2,45768.5,3816.89,38902.7,-4542.04,93366.8,2.17242e+20
20230101T000020.400000,6,2675,1122.56,-277.123,10.4966,0,0,0,183.36,482.807,-18.2888,2019.9,4.51491,2139.1,1.36174e+20
20230101T000020.400000,6,2676,7408.51,-4420.97,-797.742,0,0,0,32069.5,51928.5,9451.1,88101.8,-5639.86,119090,1.57876e+20
20230101T000020.400000,6,2677,11352.8,-1684.86,-691.387,0,0,0,5352.72,30484.1,12554.8,206234,-1863.26,210758,1.10078e+20
20230101T000020.400000,6,2678,11526.1,-291.522,-2307.58,0,0,0,8711.92,5159.29,42543.7,212569,-1076.03,212702,1.33059e+20
20230101T000020.400000,6,2679,1342.83,621.812,234.71,0,0,0,742.625,-1278.57,-495.297,2911.7,-229.352,3505.33,1.38329e+21
20230101T000020.400000,6,2680,1969.75,674.93,-100.621,0,0,0,800.489,-2102.57,314.198,6216.29,107.659,6936.88,9.35165e+19
20230101T000020.400000,6,2681,7747.02,2830.52,-1692.87,0,0,0,16918.4,-33587.1,20971.7,96573.4,7662.4,108848,1.38836e+20
20230101T000020.400000,6,2682,6864.24,8018.68,-1155.34,0,0,0,103809,-86981.1,12684.4,76657.4,14817.6,178268,1.19123e+20
20230101T000020.400000,6,2683,9376.36,7855.53,2093.03,0,0,0,102890,-114369,-31391.8,143582,-26300.1,239402,1.91221e+20
20230101T000020.400000,6,2684,4628.7,5066.79,600.591,0,0,0,41367.2,-37205.2,-4444.18,34629.1,-4864.8,75356.1,1.33521e+20
20230101T000020.400000,6,2685,3328.56,4934.3,-545.334,0,0,0,39124.3,-26028.6,2901.03,18097.6,4300.52,56683.1,1.63803e+20
20230101T000020.400000,4,2459,11499.6,-959.267,-2264.51,-12.6793,3.41951,2.38323,177.796,211.502,495.031,2673.06,-41.6622,2594.65,0
20230101T000020.400000,3,2487,1320.18,-953.468,-18.6044,0,0,0,2500,0,0,2500,0,2500,0
20230101T000020.400000,3,2488,8094.23,-9113.8,467.181,0,0,0,2500,0,0,2500,0,2500,0
20230101T000020.400000,3,2489,4914.52,-5848.21,-485.741,0,0,0,2500,0,0,2500,0,2500,0
20230101T000020.400000,3,2490,1122.56,-277.123,10.4966,0,0,0,2500,0,0,2500,0,2500,0
20230101T000020.400000,3,2491,7408.51,-4420.97,-797.742,0,0,0,2500,0,0,2500,0,2500,0
20230101T000020.400000,3,2492,11352.8,-1684.86,-691.387,0,0,0,2500,0,0,2500,0,2500,0
20230101T000020.400000,3,2493,1342.83,621.812,234.71,0,0,0,2500,0,0,2500,0,2500,0
20230101T000020.400000,3,2494,1969.75,674.931,-100.621,0,0,0,2500,0,0,2500,0,2500,0
20230101T000020.400000,3,2495,7747.02,2830.52,-1692.87,0,0,0,2500,0,0,2500,0,2500,0
20230101T000020.400000,3,2496,6864.24,8018.68,-1155.34,0,0,0,2500,0,0,2500,0,2500,0
20230101T000020.400000,3,2497,9376.36,7855.53,2093.03,0,0,0,2500,0,0,2500,0,2500,0
20230101T000020.400000,3,2498,4628.7,5066.79,600.591,0,0,0,2500,0,0,2500,0,2500,0
20230101T000020.400000,3,2499,3328.56,4934.3,-545.334,0,0,0,2500,0,0,2500,0,2500,0
20230101T000020.500000,6,2686,1249.09,-1640.57,-162.061,0,0,0,4345.1,3227.83,320.857,2563.22,-421.418,6803.09,9.66442e+19
20230101T000020.500000,6,2687,2222.34,-1277.97,466.863,0,0,0,2921.77,4366.67,-1650.27,8004.14,948.998,10517.3,1.73792e+20
20230101T000020.500000,6,2688,7225.67,-3054.55,281.967,0,0,0,15090.6,35245.3,-3257.73,83565.5,1377.16,98465,1.44327e+20
20230101T000020.500000,6,2689,5447.87,-2932.53,143.69,0,0,0,13834.7,25521.2,-1251.18,47508.7,673.493,61246.5,1.3066e+20
20230101T000020.500000,6,2690,8965.63,582.924,-623.287,0,0,0,1226.07,-8317.68,8936.65,128615,581.04,129156,2.73265e+20
20230101T000020.500000,6,2691,6272.27,-866.171,-209.171,0,0,0,1331.83,8674.42,2097.07,62948.7,-289.596,64146.7,1.54226e+20
20230101T000020.500000,6,2692,1664.46,714.176,476.689,0,0,0,1173.67,-1748.52,-1255.01,4498.53,-538.492,5252.91,1.43295e+20
20230101T000020.500000,6,2693,756.42,281.126,108.991,0,0,0,198.376,-313.508,-123.952,925.41,-46.067,1043.07,1.32784e+20
20230101T000020.500000,6,2694,2988,2564.88,-162.489,0,0,0,10586.9,-12209.7,774.826,14330,665.108,24810.9,8.49871e+19
20230101T000020.500000,6,2695,5726.11,6065.64,875.297,0,0,0,59474.7,-54928.6,-8014.72,53143,-8489.96,111329,1.39301e+20
20230101T000020.500000,6,2696,4010.16,5008.58,-80.8484,0,0,0,40166.4,-32100,518.24,25775.6,647.267,65867.6,1.14061e+20
20230101T000020.500000,3,2500,1249.09,-1640.57,-162.061,0,0,0,2500,0,0,2500,0,2500,0
20230101T000020.500000,3,2501,2222.34,-1277.97,466.863,0,0,0,2500,0,0,2500,0,2500,0
20230101T000020.500000,3,2502,7225.67,-3054.55,281.967,0,0,0,2500,0,0,2500,0,2500,0
20230101T000020.500000,3,2503,5447.87,-2932.53,143.69,0,0,0,2500,0,0,2500,0,2500,0
20230101T000020.500000,3,2504,8965.63,582.924,-623.287,0,0,0,2500,0,0,2500,0,2500,0
20230101T000020.500000,3,2505,6272.27,-866.171,-209.171,0,0,0,2500,0,0,2500,0,2500,0
20230101T000020.500000,3,2506,1664.46,714.176,476.689,0,0,0,2500,0,0,2500,0,2500,0
20230101T000020.500000,3,2507,756.42,281.126,108.991,0,0,0,2500,0,0,2500,0,2500,0
20230101T000020.500000,3,2508,2988,2564.88,-162.489,0,0,0,2500,0,0,2500,0,2500,0
20230101T000020.500000,3,2509,5726.11,6065.64,875.297,0,0,0,2500,0,0,2500,0,2500,0
20230101T000020.500000,3,2510,4010.16,5008.58,-80.8484,0,0,0,2500,0,0,2500,0,2500,0
20230101T000020.600000,6,2697,1130.21,-738.804,-63.109,0,0,0,922.536,1303.84,111.624,2064.83,-72.9671,2917.28,2.01127e+20
20230101T000020.600000,6,2698,3347.03,-2430.31,52.4712,0,0,0,9495.06,12982.4,-280.339,17947.8,203.557,27374.5,9.79414e+19
20230101T000020.600000,6,2699,8425.8,-6203.55,-930.377,0,0,0,62513.7,82940.2,12538.1,114100,-9231.27,175166,1.64901e+20
20230101T000020.600000,6,2700,5088.93,-6184.53,240.391,0,0,0,61260.7,50279.5,-1956.12,41528.8,2377.25,102633,1.19815e+20
20230101T000020.600000,6,2701,7695.76,-3999.57,833.703,0,0,0,26520.1,48766.6,-10260.2,95009.6,5332.32,120355,1.18013e+20
20230101T000020.600000,6,2702,9381.68,-5631.44,-214.749,0,0,0,50842.2,84471,3222.45,140862,-1934.31,191566,1.44385e+20
20230101T000020.600000,6,2703,2556.67,272.578,102.149,0,0,0,198.567,-1106.53,-415.335,10459.4,-44.2807,10577.5,1.09179e+20
20230101T000020.600000,6,2704,9434.88,6062.45,934.69,0,0,0,59839.6,-90852.9,-14105.4,142854,-9063.55,201233,1.10313e+20
20230101T000020.600000,6,2705,4761.84,1468.75,-54.8752,0,0,0,3514.41,-11171,417.418,36286.2,128.749,39731.8,2.22477e+20
20230101T000020.600000,6,2706,4884.52,1127.4,1090.05,0,0,0,3896.66,-8380.93,-8506.04,38272.9,-1963.29,40210.2,2.52297e+20
20230101T000020.600000,6,2707,2311.79,1573.35,-344.088,0,0,0,4133.23,-5702.15,1266.32,8630.89,861.827,12512.6,5.25605e+20
20230101T000020.600000,6,2708,76.7917,58.1771,-16.3335,0,0,0,45.2124,23.0021,-6.40024,32.2768,-4.8488,16.6387,1.88258e+20
20230101T000020.600000,6,2709,5411.8,4892.91,1386.85,0,0,0,40032.2,-40805.5,-11999.9,48272.1,-10849.3,85167.4,1.24879e+20
20230101T000020.600000,3,2511,1130.21,-738.804,-63.1089,0,0,0,2500,0,0,2500,0,2500,0
20230101T000020.600000,3,2512,3347.03,-2430.31,52.4712,0,0,0,2500,0,0,2500,0,2500,0
20230101T000020.600000,3,2513,8425.8,-6203.55,-930.377,0,0,0,2500,0,0,2500,0,2500,0
20230101T000020.600000,3,2514,5088.93,-6184.53,240.391,0,0,0,2500,0,0,2500,0,2500,0
20230101T000020.600000,3,2515,7695.76,-3999.57,833.703,0,0,0,2500,0,0,2500,0,2500,0
20230101T000020.600000,3,2516,9381.68,-5631.44,-214.749,0,0,0,2500,0,0,2500,0,2500,0
20230101T000020.600000,3,2517,2556.67,272.578,102.149,0,0,0,2500,0,0,2500,0,2500,0
20230101T000020.600000,3,2518,9434.88,6062.45,934.69,0,0,0,2500,0,0,2500,0,2500,0
20230101T000020.600000,3,2519,4761.84,1468.75,-54.8752,0,0,0,2500,0,0,2500,0,2500,0
20230101T000020.600000,3,2520,4884.52,1127.4,1090.05,0,0,0,2500,0,0,2500,0,2500,0
20230101T000020.600000,3,2521,2311.79,1573.35,-344.088,0,0,0,2500,0,0,2500,0,2500,0
20230101T000020.600000,3,2522,76.7917,58.1771,-16.3335,0,0,0,2500,0,0,2500,0,2500,0
20230101T000020.600000,3,2523,5411.8,4892.91,1386.85,0,0,0,2500,0,0,2500,0,2500,0
20230101T000020.700000,6,2710,824.766,-875.724,72.7021,0,0,0,1260.98,1119.58,-93.2973,1126.66,99.0617,2315.64,1.28959e+20
20230101T000020.700000,6,2711,7118.83,-9491.25,-440.875,0,0,0,144269,107927,5020.2,81324.4,-6693.23,225219,1.01056e+20
20230101T000020.700000,6,2712,7810.15,-9574.52,-355.137,0,0,0,146780,119515,4436.71,97757,-5439,244272,1.08229e+20
20230101T000020.700000,6,2713,2929.26,-582.606,-505.987,0,0,0,996.983,2640.29,2361.13,13746.8,-469.609,14273.8,2.09715e+20
20230101T000020.700000,6,2714,10619.8,-4178.2,686.157,0,0,0,28639.3,70716.1,-11655.4,180557,4585.64,208380,1.63995e+20
20230101T000020.700000,6,2715,2735.04,210.935,-480.374,0,0,0,499.949,-889.996,2091.3,11971.3,161.288,12041.8,2.34765e+20
20230101T000020.700000,6,2716,1505.98,-8.69722,45.5887,0,0,0,67.3855,20.5681,-107.914,3628.78,0.623213,3628.95,3.46631e+20
20230101T000020.700000,6,2717,7968.16,1103.16,133.857,0,0,0,2038.05,-14051.7,-1705.5,101588,-236.12,103534,9.61772e+19
20230101T000020.700000,6,2718,3368.75,2075.09,-85.0925,0,0,0,6944.4,-11151,457.478,18178.4,281.798,25047.3,1.06082e+20
20230101T000020.700000,6,2719,3543.38,2002.55,641.558,0,0,0,6962.78,-11044.4,-3628.68,20263.4,-2050.76,26506.7,2.25548e+20
20230101T000020.700000,6,2720,4754.99,3201.35,-1306.5,0,0,0,18319,-23062.4,9928.33,37046.7,6684.37,52576.8,2.20147e+20
20230101T000020.700000,6,2721,7896.87,4266.23,741.266,0,0,0,29850.9,-53509.5,-9361.28,99989.9,-5057.36,128898,1.12832e+20
20230101T000020.700000,3,2524,824.766,-875.724,72.7021,0,0,0,2500,0,0,2500,0,2500,0
20230101T000020.700000,3,2525,7118.83,-9491.25,-440.875,0,0,0,2500,0,0,2500,0,2500,0
20230101T000020.700000,3,2526,7810.15,-9574.52,-355.137,0,0,0,2500,0,0,2500,0,2500,0
20230101T000020.700000,3,2527,2929.26,-582.606,-505.987,0,0,0,2500,0,0,2500,0,2500,0
20230101T000020.700000,3,2528,10619.8,-4178.2,686.157,0,0,0,2500,0,0,2500,0,2500,0
20230101T000020.700000,3,2529,2735.04,210.935,-480.373,0,0,0,2500,0,0,2500,0,2500,0
20230101T000020.700000,3,2530,1505.98,-8.69722,45.5887,0,0,0,2500,0,0,2500,0,2500,0
20230101T000020.700000,3,2531,7968.16,1103.16,133.857,0,0,0,2500,0,0,2500,0,2500,0
20230101T000020.700000,3,2532,3368.76,2075.09,-85.0925,0,0,0,2500,0,0,2500,0,2500,0
20230101T000020.700000,3,2533,3543.38,2002.55,641.558,0,0,0,2500,0,0,2500,0,2500,0
20230101T000020.700000,3,2534,4754.99,3201.35,-1306.5,0,0,0,2500,0,0,2500,0,2500,0
20230101T000020.700000,3,2535,7896.87,4266.23,741.266,0,0,0,2500,0,0,2500,0,2500,0
20230101T000020.800000,6,2722,1226.21,-1067.71,93.4506,0,0,0,1868.23,2056.27,-180.58,2439.3,157.237,4229.97,1.5831e+20
20230101T000020.800000,6,2723,3116.86,-2572.45,-803.141,0,0,0,11238.5,12291.8,3995.81,15986.8,-3297.88,26134.1,1.84745e+20
20230101T000020.800000,6,2724,9704.36,-7063.07,1402.3,0,0,0,81917.1,108141,-21767.5,151791,15842.9,230499,1.43757e+20
20230101T000020.800000,6,2725,414.057,-337.672,-58.084,0,0,0,223.665,190.081,33.1512,301.73,-27.0355,457.492,9.86775e+19
20230101T000020.800000,6,2726,744.275,-646.82,-120.883,0,0,0,718.643,727.465,138.118,923.503,-120.033,1556.66,1.98282e+20
20230101T000020.800000,6,2727,6081.97,-4604.87,381.921,0,0,0,34116.6,44667.6,-3713.98,59292.8,2811.98,93112.4,1.33345e+20
20230101T000020.800000,6,2728,3216.65,-4010.37,-234.983,0,0,0,25792.5,20565.7,1207.55,16647.6,-1505.51,42288,1.40136e+20
20230101T000020.800000,6,2729,5584.66,-6926.42,1286.09,0,0,0,77827.8,60566.9,-11486.1,51543.2,14245.7,126663,1.31641e+20
20230101T000020.800000,6,2730,6145.07,-7635.37,1158.62,0,0,0,94147.4,73992,-11387,61760.9,14148.6,153698,1.21636e+20
20230101T000020.800000,6,2731,4397.06,-3061.78,-21.3874,0,0,0,15042.8,21510.2,150.257,30955.8,-104.628,45933.9,1.33151e+20
20230101T000020.800000,6,2732,4393.2,-4570.95,750.404,0,0,0,33892.6,31648,-5269.5,31381.4,5482.71,64310.8,7.57853e+19
20230101T000020.800000,6,2733,1420.67,-451.642,-1.46412,0,0,0,384.498,1008.14,3.26815,3235.17,-1.03897,3555.67,7.70674e+20
20230101T000020.800000,6,2734,9014.65,-1850.37,-939.623,0,0,0,6894.48,26398,13546.3,130082,-2780.54,135501,1.40195e+20
20230101T000020.800000,6,2735,4378.42,-1931.83,-579.754,0,0,0,6474.09,13311.5,4054.47,30770.9,-1788.89,36645,1.52913e+20
20230101T000020.800000,6,2736,2019.45,-276.97,236.538,0,0,0,272.591,874.374,-757.023,6527.92,103.827,6648.69,1.69847e+20
20230101T000020.800000,6,2737,162.608,-5.75009,-6.97576,0,0,0,63.9335,-0.762897,-0.922177,42.3863,0.0326097,42.4767,1.02247e+20
20230101T000020.800000,6,2738,5295.37,1042.03,-1083.76,0,0,0,3605.77,-8461.04,9170.17,44937.9,1804.52,46605.4,2.23736e+20
20230101T000020.800000,6,2739,10128.9,4535.83,-748.845,0,0,0,33718.4,-73150.1,12132,164311,5432.86,197069,2.00475e+20
20230101T000020.800000,6,2740,4182.97,1497.79,-781.317,0,0,0,4510.17,-9694.67,5218.89,28113.7,1868.72,31587,1.44956e+20
20230101T000020.800000,6,2741,849.397,326.083,62.9874,0,0,0,231.174,-419.722,-81.4854,1163.36,-31.2822,1324.79,1.68274e+20
20230101T000020.800000,6,2742,6259.59,3648.14,710.388,0,0,0,21944.4,-36158.5,-7109.41,62912.7,-4143.43,83986.8,2.16433e+20
20230101T000020.800000,6,2743,7175.44,8588.54,-1798.16,0,0,0,120173,-96026.3,20637.7,85462.5,24702.1,200401,1.15742e+20
20230101T000020.800000,4,2507,847.718,321.731,83.94,25.128,11.1758,-6.89484,157.453,-221.609,-87.1694,671.369,-32.3968,751.067,0
20230101T000020.800000,4,2522,167.925,45.0532,-14.9795,17.5257,-2.52385,0.26038,44.2305,22.3221,-6.20999,31.6773,-4.70467,16.5089,0
20230101T000020.800000,3,2536,1226.21,-1067.71,93.4506,0,0,0,2500,0,0,2500,0,2500,0
20230101T000020.800000,3,2537,3116.86,-2572.45,-803.141,0,0,0,2500,0,0,2500,0,2500,0
20230101T000020.800000,3,2538,9704.36,-7063.07,1402.3,0,0,0,2500,0,0,2500,0,2500,0
20230101T000020.800000,3,2539,414.057,-337.672,-58.084,0,0,0,2500,0,0,2500,0,2500,0
20230101T000020.800000,3,2540,744.275,-646.82,-120.883,0,0,0,2500,0,0,2500,0,2500,0
20230101T000020.800000,3,2541,6081.97,-4604.87,381.921,0,0,0,2500,0,0,2500,0,2500,0
20230101T000020.800000,3,2542,3216.65,-4010.37,-234.983,0,0,0,2500,0,0,2500,0,2500,0
20230101T000020.800000,3,2543,5584.66,-6926.42,1286.09,0,0,0,2500,0,0,2500,0,2500,0
20230101T000020.800000,3,2544,6145.07,-7635.37,1158.62,0,0,0,2500,0,0,2500,0,2500,0
20230101T000020.800000,3,2545,4397.06,-3061.78,-21.3874,0,0,0,2500,0,0,2500,0,2500,0
20230101T000020.800000,3,2546,4393.2,-4570.95,750.404,0,0,0,2500,0,0,2500,0,2500,0
20230101T000020.800000,3,2547,1420.67,-451.642,-1.46412,0,0,0,2500,0,0,2500,0,2500,0
20230101T000020.800000,3,2548,9014.65,-1850.37,-939.623,0,0,0,2500,0,0,2500,0,2500,0
20230101T000020.800000,3,2549,4378.42,-1931.83,-579.754,0,0,0,2500,0,0,2500,0,2500,0
20230101T000020.800000,3,2550,2019.45,-276.97,236.538,0,0,0,2500,0,0,2500,0,2500,0
20230101T000020.800000,3,2551,5295.37,1042.03,-1083.76,0,0,0,2500,0,0,2500,0,2500,0
20230101T000020.800000,3,2552,10128.9,4535.83,-748.845,0,0,0,2500,0,0,2500,0,2500,0
20230101T000020.800000,3,2553,4182.97,1497.79,-781.317,0,0,0,2500,0,0,2500,0,2500,0
20230101T000020.800000,3,2554,6259.59,3648.14,710.388,0,0,0,2500,0,0,2500,0,2500,0
20230101T000020.800000,3,2555,7175.44,8588.54,-1798.16,0,0,0,2500,0,0,2500,0,2500,0
20230101T000020.900000,6,2744,1760.71,-2668.82,265.982,0,0,0,11449.8,7437.17,-746.394,5083.29,1131.36,16356.7,1.51694e+20
20230101T000020.900000,6,2745,2453.53,-3388.45,-918.989,0,0,0,18856.3,12631,3599.76,10558.2,-4971.45,28005.2,1.17314e+20
20230101T000020.900000,6,2746,214.012,-230.323,85.1103,0,0,0,117.877,43.3526,-18.1556,111.503,19.5393,162.529,1.37982e+20
20230101T000020.900000,6,2747,7010.27,-7856.86,-22.7089,0,0,0,98797.2,88093.7,254.621,78666.2,-285.371,177399,3.88825e+20
20230101T000020.900000,6,2748,5782.54,965.204,-69.4136,0,0,0,1560.35,-8918.49,641.472,53502.4,107.073,54991.1,1.09339e+20
20230101T000020.900000,6,2749,2185.56,414.475,-320.388,0,0,0,493.923,-1407.83,1111.49,7650.55,210.786,7918.83,2.79295e+20
20230101T000020.900000,6,2750,9474.15,4253.95,325.577,0,0,0,29148.2,-64396.9,-4933.47,143654,-2215.16,172569,9.56387e+19
20230101T000020.900000,6,2751,8126.86,5539.47,172.739,0,0,0,49173.5,-71977.6,-2245.2,105709,-1530.38,154770,1.02113e+20
20230101T000020.900000,6,2752,2516.31,2400.71,226.712,0,0,0,9297.88,-9592.59,-909.757,10200.5,-867.963,19352.6,1.12881e+20
20230101T000020.900000,6,2753,153.842,200.856,62.3663,0,0,0,89.1577,-17.3105,-6.30779,79.8158,-8.23544,106.083,1.28305e+20
20230101T000020.900000,6,2754,7753.92,6051.64,-125.988,0,0,0,58651.2,-75034.8,1562.4,96231,1219.39,154793,1.08102e+20
20230101T000020.900000,3,2556,1760.71,-2668.82,265.982,0,0,0,2500,0,0,2500,0,2500,0
20230101T000020.900000,3,2557,2453.53,-3388.45,-918.989,0,0,0,2500,0,0,2500,0,2500,0
20230101T000020.900000,3,2558,214.012,-230.323,85.1103,0,0,0,2500,0,0,2500,0,2500,0
20230101T000020.900000,3,2559,7010.27,-7856.86,-22.7089,0,0,0,2500,0,0,2500,0,2500,0
20230101T000020.900000,3,2560,5782.54,965.204,-69.4136,0,0,0,2500,0,0,2500,0,2500,0
20230101T000020.900000,3,2561,2185.56,414.475,-320.388,0,0,0,2500,0,0,2500,0,2500,0
20230101T000020.900000,3,2562,9474.15,4253.95,325.577,0,0,0,2500,0,0,2500,0,2500,0
20230101T000020.900000,3,2563,8126.86,5539.47,172.739,0,0,0,2500,0,0,2500,0,2500,0
20230101T000020.900000,3,2564,2516.31,2400.71,226.712,0,0,0,2500,0,0,2500,0,2500,0
20230101T000020.900000,3,2565,153.842,200.856,62.3663,0,0,0,2500,0,0,2500,0,2500,0
20230101T000020.900000,3,2566,7753.92,6051.64,-125.988,0,0,0,2500,0,0,2500,0,2500,0
20230101T000021,6,2755,1149.74,-914.119,295.662,0,0,0,1460.36,1583.51,-534.205,2193.04,424.727,3454.52,2.0941e+20
20230101T000021,6,2756,1297.33,-1309.45,482.765,0,0,0,2957.82,2501.67,-991.05,2911.32,1000.31,5440.46,3.61465e+20
20230101T000021,6,2757,5936.18,-3984.45,-1083.06,0,0,0,26738.3,36946.4,10278.9,56983.5,-6899.37,81783.9,1.01616e+20
20230101T000021,6,2758,5277.72,-7786.3,-359.757,0,0,0,97087.7,65624.4,3036.54,44752.6,-4479.85,141569,1.22062e+20
20230101T000021,6,2759,9466.13,-2531.8,-1993.54,0,0,0,16247.6,36743.7,30181.8,143801,-8072.38,153631,1.67243e+20
20230101T000021,6,2760,9149.36,-4991.07,-2115.72,0,0,0,45424.1,70027.3,30961.1,135594,-16889.6,173797,1.52334e+20
20230101T000021,6,2761,6201.61,-2711.73,866.714,0,0,0,12827.5,26443.1,-8592.65,61738.9,3757.25,73302.6,1.08062e+20
20230101T000021,6,2762,9724.8,-1376.68,2198.19,0,0,0,10671.5,20339.3,-34189.6,151468,4840.01,154350,3.13049e+20
20230101T000021,6,2763,2721.49,838.973,111.225,0,0,0,1202.63,-3629.65,-481.933,11857.7,-148.569,12976.7,6.01925e+19
20230101T000021,6,2764,2657.88,3358.8,-7.2372,0,0,0,18075.1,-14252.5,30.7099,11342.3,38.8085,29353.4,1.5165e+20
20230101T000021,3,2567,1149.74,-914.119,295.662,0,0,0,2500,0,0,2500,0,2500,0
20230101T000021,3,2568,1297.33,-1309.45,482.765,0,0,0,2500,0,0,2500,0,2500,0
20230101T000021,3,2569,5936.18,-3984.45,-1083.06,0,0,0,2500,0,0,2500,0,2500,0
20230101T000021,3,2570,5277.72,-7786.3,-359.757,0,0,0,2500,0,0,2500,0,2500,0
20230101T000021,3,2571,9466.13,-2531.8,-1993.54,0,0,0,2500,0,0,2500,0,2500,0
20230101T000021,3,2572,9149.37,-4991.07,-2115.72,0,0,0,2500,0,0,2500,0,2500,0
20230101T000021,3,2573,6201.61,-2711.73,866.714,0,0,0,2500,0,0,2500,0,2500,0
20230101T000021,3,2574,9724.8,-1376.68,2198.19,0,0,0,2500,0,0,2500,0,2500,0
20230101T000021,3,2575,2721.49,838.973,111.225,0,0,0,2500,0,0,2500,0,2500,0
20230101T000021,3,2576,2657.88,3358.8,-7.2372,0,0,0,2500,0,0,2500,0,2500,0
